ISO-10303-21;
HEADER;
/* Generated by software containing ST-Developer
 * from STEP Tools, Inc. (www.steptools.com) 
 */

FILE_DESCRIPTION(
/* description */ ('STEP AP214'),
/* implementation_level */ '2;1');

FILE_NAME(
/* name */ 'mould-assembly-2 v1.step',
/* time_stamp */ '2026-03-14T09:20:22+01:00',
/* author */ (''),
/* organization */ (''),
/* preprocessor_version */ 'ST-DEVELOPER v20.1',
/* originating_system */ 'Autodesk Translation Framework v14.24.0.0',
/* authorisation */ '');

FILE_SCHEMA (('AUTOMOTIVE_DESIGN { 1 0 10303 214 3 1 1 }'));
ENDSEC;

DATA;
#10=MECHANICAL_DESIGN_GEOMETRIC_PRESENTATION_REPRESENTATION('',(#39,#40,
#41,#42,#43),#3247);
#11=ITEM_DEFINED_TRANSFORMATION($,$,#1921,#2139);
#12=ITEM_DEFINED_TRANSFORMATION($,$,#2082,#2140);
#13=ITEM_DEFINED_TRANSFORMATION($,$,#2045,#2141);
#14=ITEM_DEFINED_TRANSFORMATION($,$,#2082,#2142);
#15=ITEM_DEFINED_TRANSFORMATION($,$,#2129,#2143);
#16=(
REPRESENTATION_RELATIONSHIP($,$,#3268,#3267)
REPRESENTATION_RELATIONSHIP_WITH_TRANSFORMATION(#11)
SHAPE_REPRESENTATION_RELATIONSHIP()
);
#17=(
REPRESENTATION_RELATIONSHIP($,$,#3270,#3267)
REPRESENTATION_RELATIONSHIP_WITH_TRANSFORMATION(#12)
SHAPE_REPRESENTATION_RELATIONSHIP()
);
#18=(
REPRESENTATION_RELATIONSHIP($,$,#3269,#3267)
REPRESENTATION_RELATIONSHIP_WITH_TRANSFORMATION(#13)
SHAPE_REPRESENTATION_RELATIONSHIP()
);
#19=(
REPRESENTATION_RELATIONSHIP($,$,#3270,#3267)
REPRESENTATION_RELATIONSHIP_WITH_TRANSFORMATION(#14)
SHAPE_REPRESENTATION_RELATIONSHIP()
);
#20=(
REPRESENTATION_RELATIONSHIP($,$,#3271,#3267)
REPRESENTATION_RELATIONSHIP_WITH_TRANSFORMATION(#15)
SHAPE_REPRESENTATION_RELATIONSHIP()
);
#21=CONTEXT_DEPENDENT_SHAPE_REPRESENTATION(#16,#3262);
#22=CONTEXT_DEPENDENT_SHAPE_REPRESENTATION(#17,#3263);
#23=CONTEXT_DEPENDENT_SHAPE_REPRESENTATION(#18,#3264);
#24=CONTEXT_DEPENDENT_SHAPE_REPRESENTATION(#19,#3265);
#25=CONTEXT_DEPENDENT_SHAPE_REPRESENTATION(#20,#3266);
#26=NEXT_ASSEMBLY_USAGE_OCCURRENCE(
'Lydia-F100-ConnectorPlate-130x130_Lydia-V3-100F:1',
'Lydia-F100-ConnectorPlate-130x130_Lydia-V3-100F:1',
'Lydia-F100-ConnectorPlate-130x130_Lydia-V3-100F:1',#3273,#3274,
'Lydia-F100-ConnectorPlate-130x130_Lydia-V3-100F:1');
#27=NEXT_ASSEMBLY_USAGE_OCCURRENCE('bar:1','bar:1','bar:1',#3273,#3276,
'bar:1');
#28=NEXT_ASSEMBLY_USAGE_OCCURRENCE('Bars-Upper:1','Bars-Upper:1',
'Bars-Upper:1',#3273,#3275,'Bars-Upper:1');
#29=NEXT_ASSEMBLY_USAGE_OCCURRENCE('bar:2','bar:2','bar:2',#3273,#3276,
'bar:2');
#30=NEXT_ASSEMBLY_USAGE_OCCURRENCE('valve:1','valve:1','valve:1',#3273,
#3277,'valve:1');
#31=SHAPE_REPRESENTATION_RELATIONSHIP('SRR','None',#3268,#35);
#32=SHAPE_REPRESENTATION_RELATIONSHIP('SRR','None',#3269,#36);
#33=SHAPE_REPRESENTATION_RELATIONSHIP('SRR','None',#3270,#37);
#34=SHAPE_REPRESENTATION_RELATIONSHIP('SRR','None',#3271,#38);
#35=ADVANCED_BREP_SHAPE_REPRESENTATION('',(#44,#45),#3243);
#36=ADVANCED_BREP_SHAPE_REPRESENTATION('',(#46),#3244);
#37=ADVANCED_BREP_SHAPE_REPRESENTATION('',(#47),#3245);
#38=ADVANCED_BREP_SHAPE_REPRESENTATION('',(#48),#3246);
#39=STYLED_ITEM('',(#3297),#44);
#40=STYLED_ITEM('',(#3297),#45);
#41=STYLED_ITEM('',(#3297),#46);
#42=STYLED_ITEM('',(#3297),#47);
#43=STYLED_ITEM('',(#3297),#48);
#44=MANIFOLD_SOLID_BREP('Body1',#1870);
#45=MANIFOLD_SOLID_BREP('Body2',#1871);
#46=MANIFOLD_SOLID_BREP('Body1',#1872);
#47=MANIFOLD_SOLID_BREP('Body1',#1873);
#48=MANIFOLD_SOLID_BREP('Body1',#1874);
#49=FACE_BOUND('',#274,.T.);
#50=FACE_BOUND('',#276,.T.);
#51=FACE_BOUND('',#310,.T.);
#52=FACE_BOUND('',#311,.T.);
#53=FACE_BOUND('',#312,.T.);
#54=FACE_BOUND('',#313,.T.);
#55=FACE_BOUND('',#314,.T.);
#56=FACE_BOUND('',#315,.T.);
#57=FACE_BOUND('',#316,.T.);
#58=FACE_BOUND('',#317,.T.);
#59=FACE_BOUND('',#318,.T.);
#60=FACE_BOUND('',#319,.T.);
#61=FACE_BOUND('',#320,.T.);
#62=FACE_BOUND('',#323,.T.);
#63=FACE_BOUND('',#324,.T.);
#64=FACE_BOUND('',#325,.T.);
#65=FACE_BOUND('',#326,.T.);
#66=FACE_BOUND('',#329,.T.);
#67=FACE_BOUND('',#330,.T.);
#68=FACE_BOUND('',#331,.T.);
#69=FACE_BOUND('',#332,.T.);
#70=FACE_BOUND('',#334,.T.);
#71=FACE_BOUND('',#335,.T.);
#72=FACE_BOUND('',#336,.T.);
#73=FACE_BOUND('',#337,.T.);
#74=FACE_BOUND('',#338,.T.);
#75=FACE_BOUND('',#339,.T.);
#76=FACE_BOUND('',#340,.T.);
#77=FACE_BOUND('',#341,.T.);
#78=FACE_BOUND('',#342,.T.);
#79=FACE_BOUND('',#343,.T.);
#80=FACE_BOUND('',#344,.T.);
#81=FACE_BOUND('',#346,.T.);
#82=FACE_BOUND('',#347,.T.);
#83=FACE_BOUND('',#348,.T.);
#84=FACE_BOUND('',#349,.T.);
#85=FACE_BOUND('',#350,.T.);
#86=FACE_BOUND('',#351,.T.);
#87=FACE_BOUND('',#352,.T.);
#88=FACE_BOUND('',#353,.T.);
#89=FACE_BOUND('',#354,.T.);
#90=FACE_BOUND('',#355,.T.);
#91=FACE_BOUND('',#356,.T.);
#92=FACE_BOUND('',#357,.T.);
#93=FACE_BOUND('',#358,.T.);
#94=FACE_BOUND('',#359,.T.);
#95=FACE_BOUND('',#360,.T.);
#96=FACE_BOUND('',#361,.T.);
#97=FACE_BOUND('',#362,.T.);
#98=FACE_BOUND('',#363,.T.);
#99=FACE_BOUND('',#364,.T.);
#100=FACE_BOUND('',#365,.T.);
#101=FACE_BOUND('',#366,.T.);
#102=FACE_BOUND('',#367,.T.);
#103=FACE_BOUND('',#368,.T.);
#104=FACE_BOUND('',#370,.T.);
#105=FACE_BOUND('',#372,.T.);
#106=FACE_BOUND('',#398,.T.);
#107=FACE_BOUND('',#399,.T.);
#108=FACE_BOUND('',#400,.T.);
#109=FACE_BOUND('',#401,.T.);
#110=FACE_BOUND('',#402,.T.);
#111=FACE_BOUND('',#403,.T.);
#112=FACE_BOUND('',#404,.T.);
#113=FACE_BOUND('',#405,.T.);
#114=FACE_BOUND('',#406,.T.);
#115=FACE_BOUND('',#407,.T.);
#116=FACE_BOUND('',#409,.T.);
#117=FACE_BOUND('',#410,.T.);
#118=FACE_BOUND('',#411,.T.);
#119=FACE_BOUND('',#412,.T.);
#120=FACE_BOUND('',#413,.T.);
#121=FACE_BOUND('',#414,.T.);
#122=FACE_BOUND('',#415,.T.);
#123=FACE_BOUND('',#416,.T.);
#124=FACE_BOUND('',#417,.T.);
#125=FACE_BOUND('',#418,.T.);
#126=FACE_BOUND('',#443,.T.);
#127=FACE_BOUND('',#445,.T.);
#128=PLANE('',#1928);
#129=PLANE('',#1929);
#130=PLANE('',#2026);
#131=PLANE('',#2027);
#132=PLANE('',#2028);
#133=PLANE('',#2029);
#134=PLANE('',#2030);
#135=PLANE('',#2031);
#136=PLANE('',#2032);
#137=PLANE('',#2033);
#138=PLANE('',#2034);
#139=PLANE('',#2035);
#140=PLANE('',#2036);
#141=PLANE('',#2037);
#142=PLANE('',#2038);
#143=PLANE('',#2039);
#144=PLANE('',#2040);
#145=PLANE('',#2041);
#146=PLANE('',#2042);
#147=PLANE('',#2043);
#148=PLANE('',#2044);
#149=PLANE('',#2076);
#150=PLANE('',#2077);
#151=PLANE('',#2078);
#152=PLANE('',#2079);
#153=PLANE('',#2080);
#154=PLANE('',#2081);
#155=PLANE('',#2086);
#156=PLANE('',#2090);
#157=PLANE('',#2094);
#158=PLANE('',#2101);
#159=PLANE('',#2108);
#160=PLANE('',#2112);
#161=PLANE('',#2116);
#162=PLANE('',#2123);
#163=PLANE('',#2127);
#164=PLANE('',#2128);
#165=PLANE('',#2133);
#166=PLANE('',#2134);
#167=PLANE('',#2135);
#168=PLANE('',#2136);
#169=PLANE('',#2137);
#170=PLANE('',#2138);
#171=FACE_OUTER_BOUND('',#271,.T.);
#172=FACE_OUTER_BOUND('',#272,.T.);
#173=FACE_OUTER_BOUND('',#273,.T.);
#174=FACE_OUTER_BOUND('',#275,.T.);
#175=FACE_OUTER_BOUND('',#277,.T.);
#176=FACE_OUTER_BOUND('',#278,.T.);
#177=FACE_OUTER_BOUND('',#279,.T.);
#178=FACE_OUTER_BOUND('',#280,.T.);
#179=FACE_OUTER_BOUND('',#281,.T.);
#180=FACE_OUTER_BOUND('',#282,.T.);
#181=FACE_OUTER_BOUND('',#283,.T.);
#182=FACE_OUTER_BOUND('',#284,.T.);
#183=FACE_OUTER_BOUND('',#285,.T.);
#184=FACE_OUTER_BOUND('',#286,.T.);
#185=FACE_OUTER_BOUND('',#287,.T.);
#186=FACE_OUTER_BOUND('',#288,.T.);
#187=FACE_OUTER_BOUND('',#289,.T.);
#188=FACE_OUTER_BOUND('',#290,.T.);
#189=FACE_OUTER_BOUND('',#291,.T.);
#190=FACE_OUTER_BOUND('',#292,.T.);
#191=FACE_OUTER_BOUND('',#293,.T.);
#192=FACE_OUTER_BOUND('',#294,.T.);
#193=FACE_OUTER_BOUND('',#295,.T.);
#194=FACE_OUTER_BOUND('',#296,.T.);
#195=FACE_OUTER_BOUND('',#297,.T.);
#196=FACE_OUTER_BOUND('',#298,.T.);
#197=FACE_OUTER_BOUND('',#299,.T.);
#198=FACE_OUTER_BOUND('',#300,.T.);
#199=FACE_OUTER_BOUND('',#301,.T.);
#200=FACE_OUTER_BOUND('',#302,.T.);
#201=FACE_OUTER_BOUND('',#303,.T.);
#202=FACE_OUTER_BOUND('',#304,.T.);
#203=FACE_OUTER_BOUND('',#305,.T.);
#204=FACE_OUTER_BOUND('',#306,.T.);
#205=FACE_OUTER_BOUND('',#307,.T.);
#206=FACE_OUTER_BOUND('',#308,.T.);
#207=FACE_OUTER_BOUND('',#309,.T.);
#208=FACE_OUTER_BOUND('',#321,.T.);
#209=FACE_OUTER_BOUND('',#322,.T.);
#210=FACE_OUTER_BOUND('',#327,.T.);
#211=FACE_OUTER_BOUND('',#328,.T.);
#212=FACE_OUTER_BOUND('',#333,.T.);
#213=FACE_OUTER_BOUND('',#345,.T.);
#214=FACE_OUTER_BOUND('',#369,.T.);
#215=FACE_OUTER_BOUND('',#371,.T.);
#216=FACE_OUTER_BOUND('',#373,.T.);
#217=FACE_OUTER_BOUND('',#374,.T.);
#218=FACE_OUTER_BOUND('',#375,.T.);
#219=FACE_OUTER_BOUND('',#376,.T.);
#220=FACE_OUTER_BOUND('',#377,.T.);
#221=FACE_OUTER_BOUND('',#378,.T.);
#222=FACE_OUTER_BOUND('',#379,.T.);
#223=FACE_OUTER_BOUND('',#380,.T.);
#224=FACE_OUTER_BOUND('',#381,.T.);
#225=FACE_OUTER_BOUND('',#382,.T.);
#226=FACE_OUTER_BOUND('',#383,.T.);
#227=FACE_OUTER_BOUND('',#384,.T.);
#228=FACE_OUTER_BOUND('',#385,.T.);
#229=FACE_OUTER_BOUND('',#386,.T.);
#230=FACE_OUTER_BOUND('',#387,.T.);
#231=FACE_OUTER_BOUND('',#388,.T.);
#232=FACE_OUTER_BOUND('',#389,.T.);
#233=FACE_OUTER_BOUND('',#390,.T.);
#234=FACE_OUTER_BOUND('',#391,.T.);
#235=FACE_OUTER_BOUND('',#392,.T.);
#236=FACE_OUTER_BOUND('',#393,.T.);
#237=FACE_OUTER_BOUND('',#394,.T.);
#238=FACE_OUTER_BOUND('',#395,.T.);
#239=FACE_OUTER_BOUND('',#396,.T.);
#240=FACE_OUTER_BOUND('',#397,.T.);
#241=FACE_OUTER_BOUND('',#408,.T.);
#242=FACE_OUTER_BOUND('',#419,.T.);
#243=FACE_OUTER_BOUND('',#420,.T.);
#244=FACE_OUTER_BOUND('',#421,.T.);
#245=FACE_OUTER_BOUND('',#422,.T.);
#246=FACE_OUTER_BOUND('',#423,.T.);
#247=FACE_OUTER_BOUND('',#424,.T.);
#248=FACE_OUTER_BOUND('',#425,.T.);
#249=FACE_OUTER_BOUND('',#426,.T.);
#250=FACE_OUTER_BOUND('',#427,.T.);
#251=FACE_OUTER_BOUND('',#428,.T.);
#252=FACE_OUTER_BOUND('',#429,.T.);
#253=FACE_OUTER_BOUND('',#430,.T.);
#254=FACE_OUTER_BOUND('',#431,.T.);
#255=FACE_OUTER_BOUND('',#432,.T.);
#256=FACE_OUTER_BOUND('',#433,.T.);
#257=FACE_OUTER_BOUND('',#434,.T.);
#258=FACE_OUTER_BOUND('',#435,.T.);
#259=FACE_OUTER_BOUND('',#436,.T.);
#260=FACE_OUTER_BOUND('',#437,.T.);
#261=FACE_OUTER_BOUND('',#438,.T.);
#262=FACE_OUTER_BOUND('',#439,.T.);
#263=FACE_OUTER_BOUND('',#440,.T.);
#264=FACE_OUTER_BOUND('',#441,.T.);
#265=FACE_OUTER_BOUND('',#442,.T.);
#266=FACE_OUTER_BOUND('',#444,.T.);
#267=FACE_OUTER_BOUND('',#446,.T.);
#268=FACE_OUTER_BOUND('',#447,.T.);
#269=FACE_OUTER_BOUND('',#448,.T.);
#270=FACE_OUTER_BOUND('',#449,.T.);
#271=EDGE_LOOP('',(#1227,#1228,#1229,#1230));
#272=EDGE_LOOP('',(#1231,#1232,#1233,#1234));
#273=EDGE_LOOP('',(#1235));
#274=EDGE_LOOP('',(#1236));
#275=EDGE_LOOP('',(#1237));
#276=EDGE_LOOP('',(#1238));
#277=EDGE_LOOP('',(#1239,#1240,#1241,#1242));
#278=EDGE_LOOP('',(#1243,#1244,#1245,#1246));
#279=EDGE_LOOP('',(#1247,#1248,#1249,#1250));
#280=EDGE_LOOP('',(#1251,#1252,#1253,#1254));
#281=EDGE_LOOP('',(#1255,#1256,#1257,#1258));
#282=EDGE_LOOP('',(#1259,#1260,#1261,#1262));
#283=EDGE_LOOP('',(#1263,#1264,#1265,#1266));
#284=EDGE_LOOP('',(#1267,#1268,#1269,#1270));
#285=EDGE_LOOP('',(#1271,#1272,#1273,#1274));
#286=EDGE_LOOP('',(#1275,#1276,#1277,#1278));
#287=EDGE_LOOP('',(#1279,#1280,#1281,#1282));
#288=EDGE_LOOP('',(#1283,#1284,#1285,#1286));
#289=EDGE_LOOP('',(#1287,#1288,#1289,#1290));
#290=EDGE_LOOP('',(#1291,#1292,#1293,#1294));
#291=EDGE_LOOP('',(#1295,#1296,#1297,#1298));
#292=EDGE_LOOP('',(#1299,#1300,#1301,#1302));
#293=EDGE_LOOP('',(#1303,#1304,#1305,#1306));
#294=EDGE_LOOP('',(#1307,#1308,#1309,#1310));
#295=EDGE_LOOP('',(#1311,#1312,#1313,#1314));
#296=EDGE_LOOP('',(#1315,#1316,#1317,#1318));
#297=EDGE_LOOP('',(#1319,#1320,#1321,#1322));
#298=EDGE_LOOP('',(#1323,#1324,#1325,#1326));
#299=EDGE_LOOP('',(#1327,#1328,#1329,#1330));
#300=EDGE_LOOP('',(#1331,#1332,#1333,#1334));
#301=EDGE_LOOP('',(#1335,#1336,#1337,#1338));
#302=EDGE_LOOP('',(#1339,#1340,#1341,#1342));
#303=EDGE_LOOP('',(#1343,#1344,#1345,#1346));
#304=EDGE_LOOP('',(#1347,#1348,#1349,#1350));
#305=EDGE_LOOP('',(#1351,#1352,#1353,#1354));
#306=EDGE_LOOP('',(#1355,#1356,#1357,#1358));
#307=EDGE_LOOP('',(#1359,#1360,#1361,#1362));
#308=EDGE_LOOP('',(#1363,#1364,#1365,#1366));
#309=EDGE_LOOP('',(#1367,#1368,#1369,#1370));
#310=EDGE_LOOP('',(#1371));
#311=EDGE_LOOP('',(#1372));
#312=EDGE_LOOP('',(#1373));
#313=EDGE_LOOP('',(#1374));
#314=EDGE_LOOP('',(#1375));
#315=EDGE_LOOP('',(#1376));
#316=EDGE_LOOP('',(#1377));
#317=EDGE_LOOP('',(#1378));
#318=EDGE_LOOP('',(#1379));
#319=EDGE_LOOP('',(#1380));
#320=EDGE_LOOP('',(#1381));
#321=EDGE_LOOP('',(#1382,#1383,#1384,#1385));
#322=EDGE_LOOP('',(#1386,#1387,#1388,#1389,#1390,#1391,#1392,#1393));
#323=EDGE_LOOP('',(#1394));
#324=EDGE_LOOP('',(#1395));
#325=EDGE_LOOP('',(#1396));
#326=EDGE_LOOP('',(#1397));
#327=EDGE_LOOP('',(#1398,#1399,#1400,#1401));
#328=EDGE_LOOP('',(#1402,#1403,#1404,#1405,#1406,#1407,#1408,#1409));
#329=EDGE_LOOP('',(#1410));
#330=EDGE_LOOP('',(#1411));
#331=EDGE_LOOP('',(#1412));
#332=EDGE_LOOP('',(#1413));
#333=EDGE_LOOP('',(#1414,#1415,#1416,#1417));
#334=EDGE_LOOP('',(#1418));
#335=EDGE_LOOP('',(#1419));
#336=EDGE_LOOP('',(#1420));
#337=EDGE_LOOP('',(#1421));
#338=EDGE_LOOP('',(#1422));
#339=EDGE_LOOP('',(#1423));
#340=EDGE_LOOP('',(#1424));
#341=EDGE_LOOP('',(#1425));
#342=EDGE_LOOP('',(#1426));
#343=EDGE_LOOP('',(#1427));
#344=EDGE_LOOP('',(#1428));
#345=EDGE_LOOP('',(#1429,#1430,#1431,#1432));
#346=EDGE_LOOP('',(#1433));
#347=EDGE_LOOP('',(#1434));
#348=EDGE_LOOP('',(#1435));
#349=EDGE_LOOP('',(#1436));
#350=EDGE_LOOP('',(#1437));
#351=EDGE_LOOP('',(#1438));
#352=EDGE_LOOP('',(#1439));
#353=EDGE_LOOP('',(#1440));
#354=EDGE_LOOP('',(#1441));
#355=EDGE_LOOP('',(#1442));
#356=EDGE_LOOP('',(#1443));
#357=EDGE_LOOP('',(#1444));
#358=EDGE_LOOP('',(#1445));
#359=EDGE_LOOP('',(#1446));
#360=EDGE_LOOP('',(#1447));
#361=EDGE_LOOP('',(#1448));
#362=EDGE_LOOP('',(#1449));
#363=EDGE_LOOP('',(#1450));
#364=EDGE_LOOP('',(#1451));
#365=EDGE_LOOP('',(#1452));
#366=EDGE_LOOP('',(#1453));
#367=EDGE_LOOP('',(#1454));
#368=EDGE_LOOP('',(#1455));
#369=EDGE_LOOP('',(#1456));
#370=EDGE_LOOP('',(#1457));
#371=EDGE_LOOP('',(#1458,#1459,#1460,#1461));
#372=EDGE_LOOP('',(#1462));
#373=EDGE_LOOP('',(#1463,#1464,#1465,#1466));
#374=EDGE_LOOP('',(#1467,#1468,#1469,#1470));
#375=EDGE_LOOP('',(#1471));
#376=EDGE_LOOP('',(#1472));
#377=EDGE_LOOP('',(#1473));
#378=EDGE_LOOP('',(#1474));
#379=EDGE_LOOP('',(#1475));
#380=EDGE_LOOP('',(#1476));
#381=EDGE_LOOP('',(#1477));
#382=EDGE_LOOP('',(#1478));
#383=EDGE_LOOP('',(#1479,#1480,#1481,#1482));
#384=EDGE_LOOP('',(#1483,#1484,#1485,#1486));
#385=EDGE_LOOP('',(#1487,#1488,#1489,#1490));
#386=EDGE_LOOP('',(#1491,#1492,#1493,#1494));
#387=EDGE_LOOP('',(#1495,#1496,#1497,#1498));
#388=EDGE_LOOP('',(#1499,#1500,#1501,#1502));
#389=EDGE_LOOP('',(#1503,#1504,#1505,#1506));
#390=EDGE_LOOP('',(#1507,#1508,#1509,#1510));
#391=EDGE_LOOP('',(#1511,#1512,#1513,#1514));
#392=EDGE_LOOP('',(#1515,#1516,#1517,#1518));
#393=EDGE_LOOP('',(#1519,#1520,#1521,#1522));
#394=EDGE_LOOP('',(#1523,#1524,#1525,#1526));
#395=EDGE_LOOP('',(#1527,#1528,#1529,#1530));
#396=EDGE_LOOP('',(#1531,#1532,#1533,#1534));
#397=EDGE_LOOP('',(#1535,#1536,#1537,#1538));
#398=EDGE_LOOP('',(#1539));
#399=EDGE_LOOP('',(#1540));
#400=EDGE_LOOP('',(#1541));
#401=EDGE_LOOP('',(#1542));
#402=EDGE_LOOP('',(#1543));
#403=EDGE_LOOP('',(#1544));
#404=EDGE_LOOP('',(#1545));
#405=EDGE_LOOP('',(#1546));
#406=EDGE_LOOP('',(#1547));
#407=EDGE_LOOP('',(#1548));
#408=EDGE_LOOP('',(#1549,#1550,#1551,#1552));
#409=EDGE_LOOP('',(#1553));
#410=EDGE_LOOP('',(#1554));
#411=EDGE_LOOP('',(#1555));
#412=EDGE_LOOP('',(#1556));
#413=EDGE_LOOP('',(#1557));
#414=EDGE_LOOP('',(#1558));
#415=EDGE_LOOP('',(#1559));
#416=EDGE_LOOP('',(#1560));
#417=EDGE_LOOP('',(#1561));
#418=EDGE_LOOP('',(#1562));
#419=EDGE_LOOP('',(#1563,#1564,#1565,#1566));
#420=EDGE_LOOP('',(#1567,#1568,#1569,#1570));
#421=EDGE_LOOP('',(#1571,#1572,#1573,#1574));
#422=EDGE_LOOP('',(#1575,#1576,#1577,#1578));
#423=EDGE_LOOP('',(#1579,#1580,#1581,#1582));
#424=EDGE_LOOP('',(#1583,#1584,#1585,#1586));
#425=EDGE_LOOP('',(#1587,#1588,#1589,#1590));
#426=EDGE_LOOP('',(#1591,#1592,#1593,#1594));
#427=EDGE_LOOP('',(#1595,#1596,#1597,#1598));
#428=EDGE_LOOP('',(#1599,#1600,#1601,#1602));
#429=EDGE_LOOP('',(#1603,#1604,#1605,#1606));
#430=EDGE_LOOP('',(#1607,#1608,#1609,#1610));
#431=EDGE_LOOP('',(#1611,#1612,#1613,#1614));
#432=EDGE_LOOP('',(#1615,#1616,#1617,#1618));
#433=EDGE_LOOP('',(#1619,#1620,#1621,#1622));
#434=EDGE_LOOP('',(#1623,#1624,#1625,#1626));
#435=EDGE_LOOP('',(#1627,#1628,#1629,#1630));
#436=EDGE_LOOP('',(#1631,#1632,#1633,#1634));
#437=EDGE_LOOP('',(#1635,#1636,#1637,#1638));
#438=EDGE_LOOP('',(#1639,#1640,#1641,#1642));
#439=EDGE_LOOP('',(#1643,#1644,#1645,#1646,#1647,#1648,#1649,#1650,#1651,
#1652,#1653,#1654,#1655,#1656,#1657,#1658,#1659,#1660,#1661,#1662));
#440=EDGE_LOOP('',(#1663,#1664,#1665,#1666,#1667,#1668,#1669,#1670,#1671,
#1672,#1673,#1674,#1675,#1676,#1677,#1678,#1679,#1680,#1681,#1682));
#441=EDGE_LOOP('',(#1683,#1684,#1685,#1686));
#442=EDGE_LOOP('',(#1687,#1688,#1689,#1690));
#443=EDGE_LOOP('',(#1691));
#444=EDGE_LOOP('',(#1692,#1693,#1694,#1695));
#445=EDGE_LOOP('',(#1696));
#446=EDGE_LOOP('',(#1697,#1698,#1699,#1700));
#447=EDGE_LOOP('',(#1701,#1702,#1703,#1704));
#448=EDGE_LOOP('',(#1705,#1706,#1707,#1708));
#449=EDGE_LOOP('',(#1709,#1710,#1711,#1712));
#450=LINE('',#2727,#579);
#451=LINE('',#2733,#580);
#452=LINE('',#2741,#581);
#453=LINE('',#2747,#582);
#454=LINE('',#2753,#583);
#455=LINE('',#2759,#584);
#456=LINE('',#2765,#585);
#457=LINE('',#2771,#586);
#458=LINE('',#2777,#587);
#459=LINE('',#2783,#588);
#460=LINE('',#2789,#589);
#461=LINE('',#2795,#590);
#462=LINE('',#2801,#591);
#463=LINE('',#2807,#592);
#464=LINE('',#2813,#593);
#465=LINE('',#2819,#594);
#466=LINE('',#2825,#595);
#467=LINE('',#2831,#596);
#468=LINE('',#2837,#597);
#469=LINE('',#2843,#598);
#470=LINE('',#2849,#599);
#471=LINE('',#2855,#600);
#472=LINE('',#2861,#601);
#473=LINE('',#2867,#602);
#474=LINE('',#2873,#603);
#475=LINE('',#2879,#604);
#476=LINE('',#2885,#605);
#477=LINE('',#2891,#606);
#478=LINE('',#2897,#607);
#479=LINE('',#2903,#608);
#480=LINE('',#2909,#609);
#481=LINE('',#2915,#610);
#482=LINE('',#2921,#611);
#483=LINE('',#2927,#612);
#484=LINE('',#2932,#613);
#485=LINE('',#2934,#614);
#486=LINE('',#2936,#615);
#487=LINE('',#2937,#616);
#488=LINE('',#2941,#617);
#489=LINE('',#2942,#618);
#490=LINE('',#2943,#619);
#491=LINE('',#2946,#620);
#492=LINE('',#2948,#621);
#493=LINE('',#2950,#622);
#494=LINE('',#2952,#623);
#495=LINE('',#2954,#624);
#496=LINE('',#2955,#625);
#497=LINE('',#2958,#626);
#498=LINE('',#2960,#627);
#499=LINE('',#2961,#628);
#500=LINE('',#2964,#629);
#501=LINE('',#2966,#630);
#502=LINE('',#2968,#631);
#503=LINE('',#2969,#632);
#504=LINE('',#2970,#633);
#505=LINE('',#2972,#634);
#506=LINE('',#2976,#635);
#507=LINE('',#2977,#636);
#508=LINE('',#2993,#637);
#509=LINE('',#2999,#638);
#510=LINE('',#3005,#639);
#511=LINE('',#3011,#640);
#512=LINE('',#3017,#641);
#513=LINE('',#3023,#642);
#514=LINE('',#3029,#643);
#515=LINE('',#3035,#644);
#516=LINE('',#3041,#645);
#517=LINE('',#3047,#646);
#518=LINE('',#3052,#647);
#519=LINE('',#3054,#648);
#520=LINE('',#3056,#649);
#521=LINE('',#3057,#650);
#522=LINE('',#3060,#651);
#523=LINE('',#3062,#652);
#524=LINE('',#3063,#653);
#525=LINE('',#3066,#654);
#526=LINE('',#3068,#655);
#527=LINE('',#3069,#656);
#528=LINE('',#3071,#657);
#529=LINE('',#3072,#658);
#530=LINE('',#3081,#659);
#531=LINE('',#3084,#660);
#532=LINE('',#3087,#661);
#533=LINE('',#3089,#662);
#534=LINE('',#3090,#663);
#535=LINE('',#3095,#664);
#536=LINE('',#3099,#665);
#537=LINE('',#3101,#666);
#538=LINE('',#3102,#667);
#539=LINE('',#3107,#668);
#540=LINE('',#3111,#669);
#541=LINE('',#3113,#670);
#542=LINE('',#3114,#671);
#543=LINE('',#3119,#672);
#544=LINE('',#3125,#673);
#545=LINE('',#3129,#674);
#546=LINE('',#3131,#675);
#547=LINE('',#3132,#676);
#548=LINE('',#3137,#677);
#549=LINE('',#3143,#678);
#550=LINE('',#3147,#679);
#551=LINE('',#3149,#680);
#552=LINE('',#3150,#681);
#553=LINE('',#3155,#682);
#554=LINE('',#3159,#683);
#555=LINE('',#3161,#684);
#556=LINE('',#3162,#685);
#557=LINE('',#3167,#686);
#558=LINE('',#3171,#687);
#559=LINE('',#3173,#688);
#560=LINE('',#3174,#689);
#561=LINE('',#3179,#690);
#562=LINE('',#3185,#691);
#563=LINE('',#3189,#692);
#564=LINE('',#3191,#693);
#565=LINE('',#3192,#694);
#566=LINE('',#3203,#695);
#567=LINE('',#3208,#696);
#568=LINE('',#3210,#697);
#569=LINE('',#3212,#698);
#570=LINE('',#3213,#699);
#571=LINE('',#3217,#700);
#572=LINE('',#3219,#701);
#573=LINE('',#3221,#702);
#574=LINE('',#3222,#703);
#575=LINE('',#3224,#704);
#576=LINE('',#3225,#705);
#577=LINE('',#3227,#706);
#578=LINE('',#3229,#707);
#579=VECTOR('',#2152,4.);
#580=VECTOR('',#2159,15.);
#581=VECTOR('',#2170,4.);
#582=VECTOR('',#2177,4.);
#583=VECTOR('',#2184,4.);
#584=VECTOR('',#2191,4.00000000000001);
#585=VECTOR('',#2198,4.);
#586=VECTOR('',#2205,4.00000000000003);
#587=VECTOR('',#2212,4.00000000000003);
#588=VECTOR('',#2219,4.00000000000001);
#589=VECTOR('',#2226,3.99999999999999);
#590=VECTOR('',#2233,4.);
#591=VECTOR('',#2240,4.);
#592=VECTOR('',#2247,4.);
#593=VECTOR('',#2254,3.99999999999999);
#594=VECTOR('',#2261,4.00000000000008);
#595=VECTOR('',#2268,4.00000000000005);
#596=VECTOR('',#2275,4.);
#597=VECTOR('',#2282,3.99999999999999);
#598=VECTOR('',#2289,4.00000000000004);
#599=VECTOR('',#2296,4.00000000000004);
#600=VECTOR('',#2303,4.);
#601=VECTOR('',#2310,3.99999999999999);
#602=VECTOR('',#2317,4.);
#603=VECTOR('',#2324,4.99999999999999);
#604=VECTOR('',#2331,4.99999999999998);
#605=VECTOR('',#2338,4.99999999999999);
#606=VECTOR('',#2345,4.99999999999998);
#607=VECTOR('',#2352,4.99999999999999);
#608=VECTOR('',#2359,4.99999999999998);
#609=VECTOR('',#2366,4.99999999999999);
#610=VECTOR('',#2373,4.99999999999998);
#611=VECTOR('',#2380,30.);
#612=VECTOR('',#2387,4.);
#613=VECTOR('',#2392,1000.);
#614=VECTOR('',#2393,1000.);
#615=VECTOR('',#2394,1000.);
#616=VECTOR('',#2395,1000.);
#617=VECTOR('',#2398,1000.);
#618=VECTOR('',#2399,1000.);
#619=VECTOR('',#2400,1000.);
#620=VECTOR('',#2403,1000.);
#621=VECTOR('',#2404,1000.);
#622=VECTOR('',#2405,1000.);
#623=VECTOR('',#2406,1000.);
#624=VECTOR('',#2407,1000.);
#625=VECTOR('',#2408,1000.);
#626=VECTOR('',#2411,1000.);
#627=VECTOR('',#2412,1000.);
#628=VECTOR('',#2413,1000.);
#629=VECTOR('',#2416,1000.);
#630=VECTOR('',#2417,1000.);
#631=VECTOR('',#2418,1000.);
#632=VECTOR('',#2419,1000.);
#633=VECTOR('',#2420,1000.);
#634=VECTOR('',#2423,1000.);
#635=VECTOR('',#2430,1000.);
#636=VECTOR('',#2431,1000.);
#637=VECTOR('',#2458,4.);
#638=VECTOR('',#2465,4.);
#639=VECTOR('',#2472,4.);
#640=VECTOR('',#2479,4.);
#641=VECTOR('',#2486,4.);
#642=VECTOR('',#2493,4.00000000000009);
#643=VECTOR('',#2500,4.00000000000006);
#644=VECTOR('',#2507,4.);
#645=VECTOR('',#2514,4.);
#646=VECTOR('',#2521,4.);
#647=VECTOR('',#2526,1000.);
#648=VECTOR('',#2527,1000.);
#649=VECTOR('',#2528,1000.);
#650=VECTOR('',#2529,1000.);
#651=VECTOR('',#2532,1000.);
#652=VECTOR('',#2533,1000.);
#653=VECTOR('',#2534,1000.);
#654=VECTOR('',#2537,1000.);
#655=VECTOR('',#2538,1000.);
#656=VECTOR('',#2539,1000.);
#657=VECTOR('',#2542,1000.);
#658=VECTOR('',#2543,1000.);
#659=VECTOR('',#2554,1000.);
#660=VECTOR('',#2557,1000.);
#661=VECTOR('',#2560,1000.);
#662=VECTOR('',#2561,1000.);
#663=VECTOR('',#2562,1000.);
#664=VECTOR('',#2567,1000.);
#665=VECTOR('',#2572,1000.);
#666=VECTOR('',#2573,1000.);
#667=VECTOR('',#2574,1000.);
#668=VECTOR('',#2579,1000.);
#669=VECTOR('',#2584,1000.);
#670=VECTOR('',#2585,1000.);
#671=VECTOR('',#2586,1000.);
#672=VECTOR('',#2591,1000.);
#673=VECTOR('',#2598,1000.);
#674=VECTOR('',#2603,1000.);
#675=VECTOR('',#2604,1000.);
#676=VECTOR('',#2605,1000.);
#677=VECTOR('',#2610,1000.);
#678=VECTOR('',#2617,1000.);
#679=VECTOR('',#2622,1000.);
#680=VECTOR('',#2623,1000.);
#681=VECTOR('',#2624,1000.);
#682=VECTOR('',#2629,1000.);
#683=VECTOR('',#2634,1000.);
#684=VECTOR('',#2635,1000.);
#685=VECTOR('',#2636,1000.);
#686=VECTOR('',#2641,1000.);
#687=VECTOR('',#2646,1000.);
#688=VECTOR('',#2647,1000.);
#689=VECTOR('',#2648,1000.);
#690=VECTOR('',#2653,1000.);
#691=VECTOR('',#2660,1000.);
#692=VECTOR('',#2665,1000.);
#693=VECTOR('',#2666,1000.);
#694=VECTOR('',#2667,1000.);
#695=VECTOR('',#2684,4.);
#696=VECTOR('',#2689,1000.);
#697=VECTOR('',#2690,1000.);
#698=VECTOR('',#2691,1000.);
#699=VECTOR('',#2692,1000.);
#700=VECTOR('',#2695,1000.);
#701=VECTOR('',#2696,1000.);
#702=VECTOR('',#2697,1000.);
#703=VECTOR('',#2698,1000.);
#704=VECTOR('',#2701,1000.);
#705=VECTOR('',#2702,1000.);
#706=VECTOR('',#2705,1000.);
#707=VECTOR('',#2708,1000.);
#708=CIRCLE('',#1923,4.);
#709=CIRCLE('',#1924,4.);
#710=CIRCLE('',#1926,15.);
#711=CIRCLE('',#1927,15.);
#712=CIRCLE('',#1931,4.);
#713=CIRCLE('',#1932,4.);
#714=CIRCLE('',#1934,4.);
#715=CIRCLE('',#1935,4.);
#716=CIRCLE('',#1937,4.);
#717=CIRCLE('',#1938,4.);
#718=CIRCLE('',#1940,4.00000000000001);
#719=CIRCLE('',#1941,4.00000000000001);
#720=CIRCLE('',#1943,4.);
#721=CIRCLE('',#1944,4.);
#722=CIRCLE('',#1946,4.00000000000003);
#723=CIRCLE('',#1947,4.00000000000003);
#724=CIRCLE('',#1949,4.00000000000003);
#725=CIRCLE('',#1950,4.00000000000003);
#726=CIRCLE('',#1952,4.00000000000001);
#727=CIRCLE('',#1953,4.00000000000001);
#728=CIRCLE('',#1955,3.99999999999999);
#729=CIRCLE('',#1956,3.99999999999999);
#730=CIRCLE('',#1958,4.);
#731=CIRCLE('',#1959,4.);
#732=CIRCLE('',#1961,4.);
#733=CIRCLE('',#1962,4.);
#734=CIRCLE('',#1964,4.);
#735=CIRCLE('',#1965,4.);
#736=CIRCLE('',#1967,3.99999999999999);
#737=CIRCLE('',#1968,3.99999999999999);
#738=CIRCLE('',#1970,4.00000000000008);
#739=CIRCLE('',#1971,4.00000000000008);
#740=CIRCLE('',#1973,4.00000000000005);
#741=CIRCLE('',#1974,4.00000000000005);
#742=CIRCLE('',#1976,4.);
#743=CIRCLE('',#1977,4.);
#744=CIRCLE('',#1979,3.99999999999999);
#745=CIRCLE('',#1980,3.99999999999999);
#746=CIRCLE('',#1982,4.00000000000004);
#747=CIRCLE('',#1983,4.00000000000004);
#748=CIRCLE('',#1985,4.00000000000004);
#749=CIRCLE('',#1986,4.00000000000004);
#750=CIRCLE('',#1988,4.);
#751=CIRCLE('',#1989,4.);
#752=CIRCLE('',#1991,3.99999999999999);
#753=CIRCLE('',#1992,3.99999999999999);
#754=CIRCLE('',#1994,4.);
#755=CIRCLE('',#1995,4.);
#756=CIRCLE('',#1997,4.99999999999999);
#757=CIRCLE('',#1998,4.99999999999999);
#758=CIRCLE('',#2000,4.99999999999998);
#759=CIRCLE('',#2001,4.99999999999998);
#760=CIRCLE('',#2003,4.99999999999999);
#761=CIRCLE('',#2004,4.99999999999999);
#762=CIRCLE('',#2006,4.99999999999998);
#763=CIRCLE('',#2007,4.99999999999998);
#764=CIRCLE('',#2009,4.99999999999999);
#765=CIRCLE('',#2010,4.99999999999999);
#766=CIRCLE('',#2012,4.99999999999998);
#767=CIRCLE('',#2013,4.99999999999998);
#768=CIRCLE('',#2015,4.99999999999999);
#769=CIRCLE('',#2016,4.99999999999999);
#770=CIRCLE('',#2018,4.99999999999998);
#771=CIRCLE('',#2019,4.99999999999998);
#772=CIRCLE('',#2021,30.);
#773=CIRCLE('',#2022,30.);
#774=CIRCLE('',#2024,4.);
#775=CIRCLE('',#2025,4.);
#776=CIRCLE('',#2047,4.);
#777=CIRCLE('',#2048,4.);
#778=CIRCLE('',#2050,4.);
#779=CIRCLE('',#2051,4.);
#780=CIRCLE('',#2053,4.);
#781=CIRCLE('',#2054,4.);
#782=CIRCLE('',#2056,4.);
#783=CIRCLE('',#2057,4.);
#784=CIRCLE('',#2059,4.);
#785=CIRCLE('',#2060,4.);
#786=CIRCLE('',#2062,4.00000000000009);
#787=CIRCLE('',#2063,4.00000000000009);
#788=CIRCLE('',#2065,4.00000000000006);
#789=CIRCLE('',#2066,4.00000000000006);
#790=CIRCLE('',#2068,4.);
#791=CIRCLE('',#2069,4.);
#792=CIRCLE('',#2071,4.);
#793=CIRCLE('',#2072,4.);
#794=CIRCLE('',#2074,4.);
#795=CIRCLE('',#2075,4.);
#796=CIRCLE('',#2084,2.);
#797=CIRCLE('',#2085,2.);
#798=CIRCLE('',#2088,2.);
#799=CIRCLE('',#2089,2.);
#800=CIRCLE('',#2092,2.);
#801=CIRCLE('',#2093,2.);
#802=CIRCLE('',#2096,2.00000000000008);
#803=CIRCLE('',#2097,2.00000000000008);
#804=CIRCLE('',#2099,59.9999999999999);
#805=CIRCLE('',#2100,59.9999999999999);
#806=CIRCLE('',#2103,59.9999999999999);
#807=CIRCLE('',#2104,59.9999999999999);
#808=CIRCLE('',#2106,2.00000000000009);
#809=CIRCLE('',#2107,2.00000000000009);
#810=CIRCLE('',#2110,2.);
#811=CIRCLE('',#2111,2.);
#812=CIRCLE('',#2114,2.);
#813=CIRCLE('',#2115,2.);
#814=CIRCLE('',#2118,2.);
#815=CIRCLE('',#2119,2.);
#816=CIRCLE('',#2121,60.);
#817=CIRCLE('',#2122,60.);
#818=CIRCLE('',#2125,60.);
#819=CIRCLE('',#2126,60.);
#820=CIRCLE('',#2131,4.);
#821=CIRCLE('',#2132,4.);
#822=VERTEX_POINT('',#2724);
#823=VERTEX_POINT('',#2726);
#824=VERTEX_POINT('',#2730);
#825=VERTEX_POINT('',#2732);
#826=VERTEX_POINT('',#2738);
#827=VERTEX_POINT('',#2740);
#828=VERTEX_POINT('',#2744);
#829=VERTEX_POINT('',#2746);
#830=VERTEX_POINT('',#2750);
#831=VERTEX_POINT('',#2752);
#832=VERTEX_POINT('',#2756);
#833=VERTEX_POINT('',#2758);
#834=VERTEX_POINT('',#2762);
#835=VERTEX_POINT('',#2764);
#836=VERTEX_POINT('',#2768);
#837=VERTEX_POINT('',#2770);
#838=VERTEX_POINT('',#2774);
#839=VERTEX_POINT('',#2776);
#840=VERTEX_POINT('',#2780);
#841=VERTEX_POINT('',#2782);
#842=VERTEX_POINT('',#2786);
#843=VERTEX_POINT('',#2788);
#844=VERTEX_POINT('',#2792);
#845=VERTEX_POINT('',#2794);
#846=VERTEX_POINT('',#2798);
#847=VERTEX_POINT('',#2800);
#848=VERTEX_POINT('',#2804);
#849=VERTEX_POINT('',#2806);
#850=VERTEX_POINT('',#2810);
#851=VERTEX_POINT('',#2812);
#852=VERTEX_POINT('',#2816);
#853=VERTEX_POINT('',#2818);
#854=VERTEX_POINT('',#2822);
#855=VERTEX_POINT('',#2824);
#856=VERTEX_POINT('',#2828);
#857=VERTEX_POINT('',#2830);
#858=VERTEX_POINT('',#2834);
#859=VERTEX_POINT('',#2836);
#860=VERTEX_POINT('',#2840);
#861=VERTEX_POINT('',#2842);
#862=VERTEX_POINT('',#2846);
#863=VERTEX_POINT('',#2848);
#864=VERTEX_POINT('',#2852);
#865=VERTEX_POINT('',#2854);
#866=VERTEX_POINT('',#2858);
#867=VERTEX_POINT('',#2860);
#868=VERTEX_POINT('',#2864);
#869=VERTEX_POINT('',#2866);
#870=VERTEX_POINT('',#2870);
#871=VERTEX_POINT('',#2872);
#872=VERTEX_POINT('',#2876);
#873=VERTEX_POINT('',#2878);
#874=VERTEX_POINT('',#2882);
#875=VERTEX_POINT('',#2884);
#876=VERTEX_POINT('',#2888);
#877=VERTEX_POINT('',#2890);
#878=VERTEX_POINT('',#2894);
#879=VERTEX_POINT('',#2896);
#880=VERTEX_POINT('',#2900);
#881=VERTEX_POINT('',#2902);
#882=VERTEX_POINT('',#2906);
#883=VERTEX_POINT('',#2908);
#884=VERTEX_POINT('',#2912);
#885=VERTEX_POINT('',#2914);
#886=VERTEX_POINT('',#2918);
#887=VERTEX_POINT('',#2920);
#888=VERTEX_POINT('',#2924);
#889=VERTEX_POINT('',#2926);
#890=VERTEX_POINT('',#2930);
#891=VERTEX_POINT('',#2931);
#892=VERTEX_POINT('',#2933);
#893=VERTEX_POINT('',#2935);
#894=VERTEX_POINT('',#2939);
#895=VERTEX_POINT('',#2940);
#896=VERTEX_POINT('',#2945);
#897=VERTEX_POINT('',#2947);
#898=VERTEX_POINT('',#2949);
#899=VERTEX_POINT('',#2951);
#900=VERTEX_POINT('',#2953);
#901=VERTEX_POINT('',#2957);
#902=VERTEX_POINT('',#2959);
#903=VERTEX_POINT('',#2963);
#904=VERTEX_POINT('',#2965);
#905=VERTEX_POINT('',#2967);
#906=VERTEX_POINT('',#2990);
#907=VERTEX_POINT('',#2992);
#908=VERTEX_POINT('',#2996);
#909=VERTEX_POINT('',#2998);
#910=VERTEX_POINT('',#3002);
#911=VERTEX_POINT('',#3004);
#912=VERTEX_POINT('',#3008);
#913=VERTEX_POINT('',#3010);
#914=VERTEX_POINT('',#3014);
#915=VERTEX_POINT('',#3016);
#916=VERTEX_POINT('',#3020);
#917=VERTEX_POINT('',#3022);
#918=VERTEX_POINT('',#3026);
#919=VERTEX_POINT('',#3028);
#920=VERTEX_POINT('',#3032);
#921=VERTEX_POINT('',#3034);
#922=VERTEX_POINT('',#3038);
#923=VERTEX_POINT('',#3040);
#924=VERTEX_POINT('',#3044);
#925=VERTEX_POINT('',#3046);
#926=VERTEX_POINT('',#3050);
#927=VERTEX_POINT('',#3051);
#928=VERTEX_POINT('',#3053);
#929=VERTEX_POINT('',#3055);
#930=VERTEX_POINT('',#3059);
#931=VERTEX_POINT('',#3061);
#932=VERTEX_POINT('',#3065);
#933=VERTEX_POINT('',#3067);
#934=VERTEX_POINT('',#3077);
#935=VERTEX_POINT('',#3078);
#936=VERTEX_POINT('',#3080);
#937=VERTEX_POINT('',#3082);
#938=VERTEX_POINT('',#3086);
#939=VERTEX_POINT('',#3088);
#940=VERTEX_POINT('',#3092);
#941=VERTEX_POINT('',#3094);
#942=VERTEX_POINT('',#3098);
#943=VERTEX_POINT('',#3100);
#944=VERTEX_POINT('',#3104);
#945=VERTEX_POINT('',#3106);
#946=VERTEX_POINT('',#3110);
#947=VERTEX_POINT('',#3112);
#948=VERTEX_POINT('',#3116);
#949=VERTEX_POINT('',#3118);
#950=VERTEX_POINT('',#3122);
#951=VERTEX_POINT('',#3124);
#952=VERTEX_POINT('',#3128);
#953=VERTEX_POINT('',#3130);
#954=VERTEX_POINT('',#3134);
#955=VERTEX_POINT('',#3136);
#956=VERTEX_POINT('',#3140);
#957=VERTEX_POINT('',#3142);
#958=VERTEX_POINT('',#3146);
#959=VERTEX_POINT('',#3148);
#960=VERTEX_POINT('',#3152);
#961=VERTEX_POINT('',#3154);
#962=VERTEX_POINT('',#3158);
#963=VERTEX_POINT('',#3160);
#964=VERTEX_POINT('',#3164);
#965=VERTEX_POINT('',#3166);
#966=VERTEX_POINT('',#3170);
#967=VERTEX_POINT('',#3172);
#968=VERTEX_POINT('',#3176);
#969=VERTEX_POINT('',#3178);
#970=VERTEX_POINT('',#3182);
#971=VERTEX_POINT('',#3184);
#972=VERTEX_POINT('',#3188);
#973=VERTEX_POINT('',#3190);
#974=VERTEX_POINT('',#3200);
#975=VERTEX_POINT('',#3202);
#976=VERTEX_POINT('',#3206);
#977=VERTEX_POINT('',#3207);
#978=VERTEX_POINT('',#3209);
#979=VERTEX_POINT('',#3211);
#980=VERTEX_POINT('',#3215);
#981=VERTEX_POINT('',#3216);
#982=VERTEX_POINT('',#3218);
#983=VERTEX_POINT('',#3220);
#984=EDGE_CURVE('',#822,#822,#708,.T.);
#985=EDGE_CURVE('',#822,#823,#450,.T.);
#986=EDGE_CURVE('',#823,#823,#709,.T.);
#987=EDGE_CURVE('',#824,#824,#710,.T.);
#988=EDGE_CURVE('',#824,#825,#451,.T.);
#989=EDGE_CURVE('',#825,#825,#711,.T.);
#990=EDGE_CURVE('',#826,#826,#712,.T.);
#991=EDGE_CURVE('',#826,#827,#452,.T.);
#992=EDGE_CURVE('',#827,#827,#713,.T.);
#993=EDGE_CURVE('',#828,#828,#714,.T.);
#994=EDGE_CURVE('',#828,#829,#453,.T.);
#995=EDGE_CURVE('',#829,#829,#715,.T.);
#996=EDGE_CURVE('',#830,#830,#716,.T.);
#997=EDGE_CURVE('',#830,#831,#454,.T.);
#998=EDGE_CURVE('',#831,#831,#717,.T.);
#999=EDGE_CURVE('',#832,#832,#718,.T.);
#1000=EDGE_CURVE('',#832,#833,#455,.T.);
#1001=EDGE_CURVE('',#833,#833,#719,.T.);
#1002=EDGE_CURVE('',#834,#834,#720,.T.);
#1003=EDGE_CURVE('',#834,#835,#456,.T.);
#1004=EDGE_CURVE('',#835,#835,#721,.T.);
#1005=EDGE_CURVE('',#836,#836,#722,.T.);
#1006=EDGE_CURVE('',#836,#837,#457,.T.);
#1007=EDGE_CURVE('',#837,#837,#723,.T.);
#1008=EDGE_CURVE('',#838,#838,#724,.T.);
#1009=EDGE_CURVE('',#838,#839,#458,.T.);
#1010=EDGE_CURVE('',#839,#839,#725,.T.);
#1011=EDGE_CURVE('',#840,#840,#726,.T.);
#1012=EDGE_CURVE('',#840,#841,#459,.T.);
#1013=EDGE_CURVE('',#841,#841,#727,.T.);
#1014=EDGE_CURVE('',#842,#842,#728,.T.);
#1015=EDGE_CURVE('',#842,#843,#460,.T.);
#1016=EDGE_CURVE('',#843,#843,#729,.T.);
#1017=EDGE_CURVE('',#844,#844,#730,.T.);
#1018=EDGE_CURVE('',#844,#845,#461,.T.);
#1019=EDGE_CURVE('',#845,#845,#731,.T.);
#1020=EDGE_CURVE('',#846,#846,#732,.T.);
#1021=EDGE_CURVE('',#846,#847,#462,.T.);
#1022=EDGE_CURVE('',#847,#847,#733,.T.);
#1023=EDGE_CURVE('',#848,#848,#734,.T.);
#1024=EDGE_CURVE('',#848,#849,#463,.T.);
#1025=EDGE_CURVE('',#849,#849,#735,.T.);
#1026=EDGE_CURVE('',#850,#850,#736,.T.);
#1027=EDGE_CURVE('',#850,#851,#464,.T.);
#1028=EDGE_CURVE('',#851,#851,#737,.T.);
#1029=EDGE_CURVE('',#852,#852,#738,.T.);
#1030=EDGE_CURVE('',#852,#853,#465,.T.);
#1031=EDGE_CURVE('',#853,#853,#739,.T.);
#1032=EDGE_CURVE('',#854,#854,#740,.T.);
#1033=EDGE_CURVE('',#854,#855,#466,.T.);
#1034=EDGE_CURVE('',#855,#855,#741,.T.);
#1035=EDGE_CURVE('',#856,#856,#742,.T.);
#1036=EDGE_CURVE('',#856,#857,#467,.T.);
#1037=EDGE_CURVE('',#857,#857,#743,.T.);
#1038=EDGE_CURVE('',#858,#858,#744,.T.);
#1039=EDGE_CURVE('',#858,#859,#468,.T.);
#1040=EDGE_CURVE('',#859,#859,#745,.T.);
#1041=EDGE_CURVE('',#860,#860,#746,.T.);
#1042=EDGE_CURVE('',#860,#861,#469,.T.);
#1043=EDGE_CURVE('',#861,#861,#747,.T.);
#1044=EDGE_CURVE('',#862,#862,#748,.T.);
#1045=EDGE_CURVE('',#862,#863,#470,.T.);
#1046=EDGE_CURVE('',#863,#863,#749,.T.);
#1047=EDGE_CURVE('',#864,#864,#750,.T.);
#1048=EDGE_CURVE('',#864,#865,#471,.T.);
#1049=EDGE_CURVE('',#865,#865,#751,.T.);
#1050=EDGE_CURVE('',#866,#866,#752,.T.);
#1051=EDGE_CURVE('',#866,#867,#472,.T.);
#1052=EDGE_CURVE('',#867,#867,#753,.T.);
#1053=EDGE_CURVE('',#868,#868,#754,.T.);
#1054=EDGE_CURVE('',#868,#869,#473,.T.);
#1055=EDGE_CURVE('',#869,#869,#755,.T.);
#1056=EDGE_CURVE('',#870,#870,#756,.T.);
#1057=EDGE_CURVE('',#870,#871,#474,.T.);
#1058=EDGE_CURVE('',#871,#871,#757,.T.);
#1059=EDGE_CURVE('',#872,#872,#758,.T.);
#1060=EDGE_CURVE('',#872,#873,#475,.T.);
#1061=EDGE_CURVE('',#873,#873,#759,.T.);
#1062=EDGE_CURVE('',#874,#874,#760,.T.);
#1063=EDGE_CURVE('',#874,#875,#476,.T.);
#1064=EDGE_CURVE('',#875,#875,#761,.T.);
#1065=EDGE_CURVE('',#876,#876,#762,.T.);
#1066=EDGE_CURVE('',#876,#877,#477,.T.);
#1067=EDGE_CURVE('',#877,#877,#763,.T.);
#1068=EDGE_CURVE('',#878,#878,#764,.T.);
#1069=EDGE_CURVE('',#878,#879,#478,.T.);
#1070=EDGE_CURVE('',#879,#879,#765,.T.);
#1071=EDGE_CURVE('',#880,#880,#766,.T.);
#1072=EDGE_CURVE('',#880,#881,#479,.T.);
#1073=EDGE_CURVE('',#881,#881,#767,.T.);
#1074=EDGE_CURVE('',#882,#882,#768,.T.);
#1075=EDGE_CURVE('',#882,#883,#480,.T.);
#1076=EDGE_CURVE('',#883,#883,#769,.T.);
#1077=EDGE_CURVE('',#884,#884,#770,.T.);
#1078=EDGE_CURVE('',#884,#885,#481,.T.);
#1079=EDGE_CURVE('',#885,#885,#771,.T.);
#1080=EDGE_CURVE('',#886,#886,#772,.T.);
#1081=EDGE_CURVE('',#886,#887,#482,.T.);
#1082=EDGE_CURVE('',#887,#887,#773,.T.);
#1083=EDGE_CURVE('',#888,#888,#774,.T.);
#1084=EDGE_CURVE('',#888,#889,#483,.T.);
#1085=EDGE_CURVE('',#889,#889,#775,.T.);
#1086=EDGE_CURVE('',#890,#891,#484,.T.);
#1087=EDGE_CURVE('',#892,#890,#485,.T.);
#1088=EDGE_CURVE('',#893,#892,#486,.T.);
#1089=EDGE_CURVE('',#891,#893,#487,.T.);
#1090=EDGE_CURVE('',#894,#895,#488,.T.);
#1091=EDGE_CURVE('',#893,#894,#489,.T.);
#1092=EDGE_CURVE('',#892,#895,#490,.T.);
#1093=EDGE_CURVE('',#896,#891,#491,.T.);
#1094=EDGE_CURVE('',#897,#894,#492,.T.);
#1095=EDGE_CURVE('',#898,#897,#493,.T.);
#1096=EDGE_CURVE('',#898,#899,#494,.T.);
#1097=EDGE_CURVE('',#900,#899,#495,.T.);
#1098=EDGE_CURVE('',#896,#900,#496,.T.);
#1099=EDGE_CURVE('',#901,#897,#497,.T.);
#1100=EDGE_CURVE('',#902,#901,#498,.T.);
#1101=EDGE_CURVE('',#902,#898,#499,.T.);
#1102=EDGE_CURVE('',#903,#890,#500,.T.);
#1103=EDGE_CURVE('',#904,#903,#501,.T.);
#1104=EDGE_CURVE('',#904,#905,#502,.T.);
#1105=EDGE_CURVE('',#905,#902,#503,.T.);
#1106=EDGE_CURVE('',#895,#901,#504,.T.);
#1107=EDGE_CURVE('',#899,#905,#505,.T.);
#1108=EDGE_CURVE('',#903,#896,#506,.T.);
#1109=EDGE_CURVE('',#900,#904,#507,.T.);
#1110=EDGE_CURVE('',#906,#906,#776,.T.);
#1111=EDGE_CURVE('',#906,#907,#508,.T.);
#1112=EDGE_CURVE('',#907,#907,#777,.T.);
#1113=EDGE_CURVE('',#908,#908,#778,.T.);
#1114=EDGE_CURVE('',#908,#909,#509,.T.);
#1115=EDGE_CURVE('',#909,#909,#779,.T.);
#1116=EDGE_CURVE('',#910,#910,#780,.T.);
#1117=EDGE_CURVE('',#910,#911,#510,.T.);
#1118=EDGE_CURVE('',#911,#911,#781,.T.);
#1119=EDGE_CURVE('',#912,#912,#782,.T.);
#1120=EDGE_CURVE('',#912,#913,#511,.T.);
#1121=EDGE_CURVE('',#913,#913,#783,.T.);
#1122=EDGE_CURVE('',#914,#914,#784,.T.);
#1123=EDGE_CURVE('',#914,#915,#512,.T.);
#1124=EDGE_CURVE('',#915,#915,#785,.T.);
#1125=EDGE_CURVE('',#916,#916,#786,.T.);
#1126=EDGE_CURVE('',#916,#917,#513,.T.);
#1127=EDGE_CURVE('',#917,#917,#787,.T.);
#1128=EDGE_CURVE('',#918,#918,#788,.T.);
#1129=EDGE_CURVE('',#918,#919,#514,.T.);
#1130=EDGE_CURVE('',#919,#919,#789,.T.);
#1131=EDGE_CURVE('',#920,#920,#790,.T.);
#1132=EDGE_CURVE('',#920,#921,#515,.T.);
#1133=EDGE_CURVE('',#921,#921,#791,.T.);
#1134=EDGE_CURVE('',#922,#922,#792,.T.);
#1135=EDGE_CURVE('',#922,#923,#516,.T.);
#1136=EDGE_CURVE('',#923,#923,#793,.T.);
#1137=EDGE_CURVE('',#924,#924,#794,.T.);
#1138=EDGE_CURVE('',#924,#925,#517,.T.);
#1139=EDGE_CURVE('',#925,#925,#795,.T.);
#1140=EDGE_CURVE('',#926,#927,#518,.T.);
#1141=EDGE_CURVE('',#928,#927,#519,.T.);
#1142=EDGE_CURVE('',#929,#928,#520,.T.);
#1143=EDGE_CURVE('',#929,#926,#521,.T.);
#1144=EDGE_CURVE('',#927,#930,#522,.T.);
#1145=EDGE_CURVE('',#931,#930,#523,.T.);
#1146=EDGE_CURVE('',#928,#931,#524,.T.);
#1147=EDGE_CURVE('',#930,#932,#525,.T.);
#1148=EDGE_CURVE('',#933,#932,#526,.T.);
#1149=EDGE_CURVE('',#931,#933,#527,.T.);
#1150=EDGE_CURVE('',#932,#926,#528,.T.);
#1151=EDGE_CURVE('',#933,#929,#529,.T.);
#1152=EDGE_CURVE('',#934,#935,#796,.T.);
#1153=EDGE_CURVE('',#936,#934,#530,.T.);
#1154=EDGE_CURVE('',#936,#937,#797,.T.);
#1155=EDGE_CURVE('',#937,#935,#531,.T.);
#1156=EDGE_CURVE('',#938,#934,#532,.T.);
#1157=EDGE_CURVE('',#939,#938,#533,.T.);
#1158=EDGE_CURVE('',#939,#936,#534,.T.);
#1159=EDGE_CURVE('',#940,#938,#798,.T.);
#1160=EDGE_CURVE('',#941,#940,#535,.T.);
#1161=EDGE_CURVE('',#941,#939,#799,.T.);
#1162=EDGE_CURVE('',#942,#940,#536,.T.);
#1163=EDGE_CURVE('',#943,#942,#537,.T.);
#1164=EDGE_CURVE('',#943,#941,#538,.T.);
#1165=EDGE_CURVE('',#944,#942,#800,.T.);
#1166=EDGE_CURVE('',#945,#944,#539,.T.);
#1167=EDGE_CURVE('',#945,#943,#801,.T.);
#1168=EDGE_CURVE('',#946,#944,#540,.T.);
#1169=EDGE_CURVE('',#947,#946,#541,.T.);
#1170=EDGE_CURVE('',#947,#945,#542,.T.);
#1171=EDGE_CURVE('',#948,#946,#802,.T.);
#1172=EDGE_CURVE('',#949,#948,#543,.T.);
#1173=EDGE_CURVE('',#949,#947,#803,.T.);
#1174=EDGE_CURVE('',#950,#948,#804,.T.);
#1175=EDGE_CURVE('',#951,#950,#544,.T.);
#1176=EDGE_CURVE('',#951,#949,#805,.T.);
#1177=EDGE_CURVE('',#952,#950,#545,.T.);
#1178=EDGE_CURVE('',#953,#952,#546,.T.);
#1179=EDGE_CURVE('',#953,#951,#547,.T.);
#1180=EDGE_CURVE('',#954,#952,#806,.T.);
#1181=EDGE_CURVE('',#955,#954,#548,.T.);
#1182=EDGE_CURVE('',#955,#953,#807,.T.);
#1183=EDGE_CURVE('',#956,#954,#808,.T.);
#1184=EDGE_CURVE('',#957,#956,#549,.T.);
#1185=EDGE_CURVE('',#957,#955,#809,.T.);
#1186=EDGE_CURVE('',#958,#956,#550,.T.);
#1187=EDGE_CURVE('',#959,#958,#551,.T.);
#1188=EDGE_CURVE('',#959,#957,#552,.T.);
#1189=EDGE_CURVE('',#960,#958,#810,.T.);
#1190=EDGE_CURVE('',#961,#960,#553,.T.);
#1191=EDGE_CURVE('',#961,#959,#811,.T.);
#1192=EDGE_CURVE('',#962,#960,#554,.T.);
#1193=EDGE_CURVE('',#963,#962,#555,.T.);
#1194=EDGE_CURVE('',#963,#961,#556,.T.);
#1195=EDGE_CURVE('',#964,#962,#812,.T.);
#1196=EDGE_CURVE('',#965,#964,#557,.T.);
#1197=EDGE_CURVE('',#965,#963,#813,.T.);
#1198=EDGE_CURVE('',#966,#964,#558,.T.);
#1199=EDGE_CURVE('',#967,#966,#559,.T.);
#1200=EDGE_CURVE('',#967,#965,#560,.T.);
#1201=EDGE_CURVE('',#968,#966,#814,.T.);
#1202=EDGE_CURVE('',#969,#968,#561,.T.);
#1203=EDGE_CURVE('',#969,#967,#815,.T.);
#1204=EDGE_CURVE('',#970,#968,#816,.T.);
#1205=EDGE_CURVE('',#971,#970,#562,.T.);
#1206=EDGE_CURVE('',#971,#969,#817,.T.);
#1207=EDGE_CURVE('',#972,#970,#563,.T.);
#1208=EDGE_CURVE('',#973,#972,#564,.T.);
#1209=EDGE_CURVE('',#973,#971,#565,.T.);
#1210=EDGE_CURVE('',#935,#972,#818,.T.);
#1211=EDGE_CURVE('',#937,#973,#819,.T.);
#1212=EDGE_CURVE('',#974,#974,#820,.T.);
#1213=EDGE_CURVE('',#974,#975,#566,.T.);
#1214=EDGE_CURVE('',#975,#975,#821,.T.);
#1215=EDGE_CURVE('',#976,#977,#567,.T.);
#1216=EDGE_CURVE('',#977,#978,#568,.T.);
#1217=EDGE_CURVE('',#978,#979,#569,.T.);
#1218=EDGE_CURVE('',#979,#976,#570,.T.);
#1219=EDGE_CURVE('',#980,#981,#571,.T.);
#1220=EDGE_CURVE('',#982,#980,#572,.T.);
#1221=EDGE_CURVE('',#983,#982,#573,.T.);
#1222=EDGE_CURVE('',#981,#983,#574,.T.);
#1223=EDGE_CURVE('',#977,#981,#575,.T.);
#1224=EDGE_CURVE('',#976,#980,#576,.T.);
#1225=EDGE_CURVE('',#978,#983,#577,.T.);
#1226=EDGE_CURVE('',#979,#982,#578,.T.);
#1227=ORIENTED_EDGE('',*,*,#984,.T.);
#1228=ORIENTED_EDGE('',*,*,#985,.T.);
#1229=ORIENTED_EDGE('',*,*,#986,.T.);
#1230=ORIENTED_EDGE('',*,*,#985,.F.);
#1231=ORIENTED_EDGE('',*,*,#987,.T.);
#1232=ORIENTED_EDGE('',*,*,#988,.T.);
#1233=ORIENTED_EDGE('',*,*,#989,.F.);
#1234=ORIENTED_EDGE('',*,*,#988,.F.);
#1235=ORIENTED_EDGE('',*,*,#989,.T.);
#1236=ORIENTED_EDGE('',*,*,#986,.F.);
#1237=ORIENTED_EDGE('',*,*,#987,.F.);
#1238=ORIENTED_EDGE('',*,*,#984,.F.);
#1239=ORIENTED_EDGE('',*,*,#990,.F.);
#1240=ORIENTED_EDGE('',*,*,#991,.T.);
#1241=ORIENTED_EDGE('',*,*,#992,.T.);
#1242=ORIENTED_EDGE('',*,*,#991,.F.);
#1243=ORIENTED_EDGE('',*,*,#993,.F.);
#1244=ORIENTED_EDGE('',*,*,#994,.T.);
#1245=ORIENTED_EDGE('',*,*,#995,.T.);
#1246=ORIENTED_EDGE('',*,*,#994,.F.);
#1247=ORIENTED_EDGE('',*,*,#996,.F.);
#1248=ORIENTED_EDGE('',*,*,#997,.T.);
#1249=ORIENTED_EDGE('',*,*,#998,.T.);
#1250=ORIENTED_EDGE('',*,*,#997,.F.);
#1251=ORIENTED_EDGE('',*,*,#999,.F.);
#1252=ORIENTED_EDGE('',*,*,#1000,.T.);
#1253=ORIENTED_EDGE('',*,*,#1001,.T.);
#1254=ORIENTED_EDGE('',*,*,#1000,.F.);
#1255=ORIENTED_EDGE('',*,*,#1002,.F.);
#1256=ORIENTED_EDGE('',*,*,#1003,.T.);
#1257=ORIENTED_EDGE('',*,*,#1004,.T.);
#1258=ORIENTED_EDGE('',*,*,#1003,.F.);
#1259=ORIENTED_EDGE('',*,*,#1005,.F.);
#1260=ORIENTED_EDGE('',*,*,#1006,.T.);
#1261=ORIENTED_EDGE('',*,*,#1007,.T.);
#1262=ORIENTED_EDGE('',*,*,#1006,.F.);
#1263=ORIENTED_EDGE('',*,*,#1008,.F.);
#1264=ORIENTED_EDGE('',*,*,#1009,.T.);
#1265=ORIENTED_EDGE('',*,*,#1010,.T.);
#1266=ORIENTED_EDGE('',*,*,#1009,.F.);
#1267=ORIENTED_EDGE('',*,*,#1011,.F.);
#1268=ORIENTED_EDGE('',*,*,#1012,.T.);
#1269=ORIENTED_EDGE('',*,*,#1013,.T.);
#1270=ORIENTED_EDGE('',*,*,#1012,.F.);
#1271=ORIENTED_EDGE('',*,*,#1014,.F.);
#1272=ORIENTED_EDGE('',*,*,#1015,.T.);
#1273=ORIENTED_EDGE('',*,*,#1016,.T.);
#1274=ORIENTED_EDGE('',*,*,#1015,.F.);
#1275=ORIENTED_EDGE('',*,*,#1017,.F.);
#1276=ORIENTED_EDGE('',*,*,#1018,.T.);
#1277=ORIENTED_EDGE('',*,*,#1019,.T.);
#1278=ORIENTED_EDGE('',*,*,#1018,.F.);
#1279=ORIENTED_EDGE('',*,*,#1020,.F.);
#1280=ORIENTED_EDGE('',*,*,#1021,.T.);
#1281=ORIENTED_EDGE('',*,*,#1022,.T.);
#1282=ORIENTED_EDGE('',*,*,#1021,.F.);
#1283=ORIENTED_EDGE('',*,*,#1023,.F.);
#1284=ORIENTED_EDGE('',*,*,#1024,.T.);
#1285=ORIENTED_EDGE('',*,*,#1025,.T.);
#1286=ORIENTED_EDGE('',*,*,#1024,.F.);
#1287=ORIENTED_EDGE('',*,*,#1026,.F.);
#1288=ORIENTED_EDGE('',*,*,#1027,.T.);
#1289=ORIENTED_EDGE('',*,*,#1028,.T.);
#1290=ORIENTED_EDGE('',*,*,#1027,.F.);
#1291=ORIENTED_EDGE('',*,*,#1029,.F.);
#1292=ORIENTED_EDGE('',*,*,#1030,.T.);
#1293=ORIENTED_EDGE('',*,*,#1031,.T.);
#1294=ORIENTED_EDGE('',*,*,#1030,.F.);
#1295=ORIENTED_EDGE('',*,*,#1032,.F.);
#1296=ORIENTED_EDGE('',*,*,#1033,.T.);
#1297=ORIENTED_EDGE('',*,*,#1034,.T.);
#1298=ORIENTED_EDGE('',*,*,#1033,.F.);
#1299=ORIENTED_EDGE('',*,*,#1035,.F.);
#1300=ORIENTED_EDGE('',*,*,#1036,.T.);
#1301=ORIENTED_EDGE('',*,*,#1037,.T.);
#1302=ORIENTED_EDGE('',*,*,#1036,.F.);
#1303=ORIENTED_EDGE('',*,*,#1038,.F.);
#1304=ORIENTED_EDGE('',*,*,#1039,.T.);
#1305=ORIENTED_EDGE('',*,*,#1040,.T.);
#1306=ORIENTED_EDGE('',*,*,#1039,.F.);
#1307=ORIENTED_EDGE('',*,*,#1041,.F.);
#1308=ORIENTED_EDGE('',*,*,#1042,.T.);
#1309=ORIENTED_EDGE('',*,*,#1043,.T.);
#1310=ORIENTED_EDGE('',*,*,#1042,.F.);
#1311=ORIENTED_EDGE('',*,*,#1044,.F.);
#1312=ORIENTED_EDGE('',*,*,#1045,.T.);
#1313=ORIENTED_EDGE('',*,*,#1046,.T.);
#1314=ORIENTED_EDGE('',*,*,#1045,.F.);
#1315=ORIENTED_EDGE('',*,*,#1047,.F.);
#1316=ORIENTED_EDGE('',*,*,#1048,.T.);
#1317=ORIENTED_EDGE('',*,*,#1049,.T.);
#1318=ORIENTED_EDGE('',*,*,#1048,.F.);
#1319=ORIENTED_EDGE('',*,*,#1050,.F.);
#1320=ORIENTED_EDGE('',*,*,#1051,.T.);
#1321=ORIENTED_EDGE('',*,*,#1052,.T.);
#1322=ORIENTED_EDGE('',*,*,#1051,.F.);
#1323=ORIENTED_EDGE('',*,*,#1053,.F.);
#1324=ORIENTED_EDGE('',*,*,#1054,.T.);
#1325=ORIENTED_EDGE('',*,*,#1055,.T.);
#1326=ORIENTED_EDGE('',*,*,#1054,.F.);
#1327=ORIENTED_EDGE('',*,*,#1056,.F.);
#1328=ORIENTED_EDGE('',*,*,#1057,.T.);
#1329=ORIENTED_EDGE('',*,*,#1058,.T.);
#1330=ORIENTED_EDGE('',*,*,#1057,.F.);
#1331=ORIENTED_EDGE('',*,*,#1059,.F.);
#1332=ORIENTED_EDGE('',*,*,#1060,.T.);
#1333=ORIENTED_EDGE('',*,*,#1061,.T.);
#1334=ORIENTED_EDGE('',*,*,#1060,.F.);
#1335=ORIENTED_EDGE('',*,*,#1062,.T.);
#1336=ORIENTED_EDGE('',*,*,#1063,.T.);
#1337=ORIENTED_EDGE('',*,*,#1064,.F.);
#1338=ORIENTED_EDGE('',*,*,#1063,.F.);
#1339=ORIENTED_EDGE('',*,*,#1065,.T.);
#1340=ORIENTED_EDGE('',*,*,#1066,.T.);
#1341=ORIENTED_EDGE('',*,*,#1067,.F.);
#1342=ORIENTED_EDGE('',*,*,#1066,.F.);
#1343=ORIENTED_EDGE('',*,*,#1068,.F.);
#1344=ORIENTED_EDGE('',*,*,#1069,.T.);
#1345=ORIENTED_EDGE('',*,*,#1070,.T.);
#1346=ORIENTED_EDGE('',*,*,#1069,.F.);
#1347=ORIENTED_EDGE('',*,*,#1071,.F.);
#1348=ORIENTED_EDGE('',*,*,#1072,.T.);
#1349=ORIENTED_EDGE('',*,*,#1073,.T.);
#1350=ORIENTED_EDGE('',*,*,#1072,.F.);
#1351=ORIENTED_EDGE('',*,*,#1074,.T.);
#1352=ORIENTED_EDGE('',*,*,#1075,.T.);
#1353=ORIENTED_EDGE('',*,*,#1076,.F.);
#1354=ORIENTED_EDGE('',*,*,#1075,.F.);
#1355=ORIENTED_EDGE('',*,*,#1077,.T.);
#1356=ORIENTED_EDGE('',*,*,#1078,.T.);
#1357=ORIENTED_EDGE('',*,*,#1079,.F.);
#1358=ORIENTED_EDGE('',*,*,#1078,.F.);
#1359=ORIENTED_EDGE('',*,*,#1080,.F.);
#1360=ORIENTED_EDGE('',*,*,#1081,.T.);
#1361=ORIENTED_EDGE('',*,*,#1082,.T.);
#1362=ORIENTED_EDGE('',*,*,#1081,.F.);
#1363=ORIENTED_EDGE('',*,*,#1083,.T.);
#1364=ORIENTED_EDGE('',*,*,#1084,.T.);
#1365=ORIENTED_EDGE('',*,*,#1085,.F.);
#1366=ORIENTED_EDGE('',*,*,#1084,.F.);
#1367=ORIENTED_EDGE('',*,*,#1086,.F.);
#1368=ORIENTED_EDGE('',*,*,#1087,.F.);
#1369=ORIENTED_EDGE('',*,*,#1088,.F.);
#1370=ORIENTED_EDGE('',*,*,#1089,.F.);
#1371=ORIENTED_EDGE('',*,*,#990,.T.);
#1372=ORIENTED_EDGE('',*,*,#1005,.T.);
#1373=ORIENTED_EDGE('',*,*,#1008,.T.);
#1374=ORIENTED_EDGE('',*,*,#1014,.T.);
#1375=ORIENTED_EDGE('',*,*,#1020,.T.);
#1376=ORIENTED_EDGE('',*,*,#1023,.T.);
#1377=ORIENTED_EDGE('',*,*,#1026,.T.);
#1378=ORIENTED_EDGE('',*,*,#1035,.T.);
#1379=ORIENTED_EDGE('',*,*,#1041,.T.);
#1380=ORIENTED_EDGE('',*,*,#1044,.T.);
#1381=ORIENTED_EDGE('',*,*,#1050,.T.);
#1382=ORIENTED_EDGE('',*,*,#1090,.F.);
#1383=ORIENTED_EDGE('',*,*,#1091,.F.);
#1384=ORIENTED_EDGE('',*,*,#1088,.T.);
#1385=ORIENTED_EDGE('',*,*,#1092,.T.);
#1386=ORIENTED_EDGE('',*,*,#1093,.T.);
#1387=ORIENTED_EDGE('',*,*,#1089,.T.);
#1388=ORIENTED_EDGE('',*,*,#1091,.T.);
#1389=ORIENTED_EDGE('',*,*,#1094,.F.);
#1390=ORIENTED_EDGE('',*,*,#1095,.F.);
#1391=ORIENTED_EDGE('',*,*,#1096,.T.);
#1392=ORIENTED_EDGE('',*,*,#1097,.F.);
#1393=ORIENTED_EDGE('',*,*,#1098,.F.);
#1394=ORIENTED_EDGE('',*,*,#1058,.F.);
#1395=ORIENTED_EDGE('',*,*,#1061,.F.);
#1396=ORIENTED_EDGE('',*,*,#1064,.T.);
#1397=ORIENTED_EDGE('',*,*,#1067,.T.);
#1398=ORIENTED_EDGE('',*,*,#1099,.F.);
#1399=ORIENTED_EDGE('',*,*,#1100,.F.);
#1400=ORIENTED_EDGE('',*,*,#1101,.T.);
#1401=ORIENTED_EDGE('',*,*,#1095,.T.);
#1402=ORIENTED_EDGE('',*,*,#1102,.F.);
#1403=ORIENTED_EDGE('',*,*,#1103,.F.);
#1404=ORIENTED_EDGE('',*,*,#1104,.T.);
#1405=ORIENTED_EDGE('',*,*,#1105,.T.);
#1406=ORIENTED_EDGE('',*,*,#1100,.T.);
#1407=ORIENTED_EDGE('',*,*,#1106,.F.);
#1408=ORIENTED_EDGE('',*,*,#1092,.F.);
#1409=ORIENTED_EDGE('',*,*,#1087,.T.);
#1410=ORIENTED_EDGE('',*,*,#1070,.F.);
#1411=ORIENTED_EDGE('',*,*,#1073,.F.);
#1412=ORIENTED_EDGE('',*,*,#1076,.T.);
#1413=ORIENTED_EDGE('',*,*,#1079,.T.);
#1414=ORIENTED_EDGE('',*,*,#1107,.F.);
#1415=ORIENTED_EDGE('',*,*,#1096,.F.);
#1416=ORIENTED_EDGE('',*,*,#1101,.F.);
#1417=ORIENTED_EDGE('',*,*,#1105,.F.);
#1418=ORIENTED_EDGE('',*,*,#993,.T.);
#1419=ORIENTED_EDGE('',*,*,#996,.T.);
#1420=ORIENTED_EDGE('',*,*,#999,.T.);
#1421=ORIENTED_EDGE('',*,*,#1002,.T.);
#1422=ORIENTED_EDGE('',*,*,#1011,.T.);
#1423=ORIENTED_EDGE('',*,*,#1017,.T.);
#1424=ORIENTED_EDGE('',*,*,#1029,.T.);
#1425=ORIENTED_EDGE('',*,*,#1032,.T.);
#1426=ORIENTED_EDGE('',*,*,#1038,.T.);
#1427=ORIENTED_EDGE('',*,*,#1047,.T.);
#1428=ORIENTED_EDGE('',*,*,#1053,.T.);
#1429=ORIENTED_EDGE('',*,*,#1090,.T.);
#1430=ORIENTED_EDGE('',*,*,#1106,.T.);
#1431=ORIENTED_EDGE('',*,*,#1099,.T.);
#1432=ORIENTED_EDGE('',*,*,#1094,.T.);
#1433=ORIENTED_EDGE('',*,*,#992,.F.);
#1434=ORIENTED_EDGE('',*,*,#995,.F.);
#1435=ORIENTED_EDGE('',*,*,#998,.F.);
#1436=ORIENTED_EDGE('',*,*,#1001,.F.);
#1437=ORIENTED_EDGE('',*,*,#1004,.F.);
#1438=ORIENTED_EDGE('',*,*,#1007,.F.);
#1439=ORIENTED_EDGE('',*,*,#1010,.F.);
#1440=ORIENTED_EDGE('',*,*,#1013,.F.);
#1441=ORIENTED_EDGE('',*,*,#1016,.F.);
#1442=ORIENTED_EDGE('',*,*,#1019,.F.);
#1443=ORIENTED_EDGE('',*,*,#1022,.F.);
#1444=ORIENTED_EDGE('',*,*,#1025,.F.);
#1445=ORIENTED_EDGE('',*,*,#1028,.F.);
#1446=ORIENTED_EDGE('',*,*,#1031,.F.);
#1447=ORIENTED_EDGE('',*,*,#1034,.F.);
#1448=ORIENTED_EDGE('',*,*,#1037,.F.);
#1449=ORIENTED_EDGE('',*,*,#1040,.F.);
#1450=ORIENTED_EDGE('',*,*,#1043,.F.);
#1451=ORIENTED_EDGE('',*,*,#1046,.F.);
#1452=ORIENTED_EDGE('',*,*,#1049,.F.);
#1453=ORIENTED_EDGE('',*,*,#1052,.F.);
#1454=ORIENTED_EDGE('',*,*,#1055,.F.);
#1455=ORIENTED_EDGE('',*,*,#1082,.F.);
#1456=ORIENTED_EDGE('',*,*,#1080,.T.);
#1457=ORIENTED_EDGE('',*,*,#1085,.T.);
#1458=ORIENTED_EDGE('',*,*,#1108,.T.);
#1459=ORIENTED_EDGE('',*,*,#1098,.T.);
#1460=ORIENTED_EDGE('',*,*,#1109,.T.);
#1461=ORIENTED_EDGE('',*,*,#1103,.T.);
#1462=ORIENTED_EDGE('',*,*,#1083,.F.);
#1463=ORIENTED_EDGE('',*,*,#1086,.T.);
#1464=ORIENTED_EDGE('',*,*,#1093,.F.);
#1465=ORIENTED_EDGE('',*,*,#1108,.F.);
#1466=ORIENTED_EDGE('',*,*,#1102,.T.);
#1467=ORIENTED_EDGE('',*,*,#1107,.T.);
#1468=ORIENTED_EDGE('',*,*,#1104,.F.);
#1469=ORIENTED_EDGE('',*,*,#1109,.F.);
#1470=ORIENTED_EDGE('',*,*,#1097,.T.);
#1471=ORIENTED_EDGE('',*,*,#1077,.F.);
#1472=ORIENTED_EDGE('',*,*,#1074,.F.);
#1473=ORIENTED_EDGE('',*,*,#1071,.T.);
#1474=ORIENTED_EDGE('',*,*,#1068,.T.);
#1475=ORIENTED_EDGE('',*,*,#1065,.F.);
#1476=ORIENTED_EDGE('',*,*,#1062,.F.);
#1477=ORIENTED_EDGE('',*,*,#1059,.T.);
#1478=ORIENTED_EDGE('',*,*,#1056,.T.);
#1479=ORIENTED_EDGE('',*,*,#1110,.F.);
#1480=ORIENTED_EDGE('',*,*,#1111,.T.);
#1481=ORIENTED_EDGE('',*,*,#1112,.T.);
#1482=ORIENTED_EDGE('',*,*,#1111,.F.);
#1483=ORIENTED_EDGE('',*,*,#1113,.F.);
#1484=ORIENTED_EDGE('',*,*,#1114,.T.);
#1485=ORIENTED_EDGE('',*,*,#1115,.T.);
#1486=ORIENTED_EDGE('',*,*,#1114,.F.);
#1487=ORIENTED_EDGE('',*,*,#1116,.F.);
#1488=ORIENTED_EDGE('',*,*,#1117,.T.);
#1489=ORIENTED_EDGE('',*,*,#1118,.T.);
#1490=ORIENTED_EDGE('',*,*,#1117,.F.);
#1491=ORIENTED_EDGE('',*,*,#1119,.F.);
#1492=ORIENTED_EDGE('',*,*,#1120,.T.);
#1493=ORIENTED_EDGE('',*,*,#1121,.T.);
#1494=ORIENTED_EDGE('',*,*,#1120,.F.);
#1495=ORIENTED_EDGE('',*,*,#1122,.F.);
#1496=ORIENTED_EDGE('',*,*,#1123,.T.);
#1497=ORIENTED_EDGE('',*,*,#1124,.T.);
#1498=ORIENTED_EDGE('',*,*,#1123,.F.);
#1499=ORIENTED_EDGE('',*,*,#1125,.F.);
#1500=ORIENTED_EDGE('',*,*,#1126,.T.);
#1501=ORIENTED_EDGE('',*,*,#1127,.T.);
#1502=ORIENTED_EDGE('',*,*,#1126,.F.);
#1503=ORIENTED_EDGE('',*,*,#1128,.F.);
#1504=ORIENTED_EDGE('',*,*,#1129,.T.);
#1505=ORIENTED_EDGE('',*,*,#1130,.T.);
#1506=ORIENTED_EDGE('',*,*,#1129,.F.);
#1507=ORIENTED_EDGE('',*,*,#1131,.F.);
#1508=ORIENTED_EDGE('',*,*,#1132,.T.);
#1509=ORIENTED_EDGE('',*,*,#1133,.T.);
#1510=ORIENTED_EDGE('',*,*,#1132,.F.);
#1511=ORIENTED_EDGE('',*,*,#1134,.F.);
#1512=ORIENTED_EDGE('',*,*,#1135,.T.);
#1513=ORIENTED_EDGE('',*,*,#1136,.T.);
#1514=ORIENTED_EDGE('',*,*,#1135,.F.);
#1515=ORIENTED_EDGE('',*,*,#1137,.F.);
#1516=ORIENTED_EDGE('',*,*,#1138,.T.);
#1517=ORIENTED_EDGE('',*,*,#1139,.T.);
#1518=ORIENTED_EDGE('',*,*,#1138,.F.);
#1519=ORIENTED_EDGE('',*,*,#1140,.T.);
#1520=ORIENTED_EDGE('',*,*,#1141,.F.);
#1521=ORIENTED_EDGE('',*,*,#1142,.F.);
#1522=ORIENTED_EDGE('',*,*,#1143,.T.);
#1523=ORIENTED_EDGE('',*,*,#1144,.T.);
#1524=ORIENTED_EDGE('',*,*,#1145,.F.);
#1525=ORIENTED_EDGE('',*,*,#1146,.F.);
#1526=ORIENTED_EDGE('',*,*,#1141,.T.);
#1527=ORIENTED_EDGE('',*,*,#1147,.T.);
#1528=ORIENTED_EDGE('',*,*,#1148,.F.);
#1529=ORIENTED_EDGE('',*,*,#1149,.F.);
#1530=ORIENTED_EDGE('',*,*,#1145,.T.);
#1531=ORIENTED_EDGE('',*,*,#1150,.T.);
#1532=ORIENTED_EDGE('',*,*,#1143,.F.);
#1533=ORIENTED_EDGE('',*,*,#1151,.F.);
#1534=ORIENTED_EDGE('',*,*,#1148,.T.);
#1535=ORIENTED_EDGE('',*,*,#1142,.T.);
#1536=ORIENTED_EDGE('',*,*,#1146,.T.);
#1537=ORIENTED_EDGE('',*,*,#1149,.T.);
#1538=ORIENTED_EDGE('',*,*,#1151,.T.);
#1539=ORIENTED_EDGE('',*,*,#1112,.F.);
#1540=ORIENTED_EDGE('',*,*,#1115,.F.);
#1541=ORIENTED_EDGE('',*,*,#1118,.F.);
#1542=ORIENTED_EDGE('',*,*,#1121,.F.);
#1543=ORIENTED_EDGE('',*,*,#1124,.F.);
#1544=ORIENTED_EDGE('',*,*,#1127,.F.);
#1545=ORIENTED_EDGE('',*,*,#1130,.F.);
#1546=ORIENTED_EDGE('',*,*,#1133,.F.);
#1547=ORIENTED_EDGE('',*,*,#1136,.F.);
#1548=ORIENTED_EDGE('',*,*,#1139,.F.);
#1549=ORIENTED_EDGE('',*,*,#1140,.F.);
#1550=ORIENTED_EDGE('',*,*,#1150,.F.);
#1551=ORIENTED_EDGE('',*,*,#1147,.F.);
#1552=ORIENTED_EDGE('',*,*,#1144,.F.);
#1553=ORIENTED_EDGE('',*,*,#1110,.T.);
#1554=ORIENTED_EDGE('',*,*,#1113,.T.);
#1555=ORIENTED_EDGE('',*,*,#1116,.T.);
#1556=ORIENTED_EDGE('',*,*,#1119,.T.);
#1557=ORIENTED_EDGE('',*,*,#1122,.T.);
#1558=ORIENTED_EDGE('',*,*,#1125,.T.);
#1559=ORIENTED_EDGE('',*,*,#1128,.T.);
#1560=ORIENTED_EDGE('',*,*,#1131,.T.);
#1561=ORIENTED_EDGE('',*,*,#1134,.T.);
#1562=ORIENTED_EDGE('',*,*,#1137,.T.);
#1563=ORIENTED_EDGE('',*,*,#1152,.F.);
#1564=ORIENTED_EDGE('',*,*,#1153,.F.);
#1565=ORIENTED_EDGE('',*,*,#1154,.T.);
#1566=ORIENTED_EDGE('',*,*,#1155,.T.);
#1567=ORIENTED_EDGE('',*,*,#1156,.F.);
#1568=ORIENTED_EDGE('',*,*,#1157,.F.);
#1569=ORIENTED_EDGE('',*,*,#1158,.T.);
#1570=ORIENTED_EDGE('',*,*,#1153,.T.);
#1571=ORIENTED_EDGE('',*,*,#1159,.F.);
#1572=ORIENTED_EDGE('',*,*,#1160,.F.);
#1573=ORIENTED_EDGE('',*,*,#1161,.T.);
#1574=ORIENTED_EDGE('',*,*,#1157,.T.);
#1575=ORIENTED_EDGE('',*,*,#1162,.F.);
#1576=ORIENTED_EDGE('',*,*,#1163,.F.);
#1577=ORIENTED_EDGE('',*,*,#1164,.T.);
#1578=ORIENTED_EDGE('',*,*,#1160,.T.);
#1579=ORIENTED_EDGE('',*,*,#1165,.F.);
#1580=ORIENTED_EDGE('',*,*,#1166,.F.);
#1581=ORIENTED_EDGE('',*,*,#1167,.T.);
#1582=ORIENTED_EDGE('',*,*,#1163,.T.);
#1583=ORIENTED_EDGE('',*,*,#1168,.F.);
#1584=ORIENTED_EDGE('',*,*,#1169,.F.);
#1585=ORIENTED_EDGE('',*,*,#1170,.T.);
#1586=ORIENTED_EDGE('',*,*,#1166,.T.);
#1587=ORIENTED_EDGE('',*,*,#1171,.F.);
#1588=ORIENTED_EDGE('',*,*,#1172,.F.);
#1589=ORIENTED_EDGE('',*,*,#1173,.T.);
#1590=ORIENTED_EDGE('',*,*,#1169,.T.);
#1591=ORIENTED_EDGE('',*,*,#1174,.F.);
#1592=ORIENTED_EDGE('',*,*,#1175,.F.);
#1593=ORIENTED_EDGE('',*,*,#1176,.T.);
#1594=ORIENTED_EDGE('',*,*,#1172,.T.);
#1595=ORIENTED_EDGE('',*,*,#1177,.F.);
#1596=ORIENTED_EDGE('',*,*,#1178,.F.);
#1597=ORIENTED_EDGE('',*,*,#1179,.T.);
#1598=ORIENTED_EDGE('',*,*,#1175,.T.);
#1599=ORIENTED_EDGE('',*,*,#1180,.F.);
#1600=ORIENTED_EDGE('',*,*,#1181,.F.);
#1601=ORIENTED_EDGE('',*,*,#1182,.T.);
#1602=ORIENTED_EDGE('',*,*,#1178,.T.);
#1603=ORIENTED_EDGE('',*,*,#1183,.F.);
#1604=ORIENTED_EDGE('',*,*,#1184,.F.);
#1605=ORIENTED_EDGE('',*,*,#1185,.T.);
#1606=ORIENTED_EDGE('',*,*,#1181,.T.);
#1607=ORIENTED_EDGE('',*,*,#1186,.F.);
#1608=ORIENTED_EDGE('',*,*,#1187,.F.);
#1609=ORIENTED_EDGE('',*,*,#1188,.T.);
#1610=ORIENTED_EDGE('',*,*,#1184,.T.);
#1611=ORIENTED_EDGE('',*,*,#1189,.F.);
#1612=ORIENTED_EDGE('',*,*,#1190,.F.);
#1613=ORIENTED_EDGE('',*,*,#1191,.T.);
#1614=ORIENTED_EDGE('',*,*,#1187,.T.);
#1615=ORIENTED_EDGE('',*,*,#1192,.F.);
#1616=ORIENTED_EDGE('',*,*,#1193,.F.);
#1617=ORIENTED_EDGE('',*,*,#1194,.T.);
#1618=ORIENTED_EDGE('',*,*,#1190,.T.);
#1619=ORIENTED_EDGE('',*,*,#1195,.F.);
#1620=ORIENTED_EDGE('',*,*,#1196,.F.);
#1621=ORIENTED_EDGE('',*,*,#1197,.T.);
#1622=ORIENTED_EDGE('',*,*,#1193,.T.);
#1623=ORIENTED_EDGE('',*,*,#1198,.F.);
#1624=ORIENTED_EDGE('',*,*,#1199,.F.);
#1625=ORIENTED_EDGE('',*,*,#1200,.T.);
#1626=ORIENTED_EDGE('',*,*,#1196,.T.);
#1627=ORIENTED_EDGE('',*,*,#1201,.F.);
#1628=ORIENTED_EDGE('',*,*,#1202,.F.);
#1629=ORIENTED_EDGE('',*,*,#1203,.T.);
#1630=ORIENTED_EDGE('',*,*,#1199,.T.);
#1631=ORIENTED_EDGE('',*,*,#1204,.F.);
#1632=ORIENTED_EDGE('',*,*,#1205,.F.);
#1633=ORIENTED_EDGE('',*,*,#1206,.T.);
#1634=ORIENTED_EDGE('',*,*,#1202,.T.);
#1635=ORIENTED_EDGE('',*,*,#1207,.F.);
#1636=ORIENTED_EDGE('',*,*,#1208,.F.);
#1637=ORIENTED_EDGE('',*,*,#1209,.T.);
#1638=ORIENTED_EDGE('',*,*,#1205,.T.);
#1639=ORIENTED_EDGE('',*,*,#1210,.F.);
#1640=ORIENTED_EDGE('',*,*,#1155,.F.);
#1641=ORIENTED_EDGE('',*,*,#1211,.T.);
#1642=ORIENTED_EDGE('',*,*,#1208,.T.);
#1643=ORIENTED_EDGE('',*,*,#1154,.F.);
#1644=ORIENTED_EDGE('',*,*,#1158,.F.);
#1645=ORIENTED_EDGE('',*,*,#1161,.F.);
#1646=ORIENTED_EDGE('',*,*,#1164,.F.);
#1647=ORIENTED_EDGE('',*,*,#1167,.F.);
#1648=ORIENTED_EDGE('',*,*,#1170,.F.);
#1649=ORIENTED_EDGE('',*,*,#1173,.F.);
#1650=ORIENTED_EDGE('',*,*,#1176,.F.);
#1651=ORIENTED_EDGE('',*,*,#1179,.F.);
#1652=ORIENTED_EDGE('',*,*,#1182,.F.);
#1653=ORIENTED_EDGE('',*,*,#1185,.F.);
#1654=ORIENTED_EDGE('',*,*,#1188,.F.);
#1655=ORIENTED_EDGE('',*,*,#1191,.F.);
#1656=ORIENTED_EDGE('',*,*,#1194,.F.);
#1657=ORIENTED_EDGE('',*,*,#1197,.F.);
#1658=ORIENTED_EDGE('',*,*,#1200,.F.);
#1659=ORIENTED_EDGE('',*,*,#1203,.F.);
#1660=ORIENTED_EDGE('',*,*,#1206,.F.);
#1661=ORIENTED_EDGE('',*,*,#1209,.F.);
#1662=ORIENTED_EDGE('',*,*,#1211,.F.);
#1663=ORIENTED_EDGE('',*,*,#1152,.T.);
#1664=ORIENTED_EDGE('',*,*,#1210,.T.);
#1665=ORIENTED_EDGE('',*,*,#1207,.T.);
#1666=ORIENTED_EDGE('',*,*,#1204,.T.);
#1667=ORIENTED_EDGE('',*,*,#1201,.T.);
#1668=ORIENTED_EDGE('',*,*,#1198,.T.);
#1669=ORIENTED_EDGE('',*,*,#1195,.T.);
#1670=ORIENTED_EDGE('',*,*,#1192,.T.);
#1671=ORIENTED_EDGE('',*,*,#1189,.T.);
#1672=ORIENTED_EDGE('',*,*,#1186,.T.);
#1673=ORIENTED_EDGE('',*,*,#1183,.T.);
#1674=ORIENTED_EDGE('',*,*,#1180,.T.);
#1675=ORIENTED_EDGE('',*,*,#1177,.T.);
#1676=ORIENTED_EDGE('',*,*,#1174,.T.);
#1677=ORIENTED_EDGE('',*,*,#1171,.T.);
#1678=ORIENTED_EDGE('',*,*,#1168,.T.);
#1679=ORIENTED_EDGE('',*,*,#1165,.T.);
#1680=ORIENTED_EDGE('',*,*,#1162,.T.);
#1681=ORIENTED_EDGE('',*,*,#1159,.T.);
#1682=ORIENTED_EDGE('',*,*,#1156,.T.);
#1683=ORIENTED_EDGE('',*,*,#1212,.T.);
#1684=ORIENTED_EDGE('',*,*,#1213,.T.);
#1685=ORIENTED_EDGE('',*,*,#1214,.F.);
#1686=ORIENTED_EDGE('',*,*,#1213,.F.);
#1687=ORIENTED_EDGE('',*,*,#1215,.T.);
#1688=ORIENTED_EDGE('',*,*,#1216,.T.);
#1689=ORIENTED_EDGE('',*,*,#1217,.T.);
#1690=ORIENTED_EDGE('',*,*,#1218,.T.);
#1691=ORIENTED_EDGE('',*,*,#1212,.F.);
#1692=ORIENTED_EDGE('',*,*,#1219,.F.);
#1693=ORIENTED_EDGE('',*,*,#1220,.F.);
#1694=ORIENTED_EDGE('',*,*,#1221,.F.);
#1695=ORIENTED_EDGE('',*,*,#1222,.F.);
#1696=ORIENTED_EDGE('',*,*,#1214,.T.);
#1697=ORIENTED_EDGE('',*,*,#1219,.T.);
#1698=ORIENTED_EDGE('',*,*,#1223,.F.);
#1699=ORIENTED_EDGE('',*,*,#1215,.F.);
#1700=ORIENTED_EDGE('',*,*,#1224,.T.);
#1701=ORIENTED_EDGE('',*,*,#1222,.T.);
#1702=ORIENTED_EDGE('',*,*,#1225,.F.);
#1703=ORIENTED_EDGE('',*,*,#1216,.F.);
#1704=ORIENTED_EDGE('',*,*,#1223,.T.);
#1705=ORIENTED_EDGE('',*,*,#1221,.T.);
#1706=ORIENTED_EDGE('',*,*,#1226,.F.);
#1707=ORIENTED_EDGE('',*,*,#1217,.F.);
#1708=ORIENTED_EDGE('',*,*,#1225,.T.);
#1709=ORIENTED_EDGE('',*,*,#1220,.T.);
#1710=ORIENTED_EDGE('',*,*,#1224,.F.);
#1711=ORIENTED_EDGE('',*,*,#1218,.F.);
#1712=ORIENTED_EDGE('',*,*,#1226,.T.);
#1713=CYLINDRICAL_SURFACE('',#1922,4.);
#1714=CYLINDRICAL_SURFACE('',#1925,15.);
#1715=CYLINDRICAL_SURFACE('',#1930,4.);
#1716=CYLINDRICAL_SURFACE('',#1933,4.);
#1717=CYLINDRICAL_SURFACE('',#1936,4.);
#1718=CYLINDRICAL_SURFACE('',#1939,4.00000000000001);
#1719=CYLINDRICAL_SURFACE('',#1942,4.);
#1720=CYLINDRICAL_SURFACE('',#1945,4.00000000000003);
#1721=CYLINDRICAL_SURFACE('',#1948,4.00000000000003);
#1722=CYLINDRICAL_SURFACE('',#1951,4.00000000000001);
#1723=CYLINDRICAL_SURFACE('',#1954,3.99999999999999);
#1724=CYLINDRICAL_SURFACE('',#1957,4.);
#1725=CYLINDRICAL_SURFACE('',#1960,4.);
#1726=CYLINDRICAL_SURFACE('',#1963,4.);
#1727=CYLINDRICAL_SURFACE('',#1966,3.99999999999999);
#1728=CYLINDRICAL_SURFACE('',#1969,4.00000000000008);
#1729=CYLINDRICAL_SURFACE('',#1972,4.00000000000005);
#1730=CYLINDRICAL_SURFACE('',#1975,4.);
#1731=CYLINDRICAL_SURFACE('',#1978,3.99999999999999);
#1732=CYLINDRICAL_SURFACE('',#1981,4.00000000000004);
#1733=CYLINDRICAL_SURFACE('',#1984,4.00000000000004);
#1734=CYLINDRICAL_SURFACE('',#1987,4.);
#1735=CYLINDRICAL_SURFACE('',#1990,3.99999999999999);
#1736=CYLINDRICAL_SURFACE('',#1993,4.);
#1737=CYLINDRICAL_SURFACE('',#1996,4.99999999999999);
#1738=CYLINDRICAL_SURFACE('',#1999,4.99999999999998);
#1739=CYLINDRICAL_SURFACE('',#2002,4.99999999999999);
#1740=CYLINDRICAL_SURFACE('',#2005,4.99999999999998);
#1741=CYLINDRICAL_SURFACE('',#2008,4.99999999999999);
#1742=CYLINDRICAL_SURFACE('',#2011,4.99999999999998);
#1743=CYLINDRICAL_SURFACE('',#2014,4.99999999999999);
#1744=CYLINDRICAL_SURFACE('',#2017,4.99999999999998);
#1745=CYLINDRICAL_SURFACE('',#2020,30.);
#1746=CYLINDRICAL_SURFACE('',#2023,4.);
#1747=CYLINDRICAL_SURFACE('',#2046,4.);
#1748=CYLINDRICAL_SURFACE('',#2049,4.);
#1749=CYLINDRICAL_SURFACE('',#2052,4.);
#1750=CYLINDRICAL_SURFACE('',#2055,4.);
#1751=CYLINDRICAL_SURFACE('',#2058,4.);
#1752=CYLINDRICAL_SURFACE('',#2061,4.00000000000009);
#1753=CYLINDRICAL_SURFACE('',#2064,4.00000000000006);
#1754=CYLINDRICAL_SURFACE('',#2067,4.);
#1755=CYLINDRICAL_SURFACE('',#2070,4.);
#1756=CYLINDRICAL_SURFACE('',#2073,4.);
#1757=CYLINDRICAL_SURFACE('',#2083,2.);
#1758=CYLINDRICAL_SURFACE('',#2087,2.);
#1759=CYLINDRICAL_SURFACE('',#2091,2.);
#1760=CYLINDRICAL_SURFACE('',#2095,2.00000000000008);
#1761=CYLINDRICAL_SURFACE('',#2098,59.9999999999999);
#1762=CYLINDRICAL_SURFACE('',#2102,59.9999999999999);
#1763=CYLINDRICAL_SURFACE('',#2105,2.00000000000009);
#1764=CYLINDRICAL_SURFACE('',#2109,2.);
#1765=CYLINDRICAL_SURFACE('',#2113,2.);
#1766=CYLINDRICAL_SURFACE('',#2117,2.);
#1767=CYLINDRICAL_SURFACE('',#2120,60.);
#1768=CYLINDRICAL_SURFACE('',#2124,60.);
#1769=CYLINDRICAL_SURFACE('',#2130,4.);
#1770=ADVANCED_FACE('',(#171),#1713,.F.);
#1771=ADVANCED_FACE('',(#172),#1714,.T.);
#1772=ADVANCED_FACE('',(#173,#49),#128,.T.);
#1773=ADVANCED_FACE('',(#174,#50),#129,.F.);
#1774=ADVANCED_FACE('',(#175),#1715,.F.);
#1775=ADVANCED_FACE('',(#176),#1716,.F.);
#1776=ADVANCED_FACE('',(#177),#1717,.F.);
#1777=ADVANCED_FACE('',(#178),#1718,.F.);
#1778=ADVANCED_FACE('',(#179),#1719,.F.);
#1779=ADVANCED_FACE('',(#180),#1720,.F.);
#1780=ADVANCED_FACE('',(#181),#1721,.F.);
#1781=ADVANCED_FACE('',(#182),#1722,.F.);
#1782=ADVANCED_FACE('',(#183),#1723,.F.);
#1783=ADVANCED_FACE('',(#184),#1724,.F.);
#1784=ADVANCED_FACE('',(#185),#1725,.F.);
#1785=ADVANCED_FACE('',(#186),#1726,.F.);
#1786=ADVANCED_FACE('',(#187),#1727,.F.);
#1787=ADVANCED_FACE('',(#188),#1728,.F.);
#1788=ADVANCED_FACE('',(#189),#1729,.F.);
#1789=ADVANCED_FACE('',(#190),#1730,.F.);
#1790=ADVANCED_FACE('',(#191),#1731,.F.);
#1791=ADVANCED_FACE('',(#192),#1732,.F.);
#1792=ADVANCED_FACE('',(#193),#1733,.F.);
#1793=ADVANCED_FACE('',(#194),#1734,.F.);
#1794=ADVANCED_FACE('',(#195),#1735,.F.);
#1795=ADVANCED_FACE('',(#196),#1736,.F.);
#1796=ADVANCED_FACE('',(#197),#1737,.F.);
#1797=ADVANCED_FACE('',(#198),#1738,.F.);
#1798=ADVANCED_FACE('',(#199),#1739,.F.);
#1799=ADVANCED_FACE('',(#200),#1740,.F.);
#1800=ADVANCED_FACE('',(#201),#1741,.F.);
#1801=ADVANCED_FACE('',(#202),#1742,.F.);
#1802=ADVANCED_FACE('',(#203),#1743,.F.);
#1803=ADVANCED_FACE('',(#204),#1744,.F.);
#1804=ADVANCED_FACE('',(#205),#1745,.F.);
#1805=ADVANCED_FACE('',(#206),#1746,.F.);
#1806=ADVANCED_FACE('',(#207,#51,#52,#53,#54,#55,#56,#57,#58,#59,#60,#61),
#130,.T.);
#1807=ADVANCED_FACE('',(#208),#131,.T.);
#1808=ADVANCED_FACE('',(#209,#62,#63,#64,#65),#132,.T.);
#1809=ADVANCED_FACE('',(#210),#133,.T.);
#1810=ADVANCED_FACE('',(#211,#66,#67,#68,#69),#134,.T.);
#1811=ADVANCED_FACE('',(#212,#70,#71,#72,#73,#74,#75,#76,#77,#78,#79,#80),
#135,.T.);
#1812=ADVANCED_FACE('',(#213,#81,#82,#83,#84,#85,#86,#87,#88,#89,#90,#91,
#92,#93,#94,#95,#96,#97,#98,#99,#100,#101,#102,#103),#136,.F.);
#1813=ADVANCED_FACE('',(#214,#104),#137,.T.);
#1814=ADVANCED_FACE('',(#215,#105),#138,.F.);
#1815=ADVANCED_FACE('',(#216),#139,.F.);
#1816=ADVANCED_FACE('',(#217),#140,.F.);
#1817=ADVANCED_FACE('',(#218),#141,.F.);
#1818=ADVANCED_FACE('',(#219),#142,.F.);
#1819=ADVANCED_FACE('',(#220),#143,.F.);
#1820=ADVANCED_FACE('',(#221),#144,.F.);
#1821=ADVANCED_FACE('',(#222),#145,.F.);
#1822=ADVANCED_FACE('',(#223),#146,.F.);
#1823=ADVANCED_FACE('',(#224),#147,.F.);
#1824=ADVANCED_FACE('',(#225),#148,.F.);
#1825=ADVANCED_FACE('',(#226),#1747,.F.);
#1826=ADVANCED_FACE('',(#227),#1748,.F.);
#1827=ADVANCED_FACE('',(#228),#1749,.F.);
#1828=ADVANCED_FACE('',(#229),#1750,.F.);
#1829=ADVANCED_FACE('',(#230),#1751,.F.);
#1830=ADVANCED_FACE('',(#231),#1752,.F.);
#1831=ADVANCED_FACE('',(#232),#1753,.F.);
#1832=ADVANCED_FACE('',(#233),#1754,.F.);
#1833=ADVANCED_FACE('',(#234),#1755,.F.);
#1834=ADVANCED_FACE('',(#235),#1756,.F.);
#1835=ADVANCED_FACE('',(#236),#149,.F.);
#1836=ADVANCED_FACE('',(#237),#150,.F.);
#1837=ADVANCED_FACE('',(#238),#151,.F.);
#1838=ADVANCED_FACE('',(#239),#152,.F.);
#1839=ADVANCED_FACE('',(#240,#106,#107,#108,#109,#110,#111,#112,#113,#114,
#115),#153,.F.);
#1840=ADVANCED_FACE('',(#241,#116,#117,#118,#119,#120,#121,#122,#123,#124,
#125),#154,.T.);
#1841=ADVANCED_FACE('',(#242),#1757,.T.);
#1842=ADVANCED_FACE('',(#243),#155,.T.);
#1843=ADVANCED_FACE('',(#244),#1758,.T.);
#1844=ADVANCED_FACE('',(#245),#156,.T.);
#1845=ADVANCED_FACE('',(#246),#1759,.T.);
#1846=ADVANCED_FACE('',(#247),#157,.T.);
#1847=ADVANCED_FACE('',(#248),#1760,.T.);
#1848=ADVANCED_FACE('',(#249),#1761,.F.);
#1849=ADVANCED_FACE('',(#250),#158,.T.);
#1850=ADVANCED_FACE('',(#251),#1762,.F.);
#1851=ADVANCED_FACE('',(#252),#1763,.T.);
#1852=ADVANCED_FACE('',(#253),#159,.T.);
#1853=ADVANCED_FACE('',(#254),#1764,.T.);
#1854=ADVANCED_FACE('',(#255),#160,.T.);
#1855=ADVANCED_FACE('',(#256),#1765,.T.);
#1856=ADVANCED_FACE('',(#257),#161,.T.);
#1857=ADVANCED_FACE('',(#258),#1766,.T.);
#1858=ADVANCED_FACE('',(#259),#1767,.F.);
#1859=ADVANCED_FACE('',(#260),#162,.T.);
#1860=ADVANCED_FACE('',(#261),#1768,.F.);
#1861=ADVANCED_FACE('',(#262),#163,.F.);
#1862=ADVANCED_FACE('',(#263),#164,.T.);
#1863=ADVANCED_FACE('',(#264),#1769,.F.);
#1864=ADVANCED_FACE('',(#265,#126),#165,.F.);
#1865=ADVANCED_FACE('',(#266,#127),#166,.T.);
#1866=ADVANCED_FACE('',(#267),#167,.F.);
#1867=ADVANCED_FACE('',(#268),#168,.F.);
#1868=ADVANCED_FACE('',(#269),#169,.F.);
#1869=ADVANCED_FACE('',(#270),#170,.F.);
#1870=CLOSED_SHELL('',(#1770,#1771,#1772,#1773));
#1871=CLOSED_SHELL('',(#1774,#1775,#1776,#1777,#1778,#1779,#1780,#1781,
#1782,#1783,#1784,#1785,#1786,#1787,#1788,#1789,#1790,#1791,#1792,#1793,
#1794,#1795,#1796,#1797,#1798,#1799,#1800,#1801,#1802,#1803,#1804,#1805,
#1806,#1807,#1808,#1809,#1810,#1811,#1812,#1813,#1814,#1815,#1816,#1817,
#1818,#1819,#1820,#1821,#1822,#1823,#1824));
#1872=CLOSED_SHELL('',(#1825,#1826,#1827,#1828,#1829,#1830,#1831,#1832,
#1833,#1834,#1835,#1836,#1837,#1838,#1839,#1840));
#1873=CLOSED_SHELL('',(#1841,#1842,#1843,#1844,#1845,#1846,#1847,#1848,
#1849,#1850,#1851,#1852,#1853,#1854,#1855,#1856,#1857,#1858,#1859,#1860,
#1861,#1862));
#1874=CLOSED_SHELL('',(#1863,#1864,#1865,#1866,#1867,#1868,#1869));
#1875=DERIVED_UNIT_ELEMENT(#1883,1.);
#1876=DERIVED_UNIT_ELEMENT(#3249,-3.);
#1877=DERIVED_UNIT_ELEMENT(#1883,1.);
#1878=DERIVED_UNIT_ELEMENT(#3249,-3.);
#1879=DERIVED_UNIT_ELEMENT(#1883,1.);
#1880=DERIVED_UNIT_ELEMENT(#3249,-3.);
#1881=DERIVED_UNIT_ELEMENT(#1883,1.);
#1882=DERIVED_UNIT_ELEMENT(#3249,-3.);
#1883=(
MASS_UNIT()
NAMED_UNIT(*)
SI_UNIT(.KILO.,.GRAM.)
);
#1884=DERIVED_UNIT((#1875,#1876));
#1885=DERIVED_UNIT((#1877,#1878));
#1886=DERIVED_UNIT((#1879,#1880));
#1887=DERIVED_UNIT((#1881,#1882));
#1888=MEASURE_REPRESENTATION_ITEM('density measure',
POSITIVE_RATIO_MEASURE(7850.),#1884);
#1889=MEASURE_REPRESENTATION_ITEM('density measure',
POSITIVE_RATIO_MEASURE(7850.),#1885);
#1890=MEASURE_REPRESENTATION_ITEM('density measure',
POSITIVE_RATIO_MEASURE(7850.),#1886);
#1891=MEASURE_REPRESENTATION_ITEM('density measure',
POSITIVE_RATIO_MEASURE(7850.),#1887);
#1892=PROPERTY_DEFINITION_REPRESENTATION(#1912,#1900);
#1893=PROPERTY_DEFINITION_REPRESENTATION(#1913,#1901);
#1894=PROPERTY_DEFINITION_REPRESENTATION(#1914,#1902);
#1895=PROPERTY_DEFINITION_REPRESENTATION(#1915,#1903);
#1896=PROPERTY_DEFINITION_REPRESENTATION(#1916,#1904);
#1897=PROPERTY_DEFINITION_REPRESENTATION(#1917,#1905);
#1898=PROPERTY_DEFINITION_REPRESENTATION(#1918,#1906);
#1899=PROPERTY_DEFINITION_REPRESENTATION(#1919,#1907);
#1900=REPRESENTATION('material name',(#1908),#3243);
#1901=REPRESENTATION('density',(#1888),#3243);
#1902=REPRESENTATION('material name',(#1909),#3244);
#1903=REPRESENTATION('density',(#1889),#3244);
#1904=REPRESENTATION('material name',(#1910),#3245);
#1905=REPRESENTATION('density',(#1890),#3245);
#1906=REPRESENTATION('material name',(#1911),#3246);
#1907=REPRESENTATION('density',(#1891),#3246);
#1908=DESCRIPTIVE_REPRESENTATION_ITEM('Steel','Steel');
#1909=DESCRIPTIVE_REPRESENTATION_ITEM('Steel','Steel');
#1910=DESCRIPTIVE_REPRESENTATION_ITEM('Steel','Steel');
#1911=DESCRIPTIVE_REPRESENTATION_ITEM('Steel','Steel');
#1912=PROPERTY_DEFINITION('material property','material name',#3274);
#1913=PROPERTY_DEFINITION('material property','density of part',#3274);
#1914=PROPERTY_DEFINITION('material property','material name',#3275);
#1915=PROPERTY_DEFINITION('material property','density of part',#3275);
#1916=PROPERTY_DEFINITION('material property','material name',#3276);
#1917=PROPERTY_DEFINITION('material property','density of part',#3276);
#1918=PROPERTY_DEFINITION('material property','material name',#3277);
#1919=PROPERTY_DEFINITION('material property','density of part',#3277);
#1920=AXIS2_PLACEMENT_3D('',#2721,#2144,#2145);
#1921=AXIS2_PLACEMENT_3D('',#2722,#2146,#2147);
#1922=AXIS2_PLACEMENT_3D('',#2723,#2148,#2149);
#1923=AXIS2_PLACEMENT_3D('',#2725,#2150,#2151);
#1924=AXIS2_PLACEMENT_3D('',#2728,#2153,#2154);
#1925=AXIS2_PLACEMENT_3D('',#2729,#2155,#2156);
#1926=AXIS2_PLACEMENT_3D('',#2731,#2157,#2158);
#1927=AXIS2_PLACEMENT_3D('',#2734,#2160,#2161);
#1928=AXIS2_PLACEMENT_3D('',#2735,#2162,#2163);
#1929=AXIS2_PLACEMENT_3D('',#2736,#2164,#2165);
#1930=AXIS2_PLACEMENT_3D('',#2737,#2166,#2167);
#1931=AXIS2_PLACEMENT_3D('',#2739,#2168,#2169);
#1932=AXIS2_PLACEMENT_3D('',#2742,#2171,#2172);
#1933=AXIS2_PLACEMENT_3D('',#2743,#2173,#2174);
#1934=AXIS2_PLACEMENT_3D('',#2745,#2175,#2176);
#1935=AXIS2_PLACEMENT_3D('',#2748,#2178,#2179);
#1936=AXIS2_PLACEMENT_3D('',#2749,#2180,#2181);
#1937=AXIS2_PLACEMENT_3D('',#2751,#2182,#2183);
#1938=AXIS2_PLACEMENT_3D('',#2754,#2185,#2186);
#1939=AXIS2_PLACEMENT_3D('',#2755,#2187,#2188);
#1940=AXIS2_PLACEMENT_3D('',#2757,#2189,#2190);
#1941=AXIS2_PLACEMENT_3D('',#2760,#2192,#2193);
#1942=AXIS2_PLACEMENT_3D('',#2761,#2194,#2195);
#1943=AXIS2_PLACEMENT_3D('',#2763,#2196,#2197);
#1944=AXIS2_PLACEMENT_3D('',#2766,#2199,#2200);
#1945=AXIS2_PLACEMENT_3D('',#2767,#2201,#2202);
#1946=AXIS2_PLACEMENT_3D('',#2769,#2203,#2204);
#1947=AXIS2_PLACEMENT_3D('',#2772,#2206,#2207);
#1948=AXIS2_PLACEMENT_3D('',#2773,#2208,#2209);
#1949=AXIS2_PLACEMENT_3D('',#2775,#2210,#2211);
#1950=AXIS2_PLACEMENT_3D('',#2778,#2213,#2214);
#1951=AXIS2_PLACEMENT_3D('',#2779,#2215,#2216);
#1952=AXIS2_PLACEMENT_3D('',#2781,#2217,#2218);
#1953=AXIS2_PLACEMENT_3D('',#2784,#2220,#2221);
#1954=AXIS2_PLACEMENT_3D('',#2785,#2222,#2223);
#1955=AXIS2_PLACEMENT_3D('',#2787,#2224,#2225);
#1956=AXIS2_PLACEMENT_3D('',#2790,#2227,#2228);
#1957=AXIS2_PLACEMENT_3D('',#2791,#2229,#2230);
#1958=AXIS2_PLACEMENT_3D('',#2793,#2231,#2232);
#1959=AXIS2_PLACEMENT_3D('',#2796,#2234,#2235);
#1960=AXIS2_PLACEMENT_3D('',#2797,#2236,#2237);
#1961=AXIS2_PLACEMENT_3D('',#2799,#2238,#2239);
#1962=AXIS2_PLACEMENT_3D('',#2802,#2241,#2242);
#1963=AXIS2_PLACEMENT_3D('',#2803,#2243,#2244);
#1964=AXIS2_PLACEMENT_3D('',#2805,#2245,#2246);
#1965=AXIS2_PLACEMENT_3D('',#2808,#2248,#2249);
#1966=AXIS2_PLACEMENT_3D('',#2809,#2250,#2251);
#1967=AXIS2_PLACEMENT_3D('',#2811,#2252,#2253);
#1968=AXIS2_PLACEMENT_3D('',#2814,#2255,#2256);
#1969=AXIS2_PLACEMENT_3D('',#2815,#2257,#2258);
#1970=AXIS2_PLACEMENT_3D('',#2817,#2259,#2260);
#1971=AXIS2_PLACEMENT_3D('',#2820,#2262,#2263);
#1972=AXIS2_PLACEMENT_3D('',#2821,#2264,#2265);
#1973=AXIS2_PLACEMENT_3D('',#2823,#2266,#2267);
#1974=AXIS2_PLACEMENT_3D('',#2826,#2269,#2270);
#1975=AXIS2_PLACEMENT_3D('',#2827,#2271,#2272);
#1976=AXIS2_PLACEMENT_3D('',#2829,#2273,#2274);
#1977=AXIS2_PLACEMENT_3D('',#2832,#2276,#2277);
#1978=AXIS2_PLACEMENT_3D('',#2833,#2278,#2279);
#1979=AXIS2_PLACEMENT_3D('',#2835,#2280,#2281);
#1980=AXIS2_PLACEMENT_3D('',#2838,#2283,#2284);
#1981=AXIS2_PLACEMENT_3D('',#2839,#2285,#2286);
#1982=AXIS2_PLACEMENT_3D('',#2841,#2287,#2288);
#1983=AXIS2_PLACEMENT_3D('',#2844,#2290,#2291);
#1984=AXIS2_PLACEMENT_3D('',#2845,#2292,#2293);
#1985=AXIS2_PLACEMENT_3D('',#2847,#2294,#2295);
#1986=AXIS2_PLACEMENT_3D('',#2850,#2297,#2298);
#1987=AXIS2_PLACEMENT_3D('',#2851,#2299,#2300);
#1988=AXIS2_PLACEMENT_3D('',#2853,#2301,#2302);
#1989=AXIS2_PLACEMENT_3D('',#2856,#2304,#2305);
#1990=AXIS2_PLACEMENT_3D('',#2857,#2306,#2307);
#1991=AXIS2_PLACEMENT_3D('',#2859,#2308,#2309);
#1992=AXIS2_PLACEMENT_3D('',#2862,#2311,#2312);
#1993=AXIS2_PLACEMENT_3D('',#2863,#2313,#2314);
#1994=AXIS2_PLACEMENT_3D('',#2865,#2315,#2316);
#1995=AXIS2_PLACEMENT_3D('',#2868,#2318,#2319);
#1996=AXIS2_PLACEMENT_3D('',#2869,#2320,#2321);
#1997=AXIS2_PLACEMENT_3D('',#2871,#2322,#2323);
#1998=AXIS2_PLACEMENT_3D('',#2874,#2325,#2326);
#1999=AXIS2_PLACEMENT_3D('',#2875,#2327,#2328);
#2000=AXIS2_PLACEMENT_3D('',#2877,#2329,#2330);
#2001=AXIS2_PLACEMENT_3D('',#2880,#2332,#2333);
#2002=AXIS2_PLACEMENT_3D('',#2881,#2334,#2335);
#2003=AXIS2_PLACEMENT_3D('',#2883,#2336,#2337);
#2004=AXIS2_PLACEMENT_3D('',#2886,#2339,#2340);
#2005=AXIS2_PLACEMENT_3D('',#2887,#2341,#2342);
#2006=AXIS2_PLACEMENT_3D('',#2889,#2343,#2344);
#2007=AXIS2_PLACEMENT_3D('',#2892,#2346,#2347);
#2008=AXIS2_PLACEMENT_3D('',#2893,#2348,#2349);
#2009=AXIS2_PLACEMENT_3D('',#2895,#2350,#2351);
#2010=AXIS2_PLACEMENT_3D('',#2898,#2353,#2354);
#2011=AXIS2_PLACEMENT_3D('',#2899,#2355,#2356);
#2012=AXIS2_PLACEMENT_3D('',#2901,#2357,#2358);
#2013=AXIS2_PLACEMENT_3D('',#2904,#2360,#2361);
#2014=AXIS2_PLACEMENT_3D('',#2905,#2362,#2363);
#2015=AXIS2_PLACEMENT_3D('',#2907,#2364,#2365);
#2016=AXIS2_PLACEMENT_3D('',#2910,#2367,#2368);
#2017=AXIS2_PLACEMENT_3D('',#2911,#2369,#2370);
#2018=AXIS2_PLACEMENT_3D('',#2913,#2371,#2372);
#2019=AXIS2_PLACEMENT_3D('',#2916,#2374,#2375);
#2020=AXIS2_PLACEMENT_3D('',#2917,#2376,#2377);
#2021=AXIS2_PLACEMENT_3D('',#2919,#2378,#2379);
#2022=AXIS2_PLACEMENT_3D('',#2922,#2381,#2382);
#2023=AXIS2_PLACEMENT_3D('',#2923,#2383,#2384);
#2024=AXIS2_PLACEMENT_3D('',#2925,#2385,#2386);
#2025=AXIS2_PLACEMENT_3D('',#2928,#2388,#2389);
#2026=AXIS2_PLACEMENT_3D('',#2929,#2390,#2391);
#2027=AXIS2_PLACEMENT_3D('',#2938,#2396,#2397);
#2028=AXIS2_PLACEMENT_3D('',#2944,#2401,#2402);
#2029=AXIS2_PLACEMENT_3D('',#2956,#2409,#2410);
#2030=AXIS2_PLACEMENT_3D('',#2962,#2414,#2415);
#2031=AXIS2_PLACEMENT_3D('',#2971,#2421,#2422);
#2032=AXIS2_PLACEMENT_3D('',#2973,#2424,#2425);
#2033=AXIS2_PLACEMENT_3D('',#2974,#2426,#2427);
#2034=AXIS2_PLACEMENT_3D('',#2975,#2428,#2429);
#2035=AXIS2_PLACEMENT_3D('',#2978,#2432,#2433);
#2036=AXIS2_PLACEMENT_3D('',#2979,#2434,#2435);
#2037=AXIS2_PLACEMENT_3D('',#2980,#2436,#2437);
#2038=AXIS2_PLACEMENT_3D('',#2981,#2438,#2439);
#2039=AXIS2_PLACEMENT_3D('',#2982,#2440,#2441);
#2040=AXIS2_PLACEMENT_3D('',#2983,#2442,#2443);
#2041=AXIS2_PLACEMENT_3D('',#2984,#2444,#2445);
#2042=AXIS2_PLACEMENT_3D('',#2985,#2446,#2447);
#2043=AXIS2_PLACEMENT_3D('',#2986,#2448,#2449);
#2044=AXIS2_PLACEMENT_3D('',#2987,#2450,#2451);
#2045=AXIS2_PLACEMENT_3D('',#2988,#2452,#2453);
#2046=AXIS2_PLACEMENT_3D('',#2989,#2454,#2455);
#2047=AXIS2_PLACEMENT_3D('',#2991,#2456,#2457);
#2048=AXIS2_PLACEMENT_3D('',#2994,#2459,#2460);
#2049=AXIS2_PLACEMENT_3D('',#2995,#2461,#2462);
#2050=AXIS2_PLACEMENT_3D('',#2997,#2463,#2464);
#2051=AXIS2_PLACEMENT_3D('',#3000,#2466,#2467);
#2052=AXIS2_PLACEMENT_3D('',#3001,#2468,#2469);
#2053=AXIS2_PLACEMENT_3D('',#3003,#2470,#2471);
#2054=AXIS2_PLACEMENT_3D('',#3006,#2473,#2474);
#2055=AXIS2_PLACEMENT_3D('',#3007,#2475,#2476);
#2056=AXIS2_PLACEMENT_3D('',#3009,#2477,#2478);
#2057=AXIS2_PLACEMENT_3D('',#3012,#2480,#2481);
#2058=AXIS2_PLACEMENT_3D('',#3013,#2482,#2483);
#2059=AXIS2_PLACEMENT_3D('',#3015,#2484,#2485);
#2060=AXIS2_PLACEMENT_3D('',#3018,#2487,#2488);
#2061=AXIS2_PLACEMENT_3D('',#3019,#2489,#2490);
#2062=AXIS2_PLACEMENT_3D('',#3021,#2491,#2492);
#2063=AXIS2_PLACEMENT_3D('',#3024,#2494,#2495);
#2064=AXIS2_PLACEMENT_3D('',#3025,#2496,#2497);
#2065=AXIS2_PLACEMENT_3D('',#3027,#2498,#2499);
#2066=AXIS2_PLACEMENT_3D('',#3030,#2501,#2502);
#2067=AXIS2_PLACEMENT_3D('',#3031,#2503,#2504);
#2068=AXIS2_PLACEMENT_3D('',#3033,#2505,#2506);
#2069=AXIS2_PLACEMENT_3D('',#3036,#2508,#2509);
#2070=AXIS2_PLACEMENT_3D('',#3037,#2510,#2511);
#2071=AXIS2_PLACEMENT_3D('',#3039,#2512,#2513);
#2072=AXIS2_PLACEMENT_3D('',#3042,#2515,#2516);
#2073=AXIS2_PLACEMENT_3D('',#3043,#2517,#2518);
#2074=AXIS2_PLACEMENT_3D('',#3045,#2519,#2520);
#2075=AXIS2_PLACEMENT_3D('',#3048,#2522,#2523);
#2076=AXIS2_PLACEMENT_3D('',#3049,#2524,#2525);
#2077=AXIS2_PLACEMENT_3D('',#3058,#2530,#2531);
#2078=AXIS2_PLACEMENT_3D('',#3064,#2535,#2536);
#2079=AXIS2_PLACEMENT_3D('',#3070,#2540,#2541);
#2080=AXIS2_PLACEMENT_3D('',#3073,#2544,#2545);
#2081=AXIS2_PLACEMENT_3D('',#3074,#2546,#2547);
#2082=AXIS2_PLACEMENT_3D('',#3075,#2548,#2549);
#2083=AXIS2_PLACEMENT_3D('',#3076,#2550,#2551);
#2084=AXIS2_PLACEMENT_3D('',#3079,#2552,#2553);
#2085=AXIS2_PLACEMENT_3D('',#3083,#2555,#2556);
#2086=AXIS2_PLACEMENT_3D('',#3085,#2558,#2559);
#2087=AXIS2_PLACEMENT_3D('',#3091,#2563,#2564);
#2088=AXIS2_PLACEMENT_3D('',#3093,#2565,#2566);
#2089=AXIS2_PLACEMENT_3D('',#3096,#2568,#2569);
#2090=AXIS2_PLACEMENT_3D('',#3097,#2570,#2571);
#2091=AXIS2_PLACEMENT_3D('',#3103,#2575,#2576);
#2092=AXIS2_PLACEMENT_3D('',#3105,#2577,#2578);
#2093=AXIS2_PLACEMENT_3D('',#3108,#2580,#2581);
#2094=AXIS2_PLACEMENT_3D('',#3109,#2582,#2583);
#2095=AXIS2_PLACEMENT_3D('',#3115,#2587,#2588);
#2096=AXIS2_PLACEMENT_3D('',#3117,#2589,#2590);
#2097=AXIS2_PLACEMENT_3D('',#3120,#2592,#2593);
#2098=AXIS2_PLACEMENT_3D('',#3121,#2594,#2595);
#2099=AXIS2_PLACEMENT_3D('',#3123,#2596,#2597);
#2100=AXIS2_PLACEMENT_3D('',#3126,#2599,#2600);
#2101=AXIS2_PLACEMENT_3D('',#3127,#2601,#2602);
#2102=AXIS2_PLACEMENT_3D('',#3133,#2606,#2607);
#2103=AXIS2_PLACEMENT_3D('',#3135,#2608,#2609);
#2104=AXIS2_PLACEMENT_3D('',#3138,#2611,#2612);
#2105=AXIS2_PLACEMENT_3D('',#3139,#2613,#2614);
#2106=AXIS2_PLACEMENT_3D('',#3141,#2615,#2616);
#2107=AXIS2_PLACEMENT_3D('',#3144,#2618,#2619);
#2108=AXIS2_PLACEMENT_3D('',#3145,#2620,#2621);
#2109=AXIS2_PLACEMENT_3D('',#3151,#2625,#2626);
#2110=AXIS2_PLACEMENT_3D('',#3153,#2627,#2628);
#2111=AXIS2_PLACEMENT_3D('',#3156,#2630,#2631);
#2112=AXIS2_PLACEMENT_3D('',#3157,#2632,#2633);
#2113=AXIS2_PLACEMENT_3D('',#3163,#2637,#2638);
#2114=AXIS2_PLACEMENT_3D('',#3165,#2639,#2640);
#2115=AXIS2_PLACEMENT_3D('',#3168,#2642,#2643);
#2116=AXIS2_PLACEMENT_3D('',#3169,#2644,#2645);
#2117=AXIS2_PLACEMENT_3D('',#3175,#2649,#2650);
#2118=AXIS2_PLACEMENT_3D('',#3177,#2651,#2652);
#2119=AXIS2_PLACEMENT_3D('',#3180,#2654,#2655);
#2120=AXIS2_PLACEMENT_3D('',#3181,#2656,#2657);
#2121=AXIS2_PLACEMENT_3D('',#3183,#2658,#2659);
#2122=AXIS2_PLACEMENT_3D('',#3186,#2661,#2662);
#2123=AXIS2_PLACEMENT_3D('',#3187,#2663,#2664);
#2124=AXIS2_PLACEMENT_3D('',#3193,#2668,#2669);
#2125=AXIS2_PLACEMENT_3D('',#3194,#2670,#2671);
#2126=AXIS2_PLACEMENT_3D('',#3195,#2672,#2673);
#2127=AXIS2_PLACEMENT_3D('',#3196,#2674,#2675);
#2128=AXIS2_PLACEMENT_3D('',#3197,#2676,#2677);
#2129=AXIS2_PLACEMENT_3D('',#3198,#2678,#2679);
#2130=AXIS2_PLACEMENT_3D('',#3199,#2680,#2681);
#2131=AXIS2_PLACEMENT_3D('',#3201,#2682,#2683);
#2132=AXIS2_PLACEMENT_3D('',#3204,#2685,#2686);
#2133=AXIS2_PLACEMENT_3D('',#3205,#2687,#2688);
#2134=AXIS2_PLACEMENT_3D('',#3214,#2693,#2694);
#2135=AXIS2_PLACEMENT_3D('',#3223,#2699,#2700);
#2136=AXIS2_PLACEMENT_3D('',#3226,#2703,#2704);
#2137=AXIS2_PLACEMENT_3D('',#3228,#2706,#2707);
#2138=AXIS2_PLACEMENT_3D('',#3230,#2709,#2710);
#2139=AXIS2_PLACEMENT_3D('',#3231,#2711,#2712);
#2140=AXIS2_PLACEMENT_3D('',#3232,#2713,#2714);
#2141=AXIS2_PLACEMENT_3D('',#3233,#2715,#2716);
#2142=AXIS2_PLACEMENT_3D('',#3234,#2717,#2718);
#2143=AXIS2_PLACEMENT_3D('',#3235,#2719,#2720);
#2144=DIRECTION('axis',(0.,0.,1.));
#2145=DIRECTION('refdir',(1.,0.,0.));
#2146=DIRECTION('axis',(0.,0.,1.));
#2147=DIRECTION('refdir',(1.,0.,0.));
#2148=DIRECTION('center_axis',(0.,-1.,0.));
#2149=DIRECTION('ref_axis',(0.,0.,-1.));
#2150=DIRECTION('center_axis',(0.,1.,0.));
#2151=DIRECTION('ref_axis',(0.,0.,-1.));
#2152=DIRECTION('',(0.,-1.,0.));
#2153=DIRECTION('center_axis',(0.,-1.,0.));
#2154=DIRECTION('ref_axis',(0.,0.,-1.));
#2155=DIRECTION('center_axis',(0.,1.,0.));
#2156=DIRECTION('ref_axis',(0.,0.,1.));
#2157=DIRECTION('center_axis',(0.,-1.,0.));
#2158=DIRECTION('ref_axis',(0.,0.,-1.));
#2159=DIRECTION('',(0.,-1.,0.));
#2160=DIRECTION('center_axis',(0.,-1.,0.));
#2161=DIRECTION('ref_axis',(0.,0.,-1.));
#2162=DIRECTION('center_axis',(0.,-1.,0.));
#2163=DIRECTION('ref_axis',(0.,0.,-1.));
#2164=DIRECTION('center_axis',(0.,-1.,0.));
#2165=DIRECTION('ref_axis',(0.,0.,-1.));
#2166=DIRECTION('center_axis',(0.,-1.,0.));
#2167=DIRECTION('ref_axis',(0.,0.,-1.));
#2168=DIRECTION('center_axis',(0.,-1.,0.));
#2169=DIRECTION('ref_axis',(0.,0.,1.));
#2170=DIRECTION('',(0.,-1.,0.));
#2171=DIRECTION('center_axis',(0.,-1.,0.));
#2172=DIRECTION('ref_axis',(0.,0.,1.));
#2173=DIRECTION('center_axis',(0.,-1.,0.));
#2174=DIRECTION('ref_axis',(0.,0.,-1.));
#2175=DIRECTION('center_axis',(0.,-1.,0.));
#2176=DIRECTION('ref_axis',(0.,0.,1.));
#2177=DIRECTION('',(0.,-1.,0.));
#2178=DIRECTION('center_axis',(0.,-1.,0.));
#2179=DIRECTION('ref_axis',(0.,0.,1.));
#2180=DIRECTION('center_axis',(0.,-1.,0.));
#2181=DIRECTION('ref_axis',(0.,0.,-1.));
#2182=DIRECTION('center_axis',(0.,-1.,0.));
#2183=DIRECTION('ref_axis',(0.,0.,1.));
#2184=DIRECTION('',(0.,-1.,0.));
#2185=DIRECTION('center_axis',(0.,-1.,0.));
#2186=DIRECTION('ref_axis',(0.,0.,1.));
#2187=DIRECTION('center_axis',(0.,-1.,0.));
#2188=DIRECTION('ref_axis',(0.,0.,-1.));
#2189=DIRECTION('center_axis',(0.,-1.,0.));
#2190=DIRECTION('ref_axis',(0.,0.,1.));
#2191=DIRECTION('',(0.,-1.,0.));
#2192=DIRECTION('center_axis',(0.,-1.,0.));
#2193=DIRECTION('ref_axis',(0.,0.,1.));
#2194=DIRECTION('center_axis',(0.,-1.,0.));
#2195=DIRECTION('ref_axis',(0.,0.,-1.));
#2196=DIRECTION('center_axis',(0.,-1.,0.));
#2197=DIRECTION('ref_axis',(0.,0.,1.));
#2198=DIRECTION('',(0.,-1.,0.));
#2199=DIRECTION('center_axis',(0.,-1.,0.));
#2200=DIRECTION('ref_axis',(0.,0.,1.));
#2201=DIRECTION('center_axis',(0.,-1.,0.));
#2202=DIRECTION('ref_axis',(0.,0.,-1.));
#2203=DIRECTION('center_axis',(0.,-1.,0.));
#2204=DIRECTION('ref_axis',(0.,0.,1.));
#2205=DIRECTION('',(0.,-1.,0.));
#2206=DIRECTION('center_axis',(0.,-1.,0.));
#2207=DIRECTION('ref_axis',(0.,0.,1.));
#2208=DIRECTION('center_axis',(0.,-1.,0.));
#2209=DIRECTION('ref_axis',(0.,0.,-1.));
#2210=DIRECTION('center_axis',(0.,-1.,0.));
#2211=DIRECTION('ref_axis',(0.,0.,1.));
#2212=DIRECTION('',(0.,-1.,0.));
#2213=DIRECTION('center_axis',(0.,-1.,0.));
#2214=DIRECTION('ref_axis',(0.,0.,1.));
#2215=DIRECTION('center_axis',(0.,-1.,0.));
#2216=DIRECTION('ref_axis',(0.,0.,-1.));
#2217=DIRECTION('center_axis',(0.,-1.,0.));
#2218=DIRECTION('ref_axis',(0.,0.,1.));
#2219=DIRECTION('',(0.,-1.,0.));
#2220=DIRECTION('center_axis',(0.,-1.,0.));
#2221=DIRECTION('ref_axis',(0.,0.,1.));
#2222=DIRECTION('center_axis',(0.,-1.,0.));
#2223=DIRECTION('ref_axis',(0.,0.,-1.));
#2224=DIRECTION('center_axis',(0.,-1.,0.));
#2225=DIRECTION('ref_axis',(0.,0.,1.));
#2226=DIRECTION('',(0.,-1.,0.));
#2227=DIRECTION('center_axis',(0.,-1.,0.));
#2228=DIRECTION('ref_axis',(0.,0.,1.));
#2229=DIRECTION('center_axis',(0.,-1.,0.));
#2230=DIRECTION('ref_axis',(0.,0.,-1.));
#2231=DIRECTION('center_axis',(0.,-1.,0.));
#2232=DIRECTION('ref_axis',(0.,0.,1.));
#2233=DIRECTION('',(0.,-1.,0.));
#2234=DIRECTION('center_axis',(0.,-1.,0.));
#2235=DIRECTION('ref_axis',(0.,0.,1.));
#2236=DIRECTION('center_axis',(0.,-1.,0.));
#2237=DIRECTION('ref_axis',(0.,0.,-1.));
#2238=DIRECTION('center_axis',(0.,-1.,0.));
#2239=DIRECTION('ref_axis',(0.,0.,1.));
#2240=DIRECTION('',(0.,-1.,0.));
#2241=DIRECTION('center_axis',(0.,-1.,0.));
#2242=DIRECTION('ref_axis',(0.,0.,1.));
#2243=DIRECTION('center_axis',(0.,-1.,0.));
#2244=DIRECTION('ref_axis',(0.,0.,-1.));
#2245=DIRECTION('center_axis',(0.,-1.,0.));
#2246=DIRECTION('ref_axis',(0.,0.,1.));
#2247=DIRECTION('',(0.,-1.,0.));
#2248=DIRECTION('center_axis',(0.,-1.,0.));
#2249=DIRECTION('ref_axis',(0.,0.,1.));
#2250=DIRECTION('center_axis',(0.,-1.,0.));
#2251=DIRECTION('ref_axis',(0.,0.,-1.));
#2252=DIRECTION('center_axis',(0.,-1.,0.));
#2253=DIRECTION('ref_axis',(0.,0.,1.));
#2254=DIRECTION('',(0.,-1.,0.));
#2255=DIRECTION('center_axis',(0.,-1.,0.));
#2256=DIRECTION('ref_axis',(0.,0.,1.));
#2257=DIRECTION('center_axis',(0.,-1.,0.));
#2258=DIRECTION('ref_axis',(0.,0.,-1.));
#2259=DIRECTION('center_axis',(0.,-1.,0.));
#2260=DIRECTION('ref_axis',(0.,0.,1.));
#2261=DIRECTION('',(0.,-1.,0.));
#2262=DIRECTION('center_axis',(0.,-1.,0.));
#2263=DIRECTION('ref_axis',(0.,0.,1.));
#2264=DIRECTION('center_axis',(0.,-1.,0.));
#2265=DIRECTION('ref_axis',(0.,0.,-1.));
#2266=DIRECTION('center_axis',(0.,-1.,0.));
#2267=DIRECTION('ref_axis',(0.,0.,1.));
#2268=DIRECTION('',(0.,-1.,0.));
#2269=DIRECTION('center_axis',(0.,-1.,0.));
#2270=DIRECTION('ref_axis',(0.,0.,1.));
#2271=DIRECTION('center_axis',(0.,-1.,0.));
#2272=DIRECTION('ref_axis',(0.,0.,-1.));
#2273=DIRECTION('center_axis',(0.,-1.,0.));
#2274=DIRECTION('ref_axis',(0.,0.,1.));
#2275=DIRECTION('',(0.,-1.,0.));
#2276=DIRECTION('center_axis',(0.,-1.,0.));
#2277=DIRECTION('ref_axis',(0.,0.,1.));
#2278=DIRECTION('center_axis',(0.,-1.,0.));
#2279=DIRECTION('ref_axis',(0.,0.,-1.));
#2280=DIRECTION('center_axis',(0.,-1.,0.));
#2281=DIRECTION('ref_axis',(0.,0.,1.));
#2282=DIRECTION('',(0.,-1.,0.));
#2283=DIRECTION('center_axis',(0.,-1.,0.));
#2284=DIRECTION('ref_axis',(0.,0.,1.));
#2285=DIRECTION('center_axis',(0.,-1.,0.));
#2286=DIRECTION('ref_axis',(0.,0.,-1.));
#2287=DIRECTION('center_axis',(0.,-1.,0.));
#2288=DIRECTION('ref_axis',(0.,0.,1.));
#2289=DIRECTION('',(0.,-1.,0.));
#2290=DIRECTION('center_axis',(0.,-1.,0.));
#2291=DIRECTION('ref_axis',(0.,0.,1.));
#2292=DIRECTION('center_axis',(0.,-1.,0.));
#2293=DIRECTION('ref_axis',(0.,0.,-1.));
#2294=DIRECTION('center_axis',(0.,-1.,0.));
#2295=DIRECTION('ref_axis',(0.,0.,1.));
#2296=DIRECTION('',(0.,-1.,0.));
#2297=DIRECTION('center_axis',(0.,-1.,0.));
#2298=DIRECTION('ref_axis',(0.,0.,1.));
#2299=DIRECTION('center_axis',(0.,-1.,0.));
#2300=DIRECTION('ref_axis',(0.,0.,-1.));
#2301=DIRECTION('center_axis',(0.,-1.,0.));
#2302=DIRECTION('ref_axis',(0.,0.,1.));
#2303=DIRECTION('',(0.,-1.,0.));
#2304=DIRECTION('center_axis',(0.,-1.,0.));
#2305=DIRECTION('ref_axis',(0.,0.,1.));
#2306=DIRECTION('center_axis',(0.,-1.,0.));
#2307=DIRECTION('ref_axis',(0.,0.,-1.));
#2308=DIRECTION('center_axis',(0.,-1.,0.));
#2309=DIRECTION('ref_axis',(0.,0.,1.));
#2310=DIRECTION('',(0.,-1.,0.));
#2311=DIRECTION('center_axis',(0.,-1.,0.));
#2312=DIRECTION('ref_axis',(0.,0.,1.));
#2313=DIRECTION('center_axis',(0.,-1.,0.));
#2314=DIRECTION('ref_axis',(0.,0.,-1.));
#2315=DIRECTION('center_axis',(0.,-1.,0.));
#2316=DIRECTION('ref_axis',(0.,0.,1.));
#2317=DIRECTION('',(0.,-1.,0.));
#2318=DIRECTION('center_axis',(0.,-1.,0.));
#2319=DIRECTION('ref_axis',(0.,0.,1.));
#2320=DIRECTION('center_axis',(0.,0.,-1.));
#2321=DIRECTION('ref_axis',(-1.,0.,0.));
#2322=DIRECTION('center_axis',(0.,0.,-1.));
#2323=DIRECTION('ref_axis',(-1.,0.,0.));
#2324=DIRECTION('',(0.,0.,-1.));
#2325=DIRECTION('center_axis',(0.,0.,-1.));
#2326=DIRECTION('ref_axis',(-1.,0.,0.));
#2327=DIRECTION('center_axis',(0.,0.,-1.));
#2328=DIRECTION('ref_axis',(-1.,0.,0.));
#2329=DIRECTION('center_axis',(0.,0.,-1.));
#2330=DIRECTION('ref_axis',(-1.,0.,0.));
#2331=DIRECTION('',(0.,0.,-1.));
#2332=DIRECTION('center_axis',(0.,0.,-1.));
#2333=DIRECTION('ref_axis',(-1.,0.,0.));
#2334=DIRECTION('center_axis',(0.,0.,-1.));
#2335=DIRECTION('ref_axis',(-1.,0.,0.));
#2336=DIRECTION('center_axis',(0.,0.,1.));
#2337=DIRECTION('ref_axis',(1.,0.,0.));
#2338=DIRECTION('',(0.,0.,-1.));
#2339=DIRECTION('center_axis',(0.,0.,1.));
#2340=DIRECTION('ref_axis',(1.,0.,0.));
#2341=DIRECTION('center_axis',(0.,0.,-1.));
#2342=DIRECTION('ref_axis',(-1.,0.,0.));
#2343=DIRECTION('center_axis',(0.,0.,1.));
#2344=DIRECTION('ref_axis',(1.,0.,0.));
#2345=DIRECTION('',(0.,0.,-1.));
#2346=DIRECTION('center_axis',(0.,0.,1.));
#2347=DIRECTION('ref_axis',(1.,0.,0.));
#2348=DIRECTION('center_axis',(0.,0.,1.));
#2349=DIRECTION('ref_axis',(1.,0.,0.));
#2350=DIRECTION('center_axis',(0.,0.,1.));
#2351=DIRECTION('ref_axis',(1.,0.,0.));
#2352=DIRECTION('',(0.,0.,1.));
#2353=DIRECTION('center_axis',(0.,0.,1.));
#2354=DIRECTION('ref_axis',(1.,0.,0.));
#2355=DIRECTION('center_axis',(0.,0.,1.));
#2356=DIRECTION('ref_axis',(1.,0.,0.));
#2357=DIRECTION('center_axis',(0.,0.,1.));
#2358=DIRECTION('ref_axis',(1.,0.,0.));
#2359=DIRECTION('',(0.,0.,1.));
#2360=DIRECTION('center_axis',(0.,0.,1.));
#2361=DIRECTION('ref_axis',(1.,0.,0.));
#2362=DIRECTION('center_axis',(0.,0.,1.));
#2363=DIRECTION('ref_axis',(1.,0.,0.));
#2364=DIRECTION('center_axis',(0.,0.,-1.));
#2365=DIRECTION('ref_axis',(-1.,0.,0.));
#2366=DIRECTION('',(0.,0.,1.));
#2367=DIRECTION('center_axis',(0.,0.,-1.));
#2368=DIRECTION('ref_axis',(-1.,0.,0.));
#2369=DIRECTION('center_axis',(0.,0.,1.));
#2370=DIRECTION('ref_axis',(1.,0.,0.));
#2371=DIRECTION('center_axis',(0.,0.,-1.));
#2372=DIRECTION('ref_axis',(-1.,0.,0.));
#2373=DIRECTION('',(0.,0.,1.));
#2374=DIRECTION('center_axis',(0.,0.,-1.));
#2375=DIRECTION('ref_axis',(-1.,0.,0.));
#2376=DIRECTION('center_axis',(0.,-1.,0.));
#2377=DIRECTION('ref_axis',(0.,0.,-1.));
#2378=DIRECTION('center_axis',(0.,-1.,0.));
#2379=DIRECTION('ref_axis',(0.,0.,-1.));
#2380=DIRECTION('',(0.,-1.,0.));
#2381=DIRECTION('center_axis',(0.,-1.,0.));
#2382=DIRECTION('ref_axis',(0.,0.,-1.));
#2383=DIRECTION('center_axis',(0.,-1.,0.));
#2384=DIRECTION('ref_axis',(0.,0.,-1.));
#2385=DIRECTION('center_axis',(0.,1.,0.));
#2386=DIRECTION('ref_axis',(0.,0.,-1.));
#2387=DIRECTION('',(0.,-1.,0.));
#2388=DIRECTION('center_axis',(0.,1.,0.));
#2389=DIRECTION('ref_axis',(0.,0.,-1.));
#2390=DIRECTION('center_axis',(0.,1.,0.));
#2391=DIRECTION('ref_axis',(0.,0.,1.));
#2392=DIRECTION('',(0.,0.,-1.));
#2393=DIRECTION('',(-1.,0.,0.));
#2394=DIRECTION('',(0.,0.,1.));
#2395=DIRECTION('',(1.,0.,0.));
#2396=DIRECTION('center_axis',(1.,0.,0.));
#2397=DIRECTION('ref_axis',(0.,0.,-1.));
#2398=DIRECTION('',(0.,0.,1.));
#2399=DIRECTION('',(0.,-1.,0.));
#2400=DIRECTION('',(0.,-1.,0.));
#2401=DIRECTION('center_axis',(0.,0.,-1.));
#2402=DIRECTION('ref_axis',(-1.,0.,0.));
#2403=DIRECTION('',(0.,1.,0.));
#2404=DIRECTION('',(1.,0.,0.));
#2405=DIRECTION('',(0.,-1.,0.));
#2406=DIRECTION('',(1.,0.,0.));
#2407=DIRECTION('',(0.,1.,0.));
#2408=DIRECTION('',(-1.,0.,0.));
#2409=DIRECTION('center_axis',(-1.,0.,0.));
#2410=DIRECTION('ref_axis',(0.,0.,1.));
#2411=DIRECTION('',(0.,0.,-1.));
#2412=DIRECTION('',(0.,-1.,0.));
#2413=DIRECTION('',(0.,0.,-1.));
#2414=DIRECTION('center_axis',(0.,0.,1.));
#2415=DIRECTION('ref_axis',(1.,0.,0.));
#2416=DIRECTION('',(0.,1.,0.));
#2417=DIRECTION('',(1.,0.,0.));
#2418=DIRECTION('',(0.,1.,0.));
#2419=DIRECTION('',(-1.,0.,0.));
#2420=DIRECTION('',(-1.,0.,0.));
#2421=DIRECTION('center_axis',(0.,1.,0.));
#2422=DIRECTION('ref_axis',(0.,0.,1.));
#2423=DIRECTION('',(0.,0.,1.));
#2424=DIRECTION('center_axis',(0.,1.,0.));
#2425=DIRECTION('ref_axis',(0.,0.,1.));
#2426=DIRECTION('center_axis',(0.,-1.,0.));
#2427=DIRECTION('ref_axis',(0.,0.,-1.));
#2428=DIRECTION('center_axis',(0.,-1.,0.));
#2429=DIRECTION('ref_axis',(0.,0.,-1.));
#2430=DIRECTION('',(0.,0.,-1.));
#2431=DIRECTION('',(0.,0.,1.));
#2432=DIRECTION('center_axis',(1.,0.,0.));
#2433=DIRECTION('ref_axis',(0.,0.,-1.));
#2434=DIRECTION('center_axis',(-1.,0.,0.));
#2435=DIRECTION('ref_axis',(0.,0.,1.));
#2436=DIRECTION('center_axis',(0.,0.,-1.));
#2437=DIRECTION('ref_axis',(-1.,0.,0.));
#2438=DIRECTION('center_axis',(0.,0.,-1.));
#2439=DIRECTION('ref_axis',(-1.,0.,0.));
#2440=DIRECTION('center_axis',(0.,0.,-1.));
#2441=DIRECTION('ref_axis',(1.,0.,0.));
#2442=DIRECTION('center_axis',(0.,0.,-1.));
#2443=DIRECTION('ref_axis',(1.,0.,0.));
#2444=DIRECTION('center_axis',(0.,0.,1.));
#2445=DIRECTION('ref_axis',(1.,0.,0.));
#2446=DIRECTION('center_axis',(0.,0.,1.));
#2447=DIRECTION('ref_axis',(1.,0.,0.));
#2448=DIRECTION('center_axis',(0.,0.,1.));
#2449=DIRECTION('ref_axis',(-1.,0.,0.));
#2450=DIRECTION('center_axis',(0.,0.,1.));
#2451=DIRECTION('ref_axis',(-1.,0.,0.));
#2452=DIRECTION('axis',(0.,0.,1.));
#2453=DIRECTION('refdir',(1.,0.,0.));
#2454=DIRECTION('center_axis',(0.,0.,1.));
#2455=DIRECTION('ref_axis',(1.,0.,0.));
#2456=DIRECTION('center_axis',(0.,0.,1.));
#2457=DIRECTION('ref_axis',(-1.,0.,0.));
#2458=DIRECTION('',(0.,0.,1.));
#2459=DIRECTION('center_axis',(0.,0.,1.));
#2460=DIRECTION('ref_axis',(-1.,0.,0.));
#2461=DIRECTION('center_axis',(0.,0.,1.));
#2462=DIRECTION('ref_axis',(1.,0.,0.));
#2463=DIRECTION('center_axis',(0.,0.,1.));
#2464=DIRECTION('ref_axis',(-1.,0.,0.));
#2465=DIRECTION('',(0.,0.,1.));
#2466=DIRECTION('center_axis',(0.,0.,1.));
#2467=DIRECTION('ref_axis',(-1.,0.,0.));
#2468=DIRECTION('center_axis',(0.,0.,1.));
#2469=DIRECTION('ref_axis',(1.,0.,0.));
#2470=DIRECTION('center_axis',(0.,0.,1.));
#2471=DIRECTION('ref_axis',(-1.,0.,0.));
#2472=DIRECTION('',(0.,0.,1.));
#2473=DIRECTION('center_axis',(0.,0.,1.));
#2474=DIRECTION('ref_axis',(-1.,0.,0.));
#2475=DIRECTION('center_axis',(0.,0.,1.));
#2476=DIRECTION('ref_axis',(1.,0.,0.));
#2477=DIRECTION('center_axis',(0.,0.,1.));
#2478=DIRECTION('ref_axis',(-1.,0.,0.));
#2479=DIRECTION('',(0.,0.,1.));
#2480=DIRECTION('center_axis',(0.,0.,1.));
#2481=DIRECTION('ref_axis',(-1.,0.,0.));
#2482=DIRECTION('center_axis',(0.,0.,1.));
#2483=DIRECTION('ref_axis',(1.,0.,0.));
#2484=DIRECTION('center_axis',(0.,0.,1.));
#2485=DIRECTION('ref_axis',(-1.,0.,0.));
#2486=DIRECTION('',(0.,0.,1.));
#2487=DIRECTION('center_axis',(0.,0.,1.));
#2488=DIRECTION('ref_axis',(-1.,0.,0.));
#2489=DIRECTION('center_axis',(0.,0.,1.));
#2490=DIRECTION('ref_axis',(1.,0.,0.));
#2491=DIRECTION('center_axis',(0.,0.,1.));
#2492=DIRECTION('ref_axis',(-1.,0.,0.));
#2493=DIRECTION('',(0.,0.,1.));
#2494=DIRECTION('center_axis',(0.,0.,1.));
#2495=DIRECTION('ref_axis',(-1.,0.,0.));
#2496=DIRECTION('center_axis',(0.,0.,1.));
#2497=DIRECTION('ref_axis',(1.,0.,0.));
#2498=DIRECTION('center_axis',(0.,0.,1.));
#2499=DIRECTION('ref_axis',(-1.,0.,0.));
#2500=DIRECTION('',(0.,0.,1.));
#2501=DIRECTION('center_axis',(0.,0.,1.));
#2502=DIRECTION('ref_axis',(-1.,0.,0.));
#2503=DIRECTION('center_axis',(0.,0.,1.));
#2504=DIRECTION('ref_axis',(1.,0.,0.));
#2505=DIRECTION('center_axis',(0.,0.,1.));
#2506=DIRECTION('ref_axis',(-1.,0.,0.));
#2507=DIRECTION('',(0.,0.,1.));
#2508=DIRECTION('center_axis',(0.,0.,1.));
#2509=DIRECTION('ref_axis',(-1.,0.,0.));
#2510=DIRECTION('center_axis',(0.,0.,1.));
#2511=DIRECTION('ref_axis',(1.,0.,0.));
#2512=DIRECTION('center_axis',(0.,0.,1.));
#2513=DIRECTION('ref_axis',(-1.,0.,0.));
#2514=DIRECTION('',(0.,0.,1.));
#2515=DIRECTION('center_axis',(0.,0.,1.));
#2516=DIRECTION('ref_axis',(-1.,0.,0.));
#2517=DIRECTION('center_axis',(0.,0.,1.));
#2518=DIRECTION('ref_axis',(1.,0.,0.));
#2519=DIRECTION('center_axis',(0.,0.,1.));
#2520=DIRECTION('ref_axis',(-1.,0.,0.));
#2521=DIRECTION('',(0.,0.,1.));
#2522=DIRECTION('center_axis',(0.,0.,1.));
#2523=DIRECTION('ref_axis',(-1.,0.,0.));
#2524=DIRECTION('center_axis',(-1.,0.,0.));
#2525=DIRECTION('ref_axis',(0.,0.,1.));
#2526=DIRECTION('',(0.,1.,0.));
#2527=DIRECTION('',(0.,0.,-1.));
#2528=DIRECTION('',(0.,1.,0.));
#2529=DIRECTION('',(0.,0.,-1.));
#2530=DIRECTION('center_axis',(0.,-1.,0.));
#2531=DIRECTION('ref_axis',(0.,0.,-1.));
#2532=DIRECTION('',(-1.,0.,0.));
#2533=DIRECTION('',(0.,0.,-1.));
#2534=DIRECTION('',(-1.,0.,0.));
#2535=DIRECTION('center_axis',(1.,0.,0.));
#2536=DIRECTION('ref_axis',(0.,0.,-1.));
#2537=DIRECTION('',(0.,-1.,0.));
#2538=DIRECTION('',(0.,0.,-1.));
#2539=DIRECTION('',(0.,-1.,0.));
#2540=DIRECTION('center_axis',(0.,1.,0.));
#2541=DIRECTION('ref_axis',(0.,0.,1.));
#2542=DIRECTION('',(1.,0.,0.));
#2543=DIRECTION('',(1.,0.,0.));
#2544=DIRECTION('center_axis',(0.,0.,-1.));
#2545=DIRECTION('ref_axis',(-1.,0.,0.));
#2546=DIRECTION('center_axis',(0.,0.,-1.));
#2547=DIRECTION('ref_axis',(-1.,0.,0.));
#2548=DIRECTION('axis',(0.,0.,1.));
#2549=DIRECTION('refdir',(1.,0.,0.));
#2550=DIRECTION('center_axis',(-1.,0.,0.));
#2551=DIRECTION('ref_axis',(0.,0.,1.));
#2552=DIRECTION('center_axis',(-1.,0.,0.));
#2553=DIRECTION('ref_axis',(0.,0.,1.));
#2554=DIRECTION('',(-1.,0.,0.));
#2555=DIRECTION('center_axis',(-1.,0.,0.));
#2556=DIRECTION('ref_axis',(0.,0.,1.));
#2557=DIRECTION('',(-1.,0.,0.));
#2558=DIRECTION('center_axis',(0.,0.,-1.));
#2559=DIRECTION('ref_axis',(-1.,0.,0.));
#2560=DIRECTION('',(0.,-1.,0.));
#2561=DIRECTION('',(-1.,0.,0.));
#2562=DIRECTION('',(0.,-1.,0.));
#2563=DIRECTION('center_axis',(-1.,0.,0.));
#2564=DIRECTION('ref_axis',(0.,0.,1.));
#2565=DIRECTION('center_axis',(-1.,0.,0.));
#2566=DIRECTION('ref_axis',(0.,0.,1.));
#2567=DIRECTION('',(-1.,0.,0.));
#2568=DIRECTION('center_axis',(-1.,0.,0.));
#2569=DIRECTION('ref_axis',(0.,0.,1.));
#2570=DIRECTION('center_axis',(0.,1.,0.));
#2571=DIRECTION('ref_axis',(0.,0.,1.));
#2572=DIRECTION('',(0.,0.,-1.));
#2573=DIRECTION('',(-1.,0.,0.));
#2574=DIRECTION('',(0.,0.,-1.));
#2575=DIRECTION('center_axis',(-1.,0.,0.));
#2576=DIRECTION('ref_axis',(0.,0.,1.));
#2577=DIRECTION('center_axis',(-1.,0.,0.));
#2578=DIRECTION('ref_axis',(0.,0.,1.));
#2579=DIRECTION('',(-1.,0.,0.));
#2580=DIRECTION('center_axis',(-1.,0.,0.));
#2581=DIRECTION('ref_axis',(0.,0.,1.));
#2582=DIRECTION('center_axis',(0.,0.,1.));
#2583=DIRECTION('ref_axis',(1.,0.,0.));
#2584=DIRECTION('',(0.,1.,0.));
#2585=DIRECTION('',(-1.,0.,0.));
#2586=DIRECTION('',(0.,1.,0.));
#2587=DIRECTION('center_axis',(-1.,0.,0.));
#2588=DIRECTION('ref_axis',(0.,0.,1.));
#2589=DIRECTION('center_axis',(-1.,0.,0.));
#2590=DIRECTION('ref_axis',(0.,0.,1.));
#2591=DIRECTION('',(-1.,0.,0.));
#2592=DIRECTION('center_axis',(-1.,0.,0.));
#2593=DIRECTION('ref_axis',(0.,0.,1.));
#2594=DIRECTION('center_axis',(-1.,0.,0.));
#2595=DIRECTION('ref_axis',(0.,0.,1.));
#2596=DIRECTION('center_axis',(1.,0.,0.));
#2597=DIRECTION('ref_axis',(0.,0.,-1.));
#2598=DIRECTION('',(-1.,0.,0.));
#2599=DIRECTION('center_axis',(1.,0.,0.));
#2600=DIRECTION('ref_axis',(0.,0.,-1.));
#2601=DIRECTION('center_axis',(0.,0.,1.));
#2602=DIRECTION('ref_axis',(1.,0.,0.));
#2603=DIRECTION('',(0.,1.,0.));
#2604=DIRECTION('',(-1.,0.,0.));
#2605=DIRECTION('',(0.,1.,0.));
#2606=DIRECTION('center_axis',(-1.,0.,0.));
#2607=DIRECTION('ref_axis',(0.,0.,1.));
#2608=DIRECTION('center_axis',(1.,0.,0.));
#2609=DIRECTION('ref_axis',(0.,0.,-1.));
#2610=DIRECTION('',(-1.,0.,0.));
#2611=DIRECTION('center_axis',(1.,0.,0.));
#2612=DIRECTION('ref_axis',(0.,0.,-1.));
#2613=DIRECTION('center_axis',(-1.,0.,0.));
#2614=DIRECTION('ref_axis',(0.,0.,1.));
#2615=DIRECTION('center_axis',(-1.,0.,0.));
#2616=DIRECTION('ref_axis',(0.,0.,1.));
#2617=DIRECTION('',(-1.,0.,0.));
#2618=DIRECTION('center_axis',(-1.,0.,0.));
#2619=DIRECTION('ref_axis',(0.,0.,1.));
#2620=DIRECTION('center_axis',(0.,0.,1.));
#2621=DIRECTION('ref_axis',(1.,0.,0.));
#2622=DIRECTION('',(0.,1.,0.));
#2623=DIRECTION('',(-1.,0.,0.));
#2624=DIRECTION('',(0.,1.,0.));
#2625=DIRECTION('center_axis',(-1.,0.,0.));
#2626=DIRECTION('ref_axis',(0.,0.,1.));
#2627=DIRECTION('center_axis',(-1.,0.,0.));
#2628=DIRECTION('ref_axis',(0.,0.,1.));
#2629=DIRECTION('',(-1.,0.,0.));
#2630=DIRECTION('center_axis',(-1.,0.,0.));
#2631=DIRECTION('ref_axis',(0.,0.,1.));
#2632=DIRECTION('center_axis',(0.,-1.,0.));
#2633=DIRECTION('ref_axis',(0.,0.,-1.));
#2634=DIRECTION('',(0.,0.,1.));
#2635=DIRECTION('',(-1.,0.,0.));
#2636=DIRECTION('',(0.,0.,1.));
#2637=DIRECTION('center_axis',(-1.,0.,0.));
#2638=DIRECTION('ref_axis',(0.,0.,1.));
#2639=DIRECTION('center_axis',(-1.,0.,0.));
#2640=DIRECTION('ref_axis',(0.,0.,1.));
#2641=DIRECTION('',(-1.,0.,0.));
#2642=DIRECTION('center_axis',(-1.,0.,0.));
#2643=DIRECTION('ref_axis',(0.,0.,1.));
#2644=DIRECTION('center_axis',(0.,0.,-1.));
#2645=DIRECTION('ref_axis',(-1.,0.,0.));
#2646=DIRECTION('',(0.,-1.,0.));
#2647=DIRECTION('',(-1.,0.,0.));
#2648=DIRECTION('',(0.,-1.,0.));
#2649=DIRECTION('center_axis',(-1.,0.,0.));
#2650=DIRECTION('ref_axis',(0.,0.,1.));
#2651=DIRECTION('center_axis',(-1.,0.,0.));
#2652=DIRECTION('ref_axis',(0.,0.,1.));
#2653=DIRECTION('',(-1.,0.,0.));
#2654=DIRECTION('center_axis',(-1.,0.,0.));
#2655=DIRECTION('ref_axis',(0.,0.,1.));
#2656=DIRECTION('center_axis',(-1.,0.,0.));
#2657=DIRECTION('ref_axis',(0.,0.,1.));
#2658=DIRECTION('center_axis',(1.,0.,0.));
#2659=DIRECTION('ref_axis',(0.,0.,-1.));
#2660=DIRECTION('',(-1.,0.,0.));
#2661=DIRECTION('center_axis',(1.,0.,0.));
#2662=DIRECTION('ref_axis',(0.,0.,-1.));
#2663=DIRECTION('center_axis',(0.,0.,-1.));
#2664=DIRECTION('ref_axis',(-1.,0.,0.));
#2665=DIRECTION('',(0.,-1.,0.));
#2666=DIRECTION('',(-1.,0.,0.));
#2667=DIRECTION('',(0.,-1.,0.));
#2668=DIRECTION('center_axis',(-1.,0.,0.));
#2669=DIRECTION('ref_axis',(0.,0.,1.));
#2670=DIRECTION('center_axis',(1.,0.,0.));
#2671=DIRECTION('ref_axis',(0.,0.,-1.));
#2672=DIRECTION('center_axis',(1.,0.,0.));
#2673=DIRECTION('ref_axis',(0.,0.,-1.));
#2674=DIRECTION('center_axis',(-1.,0.,0.));
#2675=DIRECTION('ref_axis',(0.,0.,1.));
#2676=DIRECTION('center_axis',(-1.,0.,0.));
#2677=DIRECTION('ref_axis',(0.,0.,1.));
#2678=DIRECTION('axis',(0.,0.,1.));
#2679=DIRECTION('refdir',(1.,0.,0.));
#2680=DIRECTION('center_axis',(1.,0.,0.));
#2681=DIRECTION('ref_axis',(0.,0.,-1.));
#2682=DIRECTION('center_axis',(-1.,0.,0.));
#2683=DIRECTION('ref_axis',(0.,0.,1.));
#2684=DIRECTION('',(1.,0.,0.));
#2685=DIRECTION('center_axis',(-1.,0.,0.));
#2686=DIRECTION('ref_axis',(0.,0.,1.));
#2687=DIRECTION('center_axis',(1.,0.,0.));
#2688=DIRECTION('ref_axis',(0.,0.,-1.));
#2689=DIRECTION('',(0.,0.,1.));
#2690=DIRECTION('',(0.,1.,0.));
#2691=DIRECTION('',(0.,0.,-1.));
#2692=DIRECTION('',(0.,-1.,0.));
#2693=DIRECTION('center_axis',(1.,0.,0.));
#2694=DIRECTION('ref_axis',(0.,0.,-1.));
#2695=DIRECTION('',(0.,0.,1.));
#2696=DIRECTION('',(0.,-1.,0.));
#2697=DIRECTION('',(0.,0.,-1.));
#2698=DIRECTION('',(0.,1.,0.));
#2699=DIRECTION('center_axis',(0.,1.,0.));
#2700=DIRECTION('ref_axis',(0.,0.,1.));
#2701=DIRECTION('',(1.,0.,0.));
#2702=DIRECTION('',(1.,0.,0.));
#2703=DIRECTION('center_axis',(0.,0.,-1.));
#2704=DIRECTION('ref_axis',(-1.,0.,0.));
#2705=DIRECTION('',(1.,0.,0.));
#2706=DIRECTION('center_axis',(0.,-1.,0.));
#2707=DIRECTION('ref_axis',(0.,0.,-1.));
#2708=DIRECTION('',(1.,0.,0.));
#2709=DIRECTION('center_axis',(0.,0.,1.));
#2710=DIRECTION('ref_axis',(1.,0.,0.));
#2711=DIRECTION('',(0.,0.,1.));
#2712=DIRECTION('',(1.,0.,0.));
#2713=DIRECTION('',(0.,0.,1.));
#2714=DIRECTION('',(0.,1.,0.));
#2715=DIRECTION('',(0.,-1.,0.));
#2716=DIRECTION('',(1.,0.,0.));
#2717=DIRECTION('',(0.,0.,-1.));
#2718=DIRECTION('',(0.,1.,0.));
#2719=DIRECTION('',(-1.,0.,0.));
#2720=DIRECTION('',(0.,1.,0.));
#2721=CARTESIAN_POINT('',(0.,0.,0.));
#2722=CARTESIAN_POINT('',(0.,0.,0.));
#2723=CARTESIAN_POINT('Origin',(0.,-18.,0.));
#2724=CARTESIAN_POINT('',(-4.89858719658941E-16,-30.,4.));
#2725=CARTESIAN_POINT('Origin',(0.,-30.,0.));
#2726=CARTESIAN_POINT('',(-4.89858719658941E-16,-48.,4.));
#2727=CARTESIAN_POINT('',(-4.89858719658941E-16,-18.,4.));
#2728=CARTESIAN_POINT('Origin',(0.,-48.,0.));
#2729=CARTESIAN_POINT('Origin',(0.,-48.,0.));
#2730=CARTESIAN_POINT('',(-1.83697019872103E-15,-30.,-15.));
#2731=CARTESIAN_POINT('Origin',(0.,-30.,0.));
#2732=CARTESIAN_POINT('',(-1.83697019872103E-15,-48.,-15.));
#2733=CARTESIAN_POINT('',(-1.83697019872103E-15,-48.,-15.));
#2734=CARTESIAN_POINT('Origin',(0.,-48.,0.));
#2735=CARTESIAN_POINT('Origin',(0.,-48.,0.));
#2736=CARTESIAN_POINT('Origin',(0.,-30.,0.));
#2737=CARTESIAN_POINT('Origin',(155.,22.,50.));
#2738=CARTESIAN_POINT('',(155.,-18.,54.));
#2739=CARTESIAN_POINT('Origin',(155.,-18.,50.));
#2740=CARTESIAN_POINT('',(155.,-30.,54.));
#2741=CARTESIAN_POINT('',(155.,22.,54.));
#2742=CARTESIAN_POINT('Origin',(155.,-30.,50.));
#2743=CARTESIAN_POINT('Origin',(-155.,22.,50.));
#2744=CARTESIAN_POINT('',(-155.,-18.,54.));
#2745=CARTESIAN_POINT('Origin',(-155.,-18.,50.));
#2746=CARTESIAN_POINT('',(-155.,-30.,54.));
#2747=CARTESIAN_POINT('',(-155.,22.,54.));
#2748=CARTESIAN_POINT('Origin',(-155.,-30.,50.));
#2749=CARTESIAN_POINT('Origin',(-155.,22.,-50.));
#2750=CARTESIAN_POINT('',(-155.,-18.,-46.));
#2751=CARTESIAN_POINT('Origin',(-155.,-18.,-50.));
#2752=CARTESIAN_POINT('',(-155.,-30.,-46.));
#2753=CARTESIAN_POINT('',(-155.,22.,-46.));
#2754=CARTESIAN_POINT('Origin',(-155.,-30.,-50.));
#2755=CARTESIAN_POINT('Origin',(-100.,22.,-50.));
#2756=CARTESIAN_POINT('',(-100.,-18.,-46.));
#2757=CARTESIAN_POINT('Origin',(-100.,-18.,-50.));
#2758=CARTESIAN_POINT('',(-100.,-30.,-46.));
#2759=CARTESIAN_POINT('',(-100.,22.,-46.));
#2760=CARTESIAN_POINT('Origin',(-100.,-30.,-50.));
#2761=CARTESIAN_POINT('Origin',(-50.,22.,50.));
#2762=CARTESIAN_POINT('',(-50.,-18.,54.));
#2763=CARTESIAN_POINT('Origin',(-50.,-18.,50.));
#2764=CARTESIAN_POINT('',(-50.,-30.,54.));
#2765=CARTESIAN_POINT('',(-50.,22.,54.));
#2766=CARTESIAN_POINT('Origin',(-50.,-30.,50.));
#2767=CARTESIAN_POINT('Origin',(100.,22.,-50.));
#2768=CARTESIAN_POINT('',(100.,-18.,-46.));
#2769=CARTESIAN_POINT('Origin',(100.,-18.,-50.));
#2770=CARTESIAN_POINT('',(100.,-30.,-46.));
#2771=CARTESIAN_POINT('',(100.,22.,-46.));
#2772=CARTESIAN_POINT('Origin',(100.,-30.,-50.));
#2773=CARTESIAN_POINT('Origin',(100.,22.,50.));
#2774=CARTESIAN_POINT('',(100.,-18.,54.));
#2775=CARTESIAN_POINT('Origin',(100.,-18.,50.));
#2776=CARTESIAN_POINT('',(100.,-30.,54.));
#2777=CARTESIAN_POINT('',(100.,22.,54.));
#2778=CARTESIAN_POINT('Origin',(100.,-30.,50.));
#2779=CARTESIAN_POINT('Origin',(-100.,22.,50.));
#2780=CARTESIAN_POINT('',(-100.,-18.,54.));
#2781=CARTESIAN_POINT('Origin',(-100.,-18.,50.));
#2782=CARTESIAN_POINT('',(-100.,-30.,54.));
#2783=CARTESIAN_POINT('',(-100.,22.,54.));
#2784=CARTESIAN_POINT('Origin',(-100.,-30.,50.));
#2785=CARTESIAN_POINT('Origin',(155.,22.,-19.0155532949508));
#2786=CARTESIAN_POINT('',(155.,-18.,-15.0155532949508));
#2787=CARTESIAN_POINT('Origin',(155.,-18.,-19.0155532949508));
#2788=CARTESIAN_POINT('',(155.,-30.,-15.0155532949508));
#2789=CARTESIAN_POINT('',(155.,22.,-15.0155532949508));
#2790=CARTESIAN_POINT('Origin',(155.,-30.,-19.0155532949508));
#2791=CARTESIAN_POINT('Origin',(-35.,22.,20.));
#2792=CARTESIAN_POINT('',(-35.,-18.,24.));
#2793=CARTESIAN_POINT('Origin',(-35.,-18.,20.));
#2794=CARTESIAN_POINT('',(-35.,-30.,24.));
#2795=CARTESIAN_POINT('',(-35.,22.,24.));
#2796=CARTESIAN_POINT('Origin',(-35.,-30.,20.));
#2797=CARTESIAN_POINT('Origin',(35.,22.,20.));
#2798=CARTESIAN_POINT('',(35.,-18.,24.));
#2799=CARTESIAN_POINT('Origin',(35.,-18.,20.));
#2800=CARTESIAN_POINT('',(35.,-30.,24.));
#2801=CARTESIAN_POINT('',(35.,22.,24.));
#2802=CARTESIAN_POINT('Origin',(35.,-30.,20.));
#2803=CARTESIAN_POINT('Origin',(35.,22.,-20.));
#2804=CARTESIAN_POINT('',(35.,-18.,-16.));
#2805=CARTESIAN_POINT('Origin',(35.,-18.,-20.));
#2806=CARTESIAN_POINT('',(35.,-30.,-16.));
#2807=CARTESIAN_POINT('',(35.,22.,-16.));
#2808=CARTESIAN_POINT('Origin',(35.,-30.,-20.));
#2809=CARTESIAN_POINT('Origin',(155.,22.,19.0155532949508));
#2810=CARTESIAN_POINT('',(155.,-18.,23.0155532949508));
#2811=CARTESIAN_POINT('Origin',(155.,-18.,19.0155532949508));
#2812=CARTESIAN_POINT('',(155.,-30.,23.0155532949508));
#2813=CARTESIAN_POINT('',(155.,22.,23.0155532949508));
#2814=CARTESIAN_POINT('Origin',(155.,-30.,19.0155532949508));
#2815=CARTESIAN_POINT('Origin',(-155.,22.,19.0155532949508));
#2816=CARTESIAN_POINT('',(-155.,-18.,23.0155532949509));
#2817=CARTESIAN_POINT('Origin',(-155.,-18.,19.0155532949508));
#2818=CARTESIAN_POINT('',(-155.,-30.,23.0155532949509));
#2819=CARTESIAN_POINT('',(-155.,22.,23.0155532949509));
#2820=CARTESIAN_POINT('Origin',(-155.,-30.,19.0155532949508));
#2821=CARTESIAN_POINT('Origin',(-155.,22.,-19.0155532949508));
#2822=CARTESIAN_POINT('',(-155.,-18.,-15.0155532949507));
#2823=CARTESIAN_POINT('Origin',(-155.,-18.,-19.0155532949508));
#2824=CARTESIAN_POINT('',(-155.,-30.,-15.0155532949507));
#2825=CARTESIAN_POINT('',(-155.,22.,-15.0155532949507));
#2826=CARTESIAN_POINT('Origin',(-155.,-30.,-19.0155532949508));
#2827=CARTESIAN_POINT('Origin',(155.,22.,-50.));
#2828=CARTESIAN_POINT('',(155.,-18.,-46.));
#2829=CARTESIAN_POINT('Origin',(155.,-18.,-50.));
#2830=CARTESIAN_POINT('',(155.,-30.,-46.));
#2831=CARTESIAN_POINT('',(155.,22.,-46.));
#2832=CARTESIAN_POINT('Origin',(155.,-30.,-50.));
#2833=CARTESIAN_POINT('Origin',(-169.,22.,0.));
#2834=CARTESIAN_POINT('',(-169.,-18.,3.99999999999999));
#2835=CARTESIAN_POINT('Origin',(-169.,-18.,0.));
#2836=CARTESIAN_POINT('',(-169.,-30.,3.99999999999999));
#2837=CARTESIAN_POINT('',(-169.,22.,3.99999999999999));
#2838=CARTESIAN_POINT('Origin',(-169.,-30.,0.));
#2839=CARTESIAN_POINT('Origin',(50.,22.,-50.));
#2840=CARTESIAN_POINT('',(50.,-18.,-46.));
#2841=CARTESIAN_POINT('Origin',(50.,-18.,-50.));
#2842=CARTESIAN_POINT('',(50.,-30.,-46.));
#2843=CARTESIAN_POINT('',(50.,22.,-46.));
#2844=CARTESIAN_POINT('Origin',(50.,-30.,-50.));
#2845=CARTESIAN_POINT('Origin',(50.,22.,50.));
#2846=CARTESIAN_POINT('',(50.,-18.,54.0000000000001));
#2847=CARTESIAN_POINT('Origin',(50.,-18.,50.));
#2848=CARTESIAN_POINT('',(50.,-30.,54.0000000000001));
#2849=CARTESIAN_POINT('',(50.,22.,54.0000000000001));
#2850=CARTESIAN_POINT('Origin',(50.,-30.,50.));
#2851=CARTESIAN_POINT('Origin',(-50.,22.,-50.));
#2852=CARTESIAN_POINT('',(-50.,-18.,-46.));
#2853=CARTESIAN_POINT('Origin',(-50.,-18.,-50.));
#2854=CARTESIAN_POINT('',(-50.,-30.,-46.));
#2855=CARTESIAN_POINT('',(-50.,22.,-46.));
#2856=CARTESIAN_POINT('Origin',(-50.,-30.,-50.));
#2857=CARTESIAN_POINT('Origin',(169.,22.,0.));
#2858=CARTESIAN_POINT('',(169.,-18.,3.99999999999999));
#2859=CARTESIAN_POINT('Origin',(169.,-18.,0.));
#2860=CARTESIAN_POINT('',(169.,-30.,3.99999999999999));
#2861=CARTESIAN_POINT('',(169.,22.,3.99999999999999));
#2862=CARTESIAN_POINT('Origin',(169.,-30.,0.));
#2863=CARTESIAN_POINT('Origin',(-35.,22.,-20.));
#2864=CARTESIAN_POINT('',(-35.,-18.,-16.));
#2865=CARTESIAN_POINT('Origin',(-35.,-18.,-20.));
#2866=CARTESIAN_POINT('',(-35.,-30.,-16.));
#2867=CARTESIAN_POINT('',(-35.,22.,-16.));
#2868=CARTESIAN_POINT('Origin',(-35.,-30.,-20.));
#2869=CARTESIAN_POINT('Origin',(-60.,-24.,-18.));
#2870=CARTESIAN_POINT('',(-55.,-24.,-18.));
#2871=CARTESIAN_POINT('Origin',(-60.,-24.,-18.));
#2872=CARTESIAN_POINT('',(-55.,-24.,-60.));
#2873=CARTESIAN_POINT('',(-55.,-24.,-18.));
#2874=CARTESIAN_POINT('Origin',(-60.,-24.,-60.));
#2875=CARTESIAN_POINT('Origin',(-140.,-24.,-18.));
#2876=CARTESIAN_POINT('',(-135.,-24.,-18.));
#2877=CARTESIAN_POINT('Origin',(-140.,-24.,-18.));
#2878=CARTESIAN_POINT('',(-135.,-24.,-60.));
#2879=CARTESIAN_POINT('',(-135.,-24.,-18.));
#2880=CARTESIAN_POINT('Origin',(-140.,-24.,-60.));
#2881=CARTESIAN_POINT('Origin',(60.,-24.,-18.));
#2882=CARTESIAN_POINT('',(65.,-24.,-18.));
#2883=CARTESIAN_POINT('Origin',(60.,-24.,-18.));
#2884=CARTESIAN_POINT('',(65.,-24.,-60.));
#2885=CARTESIAN_POINT('',(65.,-24.,-18.));
#2886=CARTESIAN_POINT('Origin',(60.,-24.,-60.));
#2887=CARTESIAN_POINT('Origin',(140.,-24.,-18.));
#2888=CARTESIAN_POINT('',(145.,-24.,-18.));
#2889=CARTESIAN_POINT('Origin',(140.,-24.,-18.));
#2890=CARTESIAN_POINT('',(145.,-24.,-60.));
#2891=CARTESIAN_POINT('',(145.,-24.,-18.));
#2892=CARTESIAN_POINT('Origin',(140.,-24.,-60.));
#2893=CARTESIAN_POINT('Origin',(60.,-24.,18.));
#2894=CARTESIAN_POINT('',(55.,-24.,18.));
#2895=CARTESIAN_POINT('Origin',(60.,-24.,18.));
#2896=CARTESIAN_POINT('',(55.,-24.,60.));
#2897=CARTESIAN_POINT('',(55.,-24.,18.));
#2898=CARTESIAN_POINT('Origin',(60.,-24.,60.));
#2899=CARTESIAN_POINT('Origin',(140.,-24.,18.));
#2900=CARTESIAN_POINT('',(135.,-24.,18.));
#2901=CARTESIAN_POINT('Origin',(140.,-24.,18.));
#2902=CARTESIAN_POINT('',(135.,-24.,60.));
#2903=CARTESIAN_POINT('',(135.,-24.,18.));
#2904=CARTESIAN_POINT('Origin',(140.,-24.,60.));
#2905=CARTESIAN_POINT('Origin',(-60.,-24.,18.));
#2906=CARTESIAN_POINT('',(-65.,-24.,18.));
#2907=CARTESIAN_POINT('Origin',(-60.,-24.,18.));
#2908=CARTESIAN_POINT('',(-65.,-24.,60.));
#2909=CARTESIAN_POINT('',(-65.,-24.,18.));
#2910=CARTESIAN_POINT('Origin',(-60.,-24.,60.));
#2911=CARTESIAN_POINT('Origin',(-140.,-24.,18.));
#2912=CARTESIAN_POINT('',(-145.,-24.,18.));
#2913=CARTESIAN_POINT('Origin',(-140.,-24.,18.));
#2914=CARTESIAN_POINT('',(-145.,-24.,60.));
#2915=CARTESIAN_POINT('',(-145.,-24.,18.));
#2916=CARTESIAN_POINT('Origin',(-140.,-24.,60.));
#2917=CARTESIAN_POINT('Origin',(0.,-28.,0.));
#2918=CARTESIAN_POINT('',(-3.67394039744206E-15,-28.,30.));
#2919=CARTESIAN_POINT('Origin',(0.,-28.,0.));
#2920=CARTESIAN_POINT('',(-3.67394039744206E-15,-30.,30.));
#2921=CARTESIAN_POINT('',(-3.67394039744206E-15,-28.,30.));
#2922=CARTESIAN_POINT('Origin',(0.,-30.,0.));
#2923=CARTESIAN_POINT('Origin',(0.,-18.,0.));
#2924=CARTESIAN_POINT('',(-4.89858719658941E-16,-22.,4.));
#2925=CARTESIAN_POINT('Origin',(0.,-22.,0.));
#2926=CARTESIAN_POINT('',(-4.89858719658941E-16,-28.,4.));
#2927=CARTESIAN_POINT('',(-4.89858719658941E-16,-18.,4.));
#2928=CARTESIAN_POINT('Origin',(0.,-28.,0.));
#2929=CARTESIAN_POINT('Origin',(0.,-18.,0.));
#2930=CARTESIAN_POINT('',(5.,-18.,60.));
#2931=CARTESIAN_POINT('',(5.,-18.,-60.));
#2932=CARTESIAN_POINT('',(5.,-18.,60.));
#2933=CARTESIAN_POINT('',(175.,-18.,60.));
#2934=CARTESIAN_POINT('',(-175.,-18.,60.));
#2935=CARTESIAN_POINT('',(175.,-18.,-60.));
#2936=CARTESIAN_POINT('',(175.,-18.,-60.));
#2937=CARTESIAN_POINT('',(-175.,-18.,-60.));
#2938=CARTESIAN_POINT('Origin',(175.,-18.,-60.));
#2939=CARTESIAN_POINT('',(175.,-30.,-60.));
#2940=CARTESIAN_POINT('',(175.,-30.,60.));
#2941=CARTESIAN_POINT('',(175.,-30.,-60.));
#2942=CARTESIAN_POINT('',(175.,-18.,-60.));
#2943=CARTESIAN_POINT('',(175.,-18.,60.));
#2944=CARTESIAN_POINT('Origin',(-175.,-18.,-60.));
#2945=CARTESIAN_POINT('',(5.,-22.,-60.));
#2946=CARTESIAN_POINT('',(5.,-22.,-60.));
#2947=CARTESIAN_POINT('',(-175.,-30.,-60.));
#2948=CARTESIAN_POINT('',(-175.,-30.,-60.));
#2949=CARTESIAN_POINT('',(-175.,-18.,-60.));
#2950=CARTESIAN_POINT('',(-175.,-18.,-60.));
#2951=CARTESIAN_POINT('',(-5.,-18.,-60.));
#2952=CARTESIAN_POINT('',(-175.,-18.,-60.));
#2953=CARTESIAN_POINT('',(-5.,-22.,-60.));
#2954=CARTESIAN_POINT('',(-5.,-22.,-60.));
#2955=CARTESIAN_POINT('',(-5.,-22.,-60.));
#2956=CARTESIAN_POINT('Origin',(-175.,-18.,-60.));
#2957=CARTESIAN_POINT('',(-175.,-30.,60.));
#2958=CARTESIAN_POINT('',(-175.,-30.,-60.));
#2959=CARTESIAN_POINT('',(-175.,-18.,60.));
#2960=CARTESIAN_POINT('',(-175.,-18.,60.));
#2961=CARTESIAN_POINT('',(-175.,-18.,-60.));
#2962=CARTESIAN_POINT('Origin',(-175.,-18.,60.));
#2963=CARTESIAN_POINT('',(5.,-22.,60.));
#2964=CARTESIAN_POINT('',(5.,-22.,60.));
#2965=CARTESIAN_POINT('',(-5.,-22.,60.));
#2966=CARTESIAN_POINT('',(-5.,-22.,60.));
#2967=CARTESIAN_POINT('',(-5.,-18.,60.));
#2968=CARTESIAN_POINT('',(-5.,-22.,60.));
#2969=CARTESIAN_POINT('',(-175.,-18.,60.));
#2970=CARTESIAN_POINT('',(-175.,-30.,60.));
#2971=CARTESIAN_POINT('Origin',(0.,-18.,0.));
#2972=CARTESIAN_POINT('',(-5.,-18.,60.));
#2973=CARTESIAN_POINT('Origin',(0.,-30.,0.));
#2974=CARTESIAN_POINT('Origin',(0.,-28.,0.));
#2975=CARTESIAN_POINT('Origin',(0.,-22.,0.));
#2976=CARTESIAN_POINT('',(5.,-22.,60.));
#2977=CARTESIAN_POINT('',(-5.,-22.,60.));
#2978=CARTESIAN_POINT('Origin',(5.,-22.,60.));
#2979=CARTESIAN_POINT('Origin',(-5.,-22.,60.));
#2980=CARTESIAN_POINT('Origin',(-140.,-24.,18.));
#2981=CARTESIAN_POINT('Origin',(-60.,-24.,18.));
#2982=CARTESIAN_POINT('Origin',(140.,-24.,18.));
#2983=CARTESIAN_POINT('Origin',(60.,-24.,18.));
#2984=CARTESIAN_POINT('Origin',(140.,-24.,-18.));
#2985=CARTESIAN_POINT('Origin',(60.,-24.,-18.));
#2986=CARTESIAN_POINT('Origin',(-140.,-24.,-18.));
#2987=CARTESIAN_POINT('Origin',(-60.,-24.,-18.));
#2988=CARTESIAN_POINT('',(0.,0.,0.));
#2989=CARTESIAN_POINT('Origin',(155.,-19.0155532949508,-10.));
#2990=CARTESIAN_POINT('',(151.,-19.0155532949508,0.));
#2991=CARTESIAN_POINT('Origin',(155.,-19.0155532949508,0.));
#2992=CARTESIAN_POINT('',(151.,-19.0155532949508,30.));
#2993=CARTESIAN_POINT('',(151.,-19.0155532949508,-10.));
#2994=CARTESIAN_POINT('Origin',(155.,-19.0155532949508,30.));
#2995=CARTESIAN_POINT('Origin',(-35.,20.,-10.));
#2996=CARTESIAN_POINT('',(-39.,20.,0.));
#2997=CARTESIAN_POINT('Origin',(-35.,20.,0.));
#2998=CARTESIAN_POINT('',(-39.,20.,30.));
#2999=CARTESIAN_POINT('',(-39.,20.,-10.));
#3000=CARTESIAN_POINT('Origin',(-35.,20.,30.));
#3001=CARTESIAN_POINT('Origin',(35.,20.,-10.));
#3002=CARTESIAN_POINT('',(31.,20.,0.));
#3003=CARTESIAN_POINT('Origin',(35.,20.,0.));
#3004=CARTESIAN_POINT('',(31.,20.,30.));
#3005=CARTESIAN_POINT('',(31.,20.,-10.));
#3006=CARTESIAN_POINT('Origin',(35.,20.,30.));
#3007=CARTESIAN_POINT('Origin',(35.,-20.,-10.));
#3008=CARTESIAN_POINT('',(31.,-20.,0.));
#3009=CARTESIAN_POINT('Origin',(35.,-20.,0.));
#3010=CARTESIAN_POINT('',(31.,-20.,30.));
#3011=CARTESIAN_POINT('',(31.,-20.,-10.));
#3012=CARTESIAN_POINT('Origin',(35.,-20.,30.));
#3013=CARTESIAN_POINT('Origin',(155.,19.0155532949508,-10.));
#3014=CARTESIAN_POINT('',(151.,19.0155532949508,0.));
#3015=CARTESIAN_POINT('Origin',(155.,19.0155532949508,0.));
#3016=CARTESIAN_POINT('',(151.,19.0155532949508,30.));
#3017=CARTESIAN_POINT('',(151.,19.0155532949508,-10.));
#3018=CARTESIAN_POINT('Origin',(155.,19.0155532949508,30.));
#3019=CARTESIAN_POINT('Origin',(-155.,19.0155532949508,-10.));
#3020=CARTESIAN_POINT('',(-159.,19.0155532949508,0.));
#3021=CARTESIAN_POINT('Origin',(-155.,19.0155532949508,0.));
#3022=CARTESIAN_POINT('',(-159.,19.0155532949508,30.));
#3023=CARTESIAN_POINT('',(-159.,19.0155532949508,-10.));
#3024=CARTESIAN_POINT('Origin',(-155.,19.0155532949508,30.));
#3025=CARTESIAN_POINT('Origin',(-155.,-19.0155532949508,-10.));
#3026=CARTESIAN_POINT('',(-159.,-19.0155532949508,0.));
#3027=CARTESIAN_POINT('Origin',(-155.,-19.0155532949508,0.));
#3028=CARTESIAN_POINT('',(-159.,-19.0155532949508,30.));
#3029=CARTESIAN_POINT('',(-159.,-19.0155532949508,-10.));
#3030=CARTESIAN_POINT('Origin',(-155.,-19.0155532949508,30.));
#3031=CARTESIAN_POINT('Origin',(-169.,0.,-10.));
#3032=CARTESIAN_POINT('',(-173.,-4.89858719658942E-16,0.));
#3033=CARTESIAN_POINT('Origin',(-169.,0.,0.));
#3034=CARTESIAN_POINT('',(-173.,-4.89858719658942E-16,30.));
#3035=CARTESIAN_POINT('',(-173.,-4.89858719658942E-16,-10.));
#3036=CARTESIAN_POINT('Origin',(-169.,0.,30.));
#3037=CARTESIAN_POINT('Origin',(169.,0.,-10.));
#3038=CARTESIAN_POINT('',(165.,-4.89858719658942E-16,0.));
#3039=CARTESIAN_POINT('Origin',(169.,0.,0.));
#3040=CARTESIAN_POINT('',(165.,-4.89858719658942E-16,30.));
#3041=CARTESIAN_POINT('',(165.,-4.89858719658942E-16,-10.));
#3042=CARTESIAN_POINT('Origin',(169.,0.,30.));
#3043=CARTESIAN_POINT('Origin',(-35.,-20.,-10.));
#3044=CARTESIAN_POINT('',(-39.,-20.,0.));
#3045=CARTESIAN_POINT('Origin',(-35.,-20.,0.));
#3046=CARTESIAN_POINT('',(-39.,-20.,30.));
#3047=CARTESIAN_POINT('',(-39.,-20.,-10.));
#3048=CARTESIAN_POINT('Origin',(-35.,-20.,30.));
#3049=CARTESIAN_POINT('Origin',(175.,-30.,30.));
#3050=CARTESIAN_POINT('',(175.,-30.,0.));
#3051=CARTESIAN_POINT('',(175.,30.,0.));
#3052=CARTESIAN_POINT('',(175.,-30.,0.));
#3053=CARTESIAN_POINT('',(175.,30.,30.));
#3054=CARTESIAN_POINT('',(175.,30.,30.));
#3055=CARTESIAN_POINT('',(175.,-30.,30.));
#3056=CARTESIAN_POINT('',(175.,-30.,30.));
#3057=CARTESIAN_POINT('',(175.,-30.,30.));
#3058=CARTESIAN_POINT('Origin',(-175.,30.,30.));
#3059=CARTESIAN_POINT('',(-175.,30.,0.));
#3060=CARTESIAN_POINT('',(-175.,30.,0.));
#3061=CARTESIAN_POINT('',(-175.,30.,30.));
#3062=CARTESIAN_POINT('',(-175.,30.,30.));
#3063=CARTESIAN_POINT('',(-175.,30.,30.));
#3064=CARTESIAN_POINT('Origin',(-175.,-30.,30.));
#3065=CARTESIAN_POINT('',(-175.,-30.,0.));
#3066=CARTESIAN_POINT('',(-175.,-30.,0.));
#3067=CARTESIAN_POINT('',(-175.,-30.,30.));
#3068=CARTESIAN_POINT('',(-175.,-30.,30.));
#3069=CARTESIAN_POINT('',(-175.,-30.,30.));
#3070=CARTESIAN_POINT('Origin',(-175.,-30.,30.));
#3071=CARTESIAN_POINT('',(-175.,-30.,0.));
#3072=CARTESIAN_POINT('',(-175.,-30.,30.));
#3073=CARTESIAN_POINT('Origin',(0.,0.,30.));
#3074=CARTESIAN_POINT('Origin',(0.,0.,0.));
#3075=CARTESIAN_POINT('',(0.,0.,0.));
#3076=CARTESIAN_POINT('Origin',(0.,228.892621835301,-32.));
#3077=CARTESIAN_POINT('',(-4.,228.892621835301,-34.));
#3078=CARTESIAN_POINT('',(-4.,228.10576306642,-33.8387096774192));
#3079=CARTESIAN_POINT('Origin',(-4.,228.892621835301,-32.));
#3080=CARTESIAN_POINT('',(0.,228.892621835301,-34.));
#3081=CARTESIAN_POINT('',(0.,228.892621835301,-34.));
#3082=CARTESIAN_POINT('',(0.,228.10576306642,-33.8387096774192));
#3083=CARTESIAN_POINT('Origin',(0.,228.892621835301,-32.));
#3084=CARTESIAN_POINT('',(0.,228.10576306642,-33.8387096774192));
#3085=CARTESIAN_POINT('Origin',(0.,247.5,-34.));
#3086=CARTESIAN_POINT('',(-4.,247.5,-34.));
#3087=CARTESIAN_POINT('',(-4.,247.5,-34.));
#3088=CARTESIAN_POINT('',(0.,247.5,-34.));
#3089=CARTESIAN_POINT('',(0.,247.5,-34.));
#3090=CARTESIAN_POINT('',(0.,247.5,-34.));
#3091=CARTESIAN_POINT('Origin',(0.,247.5,-32.));
#3092=CARTESIAN_POINT('',(-4.,249.5,-32.));
#3093=CARTESIAN_POINT('Origin',(-4.,247.5,-32.));
#3094=CARTESIAN_POINT('',(0.,249.5,-32.));
#3095=CARTESIAN_POINT('',(0.,249.5,-32.));
#3096=CARTESIAN_POINT('Origin',(0.,247.5,-32.));
#3097=CARTESIAN_POINT('Origin',(0.,249.5,-16.));
#3098=CARTESIAN_POINT('',(-4.,249.5,-16.));
#3099=CARTESIAN_POINT('',(-4.,249.5,-16.));
#3100=CARTESIAN_POINT('',(0.,249.5,-16.));
#3101=CARTESIAN_POINT('',(0.,249.5,-16.));
#3102=CARTESIAN_POINT('',(0.,249.5,-16.));
#3103=CARTESIAN_POINT('Origin',(0.,247.5,-16.));
#3104=CARTESIAN_POINT('',(-4.,247.5,-14.));
#3105=CARTESIAN_POINT('Origin',(-4.,247.5,-16.));
#3106=CARTESIAN_POINT('',(0.,247.5,-14.));
#3107=CARTESIAN_POINT('',(0.,247.5,-14.));
#3108=CARTESIAN_POINT('Origin',(0.,247.5,-16.));
#3109=CARTESIAN_POINT('Origin',(0.,228.892621835301,-14.));
#3110=CARTESIAN_POINT('',(-4.,228.892621835301,-14.));
#3111=CARTESIAN_POINT('',(-4.,228.892621835301,-14.));
#3112=CARTESIAN_POINT('',(0.,228.892621835301,-14.));
#3113=CARTESIAN_POINT('',(0.,228.892621835301,-14.));
#3114=CARTESIAN_POINT('',(0.,228.892621835301,-14.));
#3115=CARTESIAN_POINT('Origin',(0.,228.892621835301,-16.));
#3116=CARTESIAN_POINT('',(-4.,228.10576306642,-14.1612903225807));
#3117=CARTESIAN_POINT('Origin',(-4.,228.892621835301,-16.));
#3118=CARTESIAN_POINT('',(0.,228.10576306642,-14.1612903225807));
#3119=CARTESIAN_POINT('',(0.,228.10576306642,-14.1612903225807));
#3120=CARTESIAN_POINT('Origin',(0.,228.892621835301,-16.));
#3121=CARTESIAN_POINT('Origin',(0.,204.5,41.));
#3122=CARTESIAN_POINT('',(-4.,204.5,-18.9999999999999));
#3123=CARTESIAN_POINT('Origin',(-4.,204.5,41.));
#3124=CARTESIAN_POINT('',(0.,204.5,-18.9999999999999));
#3125=CARTESIAN_POINT('',(0.,204.5,-18.9999999999999));
#3126=CARTESIAN_POINT('Origin',(0.,204.5,41.));
#3127=CARTESIAN_POINT('Origin',(0.,144.5,-19.));
#3128=CARTESIAN_POINT('',(-4.,144.5,-19.));
#3129=CARTESIAN_POINT('',(-4.,144.5,-19.));
#3130=CARTESIAN_POINT('',(0.,144.5,-19.));
#3131=CARTESIAN_POINT('',(0.,144.5,-19.));
#3132=CARTESIAN_POINT('',(0.,144.5,-19.));
#3133=CARTESIAN_POINT('Origin',(0.,144.5,41.));
#3134=CARTESIAN_POINT('',(-4.,120.89423693358,-14.1612903225807));
#3135=CARTESIAN_POINT('Origin',(-4.,144.5,41.));
#3136=CARTESIAN_POINT('',(0.,120.89423693358,-14.1612903225807));
#3137=CARTESIAN_POINT('',(0.,120.89423693358,-14.1612903225807));
#3138=CARTESIAN_POINT('Origin',(0.,144.5,41.));
#3139=CARTESIAN_POINT('Origin',(0.,120.107378164699,-16.));
#3140=CARTESIAN_POINT('',(-4.,120.107378164699,-13.9999999999999));
#3141=CARTESIAN_POINT('Origin',(-4.,120.107378164699,-16.));
#3142=CARTESIAN_POINT('',(0.,120.107378164699,-13.9999999999999));
#3143=CARTESIAN_POINT('',(0.,120.107378164699,-13.9999999999999));
#3144=CARTESIAN_POINT('Origin',(0.,120.107378164699,-16.));
#3145=CARTESIAN_POINT('Origin',(0.,101.5,-14.));
#3146=CARTESIAN_POINT('',(-4.,101.5,-14.));
#3147=CARTESIAN_POINT('',(-4.,101.5,-14.));
#3148=CARTESIAN_POINT('',(0.,101.5,-14.));
#3149=CARTESIAN_POINT('',(0.,101.5,-14.));
#3150=CARTESIAN_POINT('',(0.,101.5,-14.));
#3151=CARTESIAN_POINT('Origin',(0.,101.5,-16.));
#3152=CARTESIAN_POINT('',(-4.,99.5,-16.));
#3153=CARTESIAN_POINT('Origin',(-4.,101.5,-16.));
#3154=CARTESIAN_POINT('',(0.,99.5,-16.));
#3155=CARTESIAN_POINT('',(0.,99.5,-16.));
#3156=CARTESIAN_POINT('Origin',(0.,101.5,-16.));
#3157=CARTESIAN_POINT('Origin',(0.,99.5,-32.));
#3158=CARTESIAN_POINT('',(-4.,99.5,-32.));
#3159=CARTESIAN_POINT('',(-4.,99.5,-32.));
#3160=CARTESIAN_POINT('',(0.,99.5,-32.));
#3161=CARTESIAN_POINT('',(0.,99.5,-32.));
#3162=CARTESIAN_POINT('',(0.,99.5,-32.));
#3163=CARTESIAN_POINT('Origin',(0.,101.5,-32.));
#3164=CARTESIAN_POINT('',(-4.,101.5,-34.));
#3165=CARTESIAN_POINT('Origin',(-4.,101.5,-32.));
#3166=CARTESIAN_POINT('',(0.,101.5,-34.));
#3167=CARTESIAN_POINT('',(0.,101.5,-34.));
#3168=CARTESIAN_POINT('Origin',(0.,101.5,-32.));
#3169=CARTESIAN_POINT('Origin',(0.,120.107378164699,-34.));
#3170=CARTESIAN_POINT('',(-4.,120.107378164699,-34.));
#3171=CARTESIAN_POINT('',(-4.,120.107378164699,-34.));
#3172=CARTESIAN_POINT('',(0.,120.107378164699,-34.));
#3173=CARTESIAN_POINT('',(0.,120.107378164699,-34.));
#3174=CARTESIAN_POINT('',(0.,120.107378164699,-34.));
#3175=CARTESIAN_POINT('Origin',(0.,120.107378164699,-32.));
#3176=CARTESIAN_POINT('',(-4.,120.89423693358,-33.8387096774192));
#3177=CARTESIAN_POINT('Origin',(-4.,120.107378164699,-32.));
#3178=CARTESIAN_POINT('',(0.,120.89423693358,-33.8387096774192));
#3179=CARTESIAN_POINT('',(0.,120.89423693358,-33.8387096774192));
#3180=CARTESIAN_POINT('Origin',(0.,120.107378164699,-32.));
#3181=CARTESIAN_POINT('Origin',(0.,144.5,-89.));
#3182=CARTESIAN_POINT('',(-4.,144.5,-29.));
#3183=CARTESIAN_POINT('Origin',(-4.,144.5,-89.));
#3184=CARTESIAN_POINT('',(0.,144.5,-29.));
#3185=CARTESIAN_POINT('',(0.,144.5,-29.));
#3186=CARTESIAN_POINT('Origin',(0.,144.5,-89.));
#3187=CARTESIAN_POINT('Origin',(0.,204.5,-29.));
#3188=CARTESIAN_POINT('',(-4.,204.5,-29.));
#3189=CARTESIAN_POINT('',(-4.,204.5,-29.));
#3190=CARTESIAN_POINT('',(0.,204.5,-29.));
#3191=CARTESIAN_POINT('',(0.,204.5,-29.));
#3192=CARTESIAN_POINT('',(0.,204.5,-29.));
#3193=CARTESIAN_POINT('Origin',(0.,204.5,-89.));
#3194=CARTESIAN_POINT('Origin',(-4.,204.5,-89.));
#3195=CARTESIAN_POINT('Origin',(0.,204.5,-89.));
#3196=CARTESIAN_POINT('Origin',(0.,228.892621835301,-32.));
#3197=CARTESIAN_POINT('Origin',(-4.,228.892621835301,-32.));
#3198=CARTESIAN_POINT('',(0.,0.,0.));
#3199=CARTESIAN_POINT('Origin',(-8.,0.,0.));
#3200=CARTESIAN_POINT('',(-8.,-4.89858719658941E-16,4.));
#3201=CARTESIAN_POINT('Origin',(-8.,0.,0.));
#3202=CARTESIAN_POINT('',(-4.,-4.89858719658941E-16,4.));
#3203=CARTESIAN_POINT('',(-8.,-4.89858719658941E-16,4.));
#3204=CARTESIAN_POINT('Origin',(-4.,0.,0.));
#3205=CARTESIAN_POINT('Origin',(-8.,0.,0.));
#3206=CARTESIAN_POINT('',(-8.,-69.9999999999999,-5.));
#3207=CARTESIAN_POINT('',(-8.,-69.9999999999999,5.));
#3208=CARTESIAN_POINT('',(-8.,-69.9999999999999,-5.));
#3209=CARTESIAN_POINT('',(-8.,70.0000000000001,5.));
#3210=CARTESIAN_POINT('',(-8.,70.0000000000001,5.));
#3211=CARTESIAN_POINT('',(-8.,70.0000000000001,-5.));
#3212=CARTESIAN_POINT('',(-8.,70.0000000000001,-5.));
#3213=CARTESIAN_POINT('',(-8.,70.0000000000001,-5.));
#3214=CARTESIAN_POINT('Origin',(-4.,0.,0.));
#3215=CARTESIAN_POINT('',(-4.,-69.9999999999999,-5.));
#3216=CARTESIAN_POINT('',(-4.,-69.9999999999999,5.));
#3217=CARTESIAN_POINT('',(-4.,-69.9999999999999,-5.));
#3218=CARTESIAN_POINT('',(-4.,70.0000000000001,-5.));
#3219=CARTESIAN_POINT('',(-4.,70.0000000000001,-5.));
#3220=CARTESIAN_POINT('',(-4.,70.0000000000001,5.));
#3221=CARTESIAN_POINT('',(-4.,70.0000000000001,-5.));
#3222=CARTESIAN_POINT('',(-4.,70.0000000000001,5.));
#3223=CARTESIAN_POINT('Origin',(-8.,-69.9999999999999,-5.));
#3224=CARTESIAN_POINT('',(-8.,-69.9999999999999,5.));
#3225=CARTESIAN_POINT('',(-8.,-69.9999999999999,-5.));
#3226=CARTESIAN_POINT('Origin',(-8.,70.0000000000001,5.));
#3227=CARTESIAN_POINT('',(-8.,70.0000000000001,5.));
#3228=CARTESIAN_POINT('Origin',(-8.,70.0000000000001,-5.));
#3229=CARTESIAN_POINT('',(-8.,70.0000000000001,-5.));
#3230=CARTESIAN_POINT('Origin',(-8.,70.0000000000001,-5.));
#3231=CARTESIAN_POINT('',(0.,0.,0.));
#3232=CARTESIAN_POINT('',(87.5,-14.,24.));
#3233=CARTESIAN_POINT('',(0.,12.,0.));
#3234=CARTESIAN_POINT('',(-87.5,-14.,-23.9999999999999));
#3235=CARTESIAN_POINT('',(0.,-14.,0.));
#3236=UNCERTAINTY_MEASURE_WITH_UNIT(LENGTH_MEASURE(0.01),#3248,
'DISTANCE_ACCURACY_VALUE',
'Maximum model space distance between geometric entities at asserted c
onnectivities');
#3237=UNCERTAINTY_MEASURE_WITH_UNIT(LENGTH_MEASURE(0.01),#3248,
'DISTANCE_ACCURACY_VALUE',
'Maximum model space distance between geometric entities at asserted c
onnectivities');
#3238=UNCERTAINTY_MEASURE_WITH_UNIT(LENGTH_MEASURE(0.01),#3248,
'DISTANCE_ACCURACY_VALUE',
'Maximum model space distance between geometric entities at asserted c
onnectivities');
#3239=UNCERTAINTY_MEASURE_WITH_UNIT(LENGTH_MEASURE(0.01),#3248,
'DISTANCE_ACCURACY_VALUE',
'Maximum model space distance between geometric entities at asserted c
onnectivities');
#3240=UNCERTAINTY_MEASURE_WITH_UNIT(LENGTH_MEASURE(0.01),#3248,
'DISTANCE_ACCURACY_VALUE',
'Maximum model space distance between geometric entities at asserted c
onnectivities');
#3241=UNCERTAINTY_MEASURE_WITH_UNIT(LENGTH_MEASURE(0.01),#3248,
'DISTANCE_ACCURACY_VALUE',
'Maximum model space distance between geometric entities at asserted c
onnectivities');
#3242=(
GEOMETRIC_REPRESENTATION_CONTEXT(3)
GLOBAL_UNCERTAINTY_ASSIGNED_CONTEXT((#3236))
GLOBAL_UNIT_ASSIGNED_CONTEXT((#3248,#3250,#3251))
REPRESENTATION_CONTEXT('','3D')
);
#3243=(
GEOMETRIC_REPRESENTATION_CONTEXT(3)
GLOBAL_UNCERTAINTY_ASSIGNED_CONTEXT((#3237))
GLOBAL_UNIT_ASSIGNED_CONTEXT((#3248,#3250,#3251))
REPRESENTATION_CONTEXT('','3D')
);
#3244=(
GEOMETRIC_REPRESENTATION_CONTEXT(3)
GLOBAL_UNCERTAINTY_ASSIGNED_CONTEXT((#3238))
GLOBAL_UNIT_ASSIGNED_CONTEXT((#3248,#3250,#3251))
REPRESENTATION_CONTEXT('','3D')
);
#3245=(
GEOMETRIC_REPRESENTATION_CONTEXT(3)
GLOBAL_UNCERTAINTY_ASSIGNED_CONTEXT((#3239))
GLOBAL_UNIT_ASSIGNED_CONTEXT((#3248,#3250,#3251))
REPRESENTATION_CONTEXT('','3D')
);
#3246=(
GEOMETRIC_REPRESENTATION_CONTEXT(3)
GLOBAL_UNCERTAINTY_ASSIGNED_CONTEXT((#3240))
GLOBAL_UNIT_ASSIGNED_CONTEXT((#3248,#3250,#3251))
REPRESENTATION_CONTEXT('','3D')
);
#3247=(
GEOMETRIC_REPRESENTATION_CONTEXT(3)
GLOBAL_UNCERTAINTY_ASSIGNED_CONTEXT((#3241))
GLOBAL_UNIT_ASSIGNED_CONTEXT((#3248,#3250,#3251))
REPRESENTATION_CONTEXT('','3D')
);
#3248=(
LENGTH_UNIT()
NAMED_UNIT(*)
SI_UNIT(.MILLI.,.METRE.)
);
#3249=(
LENGTH_UNIT()
NAMED_UNIT(*)
SI_UNIT($,.METRE.)
);
#3250=(
NAMED_UNIT(*)
PLANE_ANGLE_UNIT()
SI_UNIT($,.RADIAN.)
);
#3251=(
NAMED_UNIT(*)
SI_UNIT($,.STERADIAN.)
SOLID_ANGLE_UNIT()
);
#3252=SHAPE_DEFINITION_REPRESENTATION(#3257,#3267);
#3253=SHAPE_DEFINITION_REPRESENTATION(#3258,#3268);
#3254=SHAPE_DEFINITION_REPRESENTATION(#3259,#3269);
#3255=SHAPE_DEFINITION_REPRESENTATION(#3260,#3270);
#3256=SHAPE_DEFINITION_REPRESENTATION(#3261,#3271);
#3257=PRODUCT_DEFINITION_SHAPE('',$,#3273);
#3258=PRODUCT_DEFINITION_SHAPE('',$,#3274);
#3259=PRODUCT_DEFINITION_SHAPE('',$,#3275);
#3260=PRODUCT_DEFINITION_SHAPE('',$,#3276);
#3261=PRODUCT_DEFINITION_SHAPE('',$,#3277);
#3262=PRODUCT_DEFINITION_SHAPE($,$,#26);
#3263=PRODUCT_DEFINITION_SHAPE($,$,#27);
#3264=PRODUCT_DEFINITION_SHAPE($,$,#28);
#3265=PRODUCT_DEFINITION_SHAPE($,$,#29);
#3266=PRODUCT_DEFINITION_SHAPE($,$,#30);
#3267=SHAPE_REPRESENTATION('',(#1920,#2139,#2140,#2141,#2142,#2143),#3242);
#3268=SHAPE_REPRESENTATION('',(#1921),#3243);
#3269=SHAPE_REPRESENTATION('',(#2045),#3244);
#3270=SHAPE_REPRESENTATION('',(#2082),#3245);
#3271=SHAPE_REPRESENTATION('',(#2129),#3246);
#3272=PRODUCT_DEFINITION_CONTEXT('part definition',#3289,'design');
#3273=PRODUCT_DEFINITION('mould-assembly-2','mould-assembly-2 v1',#3278,
#3272);
#3274=PRODUCT_DEFINITION(
'Lydia-F100-ConnectorPlate-130x130_Lydia-V3-100F',
'Lydia-F100-ConnectorPlate-130x130_Lydia-V3-100F',#3279,#3272);
#3275=PRODUCT_DEFINITION('Bars-Upper','Bars-Upper',#3280,#3272);
#3276=PRODUCT_DEFINITION('bar','bar',#3281,#3272);
#3277=PRODUCT_DEFINITION('valve','valve',#3282,#3272);
#3278=PRODUCT_DEFINITION_FORMATION('',$,#3291);
#3279=PRODUCT_DEFINITION_FORMATION('',$,#3292);
#3280=PRODUCT_DEFINITION_FORMATION('',$,#3293);
#3281=PRODUCT_DEFINITION_FORMATION('',$,#3294);
#3282=PRODUCT_DEFINITION_FORMATION('',$,#3295);
#3283=PRODUCT_RELATED_PRODUCT_CATEGORY('mould-assembly-2 v1',
'mould-assembly-2 v1',(#3291));
#3284=PRODUCT_RELATED_PRODUCT_CATEGORY(
'Lydia-F100-ConnectorPlate-130x130_Lydia-V3-100F',
'Lydia-F100-ConnectorPlate-130x130_Lydia-V3-100F',(#3292));
#3285=PRODUCT_RELATED_PRODUCT_CATEGORY('Bars-Upper','Bars-Upper',(#3293));
#3286=PRODUCT_RELATED_PRODUCT_CATEGORY('bar','bar',(#3294));
#3287=PRODUCT_RELATED_PRODUCT_CATEGORY('valve','valve',(#3295));
#3288=APPLICATION_PROTOCOL_DEFINITION('international standard',
'automotive_design',2009,#3289);
#3289=APPLICATION_CONTEXT(
'Core Data for Automotive Mechanical Design Process');
#3290=PRODUCT_CONTEXT('part definition',#3289,'mechanical');
#3291=PRODUCT('mould-assembly-2','mould-assembly-2 v1','STEP AP214',(#3290));
#3292=PRODUCT('Lydia-F100-ConnectorPlate-130x130_Lydia-V3-100F',
'Lydia-F100-ConnectorPlate-130x130_Lydia-V3-100F',$,(#3290));
#3293=PRODUCT('Bars-Upper','Bars-Upper',$,(#3290));
#3294=PRODUCT('bar','bar',$,(#3290));
#3295=PRODUCT('valve','valve',$,(#3290));
#3296=PRESENTATION_STYLE_ASSIGNMENT((#3298));
#3297=PRESENTATION_STYLE_ASSIGNMENT((#3299));
#3298=SURFACE_STYLE_USAGE(.BOTH.,#3300);
#3299=SURFACE_STYLE_USAGE(.BOTH.,#3301);
#3300=SURFACE_SIDE_STYLE('',(#3302));
#3301=SURFACE_SIDE_STYLE('',(#3303));
#3302=SURFACE_STYLE_FILL_AREA(#3304);
#3303=SURFACE_STYLE_FILL_AREA(#3305);
#3304=FILL_AREA_STYLE('Steel - Satin',(#3306));
#3305=FILL_AREA_STYLE('Opaque(202,209,238)',(#3307));
#3306=FILL_AREA_STYLE_COLOUR('Steel - Satin',#3308);
#3307=FILL_AREA_STYLE_COLOUR('Opaque(202,209,238)',#3309);
#3308=COLOUR_RGB('Steel - Satin',0.627450980392157,0.627450980392157,0.627450980392157);
#3309=COLOUR_RGB('Opaque(202,209,238)',0.792156862745098,0.819607843137255,
0.933333333333333);
ENDSEC;
END-ISO-10303-21;
