ISO-10303-21;
HEADER;
/* Generated by software containing ST-Developer
 * from STEP Tools, Inc. (www.steptools.com) 
 */

FILE_DESCRIPTION(
/* description */ (''),
/* implementation_level */ '2;1');

FILE_NAME(
/* name */ 'table v1.step',
/* time_stamp */ '2026-03-14T09:50:11+01:00',
/* author */ (''),
/* organization */ (''),
/* preprocessor_version */ 'ST-DEVELOPER v20.1',
/* originating_system */ 'Autodesk Translation Framework v14.24.0.0',
/* authorisation */ '');

FILE_SCHEMA (('AUTOMOTIVE_DESIGN { 1 0 10303 214 3 1 1 }'));
ENDSEC;

DATA;
#10=MECHANICAL_DESIGN_GEOMETRIC_PRESENTATION_REPRESENTATION('',(#23,#24),
#3729);
#11=ITEM_DEFINED_TRANSFORMATION($,$,#2255,#2477);
#12=ITEM_DEFINED_TRANSFORMATION($,$,#2293,#2478);
#13=(
REPRESENTATION_RELATIONSHIP($,$,#3743,#3742)
REPRESENTATION_RELATIONSHIP_WITH_TRANSFORMATION(#11)
SHAPE_REPRESENTATION_RELATIONSHIP()
);
#14=(
REPRESENTATION_RELATIONSHIP($,$,#3744,#3742)
REPRESENTATION_RELATIONSHIP_WITH_TRANSFORMATION(#12)
SHAPE_REPRESENTATION_RELATIONSHIP()
);
#15=CONTEXT_DEPENDENT_SHAPE_REPRESENTATION(#13,#3740);
#16=CONTEXT_DEPENDENT_SHAPE_REPRESENTATION(#14,#3741);
#17=NEXT_ASSEMBLY_USAGE_OCCURRENCE('Table:1','Table:1','Table:1',#3746,
#3747,'Table:1');
#18=NEXT_ASSEMBLY_USAGE_OCCURRENCE('sp-artition-cell v1:1',
'sp-artition-cell v1:1','sp-artition-cell v1:1',#3746,#3748,
'sp-artition-cell v1:1');
#19=SHAPE_REPRESENTATION_RELATIONSHIP('SRR','None',#3743,#21);
#20=SHAPE_REPRESENTATION_RELATIONSHIP('SRR','None',#3744,#22);
#21=ADVANCED_BREP_SHAPE_REPRESENTATION('',(#25),#3727);
#22=ADVANCED_BREP_SHAPE_REPRESENTATION('',(#26),#3728);
#23=STYLED_ITEM('',(#3762),#25);
#24=STYLED_ITEM('',(#3763),#26);
#25=MANIFOLD_SOLID_BREP('Body1',#2229);
#26=MANIFOLD_SOLID_BREP('Body1',#2230);
#27=FACE_BOUND('',#313,.T.);
#28=FACE_BOUND('',#382,.T.);
#29=FACE_BOUND('',#383,.T.);
#30=FACE_BOUND('',#384,.T.);
#31=FACE_BOUND('',#385,.T.);
#32=FACE_BOUND('',#386,.T.);
#33=FACE_BOUND('',#387,.T.);
#34=FACE_BOUND('',#388,.T.);
#35=FACE_BOUND('',#389,.T.);
#36=FACE_BOUND('',#390,.T.);
#37=FACE_BOUND('',#391,.T.);
#38=FACE_BOUND('',#392,.T.);
#39=FACE_BOUND('',#393,.T.);
#40=FACE_BOUND('',#394,.T.);
#41=FACE_BOUND('',#395,.T.);
#42=FACE_BOUND('',#396,.T.);
#43=FACE_BOUND('',#397,.T.);
#44=FACE_BOUND('',#398,.T.);
#45=FACE_BOUND('',#399,.T.);
#46=FACE_BOUND('',#400,.T.);
#47=FACE_BOUND('',#401,.T.);
#48=FACE_BOUND('',#402,.T.);
#49=FACE_BOUND('',#403,.T.);
#50=FACE_BOUND('',#404,.T.);
#51=FACE_BOUND('',#405,.T.);
#52=FACE_BOUND('',#406,.T.);
#53=FACE_BOUND('',#407,.T.);
#54=FACE_BOUND('',#408,.T.);
#55=FACE_BOUND('',#409,.T.);
#56=FACE_BOUND('',#410,.T.);
#57=FACE_BOUND('',#411,.T.);
#58=FACE_BOUND('',#412,.T.);
#59=FACE_BOUND('',#413,.T.);
#60=FACE_BOUND('',#414,.T.);
#61=FACE_BOUND('',#415,.T.);
#62=FACE_BOUND('',#416,.T.);
#63=FACE_BOUND('',#417,.T.);
#64=FACE_BOUND('',#418,.T.);
#65=FACE_BOUND('',#419,.T.);
#66=FACE_BOUND('',#420,.T.);
#67=FACE_BOUND('',#421,.T.);
#68=FACE_BOUND('',#422,.T.);
#69=FACE_BOUND('',#423,.T.);
#70=FACE_BOUND('',#424,.T.);
#71=FACE_BOUND('',#425,.T.);
#72=FACE_BOUND('',#426,.T.);
#73=FACE_BOUND('',#427,.T.);
#74=FACE_BOUND('',#428,.T.);
#75=FACE_BOUND('',#429,.T.);
#76=FACE_BOUND('',#430,.T.);
#77=FACE_BOUND('',#431,.T.);
#78=FACE_BOUND('',#432,.T.);
#79=FACE_BOUND('',#433,.T.);
#80=FACE_BOUND('',#434,.T.);
#81=FACE_BOUND('',#436,.T.);
#82=FACE_BOUND('',#437,.T.);
#83=FACE_BOUND('',#438,.T.);
#84=FACE_BOUND('',#439,.T.);
#85=FACE_BOUND('',#440,.T.);
#86=FACE_BOUND('',#441,.T.);
#87=FACE_BOUND('',#442,.T.);
#88=FACE_BOUND('',#443,.T.);
#89=FACE_BOUND('',#444,.T.);
#90=FACE_BOUND('',#445,.T.);
#91=FACE_BOUND('',#446,.T.);
#92=FACE_BOUND('',#447,.T.);
#93=FACE_BOUND('',#448,.T.);
#94=FACE_BOUND('',#449,.T.);
#95=FACE_BOUND('',#450,.T.);
#96=FACE_BOUND('',#451,.T.);
#97=FACE_BOUND('',#452,.T.);
#98=FACE_BOUND('',#453,.T.);
#99=FACE_BOUND('',#454,.T.);
#100=FACE_BOUND('',#455,.T.);
#101=FACE_BOUND('',#456,.T.);
#102=FACE_BOUND('',#457,.T.);
#103=FACE_BOUND('',#458,.T.);
#104=FACE_BOUND('',#459,.T.);
#105=FACE_BOUND('',#460,.T.);
#106=FACE_BOUND('',#461,.T.);
#107=FACE_BOUND('',#462,.T.);
#108=FACE_BOUND('',#463,.T.);
#109=FACE_BOUND('',#464,.T.);
#110=FACE_BOUND('',#465,.T.);
#111=FACE_BOUND('',#466,.T.);
#112=FACE_BOUND('',#467,.T.);
#113=FACE_BOUND('',#468,.T.);
#114=FACE_BOUND('',#469,.T.);
#115=FACE_BOUND('',#470,.T.);
#116=FACE_BOUND('',#471,.T.);
#117=FACE_BOUND('',#472,.T.);
#118=FACE_BOUND('',#473,.T.);
#119=FACE_BOUND('',#474,.T.);
#120=FACE_BOUND('',#475,.T.);
#121=FACE_BOUND('',#476,.T.);
#122=FACE_BOUND('',#477,.T.);
#123=FACE_BOUND('',#478,.T.);
#124=FACE_BOUND('',#479,.T.);
#125=PLANE('',#2259);
#126=PLANE('',#2260);
#127=PLANE('',#2261);
#128=PLANE('',#2262);
#129=PLANE('',#2263);
#130=PLANE('',#2264);
#131=PLANE('',#2265);
#132=PLANE('',#2266);
#133=PLANE('',#2267);
#134=PLANE('',#2268);
#135=PLANE('',#2269);
#136=PLANE('',#2270);
#137=PLANE('',#2271);
#138=PLANE('',#2272);
#139=PLANE('',#2273);
#140=PLANE('',#2274);
#141=PLANE('',#2275);
#142=PLANE('',#2276);
#143=PLANE('',#2277);
#144=PLANE('',#2278);
#145=PLANE('',#2279);
#146=PLANE('',#2280);
#147=PLANE('',#2281);
#148=PLANE('',#2282);
#149=PLANE('',#2283);
#150=PLANE('',#2284);
#151=PLANE('',#2285);
#152=PLANE('',#2286);
#153=PLANE('',#2287);
#154=PLANE('',#2288);
#155=PLANE('',#2289);
#156=PLANE('',#2290);
#157=PLANE('',#2291);
#158=PLANE('',#2292);
#159=PLANE('',#2294);
#160=PLANE('',#2433);
#161=PLANE('',#2434);
#162=PLANE('',#2435);
#163=PLANE('',#2436);
#164=PLANE('',#2437);
#165=PLANE('',#2441);
#166=PLANE('',#2442);
#167=PLANE('',#2446);
#168=PLANE('',#2447);
#169=PLANE('',#2451);
#170=PLANE('',#2452);
#171=PLANE('',#2456);
#172=PLANE('',#2457);
#173=PLANE('',#2458);
#174=PLANE('',#2459);
#175=PLANE('',#2463);
#176=PLANE('',#2464);
#177=PLANE('',#2468);
#178=PLANE('',#2469);
#179=PLANE('',#2473);
#180=PLANE('',#2474);
#181=PLANE('',#2475);
#182=PLANE('',#2476);
#183=FACE_OUTER_BOUND('',#295,.T.);
#184=FACE_OUTER_BOUND('',#296,.T.);
#185=FACE_OUTER_BOUND('',#297,.T.);
#186=FACE_OUTER_BOUND('',#298,.T.);
#187=FACE_OUTER_BOUND('',#299,.T.);
#188=FACE_OUTER_BOUND('',#300,.T.);
#189=FACE_OUTER_BOUND('',#301,.T.);
#190=FACE_OUTER_BOUND('',#302,.T.);
#191=FACE_OUTER_BOUND('',#303,.T.);
#192=FACE_OUTER_BOUND('',#304,.T.);
#193=FACE_OUTER_BOUND('',#305,.T.);
#194=FACE_OUTER_BOUND('',#306,.T.);
#195=FACE_OUTER_BOUND('',#307,.T.);
#196=FACE_OUTER_BOUND('',#308,.T.);
#197=FACE_OUTER_BOUND('',#309,.T.);
#198=FACE_OUTER_BOUND('',#310,.T.);
#199=FACE_OUTER_BOUND('',#311,.T.);
#200=FACE_OUTER_BOUND('',#312,.T.);
#201=FACE_OUTER_BOUND('',#314,.T.);
#202=FACE_OUTER_BOUND('',#315,.T.);
#203=FACE_OUTER_BOUND('',#316,.T.);
#204=FACE_OUTER_BOUND('',#317,.T.);
#205=FACE_OUTER_BOUND('',#318,.T.);
#206=FACE_OUTER_BOUND('',#319,.T.);
#207=FACE_OUTER_BOUND('',#320,.T.);
#208=FACE_OUTER_BOUND('',#321,.T.);
#209=FACE_OUTER_BOUND('',#322,.T.);
#210=FACE_OUTER_BOUND('',#323,.T.);
#211=FACE_OUTER_BOUND('',#324,.T.);
#212=FACE_OUTER_BOUND('',#325,.T.);
#213=FACE_OUTER_BOUND('',#326,.T.);
#214=FACE_OUTER_BOUND('',#327,.T.);
#215=FACE_OUTER_BOUND('',#328,.T.);
#216=FACE_OUTER_BOUND('',#329,.T.);
#217=FACE_OUTER_BOUND('',#330,.T.);
#218=FACE_OUTER_BOUND('',#331,.T.);
#219=FACE_OUTER_BOUND('',#332,.T.);
#220=FACE_OUTER_BOUND('',#333,.T.);
#221=FACE_OUTER_BOUND('',#334,.T.);
#222=FACE_OUTER_BOUND('',#335,.T.);
#223=FACE_OUTER_BOUND('',#336,.T.);
#224=FACE_OUTER_BOUND('',#337,.T.);
#225=FACE_OUTER_BOUND('',#338,.T.);
#226=FACE_OUTER_BOUND('',#339,.T.);
#227=FACE_OUTER_BOUND('',#340,.T.);
#228=FACE_OUTER_BOUND('',#341,.T.);
#229=FACE_OUTER_BOUND('',#342,.T.);
#230=FACE_OUTER_BOUND('',#343,.T.);
#231=FACE_OUTER_BOUND('',#344,.T.);
#232=FACE_OUTER_BOUND('',#345,.T.);
#233=FACE_OUTER_BOUND('',#346,.T.);
#234=FACE_OUTER_BOUND('',#347,.T.);
#235=FACE_OUTER_BOUND('',#348,.T.);
#236=FACE_OUTER_BOUND('',#349,.T.);
#237=FACE_OUTER_BOUND('',#350,.T.);
#238=FACE_OUTER_BOUND('',#351,.T.);
#239=FACE_OUTER_BOUND('',#352,.T.);
#240=FACE_OUTER_BOUND('',#353,.T.);
#241=FACE_OUTER_BOUND('',#354,.T.);
#242=FACE_OUTER_BOUND('',#355,.T.);
#243=FACE_OUTER_BOUND('',#356,.T.);
#244=FACE_OUTER_BOUND('',#357,.T.);
#245=FACE_OUTER_BOUND('',#358,.T.);
#246=FACE_OUTER_BOUND('',#359,.T.);
#247=FACE_OUTER_BOUND('',#360,.T.);
#248=FACE_OUTER_BOUND('',#361,.T.);
#249=FACE_OUTER_BOUND('',#362,.T.);
#250=FACE_OUTER_BOUND('',#363,.T.);
#251=FACE_OUTER_BOUND('',#364,.T.);
#252=FACE_OUTER_BOUND('',#365,.T.);
#253=FACE_OUTER_BOUND('',#366,.T.);
#254=FACE_OUTER_BOUND('',#367,.T.);
#255=FACE_OUTER_BOUND('',#368,.T.);
#256=FACE_OUTER_BOUND('',#369,.T.);
#257=FACE_OUTER_BOUND('',#370,.T.);
#258=FACE_OUTER_BOUND('',#371,.T.);
#259=FACE_OUTER_BOUND('',#372,.T.);
#260=FACE_OUTER_BOUND('',#373,.T.);
#261=FACE_OUTER_BOUND('',#374,.T.);
#262=FACE_OUTER_BOUND('',#375,.T.);
#263=FACE_OUTER_BOUND('',#376,.T.);
#264=FACE_OUTER_BOUND('',#377,.T.);
#265=FACE_OUTER_BOUND('',#378,.T.);
#266=FACE_OUTER_BOUND('',#379,.T.);
#267=FACE_OUTER_BOUND('',#380,.T.);
#268=FACE_OUTER_BOUND('',#381,.T.);
#269=FACE_OUTER_BOUND('',#435,.T.);
#270=FACE_OUTER_BOUND('',#480,.T.);
#271=FACE_OUTER_BOUND('',#481,.T.);
#272=FACE_OUTER_BOUND('',#482,.T.);
#273=FACE_OUTER_BOUND('',#483,.T.);
#274=FACE_OUTER_BOUND('',#484,.T.);
#275=FACE_OUTER_BOUND('',#485,.T.);
#276=FACE_OUTER_BOUND('',#486,.T.);
#277=FACE_OUTER_BOUND('',#487,.T.);
#278=FACE_OUTER_BOUND('',#488,.T.);
#279=FACE_OUTER_BOUND('',#489,.T.);
#280=FACE_OUTER_BOUND('',#490,.T.);
#281=FACE_OUTER_BOUND('',#491,.T.);
#282=FACE_OUTER_BOUND('',#492,.T.);
#283=FACE_OUTER_BOUND('',#493,.T.);
#284=FACE_OUTER_BOUND('',#494,.T.);
#285=FACE_OUTER_BOUND('',#495,.T.);
#286=FACE_OUTER_BOUND('',#496,.T.);
#287=FACE_OUTER_BOUND('',#497,.T.);
#288=FACE_OUTER_BOUND('',#498,.T.);
#289=FACE_OUTER_BOUND('',#499,.T.);
#290=FACE_OUTER_BOUND('',#500,.T.);
#291=FACE_OUTER_BOUND('',#501,.T.);
#292=FACE_OUTER_BOUND('',#502,.T.);
#293=FACE_OUTER_BOUND('',#503,.T.);
#294=FACE_OUTER_BOUND('',#504,.T.);
#295=EDGE_LOOP('',(#1475,#1476,#1477,#1478));
#296=EDGE_LOOP('',(#1479));
#297=EDGE_LOOP('',(#1480,#1481,#1482,#1483,#1484,#1485,#1486,#1487,#1488,
#1489,#1490,#1491,#1492,#1493,#1494,#1495,#1496,#1497,#1498,#1499,#1500,
#1501,#1502,#1503,#1504,#1505,#1506,#1507,#1508,#1509));
#298=EDGE_LOOP('',(#1510,#1511,#1512,#1513));
#299=EDGE_LOOP('',(#1514,#1515,#1516,#1517));
#300=EDGE_LOOP('',(#1518,#1519,#1520,#1521));
#301=EDGE_LOOP('',(#1522,#1523,#1524,#1525,#1526,#1527));
#302=EDGE_LOOP('',(#1528,#1529,#1530,#1531));
#303=EDGE_LOOP('',(#1532,#1533,#1534,#1535));
#304=EDGE_LOOP('',(#1536,#1537,#1538,#1539));
#305=EDGE_LOOP('',(#1540,#1541,#1542,#1543));
#306=EDGE_LOOP('',(#1544,#1545,#1546,#1547));
#307=EDGE_LOOP('',(#1548,#1549,#1550,#1551));
#308=EDGE_LOOP('',(#1552,#1553,#1554,#1555));
#309=EDGE_LOOP('',(#1556,#1557,#1558,#1559));
#310=EDGE_LOOP('',(#1560,#1561,#1562,#1563));
#311=EDGE_LOOP('',(#1564,#1565,#1566,#1567));
#312=EDGE_LOOP('',(#1568,#1569,#1570,#1571));
#313=EDGE_LOOP('',(#1572));
#314=EDGE_LOOP('',(#1573,#1574,#1575,#1576));
#315=EDGE_LOOP('',(#1577,#1578,#1579,#1580));
#316=EDGE_LOOP('',(#1581,#1582,#1583,#1584));
#317=EDGE_LOOP('',(#1585,#1586,#1587,#1588));
#318=EDGE_LOOP('',(#1589,#1590,#1591,#1592));
#319=EDGE_LOOP('',(#1593,#1594,#1595,#1596));
#320=EDGE_LOOP('',(#1597,#1598,#1599,#1600));
#321=EDGE_LOOP('',(#1601,#1602,#1603,#1604));
#322=EDGE_LOOP('',(#1605,#1606,#1607,#1608));
#323=EDGE_LOOP('',(#1609,#1610,#1611,#1612));
#324=EDGE_LOOP('',(#1613,#1614,#1615,#1616));
#325=EDGE_LOOP('',(#1617,#1618,#1619,#1620));
#326=EDGE_LOOP('',(#1621,#1622,#1623,#1624));
#327=EDGE_LOOP('',(#1625,#1626,#1627,#1628));
#328=EDGE_LOOP('',(#1629,#1630,#1631,#1632,#1633,#1634,#1635,#1636,#1637,
#1638,#1639,#1640,#1641,#1642,#1643,#1644,#1645,#1646,#1647,#1648,#1649,
#1650,#1651,#1652,#1653,#1654,#1655,#1656,#1657,#1658));
#329=EDGE_LOOP('',(#1659,#1660,#1661,#1662));
#330=EDGE_LOOP('',(#1663,#1664,#1665,#1666));
#331=EDGE_LOOP('',(#1667,#1668,#1669,#1670));
#332=EDGE_LOOP('',(#1671,#1672,#1673,#1674));
#333=EDGE_LOOP('',(#1675,#1676,#1677,#1678));
#334=EDGE_LOOP('',(#1679,#1680,#1681,#1682));
#335=EDGE_LOOP('',(#1683,#1684,#1685,#1686));
#336=EDGE_LOOP('',(#1687,#1688,#1689,#1690));
#337=EDGE_LOOP('',(#1691,#1692,#1693,#1694));
#338=EDGE_LOOP('',(#1695,#1696,#1697,#1698));
#339=EDGE_LOOP('',(#1699,#1700,#1701,#1702));
#340=EDGE_LOOP('',(#1703,#1704,#1705,#1706));
#341=EDGE_LOOP('',(#1707,#1708,#1709,#1710));
#342=EDGE_LOOP('',(#1711,#1712,#1713,#1714));
#343=EDGE_LOOP('',(#1715,#1716,#1717,#1718));
#344=EDGE_LOOP('',(#1719,#1720,#1721,#1722));
#345=EDGE_LOOP('',(#1723,#1724,#1725,#1726));
#346=EDGE_LOOP('',(#1727,#1728,#1729,#1730));
#347=EDGE_LOOP('',(#1731,#1732,#1733,#1734));
#348=EDGE_LOOP('',(#1735,#1736,#1737,#1738));
#349=EDGE_LOOP('',(#1739,#1740,#1741,#1742));
#350=EDGE_LOOP('',(#1743,#1744,#1745,#1746));
#351=EDGE_LOOP('',(#1747,#1748,#1749,#1750));
#352=EDGE_LOOP('',(#1751,#1752,#1753,#1754));
#353=EDGE_LOOP('',(#1755,#1756,#1757,#1758));
#354=EDGE_LOOP('',(#1759,#1760,#1761,#1762));
#355=EDGE_LOOP('',(#1763,#1764,#1765,#1766));
#356=EDGE_LOOP('',(#1767,#1768,#1769,#1770));
#357=EDGE_LOOP('',(#1771,#1772,#1773,#1774));
#358=EDGE_LOOP('',(#1775,#1776,#1777,#1778));
#359=EDGE_LOOP('',(#1779,#1780,#1781,#1782));
#360=EDGE_LOOP('',(#1783,#1784,#1785,#1786));
#361=EDGE_LOOP('',(#1787,#1788,#1789,#1790));
#362=EDGE_LOOP('',(#1791,#1792,#1793,#1794));
#363=EDGE_LOOP('',(#1795,#1796,#1797,#1798));
#364=EDGE_LOOP('',(#1799,#1800,#1801,#1802));
#365=EDGE_LOOP('',(#1803,#1804,#1805,#1806));
#366=EDGE_LOOP('',(#1807,#1808,#1809,#1810));
#367=EDGE_LOOP('',(#1811,#1812,#1813,#1814));
#368=EDGE_LOOP('',(#1815,#1816,#1817,#1818));
#369=EDGE_LOOP('',(#1819,#1820,#1821,#1822));
#370=EDGE_LOOP('',(#1823,#1824,#1825,#1826));
#371=EDGE_LOOP('',(#1827,#1828,#1829,#1830));
#372=EDGE_LOOP('',(#1831,#1832,#1833,#1834));
#373=EDGE_LOOP('',(#1835,#1836,#1837,#1838));
#374=EDGE_LOOP('',(#1839,#1840,#1841,#1842));
#375=EDGE_LOOP('',(#1843,#1844,#1845,#1846));
#376=EDGE_LOOP('',(#1847,#1848,#1849,#1850));
#377=EDGE_LOOP('',(#1851,#1852,#1853,#1854));
#378=EDGE_LOOP('',(#1855,#1856,#1857,#1858));
#379=EDGE_LOOP('',(#1859,#1860,#1861,#1862));
#380=EDGE_LOOP('',(#1863,#1864,#1865,#1866));
#381=EDGE_LOOP('',(#1867,#1868,#1869,#1870));
#382=EDGE_LOOP('',(#1871));
#383=EDGE_LOOP('',(#1872));
#384=EDGE_LOOP('',(#1873));
#385=EDGE_LOOP('',(#1874));
#386=EDGE_LOOP('',(#1875));
#387=EDGE_LOOP('',(#1876));
#388=EDGE_LOOP('',(#1877));
#389=EDGE_LOOP('',(#1878));
#390=EDGE_LOOP('',(#1879));
#391=EDGE_LOOP('',(#1880));
#392=EDGE_LOOP('',(#1881));
#393=EDGE_LOOP('',(#1882));
#394=EDGE_LOOP('',(#1883));
#395=EDGE_LOOP('',(#1884));
#396=EDGE_LOOP('',(#1885));
#397=EDGE_LOOP('',(#1886));
#398=EDGE_LOOP('',(#1887));
#399=EDGE_LOOP('',(#1888));
#400=EDGE_LOOP('',(#1889));
#401=EDGE_LOOP('',(#1890));
#402=EDGE_LOOP('',(#1891));
#403=EDGE_LOOP('',(#1892));
#404=EDGE_LOOP('',(#1893));
#405=EDGE_LOOP('',(#1894));
#406=EDGE_LOOP('',(#1895));
#407=EDGE_LOOP('',(#1896));
#408=EDGE_LOOP('',(#1897));
#409=EDGE_LOOP('',(#1898));
#410=EDGE_LOOP('',(#1899));
#411=EDGE_LOOP('',(#1900));
#412=EDGE_LOOP('',(#1901));
#413=EDGE_LOOP('',(#1902));
#414=EDGE_LOOP('',(#1903));
#415=EDGE_LOOP('',(#1904));
#416=EDGE_LOOP('',(#1905));
#417=EDGE_LOOP('',(#1906));
#418=EDGE_LOOP('',(#1907));
#419=EDGE_LOOP('',(#1908));
#420=EDGE_LOOP('',(#1909));
#421=EDGE_LOOP('',(#1910));
#422=EDGE_LOOP('',(#1911));
#423=EDGE_LOOP('',(#1912));
#424=EDGE_LOOP('',(#1913));
#425=EDGE_LOOP('',(#1914));
#426=EDGE_LOOP('',(#1915,#1916,#1917,#1918));
#427=EDGE_LOOP('',(#1919,#1920,#1921,#1922));
#428=EDGE_LOOP('',(#1923,#1924,#1925,#1926));
#429=EDGE_LOOP('',(#1927,#1928,#1929,#1930));
#430=EDGE_LOOP('',(#1931,#1932,#1933,#1934));
#431=EDGE_LOOP('',(#1935,#1936,#1937,#1938));
#432=EDGE_LOOP('',(#1939,#1940,#1941,#1942));
#433=EDGE_LOOP('',(#1943,#1944,#1945,#1946));
#434=EDGE_LOOP('',(#1947,#1948,#1949,#1950));
#435=EDGE_LOOP('',(#1951,#1952,#1953,#1954));
#436=EDGE_LOOP('',(#1955));
#437=EDGE_LOOP('',(#1956));
#438=EDGE_LOOP('',(#1957));
#439=EDGE_LOOP('',(#1958));
#440=EDGE_LOOP('',(#1959));
#441=EDGE_LOOP('',(#1960));
#442=EDGE_LOOP('',(#1961));
#443=EDGE_LOOP('',(#1962));
#444=EDGE_LOOP('',(#1963));
#445=EDGE_LOOP('',(#1964));
#446=EDGE_LOOP('',(#1965));
#447=EDGE_LOOP('',(#1966));
#448=EDGE_LOOP('',(#1967));
#449=EDGE_LOOP('',(#1968));
#450=EDGE_LOOP('',(#1969));
#451=EDGE_LOOP('',(#1970));
#452=EDGE_LOOP('',(#1971));
#453=EDGE_LOOP('',(#1972));
#454=EDGE_LOOP('',(#1973));
#455=EDGE_LOOP('',(#1974));
#456=EDGE_LOOP('',(#1975));
#457=EDGE_LOOP('',(#1976));
#458=EDGE_LOOP('',(#1977));
#459=EDGE_LOOP('',(#1978));
#460=EDGE_LOOP('',(#1979));
#461=EDGE_LOOP('',(#1980));
#462=EDGE_LOOP('',(#1981));
#463=EDGE_LOOP('',(#1982));
#464=EDGE_LOOP('',(#1983));
#465=EDGE_LOOP('',(#1984));
#466=EDGE_LOOP('',(#1985));
#467=EDGE_LOOP('',(#1986));
#468=EDGE_LOOP('',(#1987));
#469=EDGE_LOOP('',(#1988));
#470=EDGE_LOOP('',(#1989));
#471=EDGE_LOOP('',(#1990));
#472=EDGE_LOOP('',(#1991));
#473=EDGE_LOOP('',(#1992));
#474=EDGE_LOOP('',(#1993));
#475=EDGE_LOOP('',(#1994));
#476=EDGE_LOOP('',(#1995));
#477=EDGE_LOOP('',(#1996));
#478=EDGE_LOOP('',(#1997));
#479=EDGE_LOOP('',(#1998));
#480=EDGE_LOOP('',(#1999,#2000,#2001,#2002));
#481=EDGE_LOOP('',(#2003,#2004));
#482=EDGE_LOOP('',(#2005,#2006));
#483=EDGE_LOOP('',(#2007,#2008,#2009,#2010));
#484=EDGE_LOOP('',(#2011,#2012));
#485=EDGE_LOOP('',(#2013,#2014));
#486=EDGE_LOOP('',(#2015,#2016,#2017,#2018));
#487=EDGE_LOOP('',(#2019,#2020));
#488=EDGE_LOOP('',(#2021,#2022));
#489=EDGE_LOOP('',(#2023,#2024,#2025,#2026));
#490=EDGE_LOOP('',(#2027,#2028));
#491=EDGE_LOOP('',(#2029,#2030));
#492=EDGE_LOOP('',(#2031,#2032));
#493=EDGE_LOOP('',(#2033,#2034));
#494=EDGE_LOOP('',(#2035,#2036,#2037,#2038));
#495=EDGE_LOOP('',(#2039,#2040));
#496=EDGE_LOOP('',(#2041,#2042));
#497=EDGE_LOOP('',(#2043,#2044,#2045,#2046));
#498=EDGE_LOOP('',(#2047,#2048));
#499=EDGE_LOOP('',(#2049,#2050));
#500=EDGE_LOOP('',(#2051,#2052,#2053,#2054));
#501=EDGE_LOOP('',(#2055,#2056));
#502=EDGE_LOOP('',(#2057,#2058));
#503=EDGE_LOOP('',(#2059,#2060));
#504=EDGE_LOOP('',(#2061,#2062));
#505=LINE('',#3121,#691);
#506=LINE('',#3127,#692);
#507=LINE('',#3129,#693);
#508=LINE('',#3131,#694);
#509=LINE('',#3133,#695);
#510=LINE('',#3135,#696);
#511=LINE('',#3137,#697);
#512=LINE('',#3139,#698);
#513=LINE('',#3141,#699);
#514=LINE('',#3143,#700);
#515=LINE('',#3145,#701);
#516=LINE('',#3147,#702);
#517=LINE('',#3149,#703);
#518=LINE('',#3151,#704);
#519=LINE('',#3153,#705);
#520=LINE('',#3155,#706);
#521=LINE('',#3157,#707);
#522=LINE('',#3159,#708);
#523=LINE('',#3161,#709);
#524=LINE('',#3163,#710);
#525=LINE('',#3165,#711);
#526=LINE('',#3167,#712);
#527=LINE('',#3169,#713);
#528=LINE('',#3171,#714);
#529=LINE('',#3173,#715);
#530=LINE('',#3175,#716);
#531=LINE('',#3177,#717);
#532=LINE('',#3179,#718);
#533=LINE('',#3181,#719);
#534=LINE('',#3183,#720);
#535=LINE('',#3184,#721);
#536=LINE('',#3187,#722);
#537=LINE('',#3189,#723);
#538=LINE('',#3190,#724);
#539=LINE('',#3193,#725);
#540=LINE('',#3194,#726);
#541=LINE('',#3197,#727);
#542=LINE('',#3198,#728);
#543=LINE('',#3201,#729);
#544=LINE('',#3203,#730);
#545=LINE('',#3204,#731);
#546=LINE('',#3207,#732);
#547=LINE('',#3209,#733);
#548=LINE('',#3210,#734);
#549=LINE('',#3212,#735);
#550=LINE('',#3214,#736);
#551=LINE('',#3217,#737);
#552=LINE('',#3219,#738);
#553=LINE('',#3220,#739);
#554=LINE('',#3223,#740);
#555=LINE('',#3224,#741);
#556=LINE('',#3227,#742);
#557=LINE('',#3228,#743);
#558=LINE('',#3230,#744);
#559=LINE('',#3233,#745);
#560=LINE('',#3235,#746);
#561=LINE('',#3236,#747);
#562=LINE('',#3239,#748);
#563=LINE('',#3240,#749);
#564=LINE('',#3243,#750);
#565=LINE('',#3244,#751);
#566=LINE('',#3246,#752);
#567=LINE('',#3249,#753);
#568=LINE('',#3251,#754);
#569=LINE('',#3252,#755);
#570=LINE('',#3255,#756);
#571=LINE('',#3256,#757);
#572=LINE('',#3259,#758);
#573=LINE('',#3260,#759);
#574=LINE('',#3262,#760);
#575=LINE('',#3265,#761);
#576=LINE('',#3267,#762);
#577=LINE('',#3268,#763);
#578=LINE('',#3271,#764);
#579=LINE('',#3272,#765);
#580=LINE('',#3275,#766);
#581=LINE('',#3276,#767);
#582=LINE('',#3278,#768);
#583=LINE('',#3281,#769);
#584=LINE('',#3283,#770);
#585=LINE('',#3284,#771);
#586=LINE('',#3287,#772);
#587=LINE('',#3288,#773);
#588=LINE('',#3291,#774);
#589=LINE('',#3292,#775);
#590=LINE('',#3294,#776);
#591=LINE('',#3297,#777);
#592=LINE('',#3299,#778);
#593=LINE('',#3300,#779);
#594=LINE('',#3303,#780);
#595=LINE('',#3304,#781);
#596=LINE('',#3307,#782);
#597=LINE('',#3308,#783);
#598=LINE('',#3310,#784);
#599=LINE('',#3316,#785);
#600=LINE('',#3318,#786);
#601=LINE('',#3320,#787);
#602=LINE('',#3321,#788);
#603=LINE('',#3326,#789);
#604=LINE('',#3332,#790);
#605=LINE('',#3338,#791);
#606=LINE('',#3344,#792);
#607=LINE('',#3350,#793);
#608=LINE('',#3356,#794);
#609=LINE('',#3362,#795);
#610=LINE('',#3368,#796);
#611=LINE('',#3374,#797);
#612=LINE('',#3380,#798);
#613=LINE('',#3386,#799);
#614=LINE('',#3392,#800);
#615=LINE('',#3398,#801);
#616=LINE('',#3404,#802);
#617=LINE('',#3410,#803);
#618=LINE('',#3416,#804);
#619=LINE('',#3422,#805);
#620=LINE('',#3428,#806);
#621=LINE('',#3434,#807);
#622=LINE('',#3440,#808);
#623=LINE('',#3446,#809);
#624=LINE('',#3452,#810);
#625=LINE('',#3458,#811);
#626=LINE('',#3464,#812);
#627=LINE('',#3470,#813);
#628=LINE('',#3476,#814);
#629=LINE('',#3482,#815);
#630=LINE('',#3488,#816);
#631=LINE('',#3494,#817);
#632=LINE('',#3500,#818);
#633=LINE('',#3506,#819);
#634=LINE('',#3512,#820);
#635=LINE('',#3518,#821);
#636=LINE('',#3524,#822);
#637=LINE('',#3530,#823);
#638=LINE('',#3536,#824);
#639=LINE('',#3542,#825);
#640=LINE('',#3548,#826);
#641=LINE('',#3554,#827);
#642=LINE('',#3560,#828);
#643=LINE('',#3566,#829);
#644=LINE('',#3572,#830);
#645=LINE('',#3578,#831);
#646=LINE('',#3584,#832);
#647=LINE('',#3591,#833);
#648=LINE('',#3594,#834);
#649=LINE('',#3600,#835);
#650=LINE('',#3603,#836);
#651=LINE('',#3606,#837);
#652=LINE('',#3608,#838);
#653=LINE('',#3609,#839);
#654=LINE('',#3612,#840);
#655=LINE('',#3614,#841);
#656=LINE('',#3615,#842);
#657=LINE('',#3617,#843);
#658=LINE('',#3618,#844);
#659=LINE('',#3620,#845);
#660=LINE('',#3621,#846);
#661=LINE('',#3624,#847);
#662=LINE('',#3626,#848);
#663=LINE('',#3628,#849);
#664=LINE('',#3629,#850);
#665=LINE('',#3632,#851);
#666=LINE('',#3634,#852);
#667=LINE('',#3636,#853);
#668=LINE('',#3637,#854);
#669=LINE('',#3640,#855);
#670=LINE('',#3642,#856);
#671=LINE('',#3644,#857);
#672=LINE('',#3645,#858);
#673=LINE('',#3646,#859);
#674=LINE('',#3647,#860);
#675=LINE('',#3650,#861);
#676=LINE('',#3652,#862);
#677=LINE('',#3654,#863);
#678=LINE('',#3655,#864);
#679=LINE('',#3658,#865);
#680=LINE('',#3660,#866);
#681=LINE('',#3662,#867);
#682=LINE('',#3663,#868);
#683=LINE('',#3666,#869);
#684=LINE('',#3668,#870);
#685=LINE('',#3670,#871);
#686=LINE('',#3671,#872);
#687=LINE('',#3674,#873);
#688=LINE('',#3676,#874);
#689=LINE('',#3678,#875);
#690=LINE('',#3679,#876);
#691=VECTOR('',#2487,20.2585313013151);
#692=VECTOR('',#2494,10.);
#693=VECTOR('',#2495,10.);
#694=VECTOR('',#2496,10.);
#695=VECTOR('',#2497,10.);
#696=VECTOR('',#2498,10.);
#697=VECTOR('',#2499,10.);
#698=VECTOR('',#2500,10.);
#699=VECTOR('',#2501,10.);
#700=VECTOR('',#2502,10.);
#701=VECTOR('',#2503,10.);
#702=VECTOR('',#2504,10.);
#703=VECTOR('',#2505,10.);
#704=VECTOR('',#2506,10.);
#705=VECTOR('',#2507,10.);
#706=VECTOR('',#2508,10.);
#707=VECTOR('',#2509,10.);
#708=VECTOR('',#2510,10.);
#709=VECTOR('',#2511,10.);
#710=VECTOR('',#2512,10.);
#711=VECTOR('',#2513,10.);
#712=VECTOR('',#2514,10.);
#713=VECTOR('',#2515,10.);
#714=VECTOR('',#2516,10.);
#715=VECTOR('',#2517,10.);
#716=VECTOR('',#2518,10.);
#717=VECTOR('',#2519,10.);
#718=VECTOR('',#2520,10.);
#719=VECTOR('',#2521,10.);
#720=VECTOR('',#2522,10.);
#721=VECTOR('',#2523,10.);
#722=VECTOR('',#2526,10.);
#723=VECTOR('',#2527,10.);
#724=VECTOR('',#2528,10.);
#725=VECTOR('',#2531,10.);
#726=VECTOR('',#2532,10.);
#727=VECTOR('',#2535,10.);
#728=VECTOR('',#2536,10.);
#729=VECTOR('',#2539,10.);
#730=VECTOR('',#2540,10.);
#731=VECTOR('',#2541,10.);
#732=VECTOR('',#2544,10.);
#733=VECTOR('',#2545,10.);
#734=VECTOR('',#2546,10.);
#735=VECTOR('',#2549,10.);
#736=VECTOR('',#2552,10.);
#737=VECTOR('',#2555,10.);
#738=VECTOR('',#2556,10.);
#739=VECTOR('',#2557,10.);
#740=VECTOR('',#2560,10.);
#741=VECTOR('',#2561,10.);
#742=VECTOR('',#2564,10.);
#743=VECTOR('',#2565,10.);
#744=VECTOR('',#2568,10.);
#745=VECTOR('',#2571,10.);
#746=VECTOR('',#2572,10.);
#747=VECTOR('',#2573,10.);
#748=VECTOR('',#2576,10.);
#749=VECTOR('',#2577,10.);
#750=VECTOR('',#2580,10.);
#751=VECTOR('',#2581,10.);
#752=VECTOR('',#2584,10.);
#753=VECTOR('',#2587,10.);
#754=VECTOR('',#2588,10.);
#755=VECTOR('',#2589,10.);
#756=VECTOR('',#2592,10.);
#757=VECTOR('',#2593,10.);
#758=VECTOR('',#2596,10.);
#759=VECTOR('',#2597,10.);
#760=VECTOR('',#2600,10.);
#761=VECTOR('',#2603,10.);
#762=VECTOR('',#2604,10.);
#763=VECTOR('',#2605,10.);
#764=VECTOR('',#2608,10.);
#765=VECTOR('',#2609,10.);
#766=VECTOR('',#2612,10.);
#767=VECTOR('',#2613,10.);
#768=VECTOR('',#2616,10.);
#769=VECTOR('',#2619,10.);
#770=VECTOR('',#2620,10.);
#771=VECTOR('',#2621,10.);
#772=VECTOR('',#2624,10.);
#773=VECTOR('',#2625,10.);
#774=VECTOR('',#2628,10.);
#775=VECTOR('',#2629,10.);
#776=VECTOR('',#2632,10.);
#777=VECTOR('',#2635,10.);
#778=VECTOR('',#2636,10.);
#779=VECTOR('',#2637,10.);
#780=VECTOR('',#2640,10.);
#781=VECTOR('',#2641,10.);
#782=VECTOR('',#2644,10.);
#783=VECTOR('',#2645,10.);
#784=VECTOR('',#2648,10.);
#785=VECTOR('',#2655,10.);
#786=VECTOR('',#2656,1000.);
#787=VECTOR('',#2657,1000.);
#788=VECTOR('',#2658,1000.);
#789=VECTOR('',#2663,2.50000000004635);
#790=VECTOR('',#2670,2.50000000004635);
#791=VECTOR('',#2677,2.50000000004635);
#792=VECTOR('',#2684,2.50000000004635);
#793=VECTOR('',#2691,3.40000000000007);
#794=VECTOR('',#2698,3.40000000000007);
#795=VECTOR('',#2705,3.40000000000003);
#796=VECTOR('',#2712,3.40000000000003);
#797=VECTOR('',#2719,3.);
#798=VECTOR('',#2726,3.);
#799=VECTOR('',#2733,3.);
#800=VECTOR('',#2740,3.);
#801=VECTOR('',#2747,3.);
#802=VECTOR('',#2754,3.);
#803=VECTOR('',#2761,3.);
#804=VECTOR('',#2768,3.);
#805=VECTOR('',#2775,3.);
#806=VECTOR('',#2782,2.99999999999989);
#807=VECTOR('',#2789,3.);
#808=VECTOR('',#2796,3.);
#809=VECTOR('',#2803,3.);
#810=VECTOR('',#2810,3.);
#811=VECTOR('',#2817,3.);
#812=VECTOR('',#2824,2.99999999999998);
#813=VECTOR('',#2831,3.);
#814=VECTOR('',#2838,2.99999999999993);
#815=VECTOR('',#2845,2.99999999999998);
#816=VECTOR('',#2852,2.99999999999996);
#817=VECTOR('',#2859,2.99999999999993);
#818=VECTOR('',#2866,2.99999999999998);
#819=VECTOR('',#2873,2.99999999999996);
#820=VECTOR('',#2880,2.99999999999998);
#821=VECTOR('',#2887,2.99999999999999);
#822=VECTOR('',#2894,2.99999999999999);
#823=VECTOR('',#2901,3.);
#824=VECTOR('',#2908,3.);
#825=VECTOR('',#2915,3.);
#826=VECTOR('',#2922,3.);
#827=VECTOR('',#2929,3.);
#828=VECTOR('',#2936,2.99999999999998);
#829=VECTOR('',#2943,2.99999999999996);
#830=VECTOR('',#2950,2.99999999999998);
#831=VECTOR('',#2957,2.99999999999993);
#832=VECTOR('',#2964,3.);
#833=VECTOR('',#2971,1000.);
#834=VECTOR('',#2974,1000.);
#835=VECTOR('',#2979,1000.);
#836=VECTOR('',#2982,1000.);
#837=VECTOR('',#2985,1000.);
#838=VECTOR('',#2986,1000.);
#839=VECTOR('',#2987,1000.);
#840=VECTOR('',#2990,1000.);
#841=VECTOR('',#2991,1000.);
#842=VECTOR('',#2992,1000.);
#843=VECTOR('',#2995,1000.);
#844=VECTOR('',#2996,1000.);
#845=VECTOR('',#2999,1000.);
#846=VECTOR('',#3000,1000.);
#847=VECTOR('',#3001,1000.);
#848=VECTOR('',#3002,1000.);
#849=VECTOR('',#3003,1000.);
#850=VECTOR('',#3004,1000.);
#851=VECTOR('',#3005,1000.);
#852=VECTOR('',#3006,1000.);
#853=VECTOR('',#3007,1000.);
#854=VECTOR('',#3008,1000.);
#855=VECTOR('',#3009,1000.);
#856=VECTOR('',#3010,1000.);
#857=VECTOR('',#3011,1000.);
#858=VECTOR('',#3012,1000.);
#859=VECTOR('',#3013,1000.);
#860=VECTOR('',#3014,1000.);
#861=VECTOR('',#3015,1000.);
#862=VECTOR('',#3016,1000.);
#863=VECTOR('',#3017,1000.);
#864=VECTOR('',#3018,1000.);
#865=VECTOR('',#3019,1000.);
#866=VECTOR('',#3020,1000.);
#867=VECTOR('',#3021,1000.);
#868=VECTOR('',#3022,1000.);
#869=VECTOR('',#3023,1000.);
#870=VECTOR('',#3024,1000.);
#871=VECTOR('',#3025,1000.);
#872=VECTOR('',#3026,1000.);
#873=VECTOR('',#3027,1000.);
#874=VECTOR('',#3028,1000.);
#875=VECTOR('',#3029,1000.);
#876=VECTOR('',#3030,1000.);
#877=CIRCLE('',#2257,20.2585313013151);
#878=CIRCLE('',#2258,20.2585313013151);
#879=CIRCLE('',#2296,2.50000000004635);
#880=CIRCLE('',#2297,2.50000000004635);
#881=CIRCLE('',#2299,2.50000000004633);
#882=CIRCLE('',#2300,2.50000000004633);
#883=CIRCLE('',#2302,2.50000000004635);
#884=CIRCLE('',#2303,2.50000000004635);
#885=CIRCLE('',#2305,2.50000000004635);
#886=CIRCLE('',#2306,2.50000000004635);
#887=CIRCLE('',#2308,3.40000000000007);
#888=CIRCLE('',#2309,3.40000000000007);
#889=CIRCLE('',#2311,3.40000000000007);
#890=CIRCLE('',#2312,3.40000000000007);
#891=CIRCLE('',#2314,3.40000000000003);
#892=CIRCLE('',#2315,3.40000000000003);
#893=CIRCLE('',#2317,3.40000000000003);
#894=CIRCLE('',#2318,3.40000000000003);
#895=CIRCLE('',#2320,3.);
#896=CIRCLE('',#2321,3.);
#897=CIRCLE('',#2323,3.);
#898=CIRCLE('',#2324,3.);
#899=CIRCLE('',#2326,3.);
#900=CIRCLE('',#2327,3.);
#901=CIRCLE('',#2329,3.);
#902=CIRCLE('',#2330,3.);
#903=CIRCLE('',#2332,3.);
#904=CIRCLE('',#2333,3.);
#905=CIRCLE('',#2335,3.);
#906=CIRCLE('',#2336,3.);
#907=CIRCLE('',#2338,3.);
#908=CIRCLE('',#2339,3.);
#909=CIRCLE('',#2341,3.);
#910=CIRCLE('',#2342,3.);
#911=CIRCLE('',#2344,3.);
#912=CIRCLE('',#2345,3.);
#913=CIRCLE('',#2347,2.99999999999989);
#914=CIRCLE('',#2348,2.99999999999989);
#915=CIRCLE('',#2350,3.);
#916=CIRCLE('',#2351,3.);
#917=CIRCLE('',#2353,3.);
#918=CIRCLE('',#2354,3.);
#919=CIRCLE('',#2356,3.);
#920=CIRCLE('',#2357,3.);
#921=CIRCLE('',#2359,3.);
#922=CIRCLE('',#2360,3.);
#923=CIRCLE('',#2362,3.);
#924=CIRCLE('',#2363,3.);
#925=CIRCLE('',#2365,2.99999999999998);
#926=CIRCLE('',#2366,2.99999999999998);
#927=CIRCLE('',#2368,3.);
#928=CIRCLE('',#2369,3.);
#929=CIRCLE('',#2371,2.99999999999993);
#930=CIRCLE('',#2372,2.99999999999993);
#931=CIRCLE('',#2374,2.99999999999998);
#932=CIRCLE('',#2375,2.99999999999998);
#933=CIRCLE('',#2377,2.99999999999996);
#934=CIRCLE('',#2378,2.99999999999996);
#935=CIRCLE('',#2380,2.99999999999989);
#936=CIRCLE('',#2381,2.99999999999989);
#937=CIRCLE('',#2383,3.);
#938=CIRCLE('',#2384,3.);
#939=CIRCLE('',#2386,3.);
#940=CIRCLE('',#2387,3.);
#941=CIRCLE('',#2389,3.);
#942=CIRCLE('',#2390,3.);
#943=CIRCLE('',#2392,3.);
#944=CIRCLE('',#2393,3.);
#945=CIRCLE('',#2395,3.);
#946=CIRCLE('',#2396,3.);
#947=CIRCLE('',#2398,3.);
#948=CIRCLE('',#2399,3.);
#949=CIRCLE('',#2401,3.);
#950=CIRCLE('',#2402,3.);
#951=CIRCLE('',#2404,3.);
#952=CIRCLE('',#2405,3.);
#953=CIRCLE('',#2407,2.99999999999999);
#954=CIRCLE('',#2408,2.99999999999999);
#955=CIRCLE('',#2410,2.99999999999999);
#956=CIRCLE('',#2411,2.99999999999999);
#957=CIRCLE('',#2413,2.99999999999998);
#958=CIRCLE('',#2414,2.99999999999998);
#959=CIRCLE('',#2416,2.99999999999996);
#960=CIRCLE('',#2417,2.99999999999996);
#961=CIRCLE('',#2419,2.99999999999998);
#962=CIRCLE('',#2420,2.99999999999998);
#963=CIRCLE('',#2422,2.99999999999993);
#964=CIRCLE('',#2423,2.99999999999993);
#965=CIRCLE('',#2425,3.);
#966=CIRCLE('',#2426,3.);
#967=CIRCLE('',#2428,6.);
#968=CIRCLE('',#2429,6.);
#969=CIRCLE('',#2431,6.);
#970=CIRCLE('',#2432,6.);
#971=CIRCLE('',#2439,6.00000000000004);
#972=CIRCLE('',#2440,6.00000000000004);
#973=CIRCLE('',#2444,5.99999999999998);
#974=CIRCLE('',#2445,5.99999999999998);
#975=CIRCLE('',#2449,6.00000000000004);
#976=CIRCLE('',#2450,6.00000000000004);
#977=CIRCLE('',#2454,6.);
#978=CIRCLE('',#2455,6.00000000000002);
#979=CIRCLE('',#2461,6.);
#980=CIRCLE('',#2462,6.);
#981=CIRCLE('',#2466,6.);
#982=CIRCLE('',#2467,6.);
#983=CIRCLE('',#2471,6.);
#984=CIRCLE('',#2472,6.);
#985=VERTEX_POINT('',#3118);
#986=VERTEX_POINT('',#3120);
#987=VERTEX_POINT('',#3125);
#988=VERTEX_POINT('',#3126);
#989=VERTEX_POINT('',#3128);
#990=VERTEX_POINT('',#3130);
#991=VERTEX_POINT('',#3132);
#992=VERTEX_POINT('',#3134);
#993=VERTEX_POINT('',#3136);
#994=VERTEX_POINT('',#3138);
#995=VERTEX_POINT('',#3140);
#996=VERTEX_POINT('',#3142);
#997=VERTEX_POINT('',#3144);
#998=VERTEX_POINT('',#3146);
#999=VERTEX_POINT('',#3148);
#1000=VERTEX_POINT('',#3150);
#1001=VERTEX_POINT('',#3152);
#1002=VERTEX_POINT('',#3154);
#1003=VERTEX_POINT('',#3156);
#1004=VERTEX_POINT('',#3158);
#1005=VERTEX_POINT('',#3160);
#1006=VERTEX_POINT('',#3162);
#1007=VERTEX_POINT('',#3164);
#1008=VERTEX_POINT('',#3166);
#1009=VERTEX_POINT('',#3168);
#1010=VERTEX_POINT('',#3170);
#1011=VERTEX_POINT('',#3172);
#1012=VERTEX_POINT('',#3174);
#1013=VERTEX_POINT('',#3176);
#1014=VERTEX_POINT('',#3178);
#1015=VERTEX_POINT('',#3180);
#1016=VERTEX_POINT('',#3182);
#1017=VERTEX_POINT('',#3186);
#1018=VERTEX_POINT('',#3188);
#1019=VERTEX_POINT('',#3192);
#1020=VERTEX_POINT('',#3196);
#1021=VERTEX_POINT('',#3200);
#1022=VERTEX_POINT('',#3202);
#1023=VERTEX_POINT('',#3206);
#1024=VERTEX_POINT('',#3208);
#1025=VERTEX_POINT('',#3216);
#1026=VERTEX_POINT('',#3218);
#1027=VERTEX_POINT('',#3222);
#1028=VERTEX_POINT('',#3226);
#1029=VERTEX_POINT('',#3232);
#1030=VERTEX_POINT('',#3234);
#1031=VERTEX_POINT('',#3238);
#1032=VERTEX_POINT('',#3242);
#1033=VERTEX_POINT('',#3248);
#1034=VERTEX_POINT('',#3250);
#1035=VERTEX_POINT('',#3254);
#1036=VERTEX_POINT('',#3258);
#1037=VERTEX_POINT('',#3264);
#1038=VERTEX_POINT('',#3266);
#1039=VERTEX_POINT('',#3270);
#1040=VERTEX_POINT('',#3274);
#1041=VERTEX_POINT('',#3280);
#1042=VERTEX_POINT('',#3282);
#1043=VERTEX_POINT('',#3286);
#1044=VERTEX_POINT('',#3290);
#1045=VERTEX_POINT('',#3296);
#1046=VERTEX_POINT('',#3298);
#1047=VERTEX_POINT('',#3302);
#1048=VERTEX_POINT('',#3306);
#1049=VERTEX_POINT('',#3314);
#1050=VERTEX_POINT('',#3315);
#1051=VERTEX_POINT('',#3317);
#1052=VERTEX_POINT('',#3319);
#1053=VERTEX_POINT('',#3323);
#1054=VERTEX_POINT('',#3325);
#1055=VERTEX_POINT('',#3329);
#1056=VERTEX_POINT('',#3331);
#1057=VERTEX_POINT('',#3335);
#1058=VERTEX_POINT('',#3337);
#1059=VERTEX_POINT('',#3341);
#1060=VERTEX_POINT('',#3343);
#1061=VERTEX_POINT('',#3347);
#1062=VERTEX_POINT('',#3349);
#1063=VERTEX_POINT('',#3353);
#1064=VERTEX_POINT('',#3355);
#1065=VERTEX_POINT('',#3359);
#1066=VERTEX_POINT('',#3361);
#1067=VERTEX_POINT('',#3365);
#1068=VERTEX_POINT('',#3367);
#1069=VERTEX_POINT('',#3371);
#1070=VERTEX_POINT('',#3373);
#1071=VERTEX_POINT('',#3377);
#1072=VERTEX_POINT('',#3379);
#1073=VERTEX_POINT('',#3383);
#1074=VERTEX_POINT('',#3385);
#1075=VERTEX_POINT('',#3389);
#1076=VERTEX_POINT('',#3391);
#1077=VERTEX_POINT('',#3395);
#1078=VERTEX_POINT('',#3397);
#1079=VERTEX_POINT('',#3401);
#1080=VERTEX_POINT('',#3403);
#1081=VERTEX_POINT('',#3407);
#1082=VERTEX_POINT('',#3409);
#1083=VERTEX_POINT('',#3413);
#1084=VERTEX_POINT('',#3415);
#1085=VERTEX_POINT('',#3419);
#1086=VERTEX_POINT('',#3421);
#1087=VERTEX_POINT('',#3425);
#1088=VERTEX_POINT('',#3427);
#1089=VERTEX_POINT('',#3431);
#1090=VERTEX_POINT('',#3433);
#1091=VERTEX_POINT('',#3437);
#1092=VERTEX_POINT('',#3439);
#1093=VERTEX_POINT('',#3443);
#1094=VERTEX_POINT('',#3445);
#1095=VERTEX_POINT('',#3449);
#1096=VERTEX_POINT('',#3451);
#1097=VERTEX_POINT('',#3455);
#1098=VERTEX_POINT('',#3457);
#1099=VERTEX_POINT('',#3461);
#1100=VERTEX_POINT('',#3463);
#1101=VERTEX_POINT('',#3467);
#1102=VERTEX_POINT('',#3469);
#1103=VERTEX_POINT('',#3473);
#1104=VERTEX_POINT('',#3475);
#1105=VERTEX_POINT('',#3479);
#1106=VERTEX_POINT('',#3481);
#1107=VERTEX_POINT('',#3485);
#1108=VERTEX_POINT('',#3487);
#1109=VERTEX_POINT('',#3491);
#1110=VERTEX_POINT('',#3493);
#1111=VERTEX_POINT('',#3497);
#1112=VERTEX_POINT('',#3499);
#1113=VERTEX_POINT('',#3503);
#1114=VERTEX_POINT('',#3505);
#1115=VERTEX_POINT('',#3509);
#1116=VERTEX_POINT('',#3511);
#1117=VERTEX_POINT('',#3515);
#1118=VERTEX_POINT('',#3517);
#1119=VERTEX_POINT('',#3521);
#1120=VERTEX_POINT('',#3523);
#1121=VERTEX_POINT('',#3527);
#1122=VERTEX_POINT('',#3529);
#1123=VERTEX_POINT('',#3533);
#1124=VERTEX_POINT('',#3535);
#1125=VERTEX_POINT('',#3539);
#1126=VERTEX_POINT('',#3541);
#1127=VERTEX_POINT('',#3545);
#1128=VERTEX_POINT('',#3547);
#1129=VERTEX_POINT('',#3551);
#1130=VERTEX_POINT('',#3553);
#1131=VERTEX_POINT('',#3557);
#1132=VERTEX_POINT('',#3559);
#1133=VERTEX_POINT('',#3563);
#1134=VERTEX_POINT('',#3565);
#1135=VERTEX_POINT('',#3569);
#1136=VERTEX_POINT('',#3571);
#1137=VERTEX_POINT('',#3575);
#1138=VERTEX_POINT('',#3577);
#1139=VERTEX_POINT('',#3581);
#1140=VERTEX_POINT('',#3583);
#1141=VERTEX_POINT('',#3587);
#1142=VERTEX_POINT('',#3588);
#1143=VERTEX_POINT('',#3590);
#1144=VERTEX_POINT('',#3592);
#1145=VERTEX_POINT('',#3596);
#1146=VERTEX_POINT('',#3597);
#1147=VERTEX_POINT('',#3599);
#1148=VERTEX_POINT('',#3601);
#1149=VERTEX_POINT('',#3605);
#1150=VERTEX_POINT('',#3607);
#1151=VERTEX_POINT('',#3611);
#1152=VERTEX_POINT('',#3613);
#1153=VERTEX_POINT('',#3622);
#1154=VERTEX_POINT('',#3623);
#1155=VERTEX_POINT('',#3625);
#1156=VERTEX_POINT('',#3627);
#1157=VERTEX_POINT('',#3630);
#1158=VERTEX_POINT('',#3631);
#1159=VERTEX_POINT('',#3633);
#1160=VERTEX_POINT('',#3635);
#1161=VERTEX_POINT('',#3638);
#1162=VERTEX_POINT('',#3639);
#1163=VERTEX_POINT('',#3641);
#1164=VERTEX_POINT('',#3643);
#1165=VERTEX_POINT('',#3648);
#1166=VERTEX_POINT('',#3649);
#1167=VERTEX_POINT('',#3651);
#1168=VERTEX_POINT('',#3653);
#1169=VERTEX_POINT('',#3656);
#1170=VERTEX_POINT('',#3657);
#1171=VERTEX_POINT('',#3659);
#1172=VERTEX_POINT('',#3661);
#1173=VERTEX_POINT('',#3664);
#1174=VERTEX_POINT('',#3665);
#1175=VERTEX_POINT('',#3667);
#1176=VERTEX_POINT('',#3669);
#1177=VERTEX_POINT('',#3672);
#1178=VERTEX_POINT('',#3673);
#1179=VERTEX_POINT('',#3675);
#1180=VERTEX_POINT('',#3677);
#1181=EDGE_CURVE('',#985,#985,#877,.T.);
#1182=EDGE_CURVE('',#985,#986,#505,.T.);
#1183=EDGE_CURVE('',#986,#986,#878,.T.);
#1184=EDGE_CURVE('',#987,#988,#506,.T.);
#1185=EDGE_CURVE('',#988,#989,#507,.T.);
#1186=EDGE_CURVE('',#989,#990,#508,.T.);
#1187=EDGE_CURVE('',#990,#991,#509,.T.);
#1188=EDGE_CURVE('',#991,#992,#510,.T.);
#1189=EDGE_CURVE('',#992,#993,#511,.T.);
#1190=EDGE_CURVE('',#993,#994,#512,.T.);
#1191=EDGE_CURVE('',#994,#995,#513,.T.);
#1192=EDGE_CURVE('',#995,#996,#514,.T.);
#1193=EDGE_CURVE('',#996,#997,#515,.T.);
#1194=EDGE_CURVE('',#997,#998,#516,.T.);
#1195=EDGE_CURVE('',#998,#999,#517,.T.);
#1196=EDGE_CURVE('',#999,#1000,#518,.T.);
#1197=EDGE_CURVE('',#1000,#1001,#519,.T.);
#1198=EDGE_CURVE('',#1002,#1001,#520,.T.);
#1199=EDGE_CURVE('',#1002,#1003,#521,.T.);
#1200=EDGE_CURVE('',#1004,#1003,#522,.T.);
#1201=EDGE_CURVE('',#1004,#1005,#523,.T.);
#1202=EDGE_CURVE('',#1005,#1006,#524,.T.);
#1203=EDGE_CURVE('',#1006,#1007,#525,.T.);
#1204=EDGE_CURVE('',#1007,#1008,#526,.T.);
#1205=EDGE_CURVE('',#1008,#1009,#527,.T.);
#1206=EDGE_CURVE('',#1009,#1010,#528,.T.);
#1207=EDGE_CURVE('',#1010,#1011,#529,.T.);
#1208=EDGE_CURVE('',#1012,#1011,#530,.T.);
#1209=EDGE_CURVE('',#1012,#1013,#531,.T.);
#1210=EDGE_CURVE('',#1013,#1014,#532,.T.);
#1211=EDGE_CURVE('',#1014,#1015,#533,.T.);
#1212=EDGE_CURVE('',#1015,#1016,#534,.T.);
#1213=EDGE_CURVE('',#1016,#987,#535,.T.);
#1214=EDGE_CURVE('',#1006,#1017,#536,.T.);
#1215=EDGE_CURVE('',#1018,#1017,#537,.T.);
#1216=EDGE_CURVE('',#1007,#1018,#538,.T.);
#1217=EDGE_CURVE('',#1019,#1018,#539,.T.);
#1218=EDGE_CURVE('',#1008,#1019,#540,.T.);
#1219=EDGE_CURVE('',#1017,#1020,#541,.T.);
#1220=EDGE_CURVE('',#1020,#1019,#542,.T.);
#1221=EDGE_CURVE('',#1005,#1021,#543,.T.);
#1222=EDGE_CURVE('',#1022,#1021,#544,.T.);
#1223=EDGE_CURVE('',#1020,#1022,#545,.T.);
#1224=EDGE_CURVE('',#1003,#1023,#546,.T.);
#1225=EDGE_CURVE('',#1024,#1023,#547,.T.);
#1226=EDGE_CURVE('',#1004,#1024,#548,.T.);
#1227=EDGE_CURVE('',#1021,#1024,#549,.T.);
#1228=EDGE_CURVE('',#1023,#1022,#550,.T.);
#1229=EDGE_CURVE('',#1014,#1025,#551,.T.);
#1230=EDGE_CURVE('',#1026,#1025,#552,.T.);
#1231=EDGE_CURVE('',#1015,#1026,#553,.T.);
#1232=EDGE_CURVE('',#1027,#1026,#554,.T.);
#1233=EDGE_CURVE('',#1016,#1027,#555,.T.);
#1234=EDGE_CURVE('',#1013,#1028,#556,.T.);
#1235=EDGE_CURVE('',#1025,#1028,#557,.T.);
#1236=EDGE_CURVE('',#1028,#1027,#558,.T.);
#1237=EDGE_CURVE('',#992,#1029,#559,.T.);
#1238=EDGE_CURVE('',#1030,#1029,#560,.T.);
#1239=EDGE_CURVE('',#993,#1030,#561,.T.);
#1240=EDGE_CURVE('',#1031,#1030,#562,.T.);
#1241=EDGE_CURVE('',#994,#1031,#563,.T.);
#1242=EDGE_CURVE('',#991,#1032,#564,.T.);
#1243=EDGE_CURVE('',#1029,#1032,#565,.T.);
#1244=EDGE_CURVE('',#1032,#1031,#566,.T.);
#1245=EDGE_CURVE('',#996,#1033,#567,.T.);
#1246=EDGE_CURVE('',#1034,#1033,#568,.T.);
#1247=EDGE_CURVE('',#997,#1034,#569,.T.);
#1248=EDGE_CURVE('',#1035,#1034,#570,.T.);
#1249=EDGE_CURVE('',#998,#1035,#571,.T.);
#1250=EDGE_CURVE('',#995,#1036,#572,.T.);
#1251=EDGE_CURVE('',#1033,#1036,#573,.T.);
#1252=EDGE_CURVE('',#1036,#1035,#574,.T.);
#1253=EDGE_CURVE('',#1009,#1037,#575,.T.);
#1254=EDGE_CURVE('',#1038,#1037,#576,.T.);
#1255=EDGE_CURVE('',#1010,#1038,#577,.T.);
#1256=EDGE_CURVE('',#1039,#1038,#578,.T.);
#1257=EDGE_CURVE('',#1011,#1039,#579,.T.);
#1258=EDGE_CURVE('',#1040,#1039,#580,.T.);
#1259=EDGE_CURVE('',#1012,#1040,#581,.T.);
#1260=EDGE_CURVE('',#1037,#1040,#582,.T.);
#1261=EDGE_CURVE('',#999,#1041,#583,.T.);
#1262=EDGE_CURVE('',#1042,#1041,#584,.T.);
#1263=EDGE_CURVE('',#1000,#1042,#585,.T.);
#1264=EDGE_CURVE('',#1043,#1042,#586,.T.);
#1265=EDGE_CURVE('',#1001,#1043,#587,.T.);
#1266=EDGE_CURVE('',#1044,#1043,#588,.T.);
#1267=EDGE_CURVE('',#1002,#1044,#589,.T.);
#1268=EDGE_CURVE('',#1041,#1044,#590,.T.);
#1269=EDGE_CURVE('',#988,#1045,#591,.T.);
#1270=EDGE_CURVE('',#1046,#1045,#592,.T.);
#1271=EDGE_CURVE('',#989,#1046,#593,.T.);
#1272=EDGE_CURVE('',#1047,#1046,#594,.T.);
#1273=EDGE_CURVE('',#990,#1047,#595,.T.);
#1274=EDGE_CURVE('',#1048,#1047,#596,.T.);
#1275=EDGE_CURVE('',#987,#1048,#597,.T.);
#1276=EDGE_CURVE('',#1045,#1048,#598,.T.);
#1277=EDGE_CURVE('',#1049,#1050,#599,.T.);
#1278=EDGE_CURVE('',#1050,#1051,#600,.T.);
#1279=EDGE_CURVE('',#1052,#1051,#601,.T.);
#1280=EDGE_CURVE('',#1049,#1052,#602,.T.);
#1281=EDGE_CURVE('',#1053,#1053,#879,.T.);
#1282=EDGE_CURVE('',#1053,#1054,#603,.T.);
#1283=EDGE_CURVE('',#1054,#1054,#880,.T.);
#1284=EDGE_CURVE('',#1055,#1055,#881,.T.);
#1285=EDGE_CURVE('',#1055,#1056,#604,.T.);
#1286=EDGE_CURVE('',#1056,#1056,#882,.T.);
#1287=EDGE_CURVE('',#1057,#1057,#883,.T.);
#1288=EDGE_CURVE('',#1057,#1058,#605,.T.);
#1289=EDGE_CURVE('',#1058,#1058,#884,.T.);
#1290=EDGE_CURVE('',#1059,#1059,#885,.T.);
#1291=EDGE_CURVE('',#1059,#1060,#606,.T.);
#1292=EDGE_CURVE('',#1060,#1060,#886,.T.);
#1293=EDGE_CURVE('',#1061,#1061,#887,.T.);
#1294=EDGE_CURVE('',#1061,#1062,#607,.T.);
#1295=EDGE_CURVE('',#1062,#1062,#888,.T.);
#1296=EDGE_CURVE('',#1063,#1063,#889,.T.);
#1297=EDGE_CURVE('',#1063,#1064,#608,.T.);
#1298=EDGE_CURVE('',#1064,#1064,#890,.T.);
#1299=EDGE_CURVE('',#1065,#1065,#891,.T.);
#1300=EDGE_CURVE('',#1065,#1066,#609,.T.);
#1301=EDGE_CURVE('',#1066,#1066,#892,.T.);
#1302=EDGE_CURVE('',#1067,#1067,#893,.T.);
#1303=EDGE_CURVE('',#1067,#1068,#610,.T.);
#1304=EDGE_CURVE('',#1068,#1068,#894,.T.);
#1305=EDGE_CURVE('',#1069,#1069,#895,.T.);
#1306=EDGE_CURVE('',#1069,#1070,#611,.T.);
#1307=EDGE_CURVE('',#1070,#1070,#896,.T.);
#1308=EDGE_CURVE('',#1071,#1071,#897,.T.);
#1309=EDGE_CURVE('',#1071,#1072,#612,.T.);
#1310=EDGE_CURVE('',#1072,#1072,#898,.T.);
#1311=EDGE_CURVE('',#1073,#1073,#899,.T.);
#1312=EDGE_CURVE('',#1073,#1074,#613,.T.);
#1313=EDGE_CURVE('',#1074,#1074,#900,.T.);
#1314=EDGE_CURVE('',#1075,#1075,#901,.T.);
#1315=EDGE_CURVE('',#1075,#1076,#614,.T.);
#1316=EDGE_CURVE('',#1076,#1076,#902,.T.);
#1317=EDGE_CURVE('',#1077,#1077,#903,.T.);
#1318=EDGE_CURVE('',#1077,#1078,#615,.T.);
#1319=EDGE_CURVE('',#1078,#1078,#904,.T.);
#1320=EDGE_CURVE('',#1079,#1079,#905,.T.);
#1321=EDGE_CURVE('',#1079,#1080,#616,.T.);
#1322=EDGE_CURVE('',#1080,#1080,#906,.T.);
#1323=EDGE_CURVE('',#1081,#1081,#907,.T.);
#1324=EDGE_CURVE('',#1081,#1082,#617,.T.);
#1325=EDGE_CURVE('',#1082,#1082,#908,.T.);
#1326=EDGE_CURVE('',#1083,#1083,#909,.T.);
#1327=EDGE_CURVE('',#1083,#1084,#618,.T.);
#1328=EDGE_CURVE('',#1084,#1084,#910,.T.);
#1329=EDGE_CURVE('',#1085,#1085,#911,.T.);
#1330=EDGE_CURVE('',#1085,#1086,#619,.T.);
#1331=EDGE_CURVE('',#1086,#1086,#912,.T.);
#1332=EDGE_CURVE('',#1087,#1087,#913,.T.);
#1333=EDGE_CURVE('',#1087,#1088,#620,.T.);
#1334=EDGE_CURVE('',#1088,#1088,#914,.T.);
#1335=EDGE_CURVE('',#1089,#1089,#915,.T.);
#1336=EDGE_CURVE('',#1089,#1090,#621,.T.);
#1337=EDGE_CURVE('',#1090,#1090,#916,.T.);
#1338=EDGE_CURVE('',#1091,#1091,#917,.T.);
#1339=EDGE_CURVE('',#1091,#1092,#622,.T.);
#1340=EDGE_CURVE('',#1092,#1092,#918,.T.);
#1341=EDGE_CURVE('',#1093,#1093,#919,.T.);
#1342=EDGE_CURVE('',#1093,#1094,#623,.T.);
#1343=EDGE_CURVE('',#1094,#1094,#920,.T.);
#1344=EDGE_CURVE('',#1095,#1095,#921,.T.);
#1345=EDGE_CURVE('',#1095,#1096,#624,.T.);
#1346=EDGE_CURVE('',#1096,#1096,#922,.T.);
#1347=EDGE_CURVE('',#1097,#1097,#923,.T.);
#1348=EDGE_CURVE('',#1097,#1098,#625,.T.);
#1349=EDGE_CURVE('',#1098,#1098,#924,.T.);
#1350=EDGE_CURVE('',#1099,#1099,#925,.T.);
#1351=EDGE_CURVE('',#1099,#1100,#626,.T.);
#1352=EDGE_CURVE('',#1100,#1100,#926,.T.);
#1353=EDGE_CURVE('',#1101,#1101,#927,.T.);
#1354=EDGE_CURVE('',#1101,#1102,#627,.T.);
#1355=EDGE_CURVE('',#1102,#1102,#928,.T.);
#1356=EDGE_CURVE('',#1103,#1103,#929,.T.);
#1357=EDGE_CURVE('',#1103,#1104,#628,.T.);
#1358=EDGE_CURVE('',#1104,#1104,#930,.T.);
#1359=EDGE_CURVE('',#1105,#1105,#931,.T.);
#1360=EDGE_CURVE('',#1105,#1106,#629,.T.);
#1361=EDGE_CURVE('',#1106,#1106,#932,.T.);
#1362=EDGE_CURVE('',#1107,#1107,#933,.T.);
#1363=EDGE_CURVE('',#1107,#1108,#630,.T.);
#1364=EDGE_CURVE('',#1108,#1108,#934,.T.);
#1365=EDGE_CURVE('',#1109,#1109,#935,.T.);
#1366=EDGE_CURVE('',#1109,#1110,#631,.T.);
#1367=EDGE_CURVE('',#1110,#1110,#936,.T.);
#1368=EDGE_CURVE('',#1111,#1111,#937,.T.);
#1369=EDGE_CURVE('',#1111,#1112,#632,.T.);
#1370=EDGE_CURVE('',#1112,#1112,#938,.T.);
#1371=EDGE_CURVE('',#1113,#1113,#939,.T.);
#1372=EDGE_CURVE('',#1113,#1114,#633,.T.);
#1373=EDGE_CURVE('',#1114,#1114,#940,.T.);
#1374=EDGE_CURVE('',#1115,#1115,#941,.T.);
#1375=EDGE_CURVE('',#1115,#1116,#634,.T.);
#1376=EDGE_CURVE('',#1116,#1116,#942,.T.);
#1377=EDGE_CURVE('',#1117,#1117,#943,.T.);
#1378=EDGE_CURVE('',#1117,#1118,#635,.T.);
#1379=EDGE_CURVE('',#1118,#1118,#944,.T.);
#1380=EDGE_CURVE('',#1119,#1119,#945,.T.);
#1381=EDGE_CURVE('',#1119,#1120,#636,.T.);
#1382=EDGE_CURVE('',#1120,#1120,#946,.T.);
#1383=EDGE_CURVE('',#1121,#1121,#947,.T.);
#1384=EDGE_CURVE('',#1121,#1122,#637,.T.);
#1385=EDGE_CURVE('',#1122,#1122,#948,.T.);
#1386=EDGE_CURVE('',#1123,#1123,#949,.T.);
#1387=EDGE_CURVE('',#1123,#1124,#638,.T.);
#1388=EDGE_CURVE('',#1124,#1124,#950,.T.);
#1389=EDGE_CURVE('',#1125,#1125,#951,.T.);
#1390=EDGE_CURVE('',#1125,#1126,#639,.T.);
#1391=EDGE_CURVE('',#1126,#1126,#952,.T.);
#1392=EDGE_CURVE('',#1127,#1127,#953,.T.);
#1393=EDGE_CURVE('',#1127,#1128,#640,.T.);
#1394=EDGE_CURVE('',#1128,#1128,#954,.T.);
#1395=EDGE_CURVE('',#1129,#1129,#955,.T.);
#1396=EDGE_CURVE('',#1129,#1130,#641,.T.);
#1397=EDGE_CURVE('',#1130,#1130,#956,.T.);
#1398=EDGE_CURVE('',#1131,#1131,#957,.T.);
#1399=EDGE_CURVE('',#1131,#1132,#642,.T.);
#1400=EDGE_CURVE('',#1132,#1132,#958,.T.);
#1401=EDGE_CURVE('',#1133,#1133,#959,.T.);
#1402=EDGE_CURVE('',#1133,#1134,#643,.T.);
#1403=EDGE_CURVE('',#1134,#1134,#960,.T.);
#1404=EDGE_CURVE('',#1135,#1135,#961,.T.);
#1405=EDGE_CURVE('',#1135,#1136,#644,.T.);
#1406=EDGE_CURVE('',#1136,#1136,#962,.T.);
#1407=EDGE_CURVE('',#1137,#1137,#963,.T.);
#1408=EDGE_CURVE('',#1137,#1138,#645,.T.);
#1409=EDGE_CURVE('',#1138,#1138,#964,.T.);
#1410=EDGE_CURVE('',#1139,#1139,#965,.T.);
#1411=EDGE_CURVE('',#1139,#1140,#646,.T.);
#1412=EDGE_CURVE('',#1140,#1140,#966,.T.);
#1413=EDGE_CURVE('',#1141,#1142,#967,.T.);
#1414=EDGE_CURVE('',#1142,#1143,#647,.T.);
#1415=EDGE_CURVE('',#1144,#1143,#968,.T.);
#1416=EDGE_CURVE('',#1144,#1141,#648,.T.);
#1417=EDGE_CURVE('',#1145,#1146,#969,.T.);
#1418=EDGE_CURVE('',#1146,#1147,#649,.T.);
#1419=EDGE_CURVE('',#1148,#1147,#970,.T.);
#1420=EDGE_CURVE('',#1148,#1145,#650,.T.);
#1421=EDGE_CURVE('',#1050,#1149,#651,.T.);
#1422=EDGE_CURVE('',#1149,#1150,#652,.T.);
#1423=EDGE_CURVE('',#1051,#1150,#653,.T.);
#1424=EDGE_CURVE('',#1151,#1052,#654,.T.);
#1425=EDGE_CURVE('',#1152,#1151,#655,.T.);
#1426=EDGE_CURVE('',#1152,#1049,#656,.T.);
#1427=EDGE_CURVE('',#1150,#1151,#657,.T.);
#1428=EDGE_CURVE('',#1149,#1152,#658,.T.);
#1429=EDGE_CURVE('',#1142,#1141,#659,.T.);
#1430=EDGE_CURVE('',#1143,#1144,#660,.T.);
#1431=EDGE_CURVE('',#1153,#1154,#661,.T.);
#1432=EDGE_CURVE('',#1153,#1155,#662,.T.);
#1433=EDGE_CURVE('',#1156,#1155,#663,.T.);
#1434=EDGE_CURVE('',#1154,#1156,#664,.T.);
#1435=EDGE_CURVE('',#1157,#1158,#665,.T.);
#1436=EDGE_CURVE('',#1157,#1159,#666,.T.);
#1437=EDGE_CURVE('',#1160,#1159,#667,.T.);
#1438=EDGE_CURVE('',#1158,#1160,#668,.T.);
#1439=EDGE_CURVE('',#1161,#1162,#669,.T.);
#1440=EDGE_CURVE('',#1161,#1163,#670,.T.);
#1441=EDGE_CURVE('',#1164,#1163,#671,.T.);
#1442=EDGE_CURVE('',#1162,#1164,#672,.T.);
#1443=EDGE_CURVE('',#1146,#1145,#673,.T.);
#1444=EDGE_CURVE('',#1147,#1148,#674,.T.);
#1445=EDGE_CURVE('',#1165,#1166,#675,.T.);
#1446=EDGE_CURVE('',#1165,#1167,#676,.T.);
#1447=EDGE_CURVE('',#1168,#1167,#677,.T.);
#1448=EDGE_CURVE('',#1166,#1168,#678,.T.);
#1449=EDGE_CURVE('',#1169,#1170,#679,.T.);
#1450=EDGE_CURVE('',#1169,#1171,#680,.T.);
#1451=EDGE_CURVE('',#1172,#1171,#681,.T.);
#1452=EDGE_CURVE('',#1170,#1172,#682,.T.);
#1453=EDGE_CURVE('',#1173,#1174,#683,.T.);
#1454=EDGE_CURVE('',#1173,#1175,#684,.T.);
#1455=EDGE_CURVE('',#1176,#1175,#685,.T.);
#1456=EDGE_CURVE('',#1174,#1176,#686,.T.);
#1457=EDGE_CURVE('',#1177,#1178,#687,.T.);
#1458=EDGE_CURVE('',#1177,#1179,#688,.T.);
#1459=EDGE_CURVE('',#1180,#1179,#689,.T.);
#1460=EDGE_CURVE('',#1178,#1180,#690,.T.);
#1461=EDGE_CURVE('',#1179,#1177,#971,.T.);
#1462=EDGE_CURVE('',#1180,#1178,#972,.T.);
#1463=EDGE_CURVE('',#1175,#1173,#973,.T.);
#1464=EDGE_CURVE('',#1176,#1174,#974,.T.);
#1465=EDGE_CURVE('',#1171,#1169,#975,.T.);
#1466=EDGE_CURVE('',#1172,#1170,#976,.T.);
#1467=EDGE_CURVE('',#1167,#1165,#977,.T.);
#1468=EDGE_CURVE('',#1168,#1166,#978,.T.);
#1469=EDGE_CURVE('',#1163,#1161,#979,.T.);
#1470=EDGE_CURVE('',#1164,#1162,#980,.T.);
#1471=EDGE_CURVE('',#1159,#1157,#981,.T.);
#1472=EDGE_CURVE('',#1160,#1158,#982,.T.);
#1473=EDGE_CURVE('',#1155,#1153,#983,.T.);
#1474=EDGE_CURVE('',#1156,#1154,#984,.T.);
#1475=ORIENTED_EDGE('',*,*,#1181,.F.);
#1476=ORIENTED_EDGE('',*,*,#1182,.T.);
#1477=ORIENTED_EDGE('',*,*,#1183,.T.);
#1478=ORIENTED_EDGE('',*,*,#1182,.F.);
#1479=ORIENTED_EDGE('',*,*,#1183,.F.);
#1480=ORIENTED_EDGE('',*,*,#1184,.T.);
#1481=ORIENTED_EDGE('',*,*,#1185,.T.);
#1482=ORIENTED_EDGE('',*,*,#1186,.T.);
#1483=ORIENTED_EDGE('',*,*,#1187,.T.);
#1484=ORIENTED_EDGE('',*,*,#1188,.T.);
#1485=ORIENTED_EDGE('',*,*,#1189,.T.);
#1486=ORIENTED_EDGE('',*,*,#1190,.T.);
#1487=ORIENTED_EDGE('',*,*,#1191,.T.);
#1488=ORIENTED_EDGE('',*,*,#1192,.T.);
#1489=ORIENTED_EDGE('',*,*,#1193,.T.);
#1490=ORIENTED_EDGE('',*,*,#1194,.T.);
#1491=ORIENTED_EDGE('',*,*,#1195,.T.);
#1492=ORIENTED_EDGE('',*,*,#1196,.T.);
#1493=ORIENTED_EDGE('',*,*,#1197,.T.);
#1494=ORIENTED_EDGE('',*,*,#1198,.F.);
#1495=ORIENTED_EDGE('',*,*,#1199,.T.);
#1496=ORIENTED_EDGE('',*,*,#1200,.F.);
#1497=ORIENTED_EDGE('',*,*,#1201,.T.);
#1498=ORIENTED_EDGE('',*,*,#1202,.T.);
#1499=ORIENTED_EDGE('',*,*,#1203,.T.);
#1500=ORIENTED_EDGE('',*,*,#1204,.T.);
#1501=ORIENTED_EDGE('',*,*,#1205,.T.);
#1502=ORIENTED_EDGE('',*,*,#1206,.T.);
#1503=ORIENTED_EDGE('',*,*,#1207,.T.);
#1504=ORIENTED_EDGE('',*,*,#1208,.F.);
#1505=ORIENTED_EDGE('',*,*,#1209,.T.);
#1506=ORIENTED_EDGE('',*,*,#1210,.T.);
#1507=ORIENTED_EDGE('',*,*,#1211,.T.);
#1508=ORIENTED_EDGE('',*,*,#1212,.T.);
#1509=ORIENTED_EDGE('',*,*,#1213,.T.);
#1510=ORIENTED_EDGE('',*,*,#1203,.F.);
#1511=ORIENTED_EDGE('',*,*,#1214,.T.);
#1512=ORIENTED_EDGE('',*,*,#1215,.F.);
#1513=ORIENTED_EDGE('',*,*,#1216,.F.);
#1514=ORIENTED_EDGE('',*,*,#1204,.F.);
#1515=ORIENTED_EDGE('',*,*,#1216,.T.);
#1516=ORIENTED_EDGE('',*,*,#1217,.F.);
#1517=ORIENTED_EDGE('',*,*,#1218,.F.);
#1518=ORIENTED_EDGE('',*,*,#1217,.T.);
#1519=ORIENTED_EDGE('',*,*,#1215,.T.);
#1520=ORIENTED_EDGE('',*,*,#1219,.T.);
#1521=ORIENTED_EDGE('',*,*,#1220,.T.);
#1522=ORIENTED_EDGE('',*,*,#1221,.T.);
#1523=ORIENTED_EDGE('',*,*,#1222,.F.);
#1524=ORIENTED_EDGE('',*,*,#1223,.F.);
#1525=ORIENTED_EDGE('',*,*,#1219,.F.);
#1526=ORIENTED_EDGE('',*,*,#1214,.F.);
#1527=ORIENTED_EDGE('',*,*,#1202,.F.);
#1528=ORIENTED_EDGE('',*,*,#1200,.T.);
#1529=ORIENTED_EDGE('',*,*,#1224,.T.);
#1530=ORIENTED_EDGE('',*,*,#1225,.F.);
#1531=ORIENTED_EDGE('',*,*,#1226,.F.);
#1532=ORIENTED_EDGE('',*,*,#1201,.F.);
#1533=ORIENTED_EDGE('',*,*,#1226,.T.);
#1534=ORIENTED_EDGE('',*,*,#1227,.F.);
#1535=ORIENTED_EDGE('',*,*,#1221,.F.);
#1536=ORIENTED_EDGE('',*,*,#1227,.T.);
#1537=ORIENTED_EDGE('',*,*,#1225,.T.);
#1538=ORIENTED_EDGE('',*,*,#1228,.T.);
#1539=ORIENTED_EDGE('',*,*,#1222,.T.);
#1540=ORIENTED_EDGE('',*,*,#1211,.F.);
#1541=ORIENTED_EDGE('',*,*,#1229,.T.);
#1542=ORIENTED_EDGE('',*,*,#1230,.F.);
#1543=ORIENTED_EDGE('',*,*,#1231,.F.);
#1544=ORIENTED_EDGE('',*,*,#1212,.F.);
#1545=ORIENTED_EDGE('',*,*,#1231,.T.);
#1546=ORIENTED_EDGE('',*,*,#1232,.F.);
#1547=ORIENTED_EDGE('',*,*,#1233,.F.);
#1548=ORIENTED_EDGE('',*,*,#1210,.F.);
#1549=ORIENTED_EDGE('',*,*,#1234,.T.);
#1550=ORIENTED_EDGE('',*,*,#1235,.F.);
#1551=ORIENTED_EDGE('',*,*,#1229,.F.);
#1552=ORIENTED_EDGE('',*,*,#1235,.T.);
#1553=ORIENTED_EDGE('',*,*,#1236,.T.);
#1554=ORIENTED_EDGE('',*,*,#1232,.T.);
#1555=ORIENTED_EDGE('',*,*,#1230,.T.);
#1556=ORIENTED_EDGE('',*,*,#1189,.F.);
#1557=ORIENTED_EDGE('',*,*,#1237,.T.);
#1558=ORIENTED_EDGE('',*,*,#1238,.F.);
#1559=ORIENTED_EDGE('',*,*,#1239,.F.);
#1560=ORIENTED_EDGE('',*,*,#1190,.F.);
#1561=ORIENTED_EDGE('',*,*,#1239,.T.);
#1562=ORIENTED_EDGE('',*,*,#1240,.F.);
#1563=ORIENTED_EDGE('',*,*,#1241,.F.);
#1564=ORIENTED_EDGE('',*,*,#1188,.F.);
#1565=ORIENTED_EDGE('',*,*,#1242,.T.);
#1566=ORIENTED_EDGE('',*,*,#1243,.F.);
#1567=ORIENTED_EDGE('',*,*,#1237,.F.);
#1568=ORIENTED_EDGE('',*,*,#1243,.T.);
#1569=ORIENTED_EDGE('',*,*,#1244,.T.);
#1570=ORIENTED_EDGE('',*,*,#1240,.T.);
#1571=ORIENTED_EDGE('',*,*,#1238,.T.);
#1572=ORIENTED_EDGE('',*,*,#1181,.T.);
#1573=ORIENTED_EDGE('',*,*,#1193,.F.);
#1574=ORIENTED_EDGE('',*,*,#1245,.T.);
#1575=ORIENTED_EDGE('',*,*,#1246,.F.);
#1576=ORIENTED_EDGE('',*,*,#1247,.F.);
#1577=ORIENTED_EDGE('',*,*,#1194,.F.);
#1578=ORIENTED_EDGE('',*,*,#1247,.T.);
#1579=ORIENTED_EDGE('',*,*,#1248,.F.);
#1580=ORIENTED_EDGE('',*,*,#1249,.F.);
#1581=ORIENTED_EDGE('',*,*,#1192,.F.);
#1582=ORIENTED_EDGE('',*,*,#1250,.T.);
#1583=ORIENTED_EDGE('',*,*,#1251,.F.);
#1584=ORIENTED_EDGE('',*,*,#1245,.F.);
#1585=ORIENTED_EDGE('',*,*,#1251,.T.);
#1586=ORIENTED_EDGE('',*,*,#1252,.T.);
#1587=ORIENTED_EDGE('',*,*,#1248,.T.);
#1588=ORIENTED_EDGE('',*,*,#1246,.T.);
#1589=ORIENTED_EDGE('',*,*,#1206,.F.);
#1590=ORIENTED_EDGE('',*,*,#1253,.T.);
#1591=ORIENTED_EDGE('',*,*,#1254,.F.);
#1592=ORIENTED_EDGE('',*,*,#1255,.F.);
#1593=ORIENTED_EDGE('',*,*,#1207,.F.);
#1594=ORIENTED_EDGE('',*,*,#1255,.T.);
#1595=ORIENTED_EDGE('',*,*,#1256,.F.);
#1596=ORIENTED_EDGE('',*,*,#1257,.F.);
#1597=ORIENTED_EDGE('',*,*,#1208,.T.);
#1598=ORIENTED_EDGE('',*,*,#1257,.T.);
#1599=ORIENTED_EDGE('',*,*,#1258,.F.);
#1600=ORIENTED_EDGE('',*,*,#1259,.F.);
#1601=ORIENTED_EDGE('',*,*,#1260,.T.);
#1602=ORIENTED_EDGE('',*,*,#1258,.T.);
#1603=ORIENTED_EDGE('',*,*,#1256,.T.);
#1604=ORIENTED_EDGE('',*,*,#1254,.T.);
#1605=ORIENTED_EDGE('',*,*,#1196,.F.);
#1606=ORIENTED_EDGE('',*,*,#1261,.T.);
#1607=ORIENTED_EDGE('',*,*,#1262,.F.);
#1608=ORIENTED_EDGE('',*,*,#1263,.F.);
#1609=ORIENTED_EDGE('',*,*,#1197,.F.);
#1610=ORIENTED_EDGE('',*,*,#1263,.T.);
#1611=ORIENTED_EDGE('',*,*,#1264,.F.);
#1612=ORIENTED_EDGE('',*,*,#1265,.F.);
#1613=ORIENTED_EDGE('',*,*,#1198,.T.);
#1614=ORIENTED_EDGE('',*,*,#1265,.T.);
#1615=ORIENTED_EDGE('',*,*,#1266,.F.);
#1616=ORIENTED_EDGE('',*,*,#1267,.F.);
#1617=ORIENTED_EDGE('',*,*,#1268,.T.);
#1618=ORIENTED_EDGE('',*,*,#1266,.T.);
#1619=ORIENTED_EDGE('',*,*,#1264,.T.);
#1620=ORIENTED_EDGE('',*,*,#1262,.T.);
#1621=ORIENTED_EDGE('',*,*,#1185,.F.);
#1622=ORIENTED_EDGE('',*,*,#1269,.T.);
#1623=ORIENTED_EDGE('',*,*,#1270,.F.);
#1624=ORIENTED_EDGE('',*,*,#1271,.F.);
#1625=ORIENTED_EDGE('',*,*,#1186,.F.);
#1626=ORIENTED_EDGE('',*,*,#1271,.T.);
#1627=ORIENTED_EDGE('',*,*,#1272,.F.);
#1628=ORIENTED_EDGE('',*,*,#1273,.F.);
#1629=ORIENTED_EDGE('',*,*,#1273,.T.);
#1630=ORIENTED_EDGE('',*,*,#1274,.F.);
#1631=ORIENTED_EDGE('',*,*,#1275,.F.);
#1632=ORIENTED_EDGE('',*,*,#1213,.F.);
#1633=ORIENTED_EDGE('',*,*,#1233,.T.);
#1634=ORIENTED_EDGE('',*,*,#1236,.F.);
#1635=ORIENTED_EDGE('',*,*,#1234,.F.);
#1636=ORIENTED_EDGE('',*,*,#1209,.F.);
#1637=ORIENTED_EDGE('',*,*,#1259,.T.);
#1638=ORIENTED_EDGE('',*,*,#1260,.F.);
#1639=ORIENTED_EDGE('',*,*,#1253,.F.);
#1640=ORIENTED_EDGE('',*,*,#1205,.F.);
#1641=ORIENTED_EDGE('',*,*,#1218,.T.);
#1642=ORIENTED_EDGE('',*,*,#1220,.F.);
#1643=ORIENTED_EDGE('',*,*,#1223,.T.);
#1644=ORIENTED_EDGE('',*,*,#1228,.F.);
#1645=ORIENTED_EDGE('',*,*,#1224,.F.);
#1646=ORIENTED_EDGE('',*,*,#1199,.F.);
#1647=ORIENTED_EDGE('',*,*,#1267,.T.);
#1648=ORIENTED_EDGE('',*,*,#1268,.F.);
#1649=ORIENTED_EDGE('',*,*,#1261,.F.);
#1650=ORIENTED_EDGE('',*,*,#1195,.F.);
#1651=ORIENTED_EDGE('',*,*,#1249,.T.);
#1652=ORIENTED_EDGE('',*,*,#1252,.F.);
#1653=ORIENTED_EDGE('',*,*,#1250,.F.);
#1654=ORIENTED_EDGE('',*,*,#1191,.F.);
#1655=ORIENTED_EDGE('',*,*,#1241,.T.);
#1656=ORIENTED_EDGE('',*,*,#1244,.F.);
#1657=ORIENTED_EDGE('',*,*,#1242,.F.);
#1658=ORIENTED_EDGE('',*,*,#1187,.F.);
#1659=ORIENTED_EDGE('',*,*,#1184,.F.);
#1660=ORIENTED_EDGE('',*,*,#1275,.T.);
#1661=ORIENTED_EDGE('',*,*,#1276,.F.);
#1662=ORIENTED_EDGE('',*,*,#1269,.F.);
#1663=ORIENTED_EDGE('',*,*,#1276,.T.);
#1664=ORIENTED_EDGE('',*,*,#1274,.T.);
#1665=ORIENTED_EDGE('',*,*,#1272,.T.);
#1666=ORIENTED_EDGE('',*,*,#1270,.T.);
#1667=ORIENTED_EDGE('',*,*,#1277,.T.);
#1668=ORIENTED_EDGE('',*,*,#1278,.T.);
#1669=ORIENTED_EDGE('',*,*,#1279,.F.);
#1670=ORIENTED_EDGE('',*,*,#1280,.F.);
#1671=ORIENTED_EDGE('',*,*,#1281,.T.);
#1672=ORIENTED_EDGE('',*,*,#1282,.T.);
#1673=ORIENTED_EDGE('',*,*,#1283,.F.);
#1674=ORIENTED_EDGE('',*,*,#1282,.F.);
#1675=ORIENTED_EDGE('',*,*,#1284,.T.);
#1676=ORIENTED_EDGE('',*,*,#1285,.T.);
#1677=ORIENTED_EDGE('',*,*,#1286,.F.);
#1678=ORIENTED_EDGE('',*,*,#1285,.F.);
#1679=ORIENTED_EDGE('',*,*,#1287,.T.);
#1680=ORIENTED_EDGE('',*,*,#1288,.T.);
#1681=ORIENTED_EDGE('',*,*,#1289,.F.);
#1682=ORIENTED_EDGE('',*,*,#1288,.F.);
#1683=ORIENTED_EDGE('',*,*,#1290,.T.);
#1684=ORIENTED_EDGE('',*,*,#1291,.T.);
#1685=ORIENTED_EDGE('',*,*,#1292,.F.);
#1686=ORIENTED_EDGE('',*,*,#1291,.F.);
#1687=ORIENTED_EDGE('',*,*,#1293,.T.);
#1688=ORIENTED_EDGE('',*,*,#1294,.T.);
#1689=ORIENTED_EDGE('',*,*,#1295,.F.);
#1690=ORIENTED_EDGE('',*,*,#1294,.F.);
#1691=ORIENTED_EDGE('',*,*,#1296,.T.);
#1692=ORIENTED_EDGE('',*,*,#1297,.T.);
#1693=ORIENTED_EDGE('',*,*,#1298,.F.);
#1694=ORIENTED_EDGE('',*,*,#1297,.F.);
#1695=ORIENTED_EDGE('',*,*,#1299,.T.);
#1696=ORIENTED_EDGE('',*,*,#1300,.T.);
#1697=ORIENTED_EDGE('',*,*,#1301,.F.);
#1698=ORIENTED_EDGE('',*,*,#1300,.F.);
#1699=ORIENTED_EDGE('',*,*,#1302,.T.);
#1700=ORIENTED_EDGE('',*,*,#1303,.T.);
#1701=ORIENTED_EDGE('',*,*,#1304,.F.);
#1702=ORIENTED_EDGE('',*,*,#1303,.F.);
#1703=ORIENTED_EDGE('',*,*,#1305,.T.);
#1704=ORIENTED_EDGE('',*,*,#1306,.T.);
#1705=ORIENTED_EDGE('',*,*,#1307,.F.);
#1706=ORIENTED_EDGE('',*,*,#1306,.F.);
#1707=ORIENTED_EDGE('',*,*,#1308,.T.);
#1708=ORIENTED_EDGE('',*,*,#1309,.T.);
#1709=ORIENTED_EDGE('',*,*,#1310,.F.);
#1710=ORIENTED_EDGE('',*,*,#1309,.F.);
#1711=ORIENTED_EDGE('',*,*,#1311,.T.);
#1712=ORIENTED_EDGE('',*,*,#1312,.T.);
#1713=ORIENTED_EDGE('',*,*,#1313,.F.);
#1714=ORIENTED_EDGE('',*,*,#1312,.F.);
#1715=ORIENTED_EDGE('',*,*,#1314,.T.);
#1716=ORIENTED_EDGE('',*,*,#1315,.T.);
#1717=ORIENTED_EDGE('',*,*,#1316,.F.);
#1718=ORIENTED_EDGE('',*,*,#1315,.F.);
#1719=ORIENTED_EDGE('',*,*,#1317,.T.);
#1720=ORIENTED_EDGE('',*,*,#1318,.T.);
#1721=ORIENTED_EDGE('',*,*,#1319,.F.);
#1722=ORIENTED_EDGE('',*,*,#1318,.F.);
#1723=ORIENTED_EDGE('',*,*,#1320,.T.);
#1724=ORIENTED_EDGE('',*,*,#1321,.T.);
#1725=ORIENTED_EDGE('',*,*,#1322,.F.);
#1726=ORIENTED_EDGE('',*,*,#1321,.F.);
#1727=ORIENTED_EDGE('',*,*,#1323,.T.);
#1728=ORIENTED_EDGE('',*,*,#1324,.T.);
#1729=ORIENTED_EDGE('',*,*,#1325,.F.);
#1730=ORIENTED_EDGE('',*,*,#1324,.F.);
#1731=ORIENTED_EDGE('',*,*,#1326,.T.);
#1732=ORIENTED_EDGE('',*,*,#1327,.T.);
#1733=ORIENTED_EDGE('',*,*,#1328,.F.);
#1734=ORIENTED_EDGE('',*,*,#1327,.F.);
#1735=ORIENTED_EDGE('',*,*,#1329,.T.);
#1736=ORIENTED_EDGE('',*,*,#1330,.T.);
#1737=ORIENTED_EDGE('',*,*,#1331,.F.);
#1738=ORIENTED_EDGE('',*,*,#1330,.F.);
#1739=ORIENTED_EDGE('',*,*,#1332,.T.);
#1740=ORIENTED_EDGE('',*,*,#1333,.T.);
#1741=ORIENTED_EDGE('',*,*,#1334,.F.);
#1742=ORIENTED_EDGE('',*,*,#1333,.F.);
#1743=ORIENTED_EDGE('',*,*,#1335,.T.);
#1744=ORIENTED_EDGE('',*,*,#1336,.T.);
#1745=ORIENTED_EDGE('',*,*,#1337,.F.);
#1746=ORIENTED_EDGE('',*,*,#1336,.F.);
#1747=ORIENTED_EDGE('',*,*,#1338,.T.);
#1748=ORIENTED_EDGE('',*,*,#1339,.T.);
#1749=ORIENTED_EDGE('',*,*,#1340,.F.);
#1750=ORIENTED_EDGE('',*,*,#1339,.F.);
#1751=ORIENTED_EDGE('',*,*,#1341,.T.);
#1752=ORIENTED_EDGE('',*,*,#1342,.T.);
#1753=ORIENTED_EDGE('',*,*,#1343,.F.);
#1754=ORIENTED_EDGE('',*,*,#1342,.F.);
#1755=ORIENTED_EDGE('',*,*,#1344,.T.);
#1756=ORIENTED_EDGE('',*,*,#1345,.T.);
#1757=ORIENTED_EDGE('',*,*,#1346,.F.);
#1758=ORIENTED_EDGE('',*,*,#1345,.F.);
#1759=ORIENTED_EDGE('',*,*,#1347,.T.);
#1760=ORIENTED_EDGE('',*,*,#1348,.T.);
#1761=ORIENTED_EDGE('',*,*,#1349,.F.);
#1762=ORIENTED_EDGE('',*,*,#1348,.F.);
#1763=ORIENTED_EDGE('',*,*,#1350,.T.);
#1764=ORIENTED_EDGE('',*,*,#1351,.T.);
#1765=ORIENTED_EDGE('',*,*,#1352,.F.);
#1766=ORIENTED_EDGE('',*,*,#1351,.F.);
#1767=ORIENTED_EDGE('',*,*,#1353,.T.);
#1768=ORIENTED_EDGE('',*,*,#1354,.T.);
#1769=ORIENTED_EDGE('',*,*,#1355,.F.);
#1770=ORIENTED_EDGE('',*,*,#1354,.F.);
#1771=ORIENTED_EDGE('',*,*,#1356,.T.);
#1772=ORIENTED_EDGE('',*,*,#1357,.T.);
#1773=ORIENTED_EDGE('',*,*,#1358,.F.);
#1774=ORIENTED_EDGE('',*,*,#1357,.F.);
#1775=ORIENTED_EDGE('',*,*,#1359,.T.);
#1776=ORIENTED_EDGE('',*,*,#1360,.T.);
#1777=ORIENTED_EDGE('',*,*,#1361,.F.);
#1778=ORIENTED_EDGE('',*,*,#1360,.F.);
#1779=ORIENTED_EDGE('',*,*,#1362,.T.);
#1780=ORIENTED_EDGE('',*,*,#1363,.T.);
#1781=ORIENTED_EDGE('',*,*,#1364,.F.);
#1782=ORIENTED_EDGE('',*,*,#1363,.F.);
#1783=ORIENTED_EDGE('',*,*,#1365,.T.);
#1784=ORIENTED_EDGE('',*,*,#1366,.T.);
#1785=ORIENTED_EDGE('',*,*,#1367,.F.);
#1786=ORIENTED_EDGE('',*,*,#1366,.F.);
#1787=ORIENTED_EDGE('',*,*,#1368,.T.);
#1788=ORIENTED_EDGE('',*,*,#1369,.T.);
#1789=ORIENTED_EDGE('',*,*,#1370,.F.);
#1790=ORIENTED_EDGE('',*,*,#1369,.F.);
#1791=ORIENTED_EDGE('',*,*,#1371,.T.);
#1792=ORIENTED_EDGE('',*,*,#1372,.T.);
#1793=ORIENTED_EDGE('',*,*,#1373,.F.);
#1794=ORIENTED_EDGE('',*,*,#1372,.F.);
#1795=ORIENTED_EDGE('',*,*,#1374,.T.);
#1796=ORIENTED_EDGE('',*,*,#1375,.T.);
#1797=ORIENTED_EDGE('',*,*,#1376,.F.);
#1798=ORIENTED_EDGE('',*,*,#1375,.F.);
#1799=ORIENTED_EDGE('',*,*,#1377,.T.);
#1800=ORIENTED_EDGE('',*,*,#1378,.T.);
#1801=ORIENTED_EDGE('',*,*,#1379,.F.);
#1802=ORIENTED_EDGE('',*,*,#1378,.F.);
#1803=ORIENTED_EDGE('',*,*,#1380,.T.);
#1804=ORIENTED_EDGE('',*,*,#1381,.T.);
#1805=ORIENTED_EDGE('',*,*,#1382,.F.);
#1806=ORIENTED_EDGE('',*,*,#1381,.F.);
#1807=ORIENTED_EDGE('',*,*,#1383,.T.);
#1808=ORIENTED_EDGE('',*,*,#1384,.T.);
#1809=ORIENTED_EDGE('',*,*,#1385,.F.);
#1810=ORIENTED_EDGE('',*,*,#1384,.F.);
#1811=ORIENTED_EDGE('',*,*,#1386,.T.);
#1812=ORIENTED_EDGE('',*,*,#1387,.T.);
#1813=ORIENTED_EDGE('',*,*,#1388,.F.);
#1814=ORIENTED_EDGE('',*,*,#1387,.F.);
#1815=ORIENTED_EDGE('',*,*,#1389,.T.);
#1816=ORIENTED_EDGE('',*,*,#1390,.T.);
#1817=ORIENTED_EDGE('',*,*,#1391,.F.);
#1818=ORIENTED_EDGE('',*,*,#1390,.F.);
#1819=ORIENTED_EDGE('',*,*,#1392,.T.);
#1820=ORIENTED_EDGE('',*,*,#1393,.T.);
#1821=ORIENTED_EDGE('',*,*,#1394,.F.);
#1822=ORIENTED_EDGE('',*,*,#1393,.F.);
#1823=ORIENTED_EDGE('',*,*,#1395,.T.);
#1824=ORIENTED_EDGE('',*,*,#1396,.T.);
#1825=ORIENTED_EDGE('',*,*,#1397,.F.);
#1826=ORIENTED_EDGE('',*,*,#1396,.F.);
#1827=ORIENTED_EDGE('',*,*,#1398,.T.);
#1828=ORIENTED_EDGE('',*,*,#1399,.T.);
#1829=ORIENTED_EDGE('',*,*,#1400,.F.);
#1830=ORIENTED_EDGE('',*,*,#1399,.F.);
#1831=ORIENTED_EDGE('',*,*,#1401,.T.);
#1832=ORIENTED_EDGE('',*,*,#1402,.T.);
#1833=ORIENTED_EDGE('',*,*,#1403,.F.);
#1834=ORIENTED_EDGE('',*,*,#1402,.F.);
#1835=ORIENTED_EDGE('',*,*,#1404,.T.);
#1836=ORIENTED_EDGE('',*,*,#1405,.T.);
#1837=ORIENTED_EDGE('',*,*,#1406,.F.);
#1838=ORIENTED_EDGE('',*,*,#1405,.F.);
#1839=ORIENTED_EDGE('',*,*,#1407,.T.);
#1840=ORIENTED_EDGE('',*,*,#1408,.T.);
#1841=ORIENTED_EDGE('',*,*,#1409,.F.);
#1842=ORIENTED_EDGE('',*,*,#1408,.F.);
#1843=ORIENTED_EDGE('',*,*,#1410,.T.);
#1844=ORIENTED_EDGE('',*,*,#1411,.T.);
#1845=ORIENTED_EDGE('',*,*,#1412,.F.);
#1846=ORIENTED_EDGE('',*,*,#1411,.F.);
#1847=ORIENTED_EDGE('',*,*,#1413,.T.);
#1848=ORIENTED_EDGE('',*,*,#1414,.T.);
#1849=ORIENTED_EDGE('',*,*,#1415,.F.);
#1850=ORIENTED_EDGE('',*,*,#1416,.T.);
#1851=ORIENTED_EDGE('',*,*,#1417,.T.);
#1852=ORIENTED_EDGE('',*,*,#1418,.T.);
#1853=ORIENTED_EDGE('',*,*,#1419,.F.);
#1854=ORIENTED_EDGE('',*,*,#1420,.T.);
#1855=ORIENTED_EDGE('',*,*,#1421,.T.);
#1856=ORIENTED_EDGE('',*,*,#1422,.T.);
#1857=ORIENTED_EDGE('',*,*,#1423,.F.);
#1858=ORIENTED_EDGE('',*,*,#1278,.F.);
#1859=ORIENTED_EDGE('',*,*,#1424,.F.);
#1860=ORIENTED_EDGE('',*,*,#1425,.F.);
#1861=ORIENTED_EDGE('',*,*,#1426,.T.);
#1862=ORIENTED_EDGE('',*,*,#1280,.T.);
#1863=ORIENTED_EDGE('',*,*,#1427,.F.);
#1864=ORIENTED_EDGE('',*,*,#1422,.F.);
#1865=ORIENTED_EDGE('',*,*,#1428,.T.);
#1866=ORIENTED_EDGE('',*,*,#1425,.T.);
#1867=ORIENTED_EDGE('',*,*,#1277,.F.);
#1868=ORIENTED_EDGE('',*,*,#1426,.F.);
#1869=ORIENTED_EDGE('',*,*,#1428,.F.);
#1870=ORIENTED_EDGE('',*,*,#1421,.F.);
#1871=ORIENTED_EDGE('',*,*,#1304,.T.);
#1872=ORIENTED_EDGE('',*,*,#1283,.T.);
#1873=ORIENTED_EDGE('',*,*,#1286,.T.);
#1874=ORIENTED_EDGE('',*,*,#1289,.T.);
#1875=ORIENTED_EDGE('',*,*,#1292,.T.);
#1876=ORIENTED_EDGE('',*,*,#1295,.T.);
#1877=ORIENTED_EDGE('',*,*,#1298,.T.);
#1878=ORIENTED_EDGE('',*,*,#1301,.T.);
#1879=ORIENTED_EDGE('',*,*,#1307,.T.);
#1880=ORIENTED_EDGE('',*,*,#1310,.T.);
#1881=ORIENTED_EDGE('',*,*,#1313,.T.);
#1882=ORIENTED_EDGE('',*,*,#1316,.T.);
#1883=ORIENTED_EDGE('',*,*,#1319,.T.);
#1884=ORIENTED_EDGE('',*,*,#1322,.T.);
#1885=ORIENTED_EDGE('',*,*,#1325,.T.);
#1886=ORIENTED_EDGE('',*,*,#1328,.T.);
#1887=ORIENTED_EDGE('',*,*,#1331,.T.);
#1888=ORIENTED_EDGE('',*,*,#1334,.T.);
#1889=ORIENTED_EDGE('',*,*,#1337,.T.);
#1890=ORIENTED_EDGE('',*,*,#1340,.T.);
#1891=ORIENTED_EDGE('',*,*,#1343,.T.);
#1892=ORIENTED_EDGE('',*,*,#1346,.T.);
#1893=ORIENTED_EDGE('',*,*,#1349,.T.);
#1894=ORIENTED_EDGE('',*,*,#1352,.T.);
#1895=ORIENTED_EDGE('',*,*,#1355,.T.);
#1896=ORIENTED_EDGE('',*,*,#1358,.T.);
#1897=ORIENTED_EDGE('',*,*,#1361,.T.);
#1898=ORIENTED_EDGE('',*,*,#1364,.T.);
#1899=ORIENTED_EDGE('',*,*,#1367,.T.);
#1900=ORIENTED_EDGE('',*,*,#1370,.T.);
#1901=ORIENTED_EDGE('',*,*,#1373,.T.);
#1902=ORIENTED_EDGE('',*,*,#1376,.T.);
#1903=ORIENTED_EDGE('',*,*,#1379,.T.);
#1904=ORIENTED_EDGE('',*,*,#1382,.T.);
#1905=ORIENTED_EDGE('',*,*,#1385,.T.);
#1906=ORIENTED_EDGE('',*,*,#1388,.T.);
#1907=ORIENTED_EDGE('',*,*,#1391,.T.);
#1908=ORIENTED_EDGE('',*,*,#1394,.T.);
#1909=ORIENTED_EDGE('',*,*,#1397,.T.);
#1910=ORIENTED_EDGE('',*,*,#1400,.T.);
#1911=ORIENTED_EDGE('',*,*,#1403,.T.);
#1912=ORIENTED_EDGE('',*,*,#1406,.T.);
#1913=ORIENTED_EDGE('',*,*,#1409,.T.);
#1914=ORIENTED_EDGE('',*,*,#1412,.T.);
#1915=ORIENTED_EDGE('',*,*,#1414,.F.);
#1916=ORIENTED_EDGE('',*,*,#1429,.T.);
#1917=ORIENTED_EDGE('',*,*,#1416,.F.);
#1918=ORIENTED_EDGE('',*,*,#1430,.F.);
#1919=ORIENTED_EDGE('',*,*,#1431,.F.);
#1920=ORIENTED_EDGE('',*,*,#1432,.T.);
#1921=ORIENTED_EDGE('',*,*,#1433,.F.);
#1922=ORIENTED_EDGE('',*,*,#1434,.F.);
#1923=ORIENTED_EDGE('',*,*,#1435,.F.);
#1924=ORIENTED_EDGE('',*,*,#1436,.T.);
#1925=ORIENTED_EDGE('',*,*,#1437,.F.);
#1926=ORIENTED_EDGE('',*,*,#1438,.F.);
#1927=ORIENTED_EDGE('',*,*,#1439,.F.);
#1928=ORIENTED_EDGE('',*,*,#1440,.T.);
#1929=ORIENTED_EDGE('',*,*,#1441,.F.);
#1930=ORIENTED_EDGE('',*,*,#1442,.F.);
#1931=ORIENTED_EDGE('',*,*,#1418,.F.);
#1932=ORIENTED_EDGE('',*,*,#1443,.T.);
#1933=ORIENTED_EDGE('',*,*,#1420,.F.);
#1934=ORIENTED_EDGE('',*,*,#1444,.F.);
#1935=ORIENTED_EDGE('',*,*,#1445,.F.);
#1936=ORIENTED_EDGE('',*,*,#1446,.T.);
#1937=ORIENTED_EDGE('',*,*,#1447,.F.);
#1938=ORIENTED_EDGE('',*,*,#1448,.F.);
#1939=ORIENTED_EDGE('',*,*,#1449,.F.);
#1940=ORIENTED_EDGE('',*,*,#1450,.T.);
#1941=ORIENTED_EDGE('',*,*,#1451,.F.);
#1942=ORIENTED_EDGE('',*,*,#1452,.F.);
#1943=ORIENTED_EDGE('',*,*,#1453,.F.);
#1944=ORIENTED_EDGE('',*,*,#1454,.T.);
#1945=ORIENTED_EDGE('',*,*,#1455,.F.);
#1946=ORIENTED_EDGE('',*,*,#1456,.F.);
#1947=ORIENTED_EDGE('',*,*,#1457,.F.);
#1948=ORIENTED_EDGE('',*,*,#1458,.T.);
#1949=ORIENTED_EDGE('',*,*,#1459,.F.);
#1950=ORIENTED_EDGE('',*,*,#1460,.F.);
#1951=ORIENTED_EDGE('',*,*,#1423,.T.);
#1952=ORIENTED_EDGE('',*,*,#1427,.T.);
#1953=ORIENTED_EDGE('',*,*,#1424,.T.);
#1954=ORIENTED_EDGE('',*,*,#1279,.T.);
#1955=ORIENTED_EDGE('',*,*,#1281,.F.);
#1956=ORIENTED_EDGE('',*,*,#1284,.F.);
#1957=ORIENTED_EDGE('',*,*,#1287,.F.);
#1958=ORIENTED_EDGE('',*,*,#1290,.F.);
#1959=ORIENTED_EDGE('',*,*,#1293,.F.);
#1960=ORIENTED_EDGE('',*,*,#1296,.F.);
#1961=ORIENTED_EDGE('',*,*,#1299,.F.);
#1962=ORIENTED_EDGE('',*,*,#1302,.F.);
#1963=ORIENTED_EDGE('',*,*,#1305,.F.);
#1964=ORIENTED_EDGE('',*,*,#1308,.F.);
#1965=ORIENTED_EDGE('',*,*,#1311,.F.);
#1966=ORIENTED_EDGE('',*,*,#1314,.F.);
#1967=ORIENTED_EDGE('',*,*,#1317,.F.);
#1968=ORIENTED_EDGE('',*,*,#1320,.F.);
#1969=ORIENTED_EDGE('',*,*,#1323,.F.);
#1970=ORIENTED_EDGE('',*,*,#1326,.F.);
#1971=ORIENTED_EDGE('',*,*,#1329,.F.);
#1972=ORIENTED_EDGE('',*,*,#1332,.F.);
#1973=ORIENTED_EDGE('',*,*,#1335,.F.);
#1974=ORIENTED_EDGE('',*,*,#1338,.F.);
#1975=ORIENTED_EDGE('',*,*,#1341,.F.);
#1976=ORIENTED_EDGE('',*,*,#1344,.F.);
#1977=ORIENTED_EDGE('',*,*,#1347,.F.);
#1978=ORIENTED_EDGE('',*,*,#1350,.F.);
#1979=ORIENTED_EDGE('',*,*,#1353,.F.);
#1980=ORIENTED_EDGE('',*,*,#1356,.F.);
#1981=ORIENTED_EDGE('',*,*,#1359,.F.);
#1982=ORIENTED_EDGE('',*,*,#1362,.F.);
#1983=ORIENTED_EDGE('',*,*,#1365,.F.);
#1984=ORIENTED_EDGE('',*,*,#1368,.F.);
#1985=ORIENTED_EDGE('',*,*,#1371,.F.);
#1986=ORIENTED_EDGE('',*,*,#1374,.F.);
#1987=ORIENTED_EDGE('',*,*,#1377,.F.);
#1988=ORIENTED_EDGE('',*,*,#1380,.F.);
#1989=ORIENTED_EDGE('',*,*,#1383,.F.);
#1990=ORIENTED_EDGE('',*,*,#1386,.F.);
#1991=ORIENTED_EDGE('',*,*,#1389,.F.);
#1992=ORIENTED_EDGE('',*,*,#1392,.F.);
#1993=ORIENTED_EDGE('',*,*,#1395,.F.);
#1994=ORIENTED_EDGE('',*,*,#1398,.F.);
#1995=ORIENTED_EDGE('',*,*,#1401,.F.);
#1996=ORIENTED_EDGE('',*,*,#1404,.F.);
#1997=ORIENTED_EDGE('',*,*,#1407,.F.);
#1998=ORIENTED_EDGE('',*,*,#1410,.F.);
#1999=ORIENTED_EDGE('',*,*,#1459,.T.);
#2000=ORIENTED_EDGE('',*,*,#1461,.T.);
#2001=ORIENTED_EDGE('',*,*,#1457,.T.);
#2002=ORIENTED_EDGE('',*,*,#1462,.F.);
#2003=ORIENTED_EDGE('',*,*,#1461,.F.);
#2004=ORIENTED_EDGE('',*,*,#1458,.F.);
#2005=ORIENTED_EDGE('',*,*,#1460,.T.);
#2006=ORIENTED_EDGE('',*,*,#1462,.T.);
#2007=ORIENTED_EDGE('',*,*,#1455,.T.);
#2008=ORIENTED_EDGE('',*,*,#1463,.T.);
#2009=ORIENTED_EDGE('',*,*,#1453,.T.);
#2010=ORIENTED_EDGE('',*,*,#1464,.F.);
#2011=ORIENTED_EDGE('',*,*,#1463,.F.);
#2012=ORIENTED_EDGE('',*,*,#1454,.F.);
#2013=ORIENTED_EDGE('',*,*,#1456,.T.);
#2014=ORIENTED_EDGE('',*,*,#1464,.T.);
#2015=ORIENTED_EDGE('',*,*,#1451,.T.);
#2016=ORIENTED_EDGE('',*,*,#1465,.T.);
#2017=ORIENTED_EDGE('',*,*,#1449,.T.);
#2018=ORIENTED_EDGE('',*,*,#1466,.F.);
#2019=ORIENTED_EDGE('',*,*,#1465,.F.);
#2020=ORIENTED_EDGE('',*,*,#1450,.F.);
#2021=ORIENTED_EDGE('',*,*,#1452,.T.);
#2022=ORIENTED_EDGE('',*,*,#1466,.T.);
#2023=ORIENTED_EDGE('',*,*,#1447,.T.);
#2024=ORIENTED_EDGE('',*,*,#1467,.T.);
#2025=ORIENTED_EDGE('',*,*,#1445,.T.);
#2026=ORIENTED_EDGE('',*,*,#1468,.F.);
#2027=ORIENTED_EDGE('',*,*,#1467,.F.);
#2028=ORIENTED_EDGE('',*,*,#1446,.F.);
#2029=ORIENTED_EDGE('',*,*,#1448,.T.);
#2030=ORIENTED_EDGE('',*,*,#1468,.T.);
#2031=ORIENTED_EDGE('',*,*,#1417,.F.);
#2032=ORIENTED_EDGE('',*,*,#1443,.F.);
#2033=ORIENTED_EDGE('',*,*,#1444,.T.);
#2034=ORIENTED_EDGE('',*,*,#1419,.T.);
#2035=ORIENTED_EDGE('',*,*,#1441,.T.);
#2036=ORIENTED_EDGE('',*,*,#1469,.T.);
#2037=ORIENTED_EDGE('',*,*,#1439,.T.);
#2038=ORIENTED_EDGE('',*,*,#1470,.F.);
#2039=ORIENTED_EDGE('',*,*,#1469,.F.);
#2040=ORIENTED_EDGE('',*,*,#1440,.F.);
#2041=ORIENTED_EDGE('',*,*,#1442,.T.);
#2042=ORIENTED_EDGE('',*,*,#1470,.T.);
#2043=ORIENTED_EDGE('',*,*,#1437,.T.);
#2044=ORIENTED_EDGE('',*,*,#1471,.T.);
#2045=ORIENTED_EDGE('',*,*,#1435,.T.);
#2046=ORIENTED_EDGE('',*,*,#1472,.F.);
#2047=ORIENTED_EDGE('',*,*,#1471,.F.);
#2048=ORIENTED_EDGE('',*,*,#1436,.F.);
#2049=ORIENTED_EDGE('',*,*,#1438,.T.);
#2050=ORIENTED_EDGE('',*,*,#1472,.T.);
#2051=ORIENTED_EDGE('',*,*,#1433,.T.);
#2052=ORIENTED_EDGE('',*,*,#1473,.T.);
#2053=ORIENTED_EDGE('',*,*,#1431,.T.);
#2054=ORIENTED_EDGE('',*,*,#1474,.F.);
#2055=ORIENTED_EDGE('',*,*,#1473,.F.);
#2056=ORIENTED_EDGE('',*,*,#1432,.F.);
#2057=ORIENTED_EDGE('',*,*,#1434,.T.);
#2058=ORIENTED_EDGE('',*,*,#1474,.T.);
#2059=ORIENTED_EDGE('',*,*,#1413,.F.);
#2060=ORIENTED_EDGE('',*,*,#1429,.F.);
#2061=ORIENTED_EDGE('',*,*,#1430,.T.);
#2062=ORIENTED_EDGE('',*,*,#1415,.T.);
#2063=CYLINDRICAL_SURFACE('',#2256,20.2585313013151);
#2064=CYLINDRICAL_SURFACE('',#2295,2.50000000004635);
#2065=CYLINDRICAL_SURFACE('',#2298,2.50000000004635);
#2066=CYLINDRICAL_SURFACE('',#2301,2.50000000004635);
#2067=CYLINDRICAL_SURFACE('',#2304,2.50000000004635);
#2068=CYLINDRICAL_SURFACE('',#2307,3.40000000000007);
#2069=CYLINDRICAL_SURFACE('',#2310,3.40000000000007);
#2070=CYLINDRICAL_SURFACE('',#2313,3.40000000000003);
#2071=CYLINDRICAL_SURFACE('',#2316,3.40000000000003);
#2072=CYLINDRICAL_SURFACE('',#2319,3.);
#2073=CYLINDRICAL_SURFACE('',#2322,3.);
#2074=CYLINDRICAL_SURFACE('',#2325,3.);
#2075=CYLINDRICAL_SURFACE('',#2328,3.);
#2076=CYLINDRICAL_SURFACE('',#2331,3.);
#2077=CYLINDRICAL_SURFACE('',#2334,3.);
#2078=CYLINDRICAL_SURFACE('',#2337,3.);
#2079=CYLINDRICAL_SURFACE('',#2340,3.);
#2080=CYLINDRICAL_SURFACE('',#2343,3.);
#2081=CYLINDRICAL_SURFACE('',#2346,2.99999999999989);
#2082=CYLINDRICAL_SURFACE('',#2349,3.);
#2083=CYLINDRICAL_SURFACE('',#2352,3.);
#2084=CYLINDRICAL_SURFACE('',#2355,3.);
#2085=CYLINDRICAL_SURFACE('',#2358,3.);
#2086=CYLINDRICAL_SURFACE('',#2361,3.);
#2087=CYLINDRICAL_SURFACE('',#2364,2.99999999999998);
#2088=CYLINDRICAL_SURFACE('',#2367,3.);
#2089=CYLINDRICAL_SURFACE('',#2370,2.99999999999993);
#2090=CYLINDRICAL_SURFACE('',#2373,2.99999999999998);
#2091=CYLINDRICAL_SURFACE('',#2376,2.99999999999996);
#2092=CYLINDRICAL_SURFACE('',#2379,2.99999999999993);
#2093=CYLINDRICAL_SURFACE('',#2382,2.99999999999998);
#2094=CYLINDRICAL_SURFACE('',#2385,2.99999999999996);
#2095=CYLINDRICAL_SURFACE('',#2388,2.99999999999998);
#2096=CYLINDRICAL_SURFACE('',#2391,2.99999999999999);
#2097=CYLINDRICAL_SURFACE('',#2394,2.99999999999999);
#2098=CYLINDRICAL_SURFACE('',#2397,3.);
#2099=CYLINDRICAL_SURFACE('',#2400,3.);
#2100=CYLINDRICAL_SURFACE('',#2403,3.);
#2101=CYLINDRICAL_SURFACE('',#2406,3.);
#2102=CYLINDRICAL_SURFACE('',#2409,3.);
#2103=CYLINDRICAL_SURFACE('',#2412,2.99999999999998);
#2104=CYLINDRICAL_SURFACE('',#2415,2.99999999999996);
#2105=CYLINDRICAL_SURFACE('',#2418,2.99999999999998);
#2106=CYLINDRICAL_SURFACE('',#2421,2.99999999999993);
#2107=CYLINDRICAL_SURFACE('',#2424,3.);
#2108=CYLINDRICAL_SURFACE('',#2427,6.);
#2109=CYLINDRICAL_SURFACE('',#2430,6.);
#2110=CYLINDRICAL_SURFACE('',#2438,6.00000000000004);
#2111=CYLINDRICAL_SURFACE('',#2443,5.99999999999998);
#2112=CYLINDRICAL_SURFACE('',#2448,6.00000000000004);
#2113=CYLINDRICAL_SURFACE('',#2453,6.);
#2114=CYLINDRICAL_SURFACE('',#2460,6.00000000000001);
#2115=CYLINDRICAL_SURFACE('',#2465,6.);
#2116=CYLINDRICAL_SURFACE('',#2470,6.);
#2117=ADVANCED_FACE('',(#183),#2063,.F.);
#2118=ADVANCED_FACE('',(#184),#125,.T.);
#2119=ADVANCED_FACE('',(#185),#126,.F.);
#2120=ADVANCED_FACE('',(#186),#127,.T.);
#2121=ADVANCED_FACE('',(#187),#128,.T.);
#2122=ADVANCED_FACE('',(#188),#129,.T.);
#2123=ADVANCED_FACE('',(#189),#130,.T.);
#2124=ADVANCED_FACE('',(#190),#131,.T.);
#2125=ADVANCED_FACE('',(#191),#132,.T.);
#2126=ADVANCED_FACE('',(#192),#133,.T.);
#2127=ADVANCED_FACE('',(#193),#134,.T.);
#2128=ADVANCED_FACE('',(#194),#135,.T.);
#2129=ADVANCED_FACE('',(#195),#136,.T.);
#2130=ADVANCED_FACE('',(#196),#137,.T.);
#2131=ADVANCED_FACE('',(#197),#138,.T.);
#2132=ADVANCED_FACE('',(#198),#139,.T.);
#2133=ADVANCED_FACE('',(#199),#140,.T.);
#2134=ADVANCED_FACE('',(#200,#27),#141,.T.);
#2135=ADVANCED_FACE('',(#201),#142,.T.);
#2136=ADVANCED_FACE('',(#202),#143,.T.);
#2137=ADVANCED_FACE('',(#203),#144,.T.);
#2138=ADVANCED_FACE('',(#204),#145,.T.);
#2139=ADVANCED_FACE('',(#205),#146,.T.);
#2140=ADVANCED_FACE('',(#206),#147,.T.);
#2141=ADVANCED_FACE('',(#207),#148,.T.);
#2142=ADVANCED_FACE('',(#208),#149,.T.);
#2143=ADVANCED_FACE('',(#209),#150,.T.);
#2144=ADVANCED_FACE('',(#210),#151,.T.);
#2145=ADVANCED_FACE('',(#211),#152,.T.);
#2146=ADVANCED_FACE('',(#212),#153,.T.);
#2147=ADVANCED_FACE('',(#213),#154,.T.);
#2148=ADVANCED_FACE('',(#214),#155,.T.);
#2149=ADVANCED_FACE('',(#215),#156,.T.);
#2150=ADVANCED_FACE('',(#216),#157,.T.);
#2151=ADVANCED_FACE('',(#217),#158,.T.);
#2152=ADVANCED_FACE('',(#218),#159,.T.);
#2153=ADVANCED_FACE('',(#219),#2064,.F.);
#2154=ADVANCED_FACE('',(#220),#2065,.F.);
#2155=ADVANCED_FACE('',(#221),#2066,.F.);
#2156=ADVANCED_FACE('',(#222),#2067,.F.);
#2157=ADVANCED_FACE('',(#223),#2068,.F.);
#2158=ADVANCED_FACE('',(#224),#2069,.F.);
#2159=ADVANCED_FACE('',(#225),#2070,.F.);
#2160=ADVANCED_FACE('',(#226),#2071,.F.);
#2161=ADVANCED_FACE('',(#227),#2072,.F.);
#2162=ADVANCED_FACE('',(#228),#2073,.F.);
#2163=ADVANCED_FACE('',(#229),#2074,.F.);
#2164=ADVANCED_FACE('',(#230),#2075,.F.);
#2165=ADVANCED_FACE('',(#231),#2076,.F.);
#2166=ADVANCED_FACE('',(#232),#2077,.F.);
#2167=ADVANCED_FACE('',(#233),#2078,.F.);
#2168=ADVANCED_FACE('',(#234),#2079,.F.);
#2169=ADVANCED_FACE('',(#235),#2080,.F.);
#2170=ADVANCED_FACE('',(#236),#2081,.F.);
#2171=ADVANCED_FACE('',(#237),#2082,.F.);
#2172=ADVANCED_FACE('',(#238),#2083,.F.);
#2173=ADVANCED_FACE('',(#239),#2084,.F.);
#2174=ADVANCED_FACE('',(#240),#2085,.F.);
#2175=ADVANCED_FACE('',(#241),#2086,.F.);
#2176=ADVANCED_FACE('',(#242),#2087,.F.);
#2177=ADVANCED_FACE('',(#243),#2088,.F.);
#2178=ADVANCED_FACE('',(#244),#2089,.F.);
#2179=ADVANCED_FACE('',(#245),#2090,.F.);
#2180=ADVANCED_FACE('',(#246),#2091,.F.);
#2181=ADVANCED_FACE('',(#247),#2092,.F.);
#2182=ADVANCED_FACE('',(#248),#2093,.F.);
#2183=ADVANCED_FACE('',(#249),#2094,.F.);
#2184=ADVANCED_FACE('',(#250),#2095,.F.);
#2185=ADVANCED_FACE('',(#251),#2096,.F.);
#2186=ADVANCED_FACE('',(#252),#2097,.F.);
#2187=ADVANCED_FACE('',(#253),#2098,.F.);
#2188=ADVANCED_FACE('',(#254),#2099,.F.);
#2189=ADVANCED_FACE('',(#255),#2100,.F.);
#2190=ADVANCED_FACE('',(#256),#2101,.F.);
#2191=ADVANCED_FACE('',(#257),#2102,.F.);
#2192=ADVANCED_FACE('',(#258),#2103,.F.);
#2193=ADVANCED_FACE('',(#259),#2104,.F.);
#2194=ADVANCED_FACE('',(#260),#2105,.F.);
#2195=ADVANCED_FACE('',(#261),#2106,.F.);
#2196=ADVANCED_FACE('',(#262),#2107,.F.);
#2197=ADVANCED_FACE('',(#263),#2108,.F.);
#2198=ADVANCED_FACE('',(#264),#2109,.F.);
#2199=ADVANCED_FACE('',(#265),#160,.T.);
#2200=ADVANCED_FACE('',(#266),#161,.T.);
#2201=ADVANCED_FACE('',(#267),#162,.T.);
#2202=ADVANCED_FACE('',(#268,#28,#29,#30,#31,#32,#33,#34,#35,#36,#37,#38,
#39,#40,#41,#42,#43,#44,#45,#46,#47,#48,#49,#50,#51,#52,#53,#54,#55,#56,
#57,#58,#59,#60,#61,#62,#63,#64,#65,#66,#67,#68,#69,#70,#71,#72,#73,#74,
#75,#76,#77,#78,#79,#80),#163,.F.);
#2203=ADVANCED_FACE('',(#269,#81,#82,#83,#84,#85,#86,#87,#88,#89,#90,#91,
#92,#93,#94,#95,#96,#97,#98,#99,#100,#101,#102,#103,#104,#105,#106,#107,
#108,#109,#110,#111,#112,#113,#114,#115,#116,#117,#118,#119,#120,#121,#122,
#123,#124),#164,.T.);
#2204=ADVANCED_FACE('',(#270),#2110,.F.);
#2205=ADVANCED_FACE('',(#271),#165,.F.);
#2206=ADVANCED_FACE('',(#272),#166,.T.);
#2207=ADVANCED_FACE('',(#273),#2111,.F.);
#2208=ADVANCED_FACE('',(#274),#167,.F.);
#2209=ADVANCED_FACE('',(#275),#168,.T.);
#2210=ADVANCED_FACE('',(#276),#2112,.F.);
#2211=ADVANCED_FACE('',(#277),#169,.F.);
#2212=ADVANCED_FACE('',(#278),#170,.T.);
#2213=ADVANCED_FACE('',(#279),#2113,.F.);
#2214=ADVANCED_FACE('',(#280),#171,.F.);
#2215=ADVANCED_FACE('',(#281),#172,.T.);
#2216=ADVANCED_FACE('',(#282),#173,.F.);
#2217=ADVANCED_FACE('',(#283),#174,.T.);
#2218=ADVANCED_FACE('',(#284),#2114,.F.);
#2219=ADVANCED_FACE('',(#285),#175,.F.);
#2220=ADVANCED_FACE('',(#286),#176,.T.);
#2221=ADVANCED_FACE('',(#287),#2115,.F.);
#2222=ADVANCED_FACE('',(#288),#177,.F.);
#2223=ADVANCED_FACE('',(#289),#178,.T.);
#2224=ADVANCED_FACE('',(#290),#2116,.F.);
#2225=ADVANCED_FACE('',(#291),#179,.F.);
#2226=ADVANCED_FACE('',(#292),#180,.T.);
#2227=ADVANCED_FACE('',(#293),#181,.F.);
#2228=ADVANCED_FACE('',(#294),#182,.T.);
#2229=CLOSED_SHELL('',(#2117,#2118,#2119,#2120,#2121,#2122,#2123,#2124,
#2125,#2126,#2127,#2128,#2129,#2130,#2131,#2132,#2133,#2134,#2135,#2136,
#2137,#2138,#2139,#2140,#2141,#2142,#2143,#2144,#2145,#2146,#2147,#2148,
#2149,#2150,#2151));
#2230=CLOSED_SHELL('',(#2152,#2153,#2154,#2155,#2156,#2157,#2158,#2159,
#2160,#2161,#2162,#2163,#2164,#2165,#2166,#2167,#2168,#2169,#2170,#2171,
#2172,#2173,#2174,#2175,#2176,#2177,#2178,#2179,#2180,#2181,#2182,#2183,
#2184,#2185,#2186,#2187,#2188,#2189,#2190,#2191,#2192,#2193,#2194,#2195,
#2196,#2197,#2198,#2199,#2200,#2201,#2202,#2203,#2204,#2205,#2206,#2207,
#2208,#2209,#2210,#2211,#2212,#2213,#2214,#2215,#2216,#2217,#2218,#2219,
#2220,#2221,#2222,#2223,#2224,#2225,#2226,#2227,#2228));
#2231=DERIVED_UNIT_ELEMENT(#2235,1.);
#2232=DERIVED_UNIT_ELEMENT(#3731,-3.);
#2233=DERIVED_UNIT_ELEMENT(#2235,1.);
#2234=DERIVED_UNIT_ELEMENT(#3731,-3.);
#2235=(
MASS_UNIT()
NAMED_UNIT(*)
SI_UNIT(.KILO.,.GRAM.)
);
#2236=DERIVED_UNIT((#2231,#2232));
#2237=DERIVED_UNIT((#2233,#2234));
#2238=MEASURE_REPRESENTATION_ITEM('density measure',
POSITIVE_RATIO_MEASURE(7850.),#2236);
#2239=MEASURE_REPRESENTATION_ITEM('density measure',
POSITIVE_RATIO_MEASURE(7850.),#2237);
#2240=PROPERTY_DEFINITION_REPRESENTATION(#2250,#2244);
#2241=PROPERTY_DEFINITION_REPRESENTATION(#2251,#2245);
#2242=PROPERTY_DEFINITION_REPRESENTATION(#2252,#2246);
#2243=PROPERTY_DEFINITION_REPRESENTATION(#2253,#2247);
#2244=REPRESENTATION('material name',(#2248),#3727);
#2245=REPRESENTATION('density',(#2238),#3727);
#2246=REPRESENTATION('material name',(#2249),#3728);
#2247=REPRESENTATION('density',(#2239),#3728);
#2248=DESCRIPTIVE_REPRESENTATION_ITEM('Steel','Steel');
#2249=DESCRIPTIVE_REPRESENTATION_ITEM('Steel','Steel');
#2250=PROPERTY_DEFINITION('material property','material name',#3747);
#2251=PROPERTY_DEFINITION('material property','density of part',#3747);
#2252=PROPERTY_DEFINITION('material property','material name',#3748);
#2253=PROPERTY_DEFINITION('material property','density of part',#3748);
#2254=AXIS2_PLACEMENT_3D('',#3115,#2479,#2480);
#2255=AXIS2_PLACEMENT_3D('',#3116,#2481,#2482);
#2256=AXIS2_PLACEMENT_3D('',#3117,#2483,#2484);
#2257=AXIS2_PLACEMENT_3D('',#3119,#2485,#2486);
#2258=AXIS2_PLACEMENT_3D('',#3122,#2488,#2489);
#2259=AXIS2_PLACEMENT_3D('',#3123,#2490,#2491);
#2260=AXIS2_PLACEMENT_3D('',#3124,#2492,#2493);
#2261=AXIS2_PLACEMENT_3D('',#3185,#2524,#2525);
#2262=AXIS2_PLACEMENT_3D('',#3191,#2529,#2530);
#2263=AXIS2_PLACEMENT_3D('',#3195,#2533,#2534);
#2264=AXIS2_PLACEMENT_3D('',#3199,#2537,#2538);
#2265=AXIS2_PLACEMENT_3D('',#3205,#2542,#2543);
#2266=AXIS2_PLACEMENT_3D('',#3211,#2547,#2548);
#2267=AXIS2_PLACEMENT_3D('',#3213,#2550,#2551);
#2268=AXIS2_PLACEMENT_3D('',#3215,#2553,#2554);
#2269=AXIS2_PLACEMENT_3D('',#3221,#2558,#2559);
#2270=AXIS2_PLACEMENT_3D('',#3225,#2562,#2563);
#2271=AXIS2_PLACEMENT_3D('',#3229,#2566,#2567);
#2272=AXIS2_PLACEMENT_3D('',#3231,#2569,#2570);
#2273=AXIS2_PLACEMENT_3D('',#3237,#2574,#2575);
#2274=AXIS2_PLACEMENT_3D('',#3241,#2578,#2579);
#2275=AXIS2_PLACEMENT_3D('',#3245,#2582,#2583);
#2276=AXIS2_PLACEMENT_3D('',#3247,#2585,#2586);
#2277=AXIS2_PLACEMENT_3D('',#3253,#2590,#2591);
#2278=AXIS2_PLACEMENT_3D('',#3257,#2594,#2595);
#2279=AXIS2_PLACEMENT_3D('',#3261,#2598,#2599);
#2280=AXIS2_PLACEMENT_3D('',#3263,#2601,#2602);
#2281=AXIS2_PLACEMENT_3D('',#3269,#2606,#2607);
#2282=AXIS2_PLACEMENT_3D('',#3273,#2610,#2611);
#2283=AXIS2_PLACEMENT_3D('',#3277,#2614,#2615);
#2284=AXIS2_PLACEMENT_3D('',#3279,#2617,#2618);
#2285=AXIS2_PLACEMENT_3D('',#3285,#2622,#2623);
#2286=AXIS2_PLACEMENT_3D('',#3289,#2626,#2627);
#2287=AXIS2_PLACEMENT_3D('',#3293,#2630,#2631);
#2288=AXIS2_PLACEMENT_3D('',#3295,#2633,#2634);
#2289=AXIS2_PLACEMENT_3D('',#3301,#2638,#2639);
#2290=AXIS2_PLACEMENT_3D('',#3305,#2642,#2643);
#2291=AXIS2_PLACEMENT_3D('',#3309,#2646,#2647);
#2292=AXIS2_PLACEMENT_3D('',#3311,#2649,#2650);
#2293=AXIS2_PLACEMENT_3D('',#3312,#2651,#2652);
#2294=AXIS2_PLACEMENT_3D('',#3313,#2653,#2654);
#2295=AXIS2_PLACEMENT_3D('',#3322,#2659,#2660);
#2296=AXIS2_PLACEMENT_3D('',#3324,#2661,#2662);
#2297=AXIS2_PLACEMENT_3D('',#3327,#2664,#2665);
#2298=AXIS2_PLACEMENT_3D('',#3328,#2666,#2667);
#2299=AXIS2_PLACEMENT_3D('',#3330,#2668,#2669);
#2300=AXIS2_PLACEMENT_3D('',#3333,#2671,#2672);
#2301=AXIS2_PLACEMENT_3D('',#3334,#2673,#2674);
#2302=AXIS2_PLACEMENT_3D('',#3336,#2675,#2676);
#2303=AXIS2_PLACEMENT_3D('',#3339,#2678,#2679);
#2304=AXIS2_PLACEMENT_3D('',#3340,#2680,#2681);
#2305=AXIS2_PLACEMENT_3D('',#3342,#2682,#2683);
#2306=AXIS2_PLACEMENT_3D('',#3345,#2685,#2686);
#2307=AXIS2_PLACEMENT_3D('',#3346,#2687,#2688);
#2308=AXIS2_PLACEMENT_3D('',#3348,#2689,#2690);
#2309=AXIS2_PLACEMENT_3D('',#3351,#2692,#2693);
#2310=AXIS2_PLACEMENT_3D('',#3352,#2694,#2695);
#2311=AXIS2_PLACEMENT_3D('',#3354,#2696,#2697);
#2312=AXIS2_PLACEMENT_3D('',#3357,#2699,#2700);
#2313=AXIS2_PLACEMENT_3D('',#3358,#2701,#2702);
#2314=AXIS2_PLACEMENT_3D('',#3360,#2703,#2704);
#2315=AXIS2_PLACEMENT_3D('',#3363,#2706,#2707);
#2316=AXIS2_PLACEMENT_3D('',#3364,#2708,#2709);
#2317=AXIS2_PLACEMENT_3D('',#3366,#2710,#2711);
#2318=AXIS2_PLACEMENT_3D('',#3369,#2713,#2714);
#2319=AXIS2_PLACEMENT_3D('',#3370,#2715,#2716);
#2320=AXIS2_PLACEMENT_3D('',#3372,#2717,#2718);
#2321=AXIS2_PLACEMENT_3D('',#3375,#2720,#2721);
#2322=AXIS2_PLACEMENT_3D('',#3376,#2722,#2723);
#2323=AXIS2_PLACEMENT_3D('',#3378,#2724,#2725);
#2324=AXIS2_PLACEMENT_3D('',#3381,#2727,#2728);
#2325=AXIS2_PLACEMENT_3D('',#3382,#2729,#2730);
#2326=AXIS2_PLACEMENT_3D('',#3384,#2731,#2732);
#2327=AXIS2_PLACEMENT_3D('',#3387,#2734,#2735);
#2328=AXIS2_PLACEMENT_3D('',#3388,#2736,#2737);
#2329=AXIS2_PLACEMENT_3D('',#3390,#2738,#2739);
#2330=AXIS2_PLACEMENT_3D('',#3393,#2741,#2742);
#2331=AXIS2_PLACEMENT_3D('',#3394,#2743,#2744);
#2332=AXIS2_PLACEMENT_3D('',#3396,#2745,#2746);
#2333=AXIS2_PLACEMENT_3D('',#3399,#2748,#2749);
#2334=AXIS2_PLACEMENT_3D('',#3400,#2750,#2751);
#2335=AXIS2_PLACEMENT_3D('',#3402,#2752,#2753);
#2336=AXIS2_PLACEMENT_3D('',#3405,#2755,#2756);
#2337=AXIS2_PLACEMENT_3D('',#3406,#2757,#2758);
#2338=AXIS2_PLACEMENT_3D('',#3408,#2759,#2760);
#2339=AXIS2_PLACEMENT_3D('',#3411,#2762,#2763);
#2340=AXIS2_PLACEMENT_3D('',#3412,#2764,#2765);
#2341=AXIS2_PLACEMENT_3D('',#3414,#2766,#2767);
#2342=AXIS2_PLACEMENT_3D('',#3417,#2769,#2770);
#2343=AXIS2_PLACEMENT_3D('',#3418,#2771,#2772);
#2344=AXIS2_PLACEMENT_3D('',#3420,#2773,#2774);
#2345=AXIS2_PLACEMENT_3D('',#3423,#2776,#2777);
#2346=AXIS2_PLACEMENT_3D('',#3424,#2778,#2779);
#2347=AXIS2_PLACEMENT_3D('',#3426,#2780,#2781);
#2348=AXIS2_PLACEMENT_3D('',#3429,#2783,#2784);
#2349=AXIS2_PLACEMENT_3D('',#3430,#2785,#2786);
#2350=AXIS2_PLACEMENT_3D('',#3432,#2787,#2788);
#2351=AXIS2_PLACEMENT_3D('',#3435,#2790,#2791);
#2352=AXIS2_PLACEMENT_3D('',#3436,#2792,#2793);
#2353=AXIS2_PLACEMENT_3D('',#3438,#2794,#2795);
#2354=AXIS2_PLACEMENT_3D('',#3441,#2797,#2798);
#2355=AXIS2_PLACEMENT_3D('',#3442,#2799,#2800);
#2356=AXIS2_PLACEMENT_3D('',#3444,#2801,#2802);
#2357=AXIS2_PLACEMENT_3D('',#3447,#2804,#2805);
#2358=AXIS2_PLACEMENT_3D('',#3448,#2806,#2807);
#2359=AXIS2_PLACEMENT_3D('',#3450,#2808,#2809);
#2360=AXIS2_PLACEMENT_3D('',#3453,#2811,#2812);
#2361=AXIS2_PLACEMENT_3D('',#3454,#2813,#2814);
#2362=AXIS2_PLACEMENT_3D('',#3456,#2815,#2816);
#2363=AXIS2_PLACEMENT_3D('',#3459,#2818,#2819);
#2364=AXIS2_PLACEMENT_3D('',#3460,#2820,#2821);
#2365=AXIS2_PLACEMENT_3D('',#3462,#2822,#2823);
#2366=AXIS2_PLACEMENT_3D('',#3465,#2825,#2826);
#2367=AXIS2_PLACEMENT_3D('',#3466,#2827,#2828);
#2368=AXIS2_PLACEMENT_3D('',#3468,#2829,#2830);
#2369=AXIS2_PLACEMENT_3D('',#3471,#2832,#2833);
#2370=AXIS2_PLACEMENT_3D('',#3472,#2834,#2835);
#2371=AXIS2_PLACEMENT_3D('',#3474,#2836,#2837);
#2372=AXIS2_PLACEMENT_3D('',#3477,#2839,#2840);
#2373=AXIS2_PLACEMENT_3D('',#3478,#2841,#2842);
#2374=AXIS2_PLACEMENT_3D('',#3480,#2843,#2844);
#2375=AXIS2_PLACEMENT_3D('',#3483,#2846,#2847);
#2376=AXIS2_PLACEMENT_3D('',#3484,#2848,#2849);
#2377=AXIS2_PLACEMENT_3D('',#3486,#2850,#2851);
#2378=AXIS2_PLACEMENT_3D('',#3489,#2853,#2854);
#2379=AXIS2_PLACEMENT_3D('',#3490,#2855,#2856);
#2380=AXIS2_PLACEMENT_3D('',#3492,#2857,#2858);
#2381=AXIS2_PLACEMENT_3D('',#3495,#2860,#2861);
#2382=AXIS2_PLACEMENT_3D('',#3496,#2862,#2863);
#2383=AXIS2_PLACEMENT_3D('',#3498,#2864,#2865);
#2384=AXIS2_PLACEMENT_3D('',#3501,#2867,#2868);
#2385=AXIS2_PLACEMENT_3D('',#3502,#2869,#2870);
#2386=AXIS2_PLACEMENT_3D('',#3504,#2871,#2872);
#2387=AXIS2_PLACEMENT_3D('',#3507,#2874,#2875);
#2388=AXIS2_PLACEMENT_3D('',#3508,#2876,#2877);
#2389=AXIS2_PLACEMENT_3D('',#3510,#2878,#2879);
#2390=AXIS2_PLACEMENT_3D('',#3513,#2881,#2882);
#2391=AXIS2_PLACEMENT_3D('',#3514,#2883,#2884);
#2392=AXIS2_PLACEMENT_3D('',#3516,#2885,#2886);
#2393=AXIS2_PLACEMENT_3D('',#3519,#2888,#2889);
#2394=AXIS2_PLACEMENT_3D('',#3520,#2890,#2891);
#2395=AXIS2_PLACEMENT_3D('',#3522,#2892,#2893);
#2396=AXIS2_PLACEMENT_3D('',#3525,#2895,#2896);
#2397=AXIS2_PLACEMENT_3D('',#3526,#2897,#2898);
#2398=AXIS2_PLACEMENT_3D('',#3528,#2899,#2900);
#2399=AXIS2_PLACEMENT_3D('',#3531,#2902,#2903);
#2400=AXIS2_PLACEMENT_3D('',#3532,#2904,#2905);
#2401=AXIS2_PLACEMENT_3D('',#3534,#2906,#2907);
#2402=AXIS2_PLACEMENT_3D('',#3537,#2909,#2910);
#2403=AXIS2_PLACEMENT_3D('',#3538,#2911,#2912);
#2404=AXIS2_PLACEMENT_3D('',#3540,#2913,#2914);
#2405=AXIS2_PLACEMENT_3D('',#3543,#2916,#2917);
#2406=AXIS2_PLACEMENT_3D('',#3544,#2918,#2919);
#2407=AXIS2_PLACEMENT_3D('',#3546,#2920,#2921);
#2408=AXIS2_PLACEMENT_3D('',#3549,#2923,#2924);
#2409=AXIS2_PLACEMENT_3D('',#3550,#2925,#2926);
#2410=AXIS2_PLACEMENT_3D('',#3552,#2927,#2928);
#2411=AXIS2_PLACEMENT_3D('',#3555,#2930,#2931);
#2412=AXIS2_PLACEMENT_3D('',#3556,#2932,#2933);
#2413=AXIS2_PLACEMENT_3D('',#3558,#2934,#2935);
#2414=AXIS2_PLACEMENT_3D('',#3561,#2937,#2938);
#2415=AXIS2_PLACEMENT_3D('',#3562,#2939,#2940);
#2416=AXIS2_PLACEMENT_3D('',#3564,#2941,#2942);
#2417=AXIS2_PLACEMENT_3D('',#3567,#2944,#2945);
#2418=AXIS2_PLACEMENT_3D('',#3568,#2946,#2947);
#2419=AXIS2_PLACEMENT_3D('',#3570,#2948,#2949);
#2420=AXIS2_PLACEMENT_3D('',#3573,#2951,#2952);
#2421=AXIS2_PLACEMENT_3D('',#3574,#2953,#2954);
#2422=AXIS2_PLACEMENT_3D('',#3576,#2955,#2956);
#2423=AXIS2_PLACEMENT_3D('',#3579,#2958,#2959);
#2424=AXIS2_PLACEMENT_3D('',#3580,#2960,#2961);
#2425=AXIS2_PLACEMENT_3D('',#3582,#2962,#2963);
#2426=AXIS2_PLACEMENT_3D('',#3585,#2965,#2966);
#2427=AXIS2_PLACEMENT_3D('',#3586,#2967,#2968);
#2428=AXIS2_PLACEMENT_3D('',#3589,#2969,#2970);
#2429=AXIS2_PLACEMENT_3D('',#3593,#2972,#2973);
#2430=AXIS2_PLACEMENT_3D('',#3595,#2975,#2976);
#2431=AXIS2_PLACEMENT_3D('',#3598,#2977,#2978);
#2432=AXIS2_PLACEMENT_3D('',#3602,#2980,#2981);
#2433=AXIS2_PLACEMENT_3D('',#3604,#2983,#2984);
#2434=AXIS2_PLACEMENT_3D('',#3610,#2988,#2989);
#2435=AXIS2_PLACEMENT_3D('',#3616,#2993,#2994);
#2436=AXIS2_PLACEMENT_3D('',#3619,#2997,#2998);
#2437=AXIS2_PLACEMENT_3D('',#3680,#3031,#3032);
#2438=AXIS2_PLACEMENT_3D('',#3681,#3033,#3034);
#2439=AXIS2_PLACEMENT_3D('',#3682,#3035,#3036);
#2440=AXIS2_PLACEMENT_3D('',#3683,#3037,#3038);
#2441=AXIS2_PLACEMENT_3D('',#3684,#3039,#3040);
#2442=AXIS2_PLACEMENT_3D('',#3685,#3041,#3042);
#2443=AXIS2_PLACEMENT_3D('',#3686,#3043,#3044);
#2444=AXIS2_PLACEMENT_3D('',#3687,#3045,#3046);
#2445=AXIS2_PLACEMENT_3D('',#3688,#3047,#3048);
#2446=AXIS2_PLACEMENT_3D('',#3689,#3049,#3050);
#2447=AXIS2_PLACEMENT_3D('',#3690,#3051,#3052);
#2448=AXIS2_PLACEMENT_3D('',#3691,#3053,#3054);
#2449=AXIS2_PLACEMENT_3D('',#3692,#3055,#3056);
#2450=AXIS2_PLACEMENT_3D('',#3693,#3057,#3058);
#2451=AXIS2_PLACEMENT_3D('',#3694,#3059,#3060);
#2452=AXIS2_PLACEMENT_3D('',#3695,#3061,#3062);
#2453=AXIS2_PLACEMENT_3D('',#3696,#3063,#3064);
#2454=AXIS2_PLACEMENT_3D('',#3697,#3065,#3066);
#2455=AXIS2_PLACEMENT_3D('',#3698,#3067,#3068);
#2456=AXIS2_PLACEMENT_3D('',#3699,#3069,#3070);
#2457=AXIS2_PLACEMENT_3D('',#3700,#3071,#3072);
#2458=AXIS2_PLACEMENT_3D('',#3701,#3073,#3074);
#2459=AXIS2_PLACEMENT_3D('',#3702,#3075,#3076);
#2460=AXIS2_PLACEMENT_3D('',#3703,#3077,#3078);
#2461=AXIS2_PLACEMENT_3D('',#3704,#3079,#3080);
#2462=AXIS2_PLACEMENT_3D('',#3705,#3081,#3082);
#2463=AXIS2_PLACEMENT_3D('',#3706,#3083,#3084);
#2464=AXIS2_PLACEMENT_3D('',#3707,#3085,#3086);
#2465=AXIS2_PLACEMENT_3D('',#3708,#3087,#3088);
#2466=AXIS2_PLACEMENT_3D('',#3709,#3089,#3090);
#2467=AXIS2_PLACEMENT_3D('',#3710,#3091,#3092);
#2468=AXIS2_PLACEMENT_3D('',#3711,#3093,#3094);
#2469=AXIS2_PLACEMENT_3D('',#3712,#3095,#3096);
#2470=AXIS2_PLACEMENT_3D('',#3713,#3097,#3098);
#2471=AXIS2_PLACEMENT_3D('',#3714,#3099,#3100);
#2472=AXIS2_PLACEMENT_3D('',#3715,#3101,#3102);
#2473=AXIS2_PLACEMENT_3D('',#3716,#3103,#3104);
#2474=AXIS2_PLACEMENT_3D('',#3717,#3105,#3106);
#2475=AXIS2_PLACEMENT_3D('',#3718,#3107,#3108);
#2476=AXIS2_PLACEMENT_3D('',#3719,#3109,#3110);
#2477=AXIS2_PLACEMENT_3D('',#3720,#3111,#3112);
#2478=AXIS2_PLACEMENT_3D('',#3721,#3113,#3114);
#2479=DIRECTION('axis',(0.,0.,1.));
#2480=DIRECTION('refdir',(1.,0.,0.));
#2481=DIRECTION('axis',(0.,0.,1.));
#2482=DIRECTION('refdir',(1.,0.,0.));
#2483=DIRECTION('center_axis',(0.,1.,-1.13686837721616E-13));
#2484=DIRECTION('ref_axis',(1.,0.,0.));
#2485=DIRECTION('center_axis',(0.,1.,-1.13564373041701E-13));
#2486=DIRECTION('ref_axis',(1.,0.,0.));
#2487=DIRECTION('',(0.,1.,-1.13686837721616E-13));
#2488=DIRECTION('center_axis',(0.,1.,-1.13564373041701E-13));
#2489=DIRECTION('ref_axis',(1.,0.,0.));
#2490=DIRECTION('center_axis',(0.,-1.,1.13564373041701E-13));
#2491=DIRECTION('ref_axis',(1.,0.,0.));
#2492=DIRECTION('center_axis',(-3.46944695195362E-18,1.,-1.14067442849734E-13));
#2493=DIRECTION('ref_axis',(1.,3.46944695195362E-18,4.24884710452153E-34));
#2494=DIRECTION('',(1.,3.46944695195362E-18,4.24884710452154E-34));
#2495=DIRECTION('',(3.96175826622606E-31,-1.14067442849734E-13,-1.));
#2496=DIRECTION('',(-1.,-3.46944695195362E-18,-4.24884710452154E-34));
#2497=DIRECTION('',(3.96175826622606E-31,-1.14067442849734E-13,-1.));
#2498=DIRECTION('',(1.,3.46944695195362E-18,4.24884710452154E-34));
#2499=DIRECTION('',(3.96175826622606E-31,-1.14067442849734E-13,-1.));
#2500=DIRECTION('',(-1.,-3.46944695195362E-18,-4.24884710452154E-34));
#2501=DIRECTION('',(3.96175826622606E-31,-1.14067442849734E-13,-1.));
#2502=DIRECTION('',(1.,3.46944695195362E-18,4.24884710452154E-34));
#2503=DIRECTION('',(3.96175826622606E-31,-1.14067442849734E-13,-1.));
#2504=DIRECTION('',(-1.,-3.46944695195362E-18,-4.24884710452154E-34));
#2505=DIRECTION('',(3.96175826622606E-31,-1.14067442849734E-13,-1.));
#2506=DIRECTION('',(1.,3.46944695195362E-18,4.24884710452154E-34));
#2507=DIRECTION('',(3.96175826622606E-31,-1.14067442849734E-13,-1.));
#2508=DIRECTION('',(1.,3.46944695195362E-18,4.24884710452154E-34));
#2509=DIRECTION('',(3.96175826622606E-31,-1.14067442849734E-13,-1.));
#2510=DIRECTION('',(-1.,-3.46944695195362E-18,-4.24884710452154E-34));
#2511=DIRECTION('',(3.96175826622606E-31,-1.14067442849734E-13,-1.));
#2512=DIRECTION('',(1.,3.46944695195362E-18,4.24884710452154E-34));
#2513=DIRECTION('',(-3.96175826622606E-31,1.14067442849734E-13,1.));
#2514=DIRECTION('',(-1.,-3.46944695195362E-18,-4.24884710452154E-34));
#2515=DIRECTION('',(3.96175826622606E-31,-1.14067442849734E-13,-1.));
#2516=DIRECTION('',(1.,3.46944695195362E-18,4.24884710452154E-34));
#2517=DIRECTION('',(3.96175826622606E-31,-1.14067442849734E-13,-1.));
#2518=DIRECTION('',(1.,3.46944695195362E-18,4.24884710452154E-34));
#2519=DIRECTION('',(3.96175826622606E-31,-1.14067442849734E-13,-1.));
#2520=DIRECTION('',(1.,3.46944695195362E-18,4.24884710452154E-34));
#2521=DIRECTION('',(3.96175826622606E-31,-1.14067442849734E-13,-1.));
#2522=DIRECTION('',(-1.,-3.46944695195362E-18,-4.24884710452154E-34));
#2523=DIRECTION('',(3.96175826622606E-31,-1.14067442849734E-13,-1.));
#2524=DIRECTION('center_axis',(1.,4.49914593646741E-44,3.96175826622606E-31));
#2525=DIRECTION('ref_axis',(3.96175826622606E-31,-1.14067442849734E-13,
-1.));
#2526=DIRECTION('',(0.,1.,-1.13564373041701E-13));
#2527=DIRECTION('',(3.96175826622606E-31,-1.14067442849734E-13,-1.));
#2528=DIRECTION('',(0.,1.,-1.13564373041701E-13));
#2529=DIRECTION('center_axis',(-3.94430452610506E-31,1.13564373041701E-13,
1.));
#2530=DIRECTION('ref_axis',(1.,3.46944695195362E-18,4.24884710452547E-34));
#2531=DIRECTION('',(1.,3.46944695195362E-18,4.24884710452154E-34));
#2532=DIRECTION('',(0.,1.,-1.13564373041701E-13));
#2533=DIRECTION('center_axis',(0.,1.,-1.13564373041701E-13));
#2534=DIRECTION('ref_axis',(0.,1.13564373041701E-13,1.));
#2535=DIRECTION('',(-1.,-3.46944695195362E-18,-4.24884710452154E-34));
#2536=DIRECTION('',(-3.96175826622606E-31,1.14067442849734E-13,1.));
#2537=DIRECTION('center_axis',(3.96484777884519E-31,-1.14156491988168E-13,
-1.));
#2538=DIRECTION('ref_axis',(1.,3.46944695195362E-18,4.24884710451627E-34));
#2539=DIRECTION('',(0.,-1.,1.14156491988168E-13));
#2540=DIRECTION('',(1.,3.46944695195362E-18,4.24884710452154E-34));
#2541=DIRECTION('',(0.,-1.,1.14156491988168E-13));
#2542=DIRECTION('center_axis',(-3.96484777884519E-31,1.14156491988168E-13,
1.));
#2543=DIRECTION('ref_axis',(-1.,-3.46944695195362E-18,-4.24884710451627E-34));
#2544=DIRECTION('',(0.,-1.,1.14156491988168E-13));
#2545=DIRECTION('',(-1.,-3.46944695195362E-18,-4.24884710452154E-34));
#2546=DIRECTION('',(0.,-1.,1.14156491988168E-13));
#2547=DIRECTION('center_axis',(1.,4.52260425777494E-44,3.96175826622606E-31));
#2548=DIRECTION('ref_axis',(-3.96175826622606E-31,1.14067442849734E-13,
1.));
#2549=DIRECTION('',(-3.96175826622606E-31,1.14067442849734E-13,1.));
#2550=DIRECTION('center_axis',(0.,-1.,1.14156491988168E-13));
#2551=DIRECTION('ref_axis',(0.,-1.14156491988168E-13,-1.));
#2552=DIRECTION('',(3.96175826622606E-31,-1.14067442849734E-13,-1.));
#2553=DIRECTION('center_axis',(1.,4.49914593646741E-44,3.96175826622606E-31));
#2554=DIRECTION('ref_axis',(-3.96175826622606E-31,1.14067442849734E-13,
1.));
#2555=DIRECTION('',(0.,-1.,1.13564373041701E-13));
#2556=DIRECTION('',(-3.96175826622606E-31,1.14067442849734E-13,1.));
#2557=DIRECTION('',(0.,-1.,1.13564373041701E-13));
#2558=DIRECTION('center_axis',(3.94430452610506E-31,-1.13564373041701E-13,
-1.));
#2559=DIRECTION('ref_axis',(1.,3.46944695195362E-18,4.24884710452547E-34));
#2560=DIRECTION('',(1.,3.46944695195362E-18,4.24884710452154E-34));
#2561=DIRECTION('',(0.,-1.,1.13564373041701E-13));
#2562=DIRECTION('center_axis',(-3.94430452610506E-31,1.13564373041701E-13,
1.));
#2563=DIRECTION('ref_axis',(-1.,-3.46944695195362E-18,-4.24884710452547E-34));
#2564=DIRECTION('',(0.,-1.,1.13564373041701E-13));
#2565=DIRECTION('',(-1.,-3.46944695195362E-18,-4.24884710452154E-34));
#2566=DIRECTION('center_axis',(0.,-1.,1.13564373041701E-13));
#2567=DIRECTION('ref_axis',(0.,-1.13564373041701E-13,-1.));
#2568=DIRECTION('',(3.96175826622606E-31,-1.14067442849734E-13,-1.));
#2569=DIRECTION('center_axis',(1.,4.49914593646741E-44,3.96175826622606E-31));
#2570=DIRECTION('ref_axis',(-3.96175826622606E-31,1.14067442849734E-13,
1.));
#2571=DIRECTION('',(0.,-1.,1.13564373041701E-13));
#2572=DIRECTION('',(-3.96175826622606E-31,1.14067442849734E-13,1.));
#2573=DIRECTION('',(0.,-1.,1.13564373041701E-13));
#2574=DIRECTION('center_axis',(3.94430452610506E-31,-1.13564373041701E-13,
-1.));
#2575=DIRECTION('ref_axis',(1.,3.46944695195362E-18,4.24884710452547E-34));
#2576=DIRECTION('',(1.,3.46944695195362E-18,4.24884710452154E-34));
#2577=DIRECTION('',(0.,-1.,1.13564373041701E-13));
#2578=DIRECTION('center_axis',(-3.94430452610506E-31,1.13564373041701E-13,
1.));
#2579=DIRECTION('ref_axis',(-1.,-3.46944695195362E-18,-4.24884710452547E-34));
#2580=DIRECTION('',(0.,-1.,1.13564373041701E-13));
#2581=DIRECTION('',(-1.,-3.46944695195362E-18,-4.24884710452154E-34));
#2582=DIRECTION('center_axis',(0.,-1.,1.13564373041701E-13));
#2583=DIRECTION('ref_axis',(0.,-1.13564373041701E-13,-1.));
#2584=DIRECTION('',(3.96175826622606E-31,-1.14067442849734E-13,-1.));
#2585=DIRECTION('center_axis',(1.,4.49914593646741E-44,3.96175826622606E-31));
#2586=DIRECTION('ref_axis',(-3.96175826622606E-31,1.14067442849734E-13,
1.));
#2587=DIRECTION('',(0.,-1.,1.13564373041701E-13));
#2588=DIRECTION('',(-3.96175826622606E-31,1.14067442849734E-13,1.));
#2589=DIRECTION('',(0.,-1.,1.13564373041701E-13));
#2590=DIRECTION('center_axis',(3.94430452610506E-31,-1.13564373041701E-13,
-1.));
#2591=DIRECTION('ref_axis',(1.,3.46944695195362E-18,4.24884710452547E-34));
#2592=DIRECTION('',(1.,3.46944695195362E-18,4.24884710452154E-34));
#2593=DIRECTION('',(0.,-1.,1.13564373041701E-13));
#2594=DIRECTION('center_axis',(-3.94430452610506E-31,1.13564373041701E-13,
1.));
#2595=DIRECTION('ref_axis',(-1.,-3.46944695195362E-18,-4.24884710452547E-34));
#2596=DIRECTION('',(0.,-1.,1.13564373041701E-13));
#2597=DIRECTION('',(-1.,-3.46944695195362E-18,-4.24884710452154E-34));
#2598=DIRECTION('center_axis',(0.,-1.,1.13564373041701E-13));
#2599=DIRECTION('ref_axis',(0.,-1.13564373041701E-13,-1.));
#2600=DIRECTION('',(3.96175826622606E-31,-1.14067442849734E-13,-1.));
#2601=DIRECTION('center_axis',(-3.94430452610506E-31,1.13564373041701E-13,
1.));
#2602=DIRECTION('ref_axis',(-1.,-3.46944695195362E-18,-4.24884710452547E-34));
#2603=DIRECTION('',(0.,-1.,1.13564373041701E-13));
#2604=DIRECTION('',(-1.,-3.46944695195362E-18,-4.24884710452154E-34));
#2605=DIRECTION('',(0.,-1.,1.13564373041701E-13));
#2606=DIRECTION('center_axis',(1.,4.49914593646741E-44,3.96175826622606E-31));
#2607=DIRECTION('ref_axis',(-3.96175826622606E-31,1.14067442849734E-13,
1.));
#2608=DIRECTION('',(-3.96175826622606E-31,1.14067442849734E-13,1.));
#2609=DIRECTION('',(0.,-1.,1.13564373041701E-13));
#2610=DIRECTION('center_axis',(3.94430452610506E-31,-1.13564373041701E-13,
-1.));
#2611=DIRECTION('ref_axis',(1.,3.46944695195362E-18,4.24884710452547E-34));
#2612=DIRECTION('',(1.,3.46944695195362E-18,4.24884710452154E-34));
#2613=DIRECTION('',(0.,-1.,1.13564373041701E-13));
#2614=DIRECTION('center_axis',(0.,-1.,1.13564373041701E-13));
#2615=DIRECTION('ref_axis',(0.,-1.13564373041701E-13,-1.));
#2616=DIRECTION('',(3.96175826622606E-31,-1.14067442849734E-13,-1.));
#2617=DIRECTION('center_axis',(-3.94430452610506E-31,1.13564373041701E-13,
1.));
#2618=DIRECTION('ref_axis',(-1.,-3.46944695195362E-18,-4.24884710452547E-34));
#2619=DIRECTION('',(0.,-1.,1.13564373041701E-13));
#2620=DIRECTION('',(-1.,-3.46944695195362E-18,-4.24884710452154E-34));
#2621=DIRECTION('',(0.,-1.,1.13564373041701E-13));
#2622=DIRECTION('center_axis',(1.,4.49914593646741E-44,3.96175826622606E-31));
#2623=DIRECTION('ref_axis',(-3.96175826622606E-31,1.14067442849734E-13,
1.));
#2624=DIRECTION('',(-3.96175826622606E-31,1.14067442849734E-13,1.));
#2625=DIRECTION('',(0.,-1.,1.13564373041701E-13));
#2626=DIRECTION('center_axis',(3.94430452610506E-31,-1.13564373041701E-13,
-1.));
#2627=DIRECTION('ref_axis',(1.,3.46944695195362E-18,4.24884710452547E-34));
#2628=DIRECTION('',(1.,3.46944695195362E-18,4.24884710452154E-34));
#2629=DIRECTION('',(0.,-1.,1.13564373041701E-13));
#2630=DIRECTION('center_axis',(0.,-1.,1.13564373041701E-13));
#2631=DIRECTION('ref_axis',(0.,-1.13564373041701E-13,-1.));
#2632=DIRECTION('',(3.96175826622606E-31,-1.14067442849734E-13,-1.));
#2633=DIRECTION('center_axis',(1.,4.49914593646741E-44,3.96175826622606E-31));
#2634=DIRECTION('ref_axis',(-3.96175826622606E-31,1.14067442849734E-13,
1.));
#2635=DIRECTION('',(0.,-1.,1.13564373041701E-13));
#2636=DIRECTION('',(-3.96175826622606E-31,1.14067442849734E-13,1.));
#2637=DIRECTION('',(0.,-1.,1.13564373041701E-13));
#2638=DIRECTION('center_axis',(3.94430452610506E-31,-1.13564373041701E-13,
-1.));
#2639=DIRECTION('ref_axis',(1.,3.46944695195362E-18,4.24884710452547E-34));
#2640=DIRECTION('',(1.,3.46944695195362E-18,4.24884710452154E-34));
#2641=DIRECTION('',(0.,-1.,1.13564373041701E-13));
#2642=DIRECTION('center_axis',(-1.,-4.49914593646741E-44,-3.96175826622606E-31));
#2643=DIRECTION('ref_axis',(3.96175826622606E-31,-1.14067442849734E-13,
-1.));
#2644=DIRECTION('',(3.96175826622606E-31,-1.14067442849734E-13,-1.));
#2645=DIRECTION('',(0.,-1.,1.13564373041701E-13));
#2646=DIRECTION('center_axis',(-3.94430452610506E-31,1.13564373041701E-13,
1.));
#2647=DIRECTION('ref_axis',(-1.,-3.46944695195362E-18,-4.24884710452547E-34));
#2648=DIRECTION('',(-1.,-3.46944695195362E-18,-4.24884710452154E-34));
#2649=DIRECTION('center_axis',(0.,-1.,1.13564373041701E-13));
#2650=DIRECTION('ref_axis',(0.,-1.13564373041701E-13,-1.));
#2651=DIRECTION('axis',(0.,0.,1.));
#2652=DIRECTION('refdir',(1.,0.,0.));
#2653=DIRECTION('center_axis',(-1.17427435296892E-16,0.,1.));
#2654=DIRECTION('ref_axis',(1.,0.,1.17427435296892E-16));
#2655=DIRECTION('',(-1.,0.,-1.17427435296892E-16));
#2656=DIRECTION('',(0.,-1.,0.));
#2657=DIRECTION('',(-1.,0.,-1.17427435296892E-16));
#2658=DIRECTION('',(0.,-1.,0.));
#2659=DIRECTION('center_axis',(-6.44498300447308E-29,1.,6.55989441151299E-15));
#2660=DIRECTION('ref_axis',(-2.06592622370882E-45,-6.55989441151299E-15,
1.));
#2661=DIRECTION('center_axis',(0.,-1.,0.));
#2662=DIRECTION('ref_axis',(0.,0.,-1.));
#2663=DIRECTION('',(-6.44498300447308E-29,1.,6.55989441151299E-15));
#2664=DIRECTION('center_axis',(0.,-1.,0.));
#2665=DIRECTION('ref_axis',(0.,0.,-1.));
#2666=DIRECTION('center_axis',(-6.55989441151299E-15,1.,-4.15460811221519E-29));
#2667=DIRECTION('ref_axis',(-1.,-6.55989441151299E-15,-1.33175119970085E-45));
#2668=DIRECTION('center_axis',(0.,-1.,0.));
#2669=DIRECTION('ref_axis',(0.,0.,-1.));
#2670=DIRECTION('',(-6.55989441151299E-15,1.,-4.15460811221519E-29));
#2671=DIRECTION('center_axis',(0.,-1.,0.));
#2672=DIRECTION('ref_axis',(0.,0.,-1.));
#2673=DIRECTION('center_axis',(1.10257327889889E-28,1.,-6.55989441151299E-15));
#2674=DIRECTION('ref_axis',(-3.53427627172469E-45,6.55989441151299E-15,
1.));
#2675=DIRECTION('center_axis',(0.,-1.,0.));
#2676=DIRECTION('ref_axis',(0.,0.,-1.));
#2677=DIRECTION('',(1.10257327889889E-28,1.,-6.55989441151299E-15));
#2678=DIRECTION('center_axis',(0.,-1.,0.));
#2679=DIRECTION('ref_axis',(0.,0.,-1.));
#2680=DIRECTION('center_axis',(6.55989441151299E-15,1.,4.15460811221519E-29));
#2681=DIRECTION('ref_axis',(-1.,6.55989441151299E-15,-1.33175119970085E-45));
#2682=DIRECTION('center_axis',(0.,-1.,0.));
#2683=DIRECTION('ref_axis',(0.,0.,-1.));
#2684=DIRECTION('',(6.55989441151299E-15,1.,4.15460811221519E-29));
#2685=DIRECTION('center_axis',(0.,-1.,0.));
#2686=DIRECTION('ref_axis',(0.,0.,-1.));
#2687=DIRECTION('center_axis',(1.74574066942156E-14,1.,1.04744440165294E-14));
#2688=DIRECTION('ref_axis',(-1.,1.74574066942156E-14,1.15398975956744E-30));
#2689=DIRECTION('center_axis',(0.,-1.,0.));
#2690=DIRECTION('ref_axis',(0.,0.,-1.));
#2691=DIRECTION('',(1.74574066942156E-14,1.,1.04744440165294E-14));
#2692=DIRECTION('center_axis',(0.,-1.,0.));
#2693=DIRECTION('ref_axis',(0.,0.,-1.));
#2694=DIRECTION('center_axis',(-1.04744440165293E-14,1.,1.74574066942157E-14));
#2695=DIRECTION('ref_axis',(1.15398975956782E-30,-1.74574066942157E-14,
1.));
#2696=DIRECTION('center_axis',(0.,-1.,0.));
#2697=DIRECTION('ref_axis',(0.,0.,-1.));
#2698=DIRECTION('',(-1.04744440165293E-14,1.,1.74574066942157E-14));
#2699=DIRECTION('center_axis',(0.,-1.,0.));
#2700=DIRECTION('ref_axis',(0.,0.,-1.));
#2701=DIRECTION('center_axis',(-1.74574066942156E-14,1.,-1.04744440165295E-14));
#2702=DIRECTION('ref_axis',(-1.,-1.74574066942156E-14,1.15398975956443E-30));
#2703=DIRECTION('center_axis',(0.,-1.,0.));
#2704=DIRECTION('ref_axis',(0.,0.,-1.));
#2705=DIRECTION('',(-1.74574066942156E-14,1.,-1.04744440165295E-14));
#2706=DIRECTION('center_axis',(0.,-1.,0.));
#2707=DIRECTION('ref_axis',(0.,0.,-1.));
#2708=DIRECTION('center_axis',(1.04744440165293E-14,1.,-1.74574066942157E-14));
#2709=DIRECTION('ref_axis',(1.15398975956555E-30,1.74574066942157E-14,1.));
#2710=DIRECTION('center_axis',(0.,-1.,0.));
#2711=DIRECTION('ref_axis',(0.,0.,-1.));
#2712=DIRECTION('',(1.04744440165293E-14,1.,-1.74574066942157E-14));
#2713=DIRECTION('center_axis',(0.,-1.,0.));
#2714=DIRECTION('ref_axis',(0.,0.,-1.));
#2715=DIRECTION('center_axis',(6.98296267768627E-15,1.,-1.04744440165294E-14));
#2716=DIRECTION('ref_axis',(4.61595903825705E-31,1.04744440165294E-14,1.));
#2717=DIRECTION('center_axis',(0.,-1.,0.));
#2718=DIRECTION('ref_axis',(0.,0.,-1.));
#2719=DIRECTION('',(6.98296267768627E-15,1.,-1.04744440165294E-14));
#2720=DIRECTION('center_axis',(0.,-1.,0.));
#2721=DIRECTION('ref_axis',(0.,0.,-1.));
#2722=DIRECTION('center_axis',(6.98296267768627E-15,1.,-1.04744440165294E-14));
#2723=DIRECTION('ref_axis',(4.61595903825705E-31,1.04744440165294E-14,1.));
#2724=DIRECTION('center_axis',(0.,-1.,0.));
#2725=DIRECTION('ref_axis',(0.,0.,-1.));
#2726=DIRECTION('',(6.98296267768627E-15,1.,-1.04744440165294E-14));
#2727=DIRECTION('center_axis',(0.,-1.,0.));
#2728=DIRECTION('ref_axis',(0.,0.,-1.));
#2729=DIRECTION('center_axis',(6.98296267768627E-15,1.,-1.04744440165294E-14));
#2730=DIRECTION('ref_axis',(4.61595903825705E-31,1.04744440165294E-14,1.));
#2731=DIRECTION('center_axis',(0.,-1.,0.));
#2732=DIRECTION('ref_axis',(0.,0.,-1.));
#2733=DIRECTION('',(6.98296267768627E-15,1.,-1.04744440165294E-14));
#2734=DIRECTION('center_axis',(0.,-1.,0.));
#2735=DIRECTION('ref_axis',(0.,0.,-1.));
#2736=DIRECTION('center_axis',(6.98296267768627E-15,1.,-1.04744440165294E-14));
#2737=DIRECTION('ref_axis',(4.61595903825705E-31,1.04744440165294E-14,1.));
#2738=DIRECTION('center_axis',(0.,-1.,0.));
#2739=DIRECTION('ref_axis',(0.,0.,-1.));
#2740=DIRECTION('',(6.98296267768627E-15,1.,-1.04744440165294E-14));
#2741=DIRECTION('center_axis',(0.,-1.,0.));
#2742=DIRECTION('ref_axis',(0.,0.,-1.));
#2743=DIRECTION('center_axis',(7.95066418170305E-15,1.,7.950664181703E-15));
#2744=DIRECTION('ref_axis',(-1.,7.95066418170305E-15,1.14814380497895E-30));
#2745=DIRECTION('center_axis',(0.,-1.,0.));
#2746=DIRECTION('ref_axis',(0.,0.,-1.));
#2747=DIRECTION('',(7.95066418170305E-15,1.,7.950664181703E-15));
#2748=DIRECTION('center_axis',(0.,-1.,0.));
#2749=DIRECTION('ref_axis',(0.,0.,-1.));
#2750=DIRECTION('center_axis',(7.95066418170305E-15,1.,7.950664181703E-15));
#2751=DIRECTION('ref_axis',(-1.,7.95066418170305E-15,1.14814380497895E-30));
#2752=DIRECTION('center_axis',(0.,-1.,0.));
#2753=DIRECTION('ref_axis',(0.,0.,-1.));
#2754=DIRECTION('',(7.95066418170305E-15,1.,7.950664181703E-15));
#2755=DIRECTION('center_axis',(0.,-1.,0.));
#2756=DIRECTION('ref_axis',(0.,0.,-1.));
#2757=DIRECTION('center_axis',(7.95066418170305E-15,1.,7.950664181703E-15));
#2758=DIRECTION('ref_axis',(-1.,7.95066418170305E-15,1.14814380497895E-30));
#2759=DIRECTION('center_axis',(0.,-1.,0.));
#2760=DIRECTION('ref_axis',(0.,0.,-1.));
#2761=DIRECTION('',(7.95066418170305E-15,1.,7.950664181703E-15));
#2762=DIRECTION('center_axis',(0.,-1.,0.));
#2763=DIRECTION('ref_axis',(0.,0.,-1.));
#2764=DIRECTION('center_axis',(7.95066418170305E-15,1.,7.950664181703E-15));
#2765=DIRECTION('ref_axis',(-1.,7.95066418170305E-15,1.14814380497895E-30));
#2766=DIRECTION('center_axis',(0.,-1.,0.));
#2767=DIRECTION('ref_axis',(0.,0.,-1.));
#2768=DIRECTION('',(7.95066418170305E-15,1.,7.950664181703E-15));
#2769=DIRECTION('center_axis',(0.,-1.,0.));
#2770=DIRECTION('ref_axis',(0.,0.,-1.));
#2771=DIRECTION('center_axis',(-7.95066418170308E-15,1.,7.95066418170297E-15));
#2772=DIRECTION('ref_axis',(-1.,-7.95066418170308E-15,-1.14814380497915E-30));
#2773=DIRECTION('center_axis',(0.,-1.,0.));
#2774=DIRECTION('ref_axis',(0.,0.,-1.));
#2775=DIRECTION('',(-7.95066418170308E-15,1.,7.95066418170297E-15));
#2776=DIRECTION('center_axis',(0.,-1.,0.));
#2777=DIRECTION('ref_axis',(0.,0.,-1.));
#2778=DIRECTION('center_axis',(7.95066418170305E-15,1.,7.950664181703E-15));
#2779=DIRECTION('ref_axis',(-1.,7.95066418170305E-15,1.14814380497665E-30));
#2780=DIRECTION('center_axis',(0.,-1.,0.));
#2781=DIRECTION('ref_axis',(0.,0.,-1.));
#2782=DIRECTION('',(7.95066418170305E-15,1.,7.950664181703E-15));
#2783=DIRECTION('center_axis',(0.,-1.,0.));
#2784=DIRECTION('ref_axis',(0.,0.,-1.));
#2785=DIRECTION('center_axis',(7.95066418170305E-15,1.,7.950664181703E-15));
#2786=DIRECTION('ref_axis',(-1.,7.95066418170305E-15,1.14814380497895E-30));
#2787=DIRECTION('center_axis',(0.,-1.,0.));
#2788=DIRECTION('ref_axis',(0.,0.,-1.));
#2789=DIRECTION('',(7.95066418170305E-15,1.,7.950664181703E-15));
#2790=DIRECTION('center_axis',(0.,-1.,0.));
#2791=DIRECTION('ref_axis',(0.,0.,-1.));
#2792=DIRECTION('center_axis',(7.95066418170305E-15,1.,7.950664181703E-15));
#2793=DIRECTION('ref_axis',(-1.,7.95066418170305E-15,1.14814380497895E-30));
#2794=DIRECTION('center_axis',(0.,-1.,0.));
#2795=DIRECTION('ref_axis',(0.,0.,-1.));
#2796=DIRECTION('',(7.95066418170305E-15,1.,7.950664181703E-15));
#2797=DIRECTION('center_axis',(0.,-1.,0.));
#2798=DIRECTION('ref_axis',(0.,0.,-1.));
#2799=DIRECTION('center_axis',(7.95066418170303E-15,1.,-7.95066418170303E-15));
#2800=DIRECTION('ref_axis',(1.14814380497873E-30,7.95066418170303E-15,1.));
#2801=DIRECTION('center_axis',(0.,-1.,0.));
#2802=DIRECTION('ref_axis',(0.,0.,-1.));
#2803=DIRECTION('',(7.95066418170303E-15,1.,-7.95066418170303E-15));
#2804=DIRECTION('center_axis',(0.,-1.,0.));
#2805=DIRECTION('ref_axis',(0.,0.,-1.));
#2806=DIRECTION('center_axis',(7.95066418170303E-15,1.,-7.95066418170303E-15));
#2807=DIRECTION('ref_axis',(1.14814380497873E-30,7.95066418170303E-15,1.));
#2808=DIRECTION('center_axis',(0.,-1.,0.));
#2809=DIRECTION('ref_axis',(0.,0.,-1.));
#2810=DIRECTION('',(7.95066418170303E-15,1.,-7.95066418170303E-15));
#2811=DIRECTION('center_axis',(0.,-1.,0.));
#2812=DIRECTION('ref_axis',(0.,0.,-1.));
#2813=DIRECTION('center_axis',(7.95066418170303E-15,1.,-7.95066418170303E-15));
#2814=DIRECTION('ref_axis',(1.14814380497873E-30,7.95066418170303E-15,1.));
#2815=DIRECTION('center_axis',(0.,-1.,0.));
#2816=DIRECTION('ref_axis',(0.,0.,-1.));
#2817=DIRECTION('',(7.95066418170303E-15,1.,-7.95066418170303E-15));
#2818=DIRECTION('center_axis',(0.,-1.,0.));
#2819=DIRECTION('ref_axis',(0.,0.,-1.));
#2820=DIRECTION('center_axis',(7.95066418170303E-15,1.,-7.95066418170303E-15));
#2821=DIRECTION('ref_axis',(1.14814380497824E-30,7.95066418170303E-15,1.));
#2822=DIRECTION('center_axis',(0.,-1.,0.));
#2823=DIRECTION('ref_axis',(0.,0.,-1.));
#2824=DIRECTION('',(7.95066418170303E-15,1.,-7.95066418170303E-15));
#2825=DIRECTION('center_axis',(0.,-1.,0.));
#2826=DIRECTION('ref_axis',(0.,0.,-1.));
#2827=DIRECTION('center_axis',(7.95066418170305E-15,1.,7.950664181703E-15));
#2828=DIRECTION('ref_axis',(-1.,7.95066418170305E-15,1.14814380497895E-30));
#2829=DIRECTION('center_axis',(0.,-1.,0.));
#2830=DIRECTION('ref_axis',(0.,0.,-1.));
#2831=DIRECTION('',(7.95066418170305E-15,1.,7.950664181703E-15));
#2832=DIRECTION('center_axis',(0.,-1.,0.));
#2833=DIRECTION('ref_axis',(0.,0.,-1.));
#2834=DIRECTION('center_axis',(7.95066418170303E-15,1.,-7.95066418170303E-15));
#2835=DIRECTION('ref_axis',(1.14814380497729E-30,7.95066418170303E-15,1.));
#2836=DIRECTION('center_axis',(0.,-1.,0.));
#2837=DIRECTION('ref_axis',(0.,0.,-1.));
#2838=DIRECTION('',(7.95066418170303E-15,1.,-7.95066418170303E-15));
#2839=DIRECTION('center_axis',(0.,-1.,0.));
#2840=DIRECTION('ref_axis',(0.,0.,-1.));
#2841=DIRECTION('center_axis',(7.95066418170303E-15,1.,-7.95066418170303E-15));
#2842=DIRECTION('ref_axis',(1.14814380497824E-30,7.95066418170303E-15,1.));
#2843=DIRECTION('center_axis',(0.,-1.,0.));
#2844=DIRECTION('ref_axis',(0.,0.,-1.));
#2845=DIRECTION('',(7.95066418170303E-15,1.,-7.95066418170303E-15));
#2846=DIRECTION('center_axis',(0.,-1.,0.));
#2847=DIRECTION('ref_axis',(0.,0.,-1.));
#2848=DIRECTION('center_axis',(7.95066418170303E-15,1.,-7.95066418170303E-15));
#2849=DIRECTION('ref_axis',(1.14814380497787E-30,7.95066418170303E-15,1.));
#2850=DIRECTION('center_axis',(0.,-1.,0.));
#2851=DIRECTION('ref_axis',(0.,0.,-1.));
#2852=DIRECTION('',(7.95066418170303E-15,1.,-7.95066418170303E-15));
#2853=DIRECTION('center_axis',(0.,-1.,0.));
#2854=DIRECTION('ref_axis',(0.,0.,-1.));
#2855=DIRECTION('center_axis',(-7.95066418170308E-15,1.,7.95066418170297E-15));
#2856=DIRECTION('ref_axis',(-1.,-7.95066418170308E-15,-1.14814380497773E-30));
#2857=DIRECTION('center_axis',(0.,-1.,0.));
#2858=DIRECTION('ref_axis',(0.,0.,-1.));
#2859=DIRECTION('',(-7.95066418170308E-15,1.,7.95066418170297E-15));
#2860=DIRECTION('center_axis',(0.,-1.,0.));
#2861=DIRECTION('ref_axis',(0.,0.,-1.));
#2862=DIRECTION('center_axis',(-7.95066418170308E-15,1.,7.95066418170297E-15));
#2863=DIRECTION('ref_axis',(-1.,-7.95066418170308E-15,-1.14814380497859E-30));
#2864=DIRECTION('center_axis',(0.,-1.,0.));
#2865=DIRECTION('ref_axis',(0.,0.,-1.));
#2866=DIRECTION('',(-7.95066418170308E-15,1.,7.95066418170297E-15));
#2867=DIRECTION('center_axis',(0.,-1.,0.));
#2868=DIRECTION('ref_axis',(0.,0.,-1.));
#2869=DIRECTION('center_axis',(-7.95066418170308E-15,1.,7.95066418170297E-15));
#2870=DIRECTION('ref_axis',(-1.,-7.95066418170308E-15,-1.1481438049783E-30));
#2871=DIRECTION('center_axis',(0.,-1.,0.));
#2872=DIRECTION('ref_axis',(0.,0.,-1.));
#2873=DIRECTION('',(-7.95066418170308E-15,1.,7.95066418170297E-15));
#2874=DIRECTION('center_axis',(0.,-1.,0.));
#2875=DIRECTION('ref_axis',(0.,0.,-1.));
#2876=DIRECTION('center_axis',(-7.95066418170308E-15,1.,7.95066418170297E-15));
#2877=DIRECTION('ref_axis',(-1.,-7.95066418170308E-15,-1.14814380497859E-30));
#2878=DIRECTION('center_axis',(0.,-1.,0.));
#2879=DIRECTION('ref_axis',(0.,0.,-1.));
#2880=DIRECTION('',(-7.95066418170308E-15,1.,7.95066418170297E-15));
#2881=DIRECTION('center_axis',(0.,-1.,0.));
#2882=DIRECTION('ref_axis',(0.,0.,-1.));
#2883=DIRECTION('center_axis',(-7.95066418170308E-15,1.,7.95066418170297E-15));
#2884=DIRECTION('ref_axis',(-1.,-7.95066418170308E-15,-1.14814380497888E-30));
#2885=DIRECTION('center_axis',(0.,-1.,0.));
#2886=DIRECTION('ref_axis',(0.,0.,-1.));
#2887=DIRECTION('',(-7.95066418170308E-15,1.,7.95066418170297E-15));
#2888=DIRECTION('center_axis',(0.,-1.,0.));
#2889=DIRECTION('ref_axis',(0.,0.,-1.));
#2890=DIRECTION('center_axis',(-7.95066418170308E-15,1.,7.95066418170297E-15));
#2891=DIRECTION('ref_axis',(-1.,-7.95066418170308E-15,-1.14814380497888E-30));
#2892=DIRECTION('center_axis',(0.,-1.,0.));
#2893=DIRECTION('ref_axis',(0.,0.,-1.));
#2894=DIRECTION('',(-7.95066418170308E-15,1.,7.95066418170297E-15));
#2895=DIRECTION('center_axis',(0.,-1.,0.));
#2896=DIRECTION('ref_axis',(0.,0.,-1.));
#2897=DIRECTION('center_axis',(-7.95066418170308E-15,1.,7.95066418170297E-15));
#2898=DIRECTION('ref_axis',(-1.,-7.95066418170308E-15,-1.14814380497915E-30));
#2899=DIRECTION('center_axis',(0.,-1.,0.));
#2900=DIRECTION('ref_axis',(0.,0.,-1.));
#2901=DIRECTION('',(-7.95066418170308E-15,1.,7.95066418170297E-15));
#2902=DIRECTION('center_axis',(0.,-1.,0.));
#2903=DIRECTION('ref_axis',(0.,0.,-1.));
#2904=DIRECTION('center_axis',(7.95066418170303E-15,1.,-7.95066418170303E-15));
#2905=DIRECTION('ref_axis',(1.14814380497873E-30,7.95066418170303E-15,1.));
#2906=DIRECTION('center_axis',(0.,-1.,0.));
#2907=DIRECTION('ref_axis',(0.,0.,-1.));
#2908=DIRECTION('',(7.95066418170303E-15,1.,-7.95066418170303E-15));
#2909=DIRECTION('center_axis',(0.,-1.,0.));
#2910=DIRECTION('ref_axis',(0.,0.,-1.));
#2911=DIRECTION('center_axis',(-7.95066418170305E-15,1.,-7.950664181703E-15));
#2912=DIRECTION('ref_axis',(-1.,-7.95066418170305E-15,1.14814380497895E-30));
#2913=DIRECTION('center_axis',(0.,-1.,0.));
#2914=DIRECTION('ref_axis',(0.,0.,-1.));
#2915=DIRECTION('',(-7.95066418170305E-15,1.,-7.950664181703E-15));
#2916=DIRECTION('center_axis',(0.,-1.,0.));
#2917=DIRECTION('ref_axis',(0.,0.,-1.));
#2918=DIRECTION('center_axis',(-7.95066418170305E-15,1.,-7.950664181703E-15));
#2919=DIRECTION('ref_axis',(-1.,-7.95066418170305E-15,1.14814380497895E-30));
#2920=DIRECTION('center_axis',(0.,-1.,0.));
#2921=DIRECTION('ref_axis',(0.,0.,-1.));
#2922=DIRECTION('',(-7.95066418170305E-15,1.,-7.950664181703E-15));
#2923=DIRECTION('center_axis',(0.,-1.,0.));
#2924=DIRECTION('ref_axis',(0.,0.,-1.));
#2925=DIRECTION('center_axis',(-7.95066418170305E-15,1.,-7.950664181703E-15));
#2926=DIRECTION('ref_axis',(-1.,-7.95066418170305E-15,1.14814380497895E-30));
#2927=DIRECTION('center_axis',(0.,-1.,0.));
#2928=DIRECTION('ref_axis',(0.,0.,-1.));
#2929=DIRECTION('',(-7.95066418170305E-15,1.,-7.950664181703E-15));
#2930=DIRECTION('center_axis',(0.,-1.,0.));
#2931=DIRECTION('ref_axis',(0.,0.,-1.));
#2932=DIRECTION('center_axis',(-7.95066418170305E-15,1.,-7.950664181703E-15));
#2933=DIRECTION('ref_axis',(-1.,-7.95066418170305E-15,1.14814380497838E-30));
#2934=DIRECTION('center_axis',(0.,-1.,0.));
#2935=DIRECTION('ref_axis',(0.,0.,-1.));
#2936=DIRECTION('',(-7.95066418170305E-15,1.,-7.950664181703E-15));
#2937=DIRECTION('center_axis',(0.,-1.,0.));
#2938=DIRECTION('ref_axis',(0.,0.,-1.));
#2939=DIRECTION('center_axis',(-7.95066418170305E-15,1.,-7.950664181703E-15));
#2940=DIRECTION('ref_axis',(-1.,-7.95066418170305E-15,1.1481438049781E-30));
#2941=DIRECTION('center_axis',(0.,-1.,0.));
#2942=DIRECTION('ref_axis',(0.,0.,-1.));
#2943=DIRECTION('',(-7.95066418170305E-15,1.,-7.950664181703E-15));
#2944=DIRECTION('center_axis',(0.,-1.,0.));
#2945=DIRECTION('ref_axis',(0.,0.,-1.));
#2946=DIRECTION('center_axis',(-7.95066418170305E-15,1.,-7.950664181703E-15));
#2947=DIRECTION('ref_axis',(-1.,-7.95066418170305E-15,1.14814380497838E-30));
#2948=DIRECTION('center_axis',(0.,-1.,0.));
#2949=DIRECTION('ref_axis',(0.,0.,-1.));
#2950=DIRECTION('',(-7.95066418170305E-15,1.,-7.950664181703E-15));
#2951=DIRECTION('center_axis',(0.,-1.,0.));
#2952=DIRECTION('ref_axis',(0.,0.,-1.));
#2953=DIRECTION('center_axis',(-7.95066418170305E-15,1.,-7.950664181703E-15));
#2954=DIRECTION('ref_axis',(-1.,-7.95066418170305E-15,1.14814380497752E-30));
#2955=DIRECTION('center_axis',(0.,-1.,0.));
#2956=DIRECTION('ref_axis',(0.,0.,-1.));
#2957=DIRECTION('',(-7.95066418170305E-15,1.,-7.950664181703E-15));
#2958=DIRECTION('center_axis',(0.,-1.,0.));
#2959=DIRECTION('ref_axis',(0.,0.,-1.));
#2960=DIRECTION('center_axis',(-7.95066418170305E-15,1.,-7.950664181703E-15));
#2961=DIRECTION('ref_axis',(-1.,-7.95066418170305E-15,1.14814380497895E-30));
#2962=DIRECTION('center_axis',(0.,-1.,0.));
#2963=DIRECTION('ref_axis',(0.,0.,-1.));
#2964=DIRECTION('',(-7.95066418170305E-15,1.,-7.950664181703E-15));
#2965=DIRECTION('center_axis',(0.,-1.,0.));
#2966=DIRECTION('ref_axis',(0.,0.,-1.));
#2967=DIRECTION('center_axis',(-1.,6.98296267768627E-15,0.));
#2968=DIRECTION('ref_axis',(-6.98296267768627E-15,-1.,0.));
#2969=DIRECTION('center_axis',(1.,-6.98296267768627E-15,0.));
#2970=DIRECTION('ref_axis',(6.98296267768627E-15,1.,0.));
#2971=DIRECTION('',(-1.,6.98296267768627E-15,0.));
#2972=DIRECTION('center_axis',(1.,-6.98296267768627E-15,0.));
#2973=DIRECTION('ref_axis',(6.98296267768627E-15,1.,0.));
#2974=DIRECTION('',(1.,-6.98296267768627E-15,0.));
#2975=DIRECTION('center_axis',(-1.,6.98296267768627E-15,0.));
#2976=DIRECTION('ref_axis',(-6.98296267768627E-15,-1.,0.));
#2977=DIRECTION('center_axis',(1.,-6.98296267768627E-15,0.));
#2978=DIRECTION('ref_axis',(6.98296267768627E-15,1.,0.));
#2979=DIRECTION('',(-1.,6.98296267768627E-15,0.));
#2980=DIRECTION('center_axis',(1.,-6.98296267768627E-15,0.));
#2981=DIRECTION('ref_axis',(6.98296267768627E-15,1.,0.));
#2982=DIRECTION('',(1.,-6.98296267768627E-15,0.));
#2983=DIRECTION('center_axis',(-1.,0.,-1.70803542250024E-16));
#2984=DIRECTION('ref_axis',(-1.70803542250024E-16,0.,1.));
#2985=DIRECTION('',(1.70803542250024E-16,0.,-1.));
#2986=DIRECTION('',(0.,-1.,0.));
#2987=DIRECTION('',(1.70803542250024E-16,0.,-1.));
#2988=DIRECTION('center_axis',(1.,0.,0.));
#2989=DIRECTION('ref_axis',(0.,0.,-1.));
#2990=DIRECTION('',(0.,0.,1.));
#2991=DIRECTION('',(0.,-1.,0.));
#2992=DIRECTION('',(0.,0.,1.));
#2993=DIRECTION('center_axis',(0.,0.,-1.));
#2994=DIRECTION('ref_axis',(-1.,0.,0.));
#2995=DIRECTION('',(1.,0.,0.));
#2996=DIRECTION('',(1.,0.,0.));
#2997=DIRECTION('center_axis',(0.,-1.,0.));
#2998=DIRECTION('ref_axis',(0.,0.,-1.));
#2999=DIRECTION('',(0.,0.,1.));
#3000=DIRECTION('',(0.,0.,1.));
#3001=DIRECTION('',(3.49148133884313E-15,6.98296267768627E-15,-1.));
#3002=DIRECTION('',(-1.,0.,-3.49148133884313E-15));
#3003=DIRECTION('',(-3.49148133884313E-15,-6.98296267768627E-15,1.));
#3004=DIRECTION('',(-1.,0.,-3.49148133884313E-15));
#3005=DIRECTION('',(1.,6.98296267768627E-15,0.));
#3006=DIRECTION('',(0.,0.,-1.));
#3007=DIRECTION('',(-1.,-6.98296267768627E-15,0.));
#3008=DIRECTION('',(0.,0.,-1.));
#3009=DIRECTION('',(-1.04744440165294E-14,6.98296267768627E-15,1.));
#3010=DIRECTION('',(1.,0.,1.04744440165294E-14));
#3011=DIRECTION('',(1.04744440165294E-14,-6.98296267768627E-15,-1.));
#3012=DIRECTION('',(1.,0.,1.04744440165294E-14));
#3013=DIRECTION('',(0.,0.,1.));
#3014=DIRECTION('',(0.,0.,1.));
#3015=DIRECTION('',(0.70710678118655,1.12439371156384E-14,0.707106781186545));
#3016=DIRECTION('',(0.707106781186545,0.,-0.70710678118655));
#3017=DIRECTION('',(-0.70710678118655,-1.12439371156384E-14,-0.707106781186545));
#3018=DIRECTION('',(0.707106781186545,0.,-0.70710678118655));
#3019=DIRECTION('',(0.707106781186548,1.12439371156384E-14,-0.707106781186547));
#3020=DIRECTION('',(-0.707106781186547,0.,-0.707106781186548));
#3021=DIRECTION('',(-0.707106781186548,-1.12439371156384E-14,0.707106781186547));
#3022=DIRECTION('',(-0.707106781186547,0.,-0.707106781186548));
#3023=DIRECTION('',(-0.707106781186555,1.12439371156384E-14,-0.70710678118654));
#3024=DIRECTION('',(-0.70710678118654,0.,0.707106781186555));
#3025=DIRECTION('',(0.707106781186555,-1.12439371156384E-14,0.70710678118654));
#3026=DIRECTION('',(-0.70710678118654,0.,0.707106781186555));
#3027=DIRECTION('',(-0.707106781186548,1.12439371156384E-14,0.707106781186547));
#3028=DIRECTION('',(0.707106781186547,0.,0.707106781186548));
#3029=DIRECTION('',(0.707106781186548,-1.12439371156384E-14,-0.707106781186547));
#3030=DIRECTION('',(0.707106781186547,0.,0.707106781186548));
#3031=DIRECTION('center_axis',(0.,-1.,0.));
#3032=DIRECTION('ref_axis',(0.,0.,-1.));
#3033=DIRECTION('center_axis',(-0.707106781186548,1.12439371156384E-14,
0.707106781186547));
#3034=DIRECTION('ref_axis',(0.707106781186547,3.78653234506086E-29,0.707106781186548));
#3035=DIRECTION('center_axis',(0.707106781186548,-1.12439371156384E-14,
-0.707106781186547));
#3036=DIRECTION('ref_axis',(-0.707106781186547,-3.78653234506086E-29,-0.707106781186548));
#3037=DIRECTION('center_axis',(0.707106781186548,-1.12439371156384E-14,
-0.707106781186547));
#3038=DIRECTION('ref_axis',(-0.707106781186547,-3.78653234506086E-29,-0.707106781186548));
#3039=DIRECTION('center_axis',(0.707106781186548,-1.12439371156384E-14,
-0.707106781186547));
#3040=DIRECTION('ref_axis',(-0.707106781186547,0.,-0.707106781186548));
#3041=DIRECTION('center_axis',(0.707106781186548,-1.12439371156384E-14,
-0.707106781186547));
#3042=DIRECTION('ref_axis',(-0.707106781186547,0.,-0.707106781186548));
#3043=DIRECTION('center_axis',(-0.707106781186555,1.12439371156384E-14,
-0.70710678118654));
#3044=DIRECTION('ref_axis',(-0.70710678118654,3.15544362088405E-29,0.707106781186555));
#3045=DIRECTION('center_axis',(0.707106781186555,-1.12439371156384E-14,
0.70710678118654));
#3046=DIRECTION('ref_axis',(0.70710678118654,-2.91878534931774E-29,-0.707106781186555));
#3047=DIRECTION('center_axis',(0.707106781186555,-1.12439371156384E-14,
0.70710678118654));
#3048=DIRECTION('ref_axis',(0.70710678118654,-2.91878534931774E-29,-0.707106781186555));
#3049=DIRECTION('center_axis',(0.707106781186555,-1.12439371156384E-14,
0.70710678118654));
#3050=DIRECTION('ref_axis',(0.70710678118654,0.,-0.707106781186555));
#3051=DIRECTION('center_axis',(0.707106781186555,-1.12439371156384E-14,
0.70710678118654));
#3052=DIRECTION('ref_axis',(0.70710678118654,0.,-0.707106781186555));
#3053=DIRECTION('center_axis',(0.707106781186548,1.12439371156384E-14,-0.707106781186547));
#3054=DIRECTION('ref_axis',(-0.707106781186547,-3.54987407349455E-29,-0.707106781186548));
#3055=DIRECTION('center_axis',(-0.707106781186548,-1.12439371156384E-14,
0.707106781186547));
#3056=DIRECTION('ref_axis',(0.707106781186547,3.54987407349455E-29,0.707106781186548));
#3057=DIRECTION('center_axis',(-0.707106781186548,-1.12439371156384E-14,
0.707106781186547));
#3058=DIRECTION('ref_axis',(0.707106781186547,3.54987407349455E-29,0.707106781186548));
#3059=DIRECTION('center_axis',(-0.707106781186548,-1.12439371156384E-14,
0.707106781186547));
#3060=DIRECTION('ref_axis',(0.707106781186547,0.,0.707106781186548));
#3061=DIRECTION('center_axis',(-0.707106781186548,-1.12439371156384E-14,
0.707106781186547));
#3062=DIRECTION('ref_axis',(0.707106781186547,0.,0.707106781186548));
#3063=DIRECTION('center_axis',(0.70710678118655,1.12439371156384E-14,0.707106781186545));
#3064=DIRECTION('ref_axis',(0.707106781186545,7.88860905221012E-31,-0.70710678118655));
#3065=DIRECTION('center_axis',(-0.70710678118655,-1.12439371156384E-14,
-0.707106781186545));
#3066=DIRECTION('ref_axis',(-0.707106781186545,-7.88860905221012E-31,0.70710678118655));
#3067=DIRECTION('center_axis',(-0.70710678118655,-1.12439371156384E-14,
-0.707106781186545));
#3068=DIRECTION('ref_axis',(-0.707106781186545,2.36658271566304E-30,0.70710678118655));
#3069=DIRECTION('center_axis',(-0.70710678118655,-1.12439371156384E-14,
-0.707106781186545));
#3070=DIRECTION('ref_axis',(-0.707106781186545,-7.88860905221012E-31,0.70710678118655));
#3071=DIRECTION('center_axis',(-0.70710678118655,-1.12439371156384E-14,
-0.707106781186545));
#3072=DIRECTION('ref_axis',(-0.707106781186545,-7.88860905221012E-31,0.70710678118655));
#3073=DIRECTION('center_axis',(1.,-6.98296267768627E-15,0.));
#3074=DIRECTION('ref_axis',(6.98296267768627E-15,1.,0.));
#3075=DIRECTION('center_axis',(1.,-6.98296267768627E-15,0.));
#3076=DIRECTION('ref_axis',(6.98296267768627E-15,1.,0.));
#3077=DIRECTION('center_axis',(-1.04744440165294E-14,6.98296267768627E-15,
1.));
#3078=DIRECTION('ref_axis',(1.,8.5372687630605E-30,1.04744440165294E-14));
#3079=DIRECTION('center_axis',(1.04744440165294E-14,-6.98296267768627E-15,
-1.));
#3080=DIRECTION('ref_axis',(-2.37654226738788E-29,1.,-6.98296267768627E-15));
#3081=DIRECTION('center_axis',(1.04744440165294E-14,-6.98296267768627E-15,
-1.));
#3082=DIRECTION('ref_axis',(4.6159590382566E-31,1.,-6.98296267768627E-15));
#3083=DIRECTION('center_axis',(1.04744440165294E-14,-6.98296267768627E-15,
-1.));
#3084=DIRECTION('ref_axis',(7.3142651636939E-29,1.,-6.98296267768627E-15));
#3085=DIRECTION('center_axis',(1.04744440165294E-14,-6.98296267768627E-15,
-1.));
#3086=DIRECTION('ref_axis',(7.3142651636939E-29,1.,-6.98296267768627E-15));
#3087=DIRECTION('center_axis',(1.,6.98296267768627E-15,0.));
#3088=DIRECTION('ref_axis',(6.98296267768627E-15,-1.,-1.22464679914735E-16));
#3089=DIRECTION('center_axis',(-1.,-6.98296267768627E-15,0.));
#3090=DIRECTION('ref_axis',(-6.98296267768627E-15,1.,0.));
#3091=DIRECTION('center_axis',(-1.,-6.98296267768627E-15,0.));
#3092=DIRECTION('ref_axis',(-6.98296267768627E-15,1.,0.));
#3093=DIRECTION('center_axis',(-1.,-6.98296267768627E-15,0.));
#3094=DIRECTION('ref_axis',(-6.98296267768627E-15,1.,0.));
#3095=DIRECTION('center_axis',(-1.,-6.98296267768627E-15,0.));
#3096=DIRECTION('ref_axis',(-6.98296267768627E-15,1.,0.));
#3097=DIRECTION('center_axis',(3.49148133884313E-15,6.98296267768627E-15,
-1.));
#3098=DIRECTION('ref_axis',(-1.22464679914743E-16,-1.,-6.98296267768627E-15));
#3099=DIRECTION('center_axis',(-3.49148133884313E-15,-6.98296267768627E-15,
1.));
#3100=DIRECTION('ref_axis',(7.92180755795961E-30,1.,6.98296267768627E-15));
#3101=DIRECTION('center_axis',(-3.49148133884313E-15,-6.98296267768627E-15,
1.));
#3102=DIRECTION('ref_axis',(-2.43808838789797E-29,1.,6.98296267768627E-15));
#3103=DIRECTION('center_axis',(-3.49148133884313E-15,-6.98296267768627E-15,
1.));
#3104=DIRECTION('ref_axis',(-2.43808838789797E-29,1.,6.98296267768627E-15));
#3105=DIRECTION('center_axis',(-3.49148133884313E-15,-6.98296267768627E-15,
1.));
#3106=DIRECTION('ref_axis',(-2.43808838789797E-29,1.,6.98296267768627E-15));
#3107=DIRECTION('center_axis',(1.,-6.98296267768627E-15,0.));
#3108=DIRECTION('ref_axis',(6.98296267768627E-15,1.,0.));
#3109=DIRECTION('center_axis',(1.,-6.98296267768627E-15,0.));
#3110=DIRECTION('ref_axis',(6.98296267768627E-15,1.,0.));
#3111=DIRECTION('',(-2.88581342866983E-30,8.71108740696513E-14,1.));
#3112=DIRECTION('',(1.,-4.85722573268842E-17,7.11698521995074E-30));
#3113=DIRECTION('',(6.37883168470129E-15,7.95336019265839E-14,1.));
#3114=DIRECTION('',(-1.,2.25514051876602E-16,6.37883168470127E-15));
#3115=CARTESIAN_POINT('',(0.,0.,0.));
#3116=CARTESIAN_POINT('',(0.,0.,0.));
#3117=CARTESIAN_POINT('Origin',(1892.78289210473,-35.5382042726763,-1011.77968451715));
#3118=CARTESIAN_POINT('',(1872.52436080342,-35.5382042726763,-1011.77968451715));
#3119=CARTESIAN_POINT('Origin',(1892.78289210473,-35.5382042726763,-1011.77968451715));
#3120=CARTESIAN_POINT('',(1872.52436080342,-30.5382042726763,-1011.77968451715));
#3121=CARTESIAN_POINT('',(1872.52436080342,-35.5382042726763,-1011.77968451715));
#3122=CARTESIAN_POINT('Origin',(1892.78289210473,-30.5382042726763,-1011.77968451715));
#3123=CARTESIAN_POINT('Origin',(1892.78289210473,-30.5382042726763,-1011.77968451715));
#3124=CARTESIAN_POINT('Origin',(1896.60998317619,-5.53820427267623,-1011.29093652698));
#3125=CARTESIAN_POINT('',(1296.60988492279,-5.53820427265958,-865.294006913317));
#3126=CARTESIAN_POINT('',(2496.60988492279,-5.53820427265957,-865.294006913317));
#3127=CARTESIAN_POINT('',(1696.60988492279,-5.53820427265958,-865.294006913317));
#3128=CARTESIAN_POINT('',(2496.60988492279,-5.53820427266893,-947.294006913317));
#3129=CARTESIAN_POINT('',(2496.60988492279,-5.53820427264144,-706.294006913317));
#3130=CARTESIAN_POINT('',(1296.60988492279,-5.53820427266893,-947.294006913317));
#3131=CARTESIAN_POINT('',(2496.60988492279,-5.53820427266893,-947.294006913317));
#3132=CARTESIAN_POINT('',(1296.60988492279,-5.53820427267099,-965.294006913317));
#3133=CARTESIAN_POINT('',(1296.60988492279,-5.53820427264144,-706.287866140638));
#3134=CARTESIAN_POINT('',(2496.60988492279,-5.53820427267098,-965.294006913317));
#3135=CARTESIAN_POINT('',(1696.60988492279,-5.53820427267098,-965.294006913317));
#3136=CARTESIAN_POINT('',(2496.60988492279,-5.53820427268033,-1047.29400691332));
#3137=CARTESIAN_POINT('',(2496.60988492279,-5.53820427264144,-706.294006913317));
#3138=CARTESIAN_POINT('',(1296.60988492279,-5.53820427268034,-1047.29400691332));
#3139=CARTESIAN_POINT('',(2496.60988492279,-5.53820427268033,-1047.29400691332));
#3140=CARTESIAN_POINT('',(1296.60988492279,-5.53820427268239,-1065.29400691332));
#3141=CARTESIAN_POINT('',(1296.60988492279,-5.53820427264144,-706.287866140638));
#3142=CARTESIAN_POINT('',(2496.60988492279,-5.53820427268239,-1065.29400691332));
#3143=CARTESIAN_POINT('',(1696.60988492279,-5.53820427268239,-1065.29400691332));
#3144=CARTESIAN_POINT('',(2496.60988492279,-5.53820427269174,-1147.29400691332));
#3145=CARTESIAN_POINT('',(2496.60988492279,-5.53820427264144,-706.294006913317));
#3146=CARTESIAN_POINT('',(1296.60988492279,-5.53820427269175,-1147.29400691332));
#3147=CARTESIAN_POINT('',(2496.60988492279,-5.53820427269174,-1147.29400691332));
#3148=CARTESIAN_POINT('',(1296.60988492279,-5.5382042726938,-1165.29400691332));
#3149=CARTESIAN_POINT('',(1296.60988492279,-5.53820427264144,-706.287866140638));
#3150=CARTESIAN_POINT('',(2496.60988492279,-5.53820427269379,-1165.29400691332));
#3151=CARTESIAN_POINT('',(1696.60988492279,-5.5382042726938,-1165.29400691332));
#3152=CARTESIAN_POINT('',(2496.60988492279,-5.53820427270315,-1247.29400691332));
#3153=CARTESIAN_POINT('',(2496.60988492279,-5.53820427264144,-706.294006913317));
#3154=CARTESIAN_POINT('',(1296.60988492279,-5.53820427270315,-1247.29400691332));
#3155=CARTESIAN_POINT('',(1296.60988492279,-5.53820427270315,-1247.29400691332));
#3156=CARTESIAN_POINT('',(1296.60988492279,-5.5382042727052,-1265.29400691332));
#3157=CARTESIAN_POINT('',(1296.60988492279,-5.53820427264144,-706.287866140638));
#3158=CARTESIAN_POINT('',(2496.60988492279,-5.5382042727052,-1265.29400691332));
#3159=CARTESIAN_POINT('',(2496.60988492279,-5.5382042727052,-1265.29400691332));
#3160=CARTESIAN_POINT('',(2496.60988492279,-5.53820427271102,-1316.29400691332));
#3161=CARTESIAN_POINT('',(2496.60988492279,-5.53820427264144,-706.294006913317));
#3162=CARTESIAN_POINT('',(2496.6100814296,-5.53820427271102,-1316.29400691332));
#3163=CARTESIAN_POINT('',(1296.60988492279,-5.53820427271102,-1316.29400691332));
#3164=CARTESIAN_POINT('',(2496.6100814296,-5.53820427264144,-706.287866140638));
#3165=CARTESIAN_POINT('',(2496.6100814296,-5.53820427271102,-1316.29400691332));
#3166=CARTESIAN_POINT('',(1296.60988492279,-5.53820427264144,-706.287866140638));
#3167=CARTESIAN_POINT('',(2496.6100814296,-5.53820427264144,-706.287866140638));
#3168=CARTESIAN_POINT('',(1296.60988492279,-5.53820427264144,-706.294006913317));
#3169=CARTESIAN_POINT('',(1296.60988492279,-5.53820427264144,-706.287866140638));
#3170=CARTESIAN_POINT('',(2496.60988492279,-5.53820427264144,-706.294006913317));
#3171=CARTESIAN_POINT('',(1296.60988492279,-5.53820427264144,-706.294006913317));
#3172=CARTESIAN_POINT('',(2496.60988492279,-5.53820427264611,-747.294006913317));
#3173=CARTESIAN_POINT('',(2496.60988492279,-5.53820427264144,-706.294006913317));
#3174=CARTESIAN_POINT('',(1296.60988492279,-5.53820427264612,-747.294006913317));
#3175=CARTESIAN_POINT('',(1296.60988492279,-5.53820427264612,-747.294006913317));
#3176=CARTESIAN_POINT('',(1296.60988492279,-5.53820427264817,-765.294006913317));
#3177=CARTESIAN_POINT('',(1296.60988492279,-5.53820427264144,-706.287866140638));
#3178=CARTESIAN_POINT('',(2496.60988492279,-5.53820427264817,-765.294006913317));
#3179=CARTESIAN_POINT('',(1696.60988492279,-5.53820427264817,-765.294006913317));
#3180=CARTESIAN_POINT('',(2496.60988492279,-5.53820427265752,-847.294006913317));
#3181=CARTESIAN_POINT('',(2496.60988492279,-5.53820427264817,-765.294006913317));
#3182=CARTESIAN_POINT('',(1296.60988492279,-5.53820427265752,-847.294006913317));
#3183=CARTESIAN_POINT('',(2496.60988492279,-5.53820427265752,-847.294006913317));
#3184=CARTESIAN_POINT('',(1296.60988492279,-5.53820427264144,-706.287866140638));
#3185=CARTESIAN_POINT('Origin',(2496.6100814296,-5.53820427264144,-706.287866140638));
#3186=CARTESIAN_POINT('',(2496.6100814296,4.46179572728898,-1316.29400691332));
#3187=CARTESIAN_POINT('',(2496.6100814296,-5.53820427271102,-1316.29400691332));
#3188=CARTESIAN_POINT('',(2496.6100814296,4.46179572735856,-706.287866140639));
#3189=CARTESIAN_POINT('',(2496.6100814296,4.46179572728898,-1316.29400691332));
#3190=CARTESIAN_POINT('',(2496.6100814296,-5.53820427264144,-706.287866140638));
#3191=CARTESIAN_POINT('Origin',(1296.60988492279,-5.53820427264144,-706.287866140638));
#3192=CARTESIAN_POINT('',(1296.60988492279,4.46179572735856,-706.287866140639));
#3193=CARTESIAN_POINT('',(2496.6100814296,4.46179572735856,-706.287866140639));
#3194=CARTESIAN_POINT('',(1296.60988492279,-5.53820427264144,-706.287866140638));
#3195=CARTESIAN_POINT('Origin',(1896.60998317619,4.46179572732393,-1011.29093652698));
#3196=CARTESIAN_POINT('',(1296.60988492279,4.46179572728898,-1316.29400691332));
#3197=CARTESIAN_POINT('',(1296.60988492279,4.46179572728898,-1316.29400691332));
#3198=CARTESIAN_POINT('',(1296.60988492279,4.46179572735856,-706.287866140639));
#3199=CARTESIAN_POINT('Origin',(1296.60988492279,-5.53820427271102,-1316.29400691332));
#3200=CARTESIAN_POINT('',(2496.60988492279,-35.538204272711,-1316.29400691331));
#3201=CARTESIAN_POINT('',(2496.60988492279,-5.53820427271102,-1316.29400691332));
#3202=CARTESIAN_POINT('',(1296.60988492279,-35.538204272711,-1316.29400691331));
#3203=CARTESIAN_POINT('',(2496.60988492279,-35.538204272711,-1316.29400691331));
#3204=CARTESIAN_POINT('',(1296.60988492279,-5.53820427271102,-1316.29400691332));
#3205=CARTESIAN_POINT('Origin',(2496.60988492279,-5.5382042727052,-1265.29400691332));
#3206=CARTESIAN_POINT('',(1296.60988492279,-35.5382042727052,-1265.29400691331));
#3207=CARTESIAN_POINT('',(1296.60988492279,-5.5382042727052,-1265.29400691332));
#3208=CARTESIAN_POINT('',(2496.60988492279,-35.5382042727052,-1265.29400691331));
#3209=CARTESIAN_POINT('',(2496.60988492279,-35.5382042727052,-1265.29400691331));
#3210=CARTESIAN_POINT('',(2496.60988492279,-5.5382042727052,-1265.29400691332));
#3211=CARTESIAN_POINT('Origin',(2496.60988492279,-5.53820427271102,-1316.29400691332));
#3212=CARTESIAN_POINT('',(2496.60988492279,-35.5382042726414,-706.294006913314));
#3213=CARTESIAN_POINT('Origin',(1896.60988492279,-35.5382042727081,-1290.79400691331));
#3214=CARTESIAN_POINT('',(1296.60988492279,-35.538204272711,-1316.29400691331));
#3215=CARTESIAN_POINT('Origin',(2496.60988492279,-5.53820427265752,-847.294006913317));
#3216=CARTESIAN_POINT('',(2496.60988492279,-35.5382042726482,-765.294006913314));
#3217=CARTESIAN_POINT('',(2496.60988492279,-5.53820427264817,-765.294006913317));
#3218=CARTESIAN_POINT('',(2496.60988492279,-35.5382042726575,-847.294006913314));
#3219=CARTESIAN_POINT('',(2496.60988492279,-35.5382042726482,-765.294006913314));
#3220=CARTESIAN_POINT('',(2496.60988492279,-5.53820427265752,-847.294006913317));
#3221=CARTESIAN_POINT('Origin',(1296.60988492279,-5.53820427265753,-847.294006913317));
#3222=CARTESIAN_POINT('',(1296.60988492279,-35.5382042726575,-847.294006913314));
#3223=CARTESIAN_POINT('',(2496.60988492279,-35.5382042726575,-847.294006913314));
#3224=CARTESIAN_POINT('',(1296.60988492279,-5.53820427265752,-847.294006913317));
#3225=CARTESIAN_POINT('Origin',(2496.60988492279,-5.53820427264817,-765.294006913317));
#3226=CARTESIAN_POINT('',(1296.60988492279,-35.5382042726482,-765.294006913314));
#3227=CARTESIAN_POINT('',(1296.60988492279,-5.53820427264817,-765.294006913317));
#3228=CARTESIAN_POINT('',(1696.60988492279,-35.5382042726482,-765.294006913314));
#3229=CARTESIAN_POINT('Origin',(1896.60988492279,-35.5382042726528,-806.294006913314));
#3230=CARTESIAN_POINT('',(1296.60988492279,-35.5382042726575,-847.294006913314));
#3231=CARTESIAN_POINT('Origin',(2496.60988492279,-5.53820427268033,-1047.29400691332));
#3232=CARTESIAN_POINT('',(2496.60988492279,-35.538204272671,-965.294006913314));
#3233=CARTESIAN_POINT('',(2496.60988492279,-5.53820427267098,-965.294006913317));
#3234=CARTESIAN_POINT('',(2496.60988492279,-35.5382042726803,-1047.29400691331));
#3235=CARTESIAN_POINT('',(2496.60988492279,-35.5382042726414,-706.294006913314));
#3236=CARTESIAN_POINT('',(2496.60988492279,-5.53820427268033,-1047.29400691332));
#3237=CARTESIAN_POINT('Origin',(1296.60988492279,-5.53820427268034,-1047.29400691332));
#3238=CARTESIAN_POINT('',(1296.60988492279,-35.5382042726803,-1047.29400691331));
#3239=CARTESIAN_POINT('',(2496.60988492279,-35.5382042726803,-1047.29400691331));
#3240=CARTESIAN_POINT('',(1296.60988492279,-5.53820427268034,-1047.29400691332));
#3241=CARTESIAN_POINT('Origin',(2496.60988492279,-5.53820427267098,-965.294006913317));
#3242=CARTESIAN_POINT('',(1296.60988492279,-35.538204272671,-965.294006913314));
#3243=CARTESIAN_POINT('',(1296.60988492279,-5.53820427267099,-965.294006913317));
#3244=CARTESIAN_POINT('',(1696.60988492279,-35.538204272671,-965.294006913314));
#3245=CARTESIAN_POINT('Origin',(1896.60988492279,-35.5382042726756,-1006.29400691331));
#3246=CARTESIAN_POINT('',(1296.60988492279,-35.538204272711,-1316.29400691331));
#3247=CARTESIAN_POINT('Origin',(2496.60988492279,-5.53820427269174,-1147.29400691332));
#3248=CARTESIAN_POINT('',(2496.60988492279,-35.5382042726824,-1065.29400691331));
#3249=CARTESIAN_POINT('',(2496.60988492279,-5.53820427268239,-1065.29400691332));
#3250=CARTESIAN_POINT('',(2496.60988492279,-35.5382042726917,-1147.29400691331));
#3251=CARTESIAN_POINT('',(2496.60988492279,-35.5382042726414,-706.294006913314));
#3252=CARTESIAN_POINT('',(2496.60988492279,-5.53820427269174,-1147.29400691332));
#3253=CARTESIAN_POINT('Origin',(1296.60988492279,-5.53820427269175,-1147.29400691332));
#3254=CARTESIAN_POINT('',(1296.60988492279,-35.5382042726917,-1147.29400691331));
#3255=CARTESIAN_POINT('',(2496.60988492279,-35.5382042726917,-1147.29400691331));
#3256=CARTESIAN_POINT('',(1296.60988492279,-5.53820427269175,-1147.29400691332));
#3257=CARTESIAN_POINT('Origin',(2496.60988492279,-5.53820427268239,-1065.29400691332));
#3258=CARTESIAN_POINT('',(1296.60988492279,-35.5382042726824,-1065.29400691331));
#3259=CARTESIAN_POINT('',(1296.60988492279,-5.53820427268239,-1065.29400691332));
#3260=CARTESIAN_POINT('',(1696.60988492279,-35.5382042726824,-1065.29400691331));
#3261=CARTESIAN_POINT('Origin',(1896.60988492279,-35.538204272687,-1106.29400691331));
#3262=CARTESIAN_POINT('',(1296.60988492279,-35.538204272711,-1316.29400691331));
#3263=CARTESIAN_POINT('Origin',(2496.60988492279,-5.53820427264144,-706.294006913317));
#3264=CARTESIAN_POINT('',(1296.60988492279,-35.5382042726414,-706.294006913314));
#3265=CARTESIAN_POINT('',(1296.60988492279,-5.53820427264144,-706.294006913317));
#3266=CARTESIAN_POINT('',(2496.60988492279,-35.5382042726414,-706.294006913314));
#3267=CARTESIAN_POINT('',(1296.60988492279,-35.5382042726414,-706.294006913314));
#3268=CARTESIAN_POINT('',(2496.60988492279,-5.53820427264144,-706.294006913317));
#3269=CARTESIAN_POINT('Origin',(2496.60988492279,-5.53820427264611,-747.294006913317));
#3270=CARTESIAN_POINT('',(2496.60988492279,-35.5382042726461,-747.294006913314));
#3271=CARTESIAN_POINT('',(2496.60988492279,-35.5382042726414,-706.294006913314));
#3272=CARTESIAN_POINT('',(2496.60988492279,-5.53820427264611,-747.294006913317));
#3273=CARTESIAN_POINT('Origin',(1296.60988492279,-5.53820427264612,-747.294006913317));
#3274=CARTESIAN_POINT('',(1296.60988492279,-35.5382042726461,-747.294006913314));
#3275=CARTESIAN_POINT('',(1296.60988492279,-35.5382042726461,-747.294006913314));
#3276=CARTESIAN_POINT('',(1296.60988492279,-5.53820427264612,-747.294006913317));
#3277=CARTESIAN_POINT('Origin',(1896.60988492279,-35.5382042726438,-726.794006913314));
#3278=CARTESIAN_POINT('',(1296.60988492279,-35.5382042726461,-747.294006913314));
#3279=CARTESIAN_POINT('Origin',(2496.60988492279,-5.53820427269379,-1165.29400691332));
#3280=CARTESIAN_POINT('',(1296.60988492279,-35.5382042726938,-1165.29400691331));
#3281=CARTESIAN_POINT('',(1296.60988492279,-5.5382042726938,-1165.29400691332));
#3282=CARTESIAN_POINT('',(2496.60988492279,-35.5382042726938,-1165.29400691331));
#3283=CARTESIAN_POINT('',(1696.60988492279,-35.5382042726938,-1165.29400691331));
#3284=CARTESIAN_POINT('',(2496.60988492279,-5.53820427269379,-1165.29400691332));
#3285=CARTESIAN_POINT('Origin',(2496.60988492279,-5.53820427270315,-1247.29400691332));
#3286=CARTESIAN_POINT('',(2496.60988492279,-35.5382042727031,-1247.29400691331));
#3287=CARTESIAN_POINT('',(2496.60988492279,-35.5382042726414,-706.294006913314));
#3288=CARTESIAN_POINT('',(2496.60988492279,-5.53820427270315,-1247.29400691332));
#3289=CARTESIAN_POINT('Origin',(1296.60988492279,-5.53820427270315,-1247.29400691332));
#3290=CARTESIAN_POINT('',(1296.60988492279,-35.5382042727031,-1247.29400691331));
#3291=CARTESIAN_POINT('',(1296.60988492279,-35.5382042727031,-1247.29400691331));
#3292=CARTESIAN_POINT('',(1296.60988492279,-5.53820427270315,-1247.29400691332));
#3293=CARTESIAN_POINT('Origin',(1896.60988492279,-35.5382042726985,-1206.29400691331));
#3294=CARTESIAN_POINT('',(1296.60988492279,-35.538204272711,-1316.29400691331));
#3295=CARTESIAN_POINT('Origin',(2496.60988492279,-5.53820427266893,-947.294006913317));
#3296=CARTESIAN_POINT('',(2496.60988492279,-35.5382042726596,-865.294006913314));
#3297=CARTESIAN_POINT('',(2496.60988492279,-5.53820427265957,-865.294006913317));
#3298=CARTESIAN_POINT('',(2496.60988492279,-35.5382042726689,-947.294006913314));
#3299=CARTESIAN_POINT('',(2496.60988492279,-35.5382042726414,-706.294006913314));
#3300=CARTESIAN_POINT('',(2496.60988492279,-5.53820427266893,-947.294006913317));
#3301=CARTESIAN_POINT('Origin',(1296.60988492279,-5.53820427266893,-947.294006913317));
#3302=CARTESIAN_POINT('',(1296.60988492279,-35.5382042726689,-947.294006913314));
#3303=CARTESIAN_POINT('',(2496.60988492279,-35.5382042726689,-947.294006913314));
#3304=CARTESIAN_POINT('',(1296.60988492279,-5.53820427266893,-947.294006913317));
#3305=CARTESIAN_POINT('Origin',(1296.60988492279,-5.53820427265958,-865.294006913317));
#3306=CARTESIAN_POINT('',(1296.60988492279,-35.5382042726596,-865.294006913314));
#3307=CARTESIAN_POINT('',(1296.60988492279,-35.538204272711,-1316.29400691331));
#3308=CARTESIAN_POINT('',(1296.60988492279,-5.53820427265958,-865.294006913317));
#3309=CARTESIAN_POINT('Origin',(2496.60988492279,-5.53820427265958,-865.294006913317));
#3310=CARTESIAN_POINT('',(1696.60988492279,-35.5382042726596,-865.294006913314));
#3311=CARTESIAN_POINT('Origin',(1896.60988492279,-35.5382042726642,-906.294006913314));
#3312=CARTESIAN_POINT('',(0.,0.,0.));
#3313=CARTESIAN_POINT('Origin',(-1.11022302462516E-13,14.5,0.));
#3314=CARTESIAN_POINT('',(-1.11022302462516E-13,14.5,0.));
#3315=CARTESIAN_POINT('',(-650.,14.5000000000002,2.1316282072803E-13));
#3316=CARTESIAN_POINT('',(-300.,14.5000000000002,-3.5527136788005E-14));
#3317=CARTESIAN_POINT('',(-650.,-0.5,-7.63278329429795E-14));
#3318=CARTESIAN_POINT('',(-650.,14.5,-7.63278329429795E-14));
#3319=CARTESIAN_POINT('',(-1.11022302462516E-13,-0.5,0.));
#3320=CARTESIAN_POINT('',(-1.11022302462516E-13,-0.5,0.));
#3321=CARTESIAN_POINT('',(-1.11022302462516E-13,14.5,0.));
#3322=CARTESIAN_POINT('Origin',(-19.9999999999998,-0.999999999999939,-325.));
#3323=CARTESIAN_POINT('',(-19.9999999999998,-0.5,-327.500000000047));
#3324=CARTESIAN_POINT('Origin',(-19.9999999999998,-0.5,-325.));
#3325=CARTESIAN_POINT('',(-19.9999999999998,14.5,-327.500000000047));
#3326=CARTESIAN_POINT('',(-19.9999999999998,-0.999999999999923,-327.500000000046));
#3327=CARTESIAN_POINT('Origin',(-19.9999999999998,14.5,-325.));
#3328=CARTESIAN_POINT('Origin',(-324.999999999999,-0.999999999999939,-19.9999999999998));
#3329=CARTESIAN_POINT('',(-322.499999999952,-0.5,-19.9999999999998));
#3330=CARTESIAN_POINT('Origin',(-324.999999999999,-0.5,-19.9999999999998));
#3331=CARTESIAN_POINT('',(-322.499999999952,14.5,-19.9999999999998));
#3332=CARTESIAN_POINT('',(-322.499999999953,-0.999999999999923,-19.9999999999998));
#3333=CARTESIAN_POINT('Origin',(-324.999999999999,14.5,-19.9999999999998));
#3334=CARTESIAN_POINT('Origin',(-630.,-0.999999999999939,-325.000000000002));
#3335=CARTESIAN_POINT('',(-630.,-0.500000000000033,-327.500000000048));
#3336=CARTESIAN_POINT('Origin',(-630.,-0.5,-325.000000000002));
#3337=CARTESIAN_POINT('',(-630.,14.5,-327.500000000048));
#3338=CARTESIAN_POINT('',(-630.,-0.999999999999955,-327.500000000048));
#3339=CARTESIAN_POINT('Origin',(-630.,14.5,-325.000000000002));
#3340=CARTESIAN_POINT('Origin',(-325.000000000001,-0.999999999999939,-630.));
#3341=CARTESIAN_POINT('',(-322.499999999955,-0.500000000000033,-630.));
#3342=CARTESIAN_POINT('Origin',(-325.000000000001,-0.5,-630.));
#3343=CARTESIAN_POINT('',(-322.499999999955,14.5,-630.));
#3344=CARTESIAN_POINT('',(-322.499999999955,-0.999999999999955,-630.));
#3345=CARTESIAN_POINT('Origin',(-325.000000000001,14.5,-630.));
#3346=CARTESIAN_POINT('Origin',(-617.071067811873,-30.9999999999883,-617.071067811869));
#3347=CARTESIAN_POINT('',(-613.671067811872,-0.500000000000127,-617.071067811869));
#3348=CARTESIAN_POINT('Origin',(-617.071067811872,-0.5,-617.071067811869));
#3349=CARTESIAN_POINT('',(-613.671067811872,14.5,-617.071067811869));
#3350=CARTESIAN_POINT('',(-613.671067811873,-30.9999999999884,-617.071067811869));
#3351=CARTESIAN_POINT('Origin',(-617.071067811872,14.5,-617.071067811869));
#3352=CARTESIAN_POINT('Origin',(-32.9289321881319,-30.9999999999883,-617.071067811874));
#3353=CARTESIAN_POINT('',(-32.9289321881322,-0.500000000000012,-620.471067811873));
#3354=CARTESIAN_POINT('Origin',(-32.9289321881322,-0.5,-617.071067811873));
#3355=CARTESIAN_POINT('',(-32.9289321881324,14.5000000000001,-620.471067811873));
#3356=CARTESIAN_POINT('',(-32.9289321881319,-30.9999999999882,-620.471067811874));
#3357=CARTESIAN_POINT('Origin',(-32.9289321881324,14.5,-617.071067811873));
#3358=CARTESIAN_POINT('Origin',(-32.9289321881293,-30.9999999999883,-32.9289321881289));
#3359=CARTESIAN_POINT('',(-29.5289321881298,-0.50000000000002,-32.9289321881292));
#3360=CARTESIAN_POINT('Origin',(-32.9289321881299,-0.5,-32.9289321881292));
#3361=CARTESIAN_POINT('',(-29.5289321881301,14.5000000000001,-32.9289321881294));
#3362=CARTESIAN_POINT('',(-29.5289321881293,-30.9999999999882,-32.9289321881289));
#3363=CARTESIAN_POINT('Origin',(-32.9289321881301,14.5,-32.9289321881294));
#3364=CARTESIAN_POINT('Origin',(-617.071067811868,-30.9999999999883,-32.9289321881263));
#3365=CARTESIAN_POINT('',(-617.071067811868,-0.500000000000136,-36.3289321881269));
#3366=CARTESIAN_POINT('Origin',(-617.071067811868,-0.5,-32.9289321881269));
#3367=CARTESIAN_POINT('',(-617.071067811868,14.5,-36.3289321881271));
#3368=CARTESIAN_POINT('',(-617.071067811868,-30.9999999999884,-36.3289321881263));
#3369=CARTESIAN_POINT('Origin',(-617.071067811868,14.5,-32.9289321881271));
#3370=CARTESIAN_POINT('Origin',(-295.000000000002,-5.5000000000001,-309.999999999997));
#3371=CARTESIAN_POINT('',(-295.000000000002,-0.500000000000073,-312.999999999997));
#3372=CARTESIAN_POINT('Origin',(-295.000000000002,-0.5,-309.999999999997));
#3373=CARTESIAN_POINT('',(-295.000000000002,14.5,-312.999999999997));
#3374=CARTESIAN_POINT('',(-295.000000000002,-5.50000000000013,-312.999999999997));
#3375=CARTESIAN_POINT('Origin',(-295.000000000002,14.5,-309.999999999997));
#3376=CARTESIAN_POINT('Origin',(-355.000000000002,-5.49999999999969,-309.999999999997));
#3377=CARTESIAN_POINT('',(-355.000000000002,-0.500000000000074,-312.999999999997));
#3378=CARTESIAN_POINT('Origin',(-355.000000000002,-0.5,-309.999999999997));
#3379=CARTESIAN_POINT('',(-355.000000000002,14.5,-312.999999999997));
#3380=CARTESIAN_POINT('',(-355.000000000002,-5.49999999999972,-312.999999999997));
#3381=CARTESIAN_POINT('Origin',(-355.000000000002,14.5,-309.999999999997));
#3382=CARTESIAN_POINT('Origin',(-355.000000000002,-5.5,-339.999999999997));
#3383=CARTESIAN_POINT('',(-355.000000000002,-0.500000000000074,-342.999999999997));
#3384=CARTESIAN_POINT('Origin',(-355.000000000002,-0.5,-339.999999999997));
#3385=CARTESIAN_POINT('',(-355.000000000002,14.5,-342.999999999997));
#3386=CARTESIAN_POINT('',(-355.000000000002,-5.50000000000003,-342.999999999997));
#3387=CARTESIAN_POINT('Origin',(-355.000000000002,14.5,-339.999999999997));
#3388=CARTESIAN_POINT('Origin',(-295.000000000002,-5.50000000000041,-339.999999999997));
#3389=CARTESIAN_POINT('',(-295.000000000002,-0.500000000000074,-342.999999999997));
#3390=CARTESIAN_POINT('Origin',(-295.000000000002,-0.5,-339.999999999997));
#3391=CARTESIAN_POINT('',(-295.000000000002,14.5,-342.999999999997));
#3392=CARTESIAN_POINT('',(-295.000000000002,-5.50000000000044,-342.999999999997));
#3393=CARTESIAN_POINT('Origin',(-295.000000000002,14.5,-339.999999999997));
#3394=CARTESIAN_POINT('Origin',(-309.999999999998,-5.49999999999848,-521.274169979695));
#3395=CARTESIAN_POINT('',(-306.999999999998,-0.50000000000006,-521.274169979695));
#3396=CARTESIAN_POINT('Origin',(-309.999999999998,-0.5,-521.274169979695));
#3397=CARTESIAN_POINT('',(-306.999999999998,14.5,-521.274169979695));
#3398=CARTESIAN_POINT('',(-306.999999999998,-5.4999999999985,-521.274169979695));
#3399=CARTESIAN_POINT('Origin',(-309.999999999998,14.5,-521.274169979695));
#3400=CARTESIAN_POINT('Origin',(-309.999999999998,-5.499999999998,-581.274169979695));
#3401=CARTESIAN_POINT('',(-306.999999999998,-0.50000000000006,-581.274169979695));
#3402=CARTESIAN_POINT('Origin',(-309.999999999997,-0.5,-581.274169979695));
#3403=CARTESIAN_POINT('',(-306.999999999997,14.5,-581.274169979695));
#3404=CARTESIAN_POINT('',(-306.999999999998,-5.49999999999802,-581.274169979695));
#3405=CARTESIAN_POINT('Origin',(-309.999999999997,14.5,-581.274169979695));
#3406=CARTESIAN_POINT('Origin',(-339.999999999997,-5.49999999999776,-581.274169979696));
#3407=CARTESIAN_POINT('',(-336.999999999997,-0.50000000000006,-581.274169979696));
#3408=CARTESIAN_POINT('Origin',(-339.999999999997,-0.5,-581.274169979696));
#3409=CARTESIAN_POINT('',(-336.999999999997,14.5,-581.274169979695));
#3410=CARTESIAN_POINT('',(-336.999999999997,-5.49999999999778,-581.274169979696));
#3411=CARTESIAN_POINT('Origin',(-339.999999999997,14.5,-581.274169979695));
#3412=CARTESIAN_POINT('Origin',(-540.6675682619,-5.49999999999665,-519.454364826303));
#3413=CARTESIAN_POINT('',(-537.6675682619,-0.50000000000006,-519.454364826303));
#3414=CARTESIAN_POINT('Origin',(-540.6675682619,-0.5,-519.454364826303));
#3415=CARTESIAN_POINT('',(-537.6675682619,14.5,-519.454364826303));
#3416=CARTESIAN_POINT('',(-537.6675682619,-5.49999999999667,-519.454364826303));
#3417=CARTESIAN_POINT('Origin',(-540.6675682619,14.5,-519.454364826303));
#3418=CARTESIAN_POINT('Origin',(-128.725830020304,-5.49999999999824,-339.999999999996));
#3419=CARTESIAN_POINT('',(-125.725830020304,-0.500000000000014,-339.999999999996));
#3420=CARTESIAN_POINT('Origin',(-128.725830020304,-0.5,-339.999999999996));
#3421=CARTESIAN_POINT('',(-125.725830020305,14.5000000000001,-339.999999999996));
#3422=CARTESIAN_POINT('',(-125.725830020304,-5.49999999999822,-339.999999999996));
#3423=CARTESIAN_POINT('Origin',(-128.725830020305,14.5,-339.999999999996));
#3424=CARTESIAN_POINT('Origin',(-561.880771697497,-5.49999999999598,-583.093975133092));
#3425=CARTESIAN_POINT('',(-558.880771697497,-0.50000000000006,-583.093975133092));
#3426=CARTESIAN_POINT('Origin',(-561.880771697497,-0.5,-583.093975133092));
#3427=CARTESIAN_POINT('',(-558.880771697497,14.5,-583.093975133092));
#3428=CARTESIAN_POINT('',(-558.880771697497,-5.499999999996,-583.093975133092));
#3429=CARTESIAN_POINT('Origin',(-561.880771697497,14.5,-583.093975133092));
#3430=CARTESIAN_POINT('Origin',(-519.454364826304,-5.49999999999665,-540.667568261899));
#3431=CARTESIAN_POINT('',(-516.454364826304,-0.50000000000006,-540.667568261899));
#3432=CARTESIAN_POINT('Origin',(-519.454364826304,-0.5,-540.667568261899));
#3433=CARTESIAN_POINT('',(-516.454364826304,14.5,-540.667568261899));
#3434=CARTESIAN_POINT('',(-516.454364826304,-5.49999999999667,-540.667568261899));
#3435=CARTESIAN_POINT('Origin',(-519.454364826304,14.5,-540.667568261899));
#3436=CARTESIAN_POINT('Origin',(-583.093975133093,-5.49999999999598,-561.880771697495));
#3437=CARTESIAN_POINT('',(-580.093975133093,-0.50000000000006,-561.880771697495));
#3438=CARTESIAN_POINT('Origin',(-583.093975133093,-0.5,-561.880771697495));
#3439=CARTESIAN_POINT('',(-580.093975133093,14.5,-561.880771697495));
#3440=CARTESIAN_POINT('',(-580.093975133093,-5.499999999996,-561.880771697495));
#3441=CARTESIAN_POINT('Origin',(-583.093975133093,14.5,-561.880771697495));
#3442=CARTESIAN_POINT('Origin',(-521.274169979695,-5.49999999999848,-340.000000000003));
#3443=CARTESIAN_POINT('',(-521.274169979695,-0.50000000000006,-343.000000000003));
#3444=CARTESIAN_POINT('Origin',(-521.274169979695,-0.5,-340.000000000003));
#3445=CARTESIAN_POINT('',(-521.274169979695,14.5,-343.000000000003));
#3446=CARTESIAN_POINT('',(-521.274169979695,-5.4999999999985,-343.000000000003));
#3447=CARTESIAN_POINT('Origin',(-521.274169979695,14.5,-340.000000000003));
#3448=CARTESIAN_POINT('Origin',(-581.274169979695,-5.499999999998,-340.000000000003));
#3449=CARTESIAN_POINT('',(-581.274169979695,-0.50000000000006,-343.000000000003));
#3450=CARTESIAN_POINT('Origin',(-581.274169979695,-0.5,-340.000000000003));
#3451=CARTESIAN_POINT('',(-581.274169979695,14.5,-343.000000000004));
#3452=CARTESIAN_POINT('',(-581.274169979695,-5.49999999999802,-343.000000000003));
#3453=CARTESIAN_POINT('Origin',(-581.274169979695,14.5,-340.000000000004));
#3454=CARTESIAN_POINT('Origin',(-581.274169979696,-5.49999999999776,-310.000000000003));
#3455=CARTESIAN_POINT('',(-581.274169979696,-0.50000000000006,-313.000000000004));
#3456=CARTESIAN_POINT('Origin',(-581.274169979696,-0.5,-310.000000000003));
#3457=CARTESIAN_POINT('',(-581.274169979695,14.5,-313.000000000004));
#3458=CARTESIAN_POINT('',(-581.274169979696,-5.49999999999778,-313.000000000003));
#3459=CARTESIAN_POINT('Origin',(-581.274169979695,14.5,-310.000000000004));
#3460=CARTESIAN_POINT('Origin',(-519.454364826303,-5.49999999999665,-109.3324317381));
#3461=CARTESIAN_POINT('',(-519.454364826303,-0.50000000000006,-112.3324317381));
#3462=CARTESIAN_POINT('Origin',(-519.454364826303,-0.5,-109.3324317381));
#3463=CARTESIAN_POINT('',(-519.454364826303,14.5,-112.332431738101));
#3464=CARTESIAN_POINT('',(-519.454364826303,-5.49999999999667,-112.3324317381));
#3465=CARTESIAN_POINT('Origin',(-519.454364826303,14.5,-109.332431738101));
#3466=CARTESIAN_POINT('Origin',(-339.999999999998,-5.49999999999824,-521.274169979696));
#3467=CARTESIAN_POINT('',(-336.999999999998,-0.50000000000006,-521.274169979696));
#3468=CARTESIAN_POINT('Origin',(-339.999999999998,-0.5,-521.274169979696));
#3469=CARTESIAN_POINT('',(-336.999999999998,14.5,-521.274169979695));
#3470=CARTESIAN_POINT('',(-336.999999999998,-5.49999999999826,-521.274169979696));
#3471=CARTESIAN_POINT('Origin',(-339.999999999998,14.5,-521.274169979695));
#3472=CARTESIAN_POINT('Origin',(-583.093975133093,-5.49999999999598,-88.119228302504));
#3473=CARTESIAN_POINT('',(-583.093975133093,-0.50000000000006,-91.1192283025039));
#3474=CARTESIAN_POINT('Origin',(-583.093975133093,-0.5,-88.119228302504));
#3475=CARTESIAN_POINT('',(-583.093975133093,14.5,-91.1192283025041));
#3476=CARTESIAN_POINT('',(-583.093975133093,-5.499999999996,-91.1192283025039));
#3477=CARTESIAN_POINT('Origin',(-583.093975133093,14.5,-88.1192283025041));
#3478=CARTESIAN_POINT('Origin',(-540.6675682619,-5.49999999999665,-130.545635173697));
#3479=CARTESIAN_POINT('',(-540.6675682619,-0.50000000000006,-133.545635173697));
#3480=CARTESIAN_POINT('Origin',(-540.6675682619,-0.5,-130.545635173697));
#3481=CARTESIAN_POINT('',(-540.6675682619,14.5,-133.545635173697));
#3482=CARTESIAN_POINT('',(-540.6675682619,-5.49999999999667,-133.545635173697));
#3483=CARTESIAN_POINT('Origin',(-540.6675682619,14.5,-130.545635173697));
#3484=CARTESIAN_POINT('Origin',(-561.880771697496,-5.49999999999598,-66.9060248669076));
#3485=CARTESIAN_POINT('',(-561.880771697496,-0.50000000000006,-69.9060248669076));
#3486=CARTESIAN_POINT('Origin',(-561.880771697496,-0.5,-66.9060248669076));
#3487=CARTESIAN_POINT('',(-561.880771697496,14.5,-69.9060248669077));
#3488=CARTESIAN_POINT('',(-561.880771697496,-5.499999999996,-69.9060248669076));
#3489=CARTESIAN_POINT('Origin',(-561.880771697496,14.5,-66.9060248669077));
#3490=CARTESIAN_POINT('Origin',(-66.9060248669058,-5.49999999999598,-561.880771697495));
#3491=CARTESIAN_POINT('',(-63.9060248669059,-0.500000000000014,-561.880771697494));
#3492=CARTESIAN_POINT('Origin',(-66.9060248669058,-0.5,-561.880771697495));
#3493=CARTESIAN_POINT('',(-63.906024866906,14.5000000000001,-561.880771697494));
#3494=CARTESIAN_POINT('',(-63.9060248669059,-5.49999999999596,-561.880771697495));
#3495=CARTESIAN_POINT('Origin',(-66.9060248669059,14.5,-561.880771697494));
#3496=CARTESIAN_POINT('Origin',(-109.332431738099,-5.49999999999665,-519.454364826302));
#3497=CARTESIAN_POINT('',(-106.332431738099,-0.500000000000014,-519.454364826302));
#3498=CARTESIAN_POINT('Origin',(-109.332431738099,-0.5,-519.454364826302));
#3499=CARTESIAN_POINT('',(-106.332431738099,14.5000000000001,-519.454364826302));
#3500=CARTESIAN_POINT('',(-106.332431738099,-5.49999999999663,-519.454364826302));
#3501=CARTESIAN_POINT('Origin',(-109.332431738099,14.5,-519.454364826302));
#3502=CARTESIAN_POINT('Origin',(-88.119228302502,-5.49999999999598,-583.093975133091));
#3503=CARTESIAN_POINT('',(-85.1192283025021,-0.500000000000014,-583.093975133091));
#3504=CARTESIAN_POINT('Origin',(-88.1192283025021,-0.5,-583.093975133091));
#3505=CARTESIAN_POINT('',(-85.1192283025023,14.5000000000001,-583.093975133091));
#3506=CARTESIAN_POINT('',(-85.1192283025021,-5.49999999999596,-583.093975133091));
#3507=CARTESIAN_POINT('Origin',(-88.1192283025022,14.5,-583.093975133091));
#3508=CARTESIAN_POINT('Origin',(-130.545635173695,-5.49999999999665,-540.667568261898));
#3509=CARTESIAN_POINT('',(-127.545635173695,-0.500000000000014,-540.667568261898));
#3510=CARTESIAN_POINT('Origin',(-130.545635173695,-0.5,-540.667568261898));
#3511=CARTESIAN_POINT('',(-127.545635173695,14.5000000000001,-540.667568261898));
#3512=CARTESIAN_POINT('',(-127.545635173695,-5.49999999999663,-540.667568261898));
#3513=CARTESIAN_POINT('Origin',(-130.545635173695,14.5,-540.667568261898));
#3514=CARTESIAN_POINT('Origin',(-68.7258300203044,-5.49999999999776,-339.999999999995));
#3515=CARTESIAN_POINT('',(-65.7258300203044,-0.500000000000013,-339.999999999995));
#3516=CARTESIAN_POINT('Origin',(-68.7258300203044,-0.5,-339.999999999995));
#3517=CARTESIAN_POINT('',(-65.7258300203046,14.5000000000001,-339.999999999995));
#3518=CARTESIAN_POINT('',(-65.7258300203044,-5.49999999999774,-339.999999999995));
#3519=CARTESIAN_POINT('Origin',(-68.7258300203046,14.5,-339.999999999995));
#3520=CARTESIAN_POINT('Origin',(-68.7258300203048,-5.499999999998,-309.999999999995));
#3521=CARTESIAN_POINT('',(-65.7258300203049,-0.500000000000013,-309.999999999995));
#3522=CARTESIAN_POINT('Origin',(-68.7258300203049,-0.5,-309.999999999995));
#3523=CARTESIAN_POINT('',(-65.725830020305,14.5000000000001,-309.999999999995));
#3524=CARTESIAN_POINT('',(-65.7258300203048,-5.49999999999798,-309.999999999995));
#3525=CARTESIAN_POINT('Origin',(-68.725830020305,14.5,-309.999999999995));
#3526=CARTESIAN_POINT('Origin',(-128.725830020305,-5.49999999999848,-309.999999999996));
#3527=CARTESIAN_POINT('',(-125.725830020305,-0.500000000000014,-309.999999999996));
#3528=CARTESIAN_POINT('Origin',(-128.725830020305,-0.5,-309.999999999996));
#3529=CARTESIAN_POINT('',(-125.725830020305,14.5000000000001,-309.999999999996));
#3530=CARTESIAN_POINT('',(-125.725830020305,-5.49999999999846,-309.999999999996));
#3531=CARTESIAN_POINT('Origin',(-128.725830020305,14.5,-309.999999999996));
#3532=CARTESIAN_POINT('Origin',(-521.274169979696,-5.49999999999824,-310.000000000003));
#3533=CARTESIAN_POINT('',(-521.274169979696,-0.50000000000006,-313.000000000003));
#3534=CARTESIAN_POINT('Origin',(-521.274169979696,-0.5,-310.000000000003));
#3535=CARTESIAN_POINT('',(-521.274169979695,14.5,-313.000000000003));
#3536=CARTESIAN_POINT('',(-521.274169979696,-5.49999999999826,-313.000000000003));
#3537=CARTESIAN_POINT('Origin',(-521.274169979695,14.5,-310.000000000003));
#3538=CARTESIAN_POINT('Origin',(-340.000000000002,-5.49999999999848,-128.725830020305));
#3539=CARTESIAN_POINT('',(-337.000000000002,-0.500000000000014,-128.725830020305));
#3540=CARTESIAN_POINT('Origin',(-340.000000000002,-0.5,-128.725830020305));
#3541=CARTESIAN_POINT('',(-337.000000000002,14.5000000000001,-128.725830020305));
#3542=CARTESIAN_POINT('',(-337.000000000002,-5.49999999999846,-128.725830020305));
#3543=CARTESIAN_POINT('Origin',(-340.000000000002,14.5,-128.725830020305));
#3544=CARTESIAN_POINT('Origin',(-340.000000000003,-5.499999999998,-68.7258300203047));
#3545=CARTESIAN_POINT('',(-337.000000000003,-0.500000000000014,-68.7258300203047));
#3546=CARTESIAN_POINT('Origin',(-340.000000000003,-0.5,-68.7258300203047));
#3547=CARTESIAN_POINT('',(-337.000000000003,14.5000000000001,-68.7258300203049));
#3548=CARTESIAN_POINT('',(-337.000000000003,-5.49999999999798,-68.7258300203047));
#3549=CARTESIAN_POINT('Origin',(-340.000000000003,14.5,-68.7258300203049));
#3550=CARTESIAN_POINT('Origin',(-310.000000000003,-5.49999999999776,-68.7258300203046));
#3551=CARTESIAN_POINT('',(-307.000000000003,-0.500000000000014,-68.7258300203046));
#3552=CARTESIAN_POINT('Origin',(-310.000000000003,-0.5,-68.7258300203046));
#3553=CARTESIAN_POINT('',(-307.000000000003,14.5000000000001,-68.7258300203048));
#3554=CARTESIAN_POINT('',(-307.000000000003,-5.49999999999774,-68.7258300203046));
#3555=CARTESIAN_POINT('Origin',(-310.000000000003,14.5,-68.7258300203047));
#3556=CARTESIAN_POINT('Origin',(-109.3324317381,-5.49999999999665,-130.545635173698));
#3557=CARTESIAN_POINT('',(-106.3324317381,-0.500000000000014,-130.545635173698));
#3558=CARTESIAN_POINT('Origin',(-109.3324317381,-0.5,-130.545635173698));
#3559=CARTESIAN_POINT('',(-106.3324317381,14.5000000000001,-130.545635173698));
#3560=CARTESIAN_POINT('',(-106.3324317381,-5.49999999999663,-130.545635173698));
#3561=CARTESIAN_POINT('Origin',(-109.3324317381,14.5,-130.545635173698));
#3562=CARTESIAN_POINT('Origin',(-66.9060248669067,-5.49999999999598,-88.1192283025048));
#3563=CARTESIAN_POINT('',(-63.9060248669068,-0.500000000000014,-88.1192283025048));
#3564=CARTESIAN_POINT('Origin',(-66.9060248669068,-0.5,-88.1192283025048));
#3565=CARTESIAN_POINT('',(-63.9060248669069,14.5000000000001,-88.119228302505));
#3566=CARTESIAN_POINT('',(-63.9060248669067,-5.49999999999596,-88.1192283025048));
#3567=CARTESIAN_POINT('Origin',(-66.9060248669069,14.5,-88.1192283025049));
#3568=CARTESIAN_POINT('Origin',(-130.545635173696,-5.49999999999665,-109.332431738101));
#3569=CARTESIAN_POINT('',(-127.545635173696,-0.500000000000014,-109.332431738101));
#3570=CARTESIAN_POINT('Origin',(-130.545635173696,-0.5,-109.332431738101));
#3571=CARTESIAN_POINT('',(-127.545635173696,14.5000000000001,-109.332431738101));
#3572=CARTESIAN_POINT('',(-127.545635173696,-5.49999999999663,-109.332431738101));
#3573=CARTESIAN_POINT('Origin',(-130.545635173696,14.5,-109.332431738101));
#3574=CARTESIAN_POINT('Origin',(-88.119228302503,-5.49999999999598,-66.9060248669083));
#3575=CARTESIAN_POINT('',(-85.1192283025031,-0.500000000000014,-66.9060248669083));
#3576=CARTESIAN_POINT('Origin',(-88.1192283025031,-0.5,-66.9060248669083));
#3577=CARTESIAN_POINT('',(-85.1192283025033,14.5000000000001,-66.9060248669084));
#3578=CARTESIAN_POINT('',(-85.1192283025031,-5.49999999999596,-66.9060248669083));
#3579=CARTESIAN_POINT('Origin',(-88.1192283025032,14.5,-66.9060248669084));
#3580=CARTESIAN_POINT('Origin',(-310.000000000002,-5.49999999999824,-128.725830020305));
#3581=CARTESIAN_POINT('',(-307.000000000002,-0.500000000000014,-128.725830020305));
#3582=CARTESIAN_POINT('Origin',(-310.000000000002,-0.5,-128.725830020305));
#3583=CARTESIAN_POINT('',(-307.000000000002,14.5000000000001,-128.725830020305));
#3584=CARTESIAN_POINT('',(-307.000000000002,-5.49999999999822,-128.725830020305));
#3585=CARTESIAN_POINT('Origin',(-310.000000000002,14.5,-128.725830020305));
#3586=CARTESIAN_POINT('Origin',(-265.000000000002,14.5000000000018,-325.));
#3587=CARTESIAN_POINT('',(-265.000000000002,14.5,-319.));
#3588=CARTESIAN_POINT('',(-265.000000000002,14.5,-331.));
#3589=CARTESIAN_POINT('Origin',(-265.000000000002,14.5000000000018,-325.));
#3590=CARTESIAN_POINT('',(-385.000000000002,14.5,-331.));
#3591=CARTESIAN_POINT('',(-265.000000000002,14.5,-331.));
#3592=CARTESIAN_POINT('',(-385.000000000002,14.5,-319.));
#3593=CARTESIAN_POINT('Origin',(-385.000000000002,14.5000000000026,-325.));
#3594=CARTESIAN_POINT('',(-265.000000000002,14.5,-319.));
#3595=CARTESIAN_POINT('Origin',(-491.274169979697,14.5000000000055,-324.999999999999));
#3596=CARTESIAN_POINT('',(-491.274169979697,14.5,-318.999999999999));
#3597=CARTESIAN_POINT('',(-491.274169979697,14.5,-330.999999999999));
#3598=CARTESIAN_POINT('Origin',(-491.274169979697,14.5000000000055,-324.999999999999));
#3599=CARTESIAN_POINT('',(-611.274169979697,14.5,-330.999999999999));
#3600=CARTESIAN_POINT('',(-491.274169979697,14.5,-330.999999999999));
#3601=CARTESIAN_POINT('',(-611.274169979697,14.5,-318.999999999999));
#3602=CARTESIAN_POINT('Origin',(-611.274169979697,14.5000000000063,-324.999999999999));
#3603=CARTESIAN_POINT('',(-491.274169979697,14.5,-318.999999999999));
#3604=CARTESIAN_POINT('Origin',(-650.,14.5,-7.63278329429795E-14));
#3605=CARTESIAN_POINT('',(-650.,14.5,-650.));
#3606=CARTESIAN_POINT('',(-650.,14.5,-7.63278329429795E-14));
#3607=CARTESIAN_POINT('',(-650.,-0.5,-650.));
#3608=CARTESIAN_POINT('',(-650.,14.5,-650.));
#3609=CARTESIAN_POINT('',(-650.,-0.5,-7.63278329429795E-14));
#3610=CARTESIAN_POINT('Origin',(-1.11022302462516E-13,14.5,-650.));
#3611=CARTESIAN_POINT('',(-1.11022302462516E-13,-0.5,-650.));
#3612=CARTESIAN_POINT('',(-1.11022302462516E-13,-0.5,-650.));
#3613=CARTESIAN_POINT('',(-1.11022302462516E-13,14.5,-650.));
#3614=CARTESIAN_POINT('',(-1.11022302462516E-13,14.5,-650.));
#3615=CARTESIAN_POINT('',(-1.11022302462516E-13,14.5,-650.));
#3616=CARTESIAN_POINT('Origin',(-650.,14.5,-650.));
#3617=CARTESIAN_POINT('',(-650.,-0.5,-650.));
#3618=CARTESIAN_POINT('',(-650.,14.5,-650.));
#3619=CARTESIAN_POINT('Origin',(0.,14.5,0.));
#3620=CARTESIAN_POINT('',(-265.000000000002,14.5,0.));
#3621=CARTESIAN_POINT('',(-385.000000000002,14.5,0.));
#3622=CARTESIAN_POINT('',(-319.000000000001,14.5,-491.274169979698));
#3623=CARTESIAN_POINT('',(-319.,14.5,-611.274169979697));
#3624=CARTESIAN_POINT('',(-319.000000000001,14.5,-491.274169979698));
#3625=CARTESIAN_POINT('',(-331.000000000001,14.5,-491.274169979698));
#3626=CARTESIAN_POINT('',(1.71527459673976E-12,14.5,-491.274169979696));
#3627=CARTESIAN_POINT('',(-331.,14.5,-611.274169979697));
#3628=CARTESIAN_POINT('',(-331.000000000001,14.5,-491.274169979698));
#3629=CARTESIAN_POINT('',(2.13425235740094E-12,14.5,-611.274169979696));
#3630=CARTESIAN_POINT('',(-158.725830020303,14.5,-319.000000000001));
#3631=CARTESIAN_POINT('',(-38.7258300203027,14.5,-319.000000000001));
#3632=CARTESIAN_POINT('',(-158.725830020303,14.5,-319.000000000001));
#3633=CARTESIAN_POINT('',(-158.725830020303,14.5,-331.000000000001));
#3634=CARTESIAN_POINT('',(-158.725830020303,14.5,0.));
#3635=CARTESIAN_POINT('',(-38.7258300203027,14.5,-331.000000000001));
#3636=CARTESIAN_POINT('',(-158.725830020303,14.5,-331.000000000001));
#3637=CARTESIAN_POINT('',(-38.7258300203027,14.5,0.));
#3638=CARTESIAN_POINT('',(-331.,14.5,-158.725830020303));
#3639=CARTESIAN_POINT('',(-331.000000000002,14.5,-38.7258300203028));
#3640=CARTESIAN_POINT('',(-331.,14.5,-158.725830020303));
#3641=CARTESIAN_POINT('',(-319.,14.5,-158.725830020303));
#3642=CARTESIAN_POINT('',(1.66256482052479E-12,14.5,-158.725830020299));
#3643=CARTESIAN_POINT('',(-319.000000000002,14.5,-38.7258300203027));
#3644=CARTESIAN_POINT('',(-319.,14.5,-158.725830020303));
#3645=CARTESIAN_POINT('',(4.05631538541259E-13,14.5,-38.7258300202994));
#3646=CARTESIAN_POINT('',(-491.274169979697,14.5,0.));
#3647=CARTESIAN_POINT('',(-611.274169979697,14.5,0.));
#3648=CARTESIAN_POINT('',(-145.394877578614,14.5,-136.909596204377));
#3649=CARTESIAN_POINT('',(-60.5420638362278,14.5,-52.0567824619912));
#3650=CARTESIAN_POINT('',(-145.394877578614,14.5,-136.909596204377));
#3651=CARTESIAN_POINT('',(-136.909596204375,14.5,-145.394877578615));
#3652=CARTESIAN_POINT('',(-141.152236891496,14.5,-141.152236891495));
#3653=CARTESIAN_POINT('',(-52.0567824619893,14.5,-60.5420638362298));
#3654=CARTESIAN_POINT('',(-136.909596204375,14.5,-145.394877578615));
#3655=CARTESIAN_POINT('',(-56.2994231491097,14.5,-56.2994231491093));
#3656=CARTESIAN_POINT('',(-136.909596204376,14.5,-504.605122421386));
#3657=CARTESIAN_POINT('',(-52.0567824619902,14.5,-589.457936163771));
#3658=CARTESIAN_POINT('',(-136.909596204376,14.5,-504.605122421386));
#3659=CARTESIAN_POINT('',(-145.394877578614,14.5,-513.090403795624));
#3660=CARTESIAN_POINT('',(183.847763108505,14.5,-183.847763108505));
#3661=CARTESIAN_POINT('',(-60.5420638362288,14.5,-597.94321753801));
#3662=CARTESIAN_POINT('',(-145.394877578614,14.5,-513.090403795624));
#3663=CARTESIAN_POINT('',(268.700576850891,14.5,-268.700576850891));
#3664=CARTESIAN_POINT('',(-504.605122421388,14.5,-513.090403795622));
#3665=CARTESIAN_POINT('',(-589.457936163774,14.5,-597.943217538007));
#3666=CARTESIAN_POINT('',(-504.605122421388,14.5,-513.090403795622));
#3667=CARTESIAN_POINT('',(-513.090403795626,14.5,-504.605122421384));
#3668=CARTESIAN_POINT('',(-508.84776310851,14.5,-508.8477631085));
#3669=CARTESIAN_POINT('',(-597.943217538013,14.5,-589.457936163768));
#3670=CARTESIAN_POINT('',(-513.090403795626,14.5,-504.605122421384));
#3671=CARTESIAN_POINT('',(-593.700576850897,14.5,-593.700576850884));
#3672=CARTESIAN_POINT('',(-513.090403795624,14.5,-145.394877578615));
#3673=CARTESIAN_POINT('',(-597.94321753801,14.5,-60.5420638362288));
#3674=CARTESIAN_POINT('',(-513.090403795624,14.5,-145.394877578615));
#3675=CARTESIAN_POINT('',(-504.605122421386,14.5,-136.909596204376));
#3676=CARTESIAN_POINT('',(-183.847763108505,14.5,183.847763108505));
#3677=CARTESIAN_POINT('',(-589.457936163771,14.5,-52.0567824619903));
#3678=CARTESIAN_POINT('',(-504.605122421386,14.5,-136.909596204376));
#3679=CARTESIAN_POINT('',(-268.700576850891,14.5,268.700576850891));
#3680=CARTESIAN_POINT('Origin',(0.,-0.5,0.));
#3681=CARTESIAN_POINT('Origin',(-508.847763108505,14.4999999999996,-141.152236891495));
#3682=CARTESIAN_POINT('Origin',(-508.847763108505,14.4999999999996,-141.152236891495));
#3683=CARTESIAN_POINT('Origin',(-593.70057685089,14.5000000000009,-56.2994231491096));
#3684=CARTESIAN_POINT('Origin',(-508.847763108505,14.4999999999996,-141.152236891495));
#3685=CARTESIAN_POINT('Origin',(-593.70057685089,14.5000000000009,-56.2994231491096));
#3686=CARTESIAN_POINT('Origin',(-508.847763108507,14.4999999999996,-508.847763108503));
#3687=CARTESIAN_POINT('Origin',(-508.847763108507,14.4999999999996,-508.847763108503));
#3688=CARTESIAN_POINT('Origin',(-593.700576850893,14.5000000000009,-593.700576850888));
#3689=CARTESIAN_POINT('Origin',(-508.847763108507,14.4999999999996,-508.847763108503));
#3690=CARTESIAN_POINT('Origin',(-593.700576850893,14.5000000000009,-593.700576850888));
#3691=CARTESIAN_POINT('Origin',(-141.152236891495,14.4999999999996,-508.847763108505));
#3692=CARTESIAN_POINT('Origin',(-141.152236891495,14.4999999999996,-508.847763108505));
#3693=CARTESIAN_POINT('Origin',(-56.2994231491095,14.5000000000009,-593.70057685089));
#3694=CARTESIAN_POINT('Origin',(-141.152236891495,14.4999999999996,-508.847763108505));
#3695=CARTESIAN_POINT('Origin',(-56.2994231491095,14.5000000000009,-593.70057685089));
#3696=CARTESIAN_POINT('Origin',(-141.152236891495,14.4999999999996,-141.152236891496));
#3697=CARTESIAN_POINT('Origin',(-141.152236891495,14.4999999999996,-141.152236891496));
#3698=CARTESIAN_POINT('Origin',(-56.2994231491086,14.5000000000009,-56.2994231491105));
#3699=CARTESIAN_POINT('Origin',(-141.152236891495,14.4999999999996,-141.152236891496));
#3700=CARTESIAN_POINT('Origin',(-56.2994231491086,14.5000000000009,-56.2994231491105));
#3701=CARTESIAN_POINT('Origin',(-491.274169979697,14.5000000000055,-324.999999999999));
#3702=CARTESIAN_POINT('Origin',(-611.274169979697,14.5000000000063,-324.999999999999));
#3703=CARTESIAN_POINT('Origin',(-325.000000000001,14.5000000000055,-158.725830020303));
#3704=CARTESIAN_POINT('Origin',(-325.000000000001,14.5000000000055,-158.725830020303));
#3705=CARTESIAN_POINT('Origin',(-325.000000000002,14.5000000000063,-38.7258300203028));
#3706=CARTESIAN_POINT('Origin',(-325.000000000001,14.5000000000055,-158.725830020303));
#3707=CARTESIAN_POINT('Origin',(-325.000000000002,14.5000000000063,-38.7258300203028));
#3708=CARTESIAN_POINT('Origin',(-158.725830020303,14.5000000000055,-325.000000000001));
#3709=CARTESIAN_POINT('Origin',(-158.725830020303,14.5000000000055,-325.000000000001));
#3710=CARTESIAN_POINT('Origin',(-38.7258300203027,14.5000000000063,-325.000000000001));
#3711=CARTESIAN_POINT('Origin',(-158.725830020303,14.5000000000055,-325.000000000001));
#3712=CARTESIAN_POINT('Origin',(-38.7258300203027,14.5000000000063,-325.000000000001));
#3713=CARTESIAN_POINT('Origin',(-325.000000000001,14.5000000000055,-491.274169979698));
#3714=CARTESIAN_POINT('Origin',(-325.000000000001,14.5000000000055,-491.274169979698));
#3715=CARTESIAN_POINT('Origin',(-325.,14.5000000000063,-611.274169979697));
#3716=CARTESIAN_POINT('Origin',(-325.000000000001,14.5000000000055,-491.274169979698));
#3717=CARTESIAN_POINT('Origin',(-325.,14.5000000000063,-611.274169979697));
#3718=CARTESIAN_POINT('Origin',(-265.000000000002,14.5000000000018,-325.));
#3719=CARTESIAN_POINT('Origin',(-385.000000000002,14.5000000000026,-325.));
#3720=CARTESIAN_POINT('',(-1864.34884895253,-41.7257592965978,5.17011372110578));
#3721=CARTESIAN_POINT('',(-296.565956847798,-77.8021678419408,-681.609570796038));
#3722=UNCERTAINTY_MEASURE_WITH_UNIT(LENGTH_MEASURE(0.01),#3730,
'DISTANCE_ACCURACY_VALUE',
'Maximum model space distance between geometric entities at asserted c
onnectivities');
#3723=UNCERTAINTY_MEASURE_WITH_UNIT(LENGTH_MEASURE(0.01),#3730,
'DISTANCE_ACCURACY_VALUE',
'Maximum model space distance between geometric entities at asserted c
onnectivities');
#3724=UNCERTAINTY_MEASURE_WITH_UNIT(LENGTH_MEASURE(0.01),#3730,
'DISTANCE_ACCURACY_VALUE',
'Maximum model space distance between geometric entities at asserted c
onnectivities');
#3725=UNCERTAINTY_MEASURE_WITH_UNIT(LENGTH_MEASURE(0.01),#3730,
'DISTANCE_ACCURACY_VALUE',
'Maximum model space distance between geometric entities at asserted c
onnectivities');
#3726=(
GEOMETRIC_REPRESENTATION_CONTEXT(3)
GLOBAL_UNCERTAINTY_ASSIGNED_CONTEXT((#3722))
GLOBAL_UNIT_ASSIGNED_CONTEXT((#3730,#3732,#3733))
REPRESENTATION_CONTEXT('','3D')
);
#3727=(
GEOMETRIC_REPRESENTATION_CONTEXT(3)
GLOBAL_UNCERTAINTY_ASSIGNED_CONTEXT((#3723))
GLOBAL_UNIT_ASSIGNED_CONTEXT((#3730,#3732,#3733))
REPRESENTATION_CONTEXT('','3D')
);
#3728=(
GEOMETRIC_REPRESENTATION_CONTEXT(3)
GLOBAL_UNCERTAINTY_ASSIGNED_CONTEXT((#3724))
GLOBAL_UNIT_ASSIGNED_CONTEXT((#3730,#3732,#3733))
REPRESENTATION_CONTEXT('','3D')
);
#3729=(
GEOMETRIC_REPRESENTATION_CONTEXT(3)
GLOBAL_UNCERTAINTY_ASSIGNED_CONTEXT((#3725))
GLOBAL_UNIT_ASSIGNED_CONTEXT((#3730,#3732,#3733))
REPRESENTATION_CONTEXT('','3D')
);
#3730=(
LENGTH_UNIT()
NAMED_UNIT(*)
SI_UNIT(.MILLI.,.METRE.)
);
#3731=(
LENGTH_UNIT()
NAMED_UNIT(*)
SI_UNIT($,.METRE.)
);
#3732=(
NAMED_UNIT(*)
PLANE_ANGLE_UNIT()
SI_UNIT($,.RADIAN.)
);
#3733=(
NAMED_UNIT(*)
SI_UNIT($,.STERADIAN.)
SOLID_ANGLE_UNIT()
);
#3734=SHAPE_DEFINITION_REPRESENTATION(#3737,#3742);
#3735=SHAPE_DEFINITION_REPRESENTATION(#3738,#3743);
#3736=SHAPE_DEFINITION_REPRESENTATION(#3739,#3744);
#3737=PRODUCT_DEFINITION_SHAPE('',$,#3746);
#3738=PRODUCT_DEFINITION_SHAPE('',$,#3747);
#3739=PRODUCT_DEFINITION_SHAPE('',$,#3748);
#3740=PRODUCT_DEFINITION_SHAPE($,$,#17);
#3741=PRODUCT_DEFINITION_SHAPE($,$,#18);
#3742=SHAPE_REPRESENTATION('',(#2254,#2477,#2478),#3726);
#3743=SHAPE_REPRESENTATION('',(#2255),#3727);
#3744=SHAPE_REPRESENTATION('',(#2293),#3728);
#3745=PRODUCT_DEFINITION_CONTEXT('part definition',#3756,'design');
#3746=PRODUCT_DEFINITION('table','table v1',#3749,#3745);
#3747=PRODUCT_DEFINITION('Table_1','Table',#3750,#3745);
#3748=PRODUCT_DEFINITION('sp-artition-cell v1','sp-artition-cell v1',#3751,
#3745);
#3749=PRODUCT_DEFINITION_FORMATION('',$,#3758);
#3750=PRODUCT_DEFINITION_FORMATION('',$,#3759);
#3751=PRODUCT_DEFINITION_FORMATION('',$,#3760);
#3752=PRODUCT_RELATED_PRODUCT_CATEGORY('table v1','table v1',(#3758));
#3753=PRODUCT_RELATED_PRODUCT_CATEGORY('Table','Table',(#3759));
#3754=PRODUCT_RELATED_PRODUCT_CATEGORY('sp-artition-cell v1',
'sp-artition-cell v1',(#3760));
#3755=APPLICATION_PROTOCOL_DEFINITION('international standard',
'automotive_design',2009,#3756);
#3756=APPLICATION_CONTEXT(
'Core Data for Automotive Mechanical Design Process');
#3757=PRODUCT_CONTEXT('part definition',#3756,'mechanical');
#3758=PRODUCT('table','table v1',$,(#3757));
#3759=PRODUCT('Table_1','Table',$,(#3757));
#3760=PRODUCT('sp-artition-cell v1','sp-artition-cell v1',$,(#3757));
#3761=PRESENTATION_STYLE_ASSIGNMENT((#3764));
#3762=PRESENTATION_STYLE_ASSIGNMENT((#3765));
#3763=PRESENTATION_STYLE_ASSIGNMENT((#3766));
#3764=SURFACE_STYLE_USAGE(.BOTH.,#3767);
#3765=SURFACE_STYLE_USAGE(.BOTH.,#3768);
#3766=SURFACE_STYLE_USAGE(.BOTH.,#3769);
#3767=SURFACE_SIDE_STYLE('',(#3770));
#3768=SURFACE_SIDE_STYLE('',(#3771));
#3769=SURFACE_SIDE_STYLE('',(#3772));
#3770=SURFACE_STYLE_FILL_AREA(#3773);
#3771=SURFACE_STYLE_FILL_AREA(#3774);
#3772=SURFACE_STYLE_FILL_AREA(#3775);
#3773=FILL_AREA_STYLE('Steel - Satin',(#3776));
#3774=FILL_AREA_STYLE('Opaque(160,160,160)',(#3777));
#3775=FILL_AREA_STYLE('Opaque(202,209,238)',(#3778));
#3776=FILL_AREA_STYLE_COLOUR('Steel - Satin',#3779);
#3777=FILL_AREA_STYLE_COLOUR('Opaque(160,160,160)',#3780);
#3778=FILL_AREA_STYLE_COLOUR('Opaque(202,209,238)',#3781);
#3779=COLOUR_RGB('Steel - Satin',0.627450980392157,0.627450980392157,0.627450980392157);
#3780=COLOUR_RGB('Opaque(160,160,160)',0.627450980392157,0.627450980392157,
0.627450980392157);
#3781=COLOUR_RGB('Opaque(202,209,238)',0.792156862745098,0.819607843137255,
0.933333333333333);
ENDSEC;
END-ISO-10303-21;
