ISO-10303-21;
HEADER;
/* Generated by software containing ST-Developer
 * from STEP Tools, Inc. (www.steptools.com) 
 */

FILE_DESCRIPTION(
/* description */ (''),
/* implementation_level */ '2;1');

FILE_NAME(
/* name */ 'Global-180x80x25_Assembly_1 v1.step',
/* time_stamp */ '2026-03-14T09:21:19+01:00',
/* author */ (''),
/* organization */ (''),
/* preprocessor_version */ 'ST-DEVELOPER v20.1',
/* originating_system */ 'Autodesk Translation Framework v14.24.0.0',
/* authorisation */ '');

FILE_SCHEMA (('AUTOMOTIVE_DESIGN { 1 0 10303 214 3 1 1 }'));
ENDSEC;

DATA;
#10=MECHANICAL_DESIGN_GEOMETRIC_PRESENTATION_REPRESENTATION('',(#60,#61,
#62,#63,#64,#65),#6224);
#11=ITEM_DEFINED_TRANSFORMATION($,$,#4026,#4070);
#12=ITEM_DEFINED_TRANSFORMATION($,$,#4033,#4071);
#13=ITEM_DEFINED_TRANSFORMATION($,$,#4026,#4072);
#14=ITEM_DEFINED_TRANSFORMATION($,$,#4033,#4073);
#15=ITEM_DEFINED_TRANSFORMATION($,$,#3701,#4074);
#16=ITEM_DEFINED_TRANSFORMATION($,$,#3765,#4075);
#17=ITEM_DEFINED_TRANSFORMATION($,$,#3833,#4076);
#18=ITEM_DEFINED_TRANSFORMATION($,$,#3913,#4077);
#19=ITEM_DEFINED_TRANSFORMATION($,$,#4025,#4078);
#20=(
REPRESENTATION_RELATIONSHIP($,$,#6260,#6259)
REPRESENTATION_RELATIONSHIP_WITH_TRANSFORMATION(#11)
SHAPE_REPRESENTATION_RELATIONSHIP()
);
#21=(
REPRESENTATION_RELATIONSHIP($,$,#6261,#6259)
REPRESENTATION_RELATIONSHIP_WITH_TRANSFORMATION(#12)
SHAPE_REPRESENTATION_RELATIONSHIP()
);
#22=(
REPRESENTATION_RELATIONSHIP($,$,#6260,#6259)
REPRESENTATION_RELATIONSHIP_WITH_TRANSFORMATION(#13)
SHAPE_REPRESENTATION_RELATIONSHIP()
);
#23=(
REPRESENTATION_RELATIONSHIP($,$,#6261,#6259)
REPRESENTATION_RELATIONSHIP_WITH_TRANSFORMATION(#14)
SHAPE_REPRESENTATION_RELATIONSHIP()
);
#24=(
REPRESENTATION_RELATIONSHIP($,$,#6255,#6254)
REPRESENTATION_RELATIONSHIP_WITH_TRANSFORMATION(#15)
SHAPE_REPRESENTATION_RELATIONSHIP()
);
#25=(
REPRESENTATION_RELATIONSHIP($,$,#6256,#6254)
REPRESENTATION_RELATIONSHIP_WITH_TRANSFORMATION(#16)
SHAPE_REPRESENTATION_RELATIONSHIP()
);
#26=(
REPRESENTATION_RELATIONSHIP($,$,#6257,#6254)
REPRESENTATION_RELATIONSHIP_WITH_TRANSFORMATION(#17)
SHAPE_REPRESENTATION_RELATIONSHIP()
);
#27=(
REPRESENTATION_RELATIONSHIP($,$,#6258,#6254)
REPRESENTATION_RELATIONSHIP_WITH_TRANSFORMATION(#18)
SHAPE_REPRESENTATION_RELATIONSHIP()
);
#28=(
REPRESENTATION_RELATIONSHIP($,$,#6259,#6254)
REPRESENTATION_RELATIONSHIP_WITH_TRANSFORMATION(#19)
SHAPE_REPRESENTATION_RELATIONSHIP()
);
#29=CONTEXT_DEPENDENT_SHAPE_REPRESENTATION(#20,#6245);
#30=CONTEXT_DEPENDENT_SHAPE_REPRESENTATION(#21,#6246);
#31=CONTEXT_DEPENDENT_SHAPE_REPRESENTATION(#22,#6247);
#32=CONTEXT_DEPENDENT_SHAPE_REPRESENTATION(#23,#6248);
#33=CONTEXT_DEPENDENT_SHAPE_REPRESENTATION(#24,#6249);
#34=CONTEXT_DEPENDENT_SHAPE_REPRESENTATION(#25,#6250);
#35=CONTEXT_DEPENDENT_SHAPE_REPRESENTATION(#26,#6251);
#36=CONTEXT_DEPENDENT_SHAPE_REPRESENTATION(#27,#6252);
#37=CONTEXT_DEPENDENT_SHAPE_REPRESENTATION(#28,#6253);
#38=NEXT_ASSEMBLY_USAGE_OCCURRENCE('101_Top_x2_8mm_FERRO:1',
'101_Top_x2_8mm_FERRO:1','101_Top_x2_8mm_FERRO:1',#6268,#6269,
'101_Top_x2_8mm_FERRO:1');
#39=NEXT_ASSEMBLY_USAGE_OCCURRENCE('101_Sides_x2_16mm_FERRO:1',
'101_Sides_x2_16mm_FERRO:1','101_Sides_x2_16mm_FERRO:1',#6268,#6270,
'101_Sides_x2_16mm_FERRO:1');
#40=NEXT_ASSEMBLY_USAGE_OCCURRENCE('101_Top_x2_8mm_FERRO:2',
'101_Top_x2_8mm_FERRO:2','101_Top_x2_8mm_FERRO:2',#6268,#6269,
'101_Top_x2_8mm_FERRO:2');
#41=NEXT_ASSEMBLY_USAGE_OCCURRENCE('101_Sides_x2_16mm_FERRO:2',
'101_Sides_x2_16mm_FERRO:2','101_Sides_x2_16mm_FERRO:2',#6268,#6270,
'101_Sides_x2_16mm_FERRO:2');
#42=NEXT_ASSEMBLY_USAGE_OCCURRENCE('402_SlideCover_x2_2mm_INOX:1',
'402_SlideCover_x2_2mm_INOX:1','402_SlideCover_x2_2mm_INOX:1',#6263,#6264,
'402_SlideCover_x2_2mm_INOX:1');
#43=NEXT_ASSEMBLY_USAGE_OCCURRENCE('403_SlideKey_x1_2mm_INOX:1',
'403_SlideKey_x1_2mm_INOX:1','403_SlideKey_x1_2mm_INOX:1',#6263,#6265,
'403_SlideKey_x1_2mm_INOX:1');
#44=NEXT_ASSEMBLY_USAGE_OCCURRENCE('450_BeamAdapter_x1_10mm_FERRO:1',
'450_BeamAdapter_x1_10mm_FERRO:1','450_BeamAdapter_x1_10mm_FERRO:1',#6263,
#6266,'450_BeamAdapter_x1_10mm_FERRO:1');
#45=NEXT_ASSEMBLY_USAGE_OCCURRENCE('450_BeamMountPlate_x2_8mm_FERRO:1',
'450_BeamMountPlate_x2_8mm_FERRO:1','450_BeamMountPlate_x2_8mm_FERRO:1',
#6263,#6267,'450_BeamMountPlate_x2_8mm_FERRO:1');
#46=NEXT_ASSEMBLY_USAGE_OCCURRENCE('480_Mould-1500-50-15:1',
'480_Mould-1500-50-15:1','480_Mould-1500-50-15:1',#6263,#6268,
'480_Mould-1500-50-15:1');
#47=CONICAL_SURFACE('',#3834,6.00000000000001,0.785398163397449);
#48=SHAPE_REPRESENTATION_RELATIONSHIP('SRR','None',#6255,#54);
#49=SHAPE_REPRESENTATION_RELATIONSHIP('SRR','None',#6256,#55);
#50=SHAPE_REPRESENTATION_RELATIONSHIP('SRR','None',#6257,#56);
#51=SHAPE_REPRESENTATION_RELATIONSHIP('SRR','None',#6258,#57);
#52=SHAPE_REPRESENTATION_RELATIONSHIP('SRR','None',#6260,#58);
#53=SHAPE_REPRESENTATION_RELATIONSHIP('SRR','None',#6261,#59);
#54=ADVANCED_BREP_SHAPE_REPRESENTATION('',(#66),#6217);
#55=ADVANCED_BREP_SHAPE_REPRESENTATION('',(#67),#6218);
#56=ADVANCED_BREP_SHAPE_REPRESENTATION('',(#68),#6219);
#57=ADVANCED_BREP_SHAPE_REPRESENTATION('',(#69),#6220);
#58=ADVANCED_BREP_SHAPE_REPRESENTATION('',(#70),#6222);
#59=ADVANCED_BREP_SHAPE_REPRESENTATION('',(#71),#6223);
#60=STYLED_ITEM('',(#6298),#66);
#61=STYLED_ITEM('',(#6298),#67);
#62=STYLED_ITEM('',(#6298),#68);
#63=STYLED_ITEM('',(#6298),#69);
#64=STYLED_ITEM('',(#6298),#70);
#65=STYLED_ITEM('',(#6298),#71);
#66=MANIFOLD_SOLID_BREP('Body1',#3627);
#67=MANIFOLD_SOLID_BREP('Body1',#3628);
#68=MANIFOLD_SOLID_BREP('Body1',#3629);
#69=MANIFOLD_SOLID_BREP('Body1',#3630);
#70=MANIFOLD_SOLID_BREP('Body1',#3631);
#71=MANIFOLD_SOLID_BREP('Body1',#3632);
#72=FACE_BOUND('',#432,.T.);
#73=FACE_BOUND('',#433,.T.);
#74=FACE_BOUND('',#434,.T.);
#75=FACE_BOUND('',#435,.T.);
#76=FACE_BOUND('',#436,.T.);
#77=FACE_BOUND('',#437,.T.);
#78=FACE_BOUND('',#438,.T.);
#79=FACE_BOUND('',#440,.T.);
#80=FACE_BOUND('',#441,.T.);
#81=FACE_BOUND('',#442,.T.);
#82=FACE_BOUND('',#443,.T.);
#83=FACE_BOUND('',#444,.T.);
#84=FACE_BOUND('',#445,.T.);
#85=FACE_BOUND('',#446,.T.);
#86=FACE_BOUND('',#471,.T.);
#87=FACE_BOUND('',#472,.T.);
#88=FACE_BOUND('',#473,.T.);
#89=FACE_BOUND('',#475,.T.);
#90=FACE_BOUND('',#476,.T.);
#91=FACE_BOUND('',#477,.T.);
#92=FACE_BOUND('',#520,.T.);
#93=FACE_BOUND('',#521,.T.);
#94=FACE_BOUND('',#525,.T.);
#95=FACE_BOUND('',#526,.T.);
#96=FACE_BOUND('',#527,.T.);
#97=FACE_BOUND('',#528,.T.);
#98=FACE_BOUND('',#529,.T.);
#99=FACE_BOUND('',#530,.T.);
#100=FACE_BOUND('',#531,.T.);
#101=FACE_BOUND('',#533,.T.);
#102=FACE_BOUND('',#534,.T.);
#103=FACE_BOUND('',#535,.T.);
#104=FACE_BOUND('',#536,.T.);
#105=FACE_BOUND('',#538,.T.);
#106=FACE_BOUND('',#542,.T.);
#107=FACE_BOUND('',#544,.T.);
#108=FACE_BOUND('',#574,.T.);
#109=FACE_BOUND('',#575,.T.);
#110=FACE_BOUND('',#576,.T.);
#111=FACE_BOUND('',#577,.T.);
#112=FACE_BOUND('',#578,.T.);
#113=FACE_BOUND('',#579,.T.);
#114=FACE_BOUND('',#581,.T.);
#115=FACE_BOUND('',#582,.T.);
#116=FACE_BOUND('',#583,.T.);
#117=FACE_BOUND('',#584,.T.);
#118=FACE_BOUND('',#585,.T.);
#119=FACE_BOUND('',#586,.T.);
#120=FACE_BOUND('',#646,.T.);
#121=FACE_BOUND('',#647,.T.);
#122=FACE_BOUND('',#648,.T.);
#123=FACE_BOUND('',#649,.T.);
#124=FACE_BOUND('',#650,.T.);
#125=FACE_BOUND('',#651,.T.);
#126=FACE_BOUND('',#652,.T.);
#127=FACE_BOUND('',#653,.T.);
#128=FACE_BOUND('',#654,.T.);
#129=FACE_BOUND('',#655,.T.);
#130=FACE_BOUND('',#657,.T.);
#131=FACE_BOUND('',#658,.T.);
#132=FACE_BOUND('',#659,.T.);
#133=FACE_BOUND('',#660,.T.);
#134=FACE_BOUND('',#661,.T.);
#135=FACE_BOUND('',#662,.T.);
#136=FACE_BOUND('',#663,.T.);
#137=FACE_BOUND('',#664,.T.);
#138=FACE_BOUND('',#665,.T.);
#139=FACE_BOUND('',#666,.T.);
#140=PLANE('',#3735);
#141=PLANE('',#3736);
#142=PLANE('',#3737);
#143=PLANE('',#3738);
#144=PLANE('',#3739);
#145=PLANE('',#3744);
#146=PLANE('',#3749);
#147=PLANE('',#3750);
#148=PLANE('',#3751);
#149=PLANE('',#3752);
#150=PLANE('',#3757);
#151=PLANE('',#3758);
#152=PLANE('',#3759);
#153=PLANE('',#3760);
#154=PLANE('',#3761);
#155=PLANE('',#3762);
#156=PLANE('',#3763);
#157=PLANE('',#3764);
#158=PLANE('',#3772);
#159=PLANE('',#3773);
#160=PLANE('',#3774);
#161=PLANE('',#3775);
#162=PLANE('',#3776);
#163=PLANE('',#3777);
#164=PLANE('',#3792);
#165=PLANE('',#3807);
#166=PLANE('',#3808);
#167=PLANE('',#3811);
#168=PLANE('',#3812);
#169=PLANE('',#3813);
#170=PLANE('',#3814);
#171=PLANE('',#3815);
#172=PLANE('',#3816);
#173=PLANE('',#3817);
#174=PLANE('',#3818);
#175=PLANE('',#3819);
#176=PLANE('',#3820);
#177=PLANE('',#3863);
#178=PLANE('',#3864);
#179=PLANE('',#3865);
#180=PLANE('',#3866);
#181=PLANE('',#3867);
#182=PLANE('',#3868);
#183=PLANE('',#3873);
#184=PLANE('',#3874);
#185=PLANE('',#3875);
#186=PLANE('',#3886);
#187=PLANE('',#3893);
#188=PLANE('',#3894);
#189=PLANE('',#3895);
#190=PLANE('',#3896);
#191=PLANE('',#3897);
#192=PLANE('',#3903);
#193=PLANE('',#3904);
#194=PLANE('',#3906);
#195=PLANE('',#3907);
#196=PLANE('',#3908);
#197=PLANE('',#3932);
#198=PLANE('',#3933);
#199=PLANE('',#3934);
#200=PLANE('',#3935);
#201=PLANE('',#3936);
#202=PLANE('',#3937);
#203=PLANE('',#3938);
#204=PLANE('',#3939);
#205=PLANE('',#3963);
#206=PLANE('',#3991);
#207=PLANE('',#3992);
#208=PLANE('',#3993);
#209=PLANE('',#3994);
#210=PLANE('',#3995);
#211=PLANE('',#3996);
#212=PLANE('',#3997);
#213=PLANE('',#3999);
#214=PLANE('',#4000);
#215=PLANE('',#4002);
#216=PLANE('',#4003);
#217=PLANE('',#4005);
#218=PLANE('',#4006);
#219=PLANE('',#4008);
#220=PLANE('',#4009);
#221=PLANE('',#4027);
#222=PLANE('',#4028);
#223=PLANE('',#4029);
#224=PLANE('',#4030);
#225=PLANE('',#4031);
#226=PLANE('',#4032);
#227=PLANE('',#4064);
#228=PLANE('',#4065);
#229=PLANE('',#4066);
#230=PLANE('',#4067);
#231=PLANE('',#4068);
#232=PLANE('',#4069);
#233=FACE_OUTER_BOUND('',#416,.T.);
#234=FACE_OUTER_BOUND('',#417,.T.);
#235=FACE_OUTER_BOUND('',#418,.T.);
#236=FACE_OUTER_BOUND('',#419,.T.);
#237=FACE_OUTER_BOUND('',#420,.T.);
#238=FACE_OUTER_BOUND('',#421,.T.);
#239=FACE_OUTER_BOUND('',#422,.T.);
#240=FACE_OUTER_BOUND('',#423,.T.);
#241=FACE_OUTER_BOUND('',#424,.T.);
#242=FACE_OUTER_BOUND('',#425,.T.);
#243=FACE_OUTER_BOUND('',#426,.T.);
#244=FACE_OUTER_BOUND('',#427,.T.);
#245=FACE_OUTER_BOUND('',#428,.T.);
#246=FACE_OUTER_BOUND('',#429,.T.);
#247=FACE_OUTER_BOUND('',#430,.T.);
#248=FACE_OUTER_BOUND('',#431,.T.);
#249=FACE_OUTER_BOUND('',#439,.T.);
#250=FACE_OUTER_BOUND('',#447,.T.);
#251=FACE_OUTER_BOUND('',#448,.T.);
#252=FACE_OUTER_BOUND('',#449,.T.);
#253=FACE_OUTER_BOUND('',#450,.T.);
#254=FACE_OUTER_BOUND('',#451,.T.);
#255=FACE_OUTER_BOUND('',#452,.T.);
#256=FACE_OUTER_BOUND('',#453,.T.);
#257=FACE_OUTER_BOUND('',#454,.T.);
#258=FACE_OUTER_BOUND('',#455,.T.);
#259=FACE_OUTER_BOUND('',#456,.T.);
#260=FACE_OUTER_BOUND('',#457,.T.);
#261=FACE_OUTER_BOUND('',#458,.T.);
#262=FACE_OUTER_BOUND('',#459,.T.);
#263=FACE_OUTER_BOUND('',#460,.T.);
#264=FACE_OUTER_BOUND('',#461,.T.);
#265=FACE_OUTER_BOUND('',#462,.T.);
#266=FACE_OUTER_BOUND('',#463,.T.);
#267=FACE_OUTER_BOUND('',#464,.T.);
#268=FACE_OUTER_BOUND('',#465,.T.);
#269=FACE_OUTER_BOUND('',#466,.T.);
#270=FACE_OUTER_BOUND('',#467,.T.);
#271=FACE_OUTER_BOUND('',#468,.T.);
#272=FACE_OUTER_BOUND('',#469,.T.);
#273=FACE_OUTER_BOUND('',#470,.T.);
#274=FACE_OUTER_BOUND('',#474,.T.);
#275=FACE_OUTER_BOUND('',#478,.T.);
#276=FACE_OUTER_BOUND('',#479,.T.);
#277=FACE_OUTER_BOUND('',#480,.T.);
#278=FACE_OUTER_BOUND('',#481,.T.);
#279=FACE_OUTER_BOUND('',#482,.T.);
#280=FACE_OUTER_BOUND('',#483,.T.);
#281=FACE_OUTER_BOUND('',#484,.T.);
#282=FACE_OUTER_BOUND('',#485,.T.);
#283=FACE_OUTER_BOUND('',#486,.T.);
#284=FACE_OUTER_BOUND('',#487,.T.);
#285=FACE_OUTER_BOUND('',#488,.T.);
#286=FACE_OUTER_BOUND('',#489,.T.);
#287=FACE_OUTER_BOUND('',#490,.T.);
#288=FACE_OUTER_BOUND('',#491,.T.);
#289=FACE_OUTER_BOUND('',#492,.T.);
#290=FACE_OUTER_BOUND('',#493,.T.);
#291=FACE_OUTER_BOUND('',#494,.T.);
#292=FACE_OUTER_BOUND('',#495,.T.);
#293=FACE_OUTER_BOUND('',#496,.T.);
#294=FACE_OUTER_BOUND('',#497,.T.);
#295=FACE_OUTER_BOUND('',#498,.T.);
#296=FACE_OUTER_BOUND('',#499,.T.);
#297=FACE_OUTER_BOUND('',#500,.T.);
#298=FACE_OUTER_BOUND('',#501,.T.);
#299=FACE_OUTER_BOUND('',#502,.T.);
#300=FACE_OUTER_BOUND('',#503,.T.);
#301=FACE_OUTER_BOUND('',#504,.T.);
#302=FACE_OUTER_BOUND('',#505,.T.);
#303=FACE_OUTER_BOUND('',#506,.T.);
#304=FACE_OUTER_BOUND('',#507,.T.);
#305=FACE_OUTER_BOUND('',#508,.T.);
#306=FACE_OUTER_BOUND('',#509,.T.);
#307=FACE_OUTER_BOUND('',#510,.T.);
#308=FACE_OUTER_BOUND('',#511,.T.);
#309=FACE_OUTER_BOUND('',#512,.T.);
#310=FACE_OUTER_BOUND('',#513,.T.);
#311=FACE_OUTER_BOUND('',#514,.T.);
#312=FACE_OUTER_BOUND('',#515,.T.);
#313=FACE_OUTER_BOUND('',#516,.T.);
#314=FACE_OUTER_BOUND('',#517,.T.);
#315=FACE_OUTER_BOUND('',#518,.T.);
#316=FACE_OUTER_BOUND('',#519,.T.);
#317=FACE_OUTER_BOUND('',#522,.T.);
#318=FACE_OUTER_BOUND('',#523,.T.);
#319=FACE_OUTER_BOUND('',#524,.T.);
#320=FACE_OUTER_BOUND('',#532,.T.);
#321=FACE_OUTER_BOUND('',#537,.T.);
#322=FACE_OUTER_BOUND('',#539,.T.);
#323=FACE_OUTER_BOUND('',#540,.T.);
#324=FACE_OUTER_BOUND('',#541,.T.);
#325=FACE_OUTER_BOUND('',#543,.T.);
#326=FACE_OUTER_BOUND('',#545,.T.);
#327=FACE_OUTER_BOUND('',#546,.T.);
#328=FACE_OUTER_BOUND('',#547,.T.);
#329=FACE_OUTER_BOUND('',#548,.T.);
#330=FACE_OUTER_BOUND('',#549,.T.);
#331=FACE_OUTER_BOUND('',#550,.T.);
#332=FACE_OUTER_BOUND('',#551,.T.);
#333=FACE_OUTER_BOUND('',#552,.T.);
#334=FACE_OUTER_BOUND('',#553,.T.);
#335=FACE_OUTER_BOUND('',#554,.T.);
#336=FACE_OUTER_BOUND('',#555,.T.);
#337=FACE_OUTER_BOUND('',#556,.T.);
#338=FACE_OUTER_BOUND('',#557,.T.);
#339=FACE_OUTER_BOUND('',#558,.T.);
#340=FACE_OUTER_BOUND('',#559,.T.);
#341=FACE_OUTER_BOUND('',#560,.T.);
#342=FACE_OUTER_BOUND('',#561,.T.);
#343=FACE_OUTER_BOUND('',#562,.T.);
#344=FACE_OUTER_BOUND('',#563,.T.);
#345=FACE_OUTER_BOUND('',#564,.T.);
#346=FACE_OUTER_BOUND('',#565,.T.);
#347=FACE_OUTER_BOUND('',#566,.T.);
#348=FACE_OUTER_BOUND('',#567,.T.);
#349=FACE_OUTER_BOUND('',#568,.T.);
#350=FACE_OUTER_BOUND('',#569,.T.);
#351=FACE_OUTER_BOUND('',#570,.T.);
#352=FACE_OUTER_BOUND('',#571,.T.);
#353=FACE_OUTER_BOUND('',#572,.T.);
#354=FACE_OUTER_BOUND('',#573,.T.);
#355=FACE_OUTER_BOUND('',#580,.T.);
#356=FACE_OUTER_BOUND('',#587,.T.);
#357=FACE_OUTER_BOUND('',#588,.T.);
#358=FACE_OUTER_BOUND('',#589,.T.);
#359=FACE_OUTER_BOUND('',#590,.T.);
#360=FACE_OUTER_BOUND('',#591,.T.);
#361=FACE_OUTER_BOUND('',#592,.T.);
#362=FACE_OUTER_BOUND('',#593,.T.);
#363=FACE_OUTER_BOUND('',#594,.T.);
#364=FACE_OUTER_BOUND('',#595,.T.);
#365=FACE_OUTER_BOUND('',#596,.T.);
#366=FACE_OUTER_BOUND('',#597,.T.);
#367=FACE_OUTER_BOUND('',#598,.T.);
#368=FACE_OUTER_BOUND('',#599,.T.);
#369=FACE_OUTER_BOUND('',#600,.T.);
#370=FACE_OUTER_BOUND('',#601,.T.);
#371=FACE_OUTER_BOUND('',#602,.T.);
#372=FACE_OUTER_BOUND('',#603,.T.);
#373=FACE_OUTER_BOUND('',#604,.T.);
#374=FACE_OUTER_BOUND('',#605,.T.);
#375=FACE_OUTER_BOUND('',#606,.T.);
#376=FACE_OUTER_BOUND('',#607,.T.);
#377=FACE_OUTER_BOUND('',#608,.T.);
#378=FACE_OUTER_BOUND('',#609,.T.);
#379=FACE_OUTER_BOUND('',#610,.T.);
#380=FACE_OUTER_BOUND('',#611,.T.);
#381=FACE_OUTER_BOUND('',#612,.T.);
#382=FACE_OUTER_BOUND('',#613,.T.);
#383=FACE_OUTER_BOUND('',#614,.T.);
#384=FACE_OUTER_BOUND('',#615,.T.);
#385=FACE_OUTER_BOUND('',#616,.T.);
#386=FACE_OUTER_BOUND('',#617,.T.);
#387=FACE_OUTER_BOUND('',#618,.T.);
#388=FACE_OUTER_BOUND('',#619,.T.);
#389=FACE_OUTER_BOUND('',#620,.T.);
#390=FACE_OUTER_BOUND('',#621,.T.);
#391=FACE_OUTER_BOUND('',#622,.T.);
#392=FACE_OUTER_BOUND('',#623,.T.);
#393=FACE_OUTER_BOUND('',#624,.T.);
#394=FACE_OUTER_BOUND('',#625,.T.);
#395=FACE_OUTER_BOUND('',#626,.T.);
#396=FACE_OUTER_BOUND('',#627,.T.);
#397=FACE_OUTER_BOUND('',#628,.T.);
#398=FACE_OUTER_BOUND('',#629,.T.);
#399=FACE_OUTER_BOUND('',#630,.T.);
#400=FACE_OUTER_BOUND('',#631,.T.);
#401=FACE_OUTER_BOUND('',#632,.T.);
#402=FACE_OUTER_BOUND('',#633,.T.);
#403=FACE_OUTER_BOUND('',#634,.T.);
#404=FACE_OUTER_BOUND('',#635,.T.);
#405=FACE_OUTER_BOUND('',#636,.T.);
#406=FACE_OUTER_BOUND('',#637,.T.);
#407=FACE_OUTER_BOUND('',#638,.T.);
#408=FACE_OUTER_BOUND('',#639,.T.);
#409=FACE_OUTER_BOUND('',#640,.T.);
#410=FACE_OUTER_BOUND('',#641,.T.);
#411=FACE_OUTER_BOUND('',#642,.T.);
#412=FACE_OUTER_BOUND('',#643,.T.);
#413=FACE_OUTER_BOUND('',#644,.T.);
#414=FACE_OUTER_BOUND('',#645,.T.);
#415=FACE_OUTER_BOUND('',#656,.T.);
#416=EDGE_LOOP('',(#2343,#2344,#2345,#2346));
#417=EDGE_LOOP('',(#2347,#2348,#2349,#2350));
#418=EDGE_LOOP('',(#2351,#2352,#2353,#2354));
#419=EDGE_LOOP('',(#2355,#2356,#2357,#2358));
#420=EDGE_LOOP('',(#2359,#2360,#2361,#2362));
#421=EDGE_LOOP('',(#2363,#2364,#2365,#2366));
#422=EDGE_LOOP('',(#2367,#2368,#2369,#2370));
#423=EDGE_LOOP('',(#2371,#2372,#2373,#2374));
#424=EDGE_LOOP('',(#2375,#2376,#2377,#2378));
#425=EDGE_LOOP('',(#2379,#2380,#2381,#2382));
#426=EDGE_LOOP('',(#2383,#2384,#2385,#2386));
#427=EDGE_LOOP('',(#2387,#2388,#2389,#2390));
#428=EDGE_LOOP('',(#2391,#2392,#2393,#2394));
#429=EDGE_LOOP('',(#2395,#2396,#2397,#2398));
#430=EDGE_LOOP('',(#2399,#2400,#2401,#2402));
#431=EDGE_LOOP('',(#2403,#2404,#2405,#2406,#2407,#2408,#2409,#2410,#2411,
#2412,#2413,#2414,#2415,#2416,#2417,#2418,#2419,#2420,#2421,#2422,#2423,
#2424,#2425,#2426));
#432=EDGE_LOOP('',(#2427));
#433=EDGE_LOOP('',(#2428));
#434=EDGE_LOOP('',(#2429));
#435=EDGE_LOOP('',(#2430));
#436=EDGE_LOOP('',(#2431));
#437=EDGE_LOOP('',(#2432));
#438=EDGE_LOOP('',(#2433));
#439=EDGE_LOOP('',(#2434,#2435,#2436,#2437,#2438,#2439,#2440,#2441,#2442,
#2443,#2444,#2445,#2446,#2447,#2448,#2449,#2450,#2451,#2452,#2453,#2454,
#2455,#2456,#2457));
#440=EDGE_LOOP('',(#2458));
#441=EDGE_LOOP('',(#2459));
#442=EDGE_LOOP('',(#2460));
#443=EDGE_LOOP('',(#2461));
#444=EDGE_LOOP('',(#2462));
#445=EDGE_LOOP('',(#2463));
#446=EDGE_LOOP('',(#2464));
#447=EDGE_LOOP('',(#2465,#2466,#2467,#2468));
#448=EDGE_LOOP('',(#2469,#2470,#2471,#2472));
#449=EDGE_LOOP('',(#2473,#2474,#2475,#2476));
#450=EDGE_LOOP('',(#2477,#2478,#2479,#2480));
#451=EDGE_LOOP('',(#2481,#2482,#2483,#2484));
#452=EDGE_LOOP('',(#2485,#2486,#2487,#2488));
#453=EDGE_LOOP('',(#2489,#2490,#2491,#2492));
#454=EDGE_LOOP('',(#2493,#2494,#2495,#2496));
#455=EDGE_LOOP('',(#2497,#2498,#2499,#2500));
#456=EDGE_LOOP('',(#2501,#2502,#2503,#2504));
#457=EDGE_LOOP('',(#2505,#2506,#2507,#2508));
#458=EDGE_LOOP('',(#2509,#2510,#2511,#2512));
#459=EDGE_LOOP('',(#2513,#2514,#2515,#2516));
#460=EDGE_LOOP('',(#2517,#2518,#2519,#2520));
#461=EDGE_LOOP('',(#2521,#2522,#2523,#2524));
#462=EDGE_LOOP('',(#2525,#2526,#2527,#2528));
#463=EDGE_LOOP('',(#2529,#2530,#2531,#2532));
#464=EDGE_LOOP('',(#2533,#2534,#2535,#2536));
#465=EDGE_LOOP('',(#2537,#2538,#2539,#2540));
#466=EDGE_LOOP('',(#2541,#2542,#2543,#2544));
#467=EDGE_LOOP('',(#2545,#2546,#2547,#2548));
#468=EDGE_LOOP('',(#2549,#2550,#2551,#2552));
#469=EDGE_LOOP('',(#2553,#2554,#2555,#2556));
#470=EDGE_LOOP('',(#2557,#2558,#2559,#2560,#2561,#2562,#2563,#2564,#2565,
#2566,#2567,#2568,#2569,#2570,#2571,#2572,#2573,#2574,#2575,#2576));
#471=EDGE_LOOP('',(#2577,#2578,#2579,#2580));
#472=EDGE_LOOP('',(#2581));
#473=EDGE_LOOP('',(#2582,#2583,#2584,#2585,#2586,#2587,#2588,#2589));
#474=EDGE_LOOP('',(#2590,#2591,#2592,#2593,#2594,#2595,#2596,#2597,#2598,
#2599,#2600,#2601,#2602,#2603,#2604,#2605,#2606,#2607,#2608,#2609));
#475=EDGE_LOOP('',(#2610));
#476=EDGE_LOOP('',(#2611,#2612,#2613,#2614,#2615,#2616,#2617,#2618));
#477=EDGE_LOOP('',(#2619,#2620,#2621,#2622));
#478=EDGE_LOOP('',(#2623,#2624,#2625,#2626));
#479=EDGE_LOOP('',(#2627,#2628,#2629,#2630));
#480=EDGE_LOOP('',(#2631,#2632,#2633,#2634));
#481=EDGE_LOOP('',(#2635,#2636,#2637,#2638));
#482=EDGE_LOOP('',(#2639,#2640,#2641,#2642));
#483=EDGE_LOOP('',(#2643,#2644,#2645,#2646));
#484=EDGE_LOOP('',(#2647,#2648,#2649,#2650));
#485=EDGE_LOOP('',(#2651,#2652,#2653,#2654));
#486=EDGE_LOOP('',(#2655,#2656,#2657,#2658));
#487=EDGE_LOOP('',(#2659,#2660,#2661,#2662));
#488=EDGE_LOOP('',(#2663,#2664,#2665,#2666));
#489=EDGE_LOOP('',(#2667,#2668,#2669,#2670));
#490=EDGE_LOOP('',(#2671,#2672,#2673,#2674));
#491=EDGE_LOOP('',(#2675,#2676,#2677,#2678));
#492=EDGE_LOOP('',(#2679,#2680,#2681,#2682));
#493=EDGE_LOOP('',(#2683,#2684,#2685,#2686));
#494=EDGE_LOOP('',(#2687,#2688,#2689,#2690));
#495=EDGE_LOOP('',(#2691,#2692,#2693,#2694));
#496=EDGE_LOOP('',(#2695,#2696,#2697,#2698));
#497=EDGE_LOOP('',(#2699,#2700,#2701,#2702));
#498=EDGE_LOOP('',(#2703,#2704,#2705,#2706));
#499=EDGE_LOOP('',(#2707,#2708,#2709,#2710));
#500=EDGE_LOOP('',(#2711,#2712,#2713,#2714));
#501=EDGE_LOOP('',(#2715,#2716,#2717,#2718));
#502=EDGE_LOOP('',(#2719,#2720,#2721,#2722));
#503=EDGE_LOOP('',(#2723,#2724,#2725,#2726));
#504=EDGE_LOOP('',(#2727,#2728,#2729,#2730));
#505=EDGE_LOOP('',(#2731,#2732,#2733,#2734));
#506=EDGE_LOOP('',(#2735,#2736,#2737,#2738));
#507=EDGE_LOOP('',(#2739,#2740,#2741,#2742));
#508=EDGE_LOOP('',(#2743,#2744,#2745,#2746));
#509=EDGE_LOOP('',(#2747,#2748,#2749,#2750));
#510=EDGE_LOOP('',(#2751,#2752,#2753,#2754));
#511=EDGE_LOOP('',(#2755,#2756,#2757,#2758));
#512=EDGE_LOOP('',(#2759,#2760,#2761,#2762));
#513=EDGE_LOOP('',(#2763,#2764,#2765,#2766));
#514=EDGE_LOOP('',(#2767,#2768,#2769,#2770));
#515=EDGE_LOOP('',(#2771,#2772,#2773,#2774));
#516=EDGE_LOOP('',(#2775,#2776,#2777,#2778));
#517=EDGE_LOOP('',(#2779,#2780,#2781,#2782,#2783,#2784,#2785,#2786));
#518=EDGE_LOOP('',(#2787,#2788,#2789,#2790,#2791,#2792,#2793,#2794));
#519=EDGE_LOOP('',(#2795,#2796,#2797,#2798,#2799,#2800,#2801,#2802,#2803,
#2804,#2805,#2806,#2807,#2808));
#520=EDGE_LOOP('',(#2809));
#521=EDGE_LOOP('',(#2810));
#522=EDGE_LOOP('',(#2811,#2812,#2813,#2814));
#523=EDGE_LOOP('',(#2815,#2816,#2817,#2818));
#524=EDGE_LOOP('',(#2819,#2820,#2821,#2822,#2823,#2824,#2825,#2826,#2827,
#2828,#2829,#2830,#2831,#2832,#2833,#2834,#2835,#2836,#2837,#2838,#2839,
#2840));
#525=EDGE_LOOP('',(#2841));
#526=EDGE_LOOP('',(#2842));
#527=EDGE_LOOP('',(#2843));
#528=EDGE_LOOP('',(#2844));
#529=EDGE_LOOP('',(#2845));
#530=EDGE_LOOP('',(#2846));
#531=EDGE_LOOP('',(#2847));
#532=EDGE_LOOP('',(#2848,#2849,#2850,#2851,#2852,#2853,#2854,#2855,#2856,
#2857,#2858,#2859));
#533=EDGE_LOOP('',(#2860));
#534=EDGE_LOOP('',(#2861));
#535=EDGE_LOOP('',(#2862));
#536=EDGE_LOOP('',(#2863));
#537=EDGE_LOOP('',(#2864,#2865,#2866,#2867));
#538=EDGE_LOOP('',(#2868));
#539=EDGE_LOOP('',(#2869,#2870,#2871,#2872));
#540=EDGE_LOOP('',(#2873,#2874,#2875,#2876));
#541=EDGE_LOOP('',(#2877));
#542=EDGE_LOOP('',(#2878));
#543=EDGE_LOOP('',(#2879));
#544=EDGE_LOOP('',(#2880));
#545=EDGE_LOOP('',(#2881,#2882,#2883,#2884));
#546=EDGE_LOOP('',(#2885,#2886,#2887,#2888));
#547=EDGE_LOOP('',(#2889,#2890,#2891,#2892));
#548=EDGE_LOOP('',(#2893,#2894,#2895,#2896));
#549=EDGE_LOOP('',(#2897,#2898,#2899,#2900));
#550=EDGE_LOOP('',(#2901,#2902,#2903,#2904));
#551=EDGE_LOOP('',(#2905,#2906,#2907,#2908));
#552=EDGE_LOOP('',(#2909,#2910,#2911,#2912));
#553=EDGE_LOOP('',(#2913,#2914,#2915,#2916));
#554=EDGE_LOOP('',(#2917,#2918,#2919,#2920));
#555=EDGE_LOOP('',(#2921,#2922,#2923,#2924));
#556=EDGE_LOOP('',(#2925,#2926,#2927,#2928));
#557=EDGE_LOOP('',(#2929,#2930,#2931,#2932));
#558=EDGE_LOOP('',(#2933,#2934,#2935,#2936));
#559=EDGE_LOOP('',(#2937,#2938,#2939,#2940));
#560=EDGE_LOOP('',(#2941,#2942,#2943,#2944));
#561=EDGE_LOOP('',(#2945,#2946,#2947,#2948));
#562=EDGE_LOOP('',(#2949,#2950,#2951,#2952));
#563=EDGE_LOOP('',(#2953,#2954,#2955,#2956));
#564=EDGE_LOOP('',(#2957,#2958,#2959,#2960));
#565=EDGE_LOOP('',(#2961,#2962,#2963,#2964));
#566=EDGE_LOOP('',(#2965,#2966,#2967,#2968));
#567=EDGE_LOOP('',(#2969,#2970,#2971,#2972));
#568=EDGE_LOOP('',(#2973,#2974,#2975,#2976));
#569=EDGE_LOOP('',(#2977,#2978,#2979,#2980));
#570=EDGE_LOOP('',(#2981,#2982,#2983,#2984));
#571=EDGE_LOOP('',(#2985,#2986,#2987,#2988));
#572=EDGE_LOOP('',(#2989,#2990,#2991,#2992));
#573=EDGE_LOOP('',(#2993,#2994,#2995,#2996,#2997,#2998,#2999,#3000,#3001,
#3002,#3003,#3004,#3005,#3006,#3007,#3008,#3009,#3010,#3011,#3012,#3013,
#3014,#3015,#3016,#3017,#3018,#3019,#3020,#3021,#3022,#3023,#3024,#3025,
#3026,#3027,#3028,#3029,#3030));
#574=EDGE_LOOP('',(#3031));
#575=EDGE_LOOP('',(#3032));
#576=EDGE_LOOP('',(#3033));
#577=EDGE_LOOP('',(#3034));
#578=EDGE_LOOP('',(#3035));
#579=EDGE_LOOP('',(#3036,#3037,#3038,#3039,#3040,#3041,#3042,#3043));
#580=EDGE_LOOP('',(#3044,#3045,#3046,#3047,#3048,#3049,#3050,#3051,#3052,
#3053,#3054,#3055,#3056,#3057,#3058,#3059,#3060,#3061,#3062,#3063,#3064,
#3065,#3066,#3067,#3068,#3069,#3070,#3071,#3072,#3073,#3074,#3075,#3076,
#3077,#3078,#3079,#3080,#3081));
#581=EDGE_LOOP('',(#3082,#3083,#3084,#3085,#3086,#3087,#3088,#3089));
#582=EDGE_LOOP('',(#3090));
#583=EDGE_LOOP('',(#3091));
#584=EDGE_LOOP('',(#3092));
#585=EDGE_LOOP('',(#3093));
#586=EDGE_LOOP('',(#3094));
#587=EDGE_LOOP('',(#3095,#3096,#3097,#3098));
#588=EDGE_LOOP('',(#3099,#3100,#3101,#3102));
#589=EDGE_LOOP('',(#3103,#3104,#3105,#3106));
#590=EDGE_LOOP('',(#3107,#3108,#3109,#3110));
#591=EDGE_LOOP('',(#3111,#3112,#3113,#3114));
#592=EDGE_LOOP('',(#3115,#3116,#3117,#3118));
#593=EDGE_LOOP('',(#3119,#3120,#3121,#3122));
#594=EDGE_LOOP('',(#3123,#3124,#3125,#3126));
#595=EDGE_LOOP('',(#3127,#3128,#3129,#3130));
#596=EDGE_LOOP('',(#3131,#3132,#3133,#3134));
#597=EDGE_LOOP('',(#3135,#3136,#3137,#3138));
#598=EDGE_LOOP('',(#3139,#3140,#3141,#3142));
#599=EDGE_LOOP('',(#3143,#3144,#3145,#3146));
#600=EDGE_LOOP('',(#3147,#3148,#3149,#3150));
#601=EDGE_LOOP('',(#3151,#3152,#3153,#3154));
#602=EDGE_LOOP('',(#3155,#3156,#3157,#3158));
#603=EDGE_LOOP('',(#3159,#3160,#3161,#3162));
#604=EDGE_LOOP('',(#3163,#3164,#3165,#3166));
#605=EDGE_LOOP('',(#3167,#3168,#3169,#3170));
#606=EDGE_LOOP('',(#3171,#3172,#3173,#3174));
#607=EDGE_LOOP('',(#3175,#3176,#3177,#3178));
#608=EDGE_LOOP('',(#3179,#3180,#3181,#3182));
#609=EDGE_LOOP('',(#3183,#3184,#3185,#3186));
#610=EDGE_LOOP('',(#3187,#3188,#3189,#3190));
#611=EDGE_LOOP('',(#3191,#3192,#3193,#3194));
#612=EDGE_LOOP('',(#3195,#3196,#3197,#3198));
#613=EDGE_LOOP('',(#3199,#3200,#3201,#3202));
#614=EDGE_LOOP('',(#3203,#3204,#3205,#3206));
#615=EDGE_LOOP('',(#3207,#3208,#3209,#3210));
#616=EDGE_LOOP('',(#3211,#3212,#3213,#3214));
#617=EDGE_LOOP('',(#3215,#3216,#3217,#3218));
#618=EDGE_LOOP('',(#3219,#3220,#3221,#3222));
#619=EDGE_LOOP('',(#3223,#3224,#3225,#3226));
#620=EDGE_LOOP('',(#3227,#3228,#3229,#3230));
#621=EDGE_LOOP('',(#3231,#3232,#3233,#3234));
#622=EDGE_LOOP('',(#3235,#3236,#3237,#3238));
#623=EDGE_LOOP('',(#3239,#3240,#3241,#3242));
#624=EDGE_LOOP('',(#3243,#3244,#3245,#3246));
#625=EDGE_LOOP('',(#3247,#3248,#3249,#3250));
#626=EDGE_LOOP('',(#3251,#3252,#3253,#3254));
#627=EDGE_LOOP('',(#3255,#3256,#3257,#3258));
#628=EDGE_LOOP('',(#3259,#3260,#3261,#3262));
#629=EDGE_LOOP('',(#3263,#3264,#3265,#3266));
#630=EDGE_LOOP('',(#3267,#3268,#3269,#3270));
#631=EDGE_LOOP('',(#3271,#3272,#3273,#3274));
#632=EDGE_LOOP('',(#3275,#3276,#3277,#3278));
#633=EDGE_LOOP('',(#3279,#3280,#3281,#3282));
#634=EDGE_LOOP('',(#3283,#3284,#3285,#3286));
#635=EDGE_LOOP('',(#3287,#3288,#3289,#3290));
#636=EDGE_LOOP('',(#3291,#3292,#3293,#3294));
#637=EDGE_LOOP('',(#3295,#3296,#3297,#3298));
#638=EDGE_LOOP('',(#3299,#3300,#3301,#3302));
#639=EDGE_LOOP('',(#3303,#3304,#3305,#3306));
#640=EDGE_LOOP('',(#3307,#3308,#3309,#3310));
#641=EDGE_LOOP('',(#3311,#3312,#3313,#3314));
#642=EDGE_LOOP('',(#3315,#3316,#3317,#3318));
#643=EDGE_LOOP('',(#3319,#3320,#3321,#3322));
#644=EDGE_LOOP('',(#3323,#3324,#3325,#3326));
#645=EDGE_LOOP('',(#3327,#3328,#3329,#3330));
#646=EDGE_LOOP('',(#3331));
#647=EDGE_LOOP('',(#3332));
#648=EDGE_LOOP('',(#3333));
#649=EDGE_LOOP('',(#3334));
#650=EDGE_LOOP('',(#3335));
#651=EDGE_LOOP('',(#3336));
#652=EDGE_LOOP('',(#3337));
#653=EDGE_LOOP('',(#3338));
#654=EDGE_LOOP('',(#3339));
#655=EDGE_LOOP('',(#3340));
#656=EDGE_LOOP('',(#3341,#3342,#3343,#3344));
#657=EDGE_LOOP('',(#3345));
#658=EDGE_LOOP('',(#3346));
#659=EDGE_LOOP('',(#3347));
#660=EDGE_LOOP('',(#3348));
#661=EDGE_LOOP('',(#3349));
#662=EDGE_LOOP('',(#3350));
#663=EDGE_LOOP('',(#3351));
#664=EDGE_LOOP('',(#3352));
#665=EDGE_LOOP('',(#3353));
#666=EDGE_LOOP('',(#3354));
#667=LINE('',#5170,#994);
#668=LINE('',#5176,#995);
#669=LINE('',#5182,#996);
#670=LINE('',#5188,#997);
#671=LINE('',#5194,#998);
#672=LINE('',#5200,#999);
#673=LINE('',#5206,#1000);
#674=LINE('',#5213,#1001);
#675=LINE('',#5216,#1002);
#676=LINE('',#5222,#1003);
#677=LINE('',#5225,#1004);
#678=LINE('',#5231,#1005);
#679=LINE('',#5234,#1006);
#680=LINE('',#5240,#1007);
#681=LINE('',#5243,#1008);
#682=LINE('',#5247,#1009);
#683=LINE('',#5249,#1010);
#684=LINE('',#5251,#1011);
#685=LINE('',#5252,#1012);
#686=LINE('',#5256,#1013);
#687=LINE('',#5258,#1014);
#688=LINE('',#5260,#1015);
#689=LINE('',#5261,#1016);
#690=LINE('',#5265,#1017);
#691=LINE('',#5267,#1018);
#692=LINE('',#5269,#1019);
#693=LINE('',#5270,#1020);
#694=LINE('',#5274,#1021);
#695=LINE('',#5276,#1022);
#696=LINE('',#5278,#1023);
#697=LINE('',#5279,#1024);
#698=LINE('',#5281,#1025);
#699=LINE('',#5282,#1026);
#700=LINE('',#5283,#1027);
#701=LINE('',#5285,#1028);
#702=LINE('',#5287,#1029);
#703=LINE('',#5291,#1030);
#704=LINE('',#5293,#1031);
#705=LINE('',#5294,#1032);
#706=LINE('',#5295,#1033);
#707=LINE('',#5297,#1034);
#708=LINE('',#5299,#1035);
#709=LINE('',#5303,#1036);
#710=LINE('',#5306,#1037);
#711=LINE('',#5310,#1038);
#712=LINE('',#5314,#1039);
#713=LINE('',#5315,#1040);
#714=LINE('',#5316,#1041);
#715=LINE('',#5317,#1042);
#716=LINE('',#5318,#1043);
#717=LINE('',#5322,#1044);
#718=LINE('',#5326,#1045);
#719=LINE('',#5327,#1046);
#720=LINE('',#5328,#1047);
#721=LINE('',#5329,#1048);
#722=LINE('',#5331,#1049);
#723=LINE('',#5332,#1050);
#724=LINE('',#5334,#1051);
#725=LINE('',#5335,#1052);
#726=LINE('',#5337,#1053);
#727=LINE('',#5338,#1054);
#728=LINE('',#5340,#1055);
#729=LINE('',#5341,#1056);
#730=LINE('',#5360,#1057);
#731=LINE('',#5363,#1058);
#732=LINE('',#5368,#1059);
#733=LINE('',#5373,#1060);
#734=LINE('',#5375,#1061);
#735=LINE('',#5377,#1062);
#736=LINE('',#5378,#1063);
#737=LINE('',#5382,#1064);
#738=LINE('',#5384,#1065);
#739=LINE('',#5386,#1066);
#740=LINE('',#5387,#1067);
#741=LINE('',#5391,#1068);
#742=LINE('',#5393,#1069);
#743=LINE('',#5395,#1070);
#744=LINE('',#5396,#1071);
#745=LINE('',#5400,#1072);
#746=LINE('',#5402,#1073);
#747=LINE('',#5404,#1074);
#748=LINE('',#5405,#1075);
#749=LINE('',#5409,#1076);
#750=LINE('',#5411,#1077);
#751=LINE('',#5413,#1078);
#752=LINE('',#5414,#1079);
#753=LINE('',#5420,#1080);
#754=LINE('',#5424,#1081);
#755=LINE('',#5428,#1082);
#756=LINE('',#5432,#1083);
#757=LINE('',#5437,#1084);
#758=LINE('',#5440,#1085);
#759=LINE('',#5442,#1086);
#760=LINE('',#5445,#1087);
#761=LINE('',#5448,#1088);
#762=LINE('',#5452,#1089);
#763=LINE('',#5456,#1090);
#764=LINE('',#5460,#1091);
#765=LINE('',#5465,#1092);
#766=LINE('',#5469,#1093);
#767=LINE('',#5474,#1094);
#768=LINE('',#5477,#1095);
#769=LINE('',#5482,#1096);
#770=LINE('',#5486,#1097);
#771=LINE('',#5490,#1098);
#772=LINE('',#5494,#1099);
#773=LINE('',#5498,#1100);
#774=LINE('',#5502,#1101);
#775=LINE('',#5507,#1102);
#776=LINE('',#5508,#1103);
#777=LINE('',#5510,#1104);
#778=LINE('',#5511,#1105);
#779=LINE('',#5513,#1106);
#780=LINE('',#5514,#1107);
#781=LINE('',#5517,#1108);
#782=LINE('',#5518,#1109);
#783=LINE('',#5522,#1110);
#784=LINE('',#5523,#1111);
#785=LINE('',#5525,#1112);
#786=LINE('',#5527,#1113);
#787=LINE('',#5529,#1114);
#788=LINE('',#5530,#1115);
#789=LINE('',#5532,#1116);
#790=LINE('',#5533,#1117);
#791=LINE('',#5535,#1118);
#792=LINE('',#5536,#1119);
#793=LINE('',#5538,#1120);
#794=LINE('',#5539,#1121);
#795=LINE('',#5541,#1122);
#796=LINE('',#5542,#1123);
#797=LINE('',#5560,#1124);
#798=LINE('',#5565,#1125);
#799=LINE('',#5570,#1126);
#800=LINE('',#5576,#1127);
#801=LINE('',#5582,#1128);
#802=LINE('',#5588,#1129);
#803=LINE('',#5594,#1130);
#804=LINE('',#5600,#1131);
#805=LINE('',#5606,#1132);
#806=LINE('',#5612,#1133);
#807=LINE('',#5617,#1134);
#808=LINE('',#5619,#1135);
#809=LINE('',#5621,#1136);
#810=LINE('',#5622,#1137);
#811=LINE('',#5626,#1138);
#812=LINE('',#5628,#1139);
#813=LINE('',#5630,#1140);
#814=LINE('',#5631,#1141);
#815=LINE('',#5635,#1142);
#816=LINE('',#5637,#1143);
#817=LINE('',#5639,#1144);
#818=LINE('',#5640,#1145);
#819=LINE('',#5644,#1146);
#820=LINE('',#5646,#1147);
#821=LINE('',#5648,#1148);
#822=LINE('',#5650,#1149);
#823=LINE('',#5652,#1150);
#824=LINE('',#5654,#1151);
#825=LINE('',#5656,#1152);
#826=LINE('',#5657,#1153);
#827=LINE('',#5661,#1154);
#828=LINE('',#5663,#1155);
#829=LINE('',#5665,#1156);
#830=LINE('',#5667,#1157);
#831=LINE('',#5669,#1158);
#832=LINE('',#5671,#1159);
#833=LINE('',#5673,#1160);
#834=LINE('',#5674,#1161);
#835=LINE('',#5677,#1162);
#836=LINE('',#5680,#1163);
#837=LINE('',#5682,#1164);
#838=LINE('',#5686,#1165);
#839=LINE('',#5688,#1166);
#840=LINE('',#5690,#1167);
#841=LINE('',#5694,#1168);
#842=LINE('',#5696,#1169);
#843=LINE('',#5697,#1170);
#844=LINE('',#5701,#1171);
#845=LINE('',#5703,#1172);
#846=LINE('',#5705,#1173);
#847=LINE('',#5706,#1174);
#848=LINE('',#5710,#1175);
#849=LINE('',#5717,#1176);
#850=LINE('',#5720,#1177);
#851=LINE('',#5722,#1178);
#852=LINE('',#5725,#1179);
#853=LINE('',#5737,#1180);
#854=LINE('',#5742,#1181);
#855=LINE('',#5745,#1182);
#856=LINE('',#5746,#1183);
#857=LINE('',#5756,#1184);
#858=LINE('',#5757,#1185);
#859=LINE('',#5761,#1186);
#860=LINE('',#5762,#1187);
#861=LINE('',#5766,#1188);
#862=LINE('',#5767,#1189);
#863=LINE('',#5769,#1190);
#864=LINE('',#5772,#1191);
#865=LINE('',#5780,#1192);
#866=LINE('',#5783,#1193);
#867=LINE('',#5788,#1194);
#868=LINE('',#5794,#1195);
#869=LINE('',#5800,#1196);
#870=LINE('',#5806,#1197);
#871=LINE('',#5812,#1198);
#872=LINE('',#5817,#1199);
#873=LINE('',#5819,#1200);
#874=LINE('',#5821,#1201);
#875=LINE('',#5822,#1202);
#876=LINE('',#5826,#1203);
#877=LINE('',#5828,#1204);
#878=LINE('',#5830,#1205);
#879=LINE('',#5831,#1206);
#880=LINE('',#5835,#1207);
#881=LINE('',#5837,#1208);
#882=LINE('',#5839,#1209);
#883=LINE('',#5840,#1210);
#884=LINE('',#5844,#1211);
#885=LINE('',#5846,#1212);
#886=LINE('',#5848,#1213);
#887=LINE('',#5849,#1214);
#888=LINE('',#5853,#1215);
#889=LINE('',#5855,#1216);
#890=LINE('',#5857,#1217);
#891=LINE('',#5858,#1218);
#892=LINE('',#5862,#1219);
#893=LINE('',#5864,#1220);
#894=LINE('',#5866,#1221);
#895=LINE('',#5867,#1222);
#896=LINE('',#5870,#1223);
#897=LINE('',#5872,#1224);
#898=LINE('',#5873,#1225);
#899=LINE('',#5877,#1226);
#900=LINE('',#5882,#1227);
#901=LINE('',#5886,#1228);
#902=LINE('',#5893,#1229);
#903=LINE('',#5897,#1230);
#904=LINE('',#5903,#1231);
#905=LINE('',#5907,#1232);
#906=LINE('',#5911,#1233);
#907=LINE('',#5917,#1234);
#908=LINE('',#5921,#1235);
#909=LINE('',#5926,#1236);
#910=LINE('',#5930,#1237);
#911=LINE('',#5934,#1238);
#912=LINE('',#5938,#1239);
#913=LINE('',#5942,#1240);
#914=LINE('',#5948,#1241);
#915=LINE('',#5951,#1242);
#916=LINE('',#5957,#1243);
#917=LINE('',#5961,#1244);
#918=LINE('',#5967,#1245);
#919=LINE('',#5971,#1246);
#920=LINE('',#5975,#1247);
#921=LINE('',#5981,#1248);
#922=LINE('',#5985,#1249);
#923=LINE('',#5992,#1250);
#924=LINE('',#5996,#1251);
#925=LINE('',#6000,#1252);
#926=LINE('',#6004,#1253);
#927=LINE('',#6008,#1254);
#928=LINE('',#6012,#1255);
#929=LINE('',#6019,#1256);
#930=LINE('',#6020,#1257);
#931=LINE('',#6022,#1258);
#932=LINE('',#6023,#1259);
#933=LINE('',#6025,#1260);
#934=LINE('',#6026,#1261);
#935=LINE('',#6028,#1262);
#936=LINE('',#6029,#1263);
#937=LINE('',#6031,#1264);
#938=LINE('',#6032,#1265);
#939=LINE('',#6034,#1266);
#940=LINE('',#6035,#1267);
#941=LINE('',#6037,#1268);
#942=LINE('',#6038,#1269);
#943=LINE('',#6040,#1270);
#944=LINE('',#6041,#1271);
#945=LINE('',#6043,#1272);
#946=LINE('',#6046,#1273);
#947=LINE('',#6047,#1274);
#948=LINE('',#6049,#1275);
#949=LINE('',#6051,#1276);
#950=LINE('',#6053,#1277);
#951=LINE('',#6054,#1278);
#952=LINE('',#6056,#1279);
#953=LINE('',#6058,#1280);
#954=LINE('',#6060,#1281);
#955=LINE('',#6061,#1282);
#956=LINE('',#6063,#1283);
#957=LINE('',#6065,#1284);
#958=LINE('',#6067,#1285);
#959=LINE('',#6069,#1286);
#960=LINE('',#6088,#1287);
#961=LINE('',#6090,#1288);
#962=LINE('',#6092,#1289);
#963=LINE('',#6093,#1290);
#964=LINE('',#6096,#1291);
#965=LINE('',#6098,#1292);
#966=LINE('',#6099,#1293);
#967=LINE('',#6102,#1294);
#968=LINE('',#6104,#1295);
#969=LINE('',#6105,#1296);
#970=LINE('',#6107,#1297);
#971=LINE('',#6108,#1298);
#972=LINE('',#6116,#1299);
#973=LINE('',#6122,#1300);
#974=LINE('',#6128,#1301);
#975=LINE('',#6134,#1302);
#976=LINE('',#6140,#1303);
#977=LINE('',#6146,#1304);
#978=LINE('',#6152,#1305);
#979=LINE('',#6158,#1306);
#980=LINE('',#6164,#1307);
#981=LINE('',#6170,#1308);
#982=LINE('',#6175,#1309);
#983=LINE('',#6177,#1310);
#984=LINE('',#6179,#1311);
#985=LINE('',#6180,#1312);
#986=LINE('',#6183,#1313);
#987=LINE('',#6185,#1314);
#988=LINE('',#6186,#1315);
#989=LINE('',#6189,#1316);
#990=LINE('',#6191,#1317);
#991=LINE('',#6192,#1318);
#992=LINE('',#6194,#1319);
#993=LINE('',#6195,#1320);
#994=VECTOR('',#4087,2.50000000000001);
#995=VECTOR('',#4094,2.5);
#996=VECTOR('',#4101,2.5);
#997=VECTOR('',#4108,2.5);
#998=VECTOR('',#4115,4.);
#999=VECTOR('',#4122,3.39999999998597);
#1000=VECTOR('',#4129,3.39999999998598);
#1001=VECTOR('',#4136,1000.);
#1002=VECTOR('',#4139,1000.);
#1003=VECTOR('',#4144,1000.);
#1004=VECTOR('',#4147,1000.);
#1005=VECTOR('',#4152,1000.);
#1006=VECTOR('',#4155,1000.);
#1007=VECTOR('',#4160,1000.);
#1008=VECTOR('',#4163,1000.);
#1009=VECTOR('',#4166,1000.);
#1010=VECTOR('',#4167,1000.);
#1011=VECTOR('',#4168,1000.);
#1012=VECTOR('',#4169,1000.);
#1013=VECTOR('',#4172,1000.);
#1014=VECTOR('',#4173,1000.);
#1015=VECTOR('',#4174,1000.);
#1016=VECTOR('',#4175,1000.);
#1017=VECTOR('',#4178,1000.);
#1018=VECTOR('',#4179,1000.);
#1019=VECTOR('',#4180,1000.);
#1020=VECTOR('',#4181,1000.);
#1021=VECTOR('',#4184,1000.);
#1022=VECTOR('',#4185,1000.);
#1023=VECTOR('',#4186,1000.);
#1024=VECTOR('',#4187,1000.);
#1025=VECTOR('',#4190,1000.);
#1026=VECTOR('',#4191,1000.);
#1027=VECTOR('',#4192,1000.);
#1028=VECTOR('',#4193,1000.);
#1029=VECTOR('',#4194,1000.);
#1030=VECTOR('',#4197,1000.);
#1031=VECTOR('',#4200,1000.);
#1032=VECTOR('',#4201,1000.);
#1033=VECTOR('',#4202,1000.);
#1034=VECTOR('',#4203,1000.);
#1035=VECTOR('',#4204,1000.);
#1036=VECTOR('',#4207,1000.);
#1037=VECTOR('',#4212,1000.);
#1038=VECTOR('',#4215,1000.);
#1039=VECTOR('',#4218,1000.);
#1040=VECTOR('',#4219,1000.);
#1041=VECTOR('',#4220,1000.);
#1042=VECTOR('',#4221,1000.);
#1043=VECTOR('',#4222,1000.);
#1044=VECTOR('',#4225,1000.);
#1045=VECTOR('',#4228,1000.);
#1046=VECTOR('',#4229,1000.);
#1047=VECTOR('',#4230,1000.);
#1048=VECTOR('',#4231,1000.);
#1049=VECTOR('',#4234,1000.);
#1050=VECTOR('',#4235,1000.);
#1051=VECTOR('',#4238,1000.);
#1052=VECTOR('',#4239,1000.);
#1053=VECTOR('',#4242,1000.);
#1054=VECTOR('',#4243,1000.);
#1055=VECTOR('',#4246,1000.);
#1056=VECTOR('',#4247,1000.);
#1057=VECTOR('',#4278,1000.);
#1058=VECTOR('',#4281,1000.);
#1059=VECTOR('',#4286,9.00000000000001);
#1060=VECTOR('',#4291,1000.);
#1061=VECTOR('',#4292,1000.);
#1062=VECTOR('',#4293,1000.);
#1063=VECTOR('',#4294,1000.);
#1064=VECTOR('',#4297,1000.);
#1065=VECTOR('',#4298,1000.);
#1066=VECTOR('',#4299,1000.);
#1067=VECTOR('',#4300,1000.);
#1068=VECTOR('',#4303,1000.);
#1069=VECTOR('',#4304,1000.);
#1070=VECTOR('',#4305,1000.);
#1071=VECTOR('',#4306,1000.);
#1072=VECTOR('',#4309,1000.);
#1073=VECTOR('',#4310,1000.);
#1074=VECTOR('',#4311,1000.);
#1075=VECTOR('',#4312,1000.);
#1076=VECTOR('',#4315,1000.);
#1077=VECTOR('',#4316,1000.);
#1078=VECTOR('',#4317,1000.);
#1079=VECTOR('',#4318,1000.);
#1080=VECTOR('',#4325,1000.);
#1081=VECTOR('',#4328,1000.);
#1082=VECTOR('',#4333,1000.);
#1083=VECTOR('',#4336,1000.);
#1084=VECTOR('',#4341,1000.);
#1085=VECTOR('',#4344,1000.);
#1086=VECTOR('',#4345,1000.);
#1087=VECTOR('',#4348,1000.);
#1088=VECTOR('',#4349,1000.);
#1089=VECTOR('',#4352,1000.);
#1090=VECTOR('',#4355,1000.);
#1091=VECTOR('',#4358,1000.);
#1092=VECTOR('',#4365,1000.);
#1093=VECTOR('',#4368,1000.);
#1094=VECTOR('',#4373,1000.);
#1095=VECTOR('',#4376,1000.);
#1096=VECTOR('',#4381,1000.);
#1097=VECTOR('',#4384,1000.);
#1098=VECTOR('',#4387,1000.);
#1099=VECTOR('',#4390,1000.);
#1100=VECTOR('',#4393,1000.);
#1101=VECTOR('',#4396,1000.);
#1102=VECTOR('',#4401,1000.);
#1103=VECTOR('',#4402,1000.);
#1104=VECTOR('',#4405,1000.);
#1105=VECTOR('',#4406,1000.);
#1106=VECTOR('',#4409,1000.);
#1107=VECTOR('',#4410,1000.);
#1108=VECTOR('',#4415,1000.);
#1109=VECTOR('',#4416,1000.);
#1110=VECTOR('',#4423,1000.);
#1111=VECTOR('',#4424,1000.);
#1112=VECTOR('',#4427,1000.);
#1113=VECTOR('',#4430,1000.);
#1114=VECTOR('',#4433,1000.);
#1115=VECTOR('',#4434,1000.);
#1116=VECTOR('',#4437,1000.);
#1117=VECTOR('',#4438,1000.);
#1118=VECTOR('',#4441,1000.);
#1119=VECTOR('',#4442,1000.);
#1120=VECTOR('',#4445,1000.);
#1121=VECTOR('',#4446,1000.);
#1122=VECTOR('',#4449,1000.);
#1123=VECTOR('',#4450,1000.);
#1124=VECTOR('',#4481,6.00000000000001);
#1125=VECTOR('',#4488,6.00000000000001);
#1126=VECTOR('',#4493,14.975);
#1127=VECTOR('',#4500,3.39999999998601);
#1128=VECTOR('',#4507,2.49999999999999);
#1129=VECTOR('',#4514,2.5);
#1130=VECTOR('',#4521,3.399999999986);
#1131=VECTOR('',#4528,2.5);
#1132=VECTOR('',#4535,2.5);
#1133=VECTOR('',#4542,10.);
#1134=VECTOR('',#4547,1000.);
#1135=VECTOR('',#4548,1000.);
#1136=VECTOR('',#4549,1000.);
#1137=VECTOR('',#4550,1000.);
#1138=VECTOR('',#4553,1000.);
#1139=VECTOR('',#4554,1000.);
#1140=VECTOR('',#4555,1000.);
#1141=VECTOR('',#4556,1000.);
#1142=VECTOR('',#4559,1000.);
#1143=VECTOR('',#4560,1000.);
#1144=VECTOR('',#4561,1000.);
#1145=VECTOR('',#4562,1000.);
#1146=VECTOR('',#4565,1000.);
#1147=VECTOR('',#4566,1000.);
#1148=VECTOR('',#4567,1000.);
#1149=VECTOR('',#4568,1000.);
#1150=VECTOR('',#4569,1000.);
#1151=VECTOR('',#4570,1000.);
#1152=VECTOR('',#4571,1000.);
#1153=VECTOR('',#4572,1000.);
#1154=VECTOR('',#4575,1000.);
#1155=VECTOR('',#4576,1000.);
#1156=VECTOR('',#4577,1000.);
#1157=VECTOR('',#4578,1000.);
#1158=VECTOR('',#4579,1000.);
#1159=VECTOR('',#4580,1000.);
#1160=VECTOR('',#4581,1000.);
#1161=VECTOR('',#4582,1000.);
#1162=VECTOR('',#4585,1000.);
#1163=VECTOR('',#4588,1000.);
#1164=VECTOR('',#4589,1000.);
#1165=VECTOR('',#4592,1000.);
#1166=VECTOR('',#4593,1000.);
#1167=VECTOR('',#4596,1000.);
#1168=VECTOR('',#4601,1000.);
#1169=VECTOR('',#4602,1000.);
#1170=VECTOR('',#4603,1000.);
#1171=VECTOR('',#4606,1000.);
#1172=VECTOR('',#4607,1000.);
#1173=VECTOR('',#4608,1000.);
#1174=VECTOR('',#4609,1000.);
#1175=VECTOR('',#4612,1000.);
#1176=VECTOR('',#4621,1000.);
#1177=VECTOR('',#4624,1000.);
#1178=VECTOR('',#4625,1000.);
#1179=VECTOR('',#4628,1000.);
#1180=VECTOR('',#4643,1000.);
#1181=VECTOR('',#4650,1000.);
#1182=VECTOR('',#4655,1000.);
#1183=VECTOR('',#4656,1000.);
#1184=VECTOR('',#4675,1000.);
#1185=VECTOR('',#4676,1000.);
#1186=VECTOR('',#4683,1000.);
#1187=VECTOR('',#4684,1000.);
#1188=VECTOR('',#4691,1000.);
#1189=VECTOR('',#4692,1000.);
#1190=VECTOR('',#4695,1000.);
#1191=VECTOR('',#4700,1000.);
#1192=VECTOR('',#4709,1000.);
#1193=VECTOR('',#4712,1000.);
#1194=VECTOR('',#4717,2.49999999999999);
#1195=VECTOR('',#4724,2.5);
#1196=VECTOR('',#4731,2.5);
#1197=VECTOR('',#4738,2.5);
#1198=VECTOR('',#4745,6.00000000000001);
#1199=VECTOR('',#4750,1000.);
#1200=VECTOR('',#4751,1000.);
#1201=VECTOR('',#4752,1000.);
#1202=VECTOR('',#4753,1000.);
#1203=VECTOR('',#4756,1000.);
#1204=VECTOR('',#4757,1000.);
#1205=VECTOR('',#4758,1000.);
#1206=VECTOR('',#4759,1000.);
#1207=VECTOR('',#4762,1000.);
#1208=VECTOR('',#4763,1000.);
#1209=VECTOR('',#4764,1000.);
#1210=VECTOR('',#4765,1000.);
#1211=VECTOR('',#4768,1000.);
#1212=VECTOR('',#4769,1000.);
#1213=VECTOR('',#4770,1000.);
#1214=VECTOR('',#4771,1000.);
#1215=VECTOR('',#4774,1000.);
#1216=VECTOR('',#4775,1000.);
#1217=VECTOR('',#4776,1000.);
#1218=VECTOR('',#4777,1000.);
#1219=VECTOR('',#4780,1000.);
#1220=VECTOR('',#4781,1000.);
#1221=VECTOR('',#4782,1000.);
#1222=VECTOR('',#4783,1000.);
#1223=VECTOR('',#4786,1000.);
#1224=VECTOR('',#4787,1000.);
#1225=VECTOR('',#4788,1000.);
#1226=VECTOR('',#4791,1000.);
#1227=VECTOR('',#4796,1000.);
#1228=VECTOR('',#4799,1000.);
#1229=VECTOR('',#4808,1000.);
#1230=VECTOR('',#4811,1000.);
#1231=VECTOR('',#4816,1000.);
#1232=VECTOR('',#4819,1000.);
#1233=VECTOR('',#4822,1000.);
#1234=VECTOR('',#4827,1000.);
#1235=VECTOR('',#4830,1000.);
#1236=VECTOR('',#4837,1000.);
#1237=VECTOR('',#4840,1000.);
#1238=VECTOR('',#4843,1000.);
#1239=VECTOR('',#4846,1000.);
#1240=VECTOR('',#4849,1000.);
#1241=VECTOR('',#4856,1000.);
#1242=VECTOR('',#4859,1000.);
#1243=VECTOR('',#4866,1000.);
#1244=VECTOR('',#4869,1000.);
#1245=VECTOR('',#4874,1000.);
#1246=VECTOR('',#4877,1000.);
#1247=VECTOR('',#4880,1000.);
#1248=VECTOR('',#4885,1000.);
#1249=VECTOR('',#4888,1000.);
#1250=VECTOR('',#4897,1000.);
#1251=VECTOR('',#4900,1000.);
#1252=VECTOR('',#4903,1000.);
#1253=VECTOR('',#4906,1000.);
#1254=VECTOR('',#4909,1000.);
#1255=VECTOR('',#4912,1000.);
#1256=VECTOR('',#4925,1000.);
#1257=VECTOR('',#4926,1000.);
#1258=VECTOR('',#4929,1000.);
#1259=VECTOR('',#4930,1000.);
#1260=VECTOR('',#4933,1000.);
#1261=VECTOR('',#4934,1000.);
#1262=VECTOR('',#4937,1000.);
#1263=VECTOR('',#4938,1000.);
#1264=VECTOR('',#4941,1000.);
#1265=VECTOR('',#4942,1000.);
#1266=VECTOR('',#4945,1000.);
#1267=VECTOR('',#4946,1000.);
#1268=VECTOR('',#4949,1000.);
#1269=VECTOR('',#4950,1000.);
#1270=VECTOR('',#4953,1000.);
#1271=VECTOR('',#4954,1000.);
#1272=VECTOR('',#4957,1000.);
#1273=VECTOR('',#4962,1000.);
#1274=VECTOR('',#4963,1000.);
#1275=VECTOR('',#4966,1000.);
#1276=VECTOR('',#4969,1000.);
#1277=VECTOR('',#4972,1000.);
#1278=VECTOR('',#4973,1000.);
#1279=VECTOR('',#4976,1000.);
#1280=VECTOR('',#4979,1000.);
#1281=VECTOR('',#4982,1000.);
#1282=VECTOR('',#4983,1000.);
#1283=VECTOR('',#4986,1000.);
#1284=VECTOR('',#4989,1000.);
#1285=VECTOR('',#4992,1000.);
#1286=VECTOR('',#4995,1000.);
#1287=VECTOR('',#5028,1000.);
#1288=VECTOR('',#5029,1000.);
#1289=VECTOR('',#5030,1000.);
#1290=VECTOR('',#5031,1000.);
#1291=VECTOR('',#5034,1000.);
#1292=VECTOR('',#5035,1000.);
#1293=VECTOR('',#5036,1000.);
#1294=VECTOR('',#5039,1000.);
#1295=VECTOR('',#5040,1000.);
#1296=VECTOR('',#5041,1000.);
#1297=VECTOR('',#5044,1000.);
#1298=VECTOR('',#5045,1000.);
#1299=VECTOR('',#5056,4.05);
#1300=VECTOR('',#5063,4.05);
#1301=VECTOR('',#5070,4.05);
#1302=VECTOR('',#5077,4.05);
#1303=VECTOR('',#5084,4.05);
#1304=VECTOR('',#5091,4.05);
#1305=VECTOR('',#5098,4.05);
#1306=VECTOR('',#5105,4.05);
#1307=VECTOR('',#5112,4.05);
#1308=VECTOR('',#5119,4.05);
#1309=VECTOR('',#5124,1000.);
#1310=VECTOR('',#5125,1000.);
#1311=VECTOR('',#5126,1000.);
#1312=VECTOR('',#5127,1000.);
#1313=VECTOR('',#5130,1000.);
#1314=VECTOR('',#5131,1000.);
#1315=VECTOR('',#5132,1000.);
#1316=VECTOR('',#5135,1000.);
#1317=VECTOR('',#5136,1000.);
#1318=VECTOR('',#5137,1000.);
#1319=VECTOR('',#5140,1000.);
#1320=VECTOR('',#5141,1000.);
#1321=CIRCLE('',#3703,2.50000000000001);
#1322=CIRCLE('',#3704,2.50000000000001);
#1323=CIRCLE('',#3706,2.5);
#1324=CIRCLE('',#3707,2.5);
#1325=CIRCLE('',#3709,2.5);
#1326=CIRCLE('',#3710,2.5);
#1327=CIRCLE('',#3712,2.5);
#1328=CIRCLE('',#3713,2.5);
#1329=CIRCLE('',#3715,4.);
#1330=CIRCLE('',#3716,4.);
#1331=CIRCLE('',#3718,3.39999999998597);
#1332=CIRCLE('',#3719,3.39999999998597);
#1333=CIRCLE('',#3721,3.39999999998598);
#1334=CIRCLE('',#3722,3.39999999998598);
#1335=CIRCLE('',#3724,3.39999999998598);
#1336=CIRCLE('',#3725,3.39999999998598);
#1337=CIRCLE('',#3727,3.39999999998598);
#1338=CIRCLE('',#3728,3.39999999998598);
#1339=CIRCLE('',#3730,3.39999999998601);
#1340=CIRCLE('',#3731,3.39999999998601);
#1341=CIRCLE('',#3733,3.399999999986);
#1342=CIRCLE('',#3734,3.399999999986);
#1343=CIRCLE('',#3740,8.00000000000001);
#1344=CIRCLE('',#3741,8.00000000000001);
#1345=CIRCLE('',#3742,8.);
#1346=CIRCLE('',#3743,8.);
#1347=CIRCLE('',#3745,8.);
#1348=CIRCLE('',#3746,8.);
#1349=CIRCLE('',#3747,8.00000000000001);
#1350=CIRCLE('',#3748,8.00000000000001);
#1351=CIRCLE('',#3767,4.19999999999993);
#1352=CIRCLE('',#3768,4.19999999999993);
#1353=CIRCLE('',#3770,9.00000000000001);
#1354=CIRCLE('',#3771,9.00000000000001);
#1355=CIRCLE('',#3778,2.);
#1356=CIRCLE('',#3779,2.);
#1357=CIRCLE('',#3780,4.20000000000004);
#1358=CIRCLE('',#3781,2.);
#1359=CIRCLE('',#3782,2.);
#1360=CIRCLE('',#3783,10.);
#1361=CIRCLE('',#3784,10.);
#1362=CIRCLE('',#3785,10.);
#1363=CIRCLE('',#3786,10.);
#1364=CIRCLE('',#3787,4.19999999999998);
#1365=CIRCLE('',#3788,10.);
#1366=CIRCLE('',#3789,10.);
#1367=CIRCLE('',#3790,10.);
#1368=CIRCLE('',#3791,10.);
#1369=CIRCLE('',#3793,2.);
#1370=CIRCLE('',#3794,10.);
#1371=CIRCLE('',#3795,10.);
#1372=CIRCLE('',#3796,10.);
#1373=CIRCLE('',#3797,10.);
#1374=CIRCLE('',#3798,2.);
#1375=CIRCLE('',#3799,2.);
#1376=CIRCLE('',#3800,4.20000000000004);
#1377=CIRCLE('',#3801,2.);
#1378=CIRCLE('',#3802,10.);
#1379=CIRCLE('',#3803,10.);
#1380=CIRCLE('',#3804,10.);
#1381=CIRCLE('',#3805,10.);
#1382=CIRCLE('',#3806,4.19999999999998);
#1383=CIRCLE('',#3835,6.00000000000001);
#1384=CIRCLE('',#3836,13.);
#1385=CIRCLE('',#3838,6.00000000000001);
#1386=CIRCLE('',#3840,14.975);
#1387=CIRCLE('',#3841,14.975);
#1388=CIRCLE('',#3843,3.39999999998601);
#1389=CIRCLE('',#3844,3.39999999998601);
#1390=CIRCLE('',#3846,2.49999999999999);
#1391=CIRCLE('',#3847,2.49999999999999);
#1392=CIRCLE('',#3849,2.50000000000001);
#1393=CIRCLE('',#3850,2.50000000000001);
#1394=CIRCLE('',#3852,3.399999999986);
#1395=CIRCLE('',#3853,3.399999999986);
#1396=CIRCLE('',#3855,2.5);
#1397=CIRCLE('',#3856,2.5);
#1398=CIRCLE('',#3858,2.5);
#1399=CIRCLE('',#3859,2.5);
#1400=CIRCLE('',#3861,10.);
#1401=CIRCLE('',#3862,10.);
#1402=CIRCLE('',#3869,4.09999999999999);
#1403=CIRCLE('',#3870,4.09999999999999);
#1404=CIRCLE('',#3871,8.00000000000001);
#1405=CIRCLE('',#3872,8.);
#1406=CIRCLE('',#3876,5.);
#1407=CIRCLE('',#3877,5.);
#1408=CIRCLE('',#3878,8.00000000000001);
#1409=CIRCLE('',#3879,8.00000000000001);
#1410=CIRCLE('',#3880,4.09999999999999);
#1411=CIRCLE('',#3881,4.09999999999999);
#1412=CIRCLE('',#3882,8.);
#1413=CIRCLE('',#3883,8.);
#1414=CIRCLE('',#3884,5.);
#1415=CIRCLE('',#3885,5.);
#1416=CIRCLE('',#3887,5.);
#1417=CIRCLE('',#3888,5.);
#1418=CIRCLE('',#3889,5.);
#1419=CIRCLE('',#3890,5.);
#1420=CIRCLE('',#3891,8.);
#1421=CIRCLE('',#3892,8.00000000000001);
#1422=CIRCLE('',#3915,1.);
#1423=CIRCLE('',#3916,1.);
#1424=CIRCLE('',#3918,2.49999999999999);
#1425=CIRCLE('',#3919,2.49999999999999);
#1426=CIRCLE('',#3921,2.50000000000001);
#1427=CIRCLE('',#3922,2.50000000000001);
#1428=CIRCLE('',#3924,2.5);
#1429=CIRCLE('',#3925,2.5);
#1430=CIRCLE('',#3927,2.5);
#1431=CIRCLE('',#3928,2.5);
#1432=CIRCLE('',#3930,6.00000000000001);
#1433=CIRCLE('',#3931,6.00000000000001);
#1434=CIRCLE('',#3940,1.);
#1435=CIRCLE('',#3941,1.);
#1436=CIRCLE('',#3942,4.20000000000004);
#1437=CIRCLE('',#3943,1.);
#1438=CIRCLE('',#3944,8.00000000000001);
#1439=CIRCLE('',#3945,8.00000000000001);
#1440=CIRCLE('',#3946,1.);
#1441=CIRCLE('',#3947,4.20000000000004);
#1442=CIRCLE('',#3948,1.);
#1443=CIRCLE('',#3949,10.);
#1444=CIRCLE('',#3950,10.);
#1445=CIRCLE('',#3951,10.);
#1446=CIRCLE('',#3952,10.);
#1447=CIRCLE('',#3953,1.);
#1448=CIRCLE('',#3954,4.19999999999993);
#1449=CIRCLE('',#3955,1.);
#1450=CIRCLE('',#3956,8.);
#1451=CIRCLE('',#3957,8.);
#1452=CIRCLE('',#3958,4.19999999999993);
#1453=CIRCLE('',#3959,10.);
#1454=CIRCLE('',#3960,10.);
#1455=CIRCLE('',#3961,10.);
#1456=CIRCLE('',#3962,10.);
#1457=CIRCLE('',#3964,1.);
#1458=CIRCLE('',#3965,4.19999999999993);
#1459=CIRCLE('',#3966,8.);
#1460=CIRCLE('',#3967,8.);
#1461=CIRCLE('',#3968,1.);
#1462=CIRCLE('',#3969,4.19999999999993);
#1463=CIRCLE('',#3970,1.);
#1464=CIRCLE('',#3971,10.);
#1465=CIRCLE('',#3972,10.);
#1466=CIRCLE('',#3973,10.);
#1467=CIRCLE('',#3974,10.);
#1468=CIRCLE('',#3975,1.);
#1469=CIRCLE('',#3976,4.20000000000004);
#1470=CIRCLE('',#3977,1.);
#1471=CIRCLE('',#3978,8.00000000000001);
#1472=CIRCLE('',#3979,8.00000000000001);
#1473=CIRCLE('',#3980,1.);
#1474=CIRCLE('',#3981,4.20000000000004);
#1475=CIRCLE('',#3982,1.);
#1476=CIRCLE('',#3983,10.);
#1477=CIRCLE('',#3984,10.);
#1478=CIRCLE('',#3985,10.);
#1479=CIRCLE('',#3986,10.);
#1480=CIRCLE('',#4035,4.05);
#1481=CIRCLE('',#4036,4.05);
#1482=CIRCLE('',#4038,4.05);
#1483=CIRCLE('',#4039,4.05);
#1484=CIRCLE('',#4041,4.05);
#1485=CIRCLE('',#4042,4.05);
#1486=CIRCLE('',#4044,4.05);
#1487=CIRCLE('',#4045,4.05);
#1488=CIRCLE('',#4047,4.05);
#1489=CIRCLE('',#4048,4.05);
#1490=CIRCLE('',#4050,4.05);
#1491=CIRCLE('',#4051,4.05);
#1492=CIRCLE('',#4053,4.05);
#1493=CIRCLE('',#4054,4.05);
#1494=CIRCLE('',#4056,4.05);
#1495=CIRCLE('',#4057,4.05);
#1496=CIRCLE('',#4059,4.05);
#1497=CIRCLE('',#4060,4.05);
#1498=CIRCLE('',#4062,4.05);
#1499=CIRCLE('',#4063,4.05);
#1500=VERTEX_POINT('',#5167);
#1501=VERTEX_POINT('',#5169);
#1502=VERTEX_POINT('',#5173);
#1503=VERTEX_POINT('',#5175);
#1504=VERTEX_POINT('',#5179);
#1505=VERTEX_POINT('',#5181);
#1506=VERTEX_POINT('',#5185);
#1507=VERTEX_POINT('',#5187);
#1508=VERTEX_POINT('',#5191);
#1509=VERTEX_POINT('',#5193);
#1510=VERTEX_POINT('',#5197);
#1511=VERTEX_POINT('',#5199);
#1512=VERTEX_POINT('',#5203);
#1513=VERTEX_POINT('',#5205);
#1514=VERTEX_POINT('',#5209);
#1515=VERTEX_POINT('',#5210);
#1516=VERTEX_POINT('',#5212);
#1517=VERTEX_POINT('',#5214);
#1518=VERTEX_POINT('',#5218);
#1519=VERTEX_POINT('',#5219);
#1520=VERTEX_POINT('',#5221);
#1521=VERTEX_POINT('',#5223);
#1522=VERTEX_POINT('',#5227);
#1523=VERTEX_POINT('',#5228);
#1524=VERTEX_POINT('',#5230);
#1525=VERTEX_POINT('',#5232);
#1526=VERTEX_POINT('',#5236);
#1527=VERTEX_POINT('',#5237);
#1528=VERTEX_POINT('',#5239);
#1529=VERTEX_POINT('',#5241);
#1530=VERTEX_POINT('',#5245);
#1531=VERTEX_POINT('',#5246);
#1532=VERTEX_POINT('',#5248);
#1533=VERTEX_POINT('',#5250);
#1534=VERTEX_POINT('',#5254);
#1535=VERTEX_POINT('',#5255);
#1536=VERTEX_POINT('',#5257);
#1537=VERTEX_POINT('',#5259);
#1538=VERTEX_POINT('',#5263);
#1539=VERTEX_POINT('',#5264);
#1540=VERTEX_POINT('',#5266);
#1541=VERTEX_POINT('',#5268);
#1542=VERTEX_POINT('',#5272);
#1543=VERTEX_POINT('',#5273);
#1544=VERTEX_POINT('',#5275);
#1545=VERTEX_POINT('',#5277);
#1546=VERTEX_POINT('',#5284);
#1547=VERTEX_POINT('',#5286);
#1548=VERTEX_POINT('',#5288);
#1549=VERTEX_POINT('',#5290);
#1550=VERTEX_POINT('',#5296);
#1551=VERTEX_POINT('',#5298);
#1552=VERTEX_POINT('',#5300);
#1553=VERTEX_POINT('',#5302);
#1554=VERTEX_POINT('',#5307);
#1555=VERTEX_POINT('',#5309);
#1556=VERTEX_POINT('',#5311);
#1557=VERTEX_POINT('',#5313);
#1558=VERTEX_POINT('',#5319);
#1559=VERTEX_POINT('',#5321);
#1560=VERTEX_POINT('',#5323);
#1561=VERTEX_POINT('',#5325);
#1562=VERTEX_POINT('',#5356);
#1563=VERTEX_POINT('',#5357);
#1564=VERTEX_POINT('',#5359);
#1565=VERTEX_POINT('',#5361);
#1566=VERTEX_POINT('',#5365);
#1567=VERTEX_POINT('',#5367);
#1568=VERTEX_POINT('',#5371);
#1569=VERTEX_POINT('',#5372);
#1570=VERTEX_POINT('',#5374);
#1571=VERTEX_POINT('',#5376);
#1572=VERTEX_POINT('',#5380);
#1573=VERTEX_POINT('',#5381);
#1574=VERTEX_POINT('',#5383);
#1575=VERTEX_POINT('',#5385);
#1576=VERTEX_POINT('',#5389);
#1577=VERTEX_POINT('',#5390);
#1578=VERTEX_POINT('',#5392);
#1579=VERTEX_POINT('',#5394);
#1580=VERTEX_POINT('',#5398);
#1581=VERTEX_POINT('',#5399);
#1582=VERTEX_POINT('',#5401);
#1583=VERTEX_POINT('',#5403);
#1584=VERTEX_POINT('',#5407);
#1585=VERTEX_POINT('',#5408);
#1586=VERTEX_POINT('',#5410);
#1587=VERTEX_POINT('',#5412);
#1588=VERTEX_POINT('',#5417);
#1589=VERTEX_POINT('',#5419);
#1590=VERTEX_POINT('',#5421);
#1591=VERTEX_POINT('',#5423);
#1592=VERTEX_POINT('',#5427);
#1593=VERTEX_POINT('',#5429);
#1594=VERTEX_POINT('',#5431);
#1595=VERTEX_POINT('',#5434);
#1596=VERTEX_POINT('',#5436);
#1597=VERTEX_POINT('',#5438);
#1598=VERTEX_POINT('',#5441);
#1599=VERTEX_POINT('',#5443);
#1600=VERTEX_POINT('',#5446);
#1601=VERTEX_POINT('',#5447);
#1602=VERTEX_POINT('',#5449);
#1603=VERTEX_POINT('',#5451);
#1604=VERTEX_POINT('',#5453);
#1605=VERTEX_POINT('',#5455);
#1606=VERTEX_POINT('',#5457);
#1607=VERTEX_POINT('',#5459);
#1608=VERTEX_POINT('',#5464);
#1609=VERTEX_POINT('',#5466);
#1610=VERTEX_POINT('',#5468);
#1611=VERTEX_POINT('',#5471);
#1612=VERTEX_POINT('',#5473);
#1613=VERTEX_POINT('',#5475);
#1614=VERTEX_POINT('',#5479);
#1615=VERTEX_POINT('',#5481);
#1616=VERTEX_POINT('',#5483);
#1617=VERTEX_POINT('',#5485);
#1618=VERTEX_POINT('',#5488);
#1619=VERTEX_POINT('',#5489);
#1620=VERTEX_POINT('',#5491);
#1621=VERTEX_POINT('',#5493);
#1622=VERTEX_POINT('',#5495);
#1623=VERTEX_POINT('',#5497);
#1624=VERTEX_POINT('',#5499);
#1625=VERTEX_POINT('',#5501);
#1626=VERTEX_POINT('',#5504);
#1627=VERTEX_POINT('',#5505);
#1628=VERTEX_POINT('',#5557);
#1629=VERTEX_POINT('',#5559);
#1630=VERTEX_POINT('',#5563);
#1631=VERTEX_POINT('',#5567);
#1632=VERTEX_POINT('',#5569);
#1633=VERTEX_POINT('',#5573);
#1634=VERTEX_POINT('',#5575);
#1635=VERTEX_POINT('',#5579);
#1636=VERTEX_POINT('',#5581);
#1637=VERTEX_POINT('',#5585);
#1638=VERTEX_POINT('',#5587);
#1639=VERTEX_POINT('',#5591);
#1640=VERTEX_POINT('',#5593);
#1641=VERTEX_POINT('',#5597);
#1642=VERTEX_POINT('',#5599);
#1643=VERTEX_POINT('',#5603);
#1644=VERTEX_POINT('',#5605);
#1645=VERTEX_POINT('',#5609);
#1646=VERTEX_POINT('',#5611);
#1647=VERTEX_POINT('',#5615);
#1648=VERTEX_POINT('',#5616);
#1649=VERTEX_POINT('',#5618);
#1650=VERTEX_POINT('',#5620);
#1651=VERTEX_POINT('',#5624);
#1652=VERTEX_POINT('',#5625);
#1653=VERTEX_POINT('',#5627);
#1654=VERTEX_POINT('',#5629);
#1655=VERTEX_POINT('',#5633);
#1656=VERTEX_POINT('',#5634);
#1657=VERTEX_POINT('',#5636);
#1658=VERTEX_POINT('',#5638);
#1659=VERTEX_POINT('',#5642);
#1660=VERTEX_POINT('',#5643);
#1661=VERTEX_POINT('',#5645);
#1662=VERTEX_POINT('',#5647);
#1663=VERTEX_POINT('',#5649);
#1664=VERTEX_POINT('',#5651);
#1665=VERTEX_POINT('',#5653);
#1666=VERTEX_POINT('',#5655);
#1667=VERTEX_POINT('',#5659);
#1668=VERTEX_POINT('',#5660);
#1669=VERTEX_POINT('',#5662);
#1670=VERTEX_POINT('',#5664);
#1671=VERTEX_POINT('',#5666);
#1672=VERTEX_POINT('',#5668);
#1673=VERTEX_POINT('',#5670);
#1674=VERTEX_POINT('',#5672);
#1675=VERTEX_POINT('',#5676);
#1676=VERTEX_POINT('',#5678);
#1677=VERTEX_POINT('',#5681);
#1678=VERTEX_POINT('',#5683);
#1679=VERTEX_POINT('',#5685);
#1680=VERTEX_POINT('',#5687);
#1681=VERTEX_POINT('',#5693);
#1682=VERTEX_POINT('',#5695);
#1683=VERTEX_POINT('',#5699);
#1684=VERTEX_POINT('',#5700);
#1685=VERTEX_POINT('',#5702);
#1686=VERTEX_POINT('',#5704);
#1687=VERTEX_POINT('',#5708);
#1688=VERTEX_POINT('',#5709);
#1689=VERTEX_POINT('',#5711);
#1690=VERTEX_POINT('',#5716);
#1691=VERTEX_POINT('',#5718);
#1692=VERTEX_POINT('',#5721);
#1693=VERTEX_POINT('',#5723);
#1694=VERTEX_POINT('',#5728);
#1695=VERTEX_POINT('',#5732);
#1696=VERTEX_POINT('',#5734);
#1697=VERTEX_POINT('',#5736);
#1698=VERTEX_POINT('',#5738);
#1699=VERTEX_POINT('',#5776);
#1700=VERTEX_POINT('',#5777);
#1701=VERTEX_POINT('',#5779);
#1702=VERTEX_POINT('',#5781);
#1703=VERTEX_POINT('',#5785);
#1704=VERTEX_POINT('',#5787);
#1705=VERTEX_POINT('',#5791);
#1706=VERTEX_POINT('',#5793);
#1707=VERTEX_POINT('',#5797);
#1708=VERTEX_POINT('',#5799);
#1709=VERTEX_POINT('',#5803);
#1710=VERTEX_POINT('',#5805);
#1711=VERTEX_POINT('',#5809);
#1712=VERTEX_POINT('',#5811);
#1713=VERTEX_POINT('',#5815);
#1714=VERTEX_POINT('',#5816);
#1715=VERTEX_POINT('',#5818);
#1716=VERTEX_POINT('',#5820);
#1717=VERTEX_POINT('',#5824);
#1718=VERTEX_POINT('',#5825);
#1719=VERTEX_POINT('',#5827);
#1720=VERTEX_POINT('',#5829);
#1721=VERTEX_POINT('',#5833);
#1722=VERTEX_POINT('',#5834);
#1723=VERTEX_POINT('',#5836);
#1724=VERTEX_POINT('',#5838);
#1725=VERTEX_POINT('',#5842);
#1726=VERTEX_POINT('',#5843);
#1727=VERTEX_POINT('',#5845);
#1728=VERTEX_POINT('',#5847);
#1729=VERTEX_POINT('',#5851);
#1730=VERTEX_POINT('',#5852);
#1731=VERTEX_POINT('',#5854);
#1732=VERTEX_POINT('',#5856);
#1733=VERTEX_POINT('',#5860);
#1734=VERTEX_POINT('',#5861);
#1735=VERTEX_POINT('',#5863);
#1736=VERTEX_POINT('',#5865);
#1737=VERTEX_POINT('',#5869);
#1738=VERTEX_POINT('',#5871);
#1739=VERTEX_POINT('',#5875);
#1740=VERTEX_POINT('',#5876);
#1741=VERTEX_POINT('',#5879);
#1742=VERTEX_POINT('',#5881);
#1743=VERTEX_POINT('',#5883);
#1744=VERTEX_POINT('',#5885);
#1745=VERTEX_POINT('',#5890);
#1746=VERTEX_POINT('',#5892);
#1747=VERTEX_POINT('',#5894);
#1748=VERTEX_POINT('',#5896);
#1749=VERTEX_POINT('',#5898);
#1750=VERTEX_POINT('',#5900);
#1751=VERTEX_POINT('',#5902);
#1752=VERTEX_POINT('',#5904);
#1753=VERTEX_POINT('',#5906);
#1754=VERTEX_POINT('',#5908);
#1755=VERTEX_POINT('',#5910);
#1756=VERTEX_POINT('',#5912);
#1757=VERTEX_POINT('',#5914);
#1758=VERTEX_POINT('',#5916);
#1759=VERTEX_POINT('',#5918);
#1760=VERTEX_POINT('',#5920);
#1761=VERTEX_POINT('',#5925);
#1762=VERTEX_POINT('',#5928);
#1763=VERTEX_POINT('',#5929);
#1764=VERTEX_POINT('',#5931);
#1765=VERTEX_POINT('',#5933);
#1766=VERTEX_POINT('',#5935);
#1767=VERTEX_POINT('',#5937);
#1768=VERTEX_POINT('',#5939);
#1769=VERTEX_POINT('',#5941);
#1770=VERTEX_POINT('',#5945);
#1771=VERTEX_POINT('',#5947);
#1772=VERTEX_POINT('',#5949);
#1773=VERTEX_POINT('',#5954);
#1774=VERTEX_POINT('',#5956);
#1775=VERTEX_POINT('',#5958);
#1776=VERTEX_POINT('',#5960);
#1777=VERTEX_POINT('',#5962);
#1778=VERTEX_POINT('',#5964);
#1779=VERTEX_POINT('',#5966);
#1780=VERTEX_POINT('',#5968);
#1781=VERTEX_POINT('',#5970);
#1782=VERTEX_POINT('',#5972);
#1783=VERTEX_POINT('',#5974);
#1784=VERTEX_POINT('',#5976);
#1785=VERTEX_POINT('',#5978);
#1786=VERTEX_POINT('',#5980);
#1787=VERTEX_POINT('',#5982);
#1788=VERTEX_POINT('',#5984);
#1789=VERTEX_POINT('',#5989);
#1790=VERTEX_POINT('',#5991);
#1791=VERTEX_POINT('',#5993);
#1792=VERTEX_POINT('',#5995);
#1793=VERTEX_POINT('',#5998);
#1794=VERTEX_POINT('',#5999);
#1795=VERTEX_POINT('',#6001);
#1796=VERTEX_POINT('',#6003);
#1797=VERTEX_POINT('',#6005);
#1798=VERTEX_POINT('',#6007);
#1799=VERTEX_POINT('',#6009);
#1800=VERTEX_POINT('',#6011);
#1801=VERTEX_POINT('',#6086);
#1802=VERTEX_POINT('',#6087);
#1803=VERTEX_POINT('',#6089);
#1804=VERTEX_POINT('',#6091);
#1805=VERTEX_POINT('',#6095);
#1806=VERTEX_POINT('',#6097);
#1807=VERTEX_POINT('',#6101);
#1808=VERTEX_POINT('',#6103);
#1809=VERTEX_POINT('',#6113);
#1810=VERTEX_POINT('',#6115);
#1811=VERTEX_POINT('',#6119);
#1812=VERTEX_POINT('',#6121);
#1813=VERTEX_POINT('',#6125);
#1814=VERTEX_POINT('',#6127);
#1815=VERTEX_POINT('',#6131);
#1816=VERTEX_POINT('',#6133);
#1817=VERTEX_POINT('',#6137);
#1818=VERTEX_POINT('',#6139);
#1819=VERTEX_POINT('',#6143);
#1820=VERTEX_POINT('',#6145);
#1821=VERTEX_POINT('',#6149);
#1822=VERTEX_POINT('',#6151);
#1823=VERTEX_POINT('',#6155);
#1824=VERTEX_POINT('',#6157);
#1825=VERTEX_POINT('',#6161);
#1826=VERTEX_POINT('',#6163);
#1827=VERTEX_POINT('',#6167);
#1828=VERTEX_POINT('',#6169);
#1829=VERTEX_POINT('',#6173);
#1830=VERTEX_POINT('',#6174);
#1831=VERTEX_POINT('',#6176);
#1832=VERTEX_POINT('',#6178);
#1833=VERTEX_POINT('',#6182);
#1834=VERTEX_POINT('',#6184);
#1835=VERTEX_POINT('',#6188);
#1836=VERTEX_POINT('',#6190);
#1837=EDGE_CURVE('',#1500,#1500,#1321,.T.);
#1838=EDGE_CURVE('',#1500,#1501,#667,.T.);
#1839=EDGE_CURVE('',#1501,#1501,#1322,.T.);
#1840=EDGE_CURVE('',#1502,#1502,#1323,.T.);
#1841=EDGE_CURVE('',#1502,#1503,#668,.T.);
#1842=EDGE_CURVE('',#1503,#1503,#1324,.T.);
#1843=EDGE_CURVE('',#1504,#1504,#1325,.T.);
#1844=EDGE_CURVE('',#1504,#1505,#669,.T.);
#1845=EDGE_CURVE('',#1505,#1505,#1326,.T.);
#1846=EDGE_CURVE('',#1506,#1506,#1327,.T.);
#1847=EDGE_CURVE('',#1506,#1507,#670,.T.);
#1848=EDGE_CURVE('',#1507,#1507,#1328,.T.);
#1849=EDGE_CURVE('',#1508,#1508,#1329,.T.);
#1850=EDGE_CURVE('',#1508,#1509,#671,.T.);
#1851=EDGE_CURVE('',#1509,#1509,#1330,.T.);
#1852=EDGE_CURVE('',#1510,#1510,#1331,.T.);
#1853=EDGE_CURVE('',#1510,#1511,#672,.T.);
#1854=EDGE_CURVE('',#1511,#1511,#1332,.T.);
#1855=EDGE_CURVE('',#1512,#1512,#1333,.T.);
#1856=EDGE_CURVE('',#1512,#1513,#673,.T.);
#1857=EDGE_CURVE('',#1513,#1513,#1334,.T.);
#1858=EDGE_CURVE('',#1514,#1515,#1335,.T.);
#1859=EDGE_CURVE('',#1514,#1516,#674,.T.);
#1860=EDGE_CURVE('',#1516,#1517,#1336,.T.);
#1861=EDGE_CURVE('',#1515,#1517,#675,.T.);
#1862=EDGE_CURVE('',#1518,#1519,#1337,.T.);
#1863=EDGE_CURVE('',#1518,#1520,#676,.T.);
#1864=EDGE_CURVE('',#1520,#1521,#1338,.T.);
#1865=EDGE_CURVE('',#1519,#1521,#677,.T.);
#1866=EDGE_CURVE('',#1522,#1523,#1339,.T.);
#1867=EDGE_CURVE('',#1522,#1524,#678,.T.);
#1868=EDGE_CURVE('',#1524,#1525,#1340,.T.);
#1869=EDGE_CURVE('',#1523,#1525,#679,.T.);
#1870=EDGE_CURVE('',#1526,#1527,#1341,.T.);
#1871=EDGE_CURVE('',#1526,#1528,#680,.T.);
#1872=EDGE_CURVE('',#1528,#1529,#1342,.T.);
#1873=EDGE_CURVE('',#1527,#1529,#681,.T.);
#1874=EDGE_CURVE('',#1530,#1531,#682,.T.);
#1875=EDGE_CURVE('',#1531,#1532,#683,.T.);
#1876=EDGE_CURVE('',#1532,#1533,#684,.T.);
#1877=EDGE_CURVE('',#1533,#1530,#685,.T.);
#1878=EDGE_CURVE('',#1534,#1535,#686,.T.);
#1879=EDGE_CURVE('',#1535,#1536,#687,.T.);
#1880=EDGE_CURVE('',#1536,#1537,#688,.T.);
#1881=EDGE_CURVE('',#1537,#1534,#689,.T.);
#1882=EDGE_CURVE('',#1538,#1539,#690,.T.);
#1883=EDGE_CURVE('',#1540,#1538,#691,.T.);
#1884=EDGE_CURVE('',#1540,#1541,#692,.T.);
#1885=EDGE_CURVE('',#1539,#1541,#693,.T.);
#1886=EDGE_CURVE('',#1542,#1543,#694,.T.);
#1887=EDGE_CURVE('',#1544,#1542,#695,.T.);
#1888=EDGE_CURVE('',#1545,#1544,#696,.T.);
#1889=EDGE_CURVE('',#1543,#1545,#697,.T.);
#1890=EDGE_CURVE('',#1522,#1532,#698,.T.);
#1891=EDGE_CURVE('',#1535,#1523,#699,.T.);
#1892=EDGE_CURVE('',#1518,#1534,#700,.T.);
#1893=EDGE_CURVE('',#1546,#1519,#701,.T.);
#1894=EDGE_CURVE('',#1547,#1546,#702,.T.);
#1895=EDGE_CURVE('',#1547,#1548,#1343,.T.);
#1896=EDGE_CURVE('',#1548,#1549,#703,.T.);
#1897=EDGE_CURVE('',#1549,#1540,#1344,.T.);
#1898=EDGE_CURVE('',#1526,#1538,#704,.T.);
#1899=EDGE_CURVE('',#1543,#1527,#705,.T.);
#1900=EDGE_CURVE('',#1514,#1545,#706,.T.);
#1901=EDGE_CURVE('',#1550,#1515,#707,.T.);
#1902=EDGE_CURVE('',#1550,#1551,#708,.T.);
#1903=EDGE_CURVE('',#1551,#1552,#1345,.T.);
#1904=EDGE_CURVE('',#1552,#1553,#709,.T.);
#1905=EDGE_CURVE('',#1553,#1533,#1346,.T.);
#1906=EDGE_CURVE('',#1524,#1531,#710,.T.);
#1907=EDGE_CURVE('',#1530,#1554,#1347,.T.);
#1908=EDGE_CURVE('',#1555,#1554,#711,.T.);
#1909=EDGE_CURVE('',#1555,#1556,#1348,.T.);
#1910=EDGE_CURVE('',#1556,#1557,#712,.T.);
#1911=EDGE_CURVE('',#1557,#1517,#713,.T.);
#1912=EDGE_CURVE('',#1516,#1544,#714,.T.);
#1913=EDGE_CURVE('',#1542,#1529,#715,.T.);
#1914=EDGE_CURVE('',#1528,#1539,#716,.T.);
#1915=EDGE_CURVE('',#1541,#1558,#1349,.T.);
#1916=EDGE_CURVE('',#1559,#1558,#717,.T.);
#1917=EDGE_CURVE('',#1559,#1560,#1350,.T.);
#1918=EDGE_CURVE('',#1561,#1560,#718,.T.);
#1919=EDGE_CURVE('',#1561,#1521,#719,.T.);
#1920=EDGE_CURVE('',#1520,#1537,#720,.T.);
#1921=EDGE_CURVE('',#1536,#1525,#721,.T.);
#1922=EDGE_CURVE('',#1554,#1553,#722,.T.);
#1923=EDGE_CURVE('',#1552,#1555,#723,.T.);
#1924=EDGE_CURVE('',#1548,#1559,#724,.T.);
#1925=EDGE_CURVE('',#1558,#1549,#725,.T.);
#1926=EDGE_CURVE('',#1546,#1561,#726,.T.);
#1927=EDGE_CURVE('',#1560,#1547,#727,.T.);
#1928=EDGE_CURVE('',#1557,#1550,#728,.T.);
#1929=EDGE_CURVE('',#1556,#1551,#729,.T.);
#1930=EDGE_CURVE('',#1562,#1563,#1351,.T.);
#1931=EDGE_CURVE('',#1563,#1564,#730,.T.);
#1932=EDGE_CURVE('',#1565,#1564,#1352,.T.);
#1933=EDGE_CURVE('',#1562,#1565,#731,.T.);
#1934=EDGE_CURVE('',#1566,#1566,#1353,.T.);
#1935=EDGE_CURVE('',#1566,#1567,#732,.T.);
#1936=EDGE_CURVE('',#1567,#1567,#1354,.T.);
#1937=EDGE_CURVE('',#1568,#1569,#733,.T.);
#1938=EDGE_CURVE('',#1568,#1570,#734,.T.);
#1939=EDGE_CURVE('',#1570,#1571,#735,.T.);
#1940=EDGE_CURVE('',#1571,#1569,#736,.T.);
#1941=EDGE_CURVE('',#1572,#1573,#737,.T.);
#1942=EDGE_CURVE('',#1572,#1574,#738,.T.);
#1943=EDGE_CURVE('',#1574,#1575,#739,.T.);
#1944=EDGE_CURVE('',#1575,#1573,#740,.T.);
#1945=EDGE_CURVE('',#1576,#1577,#741,.T.);
#1946=EDGE_CURVE('',#1576,#1578,#742,.T.);
#1947=EDGE_CURVE('',#1578,#1579,#743,.T.);
#1948=EDGE_CURVE('',#1579,#1577,#744,.T.);
#1949=EDGE_CURVE('',#1580,#1581,#745,.T.);
#1950=EDGE_CURVE('',#1581,#1582,#746,.T.);
#1951=EDGE_CURVE('',#1583,#1582,#747,.T.);
#1952=EDGE_CURVE('',#1583,#1580,#748,.T.);
#1953=EDGE_CURVE('',#1584,#1585,#749,.T.);
#1954=EDGE_CURVE('',#1585,#1586,#750,.T.);
#1955=EDGE_CURVE('',#1587,#1586,#751,.T.);
#1956=EDGE_CURVE('',#1587,#1584,#752,.T.);
#1957=EDGE_CURVE('',#1586,#1572,#1355,.T.);
#1958=EDGE_CURVE('',#1573,#1588,#1356,.T.);
#1959=EDGE_CURVE('',#1588,#1589,#753,.T.);
#1960=EDGE_CURVE('',#1589,#1590,#1357,.T.);
#1961=EDGE_CURVE('',#1590,#1591,#754,.T.);
#1962=EDGE_CURVE('',#1591,#1568,#1358,.T.);
#1963=EDGE_CURVE('',#1569,#1576,#1359,.T.);
#1964=EDGE_CURVE('',#1577,#1592,#755,.T.);
#1965=EDGE_CURVE('',#1592,#1593,#1360,.T.);
#1966=EDGE_CURVE('',#1593,#1594,#756,.T.);
#1967=EDGE_CURVE('',#1594,#1583,#1361,.T.);
#1968=EDGE_CURVE('',#1582,#1595,#1362,.T.);
#1969=EDGE_CURVE('',#1595,#1596,#757,.T.);
#1970=EDGE_CURVE('',#1596,#1597,#1363,.T.);
#1971=EDGE_CURVE('',#1597,#1587,#758,.T.);
#1972=EDGE_CURVE('',#1564,#1598,#759,.T.);
#1973=EDGE_CURVE('',#1598,#1599,#1364,.T.);
#1974=EDGE_CURVE('',#1599,#1565,#760,.T.);
#1975=EDGE_CURVE('',#1600,#1601,#761,.T.);
#1976=EDGE_CURVE('',#1600,#1602,#1365,.T.);
#1977=EDGE_CURVE('',#1603,#1602,#762,.T.);
#1978=EDGE_CURVE('',#1603,#1604,#1366,.T.);
#1979=EDGE_CURVE('',#1605,#1604,#763,.T.);
#1980=EDGE_CURVE('',#1605,#1606,#1367,.T.);
#1981=EDGE_CURVE('',#1607,#1606,#764,.T.);
#1982=EDGE_CURVE('',#1607,#1601,#1368,.T.);
#1983=EDGE_CURVE('',#1574,#1585,#1369,.T.);
#1984=EDGE_CURVE('',#1608,#1584,#765,.T.);
#1985=EDGE_CURVE('',#1608,#1609,#1370,.T.);
#1986=EDGE_CURVE('',#1610,#1609,#766,.T.);
#1987=EDGE_CURVE('',#1610,#1581,#1371,.T.);
#1988=EDGE_CURVE('',#1580,#1611,#1372,.T.);
#1989=EDGE_CURVE('',#1612,#1611,#767,.T.);
#1990=EDGE_CURVE('',#1612,#1613,#1373,.T.);
#1991=EDGE_CURVE('',#1579,#1613,#768,.T.);
#1992=EDGE_CURVE('',#1578,#1571,#1374,.T.);
#1993=EDGE_CURVE('',#1570,#1614,#1375,.T.);
#1994=EDGE_CURVE('',#1615,#1614,#769,.T.);
#1995=EDGE_CURVE('',#1616,#1615,#1376,.T.);
#1996=EDGE_CURVE('',#1617,#1616,#770,.T.);
#1997=EDGE_CURVE('',#1617,#1575,#1377,.T.);
#1998=EDGE_CURVE('',#1618,#1619,#771,.T.);
#1999=EDGE_CURVE('',#1619,#1620,#1378,.T.);
#2000=EDGE_CURVE('',#1620,#1621,#772,.T.);
#2001=EDGE_CURVE('',#1621,#1622,#1379,.T.);
#2002=EDGE_CURVE('',#1622,#1623,#773,.T.);
#2003=EDGE_CURVE('',#1623,#1624,#1380,.T.);
#2004=EDGE_CURVE('',#1624,#1625,#774,.T.);
#2005=EDGE_CURVE('',#1625,#1618,#1381,.T.);
#2006=EDGE_CURVE('',#1626,#1627,#1382,.T.);
#2007=EDGE_CURVE('',#1563,#1626,#775,.T.);
#2008=EDGE_CURVE('',#1627,#1562,#776,.T.);
#2009=EDGE_CURVE('',#1614,#1591,#777,.T.);
#2010=EDGE_CURVE('',#1615,#1590,#778,.T.);
#2011=EDGE_CURVE('',#1588,#1617,#779,.T.);
#2012=EDGE_CURVE('',#1616,#1589,#780,.T.);
#2013=EDGE_CURVE('',#1626,#1598,#781,.T.);
#2014=EDGE_CURVE('',#1627,#1599,#782,.T.);
#2015=EDGE_CURVE('',#1609,#1596,#783,.T.);
#2016=EDGE_CURVE('',#1595,#1610,#784,.T.);
#2017=EDGE_CURVE('',#1597,#1608,#785,.T.);
#2018=EDGE_CURVE('',#1613,#1592,#786,.T.);
#2019=EDGE_CURVE('',#1611,#1594,#787,.T.);
#2020=EDGE_CURVE('',#1593,#1612,#788,.T.);
#2021=EDGE_CURVE('',#1601,#1623,#789,.T.);
#2022=EDGE_CURVE('',#1622,#1600,#790,.T.);
#2023=EDGE_CURVE('',#1620,#1603,#791,.T.);
#2024=EDGE_CURVE('',#1602,#1621,#792,.T.);
#2025=EDGE_CURVE('',#1618,#1605,#793,.T.);
#2026=EDGE_CURVE('',#1604,#1619,#794,.T.);
#2027=EDGE_CURVE('',#1606,#1625,#795,.T.);
#2028=EDGE_CURVE('',#1624,#1607,#796,.T.);
#2029=EDGE_CURVE('',#1628,#1628,#1383,.T.);
#2030=EDGE_CURVE('',#1628,#1629,#797,.T.);
#2031=EDGE_CURVE('',#1629,#1629,#1384,.T.);
#2032=EDGE_CURVE('',#1630,#1630,#1385,.T.);
#2033=EDGE_CURVE('',#1630,#1628,#798,.T.);
#2034=EDGE_CURVE('',#1631,#1631,#1386,.T.);
#2035=EDGE_CURVE('',#1631,#1632,#799,.T.);
#2036=EDGE_CURVE('',#1632,#1632,#1387,.T.);
#2037=EDGE_CURVE('',#1633,#1633,#1388,.T.);
#2038=EDGE_CURVE('',#1633,#1634,#800,.T.);
#2039=EDGE_CURVE('',#1634,#1634,#1389,.T.);
#2040=EDGE_CURVE('',#1635,#1635,#1390,.T.);
#2041=EDGE_CURVE('',#1635,#1636,#801,.T.);
#2042=EDGE_CURVE('',#1636,#1636,#1391,.T.);
#2043=EDGE_CURVE('',#1637,#1637,#1392,.T.);
#2044=EDGE_CURVE('',#1637,#1638,#802,.T.);
#2045=EDGE_CURVE('',#1638,#1638,#1393,.T.);
#2046=EDGE_CURVE('',#1639,#1639,#1394,.T.);
#2047=EDGE_CURVE('',#1639,#1640,#803,.T.);
#2048=EDGE_CURVE('',#1640,#1640,#1395,.T.);
#2049=EDGE_CURVE('',#1641,#1641,#1396,.T.);
#2050=EDGE_CURVE('',#1641,#1642,#804,.T.);
#2051=EDGE_CURVE('',#1642,#1642,#1397,.T.);
#2052=EDGE_CURVE('',#1643,#1643,#1398,.T.);
#2053=EDGE_CURVE('',#1643,#1644,#805,.T.);
#2054=EDGE_CURVE('',#1644,#1644,#1399,.T.);
#2055=EDGE_CURVE('',#1645,#1645,#1400,.T.);
#2056=EDGE_CURVE('',#1645,#1646,#806,.T.);
#2057=EDGE_CURVE('',#1646,#1646,#1401,.T.);
#2058=EDGE_CURVE('',#1647,#1648,#807,.T.);
#2059=EDGE_CURVE('',#1648,#1649,#808,.T.);
#2060=EDGE_CURVE('',#1650,#1649,#809,.T.);
#2061=EDGE_CURVE('',#1650,#1647,#810,.T.);
#2062=EDGE_CURVE('',#1651,#1652,#811,.T.);
#2063=EDGE_CURVE('',#1653,#1651,#812,.T.);
#2064=EDGE_CURVE('',#1653,#1654,#813,.T.);
#2065=EDGE_CURVE('',#1654,#1652,#814,.T.);
#2066=EDGE_CURVE('',#1655,#1656,#815,.T.);
#2067=EDGE_CURVE('',#1655,#1657,#816,.T.);
#2068=EDGE_CURVE('',#1658,#1657,#817,.T.);
#2069=EDGE_CURVE('',#1656,#1658,#818,.T.);
#2070=EDGE_CURVE('',#1659,#1660,#819,.T.);
#2071=EDGE_CURVE('',#1660,#1661,#820,.T.);
#2072=EDGE_CURVE('',#1662,#1661,#821,.T.);
#2073=EDGE_CURVE('',#1663,#1662,#822,.T.);
#2074=EDGE_CURVE('',#1663,#1664,#823,.T.);
#2075=EDGE_CURVE('',#1664,#1665,#824,.T.);
#2076=EDGE_CURVE('',#1666,#1665,#825,.T.);
#2077=EDGE_CURVE('',#1666,#1659,#826,.T.);
#2078=EDGE_CURVE('',#1667,#1668,#827,.T.);
#2079=EDGE_CURVE('',#1668,#1669,#828,.T.);
#2080=EDGE_CURVE('',#1670,#1669,#829,.T.);
#2081=EDGE_CURVE('',#1671,#1670,#830,.T.);
#2082=EDGE_CURVE('',#1672,#1671,#831,.T.);
#2083=EDGE_CURVE('',#1672,#1673,#832,.T.);
#2084=EDGE_CURVE('',#1674,#1673,#833,.T.);
#2085=EDGE_CURVE('',#1674,#1667,#834,.T.);
#2086=EDGE_CURVE('',#1651,#1675,#835,.T.);
#2087=EDGE_CURVE('',#1675,#1676,#1402,.T.);
#2088=EDGE_CURVE('',#1676,#1656,#836,.T.);
#2089=EDGE_CURVE('',#1658,#1677,#837,.T.);
#2090=EDGE_CURVE('',#1677,#1678,#1403,.T.);
#2091=EDGE_CURVE('',#1678,#1679,#838,.T.);
#2092=EDGE_CURVE('',#1679,#1680,#839,.T.);
#2093=EDGE_CURVE('',#1680,#1666,#1404,.T.);
#2094=EDGE_CURVE('',#1665,#1670,#840,.T.);
#2095=EDGE_CURVE('',#1669,#1653,#1405,.T.);
#2096=EDGE_CURVE('',#1681,#1679,#841,.T.);
#2097=EDGE_CURVE('',#1681,#1682,#842,.T.);
#2098=EDGE_CURVE('',#1682,#1680,#843,.T.);
#2099=EDGE_CURVE('',#1683,#1684,#844,.T.);
#2100=EDGE_CURVE('',#1683,#1685,#845,.T.);
#2101=EDGE_CURVE('',#1685,#1686,#846,.T.);
#2102=EDGE_CURVE('',#1686,#1684,#847,.T.);
#2103=EDGE_CURVE('',#1687,#1688,#848,.T.);
#2104=EDGE_CURVE('',#1688,#1689,#1406,.T.);
#2105=EDGE_CURVE('',#1689,#1648,#1407,.T.);
#2106=EDGE_CURVE('',#1647,#1660,#1408,.T.);
#2107=EDGE_CURVE('',#1659,#1682,#1409,.T.);
#2108=EDGE_CURVE('',#1690,#1681,#849,.T.);
#2109=EDGE_CURVE('',#1691,#1690,#1410,.T.);
#2110=EDGE_CURVE('',#1657,#1691,#850,.T.);
#2111=EDGE_CURVE('',#1692,#1655,#851,.T.);
#2112=EDGE_CURVE('',#1693,#1692,#1411,.T.);
#2113=EDGE_CURVE('',#1652,#1693,#852,.T.);
#2114=EDGE_CURVE('',#1654,#1668,#1412,.T.);
#2115=EDGE_CURVE('',#1667,#1686,#1413,.T.);
#2116=EDGE_CURVE('',#1685,#1694,#1414,.T.);
#2117=EDGE_CURVE('',#1694,#1687,#1415,.T.);
#2118=EDGE_CURVE('',#1649,#1695,#1416,.T.);
#2119=EDGE_CURVE('',#1695,#1696,#1417,.T.);
#2120=EDGE_CURVE('',#1697,#1696,#853,.T.);
#2121=EDGE_CURVE('',#1697,#1698,#1418,.T.);
#2122=EDGE_CURVE('',#1698,#1683,#1419,.T.);
#2123=EDGE_CURVE('',#1684,#1674,#1420,.T.);
#2124=EDGE_CURVE('',#1662,#1673,#854,.T.);
#2125=EDGE_CURVE('',#1661,#1650,#1421,.T.);
#2126=EDGE_CURVE('',#1664,#1671,#855,.T.);
#2127=EDGE_CURVE('',#1663,#1672,#856,.T.);
#2128=EDGE_CURVE('',#1677,#1691,#857,.T.);
#2129=EDGE_CURVE('',#1678,#1690,#858,.T.);
#2130=EDGE_CURVE('',#1675,#1693,#859,.T.);
#2131=EDGE_CURVE('',#1676,#1692,#860,.T.);
#2132=EDGE_CURVE('',#1696,#1688,#861,.T.);
#2133=EDGE_CURVE('',#1687,#1697,#862,.T.);
#2134=EDGE_CURVE('',#1689,#1695,#863,.T.);
#2135=EDGE_CURVE('',#1694,#1698,#864,.T.);
#2136=EDGE_CURVE('',#1699,#1700,#1422,.T.);
#2137=EDGE_CURVE('',#1701,#1699,#865,.T.);
#2138=EDGE_CURVE('',#1702,#1701,#1423,.T.);
#2139=EDGE_CURVE('',#1700,#1702,#866,.T.);
#2140=EDGE_CURVE('',#1703,#1703,#1424,.T.);
#2141=EDGE_CURVE('',#1703,#1704,#867,.T.);
#2142=EDGE_CURVE('',#1704,#1704,#1425,.T.);
#2143=EDGE_CURVE('',#1705,#1705,#1426,.T.);
#2144=EDGE_CURVE('',#1705,#1706,#868,.T.);
#2145=EDGE_CURVE('',#1706,#1706,#1427,.T.);
#2146=EDGE_CURVE('',#1707,#1707,#1428,.T.);
#2147=EDGE_CURVE('',#1707,#1708,#869,.T.);
#2148=EDGE_CURVE('',#1708,#1708,#1429,.T.);
#2149=EDGE_CURVE('',#1709,#1709,#1430,.T.);
#2150=EDGE_CURVE('',#1709,#1710,#870,.T.);
#2151=EDGE_CURVE('',#1710,#1710,#1431,.T.);
#2152=EDGE_CURVE('',#1711,#1711,#1432,.T.);
#2153=EDGE_CURVE('',#1711,#1712,#871,.T.);
#2154=EDGE_CURVE('',#1712,#1712,#1433,.T.);
#2155=EDGE_CURVE('',#1713,#1714,#872,.T.);
#2156=EDGE_CURVE('',#1714,#1715,#873,.T.);
#2157=EDGE_CURVE('',#1716,#1715,#874,.T.);
#2158=EDGE_CURVE('',#1716,#1713,#875,.T.);
#2159=EDGE_CURVE('',#1717,#1718,#876,.T.);
#2160=EDGE_CURVE('',#1718,#1719,#877,.T.);
#2161=EDGE_CURVE('',#1720,#1719,#878,.T.);
#2162=EDGE_CURVE('',#1720,#1717,#879,.T.);
#2163=EDGE_CURVE('',#1721,#1722,#880,.T.);
#2164=EDGE_CURVE('',#1722,#1723,#881,.T.);
#2165=EDGE_CURVE('',#1724,#1723,#882,.T.);
#2166=EDGE_CURVE('',#1724,#1721,#883,.T.);
#2167=EDGE_CURVE('',#1725,#1726,#884,.T.);
#2168=EDGE_CURVE('',#1726,#1727,#885,.T.);
#2169=EDGE_CURVE('',#1728,#1727,#886,.T.);
#2170=EDGE_CURVE('',#1728,#1725,#887,.T.);
#2171=EDGE_CURVE('',#1729,#1730,#888,.T.);
#2172=EDGE_CURVE('',#1729,#1731,#889,.T.);
#2173=EDGE_CURVE('',#1731,#1732,#890,.T.);
#2174=EDGE_CURVE('',#1732,#1730,#891,.T.);
#2175=EDGE_CURVE('',#1733,#1734,#892,.T.);
#2176=EDGE_CURVE('',#1734,#1735,#893,.T.);
#2177=EDGE_CURVE('',#1736,#1735,#894,.T.);
#2178=EDGE_CURVE('',#1736,#1733,#895,.T.);
#2179=EDGE_CURVE('',#1700,#1737,#896,.T.);
#2180=EDGE_CURVE('',#1702,#1738,#897,.T.);
#2181=EDGE_CURVE('',#1738,#1737,#898,.T.);
#2182=EDGE_CURVE('',#1739,#1740,#899,.T.);
#2183=EDGE_CURVE('',#1739,#1722,#1434,.T.);
#2184=EDGE_CURVE('',#1721,#1741,#1435,.T.);
#2185=EDGE_CURVE('',#1742,#1741,#900,.T.);
#2186=EDGE_CURVE('',#1743,#1742,#1436,.T.);
#2187=EDGE_CURVE('',#1744,#1743,#901,.T.);
#2188=EDGE_CURVE('',#1744,#1718,#1437,.T.);
#2189=EDGE_CURVE('',#1717,#1726,#1438,.T.);
#2190=EDGE_CURVE('',#1725,#1732,#1439,.T.);
#2191=EDGE_CURVE('',#1731,#1745,#1440,.T.);
#2192=EDGE_CURVE('',#1746,#1745,#902,.T.);
#2193=EDGE_CURVE('',#1747,#1746,#1441,.T.);
#2194=EDGE_CURVE('',#1748,#1747,#903,.T.);
#2195=EDGE_CURVE('',#1748,#1749,#1442,.T.);
#2196=EDGE_CURVE('',#1749,#1750,#1443,.T.);
#2197=EDGE_CURVE('',#1750,#1751,#904,.T.);
#2198=EDGE_CURVE('',#1751,#1752,#1444,.T.);
#2199=EDGE_CURVE('',#1753,#1752,#905,.T.);
#2200=EDGE_CURVE('',#1753,#1754,#1445,.T.);
#2201=EDGE_CURVE('',#1755,#1754,#906,.T.);
#2202=EDGE_CURVE('',#1755,#1756,#1446,.T.);
#2203=EDGE_CURVE('',#1756,#1757,#1447,.T.);
#2204=EDGE_CURVE('',#1758,#1757,#907,.T.);
#2205=EDGE_CURVE('',#1759,#1758,#1448,.T.);
#2206=EDGE_CURVE('',#1760,#1759,#908,.T.);
#2207=EDGE_CURVE('',#1760,#1714,#1449,.T.);
#2208=EDGE_CURVE('',#1713,#1734,#1450,.T.);
#2209=EDGE_CURVE('',#1733,#1738,#1451,.T.);
#2210=EDGE_CURVE('',#1761,#1701,#909,.T.);
#2211=EDGE_CURVE('',#1740,#1761,#1452,.T.);
#2212=EDGE_CURVE('',#1762,#1763,#910,.T.);
#2213=EDGE_CURVE('',#1762,#1764,#1453,.T.);
#2214=EDGE_CURVE('',#1765,#1764,#911,.T.);
#2215=EDGE_CURVE('',#1765,#1766,#1454,.T.);
#2216=EDGE_CURVE('',#1766,#1767,#912,.T.);
#2217=EDGE_CURVE('',#1767,#1768,#1455,.T.);
#2218=EDGE_CURVE('',#1768,#1769,#913,.T.);
#2219=EDGE_CURVE('',#1769,#1763,#1456,.T.);
#2220=EDGE_CURVE('',#1723,#1770,#1457,.T.);
#2221=EDGE_CURVE('',#1770,#1771,#914,.T.);
#2222=EDGE_CURVE('',#1771,#1772,#1458,.T.);
#2223=EDGE_CURVE('',#1772,#1699,#915,.T.);
#2224=EDGE_CURVE('',#1737,#1736,#1459,.T.);
#2225=EDGE_CURVE('',#1735,#1716,#1460,.T.);
#2226=EDGE_CURVE('',#1715,#1773,#1461,.T.);
#2227=EDGE_CURVE('',#1773,#1774,#916,.T.);
#2228=EDGE_CURVE('',#1774,#1775,#1462,.T.);
#2229=EDGE_CURVE('',#1775,#1776,#917,.T.);
#2230=EDGE_CURVE('',#1776,#1777,#1463,.T.);
#2231=EDGE_CURVE('',#1777,#1778,#1464,.T.);
#2232=EDGE_CURVE('',#1778,#1779,#918,.T.);
#2233=EDGE_CURVE('',#1779,#1780,#1465,.T.);
#2234=EDGE_CURVE('',#1780,#1781,#919,.T.);
#2235=EDGE_CURVE('',#1781,#1782,#1466,.T.);
#2236=EDGE_CURVE('',#1783,#1782,#920,.T.);
#2237=EDGE_CURVE('',#1783,#1784,#1467,.T.);
#2238=EDGE_CURVE('',#1784,#1785,#1468,.T.);
#2239=EDGE_CURVE('',#1785,#1786,#921,.T.);
#2240=EDGE_CURVE('',#1786,#1787,#1469,.T.);
#2241=EDGE_CURVE('',#1787,#1788,#922,.T.);
#2242=EDGE_CURVE('',#1788,#1729,#1470,.T.);
#2243=EDGE_CURVE('',#1730,#1728,#1471,.T.);
#2244=EDGE_CURVE('',#1727,#1720,#1472,.T.);
#2245=EDGE_CURVE('',#1719,#1789,#1473,.T.);
#2246=EDGE_CURVE('',#1789,#1790,#923,.T.);
#2247=EDGE_CURVE('',#1790,#1791,#1474,.T.);
#2248=EDGE_CURVE('',#1791,#1792,#924,.T.);
#2249=EDGE_CURVE('',#1792,#1724,#1475,.T.);
#2250=EDGE_CURVE('',#1793,#1794,#925,.T.);
#2251=EDGE_CURVE('',#1794,#1795,#1476,.T.);
#2252=EDGE_CURVE('',#1795,#1796,#926,.T.);
#2253=EDGE_CURVE('',#1796,#1797,#1477,.T.);
#2254=EDGE_CURVE('',#1798,#1797,#927,.T.);
#2255=EDGE_CURVE('',#1798,#1799,#1478,.T.);
#2256=EDGE_CURVE('',#1800,#1799,#928,.T.);
#2257=EDGE_CURVE('',#1800,#1793,#1479,.T.);
#2258=EDGE_CURVE('',#1778,#1755,#929,.T.);
#2259=EDGE_CURVE('',#1754,#1779,#930,.T.);
#2260=EDGE_CURVE('',#1752,#1781,#931,.T.);
#2261=EDGE_CURVE('',#1780,#1753,#932,.T.);
#2262=EDGE_CURVE('',#1763,#1796,#933,.T.);
#2263=EDGE_CURVE('',#1795,#1762,#934,.T.);
#2264=EDGE_CURVE('',#1768,#1798,#935,.T.);
#2265=EDGE_CURVE('',#1797,#1769,#936,.T.);
#2266=EDGE_CURVE('',#1766,#1800,#937,.T.);
#2267=EDGE_CURVE('',#1799,#1767,#938,.T.);
#2268=EDGE_CURVE('',#1793,#1765,#939,.T.);
#2269=EDGE_CURVE('',#1764,#1794,#940,.T.);
#2270=EDGE_CURVE('',#1750,#1783,#941,.T.);
#2271=EDGE_CURVE('',#1782,#1751,#942,.T.);
#2272=EDGE_CURVE('',#1772,#1761,#943,.T.);
#2273=EDGE_CURVE('',#1771,#1740,#944,.T.);
#2274=EDGE_CURVE('',#1770,#1739,#945,.T.);
#2275=EDGE_CURVE('',#1787,#1746,#946,.T.);
#2276=EDGE_CURVE('',#1786,#1747,#947,.T.);
#2277=EDGE_CURVE('',#1785,#1748,#948,.T.);
#2278=EDGE_CURVE('',#1745,#1788,#949,.T.);
#2279=EDGE_CURVE('',#1775,#1758,#950,.T.);
#2280=EDGE_CURVE('',#1774,#1759,#951,.T.);
#2281=EDGE_CURVE('',#1773,#1760,#952,.T.);
#2282=EDGE_CURVE('',#1757,#1776,#953,.T.);
#2283=EDGE_CURVE('',#1791,#1742,#954,.T.);
#2284=EDGE_CURVE('',#1790,#1743,#955,.T.);
#2285=EDGE_CURVE('',#1789,#1744,#956,.T.);
#2286=EDGE_CURVE('',#1741,#1792,#957,.T.);
#2287=EDGE_CURVE('',#1777,#1756,#958,.T.);
#2288=EDGE_CURVE('',#1749,#1784,#959,.T.);
#2289=EDGE_CURVE('',#1801,#1802,#960,.T.);
#2290=EDGE_CURVE('',#1803,#1801,#961,.T.);
#2291=EDGE_CURVE('',#1803,#1804,#962,.T.);
#2292=EDGE_CURVE('',#1804,#1802,#963,.T.);
#2293=EDGE_CURVE('',#1805,#1801,#964,.T.);
#2294=EDGE_CURVE('',#1806,#1805,#965,.T.);
#2295=EDGE_CURVE('',#1806,#1803,#966,.T.);
#2296=EDGE_CURVE('',#1807,#1805,#967,.T.);
#2297=EDGE_CURVE('',#1808,#1807,#968,.T.);
#2298=EDGE_CURVE('',#1808,#1806,#969,.T.);
#2299=EDGE_CURVE('',#1802,#1807,#970,.T.);
#2300=EDGE_CURVE('',#1804,#1808,#971,.T.);
#2301=EDGE_CURVE('',#1809,#1809,#1480,.T.);
#2302=EDGE_CURVE('',#1809,#1810,#972,.T.);
#2303=EDGE_CURVE('',#1810,#1810,#1481,.T.);
#2304=EDGE_CURVE('',#1811,#1811,#1482,.T.);
#2305=EDGE_CURVE('',#1811,#1812,#973,.T.);
#2306=EDGE_CURVE('',#1812,#1812,#1483,.T.);
#2307=EDGE_CURVE('',#1813,#1813,#1484,.T.);
#2308=EDGE_CURVE('',#1813,#1814,#974,.T.);
#2309=EDGE_CURVE('',#1814,#1814,#1485,.T.);
#2310=EDGE_CURVE('',#1815,#1815,#1486,.T.);
#2311=EDGE_CURVE('',#1815,#1816,#975,.T.);
#2312=EDGE_CURVE('',#1816,#1816,#1487,.T.);
#2313=EDGE_CURVE('',#1817,#1817,#1488,.T.);
#2314=EDGE_CURVE('',#1817,#1818,#976,.T.);
#2315=EDGE_CURVE('',#1818,#1818,#1489,.T.);
#2316=EDGE_CURVE('',#1819,#1819,#1490,.T.);
#2317=EDGE_CURVE('',#1819,#1820,#977,.T.);
#2318=EDGE_CURVE('',#1820,#1820,#1491,.T.);
#2319=EDGE_CURVE('',#1821,#1821,#1492,.T.);
#2320=EDGE_CURVE('',#1821,#1822,#978,.T.);
#2321=EDGE_CURVE('',#1822,#1822,#1493,.T.);
#2322=EDGE_CURVE('',#1823,#1823,#1494,.T.);
#2323=EDGE_CURVE('',#1823,#1824,#979,.T.);
#2324=EDGE_CURVE('',#1824,#1824,#1495,.T.);
#2325=EDGE_CURVE('',#1825,#1825,#1496,.T.);
#2326=EDGE_CURVE('',#1825,#1826,#980,.T.);
#2327=EDGE_CURVE('',#1826,#1826,#1497,.T.);
#2328=EDGE_CURVE('',#1827,#1827,#1498,.T.);
#2329=EDGE_CURVE('',#1827,#1828,#981,.T.);
#2330=EDGE_CURVE('',#1828,#1828,#1499,.T.);
#2331=EDGE_CURVE('',#1829,#1830,#982,.T.);
#2332=EDGE_CURVE('',#1831,#1829,#983,.T.);
#2333=EDGE_CURVE('',#1831,#1832,#984,.T.);
#2334=EDGE_CURVE('',#1832,#1830,#985,.T.);
#2335=EDGE_CURVE('',#1833,#1829,#986,.T.);
#2336=EDGE_CURVE('',#1834,#1833,#987,.T.);
#2337=EDGE_CURVE('',#1834,#1831,#988,.T.);
#2338=EDGE_CURVE('',#1835,#1833,#989,.T.);
#2339=EDGE_CURVE('',#1836,#1835,#990,.T.);
#2340=EDGE_CURVE('',#1836,#1834,#991,.T.);
#2341=EDGE_CURVE('',#1830,#1835,#992,.T.);
#2342=EDGE_CURVE('',#1832,#1836,#993,.T.);
#2343=ORIENTED_EDGE('',*,*,#1837,.T.);
#2344=ORIENTED_EDGE('',*,*,#1838,.T.);
#2345=ORIENTED_EDGE('',*,*,#1839,.F.);
#2346=ORIENTED_EDGE('',*,*,#1838,.F.);
#2347=ORIENTED_EDGE('',*,*,#1840,.T.);
#2348=ORIENTED_EDGE('',*,*,#1841,.T.);
#2349=ORIENTED_EDGE('',*,*,#1842,.F.);
#2350=ORIENTED_EDGE('',*,*,#1841,.F.);
#2351=ORIENTED_EDGE('',*,*,#1843,.T.);
#2352=ORIENTED_EDGE('',*,*,#1844,.T.);
#2353=ORIENTED_EDGE('',*,*,#1845,.F.);
#2354=ORIENTED_EDGE('',*,*,#1844,.F.);
#2355=ORIENTED_EDGE('',*,*,#1846,.T.);
#2356=ORIENTED_EDGE('',*,*,#1847,.T.);
#2357=ORIENTED_EDGE('',*,*,#1848,.F.);
#2358=ORIENTED_EDGE('',*,*,#1847,.F.);
#2359=ORIENTED_EDGE('',*,*,#1849,.F.);
#2360=ORIENTED_EDGE('',*,*,#1850,.T.);
#2361=ORIENTED_EDGE('',*,*,#1851,.T.);
#2362=ORIENTED_EDGE('',*,*,#1850,.F.);
#2363=ORIENTED_EDGE('',*,*,#1852,.F.);
#2364=ORIENTED_EDGE('',*,*,#1853,.T.);
#2365=ORIENTED_EDGE('',*,*,#1854,.T.);
#2366=ORIENTED_EDGE('',*,*,#1853,.F.);
#2367=ORIENTED_EDGE('',*,*,#1855,.F.);
#2368=ORIENTED_EDGE('',*,*,#1856,.T.);
#2369=ORIENTED_EDGE('',*,*,#1857,.T.);
#2370=ORIENTED_EDGE('',*,*,#1856,.F.);
#2371=ORIENTED_EDGE('',*,*,#1858,.F.);
#2372=ORIENTED_EDGE('',*,*,#1859,.T.);
#2373=ORIENTED_EDGE('',*,*,#1860,.T.);
#2374=ORIENTED_EDGE('',*,*,#1861,.F.);
#2375=ORIENTED_EDGE('',*,*,#1862,.F.);
#2376=ORIENTED_EDGE('',*,*,#1863,.T.);
#2377=ORIENTED_EDGE('',*,*,#1864,.T.);
#2378=ORIENTED_EDGE('',*,*,#1865,.F.);
#2379=ORIENTED_EDGE('',*,*,#1866,.F.);
#2380=ORIENTED_EDGE('',*,*,#1867,.T.);
#2381=ORIENTED_EDGE('',*,*,#1868,.T.);
#2382=ORIENTED_EDGE('',*,*,#1869,.F.);
#2383=ORIENTED_EDGE('',*,*,#1870,.F.);
#2384=ORIENTED_EDGE('',*,*,#1871,.T.);
#2385=ORIENTED_EDGE('',*,*,#1872,.T.);
#2386=ORIENTED_EDGE('',*,*,#1873,.F.);
#2387=ORIENTED_EDGE('',*,*,#1874,.T.);
#2388=ORIENTED_EDGE('',*,*,#1875,.T.);
#2389=ORIENTED_EDGE('',*,*,#1876,.T.);
#2390=ORIENTED_EDGE('',*,*,#1877,.T.);
#2391=ORIENTED_EDGE('',*,*,#1878,.T.);
#2392=ORIENTED_EDGE('',*,*,#1879,.T.);
#2393=ORIENTED_EDGE('',*,*,#1880,.T.);
#2394=ORIENTED_EDGE('',*,*,#1881,.T.);
#2395=ORIENTED_EDGE('',*,*,#1882,.F.);
#2396=ORIENTED_EDGE('',*,*,#1883,.F.);
#2397=ORIENTED_EDGE('',*,*,#1884,.T.);
#2398=ORIENTED_EDGE('',*,*,#1885,.F.);
#2399=ORIENTED_EDGE('',*,*,#1886,.F.);
#2400=ORIENTED_EDGE('',*,*,#1887,.F.);
#2401=ORIENTED_EDGE('',*,*,#1888,.F.);
#2402=ORIENTED_EDGE('',*,*,#1889,.F.);
#2403=ORIENTED_EDGE('',*,*,#1890,.F.);
#2404=ORIENTED_EDGE('',*,*,#1866,.T.);
#2405=ORIENTED_EDGE('',*,*,#1891,.F.);
#2406=ORIENTED_EDGE('',*,*,#1878,.F.);
#2407=ORIENTED_EDGE('',*,*,#1892,.F.);
#2408=ORIENTED_EDGE('',*,*,#1862,.T.);
#2409=ORIENTED_EDGE('',*,*,#1893,.F.);
#2410=ORIENTED_EDGE('',*,*,#1894,.F.);
#2411=ORIENTED_EDGE('',*,*,#1895,.T.);
#2412=ORIENTED_EDGE('',*,*,#1896,.T.);
#2413=ORIENTED_EDGE('',*,*,#1897,.T.);
#2414=ORIENTED_EDGE('',*,*,#1883,.T.);
#2415=ORIENTED_EDGE('',*,*,#1898,.F.);
#2416=ORIENTED_EDGE('',*,*,#1870,.T.);
#2417=ORIENTED_EDGE('',*,*,#1899,.F.);
#2418=ORIENTED_EDGE('',*,*,#1889,.T.);
#2419=ORIENTED_EDGE('',*,*,#1900,.F.);
#2420=ORIENTED_EDGE('',*,*,#1858,.T.);
#2421=ORIENTED_EDGE('',*,*,#1901,.F.);
#2422=ORIENTED_EDGE('',*,*,#1902,.T.);
#2423=ORIENTED_EDGE('',*,*,#1903,.T.);
#2424=ORIENTED_EDGE('',*,*,#1904,.T.);
#2425=ORIENTED_EDGE('',*,*,#1905,.T.);
#2426=ORIENTED_EDGE('',*,*,#1876,.F.);
#2427=ORIENTED_EDGE('',*,*,#1855,.T.);
#2428=ORIENTED_EDGE('',*,*,#1852,.T.);
#2429=ORIENTED_EDGE('',*,*,#1851,.F.);
#2430=ORIENTED_EDGE('',*,*,#1846,.F.);
#2431=ORIENTED_EDGE('',*,*,#1843,.F.);
#2432=ORIENTED_EDGE('',*,*,#1840,.F.);
#2433=ORIENTED_EDGE('',*,*,#1837,.F.);
#2434=ORIENTED_EDGE('',*,*,#1868,.F.);
#2435=ORIENTED_EDGE('',*,*,#1906,.T.);
#2436=ORIENTED_EDGE('',*,*,#1874,.F.);
#2437=ORIENTED_EDGE('',*,*,#1907,.T.);
#2438=ORIENTED_EDGE('',*,*,#1908,.F.);
#2439=ORIENTED_EDGE('',*,*,#1909,.T.);
#2440=ORIENTED_EDGE('',*,*,#1910,.T.);
#2441=ORIENTED_EDGE('',*,*,#1911,.T.);
#2442=ORIENTED_EDGE('',*,*,#1860,.F.);
#2443=ORIENTED_EDGE('',*,*,#1912,.T.);
#2444=ORIENTED_EDGE('',*,*,#1887,.T.);
#2445=ORIENTED_EDGE('',*,*,#1913,.T.);
#2446=ORIENTED_EDGE('',*,*,#1872,.F.);
#2447=ORIENTED_EDGE('',*,*,#1914,.T.);
#2448=ORIENTED_EDGE('',*,*,#1885,.T.);
#2449=ORIENTED_EDGE('',*,*,#1915,.T.);
#2450=ORIENTED_EDGE('',*,*,#1916,.F.);
#2451=ORIENTED_EDGE('',*,*,#1917,.T.);
#2452=ORIENTED_EDGE('',*,*,#1918,.F.);
#2453=ORIENTED_EDGE('',*,*,#1919,.T.);
#2454=ORIENTED_EDGE('',*,*,#1864,.F.);
#2455=ORIENTED_EDGE('',*,*,#1920,.T.);
#2456=ORIENTED_EDGE('',*,*,#1880,.F.);
#2457=ORIENTED_EDGE('',*,*,#1921,.T.);
#2458=ORIENTED_EDGE('',*,*,#1854,.F.);
#2459=ORIENTED_EDGE('',*,*,#1857,.F.);
#2460=ORIENTED_EDGE('',*,*,#1849,.T.);
#2461=ORIENTED_EDGE('',*,*,#1848,.T.);
#2462=ORIENTED_EDGE('',*,*,#1845,.T.);
#2463=ORIENTED_EDGE('',*,*,#1842,.T.);
#2464=ORIENTED_EDGE('',*,*,#1839,.T.);
#2465=ORIENTED_EDGE('',*,*,#1908,.T.);
#2466=ORIENTED_EDGE('',*,*,#1922,.T.);
#2467=ORIENTED_EDGE('',*,*,#1904,.F.);
#2468=ORIENTED_EDGE('',*,*,#1923,.T.);
#2469=ORIENTED_EDGE('',*,*,#1896,.F.);
#2470=ORIENTED_EDGE('',*,*,#1924,.T.);
#2471=ORIENTED_EDGE('',*,*,#1916,.T.);
#2472=ORIENTED_EDGE('',*,*,#1925,.T.);
#2473=ORIENTED_EDGE('',*,*,#1894,.T.);
#2474=ORIENTED_EDGE('',*,*,#1926,.T.);
#2475=ORIENTED_EDGE('',*,*,#1918,.T.);
#2476=ORIENTED_EDGE('',*,*,#1927,.T.);
#2477=ORIENTED_EDGE('',*,*,#1928,.F.);
#2478=ORIENTED_EDGE('',*,*,#1910,.F.);
#2479=ORIENTED_EDGE('',*,*,#1929,.T.);
#2480=ORIENTED_EDGE('',*,*,#1902,.F.);
#2481=ORIENTED_EDGE('',*,*,#1895,.F.);
#2482=ORIENTED_EDGE('',*,*,#1927,.F.);
#2483=ORIENTED_EDGE('',*,*,#1917,.F.);
#2484=ORIENTED_EDGE('',*,*,#1924,.F.);
#2485=ORIENTED_EDGE('',*,*,#1905,.F.);
#2486=ORIENTED_EDGE('',*,*,#1922,.F.);
#2487=ORIENTED_EDGE('',*,*,#1907,.F.);
#2488=ORIENTED_EDGE('',*,*,#1877,.F.);
#2489=ORIENTED_EDGE('',*,*,#1903,.F.);
#2490=ORIENTED_EDGE('',*,*,#1929,.F.);
#2491=ORIENTED_EDGE('',*,*,#1909,.F.);
#2492=ORIENTED_EDGE('',*,*,#1923,.F.);
#2493=ORIENTED_EDGE('',*,*,#1897,.F.);
#2494=ORIENTED_EDGE('',*,*,#1925,.F.);
#2495=ORIENTED_EDGE('',*,*,#1915,.F.);
#2496=ORIENTED_EDGE('',*,*,#1884,.F.);
#2497=ORIENTED_EDGE('',*,*,#1901,.T.);
#2498=ORIENTED_EDGE('',*,*,#1861,.T.);
#2499=ORIENTED_EDGE('',*,*,#1911,.F.);
#2500=ORIENTED_EDGE('',*,*,#1928,.T.);
#2501=ORIENTED_EDGE('',*,*,#1900,.T.);
#2502=ORIENTED_EDGE('',*,*,#1888,.T.);
#2503=ORIENTED_EDGE('',*,*,#1912,.F.);
#2504=ORIENTED_EDGE('',*,*,#1859,.F.);
#2505=ORIENTED_EDGE('',*,*,#1899,.T.);
#2506=ORIENTED_EDGE('',*,*,#1873,.T.);
#2507=ORIENTED_EDGE('',*,*,#1913,.F.);
#2508=ORIENTED_EDGE('',*,*,#1886,.T.);
#2509=ORIENTED_EDGE('',*,*,#1898,.T.);
#2510=ORIENTED_EDGE('',*,*,#1882,.T.);
#2511=ORIENTED_EDGE('',*,*,#1914,.F.);
#2512=ORIENTED_EDGE('',*,*,#1871,.F.);
#2513=ORIENTED_EDGE('',*,*,#1893,.T.);
#2514=ORIENTED_EDGE('',*,*,#1865,.T.);
#2515=ORIENTED_EDGE('',*,*,#1919,.F.);
#2516=ORIENTED_EDGE('',*,*,#1926,.F.);
#2517=ORIENTED_EDGE('',*,*,#1892,.T.);
#2518=ORIENTED_EDGE('',*,*,#1881,.F.);
#2519=ORIENTED_EDGE('',*,*,#1920,.F.);
#2520=ORIENTED_EDGE('',*,*,#1863,.F.);
#2521=ORIENTED_EDGE('',*,*,#1891,.T.);
#2522=ORIENTED_EDGE('',*,*,#1869,.T.);
#2523=ORIENTED_EDGE('',*,*,#1921,.F.);
#2524=ORIENTED_EDGE('',*,*,#1879,.F.);
#2525=ORIENTED_EDGE('',*,*,#1890,.T.);
#2526=ORIENTED_EDGE('',*,*,#1875,.F.);
#2527=ORIENTED_EDGE('',*,*,#1906,.F.);
#2528=ORIENTED_EDGE('',*,*,#1867,.F.);
#2529=ORIENTED_EDGE('',*,*,#1930,.T.);
#2530=ORIENTED_EDGE('',*,*,#1931,.T.);
#2531=ORIENTED_EDGE('',*,*,#1932,.F.);
#2532=ORIENTED_EDGE('',*,*,#1933,.F.);
#2533=ORIENTED_EDGE('',*,*,#1934,.T.);
#2534=ORIENTED_EDGE('',*,*,#1935,.T.);
#2535=ORIENTED_EDGE('',*,*,#1936,.F.);
#2536=ORIENTED_EDGE('',*,*,#1935,.F.);
#2537=ORIENTED_EDGE('',*,*,#1937,.F.);
#2538=ORIENTED_EDGE('',*,*,#1938,.T.);
#2539=ORIENTED_EDGE('',*,*,#1939,.T.);
#2540=ORIENTED_EDGE('',*,*,#1940,.T.);
#2541=ORIENTED_EDGE('',*,*,#1941,.F.);
#2542=ORIENTED_EDGE('',*,*,#1942,.T.);
#2543=ORIENTED_EDGE('',*,*,#1943,.T.);
#2544=ORIENTED_EDGE('',*,*,#1944,.T.);
#2545=ORIENTED_EDGE('',*,*,#1945,.F.);
#2546=ORIENTED_EDGE('',*,*,#1946,.T.);
#2547=ORIENTED_EDGE('',*,*,#1947,.T.);
#2548=ORIENTED_EDGE('',*,*,#1948,.T.);
#2549=ORIENTED_EDGE('',*,*,#1949,.T.);
#2550=ORIENTED_EDGE('',*,*,#1950,.T.);
#2551=ORIENTED_EDGE('',*,*,#1951,.F.);
#2552=ORIENTED_EDGE('',*,*,#1952,.T.);
#2553=ORIENTED_EDGE('',*,*,#1953,.T.);
#2554=ORIENTED_EDGE('',*,*,#1954,.T.);
#2555=ORIENTED_EDGE('',*,*,#1955,.F.);
#2556=ORIENTED_EDGE('',*,*,#1956,.T.);
#2557=ORIENTED_EDGE('',*,*,#1955,.T.);
#2558=ORIENTED_EDGE('',*,*,#1957,.T.);
#2559=ORIENTED_EDGE('',*,*,#1941,.T.);
#2560=ORIENTED_EDGE('',*,*,#1958,.T.);
#2561=ORIENTED_EDGE('',*,*,#1959,.T.);
#2562=ORIENTED_EDGE('',*,*,#1960,.T.);
#2563=ORIENTED_EDGE('',*,*,#1961,.T.);
#2564=ORIENTED_EDGE('',*,*,#1962,.T.);
#2565=ORIENTED_EDGE('',*,*,#1937,.T.);
#2566=ORIENTED_EDGE('',*,*,#1963,.T.);
#2567=ORIENTED_EDGE('',*,*,#1945,.T.);
#2568=ORIENTED_EDGE('',*,*,#1964,.T.);
#2569=ORIENTED_EDGE('',*,*,#1965,.T.);
#2570=ORIENTED_EDGE('',*,*,#1966,.T.);
#2571=ORIENTED_EDGE('',*,*,#1967,.T.);
#2572=ORIENTED_EDGE('',*,*,#1951,.T.);
#2573=ORIENTED_EDGE('',*,*,#1968,.T.);
#2574=ORIENTED_EDGE('',*,*,#1969,.T.);
#2575=ORIENTED_EDGE('',*,*,#1970,.T.);
#2576=ORIENTED_EDGE('',*,*,#1971,.T.);
#2577=ORIENTED_EDGE('',*,*,#1972,.T.);
#2578=ORIENTED_EDGE('',*,*,#1973,.T.);
#2579=ORIENTED_EDGE('',*,*,#1974,.T.);
#2580=ORIENTED_EDGE('',*,*,#1932,.T.);
#2581=ORIENTED_EDGE('',*,*,#1936,.T.);
#2582=ORIENTED_EDGE('',*,*,#1975,.F.);
#2583=ORIENTED_EDGE('',*,*,#1976,.T.);
#2584=ORIENTED_EDGE('',*,*,#1977,.F.);
#2585=ORIENTED_EDGE('',*,*,#1978,.T.);
#2586=ORIENTED_EDGE('',*,*,#1979,.F.);
#2587=ORIENTED_EDGE('',*,*,#1980,.T.);
#2588=ORIENTED_EDGE('',*,*,#1981,.F.);
#2589=ORIENTED_EDGE('',*,*,#1982,.T.);
#2590=ORIENTED_EDGE('',*,*,#1943,.F.);
#2591=ORIENTED_EDGE('',*,*,#1983,.T.);
#2592=ORIENTED_EDGE('',*,*,#1953,.F.);
#2593=ORIENTED_EDGE('',*,*,#1984,.F.);
#2594=ORIENTED_EDGE('',*,*,#1985,.T.);
#2595=ORIENTED_EDGE('',*,*,#1986,.F.);
#2596=ORIENTED_EDGE('',*,*,#1987,.T.);
#2597=ORIENTED_EDGE('',*,*,#1949,.F.);
#2598=ORIENTED_EDGE('',*,*,#1988,.T.);
#2599=ORIENTED_EDGE('',*,*,#1989,.F.);
#2600=ORIENTED_EDGE('',*,*,#1990,.T.);
#2601=ORIENTED_EDGE('',*,*,#1991,.F.);
#2602=ORIENTED_EDGE('',*,*,#1947,.F.);
#2603=ORIENTED_EDGE('',*,*,#1992,.T.);
#2604=ORIENTED_EDGE('',*,*,#1939,.F.);
#2605=ORIENTED_EDGE('',*,*,#1993,.T.);
#2606=ORIENTED_EDGE('',*,*,#1994,.F.);
#2607=ORIENTED_EDGE('',*,*,#1995,.F.);
#2608=ORIENTED_EDGE('',*,*,#1996,.F.);
#2609=ORIENTED_EDGE('',*,*,#1997,.T.);
#2610=ORIENTED_EDGE('',*,*,#1934,.F.);
#2611=ORIENTED_EDGE('',*,*,#1998,.T.);
#2612=ORIENTED_EDGE('',*,*,#1999,.T.);
#2613=ORIENTED_EDGE('',*,*,#2000,.T.);
#2614=ORIENTED_EDGE('',*,*,#2001,.T.);
#2615=ORIENTED_EDGE('',*,*,#2002,.T.);
#2616=ORIENTED_EDGE('',*,*,#2003,.T.);
#2617=ORIENTED_EDGE('',*,*,#2004,.T.);
#2618=ORIENTED_EDGE('',*,*,#2005,.T.);
#2619=ORIENTED_EDGE('',*,*,#2006,.F.);
#2620=ORIENTED_EDGE('',*,*,#2007,.F.);
#2621=ORIENTED_EDGE('',*,*,#1930,.F.);
#2622=ORIENTED_EDGE('',*,*,#2008,.F.);
#2623=ORIENTED_EDGE('',*,*,#1994,.T.);
#2624=ORIENTED_EDGE('',*,*,#2009,.T.);
#2625=ORIENTED_EDGE('',*,*,#1961,.F.);
#2626=ORIENTED_EDGE('',*,*,#2010,.F.);
#2627=ORIENTED_EDGE('',*,*,#1959,.F.);
#2628=ORIENTED_EDGE('',*,*,#2011,.T.);
#2629=ORIENTED_EDGE('',*,*,#1996,.T.);
#2630=ORIENTED_EDGE('',*,*,#2012,.T.);
#2631=ORIENTED_EDGE('',*,*,#1960,.F.);
#2632=ORIENTED_EDGE('',*,*,#2012,.F.);
#2633=ORIENTED_EDGE('',*,*,#1995,.T.);
#2634=ORIENTED_EDGE('',*,*,#2010,.T.);
#2635=ORIENTED_EDGE('',*,*,#1973,.F.);
#2636=ORIENTED_EDGE('',*,*,#2013,.F.);
#2637=ORIENTED_EDGE('',*,*,#2006,.T.);
#2638=ORIENTED_EDGE('',*,*,#2014,.T.);
#2639=ORIENTED_EDGE('',*,*,#1974,.F.);
#2640=ORIENTED_EDGE('',*,*,#2014,.F.);
#2641=ORIENTED_EDGE('',*,*,#2008,.T.);
#2642=ORIENTED_EDGE('',*,*,#1933,.T.);
#2643=ORIENTED_EDGE('',*,*,#1972,.F.);
#2644=ORIENTED_EDGE('',*,*,#1931,.F.);
#2645=ORIENTED_EDGE('',*,*,#2007,.T.);
#2646=ORIENTED_EDGE('',*,*,#2013,.T.);
#2647=ORIENTED_EDGE('',*,*,#1986,.T.);
#2648=ORIENTED_EDGE('',*,*,#2015,.T.);
#2649=ORIENTED_EDGE('',*,*,#1969,.F.);
#2650=ORIENTED_EDGE('',*,*,#2016,.T.);
#2651=ORIENTED_EDGE('',*,*,#1971,.F.);
#2652=ORIENTED_EDGE('',*,*,#2017,.T.);
#2653=ORIENTED_EDGE('',*,*,#1984,.T.);
#2654=ORIENTED_EDGE('',*,*,#1956,.F.);
#2655=ORIENTED_EDGE('',*,*,#1991,.T.);
#2656=ORIENTED_EDGE('',*,*,#2018,.T.);
#2657=ORIENTED_EDGE('',*,*,#1964,.F.);
#2658=ORIENTED_EDGE('',*,*,#1948,.F.);
#2659=ORIENTED_EDGE('',*,*,#1989,.T.);
#2660=ORIENTED_EDGE('',*,*,#2019,.T.);
#2661=ORIENTED_EDGE('',*,*,#1966,.F.);
#2662=ORIENTED_EDGE('',*,*,#2020,.T.);
#2663=ORIENTED_EDGE('',*,*,#1975,.T.);
#2664=ORIENTED_EDGE('',*,*,#2021,.T.);
#2665=ORIENTED_EDGE('',*,*,#2002,.F.);
#2666=ORIENTED_EDGE('',*,*,#2022,.T.);
#2667=ORIENTED_EDGE('',*,*,#2000,.F.);
#2668=ORIENTED_EDGE('',*,*,#2023,.T.);
#2669=ORIENTED_EDGE('',*,*,#1977,.T.);
#2670=ORIENTED_EDGE('',*,*,#2024,.T.);
#2671=ORIENTED_EDGE('',*,*,#1998,.F.);
#2672=ORIENTED_EDGE('',*,*,#2025,.T.);
#2673=ORIENTED_EDGE('',*,*,#1979,.T.);
#2674=ORIENTED_EDGE('',*,*,#2026,.T.);
#2675=ORIENTED_EDGE('',*,*,#1981,.T.);
#2676=ORIENTED_EDGE('',*,*,#2027,.T.);
#2677=ORIENTED_EDGE('',*,*,#2004,.F.);
#2678=ORIENTED_EDGE('',*,*,#2028,.T.);
#2679=ORIENTED_EDGE('',*,*,#2005,.F.);
#2680=ORIENTED_EDGE('',*,*,#2027,.F.);
#2681=ORIENTED_EDGE('',*,*,#1980,.F.);
#2682=ORIENTED_EDGE('',*,*,#2025,.F.);
#2683=ORIENTED_EDGE('',*,*,#2003,.F.);
#2684=ORIENTED_EDGE('',*,*,#2021,.F.);
#2685=ORIENTED_EDGE('',*,*,#1982,.F.);
#2686=ORIENTED_EDGE('',*,*,#2028,.F.);
#2687=ORIENTED_EDGE('',*,*,#1999,.F.);
#2688=ORIENTED_EDGE('',*,*,#2026,.F.);
#2689=ORIENTED_EDGE('',*,*,#1978,.F.);
#2690=ORIENTED_EDGE('',*,*,#2023,.F.);
#2691=ORIENTED_EDGE('',*,*,#2001,.F.);
#2692=ORIENTED_EDGE('',*,*,#2024,.F.);
#2693=ORIENTED_EDGE('',*,*,#1976,.F.);
#2694=ORIENTED_EDGE('',*,*,#2022,.F.);
#2695=ORIENTED_EDGE('',*,*,#1985,.F.);
#2696=ORIENTED_EDGE('',*,*,#2017,.F.);
#2697=ORIENTED_EDGE('',*,*,#1970,.F.);
#2698=ORIENTED_EDGE('',*,*,#2015,.F.);
#2699=ORIENTED_EDGE('',*,*,#1987,.F.);
#2700=ORIENTED_EDGE('',*,*,#2016,.F.);
#2701=ORIENTED_EDGE('',*,*,#1968,.F.);
#2702=ORIENTED_EDGE('',*,*,#1950,.F.);
#2703=ORIENTED_EDGE('',*,*,#1988,.F.);
#2704=ORIENTED_EDGE('',*,*,#1952,.F.);
#2705=ORIENTED_EDGE('',*,*,#1967,.F.);
#2706=ORIENTED_EDGE('',*,*,#2019,.F.);
#2707=ORIENTED_EDGE('',*,*,#1990,.F.);
#2708=ORIENTED_EDGE('',*,*,#2020,.F.);
#2709=ORIENTED_EDGE('',*,*,#1965,.F.);
#2710=ORIENTED_EDGE('',*,*,#2018,.F.);
#2711=ORIENTED_EDGE('',*,*,#1957,.F.);
#2712=ORIENTED_EDGE('',*,*,#1954,.F.);
#2713=ORIENTED_EDGE('',*,*,#1983,.F.);
#2714=ORIENTED_EDGE('',*,*,#1942,.F.);
#2715=ORIENTED_EDGE('',*,*,#1997,.F.);
#2716=ORIENTED_EDGE('',*,*,#2011,.F.);
#2717=ORIENTED_EDGE('',*,*,#1958,.F.);
#2718=ORIENTED_EDGE('',*,*,#1944,.F.);
#2719=ORIENTED_EDGE('',*,*,#1993,.F.);
#2720=ORIENTED_EDGE('',*,*,#1938,.F.);
#2721=ORIENTED_EDGE('',*,*,#1962,.F.);
#2722=ORIENTED_EDGE('',*,*,#2009,.F.);
#2723=ORIENTED_EDGE('',*,*,#1963,.F.);
#2724=ORIENTED_EDGE('',*,*,#1940,.F.);
#2725=ORIENTED_EDGE('',*,*,#1992,.F.);
#2726=ORIENTED_EDGE('',*,*,#1946,.F.);
#2727=ORIENTED_EDGE('',*,*,#2029,.F.);
#2728=ORIENTED_EDGE('',*,*,#2030,.T.);
#2729=ORIENTED_EDGE('',*,*,#2031,.F.);
#2730=ORIENTED_EDGE('',*,*,#2030,.F.);
#2731=ORIENTED_EDGE('',*,*,#2032,.F.);
#2732=ORIENTED_EDGE('',*,*,#2033,.T.);
#2733=ORIENTED_EDGE('',*,*,#2029,.T.);
#2734=ORIENTED_EDGE('',*,*,#2033,.F.);
#2735=ORIENTED_EDGE('',*,*,#2034,.T.);
#2736=ORIENTED_EDGE('',*,*,#2035,.T.);
#2737=ORIENTED_EDGE('',*,*,#2036,.T.);
#2738=ORIENTED_EDGE('',*,*,#2035,.F.);
#2739=ORIENTED_EDGE('',*,*,#2037,.F.);
#2740=ORIENTED_EDGE('',*,*,#2038,.T.);
#2741=ORIENTED_EDGE('',*,*,#2039,.T.);
#2742=ORIENTED_EDGE('',*,*,#2038,.F.);
#2743=ORIENTED_EDGE('',*,*,#2040,.F.);
#2744=ORIENTED_EDGE('',*,*,#2041,.T.);
#2745=ORIENTED_EDGE('',*,*,#2042,.T.);
#2746=ORIENTED_EDGE('',*,*,#2041,.F.);
#2747=ORIENTED_EDGE('',*,*,#2043,.F.);
#2748=ORIENTED_EDGE('',*,*,#2044,.T.);
#2749=ORIENTED_EDGE('',*,*,#2045,.T.);
#2750=ORIENTED_EDGE('',*,*,#2044,.F.);
#2751=ORIENTED_EDGE('',*,*,#2046,.F.);
#2752=ORIENTED_EDGE('',*,*,#2047,.T.);
#2753=ORIENTED_EDGE('',*,*,#2048,.T.);
#2754=ORIENTED_EDGE('',*,*,#2047,.F.);
#2755=ORIENTED_EDGE('',*,*,#2049,.F.);
#2756=ORIENTED_EDGE('',*,*,#2050,.T.);
#2757=ORIENTED_EDGE('',*,*,#2051,.T.);
#2758=ORIENTED_EDGE('',*,*,#2050,.F.);
#2759=ORIENTED_EDGE('',*,*,#2052,.F.);
#2760=ORIENTED_EDGE('',*,*,#2053,.T.);
#2761=ORIENTED_EDGE('',*,*,#2054,.T.);
#2762=ORIENTED_EDGE('',*,*,#2053,.F.);
#2763=ORIENTED_EDGE('',*,*,#2055,.F.);
#2764=ORIENTED_EDGE('',*,*,#2056,.T.);
#2765=ORIENTED_EDGE('',*,*,#2057,.F.);
#2766=ORIENTED_EDGE('',*,*,#2056,.F.);
#2767=ORIENTED_EDGE('',*,*,#2058,.T.);
#2768=ORIENTED_EDGE('',*,*,#2059,.T.);
#2769=ORIENTED_EDGE('',*,*,#2060,.F.);
#2770=ORIENTED_EDGE('',*,*,#2061,.T.);
#2771=ORIENTED_EDGE('',*,*,#2062,.F.);
#2772=ORIENTED_EDGE('',*,*,#2063,.F.);
#2773=ORIENTED_EDGE('',*,*,#2064,.T.);
#2774=ORIENTED_EDGE('',*,*,#2065,.T.);
#2775=ORIENTED_EDGE('',*,*,#2066,.F.);
#2776=ORIENTED_EDGE('',*,*,#2067,.T.);
#2777=ORIENTED_EDGE('',*,*,#2068,.F.);
#2778=ORIENTED_EDGE('',*,*,#2069,.F.);
#2779=ORIENTED_EDGE('',*,*,#2070,.T.);
#2780=ORIENTED_EDGE('',*,*,#2071,.T.);
#2781=ORIENTED_EDGE('',*,*,#2072,.F.);
#2782=ORIENTED_EDGE('',*,*,#2073,.F.);
#2783=ORIENTED_EDGE('',*,*,#2074,.T.);
#2784=ORIENTED_EDGE('',*,*,#2075,.T.);
#2785=ORIENTED_EDGE('',*,*,#2076,.F.);
#2786=ORIENTED_EDGE('',*,*,#2077,.T.);
#2787=ORIENTED_EDGE('',*,*,#2078,.T.);
#2788=ORIENTED_EDGE('',*,*,#2079,.T.);
#2789=ORIENTED_EDGE('',*,*,#2080,.F.);
#2790=ORIENTED_EDGE('',*,*,#2081,.F.);
#2791=ORIENTED_EDGE('',*,*,#2082,.F.);
#2792=ORIENTED_EDGE('',*,*,#2083,.T.);
#2793=ORIENTED_EDGE('',*,*,#2084,.F.);
#2794=ORIENTED_EDGE('',*,*,#2085,.T.);
#2795=ORIENTED_EDGE('',*,*,#2063,.T.);
#2796=ORIENTED_EDGE('',*,*,#2086,.T.);
#2797=ORIENTED_EDGE('',*,*,#2087,.T.);
#2798=ORIENTED_EDGE('',*,*,#2088,.T.);
#2799=ORIENTED_EDGE('',*,*,#2069,.T.);
#2800=ORIENTED_EDGE('',*,*,#2089,.T.);
#2801=ORIENTED_EDGE('',*,*,#2090,.T.);
#2802=ORIENTED_EDGE('',*,*,#2091,.T.);
#2803=ORIENTED_EDGE('',*,*,#2092,.T.);
#2804=ORIENTED_EDGE('',*,*,#2093,.T.);
#2805=ORIENTED_EDGE('',*,*,#2076,.T.);
#2806=ORIENTED_EDGE('',*,*,#2094,.T.);
#2807=ORIENTED_EDGE('',*,*,#2080,.T.);
#2808=ORIENTED_EDGE('',*,*,#2095,.T.);
#2809=ORIENTED_EDGE('',*,*,#2045,.F.);
#2810=ORIENTED_EDGE('',*,*,#2054,.F.);
#2811=ORIENTED_EDGE('',*,*,#2096,.F.);
#2812=ORIENTED_EDGE('',*,*,#2097,.T.);
#2813=ORIENTED_EDGE('',*,*,#2098,.T.);
#2814=ORIENTED_EDGE('',*,*,#2092,.F.);
#2815=ORIENTED_EDGE('',*,*,#2099,.F.);
#2816=ORIENTED_EDGE('',*,*,#2100,.T.);
#2817=ORIENTED_EDGE('',*,*,#2101,.T.);
#2818=ORIENTED_EDGE('',*,*,#2102,.T.);
#2819=ORIENTED_EDGE('',*,*,#2103,.T.);
#2820=ORIENTED_EDGE('',*,*,#2104,.T.);
#2821=ORIENTED_EDGE('',*,*,#2105,.T.);
#2822=ORIENTED_EDGE('',*,*,#2058,.F.);
#2823=ORIENTED_EDGE('',*,*,#2106,.T.);
#2824=ORIENTED_EDGE('',*,*,#2070,.F.);
#2825=ORIENTED_EDGE('',*,*,#2107,.T.);
#2826=ORIENTED_EDGE('',*,*,#2097,.F.);
#2827=ORIENTED_EDGE('',*,*,#2108,.F.);
#2828=ORIENTED_EDGE('',*,*,#2109,.F.);
#2829=ORIENTED_EDGE('',*,*,#2110,.F.);
#2830=ORIENTED_EDGE('',*,*,#2067,.F.);
#2831=ORIENTED_EDGE('',*,*,#2111,.F.);
#2832=ORIENTED_EDGE('',*,*,#2112,.F.);
#2833=ORIENTED_EDGE('',*,*,#2113,.F.);
#2834=ORIENTED_EDGE('',*,*,#2065,.F.);
#2835=ORIENTED_EDGE('',*,*,#2114,.T.);
#2836=ORIENTED_EDGE('',*,*,#2078,.F.);
#2837=ORIENTED_EDGE('',*,*,#2115,.T.);
#2838=ORIENTED_EDGE('',*,*,#2101,.F.);
#2839=ORIENTED_EDGE('',*,*,#2116,.T.);
#2840=ORIENTED_EDGE('',*,*,#2117,.T.);
#2841=ORIENTED_EDGE('',*,*,#2034,.F.);
#2842=ORIENTED_EDGE('',*,*,#2037,.T.);
#2843=ORIENTED_EDGE('',*,*,#2040,.T.);
#2844=ORIENTED_EDGE('',*,*,#2043,.T.);
#2845=ORIENTED_EDGE('',*,*,#2046,.T.);
#2846=ORIENTED_EDGE('',*,*,#2049,.T.);
#2847=ORIENTED_EDGE('',*,*,#2052,.T.);
#2848=ORIENTED_EDGE('',*,*,#2060,.T.);
#2849=ORIENTED_EDGE('',*,*,#2118,.T.);
#2850=ORIENTED_EDGE('',*,*,#2119,.T.);
#2851=ORIENTED_EDGE('',*,*,#2120,.F.);
#2852=ORIENTED_EDGE('',*,*,#2121,.T.);
#2853=ORIENTED_EDGE('',*,*,#2122,.T.);
#2854=ORIENTED_EDGE('',*,*,#2099,.T.);
#2855=ORIENTED_EDGE('',*,*,#2123,.T.);
#2856=ORIENTED_EDGE('',*,*,#2084,.T.);
#2857=ORIENTED_EDGE('',*,*,#2124,.F.);
#2858=ORIENTED_EDGE('',*,*,#2072,.T.);
#2859=ORIENTED_EDGE('',*,*,#2125,.T.);
#2860=ORIENTED_EDGE('',*,*,#2039,.F.);
#2861=ORIENTED_EDGE('',*,*,#2042,.F.);
#2862=ORIENTED_EDGE('',*,*,#2048,.F.);
#2863=ORIENTED_EDGE('',*,*,#2051,.F.);
#2864=ORIENTED_EDGE('',*,*,#2126,.F.);
#2865=ORIENTED_EDGE('',*,*,#2074,.F.);
#2866=ORIENTED_EDGE('',*,*,#2127,.T.);
#2867=ORIENTED_EDGE('',*,*,#2082,.T.);
#2868=ORIENTED_EDGE('',*,*,#2057,.T.);
#2869=ORIENTED_EDGE('',*,*,#2094,.F.);
#2870=ORIENTED_EDGE('',*,*,#2075,.F.);
#2871=ORIENTED_EDGE('',*,*,#2126,.T.);
#2872=ORIENTED_EDGE('',*,*,#2081,.T.);
#2873=ORIENTED_EDGE('',*,*,#2124,.T.);
#2874=ORIENTED_EDGE('',*,*,#2083,.F.);
#2875=ORIENTED_EDGE('',*,*,#2127,.F.);
#2876=ORIENTED_EDGE('',*,*,#2073,.T.);
#2877=ORIENTED_EDGE('',*,*,#2036,.F.);
#2878=ORIENTED_EDGE('',*,*,#2031,.T.);
#2879=ORIENTED_EDGE('',*,*,#2055,.T.);
#2880=ORIENTED_EDGE('',*,*,#2032,.T.);
#2881=ORIENTED_EDGE('',*,*,#2114,.F.);
#2882=ORIENTED_EDGE('',*,*,#2064,.F.);
#2883=ORIENTED_EDGE('',*,*,#2095,.F.);
#2884=ORIENTED_EDGE('',*,*,#2079,.F.);
#2885=ORIENTED_EDGE('',*,*,#2115,.F.);
#2886=ORIENTED_EDGE('',*,*,#2085,.F.);
#2887=ORIENTED_EDGE('',*,*,#2123,.F.);
#2888=ORIENTED_EDGE('',*,*,#2102,.F.);
#2889=ORIENTED_EDGE('',*,*,#2106,.F.);
#2890=ORIENTED_EDGE('',*,*,#2061,.F.);
#2891=ORIENTED_EDGE('',*,*,#2125,.F.);
#2892=ORIENTED_EDGE('',*,*,#2071,.F.);
#2893=ORIENTED_EDGE('',*,*,#2107,.F.);
#2894=ORIENTED_EDGE('',*,*,#2077,.F.);
#2895=ORIENTED_EDGE('',*,*,#2093,.F.);
#2896=ORIENTED_EDGE('',*,*,#2098,.F.);
#2897=ORIENTED_EDGE('',*,*,#2128,.T.);
#2898=ORIENTED_EDGE('',*,*,#2109,.T.);
#2899=ORIENTED_EDGE('',*,*,#2129,.F.);
#2900=ORIENTED_EDGE('',*,*,#2090,.F.);
#2901=ORIENTED_EDGE('',*,*,#2068,.T.);
#2902=ORIENTED_EDGE('',*,*,#2110,.T.);
#2903=ORIENTED_EDGE('',*,*,#2128,.F.);
#2904=ORIENTED_EDGE('',*,*,#2089,.F.);
#2905=ORIENTED_EDGE('',*,*,#2129,.T.);
#2906=ORIENTED_EDGE('',*,*,#2108,.T.);
#2907=ORIENTED_EDGE('',*,*,#2096,.T.);
#2908=ORIENTED_EDGE('',*,*,#2091,.F.);
#2909=ORIENTED_EDGE('',*,*,#2130,.T.);
#2910=ORIENTED_EDGE('',*,*,#2112,.T.);
#2911=ORIENTED_EDGE('',*,*,#2131,.F.);
#2912=ORIENTED_EDGE('',*,*,#2087,.F.);
#2913=ORIENTED_EDGE('',*,*,#2062,.T.);
#2914=ORIENTED_EDGE('',*,*,#2113,.T.);
#2915=ORIENTED_EDGE('',*,*,#2130,.F.);
#2916=ORIENTED_EDGE('',*,*,#2086,.F.);
#2917=ORIENTED_EDGE('',*,*,#2131,.T.);
#2918=ORIENTED_EDGE('',*,*,#2111,.T.);
#2919=ORIENTED_EDGE('',*,*,#2066,.T.);
#2920=ORIENTED_EDGE('',*,*,#2088,.F.);
#2921=ORIENTED_EDGE('',*,*,#2120,.T.);
#2922=ORIENTED_EDGE('',*,*,#2132,.T.);
#2923=ORIENTED_EDGE('',*,*,#2103,.F.);
#2924=ORIENTED_EDGE('',*,*,#2133,.T.);
#2925=ORIENTED_EDGE('',*,*,#2132,.F.);
#2926=ORIENTED_EDGE('',*,*,#2119,.F.);
#2927=ORIENTED_EDGE('',*,*,#2134,.F.);
#2928=ORIENTED_EDGE('',*,*,#2104,.F.);
#2929=ORIENTED_EDGE('',*,*,#2118,.F.);
#2930=ORIENTED_EDGE('',*,*,#2059,.F.);
#2931=ORIENTED_EDGE('',*,*,#2105,.F.);
#2932=ORIENTED_EDGE('',*,*,#2134,.T.);
#2933=ORIENTED_EDGE('',*,*,#2100,.F.);
#2934=ORIENTED_EDGE('',*,*,#2122,.F.);
#2935=ORIENTED_EDGE('',*,*,#2135,.F.);
#2936=ORIENTED_EDGE('',*,*,#2116,.F.);
#2937=ORIENTED_EDGE('',*,*,#2121,.F.);
#2938=ORIENTED_EDGE('',*,*,#2133,.F.);
#2939=ORIENTED_EDGE('',*,*,#2117,.F.);
#2940=ORIENTED_EDGE('',*,*,#2135,.T.);
#2941=ORIENTED_EDGE('',*,*,#2136,.F.);
#2942=ORIENTED_EDGE('',*,*,#2137,.F.);
#2943=ORIENTED_EDGE('',*,*,#2138,.F.);
#2944=ORIENTED_EDGE('',*,*,#2139,.F.);
#2945=ORIENTED_EDGE('',*,*,#2140,.F.);
#2946=ORIENTED_EDGE('',*,*,#2141,.T.);
#2947=ORIENTED_EDGE('',*,*,#2142,.T.);
#2948=ORIENTED_EDGE('',*,*,#2141,.F.);
#2949=ORIENTED_EDGE('',*,*,#2143,.F.);
#2950=ORIENTED_EDGE('',*,*,#2144,.T.);
#2951=ORIENTED_EDGE('',*,*,#2145,.T.);
#2952=ORIENTED_EDGE('',*,*,#2144,.F.);
#2953=ORIENTED_EDGE('',*,*,#2146,.F.);
#2954=ORIENTED_EDGE('',*,*,#2147,.T.);
#2955=ORIENTED_EDGE('',*,*,#2148,.T.);
#2956=ORIENTED_EDGE('',*,*,#2147,.F.);
#2957=ORIENTED_EDGE('',*,*,#2149,.F.);
#2958=ORIENTED_EDGE('',*,*,#2150,.T.);
#2959=ORIENTED_EDGE('',*,*,#2151,.T.);
#2960=ORIENTED_EDGE('',*,*,#2150,.F.);
#2961=ORIENTED_EDGE('',*,*,#2152,.F.);
#2962=ORIENTED_EDGE('',*,*,#2153,.T.);
#2963=ORIENTED_EDGE('',*,*,#2154,.T.);
#2964=ORIENTED_EDGE('',*,*,#2153,.F.);
#2965=ORIENTED_EDGE('',*,*,#2155,.T.);
#2966=ORIENTED_EDGE('',*,*,#2156,.T.);
#2967=ORIENTED_EDGE('',*,*,#2157,.F.);
#2968=ORIENTED_EDGE('',*,*,#2158,.T.);
#2969=ORIENTED_EDGE('',*,*,#2159,.T.);
#2970=ORIENTED_EDGE('',*,*,#2160,.T.);
#2971=ORIENTED_EDGE('',*,*,#2161,.F.);
#2972=ORIENTED_EDGE('',*,*,#2162,.T.);
#2973=ORIENTED_EDGE('',*,*,#2163,.T.);
#2974=ORIENTED_EDGE('',*,*,#2164,.T.);
#2975=ORIENTED_EDGE('',*,*,#2165,.F.);
#2976=ORIENTED_EDGE('',*,*,#2166,.T.);
#2977=ORIENTED_EDGE('',*,*,#2167,.T.);
#2978=ORIENTED_EDGE('',*,*,#2168,.T.);
#2979=ORIENTED_EDGE('',*,*,#2169,.F.);
#2980=ORIENTED_EDGE('',*,*,#2170,.T.);
#2981=ORIENTED_EDGE('',*,*,#2171,.F.);
#2982=ORIENTED_EDGE('',*,*,#2172,.T.);
#2983=ORIENTED_EDGE('',*,*,#2173,.T.);
#2984=ORIENTED_EDGE('',*,*,#2174,.T.);
#2985=ORIENTED_EDGE('',*,*,#2175,.T.);
#2986=ORIENTED_EDGE('',*,*,#2176,.T.);
#2987=ORIENTED_EDGE('',*,*,#2177,.F.);
#2988=ORIENTED_EDGE('',*,*,#2178,.T.);
#2989=ORIENTED_EDGE('',*,*,#2179,.F.);
#2990=ORIENTED_EDGE('',*,*,#2139,.T.);
#2991=ORIENTED_EDGE('',*,*,#2180,.T.);
#2992=ORIENTED_EDGE('',*,*,#2181,.T.);
#2993=ORIENTED_EDGE('',*,*,#2182,.F.);
#2994=ORIENTED_EDGE('',*,*,#2183,.T.);
#2995=ORIENTED_EDGE('',*,*,#2163,.F.);
#2996=ORIENTED_EDGE('',*,*,#2184,.T.);
#2997=ORIENTED_EDGE('',*,*,#2185,.F.);
#2998=ORIENTED_EDGE('',*,*,#2186,.F.);
#2999=ORIENTED_EDGE('',*,*,#2187,.F.);
#3000=ORIENTED_EDGE('',*,*,#2188,.T.);
#3001=ORIENTED_EDGE('',*,*,#2159,.F.);
#3002=ORIENTED_EDGE('',*,*,#2189,.T.);
#3003=ORIENTED_EDGE('',*,*,#2167,.F.);
#3004=ORIENTED_EDGE('',*,*,#2190,.T.);
#3005=ORIENTED_EDGE('',*,*,#2173,.F.);
#3006=ORIENTED_EDGE('',*,*,#2191,.T.);
#3007=ORIENTED_EDGE('',*,*,#2192,.F.);
#3008=ORIENTED_EDGE('',*,*,#2193,.F.);
#3009=ORIENTED_EDGE('',*,*,#2194,.F.);
#3010=ORIENTED_EDGE('',*,*,#2195,.T.);
#3011=ORIENTED_EDGE('',*,*,#2196,.T.);
#3012=ORIENTED_EDGE('',*,*,#2197,.T.);
#3013=ORIENTED_EDGE('',*,*,#2198,.T.);
#3014=ORIENTED_EDGE('',*,*,#2199,.F.);
#3015=ORIENTED_EDGE('',*,*,#2200,.T.);
#3016=ORIENTED_EDGE('',*,*,#2201,.F.);
#3017=ORIENTED_EDGE('',*,*,#2202,.T.);
#3018=ORIENTED_EDGE('',*,*,#2203,.T.);
#3019=ORIENTED_EDGE('',*,*,#2204,.F.);
#3020=ORIENTED_EDGE('',*,*,#2205,.F.);
#3021=ORIENTED_EDGE('',*,*,#2206,.F.);
#3022=ORIENTED_EDGE('',*,*,#2207,.T.);
#3023=ORIENTED_EDGE('',*,*,#2155,.F.);
#3024=ORIENTED_EDGE('',*,*,#2208,.T.);
#3025=ORIENTED_EDGE('',*,*,#2175,.F.);
#3026=ORIENTED_EDGE('',*,*,#2209,.T.);
#3027=ORIENTED_EDGE('',*,*,#2180,.F.);
#3028=ORIENTED_EDGE('',*,*,#2138,.T.);
#3029=ORIENTED_EDGE('',*,*,#2210,.F.);
#3030=ORIENTED_EDGE('',*,*,#2211,.F.);
#3031=ORIENTED_EDGE('',*,*,#2140,.T.);
#3032=ORIENTED_EDGE('',*,*,#2143,.T.);
#3033=ORIENTED_EDGE('',*,*,#2146,.T.);
#3034=ORIENTED_EDGE('',*,*,#2149,.T.);
#3035=ORIENTED_EDGE('',*,*,#2152,.T.);
#3036=ORIENTED_EDGE('',*,*,#2212,.F.);
#3037=ORIENTED_EDGE('',*,*,#2213,.T.);
#3038=ORIENTED_EDGE('',*,*,#2214,.F.);
#3039=ORIENTED_EDGE('',*,*,#2215,.T.);
#3040=ORIENTED_EDGE('',*,*,#2216,.T.);
#3041=ORIENTED_EDGE('',*,*,#2217,.T.);
#3042=ORIENTED_EDGE('',*,*,#2218,.T.);
#3043=ORIENTED_EDGE('',*,*,#2219,.T.);
#3044=ORIENTED_EDGE('',*,*,#2165,.T.);
#3045=ORIENTED_EDGE('',*,*,#2220,.T.);
#3046=ORIENTED_EDGE('',*,*,#2221,.T.);
#3047=ORIENTED_EDGE('',*,*,#2222,.T.);
#3048=ORIENTED_EDGE('',*,*,#2223,.T.);
#3049=ORIENTED_EDGE('',*,*,#2136,.T.);
#3050=ORIENTED_EDGE('',*,*,#2179,.T.);
#3051=ORIENTED_EDGE('',*,*,#2224,.T.);
#3052=ORIENTED_EDGE('',*,*,#2177,.T.);
#3053=ORIENTED_EDGE('',*,*,#2225,.T.);
#3054=ORIENTED_EDGE('',*,*,#2157,.T.);
#3055=ORIENTED_EDGE('',*,*,#2226,.T.);
#3056=ORIENTED_EDGE('',*,*,#2227,.T.);
#3057=ORIENTED_EDGE('',*,*,#2228,.T.);
#3058=ORIENTED_EDGE('',*,*,#2229,.T.);
#3059=ORIENTED_EDGE('',*,*,#2230,.T.);
#3060=ORIENTED_EDGE('',*,*,#2231,.T.);
#3061=ORIENTED_EDGE('',*,*,#2232,.T.);
#3062=ORIENTED_EDGE('',*,*,#2233,.T.);
#3063=ORIENTED_EDGE('',*,*,#2234,.T.);
#3064=ORIENTED_EDGE('',*,*,#2235,.T.);
#3065=ORIENTED_EDGE('',*,*,#2236,.F.);
#3066=ORIENTED_EDGE('',*,*,#2237,.T.);
#3067=ORIENTED_EDGE('',*,*,#2238,.T.);
#3068=ORIENTED_EDGE('',*,*,#2239,.T.);
#3069=ORIENTED_EDGE('',*,*,#2240,.T.);
#3070=ORIENTED_EDGE('',*,*,#2241,.T.);
#3071=ORIENTED_EDGE('',*,*,#2242,.T.);
#3072=ORIENTED_EDGE('',*,*,#2171,.T.);
#3073=ORIENTED_EDGE('',*,*,#2243,.T.);
#3074=ORIENTED_EDGE('',*,*,#2169,.T.);
#3075=ORIENTED_EDGE('',*,*,#2244,.T.);
#3076=ORIENTED_EDGE('',*,*,#2161,.T.);
#3077=ORIENTED_EDGE('',*,*,#2245,.T.);
#3078=ORIENTED_EDGE('',*,*,#2246,.T.);
#3079=ORIENTED_EDGE('',*,*,#2247,.T.);
#3080=ORIENTED_EDGE('',*,*,#2248,.T.);
#3081=ORIENTED_EDGE('',*,*,#2249,.T.);
#3082=ORIENTED_EDGE('',*,*,#2250,.T.);
#3083=ORIENTED_EDGE('',*,*,#2251,.T.);
#3084=ORIENTED_EDGE('',*,*,#2252,.T.);
#3085=ORIENTED_EDGE('',*,*,#2253,.T.);
#3086=ORIENTED_EDGE('',*,*,#2254,.F.);
#3087=ORIENTED_EDGE('',*,*,#2255,.T.);
#3088=ORIENTED_EDGE('',*,*,#2256,.F.);
#3089=ORIENTED_EDGE('',*,*,#2257,.T.);
#3090=ORIENTED_EDGE('',*,*,#2142,.F.);
#3091=ORIENTED_EDGE('',*,*,#2145,.F.);
#3092=ORIENTED_EDGE('',*,*,#2148,.F.);
#3093=ORIENTED_EDGE('',*,*,#2151,.F.);
#3094=ORIENTED_EDGE('',*,*,#2154,.F.);
#3095=ORIENTED_EDGE('',*,*,#2208,.F.);
#3096=ORIENTED_EDGE('',*,*,#2158,.F.);
#3097=ORIENTED_EDGE('',*,*,#2225,.F.);
#3098=ORIENTED_EDGE('',*,*,#2176,.F.);
#3099=ORIENTED_EDGE('',*,*,#2209,.F.);
#3100=ORIENTED_EDGE('',*,*,#2178,.F.);
#3101=ORIENTED_EDGE('',*,*,#2224,.F.);
#3102=ORIENTED_EDGE('',*,*,#2181,.F.);
#3103=ORIENTED_EDGE('',*,*,#2189,.F.);
#3104=ORIENTED_EDGE('',*,*,#2162,.F.);
#3105=ORIENTED_EDGE('',*,*,#2244,.F.);
#3106=ORIENTED_EDGE('',*,*,#2168,.F.);
#3107=ORIENTED_EDGE('',*,*,#2190,.F.);
#3108=ORIENTED_EDGE('',*,*,#2170,.F.);
#3109=ORIENTED_EDGE('',*,*,#2243,.F.);
#3110=ORIENTED_EDGE('',*,*,#2174,.F.);
#3111=ORIENTED_EDGE('',*,*,#2232,.F.);
#3112=ORIENTED_EDGE('',*,*,#2258,.T.);
#3113=ORIENTED_EDGE('',*,*,#2201,.T.);
#3114=ORIENTED_EDGE('',*,*,#2259,.T.);
#3115=ORIENTED_EDGE('',*,*,#2199,.T.);
#3116=ORIENTED_EDGE('',*,*,#2260,.T.);
#3117=ORIENTED_EDGE('',*,*,#2234,.F.);
#3118=ORIENTED_EDGE('',*,*,#2261,.T.);
#3119=ORIENTED_EDGE('',*,*,#2212,.T.);
#3120=ORIENTED_EDGE('',*,*,#2262,.T.);
#3121=ORIENTED_EDGE('',*,*,#2252,.F.);
#3122=ORIENTED_EDGE('',*,*,#2263,.T.);
#3123=ORIENTED_EDGE('',*,*,#2218,.F.);
#3124=ORIENTED_EDGE('',*,*,#2264,.T.);
#3125=ORIENTED_EDGE('',*,*,#2254,.T.);
#3126=ORIENTED_EDGE('',*,*,#2265,.T.);
#3127=ORIENTED_EDGE('',*,*,#2216,.F.);
#3128=ORIENTED_EDGE('',*,*,#2266,.T.);
#3129=ORIENTED_EDGE('',*,*,#2256,.T.);
#3130=ORIENTED_EDGE('',*,*,#2267,.T.);
#3131=ORIENTED_EDGE('',*,*,#2250,.F.);
#3132=ORIENTED_EDGE('',*,*,#2268,.T.);
#3133=ORIENTED_EDGE('',*,*,#2214,.T.);
#3134=ORIENTED_EDGE('',*,*,#2269,.T.);
#3135=ORIENTED_EDGE('',*,*,#2197,.F.);
#3136=ORIENTED_EDGE('',*,*,#2270,.T.);
#3137=ORIENTED_EDGE('',*,*,#2236,.T.);
#3138=ORIENTED_EDGE('',*,*,#2271,.T.);
#3139=ORIENTED_EDGE('',*,*,#2211,.T.);
#3140=ORIENTED_EDGE('',*,*,#2272,.F.);
#3141=ORIENTED_EDGE('',*,*,#2222,.F.);
#3142=ORIENTED_EDGE('',*,*,#2273,.T.);
#3143=ORIENTED_EDGE('',*,*,#2221,.F.);
#3144=ORIENTED_EDGE('',*,*,#2274,.T.);
#3145=ORIENTED_EDGE('',*,*,#2182,.T.);
#3146=ORIENTED_EDGE('',*,*,#2273,.F.);
#3147=ORIENTED_EDGE('',*,*,#2210,.T.);
#3148=ORIENTED_EDGE('',*,*,#2137,.T.);
#3149=ORIENTED_EDGE('',*,*,#2223,.F.);
#3150=ORIENTED_EDGE('',*,*,#2272,.T.);
#3151=ORIENTED_EDGE('',*,*,#2193,.T.);
#3152=ORIENTED_EDGE('',*,*,#2275,.F.);
#3153=ORIENTED_EDGE('',*,*,#2240,.F.);
#3154=ORIENTED_EDGE('',*,*,#2276,.T.);
#3155=ORIENTED_EDGE('',*,*,#2239,.F.);
#3156=ORIENTED_EDGE('',*,*,#2277,.T.);
#3157=ORIENTED_EDGE('',*,*,#2194,.T.);
#3158=ORIENTED_EDGE('',*,*,#2276,.F.);
#3159=ORIENTED_EDGE('',*,*,#2192,.T.);
#3160=ORIENTED_EDGE('',*,*,#2278,.T.);
#3161=ORIENTED_EDGE('',*,*,#2241,.F.);
#3162=ORIENTED_EDGE('',*,*,#2275,.T.);
#3163=ORIENTED_EDGE('',*,*,#2205,.T.);
#3164=ORIENTED_EDGE('',*,*,#2279,.F.);
#3165=ORIENTED_EDGE('',*,*,#2228,.F.);
#3166=ORIENTED_EDGE('',*,*,#2280,.T.);
#3167=ORIENTED_EDGE('',*,*,#2227,.F.);
#3168=ORIENTED_EDGE('',*,*,#2281,.T.);
#3169=ORIENTED_EDGE('',*,*,#2206,.T.);
#3170=ORIENTED_EDGE('',*,*,#2280,.F.);
#3171=ORIENTED_EDGE('',*,*,#2204,.T.);
#3172=ORIENTED_EDGE('',*,*,#2282,.T.);
#3173=ORIENTED_EDGE('',*,*,#2229,.F.);
#3174=ORIENTED_EDGE('',*,*,#2279,.T.);
#3175=ORIENTED_EDGE('',*,*,#2186,.T.);
#3176=ORIENTED_EDGE('',*,*,#2283,.F.);
#3177=ORIENTED_EDGE('',*,*,#2247,.F.);
#3178=ORIENTED_EDGE('',*,*,#2284,.T.);
#3179=ORIENTED_EDGE('',*,*,#2246,.F.);
#3180=ORIENTED_EDGE('',*,*,#2285,.T.);
#3181=ORIENTED_EDGE('',*,*,#2187,.T.);
#3182=ORIENTED_EDGE('',*,*,#2284,.F.);
#3183=ORIENTED_EDGE('',*,*,#2185,.T.);
#3184=ORIENTED_EDGE('',*,*,#2286,.T.);
#3185=ORIENTED_EDGE('',*,*,#2248,.F.);
#3186=ORIENTED_EDGE('',*,*,#2283,.T.);
#3187=ORIENTED_EDGE('',*,*,#2231,.F.);
#3188=ORIENTED_EDGE('',*,*,#2287,.T.);
#3189=ORIENTED_EDGE('',*,*,#2202,.F.);
#3190=ORIENTED_EDGE('',*,*,#2258,.F.);
#3191=ORIENTED_EDGE('',*,*,#2196,.F.);
#3192=ORIENTED_EDGE('',*,*,#2288,.T.);
#3193=ORIENTED_EDGE('',*,*,#2237,.F.);
#3194=ORIENTED_EDGE('',*,*,#2270,.F.);
#3195=ORIENTED_EDGE('',*,*,#2257,.F.);
#3196=ORIENTED_EDGE('',*,*,#2266,.F.);
#3197=ORIENTED_EDGE('',*,*,#2215,.F.);
#3198=ORIENTED_EDGE('',*,*,#2268,.F.);
#3199=ORIENTED_EDGE('',*,*,#2255,.F.);
#3200=ORIENTED_EDGE('',*,*,#2264,.F.);
#3201=ORIENTED_EDGE('',*,*,#2217,.F.);
#3202=ORIENTED_EDGE('',*,*,#2267,.F.);
#3203=ORIENTED_EDGE('',*,*,#2253,.F.);
#3204=ORIENTED_EDGE('',*,*,#2262,.F.);
#3205=ORIENTED_EDGE('',*,*,#2219,.F.);
#3206=ORIENTED_EDGE('',*,*,#2265,.F.);
#3207=ORIENTED_EDGE('',*,*,#2251,.F.);
#3208=ORIENTED_EDGE('',*,*,#2269,.F.);
#3209=ORIENTED_EDGE('',*,*,#2213,.F.);
#3210=ORIENTED_EDGE('',*,*,#2263,.F.);
#3211=ORIENTED_EDGE('',*,*,#2235,.F.);
#3212=ORIENTED_EDGE('',*,*,#2260,.F.);
#3213=ORIENTED_EDGE('',*,*,#2198,.F.);
#3214=ORIENTED_EDGE('',*,*,#2271,.F.);
#3215=ORIENTED_EDGE('',*,*,#2233,.F.);
#3216=ORIENTED_EDGE('',*,*,#2259,.F.);
#3217=ORIENTED_EDGE('',*,*,#2200,.F.);
#3218=ORIENTED_EDGE('',*,*,#2261,.F.);
#3219=ORIENTED_EDGE('',*,*,#2220,.F.);
#3220=ORIENTED_EDGE('',*,*,#2164,.F.);
#3221=ORIENTED_EDGE('',*,*,#2183,.F.);
#3222=ORIENTED_EDGE('',*,*,#2274,.F.);
#3223=ORIENTED_EDGE('',*,*,#2184,.F.);
#3224=ORIENTED_EDGE('',*,*,#2166,.F.);
#3225=ORIENTED_EDGE('',*,*,#2249,.F.);
#3226=ORIENTED_EDGE('',*,*,#2286,.F.);
#3227=ORIENTED_EDGE('',*,*,#2245,.F.);
#3228=ORIENTED_EDGE('',*,*,#2160,.F.);
#3229=ORIENTED_EDGE('',*,*,#2188,.F.);
#3230=ORIENTED_EDGE('',*,*,#2285,.F.);
#3231=ORIENTED_EDGE('',*,*,#2226,.F.);
#3232=ORIENTED_EDGE('',*,*,#2156,.F.);
#3233=ORIENTED_EDGE('',*,*,#2207,.F.);
#3234=ORIENTED_EDGE('',*,*,#2281,.F.);
#3235=ORIENTED_EDGE('',*,*,#2203,.F.);
#3236=ORIENTED_EDGE('',*,*,#2287,.F.);
#3237=ORIENTED_EDGE('',*,*,#2230,.F.);
#3238=ORIENTED_EDGE('',*,*,#2282,.F.);
#3239=ORIENTED_EDGE('',*,*,#2191,.F.);
#3240=ORIENTED_EDGE('',*,*,#2172,.F.);
#3241=ORIENTED_EDGE('',*,*,#2242,.F.);
#3242=ORIENTED_EDGE('',*,*,#2278,.F.);
#3243=ORIENTED_EDGE('',*,*,#2238,.F.);
#3244=ORIENTED_EDGE('',*,*,#2288,.F.);
#3245=ORIENTED_EDGE('',*,*,#2195,.F.);
#3246=ORIENTED_EDGE('',*,*,#2277,.F.);
#3247=ORIENTED_EDGE('',*,*,#2289,.F.);
#3248=ORIENTED_EDGE('',*,*,#2290,.F.);
#3249=ORIENTED_EDGE('',*,*,#2291,.T.);
#3250=ORIENTED_EDGE('',*,*,#2292,.T.);
#3251=ORIENTED_EDGE('',*,*,#2293,.F.);
#3252=ORIENTED_EDGE('',*,*,#2294,.F.);
#3253=ORIENTED_EDGE('',*,*,#2295,.T.);
#3254=ORIENTED_EDGE('',*,*,#2290,.T.);
#3255=ORIENTED_EDGE('',*,*,#2296,.F.);
#3256=ORIENTED_EDGE('',*,*,#2297,.F.);
#3257=ORIENTED_EDGE('',*,*,#2298,.T.);
#3258=ORIENTED_EDGE('',*,*,#2294,.T.);
#3259=ORIENTED_EDGE('',*,*,#2299,.F.);
#3260=ORIENTED_EDGE('',*,*,#2292,.F.);
#3261=ORIENTED_EDGE('',*,*,#2300,.T.);
#3262=ORIENTED_EDGE('',*,*,#2297,.T.);
#3263=ORIENTED_EDGE('',*,*,#2291,.F.);
#3264=ORIENTED_EDGE('',*,*,#2295,.F.);
#3265=ORIENTED_EDGE('',*,*,#2298,.F.);
#3266=ORIENTED_EDGE('',*,*,#2300,.F.);
#3267=ORIENTED_EDGE('',*,*,#2289,.T.);
#3268=ORIENTED_EDGE('',*,*,#2299,.T.);
#3269=ORIENTED_EDGE('',*,*,#2296,.T.);
#3270=ORIENTED_EDGE('',*,*,#2293,.T.);
#3271=ORIENTED_EDGE('',*,*,#2301,.T.);
#3272=ORIENTED_EDGE('',*,*,#2302,.T.);
#3273=ORIENTED_EDGE('',*,*,#2303,.T.);
#3274=ORIENTED_EDGE('',*,*,#2302,.F.);
#3275=ORIENTED_EDGE('',*,*,#2304,.T.);
#3276=ORIENTED_EDGE('',*,*,#2305,.T.);
#3277=ORIENTED_EDGE('',*,*,#2306,.T.);
#3278=ORIENTED_EDGE('',*,*,#2305,.F.);
#3279=ORIENTED_EDGE('',*,*,#2307,.T.);
#3280=ORIENTED_EDGE('',*,*,#2308,.T.);
#3281=ORIENTED_EDGE('',*,*,#2309,.T.);
#3282=ORIENTED_EDGE('',*,*,#2308,.F.);
#3283=ORIENTED_EDGE('',*,*,#2310,.T.);
#3284=ORIENTED_EDGE('',*,*,#2311,.T.);
#3285=ORIENTED_EDGE('',*,*,#2312,.T.);
#3286=ORIENTED_EDGE('',*,*,#2311,.F.);
#3287=ORIENTED_EDGE('',*,*,#2313,.T.);
#3288=ORIENTED_EDGE('',*,*,#2314,.T.);
#3289=ORIENTED_EDGE('',*,*,#2315,.T.);
#3290=ORIENTED_EDGE('',*,*,#2314,.F.);
#3291=ORIENTED_EDGE('',*,*,#2316,.T.);
#3292=ORIENTED_EDGE('',*,*,#2317,.T.);
#3293=ORIENTED_EDGE('',*,*,#2318,.T.);
#3294=ORIENTED_EDGE('',*,*,#2317,.F.);
#3295=ORIENTED_EDGE('',*,*,#2319,.T.);
#3296=ORIENTED_EDGE('',*,*,#2320,.T.);
#3297=ORIENTED_EDGE('',*,*,#2321,.T.);
#3298=ORIENTED_EDGE('',*,*,#2320,.F.);
#3299=ORIENTED_EDGE('',*,*,#2322,.T.);
#3300=ORIENTED_EDGE('',*,*,#2323,.T.);
#3301=ORIENTED_EDGE('',*,*,#2324,.T.);
#3302=ORIENTED_EDGE('',*,*,#2323,.F.);
#3303=ORIENTED_EDGE('',*,*,#2325,.T.);
#3304=ORIENTED_EDGE('',*,*,#2326,.T.);
#3305=ORIENTED_EDGE('',*,*,#2327,.T.);
#3306=ORIENTED_EDGE('',*,*,#2326,.F.);
#3307=ORIENTED_EDGE('',*,*,#2328,.T.);
#3308=ORIENTED_EDGE('',*,*,#2329,.T.);
#3309=ORIENTED_EDGE('',*,*,#2330,.T.);
#3310=ORIENTED_EDGE('',*,*,#2329,.F.);
#3311=ORIENTED_EDGE('',*,*,#2331,.F.);
#3312=ORIENTED_EDGE('',*,*,#2332,.F.);
#3313=ORIENTED_EDGE('',*,*,#2333,.T.);
#3314=ORIENTED_EDGE('',*,*,#2334,.T.);
#3315=ORIENTED_EDGE('',*,*,#2335,.F.);
#3316=ORIENTED_EDGE('',*,*,#2336,.F.);
#3317=ORIENTED_EDGE('',*,*,#2337,.T.);
#3318=ORIENTED_EDGE('',*,*,#2332,.T.);
#3319=ORIENTED_EDGE('',*,*,#2338,.F.);
#3320=ORIENTED_EDGE('',*,*,#2339,.F.);
#3321=ORIENTED_EDGE('',*,*,#2340,.T.);
#3322=ORIENTED_EDGE('',*,*,#2336,.T.);
#3323=ORIENTED_EDGE('',*,*,#2341,.F.);
#3324=ORIENTED_EDGE('',*,*,#2334,.F.);
#3325=ORIENTED_EDGE('',*,*,#2342,.T.);
#3326=ORIENTED_EDGE('',*,*,#2339,.T.);
#3327=ORIENTED_EDGE('',*,*,#2333,.F.);
#3328=ORIENTED_EDGE('',*,*,#2337,.F.);
#3329=ORIENTED_EDGE('',*,*,#2340,.F.);
#3330=ORIENTED_EDGE('',*,*,#2342,.F.);
#3331=ORIENTED_EDGE('',*,*,#2307,.F.);
#3332=ORIENTED_EDGE('',*,*,#2310,.F.);
#3333=ORIENTED_EDGE('',*,*,#2313,.F.);
#3334=ORIENTED_EDGE('',*,*,#2316,.F.);
#3335=ORIENTED_EDGE('',*,*,#2319,.F.);
#3336=ORIENTED_EDGE('',*,*,#2322,.F.);
#3337=ORIENTED_EDGE('',*,*,#2325,.F.);
#3338=ORIENTED_EDGE('',*,*,#2328,.F.);
#3339=ORIENTED_EDGE('',*,*,#2301,.F.);
#3340=ORIENTED_EDGE('',*,*,#2304,.F.);
#3341=ORIENTED_EDGE('',*,*,#2331,.T.);
#3342=ORIENTED_EDGE('',*,*,#2341,.T.);
#3343=ORIENTED_EDGE('',*,*,#2338,.T.);
#3344=ORIENTED_EDGE('',*,*,#2335,.T.);
#3345=ORIENTED_EDGE('',*,*,#2309,.F.);
#3346=ORIENTED_EDGE('',*,*,#2312,.F.);
#3347=ORIENTED_EDGE('',*,*,#2315,.F.);
#3348=ORIENTED_EDGE('',*,*,#2318,.F.);
#3349=ORIENTED_EDGE('',*,*,#2321,.F.);
#3350=ORIENTED_EDGE('',*,*,#2324,.F.);
#3351=ORIENTED_EDGE('',*,*,#2327,.F.);
#3352=ORIENTED_EDGE('',*,*,#2330,.F.);
#3353=ORIENTED_EDGE('',*,*,#2303,.F.);
#3354=ORIENTED_EDGE('',*,*,#2306,.F.);
#3355=CYLINDRICAL_SURFACE('',#3702,2.50000000000001);
#3356=CYLINDRICAL_SURFACE('',#3705,2.5);
#3357=CYLINDRICAL_SURFACE('',#3708,2.5);
#3358=CYLINDRICAL_SURFACE('',#3711,2.5);
#3359=CYLINDRICAL_SURFACE('',#3714,4.);
#3360=CYLINDRICAL_SURFACE('',#3717,3.39999999998597);
#3361=CYLINDRICAL_SURFACE('',#3720,3.39999999998598);
#3362=CYLINDRICAL_SURFACE('',#3723,3.39999999998598);
#3363=CYLINDRICAL_SURFACE('',#3726,3.39999999998598);
#3364=CYLINDRICAL_SURFACE('',#3729,3.39999999998601);
#3365=CYLINDRICAL_SURFACE('',#3732,3.399999999986);
#3366=CYLINDRICAL_SURFACE('',#3753,8.00000000000001);
#3367=CYLINDRICAL_SURFACE('',#3754,8.);
#3368=CYLINDRICAL_SURFACE('',#3755,8.);
#3369=CYLINDRICAL_SURFACE('',#3756,8.00000000000001);
#3370=CYLINDRICAL_SURFACE('',#3766,4.19999999999993);
#3371=CYLINDRICAL_SURFACE('',#3769,9.00000000000001);
#3372=CYLINDRICAL_SURFACE('',#3809,4.20000000000004);
#3373=CYLINDRICAL_SURFACE('',#3810,4.19999999999998);
#3374=CYLINDRICAL_SURFACE('',#3821,10.);
#3375=CYLINDRICAL_SURFACE('',#3822,10.);
#3376=CYLINDRICAL_SURFACE('',#3823,10.);
#3377=CYLINDRICAL_SURFACE('',#3824,10.);
#3378=CYLINDRICAL_SURFACE('',#3825,10.);
#3379=CYLINDRICAL_SURFACE('',#3826,10.);
#3380=CYLINDRICAL_SURFACE('',#3827,10.);
#3381=CYLINDRICAL_SURFACE('',#3828,10.);
#3382=CYLINDRICAL_SURFACE('',#3829,2.);
#3383=CYLINDRICAL_SURFACE('',#3830,2.);
#3384=CYLINDRICAL_SURFACE('',#3831,2.);
#3385=CYLINDRICAL_SURFACE('',#3832,2.);
#3386=CYLINDRICAL_SURFACE('',#3837,6.00000000000001);
#3387=CYLINDRICAL_SURFACE('',#3839,14.975);
#3388=CYLINDRICAL_SURFACE('',#3842,3.39999999998601);
#3389=CYLINDRICAL_SURFACE('',#3845,2.49999999999999);
#3390=CYLINDRICAL_SURFACE('',#3848,2.5);
#3391=CYLINDRICAL_SURFACE('',#3851,3.399999999986);
#3392=CYLINDRICAL_SURFACE('',#3854,2.5);
#3393=CYLINDRICAL_SURFACE('',#3857,2.5);
#3394=CYLINDRICAL_SURFACE('',#3860,10.);
#3395=CYLINDRICAL_SURFACE('',#3898,8.);
#3396=CYLINDRICAL_SURFACE('',#3899,8.);
#3397=CYLINDRICAL_SURFACE('',#3900,8.00000000000001);
#3398=CYLINDRICAL_SURFACE('',#3901,8.00000000000001);
#3399=CYLINDRICAL_SURFACE('',#3902,4.09999999999999);
#3400=CYLINDRICAL_SURFACE('',#3905,4.09999999999999);
#3401=CYLINDRICAL_SURFACE('',#3909,5.);
#3402=CYLINDRICAL_SURFACE('',#3910,5.);
#3403=CYLINDRICAL_SURFACE('',#3911,5.);
#3404=CYLINDRICAL_SURFACE('',#3912,5.);
#3405=CYLINDRICAL_SURFACE('',#3914,1.);
#3406=CYLINDRICAL_SURFACE('',#3917,2.49999999999999);
#3407=CYLINDRICAL_SURFACE('',#3920,2.5);
#3408=CYLINDRICAL_SURFACE('',#3923,2.5);
#3409=CYLINDRICAL_SURFACE('',#3926,2.5);
#3410=CYLINDRICAL_SURFACE('',#3929,6.00000000000001);
#3411=CYLINDRICAL_SURFACE('',#3987,8.);
#3412=CYLINDRICAL_SURFACE('',#3988,8.);
#3413=CYLINDRICAL_SURFACE('',#3989,8.00000000000001);
#3414=CYLINDRICAL_SURFACE('',#3990,8.00000000000001);
#3415=CYLINDRICAL_SURFACE('',#3998,4.19999999999993);
#3416=CYLINDRICAL_SURFACE('',#4001,4.20000000000004);
#3417=CYLINDRICAL_SURFACE('',#4004,4.19999999999993);
#3418=CYLINDRICAL_SURFACE('',#4007,4.20000000000004);
#3419=CYLINDRICAL_SURFACE('',#4010,10.);
#3420=CYLINDRICAL_SURFACE('',#4011,10.);
#3421=CYLINDRICAL_SURFACE('',#4012,10.);
#3422=CYLINDRICAL_SURFACE('',#4013,10.);
#3423=CYLINDRICAL_SURFACE('',#4014,10.);
#3424=CYLINDRICAL_SURFACE('',#4015,10.);
#3425=CYLINDRICAL_SURFACE('',#4016,10.);
#3426=CYLINDRICAL_SURFACE('',#4017,10.);
#3427=CYLINDRICAL_SURFACE('',#4018,1.);
#3428=CYLINDRICAL_SURFACE('',#4019,1.);
#3429=CYLINDRICAL_SURFACE('',#4020,1.);
#3430=CYLINDRICAL_SURFACE('',#4021,1.);
#3431=CYLINDRICAL_SURFACE('',#4022,1.);
#3432=CYLINDRICAL_SURFACE('',#4023,1.);
#3433=CYLINDRICAL_SURFACE('',#4024,1.);
#3434=CYLINDRICAL_SURFACE('',#4034,4.05);
#3435=CYLINDRICAL_SURFACE('',#4037,4.05);
#3436=CYLINDRICAL_SURFACE('',#4040,4.05);
#3437=CYLINDRICAL_SURFACE('',#4043,4.05);
#3438=CYLINDRICAL_SURFACE('',#4046,4.05);
#3439=CYLINDRICAL_SURFACE('',#4049,4.05);
#3440=CYLINDRICAL_SURFACE('',#4052,4.05);
#3441=CYLINDRICAL_SURFACE('',#4055,4.05);
#3442=CYLINDRICAL_SURFACE('',#4058,4.05);
#3443=CYLINDRICAL_SURFACE('',#4061,4.05);
#3444=ADVANCED_FACE('',(#233),#3355,.F.);
#3445=ADVANCED_FACE('',(#234),#3356,.F.);
#3446=ADVANCED_FACE('',(#235),#3357,.F.);
#3447=ADVANCED_FACE('',(#236),#3358,.F.);
#3448=ADVANCED_FACE('',(#237),#3359,.F.);
#3449=ADVANCED_FACE('',(#238),#3360,.F.);
#3450=ADVANCED_FACE('',(#239),#3361,.F.);
#3451=ADVANCED_FACE('',(#240),#3362,.F.);
#3452=ADVANCED_FACE('',(#241),#3363,.F.);
#3453=ADVANCED_FACE('',(#242),#3364,.F.);
#3454=ADVANCED_FACE('',(#243),#3365,.F.);
#3455=ADVANCED_FACE('',(#244),#140,.F.);
#3456=ADVANCED_FACE('',(#245),#141,.F.);
#3457=ADVANCED_FACE('',(#246),#142,.T.);
#3458=ADVANCED_FACE('',(#247),#143,.T.);
#3459=ADVANCED_FACE('',(#248,#72,#73,#74,#75,#76,#77,#78),#144,.T.);
#3460=ADVANCED_FACE('',(#249,#79,#80,#81,#82,#83,#84,#85),#145,.F.);
#3461=ADVANCED_FACE('',(#250),#146,.F.);
#3462=ADVANCED_FACE('',(#251),#147,.F.);
#3463=ADVANCED_FACE('',(#252),#148,.F.);
#3464=ADVANCED_FACE('',(#253),#149,.T.);
#3465=ADVANCED_FACE('',(#254),#3366,.T.);
#3466=ADVANCED_FACE('',(#255),#3367,.T.);
#3467=ADVANCED_FACE('',(#256),#3368,.T.);
#3468=ADVANCED_FACE('',(#257),#3369,.T.);
#3469=ADVANCED_FACE('',(#258),#150,.F.);
#3470=ADVANCED_FACE('',(#259),#151,.F.);
#3471=ADVANCED_FACE('',(#260),#152,.F.);
#3472=ADVANCED_FACE('',(#261),#153,.F.);
#3473=ADVANCED_FACE('',(#262),#154,.F.);
#3474=ADVANCED_FACE('',(#263),#155,.F.);
#3475=ADVANCED_FACE('',(#264),#156,.F.);
#3476=ADVANCED_FACE('',(#265),#157,.F.);
#3477=ADVANCED_FACE('',(#266),#3370,.F.);
#3478=ADVANCED_FACE('',(#267),#3371,.F.);
#3479=ADVANCED_FACE('',(#268),#158,.F.);
#3480=ADVANCED_FACE('',(#269),#159,.F.);
#3481=ADVANCED_FACE('',(#270),#160,.F.);
#3482=ADVANCED_FACE('',(#271),#161,.F.);
#3483=ADVANCED_FACE('',(#272),#162,.F.);
#3484=ADVANCED_FACE('',(#273,#86,#87,#88),#163,.T.);
#3485=ADVANCED_FACE('',(#274,#89,#90,#91),#164,.F.);
#3486=ADVANCED_FACE('',(#275),#165,.T.);
#3487=ADVANCED_FACE('',(#276),#166,.T.);
#3488=ADVANCED_FACE('',(#277),#3372,.F.);
#3489=ADVANCED_FACE('',(#278),#3373,.F.);
#3490=ADVANCED_FACE('',(#279),#167,.T.);
#3491=ADVANCED_FACE('',(#280),#168,.T.);
#3492=ADVANCED_FACE('',(#281),#169,.T.);
#3493=ADVANCED_FACE('',(#282),#170,.T.);
#3494=ADVANCED_FACE('',(#283),#171,.T.);
#3495=ADVANCED_FACE('',(#284),#172,.T.);
#3496=ADVANCED_FACE('',(#285),#173,.F.);
#3497=ADVANCED_FACE('',(#286),#174,.F.);
#3498=ADVANCED_FACE('',(#287),#175,.F.);
#3499=ADVANCED_FACE('',(#288),#176,.F.);
#3500=ADVANCED_FACE('',(#289),#3374,.F.);
#3501=ADVANCED_FACE('',(#290),#3375,.F.);
#3502=ADVANCED_FACE('',(#291),#3376,.F.);
#3503=ADVANCED_FACE('',(#292),#3377,.F.);
#3504=ADVANCED_FACE('',(#293),#3378,.T.);
#3505=ADVANCED_FACE('',(#294),#3379,.T.);
#3506=ADVANCED_FACE('',(#295),#3380,.T.);
#3507=ADVANCED_FACE('',(#296),#3381,.T.);
#3508=ADVANCED_FACE('',(#297),#3382,.T.);
#3509=ADVANCED_FACE('',(#298),#3383,.T.);
#3510=ADVANCED_FACE('',(#299),#3384,.T.);
#3511=ADVANCED_FACE('',(#300),#3385,.T.);
#3512=ADVANCED_FACE('',(#301),#47,.F.);
#3513=ADVANCED_FACE('',(#302),#3386,.F.);
#3514=ADVANCED_FACE('',(#303),#3387,.T.);
#3515=ADVANCED_FACE('',(#304),#3388,.F.);
#3516=ADVANCED_FACE('',(#305),#3389,.F.);
#3517=ADVANCED_FACE('',(#306),#3390,.F.);
#3518=ADVANCED_FACE('',(#307),#3391,.F.);
#3519=ADVANCED_FACE('',(#308),#3392,.F.);
#3520=ADVANCED_FACE('',(#309),#3393,.F.);
#3521=ADVANCED_FACE('',(#310),#3394,.F.);
#3522=ADVANCED_FACE('',(#311),#177,.T.);
#3523=ADVANCED_FACE('',(#312),#178,.T.);
#3524=ADVANCED_FACE('',(#313),#179,.T.);
#3525=ADVANCED_FACE('',(#314),#180,.T.);
#3526=ADVANCED_FACE('',(#315),#181,.T.);
#3527=ADVANCED_FACE('',(#316,#92,#93),#182,.F.);
#3528=ADVANCED_FACE('',(#317),#183,.T.);
#3529=ADVANCED_FACE('',(#318),#184,.T.);
#3530=ADVANCED_FACE('',(#319,#94,#95,#96,#97,#98,#99,#100),#185,.T.);
#3531=ADVANCED_FACE('',(#320,#101,#102,#103,#104),#186,.F.);
#3532=ADVANCED_FACE('',(#321,#105),#187,.T.);
#3533=ADVANCED_FACE('',(#322),#188,.T.);
#3534=ADVANCED_FACE('',(#323),#189,.F.);
#3535=ADVANCED_FACE('',(#324,#106),#190,.F.);
#3536=ADVANCED_FACE('',(#325,#107),#191,.T.);
#3537=ADVANCED_FACE('',(#326),#3395,.T.);
#3538=ADVANCED_FACE('',(#327),#3396,.T.);
#3539=ADVANCED_FACE('',(#328),#3397,.T.);
#3540=ADVANCED_FACE('',(#329),#3398,.T.);
#3541=ADVANCED_FACE('',(#330),#3399,.F.);
#3542=ADVANCED_FACE('',(#331),#192,.F.);
#3543=ADVANCED_FACE('',(#332),#193,.F.);
#3544=ADVANCED_FACE('',(#333),#3400,.F.);
#3545=ADVANCED_FACE('',(#334),#194,.F.);
#3546=ADVANCED_FACE('',(#335),#195,.F.);
#3547=ADVANCED_FACE('',(#336),#196,.T.);
#3548=ADVANCED_FACE('',(#337),#3401,.T.);
#3549=ADVANCED_FACE('',(#338),#3402,.F.);
#3550=ADVANCED_FACE('',(#339),#3403,.F.);
#3551=ADVANCED_FACE('',(#340),#3404,.T.);
#3552=ADVANCED_FACE('',(#341),#3405,.T.);
#3553=ADVANCED_FACE('',(#342),#3406,.F.);
#3554=ADVANCED_FACE('',(#343),#3407,.F.);
#3555=ADVANCED_FACE('',(#344),#3408,.F.);
#3556=ADVANCED_FACE('',(#345),#3409,.F.);
#3557=ADVANCED_FACE('',(#346),#3410,.F.);
#3558=ADVANCED_FACE('',(#347),#197,.T.);
#3559=ADVANCED_FACE('',(#348),#198,.T.);
#3560=ADVANCED_FACE('',(#349),#199,.T.);
#3561=ADVANCED_FACE('',(#350),#200,.T.);
#3562=ADVANCED_FACE('',(#351),#201,.T.);
#3563=ADVANCED_FACE('',(#352),#202,.T.);
#3564=ADVANCED_FACE('',(#353),#203,.T.);
#3565=ADVANCED_FACE('',(#354,#108,#109,#110,#111,#112,#113),#204,.T.);
#3566=ADVANCED_FACE('',(#355,#114,#115,#116,#117,#118,#119),#205,.F.);
#3567=ADVANCED_FACE('',(#356),#3411,.T.);
#3568=ADVANCED_FACE('',(#357),#3412,.T.);
#3569=ADVANCED_FACE('',(#358),#3413,.T.);
#3570=ADVANCED_FACE('',(#359),#3414,.T.);
#3571=ADVANCED_FACE('',(#360),#206,.F.);
#3572=ADVANCED_FACE('',(#361),#207,.F.);
#3573=ADVANCED_FACE('',(#362),#208,.F.);
#3574=ADVANCED_FACE('',(#363),#209,.T.);
#3575=ADVANCED_FACE('',(#364),#210,.T.);
#3576=ADVANCED_FACE('',(#365),#211,.F.);
#3577=ADVANCED_FACE('',(#366),#212,.T.);
#3578=ADVANCED_FACE('',(#367),#3415,.F.);
#3579=ADVANCED_FACE('',(#368),#213,.F.);
#3580=ADVANCED_FACE('',(#369),#214,.F.);
#3581=ADVANCED_FACE('',(#370),#3416,.F.);
#3582=ADVANCED_FACE('',(#371),#215,.F.);
#3583=ADVANCED_FACE('',(#372),#216,.F.);
#3584=ADVANCED_FACE('',(#373),#3417,.F.);
#3585=ADVANCED_FACE('',(#374),#217,.F.);
#3586=ADVANCED_FACE('',(#375),#218,.F.);
#3587=ADVANCED_FACE('',(#376),#3418,.F.);
#3588=ADVANCED_FACE('',(#377),#219,.F.);
#3589=ADVANCED_FACE('',(#378),#220,.F.);
#3590=ADVANCED_FACE('',(#379),#3419,.F.);
#3591=ADVANCED_FACE('',(#380),#3420,.F.);
#3592=ADVANCED_FACE('',(#381),#3421,.F.);
#3593=ADVANCED_FACE('',(#382),#3422,.F.);
#3594=ADVANCED_FACE('',(#383),#3423,.F.);
#3595=ADVANCED_FACE('',(#384),#3424,.F.);
#3596=ADVANCED_FACE('',(#385),#3425,.T.);
#3597=ADVANCED_FACE('',(#386),#3426,.T.);
#3598=ADVANCED_FACE('',(#387),#3427,.T.);
#3599=ADVANCED_FACE('',(#388),#3428,.T.);
#3600=ADVANCED_FACE('',(#389),#3429,.T.);
#3601=ADVANCED_FACE('',(#390),#3430,.T.);
#3602=ADVANCED_FACE('',(#391),#3431,.T.);
#3603=ADVANCED_FACE('',(#392),#3432,.T.);
#3604=ADVANCED_FACE('',(#393),#3433,.T.);
#3605=ADVANCED_FACE('',(#394),#221,.T.);
#3606=ADVANCED_FACE('',(#395),#222,.T.);
#3607=ADVANCED_FACE('',(#396),#223,.T.);
#3608=ADVANCED_FACE('',(#397),#224,.T.);
#3609=ADVANCED_FACE('',(#398),#225,.T.);
#3610=ADVANCED_FACE('',(#399),#226,.F.);
#3611=ADVANCED_FACE('',(#400),#3434,.F.);
#3612=ADVANCED_FACE('',(#401),#3435,.F.);
#3613=ADVANCED_FACE('',(#402),#3436,.F.);
#3614=ADVANCED_FACE('',(#403),#3437,.F.);
#3615=ADVANCED_FACE('',(#404),#3438,.F.);
#3616=ADVANCED_FACE('',(#405),#3439,.F.);
#3617=ADVANCED_FACE('',(#406),#3440,.F.);
#3618=ADVANCED_FACE('',(#407),#3441,.F.);
#3619=ADVANCED_FACE('',(#408),#3442,.F.);
#3620=ADVANCED_FACE('',(#409),#3443,.F.);
#3621=ADVANCED_FACE('',(#410),#227,.T.);
#3622=ADVANCED_FACE('',(#411),#228,.T.);
#3623=ADVANCED_FACE('',(#412),#229,.T.);
#3624=ADVANCED_FACE('',(#413),#230,.T.);
#3625=ADVANCED_FACE('',(#414,#120,#121,#122,#123,#124,#125,#126,#127,#128,
#129),#231,.T.);
#3626=ADVANCED_FACE('',(#415,#130,#131,#132,#133,#134,#135,#136,#137,#138,
#139),#232,.F.);
#3627=CLOSED_SHELL('',(#3444,#3445,#3446,#3447,#3448,#3449,#3450,#3451,
#3452,#3453,#3454,#3455,#3456,#3457,#3458,#3459,#3460,#3461,#3462,#3463,
#3464,#3465,#3466,#3467,#3468,#3469,#3470,#3471,#3472,#3473,#3474,#3475,
#3476));
#3628=CLOSED_SHELL('',(#3477,#3478,#3479,#3480,#3481,#3482,#3483,#3484,
#3485,#3486,#3487,#3488,#3489,#3490,#3491,#3492,#3493,#3494,#3495,#3496,
#3497,#3498,#3499,#3500,#3501,#3502,#3503,#3504,#3505,#3506,#3507,#3508,
#3509,#3510,#3511));
#3629=CLOSED_SHELL('',(#3512,#3513,#3514,#3515,#3516,#3517,#3518,#3519,
#3520,#3521,#3522,#3523,#3524,#3525,#3526,#3527,#3528,#3529,#3530,#3531,
#3532,#3533,#3534,#3535,#3536,#3537,#3538,#3539,#3540,#3541,#3542,#3543,
#3544,#3545,#3546,#3547,#3548,#3549,#3550,#3551));
#3630=CLOSED_SHELL('',(#3552,#3553,#3554,#3555,#3556,#3557,#3558,#3559,
#3560,#3561,#3562,#3563,#3564,#3565,#3566,#3567,#3568,#3569,#3570,#3571,
#3572,#3573,#3574,#3575,#3576,#3577,#3578,#3579,#3580,#3581,#3582,#3583,
#3584,#3585,#3586,#3587,#3588,#3589,#3590,#3591,#3592,#3593,#3594,#3595,
#3596,#3597,#3598,#3599,#3600,#3601,#3602,#3603,#3604));
#3631=CLOSED_SHELL('',(#3605,#3606,#3607,#3608,#3609,#3610));
#3632=CLOSED_SHELL('',(#3611,#3612,#3613,#3614,#3615,#3616,#3617,#3618,
#3619,#3620,#3621,#3622,#3623,#3624,#3625,#3626));
#3633=DERIVED_UNIT_ELEMENT(#3645,1.);
#3634=DERIVED_UNIT_ELEMENT(#6226,-3.);
#3635=DERIVED_UNIT_ELEMENT(#3645,1.);
#3636=DERIVED_UNIT_ELEMENT(#6226,-3.);
#3637=DERIVED_UNIT_ELEMENT(#3645,1.);
#3638=DERIVED_UNIT_ELEMENT(#6226,-3.);
#3639=DERIVED_UNIT_ELEMENT(#3645,1.);
#3640=DERIVED_UNIT_ELEMENT(#6226,-3.);
#3641=DERIVED_UNIT_ELEMENT(#3645,1.);
#3642=DERIVED_UNIT_ELEMENT(#6226,-3.);
#3643=DERIVED_UNIT_ELEMENT(#3645,1.);
#3644=DERIVED_UNIT_ELEMENT(#6226,-3.);
#3645=(
MASS_UNIT()
NAMED_UNIT(*)
SI_UNIT(.KILO.,.GRAM.)
);
#3646=DERIVED_UNIT((#3633,#3634));
#3647=DERIVED_UNIT((#3635,#3636));
#3648=DERIVED_UNIT((#3637,#3638));
#3649=DERIVED_UNIT((#3639,#3640));
#3650=DERIVED_UNIT((#3641,#3642));
#3651=DERIVED_UNIT((#3643,#3644));
#3652=MEASURE_REPRESENTATION_ITEM('density measure',
POSITIVE_RATIO_MEASURE(7850.),#3646);
#3653=MEASURE_REPRESENTATION_ITEM('density measure',
POSITIVE_RATIO_MEASURE(7850.),#3647);
#3654=MEASURE_REPRESENTATION_ITEM('density measure',
POSITIVE_RATIO_MEASURE(7850.),#3648);
#3655=MEASURE_REPRESENTATION_ITEM('density measure',
POSITIVE_RATIO_MEASURE(7850.),#3649);
#3656=MEASURE_REPRESENTATION_ITEM('density measure',
POSITIVE_RATIO_MEASURE(7850.),#3650);
#3657=MEASURE_REPRESENTATION_ITEM('density measure',
POSITIVE_RATIO_MEASURE(7850.),#3651);
#3658=PROPERTY_DEFINITION_REPRESENTATION(#3688,#3670);
#3659=PROPERTY_DEFINITION_REPRESENTATION(#3689,#3671);
#3660=PROPERTY_DEFINITION_REPRESENTATION(#3690,#3672);
#3661=PROPERTY_DEFINITION_REPRESENTATION(#3691,#3673);
#3662=PROPERTY_DEFINITION_REPRESENTATION(#3692,#3674);
#3663=PROPERTY_DEFINITION_REPRESENTATION(#3693,#3675);
#3664=PROPERTY_DEFINITION_REPRESENTATION(#3694,#3676);
#3665=PROPERTY_DEFINITION_REPRESENTATION(#3695,#3677);
#3666=PROPERTY_DEFINITION_REPRESENTATION(#3696,#3678);
#3667=PROPERTY_DEFINITION_REPRESENTATION(#3697,#3679);
#3668=PROPERTY_DEFINITION_REPRESENTATION(#3698,#3680);
#3669=PROPERTY_DEFINITION_REPRESENTATION(#3699,#3681);
#3670=REPRESENTATION('material name',(#3682),#6217);
#3671=REPRESENTATION('density',(#3652),#6217);
#3672=REPRESENTATION('material name',(#3683),#6218);
#3673=REPRESENTATION('density',(#3653),#6218);
#3674=REPRESENTATION('material name',(#3684),#6219);
#3675=REPRESENTATION('density',(#3654),#6219);
#3676=REPRESENTATION('material name',(#3685),#6220);
#3677=REPRESENTATION('density',(#3655),#6220);
#3678=REPRESENTATION('material name',(#3686),#6222);
#3679=REPRESENTATION('density',(#3656),#6222);
#3680=REPRESENTATION('material name',(#3687),#6223);
#3681=REPRESENTATION('density',(#3657),#6223);
#3682=DESCRIPTIVE_REPRESENTATION_ITEM('Steel','Steel');
#3683=DESCRIPTIVE_REPRESENTATION_ITEM('Steel','Steel');
#3684=DESCRIPTIVE_REPRESENTATION_ITEM('Steel','Steel');
#3685=DESCRIPTIVE_REPRESENTATION_ITEM('Steel','Steel');
#3686=DESCRIPTIVE_REPRESENTATION_ITEM('Steel','Steel');
#3687=DESCRIPTIVE_REPRESENTATION_ITEM('Steel','Steel');
#3688=PROPERTY_DEFINITION('material property','material name',#6264);
#3689=PROPERTY_DEFINITION('material property','density of part',#6264);
#3690=PROPERTY_DEFINITION('material property','material name',#6265);
#3691=PROPERTY_DEFINITION('material property','density of part',#6265);
#3692=PROPERTY_DEFINITION('material property','material name',#6266);
#3693=PROPERTY_DEFINITION('material property','density of part',#6266);
#3694=PROPERTY_DEFINITION('material property','material name',#6267);
#3695=PROPERTY_DEFINITION('material property','density of part',#6267);
#3696=PROPERTY_DEFINITION('material property','material name',#6269);
#3697=PROPERTY_DEFINITION('material property','density of part',#6269);
#3698=PROPERTY_DEFINITION('material property','material name',#6270);
#3699=PROPERTY_DEFINITION('material property','density of part',#6270);
#3700=AXIS2_PLACEMENT_3D('',#5164,#4079,#4080);
#3701=AXIS2_PLACEMENT_3D('',#5165,#4081,#4082);
#3702=AXIS2_PLACEMENT_3D('',#5166,#4083,#4084);
#3703=AXIS2_PLACEMENT_3D('',#5168,#4085,#4086);
#3704=AXIS2_PLACEMENT_3D('',#5171,#4088,#4089);
#3705=AXIS2_PLACEMENT_3D('',#5172,#4090,#4091);
#3706=AXIS2_PLACEMENT_3D('',#5174,#4092,#4093);
#3707=AXIS2_PLACEMENT_3D('',#5177,#4095,#4096);
#3708=AXIS2_PLACEMENT_3D('',#5178,#4097,#4098);
#3709=AXIS2_PLACEMENT_3D('',#5180,#4099,#4100);
#3710=AXIS2_PLACEMENT_3D('',#5183,#4102,#4103);
#3711=AXIS2_PLACEMENT_3D('',#5184,#4104,#4105);
#3712=AXIS2_PLACEMENT_3D('',#5186,#4106,#4107);
#3713=AXIS2_PLACEMENT_3D('',#5189,#4109,#4110);
#3714=AXIS2_PLACEMENT_3D('',#5190,#4111,#4112);
#3715=AXIS2_PLACEMENT_3D('',#5192,#4113,#4114);
#3716=AXIS2_PLACEMENT_3D('',#5195,#4116,#4117);
#3717=AXIS2_PLACEMENT_3D('',#5196,#4118,#4119);
#3718=AXIS2_PLACEMENT_3D('',#5198,#4120,#4121);
#3719=AXIS2_PLACEMENT_3D('',#5201,#4123,#4124);
#3720=AXIS2_PLACEMENT_3D('',#5202,#4125,#4126);
#3721=AXIS2_PLACEMENT_3D('',#5204,#4127,#4128);
#3722=AXIS2_PLACEMENT_3D('',#5207,#4130,#4131);
#3723=AXIS2_PLACEMENT_3D('',#5208,#4132,#4133);
#3724=AXIS2_PLACEMENT_3D('',#5211,#4134,#4135);
#3725=AXIS2_PLACEMENT_3D('',#5215,#4137,#4138);
#3726=AXIS2_PLACEMENT_3D('',#5217,#4140,#4141);
#3727=AXIS2_PLACEMENT_3D('',#5220,#4142,#4143);
#3728=AXIS2_PLACEMENT_3D('',#5224,#4145,#4146);
#3729=AXIS2_PLACEMENT_3D('',#5226,#4148,#4149);
#3730=AXIS2_PLACEMENT_3D('',#5229,#4150,#4151);
#3731=AXIS2_PLACEMENT_3D('',#5233,#4153,#4154);
#3732=AXIS2_PLACEMENT_3D('',#5235,#4156,#4157);
#3733=AXIS2_PLACEMENT_3D('',#5238,#4158,#4159);
#3734=AXIS2_PLACEMENT_3D('',#5242,#4161,#4162);
#3735=AXIS2_PLACEMENT_3D('',#5244,#4164,#4165);
#3736=AXIS2_PLACEMENT_3D('',#5253,#4170,#4171);
#3737=AXIS2_PLACEMENT_3D('',#5262,#4176,#4177);
#3738=AXIS2_PLACEMENT_3D('',#5271,#4182,#4183);
#3739=AXIS2_PLACEMENT_3D('',#5280,#4188,#4189);
#3740=AXIS2_PLACEMENT_3D('',#5289,#4195,#4196);
#3741=AXIS2_PLACEMENT_3D('',#5292,#4198,#4199);
#3742=AXIS2_PLACEMENT_3D('',#5301,#4205,#4206);
#3743=AXIS2_PLACEMENT_3D('',#5304,#4208,#4209);
#3744=AXIS2_PLACEMENT_3D('',#5305,#4210,#4211);
#3745=AXIS2_PLACEMENT_3D('',#5308,#4213,#4214);
#3746=AXIS2_PLACEMENT_3D('',#5312,#4216,#4217);
#3747=AXIS2_PLACEMENT_3D('',#5320,#4223,#4224);
#3748=AXIS2_PLACEMENT_3D('',#5324,#4226,#4227);
#3749=AXIS2_PLACEMENT_3D('',#5330,#4232,#4233);
#3750=AXIS2_PLACEMENT_3D('',#5333,#4236,#4237);
#3751=AXIS2_PLACEMENT_3D('',#5336,#4240,#4241);
#3752=AXIS2_PLACEMENT_3D('',#5339,#4244,#4245);
#3753=AXIS2_PLACEMENT_3D('',#5342,#4248,#4249);
#3754=AXIS2_PLACEMENT_3D('',#5343,#4250,#4251);
#3755=AXIS2_PLACEMENT_3D('',#5344,#4252,#4253);
#3756=AXIS2_PLACEMENT_3D('',#5345,#4254,#4255);
#3757=AXIS2_PLACEMENT_3D('',#5346,#4256,#4257);
#3758=AXIS2_PLACEMENT_3D('',#5347,#4258,#4259);
#3759=AXIS2_PLACEMENT_3D('',#5348,#4260,#4261);
#3760=AXIS2_PLACEMENT_3D('',#5349,#4262,#4263);
#3761=AXIS2_PLACEMENT_3D('',#5350,#4264,#4265);
#3762=AXIS2_PLACEMENT_3D('',#5351,#4266,#4267);
#3763=AXIS2_PLACEMENT_3D('',#5352,#4268,#4269);
#3764=AXIS2_PLACEMENT_3D('',#5353,#4270,#4271);
#3765=AXIS2_PLACEMENT_3D('',#5354,#4272,#4273);
#3766=AXIS2_PLACEMENT_3D('',#5355,#4274,#4275);
#3767=AXIS2_PLACEMENT_3D('',#5358,#4276,#4277);
#3768=AXIS2_PLACEMENT_3D('',#5362,#4279,#4280);
#3769=AXIS2_PLACEMENT_3D('',#5364,#4282,#4283);
#3770=AXIS2_PLACEMENT_3D('',#5366,#4284,#4285);
#3771=AXIS2_PLACEMENT_3D('',#5369,#4287,#4288);
#3772=AXIS2_PLACEMENT_3D('',#5370,#4289,#4290);
#3773=AXIS2_PLACEMENT_3D('',#5379,#4295,#4296);
#3774=AXIS2_PLACEMENT_3D('',#5388,#4301,#4302);
#3775=AXIS2_PLACEMENT_3D('',#5397,#4307,#4308);
#3776=AXIS2_PLACEMENT_3D('',#5406,#4313,#4314);
#3777=AXIS2_PLACEMENT_3D('',#5415,#4319,#4320);
#3778=AXIS2_PLACEMENT_3D('',#5416,#4321,#4322);
#3779=AXIS2_PLACEMENT_3D('',#5418,#4323,#4324);
#3780=AXIS2_PLACEMENT_3D('',#5422,#4326,#4327);
#3781=AXIS2_PLACEMENT_3D('',#5425,#4329,#4330);
#3782=AXIS2_PLACEMENT_3D('',#5426,#4331,#4332);
#3783=AXIS2_PLACEMENT_3D('',#5430,#4334,#4335);
#3784=AXIS2_PLACEMENT_3D('',#5433,#4337,#4338);
#3785=AXIS2_PLACEMENT_3D('',#5435,#4339,#4340);
#3786=AXIS2_PLACEMENT_3D('',#5439,#4342,#4343);
#3787=AXIS2_PLACEMENT_3D('',#5444,#4346,#4347);
#3788=AXIS2_PLACEMENT_3D('',#5450,#4350,#4351);
#3789=AXIS2_PLACEMENT_3D('',#5454,#4353,#4354);
#3790=AXIS2_PLACEMENT_3D('',#5458,#4356,#4357);
#3791=AXIS2_PLACEMENT_3D('',#5461,#4359,#4360);
#3792=AXIS2_PLACEMENT_3D('',#5462,#4361,#4362);
#3793=AXIS2_PLACEMENT_3D('',#5463,#4363,#4364);
#3794=AXIS2_PLACEMENT_3D('',#5467,#4366,#4367);
#3795=AXIS2_PLACEMENT_3D('',#5470,#4369,#4370);
#3796=AXIS2_PLACEMENT_3D('',#5472,#4371,#4372);
#3797=AXIS2_PLACEMENT_3D('',#5476,#4374,#4375);
#3798=AXIS2_PLACEMENT_3D('',#5478,#4377,#4378);
#3799=AXIS2_PLACEMENT_3D('',#5480,#4379,#4380);
#3800=AXIS2_PLACEMENT_3D('',#5484,#4382,#4383);
#3801=AXIS2_PLACEMENT_3D('',#5487,#4385,#4386);
#3802=AXIS2_PLACEMENT_3D('',#5492,#4388,#4389);
#3803=AXIS2_PLACEMENT_3D('',#5496,#4391,#4392);
#3804=AXIS2_PLACEMENT_3D('',#5500,#4394,#4395);
#3805=AXIS2_PLACEMENT_3D('',#5503,#4397,#4398);
#3806=AXIS2_PLACEMENT_3D('',#5506,#4399,#4400);
#3807=AXIS2_PLACEMENT_3D('',#5509,#4403,#4404);
#3808=AXIS2_PLACEMENT_3D('',#5512,#4407,#4408);
#3809=AXIS2_PLACEMENT_3D('',#5515,#4411,#4412);
#3810=AXIS2_PLACEMENT_3D('',#5516,#4413,#4414);
#3811=AXIS2_PLACEMENT_3D('',#5519,#4417,#4418);
#3812=AXIS2_PLACEMENT_3D('',#5520,#4419,#4420);
#3813=AXIS2_PLACEMENT_3D('',#5521,#4421,#4422);
#3814=AXIS2_PLACEMENT_3D('',#5524,#4425,#4426);
#3815=AXIS2_PLACEMENT_3D('',#5526,#4428,#4429);
#3816=AXIS2_PLACEMENT_3D('',#5528,#4431,#4432);
#3817=AXIS2_PLACEMENT_3D('',#5531,#4435,#4436);
#3818=AXIS2_PLACEMENT_3D('',#5534,#4439,#4440);
#3819=AXIS2_PLACEMENT_3D('',#5537,#4443,#4444);
#3820=AXIS2_PLACEMENT_3D('',#5540,#4447,#4448);
#3821=AXIS2_PLACEMENT_3D('',#5543,#4451,#4452);
#3822=AXIS2_PLACEMENT_3D('',#5544,#4453,#4454);
#3823=AXIS2_PLACEMENT_3D('',#5545,#4455,#4456);
#3824=AXIS2_PLACEMENT_3D('',#5546,#4457,#4458);
#3825=AXIS2_PLACEMENT_3D('',#5547,#4459,#4460);
#3826=AXIS2_PLACEMENT_3D('',#5548,#4461,#4462);
#3827=AXIS2_PLACEMENT_3D('',#5549,#4463,#4464);
#3828=AXIS2_PLACEMENT_3D('',#5550,#4465,#4466);
#3829=AXIS2_PLACEMENT_3D('',#5551,#4467,#4468);
#3830=AXIS2_PLACEMENT_3D('',#5552,#4469,#4470);
#3831=AXIS2_PLACEMENT_3D('',#5553,#4471,#4472);
#3832=AXIS2_PLACEMENT_3D('',#5554,#4473,#4474);
#3833=AXIS2_PLACEMENT_3D('',#5555,#4475,#4476);
#3834=AXIS2_PLACEMENT_3D('',#5556,#4477,#4478);
#3835=AXIS2_PLACEMENT_3D('',#5558,#4479,#4480);
#3836=AXIS2_PLACEMENT_3D('',#5561,#4482,#4483);
#3837=AXIS2_PLACEMENT_3D('',#5562,#4484,#4485);
#3838=AXIS2_PLACEMENT_3D('',#5564,#4486,#4487);
#3839=AXIS2_PLACEMENT_3D('',#5566,#4489,#4490);
#3840=AXIS2_PLACEMENT_3D('',#5568,#4491,#4492);
#3841=AXIS2_PLACEMENT_3D('',#5571,#4494,#4495);
#3842=AXIS2_PLACEMENT_3D('',#5572,#4496,#4497);
#3843=AXIS2_PLACEMENT_3D('',#5574,#4498,#4499);
#3844=AXIS2_PLACEMENT_3D('',#5577,#4501,#4502);
#3845=AXIS2_PLACEMENT_3D('',#5578,#4503,#4504);
#3846=AXIS2_PLACEMENT_3D('',#5580,#4505,#4506);
#3847=AXIS2_PLACEMENT_3D('',#5583,#4508,#4509);
#3848=AXIS2_PLACEMENT_3D('',#5584,#4510,#4511);
#3849=AXIS2_PLACEMENT_3D('',#5586,#4512,#4513);
#3850=AXIS2_PLACEMENT_3D('',#5589,#4515,#4516);
#3851=AXIS2_PLACEMENT_3D('',#5590,#4517,#4518);
#3852=AXIS2_PLACEMENT_3D('',#5592,#4519,#4520);
#3853=AXIS2_PLACEMENT_3D('',#5595,#4522,#4523);
#3854=AXIS2_PLACEMENT_3D('',#5596,#4524,#4525);
#3855=AXIS2_PLACEMENT_3D('',#5598,#4526,#4527);
#3856=AXIS2_PLACEMENT_3D('',#5601,#4529,#4530);
#3857=AXIS2_PLACEMENT_3D('',#5602,#4531,#4532);
#3858=AXIS2_PLACEMENT_3D('',#5604,#4533,#4534);
#3859=AXIS2_PLACEMENT_3D('',#5607,#4536,#4537);
#3860=AXIS2_PLACEMENT_3D('',#5608,#4538,#4539);
#3861=AXIS2_PLACEMENT_3D('',#5610,#4540,#4541);
#3862=AXIS2_PLACEMENT_3D('',#5613,#4543,#4544);
#3863=AXIS2_PLACEMENT_3D('',#5614,#4545,#4546);
#3864=AXIS2_PLACEMENT_3D('',#5623,#4551,#4552);
#3865=AXIS2_PLACEMENT_3D('',#5632,#4557,#4558);
#3866=AXIS2_PLACEMENT_3D('',#5641,#4563,#4564);
#3867=AXIS2_PLACEMENT_3D('',#5658,#4573,#4574);
#3868=AXIS2_PLACEMENT_3D('',#5675,#4583,#4584);
#3869=AXIS2_PLACEMENT_3D('',#5679,#4586,#4587);
#3870=AXIS2_PLACEMENT_3D('',#5684,#4590,#4591);
#3871=AXIS2_PLACEMENT_3D('',#5689,#4594,#4595);
#3872=AXIS2_PLACEMENT_3D('',#5691,#4597,#4598);
#3873=AXIS2_PLACEMENT_3D('',#5692,#4599,#4600);
#3874=AXIS2_PLACEMENT_3D('',#5698,#4604,#4605);
#3875=AXIS2_PLACEMENT_3D('',#5707,#4610,#4611);
#3876=AXIS2_PLACEMENT_3D('',#5712,#4613,#4614);
#3877=AXIS2_PLACEMENT_3D('',#5713,#4615,#4616);
#3878=AXIS2_PLACEMENT_3D('',#5714,#4617,#4618);
#3879=AXIS2_PLACEMENT_3D('',#5715,#4619,#4620);
#3880=AXIS2_PLACEMENT_3D('',#5719,#4622,#4623);
#3881=AXIS2_PLACEMENT_3D('',#5724,#4626,#4627);
#3882=AXIS2_PLACEMENT_3D('',#5726,#4629,#4630);
#3883=AXIS2_PLACEMENT_3D('',#5727,#4631,#4632);
#3884=AXIS2_PLACEMENT_3D('',#5729,#4633,#4634);
#3885=AXIS2_PLACEMENT_3D('',#5730,#4635,#4636);
#3886=AXIS2_PLACEMENT_3D('',#5731,#4637,#4638);
#3887=AXIS2_PLACEMENT_3D('',#5733,#4639,#4640);
#3888=AXIS2_PLACEMENT_3D('',#5735,#4641,#4642);
#3889=AXIS2_PLACEMENT_3D('',#5739,#4644,#4645);
#3890=AXIS2_PLACEMENT_3D('',#5740,#4646,#4647);
#3891=AXIS2_PLACEMENT_3D('',#5741,#4648,#4649);
#3892=AXIS2_PLACEMENT_3D('',#5743,#4651,#4652);
#3893=AXIS2_PLACEMENT_3D('',#5744,#4653,#4654);
#3894=AXIS2_PLACEMENT_3D('',#5747,#4657,#4658);
#3895=AXIS2_PLACEMENT_3D('',#5748,#4659,#4660);
#3896=AXIS2_PLACEMENT_3D('',#5749,#4661,#4662);
#3897=AXIS2_PLACEMENT_3D('',#5750,#4663,#4664);
#3898=AXIS2_PLACEMENT_3D('',#5751,#4665,#4666);
#3899=AXIS2_PLACEMENT_3D('',#5752,#4667,#4668);
#3900=AXIS2_PLACEMENT_3D('',#5753,#4669,#4670);
#3901=AXIS2_PLACEMENT_3D('',#5754,#4671,#4672);
#3902=AXIS2_PLACEMENT_3D('',#5755,#4673,#4674);
#3903=AXIS2_PLACEMENT_3D('',#5758,#4677,#4678);
#3904=AXIS2_PLACEMENT_3D('',#5759,#4679,#4680);
#3905=AXIS2_PLACEMENT_3D('',#5760,#4681,#4682);
#3906=AXIS2_PLACEMENT_3D('',#5763,#4685,#4686);
#3907=AXIS2_PLACEMENT_3D('',#5764,#4687,#4688);
#3908=AXIS2_PLACEMENT_3D('',#5765,#4689,#4690);
#3909=AXIS2_PLACEMENT_3D('',#5768,#4693,#4694);
#3910=AXIS2_PLACEMENT_3D('',#5770,#4696,#4697);
#3911=AXIS2_PLACEMENT_3D('',#5771,#4698,#4699);
#3912=AXIS2_PLACEMENT_3D('',#5773,#4701,#4702);
#3913=AXIS2_PLACEMENT_3D('',#5774,#4703,#4704);
#3914=AXIS2_PLACEMENT_3D('',#5775,#4705,#4706);
#3915=AXIS2_PLACEMENT_3D('',#5778,#4707,#4708);
#3916=AXIS2_PLACEMENT_3D('',#5782,#4710,#4711);
#3917=AXIS2_PLACEMENT_3D('',#5784,#4713,#4714);
#3918=AXIS2_PLACEMENT_3D('',#5786,#4715,#4716);
#3919=AXIS2_PLACEMENT_3D('',#5789,#4718,#4719);
#3920=AXIS2_PLACEMENT_3D('',#5790,#4720,#4721);
#3921=AXIS2_PLACEMENT_3D('',#5792,#4722,#4723);
#3922=AXIS2_PLACEMENT_3D('',#5795,#4725,#4726);
#3923=AXIS2_PLACEMENT_3D('',#5796,#4727,#4728);
#3924=AXIS2_PLACEMENT_3D('',#5798,#4729,#4730);
#3925=AXIS2_PLACEMENT_3D('',#5801,#4732,#4733);
#3926=AXIS2_PLACEMENT_3D('',#5802,#4734,#4735);
#3927=AXIS2_PLACEMENT_3D('',#5804,#4736,#4737);
#3928=AXIS2_PLACEMENT_3D('',#5807,#4739,#4740);
#3929=AXIS2_PLACEMENT_3D('',#5808,#4741,#4742);
#3930=AXIS2_PLACEMENT_3D('',#5810,#4743,#4744);
#3931=AXIS2_PLACEMENT_3D('',#5813,#4746,#4747);
#3932=AXIS2_PLACEMENT_3D('',#5814,#4748,#4749);
#3933=AXIS2_PLACEMENT_3D('',#5823,#4754,#4755);
#3934=AXIS2_PLACEMENT_3D('',#5832,#4760,#4761);
#3935=AXIS2_PLACEMENT_3D('',#5841,#4766,#4767);
#3936=AXIS2_PLACEMENT_3D('',#5850,#4772,#4773);
#3937=AXIS2_PLACEMENT_3D('',#5859,#4778,#4779);
#3938=AXIS2_PLACEMENT_3D('',#5868,#4784,#4785);
#3939=AXIS2_PLACEMENT_3D('',#5874,#4789,#4790);
#3940=AXIS2_PLACEMENT_3D('',#5878,#4792,#4793);
#3941=AXIS2_PLACEMENT_3D('',#5880,#4794,#4795);
#3942=AXIS2_PLACEMENT_3D('',#5884,#4797,#4798);
#3943=AXIS2_PLACEMENT_3D('',#5887,#4800,#4801);
#3944=AXIS2_PLACEMENT_3D('',#5888,#4802,#4803);
#3945=AXIS2_PLACEMENT_3D('',#5889,#4804,#4805);
#3946=AXIS2_PLACEMENT_3D('',#5891,#4806,#4807);
#3947=AXIS2_PLACEMENT_3D('',#5895,#4809,#4810);
#3948=AXIS2_PLACEMENT_3D('',#5899,#4812,#4813);
#3949=AXIS2_PLACEMENT_3D('',#5901,#4814,#4815);
#3950=AXIS2_PLACEMENT_3D('',#5905,#4817,#4818);
#3951=AXIS2_PLACEMENT_3D('',#5909,#4820,#4821);
#3952=AXIS2_PLACEMENT_3D('',#5913,#4823,#4824);
#3953=AXIS2_PLACEMENT_3D('',#5915,#4825,#4826);
#3954=AXIS2_PLACEMENT_3D('',#5919,#4828,#4829);
#3955=AXIS2_PLACEMENT_3D('',#5922,#4831,#4832);
#3956=AXIS2_PLACEMENT_3D('',#5923,#4833,#4834);
#3957=AXIS2_PLACEMENT_3D('',#5924,#4835,#4836);
#3958=AXIS2_PLACEMENT_3D('',#5927,#4838,#4839);
#3959=AXIS2_PLACEMENT_3D('',#5932,#4841,#4842);
#3960=AXIS2_PLACEMENT_3D('',#5936,#4844,#4845);
#3961=AXIS2_PLACEMENT_3D('',#5940,#4847,#4848);
#3962=AXIS2_PLACEMENT_3D('',#5943,#4850,#4851);
#3963=AXIS2_PLACEMENT_3D('',#5944,#4852,#4853);
#3964=AXIS2_PLACEMENT_3D('',#5946,#4854,#4855);
#3965=AXIS2_PLACEMENT_3D('',#5950,#4857,#4858);
#3966=AXIS2_PLACEMENT_3D('',#5952,#4860,#4861);
#3967=AXIS2_PLACEMENT_3D('',#5953,#4862,#4863);
#3968=AXIS2_PLACEMENT_3D('',#5955,#4864,#4865);
#3969=AXIS2_PLACEMENT_3D('',#5959,#4867,#4868);
#3970=AXIS2_PLACEMENT_3D('',#5963,#4870,#4871);
#3971=AXIS2_PLACEMENT_3D('',#5965,#4872,#4873);
#3972=AXIS2_PLACEMENT_3D('',#5969,#4875,#4876);
#3973=AXIS2_PLACEMENT_3D('',#5973,#4878,#4879);
#3974=AXIS2_PLACEMENT_3D('',#5977,#4881,#4882);
#3975=AXIS2_PLACEMENT_3D('',#5979,#4883,#4884);
#3976=AXIS2_PLACEMENT_3D('',#5983,#4886,#4887);
#3977=AXIS2_PLACEMENT_3D('',#5986,#4889,#4890);
#3978=AXIS2_PLACEMENT_3D('',#5987,#4891,#4892);
#3979=AXIS2_PLACEMENT_3D('',#5988,#4893,#4894);
#3980=AXIS2_PLACEMENT_3D('',#5990,#4895,#4896);
#3981=AXIS2_PLACEMENT_3D('',#5994,#4898,#4899);
#3982=AXIS2_PLACEMENT_3D('',#5997,#4901,#4902);
#3983=AXIS2_PLACEMENT_3D('',#6002,#4904,#4905);
#3984=AXIS2_PLACEMENT_3D('',#6006,#4907,#4908);
#3985=AXIS2_PLACEMENT_3D('',#6010,#4910,#4911);
#3986=AXIS2_PLACEMENT_3D('',#6013,#4913,#4914);
#3987=AXIS2_PLACEMENT_3D('',#6014,#4915,#4916);
#3988=AXIS2_PLACEMENT_3D('',#6015,#4917,#4918);
#3989=AXIS2_PLACEMENT_3D('',#6016,#4919,#4920);
#3990=AXIS2_PLACEMENT_3D('',#6017,#4921,#4922);
#3991=AXIS2_PLACEMENT_3D('',#6018,#4923,#4924);
#3992=AXIS2_PLACEMENT_3D('',#6021,#4927,#4928);
#3993=AXIS2_PLACEMENT_3D('',#6024,#4931,#4932);
#3994=AXIS2_PLACEMENT_3D('',#6027,#4935,#4936);
#3995=AXIS2_PLACEMENT_3D('',#6030,#4939,#4940);
#3996=AXIS2_PLACEMENT_3D('',#6033,#4943,#4944);
#3997=AXIS2_PLACEMENT_3D('',#6036,#4947,#4948);
#3998=AXIS2_PLACEMENT_3D('',#6039,#4951,#4952);
#3999=AXIS2_PLACEMENT_3D('',#6042,#4955,#4956);
#4000=AXIS2_PLACEMENT_3D('',#6044,#4958,#4959);
#4001=AXIS2_PLACEMENT_3D('',#6045,#4960,#4961);
#4002=AXIS2_PLACEMENT_3D('',#6048,#4964,#4965);
#4003=AXIS2_PLACEMENT_3D('',#6050,#4967,#4968);
#4004=AXIS2_PLACEMENT_3D('',#6052,#4970,#4971);
#4005=AXIS2_PLACEMENT_3D('',#6055,#4974,#4975);
#4006=AXIS2_PLACEMENT_3D('',#6057,#4977,#4978);
#4007=AXIS2_PLACEMENT_3D('',#6059,#4980,#4981);
#4008=AXIS2_PLACEMENT_3D('',#6062,#4984,#4985);
#4009=AXIS2_PLACEMENT_3D('',#6064,#4987,#4988);
#4010=AXIS2_PLACEMENT_3D('',#6066,#4990,#4991);
#4011=AXIS2_PLACEMENT_3D('',#6068,#4993,#4994);
#4012=AXIS2_PLACEMENT_3D('',#6070,#4996,#4997);
#4013=AXIS2_PLACEMENT_3D('',#6071,#4998,#4999);
#4014=AXIS2_PLACEMENT_3D('',#6072,#5000,#5001);
#4015=AXIS2_PLACEMENT_3D('',#6073,#5002,#5003);
#4016=AXIS2_PLACEMENT_3D('',#6074,#5004,#5005);
#4017=AXIS2_PLACEMENT_3D('',#6075,#5006,#5007);
#4018=AXIS2_PLACEMENT_3D('',#6076,#5008,#5009);
#4019=AXIS2_PLACEMENT_3D('',#6077,#5010,#5011);
#4020=AXIS2_PLACEMENT_3D('',#6078,#5012,#5013);
#4021=AXIS2_PLACEMENT_3D('',#6079,#5014,#5015);
#4022=AXIS2_PLACEMENT_3D('',#6080,#5016,#5017);
#4023=AXIS2_PLACEMENT_3D('',#6081,#5018,#5019);
#4024=AXIS2_PLACEMENT_3D('',#6082,#5020,#5021);
#4025=AXIS2_PLACEMENT_3D('',#6083,#5022,#5023);
#4026=AXIS2_PLACEMENT_3D('',#6084,#5024,#5025);
#4027=AXIS2_PLACEMENT_3D('',#6085,#5026,#5027);
#4028=AXIS2_PLACEMENT_3D('',#6094,#5032,#5033);
#4029=AXIS2_PLACEMENT_3D('',#6100,#5037,#5038);
#4030=AXIS2_PLACEMENT_3D('',#6106,#5042,#5043);
#4031=AXIS2_PLACEMENT_3D('',#6109,#5046,#5047);
#4032=AXIS2_PLACEMENT_3D('',#6110,#5048,#5049);
#4033=AXIS2_PLACEMENT_3D('',#6111,#5050,#5051);
#4034=AXIS2_PLACEMENT_3D('',#6112,#5052,#5053);
#4035=AXIS2_PLACEMENT_3D('',#6114,#5054,#5055);
#4036=AXIS2_PLACEMENT_3D('',#6117,#5057,#5058);
#4037=AXIS2_PLACEMENT_3D('',#6118,#5059,#5060);
#4038=AXIS2_PLACEMENT_3D('',#6120,#5061,#5062);
#4039=AXIS2_PLACEMENT_3D('',#6123,#5064,#5065);
#4040=AXIS2_PLACEMENT_3D('',#6124,#5066,#5067);
#4041=AXIS2_PLACEMENT_3D('',#6126,#5068,#5069);
#4042=AXIS2_PLACEMENT_3D('',#6129,#5071,#5072);
#4043=AXIS2_PLACEMENT_3D('',#6130,#5073,#5074);
#4044=AXIS2_PLACEMENT_3D('',#6132,#5075,#5076);
#4045=AXIS2_PLACEMENT_3D('',#6135,#5078,#5079);
#4046=AXIS2_PLACEMENT_3D('',#6136,#5080,#5081);
#4047=AXIS2_PLACEMENT_3D('',#6138,#5082,#5083);
#4048=AXIS2_PLACEMENT_3D('',#6141,#5085,#5086);
#4049=AXIS2_PLACEMENT_3D('',#6142,#5087,#5088);
#4050=AXIS2_PLACEMENT_3D('',#6144,#5089,#5090);
#4051=AXIS2_PLACEMENT_3D('',#6147,#5092,#5093);
#4052=AXIS2_PLACEMENT_3D('',#6148,#5094,#5095);
#4053=AXIS2_PLACEMENT_3D('',#6150,#5096,#5097);
#4054=AXIS2_PLACEMENT_3D('',#6153,#5099,#5100);
#4055=AXIS2_PLACEMENT_3D('',#6154,#5101,#5102);
#4056=AXIS2_PLACEMENT_3D('',#6156,#5103,#5104);
#4057=AXIS2_PLACEMENT_3D('',#6159,#5106,#5107);
#4058=AXIS2_PLACEMENT_3D('',#6160,#5108,#5109);
#4059=AXIS2_PLACEMENT_3D('',#6162,#5110,#5111);
#4060=AXIS2_PLACEMENT_3D('',#6165,#5113,#5114);
#4061=AXIS2_PLACEMENT_3D('',#6166,#5115,#5116);
#4062=AXIS2_PLACEMENT_3D('',#6168,#5117,#5118);
#4063=AXIS2_PLACEMENT_3D('',#6171,#5120,#5121);
#4064=AXIS2_PLACEMENT_3D('',#6172,#5122,#5123);
#4065=AXIS2_PLACEMENT_3D('',#6181,#5128,#5129);
#4066=AXIS2_PLACEMENT_3D('',#6187,#5133,#5134);
#4067=AXIS2_PLACEMENT_3D('',#6193,#5138,#5139);
#4068=AXIS2_PLACEMENT_3D('',#6196,#5142,#5143);
#4069=AXIS2_PLACEMENT_3D('',#6197,#5144,#5145);
#4070=AXIS2_PLACEMENT_3D('',#6198,#5146,#5147);
#4071=AXIS2_PLACEMENT_3D('',#6199,#5148,#5149);
#4072=AXIS2_PLACEMENT_3D('',#6200,#5150,#5151);
#4073=AXIS2_PLACEMENT_3D('',#6201,#5152,#5153);
#4074=AXIS2_PLACEMENT_3D('',#6202,#5154,#5155);
#4075=AXIS2_PLACEMENT_3D('',#6203,#5156,#5157);
#4076=AXIS2_PLACEMENT_3D('',#6204,#5158,#5159);
#4077=AXIS2_PLACEMENT_3D('',#6205,#5160,#5161);
#4078=AXIS2_PLACEMENT_3D('',#6206,#5162,#5163);
#4079=DIRECTION('axis',(0.,0.,1.));
#4080=DIRECTION('refdir',(1.,0.,0.));
#4081=DIRECTION('axis',(0.,0.,1.));
#4082=DIRECTION('refdir',(1.,0.,0.));
#4083=DIRECTION('center_axis',(4.44363665327039E-49,0.,-1.));
#4084=DIRECTION('ref_axis',(-1.,0.,-4.44363665327039E-49));
#4085=DIRECTION('center_axis',(0.,0.,1.));
#4086=DIRECTION('ref_axis',(1.,0.,0.));
#4087=DIRECTION('',(4.44363665327039E-49,0.,-1.));
#4088=DIRECTION('center_axis',(0.,0.,1.));
#4089=DIRECTION('ref_axis',(1.,0.,0.));
#4090=DIRECTION('center_axis',(4.44363665327039E-49,0.,-1.));
#4091=DIRECTION('ref_axis',(-1.,0.,-4.44363665327039E-49));
#4092=DIRECTION('center_axis',(0.,0.,1.));
#4093=DIRECTION('ref_axis',(1.,0.,0.));
#4094=DIRECTION('',(4.44363665327039E-49,0.,-1.));
#4095=DIRECTION('center_axis',(0.,0.,1.));
#4096=DIRECTION('ref_axis',(1.,0.,0.));
#4097=DIRECTION('center_axis',(4.44363665327039E-49,0.,-1.));
#4098=DIRECTION('ref_axis',(-1.,0.,-4.44363665327039E-49));
#4099=DIRECTION('center_axis',(0.,0.,1.));
#4100=DIRECTION('ref_axis',(1.,0.,0.));
#4101=DIRECTION('',(4.44363665327039E-49,0.,-1.));
#4102=DIRECTION('center_axis',(0.,0.,1.));
#4103=DIRECTION('ref_axis',(1.,0.,0.));
#4104=DIRECTION('center_axis',(4.44363665327039E-49,0.,-1.));
#4105=DIRECTION('ref_axis',(-1.,0.,-4.44363665327039E-49));
#4106=DIRECTION('center_axis',(0.,0.,1.));
#4107=DIRECTION('ref_axis',(1.,0.,0.));
#4108=DIRECTION('',(4.44363665327039E-49,0.,-1.));
#4109=DIRECTION('center_axis',(0.,0.,1.));
#4110=DIRECTION('ref_axis',(1.,0.,0.));
#4111=DIRECTION('center_axis',(0.,0.,1.));
#4112=DIRECTION('ref_axis',(1.,0.,0.));
#4113=DIRECTION('center_axis',(0.,0.,1.));
#4114=DIRECTION('ref_axis',(1.,0.,0.));
#4115=DIRECTION('',(0.,0.,1.));
#4116=DIRECTION('center_axis',(0.,0.,1.));
#4117=DIRECTION('ref_axis',(1.,0.,0.));
#4118=DIRECTION('center_axis',(0.,0.,-1.));
#4119=DIRECTION('ref_axis',(1.,0.,0.));
#4120=DIRECTION('center_axis',(0.,0.,-1.));
#4121=DIRECTION('ref_axis',(-1.,0.,0.));
#4122=DIRECTION('',(0.,0.,-1.));
#4123=DIRECTION('center_axis',(0.,0.,-1.));
#4124=DIRECTION('ref_axis',(-1.,0.,0.));
#4125=DIRECTION('center_axis',(0.,0.,-1.));
#4126=DIRECTION('ref_axis',(-1.,0.,0.));
#4127=DIRECTION('center_axis',(0.,0.,-1.));
#4128=DIRECTION('ref_axis',(1.,0.,0.));
#4129=DIRECTION('',(0.,0.,-1.));
#4130=DIRECTION('center_axis',(0.,0.,-1.));
#4131=DIRECTION('ref_axis',(1.,0.,0.));
#4132=DIRECTION('center_axis',(0.,0.,-1.));
#4133=DIRECTION('ref_axis',(3.57148950937874E-15,1.,0.));
#4134=DIRECTION('center_axis',(0.,0.,-1.));
#4135=DIRECTION('ref_axis',(-3.57148950937874E-15,-1.,0.));
#4136=DIRECTION('',(0.,0.,-1.));
#4137=DIRECTION('center_axis',(0.,0.,-1.));
#4138=DIRECTION('ref_axis',(-3.57148950937874E-15,-1.,0.));
#4139=DIRECTION('',(0.,0.,-1.));
#4140=DIRECTION('center_axis',(0.,0.,-1.));
#4141=DIRECTION('ref_axis',(-8.16340459286569E-15,-1.,0.));
#4142=DIRECTION('center_axis',(0.,0.,-1.));
#4143=DIRECTION('ref_axis',(8.16340459286569E-15,1.,0.));
#4144=DIRECTION('',(0.,0.,-1.));
#4145=DIRECTION('center_axis',(0.,0.,-1.));
#4146=DIRECTION('ref_axis',(8.16340459286569E-15,1.,0.));
#4147=DIRECTION('',(0.,0.,-1.));
#4148=DIRECTION('center_axis',(0.,0.,-1.));
#4149=DIRECTION('ref_axis',(-1.,0.,0.));
#4150=DIRECTION('center_axis',(0.,0.,-1.));
#4151=DIRECTION('ref_axis',(1.,0.,0.));
#4152=DIRECTION('',(0.,0.,-1.));
#4153=DIRECTION('center_axis',(0.,0.,-1.));
#4154=DIRECTION('ref_axis',(1.,0.,0.));
#4155=DIRECTION('',(0.,0.,-1.));
#4156=DIRECTION('center_axis',(0.,0.,-1.));
#4157=DIRECTION('ref_axis',(1.,0.,0.));
#4158=DIRECTION('center_axis',(0.,0.,-1.));
#4159=DIRECTION('ref_axis',(-1.,0.,0.));
#4160=DIRECTION('',(0.,0.,-1.));
#4161=DIRECTION('center_axis',(0.,0.,-1.));
#4162=DIRECTION('ref_axis',(-1.,0.,0.));
#4163=DIRECTION('',(0.,0.,-1.));
#4164=DIRECTION('center_axis',(0.,-1.,0.));
#4165=DIRECTION('ref_axis',(0.,0.,-1.));
#4166=DIRECTION('',(-1.,0.,0.));
#4167=DIRECTION('',(0.,0.,1.));
#4168=DIRECTION('',(1.,0.,0.));
#4169=DIRECTION('',(0.,0.,-1.));
#4170=DIRECTION('center_axis',(0.,-1.,0.));
#4171=DIRECTION('ref_axis',(0.,0.,-1.));
#4172=DIRECTION('',(1.,0.,0.));
#4173=DIRECTION('',(0.,0.,-1.));
#4174=DIRECTION('',(-1.,0.,0.));
#4175=DIRECTION('',(0.,0.,1.));
#4176=DIRECTION('center_axis',(0.,-1.,0.));
#4177=DIRECTION('ref_axis',(0.,0.,-1.));
#4178=DIRECTION('',(0.,0.,-1.));
#4179=DIRECTION('',(1.,0.,0.));
#4180=DIRECTION('',(0.,0.,-1.));
#4181=DIRECTION('',(-1.,0.,0.));
#4182=DIRECTION('center_axis',(0.,-1.,0.));
#4183=DIRECTION('ref_axis',(0.,0.,-1.));
#4184=DIRECTION('',(0.,0.,1.));
#4185=DIRECTION('',(-1.,0.,0.));
#4186=DIRECTION('',(0.,0.,-1.));
#4187=DIRECTION('',(1.,0.,0.));
#4188=DIRECTION('center_axis',(0.,0.,1.));
#4189=DIRECTION('ref_axis',(1.,0.,0.));
#4190=DIRECTION('',(0.,1.,0.));
#4191=DIRECTION('',(0.,-1.,0.));
#4192=DIRECTION('',(0.,1.,0.));
#4193=DIRECTION('',(0.,-1.,0.));
#4194=DIRECTION('',(1.,0.,0.));
#4195=DIRECTION('center_axis',(0.,0.,1.));
#4196=DIRECTION('ref_axis',(1.,0.,0.));
#4197=DIRECTION('',(0.,-1.,0.));
#4198=DIRECTION('center_axis',(0.,0.,1.));
#4199=DIRECTION('ref_axis',(1.,0.,0.));
#4200=DIRECTION('',(0.,-1.,0.));
#4201=DIRECTION('',(0.,1.,0.));
#4202=DIRECTION('',(0.,-1.,0.));
#4203=DIRECTION('',(0.,1.,0.));
#4204=DIRECTION('',(1.,0.,0.));
#4205=DIRECTION('center_axis',(0.,0.,1.));
#4206=DIRECTION('ref_axis',(1.,0.,0.));
#4207=DIRECTION('',(0.,1.,0.));
#4208=DIRECTION('center_axis',(0.,0.,1.));
#4209=DIRECTION('ref_axis',(1.,0.,0.));
#4210=DIRECTION('center_axis',(0.,0.,1.));
#4211=DIRECTION('ref_axis',(1.,0.,0.));
#4212=DIRECTION('',(0.,1.,0.));
#4213=DIRECTION('center_axis',(0.,0.,-1.));
#4214=DIRECTION('ref_axis',(1.,0.,0.));
#4215=DIRECTION('',(0.,1.,0.));
#4216=DIRECTION('center_axis',(0.,0.,-1.));
#4217=DIRECTION('ref_axis',(1.,0.,0.));
#4218=DIRECTION('',(-1.,0.,0.));
#4219=DIRECTION('',(0.,1.,0.));
#4220=DIRECTION('',(0.,-1.,0.));
#4221=DIRECTION('',(0.,1.,0.));
#4222=DIRECTION('',(0.,-1.,0.));
#4223=DIRECTION('center_axis',(0.,0.,-1.));
#4224=DIRECTION('ref_axis',(1.,0.,0.));
#4225=DIRECTION('',(0.,-1.,0.));
#4226=DIRECTION('center_axis',(0.,0.,-1.));
#4227=DIRECTION('ref_axis',(1.,0.,0.));
#4228=DIRECTION('',(-1.,0.,0.));
#4229=DIRECTION('',(0.,-1.,0.));
#4230=DIRECTION('',(0.,1.,0.));
#4231=DIRECTION('',(0.,-1.,0.));
#4232=DIRECTION('center_axis',(-1.,0.,0.));
#4233=DIRECTION('ref_axis',(0.,0.,1.));
#4234=DIRECTION('',(0.,0.,1.));
#4235=DIRECTION('',(0.,0.,-1.));
#4236=DIRECTION('center_axis',(1.,0.,0.));
#4237=DIRECTION('ref_axis',(0.,0.,-1.));
#4238=DIRECTION('',(0.,0.,-1.));
#4239=DIRECTION('',(0.,0.,1.));
#4240=DIRECTION('center_axis',(0.,-1.,0.));
#4241=DIRECTION('ref_axis',(0.,0.,-1.));
#4242=DIRECTION('',(0.,0.,-1.));
#4243=DIRECTION('',(0.,0.,1.));
#4244=DIRECTION('center_axis',(0.,-1.,0.));
#4245=DIRECTION('ref_axis',(0.,0.,-1.));
#4246=DIRECTION('',(0.,0.,1.));
#4247=DIRECTION('',(0.,0.,1.));
#4248=DIRECTION('center_axis',(0.,0.,-1.));
#4249=DIRECTION('ref_axis',(-1.,0.,0.));
#4250=DIRECTION('center_axis',(0.,0.,-1.));
#4251=DIRECTION('ref_axis',(-1.,0.,0.));
#4252=DIRECTION('center_axis',(0.,0.,1.));
#4253=DIRECTION('ref_axis',(1.,0.,0.));
#4254=DIRECTION('center_axis',(0.,0.,1.));
#4255=DIRECTION('ref_axis',(1.,0.,0.));
#4256=DIRECTION('center_axis',(1.,0.,0.));
#4257=DIRECTION('ref_axis',(0.,0.,-1.));
#4258=DIRECTION('center_axis',(-1.,0.,0.));
#4259=DIRECTION('ref_axis',(0.,0.,1.));
#4260=DIRECTION('center_axis',(1.,0.,0.));
#4261=DIRECTION('ref_axis',(0.,0.,-1.));
#4262=DIRECTION('center_axis',(-1.,0.,0.));
#4263=DIRECTION('ref_axis',(0.,0.,1.));
#4264=DIRECTION('center_axis',(-1.,0.,0.));
#4265=DIRECTION('ref_axis',(0.,0.,1.));
#4266=DIRECTION('center_axis',(1.,0.,0.));
#4267=DIRECTION('ref_axis',(0.,0.,-1.));
#4268=DIRECTION('center_axis',(-1.,0.,0.));
#4269=DIRECTION('ref_axis',(0.,0.,1.));
#4270=DIRECTION('center_axis',(1.,0.,0.));
#4271=DIRECTION('ref_axis',(0.,0.,-1.));
#4272=DIRECTION('axis',(0.,0.,1.));
#4273=DIRECTION('refdir',(1.,0.,0.));
#4274=DIRECTION('center_axis',(1.05012766667708E-14,-3.84723765690794E-30,
1.));
#4275=DIRECTION('ref_axis',(1.,-1.49352366668667E-59,-1.05012766667708E-14));
#4276=DIRECTION('center_axis',(-1.05012766667708E-14,3.84723765690794E-30,
-1.));
#4277=DIRECTION('ref_axis',(-1.,1.49352366668667E-59,1.05012766667708E-14));
#4278=DIRECTION('',(1.05012766667708E-14,-3.84723765690794E-30,1.));
#4279=DIRECTION('center_axis',(-1.05012766667708E-14,3.84723765690794E-30,
-1.));
#4280=DIRECTION('ref_axis',(-1.,1.19160525814126E-46,1.05012766667708E-14));
#4281=DIRECTION('',(1.05012766667708E-14,-3.84723765690794E-30,1.));
#4282=DIRECTION('center_axis',(1.05012766667708E-14,-3.84723765690794E-30,
1.));
#4283=DIRECTION('ref_axis',(1.,0.,-1.05012766667708E-14));
#4284=DIRECTION('center_axis',(-1.05012766667708E-14,3.84723765690794E-30,
-1.));
#4285=DIRECTION('ref_axis',(-1.,-2.48920611114446E-59,1.05012766667708E-14));
#4286=DIRECTION('',(1.05012766667708E-14,-3.84723765690794E-30,1.));
#4287=DIRECTION('center_axis',(-1.05012766667708E-14,3.84723765690794E-30,
-1.));
#4288=DIRECTION('ref_axis',(-1.,1.32257086530653E-47,1.05012766667708E-14));
#4289=DIRECTION('center_axis',(-1.,0.,0.));
#4290=DIRECTION('ref_axis',(0.,0.,1.));
#4291=DIRECTION('',(0.,1.,0.));
#4292=DIRECTION('',(0.,-7.81152148650159E-30,-1.));
#4293=DIRECTION('',(0.,1.,0.));
#4294=DIRECTION('',(0.,0.,1.));
#4295=DIRECTION('center_axis',(-1.,0.,0.));
#4296=DIRECTION('ref_axis',(0.,0.,1.));
#4297=DIRECTION('',(0.,1.,0.));
#4298=DIRECTION('',(0.,0.,-1.));
#4299=DIRECTION('',(0.,1.,0.));
#4300=DIRECTION('',(0.,-3.88235150871366E-29,1.));
#4301=DIRECTION('center_axis',(2.31296463463574E-16,-1.,0.));
#4302=DIRECTION('ref_axis',(1.,2.31296463463574E-16,0.));
#4303=DIRECTION('',(-1.,-2.31296463463574E-16,0.));
#4304=DIRECTION('',(0.,0.,-1.));
#4305=DIRECTION('',(-1.,-2.31296463463574E-16,0.));
#4306=DIRECTION('',(0.,0.,1.));
#4307=DIRECTION('center_axis',(1.,0.,0.));
#4308=DIRECTION('ref_axis',(0.,0.,-1.));
#4309=DIRECTION('',(0.,-1.,0.));
#4310=DIRECTION('',(0.,0.,1.));
#4311=DIRECTION('',(0.,-1.,0.));
#4312=DIRECTION('',(0.,0.,-1.));
#4313=DIRECTION('center_axis',(0.,1.,0.));
#4314=DIRECTION('ref_axis',(0.,0.,1.));
#4315=DIRECTION('',(1.,0.,0.));
#4316=DIRECTION('',(0.,0.,1.));
#4317=DIRECTION('',(1.,0.,0.));
#4318=DIRECTION('',(0.,0.,-1.));
#4319=DIRECTION('center_axis',(0.,0.,1.));
#4320=DIRECTION('ref_axis',(1.,0.,0.));
#4321=DIRECTION('center_axis',(0.,0.,1.));
#4322=DIRECTION('ref_axis',(1.,0.,0.));
#4323=DIRECTION('center_axis',(0.,0.,1.));
#4324=DIRECTION('ref_axis',(1.,0.,0.));
#4325=DIRECTION('',(-1.,-3.33066907387595E-15,1.0512424264421E-14));
#4326=DIRECTION('center_axis',(-1.05012766667708E-14,3.84723765690794E-30,
-1.));
#4327=DIRECTION('ref_axis',(-1.,1.19160525813065E-46,1.05012766667708E-14));
#4328=DIRECTION('',(1.,-1.11022302462532E-15,-1.0512424264421E-14));
#4329=DIRECTION('center_axis',(0.,0.,1.));
#4330=DIRECTION('ref_axis',(1.,0.,0.));
#4331=DIRECTION('center_axis',(0.,0.,1.));
#4332=DIRECTION('ref_axis',(1.,0.,0.));
#4333=DIRECTION('',(0.,1.,0.));
#4334=DIRECTION('center_axis',(0.,0.,1.));
#4335=DIRECTION('ref_axis',(1.,0.,0.));
#4336=DIRECTION('',(-1.,0.,0.));
#4337=DIRECTION('center_axis',(0.,0.,1.));
#4338=DIRECTION('ref_axis',(1.,0.,0.));
#4339=DIRECTION('center_axis',(0.,0.,1.));
#4340=DIRECTION('ref_axis',(1.,0.,0.));
#4341=DIRECTION('',(1.,0.,0.));
#4342=DIRECTION('center_axis',(0.,0.,1.));
#4343=DIRECTION('ref_axis',(1.,0.,0.));
#4344=DIRECTION('',(0.,1.,0.));
#4345=DIRECTION('',(-1.,-2.60208521396521E-15,1.05032085459533E-14));
#4346=DIRECTION('center_axis',(-1.05012766667708E-14,3.84723765690794E-30,
-1.));
#4347=DIRECTION('ref_axis',(-1.,1.19160525813593E-46,1.05012766667708E-14));
#4348=DIRECTION('',(1.,-8.67361737988403E-16,-1.05032085459533E-14));
#4349=DIRECTION('',(0.,-1.,0.));
#4350=DIRECTION('center_axis',(0.,0.,-1.));
#4351=DIRECTION('ref_axis',(1.,0.,0.));
#4352=DIRECTION('',(-1.,0.,0.));
#4353=DIRECTION('center_axis',(0.,0.,-1.));
#4354=DIRECTION('ref_axis',(1.,8.32667268468868E-15,0.));
#4355=DIRECTION('',(0.,1.,0.));
#4356=DIRECTION('center_axis',(0.,0.,-1.));
#4357=DIRECTION('ref_axis',(1.,-6.93889390390723E-16,0.));
#4358=DIRECTION('',(1.,0.,0.));
#4359=DIRECTION('center_axis',(0.,0.,-1.));
#4360=DIRECTION('ref_axis',(1.,0.,0.));
#4361=DIRECTION('center_axis',(0.,0.,1.));
#4362=DIRECTION('ref_axis',(1.,0.,0.));
#4363=DIRECTION('center_axis',(0.,0.,-1.));
#4364=DIRECTION('ref_axis',(1.,0.,0.));
#4365=DIRECTION('',(0.,1.,0.));
#4366=DIRECTION('center_axis',(0.,0.,-1.));
#4367=DIRECTION('ref_axis',(1.,0.,0.));
#4368=DIRECTION('',(1.,0.,0.));
#4369=DIRECTION('center_axis',(0.,0.,-1.));
#4370=DIRECTION('ref_axis',(1.,0.,0.));
#4371=DIRECTION('center_axis',(0.,0.,-1.));
#4372=DIRECTION('ref_axis',(1.,0.,0.));
#4373=DIRECTION('',(-1.,0.,0.));
#4374=DIRECTION('center_axis',(0.,0.,-1.));
#4375=DIRECTION('ref_axis',(1.,0.,0.));
#4376=DIRECTION('',(0.,1.,0.));
#4377=DIRECTION('center_axis',(0.,0.,-1.));
#4378=DIRECTION('ref_axis',(1.,0.,0.));
#4379=DIRECTION('center_axis',(0.,0.,-1.));
#4380=DIRECTION('ref_axis',(1.,0.,0.));
#4381=DIRECTION('',(1.,-1.11022302462532E-15,-1.0512424264421E-14));
#4382=DIRECTION('center_axis',(-1.05012766667708E-14,3.84723765690794E-30,
-1.));
#4383=DIRECTION('ref_axis',(-1.,-9.95682444457783E-60,1.05012766667708E-14));
#4384=DIRECTION('',(-1.,-3.33066907387595E-15,1.0512424264421E-14));
#4385=DIRECTION('center_axis',(0.,0.,-1.));
#4386=DIRECTION('ref_axis',(1.,0.,0.));
#4387=DIRECTION('',(0.,1.,0.));
#4388=DIRECTION('center_axis',(0.,0.,1.));
#4389=DIRECTION('ref_axis',(1.,0.,0.));
#4390=DIRECTION('',(-1.,0.,0.));
#4391=DIRECTION('center_axis',(0.,0.,1.));
#4392=DIRECTION('ref_axis',(1.,0.,0.));
#4393=DIRECTION('',(0.,-1.,0.));
#4394=DIRECTION('center_axis',(0.,0.,1.));
#4395=DIRECTION('ref_axis',(1.,0.,0.));
#4396=DIRECTION('',(1.,0.,0.));
#4397=DIRECTION('center_axis',(0.,0.,1.));
#4398=DIRECTION('ref_axis',(1.,0.,0.));
#4399=DIRECTION('center_axis',(-1.05012766667708E-14,3.84723765690794E-30,
-1.));
#4400=DIRECTION('ref_axis',(-1.,2.98704733337335E-59,1.05012766667708E-14));
#4401=DIRECTION('',(-1.,-2.60208521396521E-15,1.05032085459533E-14));
#4402=DIRECTION('',(1.,-8.67361737988403E-16,-1.05032085459533E-14));
#4403=DIRECTION('center_axis',(-1.11022302462532E-15,-1.,7.81152148650159E-30));
#4404=DIRECTION('ref_axis',(1.,-1.11022302462532E-15,0.));
#4405=DIRECTION('',(0.,7.81152148650159E-30,1.));
#4406=DIRECTION('',(1.05012766667708E-14,-3.84723765690794E-30,1.));
#4407=DIRECTION('center_axis',(-3.33066907387595E-15,1.,3.88235150871365E-29));
#4408=DIRECTION('ref_axis',(-1.,-3.33066907387595E-15,0.));
#4409=DIRECTION('',(0.,3.88235150871366E-29,-1.));
#4410=DIRECTION('',(1.05012766667708E-14,-3.84723765690794E-30,1.));
#4411=DIRECTION('center_axis',(1.05012766667708E-14,-3.84723765690794E-30,
1.));
#4412=DIRECTION('ref_axis',(-1.,1.22464679914735E-16,1.05012766667708E-14));
#4413=DIRECTION('center_axis',(1.05012766667708E-14,-3.84723765690794E-30,
1.));
#4414=DIRECTION('ref_axis',(-1.,1.22464679914735E-16,1.05012766667708E-14));
#4415=DIRECTION('',(1.05012766667708E-14,-3.84723765690794E-30,1.));
#4416=DIRECTION('',(1.05012766667708E-14,-3.84723765690794E-30,1.));
#4417=DIRECTION('center_axis',(-8.67361737988403E-16,-1.,5.26116792387943E-30));
#4418=DIRECTION('ref_axis',(1.,-8.67361737988403E-16,0.));
#4419=DIRECTION('center_axis',(-2.60208521396521E-15,1.,3.11724543992701E-29));
#4420=DIRECTION('ref_axis',(-1.,-2.60208521396521E-15,0.));
#4421=DIRECTION('center_axis',(0.,-1.,0.));
#4422=DIRECTION('ref_axis',(0.,0.,-1.));
#4423=DIRECTION('',(0.,0.,1.));
#4424=DIRECTION('',(0.,0.,-1.));
#4425=DIRECTION('center_axis',(1.,0.,0.));
#4426=DIRECTION('ref_axis',(0.,0.,-1.));
#4427=DIRECTION('',(0.,0.,-1.));
#4428=DIRECTION('center_axis',(1.,0.,0.));
#4429=DIRECTION('ref_axis',(0.,0.,-1.));
#4430=DIRECTION('',(0.,0.,1.));
#4431=DIRECTION('center_axis',(0.,1.,0.));
#4432=DIRECTION('ref_axis',(0.,0.,1.));
#4433=DIRECTION('',(0.,0.,1.));
#4434=DIRECTION('',(0.,0.,-1.));
#4435=DIRECTION('center_axis',(-1.,0.,0.));
#4436=DIRECTION('ref_axis',(0.,0.,1.));
#4437=DIRECTION('',(0.,0.,-1.));
#4438=DIRECTION('',(0.,0.,1.));
#4439=DIRECTION('center_axis',(0.,1.,0.));
#4440=DIRECTION('ref_axis',(0.,0.,1.));
#4441=DIRECTION('',(0.,0.,1.));
#4442=DIRECTION('',(0.,0.,-1.));
#4443=DIRECTION('center_axis',(1.,0.,0.));
#4444=DIRECTION('ref_axis',(0.,0.,-1.));
#4445=DIRECTION('',(0.,0.,1.));
#4446=DIRECTION('',(0.,0.,-1.));
#4447=DIRECTION('center_axis',(0.,-1.,0.));
#4448=DIRECTION('ref_axis',(0.,0.,-1.));
#4449=DIRECTION('',(0.,0.,-1.));
#4450=DIRECTION('',(0.,0.,1.));
#4451=DIRECTION('center_axis',(0.,0.,-1.));
#4452=DIRECTION('ref_axis',(-1.,0.,0.));
#4453=DIRECTION('center_axis',(0.,0.,-1.));
#4454=DIRECTION('ref_axis',(-1.,0.,0.));
#4455=DIRECTION('center_axis',(0.,0.,-1.));
#4456=DIRECTION('ref_axis',(-1.,0.,0.));
#4457=DIRECTION('center_axis',(0.,0.,-1.));
#4458=DIRECTION('ref_axis',(-1.,0.,0.));
#4459=DIRECTION('center_axis',(0.,0.,1.));
#4460=DIRECTION('ref_axis',(1.,0.,0.));
#4461=DIRECTION('center_axis',(0.,0.,-1.));
#4462=DIRECTION('ref_axis',(-1.,0.,0.));
#4463=DIRECTION('center_axis',(0.,0.,-1.));
#4464=DIRECTION('ref_axis',(-1.,0.,0.));
#4465=DIRECTION('center_axis',(0.,0.,1.));
#4466=DIRECTION('ref_axis',(1.,0.,0.));
#4467=DIRECTION('center_axis',(0.,0.,-1.));
#4468=DIRECTION('ref_axis',(-1.,0.,0.));
#4469=DIRECTION('center_axis',(0.,3.88235150871365E-29,-1.));
#4470=DIRECTION('ref_axis',(0.,1.,3.88235150871365E-29));
#4471=DIRECTION('center_axis',(0.,-7.81152148650159E-30,-1.));
#4472=DIRECTION('ref_axis',(0.,1.,-7.81152148650159E-30));
#4473=DIRECTION('center_axis',(0.,0.,-1.));
#4474=DIRECTION('ref_axis',(-1.,0.,0.));
#4475=DIRECTION('axis',(0.,0.,1.));
#4476=DIRECTION('refdir',(1.,0.,0.));
#4477=DIRECTION('center_axis',(0.,0.,-1.));
#4478=DIRECTION('ref_axis',(-1.,0.,0.));
#4479=DIRECTION('center_axis',(0.,0.,-1.));
#4480=DIRECTION('ref_axis',(1.,0.,0.));
#4481=DIRECTION('',(0.707106781186548,-8.65956056235493E-17,-0.707106781186547));
#4482=DIRECTION('center_axis',(0.,0.,1.));
#4483=DIRECTION('ref_axis',(1.,0.,0.));
#4484=DIRECTION('center_axis',(0.,0.,-1.));
#4485=DIRECTION('ref_axis',(-1.,0.,0.));
#4486=DIRECTION('center_axis',(0.,0.,-1.));
#4487=DIRECTION('ref_axis',(-1.,0.,0.));
#4488=DIRECTION('',(0.,0.,-1.));
#4489=DIRECTION('center_axis',(0.,0.,1.));
#4490=DIRECTION('ref_axis',(1.,0.,0.));
#4491=DIRECTION('center_axis',(0.,0.,-1.));
#4492=DIRECTION('ref_axis',(-1.,0.,0.));
#4493=DIRECTION('',(0.,0.,-1.));
#4494=DIRECTION('center_axis',(0.,0.,1.));
#4495=DIRECTION('ref_axis',(1.,0.,0.));
#4496=DIRECTION('center_axis',(0.,0.,1.));
#4497=DIRECTION('ref_axis',(1.,0.,0.));
#4498=DIRECTION('center_axis',(0.,0.,1.));
#4499=DIRECTION('ref_axis',(1.,0.,0.));
#4500=DIRECTION('',(0.,0.,1.));
#4501=DIRECTION('center_axis',(0.,0.,1.));
#4502=DIRECTION('ref_axis',(1.,0.,0.));
#4503=DIRECTION('center_axis',(0.,0.,1.));
#4504=DIRECTION('ref_axis',(1.,0.,0.));
#4505=DIRECTION('center_axis',(0.,0.,1.));
#4506=DIRECTION('ref_axis',(1.,0.,0.));
#4507=DIRECTION('',(0.,0.,1.));
#4508=DIRECTION('center_axis',(0.,0.,1.));
#4509=DIRECTION('ref_axis',(1.,0.,0.));
#4510=DIRECTION('center_axis',(0.,0.,1.));
#4511=DIRECTION('ref_axis',(1.,0.,0.));
#4512=DIRECTION('center_axis',(0.,0.,1.));
#4513=DIRECTION('ref_axis',(-1.,0.,0.));
#4514=DIRECTION('',(0.,0.,1.));
#4515=DIRECTION('center_axis',(0.,0.,1.));
#4516=DIRECTION('ref_axis',(-1.,0.,0.));
#4517=DIRECTION('center_axis',(0.,0.,1.));
#4518=DIRECTION('ref_axis',(1.,0.,0.));
#4519=DIRECTION('center_axis',(0.,0.,1.));
#4520=DIRECTION('ref_axis',(-1.,0.,0.));
#4521=DIRECTION('',(0.,0.,1.));
#4522=DIRECTION('center_axis',(0.,0.,1.));
#4523=DIRECTION('ref_axis',(-1.,0.,0.));
#4524=DIRECTION('center_axis',(0.,0.,1.));
#4525=DIRECTION('ref_axis',(1.,0.,0.));
#4526=DIRECTION('center_axis',(0.,0.,1.));
#4527=DIRECTION('ref_axis',(-1.,0.,0.));
#4528=DIRECTION('',(0.,0.,1.));
#4529=DIRECTION('center_axis',(0.,0.,1.));
#4530=DIRECTION('ref_axis',(-1.,0.,0.));
#4531=DIRECTION('center_axis',(0.,0.,1.));
#4532=DIRECTION('ref_axis',(1.,0.,0.));
#4533=DIRECTION('center_axis',(0.,0.,1.));
#4534=DIRECTION('ref_axis',(1.,0.,0.));
#4535=DIRECTION('',(0.,0.,1.));
#4536=DIRECTION('center_axis',(0.,0.,1.));
#4537=DIRECTION('ref_axis',(1.,0.,0.));
#4538=DIRECTION('center_axis',(0.,0.,1.));
#4539=DIRECTION('ref_axis',(1.,0.,0.));
#4540=DIRECTION('center_axis',(0.,0.,1.));
#4541=DIRECTION('ref_axis',(1.,0.,0.));
#4542=DIRECTION('',(0.,0.,1.));
#4543=DIRECTION('center_axis',(0.,0.,-1.));
#4544=DIRECTION('ref_axis',(1.,0.,0.));
#4545=DIRECTION('center_axis',(1.5419764230905E-16,-1.,0.));
#4546=DIRECTION('ref_axis',(1.,1.5419764230905E-16,0.));
#4547=DIRECTION('',(1.,1.5419764230905E-16,0.));
#4548=DIRECTION('',(0.,0.,1.));
#4549=DIRECTION('',(1.,1.5419764230905E-16,0.));
#4550=DIRECTION('',(0.,0.,-1.));
#4551=DIRECTION('center_axis',(-1.15648231731787E-16,1.,0.));
#4552=DIRECTION('ref_axis',(-1.,-1.15648231731787E-16,0.));
#4553=DIRECTION('',(0.,0.,-1.));
#4554=DIRECTION('',(-1.,-1.15648231731787E-16,0.));
#4555=DIRECTION('',(0.,0.,-1.));
#4556=DIRECTION('',(-1.,-1.15648231731787E-16,0.));
#4557=DIRECTION('center_axis',(-1.15648231731787E-16,1.,0.));
#4558=DIRECTION('ref_axis',(-1.,-1.15648231731787E-16,0.));
#4559=DIRECTION('',(0.,0.,1.));
#4560=DIRECTION('',(-1.,-1.15648231731787E-16,0.));
#4561=DIRECTION('',(0.,0.,-1.));
#4562=DIRECTION('',(-1.,-1.15648231731787E-16,0.));
#4563=DIRECTION('center_axis',(-1.,0.,0.));
#4564=DIRECTION('ref_axis',(0.,0.,1.));
#4565=DIRECTION('',(0.,-1.,0.));
#4566=DIRECTION('',(0.,0.,1.));
#4567=DIRECTION('',(0.,-1.,0.));
#4568=DIRECTION('',(0.,0.,1.));
#4569=DIRECTION('',(0.,1.,0.));
#4570=DIRECTION('',(0.,0.,1.));
#4571=DIRECTION('',(0.,-1.,0.));
#4572=DIRECTION('',(0.,0.,-1.));
#4573=DIRECTION('center_axis',(1.,1.19262238973406E-16,0.));
#4574=DIRECTION('ref_axis',(-1.19262238973406E-16,1.,0.));
#4575=DIRECTION('',(-1.19262238973406E-16,1.,0.));
#4576=DIRECTION('',(0.,0.,1.));
#4577=DIRECTION('',(-1.19262238973406E-16,1.,0.));
#4578=DIRECTION('',(0.,0.,1.));
#4579=DIRECTION('',(0.,1.,0.));
#4580=DIRECTION('',(0.,0.,1.));
#4581=DIRECTION('',(-1.19262238973406E-16,1.,0.));
#4582=DIRECTION('',(0.,0.,-1.));
#4583=DIRECTION('center_axis',(0.,0.,-1.));
#4584=DIRECTION('ref_axis',(-1.,0.,0.));
#4585=DIRECTION('',(0.,-1.,0.));
#4586=DIRECTION('center_axis',(0.,0.,-1.));
#4587=DIRECTION('ref_axis',(-1.,0.,0.));
#4588=DIRECTION('',(0.,1.,0.));
#4589=DIRECTION('',(0.,-1.,0.));
#4590=DIRECTION('center_axis',(0.,0.,-1.));
#4591=DIRECTION('ref_axis',(-1.,0.,0.));
#4592=DIRECTION('',(0.,1.,0.));
#4593=DIRECTION('',(-1.,-1.15648231731787E-16,0.));
#4594=DIRECTION('center_axis',(0.,0.,1.));
#4595=DIRECTION('ref_axis',(-1.,0.,0.));
#4596=DIRECTION('',(1.,0.,0.));
#4597=DIRECTION('center_axis',(0.,0.,1.));
#4598=DIRECTION('ref_axis',(-1.,0.,0.));
#4599=DIRECTION('center_axis',(-1.15648231731787E-16,1.,0.));
#4600=DIRECTION('ref_axis',(-1.,-1.15648231731787E-16,0.));
#4601=DIRECTION('',(0.,0.,1.));
#4602=DIRECTION('',(-1.,-1.15648231731787E-16,0.));
#4603=DIRECTION('',(0.,0.,1.));
#4604=DIRECTION('center_axis',(1.5419764230905E-16,-1.,0.));
#4605=DIRECTION('ref_axis',(1.,1.5419764230905E-16,0.));
#4606=DIRECTION('',(1.,1.5419764230905E-16,0.));
#4607=DIRECTION('',(0.,0.,-1.));
#4608=DIRECTION('',(1.,1.5419764230905E-16,0.));
#4609=DIRECTION('',(0.,0.,1.));
#4610=DIRECTION('center_axis',(0.,0.,-1.));
#4611=DIRECTION('ref_axis',(-1.,0.,0.));
#4612=DIRECTION('',(-1.,0.,0.));
#4613=DIRECTION('center_axis',(0.,0.,-1.));
#4614=DIRECTION('ref_axis',(-1.,0.,0.));
#4615=DIRECTION('center_axis',(0.,0.,1.));
#4616=DIRECTION('ref_axis',(-1.,0.,0.));
#4617=DIRECTION('center_axis',(0.,0.,-1.));
#4618=DIRECTION('ref_axis',(-1.,0.,0.));
#4619=DIRECTION('center_axis',(0.,0.,-1.));
#4620=DIRECTION('ref_axis',(-1.,0.,0.));
#4621=DIRECTION('',(0.,1.,0.));
#4622=DIRECTION('center_axis',(0.,0.,-1.));
#4623=DIRECTION('ref_axis',(-1.,0.,0.));
#4624=DIRECTION('',(0.,-1.,0.));
#4625=DIRECTION('',(0.,1.,0.));
#4626=DIRECTION('center_axis',(0.,0.,-1.));
#4627=DIRECTION('ref_axis',(1.,0.,0.));
#4628=DIRECTION('',(0.,-1.,0.));
#4629=DIRECTION('center_axis',(0.,0.,-1.));
#4630=DIRECTION('ref_axis',(-1.,0.,0.));
#4631=DIRECTION('center_axis',(0.,0.,-1.));
#4632=DIRECTION('ref_axis',(-1.,0.,0.));
#4633=DIRECTION('center_axis',(0.,0.,1.));
#4634=DIRECTION('ref_axis',(-1.,-2.4980018054066E-14,0.));
#4635=DIRECTION('center_axis',(0.,0.,-1.));
#4636=DIRECTION('ref_axis',(-1.,0.,0.));
#4637=DIRECTION('center_axis',(0.,0.,-1.));
#4638=DIRECTION('ref_axis',(-1.,0.,0.));
#4639=DIRECTION('center_axis',(0.,0.,-1.));
#4640=DIRECTION('ref_axis',(-1.,0.,0.));
#4641=DIRECTION('center_axis',(0.,0.,1.));
#4642=DIRECTION('ref_axis',(-1.,0.,0.));
#4643=DIRECTION('',(-1.,0.,0.));
#4644=DIRECTION('center_axis',(0.,0.,1.));
#4645=DIRECTION('ref_axis',(-1.,0.,0.));
#4646=DIRECTION('center_axis',(0.,0.,-1.));
#4647=DIRECTION('ref_axis',(-1.,0.,0.));
#4648=DIRECTION('center_axis',(0.,0.,1.));
#4649=DIRECTION('ref_axis',(-1.,0.,0.));
#4650=DIRECTION('',(1.,0.,0.));
#4651=DIRECTION('center_axis',(0.,0.,1.));
#4652=DIRECTION('ref_axis',(-1.,0.,0.));
#4653=DIRECTION('center_axis',(0.,0.,1.));
#4654=DIRECTION('ref_axis',(1.,0.,0.));
#4655=DIRECTION('',(1.,0.,0.));
#4656=DIRECTION('',(1.,0.,0.));
#4657=DIRECTION('center_axis',(0.,-1.,0.));
#4658=DIRECTION('ref_axis',(0.,0.,-1.));
#4659=DIRECTION('center_axis',(0.,-1.,0.));
#4660=DIRECTION('ref_axis',(0.,0.,-1.));
#4661=DIRECTION('center_axis',(0.,0.,1.));
#4662=DIRECTION('ref_axis',(1.,0.,0.));
#4663=DIRECTION('center_axis',(0.,0.,1.));
#4664=DIRECTION('ref_axis',(1.,0.,0.));
#4665=DIRECTION('center_axis',(0.,0.,1.));
#4666=DIRECTION('ref_axis',(1.,0.,0.));
#4667=DIRECTION('center_axis',(0.,0.,1.));
#4668=DIRECTION('ref_axis',(1.,0.,0.));
#4669=DIRECTION('center_axis',(0.,0.,1.));
#4670=DIRECTION('ref_axis',(1.,0.,0.));
#4671=DIRECTION('center_axis',(0.,0.,1.));
#4672=DIRECTION('ref_axis',(1.,0.,0.));
#4673=DIRECTION('center_axis',(0.,0.,-1.));
#4674=DIRECTION('ref_axis',(-1.,0.,0.));
#4675=DIRECTION('',(0.,0.,-1.));
#4676=DIRECTION('',(0.,0.,-1.));
#4677=DIRECTION('center_axis',(1.,0.,0.));
#4678=DIRECTION('ref_axis',(0.,0.,-1.));
#4679=DIRECTION('center_axis',(-1.,0.,0.));
#4680=DIRECTION('ref_axis',(0.,0.,1.));
#4681=DIRECTION('center_axis',(0.,0.,-1.));
#4682=DIRECTION('ref_axis',(-1.,0.,0.));
#4683=DIRECTION('',(0.,0.,-1.));
#4684=DIRECTION('',(0.,0.,-1.));
#4685=DIRECTION('center_axis',(1.,0.,0.));
#4686=DIRECTION('ref_axis',(0.,0.,-1.));
#4687=DIRECTION('center_axis',(-1.,0.,0.));
#4688=DIRECTION('ref_axis',(0.,0.,1.));
#4689=DIRECTION('center_axis',(0.,-1.,0.));
#4690=DIRECTION('ref_axis',(0.,0.,-1.));
#4691=DIRECTION('',(0.,0.,-1.));
#4692=DIRECTION('',(0.,0.,1.));
#4693=DIRECTION('center_axis',(0.,0.,-1.));
#4694=DIRECTION('ref_axis',(-1.,0.,0.));
#4695=DIRECTION('',(0.,0.,1.));
#4696=DIRECTION('center_axis',(0.,0.,1.));
#4697=DIRECTION('ref_axis',(1.,0.,0.));
#4698=DIRECTION('center_axis',(0.,0.,1.));
#4699=DIRECTION('ref_axis',(1.,0.,0.));
#4700=DIRECTION('',(0.,0.,1.));
#4701=DIRECTION('center_axis',(0.,0.,-1.));
#4702=DIRECTION('ref_axis',(-1.,0.,0.));
#4703=DIRECTION('axis',(0.,0.,1.));
#4704=DIRECTION('refdir',(1.,0.,0.));
#4705=DIRECTION('center_axis',(0.,0.,-1.));
#4706=DIRECTION('ref_axis',(-1.,0.,0.));
#4707=DIRECTION('center_axis',(0.,0.,1.));
#4708=DIRECTION('ref_axis',(-1.,0.,0.));
#4709=DIRECTION('',(0.,0.,1.));
#4710=DIRECTION('center_axis',(0.,0.,-1.));
#4711=DIRECTION('ref_axis',(-1.,0.,0.));
#4712=DIRECTION('',(0.,0.,-1.));
#4713=DIRECTION('center_axis',(0.,0.,1.));
#4714=DIRECTION('ref_axis',(1.,0.,0.));
#4715=DIRECTION('center_axis',(0.,0.,1.));
#4716=DIRECTION('ref_axis',(1.,0.,0.));
#4717=DIRECTION('',(0.,0.,1.));
#4718=DIRECTION('center_axis',(0.,0.,1.));
#4719=DIRECTION('ref_axis',(1.,0.,0.));
#4720=DIRECTION('center_axis',(0.,0.,1.));
#4721=DIRECTION('ref_axis',(1.,0.,0.));
#4722=DIRECTION('center_axis',(0.,0.,1.));
#4723=DIRECTION('ref_axis',(-1.,0.,0.));
#4724=DIRECTION('',(0.,0.,1.));
#4725=DIRECTION('center_axis',(0.,0.,1.));
#4726=DIRECTION('ref_axis',(-1.,0.,0.));
#4727=DIRECTION('center_axis',(0.,0.,1.));
#4728=DIRECTION('ref_axis',(1.,0.,0.));
#4729=DIRECTION('center_axis',(0.,0.,1.));
#4730=DIRECTION('ref_axis',(-1.,0.,0.));
#4731=DIRECTION('',(0.,0.,1.));
#4732=DIRECTION('center_axis',(0.,0.,1.));
#4733=DIRECTION('ref_axis',(-1.,0.,0.));
#4734=DIRECTION('center_axis',(0.,0.,1.));
#4735=DIRECTION('ref_axis',(1.,0.,0.));
#4736=DIRECTION('center_axis',(0.,0.,1.));
#4737=DIRECTION('ref_axis',(1.,0.,0.));
#4738=DIRECTION('',(0.,0.,1.));
#4739=DIRECTION('center_axis',(0.,0.,1.));
#4740=DIRECTION('ref_axis',(1.,0.,0.));
#4741=DIRECTION('center_axis',(0.,0.,1.));
#4742=DIRECTION('ref_axis',(1.,0.,0.));
#4743=DIRECTION('center_axis',(0.,0.,1.));
#4744=DIRECTION('ref_axis',(1.,0.,0.));
#4745=DIRECTION('',(0.,0.,1.));
#4746=DIRECTION('center_axis',(0.,0.,1.));
#4747=DIRECTION('ref_axis',(1.,0.,0.));
#4748=DIRECTION('center_axis',(-1.15648231731787E-16,1.,0.));
#4749=DIRECTION('ref_axis',(-1.,-1.15648231731787E-16,0.));
#4750=DIRECTION('',(-1.,-1.15648231731787E-16,0.));
#4751=DIRECTION('',(0.,0.,1.));
#4752=DIRECTION('',(-1.,-1.15648231731787E-16,0.));
#4753=DIRECTION('',(0.,0.,-1.));
#4754=DIRECTION('center_axis',(1.5419764230905E-16,-1.,0.));
#4755=DIRECTION('ref_axis',(1.,1.5419764230905E-16,0.));
#4756=DIRECTION('',(1.,1.5419764230905E-16,0.));
#4757=DIRECTION('',(0.,0.,1.));
#4758=DIRECTION('',(1.,1.5419764230905E-16,0.));
#4759=DIRECTION('',(0.,0.,-1.));
#4760=DIRECTION('center_axis',(1.5419764230905E-16,-1.,0.));
#4761=DIRECTION('ref_axis',(1.,1.5419764230905E-16,0.));
#4762=DIRECTION('',(1.,1.5419764230905E-16,0.));
#4763=DIRECTION('',(0.,0.,1.));
#4764=DIRECTION('',(1.,1.5419764230905E-16,0.));
#4765=DIRECTION('',(0.,0.,-1.));
#4766=DIRECTION('center_axis',(-1.,0.,0.));
#4767=DIRECTION('ref_axis',(0.,0.,1.));
#4768=DIRECTION('',(0.,-1.,0.));
#4769=DIRECTION('',(0.,0.,1.));
#4770=DIRECTION('',(0.,-1.,0.));
#4771=DIRECTION('',(0.,0.,-1.));
#4772=DIRECTION('center_axis',(-1.15648231731787E-16,1.,0.));
#4773=DIRECTION('ref_axis',(-1.,-1.15648231731787E-16,0.));
#4774=DIRECTION('',(-1.,-1.15648231731787E-16,0.));
#4775=DIRECTION('',(0.,0.,-1.));
#4776=DIRECTION('',(-1.,-1.15648231731787E-16,0.));
#4777=DIRECTION('',(0.,0.,1.));
#4778=DIRECTION('center_axis',(1.,1.19262238973406E-16,0.));
#4779=DIRECTION('ref_axis',(-1.19262238973406E-16,1.,0.));
#4780=DIRECTION('',(-1.19262238973406E-16,1.,0.));
#4781=DIRECTION('',(0.,0.,1.));
#4782=DIRECTION('',(-1.19262238973406E-16,1.,0.));
#4783=DIRECTION('',(0.,0.,-1.));
#4784=DIRECTION('center_axis',(1.5419764230905E-16,-1.,0.));
#4785=DIRECTION('ref_axis',(1.,1.5419764230905E-16,0.));
#4786=DIRECTION('',(1.,1.5419764230905E-16,0.));
#4787=DIRECTION('',(1.,1.5419764230905E-16,0.));
#4788=DIRECTION('',(0.,0.,1.));
#4789=DIRECTION('center_axis',(0.,0.,-1.));
#4790=DIRECTION('ref_axis',(-1.,0.,0.));
#4791=DIRECTION('',(0.00192626982452059,0.99999814474056,0.));
#4792=DIRECTION('center_axis',(0.,0.,-1.));
#4793=DIRECTION('ref_axis',(-1.,0.,0.));
#4794=DIRECTION('center_axis',(0.,0.,-1.));
#4795=DIRECTION('ref_axis',(-1.,0.,0.));
#4796=DIRECTION('',(-3.52563546841099E-15,-1.,0.));
#4797=DIRECTION('center_axis',(0.,0.,-1.));
#4798=DIRECTION('ref_axis',(-1.,0.,0.));
#4799=DIRECTION('',(-1.7628177342055E-15,1.,0.));
#4800=DIRECTION('center_axis',(0.,0.,-1.));
#4801=DIRECTION('ref_axis',(-1.,0.,0.));
#4802=DIRECTION('center_axis',(0.,0.,-1.));
#4803=DIRECTION('ref_axis',(-1.,0.,0.));
#4804=DIRECTION('center_axis',(0.,0.,-1.));
#4805=DIRECTION('ref_axis',(-1.,0.,0.));
#4806=DIRECTION('center_axis',(0.,0.,-1.));
#4807=DIRECTION('ref_axis',(-1.,0.,0.));
#4808=DIRECTION('',(1.7628177342055E-15,1.,0.));
#4809=DIRECTION('center_axis',(0.,0.,-1.));
#4810=DIRECTION('ref_axis',(-1.,0.,0.));
#4811=DIRECTION('',(3.52563546841099E-15,-1.,0.));
#4812=DIRECTION('center_axis',(0.,0.,-1.));
#4813=DIRECTION('ref_axis',(-1.,0.,0.));
#4814=DIRECTION('center_axis',(0.,0.,1.));
#4815=DIRECTION('ref_axis',(-1.,1.04083408558608E-15,0.));
#4816=DIRECTION('',(6.16790569236198E-16,1.,0.));
#4817=DIRECTION('center_axis',(0.,0.,-1.));
#4818=DIRECTION('ref_axis',(-1.,0.,0.));
#4819=DIRECTION('',(-1.,2.45752492430048E-16,0.));
#4820=DIRECTION('center_axis',(0.,0.,-1.));
#4821=DIRECTION('ref_axis',(-1.,0.,0.));
#4822=DIRECTION('',(0.,1.,0.));
#4823=DIRECTION('center_axis',(0.,0.,1.));
#4824=DIRECTION('ref_axis',(-1.,0.,0.));
#4825=DIRECTION('center_axis',(0.,0.,-1.));
#4826=DIRECTION('ref_axis',(-1.,0.,0.));
#4827=DIRECTION('',(-0.00192626982452059,0.99999814474056,0.));
#4828=DIRECTION('center_axis',(0.,0.,-1.));
#4829=DIRECTION('ref_axis',(-1.,0.,0.));
#4830=DIRECTION('',(0.00192626982452412,-0.99999814474056,0.));
#4831=DIRECTION('center_axis',(0.,0.,-1.));
#4832=DIRECTION('ref_axis',(-1.,0.,0.));
#4833=DIRECTION('center_axis',(0.,0.,-1.));
#4834=DIRECTION('ref_axis',(-1.,0.,0.));
#4835=DIRECTION('center_axis',(0.,0.,-1.));
#4836=DIRECTION('ref_axis',(-1.,0.,0.));
#4837=DIRECTION('',(-0.00192626982452412,-0.99999814474056,0.));
#4838=DIRECTION('center_axis',(0.,0.,-1.));
#4839=DIRECTION('ref_axis',(-1.,0.,0.));
#4840=DIRECTION('',(0.,1.,0.));
#4841=DIRECTION('center_axis',(0.,0.,1.));
#4842=DIRECTION('ref_axis',(-1.,0.,0.));
#4843=DIRECTION('',(-1.,0.,0.));
#4844=DIRECTION('center_axis',(0.,0.,1.));
#4845=DIRECTION('ref_axis',(-1.,0.,0.));
#4846=DIRECTION('',(0.,1.,0.));
#4847=DIRECTION('center_axis',(0.,0.,1.));
#4848=DIRECTION('ref_axis',(-1.,0.,0.));
#4849=DIRECTION('',(-1.,-8.67361737988404E-18,0.));
#4850=DIRECTION('center_axis',(0.,0.,1.));
#4851=DIRECTION('ref_axis',(-1.,0.,0.));
#4852=DIRECTION('center_axis',(0.,0.,-1.));
#4853=DIRECTION('ref_axis',(-1.,0.,0.));
#4854=DIRECTION('center_axis',(0.,0.,1.));
#4855=DIRECTION('ref_axis',(-1.,0.,0.));
#4856=DIRECTION('',(0.00192626982452059,0.99999814474056,0.));
#4857=DIRECTION('center_axis',(0.,0.,-1.));
#4858=DIRECTION('ref_axis',(-1.,0.,0.));
#4859=DIRECTION('',(-0.00192626982452412,-0.99999814474056,0.));
#4860=DIRECTION('center_axis',(0.,0.,1.));
#4861=DIRECTION('ref_axis',(-1.,0.,0.));
#4862=DIRECTION('center_axis',(0.,0.,1.));
#4863=DIRECTION('ref_axis',(-1.,0.,0.));
#4864=DIRECTION('center_axis',(0.,0.,1.));
#4865=DIRECTION('ref_axis',(-1.,0.,0.));
#4866=DIRECTION('',(0.00192626982452412,-0.99999814474056,0.));
#4867=DIRECTION('center_axis',(0.,0.,-1.));
#4868=DIRECTION('ref_axis',(-1.,0.,0.));
#4869=DIRECTION('',(-0.00192626982452059,0.99999814474056,0.));
#4870=DIRECTION('center_axis',(0.,0.,1.));
#4871=DIRECTION('ref_axis',(-1.,0.,0.));
#4872=DIRECTION('center_axis',(0.,0.,-1.));
#4873=DIRECTION('ref_axis',(-1.,0.,0.));
#4874=DIRECTION('',(0.,1.,0.));
#4875=DIRECTION('center_axis',(0.,0.,1.));
#4876=DIRECTION('ref_axis',(-1.,0.,0.));
#4877=DIRECTION('',(-1.,2.45752492430048E-16,0.));
#4878=DIRECTION('center_axis',(0.,0.,1.));
#4879=DIRECTION('ref_axis',(-1.,-1.73472347597681E-15,0.));
#4880=DIRECTION('',(6.16790569236198E-16,1.,0.));
#4881=DIRECTION('center_axis',(0.,0.,-1.));
#4882=DIRECTION('ref_axis',(-1.,0.,0.));
#4883=DIRECTION('center_axis',(0.,0.,1.));
#4884=DIRECTION('ref_axis',(-1.,2.08166817117217E-14,0.));
#4885=DIRECTION('',(3.52563546841099E-15,-1.,0.));
#4886=DIRECTION('center_axis',(0.,0.,-1.));
#4887=DIRECTION('ref_axis',(-1.,0.,0.));
#4888=DIRECTION('',(1.7628177342055E-15,1.,0.));
#4889=DIRECTION('center_axis',(0.,0.,1.));
#4890=DIRECTION('ref_axis',(-1.,0.,0.));
#4891=DIRECTION('center_axis',(0.,0.,1.));
#4892=DIRECTION('ref_axis',(-1.,0.,0.));
#4893=DIRECTION('center_axis',(0.,0.,1.));
#4894=DIRECTION('ref_axis',(-1.,0.,0.));
#4895=DIRECTION('center_axis',(0.,0.,1.));
#4896=DIRECTION('ref_axis',(-1.,0.,0.));
#4897=DIRECTION('',(-1.7628177342055E-15,1.,0.));
#4898=DIRECTION('center_axis',(0.,0.,-1.));
#4899=DIRECTION('ref_axis',(-1.,0.,0.));
#4900=DIRECTION('',(-3.52563546841099E-15,-1.,0.));
#4901=DIRECTION('center_axis',(0.,0.,1.));
#4902=DIRECTION('ref_axis',(-1.,0.,0.));
#4903=DIRECTION('',(-1.,0.,0.));
#4904=DIRECTION('center_axis',(0.,0.,-1.));
#4905=DIRECTION('ref_axis',(-1.,0.,0.));
#4906=DIRECTION('',(0.,1.,0.));
#4907=DIRECTION('center_axis',(0.,0.,-1.));
#4908=DIRECTION('ref_axis',(-1.,0.,0.));
#4909=DIRECTION('',(-1.,-8.67361737988404E-18,0.));
#4910=DIRECTION('center_axis',(0.,0.,-1.));
#4911=DIRECTION('ref_axis',(-1.,0.,0.));
#4912=DIRECTION('',(0.,1.,0.));
#4913=DIRECTION('center_axis',(0.,0.,-1.));
#4914=DIRECTION('ref_axis',(-1.,0.,0.));
#4915=DIRECTION('center_axis',(0.,0.,1.));
#4916=DIRECTION('ref_axis',(1.,0.,0.));
#4917=DIRECTION('center_axis',(0.,0.,1.));
#4918=DIRECTION('ref_axis',(1.,0.,0.));
#4919=DIRECTION('center_axis',(0.,0.,1.));
#4920=DIRECTION('ref_axis',(1.,0.,0.));
#4921=DIRECTION('center_axis',(0.,0.,1.));
#4922=DIRECTION('ref_axis',(1.,0.,0.));
#4923=DIRECTION('center_axis',(-1.,0.,0.));
#4924=DIRECTION('ref_axis',(0.,0.,1.));
#4925=DIRECTION('',(0.,0.,-1.));
#4926=DIRECTION('',(0.,0.,1.));
#4927=DIRECTION('center_axis',(-2.45752492430048E-16,-1.,0.));
#4928=DIRECTION('ref_axis',(1.,-2.45752492430048E-16,0.));
#4929=DIRECTION('',(0.,0.,1.));
#4930=DIRECTION('',(0.,0.,-1.));
#4931=DIRECTION('center_axis',(-1.,0.,0.));
#4932=DIRECTION('ref_axis',(0.,0.,1.));
#4933=DIRECTION('',(0.,0.,1.));
#4934=DIRECTION('',(0.,0.,-1.));
#4935=DIRECTION('center_axis',(8.67361737988404E-18,-1.,0.));
#4936=DIRECTION('ref_axis',(1.,8.67361737988404E-18,0.));
#4937=DIRECTION('',(0.,0.,1.));
#4938=DIRECTION('',(0.,0.,-1.));
#4939=DIRECTION('center_axis',(-1.,0.,0.));
#4940=DIRECTION('ref_axis',(0.,0.,1.));
#4941=DIRECTION('',(0.,0.,1.));
#4942=DIRECTION('',(0.,0.,-1.));
#4943=DIRECTION('center_axis',(0.,-1.,0.));
#4944=DIRECTION('ref_axis',(0.,0.,-1.));
#4945=DIRECTION('',(0.,0.,-1.));
#4946=DIRECTION('',(0.,0.,1.));
#4947=DIRECTION('center_axis',(-1.,6.16790569236198E-16,0.));
#4948=DIRECTION('ref_axis',(-6.16790569236198E-16,-1.,0.));
#4949=DIRECTION('',(0.,0.,1.));
#4950=DIRECTION('',(0.,0.,-1.));
#4951=DIRECTION('center_axis',(0.,0.,-1.));
#4952=DIRECTION('ref_axis',(0.00192626982452,0.999998144740561,0.));
#4953=DIRECTION('',(0.,0.,-1.));
#4954=DIRECTION('',(0.,0.,-1.));
#4955=DIRECTION('center_axis',(-0.999998144740561,0.00192626982452059,0.));
#4956=DIRECTION('ref_axis',(-0.00192626982452059,-0.999998144740561,0.));
#4957=DIRECTION('',(0.,0.,-1.));
#4958=DIRECTION('center_axis',(0.999998144740561,-0.00192626982452412,0.));
#4959=DIRECTION('ref_axis',(0.00192626982452412,0.999998144740561,0.));
#4960=DIRECTION('center_axis',(0.,0.,-1.));
#4961=DIRECTION('ref_axis',(-1.,0.,0.));
#4962=DIRECTION('',(0.,0.,-1.));
#4963=DIRECTION('',(0.,0.,-1.));
#4964=DIRECTION('center_axis',(1.,3.52563546841099E-15,0.));
#4965=DIRECTION('ref_axis',(-3.52563546841099E-15,1.,0.));
#4966=DIRECTION('',(0.,0.,-1.));
#4967=DIRECTION('center_axis',(-1.,1.7628177342055E-15,0.));
#4968=DIRECTION('ref_axis',(-1.7628177342055E-15,-1.,0.));
#4969=DIRECTION('',(0.,0.,1.));
#4970=DIRECTION('center_axis',(0.,0.,-1.));
#4971=DIRECTION('ref_axis',(0.00192626982452135,-0.999998144740561,0.));
#4972=DIRECTION('',(0.,0.,-1.));
#4973=DIRECTION('',(0.,0.,-1.));
#4974=DIRECTION('center_axis',(0.999998144740561,0.00192626982452412,0.));
#4975=DIRECTION('ref_axis',(-0.00192626982452412,0.999998144740561,0.));
#4976=DIRECTION('',(0.,0.,-1.));
#4977=DIRECTION('center_axis',(-0.999998144740561,-0.00192626982452059,
0.));
#4978=DIRECTION('ref_axis',(0.00192626982452059,-0.999998144740561,0.));
#4979=DIRECTION('',(0.,0.,1.));
#4980=DIRECTION('center_axis',(0.,0.,-1.));
#4981=DIRECTION('ref_axis',(-1.,0.,0.));
#4982=DIRECTION('',(0.,0.,-1.));
#4983=DIRECTION('',(0.,0.,-1.));
#4984=DIRECTION('center_axis',(-1.,-1.7628177342055E-15,0.));
#4985=DIRECTION('ref_axis',(1.7628177342055E-15,-1.,0.));
#4986=DIRECTION('',(0.,0.,-1.));
#4987=DIRECTION('center_axis',(1.,-3.52563546841099E-15,0.));
#4988=DIRECTION('ref_axis',(3.52563546841099E-15,1.,0.));
#4989=DIRECTION('',(0.,0.,1.));
#4990=DIRECTION('center_axis',(0.,0.,-1.));
#4991=DIRECTION('ref_axis',(-1.,0.,0.));
#4992=DIRECTION('',(0.,0.,-1.));
#4993=DIRECTION('center_axis',(0.,0.,1.));
#4994=DIRECTION('ref_axis',(1.,0.,0.));
#4995=DIRECTION('',(0.,0.,1.));
#4996=DIRECTION('center_axis',(0.,0.,-1.));
#4997=DIRECTION('ref_axis',(-1.,0.,0.));
#4998=DIRECTION('center_axis',(0.,0.,1.));
#4999=DIRECTION('ref_axis',(1.,0.,0.));
#5000=DIRECTION('center_axis',(0.,0.,-1.));
#5001=DIRECTION('ref_axis',(-1.,0.,0.));
#5002=DIRECTION('center_axis',(0.,0.,1.));
#5003=DIRECTION('ref_axis',(1.,0.,0.));
#5004=DIRECTION('center_axis',(0.,0.,1.));
#5005=DIRECTION('ref_axis',(1.,0.,0.));
#5006=DIRECTION('center_axis',(0.,0.,-1.));
#5007=DIRECTION('ref_axis',(-1.,0.,0.));
#5008=DIRECTION('center_axis',(0.,0.,1.));
#5009=DIRECTION('ref_axis',(1.,0.,0.));
#5010=DIRECTION('center_axis',(0.,0.,-1.));
#5011=DIRECTION('ref_axis',(-1.,0.,0.));
#5012=DIRECTION('center_axis',(0.,0.,1.));
#5013=DIRECTION('ref_axis',(1.,0.,0.));
#5014=DIRECTION('center_axis',(0.,0.,1.));
#5015=DIRECTION('ref_axis',(-0.707787492763373,0.706425413676305,0.));
#5016=DIRECTION('center_axis',(0.,0.,-1.));
#5017=DIRECTION('ref_axis',(-1.,0.,0.));
#5018=DIRECTION('center_axis',(0.,0.,-1.));
#5019=DIRECTION('ref_axis',(-1.,0.,0.));
#5020=DIRECTION('center_axis',(0.,0.,1.));
#5021=DIRECTION('ref_axis',(1.,0.,0.));
#5022=DIRECTION('axis',(0.,0.,1.));
#5023=DIRECTION('refdir',(1.,0.,0.));
#5024=DIRECTION('axis',(0.,0.,1.));
#5025=DIRECTION('refdir',(1.,0.,0.));
#5026=DIRECTION('center_axis',(-1.,0.,0.));
#5027=DIRECTION('ref_axis',(0.,0.,1.));
#5028=DIRECTION('',(0.,-1.,0.));
#5029=DIRECTION('',(0.,0.,1.));
#5030=DIRECTION('',(0.,-1.,0.));
#5031=DIRECTION('',(0.,0.,1.));
#5032=DIRECTION('center_axis',(-1.01770443923973E-16,1.,0.));
#5033=DIRECTION('ref_axis',(-1.,-1.01770443923973E-16,0.));
#5034=DIRECTION('',(-1.,-1.01770443923973E-16,0.));
#5035=DIRECTION('',(0.,0.,1.));
#5036=DIRECTION('',(-1.,-1.01770443923973E-16,0.));
#5037=DIRECTION('center_axis',(1.,0.,0.));
#5038=DIRECTION('ref_axis',(0.,0.,-1.));
#5039=DIRECTION('',(0.,1.,0.));
#5040=DIRECTION('',(0.,0.,1.));
#5041=DIRECTION('',(0.,1.,0.));
#5042=DIRECTION('center_axis',(1.34151948808873E-16,-1.,0.));
#5043=DIRECTION('ref_axis',(1.,1.34151948808873E-16,0.));
#5044=DIRECTION('',(1.,1.34151948808873E-16,0.));
#5045=DIRECTION('',(1.,1.34151948808873E-16,0.));
#5046=DIRECTION('center_axis',(0.,0.,-1.));
#5047=DIRECTION('ref_axis',(-1.,0.,0.));
#5048=DIRECTION('center_axis',(0.,0.,-1.));
#5049=DIRECTION('ref_axis',(-1.,0.,0.));
#5050=DIRECTION('axis',(0.,0.,1.));
#5051=DIRECTION('refdir',(1.,0.,0.));
#5052=DIRECTION('center_axis',(0.,0.,1.));
#5053=DIRECTION('ref_axis',(1.,0.,0.));
#5054=DIRECTION('center_axis',(0.,0.,-1.));
#5055=DIRECTION('ref_axis',(-1.,0.,0.));
#5056=DIRECTION('',(0.,0.,1.));
#5057=DIRECTION('center_axis',(0.,0.,1.));
#5058=DIRECTION('ref_axis',(1.,0.,0.));
#5059=DIRECTION('center_axis',(0.,0.,1.));
#5060=DIRECTION('ref_axis',(1.,0.,0.));
#5061=DIRECTION('center_axis',(0.,0.,-1.));
#5062=DIRECTION('ref_axis',(-1.,0.,0.));
#5063=DIRECTION('',(0.,0.,1.));
#5064=DIRECTION('center_axis',(0.,0.,1.));
#5065=DIRECTION('ref_axis',(1.,0.,0.));
#5066=DIRECTION('center_axis',(0.,0.,1.));
#5067=DIRECTION('ref_axis',(1.,0.,0.));
#5068=DIRECTION('center_axis',(0.,0.,-1.));
#5069=DIRECTION('ref_axis',(-1.,0.,0.));
#5070=DIRECTION('',(0.,0.,1.));
#5071=DIRECTION('center_axis',(0.,0.,1.));
#5072=DIRECTION('ref_axis',(1.,0.,0.));
#5073=DIRECTION('center_axis',(0.,0.,1.));
#5074=DIRECTION('ref_axis',(1.,0.,0.));
#5075=DIRECTION('center_axis',(0.,0.,-1.));
#5076=DIRECTION('ref_axis',(-1.,0.,0.));
#5077=DIRECTION('',(0.,0.,1.));
#5078=DIRECTION('center_axis',(0.,0.,1.));
#5079=DIRECTION('ref_axis',(1.,0.,0.));
#5080=DIRECTION('center_axis',(0.,0.,1.));
#5081=DIRECTION('ref_axis',(1.,0.,0.));
#5082=DIRECTION('center_axis',(0.,0.,-1.));
#5083=DIRECTION('ref_axis',(-1.,0.,0.));
#5084=DIRECTION('',(0.,0.,1.));
#5085=DIRECTION('center_axis',(0.,0.,1.));
#5086=DIRECTION('ref_axis',(1.,0.,0.));
#5087=DIRECTION('center_axis',(0.,0.,1.));
#5088=DIRECTION('ref_axis',(1.,0.,0.));
#5089=DIRECTION('center_axis',(0.,0.,-1.));
#5090=DIRECTION('ref_axis',(-1.,0.,0.));
#5091=DIRECTION('',(0.,0.,1.));
#5092=DIRECTION('center_axis',(0.,0.,1.));
#5093=DIRECTION('ref_axis',(1.,0.,0.));
#5094=DIRECTION('center_axis',(0.,0.,1.));
#5095=DIRECTION('ref_axis',(1.,0.,0.));
#5096=DIRECTION('center_axis',(0.,0.,-1.));
#5097=DIRECTION('ref_axis',(-1.,0.,0.));
#5098=DIRECTION('',(0.,0.,1.));
#5099=DIRECTION('center_axis',(0.,0.,1.));
#5100=DIRECTION('ref_axis',(1.,0.,0.));
#5101=DIRECTION('center_axis',(0.,0.,1.));
#5102=DIRECTION('ref_axis',(1.,0.,0.));
#5103=DIRECTION('center_axis',(0.,0.,-1.));
#5104=DIRECTION('ref_axis',(-1.,0.,0.));
#5105=DIRECTION('',(0.,0.,1.));
#5106=DIRECTION('center_axis',(0.,0.,1.));
#5107=DIRECTION('ref_axis',(1.,0.,0.));
#5108=DIRECTION('center_axis',(0.,0.,1.));
#5109=DIRECTION('ref_axis',(1.,0.,0.));
#5110=DIRECTION('center_axis',(0.,0.,-1.));
#5111=DIRECTION('ref_axis',(-1.,0.,0.));
#5112=DIRECTION('',(0.,0.,1.));
#5113=DIRECTION('center_axis',(0.,0.,1.));
#5114=DIRECTION('ref_axis',(1.,0.,0.));
#5115=DIRECTION('center_axis',(0.,0.,1.));
#5116=DIRECTION('ref_axis',(1.,0.,0.));
#5117=DIRECTION('center_axis',(0.,0.,-1.));
#5118=DIRECTION('ref_axis',(-1.,0.,0.));
#5119=DIRECTION('',(0.,0.,1.));
#5120=DIRECTION('center_axis',(0.,0.,1.));
#5121=DIRECTION('ref_axis',(1.,0.,0.));
#5122=DIRECTION('center_axis',(-1.,0.,0.));
#5123=DIRECTION('ref_axis',(0.,0.,1.));
#5124=DIRECTION('',(0.,-1.,0.));
#5125=DIRECTION('',(0.,0.,1.));
#5126=DIRECTION('',(0.,-1.,0.));
#5127=DIRECTION('',(0.,0.,1.));
#5128=DIRECTION('center_axis',(0.,1.,0.));
#5129=DIRECTION('ref_axis',(0.,0.,1.));
#5130=DIRECTION('',(-1.,0.,0.));
#5131=DIRECTION('',(0.,0.,1.));
#5132=DIRECTION('',(-1.,0.,0.));
#5133=DIRECTION('center_axis',(1.,0.,0.));
#5134=DIRECTION('ref_axis',(0.,0.,-1.));
#5135=DIRECTION('',(0.,1.,0.));
#5136=DIRECTION('',(0.,0.,1.));
#5137=DIRECTION('',(0.,1.,0.));
#5138=DIRECTION('center_axis',(0.,-1.,0.));
#5139=DIRECTION('ref_axis',(0.,0.,-1.));
#5140=DIRECTION('',(1.,0.,0.));
#5141=DIRECTION('',(1.,0.,0.));
#5142=DIRECTION('center_axis',(0.,0.,-1.));
#5143=DIRECTION('ref_axis',(-1.,0.,0.));
#5144=DIRECTION('center_axis',(0.,0.,-1.));
#5145=DIRECTION('ref_axis',(-1.,0.,0.));
#5146=DIRECTION('',(1.04739404915704E-14,1.,-6.51349702534549E-18));
#5147=DIRECTION('',(1.,-1.04739404915704E-14,0.));
#5148=DIRECTION('',(1.04739404915704E-14,1.,-6.51349702534549E-18));
#5149=DIRECTION('',(1.,-1.04739404915704E-14,0.));
#5150=DIRECTION('',(1.04739404915704E-14,1.,-6.51349702534549E-18));
#5151=DIRECTION('',(1.,-1.04739404915704E-14,0.));
#5152=DIRECTION('',(-1.04739404915704E-14,-1.,6.51349702534549E-18));
#5153=DIRECTION('',(1.,-1.04739404915704E-14,0.));
#5154=DIRECTION('',(1.04739404915704E-14,1.,-6.51349702534549E-18));
#5155=DIRECTION('',(1.,-1.04739404915704E-14,6.82219802354894E-32));
#5156=DIRECTION('',(2.73361752004204E-17,-1.,6.51349702534271E-18));
#5157=DIRECTION('',(-1.,-2.73361752004204E-17,-1.2490009027033E-16));
#5158=DIRECTION('',(1.04739404915704E-14,1.,-6.51349702534549E-18));
#5159=DIRECTION('',(1.,-1.04739404915704E-14,6.82219802354894E-32));
#5160=DIRECTION('',(1.04739404915704E-14,1.,-6.51349702534549E-18));
#5161=DIRECTION('',(1.,-1.04739404915704E-14,6.82219802354894E-32));
#5162=DIRECTION('',(-1.,1.04739404915704E-14,-6.77927340424307E-32));
#5163=DIRECTION('',(-1.04739404915704E-14,-1.,1.04804539885957E-14));
#5164=CARTESIAN_POINT('',(0.,0.,0.));
#5165=CARTESIAN_POINT('',(0.,0.,0.));
#5166=CARTESIAN_POINT('Origin',(-59.9999999999999,-50.0000000000002,38.));
#5167=CARTESIAN_POINT('',(-57.4999999999999,-50.0000000000002,2.));
#5168=CARTESIAN_POINT('Origin',(-59.9999999999999,-50.0000000000002,2.));
#5169=CARTESIAN_POINT('',(-57.4999999999999,-50.0000000000002,0.));
#5170=CARTESIAN_POINT('',(-57.4999999999999,-50.0000000000002,38.));
#5171=CARTESIAN_POINT('Origin',(-59.9999999999999,-50.0000000000002,0.));
#5172=CARTESIAN_POINT('Origin',(-59.9999999999999,-110.,38.));
#5173=CARTESIAN_POINT('',(-57.4999999999999,-110.,2.));
#5174=CARTESIAN_POINT('Origin',(-59.9999999999999,-110.,2.));
#5175=CARTESIAN_POINT('',(-57.4999999999999,-110.,0.));
#5176=CARTESIAN_POINT('',(-57.4999999999999,-110.,38.));
#5177=CARTESIAN_POINT('Origin',(-59.9999999999999,-110.,0.));
#5178=CARTESIAN_POINT('Origin',(-120.,-110.,38.));
#5179=CARTESIAN_POINT('',(-117.5,-110.,2.));
#5180=CARTESIAN_POINT('Origin',(-120.,-110.,2.));
#5181=CARTESIAN_POINT('',(-117.5,-110.,0.));
#5182=CARTESIAN_POINT('',(-117.5,-110.,38.));
#5183=CARTESIAN_POINT('Origin',(-120.,-110.,0.));
#5184=CARTESIAN_POINT('Origin',(-120.,-50.0000000000002,38.));
#5185=CARTESIAN_POINT('',(-117.5,-50.0000000000002,2.));
#5186=CARTESIAN_POINT('Origin',(-120.,-50.0000000000002,2.));
#5187=CARTESIAN_POINT('',(-117.5,-50.0000000000002,0.));
#5188=CARTESIAN_POINT('',(-117.5,-50.0000000000002,38.));
#5189=CARTESIAN_POINT('Origin',(-120.,-50.0000000000002,0.));
#5190=CARTESIAN_POINT('Origin',(-89.9999999999999,-80.0000000000001,-8.));
#5191=CARTESIAN_POINT('',(-93.9999999999999,-80.0000000000001,0.));
#5192=CARTESIAN_POINT('Origin',(-89.9999999999999,-80.0000000000001,0.));
#5193=CARTESIAN_POINT('',(-93.9999999999999,-80.0000000000001,2.));
#5194=CARTESIAN_POINT('',(-93.9999999999999,-80.0000000000001,-8.));
#5195=CARTESIAN_POINT('Origin',(-89.9999999999999,-80.0000000000001,2.));
#5196=CARTESIAN_POINT('Origin',(-165.,-80.,132.000000000001));
#5197=CARTESIAN_POINT('',(-168.399999999986,-80.,2.00000000000003));
#5198=CARTESIAN_POINT('Origin',(-165.,-80.,2.));
#5199=CARTESIAN_POINT('',(-168.399999999986,-80.,0.));
#5200=CARTESIAN_POINT('',(-168.399999999986,-80.,132.000000000001));
#5201=CARTESIAN_POINT('Origin',(-165.,-80.,0.));
#5202=CARTESIAN_POINT('Origin',(-14.9999999999999,-80.0000000000002,132.000000000001));
#5203=CARTESIAN_POINT('',(-11.6000000000139,-80.0000000000002,2.00000000000003));
#5204=CARTESIAN_POINT('Origin',(-14.9999999999999,-80.0000000000002,2.));
#5205=CARTESIAN_POINT('',(-11.6000000000139,-80.0000000000002,1.77635683940025E-14));
#5206=CARTESIAN_POINT('',(-11.6000000000139,-80.0000000000002,132.000000000001));
#5207=CARTESIAN_POINT('Origin',(-14.9999999999999,-80.0000000000002,0.));
#5208=CARTESIAN_POINT('Origin',(-15.,-114.5,132.000000000001));
#5209=CARTESIAN_POINT('',(-18.399999999986,-114.5,2.));
#5210=CARTESIAN_POINT('',(-11.600000000014,-114.5,2.));
#5211=CARTESIAN_POINT('Origin',(-15.,-114.5,2.));
#5212=CARTESIAN_POINT('',(-18.399999999986,-114.5,0.));
#5213=CARTESIAN_POINT('',(-18.399999999986,-114.5,20.));
#5214=CARTESIAN_POINT('',(-11.600000000014,-114.5,0.));
#5215=CARTESIAN_POINT('Origin',(-15.,-114.5,0.));
#5216=CARTESIAN_POINT('',(-11.600000000014,-114.5,20.));
#5217=CARTESIAN_POINT('Origin',(-164.999999999999,-45.4999999999993,132.000000000001));
#5218=CARTESIAN_POINT('',(-161.600000000014,-45.5,2.));
#5219=CARTESIAN_POINT('',(-168.399999999986,-45.5,2.));
#5220=CARTESIAN_POINT('Origin',(-164.999999999999,-45.4999999999993,2.));
#5221=CARTESIAN_POINT('',(-161.600000000014,-45.5,0.));
#5222=CARTESIAN_POINT('',(-161.600000000014,-45.5,20.));
#5223=CARTESIAN_POINT('',(-168.399999999986,-45.5,0.));
#5224=CARTESIAN_POINT('Origin',(-164.999999999999,-45.4999999999993,0.));
#5225=CARTESIAN_POINT('',(-168.399999999986,-45.5,20.));
#5226=CARTESIAN_POINT('Origin',(-14.9999999999999,-45.5000000000001,132.000000000001));
#5227=CARTESIAN_POINT('',(-11.600000000014,-45.5,2.));
#5228=CARTESIAN_POINT('',(-18.399999999986,-45.5,2.));
#5229=CARTESIAN_POINT('Origin',(-14.9999999999999,-45.5000000000001,2.));
#5230=CARTESIAN_POINT('',(-11.600000000014,-45.5,0.));
#5231=CARTESIAN_POINT('',(-11.600000000014,-45.5,20.));
#5232=CARTESIAN_POINT('',(-18.399999999986,-45.5,0.));
#5233=CARTESIAN_POINT('Origin',(-14.9999999999999,-45.5000000000001,0.));
#5234=CARTESIAN_POINT('',(-18.399999999986,-45.5,20.));
#5235=CARTESIAN_POINT('Origin',(-165.,-114.5,132.000000000001));
#5236=CARTESIAN_POINT('',(-168.399999999986,-114.5,2.));
#5237=CARTESIAN_POINT('',(-161.600000000014,-114.5,2.));
#5238=CARTESIAN_POINT('Origin',(-165.,-114.5,2.));
#5239=CARTESIAN_POINT('',(-168.399999999986,-114.5,0.));
#5240=CARTESIAN_POINT('',(-168.399999999986,-114.5,20.));
#5241=CARTESIAN_POINT('',(-161.600000000014,-114.5,0.));
#5242=CARTESIAN_POINT('Origin',(-165.,-114.5,0.));
#5243=CARTESIAN_POINT('',(-161.600000000014,-114.5,20.));
#5244=CARTESIAN_POINT('Origin',(1.60745651291974E-13,-40.0000000000001,
10.));
#5245=CARTESIAN_POINT('',(-7.99999999999983,-40.0000000000001,0.));
#5246=CARTESIAN_POINT('',(-11.600000000014,-40.0000000000001,0.));
#5247=CARTESIAN_POINT('',(1.60745651291974E-13,-40.0000000000001,0.));
#5248=CARTESIAN_POINT('',(-11.600000000014,-40.0000000000001,2.));
#5249=CARTESIAN_POINT('',(-11.600000000014,-40.0000000000001,10.));
#5250=CARTESIAN_POINT('',(-7.99999999999983,-40.0000000000001,2.));
#5251=CARTESIAN_POINT('',(0.,-40.0000000000001,2.));
#5252=CARTESIAN_POINT('',(-7.99999999999983,-40.0000000000001,10.));
#5253=CARTESIAN_POINT('Origin',(1.60745651291974E-13,-40.0000000000001,
10.));
#5254=CARTESIAN_POINT('',(-161.600000000014,-40.0000000000001,2.));
#5255=CARTESIAN_POINT('',(-18.399999999986,-40.0000000000001,2.));
#5256=CARTESIAN_POINT('',(0.,-40.0000000000001,2.));
#5257=CARTESIAN_POINT('',(-18.399999999986,-40.0000000000001,0.));
#5258=CARTESIAN_POINT('',(-18.399999999986,-40.0000000000001,10.));
#5259=CARTESIAN_POINT('',(-161.600000000014,-40.0000000000001,0.));
#5260=CARTESIAN_POINT('',(1.60745651291974E-13,-40.0000000000001,0.));
#5261=CARTESIAN_POINT('',(-161.600000000014,-40.0000000000001,10.));
#5262=CARTESIAN_POINT('Origin',(1.60745651291974E-13,-120.,10.));
#5263=CARTESIAN_POINT('',(-168.399999999986,-120.,2.));
#5264=CARTESIAN_POINT('',(-168.399999999986,-120.,0.));
#5265=CARTESIAN_POINT('',(-168.399999999986,-120.,10.));
#5266=CARTESIAN_POINT('',(-172.,-120.,2.));
#5267=CARTESIAN_POINT('',(0.,-120.,2.));
#5268=CARTESIAN_POINT('',(-172.,-120.,0.));
#5269=CARTESIAN_POINT('',(-172.,-120.,0.));
#5270=CARTESIAN_POINT('',(1.60745651291974E-13,-120.,0.));
#5271=CARTESIAN_POINT('Origin',(1.60745651291974E-13,-120.,10.));
#5272=CARTESIAN_POINT('',(-161.600000000014,-120.,0.));
#5273=CARTESIAN_POINT('',(-161.600000000014,-120.,2.));
#5274=CARTESIAN_POINT('',(-161.600000000014,-120.,10.));
#5275=CARTESIAN_POINT('',(-18.399999999986,-120.,0.));
#5276=CARTESIAN_POINT('',(1.60745651291974E-13,-120.,0.));
#5277=CARTESIAN_POINT('',(-18.399999999986,-120.,2.));
#5278=CARTESIAN_POINT('',(-18.399999999986,-120.,10.));
#5279=CARTESIAN_POINT('',(0.,-120.,2.));
#5280=CARTESIAN_POINT('Origin',(0.,0.,2.));
#5281=CARTESIAN_POINT('',(-11.600000000014,0.,2.));
#5282=CARTESIAN_POINT('',(-18.399999999986,0.,2.));
#5283=CARTESIAN_POINT('',(-161.600000000014,0.,2.));
#5284=CARTESIAN_POINT('',(-168.399999999986,-40.0000000000001,2.));
#5285=CARTESIAN_POINT('',(-168.399999999986,0.,2.));
#5286=CARTESIAN_POINT('',(-172.,-40.0000000000001,2.));
#5287=CARTESIAN_POINT('',(0.,-40.0000000000001,2.));
#5288=CARTESIAN_POINT('',(-180.,-48.,2.));
#5289=CARTESIAN_POINT('Origin',(-172.,-48.,2.));
#5290=CARTESIAN_POINT('',(-180.,-112.,2.));
#5291=CARTESIAN_POINT('',(-180.,9.99999999999998,2.));
#5292=CARTESIAN_POINT('Origin',(-172.,-112.,2.));
#5293=CARTESIAN_POINT('',(-168.399999999986,0.,2.));
#5294=CARTESIAN_POINT('',(-161.600000000014,0.,2.));
#5295=CARTESIAN_POINT('',(-18.399999999986,0.,2.));
#5296=CARTESIAN_POINT('',(-11.600000000014,-120.,2.));
#5297=CARTESIAN_POINT('',(-11.600000000014,0.,2.));
#5298=CARTESIAN_POINT('',(-7.99999999999983,-120.,2.));
#5299=CARTESIAN_POINT('',(0.,-120.,2.));
#5300=CARTESIAN_POINT('',(1.66533453693773E-13,-112.,2.));
#5301=CARTESIAN_POINT('Origin',(-7.99999999999983,-112.,2.));
#5302=CARTESIAN_POINT('',(1.66533453693773E-13,-48.,2.));
#5303=CARTESIAN_POINT('',(1.66533453693773E-13,9.99999999999998,2.));
#5304=CARTESIAN_POINT('Origin',(-7.99999999999983,-48.,2.));
#5305=CARTESIAN_POINT('Origin',(0.,0.,0.));
#5306=CARTESIAN_POINT('',(-11.600000000014,0.,0.));
#5307=CARTESIAN_POINT('',(1.66533453693773E-13,-48.,0.));
#5308=CARTESIAN_POINT('Origin',(-7.99999999999983,-48.,0.));
#5309=CARTESIAN_POINT('',(1.66533453693773E-13,-112.,0.));
#5310=CARTESIAN_POINT('',(1.66533453693773E-13,9.99999999999998,0.));
#5311=CARTESIAN_POINT('',(-7.99999999999983,-120.,0.));
#5312=CARTESIAN_POINT('Origin',(-7.99999999999983,-112.,0.));
#5313=CARTESIAN_POINT('',(-11.600000000014,-120.,0.));
#5314=CARTESIAN_POINT('',(1.60745651291974E-13,-120.,0.));
#5315=CARTESIAN_POINT('',(-11.600000000014,0.,0.));
#5316=CARTESIAN_POINT('',(-18.399999999986,0.,0.));
#5317=CARTESIAN_POINT('',(-161.600000000014,0.,0.));
#5318=CARTESIAN_POINT('',(-168.399999999986,0.,0.));
#5319=CARTESIAN_POINT('',(-180.,-112.,0.));
#5320=CARTESIAN_POINT('Origin',(-172.,-112.,0.));
#5321=CARTESIAN_POINT('',(-180.,-48.,0.));
#5322=CARTESIAN_POINT('',(-180.,9.99999999999998,0.));
#5323=CARTESIAN_POINT('',(-172.,-40.0000000000001,0.));
#5324=CARTESIAN_POINT('Origin',(-172.,-48.,0.));
#5325=CARTESIAN_POINT('',(-168.399999999986,-40.0000000000001,0.));
#5326=CARTESIAN_POINT('',(1.60745651291974E-13,-40.0000000000001,0.));
#5327=CARTESIAN_POINT('',(-168.399999999986,0.,0.));
#5328=CARTESIAN_POINT('',(-161.600000000014,0.,0.));
#5329=CARTESIAN_POINT('',(-18.399999999986,0.,0.));
#5330=CARTESIAN_POINT('Origin',(1.66533453693773E-13,9.99999999999998,2.));
#5331=CARTESIAN_POINT('',(1.66533453693773E-13,-48.,2.));
#5332=CARTESIAN_POINT('',(1.66533453693773E-13,-112.,0.));
#5333=CARTESIAN_POINT('Origin',(-180.,9.99999999999998,2.));
#5334=CARTESIAN_POINT('',(-180.,-48.,2.));
#5335=CARTESIAN_POINT('',(-180.,-112.,2.));
#5336=CARTESIAN_POINT('Origin',(1.60745651291974E-13,-40.0000000000001,
10.));
#5337=CARTESIAN_POINT('',(-168.399999999986,-40.0000000000001,10.));
#5338=CARTESIAN_POINT('',(-172.,-40.0000000000001,10.));
#5339=CARTESIAN_POINT('Origin',(1.60745651291974E-13,-120.,10.));
#5340=CARTESIAN_POINT('',(-11.600000000014,-120.,10.));
#5341=CARTESIAN_POINT('',(-7.99999999999983,-120.,2.));
#5342=CARTESIAN_POINT('Origin',(-172.,-48.,2.));
#5343=CARTESIAN_POINT('Origin',(-7.99999999999983,-48.,10.));
#5344=CARTESIAN_POINT('Origin',(-7.99999999999983,-112.,2.));
#5345=CARTESIAN_POINT('Origin',(-172.,-112.,10.));
#5346=CARTESIAN_POINT('Origin',(-11.600000000014,-114.5,20.));
#5347=CARTESIAN_POINT('Origin',(-18.399999999986,-114.5,20.));
#5348=CARTESIAN_POINT('Origin',(-161.600000000014,-114.5,20.));
#5349=CARTESIAN_POINT('Origin',(-168.399999999986,-114.5,20.));
#5350=CARTESIAN_POINT('Origin',(-168.399999999986,-45.5,20.));
#5351=CARTESIAN_POINT('Origin',(-161.600000000014,-45.5,20.));
#5352=CARTESIAN_POINT('Origin',(-18.399999999986,-45.5,20.));
#5353=CARTESIAN_POINT('Origin',(-11.600000000014,-45.5,20.));
#5354=CARTESIAN_POINT('',(0.,0.,0.));
#5355=CARTESIAN_POINT('Origin',(-22.9999999999964,2.77555756156289E-14,
9.65807295250087E-13));
#5356=CARTESIAN_POINT('',(-22.9999999999964,4.19999999999995,9.65807295250087E-13));
#5357=CARTESIAN_POINT('',(-22.9999999999964,-4.19999999999993,0.));
#5358=CARTESIAN_POINT('Origin',(-22.9999999999964,2.77555756156289E-14,
9.65807295250087E-13));
#5359=CARTESIAN_POINT('',(-22.9999999999964,-4.19999999999993,2.00000000000097));
#5360=CARTESIAN_POINT('',(-22.9999999999964,-4.19999999999993,9.65807295250087E-13));
#5361=CARTESIAN_POINT('',(-22.9999999999964,4.19999999999995,2.00000000000097));
#5362=CARTESIAN_POINT('Origin',(-22.9999999999964,2.77555756156289E-14,
2.00000000000097));
#5363=CARTESIAN_POINT('',(-22.9999999999964,4.19999999999995,9.65807295250087E-13));
#5364=CARTESIAN_POINT('Origin',(20.0000000000036,2.77555756156289E-14,5.14345510627123E-13));
#5365=CARTESIAN_POINT('',(11.0000000000036,2.66533934963963E-14,6.0885700062806E-13));
#5366=CARTESIAN_POINT('Origin',(20.0000000000036,2.77555756156289E-14,5.14345510627123E-13));
#5367=CARTESIAN_POINT('',(11.0000000000036,2.66533934963963E-14,2.00000000000061));
#5368=CARTESIAN_POINT('',(11.0000000000036,2.66533934963963E-14,6.0885700062806E-13));
#5369=CARTESIAN_POINT('Origin',(20.0000000000037,2.77555756156289E-14,2.00000000000051));
#5370=CARTESIAN_POINT('Origin',(120.,15.,2.));
#5371=CARTESIAN_POINT('',(120.,6.19999999999996,2.));
#5372=CARTESIAN_POINT('',(120.,13.,2.));
#5373=CARTESIAN_POINT('',(120.,15.,2.));
#5374=CARTESIAN_POINT('',(120.,6.19999999999996,0.));
#5375=CARTESIAN_POINT('',(120.,6.19999999999996,-5.36029554076833E-13));
#5376=CARTESIAN_POINT('',(120.,13.,0.));
#5377=CARTESIAN_POINT('',(120.,15.,0.));
#5378=CARTESIAN_POINT('',(120.,13.,2.));
#5379=CARTESIAN_POINT('Origin',(120.,15.,2.));
#5380=CARTESIAN_POINT('',(120.,-13.,2.));
#5381=CARTESIAN_POINT('',(120.,-6.20000000000002,2.));
#5382=CARTESIAN_POINT('',(120.,15.,2.));
#5383=CARTESIAN_POINT('',(120.,-13.,0.));
#5384=CARTESIAN_POINT('',(120.,-13.,2.));
#5385=CARTESIAN_POINT('',(120.,-6.20000000000002,0.));
#5386=CARTESIAN_POINT('',(120.,15.,0.));
#5387=CARTESIAN_POINT('',(120.,-6.20000000000002,1.99999999999946));
#5388=CARTESIAN_POINT('Origin',(-120.,14.9999999999999,2.));
#5389=CARTESIAN_POINT('',(118.,15.,2.));
#5390=CARTESIAN_POINT('',(-70.,15.,2.));
#5391=CARTESIAN_POINT('',(-120.,14.9999999999999,2.));
#5392=CARTESIAN_POINT('',(118.,15.,0.));
#5393=CARTESIAN_POINT('',(118.,15.,2.));
#5394=CARTESIAN_POINT('',(-70.,15.,0.));
#5395=CARTESIAN_POINT('',(-120.,14.9999999999999,0.));
#5396=CARTESIAN_POINT('',(-70.,15.,2.));
#5397=CARTESIAN_POINT('Origin',(-120.,-15.,2.));
#5398=CARTESIAN_POINT('',(-120.,45.,0.));
#5399=CARTESIAN_POINT('',(-120.,-45.,0.));
#5400=CARTESIAN_POINT('',(-120.,-15.,0.));
#5401=CARTESIAN_POINT('',(-120.,-45.,2.));
#5402=CARTESIAN_POINT('',(-120.,-45.,2.));
#5403=CARTESIAN_POINT('',(-120.,45.,2.));
#5404=CARTESIAN_POINT('',(-120.,-15.,2.));
#5405=CARTESIAN_POINT('',(-120.,45.,0.));
#5406=CARTESIAN_POINT('Origin',(-120.,-15.,2.));
#5407=CARTESIAN_POINT('',(-70.,-15.,0.));
#5408=CARTESIAN_POINT('',(118.,-15.,0.));
#5409=CARTESIAN_POINT('',(-120.,-15.,0.));
#5410=CARTESIAN_POINT('',(118.,-15.,2.));
#5411=CARTESIAN_POINT('',(118.,-15.,2.));
#5412=CARTESIAN_POINT('',(-70.,-15.,2.));
#5413=CARTESIAN_POINT('',(-120.,-15.,2.));
#5414=CARTESIAN_POINT('',(-70.,-15.,2.));
#5415=CARTESIAN_POINT('Origin',(0.,0.,2.));
#5416=CARTESIAN_POINT('Origin',(118.,-13.,2.));
#5417=CARTESIAN_POINT('',(118.,-4.20000000000002,1.99999999999948));
#5418=CARTESIAN_POINT('Origin',(118.,-6.20000000000002,2.));
#5419=CARTESIAN_POINT('',(95.0000000000036,-4.20000000000009,1.99999999999973));
#5420=CARTESIAN_POINT('',(120.,-4.20000000000001,1.99999999999946));
#5421=CARTESIAN_POINT('',(95.0000000000036,4.19999999999995,1.99999999999973));
#5422=CARTESIAN_POINT('Origin',(95.0000000000037,-8.32667268468867E-14,
1.99999999999973));
#5423=CARTESIAN_POINT('',(118.,4.19999999999996,1.99999999999948));
#5424=CARTESIAN_POINT('',(120.,4.19999999999995,1.99999999999946));
#5425=CARTESIAN_POINT('Origin',(118.,6.19999999999996,2.));
#5426=CARTESIAN_POINT('Origin',(118.,13.,2.));
#5427=CARTESIAN_POINT('',(-70.,45.,2.));
#5428=CARTESIAN_POINT('',(-70.,-55.,2.));
#5429=CARTESIAN_POINT('',(-80.,55.,2.));
#5430=CARTESIAN_POINT('Origin',(-80.,45.,2.));
#5431=CARTESIAN_POINT('',(-110.,55.,2.));
#5432=CARTESIAN_POINT('',(-120.,55.,2.));
#5433=CARTESIAN_POINT('Origin',(-110.,45.,2.));
#5434=CARTESIAN_POINT('',(-110.,-55.,2.));
#5435=CARTESIAN_POINT('Origin',(-110.,-45.,2.));
#5436=CARTESIAN_POINT('',(-80.,-55.,2.));
#5437=CARTESIAN_POINT('',(-120.,-55.,2.));
#5438=CARTESIAN_POINT('',(-70.,-45.,2.));
#5439=CARTESIAN_POINT('Origin',(-80.,-45.,2.));
#5440=CARTESIAN_POINT('',(-70.,-55.,2.));
#5441=CARTESIAN_POINT('',(-54.9999999999964,-4.20000000000001,2.));
#5442=CARTESIAN_POINT('',(-54.9999999999964,-4.20000000000001,2.0000000000013));
#5443=CARTESIAN_POINT('',(-54.9999999999964,4.19999999999995,2.0000000000013));
#5444=CARTESIAN_POINT('Origin',(-54.9999999999964,-2.77555756156289E-14,
2.0000000000013));
#5445=CARTESIAN_POINT('',(-54.9999999999964,4.19999999999995,2.0000000000013));
#5446=CARTESIAN_POINT('',(-111.,35.,2.));
#5447=CARTESIAN_POINT('',(-111.,-35.,2.));
#5448=CARTESIAN_POINT('',(-111.,-45.,2.));
#5449=CARTESIAN_POINT('',(-101.,45.,2.));
#5450=CARTESIAN_POINT('Origin',(-101.,35.,2.));
#5451=CARTESIAN_POINT('',(-89.,45.,2.));
#5452=CARTESIAN_POINT('',(-79.,45.,2.));
#5453=CARTESIAN_POINT('',(-79.,35.,2.));
#5454=CARTESIAN_POINT('Origin',(-89.,35.,2.));
#5455=CARTESIAN_POINT('',(-79.,-35.,2.));
#5456=CARTESIAN_POINT('',(-79.,-45.,2.));
#5457=CARTESIAN_POINT('',(-89.,-45.,2.));
#5458=CARTESIAN_POINT('Origin',(-89.,-35.,2.));
#5459=CARTESIAN_POINT('',(-101.,-45.,2.));
#5460=CARTESIAN_POINT('',(-79.,-45.,2.));
#5461=CARTESIAN_POINT('Origin',(-101.,-35.,2.));
#5462=CARTESIAN_POINT('Origin',(0.,0.,0.));
#5463=CARTESIAN_POINT('Origin',(118.,-13.,0.));
#5464=CARTESIAN_POINT('',(-70.,-45.,0.));
#5465=CARTESIAN_POINT('',(-70.,-55.,0.));
#5466=CARTESIAN_POINT('',(-80.,-55.,0.));
#5467=CARTESIAN_POINT('Origin',(-80.,-45.,0.));
#5468=CARTESIAN_POINT('',(-110.,-55.,0.));
#5469=CARTESIAN_POINT('',(-120.,-55.,0.));
#5470=CARTESIAN_POINT('Origin',(-110.,-45.,0.));
#5471=CARTESIAN_POINT('',(-110.,55.,0.));
#5472=CARTESIAN_POINT('Origin',(-110.,45.,0.));
#5473=CARTESIAN_POINT('',(-80.,55.,0.));
#5474=CARTESIAN_POINT('',(-120.,55.,0.));
#5475=CARTESIAN_POINT('',(-70.,45.,0.));
#5476=CARTESIAN_POINT('Origin',(-80.,45.,0.));
#5477=CARTESIAN_POINT('',(-70.,-55.,0.));
#5478=CARTESIAN_POINT('Origin',(118.,13.,0.));
#5479=CARTESIAN_POINT('',(118.,4.19999999999996,-5.15004705547991E-13));
#5480=CARTESIAN_POINT('Origin',(118.,6.19999999999996,0.));
#5481=CARTESIAN_POINT('',(95.0000000000036,4.19999999999995,-2.73218947466347E-13));
#5482=CARTESIAN_POINT('',(120.,4.19999999999995,-5.36029554076833E-13));
#5483=CARTESIAN_POINT('',(95.0000000000036,-4.20000000000012,0.));
#5484=CARTESIAN_POINT('Origin',(95.0000000000036,-8.32667268468867E-14,
-2.73218947466347E-13));
#5485=CARTESIAN_POINT('',(118.,-4.20000000000002,-5.15004705547991E-13));
#5486=CARTESIAN_POINT('',(120.,-4.20000000000001,-5.36029554076833E-13));
#5487=CARTESIAN_POINT('Origin',(118.,-6.20000000000002,0.));
#5488=CARTESIAN_POINT('',(-79.,-35.,0.));
#5489=CARTESIAN_POINT('',(-79.,35.,0.));
#5490=CARTESIAN_POINT('',(-79.,-45.,0.));
#5491=CARTESIAN_POINT('',(-89.,45.,0.));
#5492=CARTESIAN_POINT('Origin',(-89.,35.,0.));
#5493=CARTESIAN_POINT('',(-101.,45.,0.));
#5494=CARTESIAN_POINT('',(-79.,45.,0.));
#5495=CARTESIAN_POINT('',(-111.,35.,0.));
#5496=CARTESIAN_POINT('Origin',(-101.,35.,0.));
#5497=CARTESIAN_POINT('',(-111.,-35.,0.));
#5498=CARTESIAN_POINT('',(-111.,-45.,0.));
#5499=CARTESIAN_POINT('',(-101.,-45.,0.));
#5500=CARTESIAN_POINT('Origin',(-101.,-35.,0.));
#5501=CARTESIAN_POINT('',(-89.,-45.,0.));
#5502=CARTESIAN_POINT('',(-79.,-45.,0.));
#5503=CARTESIAN_POINT('Origin',(-89.,-35.,0.));
#5504=CARTESIAN_POINT('',(-54.9999999999964,-4.20000000000001,1.30190996872059E-12));
#5505=CARTESIAN_POINT('',(-54.9999999999964,4.19999999999995,1.30190996872059E-12));
#5506=CARTESIAN_POINT('Origin',(-54.9999999999964,-2.77555756156289E-14,
1.30190996872059E-12));
#5507=CARTESIAN_POINT('',(-54.9999999999964,-4.20000000000001,1.30190996872059E-12));
#5508=CARTESIAN_POINT('',(-54.9999999999964,4.19999999999995,1.30190996872059E-12));
#5509=CARTESIAN_POINT('Origin',(120.,4.19999999999995,-5.36029554076833E-13));
#5510=CARTESIAN_POINT('',(118.,4.19999999999996,1.99999999999946));
#5511=CARTESIAN_POINT('',(95.0000000000036,4.19999999999995,-2.73218947466347E-13));
#5512=CARTESIAN_POINT('Origin',(120.,-4.20000000000001,-5.36029554076833E-13));
#5513=CARTESIAN_POINT('',(118.,-4.20000000000002,-5.36029554076833E-13));
#5514=CARTESIAN_POINT('',(95.0000000000036,-4.20000000000009,-2.73218947466347E-13));
#5515=CARTESIAN_POINT('Origin',(95.0000000000036,-8.32667268468867E-14,
-2.73218947466347E-13));
#5516=CARTESIAN_POINT('Origin',(-54.9999999999964,-2.77555756156289E-14,
1.30190996872059E-12));
#5517=CARTESIAN_POINT('',(-54.9999999999964,-4.20000000000001,1.30190996872059E-12));
#5518=CARTESIAN_POINT('',(-54.9999999999964,4.19999999999995,1.30190996872059E-12));
#5519=CARTESIAN_POINT('Origin',(-54.9999999999964,4.19999999999995,1.30190996872059E-12));
#5520=CARTESIAN_POINT('Origin',(-54.9999999999964,-4.20000000000001,1.30190996872059E-12));
#5521=CARTESIAN_POINT('Origin',(-120.,-55.,0.));
#5522=CARTESIAN_POINT('',(-80.,-55.,0.));
#5523=CARTESIAN_POINT('',(-110.,-55.,0.));
#5524=CARTESIAN_POINT('Origin',(-70.,-55.,0.));
#5525=CARTESIAN_POINT('',(-70.,-45.,0.));
#5526=CARTESIAN_POINT('Origin',(-70.,-55.,0.));
#5527=CARTESIAN_POINT('',(-70.,45.,0.));
#5528=CARTESIAN_POINT('Origin',(-120.,55.,0.));
#5529=CARTESIAN_POINT('',(-110.,55.,2.));
#5530=CARTESIAN_POINT('',(-80.,55.,0.));
#5531=CARTESIAN_POINT('Origin',(-111.,-45.,0.));
#5532=CARTESIAN_POINT('',(-111.,-35.,0.));
#5533=CARTESIAN_POINT('',(-111.,35.,2.));
#5534=CARTESIAN_POINT('Origin',(-79.,45.,0.));
#5535=CARTESIAN_POINT('',(-89.,45.,2.));
#5536=CARTESIAN_POINT('',(-101.,45.,0.));
#5537=CARTESIAN_POINT('Origin',(-79.,-45.,0.));
#5538=CARTESIAN_POINT('',(-79.,-35.,2.));
#5539=CARTESIAN_POINT('',(-79.,35.,0.));
#5540=CARTESIAN_POINT('Origin',(-79.,-45.,0.));
#5541=CARTESIAN_POINT('',(-89.,-45.,0.));
#5542=CARTESIAN_POINT('',(-101.,-45.,2.));
#5543=CARTESIAN_POINT('Origin',(-89.,-35.,0.));
#5544=CARTESIAN_POINT('Origin',(-101.,-35.,0.));
#5545=CARTESIAN_POINT('Origin',(-89.,35.,0.));
#5546=CARTESIAN_POINT('Origin',(-101.,35.,0.));
#5547=CARTESIAN_POINT('Origin',(-80.,-45.,0.));
#5548=CARTESIAN_POINT('Origin',(-110.,-45.,2.));
#5549=CARTESIAN_POINT('Origin',(-110.,45.,0.));
#5550=CARTESIAN_POINT('Origin',(-80.,45.,0.));
#5551=CARTESIAN_POINT('Origin',(118.,-13.,2.));
#5552=CARTESIAN_POINT('Origin',(118.,-6.20000000000002,2.));
#5553=CARTESIAN_POINT('Origin',(118.,6.19999999999996,-5.36029554076833E-13));
#5554=CARTESIAN_POINT('Origin',(118.,13.,2.));
#5555=CARTESIAN_POINT('',(0.,0.,0.));
#5556=CARTESIAN_POINT('Origin',(-90.0000000000001,-80.,-23.));
#5557=CARTESIAN_POINT('',(-84.0000000000001,-80.,-23.));
#5558=CARTESIAN_POINT('Origin',(-90.0000000000001,-80.,-23.));
#5559=CARTESIAN_POINT('',(-77.,-80.,-30.));
#5560=CARTESIAN_POINT('',(-84.0000000000001,-80.,-23.));
#5561=CARTESIAN_POINT('Origin',(-90.0000000000001,-80.,-30.));
#5562=CARTESIAN_POINT('Origin',(-90.0000000000001,-80.,-10.));
#5563=CARTESIAN_POINT('',(-84.0000000000001,-80.,-10.));
#5564=CARTESIAN_POINT('Origin',(-90.0000000000001,-80.,-10.));
#5565=CARTESIAN_POINT('',(-84.0000000000001,-80.,-10.));
#5566=CARTESIAN_POINT('Origin',(-90.0000000000001,-80.,-30.));
#5567=CARTESIAN_POINT('',(-104.975,-80.,-10.));
#5568=CARTESIAN_POINT('Origin',(-90.0000000000001,-80.,-10.));
#5569=CARTESIAN_POINT('',(-104.975,-80.,-30.));
#5570=CARTESIAN_POINT('',(-104.975,-80.,-30.));
#5571=CARTESIAN_POINT('Origin',(-90.0000000000001,-80.,-30.));
#5572=CARTESIAN_POINT('Origin',(-15.0000000000001,-114.5,-10.));
#5573=CARTESIAN_POINT('',(-18.3999999999861,-114.5,-10.));
#5574=CARTESIAN_POINT('Origin',(-15.0000000000001,-114.5,-10.));
#5575=CARTESIAN_POINT('',(-18.3999999999861,-114.5,0.));
#5576=CARTESIAN_POINT('',(-18.3999999999861,-114.5,-10.));
#5577=CARTESIAN_POINT('Origin',(-15.0000000000001,-114.5,0.));
#5578=CARTESIAN_POINT('Origin',(-60.0000000000001,-110.,-10.));
#5579=CARTESIAN_POINT('',(-62.5000000000001,-110.,-10.));
#5580=CARTESIAN_POINT('Origin',(-60.0000000000001,-110.,-10.));
#5581=CARTESIAN_POINT('',(-62.5000000000001,-110.,0.));
#5582=CARTESIAN_POINT('',(-62.5000000000001,-110.,-10.));
#5583=CARTESIAN_POINT('Origin',(-60.0000000000001,-110.,0.));
#5584=CARTESIAN_POINT('Origin',(-60.0000000000001,-50.,-10.));
#5585=CARTESIAN_POINT('',(-62.5000000000001,-50.,-10.));
#5586=CARTESIAN_POINT('Origin',(-60.0000000000001,-50.,-10.));
#5587=CARTESIAN_POINT('',(-62.5000000000001,-50.,0.));
#5588=CARTESIAN_POINT('',(-62.5000000000001,-50.,-10.));
#5589=CARTESIAN_POINT('Origin',(-60.0000000000001,-50.,0.));
#5590=CARTESIAN_POINT('Origin',(-165.,-114.5,-10.));
#5591=CARTESIAN_POINT('',(-168.399999999986,-114.5,-10.));
#5592=CARTESIAN_POINT('Origin',(-165.,-114.5,-10.));
#5593=CARTESIAN_POINT('',(-168.399999999986,-114.5,0.));
#5594=CARTESIAN_POINT('',(-168.399999999986,-114.5,-10.));
#5595=CARTESIAN_POINT('Origin',(-165.,-114.5,0.));
#5596=CARTESIAN_POINT('Origin',(-120.,-110.,-10.));
#5597=CARTESIAN_POINT('',(-122.5,-110.,-10.));
#5598=CARTESIAN_POINT('Origin',(-120.,-110.,-10.));
#5599=CARTESIAN_POINT('',(-122.5,-110.,0.));
#5600=CARTESIAN_POINT('',(-122.5,-110.,-10.));
#5601=CARTESIAN_POINT('Origin',(-120.,-110.,0.));
#5602=CARTESIAN_POINT('Origin',(-120.,-50.,-10.));
#5603=CARTESIAN_POINT('',(-122.5,-50.,-10.));
#5604=CARTESIAN_POINT('Origin',(-120.,-50.,-10.));
#5605=CARTESIAN_POINT('',(-122.5,-50.,0.));
#5606=CARTESIAN_POINT('',(-122.5,-50.,-10.));
#5607=CARTESIAN_POINT('Origin',(-120.,-50.,0.));
#5608=CARTESIAN_POINT('Origin',(-90.0000000000001,-80.,-10.));
#5609=CARTESIAN_POINT('',(-100.,-80.,-10.));
#5610=CARTESIAN_POINT('Origin',(-90.0000000000001,-80.,-10.));
#5611=CARTESIAN_POINT('',(-100.,-80.,-2.));
#5612=CARTESIAN_POINT('',(-100.,-80.,-10.));
#5613=CARTESIAN_POINT('Origin',(-90.0000000000001,-80.,-2.));
#5614=CARTESIAN_POINT('Origin',(-5.55111512312578E-14,-120.,-10.));
#5615=CARTESIAN_POINT('',(-172.,-120.,-10.));
#5616=CARTESIAN_POINT('',(-155.,-120.,-10.));
#5617=CARTESIAN_POINT('',(-5.55111512312578E-14,-120.,-10.));
#5618=CARTESIAN_POINT('',(-155.,-120.,0.));
#5619=CARTESIAN_POINT('',(-155.,-120.,0.));
#5620=CARTESIAN_POINT('',(-172.,-120.,0.));
#5621=CARTESIAN_POINT('',(-5.55111512312578E-14,-120.,0.));
#5622=CARTESIAN_POINT('',(-172.,-120.,-10.));
#5623=CARTESIAN_POINT('Origin',(-6.50521303491303E-14,-40.,-10.));
#5624=CARTESIAN_POINT('',(-10.9000000000001,-40.,0.));
#5625=CARTESIAN_POINT('',(-10.9000000000001,-40.,-10.));
#5626=CARTESIAN_POINT('',(-10.9000000000001,-40.,-10.));
#5627=CARTESIAN_POINT('',(-8.00000000000006,-40.,0.));
#5628=CARTESIAN_POINT('',(-6.50521303491303E-14,-40.,0.));
#5629=CARTESIAN_POINT('',(-8.00000000000006,-40.,-10.));
#5630=CARTESIAN_POINT('',(-8.00000000000007,-40.,-10.));
#5631=CARTESIAN_POINT('',(-6.50521303491303E-14,-40.,-10.));
#5632=CARTESIAN_POINT('Origin',(-6.50521303491303E-14,-40.,-10.));
#5633=CARTESIAN_POINT('',(-19.1000000000001,-40.,-10.));
#5634=CARTESIAN_POINT('',(-19.1000000000001,-40.,0.));
#5635=CARTESIAN_POINT('',(-19.1000000000001,-40.,-10.));
#5636=CARTESIAN_POINT('',(-160.9,-40.,-10.));
#5637=CARTESIAN_POINT('',(-6.50521303491303E-14,-40.,-10.));
#5638=CARTESIAN_POINT('',(-160.9,-40.,0.));
#5639=CARTESIAN_POINT('',(-160.9,-40.,-10.));
#5640=CARTESIAN_POINT('',(-6.50521303491303E-14,-40.,0.));
#5641=CARTESIAN_POINT('Origin',(-180.,-40.,-10.));
#5642=CARTESIAN_POINT('',(-180.,-48.,-10.));
#5643=CARTESIAN_POINT('',(-180.,-112.,-10.));
#5644=CARTESIAN_POINT('',(-180.,-40.,-10.));
#5645=CARTESIAN_POINT('',(-180.,-112.,0.));
#5646=CARTESIAN_POINT('',(-180.,-112.,-10.));
#5647=CARTESIAN_POINT('',(-180.,-95.,0.));
#5648=CARTESIAN_POINT('',(-180.,-40.,0.));
#5649=CARTESIAN_POINT('',(-180.,-95.,-2.));
#5650=CARTESIAN_POINT('',(-180.,-95.,-2.));
#5651=CARTESIAN_POINT('',(-180.,-65.,-2.));
#5652=CARTESIAN_POINT('',(-180.,-95.,-2.));
#5653=CARTESIAN_POINT('',(-180.,-65.,0.));
#5654=CARTESIAN_POINT('',(-180.,-65.,-2.));
#5655=CARTESIAN_POINT('',(-180.,-48.,0.));
#5656=CARTESIAN_POINT('',(-180.,-40.,0.));
#5657=CARTESIAN_POINT('',(-180.,-48.,-10.));
#5658=CARTESIAN_POINT('Origin',(-6.50521303491303E-14,-40.,-10.));
#5659=CARTESIAN_POINT('',(-5.64652491430451E-14,-112.,-10.));
#5660=CARTESIAN_POINT('',(-6.4098032437343E-14,-48.,-10.));
#5661=CARTESIAN_POINT('',(-6.50521303491303E-14,-40.,-10.));
#5662=CARTESIAN_POINT('',(-6.4098032437343E-14,-48.,0.));
#5663=CARTESIAN_POINT('',(-6.4098032437343E-14,-48.,-10.));
#5664=CARTESIAN_POINT('',(-5.55111512312578E-14,-65.,0.));
#5665=CARTESIAN_POINT('',(-6.50521303491303E-14,-40.,0.));
#5666=CARTESIAN_POINT('',(-5.55111512312578E-14,-65.,-2.));
#5667=CARTESIAN_POINT('',(-5.55111512312578E-14,-65.,-2.));
#5668=CARTESIAN_POINT('',(-5.55111512312578E-14,-95.,-2.));
#5669=CARTESIAN_POINT('',(-5.55111512312578E-14,-95.,-2.));
#5670=CARTESIAN_POINT('',(-5.55111512312578E-14,-95.,0.));
#5671=CARTESIAN_POINT('',(-5.55111512312578E-14,-95.,-2.));
#5672=CARTESIAN_POINT('',(-5.64652491430451E-14,-112.,0.));
#5673=CARTESIAN_POINT('',(-6.50521303491303E-14,-40.,0.));
#5674=CARTESIAN_POINT('',(-5.64652491430451E-14,-112.,-10.));
#5675=CARTESIAN_POINT('Origin',(0.,0.,0.));
#5676=CARTESIAN_POINT('',(-10.9000000000001,-45.4999999999999,0.));
#5677=CARTESIAN_POINT('',(-10.9000000000001,0.,0.));
#5678=CARTESIAN_POINT('',(-19.1000000000001,-45.4999999999999,0.));
#5679=CARTESIAN_POINT('Origin',(-15.0000000000001,-45.4999999999999,0.));
#5680=CARTESIAN_POINT('',(-19.1000000000001,0.,0.));
#5681=CARTESIAN_POINT('',(-160.9,-45.4999999999999,0.));
#5682=CARTESIAN_POINT('',(-160.9,0.,0.));
#5683=CARTESIAN_POINT('',(-169.1,-45.4999999999999,0.));
#5684=CARTESIAN_POINT('Origin',(-165.,-45.4999999999999,0.));
#5685=CARTESIAN_POINT('',(-169.1,-40.,0.));
#5686=CARTESIAN_POINT('',(-169.1,0.,0.));
#5687=CARTESIAN_POINT('',(-172.,-40.,0.));
#5688=CARTESIAN_POINT('',(-6.50521303491303E-14,-40.,0.));
#5689=CARTESIAN_POINT('Origin',(-172.,-48.,0.));
#5690=CARTESIAN_POINT('',(-180.,-65.,0.));
#5691=CARTESIAN_POINT('Origin',(-8.00000000000006,-48.,0.));
#5692=CARTESIAN_POINT('Origin',(-6.50521303491303E-14,-40.,-10.));
#5693=CARTESIAN_POINT('',(-169.1,-40.,-10.));
#5694=CARTESIAN_POINT('',(-169.1,-40.,-10.));
#5695=CARTESIAN_POINT('',(-172.,-40.,-10.));
#5696=CARTESIAN_POINT('',(-6.50521303491303E-14,-40.,-10.));
#5697=CARTESIAN_POINT('',(-172.,-40.,-10.));
#5698=CARTESIAN_POINT('Origin',(-5.55111512312578E-14,-120.,-10.));
#5699=CARTESIAN_POINT('',(-25.,-120.,0.));
#5700=CARTESIAN_POINT('',(-8.00000000000005,-120.,0.));
#5701=CARTESIAN_POINT('',(-5.55111512312578E-14,-120.,0.));
#5702=CARTESIAN_POINT('',(-25.,-120.,-10.));
#5703=CARTESIAN_POINT('',(-25.,-120.,-10.));
#5704=CARTESIAN_POINT('',(-8.00000000000005,-120.,-10.));
#5705=CARTESIAN_POINT('',(-5.55111512312578E-14,-120.,-10.));
#5706=CARTESIAN_POINT('',(-8.00000000000006,-120.,-10.));
#5707=CARTESIAN_POINT('Origin',(0.,0.,-10.));
#5708=CARTESIAN_POINT('',(-35.,-130.,-10.));
#5709=CARTESIAN_POINT('',(-145.,-130.,-10.));
#5710=CARTESIAN_POINT('',(-30.,-130.,-10.));
#5711=CARTESIAN_POINT('',(-150.,-125.,-10.));
#5712=CARTESIAN_POINT('Origin',(-145.,-125.,-10.));
#5713=CARTESIAN_POINT('Origin',(-155.,-125.,-10.));
#5714=CARTESIAN_POINT('Origin',(-172.,-112.,-10.));
#5715=CARTESIAN_POINT('Origin',(-172.,-48.,-10.));
#5716=CARTESIAN_POINT('',(-169.1,-45.4999999999999,-10.));
#5717=CARTESIAN_POINT('',(-169.1,-45.4999999999999,-10.));
#5718=CARTESIAN_POINT('',(-160.9,-45.4999999999999,-10.));
#5719=CARTESIAN_POINT('Origin',(-165.,-45.4999999999999,-10.));
#5720=CARTESIAN_POINT('',(-160.9,-45.4999999999999,-10.));
#5721=CARTESIAN_POINT('',(-19.1000000000001,-45.4999999999999,-10.));
#5722=CARTESIAN_POINT('',(-19.1000000000001,-45.4999999999999,-10.));
#5723=CARTESIAN_POINT('',(-10.9000000000001,-45.4999999999999,-10.));
#5724=CARTESIAN_POINT('Origin',(-15.0000000000001,-45.4999999999999,-10.));
#5725=CARTESIAN_POINT('',(-10.9000000000001,-45.4999999999999,-10.));
#5726=CARTESIAN_POINT('Origin',(-8.00000000000006,-48.,-10.));
#5727=CARTESIAN_POINT('Origin',(-8.00000000000006,-112.,-10.));
#5728=CARTESIAN_POINT('',(-30.,-125.,-10.));
#5729=CARTESIAN_POINT('Origin',(-25.,-125.,-10.));
#5730=CARTESIAN_POINT('Origin',(-35.,-125.,-10.));
#5731=CARTESIAN_POINT('Origin',(0.,0.,0.));
#5732=CARTESIAN_POINT('',(-150.,-125.,0.));
#5733=CARTESIAN_POINT('Origin',(-155.,-125.,0.));
#5734=CARTESIAN_POINT('',(-145.,-130.,0.));
#5735=CARTESIAN_POINT('Origin',(-145.,-125.,0.));
#5736=CARTESIAN_POINT('',(-35.,-130.,0.));
#5737=CARTESIAN_POINT('',(-30.,-130.,0.));
#5738=CARTESIAN_POINT('',(-30.,-125.,0.));
#5739=CARTESIAN_POINT('Origin',(-35.,-125.,0.));
#5740=CARTESIAN_POINT('Origin',(-25.,-125.,0.));
#5741=CARTESIAN_POINT('Origin',(-8.00000000000006,-112.,0.));
#5742=CARTESIAN_POINT('',(-180.,-95.,0.));
#5743=CARTESIAN_POINT('Origin',(-172.,-112.,0.));
#5744=CARTESIAN_POINT('Origin',(0.,0.,-2.));
#5745=CARTESIAN_POINT('',(-180.,-65.,-2.));
#5746=CARTESIAN_POINT('',(-180.,-95.,-2.));
#5747=CARTESIAN_POINT('Origin',(-180.,-65.,-2.));
#5748=CARTESIAN_POINT('Origin',(-180.,-95.,-2.));
#5749=CARTESIAN_POINT('Origin',(-90.0000000000001,-80.,-30.));
#5750=CARTESIAN_POINT('Origin',(-90.0000000000001,-80.,-10.));
#5751=CARTESIAN_POINT('Origin',(-8.00000000000006,-48.,-10.));
#5752=CARTESIAN_POINT('Origin',(-8.00000000000006,-112.,-10.));
#5753=CARTESIAN_POINT('Origin',(-172.,-112.,-10.));
#5754=CARTESIAN_POINT('Origin',(-172.,-48.,-10.));
#5755=CARTESIAN_POINT('Origin',(-165.,-45.4999999999999,20.));
#5756=CARTESIAN_POINT('',(-160.9,-45.4999999999999,20.));
#5757=CARTESIAN_POINT('',(-169.1,-45.4999999999999,20.));
#5758=CARTESIAN_POINT('Origin',(-160.9,-45.4999999999999,20.));
#5759=CARTESIAN_POINT('Origin',(-169.1,-45.4999999999999,20.));
#5760=CARTESIAN_POINT('Origin',(-15.0000000000001,-45.4999999999999,20.));
#5761=CARTESIAN_POINT('',(-10.9000000000001,-45.4999999999999,20.));
#5762=CARTESIAN_POINT('',(-19.1000000000001,-45.4999999999999,20.));
#5763=CARTESIAN_POINT('Origin',(-10.9000000000001,-45.4999999999999,20.));
#5764=CARTESIAN_POINT('Origin',(-19.1000000000001,-45.4999999999999,20.));
#5765=CARTESIAN_POINT('Origin',(-30.,-130.,0.));
#5766=CARTESIAN_POINT('',(-145.,-130.,0.));
#5767=CARTESIAN_POINT('',(-35.,-130.,0.));
#5768=CARTESIAN_POINT('Origin',(-145.,-125.,0.));
#5769=CARTESIAN_POINT('',(-150.,-125.,0.));
#5770=CARTESIAN_POINT('Origin',(-155.,-125.,0.));
#5771=CARTESIAN_POINT('Origin',(-25.,-125.,-10.));
#5772=CARTESIAN_POINT('',(-30.,-125.,0.));
#5773=CARTESIAN_POINT('Origin',(-35.,-125.,0.));
#5774=CARTESIAN_POINT('',(0.,0.,0.));
#5775=CARTESIAN_POINT('Origin',(-9.79976702943329,-119.,7.99999999999992));
#5776=CARTESIAN_POINT('',(-10.7997651741738,-118.998073730176,0.));
#5777=CARTESIAN_POINT('',(-9.79976702943329,-120.,0.));
#5778=CARTESIAN_POINT('Origin',(-9.79976702943329,-119.,0.));
#5779=CARTESIAN_POINT('',(-10.7997651741738,-118.998073730176,-10.));
#5780=CARTESIAN_POINT('',(-10.7997651741738,-118.998073730175,0.));
#5781=CARTESIAN_POINT('',(-9.79976702943329,-120.,-10.));
#5782=CARTESIAN_POINT('Origin',(-9.79976702943329,-119.,-10.));
#5783=CARTESIAN_POINT('',(-9.79976702943329,-120.,-10.));
#5784=CARTESIAN_POINT('Origin',(-60.0000000000001,-110.,-10.));
#5785=CARTESIAN_POINT('',(-62.5000000000001,-110.,-10.));
#5786=CARTESIAN_POINT('Origin',(-60.0000000000001,-110.,-10.));
#5787=CARTESIAN_POINT('',(-62.5000000000001,-110.,0.));
#5788=CARTESIAN_POINT('',(-62.5000000000001,-110.,-10.));
#5789=CARTESIAN_POINT('Origin',(-60.0000000000001,-110.,0.));
#5790=CARTESIAN_POINT('Origin',(-60.0000000000001,-50.,-10.));
#5791=CARTESIAN_POINT('',(-62.5000000000001,-50.,-10.));
#5792=CARTESIAN_POINT('Origin',(-60.0000000000001,-50.,-10.));
#5793=CARTESIAN_POINT('',(-62.5000000000001,-50.,0.));
#5794=CARTESIAN_POINT('',(-62.5000000000001,-50.,-10.));
#5795=CARTESIAN_POINT('Origin',(-60.0000000000001,-50.,0.));
#5796=CARTESIAN_POINT('Origin',(-120.,-110.,-10.));
#5797=CARTESIAN_POINT('',(-122.5,-110.,-10.));
#5798=CARTESIAN_POINT('Origin',(-120.,-110.,-10.));
#5799=CARTESIAN_POINT('',(-122.5,-110.,0.));
#5800=CARTESIAN_POINT('',(-122.5,-110.,-10.));
#5801=CARTESIAN_POINT('Origin',(-120.,-110.,0.));
#5802=CARTESIAN_POINT('Origin',(-120.,-50.,-10.));
#5803=CARTESIAN_POINT('',(-122.5,-50.,-10.));
#5804=CARTESIAN_POINT('Origin',(-120.,-50.,-10.));
#5805=CARTESIAN_POINT('',(-122.5,-50.,0.));
#5806=CARTESIAN_POINT('',(-122.5,-50.,-10.));
#5807=CARTESIAN_POINT('Origin',(-120.,-50.,0.));
#5808=CARTESIAN_POINT('Origin',(-90.0000000000001,-80.,-10.));
#5809=CARTESIAN_POINT('',(-96.0000000000001,-80.,-10.));
#5810=CARTESIAN_POINT('Origin',(-90.0000000000001,-80.,-10.));
#5811=CARTESIAN_POINT('',(-96.0000000000001,-80.,0.));
#5812=CARTESIAN_POINT('',(-96.0000000000001,-80.,-10.));
#5813=CARTESIAN_POINT('Origin',(-90.0000000000001,-80.,0.));
#5814=CARTESIAN_POINT('Origin',(-6.50521303491303E-14,-40.,-10.));
#5815=CARTESIAN_POINT('',(-8.00000000000006,-40.,-10.));
#5816=CARTESIAN_POINT('',(-9.79976702943329,-40.,-10.));
#5817=CARTESIAN_POINT('',(-6.50521303491303E-14,-40.,-10.));
#5818=CARTESIAN_POINT('',(-9.79976702943329,-40.,0.));
#5819=CARTESIAN_POINT('',(-9.79976702943329,-40.,0.));
#5820=CARTESIAN_POINT('',(-8.00000000000006,-40.,0.));
#5821=CARTESIAN_POINT('',(-6.50521303491303E-14,-40.,0.));
#5822=CARTESIAN_POINT('',(-8.00000000000007,-40.,-10.));
#5823=CARTESIAN_POINT('Origin',(-5.55111512312578E-14,-120.,-10.));
#5824=CARTESIAN_POINT('',(-172.,-120.,-10.));
#5825=CARTESIAN_POINT('',(-170.2,-120.,-10.));
#5826=CARTESIAN_POINT('',(-5.55111512312578E-14,-120.,-10.));
#5827=CARTESIAN_POINT('',(-170.2,-120.,0.));
#5828=CARTESIAN_POINT('',(-170.2,-120.,0.));
#5829=CARTESIAN_POINT('',(-172.,-120.,0.));
#5830=CARTESIAN_POINT('',(-5.55111512312578E-14,-120.,0.));
#5831=CARTESIAN_POINT('',(-172.,-120.,-10.));
#5832=CARTESIAN_POINT('Origin',(-5.55111512312578E-14,-120.,-10.));
#5833=CARTESIAN_POINT('',(-159.8,-120.,-10.));
#5834=CARTESIAN_POINT('',(-20.1997863241671,-120.,-10.));
#5835=CARTESIAN_POINT('',(-5.55111512312578E-14,-120.,-10.));
#5836=CARTESIAN_POINT('',(-20.1997863241671,-120.,0.));
#5837=CARTESIAN_POINT('',(-20.1997863241671,-120.,0.));
#5838=CARTESIAN_POINT('',(-159.8,-120.,0.));
#5839=CARTESIAN_POINT('',(-5.55111512312578E-14,-120.,0.));
#5840=CARTESIAN_POINT('',(-159.8,-120.,-10.));
#5841=CARTESIAN_POINT('Origin',(-180.,-40.,-10.));
#5842=CARTESIAN_POINT('',(-180.,-48.,-10.));
#5843=CARTESIAN_POINT('',(-180.,-112.,-10.));
#5844=CARTESIAN_POINT('',(-180.,-40.,-10.));
#5845=CARTESIAN_POINT('',(-180.,-112.,0.));
#5846=CARTESIAN_POINT('',(-180.,-112.,-10.));
#5847=CARTESIAN_POINT('',(-180.,-48.,0.));
#5848=CARTESIAN_POINT('',(-180.,-40.,0.));
#5849=CARTESIAN_POINT('',(-180.,-48.,-10.));
#5850=CARTESIAN_POINT('Origin',(-6.50521303491303E-14,-40.,-10.));
#5851=CARTESIAN_POINT('',(-170.2,-40.,0.));
#5852=CARTESIAN_POINT('',(-172.,-40.,0.));
#5853=CARTESIAN_POINT('',(-6.50521303491303E-14,-40.,0.));
#5854=CARTESIAN_POINT('',(-170.2,-40.,-10.));
#5855=CARTESIAN_POINT('',(-170.2,-40.,-10.));
#5856=CARTESIAN_POINT('',(-172.,-40.,-10.));
#5857=CARTESIAN_POINT('',(-6.50521303491303E-14,-40.,-10.));
#5858=CARTESIAN_POINT('',(-172.,-40.,-10.));
#5859=CARTESIAN_POINT('Origin',(-6.50521303491303E-14,-40.,-10.));
#5860=CARTESIAN_POINT('',(-5.64652491430451E-14,-112.,-10.));
#5861=CARTESIAN_POINT('',(-6.4098032437343E-14,-48.,-10.));
#5862=CARTESIAN_POINT('',(-6.50521303491303E-14,-40.,-10.));
#5863=CARTESIAN_POINT('',(-6.4098032437343E-14,-48.,0.));
#5864=CARTESIAN_POINT('',(-6.4098032437343E-14,-48.,-10.));
#5865=CARTESIAN_POINT('',(-5.64652491430451E-14,-112.,0.));
#5866=CARTESIAN_POINT('',(-6.50521303491303E-14,-40.,0.));
#5867=CARTESIAN_POINT('',(-5.64652491430451E-14,-112.,-10.));
#5868=CARTESIAN_POINT('Origin',(-5.55111512312578E-14,-120.,-10.));
#5869=CARTESIAN_POINT('',(-8.00000000000005,-120.,0.));
#5870=CARTESIAN_POINT('',(-5.55111512312578E-14,-120.,0.));
#5871=CARTESIAN_POINT('',(-8.00000000000005,-120.,-10.));
#5872=CARTESIAN_POINT('',(-5.55111512312578E-14,-120.,-10.));
#5873=CARTESIAN_POINT('',(-8.00000000000006,-120.,-10.));
#5874=CARTESIAN_POINT('Origin',(0.,0.,-10.));
#5875=CARTESIAN_POINT('',(-19.1997881794265,-119.001926269825,-10.));
#5876=CARTESIAN_POINT('',(-19.1910599628755,-114.470785176911,-10.));
#5877=CARTESIAN_POINT('',(-18.9704875439635,0.0365423455079122,-10.));
#5878=CARTESIAN_POINT('Origin',(-20.1997863241671,-119.,-10.));
#5879=CARTESIAN_POINT('',(-160.8,-119.,-10.));
#5880=CARTESIAN_POINT('Origin',(-159.8,-119.,-10.));
#5881=CARTESIAN_POINT('',(-160.8,-114.334396536355,-10.));
#5882=CARTESIAN_POINT('',(-160.799999999999,5.66922183320485E-13,-10.));
#5883=CARTESIAN_POINT('',(-169.2,-114.334396536355,-10.));
#5884=CARTESIAN_POINT('Origin',(-165.,-114.334396536355,-10.));
#5885=CARTESIAN_POINT('',(-169.2,-119.,-10.));
#5886=CARTESIAN_POINT('',(-169.2,-2.9826876062757E-13,-10.));
#5887=CARTESIAN_POINT('Origin',(-170.2,-119.,-10.));
#5888=CARTESIAN_POINT('Origin',(-172.,-112.,-10.));
#5889=CARTESIAN_POINT('Origin',(-172.,-48.,-10.));
#5890=CARTESIAN_POINT('',(-169.2,-41.,-10.));
#5891=CARTESIAN_POINT('Origin',(-170.2,-41.,-10.));
#5892=CARTESIAN_POINT('',(-169.2,-45.6656034636447,-10.));
#5893=CARTESIAN_POINT('',(-169.2,2.9826876062757E-13,-10.));
#5894=CARTESIAN_POINT('',(-160.8,-45.6656034636447,-10.));
#5895=CARTESIAN_POINT('Origin',(-165.,-45.6656034636447,-10.));
#5896=CARTESIAN_POINT('',(-160.8,-40.998181667894,-10.));
#5897=CARTESIAN_POINT('',(-160.8,-5.66922183320487E-13,-10.));
#5898=CARTESIAN_POINT('',(-159.818181818182,-39.9983469708127,-10.));
#5899=CARTESIAN_POINT('Origin',(-159.8,-40.998181667894,-10.));
#5900=CARTESIAN_POINT('',(-150.,-30.,-10.));
#5901=CARTESIAN_POINT('Origin',(-160.,-30.,-10.));
#5902=CARTESIAN_POINT('',(-150.,-4.99999999999996,-10.));
#5903=CARTESIAN_POINT('',(-150.,9.25185853854297E-14,-10.));
#5904=CARTESIAN_POINT('',(-140.,5.00000000000004,-10.));
#5905=CARTESIAN_POINT('Origin',(-140.,-4.99999999999996,-10.));
#5906=CARTESIAN_POINT('',(-40.,5.00000000000001,-10.));
#5907=CARTESIAN_POINT('',(1.22876246215024E-15,5.,-10.));
#5908=CARTESIAN_POINT('',(-30.,-4.99999999999999,-10.));
#5909=CARTESIAN_POINT('Origin',(-40.,-4.99999999999999,-10.));
#5910=CARTESIAN_POINT('',(-30.,-30.,-10.));
#5911=CARTESIAN_POINT('',(-30.,0.,-10.));
#5912=CARTESIAN_POINT('',(-20.1816271085576,-39.99835044362,-10.));
#5913=CARTESIAN_POINT('Origin',(-20.,-30.,-10.));
#5914=CARTESIAN_POINT('',(-19.1997916746728,-40.9962592181575,-10.));
#5915=CARTESIAN_POINT('Origin',(-20.1997898194133,-40.998185487982,-10.));
#5916=CARTESIAN_POINT('',(-19.1910599628755,-45.5292148230885,-10.));
#5917=CARTESIAN_POINT('',(-19.27869014409,-0.0371360279778096,-10.));
#5918=CARTESIAN_POINT('',(-10.7910755470549,-45.5130341565626,-10.));
#5919=CARTESIAN_POINT('Origin',(-14.9910677549652,-45.5211244898255,-10.));
#5920=CARTESIAN_POINT('',(-10.7997651741738,-41.0019262698245,-10.));
#5921=CARTESIAN_POINT('',(-10.8787057282696,-0.0209553614518755,-10.));
#5922=CARTESIAN_POINT('Origin',(-9.79976702943329,-41.,-10.));
#5923=CARTESIAN_POINT('Origin',(-8.00000000000006,-48.,-10.));
#5924=CARTESIAN_POINT('Origin',(-8.00000000000006,-112.,-10.));
#5925=CARTESIAN_POINT('',(-10.7910755470549,-114.486965843437,-10.));
#5926=CARTESIAN_POINT('',(-10.5705031281425,0.0203616789819759,-10.));
#5927=CARTESIAN_POINT('Origin',(-14.9910677549652,-114.478875510174,-10.));
#5928=CARTESIAN_POINT('',(-140.,-20.,-10.));
#5929=CARTESIAN_POINT('',(-140.,-15.,-10.));
#5930=CARTESIAN_POINT('',(-140.,0.,-10.));
#5931=CARTESIAN_POINT('',(-130.,-30.,-10.));
#5932=CARTESIAN_POINT('Origin',(-130.,-20.,-10.));
#5933=CARTESIAN_POINT('',(-50.,-30.,-10.));
#5934=CARTESIAN_POINT('',(0.,-30.,-10.));
#5935=CARTESIAN_POINT('',(-40.,-20.,-10.));
#5936=CARTESIAN_POINT('Origin',(-50.,-20.,-10.));
#5937=CARTESIAN_POINT('',(-40.,-15.,-10.));
#5938=CARTESIAN_POINT('',(-40.,0.,-10.));
#5939=CARTESIAN_POINT('',(-50.,-5.,-10.));
#5940=CARTESIAN_POINT('Origin',(-50.,-15.,-10.));
#5941=CARTESIAN_POINT('',(-130.,-5.,-10.));
#5942=CARTESIAN_POINT('',(4.33680868994202E-17,-5.,-10.));
#5943=CARTESIAN_POINT('Origin',(-130.,-15.,-10.));
#5944=CARTESIAN_POINT('Origin',(0.,0.,0.));
#5945=CARTESIAN_POINT('',(-19.1997881794265,-119.001926269825,0.));
#5946=CARTESIAN_POINT('Origin',(-20.1997863241671,-119.,0.));
#5947=CARTESIAN_POINT('',(-19.1910599628755,-114.470785176911,0.));
#5948=CARTESIAN_POINT('',(-18.9704875439635,0.0365423455079122,0.));
#5949=CARTESIAN_POINT('',(-10.7910755470549,-114.486965843437,0.));
#5950=CARTESIAN_POINT('Origin',(-14.9910677549652,-114.478875510174,0.));
#5951=CARTESIAN_POINT('',(-10.5705031281425,0.0203616789819759,0.));
#5952=CARTESIAN_POINT('Origin',(-8.00000000000006,-112.,0.));
#5953=CARTESIAN_POINT('Origin',(-8.00000000000006,-48.,0.));
#5954=CARTESIAN_POINT('',(-10.7997651741738,-41.0019262698245,0.));
#5955=CARTESIAN_POINT('Origin',(-9.79976702943329,-41.,0.));
#5956=CARTESIAN_POINT('',(-10.7910755470549,-45.5130341565626,0.));
#5957=CARTESIAN_POINT('',(-10.8787057282696,-0.0209553614518755,0.));
#5958=CARTESIAN_POINT('',(-19.1910599628755,-45.5292148230885,0.));
#5959=CARTESIAN_POINT('Origin',(-14.9910677549652,-45.5211244898255,0.));
#5960=CARTESIAN_POINT('',(-19.1997916746728,-40.9962592181575,0.));
#5961=CARTESIAN_POINT('',(-19.27869014409,-0.0371360279778096,0.));
#5962=CARTESIAN_POINT('',(-20.1816271085576,-39.99835044362,0.));
#5963=CARTESIAN_POINT('Origin',(-20.1997898194133,-40.998185487982,0.));
#5964=CARTESIAN_POINT('',(-30.,-30.,0.));
#5965=CARTESIAN_POINT('Origin',(-20.,-30.,0.));
#5966=CARTESIAN_POINT('',(-30.,-4.99999999999999,0.));
#5967=CARTESIAN_POINT('',(-30.,0.,0.));
#5968=CARTESIAN_POINT('',(-40.,5.00000000000001,0.));
#5969=CARTESIAN_POINT('Origin',(-40.,-4.99999999999999,0.));
#5970=CARTESIAN_POINT('',(-140.,5.00000000000004,0.));
#5971=CARTESIAN_POINT('',(1.22876246215024E-15,5.,0.));
#5972=CARTESIAN_POINT('',(-150.,-4.99999999999996,0.));
#5973=CARTESIAN_POINT('Origin',(-140.,-4.99999999999996,0.));
#5974=CARTESIAN_POINT('',(-150.,-30.,0.));
#5975=CARTESIAN_POINT('',(-150.,9.25185853854297E-14,0.));
#5976=CARTESIAN_POINT('',(-159.818181818182,-39.9983469708127,0.));
#5977=CARTESIAN_POINT('Origin',(-160.,-30.,0.));
#5978=CARTESIAN_POINT('',(-160.8,-40.998181667894,0.));
#5979=CARTESIAN_POINT('Origin',(-159.8,-40.998181667894,0.));
#5980=CARTESIAN_POINT('',(-160.8,-45.6656034636447,0.));
#5981=CARTESIAN_POINT('',(-160.8,-5.66922183320487E-13,0.));
#5982=CARTESIAN_POINT('',(-169.2,-45.6656034636447,0.));
#5983=CARTESIAN_POINT('Origin',(-165.,-45.6656034636447,0.));
#5984=CARTESIAN_POINT('',(-169.2,-41.,0.));
#5985=CARTESIAN_POINT('',(-169.2,2.9826876062757E-13,0.));
#5986=CARTESIAN_POINT('Origin',(-170.2,-41.,0.));
#5987=CARTESIAN_POINT('Origin',(-172.,-48.,0.));
#5988=CARTESIAN_POINT('Origin',(-172.,-112.,0.));
#5989=CARTESIAN_POINT('',(-169.2,-119.,0.));
#5990=CARTESIAN_POINT('Origin',(-170.2,-119.,0.));
#5991=CARTESIAN_POINT('',(-169.2,-114.334396536355,0.));
#5992=CARTESIAN_POINT('',(-169.2,-2.9826876062757E-13,0.));
#5993=CARTESIAN_POINT('',(-160.8,-114.334396536355,0.));
#5994=CARTESIAN_POINT('Origin',(-165.,-114.334396536355,0.));
#5995=CARTESIAN_POINT('',(-160.8,-119.,0.));
#5996=CARTESIAN_POINT('',(-160.799999999999,5.66922183320485E-13,0.));
#5997=CARTESIAN_POINT('Origin',(-159.8,-119.,0.));
#5998=CARTESIAN_POINT('',(-50.,-30.,0.));
#5999=CARTESIAN_POINT('',(-130.,-30.,0.));
#6000=CARTESIAN_POINT('',(0.,-30.,0.));
#6001=CARTESIAN_POINT('',(-140.,-20.,0.));
#6002=CARTESIAN_POINT('Origin',(-130.,-20.,0.));
#6003=CARTESIAN_POINT('',(-140.,-15.,0.));
#6004=CARTESIAN_POINT('',(-140.,0.,0.));
#6005=CARTESIAN_POINT('',(-130.,-5.,0.));
#6006=CARTESIAN_POINT('Origin',(-130.,-15.,0.));
#6007=CARTESIAN_POINT('',(-50.,-5.,0.));
#6008=CARTESIAN_POINT('',(4.33680868994202E-17,-5.,0.));
#6009=CARTESIAN_POINT('',(-40.,-15.,0.));
#6010=CARTESIAN_POINT('Origin',(-50.,-15.,0.));
#6011=CARTESIAN_POINT('',(-40.,-20.,0.));
#6012=CARTESIAN_POINT('',(-40.,0.,0.));
#6013=CARTESIAN_POINT('Origin',(-50.,-20.,0.));
#6014=CARTESIAN_POINT('Origin',(-8.00000000000006,-48.,-10.));
#6015=CARTESIAN_POINT('Origin',(-8.00000000000006,-112.,-10.));
#6016=CARTESIAN_POINT('Origin',(-172.,-112.,-10.));
#6017=CARTESIAN_POINT('Origin',(-172.,-48.,-10.));
#6018=CARTESIAN_POINT('Origin',(-30.,0.,0.));
#6019=CARTESIAN_POINT('',(-30.,-30.,0.));
#6020=CARTESIAN_POINT('',(-30.,-4.99999999999999,0.));
#6021=CARTESIAN_POINT('Origin',(1.22876246215024E-15,5.,0.));
#6022=CARTESIAN_POINT('',(-140.,5.00000000000004,0.));
#6023=CARTESIAN_POINT('',(-40.,5.00000000000001,0.));
#6024=CARTESIAN_POINT('Origin',(-140.,0.,0.));
#6025=CARTESIAN_POINT('',(-140.,-15.,0.));
#6026=CARTESIAN_POINT('',(-140.,-20.,-10.));
#6027=CARTESIAN_POINT('Origin',(4.33680868994202E-17,-5.,0.));
#6028=CARTESIAN_POINT('',(-50.,-5.,0.));
#6029=CARTESIAN_POINT('',(-130.,-5.,0.));
#6030=CARTESIAN_POINT('Origin',(-40.,0.,0.));
#6031=CARTESIAN_POINT('',(-40.,-20.,0.));
#6032=CARTESIAN_POINT('',(-40.,-15.,-10.));
#6033=CARTESIAN_POINT('Origin',(0.,-30.,0.));
#6034=CARTESIAN_POINT('',(-50.,-30.,0.));
#6035=CARTESIAN_POINT('',(-130.,-30.,0.));
#6036=CARTESIAN_POINT('Origin',(-150.,9.25185853854297E-14,0.));
#6037=CARTESIAN_POINT('',(-150.,-30.,0.));
#6038=CARTESIAN_POINT('',(-150.,-4.99999999999996,-10.));
#6039=CARTESIAN_POINT('Origin',(-14.9910677549652,-114.478875510174,7.99999999999992));
#6040=CARTESIAN_POINT('',(-10.7910755470549,-114.486965843437,7.99999999999992));
#6041=CARTESIAN_POINT('',(-19.1910599628755,-114.470785176911,7.99999999999992));
#6042=CARTESIAN_POINT('Origin',(-19.1910599628755,-114.470785176911,7.99999999999992));
#6043=CARTESIAN_POINT('',(-19.1997881794265,-119.001926269825,-10.));
#6044=CARTESIAN_POINT('Origin',(-10.7910755470549,-114.486965843437,7.99999999999992));
#6045=CARTESIAN_POINT('Origin',(-165.,-45.6656034636447,7.99999999999992));
#6046=CARTESIAN_POINT('',(-169.2,-45.6656034636447,7.99999999999992));
#6047=CARTESIAN_POINT('',(-160.8,-45.6656034636447,7.99999999999992));
#6048=CARTESIAN_POINT('Origin',(-160.8,-45.6656034636447,7.99999999999992));
#6049=CARTESIAN_POINT('',(-160.8,-40.998181667894,7.99999999999992));
#6050=CARTESIAN_POINT('Origin',(-169.2,-45.6656034636447,7.99999999999992));
#6051=CARTESIAN_POINT('',(-169.2,-41.,0.));
#6052=CARTESIAN_POINT('Origin',(-14.9910677549652,-45.5211244898255,7.99999999999992));
#6053=CARTESIAN_POINT('',(-19.1910599628755,-45.5292148230885,7.99999999999992));
#6054=CARTESIAN_POINT('',(-10.7910755470549,-45.5130341565626,7.99999999999992));
#6055=CARTESIAN_POINT('Origin',(-10.7910755470549,-45.5130341565626,7.99999999999992));
#6056=CARTESIAN_POINT('',(-10.7997651741738,-41.0019262698245,-10.));
#6057=CARTESIAN_POINT('Origin',(-19.1910599628755,-45.5292148230885,7.99999999999992));
#6058=CARTESIAN_POINT('',(-19.1997916746728,-40.9962592181575,7.99999999999992));
#6059=CARTESIAN_POINT('Origin',(-165.,-114.334396536355,7.99999999999992));
#6060=CARTESIAN_POINT('',(-160.8,-114.334396536355,7.99999999999992));
#6061=CARTESIAN_POINT('',(-169.2,-114.334396536355,7.99999999999992));
#6062=CARTESIAN_POINT('Origin',(-169.2,-114.334396536355,7.99999999999992));
#6063=CARTESIAN_POINT('',(-169.2,-119.,-10.));
#6064=CARTESIAN_POINT('Origin',(-160.8,-114.334396536355,7.99999999999992));
#6065=CARTESIAN_POINT('',(-160.8,-119.,0.));
#6066=CARTESIAN_POINT('Origin',(-20.,-30.,0.));
#6067=CARTESIAN_POINT('',(-20.1816271085576,-39.99835044362,0.));
#6068=CARTESIAN_POINT('Origin',(-160.,-30.,-10.));
#6069=CARTESIAN_POINT('',(-159.818181818182,-39.9983469708127,-10.));
#6070=CARTESIAN_POINT('Origin',(-50.,-20.,0.));
#6071=CARTESIAN_POINT('Origin',(-50.,-15.,0.));
#6072=CARTESIAN_POINT('Origin',(-130.,-15.,0.));
#6073=CARTESIAN_POINT('Origin',(-130.,-20.,0.));
#6074=CARTESIAN_POINT('Origin',(-140.,-4.99999999999996,0.));
#6075=CARTESIAN_POINT('Origin',(-40.,-4.99999999999999,0.));
#6076=CARTESIAN_POINT('Origin',(-20.1997863241671,-119.,7.99999999999992));
#6077=CARTESIAN_POINT('Origin',(-159.8,-119.,7.99999999999992));
#6078=CARTESIAN_POINT('Origin',(-170.2,-119.,7.99999999999992));
#6079=CARTESIAN_POINT('Origin',(-9.79976702943329,-41.,7.99999999999992));
#6080=CARTESIAN_POINT('Origin',(-20.1997898194133,-40.998185487982,0.));
#6081=CARTESIAN_POINT('Origin',(-170.2,-41.,7.99999999999992));
#6082=CARTESIAN_POINT('Origin',(-159.8,-40.998181667894,-10.));
#6083=CARTESIAN_POINT('',(0.,0.,0.));
#6084=CARTESIAN_POINT('',(0.,0.,0.));
#6085=CARTESIAN_POINT('Origin',(-750.,39.9999999999998,-10.));
#6086=CARTESIAN_POINT('',(-750.,39.9999999999998,0.));
#6087=CARTESIAN_POINT('',(-750.,-40.0000000000002,0.));
#6088=CARTESIAN_POINT('',(-750.,39.9999999999998,0.));
#6089=CARTESIAN_POINT('',(-750.,39.9999999999998,-10.));
#6090=CARTESIAN_POINT('',(-750.,39.9999999999998,-10.));
#6091=CARTESIAN_POINT('',(-750.,-40.0000000000002,-10.));
#6092=CARTESIAN_POINT('',(-750.,39.9999999999998,-10.));
#6093=CARTESIAN_POINT('',(-750.,-40.0000000000002,-10.));
#6094=CARTESIAN_POINT('Origin',(750.,40.,-10.));
#6095=CARTESIAN_POINT('',(750.,40.,0.));
#6096=CARTESIAN_POINT('',(750.,40.,0.));
#6097=CARTESIAN_POINT('',(750.,40.,-10.));
#6098=CARTESIAN_POINT('',(750.,40.,-10.));
#6099=CARTESIAN_POINT('',(750.,40.,-10.));
#6100=CARTESIAN_POINT('Origin',(750.,40.,-10.));
#6101=CARTESIAN_POINT('',(750.,-40.,0.));
#6102=CARTESIAN_POINT('',(750.,40.,0.));
#6103=CARTESIAN_POINT('',(750.,-40.,-10.));
#6104=CARTESIAN_POINT('',(750.,-40.,-10.));
#6105=CARTESIAN_POINT('',(750.,40.,-10.));
#6106=CARTESIAN_POINT('Origin',(750.,-40.,-10.));
#6107=CARTESIAN_POINT('',(750.,-40.,0.));
#6108=CARTESIAN_POINT('',(750.,-40.,-10.));
#6109=CARTESIAN_POINT('Origin',(0.,0.,-10.));
#6110=CARTESIAN_POINT('Origin',(0.,0.,0.));
#6111=CARTESIAN_POINT('',(0.,0.,0.));
#6112=CARTESIAN_POINT('Origin',(-79.0909090909091,0.,-16.));
#6113=CARTESIAN_POINT('',(-83.1409090909091,-4.95981953654678E-16,-15.2));
#6114=CARTESIAN_POINT('Origin',(-79.0909090909091,0.,-15.2));
#6115=CARTESIAN_POINT('',(-83.1409090909091,-4.95981953654678E-16,0.));
#6116=CARTESIAN_POINT('',(-83.1409090909091,-4.95981953654678E-16,-16.));
#6117=CARTESIAN_POINT('Origin',(-79.0909090909091,0.,0.));
#6118=CARTESIAN_POINT('Origin',(0.,0.,-16.));
#6119=CARTESIAN_POINT('',(-4.05,-4.95981953654678E-16,-15.2));
#6120=CARTESIAN_POINT('Origin',(0.,0.,-15.2));
#6121=CARTESIAN_POINT('',(-4.05,-4.95981953654678E-16,0.));
#6122=CARTESIAN_POINT('',(-4.05,-4.95981953654678E-16,-16.));
#6123=CARTESIAN_POINT('Origin',(0.,0.,0.));
#6124=CARTESIAN_POINT('Origin',(-158.181818181818,0.,-16.));
#6125=CARTESIAN_POINT('',(-162.231818181818,-4.95981953654678E-16,-15.2));
#6126=CARTESIAN_POINT('Origin',(-158.181818181818,0.,-15.2));
#6127=CARTESIAN_POINT('',(-162.231818181818,-4.95981953654678E-16,0.));
#6128=CARTESIAN_POINT('',(-162.231818181818,-4.95981953654678E-16,-16.));
#6129=CARTESIAN_POINT('Origin',(-158.181818181818,0.,0.));
#6130=CARTESIAN_POINT('Origin',(-237.272727272727,0.,-16.));
#6131=CARTESIAN_POINT('',(-241.322727272727,-4.95981953654678E-16,-15.2));
#6132=CARTESIAN_POINT('Origin',(-237.272727272727,0.,-15.2));
#6133=CARTESIAN_POINT('',(-241.322727272727,-4.95981953654678E-16,0.));
#6134=CARTESIAN_POINT('',(-241.322727272727,-4.95981953654678E-16,-16.));
#6135=CARTESIAN_POINT('Origin',(-237.272727272727,0.,0.));
#6136=CARTESIAN_POINT('Origin',(-316.363636363636,0.,-16.));
#6137=CARTESIAN_POINT('',(-320.413636363636,-4.95981953654678E-16,-15.2));
#6138=CARTESIAN_POINT('Origin',(-316.363636363636,0.,-15.2));
#6139=CARTESIAN_POINT('',(-320.413636363636,-4.95981953654678E-16,0.));
#6140=CARTESIAN_POINT('',(-320.413636363636,-4.95981953654678E-16,-16.));
#6141=CARTESIAN_POINT('Origin',(-316.363636363636,0.,0.));
#6142=CARTESIAN_POINT('Origin',(-395.454545454545,0.,-16.));
#6143=CARTESIAN_POINT('',(-399.504545454545,-4.95981953654678E-16,-15.2));
#6144=CARTESIAN_POINT('Origin',(-395.454545454545,0.,-15.2));
#6145=CARTESIAN_POINT('',(-399.504545454545,-4.95981953654678E-16,0.));
#6146=CARTESIAN_POINT('',(-399.504545454545,-4.95981953654678E-16,-16.));
#6147=CARTESIAN_POINT('Origin',(-395.454545454545,0.,0.));
#6148=CARTESIAN_POINT('Origin',(-474.545454545455,0.,-16.));
#6149=CARTESIAN_POINT('',(-478.595454545455,-4.95981953654678E-16,-15.2));
#6150=CARTESIAN_POINT('Origin',(-474.545454545455,0.,-15.2));
#6151=CARTESIAN_POINT('',(-478.595454545455,-4.95981953654678E-16,0.));
#6152=CARTESIAN_POINT('',(-478.595454545455,-4.95981953654678E-16,-16.));
#6153=CARTESIAN_POINT('Origin',(-474.545454545455,0.,0.));
#6154=CARTESIAN_POINT('Origin',(-553.636363636364,0.,-16.));
#6155=CARTESIAN_POINT('',(-557.686363636364,-4.95981953654678E-16,-15.2));
#6156=CARTESIAN_POINT('Origin',(-553.636363636364,0.,-15.2));
#6157=CARTESIAN_POINT('',(-557.686363636364,-4.95981953654678E-16,0.));
#6158=CARTESIAN_POINT('',(-557.686363636364,-4.95981953654678E-16,-16.));
#6159=CARTESIAN_POINT('Origin',(-553.636363636364,0.,0.));
#6160=CARTESIAN_POINT('Origin',(-632.727272727273,0.,-16.));
#6161=CARTESIAN_POINT('',(-636.777272727273,-4.95981953654678E-16,-15.2));
#6162=CARTESIAN_POINT('Origin',(-632.727272727273,0.,-15.2));
#6163=CARTESIAN_POINT('',(-636.777272727273,-4.95981953654678E-16,0.));
#6164=CARTESIAN_POINT('',(-636.777272727273,-4.95981953654678E-16,-16.));
#6165=CARTESIAN_POINT('Origin',(-632.727272727273,0.,0.));
#6166=CARTESIAN_POINT('Origin',(-711.818181818182,0.,-16.));
#6167=CARTESIAN_POINT('',(-715.868181818182,-4.95981953654678E-16,-15.2));
#6168=CARTESIAN_POINT('Origin',(-711.818181818182,0.,-15.2));
#6169=CARTESIAN_POINT('',(-715.868181818182,-4.95981953654678E-16,0.));
#6170=CARTESIAN_POINT('',(-715.868181818182,-4.95981953654678E-16,-16.));
#6171=CARTESIAN_POINT('Origin',(-711.818181818182,0.,0.));
#6172=CARTESIAN_POINT('Origin',(-750.,7.3,-15.2));
#6173=CARTESIAN_POINT('',(-750.,7.3,0.));
#6174=CARTESIAN_POINT('',(-750.,-7.3,0.));
#6175=CARTESIAN_POINT('',(-750.,7.3,0.));
#6176=CARTESIAN_POINT('',(-750.,7.3,-15.2));
#6177=CARTESIAN_POINT('',(-750.,7.3,-15.2));
#6178=CARTESIAN_POINT('',(-750.,-7.3,-15.2));
#6179=CARTESIAN_POINT('',(-750.,7.3,-15.2));
#6180=CARTESIAN_POINT('',(-750.,-7.3,-15.2));
#6181=CARTESIAN_POINT('Origin',(750.,7.3,-15.2));
#6182=CARTESIAN_POINT('',(750.,7.3,0.));
#6183=CARTESIAN_POINT('',(750.,7.3,0.));
#6184=CARTESIAN_POINT('',(750.,7.3,-15.2));
#6185=CARTESIAN_POINT('',(750.,7.3,-15.2));
#6186=CARTESIAN_POINT('',(750.,7.3,-15.2));
#6187=CARTESIAN_POINT('Origin',(750.,7.3,-15.2));
#6188=CARTESIAN_POINT('',(750.,-7.3,0.));
#6189=CARTESIAN_POINT('',(750.,7.3,0.));
#6190=CARTESIAN_POINT('',(750.,-7.3,-15.2));
#6191=CARTESIAN_POINT('',(750.,-7.3,-15.2));
#6192=CARTESIAN_POINT('',(750.,7.3,-15.2));
#6193=CARTESIAN_POINT('Origin',(750.,-7.3,-15.2));
#6194=CARTESIAN_POINT('',(750.,-7.3,0.));
#6195=CARTESIAN_POINT('',(750.,-7.3,-15.2));
#6196=CARTESIAN_POINT('Origin',(0.,0.,-15.2));
#6197=CARTESIAN_POINT('Origin',(0.,0.,0.));
#6198=CARTESIAN_POINT('',(-1.55431223447522E-12,-148.267084764987,0.));
#6199=CARTESIAN_POINT('',(-1.33226762955019E-12,-133.067084764987,32.7000000000002));
#6200=CARTESIAN_POINT('',(-1.4432899320127E-12,-123.067084764987,-3.46944695195361E-13));
#6201=CARTESIAN_POINT('',(-1.55431223447522E-12,-148.267084764987,-32.7000000000002));
#6202=CARTESIAN_POINT('',(137.977859053577,-347.131934900626,-273.13535924037));
#6203=CARTESIAN_POINT('',(67.9778590583542,-347.131934900625,-193.13535924037));
#6204=CARTESIAN_POINT('',(137.977859053577,-347.131934900626,-273.13535924037));
#6205=CARTESIAN_POINT('',(137.977859053578,-197.256356983225,-273.13535924037));
#6206=CARTESIAN_POINT('',(47.9778590535861,552.743643016776,-52.4682744753828));
#6207=UNCERTAINTY_MEASURE_WITH_UNIT(LENGTH_MEASURE(0.01),#6225,
'DISTANCE_ACCURACY_VALUE',
'Maximum model space distance between geometric entities at asserted c
onnectivities');
#6208=UNCERTAINTY_MEASURE_WITH_UNIT(LENGTH_MEASURE(0.01),#6225,
'DISTANCE_ACCURACY_VALUE',
'Maximum model space distance between geometric entities at asserted c
onnectivities');
#6209=UNCERTAINTY_MEASURE_WITH_UNIT(LENGTH_MEASURE(0.01),#6225,
'DISTANCE_ACCURACY_VALUE',
'Maximum model space distance between geometric entities at asserted c
onnectivities');
#6210=UNCERTAINTY_MEASURE_WITH_UNIT(LENGTH_MEASURE(0.01),#6225,
'DISTANCE_ACCURACY_VALUE',
'Maximum model space distance between geometric entities at asserted c
onnectivities');
#6211=UNCERTAINTY_MEASURE_WITH_UNIT(LENGTH_MEASURE(0.01),#6225,
'DISTANCE_ACCURACY_VALUE',
'Maximum model space distance between geometric entities at asserted c
onnectivities');
#6212=UNCERTAINTY_MEASURE_WITH_UNIT(LENGTH_MEASURE(0.01),#6225,
'DISTANCE_ACCURACY_VALUE',
'Maximum model space distance between geometric entities at asserted c
onnectivities');
#6213=UNCERTAINTY_MEASURE_WITH_UNIT(LENGTH_MEASURE(0.01),#6225,
'DISTANCE_ACCURACY_VALUE',
'Maximum model space distance between geometric entities at asserted c
onnectivities');
#6214=UNCERTAINTY_MEASURE_WITH_UNIT(LENGTH_MEASURE(0.01),#6225,
'DISTANCE_ACCURACY_VALUE',
'Maximum model space distance between geometric entities at asserted c
onnectivities');
#6215=UNCERTAINTY_MEASURE_WITH_UNIT(LENGTH_MEASURE(0.01),#6225,
'DISTANCE_ACCURACY_VALUE',
'Maximum model space distance between geometric entities at asserted c
onnectivities');
#6216=(
GEOMETRIC_REPRESENTATION_CONTEXT(3)
GLOBAL_UNCERTAINTY_ASSIGNED_CONTEXT((#6207))
GLOBAL_UNIT_ASSIGNED_CONTEXT((#6225,#6227,#6228))
REPRESENTATION_CONTEXT('','3D')
);
#6217=(
GEOMETRIC_REPRESENTATION_CONTEXT(3)
GLOBAL_UNCERTAINTY_ASSIGNED_CONTEXT((#6208))
GLOBAL_UNIT_ASSIGNED_CONTEXT((#6225,#6227,#6228))
REPRESENTATION_CONTEXT('','3D')
);
#6218=(
GEOMETRIC_REPRESENTATION_CONTEXT(3)
GLOBAL_UNCERTAINTY_ASSIGNED_CONTEXT((#6209))
GLOBAL_UNIT_ASSIGNED_CONTEXT((#6225,#6227,#6228))
REPRESENTATION_CONTEXT('','3D')
);
#6219=(
GEOMETRIC_REPRESENTATION_CONTEXT(3)
GLOBAL_UNCERTAINTY_ASSIGNED_CONTEXT((#6210))
GLOBAL_UNIT_ASSIGNED_CONTEXT((#6225,#6227,#6228))
REPRESENTATION_CONTEXT('','3D')
);
#6220=(
GEOMETRIC_REPRESENTATION_CONTEXT(3)
GLOBAL_UNCERTAINTY_ASSIGNED_CONTEXT((#6211))
GLOBAL_UNIT_ASSIGNED_CONTEXT((#6225,#6227,#6228))
REPRESENTATION_CONTEXT('','3D')
);
#6221=(
GEOMETRIC_REPRESENTATION_CONTEXT(3)
GLOBAL_UNCERTAINTY_ASSIGNED_CONTEXT((#6212))
GLOBAL_UNIT_ASSIGNED_CONTEXT((#6225,#6227,#6228))
REPRESENTATION_CONTEXT('','3D')
);
#6222=(
GEOMETRIC_REPRESENTATION_CONTEXT(3)
GLOBAL_UNCERTAINTY_ASSIGNED_CONTEXT((#6213))
GLOBAL_UNIT_ASSIGNED_CONTEXT((#6225,#6227,#6228))
REPRESENTATION_CONTEXT('','3D')
);
#6223=(
GEOMETRIC_REPRESENTATION_CONTEXT(3)
GLOBAL_UNCERTAINTY_ASSIGNED_CONTEXT((#6214))
GLOBAL_UNIT_ASSIGNED_CONTEXT((#6225,#6227,#6228))
REPRESENTATION_CONTEXT('','3D')
);
#6224=(
GEOMETRIC_REPRESENTATION_CONTEXT(3)
GLOBAL_UNCERTAINTY_ASSIGNED_CONTEXT((#6215))
GLOBAL_UNIT_ASSIGNED_CONTEXT((#6225,#6227,#6228))
REPRESENTATION_CONTEXT('','3D')
);
#6225=(
LENGTH_UNIT()
NAMED_UNIT(*)
SI_UNIT(.MILLI.,.METRE.)
);
#6226=(
LENGTH_UNIT()
NAMED_UNIT(*)
SI_UNIT($,.METRE.)
);
#6227=(
NAMED_UNIT(*)
PLANE_ANGLE_UNIT()
SI_UNIT($,.RADIAN.)
);
#6228=(
NAMED_UNIT(*)
SI_UNIT($,.STERADIAN.)
SOLID_ANGLE_UNIT()
);
#6229=SHAPE_DEFINITION_REPRESENTATION(#6237,#6254);
#6230=SHAPE_DEFINITION_REPRESENTATION(#6238,#6255);
#6231=SHAPE_DEFINITION_REPRESENTATION(#6239,#6256);
#6232=SHAPE_DEFINITION_REPRESENTATION(#6240,#6257);
#6233=SHAPE_DEFINITION_REPRESENTATION(#6241,#6258);
#6234=SHAPE_DEFINITION_REPRESENTATION(#6242,#6259);
#6235=SHAPE_DEFINITION_REPRESENTATION(#6243,#6260);
#6236=SHAPE_DEFINITION_REPRESENTATION(#6244,#6261);
#6237=PRODUCT_DEFINITION_SHAPE('',$,#6263);
#6238=PRODUCT_DEFINITION_SHAPE('',$,#6264);
#6239=PRODUCT_DEFINITION_SHAPE('',$,#6265);
#6240=PRODUCT_DEFINITION_SHAPE('',$,#6266);
#6241=PRODUCT_DEFINITION_SHAPE('',$,#6267);
#6242=PRODUCT_DEFINITION_SHAPE('',$,#6268);
#6243=PRODUCT_DEFINITION_SHAPE('',$,#6269);
#6244=PRODUCT_DEFINITION_SHAPE('',$,#6270);
#6245=PRODUCT_DEFINITION_SHAPE($,$,#38);
#6246=PRODUCT_DEFINITION_SHAPE($,$,#39);
#6247=PRODUCT_DEFINITION_SHAPE($,$,#40);
#6248=PRODUCT_DEFINITION_SHAPE($,$,#41);
#6249=PRODUCT_DEFINITION_SHAPE($,$,#42);
#6250=PRODUCT_DEFINITION_SHAPE($,$,#43);
#6251=PRODUCT_DEFINITION_SHAPE($,$,#44);
#6252=PRODUCT_DEFINITION_SHAPE($,$,#45);
#6253=PRODUCT_DEFINITION_SHAPE($,$,#46);
#6254=SHAPE_REPRESENTATION('',(#3700,#4074,#4075,#4076,#4077,#4078),#6216);
#6255=SHAPE_REPRESENTATION('',(#3701),#6217);
#6256=SHAPE_REPRESENTATION('',(#3765),#6218);
#6257=SHAPE_REPRESENTATION('',(#3833),#6219);
#6258=SHAPE_REPRESENTATION('',(#3913),#6220);
#6259=SHAPE_REPRESENTATION('',(#4025,#4070,#4071,#4072,#4073),#6221);
#6260=SHAPE_REPRESENTATION('',(#4026),#6222);
#6261=SHAPE_REPRESENTATION('',(#4033),#6223);
#6262=PRODUCT_DEFINITION_CONTEXT('part definition',#6288,'design');
#6263=PRODUCT_DEFINITION('Global-180x80x25_Assembly_1',
'Global-180x80x25_Assembly_1 v1',#6271,#6262);
#6264=PRODUCT_DEFINITION('402_SlideCover_x2_2mm_INOX',
'402_SlideCover_x2_2mm_INOX',#6272,#6262);
#6265=PRODUCT_DEFINITION('403_SlideKey_x1_2mm_INOX',
'403_SlideKey_x1_2mm_INOX',#6273,#6262);
#6266=PRODUCT_DEFINITION('450_BeamAdapter_x1_10mm_FERRO',
'450_BeamAdapter_x1_10mm_FERRO',#6274,#6262);
#6267=PRODUCT_DEFINITION('450_BeamMountPlate_x2_8mm_FERRO',
'450_BeamMountPlate_x2_8mm_FERRO',#6275,#6262);
#6268=PRODUCT_DEFINITION('480_Mould-1500-50-15','480_Mould-1500-50-15',
#6276,#6262);
#6269=PRODUCT_DEFINITION('101_Top_x2_8mm_FERRO','101_Top_x2_8mm_FERRO',
#6277,#6262);
#6270=PRODUCT_DEFINITION('101_Sides_x2_16mm_FERRO',
'101_Sides_x2_16mm_FERRO',#6278,#6262);
#6271=PRODUCT_DEFINITION_FORMATION('',$,#6290);
#6272=PRODUCT_DEFINITION_FORMATION('',$,#6291);
#6273=PRODUCT_DEFINITION_FORMATION('',$,#6292);
#6274=PRODUCT_DEFINITION_FORMATION('',$,#6293);
#6275=PRODUCT_DEFINITION_FORMATION('',$,#6294);
#6276=PRODUCT_DEFINITION_FORMATION('',$,#6295);
#6277=PRODUCT_DEFINITION_FORMATION('',$,#6296);
#6278=PRODUCT_DEFINITION_FORMATION('',$,#6297);
#6279=PRODUCT_RELATED_PRODUCT_CATEGORY('Global-180x80x25_Assembly_1 v1',
'Global-180x80x25_Assembly_1 v1',(#6290));
#6280=PRODUCT_RELATED_PRODUCT_CATEGORY('402_SlideCover_x2_2mm_INOX',
'402_SlideCover_x2_2mm_INOX',(#6291));
#6281=PRODUCT_RELATED_PRODUCT_CATEGORY('403_SlideKey_x1_2mm_INOX',
'403_SlideKey_x1_2mm_INOX',(#6292));
#6282=PRODUCT_RELATED_PRODUCT_CATEGORY('450_BeamAdapter_x1_10mm_FERRO',
'450_BeamAdapter_x1_10mm_FERRO',(#6293));
#6283=PRODUCT_RELATED_PRODUCT_CATEGORY(
'450_BeamMountPlate_x2_8mm_FERRO','450_BeamMountPlate_x2_8mm_FERRO',(#6294));
#6284=PRODUCT_RELATED_PRODUCT_CATEGORY('480_Mould-1500-50-15',
'480_Mould-1500-50-15',(#6295));
#6285=PRODUCT_RELATED_PRODUCT_CATEGORY('101_Top_x2_8mm_FERRO',
'101_Top_x2_8mm_FERRO',(#6296));
#6286=PRODUCT_RELATED_PRODUCT_CATEGORY('101_Sides_x2_16mm_FERRO',
'101_Sides_x2_16mm_FERRO',(#6297));
#6287=APPLICATION_PROTOCOL_DEFINITION('international standard',
'automotive_design',2009,#6288);
#6288=APPLICATION_CONTEXT(
'Core Data for Automotive Mechanical Design Process');
#6289=PRODUCT_CONTEXT('part definition',#6288,'mechanical');
#6290=PRODUCT('Global-180x80x25_Assembly_1',
'Global-180x80x25_Assembly_1 v1',$,(#6289));
#6291=PRODUCT('402_SlideCover_x2_2mm_INOX','402_SlideCover_x2_2mm_INOX',
$,(#6289));
#6292=PRODUCT('403_SlideKey_x1_2mm_INOX','403_SlideKey_x1_2mm_INOX',$,(#6289));
#6293=PRODUCT('450_BeamAdapter_x1_10mm_FERRO',
'450_BeamAdapter_x1_10mm_FERRO',$,(#6289));
#6294=PRODUCT('450_BeamMountPlate_x2_8mm_FERRO',
'450_BeamMountPlate_x2_8mm_FERRO',$,(#6289));
#6295=PRODUCT('480_Mould-1500-50-15','480_Mould-1500-50-15',$,(#6289));
#6296=PRODUCT('101_Top_x2_8mm_FERRO','101_Top_x2_8mm_FERRO',$,(#6289));
#6297=PRODUCT('101_Sides_x2_16mm_FERRO','101_Sides_x2_16mm_FERRO',$,(#6289));
#6298=PRESENTATION_STYLE_ASSIGNMENT((#6299));
#6299=SURFACE_STYLE_USAGE(.BOTH.,#6300);
#6300=SURFACE_SIDE_STYLE('',(#6301));
#6301=SURFACE_STYLE_FILL_AREA(#6302);
#6302=FILL_AREA_STYLE('Steel - Satin',(#6303));
#6303=FILL_AREA_STYLE_COLOUR('Steel - Satin',#6304);
#6304=COLOUR_RGB('Steel - Satin',0.627450980392157,0.627450980392157,0.627450980392157);
ENDSEC;
END-ISO-10303-21;
