ISO-10303-21;
HEADER;
/* Generated by software containing ST-Developer
 * from STEP Tools, Inc. (www.steptools.com) 
 */

FILE_DESCRIPTION(
/* description */ (''),
/* implementation_level */ '2;1');

FILE_NAME(
/* name */ 'Table-100 v1.step',
/* time_stamp */ '2026-03-14T09:17:25+01:00',
/* author */ (''),
/* organization */ (''),
/* preprocessor_version */ 'ST-DEVELOPER v20.1',
/* originating_system */ 'Autodesk Translation Framework v14.24.0.0',
/* authorisation */ '');

FILE_SCHEMA (('AUTOMOTIVE_DESIGN { 1 0 10303 214 3 1 1 }'));
ENDSEC;

DATA;
#10=MECHANICAL_DESIGN_GEOMETRIC_PRESENTATION_REPRESENTATION('',(#37,#38,
#39),#8337);
#11=ITEM_DEFINED_TRANSFORMATION($,$,#4969,#5545);
#12=ITEM_DEFINED_TRANSFORMATION($,$,#4969,#5546);
#13=ITEM_DEFINED_TRANSFORMATION($,$,#5320,#5547);
#14=ITEM_DEFINED_TRANSFORMATION($,$,#5538,#5548);
#15=ITEM_DEFINED_TRANSFORMATION($,$,#5538,#5549);
#16=(
REPRESENTATION_RELATIONSHIP($,$,#8356,#8355)
REPRESENTATION_RELATIONSHIP_WITH_TRANSFORMATION(#11)
SHAPE_REPRESENTATION_RELATIONSHIP()
);
#17=(
REPRESENTATION_RELATIONSHIP($,$,#8356,#8355)
REPRESENTATION_RELATIONSHIP_WITH_TRANSFORMATION(#12)
SHAPE_REPRESENTATION_RELATIONSHIP()
);
#18=(
REPRESENTATION_RELATIONSHIP($,$,#8357,#8355)
REPRESENTATION_RELATIONSHIP_WITH_TRANSFORMATION(#13)
SHAPE_REPRESENTATION_RELATIONSHIP()
);
#19=(
REPRESENTATION_RELATIONSHIP($,$,#8358,#8355)
REPRESENTATION_RELATIONSHIP_WITH_TRANSFORMATION(#14)
SHAPE_REPRESENTATION_RELATIONSHIP()
);
#20=(
REPRESENTATION_RELATIONSHIP($,$,#8358,#8355)
REPRESENTATION_RELATIONSHIP_WITH_TRANSFORMATION(#15)
SHAPE_REPRESENTATION_RELATIONSHIP()
);
#21=CONTEXT_DEPENDENT_SHAPE_REPRESENTATION(#16,#8350);
#22=CONTEXT_DEPENDENT_SHAPE_REPRESENTATION(#17,#8351);
#23=CONTEXT_DEPENDENT_SHAPE_REPRESENTATION(#18,#8352);
#24=CONTEXT_DEPENDENT_SHAPE_REPRESENTATION(#19,#8353);
#25=CONTEXT_DEPENDENT_SHAPE_REPRESENTATION(#20,#8354);
#26=NEXT_ASSEMBLY_USAGE_OCCURRENCE('Rail-MountPlate-Y:1',
'Rail-MountPlate-Y:1','Rail-MountPlate-Y:1',#8360,#8361,
'Rail-MountPlate-Y:1');
#27=NEXT_ASSEMBLY_USAGE_OCCURRENCE('Rail-MountPlate-Y:2',
'Rail-MountPlate-Y:2','Rail-MountPlate-Y:2',#8360,#8361,
'Rail-MountPlate-Y:2');
#28=NEXT_ASSEMBLY_USAGE_OCCURRENCE('Rail-MountPlate:1',
'Rail-MountPlate:1','Rail-MountPlate:1',#8360,#8362,'Rail-MountPlate:1');
#29=NEXT_ASSEMBLY_USAGE_OCCURRENCE('TableLink40:1','TableLink40:1',
'TableLink40:1',#8360,#8363,'TableLink40:1');
#30=NEXT_ASSEMBLY_USAGE_OCCURRENCE('TableLink40:2','TableLink40:2',
'TableLink40:2',#8360,#8363,'TableLink40:2');
#31=SHAPE_REPRESENTATION_RELATIONSHIP('SRR','None',#8356,#34);
#32=SHAPE_REPRESENTATION_RELATIONSHIP('SRR','None',#8357,#35);
#33=SHAPE_REPRESENTATION_RELATIONSHIP('SRR','None',#8358,#36);
#34=ADVANCED_BREP_SHAPE_REPRESENTATION('',(#40),#8334);
#35=ADVANCED_BREP_SHAPE_REPRESENTATION('',(#41),#8335);
#36=ADVANCED_BREP_SHAPE_REPRESENTATION('',(#42),#8336);
#37=STYLED_ITEM('',(#8379),#40);
#38=STYLED_ITEM('',(#8379),#41);
#39=STYLED_ITEM('',(#8379),#42);
#40=MANIFOLD_SOLID_BREP('Body1',#4931);
#41=MANIFOLD_SOLID_BREP('Body1',#4932);
#42=MANIFOLD_SOLID_BREP('Body1',#4933);
#43=FACE_BOUND('',#777,.T.);
#44=FACE_BOUND('',#778,.T.);
#45=FACE_BOUND('',#779,.T.);
#46=FACE_BOUND('',#780,.T.);
#47=FACE_BOUND('',#781,.T.);
#48=FACE_BOUND('',#782,.T.);
#49=FACE_BOUND('',#783,.T.);
#50=FACE_BOUND('',#784,.T.);
#51=FACE_BOUND('',#785,.T.);
#52=FACE_BOUND('',#786,.T.);
#53=FACE_BOUND('',#787,.T.);
#54=FACE_BOUND('',#788,.T.);
#55=FACE_BOUND('',#789,.T.);
#56=FACE_BOUND('',#790,.T.);
#57=FACE_BOUND('',#791,.T.);
#58=FACE_BOUND('',#792,.T.);
#59=FACE_BOUND('',#793,.T.);
#60=FACE_BOUND('',#794,.T.);
#61=FACE_BOUND('',#795,.T.);
#62=FACE_BOUND('',#796,.T.);
#63=FACE_BOUND('',#797,.T.);
#64=FACE_BOUND('',#798,.T.);
#65=FACE_BOUND('',#799,.T.);
#66=FACE_BOUND('',#800,.T.);
#67=FACE_BOUND('',#801,.T.);
#68=FACE_BOUND('',#802,.T.);
#69=FACE_BOUND('',#803,.T.);
#70=FACE_BOUND('',#804,.T.);
#71=FACE_BOUND('',#805,.T.);
#72=FACE_BOUND('',#806,.T.);
#73=FACE_BOUND('',#807,.T.);
#74=FACE_BOUND('',#808,.T.);
#75=FACE_BOUND('',#809,.T.);
#76=FACE_BOUND('',#810,.T.);
#77=FACE_BOUND('',#811,.T.);
#78=FACE_BOUND('',#812,.T.);
#79=FACE_BOUND('',#813,.T.);
#80=FACE_BOUND('',#814,.T.);
#81=FACE_BOUND('',#815,.T.);
#82=FACE_BOUND('',#816,.T.);
#83=FACE_BOUND('',#817,.T.);
#84=FACE_BOUND('',#818,.T.);
#85=FACE_BOUND('',#819,.T.);
#86=FACE_BOUND('',#820,.T.);
#87=FACE_BOUND('',#821,.T.);
#88=FACE_BOUND('',#822,.T.);
#89=FACE_BOUND('',#823,.T.);
#90=FACE_BOUND('',#824,.T.);
#91=FACE_BOUND('',#825,.T.);
#92=FACE_BOUND('',#826,.T.);
#93=FACE_BOUND('',#827,.T.);
#94=FACE_BOUND('',#828,.T.);
#95=FACE_BOUND('',#829,.T.);
#96=FACE_BOUND('',#830,.T.);
#97=FACE_BOUND('',#831,.T.);
#98=FACE_BOUND('',#832,.T.);
#99=FACE_BOUND('',#833,.T.);
#100=FACE_BOUND('',#834,.T.);
#101=FACE_BOUND('',#835,.T.);
#102=FACE_BOUND('',#836,.T.);
#103=FACE_BOUND('',#837,.T.);
#104=FACE_BOUND('',#838,.T.);
#105=FACE_BOUND('',#839,.T.);
#106=FACE_BOUND('',#840,.T.);
#107=FACE_BOUND('',#841,.T.);
#108=FACE_BOUND('',#842,.T.);
#109=FACE_BOUND('',#843,.T.);
#110=FACE_BOUND('',#844,.T.);
#111=FACE_BOUND('',#845,.T.);
#112=FACE_BOUND('',#846,.T.);
#113=FACE_BOUND('',#847,.T.);
#114=FACE_BOUND('',#848,.T.);
#115=FACE_BOUND('',#849,.T.);
#116=FACE_BOUND('',#850,.T.);
#117=FACE_BOUND('',#851,.T.);
#118=FACE_BOUND('',#852,.T.);
#119=FACE_BOUND('',#853,.T.);
#120=FACE_BOUND('',#854,.T.);
#121=FACE_BOUND('',#855,.T.);
#122=FACE_BOUND('',#856,.T.);
#123=FACE_BOUND('',#857,.T.);
#124=FACE_BOUND('',#858,.T.);
#125=FACE_BOUND('',#859,.T.);
#126=FACE_BOUND('',#860,.T.);
#127=FACE_BOUND('',#861,.T.);
#128=FACE_BOUND('',#862,.T.);
#129=FACE_BOUND('',#863,.T.);
#130=FACE_BOUND('',#864,.T.);
#131=FACE_BOUND('',#865,.T.);
#132=FACE_BOUND('',#866,.T.);
#133=FACE_BOUND('',#867,.T.);
#134=FACE_BOUND('',#868,.T.);
#135=FACE_BOUND('',#869,.T.);
#136=FACE_BOUND('',#870,.T.);
#137=FACE_BOUND('',#871,.T.);
#138=FACE_BOUND('',#872,.T.);
#139=FACE_BOUND('',#873,.T.);
#140=FACE_BOUND('',#874,.T.);
#141=FACE_BOUND('',#875,.T.);
#142=FACE_BOUND('',#876,.T.);
#143=FACE_BOUND('',#878,.T.);
#144=FACE_BOUND('',#879,.T.);
#145=FACE_BOUND('',#880,.T.);
#146=FACE_BOUND('',#881,.T.);
#147=FACE_BOUND('',#882,.T.);
#148=FACE_BOUND('',#883,.T.);
#149=FACE_BOUND('',#884,.T.);
#150=FACE_BOUND('',#885,.T.);
#151=FACE_BOUND('',#886,.T.);
#152=FACE_BOUND('',#887,.T.);
#153=FACE_BOUND('',#888,.T.);
#154=FACE_BOUND('',#889,.T.);
#155=FACE_BOUND('',#890,.T.);
#156=FACE_BOUND('',#891,.T.);
#157=FACE_BOUND('',#892,.T.);
#158=FACE_BOUND('',#893,.T.);
#159=FACE_BOUND('',#894,.T.);
#160=FACE_BOUND('',#895,.T.);
#161=FACE_BOUND('',#896,.T.);
#162=FACE_BOUND('',#897,.T.);
#163=FACE_BOUND('',#898,.T.);
#164=FACE_BOUND('',#899,.T.);
#165=FACE_BOUND('',#900,.T.);
#166=FACE_BOUND('',#901,.T.);
#167=FACE_BOUND('',#902,.T.);
#168=FACE_BOUND('',#903,.T.);
#169=FACE_BOUND('',#904,.T.);
#170=FACE_BOUND('',#905,.T.);
#171=FACE_BOUND('',#906,.T.);
#172=FACE_BOUND('',#908,.T.);
#173=FACE_BOUND('',#909,.T.);
#174=FACE_BOUND('',#910,.T.);
#175=FACE_BOUND('',#911,.T.);
#176=FACE_BOUND('',#912,.T.);
#177=FACE_BOUND('',#913,.T.);
#178=FACE_BOUND('',#914,.T.);
#179=FACE_BOUND('',#915,.T.);
#180=FACE_BOUND('',#916,.T.);
#181=FACE_BOUND('',#917,.T.);
#182=FACE_BOUND('',#918,.T.);
#183=FACE_BOUND('',#919,.T.);
#184=FACE_BOUND('',#920,.T.);
#185=FACE_BOUND('',#921,.T.);
#186=FACE_BOUND('',#922,.T.);
#187=FACE_BOUND('',#923,.T.);
#188=FACE_BOUND('',#924,.T.);
#189=FACE_BOUND('',#925,.T.);
#190=FACE_BOUND('',#926,.T.);
#191=FACE_BOUND('',#927,.T.);
#192=FACE_BOUND('',#928,.T.);
#193=FACE_BOUND('',#929,.T.);
#194=FACE_BOUND('',#930,.T.);
#195=FACE_BOUND('',#931,.T.);
#196=FACE_BOUND('',#932,.T.);
#197=FACE_BOUND('',#933,.T.);
#198=FACE_BOUND('',#934,.T.);
#199=FACE_BOUND('',#935,.T.);
#200=FACE_BOUND('',#936,.T.);
#201=FACE_BOUND('',#937,.T.);
#202=FACE_BOUND('',#938,.T.);
#203=FACE_BOUND('',#939,.T.);
#204=FACE_BOUND('',#940,.T.);
#205=FACE_BOUND('',#941,.T.);
#206=FACE_BOUND('',#942,.T.);
#207=FACE_BOUND('',#943,.T.);
#208=FACE_BOUND('',#944,.T.);
#209=FACE_BOUND('',#945,.T.);
#210=FACE_BOUND('',#946,.T.);
#211=FACE_BOUND('',#947,.T.);
#212=FACE_BOUND('',#948,.T.);
#213=FACE_BOUND('',#949,.T.);
#214=FACE_BOUND('',#950,.T.);
#215=FACE_BOUND('',#951,.T.);
#216=FACE_BOUND('',#952,.T.);
#217=FACE_BOUND('',#956,.T.);
#218=FACE_BOUND('',#957,.T.);
#219=FACE_BOUND('',#958,.T.);
#220=FACE_BOUND('',#959,.T.);
#221=FACE_BOUND('',#960,.T.);
#222=FACE_BOUND('',#961,.T.);
#223=FACE_BOUND('',#965,.T.);
#224=FACE_BOUND('',#966,.T.);
#225=FACE_BOUND('',#967,.T.);
#226=FACE_BOUND('',#968,.T.);
#227=FACE_BOUND('',#969,.T.);
#228=FACE_BOUND('',#970,.T.);
#229=FACE_BOUND('',#974,.T.);
#230=FACE_BOUND('',#975,.T.);
#231=FACE_BOUND('',#976,.T.);
#232=FACE_BOUND('',#977,.T.);
#233=FACE_BOUND('',#978,.T.);
#234=FACE_BOUND('',#979,.T.);
#235=FACE_BOUND('',#980,.T.);
#236=FACE_BOUND('',#984,.T.);
#237=FACE_BOUND('',#985,.T.);
#238=FACE_BOUND('',#986,.T.);
#239=FACE_BOUND('',#987,.T.);
#240=FACE_BOUND('',#988,.T.);
#241=FACE_BOUND('',#989,.T.);
#242=FACE_BOUND('',#990,.T.);
#243=FACE_BOUND('',#995,.T.);
#244=FACE_BOUND('',#997,.T.);
#245=FACE_BOUND('',#999,.T.);
#246=FACE_BOUND('',#1001,.T.);
#247=FACE_BOUND('',#1003,.T.);
#248=FACE_BOUND('',#1005,.T.);
#249=FACE_BOUND('',#1007,.T.);
#250=FACE_BOUND('',#1009,.T.);
#251=FACE_BOUND('',#1069,.T.);
#252=FACE_BOUND('',#1070,.T.);
#253=FACE_BOUND('',#1071,.T.);
#254=FACE_BOUND('',#1072,.T.);
#255=FACE_BOUND('',#1073,.T.);
#256=FACE_BOUND('',#1074,.T.);
#257=FACE_BOUND('',#1075,.T.);
#258=FACE_BOUND('',#1076,.T.);
#259=FACE_BOUND('',#1077,.T.);
#260=FACE_BOUND('',#1078,.T.);
#261=FACE_BOUND('',#1079,.T.);
#262=FACE_BOUND('',#1080,.T.);
#263=FACE_BOUND('',#1081,.T.);
#264=FACE_BOUND('',#1082,.T.);
#265=FACE_BOUND('',#1083,.T.);
#266=FACE_BOUND('',#1084,.T.);
#267=FACE_BOUND('',#1085,.T.);
#268=FACE_BOUND('',#1086,.T.);
#269=FACE_BOUND('',#1087,.T.);
#270=FACE_BOUND('',#1088,.T.);
#271=FACE_BOUND('',#1089,.T.);
#272=FACE_BOUND('',#1090,.T.);
#273=FACE_BOUND('',#1091,.T.);
#274=FACE_BOUND('',#1092,.T.);
#275=FACE_BOUND('',#1093,.T.);
#276=FACE_BOUND('',#1094,.T.);
#277=FACE_BOUND('',#1095,.T.);
#278=FACE_BOUND('',#1096,.T.);
#279=FACE_BOUND('',#1097,.T.);
#280=FACE_BOUND('',#1098,.T.);
#281=FACE_BOUND('',#1099,.T.);
#282=FACE_BOUND('',#1100,.T.);
#283=FACE_BOUND('',#1101,.T.);
#284=FACE_BOUND('',#1102,.T.);
#285=FACE_BOUND('',#1103,.T.);
#286=FACE_BOUND('',#1104,.T.);
#287=FACE_BOUND('',#1105,.T.);
#288=FACE_BOUND('',#1106,.T.);
#289=FACE_BOUND('',#1107,.T.);
#290=FACE_BOUND('',#1108,.T.);
#291=FACE_BOUND('',#1109,.T.);
#292=FACE_BOUND('',#1110,.T.);
#293=FACE_BOUND('',#1111,.T.);
#294=FACE_BOUND('',#1112,.T.);
#295=FACE_BOUND('',#1113,.T.);
#296=FACE_BOUND('',#1114,.T.);
#297=FACE_BOUND('',#1115,.T.);
#298=FACE_BOUND('',#1116,.T.);
#299=FACE_BOUND('',#1117,.T.);
#300=FACE_BOUND('',#1118,.T.);
#301=FACE_BOUND('',#1119,.T.);
#302=FACE_BOUND('',#1120,.T.);
#303=FACE_BOUND('',#1121,.T.);
#304=FACE_BOUND('',#1122,.T.);
#305=FACE_BOUND('',#1123,.T.);
#306=FACE_BOUND('',#1124,.T.);
#307=FACE_BOUND('',#1125,.T.);
#308=FACE_BOUND('',#1126,.T.);
#309=FACE_BOUND('',#1128,.T.);
#310=FACE_BOUND('',#1129,.T.);
#311=FACE_BOUND('',#1130,.T.);
#312=FACE_BOUND('',#1131,.T.);
#313=FACE_BOUND('',#1132,.T.);
#314=FACE_BOUND('',#1133,.T.);
#315=FACE_BOUND('',#1134,.T.);
#316=FACE_BOUND('',#1135,.T.);
#317=FACE_BOUND('',#1136,.T.);
#318=FACE_BOUND('',#1137,.T.);
#319=FACE_BOUND('',#1138,.T.);
#320=FACE_BOUND('',#1139,.T.);
#321=FACE_BOUND('',#1140,.T.);
#322=FACE_BOUND('',#1141,.T.);
#323=FACE_BOUND('',#1142,.T.);
#324=FACE_BOUND('',#1143,.T.);
#325=FACE_BOUND('',#1144,.T.);
#326=FACE_BOUND('',#1145,.T.);
#327=FACE_BOUND('',#1146,.T.);
#328=FACE_BOUND('',#1147,.T.);
#329=FACE_BOUND('',#1148,.T.);
#330=FACE_BOUND('',#1149,.T.);
#331=FACE_BOUND('',#1150,.T.);
#332=FACE_BOUND('',#1151,.T.);
#333=FACE_BOUND('',#1152,.T.);
#334=FACE_BOUND('',#1153,.T.);
#335=FACE_BOUND('',#1154,.T.);
#336=FACE_BOUND('',#1155,.T.);
#337=FACE_BOUND('',#1156,.T.);
#338=FACE_BOUND('',#1157,.T.);
#339=FACE_BOUND('',#1158,.T.);
#340=FACE_BOUND('',#1159,.T.);
#341=FACE_BOUND('',#1160,.T.);
#342=FACE_BOUND('',#1161,.T.);
#343=FACE_BOUND('',#1162,.T.);
#344=FACE_BOUND('',#1163,.T.);
#345=FACE_BOUND('',#1164,.T.);
#346=FACE_BOUND('',#1165,.T.);
#347=FACE_BOUND('',#1166,.T.);
#348=FACE_BOUND('',#1167,.T.);
#349=FACE_BOUND('',#1168,.T.);
#350=FACE_BOUND('',#1169,.T.);
#351=FACE_BOUND('',#1170,.T.);
#352=FACE_BOUND('',#1171,.T.);
#353=FACE_BOUND('',#1172,.T.);
#354=FACE_BOUND('',#1173,.T.);
#355=FACE_BOUND('',#1174,.T.);
#356=FACE_BOUND('',#1184,.T.);
#357=FACE_BOUND('',#1185,.T.);
#358=FACE_BOUND('',#1186,.T.);
#359=FACE_BOUND('',#1187,.T.);
#360=FACE_BOUND('',#1193,.T.);
#361=FACE_BOUND('',#1194,.T.);
#362=FACE_BOUND('',#1195,.T.);
#363=FACE_BOUND('',#1196,.T.);
#364=FACE_BOUND('',#1202,.T.);
#365=FACE_BOUND('',#1203,.T.);
#366=FACE_BOUND('',#1204,.T.);
#367=FACE_BOUND('',#1205,.T.);
#368=FACE_BOUND('',#1211,.T.);
#369=FACE_BOUND('',#1212,.T.);
#370=FACE_BOUND('',#1213,.T.);
#371=FACE_BOUND('',#1214,.T.);
#372=PLANE('',#5294);
#373=PLANE('',#5295);
#374=PLANE('',#5296);
#375=PLANE('',#5297);
#376=PLANE('',#5298);
#377=PLANE('',#5299);
#378=PLANE('',#5300);
#379=PLANE('',#5301);
#380=PLANE('',#5302);
#381=PLANE('',#5303);
#382=PLANE('',#5304);
#383=PLANE('',#5305);
#384=PLANE('',#5306);
#385=PLANE('',#5307);
#386=PLANE('',#5308);
#387=PLANE('',#5309);
#388=PLANE('',#5310);
#389=PLANE('',#5311);
#390=PLANE('',#5312);
#391=PLANE('',#5313);
#392=PLANE('',#5314);
#393=PLANE('',#5315);
#394=PLANE('',#5316);
#395=PLANE('',#5317);
#396=PLANE('',#5318);
#397=PLANE('',#5319);
#398=PLANE('',#5495);
#399=PLANE('',#5496);
#400=PLANE('',#5501);
#401=PLANE('',#5502);
#402=PLANE('',#5503);
#403=PLANE('',#5504);
#404=PLANE('',#5505);
#405=PLANE('',#5506);
#406=PLANE('',#5507);
#407=PLANE('',#5508);
#408=PLANE('',#5509);
#409=PLANE('',#5510);
#410=PLANE('',#5511);
#411=PLANE('',#5512);
#412=PLANE('',#5513);
#413=PLANE('',#5514);
#414=PLANE('',#5515);
#415=PLANE('',#5516);
#416=PLANE('',#5517);
#417=PLANE('',#5518);
#418=PLANE('',#5519);
#419=PLANE('',#5520);
#420=PLANE('',#5521);
#421=PLANE('',#5522);
#422=PLANE('',#5523);
#423=PLANE('',#5524);
#424=PLANE('',#5527);
#425=PLANE('',#5530);
#426=PLANE('',#5533);
#427=PLANE('',#5536);
#428=PLANE('',#5537);
#429=PLANE('',#5539);
#430=PLANE('',#5540);
#431=PLANE('',#5541);
#432=PLANE('',#5542);
#433=PLANE('',#5543);
#434=PLANE('',#5544);
#435=FACE_OUTER_BOUND('',#668,.T.);
#436=FACE_OUTER_BOUND('',#669,.T.);
#437=FACE_OUTER_BOUND('',#670,.T.);
#438=FACE_OUTER_BOUND('',#671,.T.);
#439=FACE_OUTER_BOUND('',#672,.T.);
#440=FACE_OUTER_BOUND('',#673,.T.);
#441=FACE_OUTER_BOUND('',#674,.T.);
#442=FACE_OUTER_BOUND('',#675,.T.);
#443=FACE_OUTER_BOUND('',#676,.T.);
#444=FACE_OUTER_BOUND('',#677,.T.);
#445=FACE_OUTER_BOUND('',#678,.T.);
#446=FACE_OUTER_BOUND('',#679,.T.);
#447=FACE_OUTER_BOUND('',#680,.T.);
#448=FACE_OUTER_BOUND('',#681,.T.);
#449=FACE_OUTER_BOUND('',#682,.T.);
#450=FACE_OUTER_BOUND('',#683,.T.);
#451=FACE_OUTER_BOUND('',#684,.T.);
#452=FACE_OUTER_BOUND('',#685,.T.);
#453=FACE_OUTER_BOUND('',#686,.T.);
#454=FACE_OUTER_BOUND('',#687,.T.);
#455=FACE_OUTER_BOUND('',#688,.T.);
#456=FACE_OUTER_BOUND('',#689,.T.);
#457=FACE_OUTER_BOUND('',#690,.T.);
#458=FACE_OUTER_BOUND('',#691,.T.);
#459=FACE_OUTER_BOUND('',#692,.T.);
#460=FACE_OUTER_BOUND('',#693,.T.);
#461=FACE_OUTER_BOUND('',#694,.T.);
#462=FACE_OUTER_BOUND('',#695,.T.);
#463=FACE_OUTER_BOUND('',#696,.T.);
#464=FACE_OUTER_BOUND('',#697,.T.);
#465=FACE_OUTER_BOUND('',#698,.T.);
#466=FACE_OUTER_BOUND('',#699,.T.);
#467=FACE_OUTER_BOUND('',#700,.T.);
#468=FACE_OUTER_BOUND('',#701,.T.);
#469=FACE_OUTER_BOUND('',#702,.T.);
#470=FACE_OUTER_BOUND('',#703,.T.);
#471=FACE_OUTER_BOUND('',#704,.T.);
#472=FACE_OUTER_BOUND('',#705,.T.);
#473=FACE_OUTER_BOUND('',#706,.T.);
#474=FACE_OUTER_BOUND('',#707,.T.);
#475=FACE_OUTER_BOUND('',#708,.T.);
#476=FACE_OUTER_BOUND('',#709,.T.);
#477=FACE_OUTER_BOUND('',#710,.T.);
#478=FACE_OUTER_BOUND('',#711,.T.);
#479=FACE_OUTER_BOUND('',#712,.T.);
#480=FACE_OUTER_BOUND('',#713,.T.);
#481=FACE_OUTER_BOUND('',#714,.T.);
#482=FACE_OUTER_BOUND('',#715,.T.);
#483=FACE_OUTER_BOUND('',#716,.T.);
#484=FACE_OUTER_BOUND('',#717,.T.);
#485=FACE_OUTER_BOUND('',#718,.T.);
#486=FACE_OUTER_BOUND('',#719,.T.);
#487=FACE_OUTER_BOUND('',#720,.T.);
#488=FACE_OUTER_BOUND('',#721,.T.);
#489=FACE_OUTER_BOUND('',#722,.T.);
#490=FACE_OUTER_BOUND('',#723,.T.);
#491=FACE_OUTER_BOUND('',#724,.T.);
#492=FACE_OUTER_BOUND('',#725,.T.);
#493=FACE_OUTER_BOUND('',#726,.T.);
#494=FACE_OUTER_BOUND('',#727,.T.);
#495=FACE_OUTER_BOUND('',#728,.T.);
#496=FACE_OUTER_BOUND('',#729,.T.);
#497=FACE_OUTER_BOUND('',#730,.T.);
#498=FACE_OUTER_BOUND('',#731,.T.);
#499=FACE_OUTER_BOUND('',#732,.T.);
#500=FACE_OUTER_BOUND('',#733,.T.);
#501=FACE_OUTER_BOUND('',#734,.T.);
#502=FACE_OUTER_BOUND('',#735,.T.);
#503=FACE_OUTER_BOUND('',#736,.T.);
#504=FACE_OUTER_BOUND('',#737,.T.);
#505=FACE_OUTER_BOUND('',#738,.T.);
#506=FACE_OUTER_BOUND('',#739,.T.);
#507=FACE_OUTER_BOUND('',#740,.T.);
#508=FACE_OUTER_BOUND('',#741,.T.);
#509=FACE_OUTER_BOUND('',#742,.T.);
#510=FACE_OUTER_BOUND('',#743,.T.);
#511=FACE_OUTER_BOUND('',#744,.T.);
#512=FACE_OUTER_BOUND('',#745,.T.);
#513=FACE_OUTER_BOUND('',#746,.T.);
#514=FACE_OUTER_BOUND('',#747,.T.);
#515=FACE_OUTER_BOUND('',#748,.T.);
#516=FACE_OUTER_BOUND('',#749,.T.);
#517=FACE_OUTER_BOUND('',#750,.T.);
#518=FACE_OUTER_BOUND('',#751,.T.);
#519=FACE_OUTER_BOUND('',#752,.T.);
#520=FACE_OUTER_BOUND('',#753,.T.);
#521=FACE_OUTER_BOUND('',#754,.T.);
#522=FACE_OUTER_BOUND('',#755,.T.);
#523=FACE_OUTER_BOUND('',#756,.T.);
#524=FACE_OUTER_BOUND('',#757,.T.);
#525=FACE_OUTER_BOUND('',#758,.T.);
#526=FACE_OUTER_BOUND('',#759,.T.);
#527=FACE_OUTER_BOUND('',#760,.T.);
#528=FACE_OUTER_BOUND('',#761,.T.);
#529=FACE_OUTER_BOUND('',#762,.T.);
#530=FACE_OUTER_BOUND('',#763,.T.);
#531=FACE_OUTER_BOUND('',#764,.T.);
#532=FACE_OUTER_BOUND('',#765,.T.);
#533=FACE_OUTER_BOUND('',#766,.T.);
#534=FACE_OUTER_BOUND('',#767,.T.);
#535=FACE_OUTER_BOUND('',#768,.T.);
#536=FACE_OUTER_BOUND('',#769,.T.);
#537=FACE_OUTER_BOUND('',#770,.T.);
#538=FACE_OUTER_BOUND('',#771,.T.);
#539=FACE_OUTER_BOUND('',#772,.T.);
#540=FACE_OUTER_BOUND('',#773,.T.);
#541=FACE_OUTER_BOUND('',#774,.T.);
#542=FACE_OUTER_BOUND('',#775,.T.);
#543=FACE_OUTER_BOUND('',#776,.T.);
#544=FACE_OUTER_BOUND('',#877,.T.);
#545=FACE_OUTER_BOUND('',#907,.T.);
#546=FACE_OUTER_BOUND('',#953,.T.);
#547=FACE_OUTER_BOUND('',#954,.T.);
#548=FACE_OUTER_BOUND('',#955,.T.);
#549=FACE_OUTER_BOUND('',#962,.T.);
#550=FACE_OUTER_BOUND('',#963,.T.);
#551=FACE_OUTER_BOUND('',#964,.T.);
#552=FACE_OUTER_BOUND('',#971,.T.);
#553=FACE_OUTER_BOUND('',#972,.T.);
#554=FACE_OUTER_BOUND('',#973,.T.);
#555=FACE_OUTER_BOUND('',#981,.T.);
#556=FACE_OUTER_BOUND('',#982,.T.);
#557=FACE_OUTER_BOUND('',#983,.T.);
#558=FACE_OUTER_BOUND('',#991,.T.);
#559=FACE_OUTER_BOUND('',#992,.T.);
#560=FACE_OUTER_BOUND('',#993,.T.);
#561=FACE_OUTER_BOUND('',#994,.T.);
#562=FACE_OUTER_BOUND('',#996,.T.);
#563=FACE_OUTER_BOUND('',#998,.T.);
#564=FACE_OUTER_BOUND('',#1000,.T.);
#565=FACE_OUTER_BOUND('',#1002,.T.);
#566=FACE_OUTER_BOUND('',#1004,.T.);
#567=FACE_OUTER_BOUND('',#1006,.T.);
#568=FACE_OUTER_BOUND('',#1008,.T.);
#569=FACE_OUTER_BOUND('',#1010,.T.);
#570=FACE_OUTER_BOUND('',#1011,.T.);
#571=FACE_OUTER_BOUND('',#1012,.T.);
#572=FACE_OUTER_BOUND('',#1013,.T.);
#573=FACE_OUTER_BOUND('',#1014,.T.);
#574=FACE_OUTER_BOUND('',#1015,.T.);
#575=FACE_OUTER_BOUND('',#1016,.T.);
#576=FACE_OUTER_BOUND('',#1017,.T.);
#577=FACE_OUTER_BOUND('',#1018,.T.);
#578=FACE_OUTER_BOUND('',#1019,.T.);
#579=FACE_OUTER_BOUND('',#1020,.T.);
#580=FACE_OUTER_BOUND('',#1021,.T.);
#581=FACE_OUTER_BOUND('',#1022,.T.);
#582=FACE_OUTER_BOUND('',#1023,.T.);
#583=FACE_OUTER_BOUND('',#1024,.T.);
#584=FACE_OUTER_BOUND('',#1025,.T.);
#585=FACE_OUTER_BOUND('',#1026,.T.);
#586=FACE_OUTER_BOUND('',#1027,.T.);
#587=FACE_OUTER_BOUND('',#1028,.T.);
#588=FACE_OUTER_BOUND('',#1029,.T.);
#589=FACE_OUTER_BOUND('',#1030,.T.);
#590=FACE_OUTER_BOUND('',#1031,.T.);
#591=FACE_OUTER_BOUND('',#1032,.T.);
#592=FACE_OUTER_BOUND('',#1033,.T.);
#593=FACE_OUTER_BOUND('',#1034,.T.);
#594=FACE_OUTER_BOUND('',#1035,.T.);
#595=FACE_OUTER_BOUND('',#1036,.T.);
#596=FACE_OUTER_BOUND('',#1037,.T.);
#597=FACE_OUTER_BOUND('',#1038,.T.);
#598=FACE_OUTER_BOUND('',#1039,.T.);
#599=FACE_OUTER_BOUND('',#1040,.T.);
#600=FACE_OUTER_BOUND('',#1041,.T.);
#601=FACE_OUTER_BOUND('',#1042,.T.);
#602=FACE_OUTER_BOUND('',#1043,.T.);
#603=FACE_OUTER_BOUND('',#1044,.T.);
#604=FACE_OUTER_BOUND('',#1045,.T.);
#605=FACE_OUTER_BOUND('',#1046,.T.);
#606=FACE_OUTER_BOUND('',#1047,.T.);
#607=FACE_OUTER_BOUND('',#1048,.T.);
#608=FACE_OUTER_BOUND('',#1049,.T.);
#609=FACE_OUTER_BOUND('',#1050,.T.);
#610=FACE_OUTER_BOUND('',#1051,.T.);
#611=FACE_OUTER_BOUND('',#1052,.T.);
#612=FACE_OUTER_BOUND('',#1053,.T.);
#613=FACE_OUTER_BOUND('',#1054,.T.);
#614=FACE_OUTER_BOUND('',#1055,.T.);
#615=FACE_OUTER_BOUND('',#1056,.T.);
#616=FACE_OUTER_BOUND('',#1057,.T.);
#617=FACE_OUTER_BOUND('',#1058,.T.);
#618=FACE_OUTER_BOUND('',#1059,.T.);
#619=FACE_OUTER_BOUND('',#1060,.T.);
#620=FACE_OUTER_BOUND('',#1061,.T.);
#621=FACE_OUTER_BOUND('',#1062,.T.);
#622=FACE_OUTER_BOUND('',#1063,.T.);
#623=FACE_OUTER_BOUND('',#1064,.T.);
#624=FACE_OUTER_BOUND('',#1065,.T.);
#625=FACE_OUTER_BOUND('',#1066,.T.);
#626=FACE_OUTER_BOUND('',#1067,.T.);
#627=FACE_OUTER_BOUND('',#1068,.T.);
#628=FACE_OUTER_BOUND('',#1127,.T.);
#629=FACE_OUTER_BOUND('',#1175,.T.);
#630=FACE_OUTER_BOUND('',#1176,.T.);
#631=FACE_OUTER_BOUND('',#1177,.T.);
#632=FACE_OUTER_BOUND('',#1178,.T.);
#633=FACE_OUTER_BOUND('',#1179,.T.);
#634=FACE_OUTER_BOUND('',#1180,.T.);
#635=FACE_OUTER_BOUND('',#1181,.T.);
#636=FACE_OUTER_BOUND('',#1182,.T.);
#637=FACE_OUTER_BOUND('',#1183,.T.);
#638=FACE_OUTER_BOUND('',#1188,.T.);
#639=FACE_OUTER_BOUND('',#1189,.T.);
#640=FACE_OUTER_BOUND('',#1190,.T.);
#641=FACE_OUTER_BOUND('',#1191,.T.);
#642=FACE_OUTER_BOUND('',#1192,.T.);
#643=FACE_OUTER_BOUND('',#1197,.T.);
#644=FACE_OUTER_BOUND('',#1198,.T.);
#645=FACE_OUTER_BOUND('',#1199,.T.);
#646=FACE_OUTER_BOUND('',#1200,.T.);
#647=FACE_OUTER_BOUND('',#1201,.T.);
#648=FACE_OUTER_BOUND('',#1206,.T.);
#649=FACE_OUTER_BOUND('',#1207,.T.);
#650=FACE_OUTER_BOUND('',#1208,.T.);
#651=FACE_OUTER_BOUND('',#1209,.T.);
#652=FACE_OUTER_BOUND('',#1210,.T.);
#653=FACE_OUTER_BOUND('',#1215,.T.);
#654=FACE_OUTER_BOUND('',#1216,.T.);
#655=FACE_OUTER_BOUND('',#1217,.T.);
#656=FACE_OUTER_BOUND('',#1218,.T.);
#657=FACE_OUTER_BOUND('',#1219,.T.);
#658=FACE_OUTER_BOUND('',#1220,.T.);
#659=FACE_OUTER_BOUND('',#1221,.T.);
#660=FACE_OUTER_BOUND('',#1222,.T.);
#661=FACE_OUTER_BOUND('',#1223,.T.);
#662=FACE_OUTER_BOUND('',#1224,.T.);
#663=FACE_OUTER_BOUND('',#1225,.T.);
#664=FACE_OUTER_BOUND('',#1226,.T.);
#665=FACE_OUTER_BOUND('',#1227,.T.);
#666=FACE_OUTER_BOUND('',#1228,.T.);
#667=FACE_OUTER_BOUND('',#1229,.T.);
#668=EDGE_LOOP('',(#3244,#3245,#3246,#3247));
#669=EDGE_LOOP('',(#3248,#3249,#3250,#3251));
#670=EDGE_LOOP('',(#3252,#3253,#3254,#3255));
#671=EDGE_LOOP('',(#3256,#3257,#3258,#3259));
#672=EDGE_LOOP('',(#3260,#3261,#3262,#3263));
#673=EDGE_LOOP('',(#3264,#3265,#3266,#3267));
#674=EDGE_LOOP('',(#3268,#3269,#3270,#3271));
#675=EDGE_LOOP('',(#3272,#3273,#3274,#3275));
#676=EDGE_LOOP('',(#3276,#3277,#3278,#3279));
#677=EDGE_LOOP('',(#3280,#3281,#3282,#3283));
#678=EDGE_LOOP('',(#3284,#3285,#3286,#3287));
#679=EDGE_LOOP('',(#3288,#3289,#3290,#3291));
#680=EDGE_LOOP('',(#3292,#3293,#3294,#3295));
#681=EDGE_LOOP('',(#3296,#3297,#3298,#3299));
#682=EDGE_LOOP('',(#3300,#3301,#3302,#3303));
#683=EDGE_LOOP('',(#3304,#3305,#3306,#3307));
#684=EDGE_LOOP('',(#3308,#3309,#3310,#3311));
#685=EDGE_LOOP('',(#3312,#3313,#3314,#3315));
#686=EDGE_LOOP('',(#3316,#3317,#3318,#3319));
#687=EDGE_LOOP('',(#3320,#3321,#3322,#3323));
#688=EDGE_LOOP('',(#3324,#3325,#3326,#3327));
#689=EDGE_LOOP('',(#3328,#3329,#3330,#3331));
#690=EDGE_LOOP('',(#3332,#3333,#3334,#3335));
#691=EDGE_LOOP('',(#3336,#3337,#3338,#3339));
#692=EDGE_LOOP('',(#3340,#3341,#3342,#3343));
#693=EDGE_LOOP('',(#3344,#3345,#3346,#3347));
#694=EDGE_LOOP('',(#3348,#3349,#3350,#3351));
#695=EDGE_LOOP('',(#3352,#3353,#3354,#3355));
#696=EDGE_LOOP('',(#3356,#3357,#3358,#3359));
#697=EDGE_LOOP('',(#3360,#3361,#3362,#3363));
#698=EDGE_LOOP('',(#3364,#3365,#3366,#3367));
#699=EDGE_LOOP('',(#3368,#3369,#3370,#3371));
#700=EDGE_LOOP('',(#3372,#3373,#3374,#3375));
#701=EDGE_LOOP('',(#3376,#3377,#3378,#3379));
#702=EDGE_LOOP('',(#3380,#3381,#3382,#3383));
#703=EDGE_LOOP('',(#3384,#3385,#3386,#3387));
#704=EDGE_LOOP('',(#3388,#3389,#3390,#3391));
#705=EDGE_LOOP('',(#3392,#3393,#3394,#3395));
#706=EDGE_LOOP('',(#3396,#3397,#3398,#3399));
#707=EDGE_LOOP('',(#3400,#3401,#3402,#3403));
#708=EDGE_LOOP('',(#3404,#3405,#3406,#3407));
#709=EDGE_LOOP('',(#3408,#3409,#3410,#3411));
#710=EDGE_LOOP('',(#3412,#3413,#3414,#3415));
#711=EDGE_LOOP('',(#3416,#3417,#3418,#3419));
#712=EDGE_LOOP('',(#3420,#3421,#3422,#3423));
#713=EDGE_LOOP('',(#3424,#3425,#3426,#3427));
#714=EDGE_LOOP('',(#3428,#3429,#3430,#3431));
#715=EDGE_LOOP('',(#3432,#3433,#3434,#3435));
#716=EDGE_LOOP('',(#3436,#3437,#3438,#3439));
#717=EDGE_LOOP('',(#3440,#3441,#3442,#3443));
#718=EDGE_LOOP('',(#3444,#3445,#3446,#3447));
#719=EDGE_LOOP('',(#3448,#3449,#3450,#3451));
#720=EDGE_LOOP('',(#3452,#3453,#3454,#3455));
#721=EDGE_LOOP('',(#3456,#3457,#3458,#3459));
#722=EDGE_LOOP('',(#3460,#3461,#3462,#3463));
#723=EDGE_LOOP('',(#3464,#3465,#3466,#3467));
#724=EDGE_LOOP('',(#3468,#3469,#3470,#3471));
#725=EDGE_LOOP('',(#3472,#3473,#3474,#3475));
#726=EDGE_LOOP('',(#3476,#3477,#3478,#3479));
#727=EDGE_LOOP('',(#3480,#3481,#3482,#3483));
#728=EDGE_LOOP('',(#3484,#3485,#3486,#3487));
#729=EDGE_LOOP('',(#3488,#3489,#3490,#3491));
#730=EDGE_LOOP('',(#3492,#3493,#3494,#3495));
#731=EDGE_LOOP('',(#3496,#3497,#3498,#3499));
#732=EDGE_LOOP('',(#3500,#3501,#3502,#3503));
#733=EDGE_LOOP('',(#3504,#3505,#3506,#3507));
#734=EDGE_LOOP('',(#3508,#3509,#3510,#3511));
#735=EDGE_LOOP('',(#3512,#3513,#3514,#3515));
#736=EDGE_LOOP('',(#3516,#3517,#3518,#3519));
#737=EDGE_LOOP('',(#3520,#3521,#3522,#3523));
#738=EDGE_LOOP('',(#3524,#3525,#3526,#3527));
#739=EDGE_LOOP('',(#3528,#3529,#3530,#3531));
#740=EDGE_LOOP('',(#3532,#3533,#3534,#3535));
#741=EDGE_LOOP('',(#3536,#3537,#3538,#3539));
#742=EDGE_LOOP('',(#3540,#3541,#3542,#3543));
#743=EDGE_LOOP('',(#3544,#3545,#3546,#3547));
#744=EDGE_LOOP('',(#3548,#3549,#3550,#3551));
#745=EDGE_LOOP('',(#3552,#3553,#3554,#3555));
#746=EDGE_LOOP('',(#3556,#3557,#3558,#3559));
#747=EDGE_LOOP('',(#3560,#3561,#3562,#3563));
#748=EDGE_LOOP('',(#3564,#3565,#3566,#3567));
#749=EDGE_LOOP('',(#3568,#3569,#3570,#3571));
#750=EDGE_LOOP('',(#3572,#3573,#3574,#3575));
#751=EDGE_LOOP('',(#3576,#3577,#3578,#3579));
#752=EDGE_LOOP('',(#3580,#3581,#3582,#3583));
#753=EDGE_LOOP('',(#3584,#3585,#3586,#3587));
#754=EDGE_LOOP('',(#3588,#3589,#3590,#3591));
#755=EDGE_LOOP('',(#3592,#3593,#3594,#3595));
#756=EDGE_LOOP('',(#3596,#3597,#3598,#3599));
#757=EDGE_LOOP('',(#3600,#3601,#3602,#3603));
#758=EDGE_LOOP('',(#3604,#3605,#3606,#3607));
#759=EDGE_LOOP('',(#3608,#3609,#3610,#3611));
#760=EDGE_LOOP('',(#3612,#3613,#3614,#3615));
#761=EDGE_LOOP('',(#3616,#3617,#3618,#3619));
#762=EDGE_LOOP('',(#3620,#3621,#3622,#3623));
#763=EDGE_LOOP('',(#3624,#3625,#3626,#3627));
#764=EDGE_LOOP('',(#3628,#3629,#3630,#3631));
#765=EDGE_LOOP('',(#3632,#3633,#3634,#3635));
#766=EDGE_LOOP('',(#3636,#3637,#3638,#3639));
#767=EDGE_LOOP('',(#3640,#3641,#3642,#3643));
#768=EDGE_LOOP('',(#3644,#3645,#3646,#3647));
#769=EDGE_LOOP('',(#3648,#3649,#3650,#3651));
#770=EDGE_LOOP('',(#3652,#3653,#3654,#3655));
#771=EDGE_LOOP('',(#3656,#3657,#3658,#3659));
#772=EDGE_LOOP('',(#3660,#3661,#3662,#3663));
#773=EDGE_LOOP('',(#3664,#3665,#3666,#3667));
#774=EDGE_LOOP('',(#3668,#3669,#3670,#3671));
#775=EDGE_LOOP('',(#3672,#3673,#3674,#3675));
#776=EDGE_LOOP('',(#3676,#3677,#3678,#3679));
#777=EDGE_LOOP('',(#3680));
#778=EDGE_LOOP('',(#3681));
#779=EDGE_LOOP('',(#3682));
#780=EDGE_LOOP('',(#3683));
#781=EDGE_LOOP('',(#3684));
#782=EDGE_LOOP('',(#3685));
#783=EDGE_LOOP('',(#3686));
#784=EDGE_LOOP('',(#3687));
#785=EDGE_LOOP('',(#3688));
#786=EDGE_LOOP('',(#3689));
#787=EDGE_LOOP('',(#3690));
#788=EDGE_LOOP('',(#3691));
#789=EDGE_LOOP('',(#3692));
#790=EDGE_LOOP('',(#3693));
#791=EDGE_LOOP('',(#3694));
#792=EDGE_LOOP('',(#3695));
#793=EDGE_LOOP('',(#3696));
#794=EDGE_LOOP('',(#3697));
#795=EDGE_LOOP('',(#3698));
#796=EDGE_LOOP('',(#3699));
#797=EDGE_LOOP('',(#3700));
#798=EDGE_LOOP('',(#3701));
#799=EDGE_LOOP('',(#3702));
#800=EDGE_LOOP('',(#3703));
#801=EDGE_LOOP('',(#3704));
#802=EDGE_LOOP('',(#3705));
#803=EDGE_LOOP('',(#3706));
#804=EDGE_LOOP('',(#3707));
#805=EDGE_LOOP('',(#3708));
#806=EDGE_LOOP('',(#3709));
#807=EDGE_LOOP('',(#3710));
#808=EDGE_LOOP('',(#3711));
#809=EDGE_LOOP('',(#3712));
#810=EDGE_LOOP('',(#3713));
#811=EDGE_LOOP('',(#3714));
#812=EDGE_LOOP('',(#3715));
#813=EDGE_LOOP('',(#3716));
#814=EDGE_LOOP('',(#3717));
#815=EDGE_LOOP('',(#3718));
#816=EDGE_LOOP('',(#3719));
#817=EDGE_LOOP('',(#3720));
#818=EDGE_LOOP('',(#3721));
#819=EDGE_LOOP('',(#3722));
#820=EDGE_LOOP('',(#3723));
#821=EDGE_LOOP('',(#3724));
#822=EDGE_LOOP('',(#3725));
#823=EDGE_LOOP('',(#3726));
#824=EDGE_LOOP('',(#3727));
#825=EDGE_LOOP('',(#3728));
#826=EDGE_LOOP('',(#3729));
#827=EDGE_LOOP('',(#3730));
#828=EDGE_LOOP('',(#3731));
#829=EDGE_LOOP('',(#3732));
#830=EDGE_LOOP('',(#3733));
#831=EDGE_LOOP('',(#3734));
#832=EDGE_LOOP('',(#3735));
#833=EDGE_LOOP('',(#3736));
#834=EDGE_LOOP('',(#3737));
#835=EDGE_LOOP('',(#3738));
#836=EDGE_LOOP('',(#3739));
#837=EDGE_LOOP('',(#3740));
#838=EDGE_LOOP('',(#3741));
#839=EDGE_LOOP('',(#3742));
#840=EDGE_LOOP('',(#3743));
#841=EDGE_LOOP('',(#3744));
#842=EDGE_LOOP('',(#3745));
#843=EDGE_LOOP('',(#3746));
#844=EDGE_LOOP('',(#3747));
#845=EDGE_LOOP('',(#3748));
#846=EDGE_LOOP('',(#3749));
#847=EDGE_LOOP('',(#3750));
#848=EDGE_LOOP('',(#3751));
#849=EDGE_LOOP('',(#3752));
#850=EDGE_LOOP('',(#3753));
#851=EDGE_LOOP('',(#3754));
#852=EDGE_LOOP('',(#3755));
#853=EDGE_LOOP('',(#3756));
#854=EDGE_LOOP('',(#3757));
#855=EDGE_LOOP('',(#3758));
#856=EDGE_LOOP('',(#3759));
#857=EDGE_LOOP('',(#3760));
#858=EDGE_LOOP('',(#3761));
#859=EDGE_LOOP('',(#3762));
#860=EDGE_LOOP('',(#3763));
#861=EDGE_LOOP('',(#3764));
#862=EDGE_LOOP('',(#3765));
#863=EDGE_LOOP('',(#3766));
#864=EDGE_LOOP('',(#3767));
#865=EDGE_LOOP('',(#3768));
#866=EDGE_LOOP('',(#3769));
#867=EDGE_LOOP('',(#3770));
#868=EDGE_LOOP('',(#3771));
#869=EDGE_LOOP('',(#3772));
#870=EDGE_LOOP('',(#3773));
#871=EDGE_LOOP('',(#3774));
#872=EDGE_LOOP('',(#3775));
#873=EDGE_LOOP('',(#3776));
#874=EDGE_LOOP('',(#3777));
#875=EDGE_LOOP('',(#3778));
#876=EDGE_LOOP('',(#3779));
#877=EDGE_LOOP('',(#3780,#3781,#3782,#3783));
#878=EDGE_LOOP('',(#3784));
#879=EDGE_LOOP('',(#3785));
#880=EDGE_LOOP('',(#3786));
#881=EDGE_LOOP('',(#3787));
#882=EDGE_LOOP('',(#3788));
#883=EDGE_LOOP('',(#3789));
#884=EDGE_LOOP('',(#3790));
#885=EDGE_LOOP('',(#3791));
#886=EDGE_LOOP('',(#3792));
#887=EDGE_LOOP('',(#3793));
#888=EDGE_LOOP('',(#3794));
#889=EDGE_LOOP('',(#3795));
#890=EDGE_LOOP('',(#3796));
#891=EDGE_LOOP('',(#3797));
#892=EDGE_LOOP('',(#3798));
#893=EDGE_LOOP('',(#3799));
#894=EDGE_LOOP('',(#3800));
#895=EDGE_LOOP('',(#3801));
#896=EDGE_LOOP('',(#3802));
#897=EDGE_LOOP('',(#3803));
#898=EDGE_LOOP('',(#3804));
#899=EDGE_LOOP('',(#3805));
#900=EDGE_LOOP('',(#3806));
#901=EDGE_LOOP('',(#3807));
#902=EDGE_LOOP('',(#3808));
#903=EDGE_LOOP('',(#3809));
#904=EDGE_LOOP('',(#3810));
#905=EDGE_LOOP('',(#3811));
#906=EDGE_LOOP('',(#3812));
#907=EDGE_LOOP('',(#3813,#3814,#3815,#3816,#3817,#3818,#3819,#3820));
#908=EDGE_LOOP('',(#3821));
#909=EDGE_LOOP('',(#3822));
#910=EDGE_LOOP('',(#3823));
#911=EDGE_LOOP('',(#3824));
#912=EDGE_LOOP('',(#3825));
#913=EDGE_LOOP('',(#3826));
#914=EDGE_LOOP('',(#3827));
#915=EDGE_LOOP('',(#3828));
#916=EDGE_LOOP('',(#3829));
#917=EDGE_LOOP('',(#3830));
#918=EDGE_LOOP('',(#3831));
#919=EDGE_LOOP('',(#3832));
#920=EDGE_LOOP('',(#3833));
#921=EDGE_LOOP('',(#3834));
#922=EDGE_LOOP('',(#3835));
#923=EDGE_LOOP('',(#3836));
#924=EDGE_LOOP('',(#3837));
#925=EDGE_LOOP('',(#3838));
#926=EDGE_LOOP('',(#3839));
#927=EDGE_LOOP('',(#3840));
#928=EDGE_LOOP('',(#3841));
#929=EDGE_LOOP('',(#3842));
#930=EDGE_LOOP('',(#3843));
#931=EDGE_LOOP('',(#3844));
#932=EDGE_LOOP('',(#3845));
#933=EDGE_LOOP('',(#3846));
#934=EDGE_LOOP('',(#3847));
#935=EDGE_LOOP('',(#3848));
#936=EDGE_LOOP('',(#3849));
#937=EDGE_LOOP('',(#3850));
#938=EDGE_LOOP('',(#3851));
#939=EDGE_LOOP('',(#3852));
#940=EDGE_LOOP('',(#3853));
#941=EDGE_LOOP('',(#3854));
#942=EDGE_LOOP('',(#3855));
#943=EDGE_LOOP('',(#3856));
#944=EDGE_LOOP('',(#3857));
#945=EDGE_LOOP('',(#3858));
#946=EDGE_LOOP('',(#3859));
#947=EDGE_LOOP('',(#3860));
#948=EDGE_LOOP('',(#3861));
#949=EDGE_LOOP('',(#3862));
#950=EDGE_LOOP('',(#3863));
#951=EDGE_LOOP('',(#3864));
#952=EDGE_LOOP('',(#3865));
#953=EDGE_LOOP('',(#3866,#3867,#3868,#3869,#3870,#3871,#3872,#3873,#3874,
#3875,#3876,#3877,#3878,#3879,#3880,#3881));
#954=EDGE_LOOP('',(#3882,#3883,#3884,#3885,#3886,#3887,#3888,#3889,#3890,
#3891,#3892,#3893));
#955=EDGE_LOOP('',(#3894,#3895,#3896,#3897));
#956=EDGE_LOOP('',(#3898));
#957=EDGE_LOOP('',(#3899));
#958=EDGE_LOOP('',(#3900));
#959=EDGE_LOOP('',(#3901));
#960=EDGE_LOOP('',(#3902));
#961=EDGE_LOOP('',(#3903));
#962=EDGE_LOOP('',(#3904,#3905,#3906,#3907));
#963=EDGE_LOOP('',(#3908,#3909,#3910,#3911));
#964=EDGE_LOOP('',(#3912,#3913,#3914,#3915));
#965=EDGE_LOOP('',(#3916));
#966=EDGE_LOOP('',(#3917));
#967=EDGE_LOOP('',(#3918));
#968=EDGE_LOOP('',(#3919));
#969=EDGE_LOOP('',(#3920));
#970=EDGE_LOOP('',(#3921));
#971=EDGE_LOOP('',(#3922,#3923,#3924,#3925));
#972=EDGE_LOOP('',(#3926,#3927,#3928,#3929));
#973=EDGE_LOOP('',(#3930,#3931,#3932,#3933));
#974=EDGE_LOOP('',(#3934));
#975=EDGE_LOOP('',(#3935));
#976=EDGE_LOOP('',(#3936));
#977=EDGE_LOOP('',(#3937));
#978=EDGE_LOOP('',(#3938));
#979=EDGE_LOOP('',(#3939));
#980=EDGE_LOOP('',(#3940));
#981=EDGE_LOOP('',(#3941,#3942,#3943,#3944));
#982=EDGE_LOOP('',(#3945,#3946,#3947,#3948));
#983=EDGE_LOOP('',(#3949,#3950,#3951,#3952));
#984=EDGE_LOOP('',(#3953));
#985=EDGE_LOOP('',(#3954));
#986=EDGE_LOOP('',(#3955));
#987=EDGE_LOOP('',(#3956));
#988=EDGE_LOOP('',(#3957));
#989=EDGE_LOOP('',(#3958));
#990=EDGE_LOOP('',(#3959));
#991=EDGE_LOOP('',(#3960,#3961,#3962,#3963));
#992=EDGE_LOOP('',(#3964,#3965,#3966,#3967));
#993=EDGE_LOOP('',(#3968,#3969,#3970,#3971));
#994=EDGE_LOOP('',(#3972));
#995=EDGE_LOOP('',(#3973));
#996=EDGE_LOOP('',(#3974));
#997=EDGE_LOOP('',(#3975));
#998=EDGE_LOOP('',(#3976));
#999=EDGE_LOOP('',(#3977));
#1000=EDGE_LOOP('',(#3978));
#1001=EDGE_LOOP('',(#3979));
#1002=EDGE_LOOP('',(#3980));
#1003=EDGE_LOOP('',(#3981));
#1004=EDGE_LOOP('',(#3982));
#1005=EDGE_LOOP('',(#3983));
#1006=EDGE_LOOP('',(#3984));
#1007=EDGE_LOOP('',(#3985));
#1008=EDGE_LOOP('',(#3986));
#1009=EDGE_LOOP('',(#3987));
#1010=EDGE_LOOP('',(#3988,#3989,#3990,#3991));
#1011=EDGE_LOOP('',(#3992,#3993,#3994,#3995));
#1012=EDGE_LOOP('',(#3996,#3997,#3998,#3999));
#1013=EDGE_LOOP('',(#4000,#4001,#4002,#4003));
#1014=EDGE_LOOP('',(#4004,#4005,#4006,#4007));
#1015=EDGE_LOOP('',(#4008,#4009,#4010,#4011));
#1016=EDGE_LOOP('',(#4012,#4013,#4014,#4015));
#1017=EDGE_LOOP('',(#4016,#4017,#4018,#4019));
#1018=EDGE_LOOP('',(#4020,#4021,#4022,#4023));
#1019=EDGE_LOOP('',(#4024,#4025,#4026,#4027));
#1020=EDGE_LOOP('',(#4028,#4029,#4030,#4031));
#1021=EDGE_LOOP('',(#4032,#4033,#4034,#4035));
#1022=EDGE_LOOP('',(#4036,#4037,#4038,#4039));
#1023=EDGE_LOOP('',(#4040,#4041,#4042,#4043));
#1024=EDGE_LOOP('',(#4044,#4045,#4046,#4047));
#1025=EDGE_LOOP('',(#4048,#4049,#4050,#4051));
#1026=EDGE_LOOP('',(#4052,#4053,#4054,#4055));
#1027=EDGE_LOOP('',(#4056,#4057,#4058,#4059));
#1028=EDGE_LOOP('',(#4060,#4061,#4062,#4063));
#1029=EDGE_LOOP('',(#4064,#4065,#4066,#4067));
#1030=EDGE_LOOP('',(#4068,#4069,#4070,#4071));
#1031=EDGE_LOOP('',(#4072,#4073,#4074,#4075));
#1032=EDGE_LOOP('',(#4076,#4077,#4078,#4079));
#1033=EDGE_LOOP('',(#4080,#4081,#4082,#4083));
#1034=EDGE_LOOP('',(#4084,#4085,#4086,#4087));
#1035=EDGE_LOOP('',(#4088,#4089,#4090,#4091));
#1036=EDGE_LOOP('',(#4092,#4093,#4094,#4095));
#1037=EDGE_LOOP('',(#4096,#4097,#4098,#4099));
#1038=EDGE_LOOP('',(#4100,#4101,#4102,#4103));
#1039=EDGE_LOOP('',(#4104,#4105,#4106,#4107));
#1040=EDGE_LOOP('',(#4108,#4109,#4110,#4111));
#1041=EDGE_LOOP('',(#4112,#4113,#4114,#4115));
#1042=EDGE_LOOP('',(#4116,#4117,#4118,#4119));
#1043=EDGE_LOOP('',(#4120,#4121,#4122,#4123));
#1044=EDGE_LOOP('',(#4124,#4125,#4126,#4127));
#1045=EDGE_LOOP('',(#4128,#4129,#4130,#4131));
#1046=EDGE_LOOP('',(#4132,#4133,#4134,#4135));
#1047=EDGE_LOOP('',(#4136,#4137,#4138,#4139));
#1048=EDGE_LOOP('',(#4140,#4141,#4142,#4143));
#1049=EDGE_LOOP('',(#4144,#4145,#4146,#4147));
#1050=EDGE_LOOP('',(#4148,#4149,#4150,#4151));
#1051=EDGE_LOOP('',(#4152,#4153,#4154,#4155));
#1052=EDGE_LOOP('',(#4156,#4157,#4158,#4159));
#1053=EDGE_LOOP('',(#4160,#4161,#4162,#4163));
#1054=EDGE_LOOP('',(#4164,#4165,#4166,#4167));
#1055=EDGE_LOOP('',(#4168,#4169,#4170,#4171));
#1056=EDGE_LOOP('',(#4172,#4173,#4174,#4175));
#1057=EDGE_LOOP('',(#4176,#4177,#4178,#4179));
#1058=EDGE_LOOP('',(#4180,#4181,#4182,#4183));
#1059=EDGE_LOOP('',(#4184,#4185,#4186,#4187));
#1060=EDGE_LOOP('',(#4188,#4189,#4190,#4191));
#1061=EDGE_LOOP('',(#4192,#4193,#4194,#4195));
#1062=EDGE_LOOP('',(#4196,#4197,#4198,#4199));
#1063=EDGE_LOOP('',(#4200,#4201,#4202,#4203));
#1064=EDGE_LOOP('',(#4204,#4205,#4206,#4207));
#1065=EDGE_LOOP('',(#4208,#4209,#4210,#4211));
#1066=EDGE_LOOP('',(#4212,#4213,#4214,#4215));
#1067=EDGE_LOOP('',(#4216,#4217,#4218,#4219));
#1068=EDGE_LOOP('',(#4220,#4221,#4222,#4223));
#1069=EDGE_LOOP('',(#4224));
#1070=EDGE_LOOP('',(#4225));
#1071=EDGE_LOOP('',(#4226));
#1072=EDGE_LOOP('',(#4227));
#1073=EDGE_LOOP('',(#4228));
#1074=EDGE_LOOP('',(#4229));
#1075=EDGE_LOOP('',(#4230));
#1076=EDGE_LOOP('',(#4231));
#1077=EDGE_LOOP('',(#4232));
#1078=EDGE_LOOP('',(#4233));
#1079=EDGE_LOOP('',(#4234));
#1080=EDGE_LOOP('',(#4235));
#1081=EDGE_LOOP('',(#4236));
#1082=EDGE_LOOP('',(#4237));
#1083=EDGE_LOOP('',(#4238));
#1084=EDGE_LOOP('',(#4239));
#1085=EDGE_LOOP('',(#4240));
#1086=EDGE_LOOP('',(#4241));
#1087=EDGE_LOOP('',(#4242));
#1088=EDGE_LOOP('',(#4243));
#1089=EDGE_LOOP('',(#4244));
#1090=EDGE_LOOP('',(#4245));
#1091=EDGE_LOOP('',(#4246));
#1092=EDGE_LOOP('',(#4247));
#1093=EDGE_LOOP('',(#4248));
#1094=EDGE_LOOP('',(#4249));
#1095=EDGE_LOOP('',(#4250));
#1096=EDGE_LOOP('',(#4251));
#1097=EDGE_LOOP('',(#4252));
#1098=EDGE_LOOP('',(#4253));
#1099=EDGE_LOOP('',(#4254));
#1100=EDGE_LOOP('',(#4255));
#1101=EDGE_LOOP('',(#4256));
#1102=EDGE_LOOP('',(#4257));
#1103=EDGE_LOOP('',(#4258));
#1104=EDGE_LOOP('',(#4259));
#1105=EDGE_LOOP('',(#4260));
#1106=EDGE_LOOP('',(#4261));
#1107=EDGE_LOOP('',(#4262));
#1108=EDGE_LOOP('',(#4263));
#1109=EDGE_LOOP('',(#4264));
#1110=EDGE_LOOP('',(#4265));
#1111=EDGE_LOOP('',(#4266));
#1112=EDGE_LOOP('',(#4267));
#1113=EDGE_LOOP('',(#4268));
#1114=EDGE_LOOP('',(#4269));
#1115=EDGE_LOOP('',(#4270));
#1116=EDGE_LOOP('',(#4271));
#1117=EDGE_LOOP('',(#4272));
#1118=EDGE_LOOP('',(#4273));
#1119=EDGE_LOOP('',(#4274));
#1120=EDGE_LOOP('',(#4275));
#1121=EDGE_LOOP('',(#4276));
#1122=EDGE_LOOP('',(#4277));
#1123=EDGE_LOOP('',(#4278));
#1124=EDGE_LOOP('',(#4279));
#1125=EDGE_LOOP('',(#4280));
#1126=EDGE_LOOP('',(#4281));
#1127=EDGE_LOOP('',(#4282,#4283,#4284,#4285));
#1128=EDGE_LOOP('',(#4286,#4287,#4288,#4289));
#1129=EDGE_LOOP('',(#4290,#4291,#4292,#4293));
#1130=EDGE_LOOP('',(#4294,#4295,#4296,#4297));
#1131=EDGE_LOOP('',(#4298,#4299,#4300,#4301));
#1132=EDGE_LOOP('',(#4302));
#1133=EDGE_LOOP('',(#4303));
#1134=EDGE_LOOP('',(#4304));
#1135=EDGE_LOOP('',(#4305));
#1136=EDGE_LOOP('',(#4306));
#1137=EDGE_LOOP('',(#4307));
#1138=EDGE_LOOP('',(#4308));
#1139=EDGE_LOOP('',(#4309));
#1140=EDGE_LOOP('',(#4310));
#1141=EDGE_LOOP('',(#4311));
#1142=EDGE_LOOP('',(#4312));
#1143=EDGE_LOOP('',(#4313));
#1144=EDGE_LOOP('',(#4314));
#1145=EDGE_LOOP('',(#4315));
#1146=EDGE_LOOP('',(#4316));
#1147=EDGE_LOOP('',(#4317));
#1148=EDGE_LOOP('',(#4318));
#1149=EDGE_LOOP('',(#4319));
#1150=EDGE_LOOP('',(#4320));
#1151=EDGE_LOOP('',(#4321,#4322,#4323,#4324,#4325,#4326,#4327,#4328));
#1152=EDGE_LOOP('',(#4329));
#1153=EDGE_LOOP('',(#4330));
#1154=EDGE_LOOP('',(#4331));
#1155=EDGE_LOOP('',(#4332));
#1156=EDGE_LOOP('',(#4333));
#1157=EDGE_LOOP('',(#4334));
#1158=EDGE_LOOP('',(#4335));
#1159=EDGE_LOOP('',(#4336));
#1160=EDGE_LOOP('',(#4337));
#1161=EDGE_LOOP('',(#4338));
#1162=EDGE_LOOP('',(#4339));
#1163=EDGE_LOOP('',(#4340));
#1164=EDGE_LOOP('',(#4341));
#1165=EDGE_LOOP('',(#4342));
#1166=EDGE_LOOP('',(#4343));
#1167=EDGE_LOOP('',(#4344));
#1168=EDGE_LOOP('',(#4345));
#1169=EDGE_LOOP('',(#4346));
#1170=EDGE_LOOP('',(#4347));
#1171=EDGE_LOOP('',(#4348));
#1172=EDGE_LOOP('',(#4349));
#1173=EDGE_LOOP('',(#4350));
#1174=EDGE_LOOP('',(#4351));
#1175=EDGE_LOOP('',(#4352,#4353,#4354,#4355));
#1176=EDGE_LOOP('',(#4356,#4357,#4358,#4359));
#1177=EDGE_LOOP('',(#4360,#4361,#4362,#4363));
#1178=EDGE_LOOP('',(#4364,#4365,#4366,#4367));
#1179=EDGE_LOOP('',(#4368,#4369,#4370,#4371));
#1180=EDGE_LOOP('',(#4372,#4373,#4374,#4375));
#1181=EDGE_LOOP('',(#4376,#4377,#4378,#4379));
#1182=EDGE_LOOP('',(#4380,#4381,#4382,#4383));
#1183=EDGE_LOOP('',(#4384,#4385,#4386,#4387));
#1184=EDGE_LOOP('',(#4388));
#1185=EDGE_LOOP('',(#4389));
#1186=EDGE_LOOP('',(#4390));
#1187=EDGE_LOOP('',(#4391));
#1188=EDGE_LOOP('',(#4392,#4393,#4394,#4395));
#1189=EDGE_LOOP('',(#4396,#4397,#4398,#4399));
#1190=EDGE_LOOP('',(#4400,#4401,#4402,#4403));
#1191=EDGE_LOOP('',(#4404,#4405,#4406,#4407));
#1192=EDGE_LOOP('',(#4408,#4409,#4410,#4411));
#1193=EDGE_LOOP('',(#4412));
#1194=EDGE_LOOP('',(#4413));
#1195=EDGE_LOOP('',(#4414));
#1196=EDGE_LOOP('',(#4415));
#1197=EDGE_LOOP('',(#4416,#4417,#4418,#4419));
#1198=EDGE_LOOP('',(#4420,#4421,#4422,#4423));
#1199=EDGE_LOOP('',(#4424,#4425,#4426,#4427));
#1200=EDGE_LOOP('',(#4428,#4429,#4430,#4431));
#1201=EDGE_LOOP('',(#4432,#4433,#4434,#4435));
#1202=EDGE_LOOP('',(#4436));
#1203=EDGE_LOOP('',(#4437));
#1204=EDGE_LOOP('',(#4438));
#1205=EDGE_LOOP('',(#4439));
#1206=EDGE_LOOP('',(#4440,#4441,#4442,#4443));
#1207=EDGE_LOOP('',(#4444,#4445,#4446,#4447));
#1208=EDGE_LOOP('',(#4448,#4449,#4450,#4451));
#1209=EDGE_LOOP('',(#4452,#4453,#4454,#4455));
#1210=EDGE_LOOP('',(#4456,#4457,#4458,#4459));
#1211=EDGE_LOOP('',(#4460));
#1212=EDGE_LOOP('',(#4461));
#1213=EDGE_LOOP('',(#4462));
#1214=EDGE_LOOP('',(#4463));
#1215=EDGE_LOOP('',(#4464,#4465,#4466,#4467));
#1216=EDGE_LOOP('',(#4468,#4469,#4470,#4471));
#1217=EDGE_LOOP('',(#4472,#4473,#4474,#4475));
#1218=EDGE_LOOP('',(#4476,#4477,#4478,#4479));
#1219=EDGE_LOOP('',(#4480,#4481,#4482,#4483));
#1220=EDGE_LOOP('',(#4484,#4485,#4486,#4487));
#1221=EDGE_LOOP('',(#4488,#4489,#4490,#4491));
#1222=EDGE_LOOP('',(#4492,#4493,#4494,#4495));
#1223=EDGE_LOOP('',(#4496,#4497,#4498,#4499,#4500,#4501,#4502,#4503));
#1224=EDGE_LOOP('',(#4504,#4505,#4506,#4507));
#1225=EDGE_LOOP('',(#4508,#4509,#4510,#4511));
#1226=EDGE_LOOP('',(#4512,#4513,#4514,#4515));
#1227=EDGE_LOOP('',(#4516,#4517,#4518,#4519));
#1228=EDGE_LOOP('',(#4520,#4521,#4522,#4523));
#1229=EDGE_LOOP('',(#4524,#4525,#4526,#4527));
#1230=LINE('',#7022,#1532);
#1231=LINE('',#7028,#1533);
#1232=LINE('',#7034,#1534);
#1233=LINE('',#7040,#1535);
#1234=LINE('',#7046,#1536);
#1235=LINE('',#7052,#1537);
#1236=LINE('',#7058,#1538);
#1237=LINE('',#7064,#1539);
#1238=LINE('',#7070,#1540);
#1239=LINE('',#7076,#1541);
#1240=LINE('',#7082,#1542);
#1241=LINE('',#7088,#1543);
#1242=LINE('',#7094,#1544);
#1243=LINE('',#7100,#1545);
#1244=LINE('',#7106,#1546);
#1245=LINE('',#7112,#1547);
#1246=LINE('',#7118,#1548);
#1247=LINE('',#7124,#1549);
#1248=LINE('',#7130,#1550);
#1249=LINE('',#7136,#1551);
#1250=LINE('',#7142,#1552);
#1251=LINE('',#7148,#1553);
#1252=LINE('',#7154,#1554);
#1253=LINE('',#7160,#1555);
#1254=LINE('',#7166,#1556);
#1255=LINE('',#7172,#1557);
#1256=LINE('',#7178,#1558);
#1257=LINE('',#7184,#1559);
#1258=LINE('',#7190,#1560);
#1259=LINE('',#7196,#1561);
#1260=LINE('',#7202,#1562);
#1261=LINE('',#7208,#1563);
#1262=LINE('',#7214,#1564);
#1263=LINE('',#7220,#1565);
#1264=LINE('',#7226,#1566);
#1265=LINE('',#7232,#1567);
#1266=LINE('',#7238,#1568);
#1267=LINE('',#7244,#1569);
#1268=LINE('',#7250,#1570);
#1269=LINE('',#7256,#1571);
#1270=LINE('',#7262,#1572);
#1271=LINE('',#7268,#1573);
#1272=LINE('',#7274,#1574);
#1273=LINE('',#7280,#1575);
#1274=LINE('',#7286,#1576);
#1275=LINE('',#7292,#1577);
#1276=LINE('',#7298,#1578);
#1277=LINE('',#7304,#1579);
#1278=LINE('',#7310,#1580);
#1279=LINE('',#7316,#1581);
#1280=LINE('',#7322,#1582);
#1281=LINE('',#7328,#1583);
#1282=LINE('',#7334,#1584);
#1283=LINE('',#7340,#1585);
#1284=LINE('',#7346,#1586);
#1285=LINE('',#7352,#1587);
#1286=LINE('',#7358,#1588);
#1287=LINE('',#7364,#1589);
#1288=LINE('',#7370,#1590);
#1289=LINE('',#7376,#1591);
#1290=LINE('',#7382,#1592);
#1291=LINE('',#7388,#1593);
#1292=LINE('',#7394,#1594);
#1293=LINE('',#7400,#1595);
#1294=LINE('',#7406,#1596);
#1295=LINE('',#7412,#1597);
#1296=LINE('',#7418,#1598);
#1297=LINE('',#7424,#1599);
#1298=LINE('',#7430,#1600);
#1299=LINE('',#7436,#1601);
#1300=LINE('',#7442,#1602);
#1301=LINE('',#7448,#1603);
#1302=LINE('',#7454,#1604);
#1303=LINE('',#7460,#1605);
#1304=LINE('',#7466,#1606);
#1305=LINE('',#7472,#1607);
#1306=LINE('',#7478,#1608);
#1307=LINE('',#7484,#1609);
#1308=LINE('',#7490,#1610);
#1309=LINE('',#7496,#1611);
#1310=LINE('',#7502,#1612);
#1311=LINE('',#7508,#1613);
#1312=LINE('',#7514,#1614);
#1313=LINE('',#7520,#1615);
#1314=LINE('',#7526,#1616);
#1315=LINE('',#7532,#1617);
#1316=LINE('',#7538,#1618);
#1317=LINE('',#7544,#1619);
#1318=LINE('',#7550,#1620);
#1319=LINE('',#7556,#1621);
#1320=LINE('',#7562,#1622);
#1321=LINE('',#7568,#1623);
#1322=LINE('',#7574,#1624);
#1323=LINE('',#7580,#1625);
#1324=LINE('',#7586,#1626);
#1325=LINE('',#7592,#1627);
#1326=LINE('',#7598,#1628);
#1327=LINE('',#7604,#1629);
#1328=LINE('',#7610,#1630);
#1329=LINE('',#7616,#1631);
#1330=LINE('',#7622,#1632);
#1331=LINE('',#7628,#1633);
#1332=LINE('',#7634,#1634);
#1333=LINE('',#7640,#1635);
#1334=LINE('',#7646,#1636);
#1335=LINE('',#7652,#1637);
#1336=LINE('',#7658,#1638);
#1337=LINE('',#7664,#1639);
#1338=LINE('',#7669,#1640);
#1339=LINE('',#7671,#1641);
#1340=LINE('',#7673,#1642);
#1341=LINE('',#7674,#1643);
#1342=LINE('',#7678,#1644);
#1343=LINE('',#7680,#1645);
#1344=LINE('',#7682,#1646);
#1345=LINE('',#7683,#1647);
#1346=LINE('',#7687,#1648);
#1347=LINE('',#7689,#1649);
#1348=LINE('',#7691,#1650);
#1349=LINE('',#7693,#1651);
#1350=LINE('',#7695,#1652);
#1351=LINE('',#7697,#1653);
#1352=LINE('',#7699,#1654);
#1353=LINE('',#7700,#1655);
#1354=LINE('',#7702,#1656);
#1355=LINE('',#7704,#1657);
#1356=LINE('',#7706,#1658);
#1357=LINE('',#7708,#1659);
#1358=LINE('',#7710,#1660);
#1359=LINE('',#7711,#1661);
#1360=LINE('',#7713,#1662);
#1361=LINE('',#7715,#1663);
#1362=LINE('',#7717,#1664);
#1363=LINE('',#7719,#1665);
#1364=LINE('',#7720,#1666);
#1365=LINE('',#7721,#1667);
#1366=LINE('',#7725,#1668);
#1367=LINE('',#7727,#1669);
#1368=LINE('',#7729,#1670);
#1369=LINE('',#7730,#1671);
#1370=LINE('',#7732,#1672);
#1371=LINE('',#7734,#1673);
#1372=LINE('',#7736,#1674);
#1373=LINE('',#7738,#1675);
#1374=LINE('',#7739,#1676);
#1375=LINE('',#7740,#1677);
#1376=LINE('',#7742,#1678);
#1377=LINE('',#7743,#1679);
#1378=LINE('',#7746,#1680);
#1379=LINE('',#7748,#1681);
#1380=LINE('',#7750,#1682);
#1381=LINE('',#7752,#1683);
#1382=LINE('',#7755,#1684);
#1383=LINE('',#7757,#1685);
#1384=LINE('',#7760,#1686);
#1385=LINE('',#7762,#1687);
#1386=LINE('',#7777,#1688);
#1387=LINE('',#7783,#1689);
#1388=LINE('',#7789,#1690);
#1389=LINE('',#7795,#1691);
#1390=LINE('',#7801,#1692);
#1391=LINE('',#7807,#1693);
#1392=LINE('',#7813,#1694);
#1393=LINE('',#7819,#1695);
#1394=LINE('',#7825,#1696);
#1395=LINE('',#7831,#1697);
#1396=LINE('',#7837,#1698);
#1397=LINE('',#7843,#1699);
#1398=LINE('',#7849,#1700);
#1399=LINE('',#7855,#1701);
#1400=LINE('',#7861,#1702);
#1401=LINE('',#7867,#1703);
#1402=LINE('',#7873,#1704);
#1403=LINE('',#7879,#1705);
#1404=LINE('',#7885,#1706);
#1405=LINE('',#7891,#1707);
#1406=LINE('',#7897,#1708);
#1407=LINE('',#7903,#1709);
#1408=LINE('',#7909,#1710);
#1409=LINE('',#7915,#1711);
#1410=LINE('',#7921,#1712);
#1411=LINE('',#7927,#1713);
#1412=LINE('',#7933,#1714);
#1413=LINE('',#7939,#1715);
#1414=LINE('',#7945,#1716);
#1415=LINE('',#7951,#1717);
#1416=LINE('',#7957,#1718);
#1417=LINE('',#7963,#1719);
#1418=LINE('',#7969,#1720);
#1419=LINE('',#7975,#1721);
#1420=LINE('',#7981,#1722);
#1421=LINE('',#7987,#1723);
#1422=LINE('',#7993,#1724);
#1423=LINE('',#7999,#1725);
#1424=LINE('',#8005,#1726);
#1425=LINE('',#8011,#1727);
#1426=LINE('',#8017,#1728);
#1427=LINE('',#8023,#1729);
#1428=LINE('',#8029,#1730);
#1429=LINE('',#8035,#1731);
#1430=LINE('',#8041,#1732);
#1431=LINE('',#8047,#1733);
#1432=LINE('',#8053,#1734);
#1433=LINE('',#8059,#1735);
#1434=LINE('',#8065,#1736);
#1435=LINE('',#8071,#1737);
#1436=LINE('',#8077,#1738);
#1437=LINE('',#8083,#1739);
#1438=LINE('',#8089,#1740);
#1439=LINE('',#8095,#1741);
#1440=LINE('',#8101,#1742);
#1441=LINE('',#8107,#1743);
#1442=LINE('',#8113,#1744);
#1443=LINE('',#8119,#1745);
#1444=LINE('',#8124,#1746);
#1445=LINE('',#8126,#1747);
#1446=LINE('',#8128,#1748);
#1447=LINE('',#8129,#1749);
#1448=LINE('',#8133,#1750);
#1449=LINE('',#8135,#1751);
#1450=LINE('',#8137,#1752);
#1451=LINE('',#8138,#1753);
#1452=LINE('',#8141,#1754);
#1453=LINE('',#8143,#1755);
#1454=LINE('',#8145,#1756);
#1455=LINE('',#8146,#1757);
#1456=LINE('',#8149,#1758);
#1457=LINE('',#8151,#1759);
#1458=LINE('',#8153,#1760);
#1459=LINE('',#8154,#1761);
#1460=LINE('',#8157,#1762);
#1461=LINE('',#8159,#1763);
#1462=LINE('',#8161,#1764);
#1463=LINE('',#8162,#1765);
#1464=LINE('',#8165,#1766);
#1465=LINE('',#8167,#1767);
#1466=LINE('',#8169,#1768);
#1467=LINE('',#8170,#1769);
#1468=LINE('',#8175,#1770);
#1469=LINE('',#8179,#1771);
#1470=LINE('',#8183,#1772);
#1471=LINE('',#8186,#1773);
#1472=LINE('',#8188,#1774);
#1473=LINE('',#8189,#1775);
#1474=LINE('',#8191,#1776);
#1475=LINE('',#8193,#1777);
#1476=LINE('',#8197,#1778);
#1477=LINE('',#8199,#1779);
#1478=LINE('',#8200,#1780);
#1479=LINE('',#8203,#1781);
#1480=LINE('',#8204,#1782);
#1481=LINE('',#8207,#1783);
#1482=LINE('',#8208,#1784);
#1483=LINE('',#8210,#1785);
#1484=LINE('',#8214,#1786);
#1485=LINE('',#8216,#1787);
#1486=LINE('',#8217,#1788);
#1487=LINE('',#8220,#1789);
#1488=LINE('',#8221,#1790);
#1489=LINE('',#8224,#1791);
#1490=LINE('',#8225,#1792);
#1491=LINE('',#8227,#1793);
#1492=LINE('',#8231,#1794);
#1493=LINE('',#8233,#1795);
#1494=LINE('',#8234,#1796);
#1495=LINE('',#8237,#1797);
#1496=LINE('',#8238,#1798);
#1497=LINE('',#8241,#1799);
#1498=LINE('',#8242,#1800);
#1499=LINE('',#8244,#1801);
#1500=LINE('',#8248,#1802);
#1501=LINE('',#8250,#1803);
#1502=LINE('',#8251,#1804);
#1503=LINE('',#8254,#1805);
#1504=LINE('',#8255,#1806);
#1505=LINE('',#8258,#1807);
#1506=LINE('',#8259,#1808);
#1507=LINE('',#8261,#1809);
#1508=LINE('',#8265,#1810);
#1509=LINE('',#8268,#1811);
#1510=LINE('',#8271,#1812);
#1511=LINE('',#8272,#1813);
#1512=LINE('',#8276,#1814);
#1513=LINE('',#8279,#1815);
#1514=LINE('',#8280,#1816);
#1515=LINE('',#8284,#1817);
#1516=LINE('',#8287,#1818);
#1517=LINE('',#8288,#1819);
#1518=LINE('',#8292,#1820);
#1519=LINE('',#8294,#1821);
#1520=LINE('',#8300,#1822);
#1521=LINE('',#8302,#1823);
#1522=LINE('',#8304,#1824);
#1523=LINE('',#8305,#1825);
#1524=LINE('',#8308,#1826);
#1525=LINE('',#8310,#1827);
#1526=LINE('',#8311,#1828);
#1527=LINE('',#8314,#1829);
#1528=LINE('',#8316,#1830);
#1529=LINE('',#8317,#1831);
#1530=LINE('',#8319,#1832);
#1531=LINE('',#8320,#1833);
#1532=VECTOR('',#5558,5.20000000663218);
#1533=VECTOR('',#5565,5.20000000663218);
#1534=VECTOR('',#5572,5.20000000663218);
#1535=VECTOR('',#5579,5.20000000663218);
#1536=VECTOR('',#5586,5.20000000663218);
#1537=VECTOR('',#5593,5.20000000663218);
#1538=VECTOR('',#5600,5.20000000663218);
#1539=VECTOR('',#5607,5.20000000663218);
#1540=VECTOR('',#5614,3.3999999999999);
#1541=VECTOR('',#5621,3.3999999999999);
#1542=VECTOR('',#5628,3.3999999999999);
#1543=VECTOR('',#5635,3.3999999999999);
#1544=VECTOR('',#5642,3.3999999999999);
#1545=VECTOR('',#5649,3.3999999999999);
#1546=VECTOR('',#5656,3.3999999999999);
#1547=VECTOR('',#5663,3.3999999999999);
#1548=VECTOR('',#5670,3.3999999999999);
#1549=VECTOR('',#5677,3.3999999999999);
#1550=VECTOR('',#5684,3.3999999999999);
#1551=VECTOR('',#5691,3.39999999999991);
#1552=VECTOR('',#5698,3.39999999999991);
#1553=VECTOR('',#5705,3.39999999999991);
#1554=VECTOR('',#5712,3.3999999999999);
#1555=VECTOR('',#5719,3.3999999999999);
#1556=VECTOR('',#5726,3.3999999999999);
#1557=VECTOR('',#5733,3.3999999999999);
#1558=VECTOR('',#5740,3.3999999999999);
#1559=VECTOR('',#5747,3.3999999999999);
#1560=VECTOR('',#5754,3.3999999999999);
#1561=VECTOR('',#5761,3.3999999999999);
#1562=VECTOR('',#5768,3.3999999999999);
#1563=VECTOR('',#5775,3.3999999999999);
#1564=VECTOR('',#5782,3.3999999999999);
#1565=VECTOR('',#5789,3.3999999999999);
#1566=VECTOR('',#5796,3.3999999999999);
#1567=VECTOR('',#5803,3.3999999999999);
#1568=VECTOR('',#5810,3.3999999999999);
#1569=VECTOR('',#5817,3.3999999999999);
#1570=VECTOR('',#5824,3.39999999999991);
#1571=VECTOR('',#5831,3.39999999999991);
#1572=VECTOR('',#5838,3.3999999999999);
#1573=VECTOR('',#5845,3.3999999999999);
#1574=VECTOR('',#5852,3.3999999999999);
#1575=VECTOR('',#5859,3.39999999999991);
#1576=VECTOR('',#5866,3.3999999999999);
#1577=VECTOR('',#5873,3.3999999999999);
#1578=VECTOR('',#5880,3.3999999999999);
#1579=VECTOR('',#5887,3.3999999999999);
#1580=VECTOR('',#5894,3.3999999999999);
#1581=VECTOR('',#5901,3.3999999999999);
#1582=VECTOR('',#5908,3.3999999999999);
#1583=VECTOR('',#5915,3.3999999999999);
#1584=VECTOR('',#5922,3.3999999999999);
#1585=VECTOR('',#5929,3.3999999999999);
#1586=VECTOR('',#5936,3.3999999999999);
#1587=VECTOR('',#5943,3.3999999999999);
#1588=VECTOR('',#5950,3.3999999999999);
#1589=VECTOR('',#5957,3.3999999999999);
#1590=VECTOR('',#5964,3.3999999999999);
#1591=VECTOR('',#5971,3.3999999999999);
#1592=VECTOR('',#5978,3.3999999999999);
#1593=VECTOR('',#5985,3.3999999999999);
#1594=VECTOR('',#5992,3.3999999999999);
#1595=VECTOR('',#5999,3.3999999999999);
#1596=VECTOR('',#6006,3.3999999999999);
#1597=VECTOR('',#6013,3.3999999999999);
#1598=VECTOR('',#6020,3.3999999999999);
#1599=VECTOR('',#6027,3.3999999999999);
#1600=VECTOR('',#6034,3.39999999999996);
#1601=VECTOR('',#6041,3.39999999999996);
#1602=VECTOR('',#6048,3.39999999999996);
#1603=VECTOR('',#6055,3.39999999999996);
#1604=VECTOR('',#6062,3.39999999999996);
#1605=VECTOR('',#6069,3.39999999999996);
#1606=VECTOR('',#6076,3.3999999999999);
#1607=VECTOR('',#6083,3.3999999999999);
#1608=VECTOR('',#6090,3.3999999999999);
#1609=VECTOR('',#6097,3.3999999999999);
#1610=VECTOR('',#6104,3.3999999999999);
#1611=VECTOR('',#6111,3.3999999999999);
#1612=VECTOR('',#6118,3.3999999999999);
#1613=VECTOR('',#6125,3.3999999999999);
#1614=VECTOR('',#6132,3.3999999999999);
#1615=VECTOR('',#6139,3.3999999999999);
#1616=VECTOR('',#6146,3.3999999999999);
#1617=VECTOR('',#6153,3.3999999999999);
#1618=VECTOR('',#6160,5.09999999999988);
#1619=VECTOR('',#6167,5.09999999999999);
#1620=VECTOR('',#6174,5.09999999999999);
#1621=VECTOR('',#6181,5.09999999999999);
#1622=VECTOR('',#6188,5.09999999999999);
#1623=VECTOR('',#6195,5.09999999999999);
#1624=VECTOR('',#6202,5.09999999999999);
#1625=VECTOR('',#6209,5.09999999999988);
#1626=VECTOR('',#6216,5.09999999999999);
#1627=VECTOR('',#6223,5.09999999999999);
#1628=VECTOR('',#6230,5.09999999999999);
#1629=VECTOR('',#6237,5.09999999999999);
#1630=VECTOR('',#6244,5.09999999999999);
#1631=VECTOR('',#6251,5.09999999999999);
#1632=VECTOR('',#6258,2.5499999999998);
#1633=VECTOR('',#6265,2.55000000000008);
#1634=VECTOR('',#6272,2.55000000000007);
#1635=VECTOR('',#6279,2.55000000000007);
#1636=VECTOR('',#6286,2.54999999999977);
#1637=VECTOR('',#6293,2.55000000000005);
#1638=VECTOR('',#6300,2.55000000000005);
#1639=VECTOR('',#6307,2.55000000000005);
#1640=VECTOR('',#6312,1000.);
#1641=VECTOR('',#6313,1000.);
#1642=VECTOR('',#6314,1000.);
#1643=VECTOR('',#6315,1000.);
#1644=VECTOR('',#6318,1000.);
#1645=VECTOR('',#6319,1000.);
#1646=VECTOR('',#6320,1000.);
#1647=VECTOR('',#6321,1000.);
#1648=VECTOR('',#6324,1000.);
#1649=VECTOR('',#6325,1000.);
#1650=VECTOR('',#6326,1000.);
#1651=VECTOR('',#6327,1000.);
#1652=VECTOR('',#6328,1000.);
#1653=VECTOR('',#6329,1000.);
#1654=VECTOR('',#6330,1000.);
#1655=VECTOR('',#6331,1000.);
#1656=VECTOR('',#6334,1000.);
#1657=VECTOR('',#6335,1000.);
#1658=VECTOR('',#6336,1000.);
#1659=VECTOR('',#6337,1000.);
#1660=VECTOR('',#6338,1000.);
#1661=VECTOR('',#6339,1000.);
#1662=VECTOR('',#6340,1000.);
#1663=VECTOR('',#6341,1000.);
#1664=VECTOR('',#6342,1000.);
#1665=VECTOR('',#6343,1000.);
#1666=VECTOR('',#6344,1000.);
#1667=VECTOR('',#6345,1000.);
#1668=VECTOR('',#6348,1000.);
#1669=VECTOR('',#6349,1000.);
#1670=VECTOR('',#6350,1000.);
#1671=VECTOR('',#6351,1000.);
#1672=VECTOR('',#6352,1000.);
#1673=VECTOR('',#6353,1000.);
#1674=VECTOR('',#6354,1000.);
#1675=VECTOR('',#6355,1000.);
#1676=VECTOR('',#6356,1000.);
#1677=VECTOR('',#6357,1000.);
#1678=VECTOR('',#6360,1000.);
#1679=VECTOR('',#6361,1000.);
#1680=VECTOR('',#6366,1000.);
#1681=VECTOR('',#6369,1000.);
#1682=VECTOR('',#6372,1000.);
#1683=VECTOR('',#6375,1000.);
#1684=VECTOR('',#6380,1000.);
#1685=VECTOR('',#6383,1000.);
#1686=VECTOR('',#6388,1000.);
#1687=VECTOR('',#6391,1000.);
#1688=VECTOR('',#6416,3.3999999999999);
#1689=VECTOR('',#6423,3.3999999999999);
#1690=VECTOR('',#6430,3.3999999999999);
#1691=VECTOR('',#6437,3.3999999999999);
#1692=VECTOR('',#6444,3.3999999999999);
#1693=VECTOR('',#6451,3.3999999999999);
#1694=VECTOR('',#6458,3.3999999999999);
#1695=VECTOR('',#6465,3.3999999999999);
#1696=VECTOR('',#6472,3.3999999999999);
#1697=VECTOR('',#6479,3.3999999999999);
#1698=VECTOR('',#6486,3.3999999999999);
#1699=VECTOR('',#6493,3.3999999999999);
#1700=VECTOR('',#6500,3.3999999999999);
#1701=VECTOR('',#6507,3.3999999999999);
#1702=VECTOR('',#6514,3.3999999999999);
#1703=VECTOR('',#6521,3.3999999999999);
#1704=VECTOR('',#6528,3.3999999999999);
#1705=VECTOR('',#6535,3.3999999999999);
#1706=VECTOR('',#6542,3.3999999999999);
#1707=VECTOR('',#6549,3.39999999999991);
#1708=VECTOR('',#6556,3.39999999999991);
#1709=VECTOR('',#6563,3.3999999999999);
#1710=VECTOR('',#6570,3.3999999999999);
#1711=VECTOR('',#6577,3.39999999999991);
#1712=VECTOR('',#6584,3.3999999999999);
#1713=VECTOR('',#6591,3.3999999999999);
#1714=VECTOR('',#6598,3.39999999999991);
#1715=VECTOR('',#6605,3.39999999999991);
#1716=VECTOR('',#6612,3.39999999999991);
#1717=VECTOR('',#6619,3.3999999999999);
#1718=VECTOR('',#6626,3.39999999999991);
#1719=VECTOR('',#6633,3.3999999999999);
#1720=VECTOR('',#6640,2.55000000000001);
#1721=VECTOR('',#6647,2.55000000000008);
#1722=VECTOR('',#6654,2.55000000000008);
#1723=VECTOR('',#6661,2.55000000000001);
#1724=VECTOR('',#6668,2.55);
#1725=VECTOR('',#6675,2.55000000000011);
#1726=VECTOR('',#6682,2.55000000000011);
#1727=VECTOR('',#6689,2.55);
#1728=VECTOR('',#6696,2.55);
#1729=VECTOR('',#6703,2.55000000000011);
#1730=VECTOR('',#6710,2.55000000000011);
#1731=VECTOR('',#6717,2.55);
#1732=VECTOR('',#6724,2.55000000000001);
#1733=VECTOR('',#6731,2.55000000000008);
#1734=VECTOR('',#6738,2.55000000000008);
#1735=VECTOR('',#6745,2.55000000000001);
#1736=VECTOR('',#6752,3.39999999999991);
#1737=VECTOR('',#6759,3.3999999999999);
#1738=VECTOR('',#6766,3.3999999999999);
#1739=VECTOR('',#6773,3.39999999999991);
#1740=VECTOR('',#6780,3.39999999999991);
#1741=VECTOR('',#6787,3.3999999999999);
#1742=VECTOR('',#6794,3.3999999999999);
#1743=VECTOR('',#6801,3.39999999999991);
#1744=VECTOR('',#6808,3.39999999999991);
#1745=VECTOR('',#6815,3.3999999999999);
#1746=VECTOR('',#6820,1000.);
#1747=VECTOR('',#6821,1000.);
#1748=VECTOR('',#6822,1000.);
#1749=VECTOR('',#6823,1000.);
#1750=VECTOR('',#6826,1000.);
#1751=VECTOR('',#6827,1000.);
#1752=VECTOR('',#6828,1000.);
#1753=VECTOR('',#6829,1000.);
#1754=VECTOR('',#6830,1000.);
#1755=VECTOR('',#6831,1000.);
#1756=VECTOR('',#6832,1000.);
#1757=VECTOR('',#6833,1000.);
#1758=VECTOR('',#6834,1000.);
#1759=VECTOR('',#6835,1000.);
#1760=VECTOR('',#6836,1000.);
#1761=VECTOR('',#6837,1000.);
#1762=VECTOR('',#6838,1000.);
#1763=VECTOR('',#6839,1000.);
#1764=VECTOR('',#6840,1000.);
#1765=VECTOR('',#6841,1000.);
#1766=VECTOR('',#6842,1000.);
#1767=VECTOR('',#6843,1000.);
#1768=VECTOR('',#6844,1000.);
#1769=VECTOR('',#6845,1000.);
#1770=VECTOR('',#6848,1000.);
#1771=VECTOR('',#6851,1000.);
#1772=VECTOR('',#6854,1000.);
#1773=VECTOR('',#6857,1000.);
#1774=VECTOR('',#6860,1000.);
#1775=VECTOR('',#6861,1000.);
#1776=VECTOR('',#6864,1000.);
#1777=VECTOR('',#6867,1000.);
#1778=VECTOR('',#6872,1000.);
#1779=VECTOR('',#6873,1000.);
#1780=VECTOR('',#6874,1000.);
#1781=VECTOR('',#6877,1000.);
#1782=VECTOR('',#6878,1000.);
#1783=VECTOR('',#6881,1000.);
#1784=VECTOR('',#6882,1000.);
#1785=VECTOR('',#6885,1000.);
#1786=VECTOR('',#6890,1000.);
#1787=VECTOR('',#6891,1000.);
#1788=VECTOR('',#6892,1000.);
#1789=VECTOR('',#6895,1000.);
#1790=VECTOR('',#6896,1000.);
#1791=VECTOR('',#6899,1000.);
#1792=VECTOR('',#6900,1000.);
#1793=VECTOR('',#6903,1000.);
#1794=VECTOR('',#6908,1000.);
#1795=VECTOR('',#6909,1000.);
#1796=VECTOR('',#6910,1000.);
#1797=VECTOR('',#6913,1000.);
#1798=VECTOR('',#6914,1000.);
#1799=VECTOR('',#6917,1000.);
#1800=VECTOR('',#6918,1000.);
#1801=VECTOR('',#6921,1000.);
#1802=VECTOR('',#6926,1000.);
#1803=VECTOR('',#6927,1000.);
#1804=VECTOR('',#6928,1000.);
#1805=VECTOR('',#6931,1000.);
#1806=VECTOR('',#6932,1000.);
#1807=VECTOR('',#6935,1000.);
#1808=VECTOR('',#6936,1000.);
#1809=VECTOR('',#6939,1000.);
#1810=VECTOR('',#6944,1000.);
#1811=VECTOR('',#6947,1000.);
#1812=VECTOR('',#6950,1000.);
#1813=VECTOR('',#6951,1000.);
#1814=VECTOR('',#6956,1000.);
#1815=VECTOR('',#6959,1000.);
#1816=VECTOR('',#6960,1000.);
#1817=VECTOR('',#6965,1000.);
#1818=VECTOR('',#6968,1000.);
#1819=VECTOR('',#6969,1000.);
#1820=VECTOR('',#6974,1000.);
#1821=VECTOR('',#6977,1000.);
#1822=VECTOR('',#6984,1000.);
#1823=VECTOR('',#6985,1000.);
#1824=VECTOR('',#6986,1000.);
#1825=VECTOR('',#6987,1000.);
#1826=VECTOR('',#6990,1000.);
#1827=VECTOR('',#6991,1000.);
#1828=VECTOR('',#6992,1000.);
#1829=VECTOR('',#6995,1000.);
#1830=VECTOR('',#6996,1000.);
#1831=VECTOR('',#6997,1000.);
#1832=VECTOR('',#7000,1000.);
#1833=VECTOR('',#7001,1000.);
#1834=CIRCLE('',#4971,5.20000000663218);
#1835=CIRCLE('',#4972,5.20000000663218);
#1836=CIRCLE('',#4974,5.20000000663218);
#1837=CIRCLE('',#4975,5.20000000663218);
#1838=CIRCLE('',#4977,5.20000000663218);
#1839=CIRCLE('',#4978,5.20000000663218);
#1840=CIRCLE('',#4980,5.20000000663218);
#1841=CIRCLE('',#4981,5.20000000663218);
#1842=CIRCLE('',#4983,5.20000000663218);
#1843=CIRCLE('',#4984,5.20000000663218);
#1844=CIRCLE('',#4986,5.20000000663218);
#1845=CIRCLE('',#4987,5.20000000663218);
#1846=CIRCLE('',#4989,5.20000000663218);
#1847=CIRCLE('',#4990,5.20000000663218);
#1848=CIRCLE('',#4992,5.20000000663218);
#1849=CIRCLE('',#4993,5.20000000663218);
#1850=CIRCLE('',#4995,3.3999999999999);
#1851=CIRCLE('',#4996,3.3999999999999);
#1852=CIRCLE('',#4998,3.3999999999999);
#1853=CIRCLE('',#4999,3.3999999999999);
#1854=CIRCLE('',#5001,3.3999999999999);
#1855=CIRCLE('',#5002,3.3999999999999);
#1856=CIRCLE('',#5004,3.3999999999999);
#1857=CIRCLE('',#5005,3.3999999999999);
#1858=CIRCLE('',#5007,3.3999999999999);
#1859=CIRCLE('',#5008,3.3999999999999);
#1860=CIRCLE('',#5010,3.3999999999999);
#1861=CIRCLE('',#5011,3.3999999999999);
#1862=CIRCLE('',#5013,3.3999999999999);
#1863=CIRCLE('',#5014,3.3999999999999);
#1864=CIRCLE('',#5016,3.3999999999999);
#1865=CIRCLE('',#5017,3.3999999999999);
#1866=CIRCLE('',#5019,3.3999999999999);
#1867=CIRCLE('',#5020,3.3999999999999);
#1868=CIRCLE('',#5022,3.3999999999999);
#1869=CIRCLE('',#5023,3.3999999999999);
#1870=CIRCLE('',#5025,3.3999999999999);
#1871=CIRCLE('',#5026,3.3999999999999);
#1872=CIRCLE('',#5028,3.39999999999991);
#1873=CIRCLE('',#5029,3.39999999999991);
#1874=CIRCLE('',#5031,3.39999999999991);
#1875=CIRCLE('',#5032,3.39999999999991);
#1876=CIRCLE('',#5034,3.39999999999991);
#1877=CIRCLE('',#5035,3.39999999999991);
#1878=CIRCLE('',#5037,3.3999999999999);
#1879=CIRCLE('',#5038,3.3999999999999);
#1880=CIRCLE('',#5040,3.3999999999999);
#1881=CIRCLE('',#5041,3.3999999999999);
#1882=CIRCLE('',#5043,3.3999999999999);
#1883=CIRCLE('',#5044,3.3999999999999);
#1884=CIRCLE('',#5046,3.3999999999999);
#1885=CIRCLE('',#5047,3.3999999999999);
#1886=CIRCLE('',#5049,3.3999999999999);
#1887=CIRCLE('',#5050,3.3999999999999);
#1888=CIRCLE('',#5052,3.3999999999999);
#1889=CIRCLE('',#5053,3.3999999999999);
#1890=CIRCLE('',#5055,3.3999999999999);
#1891=CIRCLE('',#5056,3.3999999999999);
#1892=CIRCLE('',#5058,3.3999999999999);
#1893=CIRCLE('',#5059,3.3999999999999);
#1894=CIRCLE('',#5061,3.3999999999999);
#1895=CIRCLE('',#5062,3.3999999999999);
#1896=CIRCLE('',#5064,3.3999999999999);
#1897=CIRCLE('',#5065,3.3999999999999);
#1898=CIRCLE('',#5067,3.3999999999999);
#1899=CIRCLE('',#5068,3.3999999999999);
#1900=CIRCLE('',#5070,3.3999999999999);
#1901=CIRCLE('',#5071,3.3999999999999);
#1902=CIRCLE('',#5073,3.3999999999999);
#1903=CIRCLE('',#5074,3.3999999999999);
#1904=CIRCLE('',#5076,3.3999999999999);
#1905=CIRCLE('',#5077,3.3999999999999);
#1906=CIRCLE('',#5079,3.3999999999999);
#1907=CIRCLE('',#5080,3.3999999999999);
#1908=CIRCLE('',#5082,3.3999999999999);
#1909=CIRCLE('',#5083,3.3999999999999);
#1910=CIRCLE('',#5085,3.39999999999991);
#1911=CIRCLE('',#5086,3.39999999999991);
#1912=CIRCLE('',#5088,3.39999999999991);
#1913=CIRCLE('',#5089,3.39999999999991);
#1914=CIRCLE('',#5091,3.3999999999999);
#1915=CIRCLE('',#5092,3.3999999999999);
#1916=CIRCLE('',#5094,3.3999999999999);
#1917=CIRCLE('',#5095,3.3999999999999);
#1918=CIRCLE('',#5097,3.3999999999999);
#1919=CIRCLE('',#5098,3.3999999999999);
#1920=CIRCLE('',#5100,3.39999999999991);
#1921=CIRCLE('',#5101,3.39999999999991);
#1922=CIRCLE('',#5103,3.3999999999999);
#1923=CIRCLE('',#5104,3.3999999999999);
#1924=CIRCLE('',#5106,3.3999999999999);
#1925=CIRCLE('',#5107,3.3999999999999);
#1926=CIRCLE('',#5109,3.3999999999999);
#1927=CIRCLE('',#5110,3.3999999999999);
#1928=CIRCLE('',#5112,3.3999999999999);
#1929=CIRCLE('',#5113,3.3999999999999);
#1930=CIRCLE('',#5115,3.3999999999999);
#1931=CIRCLE('',#5116,3.3999999999999);
#1932=CIRCLE('',#5118,3.3999999999999);
#1933=CIRCLE('',#5119,3.3999999999999);
#1934=CIRCLE('',#5121,3.3999999999999);
#1935=CIRCLE('',#5122,3.3999999999999);
#1936=CIRCLE('',#5124,3.3999999999999);
#1937=CIRCLE('',#5125,3.3999999999999);
#1938=CIRCLE('',#5127,3.3999999999999);
#1939=CIRCLE('',#5128,3.3999999999999);
#1940=CIRCLE('',#5130,3.3999999999999);
#1941=CIRCLE('',#5131,3.3999999999999);
#1942=CIRCLE('',#5133,3.3999999999999);
#1943=CIRCLE('',#5134,3.3999999999999);
#1944=CIRCLE('',#5136,3.3999999999999);
#1945=CIRCLE('',#5137,3.3999999999999);
#1946=CIRCLE('',#5139,3.3999999999999);
#1947=CIRCLE('',#5140,3.3999999999999);
#1948=CIRCLE('',#5142,3.3999999999999);
#1949=CIRCLE('',#5143,3.3999999999999);
#1950=CIRCLE('',#5145,3.3999999999999);
#1951=CIRCLE('',#5146,3.3999999999999);
#1952=CIRCLE('',#5148,3.3999999999999);
#1953=CIRCLE('',#5149,3.3999999999999);
#1954=CIRCLE('',#5151,3.3999999999999);
#1955=CIRCLE('',#5152,3.3999999999999);
#1956=CIRCLE('',#5154,3.3999999999999);
#1957=CIRCLE('',#5155,3.3999999999999);
#1958=CIRCLE('',#5157,3.3999999999999);
#1959=CIRCLE('',#5158,3.3999999999999);
#1960=CIRCLE('',#5160,3.3999999999999);
#1961=CIRCLE('',#5161,3.3999999999999);
#1962=CIRCLE('',#5163,3.3999999999999);
#1963=CIRCLE('',#5164,3.3999999999999);
#1964=CIRCLE('',#5166,3.3999999999999);
#1965=CIRCLE('',#5167,3.3999999999999);
#1966=CIRCLE('',#5169,3.3999999999999);
#1967=CIRCLE('',#5170,3.3999999999999);
#1968=CIRCLE('',#5172,3.3999999999999);
#1969=CIRCLE('',#5173,3.3999999999999);
#1970=CIRCLE('',#5175,3.39999999999996);
#1971=CIRCLE('',#5176,3.39999999999996);
#1972=CIRCLE('',#5178,3.39999999999996);
#1973=CIRCLE('',#5179,3.39999999999996);
#1974=CIRCLE('',#5181,3.39999999999996);
#1975=CIRCLE('',#5182,3.39999999999996);
#1976=CIRCLE('',#5184,3.39999999999996);
#1977=CIRCLE('',#5185,3.39999999999996);
#1978=CIRCLE('',#5187,3.39999999999996);
#1979=CIRCLE('',#5188,3.39999999999996);
#1980=CIRCLE('',#5190,3.39999999999996);
#1981=CIRCLE('',#5191,3.39999999999996);
#1982=CIRCLE('',#5193,3.3999999999999);
#1983=CIRCLE('',#5194,3.3999999999999);
#1984=CIRCLE('',#5196,3.3999999999999);
#1985=CIRCLE('',#5197,3.3999999999999);
#1986=CIRCLE('',#5199,3.3999999999999);
#1987=CIRCLE('',#5200,3.3999999999999);
#1988=CIRCLE('',#5202,3.3999999999999);
#1989=CIRCLE('',#5203,3.3999999999999);
#1990=CIRCLE('',#5205,3.3999999999999);
#1991=CIRCLE('',#5206,3.3999999999999);
#1992=CIRCLE('',#5208,3.3999999999999);
#1993=CIRCLE('',#5209,3.3999999999999);
#1994=CIRCLE('',#5211,3.3999999999999);
#1995=CIRCLE('',#5212,3.3999999999999);
#1996=CIRCLE('',#5214,3.3999999999999);
#1997=CIRCLE('',#5215,3.3999999999999);
#1998=CIRCLE('',#5217,3.3999999999999);
#1999=CIRCLE('',#5218,3.3999999999999);
#2000=CIRCLE('',#5220,3.3999999999999);
#2001=CIRCLE('',#5221,3.3999999999999);
#2002=CIRCLE('',#5223,3.3999999999999);
#2003=CIRCLE('',#5224,3.3999999999999);
#2004=CIRCLE('',#5226,3.3999999999999);
#2005=CIRCLE('',#5227,3.3999999999999);
#2006=CIRCLE('',#5229,5.09999999999988);
#2007=CIRCLE('',#5230,5.09999999999988);
#2008=CIRCLE('',#5232,5.09999999999999);
#2009=CIRCLE('',#5233,5.09999999999999);
#2010=CIRCLE('',#5235,5.09999999999999);
#2011=CIRCLE('',#5236,5.09999999999999);
#2012=CIRCLE('',#5238,5.09999999999999);
#2013=CIRCLE('',#5239,5.09999999999999);
#2014=CIRCLE('',#5241,5.09999999999999);
#2015=CIRCLE('',#5242,5.09999999999999);
#2016=CIRCLE('',#5244,5.09999999999999);
#2017=CIRCLE('',#5245,5.09999999999999);
#2018=CIRCLE('',#5247,5.09999999999999);
#2019=CIRCLE('',#5248,5.09999999999999);
#2020=CIRCLE('',#5250,5.09999999999988);
#2021=CIRCLE('',#5251,5.09999999999988);
#2022=CIRCLE('',#5253,5.09999999999999);
#2023=CIRCLE('',#5254,5.09999999999999);
#2024=CIRCLE('',#5256,5.09999999999999);
#2025=CIRCLE('',#5257,5.09999999999999);
#2026=CIRCLE('',#5259,5.09999999999999);
#2027=CIRCLE('',#5260,5.09999999999999);
#2028=CIRCLE('',#5262,5.09999999999999);
#2029=CIRCLE('',#5263,5.09999999999999);
#2030=CIRCLE('',#5265,5.09999999999999);
#2031=CIRCLE('',#5266,5.09999999999999);
#2032=CIRCLE('',#5268,5.09999999999999);
#2033=CIRCLE('',#5269,5.09999999999999);
#2034=CIRCLE('',#5271,2.54999999999979);
#2035=CIRCLE('',#5272,2.5499999999998);
#2036=CIRCLE('',#5274,2.55000000000007);
#2037=CIRCLE('',#5275,2.55000000000008);
#2038=CIRCLE('',#5277,2.55000000000007);
#2039=CIRCLE('',#5278,2.55000000000007);
#2040=CIRCLE('',#5280,2.55000000000007);
#2041=CIRCLE('',#5281,2.55000000000007);
#2042=CIRCLE('',#5283,2.54999999999977);
#2043=CIRCLE('',#5284,2.54999999999977);
#2044=CIRCLE('',#5286,2.55000000000005);
#2045=CIRCLE('',#5287,2.55000000000005);
#2046=CIRCLE('',#5289,2.55000000000005);
#2047=CIRCLE('',#5290,2.55000000000005);
#2048=CIRCLE('',#5292,2.55000000000005);
#2049=CIRCLE('',#5293,2.55000000000005);
#2050=CIRCLE('',#5322,3.3999999999999);
#2051=CIRCLE('',#5323,3.3999999999999);
#2052=CIRCLE('',#5325,3.3999999999999);
#2053=CIRCLE('',#5326,3.3999999999999);
#2054=CIRCLE('',#5328,3.3999999999999);
#2055=CIRCLE('',#5329,3.3999999999999);
#2056=CIRCLE('',#5331,3.3999999999999);
#2057=CIRCLE('',#5332,3.3999999999999);
#2058=CIRCLE('',#5334,3.3999999999999);
#2059=CIRCLE('',#5335,3.3999999999999);
#2060=CIRCLE('',#5337,3.3999999999999);
#2061=CIRCLE('',#5338,3.3999999999999);
#2062=CIRCLE('',#5340,3.3999999999999);
#2063=CIRCLE('',#5341,3.3999999999999);
#2064=CIRCLE('',#5343,3.3999999999999);
#2065=CIRCLE('',#5344,3.3999999999999);
#2066=CIRCLE('',#5346,3.3999999999999);
#2067=CIRCLE('',#5347,3.3999999999999);
#2068=CIRCLE('',#5349,3.3999999999999);
#2069=CIRCLE('',#5350,3.3999999999999);
#2070=CIRCLE('',#5352,3.3999999999999);
#2071=CIRCLE('',#5353,3.3999999999999);
#2072=CIRCLE('',#5355,3.3999999999999);
#2073=CIRCLE('',#5356,3.3999999999999);
#2074=CIRCLE('',#5358,3.3999999999999);
#2075=CIRCLE('',#5359,3.3999999999999);
#2076=CIRCLE('',#5361,3.3999999999999);
#2077=CIRCLE('',#5362,3.3999999999999);
#2078=CIRCLE('',#5364,3.3999999999999);
#2079=CIRCLE('',#5365,3.3999999999999);
#2080=CIRCLE('',#5367,3.3999999999999);
#2081=CIRCLE('',#5368,3.3999999999999);
#2082=CIRCLE('',#5370,3.3999999999999);
#2083=CIRCLE('',#5371,3.3999999999999);
#2084=CIRCLE('',#5373,3.3999999999999);
#2085=CIRCLE('',#5374,3.3999999999999);
#2086=CIRCLE('',#5376,3.3999999999999);
#2087=CIRCLE('',#5377,3.3999999999999);
#2088=CIRCLE('',#5379,3.39999999999991);
#2089=CIRCLE('',#5380,3.39999999999991);
#2090=CIRCLE('',#5382,3.39999999999991);
#2091=CIRCLE('',#5383,3.39999999999991);
#2092=CIRCLE('',#5385,3.3999999999999);
#2093=CIRCLE('',#5386,3.3999999999999);
#2094=CIRCLE('',#5388,3.3999999999999);
#2095=CIRCLE('',#5389,3.3999999999999);
#2096=CIRCLE('',#5391,3.39999999999991);
#2097=CIRCLE('',#5392,3.39999999999991);
#2098=CIRCLE('',#5394,3.3999999999999);
#2099=CIRCLE('',#5395,3.3999999999999);
#2100=CIRCLE('',#5397,3.3999999999999);
#2101=CIRCLE('',#5398,3.3999999999999);
#2102=CIRCLE('',#5400,3.39999999999991);
#2103=CIRCLE('',#5401,3.39999999999991);
#2104=CIRCLE('',#5403,3.39999999999991);
#2105=CIRCLE('',#5404,3.39999999999991);
#2106=CIRCLE('',#5406,3.39999999999991);
#2107=CIRCLE('',#5407,3.39999999999991);
#2108=CIRCLE('',#5409,3.3999999999999);
#2109=CIRCLE('',#5410,3.3999999999999);
#2110=CIRCLE('',#5412,3.39999999999991);
#2111=CIRCLE('',#5413,3.39999999999991);
#2112=CIRCLE('',#5415,3.3999999999999);
#2113=CIRCLE('',#5416,3.3999999999999);
#2114=CIRCLE('',#5418,2.55000000000001);
#2115=CIRCLE('',#5419,2.55000000000001);
#2116=CIRCLE('',#5421,2.55000000000008);
#2117=CIRCLE('',#5422,2.55000000000008);
#2118=CIRCLE('',#5424,2.55000000000008);
#2119=CIRCLE('',#5425,2.55000000000008);
#2120=CIRCLE('',#5427,2.55000000000001);
#2121=CIRCLE('',#5428,2.55000000000001);
#2122=CIRCLE('',#5430,2.55);
#2123=CIRCLE('',#5431,2.55);
#2124=CIRCLE('',#5433,2.55000000000011);
#2125=CIRCLE('',#5434,2.55000000000011);
#2126=CIRCLE('',#5436,2.55000000000011);
#2127=CIRCLE('',#5437,2.55000000000011);
#2128=CIRCLE('',#5439,2.55);
#2129=CIRCLE('',#5440,2.55);
#2130=CIRCLE('',#5442,2.55);
#2131=CIRCLE('',#5443,2.55);
#2132=CIRCLE('',#5445,2.55000000000011);
#2133=CIRCLE('',#5446,2.55000000000011);
#2134=CIRCLE('',#5448,2.55000000000011);
#2135=CIRCLE('',#5449,2.55000000000011);
#2136=CIRCLE('',#5451,2.55);
#2137=CIRCLE('',#5452,2.55);
#2138=CIRCLE('',#5454,2.55000000000001);
#2139=CIRCLE('',#5455,2.55000000000001);
#2140=CIRCLE('',#5457,2.55000000000008);
#2141=CIRCLE('',#5458,2.55000000000008);
#2142=CIRCLE('',#5460,2.55000000000008);
#2143=CIRCLE('',#5461,2.55000000000008);
#2144=CIRCLE('',#5463,2.55000000000001);
#2145=CIRCLE('',#5464,2.55000000000001);
#2146=CIRCLE('',#5466,3.39999999999991);
#2147=CIRCLE('',#5467,3.39999999999991);
#2148=CIRCLE('',#5469,3.3999999999999);
#2149=CIRCLE('',#5470,3.3999999999999);
#2150=CIRCLE('',#5472,3.3999999999999);
#2151=CIRCLE('',#5473,3.3999999999999);
#2152=CIRCLE('',#5475,3.39999999999991);
#2153=CIRCLE('',#5476,3.39999999999991);
#2154=CIRCLE('',#5478,3.39999999999991);
#2155=CIRCLE('',#5479,3.39999999999991);
#2156=CIRCLE('',#5481,3.3999999999999);
#2157=CIRCLE('',#5482,3.3999999999999);
#2158=CIRCLE('',#5484,3.3999999999999);
#2159=CIRCLE('',#5485,3.3999999999999);
#2160=CIRCLE('',#5487,3.39999999999991);
#2161=CIRCLE('',#5488,3.39999999999991);
#2162=CIRCLE('',#5490,3.39999999999991);
#2163=CIRCLE('',#5491,3.39999999999991);
#2164=CIRCLE('',#5493,3.3999999999999);
#2165=CIRCLE('',#5494,3.3999999999999);
#2166=CIRCLE('',#5497,0.199999999999867);
#2167=CIRCLE('',#5498,0.199999999999978);
#2168=CIRCLE('',#5499,0.199999999999978);
#2169=CIRCLE('',#5500,0.199999999999978);
#2170=CIRCLE('',#5526,0.199999999999867);
#2171=CIRCLE('',#5529,0.199999999999978);
#2172=CIRCLE('',#5532,0.199999999999978);
#2173=CIRCLE('',#5535,0.199999999999978);
#2174=VERTEX_POINT('',#7019);
#2175=VERTEX_POINT('',#7021);
#2176=VERTEX_POINT('',#7025);
#2177=VERTEX_POINT('',#7027);
#2178=VERTEX_POINT('',#7031);
#2179=VERTEX_POINT('',#7033);
#2180=VERTEX_POINT('',#7037);
#2181=VERTEX_POINT('',#7039);
#2182=VERTEX_POINT('',#7043);
#2183=VERTEX_POINT('',#7045);
#2184=VERTEX_POINT('',#7049);
#2185=VERTEX_POINT('',#7051);
#2186=VERTEX_POINT('',#7055);
#2187=VERTEX_POINT('',#7057);
#2188=VERTEX_POINT('',#7061);
#2189=VERTEX_POINT('',#7063);
#2190=VERTEX_POINT('',#7067);
#2191=VERTEX_POINT('',#7069);
#2192=VERTEX_POINT('',#7073);
#2193=VERTEX_POINT('',#7075);
#2194=VERTEX_POINT('',#7079);
#2195=VERTEX_POINT('',#7081);
#2196=VERTEX_POINT('',#7085);
#2197=VERTEX_POINT('',#7087);
#2198=VERTEX_POINT('',#7091);
#2199=VERTEX_POINT('',#7093);
#2200=VERTEX_POINT('',#7097);
#2201=VERTEX_POINT('',#7099);
#2202=VERTEX_POINT('',#7103);
#2203=VERTEX_POINT('',#7105);
#2204=VERTEX_POINT('',#7109);
#2205=VERTEX_POINT('',#7111);
#2206=VERTEX_POINT('',#7115);
#2207=VERTEX_POINT('',#7117);
#2208=VERTEX_POINT('',#7121);
#2209=VERTEX_POINT('',#7123);
#2210=VERTEX_POINT('',#7127);
#2211=VERTEX_POINT('',#7129);
#2212=VERTEX_POINT('',#7133);
#2213=VERTEX_POINT('',#7135);
#2214=VERTEX_POINT('',#7139);
#2215=VERTEX_POINT('',#7141);
#2216=VERTEX_POINT('',#7145);
#2217=VERTEX_POINT('',#7147);
#2218=VERTEX_POINT('',#7151);
#2219=VERTEX_POINT('',#7153);
#2220=VERTEX_POINT('',#7157);
#2221=VERTEX_POINT('',#7159);
#2222=VERTEX_POINT('',#7163);
#2223=VERTEX_POINT('',#7165);
#2224=VERTEX_POINT('',#7169);
#2225=VERTEX_POINT('',#7171);
#2226=VERTEX_POINT('',#7175);
#2227=VERTEX_POINT('',#7177);
#2228=VERTEX_POINT('',#7181);
#2229=VERTEX_POINT('',#7183);
#2230=VERTEX_POINT('',#7187);
#2231=VERTEX_POINT('',#7189);
#2232=VERTEX_POINT('',#7193);
#2233=VERTEX_POINT('',#7195);
#2234=VERTEX_POINT('',#7199);
#2235=VERTEX_POINT('',#7201);
#2236=VERTEX_POINT('',#7205);
#2237=VERTEX_POINT('',#7207);
#2238=VERTEX_POINT('',#7211);
#2239=VERTEX_POINT('',#7213);
#2240=VERTEX_POINT('',#7217);
#2241=VERTEX_POINT('',#7219);
#2242=VERTEX_POINT('',#7223);
#2243=VERTEX_POINT('',#7225);
#2244=VERTEX_POINT('',#7229);
#2245=VERTEX_POINT('',#7231);
#2246=VERTEX_POINT('',#7235);
#2247=VERTEX_POINT('',#7237);
#2248=VERTEX_POINT('',#7241);
#2249=VERTEX_POINT('',#7243);
#2250=VERTEX_POINT('',#7247);
#2251=VERTEX_POINT('',#7249);
#2252=VERTEX_POINT('',#7253);
#2253=VERTEX_POINT('',#7255);
#2254=VERTEX_POINT('',#7259);
#2255=VERTEX_POINT('',#7261);
#2256=VERTEX_POINT('',#7265);
#2257=VERTEX_POINT('',#7267);
#2258=VERTEX_POINT('',#7271);
#2259=VERTEX_POINT('',#7273);
#2260=VERTEX_POINT('',#7277);
#2261=VERTEX_POINT('',#7279);
#2262=VERTEX_POINT('',#7283);
#2263=VERTEX_POINT('',#7285);
#2264=VERTEX_POINT('',#7289);
#2265=VERTEX_POINT('',#7291);
#2266=VERTEX_POINT('',#7295);
#2267=VERTEX_POINT('',#7297);
#2268=VERTEX_POINT('',#7301);
#2269=VERTEX_POINT('',#7303);
#2270=VERTEX_POINT('',#7307);
#2271=VERTEX_POINT('',#7309);
#2272=VERTEX_POINT('',#7313);
#2273=VERTEX_POINT('',#7315);
#2274=VERTEX_POINT('',#7319);
#2275=VERTEX_POINT('',#7321);
#2276=VERTEX_POINT('',#7325);
#2277=VERTEX_POINT('',#7327);
#2278=VERTEX_POINT('',#7331);
#2279=VERTEX_POINT('',#7333);
#2280=VERTEX_POINT('',#7337);
#2281=VERTEX_POINT('',#7339);
#2282=VERTEX_POINT('',#7343);
#2283=VERTEX_POINT('',#7345);
#2284=VERTEX_POINT('',#7349);
#2285=VERTEX_POINT('',#7351);
#2286=VERTEX_POINT('',#7355);
#2287=VERTEX_POINT('',#7357);
#2288=VERTEX_POINT('',#7361);
#2289=VERTEX_POINT('',#7363);
#2290=VERTEX_POINT('',#7367);
#2291=VERTEX_POINT('',#7369);
#2292=VERTEX_POINT('',#7373);
#2293=VERTEX_POINT('',#7375);
#2294=VERTEX_POINT('',#7379);
#2295=VERTEX_POINT('',#7381);
#2296=VERTEX_POINT('',#7385);
#2297=VERTEX_POINT('',#7387);
#2298=VERTEX_POINT('',#7391);
#2299=VERTEX_POINT('',#7393);
#2300=VERTEX_POINT('',#7397);
#2301=VERTEX_POINT('',#7399);
#2302=VERTEX_POINT('',#7403);
#2303=VERTEX_POINT('',#7405);
#2304=VERTEX_POINT('',#7409);
#2305=VERTEX_POINT('',#7411);
#2306=VERTEX_POINT('',#7415);
#2307=VERTEX_POINT('',#7417);
#2308=VERTEX_POINT('',#7421);
#2309=VERTEX_POINT('',#7423);
#2310=VERTEX_POINT('',#7427);
#2311=VERTEX_POINT('',#7429);
#2312=VERTEX_POINT('',#7433);
#2313=VERTEX_POINT('',#7435);
#2314=VERTEX_POINT('',#7439);
#2315=VERTEX_POINT('',#7441);
#2316=VERTEX_POINT('',#7445);
#2317=VERTEX_POINT('',#7447);
#2318=VERTEX_POINT('',#7451);
#2319=VERTEX_POINT('',#7453);
#2320=VERTEX_POINT('',#7457);
#2321=VERTEX_POINT('',#7459);
#2322=VERTEX_POINT('',#7463);
#2323=VERTEX_POINT('',#7465);
#2324=VERTEX_POINT('',#7469);
#2325=VERTEX_POINT('',#7471);
#2326=VERTEX_POINT('',#7475);
#2327=VERTEX_POINT('',#7477);
#2328=VERTEX_POINT('',#7481);
#2329=VERTEX_POINT('',#7483);
#2330=VERTEX_POINT('',#7487);
#2331=VERTEX_POINT('',#7489);
#2332=VERTEX_POINT('',#7493);
#2333=VERTEX_POINT('',#7495);
#2334=VERTEX_POINT('',#7499);
#2335=VERTEX_POINT('',#7501);
#2336=VERTEX_POINT('',#7505);
#2337=VERTEX_POINT('',#7507);
#2338=VERTEX_POINT('',#7511);
#2339=VERTEX_POINT('',#7513);
#2340=VERTEX_POINT('',#7517);
#2341=VERTEX_POINT('',#7519);
#2342=VERTEX_POINT('',#7523);
#2343=VERTEX_POINT('',#7525);
#2344=VERTEX_POINT('',#7529);
#2345=VERTEX_POINT('',#7531);
#2346=VERTEX_POINT('',#7535);
#2347=VERTEX_POINT('',#7537);
#2348=VERTEX_POINT('',#7541);
#2349=VERTEX_POINT('',#7543);
#2350=VERTEX_POINT('',#7547);
#2351=VERTEX_POINT('',#7549);
#2352=VERTEX_POINT('',#7553);
#2353=VERTEX_POINT('',#7555);
#2354=VERTEX_POINT('',#7559);
#2355=VERTEX_POINT('',#7561);
#2356=VERTEX_POINT('',#7565);
#2357=VERTEX_POINT('',#7567);
#2358=VERTEX_POINT('',#7571);
#2359=VERTEX_POINT('',#7573);
#2360=VERTEX_POINT('',#7577);
#2361=VERTEX_POINT('',#7579);
#2362=VERTEX_POINT('',#7583);
#2363=VERTEX_POINT('',#7585);
#2364=VERTEX_POINT('',#7589);
#2365=VERTEX_POINT('',#7591);
#2366=VERTEX_POINT('',#7595);
#2367=VERTEX_POINT('',#7597);
#2368=VERTEX_POINT('',#7601);
#2369=VERTEX_POINT('',#7603);
#2370=VERTEX_POINT('',#7607);
#2371=VERTEX_POINT('',#7609);
#2372=VERTEX_POINT('',#7613);
#2373=VERTEX_POINT('',#7615);
#2374=VERTEX_POINT('',#7619);
#2375=VERTEX_POINT('',#7621);
#2376=VERTEX_POINT('',#7625);
#2377=VERTEX_POINT('',#7627);
#2378=VERTEX_POINT('',#7631);
#2379=VERTEX_POINT('',#7633);
#2380=VERTEX_POINT('',#7637);
#2381=VERTEX_POINT('',#7639);
#2382=VERTEX_POINT('',#7643);
#2383=VERTEX_POINT('',#7645);
#2384=VERTEX_POINT('',#7649);
#2385=VERTEX_POINT('',#7651);
#2386=VERTEX_POINT('',#7655);
#2387=VERTEX_POINT('',#7657);
#2388=VERTEX_POINT('',#7661);
#2389=VERTEX_POINT('',#7663);
#2390=VERTEX_POINT('',#7667);
#2391=VERTEX_POINT('',#7668);
#2392=VERTEX_POINT('',#7670);
#2393=VERTEX_POINT('',#7672);
#2394=VERTEX_POINT('',#7676);
#2395=VERTEX_POINT('',#7677);
#2396=VERTEX_POINT('',#7679);
#2397=VERTEX_POINT('',#7681);
#2398=VERTEX_POINT('',#7685);
#2399=VERTEX_POINT('',#7686);
#2400=VERTEX_POINT('',#7688);
#2401=VERTEX_POINT('',#7690);
#2402=VERTEX_POINT('',#7692);
#2403=VERTEX_POINT('',#7694);
#2404=VERTEX_POINT('',#7696);
#2405=VERTEX_POINT('',#7698);
#2406=VERTEX_POINT('',#7703);
#2407=VERTEX_POINT('',#7705);
#2408=VERTEX_POINT('',#7707);
#2409=VERTEX_POINT('',#7709);
#2410=VERTEX_POINT('',#7712);
#2411=VERTEX_POINT('',#7714);
#2412=VERTEX_POINT('',#7716);
#2413=VERTEX_POINT('',#7718);
#2414=VERTEX_POINT('',#7723);
#2415=VERTEX_POINT('',#7724);
#2416=VERTEX_POINT('',#7726);
#2417=VERTEX_POINT('',#7728);
#2418=VERTEX_POINT('',#7731);
#2419=VERTEX_POINT('',#7733);
#2420=VERTEX_POINT('',#7735);
#2421=VERTEX_POINT('',#7737);
#2422=VERTEX_POINT('',#7774);
#2423=VERTEX_POINT('',#7776);
#2424=VERTEX_POINT('',#7780);
#2425=VERTEX_POINT('',#7782);
#2426=VERTEX_POINT('',#7786);
#2427=VERTEX_POINT('',#7788);
#2428=VERTEX_POINT('',#7792);
#2429=VERTEX_POINT('',#7794);
#2430=VERTEX_POINT('',#7798);
#2431=VERTEX_POINT('',#7800);
#2432=VERTEX_POINT('',#7804);
#2433=VERTEX_POINT('',#7806);
#2434=VERTEX_POINT('',#7810);
#2435=VERTEX_POINT('',#7812);
#2436=VERTEX_POINT('',#7816);
#2437=VERTEX_POINT('',#7818);
#2438=VERTEX_POINT('',#7822);
#2439=VERTEX_POINT('',#7824);
#2440=VERTEX_POINT('',#7828);
#2441=VERTEX_POINT('',#7830);
#2442=VERTEX_POINT('',#7834);
#2443=VERTEX_POINT('',#7836);
#2444=VERTEX_POINT('',#7840);
#2445=VERTEX_POINT('',#7842);
#2446=VERTEX_POINT('',#7846);
#2447=VERTEX_POINT('',#7848);
#2448=VERTEX_POINT('',#7852);
#2449=VERTEX_POINT('',#7854);
#2450=VERTEX_POINT('',#7858);
#2451=VERTEX_POINT('',#7860);
#2452=VERTEX_POINT('',#7864);
#2453=VERTEX_POINT('',#7866);
#2454=VERTEX_POINT('',#7870);
#2455=VERTEX_POINT('',#7872);
#2456=VERTEX_POINT('',#7876);
#2457=VERTEX_POINT('',#7878);
#2458=VERTEX_POINT('',#7882);
#2459=VERTEX_POINT('',#7884);
#2460=VERTEX_POINT('',#7888);
#2461=VERTEX_POINT('',#7890);
#2462=VERTEX_POINT('',#7894);
#2463=VERTEX_POINT('',#7896);
#2464=VERTEX_POINT('',#7900);
#2465=VERTEX_POINT('',#7902);
#2466=VERTEX_POINT('',#7906);
#2467=VERTEX_POINT('',#7908);
#2468=VERTEX_POINT('',#7912);
#2469=VERTEX_POINT('',#7914);
#2470=VERTEX_POINT('',#7918);
#2471=VERTEX_POINT('',#7920);
#2472=VERTEX_POINT('',#7924);
#2473=VERTEX_POINT('',#7926);
#2474=VERTEX_POINT('',#7930);
#2475=VERTEX_POINT('',#7932);
#2476=VERTEX_POINT('',#7936);
#2477=VERTEX_POINT('',#7938);
#2478=VERTEX_POINT('',#7942);
#2479=VERTEX_POINT('',#7944);
#2480=VERTEX_POINT('',#7948);
#2481=VERTEX_POINT('',#7950);
#2482=VERTEX_POINT('',#7954);
#2483=VERTEX_POINT('',#7956);
#2484=VERTEX_POINT('',#7960);
#2485=VERTEX_POINT('',#7962);
#2486=VERTEX_POINT('',#7966);
#2487=VERTEX_POINT('',#7968);
#2488=VERTEX_POINT('',#7972);
#2489=VERTEX_POINT('',#7974);
#2490=VERTEX_POINT('',#7978);
#2491=VERTEX_POINT('',#7980);
#2492=VERTEX_POINT('',#7984);
#2493=VERTEX_POINT('',#7986);
#2494=VERTEX_POINT('',#7990);
#2495=VERTEX_POINT('',#7992);
#2496=VERTEX_POINT('',#7996);
#2497=VERTEX_POINT('',#7998);
#2498=VERTEX_POINT('',#8002);
#2499=VERTEX_POINT('',#8004);
#2500=VERTEX_POINT('',#8008);
#2501=VERTEX_POINT('',#8010);
#2502=VERTEX_POINT('',#8014);
#2503=VERTEX_POINT('',#8016);
#2504=VERTEX_POINT('',#8020);
#2505=VERTEX_POINT('',#8022);
#2506=VERTEX_POINT('',#8026);
#2507=VERTEX_POINT('',#8028);
#2508=VERTEX_POINT('',#8032);
#2509=VERTEX_POINT('',#8034);
#2510=VERTEX_POINT('',#8038);
#2511=VERTEX_POINT('',#8040);
#2512=VERTEX_POINT('',#8044);
#2513=VERTEX_POINT('',#8046);
#2514=VERTEX_POINT('',#8050);
#2515=VERTEX_POINT('',#8052);
#2516=VERTEX_POINT('',#8056);
#2517=VERTEX_POINT('',#8058);
#2518=VERTEX_POINT('',#8062);
#2519=VERTEX_POINT('',#8064);
#2520=VERTEX_POINT('',#8068);
#2521=VERTEX_POINT('',#8070);
#2522=VERTEX_POINT('',#8074);
#2523=VERTEX_POINT('',#8076);
#2524=VERTEX_POINT('',#8080);
#2525=VERTEX_POINT('',#8082);
#2526=VERTEX_POINT('',#8086);
#2527=VERTEX_POINT('',#8088);
#2528=VERTEX_POINT('',#8092);
#2529=VERTEX_POINT('',#8094);
#2530=VERTEX_POINT('',#8098);
#2531=VERTEX_POINT('',#8100);
#2532=VERTEX_POINT('',#8104);
#2533=VERTEX_POINT('',#8106);
#2534=VERTEX_POINT('',#8110);
#2535=VERTEX_POINT('',#8112);
#2536=VERTEX_POINT('',#8116);
#2537=VERTEX_POINT('',#8118);
#2538=VERTEX_POINT('',#8122);
#2539=VERTEX_POINT('',#8123);
#2540=VERTEX_POINT('',#8125);
#2541=VERTEX_POINT('',#8127);
#2542=VERTEX_POINT('',#8131);
#2543=VERTEX_POINT('',#8132);
#2544=VERTEX_POINT('',#8134);
#2545=VERTEX_POINT('',#8136);
#2546=VERTEX_POINT('',#8139);
#2547=VERTEX_POINT('',#8140);
#2548=VERTEX_POINT('',#8142);
#2549=VERTEX_POINT('',#8144);
#2550=VERTEX_POINT('',#8147);
#2551=VERTEX_POINT('',#8148);
#2552=VERTEX_POINT('',#8150);
#2553=VERTEX_POINT('',#8152);
#2554=VERTEX_POINT('',#8155);
#2555=VERTEX_POINT('',#8156);
#2556=VERTEX_POINT('',#8158);
#2557=VERTEX_POINT('',#8160);
#2558=VERTEX_POINT('',#8163);
#2559=VERTEX_POINT('',#8164);
#2560=VERTEX_POINT('',#8166);
#2561=VERTEX_POINT('',#8168);
#2562=VERTEX_POINT('',#8171);
#2563=VERTEX_POINT('',#8172);
#2564=VERTEX_POINT('',#8174);
#2565=VERTEX_POINT('',#8176);
#2566=VERTEX_POINT('',#8178);
#2567=VERTEX_POINT('',#8180);
#2568=VERTEX_POINT('',#8182);
#2569=VERTEX_POINT('',#8184);
#2570=VERTEX_POINT('',#8196);
#2571=VERTEX_POINT('',#8198);
#2572=VERTEX_POINT('',#8202);
#2573=VERTEX_POINT('',#8206);
#2574=VERTEX_POINT('',#8213);
#2575=VERTEX_POINT('',#8215);
#2576=VERTEX_POINT('',#8219);
#2577=VERTEX_POINT('',#8223);
#2578=VERTEX_POINT('',#8230);
#2579=VERTEX_POINT('',#8232);
#2580=VERTEX_POINT('',#8236);
#2581=VERTEX_POINT('',#8240);
#2582=VERTEX_POINT('',#8247);
#2583=VERTEX_POINT('',#8249);
#2584=VERTEX_POINT('',#8253);
#2585=VERTEX_POINT('',#8257);
#2586=VERTEX_POINT('',#8264);
#2587=VERTEX_POINT('',#8266);
#2588=VERTEX_POINT('',#8270);
#2589=VERTEX_POINT('',#8274);
#2590=VERTEX_POINT('',#8278);
#2591=VERTEX_POINT('',#8282);
#2592=VERTEX_POINT('',#8286);
#2593=VERTEX_POINT('',#8290);
#2594=VERTEX_POINT('',#8298);
#2595=VERTEX_POINT('',#8299);
#2596=VERTEX_POINT('',#8301);
#2597=VERTEX_POINT('',#8303);
#2598=VERTEX_POINT('',#8307);
#2599=VERTEX_POINT('',#8309);
#2600=VERTEX_POINT('',#8313);
#2601=VERTEX_POINT('',#8315);
#2602=EDGE_CURVE('',#2174,#2174,#1834,.T.);
#2603=EDGE_CURVE('',#2174,#2175,#1230,.T.);
#2604=EDGE_CURVE('',#2175,#2175,#1835,.T.);
#2605=EDGE_CURVE('',#2176,#2176,#1836,.T.);
#2606=EDGE_CURVE('',#2176,#2177,#1231,.T.);
#2607=EDGE_CURVE('',#2177,#2177,#1837,.T.);
#2608=EDGE_CURVE('',#2178,#2178,#1838,.T.);
#2609=EDGE_CURVE('',#2178,#2179,#1232,.T.);
#2610=EDGE_CURVE('',#2179,#2179,#1839,.T.);
#2611=EDGE_CURVE('',#2180,#2180,#1840,.T.);
#2612=EDGE_CURVE('',#2180,#2181,#1233,.T.);
#2613=EDGE_CURVE('',#2181,#2181,#1841,.T.);
#2614=EDGE_CURVE('',#2182,#2182,#1842,.T.);
#2615=EDGE_CURVE('',#2182,#2183,#1234,.T.);
#2616=EDGE_CURVE('',#2183,#2183,#1843,.T.);
#2617=EDGE_CURVE('',#2184,#2184,#1844,.T.);
#2618=EDGE_CURVE('',#2184,#2185,#1235,.T.);
#2619=EDGE_CURVE('',#2185,#2185,#1845,.T.);
#2620=EDGE_CURVE('',#2186,#2186,#1846,.T.);
#2621=EDGE_CURVE('',#2186,#2187,#1236,.T.);
#2622=EDGE_CURVE('',#2187,#2187,#1847,.T.);
#2623=EDGE_CURVE('',#2188,#2188,#1848,.T.);
#2624=EDGE_CURVE('',#2188,#2189,#1237,.T.);
#2625=EDGE_CURVE('',#2189,#2189,#1849,.T.);
#2626=EDGE_CURVE('',#2190,#2190,#1850,.T.);
#2627=EDGE_CURVE('',#2190,#2191,#1238,.T.);
#2628=EDGE_CURVE('',#2191,#2191,#1851,.T.);
#2629=EDGE_CURVE('',#2192,#2192,#1852,.T.);
#2630=EDGE_CURVE('',#2192,#2193,#1239,.T.);
#2631=EDGE_CURVE('',#2193,#2193,#1853,.T.);
#2632=EDGE_CURVE('',#2194,#2194,#1854,.T.);
#2633=EDGE_CURVE('',#2194,#2195,#1240,.T.);
#2634=EDGE_CURVE('',#2195,#2195,#1855,.T.);
#2635=EDGE_CURVE('',#2196,#2196,#1856,.T.);
#2636=EDGE_CURVE('',#2196,#2197,#1241,.T.);
#2637=EDGE_CURVE('',#2197,#2197,#1857,.T.);
#2638=EDGE_CURVE('',#2198,#2198,#1858,.T.);
#2639=EDGE_CURVE('',#2198,#2199,#1242,.T.);
#2640=EDGE_CURVE('',#2199,#2199,#1859,.T.);
#2641=EDGE_CURVE('',#2200,#2200,#1860,.T.);
#2642=EDGE_CURVE('',#2200,#2201,#1243,.T.);
#2643=EDGE_CURVE('',#2201,#2201,#1861,.T.);
#2644=EDGE_CURVE('',#2202,#2202,#1862,.T.);
#2645=EDGE_CURVE('',#2202,#2203,#1244,.T.);
#2646=EDGE_CURVE('',#2203,#2203,#1863,.T.);
#2647=EDGE_CURVE('',#2204,#2204,#1864,.T.);
#2648=EDGE_CURVE('',#2204,#2205,#1245,.T.);
#2649=EDGE_CURVE('',#2205,#2205,#1865,.T.);
#2650=EDGE_CURVE('',#2206,#2206,#1866,.T.);
#2651=EDGE_CURVE('',#2206,#2207,#1246,.T.);
#2652=EDGE_CURVE('',#2207,#2207,#1867,.T.);
#2653=EDGE_CURVE('',#2208,#2208,#1868,.T.);
#2654=EDGE_CURVE('',#2208,#2209,#1247,.T.);
#2655=EDGE_CURVE('',#2209,#2209,#1869,.T.);
#2656=EDGE_CURVE('',#2210,#2210,#1870,.T.);
#2657=EDGE_CURVE('',#2210,#2211,#1248,.T.);
#2658=EDGE_CURVE('',#2211,#2211,#1871,.T.);
#2659=EDGE_CURVE('',#2212,#2212,#1872,.T.);
#2660=EDGE_CURVE('',#2212,#2213,#1249,.T.);
#2661=EDGE_CURVE('',#2213,#2213,#1873,.T.);
#2662=EDGE_CURVE('',#2214,#2214,#1874,.T.);
#2663=EDGE_CURVE('',#2214,#2215,#1250,.T.);
#2664=EDGE_CURVE('',#2215,#2215,#1875,.T.);
#2665=EDGE_CURVE('',#2216,#2216,#1876,.T.);
#2666=EDGE_CURVE('',#2216,#2217,#1251,.T.);
#2667=EDGE_CURVE('',#2217,#2217,#1877,.T.);
#2668=EDGE_CURVE('',#2218,#2218,#1878,.T.);
#2669=EDGE_CURVE('',#2218,#2219,#1252,.T.);
#2670=EDGE_CURVE('',#2219,#2219,#1879,.T.);
#2671=EDGE_CURVE('',#2220,#2220,#1880,.T.);
#2672=EDGE_CURVE('',#2220,#2221,#1253,.T.);
#2673=EDGE_CURVE('',#2221,#2221,#1881,.T.);
#2674=EDGE_CURVE('',#2222,#2222,#1882,.T.);
#2675=EDGE_CURVE('',#2222,#2223,#1254,.T.);
#2676=EDGE_CURVE('',#2223,#2223,#1883,.T.);
#2677=EDGE_CURVE('',#2224,#2224,#1884,.T.);
#2678=EDGE_CURVE('',#2224,#2225,#1255,.T.);
#2679=EDGE_CURVE('',#2225,#2225,#1885,.T.);
#2680=EDGE_CURVE('',#2226,#2226,#1886,.T.);
#2681=EDGE_CURVE('',#2226,#2227,#1256,.T.);
#2682=EDGE_CURVE('',#2227,#2227,#1887,.T.);
#2683=EDGE_CURVE('',#2228,#2228,#1888,.T.);
#2684=EDGE_CURVE('',#2228,#2229,#1257,.T.);
#2685=EDGE_CURVE('',#2229,#2229,#1889,.T.);
#2686=EDGE_CURVE('',#2230,#2230,#1890,.T.);
#2687=EDGE_CURVE('',#2230,#2231,#1258,.T.);
#2688=EDGE_CURVE('',#2231,#2231,#1891,.T.);
#2689=EDGE_CURVE('',#2232,#2232,#1892,.T.);
#2690=EDGE_CURVE('',#2232,#2233,#1259,.T.);
#2691=EDGE_CURVE('',#2233,#2233,#1893,.T.);
#2692=EDGE_CURVE('',#2234,#2234,#1894,.T.);
#2693=EDGE_CURVE('',#2234,#2235,#1260,.T.);
#2694=EDGE_CURVE('',#2235,#2235,#1895,.T.);
#2695=EDGE_CURVE('',#2236,#2236,#1896,.T.);
#2696=EDGE_CURVE('',#2236,#2237,#1261,.T.);
#2697=EDGE_CURVE('',#2237,#2237,#1897,.T.);
#2698=EDGE_CURVE('',#2238,#2238,#1898,.T.);
#2699=EDGE_CURVE('',#2238,#2239,#1262,.T.);
#2700=EDGE_CURVE('',#2239,#2239,#1899,.T.);
#2701=EDGE_CURVE('',#2240,#2240,#1900,.T.);
#2702=EDGE_CURVE('',#2240,#2241,#1263,.T.);
#2703=EDGE_CURVE('',#2241,#2241,#1901,.T.);
#2704=EDGE_CURVE('',#2242,#2242,#1902,.T.);
#2705=EDGE_CURVE('',#2242,#2243,#1264,.T.);
#2706=EDGE_CURVE('',#2243,#2243,#1903,.T.);
#2707=EDGE_CURVE('',#2244,#2244,#1904,.T.);
#2708=EDGE_CURVE('',#2244,#2245,#1265,.T.);
#2709=EDGE_CURVE('',#2245,#2245,#1905,.T.);
#2710=EDGE_CURVE('',#2246,#2246,#1906,.T.);
#2711=EDGE_CURVE('',#2246,#2247,#1266,.T.);
#2712=EDGE_CURVE('',#2247,#2247,#1907,.T.);
#2713=EDGE_CURVE('',#2248,#2248,#1908,.T.);
#2714=EDGE_CURVE('',#2248,#2249,#1267,.T.);
#2715=EDGE_CURVE('',#2249,#2249,#1909,.T.);
#2716=EDGE_CURVE('',#2250,#2250,#1910,.T.);
#2717=EDGE_CURVE('',#2250,#2251,#1268,.T.);
#2718=EDGE_CURVE('',#2251,#2251,#1911,.T.);
#2719=EDGE_CURVE('',#2252,#2252,#1912,.T.);
#2720=EDGE_CURVE('',#2252,#2253,#1269,.T.);
#2721=EDGE_CURVE('',#2253,#2253,#1913,.T.);
#2722=EDGE_CURVE('',#2254,#2254,#1914,.T.);
#2723=EDGE_CURVE('',#2254,#2255,#1270,.T.);
#2724=EDGE_CURVE('',#2255,#2255,#1915,.T.);
#2725=EDGE_CURVE('',#2256,#2256,#1916,.T.);
#2726=EDGE_CURVE('',#2256,#2257,#1271,.T.);
#2727=EDGE_CURVE('',#2257,#2257,#1917,.T.);
#2728=EDGE_CURVE('',#2258,#2258,#1918,.T.);
#2729=EDGE_CURVE('',#2258,#2259,#1272,.T.);
#2730=EDGE_CURVE('',#2259,#2259,#1919,.T.);
#2731=EDGE_CURVE('',#2260,#2260,#1920,.T.);
#2732=EDGE_CURVE('',#2260,#2261,#1273,.T.);
#2733=EDGE_CURVE('',#2261,#2261,#1921,.T.);
#2734=EDGE_CURVE('',#2262,#2262,#1922,.T.);
#2735=EDGE_CURVE('',#2262,#2263,#1274,.T.);
#2736=EDGE_CURVE('',#2263,#2263,#1923,.T.);
#2737=EDGE_CURVE('',#2264,#2264,#1924,.T.);
#2738=EDGE_CURVE('',#2264,#2265,#1275,.T.);
#2739=EDGE_CURVE('',#2265,#2265,#1925,.T.);
#2740=EDGE_CURVE('',#2266,#2266,#1926,.T.);
#2741=EDGE_CURVE('',#2266,#2267,#1276,.T.);
#2742=EDGE_CURVE('',#2267,#2267,#1927,.T.);
#2743=EDGE_CURVE('',#2268,#2268,#1928,.T.);
#2744=EDGE_CURVE('',#2268,#2269,#1277,.T.);
#2745=EDGE_CURVE('',#2269,#2269,#1929,.T.);
#2746=EDGE_CURVE('',#2270,#2270,#1930,.T.);
#2747=EDGE_CURVE('',#2270,#2271,#1278,.T.);
#2748=EDGE_CURVE('',#2271,#2271,#1931,.T.);
#2749=EDGE_CURVE('',#2272,#2272,#1932,.T.);
#2750=EDGE_CURVE('',#2272,#2273,#1279,.T.);
#2751=EDGE_CURVE('',#2273,#2273,#1933,.T.);
#2752=EDGE_CURVE('',#2274,#2274,#1934,.T.);
#2753=EDGE_CURVE('',#2274,#2275,#1280,.T.);
#2754=EDGE_CURVE('',#2275,#2275,#1935,.T.);
#2755=EDGE_CURVE('',#2276,#2276,#1936,.T.);
#2756=EDGE_CURVE('',#2276,#2277,#1281,.T.);
#2757=EDGE_CURVE('',#2277,#2277,#1937,.T.);
#2758=EDGE_CURVE('',#2278,#2278,#1938,.T.);
#2759=EDGE_CURVE('',#2278,#2279,#1282,.T.);
#2760=EDGE_CURVE('',#2279,#2279,#1939,.T.);
#2761=EDGE_CURVE('',#2280,#2280,#1940,.T.);
#2762=EDGE_CURVE('',#2280,#2281,#1283,.T.);
#2763=EDGE_CURVE('',#2281,#2281,#1941,.T.);
#2764=EDGE_CURVE('',#2282,#2282,#1942,.T.);
#2765=EDGE_CURVE('',#2282,#2283,#1284,.T.);
#2766=EDGE_CURVE('',#2283,#2283,#1943,.T.);
#2767=EDGE_CURVE('',#2284,#2284,#1944,.T.);
#2768=EDGE_CURVE('',#2284,#2285,#1285,.T.);
#2769=EDGE_CURVE('',#2285,#2285,#1945,.T.);
#2770=EDGE_CURVE('',#2286,#2286,#1946,.T.);
#2771=EDGE_CURVE('',#2286,#2287,#1286,.T.);
#2772=EDGE_CURVE('',#2287,#2287,#1947,.T.);
#2773=EDGE_CURVE('',#2288,#2288,#1948,.T.);
#2774=EDGE_CURVE('',#2288,#2289,#1287,.T.);
#2775=EDGE_CURVE('',#2289,#2289,#1949,.T.);
#2776=EDGE_CURVE('',#2290,#2290,#1950,.T.);
#2777=EDGE_CURVE('',#2290,#2291,#1288,.T.);
#2778=EDGE_CURVE('',#2291,#2291,#1951,.T.);
#2779=EDGE_CURVE('',#2292,#2292,#1952,.T.);
#2780=EDGE_CURVE('',#2292,#2293,#1289,.T.);
#2781=EDGE_CURVE('',#2293,#2293,#1953,.T.);
#2782=EDGE_CURVE('',#2294,#2294,#1954,.T.);
#2783=EDGE_CURVE('',#2294,#2295,#1290,.T.);
#2784=EDGE_CURVE('',#2295,#2295,#1955,.T.);
#2785=EDGE_CURVE('',#2296,#2296,#1956,.T.);
#2786=EDGE_CURVE('',#2296,#2297,#1291,.T.);
#2787=EDGE_CURVE('',#2297,#2297,#1957,.T.);
#2788=EDGE_CURVE('',#2298,#2298,#1958,.T.);
#2789=EDGE_CURVE('',#2298,#2299,#1292,.T.);
#2790=EDGE_CURVE('',#2299,#2299,#1959,.T.);
#2791=EDGE_CURVE('',#2300,#2300,#1960,.T.);
#2792=EDGE_CURVE('',#2300,#2301,#1293,.T.);
#2793=EDGE_CURVE('',#2301,#2301,#1961,.T.);
#2794=EDGE_CURVE('',#2302,#2302,#1962,.T.);
#2795=EDGE_CURVE('',#2302,#2303,#1294,.T.);
#2796=EDGE_CURVE('',#2303,#2303,#1963,.T.);
#2797=EDGE_CURVE('',#2304,#2304,#1964,.T.);
#2798=EDGE_CURVE('',#2304,#2305,#1295,.T.);
#2799=EDGE_CURVE('',#2305,#2305,#1965,.T.);
#2800=EDGE_CURVE('',#2306,#2306,#1966,.T.);
#2801=EDGE_CURVE('',#2306,#2307,#1296,.T.);
#2802=EDGE_CURVE('',#2307,#2307,#1967,.T.);
#2803=EDGE_CURVE('',#2308,#2308,#1968,.T.);
#2804=EDGE_CURVE('',#2308,#2309,#1297,.T.);
#2805=EDGE_CURVE('',#2309,#2309,#1969,.T.);
#2806=EDGE_CURVE('',#2310,#2310,#1970,.T.);
#2807=EDGE_CURVE('',#2310,#2311,#1298,.T.);
#2808=EDGE_CURVE('',#2311,#2311,#1971,.T.);
#2809=EDGE_CURVE('',#2312,#2312,#1972,.T.);
#2810=EDGE_CURVE('',#2312,#2313,#1299,.T.);
#2811=EDGE_CURVE('',#2313,#2313,#1973,.T.);
#2812=EDGE_CURVE('',#2314,#2314,#1974,.T.);
#2813=EDGE_CURVE('',#2314,#2315,#1300,.T.);
#2814=EDGE_CURVE('',#2315,#2315,#1975,.T.);
#2815=EDGE_CURVE('',#2316,#2316,#1976,.T.);
#2816=EDGE_CURVE('',#2316,#2317,#1301,.T.);
#2817=EDGE_CURVE('',#2317,#2317,#1977,.T.);
#2818=EDGE_CURVE('',#2318,#2318,#1978,.T.);
#2819=EDGE_CURVE('',#2318,#2319,#1302,.T.);
#2820=EDGE_CURVE('',#2319,#2319,#1979,.T.);
#2821=EDGE_CURVE('',#2320,#2320,#1980,.T.);
#2822=EDGE_CURVE('',#2320,#2321,#1303,.T.);
#2823=EDGE_CURVE('',#2321,#2321,#1981,.T.);
#2824=EDGE_CURVE('',#2322,#2322,#1982,.T.);
#2825=EDGE_CURVE('',#2322,#2323,#1304,.T.);
#2826=EDGE_CURVE('',#2323,#2323,#1983,.T.);
#2827=EDGE_CURVE('',#2324,#2324,#1984,.T.);
#2828=EDGE_CURVE('',#2324,#2325,#1305,.T.);
#2829=EDGE_CURVE('',#2325,#2325,#1985,.T.);
#2830=EDGE_CURVE('',#2326,#2326,#1986,.T.);
#2831=EDGE_CURVE('',#2326,#2327,#1306,.T.);
#2832=EDGE_CURVE('',#2327,#2327,#1987,.T.);
#2833=EDGE_CURVE('',#2328,#2328,#1988,.T.);
#2834=EDGE_CURVE('',#2328,#2329,#1307,.T.);
#2835=EDGE_CURVE('',#2329,#2329,#1989,.T.);
#2836=EDGE_CURVE('',#2330,#2330,#1990,.T.);
#2837=EDGE_CURVE('',#2330,#2331,#1308,.T.);
#2838=EDGE_CURVE('',#2331,#2331,#1991,.T.);
#2839=EDGE_CURVE('',#2332,#2332,#1992,.T.);
#2840=EDGE_CURVE('',#2332,#2333,#1309,.T.);
#2841=EDGE_CURVE('',#2333,#2333,#1993,.T.);
#2842=EDGE_CURVE('',#2334,#2334,#1994,.T.);
#2843=EDGE_CURVE('',#2334,#2335,#1310,.T.);
#2844=EDGE_CURVE('',#2335,#2335,#1995,.T.);
#2845=EDGE_CURVE('',#2336,#2336,#1996,.T.);
#2846=EDGE_CURVE('',#2336,#2337,#1311,.T.);
#2847=EDGE_CURVE('',#2337,#2337,#1997,.T.);
#2848=EDGE_CURVE('',#2338,#2338,#1998,.T.);
#2849=EDGE_CURVE('',#2338,#2339,#1312,.T.);
#2850=EDGE_CURVE('',#2339,#2339,#1999,.T.);
#2851=EDGE_CURVE('',#2340,#2340,#2000,.T.);
#2852=EDGE_CURVE('',#2340,#2341,#1313,.T.);
#2853=EDGE_CURVE('',#2341,#2341,#2001,.T.);
#2854=EDGE_CURVE('',#2342,#2342,#2002,.T.);
#2855=EDGE_CURVE('',#2342,#2343,#1314,.T.);
#2856=EDGE_CURVE('',#2343,#2343,#2003,.T.);
#2857=EDGE_CURVE('',#2344,#2344,#2004,.T.);
#2858=EDGE_CURVE('',#2344,#2345,#1315,.T.);
#2859=EDGE_CURVE('',#2345,#2345,#2005,.T.);
#2860=EDGE_CURVE('',#2346,#2346,#2006,.T.);
#2861=EDGE_CURVE('',#2346,#2347,#1316,.T.);
#2862=EDGE_CURVE('',#2347,#2347,#2007,.T.);
#2863=EDGE_CURVE('',#2348,#2348,#2008,.T.);
#2864=EDGE_CURVE('',#2348,#2349,#1317,.T.);
#2865=EDGE_CURVE('',#2349,#2349,#2009,.T.);
#2866=EDGE_CURVE('',#2350,#2350,#2010,.T.);
#2867=EDGE_CURVE('',#2350,#2351,#1318,.T.);
#2868=EDGE_CURVE('',#2351,#2351,#2011,.T.);
#2869=EDGE_CURVE('',#2352,#2352,#2012,.T.);
#2870=EDGE_CURVE('',#2352,#2353,#1319,.T.);
#2871=EDGE_CURVE('',#2353,#2353,#2013,.T.);
#2872=EDGE_CURVE('',#2354,#2354,#2014,.T.);
#2873=EDGE_CURVE('',#2354,#2355,#1320,.T.);
#2874=EDGE_CURVE('',#2355,#2355,#2015,.T.);
#2875=EDGE_CURVE('',#2356,#2356,#2016,.T.);
#2876=EDGE_CURVE('',#2356,#2357,#1321,.T.);
#2877=EDGE_CURVE('',#2357,#2357,#2017,.T.);
#2878=EDGE_CURVE('',#2358,#2358,#2018,.T.);
#2879=EDGE_CURVE('',#2358,#2359,#1322,.T.);
#2880=EDGE_CURVE('',#2359,#2359,#2019,.T.);
#2881=EDGE_CURVE('',#2360,#2360,#2020,.T.);
#2882=EDGE_CURVE('',#2360,#2361,#1323,.T.);
#2883=EDGE_CURVE('',#2361,#2361,#2021,.T.);
#2884=EDGE_CURVE('',#2362,#2362,#2022,.T.);
#2885=EDGE_CURVE('',#2362,#2363,#1324,.T.);
#2886=EDGE_CURVE('',#2363,#2363,#2023,.T.);
#2887=EDGE_CURVE('',#2364,#2364,#2024,.T.);
#2888=EDGE_CURVE('',#2364,#2365,#1325,.T.);
#2889=EDGE_CURVE('',#2365,#2365,#2025,.T.);
#2890=EDGE_CURVE('',#2366,#2366,#2026,.T.);
#2891=EDGE_CURVE('',#2366,#2367,#1326,.T.);
#2892=EDGE_CURVE('',#2367,#2367,#2027,.T.);
#2893=EDGE_CURVE('',#2368,#2368,#2028,.T.);
#2894=EDGE_CURVE('',#2368,#2369,#1327,.T.);
#2895=EDGE_CURVE('',#2369,#2369,#2029,.T.);
#2896=EDGE_CURVE('',#2370,#2370,#2030,.T.);
#2897=EDGE_CURVE('',#2370,#2371,#1328,.T.);
#2898=EDGE_CURVE('',#2371,#2371,#2031,.T.);
#2899=EDGE_CURVE('',#2372,#2372,#2032,.T.);
#2900=EDGE_CURVE('',#2372,#2373,#1329,.T.);
#2901=EDGE_CURVE('',#2373,#2373,#2033,.T.);
#2902=EDGE_CURVE('',#2374,#2374,#2034,.T.);
#2903=EDGE_CURVE('',#2374,#2375,#1330,.T.);
#2904=EDGE_CURVE('',#2375,#2375,#2035,.T.);
#2905=EDGE_CURVE('',#2376,#2376,#2036,.T.);
#2906=EDGE_CURVE('',#2376,#2377,#1331,.T.);
#2907=EDGE_CURVE('',#2377,#2377,#2037,.T.);
#2908=EDGE_CURVE('',#2378,#2378,#2038,.T.);
#2909=EDGE_CURVE('',#2378,#2379,#1332,.T.);
#2910=EDGE_CURVE('',#2379,#2379,#2039,.T.);
#2911=EDGE_CURVE('',#2380,#2380,#2040,.T.);
#2912=EDGE_CURVE('',#2380,#2381,#1333,.T.);
#2913=EDGE_CURVE('',#2381,#2381,#2041,.T.);
#2914=EDGE_CURVE('',#2382,#2382,#2042,.T.);
#2915=EDGE_CURVE('',#2382,#2383,#1334,.T.);
#2916=EDGE_CURVE('',#2383,#2383,#2043,.T.);
#2917=EDGE_CURVE('',#2384,#2384,#2044,.T.);
#2918=EDGE_CURVE('',#2384,#2385,#1335,.T.);
#2919=EDGE_CURVE('',#2385,#2385,#2045,.T.);
#2920=EDGE_CURVE('',#2386,#2386,#2046,.T.);
#2921=EDGE_CURVE('',#2386,#2387,#1336,.T.);
#2922=EDGE_CURVE('',#2387,#2387,#2047,.T.);
#2923=EDGE_CURVE('',#2388,#2388,#2048,.T.);
#2924=EDGE_CURVE('',#2388,#2389,#1337,.T.);
#2925=EDGE_CURVE('',#2389,#2389,#2049,.T.);
#2926=EDGE_CURVE('',#2390,#2391,#1338,.T.);
#2927=EDGE_CURVE('',#2391,#2392,#1339,.T.);
#2928=EDGE_CURVE('',#2392,#2393,#1340,.T.);
#2929=EDGE_CURVE('',#2393,#2390,#1341,.T.);
#2930=EDGE_CURVE('',#2394,#2395,#1342,.T.);
#2931=EDGE_CURVE('',#2395,#2396,#1343,.T.);
#2932=EDGE_CURVE('',#2396,#2397,#1344,.T.);
#2933=EDGE_CURVE('',#2397,#2394,#1345,.T.);
#2934=EDGE_CURVE('',#2398,#2399,#1346,.T.);
#2935=EDGE_CURVE('',#2400,#2398,#1347,.T.);
#2936=EDGE_CURVE('',#2401,#2400,#1348,.T.);
#2937=EDGE_CURVE('',#2402,#2401,#1349,.T.);
#2938=EDGE_CURVE('',#2403,#2402,#1350,.T.);
#2939=EDGE_CURVE('',#2404,#2403,#1351,.T.);
#2940=EDGE_CURVE('',#2404,#2405,#1352,.T.);
#2941=EDGE_CURVE('',#2399,#2405,#1353,.T.);
#2942=EDGE_CURVE('',#2394,#2399,#1354,.T.);
#2943=EDGE_CURVE('',#2406,#2405,#1355,.T.);
#2944=EDGE_CURVE('',#2406,#2407,#1356,.T.);
#2945=EDGE_CURVE('',#2407,#2408,#1357,.T.);
#2946=EDGE_CURVE('',#2408,#2409,#1358,.T.);
#2947=EDGE_CURVE('',#2392,#2409,#1359,.T.);
#2948=EDGE_CURVE('',#2391,#2410,#1360,.T.);
#2949=EDGE_CURVE('',#2410,#2411,#1361,.T.);
#2950=EDGE_CURVE('',#2412,#2411,#1362,.T.);
#2951=EDGE_CURVE('',#2413,#2412,#1363,.T.);
#2952=EDGE_CURVE('',#2413,#2402,#1364,.T.);
#2953=EDGE_CURVE('',#2401,#2395,#1365,.T.);
#2954=EDGE_CURVE('',#2414,#2415,#1366,.T.);
#2955=EDGE_CURVE('',#2416,#2415,#1367,.T.);
#2956=EDGE_CURVE('',#2417,#2416,#1368,.T.);
#2957=EDGE_CURVE('',#2417,#2404,#1369,.T.);
#2958=EDGE_CURVE('',#2418,#2403,#1370,.T.);
#2959=EDGE_CURVE('',#2418,#2419,#1371,.T.);
#2960=EDGE_CURVE('',#2419,#2420,#1372,.T.);
#2961=EDGE_CURVE('',#2420,#2421,#1373,.T.);
#2962=EDGE_CURVE('',#2390,#2421,#1374,.T.);
#2963=EDGE_CURVE('',#2393,#2414,#1375,.T.);
#2964=EDGE_CURVE('',#2420,#2411,#1376,.T.);
#2965=EDGE_CURVE('',#2421,#2410,#1377,.T.);
#2966=EDGE_CURVE('',#2409,#2414,#1378,.T.);
#2967=EDGE_CURVE('',#2415,#2408,#1379,.T.);
#2968=EDGE_CURVE('',#2419,#2412,#1380,.T.);
#2969=EDGE_CURVE('',#2418,#2413,#1381,.T.);
#2970=EDGE_CURVE('',#2416,#2407,#1382,.T.);
#2971=EDGE_CURVE('',#2417,#2406,#1383,.T.);
#2972=EDGE_CURVE('',#2397,#2398,#1384,.T.);
#2973=EDGE_CURVE('',#2396,#2400,#1385,.T.);
#2974=EDGE_CURVE('',#2422,#2422,#2050,.T.);
#2975=EDGE_CURVE('',#2422,#2423,#1386,.T.);
#2976=EDGE_CURVE('',#2423,#2423,#2051,.T.);
#2977=EDGE_CURVE('',#2424,#2424,#2052,.T.);
#2978=EDGE_CURVE('',#2424,#2425,#1387,.T.);
#2979=EDGE_CURVE('',#2425,#2425,#2053,.T.);
#2980=EDGE_CURVE('',#2426,#2426,#2054,.T.);
#2981=EDGE_CURVE('',#2426,#2427,#1388,.T.);
#2982=EDGE_CURVE('',#2427,#2427,#2055,.T.);
#2983=EDGE_CURVE('',#2428,#2428,#2056,.T.);
#2984=EDGE_CURVE('',#2428,#2429,#1389,.T.);
#2985=EDGE_CURVE('',#2429,#2429,#2057,.T.);
#2986=EDGE_CURVE('',#2430,#2430,#2058,.T.);
#2987=EDGE_CURVE('',#2430,#2431,#1390,.T.);
#2988=EDGE_CURVE('',#2431,#2431,#2059,.T.);
#2989=EDGE_CURVE('',#2432,#2432,#2060,.T.);
#2990=EDGE_CURVE('',#2432,#2433,#1391,.T.);
#2991=EDGE_CURVE('',#2433,#2433,#2061,.T.);
#2992=EDGE_CURVE('',#2434,#2434,#2062,.T.);
#2993=EDGE_CURVE('',#2434,#2435,#1392,.T.);
#2994=EDGE_CURVE('',#2435,#2435,#2063,.T.);
#2995=EDGE_CURVE('',#2436,#2436,#2064,.T.);
#2996=EDGE_CURVE('',#2436,#2437,#1393,.T.);
#2997=EDGE_CURVE('',#2437,#2437,#2065,.T.);
#2998=EDGE_CURVE('',#2438,#2438,#2066,.T.);
#2999=EDGE_CURVE('',#2438,#2439,#1394,.T.);
#3000=EDGE_CURVE('',#2439,#2439,#2067,.T.);
#3001=EDGE_CURVE('',#2440,#2440,#2068,.T.);
#3002=EDGE_CURVE('',#2440,#2441,#1395,.T.);
#3003=EDGE_CURVE('',#2441,#2441,#2069,.T.);
#3004=EDGE_CURVE('',#2442,#2442,#2070,.T.);
#3005=EDGE_CURVE('',#2442,#2443,#1396,.T.);
#3006=EDGE_CURVE('',#2443,#2443,#2071,.T.);
#3007=EDGE_CURVE('',#2444,#2444,#2072,.T.);
#3008=EDGE_CURVE('',#2444,#2445,#1397,.T.);
#3009=EDGE_CURVE('',#2445,#2445,#2073,.T.);
#3010=EDGE_CURVE('',#2446,#2446,#2074,.T.);
#3011=EDGE_CURVE('',#2446,#2447,#1398,.T.);
#3012=EDGE_CURVE('',#2447,#2447,#2075,.T.);
#3013=EDGE_CURVE('',#2448,#2448,#2076,.T.);
#3014=EDGE_CURVE('',#2448,#2449,#1399,.T.);
#3015=EDGE_CURVE('',#2449,#2449,#2077,.T.);
#3016=EDGE_CURVE('',#2450,#2450,#2078,.T.);
#3017=EDGE_CURVE('',#2450,#2451,#1400,.T.);
#3018=EDGE_CURVE('',#2451,#2451,#2079,.T.);
#3019=EDGE_CURVE('',#2452,#2452,#2080,.T.);
#3020=EDGE_CURVE('',#2452,#2453,#1401,.T.);
#3021=EDGE_CURVE('',#2453,#2453,#2081,.T.);
#3022=EDGE_CURVE('',#2454,#2454,#2082,.T.);
#3023=EDGE_CURVE('',#2454,#2455,#1402,.T.);
#3024=EDGE_CURVE('',#2455,#2455,#2083,.T.);
#3025=EDGE_CURVE('',#2456,#2456,#2084,.T.);
#3026=EDGE_CURVE('',#2456,#2457,#1403,.T.);
#3027=EDGE_CURVE('',#2457,#2457,#2085,.T.);
#3028=EDGE_CURVE('',#2458,#2458,#2086,.T.);
#3029=EDGE_CURVE('',#2458,#2459,#1404,.T.);
#3030=EDGE_CURVE('',#2459,#2459,#2087,.T.);
#3031=EDGE_CURVE('',#2460,#2460,#2088,.T.);
#3032=EDGE_CURVE('',#2460,#2461,#1405,.T.);
#3033=EDGE_CURVE('',#2461,#2461,#2089,.T.);
#3034=EDGE_CURVE('',#2462,#2462,#2090,.T.);
#3035=EDGE_CURVE('',#2462,#2463,#1406,.T.);
#3036=EDGE_CURVE('',#2463,#2463,#2091,.T.);
#3037=EDGE_CURVE('',#2464,#2464,#2092,.T.);
#3038=EDGE_CURVE('',#2464,#2465,#1407,.T.);
#3039=EDGE_CURVE('',#2465,#2465,#2093,.T.);
#3040=EDGE_CURVE('',#2466,#2466,#2094,.T.);
#3041=EDGE_CURVE('',#2466,#2467,#1408,.T.);
#3042=EDGE_CURVE('',#2467,#2467,#2095,.T.);
#3043=EDGE_CURVE('',#2468,#2468,#2096,.T.);
#3044=EDGE_CURVE('',#2468,#2469,#1409,.T.);
#3045=EDGE_CURVE('',#2469,#2469,#2097,.T.);
#3046=EDGE_CURVE('',#2470,#2470,#2098,.T.);
#3047=EDGE_CURVE('',#2470,#2471,#1410,.T.);
#3048=EDGE_CURVE('',#2471,#2471,#2099,.T.);
#3049=EDGE_CURVE('',#2472,#2472,#2100,.T.);
#3050=EDGE_CURVE('',#2472,#2473,#1411,.T.);
#3051=EDGE_CURVE('',#2473,#2473,#2101,.T.);
#3052=EDGE_CURVE('',#2474,#2474,#2102,.T.);
#3053=EDGE_CURVE('',#2474,#2475,#1412,.T.);
#3054=EDGE_CURVE('',#2475,#2475,#2103,.T.);
#3055=EDGE_CURVE('',#2476,#2476,#2104,.T.);
#3056=EDGE_CURVE('',#2476,#2477,#1413,.T.);
#3057=EDGE_CURVE('',#2477,#2477,#2105,.T.);
#3058=EDGE_CURVE('',#2478,#2478,#2106,.T.);
#3059=EDGE_CURVE('',#2478,#2479,#1414,.T.);
#3060=EDGE_CURVE('',#2479,#2479,#2107,.T.);
#3061=EDGE_CURVE('',#2480,#2480,#2108,.T.);
#3062=EDGE_CURVE('',#2480,#2481,#1415,.T.);
#3063=EDGE_CURVE('',#2481,#2481,#2109,.T.);
#3064=EDGE_CURVE('',#2482,#2482,#2110,.T.);
#3065=EDGE_CURVE('',#2482,#2483,#1416,.T.);
#3066=EDGE_CURVE('',#2483,#2483,#2111,.T.);
#3067=EDGE_CURVE('',#2484,#2484,#2112,.T.);
#3068=EDGE_CURVE('',#2484,#2485,#1417,.T.);
#3069=EDGE_CURVE('',#2485,#2485,#2113,.T.);
#3070=EDGE_CURVE('',#2486,#2486,#2114,.T.);
#3071=EDGE_CURVE('',#2486,#2487,#1418,.T.);
#3072=EDGE_CURVE('',#2487,#2487,#2115,.T.);
#3073=EDGE_CURVE('',#2488,#2488,#2116,.T.);
#3074=EDGE_CURVE('',#2488,#2489,#1419,.T.);
#3075=EDGE_CURVE('',#2489,#2489,#2117,.T.);
#3076=EDGE_CURVE('',#2490,#2490,#2118,.T.);
#3077=EDGE_CURVE('',#2490,#2491,#1420,.T.);
#3078=EDGE_CURVE('',#2491,#2491,#2119,.T.);
#3079=EDGE_CURVE('',#2492,#2492,#2120,.T.);
#3080=EDGE_CURVE('',#2492,#2493,#1421,.T.);
#3081=EDGE_CURVE('',#2493,#2493,#2121,.T.);
#3082=EDGE_CURVE('',#2494,#2494,#2122,.T.);
#3083=EDGE_CURVE('',#2494,#2495,#1422,.T.);
#3084=EDGE_CURVE('',#2495,#2495,#2123,.T.);
#3085=EDGE_CURVE('',#2496,#2496,#2124,.T.);
#3086=EDGE_CURVE('',#2496,#2497,#1423,.T.);
#3087=EDGE_CURVE('',#2497,#2497,#2125,.T.);
#3088=EDGE_CURVE('',#2498,#2498,#2126,.T.);
#3089=EDGE_CURVE('',#2498,#2499,#1424,.T.);
#3090=EDGE_CURVE('',#2499,#2499,#2127,.T.);
#3091=EDGE_CURVE('',#2500,#2500,#2128,.T.);
#3092=EDGE_CURVE('',#2500,#2501,#1425,.T.);
#3093=EDGE_CURVE('',#2501,#2501,#2129,.T.);
#3094=EDGE_CURVE('',#2502,#2502,#2130,.T.);
#3095=EDGE_CURVE('',#2502,#2503,#1426,.T.);
#3096=EDGE_CURVE('',#2503,#2503,#2131,.T.);
#3097=EDGE_CURVE('',#2504,#2504,#2132,.T.);
#3098=EDGE_CURVE('',#2504,#2505,#1427,.T.);
#3099=EDGE_CURVE('',#2505,#2505,#2133,.T.);
#3100=EDGE_CURVE('',#2506,#2506,#2134,.T.);
#3101=EDGE_CURVE('',#2506,#2507,#1428,.T.);
#3102=EDGE_CURVE('',#2507,#2507,#2135,.T.);
#3103=EDGE_CURVE('',#2508,#2508,#2136,.T.);
#3104=EDGE_CURVE('',#2508,#2509,#1429,.T.);
#3105=EDGE_CURVE('',#2509,#2509,#2137,.T.);
#3106=EDGE_CURVE('',#2510,#2510,#2138,.T.);
#3107=EDGE_CURVE('',#2510,#2511,#1430,.T.);
#3108=EDGE_CURVE('',#2511,#2511,#2139,.T.);
#3109=EDGE_CURVE('',#2512,#2512,#2140,.T.);
#3110=EDGE_CURVE('',#2512,#2513,#1431,.T.);
#3111=EDGE_CURVE('',#2513,#2513,#2141,.T.);
#3112=EDGE_CURVE('',#2514,#2514,#2142,.T.);
#3113=EDGE_CURVE('',#2514,#2515,#1432,.T.);
#3114=EDGE_CURVE('',#2515,#2515,#2143,.T.);
#3115=EDGE_CURVE('',#2516,#2516,#2144,.T.);
#3116=EDGE_CURVE('',#2516,#2517,#1433,.T.);
#3117=EDGE_CURVE('',#2517,#2517,#2145,.T.);
#3118=EDGE_CURVE('',#2518,#2518,#2146,.T.);
#3119=EDGE_CURVE('',#2518,#2519,#1434,.T.);
#3120=EDGE_CURVE('',#2519,#2519,#2147,.T.);
#3121=EDGE_CURVE('',#2520,#2520,#2148,.T.);
#3122=EDGE_CURVE('',#2520,#2521,#1435,.T.);
#3123=EDGE_CURVE('',#2521,#2521,#2149,.T.);
#3124=EDGE_CURVE('',#2522,#2522,#2150,.T.);
#3125=EDGE_CURVE('',#2522,#2523,#1436,.T.);
#3126=EDGE_CURVE('',#2523,#2523,#2151,.T.);
#3127=EDGE_CURVE('',#2524,#2524,#2152,.T.);
#3128=EDGE_CURVE('',#2524,#2525,#1437,.T.);
#3129=EDGE_CURVE('',#2525,#2525,#2153,.T.);
#3130=EDGE_CURVE('',#2526,#2526,#2154,.T.);
#3131=EDGE_CURVE('',#2526,#2527,#1438,.T.);
#3132=EDGE_CURVE('',#2527,#2527,#2155,.T.);
#3133=EDGE_CURVE('',#2528,#2528,#2156,.T.);
#3134=EDGE_CURVE('',#2528,#2529,#1439,.T.);
#3135=EDGE_CURVE('',#2529,#2529,#2157,.T.);
#3136=EDGE_CURVE('',#2530,#2530,#2158,.T.);
#3137=EDGE_CURVE('',#2530,#2531,#1440,.T.);
#3138=EDGE_CURVE('',#2531,#2531,#2159,.T.);
#3139=EDGE_CURVE('',#2532,#2532,#2160,.T.);
#3140=EDGE_CURVE('',#2532,#2533,#1441,.T.);
#3141=EDGE_CURVE('',#2533,#2533,#2161,.T.);
#3142=EDGE_CURVE('',#2534,#2534,#2162,.T.);
#3143=EDGE_CURVE('',#2534,#2535,#1442,.T.);
#3144=EDGE_CURVE('',#2535,#2535,#2163,.T.);
#3145=EDGE_CURVE('',#2536,#2536,#2164,.T.);
#3146=EDGE_CURVE('',#2536,#2537,#1443,.T.);
#3147=EDGE_CURVE('',#2537,#2537,#2165,.T.);
#3148=EDGE_CURVE('',#2538,#2539,#1444,.T.);
#3149=EDGE_CURVE('',#2539,#2540,#1445,.T.);
#3150=EDGE_CURVE('',#2540,#2541,#1446,.T.);
#3151=EDGE_CURVE('',#2541,#2538,#1447,.T.);
#3152=EDGE_CURVE('',#2542,#2543,#1448,.T.);
#3153=EDGE_CURVE('',#2544,#2542,#1449,.T.);
#3154=EDGE_CURVE('',#2545,#2544,#1450,.T.);
#3155=EDGE_CURVE('',#2543,#2545,#1451,.T.);
#3156=EDGE_CURVE('',#2546,#2547,#1452,.T.);
#3157=EDGE_CURVE('',#2548,#2546,#1453,.T.);
#3158=EDGE_CURVE('',#2549,#2548,#1454,.T.);
#3159=EDGE_CURVE('',#2547,#2549,#1455,.T.);
#3160=EDGE_CURVE('',#2550,#2551,#1456,.T.);
#3161=EDGE_CURVE('',#2552,#2550,#1457,.T.);
#3162=EDGE_CURVE('',#2553,#2552,#1458,.T.);
#3163=EDGE_CURVE('',#2551,#2553,#1459,.T.);
#3164=EDGE_CURVE('',#2554,#2555,#1460,.T.);
#3165=EDGE_CURVE('',#2556,#2554,#1461,.T.);
#3166=EDGE_CURVE('',#2557,#2556,#1462,.T.);
#3167=EDGE_CURVE('',#2555,#2557,#1463,.T.);
#3168=EDGE_CURVE('',#2558,#2559,#1464,.T.);
#3169=EDGE_CURVE('',#2560,#2558,#1465,.T.);
#3170=EDGE_CURVE('',#2561,#2560,#1466,.T.);
#3171=EDGE_CURVE('',#2559,#2561,#1467,.T.);
#3172=EDGE_CURVE('',#2562,#2563,#2166,.T.);
#3173=EDGE_CURVE('',#2564,#2562,#1468,.T.);
#3174=EDGE_CURVE('',#2565,#2564,#2167,.T.);
#3175=EDGE_CURVE('',#2566,#2565,#1469,.T.);
#3176=EDGE_CURVE('',#2567,#2566,#2168,.T.);
#3177=EDGE_CURVE('',#2568,#2567,#1470,.T.);
#3178=EDGE_CURVE('',#2569,#2568,#2169,.T.);
#3179=EDGE_CURVE('',#2563,#2569,#1471,.T.);
#3180=EDGE_CURVE('',#2539,#2543,#1472,.T.);
#3181=EDGE_CURVE('',#2538,#2542,#1473,.T.);
#3182=EDGE_CURVE('',#2540,#2545,#1474,.T.);
#3183=EDGE_CURVE('',#2541,#2544,#1475,.T.);
#3184=EDGE_CURVE('',#2570,#2547,#1476,.T.);
#3185=EDGE_CURVE('',#2571,#2570,#1477,.T.);
#3186=EDGE_CURVE('',#2571,#2546,#1478,.T.);
#3187=EDGE_CURVE('',#2572,#2571,#1479,.T.);
#3188=EDGE_CURVE('',#2572,#2548,#1480,.T.);
#3189=EDGE_CURVE('',#2573,#2572,#1481,.T.);
#3190=EDGE_CURVE('',#2573,#2549,#1482,.T.);
#3191=EDGE_CURVE('',#2570,#2573,#1483,.T.);
#3192=EDGE_CURVE('',#2574,#2551,#1484,.T.);
#3193=EDGE_CURVE('',#2575,#2574,#1485,.T.);
#3194=EDGE_CURVE('',#2575,#2550,#1486,.T.);
#3195=EDGE_CURVE('',#2576,#2575,#1487,.T.);
#3196=EDGE_CURVE('',#2576,#2552,#1488,.T.);
#3197=EDGE_CURVE('',#2577,#2576,#1489,.T.);
#3198=EDGE_CURVE('',#2577,#2553,#1490,.T.);
#3199=EDGE_CURVE('',#2574,#2577,#1491,.T.);
#3200=EDGE_CURVE('',#2578,#2555,#1492,.T.);
#3201=EDGE_CURVE('',#2579,#2578,#1493,.T.);
#3202=EDGE_CURVE('',#2579,#2554,#1494,.T.);
#3203=EDGE_CURVE('',#2580,#2579,#1495,.T.);
#3204=EDGE_CURVE('',#2580,#2556,#1496,.T.);
#3205=EDGE_CURVE('',#2581,#2580,#1497,.T.);
#3206=EDGE_CURVE('',#2581,#2557,#1498,.T.);
#3207=EDGE_CURVE('',#2578,#2581,#1499,.T.);
#3208=EDGE_CURVE('',#2582,#2559,#1500,.T.);
#3209=EDGE_CURVE('',#2583,#2582,#1501,.T.);
#3210=EDGE_CURVE('',#2583,#2558,#1502,.T.);
#3211=EDGE_CURVE('',#2584,#2583,#1503,.T.);
#3212=EDGE_CURVE('',#2584,#2560,#1504,.T.);
#3213=EDGE_CURVE('',#2585,#2584,#1505,.T.);
#3214=EDGE_CURVE('',#2585,#2561,#1506,.T.);
#3215=EDGE_CURVE('',#2582,#2585,#1507,.T.);
#3216=EDGE_CURVE('',#2586,#2563,#1508,.T.);
#3217=EDGE_CURVE('',#2587,#2586,#2170,.T.);
#3218=EDGE_CURVE('',#2587,#2562,#1509,.T.);
#3219=EDGE_CURVE('',#2588,#2587,#1510,.T.);
#3220=EDGE_CURVE('',#2588,#2564,#1511,.T.);
#3221=EDGE_CURVE('',#2589,#2588,#2171,.T.);
#3222=EDGE_CURVE('',#2589,#2565,#1512,.T.);
#3223=EDGE_CURVE('',#2590,#2589,#1513,.T.);
#3224=EDGE_CURVE('',#2590,#2566,#1514,.T.);
#3225=EDGE_CURVE('',#2591,#2590,#2172,.T.);
#3226=EDGE_CURVE('',#2591,#2567,#1515,.T.);
#3227=EDGE_CURVE('',#2592,#2591,#1516,.T.);
#3228=EDGE_CURVE('',#2592,#2568,#1517,.T.);
#3229=EDGE_CURVE('',#2593,#2592,#2173,.T.);
#3230=EDGE_CURVE('',#2593,#2569,#1518,.T.);
#3231=EDGE_CURVE('',#2586,#2593,#1519,.T.);
#3232=EDGE_CURVE('',#2594,#2595,#1520,.T.);
#3233=EDGE_CURVE('',#2596,#2595,#1521,.T.);
#3234=EDGE_CURVE('',#2597,#2596,#1522,.T.);
#3235=EDGE_CURVE('',#2597,#2594,#1523,.T.);
#3236=EDGE_CURVE('',#2595,#2598,#1524,.T.);
#3237=EDGE_CURVE('',#2599,#2598,#1525,.T.);
#3238=EDGE_CURVE('',#2596,#2599,#1526,.T.);
#3239=EDGE_CURVE('',#2598,#2600,#1527,.T.);
#3240=EDGE_CURVE('',#2601,#2600,#1528,.T.);
#3241=EDGE_CURVE('',#2599,#2601,#1529,.T.);
#3242=EDGE_CURVE('',#2600,#2594,#1530,.T.);
#3243=EDGE_CURVE('',#2601,#2597,#1531,.T.);
#3244=ORIENTED_EDGE('',*,*,#2602,.T.);
#3245=ORIENTED_EDGE('',*,*,#2603,.T.);
#3246=ORIENTED_EDGE('',*,*,#2604,.F.);
#3247=ORIENTED_EDGE('',*,*,#2603,.F.);
#3248=ORIENTED_EDGE('',*,*,#2605,.T.);
#3249=ORIENTED_EDGE('',*,*,#2606,.T.);
#3250=ORIENTED_EDGE('',*,*,#2607,.F.);
#3251=ORIENTED_EDGE('',*,*,#2606,.F.);
#3252=ORIENTED_EDGE('',*,*,#2608,.T.);
#3253=ORIENTED_EDGE('',*,*,#2609,.T.);
#3254=ORIENTED_EDGE('',*,*,#2610,.F.);
#3255=ORIENTED_EDGE('',*,*,#2609,.F.);
#3256=ORIENTED_EDGE('',*,*,#2611,.T.);
#3257=ORIENTED_EDGE('',*,*,#2612,.T.);
#3258=ORIENTED_EDGE('',*,*,#2613,.F.);
#3259=ORIENTED_EDGE('',*,*,#2612,.F.);
#3260=ORIENTED_EDGE('',*,*,#2614,.F.);
#3261=ORIENTED_EDGE('',*,*,#2615,.T.);
#3262=ORIENTED_EDGE('',*,*,#2616,.T.);
#3263=ORIENTED_EDGE('',*,*,#2615,.F.);
#3264=ORIENTED_EDGE('',*,*,#2617,.F.);
#3265=ORIENTED_EDGE('',*,*,#2618,.T.);
#3266=ORIENTED_EDGE('',*,*,#2619,.T.);
#3267=ORIENTED_EDGE('',*,*,#2618,.F.);
#3268=ORIENTED_EDGE('',*,*,#2620,.F.);
#3269=ORIENTED_EDGE('',*,*,#2621,.T.);
#3270=ORIENTED_EDGE('',*,*,#2622,.T.);
#3271=ORIENTED_EDGE('',*,*,#2621,.F.);
#3272=ORIENTED_EDGE('',*,*,#2623,.F.);
#3273=ORIENTED_EDGE('',*,*,#2624,.T.);
#3274=ORIENTED_EDGE('',*,*,#2625,.T.);
#3275=ORIENTED_EDGE('',*,*,#2624,.F.);
#3276=ORIENTED_EDGE('',*,*,#2626,.T.);
#3277=ORIENTED_EDGE('',*,*,#2627,.T.);
#3278=ORIENTED_EDGE('',*,*,#2628,.F.);
#3279=ORIENTED_EDGE('',*,*,#2627,.F.);
#3280=ORIENTED_EDGE('',*,*,#2629,.T.);
#3281=ORIENTED_EDGE('',*,*,#2630,.T.);
#3282=ORIENTED_EDGE('',*,*,#2631,.F.);
#3283=ORIENTED_EDGE('',*,*,#2630,.F.);
#3284=ORIENTED_EDGE('',*,*,#2632,.T.);
#3285=ORIENTED_EDGE('',*,*,#2633,.T.);
#3286=ORIENTED_EDGE('',*,*,#2634,.F.);
#3287=ORIENTED_EDGE('',*,*,#2633,.F.);
#3288=ORIENTED_EDGE('',*,*,#2635,.T.);
#3289=ORIENTED_EDGE('',*,*,#2636,.T.);
#3290=ORIENTED_EDGE('',*,*,#2637,.F.);
#3291=ORIENTED_EDGE('',*,*,#2636,.F.);
#3292=ORIENTED_EDGE('',*,*,#2638,.T.);
#3293=ORIENTED_EDGE('',*,*,#2639,.T.);
#3294=ORIENTED_EDGE('',*,*,#2640,.F.);
#3295=ORIENTED_EDGE('',*,*,#2639,.F.);
#3296=ORIENTED_EDGE('',*,*,#2641,.T.);
#3297=ORIENTED_EDGE('',*,*,#2642,.T.);
#3298=ORIENTED_EDGE('',*,*,#2643,.F.);
#3299=ORIENTED_EDGE('',*,*,#2642,.F.);
#3300=ORIENTED_EDGE('',*,*,#2644,.T.);
#3301=ORIENTED_EDGE('',*,*,#2645,.T.);
#3302=ORIENTED_EDGE('',*,*,#2646,.F.);
#3303=ORIENTED_EDGE('',*,*,#2645,.F.);
#3304=ORIENTED_EDGE('',*,*,#2647,.T.);
#3305=ORIENTED_EDGE('',*,*,#2648,.T.);
#3306=ORIENTED_EDGE('',*,*,#2649,.F.);
#3307=ORIENTED_EDGE('',*,*,#2648,.F.);
#3308=ORIENTED_EDGE('',*,*,#2650,.T.);
#3309=ORIENTED_EDGE('',*,*,#2651,.T.);
#3310=ORIENTED_EDGE('',*,*,#2652,.F.);
#3311=ORIENTED_EDGE('',*,*,#2651,.F.);
#3312=ORIENTED_EDGE('',*,*,#2653,.T.);
#3313=ORIENTED_EDGE('',*,*,#2654,.T.);
#3314=ORIENTED_EDGE('',*,*,#2655,.F.);
#3315=ORIENTED_EDGE('',*,*,#2654,.F.);
#3316=ORIENTED_EDGE('',*,*,#2656,.T.);
#3317=ORIENTED_EDGE('',*,*,#2657,.T.);
#3318=ORIENTED_EDGE('',*,*,#2658,.F.);
#3319=ORIENTED_EDGE('',*,*,#2657,.F.);
#3320=ORIENTED_EDGE('',*,*,#2659,.T.);
#3321=ORIENTED_EDGE('',*,*,#2660,.T.);
#3322=ORIENTED_EDGE('',*,*,#2661,.F.);
#3323=ORIENTED_EDGE('',*,*,#2660,.F.);
#3324=ORIENTED_EDGE('',*,*,#2662,.T.);
#3325=ORIENTED_EDGE('',*,*,#2663,.T.);
#3326=ORIENTED_EDGE('',*,*,#2664,.F.);
#3327=ORIENTED_EDGE('',*,*,#2663,.F.);
#3328=ORIENTED_EDGE('',*,*,#2665,.T.);
#3329=ORIENTED_EDGE('',*,*,#2666,.T.);
#3330=ORIENTED_EDGE('',*,*,#2667,.F.);
#3331=ORIENTED_EDGE('',*,*,#2666,.F.);
#3332=ORIENTED_EDGE('',*,*,#2668,.T.);
#3333=ORIENTED_EDGE('',*,*,#2669,.T.);
#3334=ORIENTED_EDGE('',*,*,#2670,.F.);
#3335=ORIENTED_EDGE('',*,*,#2669,.F.);
#3336=ORIENTED_EDGE('',*,*,#2671,.T.);
#3337=ORIENTED_EDGE('',*,*,#2672,.T.);
#3338=ORIENTED_EDGE('',*,*,#2673,.F.);
#3339=ORIENTED_EDGE('',*,*,#2672,.F.);
#3340=ORIENTED_EDGE('',*,*,#2674,.T.);
#3341=ORIENTED_EDGE('',*,*,#2675,.T.);
#3342=ORIENTED_EDGE('',*,*,#2676,.F.);
#3343=ORIENTED_EDGE('',*,*,#2675,.F.);
#3344=ORIENTED_EDGE('',*,*,#2677,.T.);
#3345=ORIENTED_EDGE('',*,*,#2678,.T.);
#3346=ORIENTED_EDGE('',*,*,#2679,.F.);
#3347=ORIENTED_EDGE('',*,*,#2678,.F.);
#3348=ORIENTED_EDGE('',*,*,#2680,.T.);
#3349=ORIENTED_EDGE('',*,*,#2681,.T.);
#3350=ORIENTED_EDGE('',*,*,#2682,.F.);
#3351=ORIENTED_EDGE('',*,*,#2681,.F.);
#3352=ORIENTED_EDGE('',*,*,#2683,.T.);
#3353=ORIENTED_EDGE('',*,*,#2684,.T.);
#3354=ORIENTED_EDGE('',*,*,#2685,.F.);
#3355=ORIENTED_EDGE('',*,*,#2684,.F.);
#3356=ORIENTED_EDGE('',*,*,#2686,.T.);
#3357=ORIENTED_EDGE('',*,*,#2687,.T.);
#3358=ORIENTED_EDGE('',*,*,#2688,.F.);
#3359=ORIENTED_EDGE('',*,*,#2687,.F.);
#3360=ORIENTED_EDGE('',*,*,#2689,.T.);
#3361=ORIENTED_EDGE('',*,*,#2690,.T.);
#3362=ORIENTED_EDGE('',*,*,#2691,.F.);
#3363=ORIENTED_EDGE('',*,*,#2690,.F.);
#3364=ORIENTED_EDGE('',*,*,#2692,.T.);
#3365=ORIENTED_EDGE('',*,*,#2693,.T.);
#3366=ORIENTED_EDGE('',*,*,#2694,.F.);
#3367=ORIENTED_EDGE('',*,*,#2693,.F.);
#3368=ORIENTED_EDGE('',*,*,#2695,.T.);
#3369=ORIENTED_EDGE('',*,*,#2696,.T.);
#3370=ORIENTED_EDGE('',*,*,#2697,.F.);
#3371=ORIENTED_EDGE('',*,*,#2696,.F.);
#3372=ORIENTED_EDGE('',*,*,#2698,.T.);
#3373=ORIENTED_EDGE('',*,*,#2699,.T.);
#3374=ORIENTED_EDGE('',*,*,#2700,.F.);
#3375=ORIENTED_EDGE('',*,*,#2699,.F.);
#3376=ORIENTED_EDGE('',*,*,#2701,.T.);
#3377=ORIENTED_EDGE('',*,*,#2702,.T.);
#3378=ORIENTED_EDGE('',*,*,#2703,.F.);
#3379=ORIENTED_EDGE('',*,*,#2702,.F.);
#3380=ORIENTED_EDGE('',*,*,#2704,.T.);
#3381=ORIENTED_EDGE('',*,*,#2705,.T.);
#3382=ORIENTED_EDGE('',*,*,#2706,.F.);
#3383=ORIENTED_EDGE('',*,*,#2705,.F.);
#3384=ORIENTED_EDGE('',*,*,#2707,.T.);
#3385=ORIENTED_EDGE('',*,*,#2708,.T.);
#3386=ORIENTED_EDGE('',*,*,#2709,.F.);
#3387=ORIENTED_EDGE('',*,*,#2708,.F.);
#3388=ORIENTED_EDGE('',*,*,#2710,.T.);
#3389=ORIENTED_EDGE('',*,*,#2711,.T.);
#3390=ORIENTED_EDGE('',*,*,#2712,.F.);
#3391=ORIENTED_EDGE('',*,*,#2711,.F.);
#3392=ORIENTED_EDGE('',*,*,#2713,.T.);
#3393=ORIENTED_EDGE('',*,*,#2714,.T.);
#3394=ORIENTED_EDGE('',*,*,#2715,.F.);
#3395=ORIENTED_EDGE('',*,*,#2714,.F.);
#3396=ORIENTED_EDGE('',*,*,#2716,.T.);
#3397=ORIENTED_EDGE('',*,*,#2717,.T.);
#3398=ORIENTED_EDGE('',*,*,#2718,.F.);
#3399=ORIENTED_EDGE('',*,*,#2717,.F.);
#3400=ORIENTED_EDGE('',*,*,#2719,.T.);
#3401=ORIENTED_EDGE('',*,*,#2720,.T.);
#3402=ORIENTED_EDGE('',*,*,#2721,.F.);
#3403=ORIENTED_EDGE('',*,*,#2720,.F.);
#3404=ORIENTED_EDGE('',*,*,#2722,.T.);
#3405=ORIENTED_EDGE('',*,*,#2723,.T.);
#3406=ORIENTED_EDGE('',*,*,#2724,.F.);
#3407=ORIENTED_EDGE('',*,*,#2723,.F.);
#3408=ORIENTED_EDGE('',*,*,#2725,.T.);
#3409=ORIENTED_EDGE('',*,*,#2726,.T.);
#3410=ORIENTED_EDGE('',*,*,#2727,.F.);
#3411=ORIENTED_EDGE('',*,*,#2726,.F.);
#3412=ORIENTED_EDGE('',*,*,#2728,.T.);
#3413=ORIENTED_EDGE('',*,*,#2729,.T.);
#3414=ORIENTED_EDGE('',*,*,#2730,.F.);
#3415=ORIENTED_EDGE('',*,*,#2729,.F.);
#3416=ORIENTED_EDGE('',*,*,#2731,.T.);
#3417=ORIENTED_EDGE('',*,*,#2732,.T.);
#3418=ORIENTED_EDGE('',*,*,#2733,.F.);
#3419=ORIENTED_EDGE('',*,*,#2732,.F.);
#3420=ORIENTED_EDGE('',*,*,#2734,.F.);
#3421=ORIENTED_EDGE('',*,*,#2735,.T.);
#3422=ORIENTED_EDGE('',*,*,#2736,.T.);
#3423=ORIENTED_EDGE('',*,*,#2735,.F.);
#3424=ORIENTED_EDGE('',*,*,#2737,.F.);
#3425=ORIENTED_EDGE('',*,*,#2738,.T.);
#3426=ORIENTED_EDGE('',*,*,#2739,.T.);
#3427=ORIENTED_EDGE('',*,*,#2738,.F.);
#3428=ORIENTED_EDGE('',*,*,#2740,.F.);
#3429=ORIENTED_EDGE('',*,*,#2741,.T.);
#3430=ORIENTED_EDGE('',*,*,#2742,.T.);
#3431=ORIENTED_EDGE('',*,*,#2741,.F.);
#3432=ORIENTED_EDGE('',*,*,#2743,.F.);
#3433=ORIENTED_EDGE('',*,*,#2744,.T.);
#3434=ORIENTED_EDGE('',*,*,#2745,.T.);
#3435=ORIENTED_EDGE('',*,*,#2744,.F.);
#3436=ORIENTED_EDGE('',*,*,#2746,.F.);
#3437=ORIENTED_EDGE('',*,*,#2747,.T.);
#3438=ORIENTED_EDGE('',*,*,#2748,.T.);
#3439=ORIENTED_EDGE('',*,*,#2747,.F.);
#3440=ORIENTED_EDGE('',*,*,#2749,.F.);
#3441=ORIENTED_EDGE('',*,*,#2750,.T.);
#3442=ORIENTED_EDGE('',*,*,#2751,.T.);
#3443=ORIENTED_EDGE('',*,*,#2750,.F.);
#3444=ORIENTED_EDGE('',*,*,#2752,.F.);
#3445=ORIENTED_EDGE('',*,*,#2753,.T.);
#3446=ORIENTED_EDGE('',*,*,#2754,.T.);
#3447=ORIENTED_EDGE('',*,*,#2753,.F.);
#3448=ORIENTED_EDGE('',*,*,#2755,.F.);
#3449=ORIENTED_EDGE('',*,*,#2756,.T.);
#3450=ORIENTED_EDGE('',*,*,#2757,.T.);
#3451=ORIENTED_EDGE('',*,*,#2756,.F.);
#3452=ORIENTED_EDGE('',*,*,#2758,.F.);
#3453=ORIENTED_EDGE('',*,*,#2759,.T.);
#3454=ORIENTED_EDGE('',*,*,#2760,.T.);
#3455=ORIENTED_EDGE('',*,*,#2759,.F.);
#3456=ORIENTED_EDGE('',*,*,#2761,.F.);
#3457=ORIENTED_EDGE('',*,*,#2762,.T.);
#3458=ORIENTED_EDGE('',*,*,#2763,.T.);
#3459=ORIENTED_EDGE('',*,*,#2762,.F.);
#3460=ORIENTED_EDGE('',*,*,#2764,.F.);
#3461=ORIENTED_EDGE('',*,*,#2765,.T.);
#3462=ORIENTED_EDGE('',*,*,#2766,.T.);
#3463=ORIENTED_EDGE('',*,*,#2765,.F.);
#3464=ORIENTED_EDGE('',*,*,#2767,.F.);
#3465=ORIENTED_EDGE('',*,*,#2768,.T.);
#3466=ORIENTED_EDGE('',*,*,#2769,.T.);
#3467=ORIENTED_EDGE('',*,*,#2768,.F.);
#3468=ORIENTED_EDGE('',*,*,#2770,.F.);
#3469=ORIENTED_EDGE('',*,*,#2771,.T.);
#3470=ORIENTED_EDGE('',*,*,#2772,.T.);
#3471=ORIENTED_EDGE('',*,*,#2771,.F.);
#3472=ORIENTED_EDGE('',*,*,#2773,.F.);
#3473=ORIENTED_EDGE('',*,*,#2774,.T.);
#3474=ORIENTED_EDGE('',*,*,#2775,.T.);
#3475=ORIENTED_EDGE('',*,*,#2774,.F.);
#3476=ORIENTED_EDGE('',*,*,#2776,.F.);
#3477=ORIENTED_EDGE('',*,*,#2777,.T.);
#3478=ORIENTED_EDGE('',*,*,#2778,.T.);
#3479=ORIENTED_EDGE('',*,*,#2777,.F.);
#3480=ORIENTED_EDGE('',*,*,#2779,.F.);
#3481=ORIENTED_EDGE('',*,*,#2780,.T.);
#3482=ORIENTED_EDGE('',*,*,#2781,.T.);
#3483=ORIENTED_EDGE('',*,*,#2780,.F.);
#3484=ORIENTED_EDGE('',*,*,#2782,.F.);
#3485=ORIENTED_EDGE('',*,*,#2783,.T.);
#3486=ORIENTED_EDGE('',*,*,#2784,.T.);
#3487=ORIENTED_EDGE('',*,*,#2783,.F.);
#3488=ORIENTED_EDGE('',*,*,#2785,.F.);
#3489=ORIENTED_EDGE('',*,*,#2786,.T.);
#3490=ORIENTED_EDGE('',*,*,#2787,.T.);
#3491=ORIENTED_EDGE('',*,*,#2786,.F.);
#3492=ORIENTED_EDGE('',*,*,#2788,.F.);
#3493=ORIENTED_EDGE('',*,*,#2789,.T.);
#3494=ORIENTED_EDGE('',*,*,#2790,.T.);
#3495=ORIENTED_EDGE('',*,*,#2789,.F.);
#3496=ORIENTED_EDGE('',*,*,#2791,.F.);
#3497=ORIENTED_EDGE('',*,*,#2792,.T.);
#3498=ORIENTED_EDGE('',*,*,#2793,.T.);
#3499=ORIENTED_EDGE('',*,*,#2792,.F.);
#3500=ORIENTED_EDGE('',*,*,#2794,.F.);
#3501=ORIENTED_EDGE('',*,*,#2795,.T.);
#3502=ORIENTED_EDGE('',*,*,#2796,.T.);
#3503=ORIENTED_EDGE('',*,*,#2795,.F.);
#3504=ORIENTED_EDGE('',*,*,#2797,.F.);
#3505=ORIENTED_EDGE('',*,*,#2798,.T.);
#3506=ORIENTED_EDGE('',*,*,#2799,.T.);
#3507=ORIENTED_EDGE('',*,*,#2798,.F.);
#3508=ORIENTED_EDGE('',*,*,#2800,.F.);
#3509=ORIENTED_EDGE('',*,*,#2801,.T.);
#3510=ORIENTED_EDGE('',*,*,#2802,.T.);
#3511=ORIENTED_EDGE('',*,*,#2801,.F.);
#3512=ORIENTED_EDGE('',*,*,#2803,.F.);
#3513=ORIENTED_EDGE('',*,*,#2804,.T.);
#3514=ORIENTED_EDGE('',*,*,#2805,.T.);
#3515=ORIENTED_EDGE('',*,*,#2804,.F.);
#3516=ORIENTED_EDGE('',*,*,#2806,.F.);
#3517=ORIENTED_EDGE('',*,*,#2807,.T.);
#3518=ORIENTED_EDGE('',*,*,#2808,.T.);
#3519=ORIENTED_EDGE('',*,*,#2807,.F.);
#3520=ORIENTED_EDGE('',*,*,#2809,.F.);
#3521=ORIENTED_EDGE('',*,*,#2810,.T.);
#3522=ORIENTED_EDGE('',*,*,#2811,.T.);
#3523=ORIENTED_EDGE('',*,*,#2810,.F.);
#3524=ORIENTED_EDGE('',*,*,#2812,.F.);
#3525=ORIENTED_EDGE('',*,*,#2813,.T.);
#3526=ORIENTED_EDGE('',*,*,#2814,.T.);
#3527=ORIENTED_EDGE('',*,*,#2813,.F.);
#3528=ORIENTED_EDGE('',*,*,#2815,.F.);
#3529=ORIENTED_EDGE('',*,*,#2816,.T.);
#3530=ORIENTED_EDGE('',*,*,#2817,.T.);
#3531=ORIENTED_EDGE('',*,*,#2816,.F.);
#3532=ORIENTED_EDGE('',*,*,#2818,.F.);
#3533=ORIENTED_EDGE('',*,*,#2819,.T.);
#3534=ORIENTED_EDGE('',*,*,#2820,.T.);
#3535=ORIENTED_EDGE('',*,*,#2819,.F.);
#3536=ORIENTED_EDGE('',*,*,#2821,.F.);
#3537=ORIENTED_EDGE('',*,*,#2822,.T.);
#3538=ORIENTED_EDGE('',*,*,#2823,.T.);
#3539=ORIENTED_EDGE('',*,*,#2822,.F.);
#3540=ORIENTED_EDGE('',*,*,#2824,.F.);
#3541=ORIENTED_EDGE('',*,*,#2825,.T.);
#3542=ORIENTED_EDGE('',*,*,#2826,.T.);
#3543=ORIENTED_EDGE('',*,*,#2825,.F.);
#3544=ORIENTED_EDGE('',*,*,#2827,.F.);
#3545=ORIENTED_EDGE('',*,*,#2828,.T.);
#3546=ORIENTED_EDGE('',*,*,#2829,.T.);
#3547=ORIENTED_EDGE('',*,*,#2828,.F.);
#3548=ORIENTED_EDGE('',*,*,#2830,.F.);
#3549=ORIENTED_EDGE('',*,*,#2831,.T.);
#3550=ORIENTED_EDGE('',*,*,#2832,.T.);
#3551=ORIENTED_EDGE('',*,*,#2831,.F.);
#3552=ORIENTED_EDGE('',*,*,#2833,.F.);
#3553=ORIENTED_EDGE('',*,*,#2834,.T.);
#3554=ORIENTED_EDGE('',*,*,#2835,.T.);
#3555=ORIENTED_EDGE('',*,*,#2834,.F.);
#3556=ORIENTED_EDGE('',*,*,#2836,.F.);
#3557=ORIENTED_EDGE('',*,*,#2837,.T.);
#3558=ORIENTED_EDGE('',*,*,#2838,.T.);
#3559=ORIENTED_EDGE('',*,*,#2837,.F.);
#3560=ORIENTED_EDGE('',*,*,#2839,.F.);
#3561=ORIENTED_EDGE('',*,*,#2840,.T.);
#3562=ORIENTED_EDGE('',*,*,#2841,.T.);
#3563=ORIENTED_EDGE('',*,*,#2840,.F.);
#3564=ORIENTED_EDGE('',*,*,#2842,.F.);
#3565=ORIENTED_EDGE('',*,*,#2843,.T.);
#3566=ORIENTED_EDGE('',*,*,#2844,.T.);
#3567=ORIENTED_EDGE('',*,*,#2843,.F.);
#3568=ORIENTED_EDGE('',*,*,#2845,.F.);
#3569=ORIENTED_EDGE('',*,*,#2846,.T.);
#3570=ORIENTED_EDGE('',*,*,#2847,.T.);
#3571=ORIENTED_EDGE('',*,*,#2846,.F.);
#3572=ORIENTED_EDGE('',*,*,#2848,.F.);
#3573=ORIENTED_EDGE('',*,*,#2849,.T.);
#3574=ORIENTED_EDGE('',*,*,#2850,.T.);
#3575=ORIENTED_EDGE('',*,*,#2849,.F.);
#3576=ORIENTED_EDGE('',*,*,#2851,.F.);
#3577=ORIENTED_EDGE('',*,*,#2852,.T.);
#3578=ORIENTED_EDGE('',*,*,#2853,.T.);
#3579=ORIENTED_EDGE('',*,*,#2852,.F.);
#3580=ORIENTED_EDGE('',*,*,#2854,.F.);
#3581=ORIENTED_EDGE('',*,*,#2855,.T.);
#3582=ORIENTED_EDGE('',*,*,#2856,.T.);
#3583=ORIENTED_EDGE('',*,*,#2855,.F.);
#3584=ORIENTED_EDGE('',*,*,#2857,.F.);
#3585=ORIENTED_EDGE('',*,*,#2858,.T.);
#3586=ORIENTED_EDGE('',*,*,#2859,.T.);
#3587=ORIENTED_EDGE('',*,*,#2858,.F.);
#3588=ORIENTED_EDGE('',*,*,#2860,.T.);
#3589=ORIENTED_EDGE('',*,*,#2861,.T.);
#3590=ORIENTED_EDGE('',*,*,#2862,.F.);
#3591=ORIENTED_EDGE('',*,*,#2861,.F.);
#3592=ORIENTED_EDGE('',*,*,#2863,.T.);
#3593=ORIENTED_EDGE('',*,*,#2864,.T.);
#3594=ORIENTED_EDGE('',*,*,#2865,.F.);
#3595=ORIENTED_EDGE('',*,*,#2864,.F.);
#3596=ORIENTED_EDGE('',*,*,#2866,.T.);
#3597=ORIENTED_EDGE('',*,*,#2867,.T.);
#3598=ORIENTED_EDGE('',*,*,#2868,.F.);
#3599=ORIENTED_EDGE('',*,*,#2867,.F.);
#3600=ORIENTED_EDGE('',*,*,#2869,.T.);
#3601=ORIENTED_EDGE('',*,*,#2870,.T.);
#3602=ORIENTED_EDGE('',*,*,#2871,.F.);
#3603=ORIENTED_EDGE('',*,*,#2870,.F.);
#3604=ORIENTED_EDGE('',*,*,#2872,.T.);
#3605=ORIENTED_EDGE('',*,*,#2873,.T.);
#3606=ORIENTED_EDGE('',*,*,#2874,.F.);
#3607=ORIENTED_EDGE('',*,*,#2873,.F.);
#3608=ORIENTED_EDGE('',*,*,#2875,.T.);
#3609=ORIENTED_EDGE('',*,*,#2876,.T.);
#3610=ORIENTED_EDGE('',*,*,#2877,.F.);
#3611=ORIENTED_EDGE('',*,*,#2876,.F.);
#3612=ORIENTED_EDGE('',*,*,#2878,.T.);
#3613=ORIENTED_EDGE('',*,*,#2879,.T.);
#3614=ORIENTED_EDGE('',*,*,#2880,.F.);
#3615=ORIENTED_EDGE('',*,*,#2879,.F.);
#3616=ORIENTED_EDGE('',*,*,#2881,.F.);
#3617=ORIENTED_EDGE('',*,*,#2882,.T.);
#3618=ORIENTED_EDGE('',*,*,#2883,.T.);
#3619=ORIENTED_EDGE('',*,*,#2882,.F.);
#3620=ORIENTED_EDGE('',*,*,#2884,.F.);
#3621=ORIENTED_EDGE('',*,*,#2885,.T.);
#3622=ORIENTED_EDGE('',*,*,#2886,.T.);
#3623=ORIENTED_EDGE('',*,*,#2885,.F.);
#3624=ORIENTED_EDGE('',*,*,#2887,.F.);
#3625=ORIENTED_EDGE('',*,*,#2888,.T.);
#3626=ORIENTED_EDGE('',*,*,#2889,.T.);
#3627=ORIENTED_EDGE('',*,*,#2888,.F.);
#3628=ORIENTED_EDGE('',*,*,#2890,.F.);
#3629=ORIENTED_EDGE('',*,*,#2891,.T.);
#3630=ORIENTED_EDGE('',*,*,#2892,.T.);
#3631=ORIENTED_EDGE('',*,*,#2891,.F.);
#3632=ORIENTED_EDGE('',*,*,#2893,.F.);
#3633=ORIENTED_EDGE('',*,*,#2894,.T.);
#3634=ORIENTED_EDGE('',*,*,#2895,.T.);
#3635=ORIENTED_EDGE('',*,*,#2894,.F.);
#3636=ORIENTED_EDGE('',*,*,#2896,.F.);
#3637=ORIENTED_EDGE('',*,*,#2897,.T.);
#3638=ORIENTED_EDGE('',*,*,#2898,.T.);
#3639=ORIENTED_EDGE('',*,*,#2897,.F.);
#3640=ORIENTED_EDGE('',*,*,#2899,.F.);
#3641=ORIENTED_EDGE('',*,*,#2900,.T.);
#3642=ORIENTED_EDGE('',*,*,#2901,.T.);
#3643=ORIENTED_EDGE('',*,*,#2900,.F.);
#3644=ORIENTED_EDGE('',*,*,#2902,.T.);
#3645=ORIENTED_EDGE('',*,*,#2903,.T.);
#3646=ORIENTED_EDGE('',*,*,#2904,.F.);
#3647=ORIENTED_EDGE('',*,*,#2903,.F.);
#3648=ORIENTED_EDGE('',*,*,#2905,.T.);
#3649=ORIENTED_EDGE('',*,*,#2906,.T.);
#3650=ORIENTED_EDGE('',*,*,#2907,.F.);
#3651=ORIENTED_EDGE('',*,*,#2906,.F.);
#3652=ORIENTED_EDGE('',*,*,#2908,.T.);
#3653=ORIENTED_EDGE('',*,*,#2909,.T.);
#3654=ORIENTED_EDGE('',*,*,#2910,.F.);
#3655=ORIENTED_EDGE('',*,*,#2909,.F.);
#3656=ORIENTED_EDGE('',*,*,#2911,.T.);
#3657=ORIENTED_EDGE('',*,*,#2912,.T.);
#3658=ORIENTED_EDGE('',*,*,#2913,.F.);
#3659=ORIENTED_EDGE('',*,*,#2912,.F.);
#3660=ORIENTED_EDGE('',*,*,#2914,.F.);
#3661=ORIENTED_EDGE('',*,*,#2915,.T.);
#3662=ORIENTED_EDGE('',*,*,#2916,.T.);
#3663=ORIENTED_EDGE('',*,*,#2915,.F.);
#3664=ORIENTED_EDGE('',*,*,#2917,.F.);
#3665=ORIENTED_EDGE('',*,*,#2918,.T.);
#3666=ORIENTED_EDGE('',*,*,#2919,.T.);
#3667=ORIENTED_EDGE('',*,*,#2918,.F.);
#3668=ORIENTED_EDGE('',*,*,#2920,.F.);
#3669=ORIENTED_EDGE('',*,*,#2921,.T.);
#3670=ORIENTED_EDGE('',*,*,#2922,.T.);
#3671=ORIENTED_EDGE('',*,*,#2921,.F.);
#3672=ORIENTED_EDGE('',*,*,#2923,.F.);
#3673=ORIENTED_EDGE('',*,*,#2924,.T.);
#3674=ORIENTED_EDGE('',*,*,#2925,.T.);
#3675=ORIENTED_EDGE('',*,*,#2924,.F.);
#3676=ORIENTED_EDGE('',*,*,#2926,.T.);
#3677=ORIENTED_EDGE('',*,*,#2927,.T.);
#3678=ORIENTED_EDGE('',*,*,#2928,.T.);
#3679=ORIENTED_EDGE('',*,*,#2929,.T.);
#3680=ORIENTED_EDGE('',*,*,#2686,.F.);
#3681=ORIENTED_EDGE('',*,*,#2683,.F.);
#3682=ORIENTED_EDGE('',*,*,#2680,.F.);
#3683=ORIENTED_EDGE('',*,*,#2677,.F.);
#3684=ORIENTED_EDGE('',*,*,#2674,.F.);
#3685=ORIENTED_EDGE('',*,*,#2671,.F.);
#3686=ORIENTED_EDGE('',*,*,#2668,.F.);
#3687=ORIENTED_EDGE('',*,*,#2704,.F.);
#3688=ORIENTED_EDGE('',*,*,#2701,.F.);
#3689=ORIENTED_EDGE('',*,*,#2698,.F.);
#3690=ORIENTED_EDGE('',*,*,#2695,.F.);
#3691=ORIENTED_EDGE('',*,*,#2692,.F.);
#3692=ORIENTED_EDGE('',*,*,#2689,.F.);
#3693=ORIENTED_EDGE('',*,*,#2731,.F.);
#3694=ORIENTED_EDGE('',*,*,#2665,.F.);
#3695=ORIENTED_EDGE('',*,*,#2662,.F.);
#3696=ORIENTED_EDGE('',*,*,#2659,.F.);
#3697=ORIENTED_EDGE('',*,*,#2728,.F.);
#3698=ORIENTED_EDGE('',*,*,#2725,.F.);
#3699=ORIENTED_EDGE('',*,*,#2722,.F.);
#3700=ORIENTED_EDGE('',*,*,#2719,.F.);
#3701=ORIENTED_EDGE('',*,*,#2716,.F.);
#3702=ORIENTED_EDGE('',*,*,#2656,.F.);
#3703=ORIENTED_EDGE('',*,*,#2653,.F.);
#3704=ORIENTED_EDGE('',*,*,#2650,.F.);
#3705=ORIENTED_EDGE('',*,*,#2647,.F.);
#3706=ORIENTED_EDGE('',*,*,#2644,.F.);
#3707=ORIENTED_EDGE('',*,*,#2641,.F.);
#3708=ORIENTED_EDGE('',*,*,#2638,.F.);
#3709=ORIENTED_EDGE('',*,*,#2635,.F.);
#3710=ORIENTED_EDGE('',*,*,#2713,.F.);
#3711=ORIENTED_EDGE('',*,*,#2710,.F.);
#3712=ORIENTED_EDGE('',*,*,#2707,.F.);
#3713=ORIENTED_EDGE('',*,*,#2632,.F.);
#3714=ORIENTED_EDGE('',*,*,#2629,.F.);
#3715=ORIENTED_EDGE('',*,*,#2626,.F.);
#3716=ORIENTED_EDGE('',*,*,#2613,.T.);
#3717=ORIENTED_EDGE('',*,*,#2604,.T.);
#3718=ORIENTED_EDGE('',*,*,#2607,.T.);
#3719=ORIENTED_EDGE('',*,*,#2610,.T.);
#3720=ORIENTED_EDGE('',*,*,#2625,.F.);
#3721=ORIENTED_EDGE('',*,*,#2616,.F.);
#3722=ORIENTED_EDGE('',*,*,#2619,.F.);
#3723=ORIENTED_EDGE('',*,*,#2622,.F.);
#3724=ORIENTED_EDGE('',*,*,#2734,.T.);
#3725=ORIENTED_EDGE('',*,*,#2737,.T.);
#3726=ORIENTED_EDGE('',*,*,#2824,.T.);
#3727=ORIENTED_EDGE('',*,*,#2827,.T.);
#3728=ORIENTED_EDGE('',*,*,#2740,.T.);
#3729=ORIENTED_EDGE('',*,*,#2743,.T.);
#3730=ORIENTED_EDGE('',*,*,#2830,.T.);
#3731=ORIENTED_EDGE('',*,*,#2746,.T.);
#3732=ORIENTED_EDGE('',*,*,#2749,.T.);
#3733=ORIENTED_EDGE('',*,*,#2752,.T.);
#3734=ORIENTED_EDGE('',*,*,#2755,.T.);
#3735=ORIENTED_EDGE('',*,*,#2758,.T.);
#3736=ORIENTED_EDGE('',*,*,#2761,.T.);
#3737=ORIENTED_EDGE('',*,*,#2764,.T.);
#3738=ORIENTED_EDGE('',*,*,#2833,.T.);
#3739=ORIENTED_EDGE('',*,*,#2836,.T.);
#3740=ORIENTED_EDGE('',*,*,#2839,.T.);
#3741=ORIENTED_EDGE('',*,*,#2767,.T.);
#3742=ORIENTED_EDGE('',*,*,#2770,.T.);
#3743=ORIENTED_EDGE('',*,*,#2773,.T.);
#3744=ORIENTED_EDGE('',*,*,#2842,.T.);
#3745=ORIENTED_EDGE('',*,*,#2776,.T.);
#3746=ORIENTED_EDGE('',*,*,#2779,.T.);
#3747=ORIENTED_EDGE('',*,*,#2782,.T.);
#3748=ORIENTED_EDGE('',*,*,#2845,.T.);
#3749=ORIENTED_EDGE('',*,*,#2848,.T.);
#3750=ORIENTED_EDGE('',*,*,#2851,.T.);
#3751=ORIENTED_EDGE('',*,*,#2785,.T.);
#3752=ORIENTED_EDGE('',*,*,#2788,.T.);
#3753=ORIENTED_EDGE('',*,*,#2791,.T.);
#3754=ORIENTED_EDGE('',*,*,#2794,.T.);
#3755=ORIENTED_EDGE('',*,*,#2797,.T.);
#3756=ORIENTED_EDGE('',*,*,#2800,.T.);
#3757=ORIENTED_EDGE('',*,*,#2803,.T.);
#3758=ORIENTED_EDGE('',*,*,#2806,.T.);
#3759=ORIENTED_EDGE('',*,*,#2809,.T.);
#3760=ORIENTED_EDGE('',*,*,#2812,.T.);
#3761=ORIENTED_EDGE('',*,*,#2815,.T.);
#3762=ORIENTED_EDGE('',*,*,#2818,.T.);
#3763=ORIENTED_EDGE('',*,*,#2821,.T.);
#3764=ORIENTED_EDGE('',*,*,#2854,.T.);
#3765=ORIENTED_EDGE('',*,*,#2857,.T.);
#3766=ORIENTED_EDGE('',*,*,#2860,.F.);
#3767=ORIENTED_EDGE('',*,*,#2863,.F.);
#3768=ORIENTED_EDGE('',*,*,#2866,.F.);
#3769=ORIENTED_EDGE('',*,*,#2869,.F.);
#3770=ORIENTED_EDGE('',*,*,#2872,.F.);
#3771=ORIENTED_EDGE('',*,*,#2875,.F.);
#3772=ORIENTED_EDGE('',*,*,#2878,.F.);
#3773=ORIENTED_EDGE('',*,*,#2881,.T.);
#3774=ORIENTED_EDGE('',*,*,#2884,.T.);
#3775=ORIENTED_EDGE('',*,*,#2887,.T.);
#3776=ORIENTED_EDGE('',*,*,#2890,.T.);
#3777=ORIENTED_EDGE('',*,*,#2893,.T.);
#3778=ORIENTED_EDGE('',*,*,#2896,.T.);
#3779=ORIENTED_EDGE('',*,*,#2899,.T.);
#3780=ORIENTED_EDGE('',*,*,#2930,.T.);
#3781=ORIENTED_EDGE('',*,*,#2931,.T.);
#3782=ORIENTED_EDGE('',*,*,#2932,.T.);
#3783=ORIENTED_EDGE('',*,*,#2933,.T.);
#3784=ORIENTED_EDGE('',*,*,#2859,.F.);
#3785=ORIENTED_EDGE('',*,*,#2856,.F.);
#3786=ORIENTED_EDGE('',*,*,#2853,.F.);
#3787=ORIENTED_EDGE('',*,*,#2850,.F.);
#3788=ORIENTED_EDGE('',*,*,#2847,.F.);
#3789=ORIENTED_EDGE('',*,*,#2844,.F.);
#3790=ORIENTED_EDGE('',*,*,#2841,.F.);
#3791=ORIENTED_EDGE('',*,*,#2838,.F.);
#3792=ORIENTED_EDGE('',*,*,#2835,.F.);
#3793=ORIENTED_EDGE('',*,*,#2832,.F.);
#3794=ORIENTED_EDGE('',*,*,#2829,.F.);
#3795=ORIENTED_EDGE('',*,*,#2826,.F.);
#3796=ORIENTED_EDGE('',*,*,#2733,.T.);
#3797=ORIENTED_EDGE('',*,*,#2727,.T.);
#3798=ORIENTED_EDGE('',*,*,#2721,.T.);
#3799=ORIENTED_EDGE('',*,*,#2715,.T.);
#3800=ORIENTED_EDGE('',*,*,#2709,.T.);
#3801=ORIENTED_EDGE('',*,*,#2904,.T.);
#3802=ORIENTED_EDGE('',*,*,#2907,.T.);
#3803=ORIENTED_EDGE('',*,*,#2910,.T.);
#3804=ORIENTED_EDGE('',*,*,#2913,.T.);
#3805=ORIENTED_EDGE('',*,*,#2916,.F.);
#3806=ORIENTED_EDGE('',*,*,#2919,.F.);
#3807=ORIENTED_EDGE('',*,*,#2922,.F.);
#3808=ORIENTED_EDGE('',*,*,#2925,.F.);
#3809=ORIENTED_EDGE('',*,*,#2712,.T.);
#3810=ORIENTED_EDGE('',*,*,#2718,.T.);
#3811=ORIENTED_EDGE('',*,*,#2724,.T.);
#3812=ORIENTED_EDGE('',*,*,#2730,.T.);
#3813=ORIENTED_EDGE('',*,*,#2934,.F.);
#3814=ORIENTED_EDGE('',*,*,#2935,.F.);
#3815=ORIENTED_EDGE('',*,*,#2936,.F.);
#3816=ORIENTED_EDGE('',*,*,#2937,.F.);
#3817=ORIENTED_EDGE('',*,*,#2938,.F.);
#3818=ORIENTED_EDGE('',*,*,#2939,.F.);
#3819=ORIENTED_EDGE('',*,*,#2940,.T.);
#3820=ORIENTED_EDGE('',*,*,#2941,.F.);
#3821=ORIENTED_EDGE('',*,*,#2628,.T.);
#3822=ORIENTED_EDGE('',*,*,#2631,.T.);
#3823=ORIENTED_EDGE('',*,*,#2634,.T.);
#3824=ORIENTED_EDGE('',*,*,#2637,.T.);
#3825=ORIENTED_EDGE('',*,*,#2640,.T.);
#3826=ORIENTED_EDGE('',*,*,#2643,.T.);
#3827=ORIENTED_EDGE('',*,*,#2646,.T.);
#3828=ORIENTED_EDGE('',*,*,#2649,.T.);
#3829=ORIENTED_EDGE('',*,*,#2652,.T.);
#3830=ORIENTED_EDGE('',*,*,#2655,.T.);
#3831=ORIENTED_EDGE('',*,*,#2658,.T.);
#3832=ORIENTED_EDGE('',*,*,#2661,.T.);
#3833=ORIENTED_EDGE('',*,*,#2664,.T.);
#3834=ORIENTED_EDGE('',*,*,#2667,.T.);
#3835=ORIENTED_EDGE('',*,*,#2670,.T.);
#3836=ORIENTED_EDGE('',*,*,#2673,.T.);
#3837=ORIENTED_EDGE('',*,*,#2676,.T.);
#3838=ORIENTED_EDGE('',*,*,#2679,.T.);
#3839=ORIENTED_EDGE('',*,*,#2682,.T.);
#3840=ORIENTED_EDGE('',*,*,#2685,.T.);
#3841=ORIENTED_EDGE('',*,*,#2688,.T.);
#3842=ORIENTED_EDGE('',*,*,#2736,.F.);
#3843=ORIENTED_EDGE('',*,*,#2739,.F.);
#3844=ORIENTED_EDGE('',*,*,#2742,.F.);
#3845=ORIENTED_EDGE('',*,*,#2745,.F.);
#3846=ORIENTED_EDGE('',*,*,#2748,.F.);
#3847=ORIENTED_EDGE('',*,*,#2751,.F.);
#3848=ORIENTED_EDGE('',*,*,#2754,.F.);
#3849=ORIENTED_EDGE('',*,*,#2757,.F.);
#3850=ORIENTED_EDGE('',*,*,#2760,.F.);
#3851=ORIENTED_EDGE('',*,*,#2763,.F.);
#3852=ORIENTED_EDGE('',*,*,#2766,.F.);
#3853=ORIENTED_EDGE('',*,*,#2769,.F.);
#3854=ORIENTED_EDGE('',*,*,#2772,.F.);
#3855=ORIENTED_EDGE('',*,*,#2775,.F.);
#3856=ORIENTED_EDGE('',*,*,#2778,.F.);
#3857=ORIENTED_EDGE('',*,*,#2781,.F.);
#3858=ORIENTED_EDGE('',*,*,#2784,.F.);
#3859=ORIENTED_EDGE('',*,*,#2787,.F.);
#3860=ORIENTED_EDGE('',*,*,#2790,.F.);
#3861=ORIENTED_EDGE('',*,*,#2793,.F.);
#3862=ORIENTED_EDGE('',*,*,#2796,.F.);
#3863=ORIENTED_EDGE('',*,*,#2799,.F.);
#3864=ORIENTED_EDGE('',*,*,#2802,.F.);
#3865=ORIENTED_EDGE('',*,*,#2805,.F.);
#3866=ORIENTED_EDGE('',*,*,#2930,.F.);
#3867=ORIENTED_EDGE('',*,*,#2942,.T.);
#3868=ORIENTED_EDGE('',*,*,#2941,.T.);
#3869=ORIENTED_EDGE('',*,*,#2943,.F.);
#3870=ORIENTED_EDGE('',*,*,#2944,.T.);
#3871=ORIENTED_EDGE('',*,*,#2945,.T.);
#3872=ORIENTED_EDGE('',*,*,#2946,.T.);
#3873=ORIENTED_EDGE('',*,*,#2947,.F.);
#3874=ORIENTED_EDGE('',*,*,#2927,.F.);
#3875=ORIENTED_EDGE('',*,*,#2948,.T.);
#3876=ORIENTED_EDGE('',*,*,#2949,.T.);
#3877=ORIENTED_EDGE('',*,*,#2950,.F.);
#3878=ORIENTED_EDGE('',*,*,#2951,.F.);
#3879=ORIENTED_EDGE('',*,*,#2952,.T.);
#3880=ORIENTED_EDGE('',*,*,#2937,.T.);
#3881=ORIENTED_EDGE('',*,*,#2953,.T.);
#3882=ORIENTED_EDGE('',*,*,#2954,.T.);
#3883=ORIENTED_EDGE('',*,*,#2955,.F.);
#3884=ORIENTED_EDGE('',*,*,#2956,.F.);
#3885=ORIENTED_EDGE('',*,*,#2957,.T.);
#3886=ORIENTED_EDGE('',*,*,#2939,.T.);
#3887=ORIENTED_EDGE('',*,*,#2958,.F.);
#3888=ORIENTED_EDGE('',*,*,#2959,.T.);
#3889=ORIENTED_EDGE('',*,*,#2960,.T.);
#3890=ORIENTED_EDGE('',*,*,#2961,.T.);
#3891=ORIENTED_EDGE('',*,*,#2962,.F.);
#3892=ORIENTED_EDGE('',*,*,#2929,.F.);
#3893=ORIENTED_EDGE('',*,*,#2963,.T.);
#3894=ORIENTED_EDGE('',*,*,#2961,.F.);
#3895=ORIENTED_EDGE('',*,*,#2964,.T.);
#3896=ORIENTED_EDGE('',*,*,#2949,.F.);
#3897=ORIENTED_EDGE('',*,*,#2965,.F.);
#3898=ORIENTED_EDGE('',*,*,#2808,.F.);
#3899=ORIENTED_EDGE('',*,*,#2811,.F.);
#3900=ORIENTED_EDGE('',*,*,#2814,.F.);
#3901=ORIENTED_EDGE('',*,*,#2817,.F.);
#3902=ORIENTED_EDGE('',*,*,#2820,.F.);
#3903=ORIENTED_EDGE('',*,*,#2823,.F.);
#3904=ORIENTED_EDGE('',*,*,#2965,.T.);
#3905=ORIENTED_EDGE('',*,*,#2948,.F.);
#3906=ORIENTED_EDGE('',*,*,#2926,.F.);
#3907=ORIENTED_EDGE('',*,*,#2962,.T.);
#3908=ORIENTED_EDGE('',*,*,#2966,.T.);
#3909=ORIENTED_EDGE('',*,*,#2963,.F.);
#3910=ORIENTED_EDGE('',*,*,#2928,.F.);
#3911=ORIENTED_EDGE('',*,*,#2947,.T.);
#3912=ORIENTED_EDGE('',*,*,#2967,.F.);
#3913=ORIENTED_EDGE('',*,*,#2954,.F.);
#3914=ORIENTED_EDGE('',*,*,#2966,.F.);
#3915=ORIENTED_EDGE('',*,*,#2946,.F.);
#3916=ORIENTED_EDGE('',*,*,#2691,.T.);
#3917=ORIENTED_EDGE('',*,*,#2694,.T.);
#3918=ORIENTED_EDGE('',*,*,#2697,.T.);
#3919=ORIENTED_EDGE('',*,*,#2700,.T.);
#3920=ORIENTED_EDGE('',*,*,#2703,.T.);
#3921=ORIENTED_EDGE('',*,*,#2706,.T.);
#3922=ORIENTED_EDGE('',*,*,#2964,.F.);
#3923=ORIENTED_EDGE('',*,*,#2960,.F.);
#3924=ORIENTED_EDGE('',*,*,#2968,.T.);
#3925=ORIENTED_EDGE('',*,*,#2950,.T.);
#3926=ORIENTED_EDGE('',*,*,#2938,.T.);
#3927=ORIENTED_EDGE('',*,*,#2952,.F.);
#3928=ORIENTED_EDGE('',*,*,#2969,.F.);
#3929=ORIENTED_EDGE('',*,*,#2958,.T.);
#3930=ORIENTED_EDGE('',*,*,#2968,.F.);
#3931=ORIENTED_EDGE('',*,*,#2959,.F.);
#3932=ORIENTED_EDGE('',*,*,#2969,.T.);
#3933=ORIENTED_EDGE('',*,*,#2951,.T.);
#3934=ORIENTED_EDGE('',*,*,#2883,.F.);
#3935=ORIENTED_EDGE('',*,*,#2886,.F.);
#3936=ORIENTED_EDGE('',*,*,#2889,.F.);
#3937=ORIENTED_EDGE('',*,*,#2892,.F.);
#3938=ORIENTED_EDGE('',*,*,#2895,.F.);
#3939=ORIENTED_EDGE('',*,*,#2898,.F.);
#3940=ORIENTED_EDGE('',*,*,#2901,.F.);
#3941=ORIENTED_EDGE('',*,*,#2967,.T.);
#3942=ORIENTED_EDGE('',*,*,#2945,.F.);
#3943=ORIENTED_EDGE('',*,*,#2970,.F.);
#3944=ORIENTED_EDGE('',*,*,#2955,.T.);
#3945=ORIENTED_EDGE('',*,*,#2940,.F.);
#3946=ORIENTED_EDGE('',*,*,#2957,.F.);
#3947=ORIENTED_EDGE('',*,*,#2971,.T.);
#3948=ORIENTED_EDGE('',*,*,#2943,.T.);
#3949=ORIENTED_EDGE('',*,*,#2970,.T.);
#3950=ORIENTED_EDGE('',*,*,#2944,.F.);
#3951=ORIENTED_EDGE('',*,*,#2971,.F.);
#3952=ORIENTED_EDGE('',*,*,#2956,.T.);
#3953=ORIENTED_EDGE('',*,*,#2862,.T.);
#3954=ORIENTED_EDGE('',*,*,#2865,.T.);
#3955=ORIENTED_EDGE('',*,*,#2868,.T.);
#3956=ORIENTED_EDGE('',*,*,#2871,.T.);
#3957=ORIENTED_EDGE('',*,*,#2874,.T.);
#3958=ORIENTED_EDGE('',*,*,#2877,.T.);
#3959=ORIENTED_EDGE('',*,*,#2880,.T.);
#3960=ORIENTED_EDGE('',*,*,#2933,.F.);
#3961=ORIENTED_EDGE('',*,*,#2972,.T.);
#3962=ORIENTED_EDGE('',*,*,#2934,.T.);
#3963=ORIENTED_EDGE('',*,*,#2942,.F.);
#3964=ORIENTED_EDGE('',*,*,#2936,.T.);
#3965=ORIENTED_EDGE('',*,*,#2973,.F.);
#3966=ORIENTED_EDGE('',*,*,#2931,.F.);
#3967=ORIENTED_EDGE('',*,*,#2953,.F.);
#3968=ORIENTED_EDGE('',*,*,#2935,.T.);
#3969=ORIENTED_EDGE('',*,*,#2972,.F.);
#3970=ORIENTED_EDGE('',*,*,#2932,.F.);
#3971=ORIENTED_EDGE('',*,*,#2973,.T.);
#3972=ORIENTED_EDGE('',*,*,#2623,.T.);
#3973=ORIENTED_EDGE('',*,*,#2902,.F.);
#3974=ORIENTED_EDGE('',*,*,#2620,.T.);
#3975=ORIENTED_EDGE('',*,*,#2905,.F.);
#3976=ORIENTED_EDGE('',*,*,#2617,.T.);
#3977=ORIENTED_EDGE('',*,*,#2908,.F.);
#3978=ORIENTED_EDGE('',*,*,#2614,.T.);
#3979=ORIENTED_EDGE('',*,*,#2911,.F.);
#3980=ORIENTED_EDGE('',*,*,#2611,.F.);
#3981=ORIENTED_EDGE('',*,*,#2914,.T.);
#3982=ORIENTED_EDGE('',*,*,#2608,.F.);
#3983=ORIENTED_EDGE('',*,*,#2917,.T.);
#3984=ORIENTED_EDGE('',*,*,#2605,.F.);
#3985=ORIENTED_EDGE('',*,*,#2920,.T.);
#3986=ORIENTED_EDGE('',*,*,#2602,.F.);
#3987=ORIENTED_EDGE('',*,*,#2923,.T.);
#3988=ORIENTED_EDGE('',*,*,#2974,.F.);
#3989=ORIENTED_EDGE('',*,*,#2975,.T.);
#3990=ORIENTED_EDGE('',*,*,#2976,.T.);
#3991=ORIENTED_EDGE('',*,*,#2975,.F.);
#3992=ORIENTED_EDGE('',*,*,#2977,.F.);
#3993=ORIENTED_EDGE('',*,*,#2978,.T.);
#3994=ORIENTED_EDGE('',*,*,#2979,.T.);
#3995=ORIENTED_EDGE('',*,*,#2978,.F.);
#3996=ORIENTED_EDGE('',*,*,#2980,.F.);
#3997=ORIENTED_EDGE('',*,*,#2981,.T.);
#3998=ORIENTED_EDGE('',*,*,#2982,.T.);
#3999=ORIENTED_EDGE('',*,*,#2981,.F.);
#4000=ORIENTED_EDGE('',*,*,#2983,.F.);
#4001=ORIENTED_EDGE('',*,*,#2984,.T.);
#4002=ORIENTED_EDGE('',*,*,#2985,.T.);
#4003=ORIENTED_EDGE('',*,*,#2984,.F.);
#4004=ORIENTED_EDGE('',*,*,#2986,.F.);
#4005=ORIENTED_EDGE('',*,*,#2987,.T.);
#4006=ORIENTED_EDGE('',*,*,#2988,.T.);
#4007=ORIENTED_EDGE('',*,*,#2987,.F.);
#4008=ORIENTED_EDGE('',*,*,#2989,.F.);
#4009=ORIENTED_EDGE('',*,*,#2990,.T.);
#4010=ORIENTED_EDGE('',*,*,#2991,.T.);
#4011=ORIENTED_EDGE('',*,*,#2990,.F.);
#4012=ORIENTED_EDGE('',*,*,#2992,.F.);
#4013=ORIENTED_EDGE('',*,*,#2993,.T.);
#4014=ORIENTED_EDGE('',*,*,#2994,.T.);
#4015=ORIENTED_EDGE('',*,*,#2993,.F.);
#4016=ORIENTED_EDGE('',*,*,#2995,.F.);
#4017=ORIENTED_EDGE('',*,*,#2996,.T.);
#4018=ORIENTED_EDGE('',*,*,#2997,.T.);
#4019=ORIENTED_EDGE('',*,*,#2996,.F.);
#4020=ORIENTED_EDGE('',*,*,#2998,.F.);
#4021=ORIENTED_EDGE('',*,*,#2999,.T.);
#4022=ORIENTED_EDGE('',*,*,#3000,.T.);
#4023=ORIENTED_EDGE('',*,*,#2999,.F.);
#4024=ORIENTED_EDGE('',*,*,#3001,.T.);
#4025=ORIENTED_EDGE('',*,*,#3002,.T.);
#4026=ORIENTED_EDGE('',*,*,#3003,.F.);
#4027=ORIENTED_EDGE('',*,*,#3002,.F.);
#4028=ORIENTED_EDGE('',*,*,#3004,.T.);
#4029=ORIENTED_EDGE('',*,*,#3005,.T.);
#4030=ORIENTED_EDGE('',*,*,#3006,.F.);
#4031=ORIENTED_EDGE('',*,*,#3005,.F.);
#4032=ORIENTED_EDGE('',*,*,#3007,.T.);
#4033=ORIENTED_EDGE('',*,*,#3008,.T.);
#4034=ORIENTED_EDGE('',*,*,#3009,.F.);
#4035=ORIENTED_EDGE('',*,*,#3008,.F.);
#4036=ORIENTED_EDGE('',*,*,#3010,.T.);
#4037=ORIENTED_EDGE('',*,*,#3011,.T.);
#4038=ORIENTED_EDGE('',*,*,#3012,.F.);
#4039=ORIENTED_EDGE('',*,*,#3011,.F.);
#4040=ORIENTED_EDGE('',*,*,#3013,.T.);
#4041=ORIENTED_EDGE('',*,*,#3014,.T.);
#4042=ORIENTED_EDGE('',*,*,#3015,.F.);
#4043=ORIENTED_EDGE('',*,*,#3014,.F.);
#4044=ORIENTED_EDGE('',*,*,#3016,.T.);
#4045=ORIENTED_EDGE('',*,*,#3017,.T.);
#4046=ORIENTED_EDGE('',*,*,#3018,.F.);
#4047=ORIENTED_EDGE('',*,*,#3017,.F.);
#4048=ORIENTED_EDGE('',*,*,#3019,.T.);
#4049=ORIENTED_EDGE('',*,*,#3020,.T.);
#4050=ORIENTED_EDGE('',*,*,#3021,.F.);
#4051=ORIENTED_EDGE('',*,*,#3020,.F.);
#4052=ORIENTED_EDGE('',*,*,#3022,.T.);
#4053=ORIENTED_EDGE('',*,*,#3023,.T.);
#4054=ORIENTED_EDGE('',*,*,#3024,.F.);
#4055=ORIENTED_EDGE('',*,*,#3023,.F.);
#4056=ORIENTED_EDGE('',*,*,#3025,.T.);
#4057=ORIENTED_EDGE('',*,*,#3026,.T.);
#4058=ORIENTED_EDGE('',*,*,#3027,.F.);
#4059=ORIENTED_EDGE('',*,*,#3026,.F.);
#4060=ORIENTED_EDGE('',*,*,#3028,.T.);
#4061=ORIENTED_EDGE('',*,*,#3029,.T.);
#4062=ORIENTED_EDGE('',*,*,#3030,.F.);
#4063=ORIENTED_EDGE('',*,*,#3029,.F.);
#4064=ORIENTED_EDGE('',*,*,#3031,.T.);
#4065=ORIENTED_EDGE('',*,*,#3032,.T.);
#4066=ORIENTED_EDGE('',*,*,#3033,.F.);
#4067=ORIENTED_EDGE('',*,*,#3032,.F.);
#4068=ORIENTED_EDGE('',*,*,#3034,.T.);
#4069=ORIENTED_EDGE('',*,*,#3035,.T.);
#4070=ORIENTED_EDGE('',*,*,#3036,.F.);
#4071=ORIENTED_EDGE('',*,*,#3035,.F.);
#4072=ORIENTED_EDGE('',*,*,#3037,.T.);
#4073=ORIENTED_EDGE('',*,*,#3038,.T.);
#4074=ORIENTED_EDGE('',*,*,#3039,.F.);
#4075=ORIENTED_EDGE('',*,*,#3038,.F.);
#4076=ORIENTED_EDGE('',*,*,#3040,.T.);
#4077=ORIENTED_EDGE('',*,*,#3041,.T.);
#4078=ORIENTED_EDGE('',*,*,#3042,.F.);
#4079=ORIENTED_EDGE('',*,*,#3041,.F.);
#4080=ORIENTED_EDGE('',*,*,#3043,.T.);
#4081=ORIENTED_EDGE('',*,*,#3044,.T.);
#4082=ORIENTED_EDGE('',*,*,#3045,.F.);
#4083=ORIENTED_EDGE('',*,*,#3044,.F.);
#4084=ORIENTED_EDGE('',*,*,#3046,.T.);
#4085=ORIENTED_EDGE('',*,*,#3047,.T.);
#4086=ORIENTED_EDGE('',*,*,#3048,.F.);
#4087=ORIENTED_EDGE('',*,*,#3047,.F.);
#4088=ORIENTED_EDGE('',*,*,#3049,.T.);
#4089=ORIENTED_EDGE('',*,*,#3050,.T.);
#4090=ORIENTED_EDGE('',*,*,#3051,.F.);
#4091=ORIENTED_EDGE('',*,*,#3050,.F.);
#4092=ORIENTED_EDGE('',*,*,#3052,.T.);
#4093=ORIENTED_EDGE('',*,*,#3053,.T.);
#4094=ORIENTED_EDGE('',*,*,#3054,.F.);
#4095=ORIENTED_EDGE('',*,*,#3053,.F.);
#4096=ORIENTED_EDGE('',*,*,#3055,.T.);
#4097=ORIENTED_EDGE('',*,*,#3056,.T.);
#4098=ORIENTED_EDGE('',*,*,#3057,.F.);
#4099=ORIENTED_EDGE('',*,*,#3056,.F.);
#4100=ORIENTED_EDGE('',*,*,#3058,.T.);
#4101=ORIENTED_EDGE('',*,*,#3059,.T.);
#4102=ORIENTED_EDGE('',*,*,#3060,.F.);
#4103=ORIENTED_EDGE('',*,*,#3059,.F.);
#4104=ORIENTED_EDGE('',*,*,#3061,.T.);
#4105=ORIENTED_EDGE('',*,*,#3062,.T.);
#4106=ORIENTED_EDGE('',*,*,#3063,.F.);
#4107=ORIENTED_EDGE('',*,*,#3062,.F.);
#4108=ORIENTED_EDGE('',*,*,#3064,.F.);
#4109=ORIENTED_EDGE('',*,*,#3065,.T.);
#4110=ORIENTED_EDGE('',*,*,#3066,.T.);
#4111=ORIENTED_EDGE('',*,*,#3065,.F.);
#4112=ORIENTED_EDGE('',*,*,#3067,.F.);
#4113=ORIENTED_EDGE('',*,*,#3068,.T.);
#4114=ORIENTED_EDGE('',*,*,#3069,.T.);
#4115=ORIENTED_EDGE('',*,*,#3068,.F.);
#4116=ORIENTED_EDGE('',*,*,#3070,.T.);
#4117=ORIENTED_EDGE('',*,*,#3071,.T.);
#4118=ORIENTED_EDGE('',*,*,#3072,.F.);
#4119=ORIENTED_EDGE('',*,*,#3071,.F.);
#4120=ORIENTED_EDGE('',*,*,#3073,.T.);
#4121=ORIENTED_EDGE('',*,*,#3074,.T.);
#4122=ORIENTED_EDGE('',*,*,#3075,.F.);
#4123=ORIENTED_EDGE('',*,*,#3074,.F.);
#4124=ORIENTED_EDGE('',*,*,#3076,.T.);
#4125=ORIENTED_EDGE('',*,*,#3077,.T.);
#4126=ORIENTED_EDGE('',*,*,#3078,.F.);
#4127=ORIENTED_EDGE('',*,*,#3077,.F.);
#4128=ORIENTED_EDGE('',*,*,#3079,.T.);
#4129=ORIENTED_EDGE('',*,*,#3080,.T.);
#4130=ORIENTED_EDGE('',*,*,#3081,.F.);
#4131=ORIENTED_EDGE('',*,*,#3080,.F.);
#4132=ORIENTED_EDGE('',*,*,#3082,.F.);
#4133=ORIENTED_EDGE('',*,*,#3083,.T.);
#4134=ORIENTED_EDGE('',*,*,#3084,.T.);
#4135=ORIENTED_EDGE('',*,*,#3083,.F.);
#4136=ORIENTED_EDGE('',*,*,#3085,.F.);
#4137=ORIENTED_EDGE('',*,*,#3086,.T.);
#4138=ORIENTED_EDGE('',*,*,#3087,.T.);
#4139=ORIENTED_EDGE('',*,*,#3086,.F.);
#4140=ORIENTED_EDGE('',*,*,#3088,.F.);
#4141=ORIENTED_EDGE('',*,*,#3089,.T.);
#4142=ORIENTED_EDGE('',*,*,#3090,.T.);
#4143=ORIENTED_EDGE('',*,*,#3089,.F.);
#4144=ORIENTED_EDGE('',*,*,#3091,.F.);
#4145=ORIENTED_EDGE('',*,*,#3092,.T.);
#4146=ORIENTED_EDGE('',*,*,#3093,.T.);
#4147=ORIENTED_EDGE('',*,*,#3092,.F.);
#4148=ORIENTED_EDGE('',*,*,#3094,.T.);
#4149=ORIENTED_EDGE('',*,*,#3095,.T.);
#4150=ORIENTED_EDGE('',*,*,#3096,.F.);
#4151=ORIENTED_EDGE('',*,*,#3095,.F.);
#4152=ORIENTED_EDGE('',*,*,#3097,.T.);
#4153=ORIENTED_EDGE('',*,*,#3098,.T.);
#4154=ORIENTED_EDGE('',*,*,#3099,.F.);
#4155=ORIENTED_EDGE('',*,*,#3098,.F.);
#4156=ORIENTED_EDGE('',*,*,#3100,.T.);
#4157=ORIENTED_EDGE('',*,*,#3101,.T.);
#4158=ORIENTED_EDGE('',*,*,#3102,.F.);
#4159=ORIENTED_EDGE('',*,*,#3101,.F.);
#4160=ORIENTED_EDGE('',*,*,#3103,.T.);
#4161=ORIENTED_EDGE('',*,*,#3104,.T.);
#4162=ORIENTED_EDGE('',*,*,#3105,.F.);
#4163=ORIENTED_EDGE('',*,*,#3104,.F.);
#4164=ORIENTED_EDGE('',*,*,#3106,.F.);
#4165=ORIENTED_EDGE('',*,*,#3107,.T.);
#4166=ORIENTED_EDGE('',*,*,#3108,.T.);
#4167=ORIENTED_EDGE('',*,*,#3107,.F.);
#4168=ORIENTED_EDGE('',*,*,#3109,.F.);
#4169=ORIENTED_EDGE('',*,*,#3110,.T.);
#4170=ORIENTED_EDGE('',*,*,#3111,.T.);
#4171=ORIENTED_EDGE('',*,*,#3110,.F.);
#4172=ORIENTED_EDGE('',*,*,#3112,.F.);
#4173=ORIENTED_EDGE('',*,*,#3113,.T.);
#4174=ORIENTED_EDGE('',*,*,#3114,.T.);
#4175=ORIENTED_EDGE('',*,*,#3113,.F.);
#4176=ORIENTED_EDGE('',*,*,#3115,.F.);
#4177=ORIENTED_EDGE('',*,*,#3116,.T.);
#4178=ORIENTED_EDGE('',*,*,#3117,.T.);
#4179=ORIENTED_EDGE('',*,*,#3116,.F.);
#4180=ORIENTED_EDGE('',*,*,#3118,.F.);
#4181=ORIENTED_EDGE('',*,*,#3119,.T.);
#4182=ORIENTED_EDGE('',*,*,#3120,.T.);
#4183=ORIENTED_EDGE('',*,*,#3119,.F.);
#4184=ORIENTED_EDGE('',*,*,#3121,.F.);
#4185=ORIENTED_EDGE('',*,*,#3122,.T.);
#4186=ORIENTED_EDGE('',*,*,#3123,.T.);
#4187=ORIENTED_EDGE('',*,*,#3122,.F.);
#4188=ORIENTED_EDGE('',*,*,#3124,.F.);
#4189=ORIENTED_EDGE('',*,*,#3125,.T.);
#4190=ORIENTED_EDGE('',*,*,#3126,.T.);
#4191=ORIENTED_EDGE('',*,*,#3125,.F.);
#4192=ORIENTED_EDGE('',*,*,#3127,.F.);
#4193=ORIENTED_EDGE('',*,*,#3128,.T.);
#4194=ORIENTED_EDGE('',*,*,#3129,.T.);
#4195=ORIENTED_EDGE('',*,*,#3128,.F.);
#4196=ORIENTED_EDGE('',*,*,#3130,.F.);
#4197=ORIENTED_EDGE('',*,*,#3131,.T.);
#4198=ORIENTED_EDGE('',*,*,#3132,.T.);
#4199=ORIENTED_EDGE('',*,*,#3131,.F.);
#4200=ORIENTED_EDGE('',*,*,#3133,.F.);
#4201=ORIENTED_EDGE('',*,*,#3134,.T.);
#4202=ORIENTED_EDGE('',*,*,#3135,.T.);
#4203=ORIENTED_EDGE('',*,*,#3134,.F.);
#4204=ORIENTED_EDGE('',*,*,#3136,.F.);
#4205=ORIENTED_EDGE('',*,*,#3137,.T.);
#4206=ORIENTED_EDGE('',*,*,#3138,.T.);
#4207=ORIENTED_EDGE('',*,*,#3137,.F.);
#4208=ORIENTED_EDGE('',*,*,#3139,.F.);
#4209=ORIENTED_EDGE('',*,*,#3140,.T.);
#4210=ORIENTED_EDGE('',*,*,#3141,.T.);
#4211=ORIENTED_EDGE('',*,*,#3140,.F.);
#4212=ORIENTED_EDGE('',*,*,#3142,.F.);
#4213=ORIENTED_EDGE('',*,*,#3143,.T.);
#4214=ORIENTED_EDGE('',*,*,#3144,.T.);
#4215=ORIENTED_EDGE('',*,*,#3143,.F.);
#4216=ORIENTED_EDGE('',*,*,#3145,.F.);
#4217=ORIENTED_EDGE('',*,*,#3146,.T.);
#4218=ORIENTED_EDGE('',*,*,#3147,.T.);
#4219=ORIENTED_EDGE('',*,*,#3146,.F.);
#4220=ORIENTED_EDGE('',*,*,#3148,.T.);
#4221=ORIENTED_EDGE('',*,*,#3149,.T.);
#4222=ORIENTED_EDGE('',*,*,#3150,.T.);
#4223=ORIENTED_EDGE('',*,*,#3151,.T.);
#4224=ORIENTED_EDGE('',*,*,#3118,.T.);
#4225=ORIENTED_EDGE('',*,*,#3121,.T.);
#4226=ORIENTED_EDGE('',*,*,#3124,.T.);
#4227=ORIENTED_EDGE('',*,*,#3127,.T.);
#4228=ORIENTED_EDGE('',*,*,#3130,.T.);
#4229=ORIENTED_EDGE('',*,*,#3133,.T.);
#4230=ORIENTED_EDGE('',*,*,#3136,.T.);
#4231=ORIENTED_EDGE('',*,*,#3139,.T.);
#4232=ORIENTED_EDGE('',*,*,#3142,.T.);
#4233=ORIENTED_EDGE('',*,*,#3145,.T.);
#4234=ORIENTED_EDGE('',*,*,#3025,.F.);
#4235=ORIENTED_EDGE('',*,*,#3022,.F.);
#4236=ORIENTED_EDGE('',*,*,#3019,.F.);
#4237=ORIENTED_EDGE('',*,*,#3016,.F.);
#4238=ORIENTED_EDGE('',*,*,#3013,.F.);
#4239=ORIENTED_EDGE('',*,*,#3010,.F.);
#4240=ORIENTED_EDGE('',*,*,#3007,.F.);
#4241=ORIENTED_EDGE('',*,*,#3004,.F.);
#4242=ORIENTED_EDGE('',*,*,#3001,.F.);
#4243=ORIENTED_EDGE('',*,*,#2974,.T.);
#4244=ORIENTED_EDGE('',*,*,#2977,.T.);
#4245=ORIENTED_EDGE('',*,*,#2980,.T.);
#4246=ORIENTED_EDGE('',*,*,#2983,.T.);
#4247=ORIENTED_EDGE('',*,*,#2986,.T.);
#4248=ORIENTED_EDGE('',*,*,#2989,.T.);
#4249=ORIENTED_EDGE('',*,*,#2992,.T.);
#4250=ORIENTED_EDGE('',*,*,#2995,.T.);
#4251=ORIENTED_EDGE('',*,*,#2998,.T.);
#4252=ORIENTED_EDGE('',*,*,#3028,.F.);
#4253=ORIENTED_EDGE('',*,*,#3031,.F.);
#4254=ORIENTED_EDGE('',*,*,#3034,.F.);
#4255=ORIENTED_EDGE('',*,*,#3037,.F.);
#4256=ORIENTED_EDGE('',*,*,#3040,.F.);
#4257=ORIENTED_EDGE('',*,*,#3043,.F.);
#4258=ORIENTED_EDGE('',*,*,#3046,.F.);
#4259=ORIENTED_EDGE('',*,*,#3049,.F.);
#4260=ORIENTED_EDGE('',*,*,#3052,.F.);
#4261=ORIENTED_EDGE('',*,*,#3055,.F.);
#4262=ORIENTED_EDGE('',*,*,#3058,.F.);
#4263=ORIENTED_EDGE('',*,*,#3061,.F.);
#4264=ORIENTED_EDGE('',*,*,#3064,.T.);
#4265=ORIENTED_EDGE('',*,*,#3067,.T.);
#4266=ORIENTED_EDGE('',*,*,#3070,.F.);
#4267=ORIENTED_EDGE('',*,*,#3073,.F.);
#4268=ORIENTED_EDGE('',*,*,#3076,.F.);
#4269=ORIENTED_EDGE('',*,*,#3079,.F.);
#4270=ORIENTED_EDGE('',*,*,#3082,.T.);
#4271=ORIENTED_EDGE('',*,*,#3085,.T.);
#4272=ORIENTED_EDGE('',*,*,#3088,.T.);
#4273=ORIENTED_EDGE('',*,*,#3091,.T.);
#4274=ORIENTED_EDGE('',*,*,#3094,.F.);
#4275=ORIENTED_EDGE('',*,*,#3097,.F.);
#4276=ORIENTED_EDGE('',*,*,#3100,.F.);
#4277=ORIENTED_EDGE('',*,*,#3103,.F.);
#4278=ORIENTED_EDGE('',*,*,#3106,.T.);
#4279=ORIENTED_EDGE('',*,*,#3109,.T.);
#4280=ORIENTED_EDGE('',*,*,#3112,.T.);
#4281=ORIENTED_EDGE('',*,*,#3115,.T.);
#4282=ORIENTED_EDGE('',*,*,#3152,.F.);
#4283=ORIENTED_EDGE('',*,*,#3153,.F.);
#4284=ORIENTED_EDGE('',*,*,#3154,.F.);
#4285=ORIENTED_EDGE('',*,*,#3155,.F.);
#4286=ORIENTED_EDGE('',*,*,#3156,.F.);
#4287=ORIENTED_EDGE('',*,*,#3157,.F.);
#4288=ORIENTED_EDGE('',*,*,#3158,.F.);
#4289=ORIENTED_EDGE('',*,*,#3159,.F.);
#4290=ORIENTED_EDGE('',*,*,#3160,.F.);
#4291=ORIENTED_EDGE('',*,*,#3161,.F.);
#4292=ORIENTED_EDGE('',*,*,#3162,.F.);
#4293=ORIENTED_EDGE('',*,*,#3163,.F.);
#4294=ORIENTED_EDGE('',*,*,#3164,.F.);
#4295=ORIENTED_EDGE('',*,*,#3165,.F.);
#4296=ORIENTED_EDGE('',*,*,#3166,.F.);
#4297=ORIENTED_EDGE('',*,*,#3167,.F.);
#4298=ORIENTED_EDGE('',*,*,#3168,.F.);
#4299=ORIENTED_EDGE('',*,*,#3169,.F.);
#4300=ORIENTED_EDGE('',*,*,#3170,.F.);
#4301=ORIENTED_EDGE('',*,*,#3171,.F.);
#4302=ORIENTED_EDGE('',*,*,#3069,.F.);
#4303=ORIENTED_EDGE('',*,*,#3066,.F.);
#4304=ORIENTED_EDGE('',*,*,#3063,.T.);
#4305=ORIENTED_EDGE('',*,*,#3060,.T.);
#4306=ORIENTED_EDGE('',*,*,#3057,.T.);
#4307=ORIENTED_EDGE('',*,*,#3054,.T.);
#4308=ORIENTED_EDGE('',*,*,#3051,.T.);
#4309=ORIENTED_EDGE('',*,*,#3048,.T.);
#4310=ORIENTED_EDGE('',*,*,#3045,.T.);
#4311=ORIENTED_EDGE('',*,*,#3042,.T.);
#4312=ORIENTED_EDGE('',*,*,#3039,.T.);
#4313=ORIENTED_EDGE('',*,*,#3036,.T.);
#4314=ORIENTED_EDGE('',*,*,#3033,.T.);
#4315=ORIENTED_EDGE('',*,*,#3030,.T.);
#4316=ORIENTED_EDGE('',*,*,#3027,.T.);
#4317=ORIENTED_EDGE('',*,*,#3021,.T.);
#4318=ORIENTED_EDGE('',*,*,#3015,.T.);
#4319=ORIENTED_EDGE('',*,*,#3009,.T.);
#4320=ORIENTED_EDGE('',*,*,#3003,.T.);
#4321=ORIENTED_EDGE('',*,*,#3172,.F.);
#4322=ORIENTED_EDGE('',*,*,#3173,.F.);
#4323=ORIENTED_EDGE('',*,*,#3174,.F.);
#4324=ORIENTED_EDGE('',*,*,#3175,.F.);
#4325=ORIENTED_EDGE('',*,*,#3176,.F.);
#4326=ORIENTED_EDGE('',*,*,#3177,.F.);
#4327=ORIENTED_EDGE('',*,*,#3178,.F.);
#4328=ORIENTED_EDGE('',*,*,#3179,.F.);
#4329=ORIENTED_EDGE('',*,*,#2976,.F.);
#4330=ORIENTED_EDGE('',*,*,#2979,.F.);
#4331=ORIENTED_EDGE('',*,*,#2982,.F.);
#4332=ORIENTED_EDGE('',*,*,#2985,.F.);
#4333=ORIENTED_EDGE('',*,*,#2988,.F.);
#4334=ORIENTED_EDGE('',*,*,#2991,.F.);
#4335=ORIENTED_EDGE('',*,*,#2994,.F.);
#4336=ORIENTED_EDGE('',*,*,#2997,.F.);
#4337=ORIENTED_EDGE('',*,*,#3000,.F.);
#4338=ORIENTED_EDGE('',*,*,#3006,.T.);
#4339=ORIENTED_EDGE('',*,*,#3012,.T.);
#4340=ORIENTED_EDGE('',*,*,#3018,.T.);
#4341=ORIENTED_EDGE('',*,*,#3024,.T.);
#4342=ORIENTED_EDGE('',*,*,#3147,.F.);
#4343=ORIENTED_EDGE('',*,*,#3144,.F.);
#4344=ORIENTED_EDGE('',*,*,#3141,.F.);
#4345=ORIENTED_EDGE('',*,*,#3138,.F.);
#4346=ORIENTED_EDGE('',*,*,#3135,.F.);
#4347=ORIENTED_EDGE('',*,*,#3132,.F.);
#4348=ORIENTED_EDGE('',*,*,#3129,.F.);
#4349=ORIENTED_EDGE('',*,*,#3126,.F.);
#4350=ORIENTED_EDGE('',*,*,#3123,.F.);
#4351=ORIENTED_EDGE('',*,*,#3120,.F.);
#4352=ORIENTED_EDGE('',*,*,#3152,.T.);
#4353=ORIENTED_EDGE('',*,*,#3180,.F.);
#4354=ORIENTED_EDGE('',*,*,#3148,.F.);
#4355=ORIENTED_EDGE('',*,*,#3181,.T.);
#4356=ORIENTED_EDGE('',*,*,#3155,.T.);
#4357=ORIENTED_EDGE('',*,*,#3182,.F.);
#4358=ORIENTED_EDGE('',*,*,#3149,.F.);
#4359=ORIENTED_EDGE('',*,*,#3180,.T.);
#4360=ORIENTED_EDGE('',*,*,#3154,.T.);
#4361=ORIENTED_EDGE('',*,*,#3183,.F.);
#4362=ORIENTED_EDGE('',*,*,#3150,.F.);
#4363=ORIENTED_EDGE('',*,*,#3182,.T.);
#4364=ORIENTED_EDGE('',*,*,#3153,.T.);
#4365=ORIENTED_EDGE('',*,*,#3181,.F.);
#4366=ORIENTED_EDGE('',*,*,#3151,.F.);
#4367=ORIENTED_EDGE('',*,*,#3183,.T.);
#4368=ORIENTED_EDGE('',*,*,#3156,.T.);
#4369=ORIENTED_EDGE('',*,*,#3184,.F.);
#4370=ORIENTED_EDGE('',*,*,#3185,.F.);
#4371=ORIENTED_EDGE('',*,*,#3186,.T.);
#4372=ORIENTED_EDGE('',*,*,#3157,.T.);
#4373=ORIENTED_EDGE('',*,*,#3186,.F.);
#4374=ORIENTED_EDGE('',*,*,#3187,.F.);
#4375=ORIENTED_EDGE('',*,*,#3188,.T.);
#4376=ORIENTED_EDGE('',*,*,#3158,.T.);
#4377=ORIENTED_EDGE('',*,*,#3188,.F.);
#4378=ORIENTED_EDGE('',*,*,#3189,.F.);
#4379=ORIENTED_EDGE('',*,*,#3190,.T.);
#4380=ORIENTED_EDGE('',*,*,#3159,.T.);
#4381=ORIENTED_EDGE('',*,*,#3190,.F.);
#4382=ORIENTED_EDGE('',*,*,#3191,.F.);
#4383=ORIENTED_EDGE('',*,*,#3184,.T.);
#4384=ORIENTED_EDGE('',*,*,#3185,.T.);
#4385=ORIENTED_EDGE('',*,*,#3191,.T.);
#4386=ORIENTED_EDGE('',*,*,#3189,.T.);
#4387=ORIENTED_EDGE('',*,*,#3187,.T.);
#4388=ORIENTED_EDGE('',*,*,#3072,.T.);
#4389=ORIENTED_EDGE('',*,*,#3075,.T.);
#4390=ORIENTED_EDGE('',*,*,#3078,.T.);
#4391=ORIENTED_EDGE('',*,*,#3081,.T.);
#4392=ORIENTED_EDGE('',*,*,#3160,.T.);
#4393=ORIENTED_EDGE('',*,*,#3192,.F.);
#4394=ORIENTED_EDGE('',*,*,#3193,.F.);
#4395=ORIENTED_EDGE('',*,*,#3194,.T.);
#4396=ORIENTED_EDGE('',*,*,#3161,.T.);
#4397=ORIENTED_EDGE('',*,*,#3194,.F.);
#4398=ORIENTED_EDGE('',*,*,#3195,.F.);
#4399=ORIENTED_EDGE('',*,*,#3196,.T.);
#4400=ORIENTED_EDGE('',*,*,#3162,.T.);
#4401=ORIENTED_EDGE('',*,*,#3196,.F.);
#4402=ORIENTED_EDGE('',*,*,#3197,.F.);
#4403=ORIENTED_EDGE('',*,*,#3198,.T.);
#4404=ORIENTED_EDGE('',*,*,#3163,.T.);
#4405=ORIENTED_EDGE('',*,*,#3198,.F.);
#4406=ORIENTED_EDGE('',*,*,#3199,.F.);
#4407=ORIENTED_EDGE('',*,*,#3192,.T.);
#4408=ORIENTED_EDGE('',*,*,#3193,.T.);
#4409=ORIENTED_EDGE('',*,*,#3199,.T.);
#4410=ORIENTED_EDGE('',*,*,#3197,.T.);
#4411=ORIENTED_EDGE('',*,*,#3195,.T.);
#4412=ORIENTED_EDGE('',*,*,#3096,.T.);
#4413=ORIENTED_EDGE('',*,*,#3099,.T.);
#4414=ORIENTED_EDGE('',*,*,#3102,.T.);
#4415=ORIENTED_EDGE('',*,*,#3105,.T.);
#4416=ORIENTED_EDGE('',*,*,#3164,.T.);
#4417=ORIENTED_EDGE('',*,*,#3200,.F.);
#4418=ORIENTED_EDGE('',*,*,#3201,.F.);
#4419=ORIENTED_EDGE('',*,*,#3202,.T.);
#4420=ORIENTED_EDGE('',*,*,#3165,.T.);
#4421=ORIENTED_EDGE('',*,*,#3202,.F.);
#4422=ORIENTED_EDGE('',*,*,#3203,.F.);
#4423=ORIENTED_EDGE('',*,*,#3204,.T.);
#4424=ORIENTED_EDGE('',*,*,#3166,.T.);
#4425=ORIENTED_EDGE('',*,*,#3204,.F.);
#4426=ORIENTED_EDGE('',*,*,#3205,.F.);
#4427=ORIENTED_EDGE('',*,*,#3206,.T.);
#4428=ORIENTED_EDGE('',*,*,#3167,.T.);
#4429=ORIENTED_EDGE('',*,*,#3206,.F.);
#4430=ORIENTED_EDGE('',*,*,#3207,.F.);
#4431=ORIENTED_EDGE('',*,*,#3200,.T.);
#4432=ORIENTED_EDGE('',*,*,#3201,.T.);
#4433=ORIENTED_EDGE('',*,*,#3207,.T.);
#4434=ORIENTED_EDGE('',*,*,#3205,.T.);
#4435=ORIENTED_EDGE('',*,*,#3203,.T.);
#4436=ORIENTED_EDGE('',*,*,#3084,.F.);
#4437=ORIENTED_EDGE('',*,*,#3087,.F.);
#4438=ORIENTED_EDGE('',*,*,#3090,.F.);
#4439=ORIENTED_EDGE('',*,*,#3093,.F.);
#4440=ORIENTED_EDGE('',*,*,#3168,.T.);
#4441=ORIENTED_EDGE('',*,*,#3208,.F.);
#4442=ORIENTED_EDGE('',*,*,#3209,.F.);
#4443=ORIENTED_EDGE('',*,*,#3210,.T.);
#4444=ORIENTED_EDGE('',*,*,#3169,.T.);
#4445=ORIENTED_EDGE('',*,*,#3210,.F.);
#4446=ORIENTED_EDGE('',*,*,#3211,.F.);
#4447=ORIENTED_EDGE('',*,*,#3212,.T.);
#4448=ORIENTED_EDGE('',*,*,#3170,.T.);
#4449=ORIENTED_EDGE('',*,*,#3212,.F.);
#4450=ORIENTED_EDGE('',*,*,#3213,.F.);
#4451=ORIENTED_EDGE('',*,*,#3214,.T.);
#4452=ORIENTED_EDGE('',*,*,#3171,.T.);
#4453=ORIENTED_EDGE('',*,*,#3214,.F.);
#4454=ORIENTED_EDGE('',*,*,#3215,.F.);
#4455=ORIENTED_EDGE('',*,*,#3208,.T.);
#4456=ORIENTED_EDGE('',*,*,#3209,.T.);
#4457=ORIENTED_EDGE('',*,*,#3215,.T.);
#4458=ORIENTED_EDGE('',*,*,#3213,.T.);
#4459=ORIENTED_EDGE('',*,*,#3211,.T.);
#4460=ORIENTED_EDGE('',*,*,#3108,.F.);
#4461=ORIENTED_EDGE('',*,*,#3111,.F.);
#4462=ORIENTED_EDGE('',*,*,#3114,.F.);
#4463=ORIENTED_EDGE('',*,*,#3117,.F.);
#4464=ORIENTED_EDGE('',*,*,#3172,.T.);
#4465=ORIENTED_EDGE('',*,*,#3216,.F.);
#4466=ORIENTED_EDGE('',*,*,#3217,.F.);
#4467=ORIENTED_EDGE('',*,*,#3218,.T.);
#4468=ORIENTED_EDGE('',*,*,#3173,.T.);
#4469=ORIENTED_EDGE('',*,*,#3218,.F.);
#4470=ORIENTED_EDGE('',*,*,#3219,.F.);
#4471=ORIENTED_EDGE('',*,*,#3220,.T.);
#4472=ORIENTED_EDGE('',*,*,#3174,.T.);
#4473=ORIENTED_EDGE('',*,*,#3220,.F.);
#4474=ORIENTED_EDGE('',*,*,#3221,.F.);
#4475=ORIENTED_EDGE('',*,*,#3222,.T.);
#4476=ORIENTED_EDGE('',*,*,#3175,.T.);
#4477=ORIENTED_EDGE('',*,*,#3222,.F.);
#4478=ORIENTED_EDGE('',*,*,#3223,.F.);
#4479=ORIENTED_EDGE('',*,*,#3224,.T.);
#4480=ORIENTED_EDGE('',*,*,#3176,.T.);
#4481=ORIENTED_EDGE('',*,*,#3224,.F.);
#4482=ORIENTED_EDGE('',*,*,#3225,.F.);
#4483=ORIENTED_EDGE('',*,*,#3226,.T.);
#4484=ORIENTED_EDGE('',*,*,#3177,.T.);
#4485=ORIENTED_EDGE('',*,*,#3226,.F.);
#4486=ORIENTED_EDGE('',*,*,#3227,.F.);
#4487=ORIENTED_EDGE('',*,*,#3228,.T.);
#4488=ORIENTED_EDGE('',*,*,#3178,.T.);
#4489=ORIENTED_EDGE('',*,*,#3228,.F.);
#4490=ORIENTED_EDGE('',*,*,#3229,.F.);
#4491=ORIENTED_EDGE('',*,*,#3230,.T.);
#4492=ORIENTED_EDGE('',*,*,#3179,.T.);
#4493=ORIENTED_EDGE('',*,*,#3230,.F.);
#4494=ORIENTED_EDGE('',*,*,#3231,.F.);
#4495=ORIENTED_EDGE('',*,*,#3216,.T.);
#4496=ORIENTED_EDGE('',*,*,#3217,.T.);
#4497=ORIENTED_EDGE('',*,*,#3231,.T.);
#4498=ORIENTED_EDGE('',*,*,#3229,.T.);
#4499=ORIENTED_EDGE('',*,*,#3227,.T.);
#4500=ORIENTED_EDGE('',*,*,#3225,.T.);
#4501=ORIENTED_EDGE('',*,*,#3223,.T.);
#4502=ORIENTED_EDGE('',*,*,#3221,.T.);
#4503=ORIENTED_EDGE('',*,*,#3219,.T.);
#4504=ORIENTED_EDGE('',*,*,#3232,.T.);
#4505=ORIENTED_EDGE('',*,*,#3233,.F.);
#4506=ORIENTED_EDGE('',*,*,#3234,.F.);
#4507=ORIENTED_EDGE('',*,*,#3235,.T.);
#4508=ORIENTED_EDGE('',*,*,#3236,.T.);
#4509=ORIENTED_EDGE('',*,*,#3237,.F.);
#4510=ORIENTED_EDGE('',*,*,#3238,.F.);
#4511=ORIENTED_EDGE('',*,*,#3233,.T.);
#4512=ORIENTED_EDGE('',*,*,#3239,.T.);
#4513=ORIENTED_EDGE('',*,*,#3240,.F.);
#4514=ORIENTED_EDGE('',*,*,#3241,.F.);
#4515=ORIENTED_EDGE('',*,*,#3237,.T.);
#4516=ORIENTED_EDGE('',*,*,#3242,.T.);
#4517=ORIENTED_EDGE('',*,*,#3235,.F.);
#4518=ORIENTED_EDGE('',*,*,#3243,.F.);
#4519=ORIENTED_EDGE('',*,*,#3240,.T.);
#4520=ORIENTED_EDGE('',*,*,#3234,.T.);
#4521=ORIENTED_EDGE('',*,*,#3238,.T.);
#4522=ORIENTED_EDGE('',*,*,#3241,.T.);
#4523=ORIENTED_EDGE('',*,*,#3243,.T.);
#4524=ORIENTED_EDGE('',*,*,#3232,.F.);
#4525=ORIENTED_EDGE('',*,*,#3242,.F.);
#4526=ORIENTED_EDGE('',*,*,#3239,.F.);
#4527=ORIENTED_EDGE('',*,*,#3236,.F.);
#4528=CYLINDRICAL_SURFACE('',#4970,5.20000000663218);
#4529=CYLINDRICAL_SURFACE('',#4973,5.20000000663218);
#4530=CYLINDRICAL_SURFACE('',#4976,5.20000000663218);
#4531=CYLINDRICAL_SURFACE('',#4979,5.20000000663218);
#4532=CYLINDRICAL_SURFACE('',#4982,5.20000000663218);
#4533=CYLINDRICAL_SURFACE('',#4985,5.20000000663218);
#4534=CYLINDRICAL_SURFACE('',#4988,5.20000000663218);
#4535=CYLINDRICAL_SURFACE('',#4991,5.20000000663218);
#4536=CYLINDRICAL_SURFACE('',#4994,3.3999999999999);
#4537=CYLINDRICAL_SURFACE('',#4997,3.3999999999999);
#4538=CYLINDRICAL_SURFACE('',#5000,3.3999999999999);
#4539=CYLINDRICAL_SURFACE('',#5003,3.3999999999999);
#4540=CYLINDRICAL_SURFACE('',#5006,3.3999999999999);
#4541=CYLINDRICAL_SURFACE('',#5009,3.3999999999999);
#4542=CYLINDRICAL_SURFACE('',#5012,3.3999999999999);
#4543=CYLINDRICAL_SURFACE('',#5015,3.3999999999999);
#4544=CYLINDRICAL_SURFACE('',#5018,3.3999999999999);
#4545=CYLINDRICAL_SURFACE('',#5021,3.3999999999999);
#4546=CYLINDRICAL_SURFACE('',#5024,3.3999999999999);
#4547=CYLINDRICAL_SURFACE('',#5027,3.39999999999991);
#4548=CYLINDRICAL_SURFACE('',#5030,3.39999999999991);
#4549=CYLINDRICAL_SURFACE('',#5033,3.39999999999991);
#4550=CYLINDRICAL_SURFACE('',#5036,3.3999999999999);
#4551=CYLINDRICAL_SURFACE('',#5039,3.3999999999999);
#4552=CYLINDRICAL_SURFACE('',#5042,3.3999999999999);
#4553=CYLINDRICAL_SURFACE('',#5045,3.3999999999999);
#4554=CYLINDRICAL_SURFACE('',#5048,3.3999999999999);
#4555=CYLINDRICAL_SURFACE('',#5051,3.3999999999999);
#4556=CYLINDRICAL_SURFACE('',#5054,3.3999999999999);
#4557=CYLINDRICAL_SURFACE('',#5057,3.3999999999999);
#4558=CYLINDRICAL_SURFACE('',#5060,3.3999999999999);
#4559=CYLINDRICAL_SURFACE('',#5063,3.3999999999999);
#4560=CYLINDRICAL_SURFACE('',#5066,3.3999999999999);
#4561=CYLINDRICAL_SURFACE('',#5069,3.3999999999999);
#4562=CYLINDRICAL_SURFACE('',#5072,3.3999999999999);
#4563=CYLINDRICAL_SURFACE('',#5075,3.3999999999999);
#4564=CYLINDRICAL_SURFACE('',#5078,3.3999999999999);
#4565=CYLINDRICAL_SURFACE('',#5081,3.3999999999999);
#4566=CYLINDRICAL_SURFACE('',#5084,3.39999999999991);
#4567=CYLINDRICAL_SURFACE('',#5087,3.39999999999991);
#4568=CYLINDRICAL_SURFACE('',#5090,3.3999999999999);
#4569=CYLINDRICAL_SURFACE('',#5093,3.3999999999999);
#4570=CYLINDRICAL_SURFACE('',#5096,3.3999999999999);
#4571=CYLINDRICAL_SURFACE('',#5099,3.39999999999991);
#4572=CYLINDRICAL_SURFACE('',#5102,3.3999999999999);
#4573=CYLINDRICAL_SURFACE('',#5105,3.3999999999999);
#4574=CYLINDRICAL_SURFACE('',#5108,3.3999999999999);
#4575=CYLINDRICAL_SURFACE('',#5111,3.3999999999999);
#4576=CYLINDRICAL_SURFACE('',#5114,3.3999999999999);
#4577=CYLINDRICAL_SURFACE('',#5117,3.3999999999999);
#4578=CYLINDRICAL_SURFACE('',#5120,3.3999999999999);
#4579=CYLINDRICAL_SURFACE('',#5123,3.3999999999999);
#4580=CYLINDRICAL_SURFACE('',#5126,3.3999999999999);
#4581=CYLINDRICAL_SURFACE('',#5129,3.3999999999999);
#4582=CYLINDRICAL_SURFACE('',#5132,3.3999999999999);
#4583=CYLINDRICAL_SURFACE('',#5135,3.3999999999999);
#4584=CYLINDRICAL_SURFACE('',#5138,3.3999999999999);
#4585=CYLINDRICAL_SURFACE('',#5141,3.3999999999999);
#4586=CYLINDRICAL_SURFACE('',#5144,3.3999999999999);
#4587=CYLINDRICAL_SURFACE('',#5147,3.3999999999999);
#4588=CYLINDRICAL_SURFACE('',#5150,3.3999999999999);
#4589=CYLINDRICAL_SURFACE('',#5153,3.3999999999999);
#4590=CYLINDRICAL_SURFACE('',#5156,3.3999999999999);
#4591=CYLINDRICAL_SURFACE('',#5159,3.3999999999999);
#4592=CYLINDRICAL_SURFACE('',#5162,3.3999999999999);
#4593=CYLINDRICAL_SURFACE('',#5165,3.3999999999999);
#4594=CYLINDRICAL_SURFACE('',#5168,3.3999999999999);
#4595=CYLINDRICAL_SURFACE('',#5171,3.3999999999999);
#4596=CYLINDRICAL_SURFACE('',#5174,3.39999999999996);
#4597=CYLINDRICAL_SURFACE('',#5177,3.39999999999996);
#4598=CYLINDRICAL_SURFACE('',#5180,3.39999999999996);
#4599=CYLINDRICAL_SURFACE('',#5183,3.39999999999996);
#4600=CYLINDRICAL_SURFACE('',#5186,3.39999999999996);
#4601=CYLINDRICAL_SURFACE('',#5189,3.39999999999996);
#4602=CYLINDRICAL_SURFACE('',#5192,3.3999999999999);
#4603=CYLINDRICAL_SURFACE('',#5195,3.3999999999999);
#4604=CYLINDRICAL_SURFACE('',#5198,3.3999999999999);
#4605=CYLINDRICAL_SURFACE('',#5201,3.3999999999999);
#4606=CYLINDRICAL_SURFACE('',#5204,3.3999999999999);
#4607=CYLINDRICAL_SURFACE('',#5207,3.3999999999999);
#4608=CYLINDRICAL_SURFACE('',#5210,3.3999999999999);
#4609=CYLINDRICAL_SURFACE('',#5213,3.3999999999999);
#4610=CYLINDRICAL_SURFACE('',#5216,3.3999999999999);
#4611=CYLINDRICAL_SURFACE('',#5219,3.3999999999999);
#4612=CYLINDRICAL_SURFACE('',#5222,3.3999999999999);
#4613=CYLINDRICAL_SURFACE('',#5225,3.3999999999999);
#4614=CYLINDRICAL_SURFACE('',#5228,5.09999999999988);
#4615=CYLINDRICAL_SURFACE('',#5231,5.09999999999999);
#4616=CYLINDRICAL_SURFACE('',#5234,5.09999999999999);
#4617=CYLINDRICAL_SURFACE('',#5237,5.09999999999999);
#4618=CYLINDRICAL_SURFACE('',#5240,5.09999999999999);
#4619=CYLINDRICAL_SURFACE('',#5243,5.09999999999999);
#4620=CYLINDRICAL_SURFACE('',#5246,5.09999999999999);
#4621=CYLINDRICAL_SURFACE('',#5249,5.09999999999988);
#4622=CYLINDRICAL_SURFACE('',#5252,5.09999999999999);
#4623=CYLINDRICAL_SURFACE('',#5255,5.09999999999999);
#4624=CYLINDRICAL_SURFACE('',#5258,5.09999999999999);
#4625=CYLINDRICAL_SURFACE('',#5261,5.09999999999999);
#4626=CYLINDRICAL_SURFACE('',#5264,5.09999999999999);
#4627=CYLINDRICAL_SURFACE('',#5267,5.09999999999999);
#4628=CYLINDRICAL_SURFACE('',#5270,2.5499999999998);
#4629=CYLINDRICAL_SURFACE('',#5273,2.55000000000008);
#4630=CYLINDRICAL_SURFACE('',#5276,2.55000000000007);
#4631=CYLINDRICAL_SURFACE('',#5279,2.55000000000007);
#4632=CYLINDRICAL_SURFACE('',#5282,2.54999999999977);
#4633=CYLINDRICAL_SURFACE('',#5285,2.55000000000005);
#4634=CYLINDRICAL_SURFACE('',#5288,2.55000000000005);
#4635=CYLINDRICAL_SURFACE('',#5291,2.55000000000005);
#4636=CYLINDRICAL_SURFACE('',#5321,3.3999999999999);
#4637=CYLINDRICAL_SURFACE('',#5324,3.3999999999999);
#4638=CYLINDRICAL_SURFACE('',#5327,3.3999999999999);
#4639=CYLINDRICAL_SURFACE('',#5330,3.3999999999999);
#4640=CYLINDRICAL_SURFACE('',#5333,3.3999999999999);
#4641=CYLINDRICAL_SURFACE('',#5336,3.3999999999999);
#4642=CYLINDRICAL_SURFACE('',#5339,3.3999999999999);
#4643=CYLINDRICAL_SURFACE('',#5342,3.3999999999999);
#4644=CYLINDRICAL_SURFACE('',#5345,3.3999999999999);
#4645=CYLINDRICAL_SURFACE('',#5348,3.3999999999999);
#4646=CYLINDRICAL_SURFACE('',#5351,3.3999999999999);
#4647=CYLINDRICAL_SURFACE('',#5354,3.3999999999999);
#4648=CYLINDRICAL_SURFACE('',#5357,3.3999999999999);
#4649=CYLINDRICAL_SURFACE('',#5360,3.3999999999999);
#4650=CYLINDRICAL_SURFACE('',#5363,3.3999999999999);
#4651=CYLINDRICAL_SURFACE('',#5366,3.3999999999999);
#4652=CYLINDRICAL_SURFACE('',#5369,3.3999999999999);
#4653=CYLINDRICAL_SURFACE('',#5372,3.3999999999999);
#4654=CYLINDRICAL_SURFACE('',#5375,3.3999999999999);
#4655=CYLINDRICAL_SURFACE('',#5378,3.39999999999991);
#4656=CYLINDRICAL_SURFACE('',#5381,3.39999999999991);
#4657=CYLINDRICAL_SURFACE('',#5384,3.3999999999999);
#4658=CYLINDRICAL_SURFACE('',#5387,3.3999999999999);
#4659=CYLINDRICAL_SURFACE('',#5390,3.39999999999991);
#4660=CYLINDRICAL_SURFACE('',#5393,3.3999999999999);
#4661=CYLINDRICAL_SURFACE('',#5396,3.3999999999999);
#4662=CYLINDRICAL_SURFACE('',#5399,3.39999999999991);
#4663=CYLINDRICAL_SURFACE('',#5402,3.39999999999991);
#4664=CYLINDRICAL_SURFACE('',#5405,3.39999999999991);
#4665=CYLINDRICAL_SURFACE('',#5408,3.3999999999999);
#4666=CYLINDRICAL_SURFACE('',#5411,3.39999999999991);
#4667=CYLINDRICAL_SURFACE('',#5414,3.3999999999999);
#4668=CYLINDRICAL_SURFACE('',#5417,2.55000000000001);
#4669=CYLINDRICAL_SURFACE('',#5420,2.55000000000008);
#4670=CYLINDRICAL_SURFACE('',#5423,2.55000000000008);
#4671=CYLINDRICAL_SURFACE('',#5426,2.55000000000001);
#4672=CYLINDRICAL_SURFACE('',#5429,2.55);
#4673=CYLINDRICAL_SURFACE('',#5432,2.55000000000011);
#4674=CYLINDRICAL_SURFACE('',#5435,2.55000000000011);
#4675=CYLINDRICAL_SURFACE('',#5438,2.55);
#4676=CYLINDRICAL_SURFACE('',#5441,2.55);
#4677=CYLINDRICAL_SURFACE('',#5444,2.55000000000011);
#4678=CYLINDRICAL_SURFACE('',#5447,2.55000000000011);
#4679=CYLINDRICAL_SURFACE('',#5450,2.55);
#4680=CYLINDRICAL_SURFACE('',#5453,2.55000000000001);
#4681=CYLINDRICAL_SURFACE('',#5456,2.55000000000008);
#4682=CYLINDRICAL_SURFACE('',#5459,2.55000000000008);
#4683=CYLINDRICAL_SURFACE('',#5462,2.55000000000001);
#4684=CYLINDRICAL_SURFACE('',#5465,3.39999999999991);
#4685=CYLINDRICAL_SURFACE('',#5468,3.3999999999999);
#4686=CYLINDRICAL_SURFACE('',#5471,3.3999999999999);
#4687=CYLINDRICAL_SURFACE('',#5474,3.39999999999991);
#4688=CYLINDRICAL_SURFACE('',#5477,3.39999999999991);
#4689=CYLINDRICAL_SURFACE('',#5480,3.3999999999999);
#4690=CYLINDRICAL_SURFACE('',#5483,3.3999999999999);
#4691=CYLINDRICAL_SURFACE('',#5486,3.39999999999991);
#4692=CYLINDRICAL_SURFACE('',#5489,3.39999999999991);
#4693=CYLINDRICAL_SURFACE('',#5492,3.3999999999999);
#4694=CYLINDRICAL_SURFACE('',#5525,0.199999999999867);
#4695=CYLINDRICAL_SURFACE('',#5528,0.199999999999978);
#4696=CYLINDRICAL_SURFACE('',#5531,0.199999999999978);
#4697=CYLINDRICAL_SURFACE('',#5534,0.199999999999978);
#4698=ADVANCED_FACE('',(#435),#4528,.F.);
#4699=ADVANCED_FACE('',(#436),#4529,.F.);
#4700=ADVANCED_FACE('',(#437),#4530,.F.);
#4701=ADVANCED_FACE('',(#438),#4531,.F.);
#4702=ADVANCED_FACE('',(#439),#4532,.F.);
#4703=ADVANCED_FACE('',(#440),#4533,.F.);
#4704=ADVANCED_FACE('',(#441),#4534,.F.);
#4705=ADVANCED_FACE('',(#442),#4535,.F.);
#4706=ADVANCED_FACE('',(#443),#4536,.F.);
#4707=ADVANCED_FACE('',(#444),#4537,.F.);
#4708=ADVANCED_FACE('',(#445),#4538,.F.);
#4709=ADVANCED_FACE('',(#446),#4539,.F.);
#4710=ADVANCED_FACE('',(#447),#4540,.F.);
#4711=ADVANCED_FACE('',(#448),#4541,.F.);
#4712=ADVANCED_FACE('',(#449),#4542,.F.);
#4713=ADVANCED_FACE('',(#450),#4543,.F.);
#4714=ADVANCED_FACE('',(#451),#4544,.F.);
#4715=ADVANCED_FACE('',(#452),#4545,.F.);
#4716=ADVANCED_FACE('',(#453),#4546,.F.);
#4717=ADVANCED_FACE('',(#454),#4547,.F.);
#4718=ADVANCED_FACE('',(#455),#4548,.F.);
#4719=ADVANCED_FACE('',(#456),#4549,.F.);
#4720=ADVANCED_FACE('',(#457),#4550,.F.);
#4721=ADVANCED_FACE('',(#458),#4551,.F.);
#4722=ADVANCED_FACE('',(#459),#4552,.F.);
#4723=ADVANCED_FACE('',(#460),#4553,.F.);
#4724=ADVANCED_FACE('',(#461),#4554,.F.);
#4725=ADVANCED_FACE('',(#462),#4555,.F.);
#4726=ADVANCED_FACE('',(#463),#4556,.F.);
#4727=ADVANCED_FACE('',(#464),#4557,.F.);
#4728=ADVANCED_FACE('',(#465),#4558,.F.);
#4729=ADVANCED_FACE('',(#466),#4559,.F.);
#4730=ADVANCED_FACE('',(#467),#4560,.F.);
#4731=ADVANCED_FACE('',(#468),#4561,.F.);
#4732=ADVANCED_FACE('',(#469),#4562,.F.);
#4733=ADVANCED_FACE('',(#470),#4563,.F.);
#4734=ADVANCED_FACE('',(#471),#4564,.F.);
#4735=ADVANCED_FACE('',(#472),#4565,.F.);
#4736=ADVANCED_FACE('',(#473),#4566,.F.);
#4737=ADVANCED_FACE('',(#474),#4567,.F.);
#4738=ADVANCED_FACE('',(#475),#4568,.F.);
#4739=ADVANCED_FACE('',(#476),#4569,.F.);
#4740=ADVANCED_FACE('',(#477),#4570,.F.);
#4741=ADVANCED_FACE('',(#478),#4571,.F.);
#4742=ADVANCED_FACE('',(#479),#4572,.F.);
#4743=ADVANCED_FACE('',(#480),#4573,.F.);
#4744=ADVANCED_FACE('',(#481),#4574,.F.);
#4745=ADVANCED_FACE('',(#482),#4575,.F.);
#4746=ADVANCED_FACE('',(#483),#4576,.F.);
#4747=ADVANCED_FACE('',(#484),#4577,.F.);
#4748=ADVANCED_FACE('',(#485),#4578,.F.);
#4749=ADVANCED_FACE('',(#486),#4579,.F.);
#4750=ADVANCED_FACE('',(#487),#4580,.F.);
#4751=ADVANCED_FACE('',(#488),#4581,.F.);
#4752=ADVANCED_FACE('',(#489),#4582,.F.);
#4753=ADVANCED_FACE('',(#490),#4583,.F.);
#4754=ADVANCED_FACE('',(#491),#4584,.F.);
#4755=ADVANCED_FACE('',(#492),#4585,.F.);
#4756=ADVANCED_FACE('',(#493),#4586,.F.);
#4757=ADVANCED_FACE('',(#494),#4587,.F.);
#4758=ADVANCED_FACE('',(#495),#4588,.F.);
#4759=ADVANCED_FACE('',(#496),#4589,.F.);
#4760=ADVANCED_FACE('',(#497),#4590,.F.);
#4761=ADVANCED_FACE('',(#498),#4591,.F.);
#4762=ADVANCED_FACE('',(#499),#4592,.F.);
#4763=ADVANCED_FACE('',(#500),#4593,.F.);
#4764=ADVANCED_FACE('',(#501),#4594,.F.);
#4765=ADVANCED_FACE('',(#502),#4595,.F.);
#4766=ADVANCED_FACE('',(#503),#4596,.F.);
#4767=ADVANCED_FACE('',(#504),#4597,.F.);
#4768=ADVANCED_FACE('',(#505),#4598,.F.);
#4769=ADVANCED_FACE('',(#506),#4599,.F.);
#4770=ADVANCED_FACE('',(#507),#4600,.F.);
#4771=ADVANCED_FACE('',(#508),#4601,.F.);
#4772=ADVANCED_FACE('',(#509),#4602,.F.);
#4773=ADVANCED_FACE('',(#510),#4603,.F.);
#4774=ADVANCED_FACE('',(#511),#4604,.F.);
#4775=ADVANCED_FACE('',(#512),#4605,.F.);
#4776=ADVANCED_FACE('',(#513),#4606,.F.);
#4777=ADVANCED_FACE('',(#514),#4607,.F.);
#4778=ADVANCED_FACE('',(#515),#4608,.F.);
#4779=ADVANCED_FACE('',(#516),#4609,.F.);
#4780=ADVANCED_FACE('',(#517),#4610,.F.);
#4781=ADVANCED_FACE('',(#518),#4611,.F.);
#4782=ADVANCED_FACE('',(#519),#4612,.F.);
#4783=ADVANCED_FACE('',(#520),#4613,.F.);
#4784=ADVANCED_FACE('',(#521),#4614,.F.);
#4785=ADVANCED_FACE('',(#522),#4615,.F.);
#4786=ADVANCED_FACE('',(#523),#4616,.F.);
#4787=ADVANCED_FACE('',(#524),#4617,.F.);
#4788=ADVANCED_FACE('',(#525),#4618,.F.);
#4789=ADVANCED_FACE('',(#526),#4619,.F.);
#4790=ADVANCED_FACE('',(#527),#4620,.F.);
#4791=ADVANCED_FACE('',(#528),#4621,.F.);
#4792=ADVANCED_FACE('',(#529),#4622,.F.);
#4793=ADVANCED_FACE('',(#530),#4623,.F.);
#4794=ADVANCED_FACE('',(#531),#4624,.F.);
#4795=ADVANCED_FACE('',(#532),#4625,.F.);
#4796=ADVANCED_FACE('',(#533),#4626,.F.);
#4797=ADVANCED_FACE('',(#534),#4627,.F.);
#4798=ADVANCED_FACE('',(#535),#4628,.F.);
#4799=ADVANCED_FACE('',(#536),#4629,.F.);
#4800=ADVANCED_FACE('',(#537),#4630,.F.);
#4801=ADVANCED_FACE('',(#538),#4631,.F.);
#4802=ADVANCED_FACE('',(#539),#4632,.F.);
#4803=ADVANCED_FACE('',(#540),#4633,.F.);
#4804=ADVANCED_FACE('',(#541),#4634,.F.);
#4805=ADVANCED_FACE('',(#542),#4635,.F.);
#4806=ADVANCED_FACE('',(#543,#43,#44,#45,#46,#47,#48,#49,#50,#51,#52,#53,
#54,#55,#56,#57,#58,#59,#60,#61,#62,#63,#64,#65,#66,#67,#68,#69,#70,#71,
#72,#73,#74,#75,#76,#77,#78,#79,#80,#81,#82,#83,#84,#85,#86,#87,#88,#89,
#90,#91,#92,#93,#94,#95,#96,#97,#98,#99,#100,#101,#102,#103,#104,#105,#106,
#107,#108,#109,#110,#111,#112,#113,#114,#115,#116,#117,#118,#119,#120,#121,
#122,#123,#124,#125,#126,#127,#128,#129,#130,#131,#132,#133,#134,#135,#136,
#137,#138,#139,#140,#141,#142),#372,.F.);
#4807=ADVANCED_FACE('',(#544,#143,#144,#145,#146,#147,#148,#149,#150,#151,
#152,#153,#154,#155,#156,#157,#158,#159,#160,#161,#162,#163,#164,#165,#166,
#167,#168,#169,#170,#171),#373,.T.);
#4808=ADVANCED_FACE('',(#545,#172,#173,#174,#175,#176,#177,#178,#179,#180,
#181,#182,#183,#184,#185,#186,#187,#188,#189,#190,#191,#192,#193,#194,#195,
#196,#197,#198,#199,#200,#201,#202,#203,#204,#205,#206,#207,#208,#209,#210,
#211,#212,#213,#214,#215,#216),#374,.T.);
#4809=ADVANCED_FACE('',(#546),#375,.F.);
#4810=ADVANCED_FACE('',(#547),#376,.F.);
#4811=ADVANCED_FACE('',(#548,#217,#218,#219,#220,#221,#222),#377,.T.);
#4812=ADVANCED_FACE('',(#549),#378,.F.);
#4813=ADVANCED_FACE('',(#550),#379,.F.);
#4814=ADVANCED_FACE('',(#551,#223,#224,#225,#226,#227,#228),#380,.T.);
#4815=ADVANCED_FACE('',(#552),#381,.T.);
#4816=ADVANCED_FACE('',(#553),#382,.F.);
#4817=ADVANCED_FACE('',(#554,#229,#230,#231,#232,#233,#234,#235),#383,.T.);
#4818=ADVANCED_FACE('',(#555),#384,.F.);
#4819=ADVANCED_FACE('',(#556),#385,.T.);
#4820=ADVANCED_FACE('',(#557,#236,#237,#238,#239,#240,#241,#242),#386,.T.);
#4821=ADVANCED_FACE('',(#558),#387,.F.);
#4822=ADVANCED_FACE('',(#559),#388,.F.);
#4823=ADVANCED_FACE('',(#560),#389,.F.);
#4824=ADVANCED_FACE('',(#561,#243),#390,.T.);
#4825=ADVANCED_FACE('',(#562,#244),#391,.T.);
#4826=ADVANCED_FACE('',(#563,#245),#392,.T.);
#4827=ADVANCED_FACE('',(#564,#246),#393,.T.);
#4828=ADVANCED_FACE('',(#565,#247),#394,.T.);
#4829=ADVANCED_FACE('',(#566,#248),#395,.T.);
#4830=ADVANCED_FACE('',(#567,#249),#396,.T.);
#4831=ADVANCED_FACE('',(#568,#250),#397,.T.);
#4832=ADVANCED_FACE('',(#569),#4636,.F.);
#4833=ADVANCED_FACE('',(#570),#4637,.F.);
#4834=ADVANCED_FACE('',(#571),#4638,.F.);
#4835=ADVANCED_FACE('',(#572),#4639,.F.);
#4836=ADVANCED_FACE('',(#573),#4640,.F.);
#4837=ADVANCED_FACE('',(#574),#4641,.F.);
#4838=ADVANCED_FACE('',(#575),#4642,.F.);
#4839=ADVANCED_FACE('',(#576),#4643,.F.);
#4840=ADVANCED_FACE('',(#577),#4644,.F.);
#4841=ADVANCED_FACE('',(#578),#4645,.F.);
#4842=ADVANCED_FACE('',(#579),#4646,.F.);
#4843=ADVANCED_FACE('',(#580),#4647,.F.);
#4844=ADVANCED_FACE('',(#581),#4648,.F.);
#4845=ADVANCED_FACE('',(#582),#4649,.F.);
#4846=ADVANCED_FACE('',(#583),#4650,.F.);
#4847=ADVANCED_FACE('',(#584),#4651,.F.);
#4848=ADVANCED_FACE('',(#585),#4652,.F.);
#4849=ADVANCED_FACE('',(#586),#4653,.F.);
#4850=ADVANCED_FACE('',(#587),#4654,.F.);
#4851=ADVANCED_FACE('',(#588),#4655,.F.);
#4852=ADVANCED_FACE('',(#589),#4656,.F.);
#4853=ADVANCED_FACE('',(#590),#4657,.F.);
#4854=ADVANCED_FACE('',(#591),#4658,.F.);
#4855=ADVANCED_FACE('',(#592),#4659,.F.);
#4856=ADVANCED_FACE('',(#593),#4660,.F.);
#4857=ADVANCED_FACE('',(#594),#4661,.F.);
#4858=ADVANCED_FACE('',(#595),#4662,.F.);
#4859=ADVANCED_FACE('',(#596),#4663,.F.);
#4860=ADVANCED_FACE('',(#597),#4664,.F.);
#4861=ADVANCED_FACE('',(#598),#4665,.F.);
#4862=ADVANCED_FACE('',(#599),#4666,.F.);
#4863=ADVANCED_FACE('',(#600),#4667,.F.);
#4864=ADVANCED_FACE('',(#601),#4668,.F.);
#4865=ADVANCED_FACE('',(#602),#4669,.F.);
#4866=ADVANCED_FACE('',(#603),#4670,.F.);
#4867=ADVANCED_FACE('',(#604),#4671,.F.);
#4868=ADVANCED_FACE('',(#605),#4672,.F.);
#4869=ADVANCED_FACE('',(#606),#4673,.F.);
#4870=ADVANCED_FACE('',(#607),#4674,.F.);
#4871=ADVANCED_FACE('',(#608),#4675,.F.);
#4872=ADVANCED_FACE('',(#609),#4676,.F.);
#4873=ADVANCED_FACE('',(#610),#4677,.F.);
#4874=ADVANCED_FACE('',(#611),#4678,.F.);
#4875=ADVANCED_FACE('',(#612),#4679,.F.);
#4876=ADVANCED_FACE('',(#613),#4680,.F.);
#4877=ADVANCED_FACE('',(#614),#4681,.F.);
#4878=ADVANCED_FACE('',(#615),#4682,.F.);
#4879=ADVANCED_FACE('',(#616),#4683,.F.);
#4880=ADVANCED_FACE('',(#617),#4684,.F.);
#4881=ADVANCED_FACE('',(#618),#4685,.F.);
#4882=ADVANCED_FACE('',(#619),#4686,.F.);
#4883=ADVANCED_FACE('',(#620),#4687,.F.);
#4884=ADVANCED_FACE('',(#621),#4688,.F.);
#4885=ADVANCED_FACE('',(#622),#4689,.F.);
#4886=ADVANCED_FACE('',(#623),#4690,.F.);
#4887=ADVANCED_FACE('',(#624),#4691,.F.);
#4888=ADVANCED_FACE('',(#625),#4692,.F.);
#4889=ADVANCED_FACE('',(#626),#4693,.F.);
#4890=ADVANCED_FACE('',(#627,#251,#252,#253,#254,#255,#256,#257,#258,#259,
#260,#261,#262,#263,#264,#265,#266,#267,#268,#269,#270,#271,#272,#273,#274,
#275,#276,#277,#278,#279,#280,#281,#282,#283,#284,#285,#286,#287,#288,#289,
#290,#291,#292,#293,#294,#295,#296,#297,#298,#299,#300,#301,#302,#303,#304,
#305,#306,#307,#308),#398,.F.);
#4891=ADVANCED_FACE('',(#628,#309,#310,#311,#312,#313,#314,#315,#316,#317,
#318,#319,#320,#321,#322,#323,#324,#325,#326,#327,#328,#329,#330,#331,#332,
#333,#334,#335,#336,#337,#338,#339,#340,#341,#342,#343,#344,#345,#346,#347,
#348,#349,#350,#351,#352,#353,#354,#355),#399,.T.);
#4892=ADVANCED_FACE('',(#629),#400,.F.);
#4893=ADVANCED_FACE('',(#630),#401,.F.);
#4894=ADVANCED_FACE('',(#631),#402,.F.);
#4895=ADVANCED_FACE('',(#632),#403,.F.);
#4896=ADVANCED_FACE('',(#633),#404,.F.);
#4897=ADVANCED_FACE('',(#634),#405,.F.);
#4898=ADVANCED_FACE('',(#635),#406,.F.);
#4899=ADVANCED_FACE('',(#636),#407,.F.);
#4900=ADVANCED_FACE('',(#637,#356,#357,#358,#359),#408,.T.);
#4901=ADVANCED_FACE('',(#638),#409,.F.);
#4902=ADVANCED_FACE('',(#639),#410,.F.);
#4903=ADVANCED_FACE('',(#640),#411,.F.);
#4904=ADVANCED_FACE('',(#641),#412,.F.);
#4905=ADVANCED_FACE('',(#642,#360,#361,#362,#363),#413,.T.);
#4906=ADVANCED_FACE('',(#643),#414,.F.);
#4907=ADVANCED_FACE('',(#644),#415,.F.);
#4908=ADVANCED_FACE('',(#645),#416,.F.);
#4909=ADVANCED_FACE('',(#646),#417,.F.);
#4910=ADVANCED_FACE('',(#647,#364,#365,#366,#367),#418,.T.);
#4911=ADVANCED_FACE('',(#648),#419,.F.);
#4912=ADVANCED_FACE('',(#649),#420,.F.);
#4913=ADVANCED_FACE('',(#650),#421,.F.);
#4914=ADVANCED_FACE('',(#651),#422,.F.);
#4915=ADVANCED_FACE('',(#652,#368,#369,#370,#371),#423,.F.);
#4916=ADVANCED_FACE('',(#653),#4694,.F.);
#4917=ADVANCED_FACE('',(#654),#424,.F.);
#4918=ADVANCED_FACE('',(#655),#4695,.F.);
#4919=ADVANCED_FACE('',(#656),#425,.F.);
#4920=ADVANCED_FACE('',(#657),#4696,.F.);
#4921=ADVANCED_FACE('',(#658),#426,.F.);
#4922=ADVANCED_FACE('',(#659),#4697,.F.);
#4923=ADVANCED_FACE('',(#660),#427,.F.);
#4924=ADVANCED_FACE('',(#661),#428,.T.);
#4925=ADVANCED_FACE('',(#662),#429,.F.);
#4926=ADVANCED_FACE('',(#663),#430,.F.);
#4927=ADVANCED_FACE('',(#664),#431,.F.);
#4928=ADVANCED_FACE('',(#665),#432,.F.);
#4929=ADVANCED_FACE('',(#666),#433,.T.);
#4930=ADVANCED_FACE('',(#667),#434,.F.);
#4931=CLOSED_SHELL('',(#4698,#4699,#4700,#4701,#4702,#4703,#4704,#4705,
#4706,#4707,#4708,#4709,#4710,#4711,#4712,#4713,#4714,#4715,#4716,#4717,
#4718,#4719,#4720,#4721,#4722,#4723,#4724,#4725,#4726,#4727,#4728,#4729,
#4730,#4731,#4732,#4733,#4734,#4735,#4736,#4737,#4738,#4739,#4740,#4741,
#4742,#4743,#4744,#4745,#4746,#4747,#4748,#4749,#4750,#4751,#4752,#4753,
#4754,#4755,#4756,#4757,#4758,#4759,#4760,#4761,#4762,#4763,#4764,#4765,
#4766,#4767,#4768,#4769,#4770,#4771,#4772,#4773,#4774,#4775,#4776,#4777,
#4778,#4779,#4780,#4781,#4782,#4783,#4784,#4785,#4786,#4787,#4788,#4789,
#4790,#4791,#4792,#4793,#4794,#4795,#4796,#4797,#4798,#4799,#4800,#4801,
#4802,#4803,#4804,#4805,#4806,#4807,#4808,#4809,#4810,#4811,#4812,#4813,
#4814,#4815,#4816,#4817,#4818,#4819,#4820,#4821,#4822,#4823,#4824,#4825,
#4826,#4827,#4828,#4829,#4830,#4831));
#4932=CLOSED_SHELL('',(#4832,#4833,#4834,#4835,#4836,#4837,#4838,#4839,
#4840,#4841,#4842,#4843,#4844,#4845,#4846,#4847,#4848,#4849,#4850,#4851,
#4852,#4853,#4854,#4855,#4856,#4857,#4858,#4859,#4860,#4861,#4862,#4863,
#4864,#4865,#4866,#4867,#4868,#4869,#4870,#4871,#4872,#4873,#4874,#4875,
#4876,#4877,#4878,#4879,#4880,#4881,#4882,#4883,#4884,#4885,#4886,#4887,
#4888,#4889,#4890,#4891,#4892,#4893,#4894,#4895,#4896,#4897,#4898,#4899,
#4900,#4901,#4902,#4903,#4904,#4905,#4906,#4907,#4908,#4909,#4910,#4911,
#4912,#4913,#4914,#4915,#4916,#4917,#4918,#4919,#4920,#4921,#4922,#4923,
#4924));
#4933=CLOSED_SHELL('',(#4925,#4926,#4927,#4928,#4929,#4930));
#4934=DERIVED_UNIT_ELEMENT(#4940,1.);
#4935=DERIVED_UNIT_ELEMENT(#8339,-3.);
#4936=DERIVED_UNIT_ELEMENT(#4940,1.);
#4937=DERIVED_UNIT_ELEMENT(#8339,-3.);
#4938=DERIVED_UNIT_ELEMENT(#4940,1.);
#4939=DERIVED_UNIT_ELEMENT(#8339,-3.);
#4940=(
MASS_UNIT()
NAMED_UNIT(*)
SI_UNIT(.KILO.,.GRAM.)
);
#4941=DERIVED_UNIT((#4934,#4935));
#4942=DERIVED_UNIT((#4936,#4937));
#4943=DERIVED_UNIT((#4938,#4939));
#4944=MEASURE_REPRESENTATION_ITEM('density measure',
POSITIVE_RATIO_MEASURE(7850.),#4941);
#4945=MEASURE_REPRESENTATION_ITEM('density measure',
POSITIVE_RATIO_MEASURE(7850.),#4942);
#4946=MEASURE_REPRESENTATION_ITEM('density measure',
POSITIVE_RATIO_MEASURE(7850.),#4943);
#4947=PROPERTY_DEFINITION_REPRESENTATION(#4962,#4953);
#4948=PROPERTY_DEFINITION_REPRESENTATION(#4963,#4954);
#4949=PROPERTY_DEFINITION_REPRESENTATION(#4964,#4955);
#4950=PROPERTY_DEFINITION_REPRESENTATION(#4965,#4956);
#4951=PROPERTY_DEFINITION_REPRESENTATION(#4966,#4957);
#4952=PROPERTY_DEFINITION_REPRESENTATION(#4967,#4958);
#4953=REPRESENTATION('material name',(#4959),#8334);
#4954=REPRESENTATION('density',(#4944),#8334);
#4955=REPRESENTATION('material name',(#4960),#8335);
#4956=REPRESENTATION('density',(#4945),#8335);
#4957=REPRESENTATION('material name',(#4961),#8336);
#4958=REPRESENTATION('density',(#4946),#8336);
#4959=DESCRIPTIVE_REPRESENTATION_ITEM('Steel','Steel');
#4960=DESCRIPTIVE_REPRESENTATION_ITEM('Steel','Steel');
#4961=DESCRIPTIVE_REPRESENTATION_ITEM('Steel','Steel');
#4962=PROPERTY_DEFINITION('material property','material name',#8361);
#4963=PROPERTY_DEFINITION('material property','density of part',#8361);
#4964=PROPERTY_DEFINITION('material property','material name',#8362);
#4965=PROPERTY_DEFINITION('material property','density of part',#8362);
#4966=PROPERTY_DEFINITION('material property','material name',#8363);
#4967=PROPERTY_DEFINITION('material property','density of part',#8363);
#4968=AXIS2_PLACEMENT_3D('',#7016,#5550,#5551);
#4969=AXIS2_PLACEMENT_3D('',#7017,#5552,#5553);
#4970=AXIS2_PLACEMENT_3D('',#7018,#5554,#5555);
#4971=AXIS2_PLACEMENT_3D('',#7020,#5556,#5557);
#4972=AXIS2_PLACEMENT_3D('',#7023,#5559,#5560);
#4973=AXIS2_PLACEMENT_3D('',#7024,#5561,#5562);
#4974=AXIS2_PLACEMENT_3D('',#7026,#5563,#5564);
#4975=AXIS2_PLACEMENT_3D('',#7029,#5566,#5567);
#4976=AXIS2_PLACEMENT_3D('',#7030,#5568,#5569);
#4977=AXIS2_PLACEMENT_3D('',#7032,#5570,#5571);
#4978=AXIS2_PLACEMENT_3D('',#7035,#5573,#5574);
#4979=AXIS2_PLACEMENT_3D('',#7036,#5575,#5576);
#4980=AXIS2_PLACEMENT_3D('',#7038,#5577,#5578);
#4981=AXIS2_PLACEMENT_3D('',#7041,#5580,#5581);
#4982=AXIS2_PLACEMENT_3D('',#7042,#5582,#5583);
#4983=AXIS2_PLACEMENT_3D('',#7044,#5584,#5585);
#4984=AXIS2_PLACEMENT_3D('',#7047,#5587,#5588);
#4985=AXIS2_PLACEMENT_3D('',#7048,#5589,#5590);
#4986=AXIS2_PLACEMENT_3D('',#7050,#5591,#5592);
#4987=AXIS2_PLACEMENT_3D('',#7053,#5594,#5595);
#4988=AXIS2_PLACEMENT_3D('',#7054,#5596,#5597);
#4989=AXIS2_PLACEMENT_3D('',#7056,#5598,#5599);
#4990=AXIS2_PLACEMENT_3D('',#7059,#5601,#5602);
#4991=AXIS2_PLACEMENT_3D('',#7060,#5603,#5604);
#4992=AXIS2_PLACEMENT_3D('',#7062,#5605,#5606);
#4993=AXIS2_PLACEMENT_3D('',#7065,#5608,#5609);
#4994=AXIS2_PLACEMENT_3D('',#7066,#5610,#5611);
#4995=AXIS2_PLACEMENT_3D('',#7068,#5612,#5613);
#4996=AXIS2_PLACEMENT_3D('',#7071,#5615,#5616);
#4997=AXIS2_PLACEMENT_3D('',#7072,#5617,#5618);
#4998=AXIS2_PLACEMENT_3D('',#7074,#5619,#5620);
#4999=AXIS2_PLACEMENT_3D('',#7077,#5622,#5623);
#5000=AXIS2_PLACEMENT_3D('',#7078,#5624,#5625);
#5001=AXIS2_PLACEMENT_3D('',#7080,#5626,#5627);
#5002=AXIS2_PLACEMENT_3D('',#7083,#5629,#5630);
#5003=AXIS2_PLACEMENT_3D('',#7084,#5631,#5632);
#5004=AXIS2_PLACEMENT_3D('',#7086,#5633,#5634);
#5005=AXIS2_PLACEMENT_3D('',#7089,#5636,#5637);
#5006=AXIS2_PLACEMENT_3D('',#7090,#5638,#5639);
#5007=AXIS2_PLACEMENT_3D('',#7092,#5640,#5641);
#5008=AXIS2_PLACEMENT_3D('',#7095,#5643,#5644);
#5009=AXIS2_PLACEMENT_3D('',#7096,#5645,#5646);
#5010=AXIS2_PLACEMENT_3D('',#7098,#5647,#5648);
#5011=AXIS2_PLACEMENT_3D('',#7101,#5650,#5651);
#5012=AXIS2_PLACEMENT_3D('',#7102,#5652,#5653);
#5013=AXIS2_PLACEMENT_3D('',#7104,#5654,#5655);
#5014=AXIS2_PLACEMENT_3D('',#7107,#5657,#5658);
#5015=AXIS2_PLACEMENT_3D('',#7108,#5659,#5660);
#5016=AXIS2_PLACEMENT_3D('',#7110,#5661,#5662);
#5017=AXIS2_PLACEMENT_3D('',#7113,#5664,#5665);
#5018=AXIS2_PLACEMENT_3D('',#7114,#5666,#5667);
#5019=AXIS2_PLACEMENT_3D('',#7116,#5668,#5669);
#5020=AXIS2_PLACEMENT_3D('',#7119,#5671,#5672);
#5021=AXIS2_PLACEMENT_3D('',#7120,#5673,#5674);
#5022=AXIS2_PLACEMENT_3D('',#7122,#5675,#5676);
#5023=AXIS2_PLACEMENT_3D('',#7125,#5678,#5679);
#5024=AXIS2_PLACEMENT_3D('',#7126,#5680,#5681);
#5025=AXIS2_PLACEMENT_3D('',#7128,#5682,#5683);
#5026=AXIS2_PLACEMENT_3D('',#7131,#5685,#5686);
#5027=AXIS2_PLACEMENT_3D('',#7132,#5687,#5688);
#5028=AXIS2_PLACEMENT_3D('',#7134,#5689,#5690);
#5029=AXIS2_PLACEMENT_3D('',#7137,#5692,#5693);
#5030=AXIS2_PLACEMENT_3D('',#7138,#5694,#5695);
#5031=AXIS2_PLACEMENT_3D('',#7140,#5696,#5697);
#5032=AXIS2_PLACEMENT_3D('',#7143,#5699,#5700);
#5033=AXIS2_PLACEMENT_3D('',#7144,#5701,#5702);
#5034=AXIS2_PLACEMENT_3D('',#7146,#5703,#5704);
#5035=AXIS2_PLACEMENT_3D('',#7149,#5706,#5707);
#5036=AXIS2_PLACEMENT_3D('',#7150,#5708,#5709);
#5037=AXIS2_PLACEMENT_3D('',#7152,#5710,#5711);
#5038=AXIS2_PLACEMENT_3D('',#7155,#5713,#5714);
#5039=AXIS2_PLACEMENT_3D('',#7156,#5715,#5716);
#5040=AXIS2_PLACEMENT_3D('',#7158,#5717,#5718);
#5041=AXIS2_PLACEMENT_3D('',#7161,#5720,#5721);
#5042=AXIS2_PLACEMENT_3D('',#7162,#5722,#5723);
#5043=AXIS2_PLACEMENT_3D('',#7164,#5724,#5725);
#5044=AXIS2_PLACEMENT_3D('',#7167,#5727,#5728);
#5045=AXIS2_PLACEMENT_3D('',#7168,#5729,#5730);
#5046=AXIS2_PLACEMENT_3D('',#7170,#5731,#5732);
#5047=AXIS2_PLACEMENT_3D('',#7173,#5734,#5735);
#5048=AXIS2_PLACEMENT_3D('',#7174,#5736,#5737);
#5049=AXIS2_PLACEMENT_3D('',#7176,#5738,#5739);
#5050=AXIS2_PLACEMENT_3D('',#7179,#5741,#5742);
#5051=AXIS2_PLACEMENT_3D('',#7180,#5743,#5744);
#5052=AXIS2_PLACEMENT_3D('',#7182,#5745,#5746);
#5053=AXIS2_PLACEMENT_3D('',#7185,#5748,#5749);
#5054=AXIS2_PLACEMENT_3D('',#7186,#5750,#5751);
#5055=AXIS2_PLACEMENT_3D('',#7188,#5752,#5753);
#5056=AXIS2_PLACEMENT_3D('',#7191,#5755,#5756);
#5057=AXIS2_PLACEMENT_3D('',#7192,#5757,#5758);
#5058=AXIS2_PLACEMENT_3D('',#7194,#5759,#5760);
#5059=AXIS2_PLACEMENT_3D('',#7197,#5762,#5763);
#5060=AXIS2_PLACEMENT_3D('',#7198,#5764,#5765);
#5061=AXIS2_PLACEMENT_3D('',#7200,#5766,#5767);
#5062=AXIS2_PLACEMENT_3D('',#7203,#5769,#5770);
#5063=AXIS2_PLACEMENT_3D('',#7204,#5771,#5772);
#5064=AXIS2_PLACEMENT_3D('',#7206,#5773,#5774);
#5065=AXIS2_PLACEMENT_3D('',#7209,#5776,#5777);
#5066=AXIS2_PLACEMENT_3D('',#7210,#5778,#5779);
#5067=AXIS2_PLACEMENT_3D('',#7212,#5780,#5781);
#5068=AXIS2_PLACEMENT_3D('',#7215,#5783,#5784);
#5069=AXIS2_PLACEMENT_3D('',#7216,#5785,#5786);
#5070=AXIS2_PLACEMENT_3D('',#7218,#5787,#5788);
#5071=AXIS2_PLACEMENT_3D('',#7221,#5790,#5791);
#5072=AXIS2_PLACEMENT_3D('',#7222,#5792,#5793);
#5073=AXIS2_PLACEMENT_3D('',#7224,#5794,#5795);
#5074=AXIS2_PLACEMENT_3D('',#7227,#5797,#5798);
#5075=AXIS2_PLACEMENT_3D('',#7228,#5799,#5800);
#5076=AXIS2_PLACEMENT_3D('',#7230,#5801,#5802);
#5077=AXIS2_PLACEMENT_3D('',#7233,#5804,#5805);
#5078=AXIS2_PLACEMENT_3D('',#7234,#5806,#5807);
#5079=AXIS2_PLACEMENT_3D('',#7236,#5808,#5809);
#5080=AXIS2_PLACEMENT_3D('',#7239,#5811,#5812);
#5081=AXIS2_PLACEMENT_3D('',#7240,#5813,#5814);
#5082=AXIS2_PLACEMENT_3D('',#7242,#5815,#5816);
#5083=AXIS2_PLACEMENT_3D('',#7245,#5818,#5819);
#5084=AXIS2_PLACEMENT_3D('',#7246,#5820,#5821);
#5085=AXIS2_PLACEMENT_3D('',#7248,#5822,#5823);
#5086=AXIS2_PLACEMENT_3D('',#7251,#5825,#5826);
#5087=AXIS2_PLACEMENT_3D('',#7252,#5827,#5828);
#5088=AXIS2_PLACEMENT_3D('',#7254,#5829,#5830);
#5089=AXIS2_PLACEMENT_3D('',#7257,#5832,#5833);
#5090=AXIS2_PLACEMENT_3D('',#7258,#5834,#5835);
#5091=AXIS2_PLACEMENT_3D('',#7260,#5836,#5837);
#5092=AXIS2_PLACEMENT_3D('',#7263,#5839,#5840);
#5093=AXIS2_PLACEMENT_3D('',#7264,#5841,#5842);
#5094=AXIS2_PLACEMENT_3D('',#7266,#5843,#5844);
#5095=AXIS2_PLACEMENT_3D('',#7269,#5846,#5847);
#5096=AXIS2_PLACEMENT_3D('',#7270,#5848,#5849);
#5097=AXIS2_PLACEMENT_3D('',#7272,#5850,#5851);
#5098=AXIS2_PLACEMENT_3D('',#7275,#5853,#5854);
#5099=AXIS2_PLACEMENT_3D('',#7276,#5855,#5856);
#5100=AXIS2_PLACEMENT_3D('',#7278,#5857,#5858);
#5101=AXIS2_PLACEMENT_3D('',#7281,#5860,#5861);
#5102=AXIS2_PLACEMENT_3D('',#7282,#5862,#5863);
#5103=AXIS2_PLACEMENT_3D('',#7284,#5864,#5865);
#5104=AXIS2_PLACEMENT_3D('',#7287,#5867,#5868);
#5105=AXIS2_PLACEMENT_3D('',#7288,#5869,#5870);
#5106=AXIS2_PLACEMENT_3D('',#7290,#5871,#5872);
#5107=AXIS2_PLACEMENT_3D('',#7293,#5874,#5875);
#5108=AXIS2_PLACEMENT_3D('',#7294,#5876,#5877);
#5109=AXIS2_PLACEMENT_3D('',#7296,#5878,#5879);
#5110=AXIS2_PLACEMENT_3D('',#7299,#5881,#5882);
#5111=AXIS2_PLACEMENT_3D('',#7300,#5883,#5884);
#5112=AXIS2_PLACEMENT_3D('',#7302,#5885,#5886);
#5113=AXIS2_PLACEMENT_3D('',#7305,#5888,#5889);
#5114=AXIS2_PLACEMENT_3D('',#7306,#5890,#5891);
#5115=AXIS2_PLACEMENT_3D('',#7308,#5892,#5893);
#5116=AXIS2_PLACEMENT_3D('',#7311,#5895,#5896);
#5117=AXIS2_PLACEMENT_3D('',#7312,#5897,#5898);
#5118=AXIS2_PLACEMENT_3D('',#7314,#5899,#5900);
#5119=AXIS2_PLACEMENT_3D('',#7317,#5902,#5903);
#5120=AXIS2_PLACEMENT_3D('',#7318,#5904,#5905);
#5121=AXIS2_PLACEMENT_3D('',#7320,#5906,#5907);
#5122=AXIS2_PLACEMENT_3D('',#7323,#5909,#5910);
#5123=AXIS2_PLACEMENT_3D('',#7324,#5911,#5912);
#5124=AXIS2_PLACEMENT_3D('',#7326,#5913,#5914);
#5125=AXIS2_PLACEMENT_3D('',#7329,#5916,#5917);
#5126=AXIS2_PLACEMENT_3D('',#7330,#5918,#5919);
#5127=AXIS2_PLACEMENT_3D('',#7332,#5920,#5921);
#5128=AXIS2_PLACEMENT_3D('',#7335,#5923,#5924);
#5129=AXIS2_PLACEMENT_3D('',#7336,#5925,#5926);
#5130=AXIS2_PLACEMENT_3D('',#7338,#5927,#5928);
#5131=AXIS2_PLACEMENT_3D('',#7341,#5930,#5931);
#5132=AXIS2_PLACEMENT_3D('',#7342,#5932,#5933);
#5133=AXIS2_PLACEMENT_3D('',#7344,#5934,#5935);
#5134=AXIS2_PLACEMENT_3D('',#7347,#5937,#5938);
#5135=AXIS2_PLACEMENT_3D('',#7348,#5939,#5940);
#5136=AXIS2_PLACEMENT_3D('',#7350,#5941,#5942);
#5137=AXIS2_PLACEMENT_3D('',#7353,#5944,#5945);
#5138=AXIS2_PLACEMENT_3D('',#7354,#5946,#5947);
#5139=AXIS2_PLACEMENT_3D('',#7356,#5948,#5949);
#5140=AXIS2_PLACEMENT_3D('',#7359,#5951,#5952);
#5141=AXIS2_PLACEMENT_3D('',#7360,#5953,#5954);
#5142=AXIS2_PLACEMENT_3D('',#7362,#5955,#5956);
#5143=AXIS2_PLACEMENT_3D('',#7365,#5958,#5959);
#5144=AXIS2_PLACEMENT_3D('',#7366,#5960,#5961);
#5145=AXIS2_PLACEMENT_3D('',#7368,#5962,#5963);
#5146=AXIS2_PLACEMENT_3D('',#7371,#5965,#5966);
#5147=AXIS2_PLACEMENT_3D('',#7372,#5967,#5968);
#5148=AXIS2_PLACEMENT_3D('',#7374,#5969,#5970);
#5149=AXIS2_PLACEMENT_3D('',#7377,#5972,#5973);
#5150=AXIS2_PLACEMENT_3D('',#7378,#5974,#5975);
#5151=AXIS2_PLACEMENT_3D('',#7380,#5976,#5977);
#5152=AXIS2_PLACEMENT_3D('',#7383,#5979,#5980);
#5153=AXIS2_PLACEMENT_3D('',#7384,#5981,#5982);
#5154=AXIS2_PLACEMENT_3D('',#7386,#5983,#5984);
#5155=AXIS2_PLACEMENT_3D('',#7389,#5986,#5987);
#5156=AXIS2_PLACEMENT_3D('',#7390,#5988,#5989);
#5157=AXIS2_PLACEMENT_3D('',#7392,#5990,#5991);
#5158=AXIS2_PLACEMENT_3D('',#7395,#5993,#5994);
#5159=AXIS2_PLACEMENT_3D('',#7396,#5995,#5996);
#5160=AXIS2_PLACEMENT_3D('',#7398,#5997,#5998);
#5161=AXIS2_PLACEMENT_3D('',#7401,#6000,#6001);
#5162=AXIS2_PLACEMENT_3D('',#7402,#6002,#6003);
#5163=AXIS2_PLACEMENT_3D('',#7404,#6004,#6005);
#5164=AXIS2_PLACEMENT_3D('',#7407,#6007,#6008);
#5165=AXIS2_PLACEMENT_3D('',#7408,#6009,#6010);
#5166=AXIS2_PLACEMENT_3D('',#7410,#6011,#6012);
#5167=AXIS2_PLACEMENT_3D('',#7413,#6014,#6015);
#5168=AXIS2_PLACEMENT_3D('',#7414,#6016,#6017);
#5169=AXIS2_PLACEMENT_3D('',#7416,#6018,#6019);
#5170=AXIS2_PLACEMENT_3D('',#7419,#6021,#6022);
#5171=AXIS2_PLACEMENT_3D('',#7420,#6023,#6024);
#5172=AXIS2_PLACEMENT_3D('',#7422,#6025,#6026);
#5173=AXIS2_PLACEMENT_3D('',#7425,#6028,#6029);
#5174=AXIS2_PLACEMENT_3D('',#7426,#6030,#6031);
#5175=AXIS2_PLACEMENT_3D('',#7428,#6032,#6033);
#5176=AXIS2_PLACEMENT_3D('',#7431,#6035,#6036);
#5177=AXIS2_PLACEMENT_3D('',#7432,#6037,#6038);
#5178=AXIS2_PLACEMENT_3D('',#7434,#6039,#6040);
#5179=AXIS2_PLACEMENT_3D('',#7437,#6042,#6043);
#5180=AXIS2_PLACEMENT_3D('',#7438,#6044,#6045);
#5181=AXIS2_PLACEMENT_3D('',#7440,#6046,#6047);
#5182=AXIS2_PLACEMENT_3D('',#7443,#6049,#6050);
#5183=AXIS2_PLACEMENT_3D('',#7444,#6051,#6052);
#5184=AXIS2_PLACEMENT_3D('',#7446,#6053,#6054);
#5185=AXIS2_PLACEMENT_3D('',#7449,#6056,#6057);
#5186=AXIS2_PLACEMENT_3D('',#7450,#6058,#6059);
#5187=AXIS2_PLACEMENT_3D('',#7452,#6060,#6061);
#5188=AXIS2_PLACEMENT_3D('',#7455,#6063,#6064);
#5189=AXIS2_PLACEMENT_3D('',#7456,#6065,#6066);
#5190=AXIS2_PLACEMENT_3D('',#7458,#6067,#6068);
#5191=AXIS2_PLACEMENT_3D('',#7461,#6070,#6071);
#5192=AXIS2_PLACEMENT_3D('',#7462,#6072,#6073);
#5193=AXIS2_PLACEMENT_3D('',#7464,#6074,#6075);
#5194=AXIS2_PLACEMENT_3D('',#7467,#6077,#6078);
#5195=AXIS2_PLACEMENT_3D('',#7468,#6079,#6080);
#5196=AXIS2_PLACEMENT_3D('',#7470,#6081,#6082);
#5197=AXIS2_PLACEMENT_3D('',#7473,#6084,#6085);
#5198=AXIS2_PLACEMENT_3D('',#7474,#6086,#6087);
#5199=AXIS2_PLACEMENT_3D('',#7476,#6088,#6089);
#5200=AXIS2_PLACEMENT_3D('',#7479,#6091,#6092);
#5201=AXIS2_PLACEMENT_3D('',#7480,#6093,#6094);
#5202=AXIS2_PLACEMENT_3D('',#7482,#6095,#6096);
#5203=AXIS2_PLACEMENT_3D('',#7485,#6098,#6099);
#5204=AXIS2_PLACEMENT_3D('',#7486,#6100,#6101);
#5205=AXIS2_PLACEMENT_3D('',#7488,#6102,#6103);
#5206=AXIS2_PLACEMENT_3D('',#7491,#6105,#6106);
#5207=AXIS2_PLACEMENT_3D('',#7492,#6107,#6108);
#5208=AXIS2_PLACEMENT_3D('',#7494,#6109,#6110);
#5209=AXIS2_PLACEMENT_3D('',#7497,#6112,#6113);
#5210=AXIS2_PLACEMENT_3D('',#7498,#6114,#6115);
#5211=AXIS2_PLACEMENT_3D('',#7500,#6116,#6117);
#5212=AXIS2_PLACEMENT_3D('',#7503,#6119,#6120);
#5213=AXIS2_PLACEMENT_3D('',#7504,#6121,#6122);
#5214=AXIS2_PLACEMENT_3D('',#7506,#6123,#6124);
#5215=AXIS2_PLACEMENT_3D('',#7509,#6126,#6127);
#5216=AXIS2_PLACEMENT_3D('',#7510,#6128,#6129);
#5217=AXIS2_PLACEMENT_3D('',#7512,#6130,#6131);
#5218=AXIS2_PLACEMENT_3D('',#7515,#6133,#6134);
#5219=AXIS2_PLACEMENT_3D('',#7516,#6135,#6136);
#5220=AXIS2_PLACEMENT_3D('',#7518,#6137,#6138);
#5221=AXIS2_PLACEMENT_3D('',#7521,#6140,#6141);
#5222=AXIS2_PLACEMENT_3D('',#7522,#6142,#6143);
#5223=AXIS2_PLACEMENT_3D('',#7524,#6144,#6145);
#5224=AXIS2_PLACEMENT_3D('',#7527,#6147,#6148);
#5225=AXIS2_PLACEMENT_3D('',#7528,#6149,#6150);
#5226=AXIS2_PLACEMENT_3D('',#7530,#6151,#6152);
#5227=AXIS2_PLACEMENT_3D('',#7533,#6154,#6155);
#5228=AXIS2_PLACEMENT_3D('',#7534,#6156,#6157);
#5229=AXIS2_PLACEMENT_3D('',#7536,#6158,#6159);
#5230=AXIS2_PLACEMENT_3D('',#7539,#6161,#6162);
#5231=AXIS2_PLACEMENT_3D('',#7540,#6163,#6164);
#5232=AXIS2_PLACEMENT_3D('',#7542,#6165,#6166);
#5233=AXIS2_PLACEMENT_3D('',#7545,#6168,#6169);
#5234=AXIS2_PLACEMENT_3D('',#7546,#6170,#6171);
#5235=AXIS2_PLACEMENT_3D('',#7548,#6172,#6173);
#5236=AXIS2_PLACEMENT_3D('',#7551,#6175,#6176);
#5237=AXIS2_PLACEMENT_3D('',#7552,#6177,#6178);
#5238=AXIS2_PLACEMENT_3D('',#7554,#6179,#6180);
#5239=AXIS2_PLACEMENT_3D('',#7557,#6182,#6183);
#5240=AXIS2_PLACEMENT_3D('',#7558,#6184,#6185);
#5241=AXIS2_PLACEMENT_3D('',#7560,#6186,#6187);
#5242=AXIS2_PLACEMENT_3D('',#7563,#6189,#6190);
#5243=AXIS2_PLACEMENT_3D('',#7564,#6191,#6192);
#5244=AXIS2_PLACEMENT_3D('',#7566,#6193,#6194);
#5245=AXIS2_PLACEMENT_3D('',#7569,#6196,#6197);
#5246=AXIS2_PLACEMENT_3D('',#7570,#6198,#6199);
#5247=AXIS2_PLACEMENT_3D('',#7572,#6200,#6201);
#5248=AXIS2_PLACEMENT_3D('',#7575,#6203,#6204);
#5249=AXIS2_PLACEMENT_3D('',#7576,#6205,#6206);
#5250=AXIS2_PLACEMENT_3D('',#7578,#6207,#6208);
#5251=AXIS2_PLACEMENT_3D('',#7581,#6210,#6211);
#5252=AXIS2_PLACEMENT_3D('',#7582,#6212,#6213);
#5253=AXIS2_PLACEMENT_3D('',#7584,#6214,#6215);
#5254=AXIS2_PLACEMENT_3D('',#7587,#6217,#6218);
#5255=AXIS2_PLACEMENT_3D('',#7588,#6219,#6220);
#5256=AXIS2_PLACEMENT_3D('',#7590,#6221,#6222);
#5257=AXIS2_PLACEMENT_3D('',#7593,#6224,#6225);
#5258=AXIS2_PLACEMENT_3D('',#7594,#6226,#6227);
#5259=AXIS2_PLACEMENT_3D('',#7596,#6228,#6229);
#5260=AXIS2_PLACEMENT_3D('',#7599,#6231,#6232);
#5261=AXIS2_PLACEMENT_3D('',#7600,#6233,#6234);
#5262=AXIS2_PLACEMENT_3D('',#7602,#6235,#6236);
#5263=AXIS2_PLACEMENT_3D('',#7605,#6238,#6239);
#5264=AXIS2_PLACEMENT_3D('',#7606,#6240,#6241);
#5265=AXIS2_PLACEMENT_3D('',#7608,#6242,#6243);
#5266=AXIS2_PLACEMENT_3D('',#7611,#6245,#6246);
#5267=AXIS2_PLACEMENT_3D('',#7612,#6247,#6248);
#5268=AXIS2_PLACEMENT_3D('',#7614,#6249,#6250);
#5269=AXIS2_PLACEMENT_3D('',#7617,#6252,#6253);
#5270=AXIS2_PLACEMENT_3D('',#7618,#6254,#6255);
#5271=AXIS2_PLACEMENT_3D('',#7620,#6256,#6257);
#5272=AXIS2_PLACEMENT_3D('',#7623,#6259,#6260);
#5273=AXIS2_PLACEMENT_3D('',#7624,#6261,#6262);
#5274=AXIS2_PLACEMENT_3D('',#7626,#6263,#6264);
#5275=AXIS2_PLACEMENT_3D('',#7629,#6266,#6267);
#5276=AXIS2_PLACEMENT_3D('',#7630,#6268,#6269);
#5277=AXIS2_PLACEMENT_3D('',#7632,#6270,#6271);
#5278=AXIS2_PLACEMENT_3D('',#7635,#6273,#6274);
#5279=AXIS2_PLACEMENT_3D('',#7636,#6275,#6276);
#5280=AXIS2_PLACEMENT_3D('',#7638,#6277,#6278);
#5281=AXIS2_PLACEMENT_3D('',#7641,#6280,#6281);
#5282=AXIS2_PLACEMENT_3D('',#7642,#6282,#6283);
#5283=AXIS2_PLACEMENT_3D('',#7644,#6284,#6285);
#5284=AXIS2_PLACEMENT_3D('',#7647,#6287,#6288);
#5285=AXIS2_PLACEMENT_3D('',#7648,#6289,#6290);
#5286=AXIS2_PLACEMENT_3D('',#7650,#6291,#6292);
#5287=AXIS2_PLACEMENT_3D('',#7653,#6294,#6295);
#5288=AXIS2_PLACEMENT_3D('',#7654,#6296,#6297);
#5289=AXIS2_PLACEMENT_3D('',#7656,#6298,#6299);
#5290=AXIS2_PLACEMENT_3D('',#7659,#6301,#6302);
#5291=AXIS2_PLACEMENT_3D('',#7660,#6303,#6304);
#5292=AXIS2_PLACEMENT_3D('',#7662,#6305,#6306);
#5293=AXIS2_PLACEMENT_3D('',#7665,#6308,#6309);
#5294=AXIS2_PLACEMENT_3D('',#7666,#6310,#6311);
#5295=AXIS2_PLACEMENT_3D('',#7675,#6316,#6317);
#5296=AXIS2_PLACEMENT_3D('',#7684,#6322,#6323);
#5297=AXIS2_PLACEMENT_3D('',#7701,#6332,#6333);
#5298=AXIS2_PLACEMENT_3D('',#7722,#6346,#6347);
#5299=AXIS2_PLACEMENT_3D('',#7741,#6358,#6359);
#5300=AXIS2_PLACEMENT_3D('',#7744,#6362,#6363);
#5301=AXIS2_PLACEMENT_3D('',#7745,#6364,#6365);
#5302=AXIS2_PLACEMENT_3D('',#7747,#6367,#6368);
#5303=AXIS2_PLACEMENT_3D('',#7749,#6370,#6371);
#5304=AXIS2_PLACEMENT_3D('',#7751,#6373,#6374);
#5305=AXIS2_PLACEMENT_3D('',#7753,#6376,#6377);
#5306=AXIS2_PLACEMENT_3D('',#7754,#6378,#6379);
#5307=AXIS2_PLACEMENT_3D('',#7756,#6381,#6382);
#5308=AXIS2_PLACEMENT_3D('',#7758,#6384,#6385);
#5309=AXIS2_PLACEMENT_3D('',#7759,#6386,#6387);
#5310=AXIS2_PLACEMENT_3D('',#7761,#6389,#6390);
#5311=AXIS2_PLACEMENT_3D('',#7763,#6392,#6393);
#5312=AXIS2_PLACEMENT_3D('',#7764,#6394,#6395);
#5313=AXIS2_PLACEMENT_3D('',#7765,#6396,#6397);
#5314=AXIS2_PLACEMENT_3D('',#7766,#6398,#6399);
#5315=AXIS2_PLACEMENT_3D('',#7767,#6400,#6401);
#5316=AXIS2_PLACEMENT_3D('',#7768,#6402,#6403);
#5317=AXIS2_PLACEMENT_3D('',#7769,#6404,#6405);
#5318=AXIS2_PLACEMENT_3D('',#7770,#6406,#6407);
#5319=AXIS2_PLACEMENT_3D('',#7771,#6408,#6409);
#5320=AXIS2_PLACEMENT_3D('',#7772,#6410,#6411);
#5321=AXIS2_PLACEMENT_3D('',#7773,#6412,#6413);
#5322=AXIS2_PLACEMENT_3D('',#7775,#6414,#6415);
#5323=AXIS2_PLACEMENT_3D('',#7778,#6417,#6418);
#5324=AXIS2_PLACEMENT_3D('',#7779,#6419,#6420);
#5325=AXIS2_PLACEMENT_3D('',#7781,#6421,#6422);
#5326=AXIS2_PLACEMENT_3D('',#7784,#6424,#6425);
#5327=AXIS2_PLACEMENT_3D('',#7785,#6426,#6427);
#5328=AXIS2_PLACEMENT_3D('',#7787,#6428,#6429);
#5329=AXIS2_PLACEMENT_3D('',#7790,#6431,#6432);
#5330=AXIS2_PLACEMENT_3D('',#7791,#6433,#6434);
#5331=AXIS2_PLACEMENT_3D('',#7793,#6435,#6436);
#5332=AXIS2_PLACEMENT_3D('',#7796,#6438,#6439);
#5333=AXIS2_PLACEMENT_3D('',#7797,#6440,#6441);
#5334=AXIS2_PLACEMENT_3D('',#7799,#6442,#6443);
#5335=AXIS2_PLACEMENT_3D('',#7802,#6445,#6446);
#5336=AXIS2_PLACEMENT_3D('',#7803,#6447,#6448);
#5337=AXIS2_PLACEMENT_3D('',#7805,#6449,#6450);
#5338=AXIS2_PLACEMENT_3D('',#7808,#6452,#6453);
#5339=AXIS2_PLACEMENT_3D('',#7809,#6454,#6455);
#5340=AXIS2_PLACEMENT_3D('',#7811,#6456,#6457);
#5341=AXIS2_PLACEMENT_3D('',#7814,#6459,#6460);
#5342=AXIS2_PLACEMENT_3D('',#7815,#6461,#6462);
#5343=AXIS2_PLACEMENT_3D('',#7817,#6463,#6464);
#5344=AXIS2_PLACEMENT_3D('',#7820,#6466,#6467);
#5345=AXIS2_PLACEMENT_3D('',#7821,#6468,#6469);
#5346=AXIS2_PLACEMENT_3D('',#7823,#6470,#6471);
#5347=AXIS2_PLACEMENT_3D('',#7826,#6473,#6474);
#5348=AXIS2_PLACEMENT_3D('',#7827,#6475,#6476);
#5349=AXIS2_PLACEMENT_3D('',#7829,#6477,#6478);
#5350=AXIS2_PLACEMENT_3D('',#7832,#6480,#6481);
#5351=AXIS2_PLACEMENT_3D('',#7833,#6482,#6483);
#5352=AXIS2_PLACEMENT_3D('',#7835,#6484,#6485);
#5353=AXIS2_PLACEMENT_3D('',#7838,#6487,#6488);
#5354=AXIS2_PLACEMENT_3D('',#7839,#6489,#6490);
#5355=AXIS2_PLACEMENT_3D('',#7841,#6491,#6492);
#5356=AXIS2_PLACEMENT_3D('',#7844,#6494,#6495);
#5357=AXIS2_PLACEMENT_3D('',#7845,#6496,#6497);
#5358=AXIS2_PLACEMENT_3D('',#7847,#6498,#6499);
#5359=AXIS2_PLACEMENT_3D('',#7850,#6501,#6502);
#5360=AXIS2_PLACEMENT_3D('',#7851,#6503,#6504);
#5361=AXIS2_PLACEMENT_3D('',#7853,#6505,#6506);
#5362=AXIS2_PLACEMENT_3D('',#7856,#6508,#6509);
#5363=AXIS2_PLACEMENT_3D('',#7857,#6510,#6511);
#5364=AXIS2_PLACEMENT_3D('',#7859,#6512,#6513);
#5365=AXIS2_PLACEMENT_3D('',#7862,#6515,#6516);
#5366=AXIS2_PLACEMENT_3D('',#7863,#6517,#6518);
#5367=AXIS2_PLACEMENT_3D('',#7865,#6519,#6520);
#5368=AXIS2_PLACEMENT_3D('',#7868,#6522,#6523);
#5369=AXIS2_PLACEMENT_3D('',#7869,#6524,#6525);
#5370=AXIS2_PLACEMENT_3D('',#7871,#6526,#6527);
#5371=AXIS2_PLACEMENT_3D('',#7874,#6529,#6530);
#5372=AXIS2_PLACEMENT_3D('',#7875,#6531,#6532);
#5373=AXIS2_PLACEMENT_3D('',#7877,#6533,#6534);
#5374=AXIS2_PLACEMENT_3D('',#7880,#6536,#6537);
#5375=AXIS2_PLACEMENT_3D('',#7881,#6538,#6539);
#5376=AXIS2_PLACEMENT_3D('',#7883,#6540,#6541);
#5377=AXIS2_PLACEMENT_3D('',#7886,#6543,#6544);
#5378=AXIS2_PLACEMENT_3D('',#7887,#6545,#6546);
#5379=AXIS2_PLACEMENT_3D('',#7889,#6547,#6548);
#5380=AXIS2_PLACEMENT_3D('',#7892,#6550,#6551);
#5381=AXIS2_PLACEMENT_3D('',#7893,#6552,#6553);
#5382=AXIS2_PLACEMENT_3D('',#7895,#6554,#6555);
#5383=AXIS2_PLACEMENT_3D('',#7898,#6557,#6558);
#5384=AXIS2_PLACEMENT_3D('',#7899,#6559,#6560);
#5385=AXIS2_PLACEMENT_3D('',#7901,#6561,#6562);
#5386=AXIS2_PLACEMENT_3D('',#7904,#6564,#6565);
#5387=AXIS2_PLACEMENT_3D('',#7905,#6566,#6567);
#5388=AXIS2_PLACEMENT_3D('',#7907,#6568,#6569);
#5389=AXIS2_PLACEMENT_3D('',#7910,#6571,#6572);
#5390=AXIS2_PLACEMENT_3D('',#7911,#6573,#6574);
#5391=AXIS2_PLACEMENT_3D('',#7913,#6575,#6576);
#5392=AXIS2_PLACEMENT_3D('',#7916,#6578,#6579);
#5393=AXIS2_PLACEMENT_3D('',#7917,#6580,#6581);
#5394=AXIS2_PLACEMENT_3D('',#7919,#6582,#6583);
#5395=AXIS2_PLACEMENT_3D('',#7922,#6585,#6586);
#5396=AXIS2_PLACEMENT_3D('',#7923,#6587,#6588);
#5397=AXIS2_PLACEMENT_3D('',#7925,#6589,#6590);
#5398=AXIS2_PLACEMENT_3D('',#7928,#6592,#6593);
#5399=AXIS2_PLACEMENT_3D('',#7929,#6594,#6595);
#5400=AXIS2_PLACEMENT_3D('',#7931,#6596,#6597);
#5401=AXIS2_PLACEMENT_3D('',#7934,#6599,#6600);
#5402=AXIS2_PLACEMENT_3D('',#7935,#6601,#6602);
#5403=AXIS2_PLACEMENT_3D('',#7937,#6603,#6604);
#5404=AXIS2_PLACEMENT_3D('',#7940,#6606,#6607);
#5405=AXIS2_PLACEMENT_3D('',#7941,#6608,#6609);
#5406=AXIS2_PLACEMENT_3D('',#7943,#6610,#6611);
#5407=AXIS2_PLACEMENT_3D('',#7946,#6613,#6614);
#5408=AXIS2_PLACEMENT_3D('',#7947,#6615,#6616);
#5409=AXIS2_PLACEMENT_3D('',#7949,#6617,#6618);
#5410=AXIS2_PLACEMENT_3D('',#7952,#6620,#6621);
#5411=AXIS2_PLACEMENT_3D('',#7953,#6622,#6623);
#5412=AXIS2_PLACEMENT_3D('',#7955,#6624,#6625);
#5413=AXIS2_PLACEMENT_3D('',#7958,#6627,#6628);
#5414=AXIS2_PLACEMENT_3D('',#7959,#6629,#6630);
#5415=AXIS2_PLACEMENT_3D('',#7961,#6631,#6632);
#5416=AXIS2_PLACEMENT_3D('',#7964,#6634,#6635);
#5417=AXIS2_PLACEMENT_3D('',#7965,#6636,#6637);
#5418=AXIS2_PLACEMENT_3D('',#7967,#6638,#6639);
#5419=AXIS2_PLACEMENT_3D('',#7970,#6641,#6642);
#5420=AXIS2_PLACEMENT_3D('',#7971,#6643,#6644);
#5421=AXIS2_PLACEMENT_3D('',#7973,#6645,#6646);
#5422=AXIS2_PLACEMENT_3D('',#7976,#6648,#6649);
#5423=AXIS2_PLACEMENT_3D('',#7977,#6650,#6651);
#5424=AXIS2_PLACEMENT_3D('',#7979,#6652,#6653);
#5425=AXIS2_PLACEMENT_3D('',#7982,#6655,#6656);
#5426=AXIS2_PLACEMENT_3D('',#7983,#6657,#6658);
#5427=AXIS2_PLACEMENT_3D('',#7985,#6659,#6660);
#5428=AXIS2_PLACEMENT_3D('',#7988,#6662,#6663);
#5429=AXIS2_PLACEMENT_3D('',#7989,#6664,#6665);
#5430=AXIS2_PLACEMENT_3D('',#7991,#6666,#6667);
#5431=AXIS2_PLACEMENT_3D('',#7994,#6669,#6670);
#5432=AXIS2_PLACEMENT_3D('',#7995,#6671,#6672);
#5433=AXIS2_PLACEMENT_3D('',#7997,#6673,#6674);
#5434=AXIS2_PLACEMENT_3D('',#8000,#6676,#6677);
#5435=AXIS2_PLACEMENT_3D('',#8001,#6678,#6679);
#5436=AXIS2_PLACEMENT_3D('',#8003,#6680,#6681);
#5437=AXIS2_PLACEMENT_3D('',#8006,#6683,#6684);
#5438=AXIS2_PLACEMENT_3D('',#8007,#6685,#6686);
#5439=AXIS2_PLACEMENT_3D('',#8009,#6687,#6688);
#5440=AXIS2_PLACEMENT_3D('',#8012,#6690,#6691);
#5441=AXIS2_PLACEMENT_3D('',#8013,#6692,#6693);
#5442=AXIS2_PLACEMENT_3D('',#8015,#6694,#6695);
#5443=AXIS2_PLACEMENT_3D('',#8018,#6697,#6698);
#5444=AXIS2_PLACEMENT_3D('',#8019,#6699,#6700);
#5445=AXIS2_PLACEMENT_3D('',#8021,#6701,#6702);
#5446=AXIS2_PLACEMENT_3D('',#8024,#6704,#6705);
#5447=AXIS2_PLACEMENT_3D('',#8025,#6706,#6707);
#5448=AXIS2_PLACEMENT_3D('',#8027,#6708,#6709);
#5449=AXIS2_PLACEMENT_3D('',#8030,#6711,#6712);
#5450=AXIS2_PLACEMENT_3D('',#8031,#6713,#6714);
#5451=AXIS2_PLACEMENT_3D('',#8033,#6715,#6716);
#5452=AXIS2_PLACEMENT_3D('',#8036,#6718,#6719);
#5453=AXIS2_PLACEMENT_3D('',#8037,#6720,#6721);
#5454=AXIS2_PLACEMENT_3D('',#8039,#6722,#6723);
#5455=AXIS2_PLACEMENT_3D('',#8042,#6725,#6726);
#5456=AXIS2_PLACEMENT_3D('',#8043,#6727,#6728);
#5457=AXIS2_PLACEMENT_3D('',#8045,#6729,#6730);
#5458=AXIS2_PLACEMENT_3D('',#8048,#6732,#6733);
#5459=AXIS2_PLACEMENT_3D('',#8049,#6734,#6735);
#5460=AXIS2_PLACEMENT_3D('',#8051,#6736,#6737);
#5461=AXIS2_PLACEMENT_3D('',#8054,#6739,#6740);
#5462=AXIS2_PLACEMENT_3D('',#8055,#6741,#6742);
#5463=AXIS2_PLACEMENT_3D('',#8057,#6743,#6744);
#5464=AXIS2_PLACEMENT_3D('',#8060,#6746,#6747);
#5465=AXIS2_PLACEMENT_3D('',#8061,#6748,#6749);
#5466=AXIS2_PLACEMENT_3D('',#8063,#6750,#6751);
#5467=AXIS2_PLACEMENT_3D('',#8066,#6753,#6754);
#5468=AXIS2_PLACEMENT_3D('',#8067,#6755,#6756);
#5469=AXIS2_PLACEMENT_3D('',#8069,#6757,#6758);
#5470=AXIS2_PLACEMENT_3D('',#8072,#6760,#6761);
#5471=AXIS2_PLACEMENT_3D('',#8073,#6762,#6763);
#5472=AXIS2_PLACEMENT_3D('',#8075,#6764,#6765);
#5473=AXIS2_PLACEMENT_3D('',#8078,#6767,#6768);
#5474=AXIS2_PLACEMENT_3D('',#8079,#6769,#6770);
#5475=AXIS2_PLACEMENT_3D('',#8081,#6771,#6772);
#5476=AXIS2_PLACEMENT_3D('',#8084,#6774,#6775);
#5477=AXIS2_PLACEMENT_3D('',#8085,#6776,#6777);
#5478=AXIS2_PLACEMENT_3D('',#8087,#6778,#6779);
#5479=AXIS2_PLACEMENT_3D('',#8090,#6781,#6782);
#5480=AXIS2_PLACEMENT_3D('',#8091,#6783,#6784);
#5481=AXIS2_PLACEMENT_3D('',#8093,#6785,#6786);
#5482=AXIS2_PLACEMENT_3D('',#8096,#6788,#6789);
#5483=AXIS2_PLACEMENT_3D('',#8097,#6790,#6791);
#5484=AXIS2_PLACEMENT_3D('',#8099,#6792,#6793);
#5485=AXIS2_PLACEMENT_3D('',#8102,#6795,#6796);
#5486=AXIS2_PLACEMENT_3D('',#8103,#6797,#6798);
#5487=AXIS2_PLACEMENT_3D('',#8105,#6799,#6800);
#5488=AXIS2_PLACEMENT_3D('',#8108,#6802,#6803);
#5489=AXIS2_PLACEMENT_3D('',#8109,#6804,#6805);
#5490=AXIS2_PLACEMENT_3D('',#8111,#6806,#6807);
#5491=AXIS2_PLACEMENT_3D('',#8114,#6809,#6810);
#5492=AXIS2_PLACEMENT_3D('',#8115,#6811,#6812);
#5493=AXIS2_PLACEMENT_3D('',#8117,#6813,#6814);
#5494=AXIS2_PLACEMENT_3D('',#8120,#6816,#6817);
#5495=AXIS2_PLACEMENT_3D('',#8121,#6818,#6819);
#5496=AXIS2_PLACEMENT_3D('',#8130,#6824,#6825);
#5497=AXIS2_PLACEMENT_3D('',#8173,#6846,#6847);
#5498=AXIS2_PLACEMENT_3D('',#8177,#6849,#6850);
#5499=AXIS2_PLACEMENT_3D('',#8181,#6852,#6853);
#5500=AXIS2_PLACEMENT_3D('',#8185,#6855,#6856);
#5501=AXIS2_PLACEMENT_3D('',#8187,#6858,#6859);
#5502=AXIS2_PLACEMENT_3D('',#8190,#6862,#6863);
#5503=AXIS2_PLACEMENT_3D('',#8192,#6865,#6866);
#5504=AXIS2_PLACEMENT_3D('',#8194,#6868,#6869);
#5505=AXIS2_PLACEMENT_3D('',#8195,#6870,#6871);
#5506=AXIS2_PLACEMENT_3D('',#8201,#6875,#6876);
#5507=AXIS2_PLACEMENT_3D('',#8205,#6879,#6880);
#5508=AXIS2_PLACEMENT_3D('',#8209,#6883,#6884);
#5509=AXIS2_PLACEMENT_3D('',#8211,#6886,#6887);
#5510=AXIS2_PLACEMENT_3D('',#8212,#6888,#6889);
#5511=AXIS2_PLACEMENT_3D('',#8218,#6893,#6894);
#5512=AXIS2_PLACEMENT_3D('',#8222,#6897,#6898);
#5513=AXIS2_PLACEMENT_3D('',#8226,#6901,#6902);
#5514=AXIS2_PLACEMENT_3D('',#8228,#6904,#6905);
#5515=AXIS2_PLACEMENT_3D('',#8229,#6906,#6907);
#5516=AXIS2_PLACEMENT_3D('',#8235,#6911,#6912);
#5517=AXIS2_PLACEMENT_3D('',#8239,#6915,#6916);
#5518=AXIS2_PLACEMENT_3D('',#8243,#6919,#6920);
#5519=AXIS2_PLACEMENT_3D('',#8245,#6922,#6923);
#5520=AXIS2_PLACEMENT_3D('',#8246,#6924,#6925);
#5521=AXIS2_PLACEMENT_3D('',#8252,#6929,#6930);
#5522=AXIS2_PLACEMENT_3D('',#8256,#6933,#6934);
#5523=AXIS2_PLACEMENT_3D('',#8260,#6937,#6938);
#5524=AXIS2_PLACEMENT_3D('',#8262,#6940,#6941);
#5525=AXIS2_PLACEMENT_3D('',#8263,#6942,#6943);
#5526=AXIS2_PLACEMENT_3D('',#8267,#6945,#6946);
#5527=AXIS2_PLACEMENT_3D('',#8269,#6948,#6949);
#5528=AXIS2_PLACEMENT_3D('',#8273,#6952,#6953);
#5529=AXIS2_PLACEMENT_3D('',#8275,#6954,#6955);
#5530=AXIS2_PLACEMENT_3D('',#8277,#6957,#6958);
#5531=AXIS2_PLACEMENT_3D('',#8281,#6961,#6962);
#5532=AXIS2_PLACEMENT_3D('',#8283,#6963,#6964);
#5533=AXIS2_PLACEMENT_3D('',#8285,#6966,#6967);
#5534=AXIS2_PLACEMENT_3D('',#8289,#6970,#6971);
#5535=AXIS2_PLACEMENT_3D('',#8291,#6972,#6973);
#5536=AXIS2_PLACEMENT_3D('',#8293,#6975,#6976);
#5537=AXIS2_PLACEMENT_3D('',#8295,#6978,#6979);
#5538=AXIS2_PLACEMENT_3D('',#8296,#6980,#6981);
#5539=AXIS2_PLACEMENT_3D('',#8297,#6982,#6983);
#5540=AXIS2_PLACEMENT_3D('',#8306,#6988,#6989);
#5541=AXIS2_PLACEMENT_3D('',#8312,#6993,#6994);
#5542=AXIS2_PLACEMENT_3D('',#8318,#6998,#6999);
#5543=AXIS2_PLACEMENT_3D('',#8321,#7002,#7003);
#5544=AXIS2_PLACEMENT_3D('',#8322,#7004,#7005);
#5545=AXIS2_PLACEMENT_3D('',#8323,#7006,#7007);
#5546=AXIS2_PLACEMENT_3D('',#8324,#7008,#7009);
#5547=AXIS2_PLACEMENT_3D('',#8325,#7010,#7011);
#5548=AXIS2_PLACEMENT_3D('',#8326,#7012,#7013);
#5549=AXIS2_PLACEMENT_3D('',#8327,#7014,#7015);
#5550=DIRECTION('axis',(0.,0.,1.));
#5551=DIRECTION('refdir',(1.,0.,0.));
#5552=DIRECTION('axis',(0.,0.,1.));
#5553=DIRECTION('refdir',(1.,0.,0.));
#5554=DIRECTION('center_axis',(0.,0.,1.));
#5555=DIRECTION('ref_axis',(1.,0.,0.));
#5556=DIRECTION('center_axis',(0.,0.,-1.));
#5557=DIRECTION('ref_axis',(-1.,0.,0.));
#5558=DIRECTION('',(0.,0.,1.));
#5559=DIRECTION('center_axis',(0.,0.,-1.));
#5560=DIRECTION('ref_axis',(-1.,0.,0.));
#5561=DIRECTION('center_axis',(0.,0.,1.));
#5562=DIRECTION('ref_axis',(1.,0.,0.));
#5563=DIRECTION('center_axis',(0.,0.,-1.));
#5564=DIRECTION('ref_axis',(-1.,0.,0.));
#5565=DIRECTION('',(0.,0.,1.));
#5566=DIRECTION('center_axis',(0.,0.,-1.));
#5567=DIRECTION('ref_axis',(-1.,0.,0.));
#5568=DIRECTION('center_axis',(0.,0.,1.));
#5569=DIRECTION('ref_axis',(1.,0.,0.));
#5570=DIRECTION('center_axis',(0.,0.,-1.));
#5571=DIRECTION('ref_axis',(-1.,0.,0.));
#5572=DIRECTION('',(0.,0.,1.));
#5573=DIRECTION('center_axis',(0.,0.,-1.));
#5574=DIRECTION('ref_axis',(-1.,0.,0.));
#5575=DIRECTION('center_axis',(0.,0.,1.));
#5576=DIRECTION('ref_axis',(1.,0.,0.));
#5577=DIRECTION('center_axis',(0.,0.,-1.));
#5578=DIRECTION('ref_axis',(-1.,0.,0.));
#5579=DIRECTION('',(0.,0.,1.));
#5580=DIRECTION('center_axis',(0.,0.,-1.));
#5581=DIRECTION('ref_axis',(-1.,0.,0.));
#5582=DIRECTION('center_axis',(0.,0.,1.));
#5583=DIRECTION('ref_axis',(1.,0.,0.));
#5584=DIRECTION('center_axis',(0.,0.,1.));
#5585=DIRECTION('ref_axis',(1.,0.,0.));
#5586=DIRECTION('',(0.,0.,1.));
#5587=DIRECTION('center_axis',(0.,0.,1.));
#5588=DIRECTION('ref_axis',(1.,0.,0.));
#5589=DIRECTION('center_axis',(0.,0.,1.));
#5590=DIRECTION('ref_axis',(1.,0.,0.));
#5591=DIRECTION('center_axis',(0.,0.,1.));
#5592=DIRECTION('ref_axis',(1.,0.,0.));
#5593=DIRECTION('',(0.,0.,1.));
#5594=DIRECTION('center_axis',(0.,0.,1.));
#5595=DIRECTION('ref_axis',(1.,0.,0.));
#5596=DIRECTION('center_axis',(0.,0.,1.));
#5597=DIRECTION('ref_axis',(1.,0.,0.));
#5598=DIRECTION('center_axis',(0.,0.,1.));
#5599=DIRECTION('ref_axis',(1.,0.,0.));
#5600=DIRECTION('',(0.,0.,1.));
#5601=DIRECTION('center_axis',(0.,0.,1.));
#5602=DIRECTION('ref_axis',(1.,0.,0.));
#5603=DIRECTION('center_axis',(0.,0.,1.));
#5604=DIRECTION('ref_axis',(1.,0.,0.));
#5605=DIRECTION('center_axis',(0.,0.,1.));
#5606=DIRECTION('ref_axis',(1.,0.,0.));
#5607=DIRECTION('',(0.,0.,1.));
#5608=DIRECTION('center_axis',(0.,0.,1.));
#5609=DIRECTION('ref_axis',(1.,0.,0.));
#5610=DIRECTION('center_axis',(-5.55111512312567E-17,8.91406207328614E-32,
-1.));
#5611=DIRECTION('ref_axis',(-1.,-4.94829847834996E-48,5.55111512312567E-17));
#5612=DIRECTION('center_axis',(0.,0.,1.));
#5613=DIRECTION('ref_axis',(-1.,0.,0.));
#5614=DIRECTION('',(-5.55111512312567E-17,8.91406207328614E-32,-1.));
#5615=DIRECTION('center_axis',(0.,0.,1.));
#5616=DIRECTION('ref_axis',(-1.,0.,0.));
#5617=DIRECTION('center_axis',(-5.55111512312567E-17,8.91406207328614E-32,
-1.));
#5618=DIRECTION('ref_axis',(-1.,-4.94829847834996E-48,5.55111512312567E-17));
#5619=DIRECTION('center_axis',(0.,0.,1.));
#5620=DIRECTION('ref_axis',(-1.,0.,0.));
#5621=DIRECTION('',(-5.55111512312567E-17,8.91406207328614E-32,-1.));
#5622=DIRECTION('center_axis',(0.,0.,1.));
#5623=DIRECTION('ref_axis',(-1.,0.,0.));
#5624=DIRECTION('center_axis',(-5.55111512312567E-17,8.91406207328614E-32,
-1.));
#5625=DIRECTION('ref_axis',(-1.,-4.94829847834996E-48,5.55111512312567E-17));
#5626=DIRECTION('center_axis',(0.,0.,1.));
#5627=DIRECTION('ref_axis',(-1.,0.,0.));
#5628=DIRECTION('',(-5.55111512312567E-17,8.91406207328614E-32,-1.));
#5629=DIRECTION('center_axis',(0.,0.,1.));
#5630=DIRECTION('ref_axis',(-1.,0.,0.));
#5631=DIRECTION('center_axis',(-5.55111512312567E-17,8.91406207328614E-32,
-1.));
#5632=DIRECTION('ref_axis',(-1.,-4.94829847834996E-48,5.55111512312567E-17));
#5633=DIRECTION('center_axis',(0.,0.,1.));
#5634=DIRECTION('ref_axis',(-1.,0.,0.));
#5635=DIRECTION('',(-5.55111512312567E-17,8.91406207328614E-32,-1.));
#5636=DIRECTION('center_axis',(0.,0.,1.));
#5637=DIRECTION('ref_axis',(-1.,0.,0.));
#5638=DIRECTION('center_axis',(-5.55111512312567E-17,8.91406207328614E-32,
-1.));
#5639=DIRECTION('ref_axis',(-1.,-4.94829847834996E-48,5.55111512312567E-17));
#5640=DIRECTION('center_axis',(0.,0.,1.));
#5641=DIRECTION('ref_axis',(-1.,0.,0.));
#5642=DIRECTION('',(-5.55111512312567E-17,8.91406207328614E-32,-1.));
#5643=DIRECTION('center_axis',(0.,0.,1.));
#5644=DIRECTION('ref_axis',(-1.,0.,0.));
#5645=DIRECTION('center_axis',(-5.55111512312567E-17,8.91406207328614E-32,
-1.));
#5646=DIRECTION('ref_axis',(-1.,-4.94829847834996E-48,5.55111512312567E-17));
#5647=DIRECTION('center_axis',(0.,0.,1.));
#5648=DIRECTION('ref_axis',(-1.,0.,0.));
#5649=DIRECTION('',(-5.55111512312567E-17,8.91406207328614E-32,-1.));
#5650=DIRECTION('center_axis',(0.,0.,1.));
#5651=DIRECTION('ref_axis',(-1.,0.,0.));
#5652=DIRECTION('center_axis',(-5.55111512312567E-17,8.91406207328614E-32,
-1.));
#5653=DIRECTION('ref_axis',(-1.,-4.94829847834996E-48,5.55111512312567E-17));
#5654=DIRECTION('center_axis',(0.,0.,1.));
#5655=DIRECTION('ref_axis',(-1.,0.,0.));
#5656=DIRECTION('',(-5.55111512312567E-17,8.91406207328614E-32,-1.));
#5657=DIRECTION('center_axis',(0.,0.,1.));
#5658=DIRECTION('ref_axis',(-1.,0.,0.));
#5659=DIRECTION('center_axis',(-5.55111512312567E-17,8.91406207328614E-32,
-1.));
#5660=DIRECTION('ref_axis',(-1.,-4.94829847834996E-48,5.55111512312567E-17));
#5661=DIRECTION('center_axis',(0.,0.,1.));
#5662=DIRECTION('ref_axis',(-1.,0.,0.));
#5663=DIRECTION('',(-5.55111512312567E-17,8.91406207328614E-32,-1.));
#5664=DIRECTION('center_axis',(0.,0.,1.));
#5665=DIRECTION('ref_axis',(-1.,0.,0.));
#5666=DIRECTION('center_axis',(-5.55111512312567E-17,8.91406207328614E-32,
-1.));
#5667=DIRECTION('ref_axis',(-1.,-4.94829847834996E-48,5.55111512312567E-17));
#5668=DIRECTION('center_axis',(0.,0.,1.));
#5669=DIRECTION('ref_axis',(-1.,0.,0.));
#5670=DIRECTION('',(-5.55111512312567E-17,8.91406207328614E-32,-1.));
#5671=DIRECTION('center_axis',(0.,0.,1.));
#5672=DIRECTION('ref_axis',(-1.,0.,0.));
#5673=DIRECTION('center_axis',(-5.55111512312567E-17,8.91406207328614E-32,
-1.));
#5674=DIRECTION('ref_axis',(-1.,-4.94829847834996E-48,5.55111512312567E-17));
#5675=DIRECTION('center_axis',(0.,0.,1.));
#5676=DIRECTION('ref_axis',(-1.,0.,0.));
#5677=DIRECTION('',(-5.55111512312567E-17,8.91406207328614E-32,-1.));
#5678=DIRECTION('center_axis',(0.,0.,1.));
#5679=DIRECTION('ref_axis',(-1.,0.,0.));
#5680=DIRECTION('center_axis',(-5.55111512312567E-17,8.91406207328614E-32,
-1.));
#5681=DIRECTION('ref_axis',(-1.,-4.94829847834996E-48,5.55111512312567E-17));
#5682=DIRECTION('center_axis',(0.,0.,1.));
#5683=DIRECTION('ref_axis',(-1.,0.,0.));
#5684=DIRECTION('',(-5.55111512312567E-17,8.91406207328614E-32,-1.));
#5685=DIRECTION('center_axis',(0.,0.,1.));
#5686=DIRECTION('ref_axis',(-1.,0.,0.));
#5687=DIRECTION('center_axis',(-5.55111512312567E-17,8.91406207328614E-32,
-1.));
#5688=DIRECTION('ref_axis',(-1.,-4.94829847834996E-48,5.55111512312566E-17));
#5689=DIRECTION('center_axis',(0.,0.,1.));
#5690=DIRECTION('ref_axis',(-1.,0.,0.));
#5691=DIRECTION('',(-5.55111512312566E-17,8.91406207328614E-32,-1.));
#5692=DIRECTION('center_axis',(0.,0.,1.));
#5693=DIRECTION('ref_axis',(-1.,0.,0.));
#5694=DIRECTION('center_axis',(-5.55111512312567E-17,8.91406207328614E-32,
-1.));
#5695=DIRECTION('ref_axis',(-1.,-4.94829847834996E-48,5.55111512312566E-17));
#5696=DIRECTION('center_axis',(0.,0.,1.));
#5697=DIRECTION('ref_axis',(-1.,0.,0.));
#5698=DIRECTION('',(-5.55111512312566E-17,8.91406207328614E-32,-1.));
#5699=DIRECTION('center_axis',(0.,0.,1.));
#5700=DIRECTION('ref_axis',(-1.,0.,0.));
#5701=DIRECTION('center_axis',(-5.55111512312567E-17,8.91406207328614E-32,
-1.));
#5702=DIRECTION('ref_axis',(-1.,-4.94829847834996E-48,5.55111512312566E-17));
#5703=DIRECTION('center_axis',(0.,0.,1.));
#5704=DIRECTION('ref_axis',(-1.,0.,0.));
#5705=DIRECTION('',(-5.55111512312566E-17,8.91406207328614E-32,-1.));
#5706=DIRECTION('center_axis',(0.,0.,1.));
#5707=DIRECTION('ref_axis',(-1.,0.,0.));
#5708=DIRECTION('center_axis',(-5.55111512312567E-17,8.91406207328614E-32,
-1.));
#5709=DIRECTION('ref_axis',(-1.,-4.94829847834996E-48,5.55111512312567E-17));
#5710=DIRECTION('center_axis',(0.,0.,1.));
#5711=DIRECTION('ref_axis',(-1.,0.,0.));
#5712=DIRECTION('',(-5.55111512312567E-17,8.91406207328614E-32,-1.));
#5713=DIRECTION('center_axis',(0.,0.,1.));
#5714=DIRECTION('ref_axis',(-1.,0.,0.));
#5715=DIRECTION('center_axis',(-5.55111512312567E-17,8.91406207328614E-32,
-1.));
#5716=DIRECTION('ref_axis',(-1.,-4.94829847834996E-48,5.55111512312567E-17));
#5717=DIRECTION('center_axis',(0.,0.,1.));
#5718=DIRECTION('ref_axis',(-1.,0.,0.));
#5719=DIRECTION('',(-5.55111512312567E-17,8.91406207328614E-32,-1.));
#5720=DIRECTION('center_axis',(0.,0.,1.));
#5721=DIRECTION('ref_axis',(-1.,0.,0.));
#5722=DIRECTION('center_axis',(-5.55111512312567E-17,8.91406207328614E-32,
-1.));
#5723=DIRECTION('ref_axis',(-1.,-4.94829847834996E-48,5.55111512312567E-17));
#5724=DIRECTION('center_axis',(0.,0.,1.));
#5725=DIRECTION('ref_axis',(-1.,0.,0.));
#5726=DIRECTION('',(-5.55111512312567E-17,8.91406207328614E-32,-1.));
#5727=DIRECTION('center_axis',(0.,0.,1.));
#5728=DIRECTION('ref_axis',(-1.,0.,0.));
#5729=DIRECTION('center_axis',(-5.55111512312567E-17,8.91406207328614E-32,
-1.));
#5730=DIRECTION('ref_axis',(-1.,-4.94829847834996E-48,5.55111512312567E-17));
#5731=DIRECTION('center_axis',(0.,0.,1.));
#5732=DIRECTION('ref_axis',(-1.,0.,0.));
#5733=DIRECTION('',(-5.55111512312567E-17,8.91406207328614E-32,-1.));
#5734=DIRECTION('center_axis',(0.,0.,1.));
#5735=DIRECTION('ref_axis',(-1.,0.,0.));
#5736=DIRECTION('center_axis',(-5.55111512312567E-17,8.91406207328614E-32,
-1.));
#5737=DIRECTION('ref_axis',(-1.,-4.94829847834996E-48,5.55111512312567E-17));
#5738=DIRECTION('center_axis',(0.,0.,1.));
#5739=DIRECTION('ref_axis',(-1.,0.,0.));
#5740=DIRECTION('',(-5.55111512312567E-17,8.91406207328614E-32,-1.));
#5741=DIRECTION('center_axis',(0.,0.,1.));
#5742=DIRECTION('ref_axis',(-1.,0.,0.));
#5743=DIRECTION('center_axis',(-5.55111512312567E-17,8.91406207328614E-32,
-1.));
#5744=DIRECTION('ref_axis',(-1.,-4.94829847834996E-48,5.55111512312567E-17));
#5745=DIRECTION('center_axis',(0.,0.,1.));
#5746=DIRECTION('ref_axis',(-1.,0.,0.));
#5747=DIRECTION('',(-5.55111512312567E-17,8.91406207328614E-32,-1.));
#5748=DIRECTION('center_axis',(0.,0.,1.));
#5749=DIRECTION('ref_axis',(-1.,0.,0.));
#5750=DIRECTION('center_axis',(-5.55111512312567E-17,8.91406207328614E-32,
-1.));
#5751=DIRECTION('ref_axis',(-1.,-4.94829847834996E-48,5.55111512312567E-17));
#5752=DIRECTION('center_axis',(0.,0.,1.));
#5753=DIRECTION('ref_axis',(-1.,0.,0.));
#5754=DIRECTION('',(-5.55111512312567E-17,8.91406207328614E-32,-1.));
#5755=DIRECTION('center_axis',(0.,0.,1.));
#5756=DIRECTION('ref_axis',(-1.,0.,0.));
#5757=DIRECTION('center_axis',(-5.55111512312567E-17,8.91406207328614E-32,
-1.));
#5758=DIRECTION('ref_axis',(-1.,-4.94829847834996E-48,5.55111512312567E-17));
#5759=DIRECTION('center_axis',(0.,0.,1.));
#5760=DIRECTION('ref_axis',(-1.,0.,0.));
#5761=DIRECTION('',(-5.55111512312567E-17,8.91406207328614E-32,-1.));
#5762=DIRECTION('center_axis',(0.,0.,1.));
#5763=DIRECTION('ref_axis',(-1.,0.,0.));
#5764=DIRECTION('center_axis',(-5.55111512312567E-17,8.91406207328614E-32,
-1.));
#5765=DIRECTION('ref_axis',(-1.,-4.94829847834996E-48,5.55111512312567E-17));
#5766=DIRECTION('center_axis',(0.,0.,1.));
#5767=DIRECTION('ref_axis',(-1.,0.,0.));
#5768=DIRECTION('',(-5.55111512312567E-17,8.91406207328614E-32,-1.));
#5769=DIRECTION('center_axis',(0.,0.,1.));
#5770=DIRECTION('ref_axis',(-1.,0.,0.));
#5771=DIRECTION('center_axis',(-5.55111512312567E-17,8.91406207328614E-32,
-1.));
#5772=DIRECTION('ref_axis',(-1.,-4.94829847834996E-48,5.55111512312567E-17));
#5773=DIRECTION('center_axis',(0.,0.,1.));
#5774=DIRECTION('ref_axis',(-1.,0.,0.));
#5775=DIRECTION('',(-5.55111512312567E-17,8.91406207328614E-32,-1.));
#5776=DIRECTION('center_axis',(0.,0.,1.));
#5777=DIRECTION('ref_axis',(-1.,0.,0.));
#5778=DIRECTION('center_axis',(-5.55111512312567E-17,8.91406207328614E-32,
-1.));
#5779=DIRECTION('ref_axis',(-1.,-4.94829847834996E-48,5.55111512312567E-17));
#5780=DIRECTION('center_axis',(0.,0.,1.));
#5781=DIRECTION('ref_axis',(-1.,0.,0.));
#5782=DIRECTION('',(-5.55111512312567E-17,8.91406207328614E-32,-1.));
#5783=DIRECTION('center_axis',(0.,0.,1.));
#5784=DIRECTION('ref_axis',(-1.,0.,0.));
#5785=DIRECTION('center_axis',(-5.55111512312567E-17,8.91406207328614E-32,
-1.));
#5786=DIRECTION('ref_axis',(-1.,-4.94829847834996E-48,5.55111512312567E-17));
#5787=DIRECTION('center_axis',(0.,0.,1.));
#5788=DIRECTION('ref_axis',(-1.,0.,0.));
#5789=DIRECTION('',(-5.55111512312567E-17,8.91406207328614E-32,-1.));
#5790=DIRECTION('center_axis',(0.,0.,1.));
#5791=DIRECTION('ref_axis',(-1.,0.,0.));
#5792=DIRECTION('center_axis',(-5.55111512312567E-17,8.91406207328614E-32,
-1.));
#5793=DIRECTION('ref_axis',(-1.,-4.94829847834996E-48,5.55111512312567E-17));
#5794=DIRECTION('center_axis',(0.,0.,1.));
#5795=DIRECTION('ref_axis',(-1.,0.,0.));
#5796=DIRECTION('',(-5.55111512312567E-17,8.91406207328614E-32,-1.));
#5797=DIRECTION('center_axis',(0.,0.,1.));
#5798=DIRECTION('ref_axis',(-1.,0.,0.));
#5799=DIRECTION('center_axis',(-5.55111512312567E-17,8.91406207328614E-32,
-1.));
#5800=DIRECTION('ref_axis',(-1.,-4.94829847834996E-48,5.55111512312567E-17));
#5801=DIRECTION('center_axis',(0.,0.,1.));
#5802=DIRECTION('ref_axis',(-1.,0.,0.));
#5803=DIRECTION('',(-5.55111512312567E-17,8.91406207328614E-32,-1.));
#5804=DIRECTION('center_axis',(0.,0.,1.));
#5805=DIRECTION('ref_axis',(-1.,0.,0.));
#5806=DIRECTION('center_axis',(-5.55111512312567E-17,8.91406207328614E-32,
-1.));
#5807=DIRECTION('ref_axis',(-1.,-4.94829847834996E-48,5.55111512312567E-17));
#5808=DIRECTION('center_axis',(0.,0.,1.));
#5809=DIRECTION('ref_axis',(-1.,0.,0.));
#5810=DIRECTION('',(-5.55111512312567E-17,8.91406207328614E-32,-1.));
#5811=DIRECTION('center_axis',(0.,0.,1.));
#5812=DIRECTION('ref_axis',(-1.,0.,0.));
#5813=DIRECTION('center_axis',(-5.55111512312567E-17,8.91406207328614E-32,
-1.));
#5814=DIRECTION('ref_axis',(-1.,-4.94829847834996E-48,5.55111512312567E-17));
#5815=DIRECTION('center_axis',(0.,0.,1.));
#5816=DIRECTION('ref_axis',(-1.,0.,0.));
#5817=DIRECTION('',(-5.55111512312567E-17,8.91406207328614E-32,-1.));
#5818=DIRECTION('center_axis',(0.,0.,1.));
#5819=DIRECTION('ref_axis',(-1.,0.,0.));
#5820=DIRECTION('center_axis',(-5.55111512312567E-17,8.91406207328614E-32,
-1.));
#5821=DIRECTION('ref_axis',(-1.,-4.94829847834996E-48,5.55111512312566E-17));
#5822=DIRECTION('center_axis',(0.,0.,1.));
#5823=DIRECTION('ref_axis',(-1.,0.,0.));
#5824=DIRECTION('',(-5.55111512312566E-17,8.91406207328614E-32,-1.));
#5825=DIRECTION('center_axis',(0.,0.,1.));
#5826=DIRECTION('ref_axis',(-1.,0.,0.));
#5827=DIRECTION('center_axis',(-5.55111512312567E-17,8.91406207328614E-32,
-1.));
#5828=DIRECTION('ref_axis',(-1.,-4.94829847834996E-48,5.55111512312566E-17));
#5829=DIRECTION('center_axis',(0.,0.,1.));
#5830=DIRECTION('ref_axis',(-1.,0.,0.));
#5831=DIRECTION('',(-5.55111512312566E-17,8.91406207328614E-32,-1.));
#5832=DIRECTION('center_axis',(0.,0.,1.));
#5833=DIRECTION('ref_axis',(-1.,0.,0.));
#5834=DIRECTION('center_axis',(-5.55111512312567E-17,8.91406207328614E-32,
-1.));
#5835=DIRECTION('ref_axis',(-1.,-4.94829847834996E-48,5.55111512312567E-17));
#5836=DIRECTION('center_axis',(0.,0.,1.));
#5837=DIRECTION('ref_axis',(-1.,0.,0.));
#5838=DIRECTION('',(-5.55111512312567E-17,8.91406207328614E-32,-1.));
#5839=DIRECTION('center_axis',(0.,0.,1.));
#5840=DIRECTION('ref_axis',(-1.,0.,0.));
#5841=DIRECTION('center_axis',(-5.55111512312567E-17,8.91406207328614E-32,
-1.));
#5842=DIRECTION('ref_axis',(-1.,-4.94829847834996E-48,5.55111512312567E-17));
#5843=DIRECTION('center_axis',(0.,0.,1.));
#5844=DIRECTION('ref_axis',(-1.,0.,0.));
#5845=DIRECTION('',(-5.55111512312567E-17,8.91406207328614E-32,-1.));
#5846=DIRECTION('center_axis',(0.,0.,1.));
#5847=DIRECTION('ref_axis',(-1.,0.,0.));
#5848=DIRECTION('center_axis',(-5.55111512312567E-17,8.91406207328614E-32,
-1.));
#5849=DIRECTION('ref_axis',(-1.,-4.94829847834996E-48,5.55111512312567E-17));
#5850=DIRECTION('center_axis',(0.,0.,1.));
#5851=DIRECTION('ref_axis',(-1.,0.,0.));
#5852=DIRECTION('',(-5.55111512312567E-17,8.91406207328614E-32,-1.));
#5853=DIRECTION('center_axis',(0.,0.,1.));
#5854=DIRECTION('ref_axis',(-1.,0.,0.));
#5855=DIRECTION('center_axis',(-5.55111512312567E-17,8.91406207328614E-32,
-1.));
#5856=DIRECTION('ref_axis',(-1.,-4.94829847834996E-48,5.55111512312566E-17));
#5857=DIRECTION('center_axis',(0.,0.,1.));
#5858=DIRECTION('ref_axis',(-1.,0.,0.));
#5859=DIRECTION('',(-5.55111512312566E-17,8.91406207328614E-32,-1.));
#5860=DIRECTION('center_axis',(0.,0.,1.));
#5861=DIRECTION('ref_axis',(-1.,0.,0.));
#5862=DIRECTION('center_axis',(5.55111512312567E-17,9.59762194707041E-32,
-1.));
#5863=DIRECTION('ref_axis',(-1.,5.32775043364254E-48,-5.55111512312567E-17));
#5864=DIRECTION('center_axis',(0.,0.,-1.));
#5865=DIRECTION('ref_axis',(-1.,0.,0.));
#5866=DIRECTION('',(5.55111512312567E-17,9.59762194707041E-32,-1.));
#5867=DIRECTION('center_axis',(0.,0.,-1.));
#5868=DIRECTION('ref_axis',(-1.,0.,0.));
#5869=DIRECTION('center_axis',(5.55111512312567E-17,9.59762194707041E-32,
-1.));
#5870=DIRECTION('ref_axis',(-1.,5.32775043364254E-48,-5.55111512312567E-17));
#5871=DIRECTION('center_axis',(0.,0.,-1.));
#5872=DIRECTION('ref_axis',(-1.,0.,0.));
#5873=DIRECTION('',(5.55111512312567E-17,9.59762194707041E-32,-1.));
#5874=DIRECTION('center_axis',(0.,0.,-1.));
#5875=DIRECTION('ref_axis',(-1.,0.,0.));
#5876=DIRECTION('center_axis',(5.55111512312567E-17,9.59762194707041E-32,
-1.));
#5877=DIRECTION('ref_axis',(-1.,5.32775043364254E-48,-5.55111512312567E-17));
#5878=DIRECTION('center_axis',(0.,0.,-1.));
#5879=DIRECTION('ref_axis',(-1.,0.,0.));
#5880=DIRECTION('',(5.55111512312567E-17,9.59762194707041E-32,-1.));
#5881=DIRECTION('center_axis',(0.,0.,-1.));
#5882=DIRECTION('ref_axis',(-1.,0.,0.));
#5883=DIRECTION('center_axis',(5.55111512312567E-17,9.59762194707041E-32,
-1.));
#5884=DIRECTION('ref_axis',(-1.,5.32775043364254E-48,-5.55111512312567E-17));
#5885=DIRECTION('center_axis',(0.,0.,-1.));
#5886=DIRECTION('ref_axis',(-1.,0.,0.));
#5887=DIRECTION('',(5.55111512312567E-17,9.59762194707041E-32,-1.));
#5888=DIRECTION('center_axis',(0.,0.,-1.));
#5889=DIRECTION('ref_axis',(-1.,0.,0.));
#5890=DIRECTION('center_axis',(5.55111512312567E-17,9.59762194707041E-32,
-1.));
#5891=DIRECTION('ref_axis',(-1.,5.32775043364254E-48,-5.55111512312567E-17));
#5892=DIRECTION('center_axis',(0.,0.,-1.));
#5893=DIRECTION('ref_axis',(-1.,0.,0.));
#5894=DIRECTION('',(5.55111512312567E-17,9.59762194707041E-32,-1.));
#5895=DIRECTION('center_axis',(0.,0.,-1.));
#5896=DIRECTION('ref_axis',(-1.,0.,0.));
#5897=DIRECTION('center_axis',(5.55111512312567E-17,9.59762194707041E-32,
-1.));
#5898=DIRECTION('ref_axis',(-1.,5.32775043364254E-48,-5.55111512312567E-17));
#5899=DIRECTION('center_axis',(0.,0.,-1.));
#5900=DIRECTION('ref_axis',(-1.,0.,0.));
#5901=DIRECTION('',(5.55111512312567E-17,9.59762194707041E-32,-1.));
#5902=DIRECTION('center_axis',(0.,0.,-1.));
#5903=DIRECTION('ref_axis',(-1.,0.,0.));
#5904=DIRECTION('center_axis',(5.55111512312567E-17,9.59762194707041E-32,
-1.));
#5905=DIRECTION('ref_axis',(-1.,5.32775043364254E-48,-5.55111512312567E-17));
#5906=DIRECTION('center_axis',(0.,0.,-1.));
#5907=DIRECTION('ref_axis',(-1.,0.,0.));
#5908=DIRECTION('',(5.55111512312567E-17,9.59762194707041E-32,-1.));
#5909=DIRECTION('center_axis',(0.,0.,-1.));
#5910=DIRECTION('ref_axis',(-1.,0.,0.));
#5911=DIRECTION('center_axis',(5.55111512312567E-17,9.59762194707041E-32,
-1.));
#5912=DIRECTION('ref_axis',(-1.,5.32775043364254E-48,-5.55111512312567E-17));
#5913=DIRECTION('center_axis',(0.,0.,-1.));
#5914=DIRECTION('ref_axis',(-1.,0.,0.));
#5915=DIRECTION('',(5.55111512312567E-17,9.59762194707041E-32,-1.));
#5916=DIRECTION('center_axis',(0.,0.,-1.));
#5917=DIRECTION('ref_axis',(-1.,0.,0.));
#5918=DIRECTION('center_axis',(5.55111512312567E-17,9.59762194707041E-32,
-1.));
#5919=DIRECTION('ref_axis',(-1.,5.32775043364254E-48,-5.55111512312567E-17));
#5920=DIRECTION('center_axis',(0.,0.,-1.));
#5921=DIRECTION('ref_axis',(-1.,0.,0.));
#5922=DIRECTION('',(5.55111512312567E-17,9.59762194707041E-32,-1.));
#5923=DIRECTION('center_axis',(0.,0.,-1.));
#5924=DIRECTION('ref_axis',(-1.,0.,0.));
#5925=DIRECTION('center_axis',(5.55111512312567E-17,9.59762194707041E-32,
-1.));
#5926=DIRECTION('ref_axis',(-1.,5.32775043364254E-48,-5.55111512312567E-17));
#5927=DIRECTION('center_axis',(0.,0.,-1.));
#5928=DIRECTION('ref_axis',(-1.,0.,0.));
#5929=DIRECTION('',(5.55111512312567E-17,9.59762194707041E-32,-1.));
#5930=DIRECTION('center_axis',(0.,0.,-1.));
#5931=DIRECTION('ref_axis',(-1.,0.,0.));
#5932=DIRECTION('center_axis',(5.55111512312567E-17,9.59762194707041E-32,
-1.));
#5933=DIRECTION('ref_axis',(-1.,5.32775043364254E-48,-5.55111512312567E-17));
#5934=DIRECTION('center_axis',(0.,0.,-1.));
#5935=DIRECTION('ref_axis',(-1.,0.,0.));
#5936=DIRECTION('',(5.55111512312567E-17,9.59762194707041E-32,-1.));
#5937=DIRECTION('center_axis',(0.,0.,-1.));
#5938=DIRECTION('ref_axis',(-1.,0.,0.));
#5939=DIRECTION('center_axis',(5.55111512312567E-17,9.59762194707041E-32,
-1.));
#5940=DIRECTION('ref_axis',(-1.,5.32775043364254E-48,-5.55111512312567E-17));
#5941=DIRECTION('center_axis',(0.,0.,-1.));
#5942=DIRECTION('ref_axis',(-1.,0.,0.));
#5943=DIRECTION('',(5.55111512312567E-17,9.59762194707041E-32,-1.));
#5944=DIRECTION('center_axis',(0.,0.,-1.));
#5945=DIRECTION('ref_axis',(-1.,0.,0.));
#5946=DIRECTION('center_axis',(5.55111512312567E-17,9.59762194707041E-32,
-1.));
#5947=DIRECTION('ref_axis',(-1.,5.32775043364254E-48,-5.55111512312567E-17));
#5948=DIRECTION('center_axis',(0.,0.,-1.));
#5949=DIRECTION('ref_axis',(-1.,0.,0.));
#5950=DIRECTION('',(5.55111512312567E-17,9.59762194707041E-32,-1.));
#5951=DIRECTION('center_axis',(0.,0.,-1.));
#5952=DIRECTION('ref_axis',(-1.,0.,0.));
#5953=DIRECTION('center_axis',(5.55111512312567E-17,9.59762194707041E-32,
-1.));
#5954=DIRECTION('ref_axis',(-1.,5.32775043364254E-48,-5.55111512312567E-17));
#5955=DIRECTION('center_axis',(0.,0.,-1.));
#5956=DIRECTION('ref_axis',(-1.,0.,0.));
#5957=DIRECTION('',(5.55111512312567E-17,9.59762194707041E-32,-1.));
#5958=DIRECTION('center_axis',(0.,0.,-1.));
#5959=DIRECTION('ref_axis',(-1.,0.,0.));
#5960=DIRECTION('center_axis',(5.55111512312567E-17,9.59762194707041E-32,
-1.));
#5961=DIRECTION('ref_axis',(-1.,5.32775043364254E-48,-5.55111512312567E-17));
#5962=DIRECTION('center_axis',(0.,0.,-1.));
#5963=DIRECTION('ref_axis',(-1.,0.,0.));
#5964=DIRECTION('',(5.55111512312567E-17,9.59762194707041E-32,-1.));
#5965=DIRECTION('center_axis',(0.,0.,-1.));
#5966=DIRECTION('ref_axis',(-1.,0.,0.));
#5967=DIRECTION('center_axis',(5.55111512312567E-17,9.59762194707041E-32,
-1.));
#5968=DIRECTION('ref_axis',(-1.,5.32775043364254E-48,-5.55111512312567E-17));
#5969=DIRECTION('center_axis',(0.,0.,-1.));
#5970=DIRECTION('ref_axis',(-1.,0.,0.));
#5971=DIRECTION('',(5.55111512312567E-17,9.59762194707041E-32,-1.));
#5972=DIRECTION('center_axis',(0.,0.,-1.));
#5973=DIRECTION('ref_axis',(-1.,0.,0.));
#5974=DIRECTION('center_axis',(5.55111512312567E-17,9.59762194707041E-32,
-1.));
#5975=DIRECTION('ref_axis',(-1.,5.32775043364254E-48,-5.55111512312567E-17));
#5976=DIRECTION('center_axis',(0.,0.,-1.));
#5977=DIRECTION('ref_axis',(-1.,0.,0.));
#5978=DIRECTION('',(5.55111512312567E-17,9.59762194707041E-32,-1.));
#5979=DIRECTION('center_axis',(0.,0.,-1.));
#5980=DIRECTION('ref_axis',(-1.,0.,0.));
#5981=DIRECTION('center_axis',(5.55111512312567E-17,9.59762194707041E-32,
-1.));
#5982=DIRECTION('ref_axis',(-1.,5.32775043364254E-48,-5.55111512312567E-17));
#5983=DIRECTION('center_axis',(0.,0.,-1.));
#5984=DIRECTION('ref_axis',(-1.,0.,0.));
#5985=DIRECTION('',(5.55111512312567E-17,9.59762194707041E-32,-1.));
#5986=DIRECTION('center_axis',(0.,0.,-1.));
#5987=DIRECTION('ref_axis',(-1.,0.,0.));
#5988=DIRECTION('center_axis',(5.55111512312567E-17,9.59762194707041E-32,
-1.));
#5989=DIRECTION('ref_axis',(-1.,5.32775043364254E-48,-5.55111512312567E-17));
#5990=DIRECTION('center_axis',(0.,0.,-1.));
#5991=DIRECTION('ref_axis',(-1.,0.,0.));
#5992=DIRECTION('',(5.55111512312567E-17,9.59762194707041E-32,-1.));
#5993=DIRECTION('center_axis',(0.,0.,-1.));
#5994=DIRECTION('ref_axis',(-1.,0.,0.));
#5995=DIRECTION('center_axis',(5.55111512312567E-17,9.59762194707041E-32,
-1.));
#5996=DIRECTION('ref_axis',(-1.,5.32775043364254E-48,-5.55111512312567E-17));
#5997=DIRECTION('center_axis',(0.,0.,-1.));
#5998=DIRECTION('ref_axis',(-1.,0.,0.));
#5999=DIRECTION('',(5.55111512312567E-17,9.59762194707041E-32,-1.));
#6000=DIRECTION('center_axis',(0.,0.,-1.));
#6001=DIRECTION('ref_axis',(-1.,0.,0.));
#6002=DIRECTION('center_axis',(5.55111512312567E-17,9.59762194707041E-32,
-1.));
#6003=DIRECTION('ref_axis',(-1.,5.32775043364254E-48,-5.55111512312567E-17));
#6004=DIRECTION('center_axis',(0.,0.,-1.));
#6005=DIRECTION('ref_axis',(-1.,0.,0.));
#6006=DIRECTION('',(5.55111512312567E-17,9.59762194707041E-32,-1.));
#6007=DIRECTION('center_axis',(0.,0.,-1.));
#6008=DIRECTION('ref_axis',(-1.,0.,0.));
#6009=DIRECTION('center_axis',(5.55111512312567E-17,9.59762194707041E-32,
-1.));
#6010=DIRECTION('ref_axis',(-1.,5.32775043364254E-48,-5.55111512312567E-17));
#6011=DIRECTION('center_axis',(0.,0.,-1.));
#6012=DIRECTION('ref_axis',(-1.,0.,0.));
#6013=DIRECTION('',(5.55111512312567E-17,9.59762194707041E-32,-1.));
#6014=DIRECTION('center_axis',(0.,0.,-1.));
#6015=DIRECTION('ref_axis',(-1.,0.,0.));
#6016=DIRECTION('center_axis',(5.55111512312567E-17,9.59762194707041E-32,
-1.));
#6017=DIRECTION('ref_axis',(-1.,5.32775043364254E-48,-5.55111512312567E-17));
#6018=DIRECTION('center_axis',(0.,0.,-1.));
#6019=DIRECTION('ref_axis',(-1.,0.,0.));
#6020=DIRECTION('',(5.55111512312567E-17,9.59762194707041E-32,-1.));
#6021=DIRECTION('center_axis',(0.,0.,-1.));
#6022=DIRECTION('ref_axis',(-1.,0.,0.));
#6023=DIRECTION('center_axis',(5.55111512312567E-17,9.59762194707041E-32,
-1.));
#6024=DIRECTION('ref_axis',(-1.,5.32775043364254E-48,-5.55111512312567E-17));
#6025=DIRECTION('center_axis',(0.,0.,-1.));
#6026=DIRECTION('ref_axis',(-1.,0.,0.));
#6027=DIRECTION('',(5.55111512312567E-17,9.59762194707041E-32,-1.));
#6028=DIRECTION('center_axis',(0.,0.,-1.));
#6029=DIRECTION('ref_axis',(-1.,0.,0.));
#6030=DIRECTION('center_axis',(5.55111512312567E-17,9.59762194707041E-32,
-1.));
#6031=DIRECTION('ref_axis',(-1.,5.32775043364254E-48,-5.55111512312567E-17));
#6032=DIRECTION('center_axis',(0.,0.,-1.));
#6033=DIRECTION('ref_axis',(-1.,0.,0.));
#6034=DIRECTION('',(5.55111512312567E-17,9.59762194707041E-32,-1.));
#6035=DIRECTION('center_axis',(0.,0.,-1.));
#6036=DIRECTION('ref_axis',(-1.,0.,0.));
#6037=DIRECTION('center_axis',(5.55111512312567E-17,9.59762194707041E-32,
-1.));
#6038=DIRECTION('ref_axis',(-1.,5.32775043364254E-48,-5.55111512312567E-17));
#6039=DIRECTION('center_axis',(0.,0.,-1.));
#6040=DIRECTION('ref_axis',(-1.,0.,0.));
#6041=DIRECTION('',(5.55111512312567E-17,9.59762194707041E-32,-1.));
#6042=DIRECTION('center_axis',(0.,0.,-1.));
#6043=DIRECTION('ref_axis',(-1.,0.,0.));
#6044=DIRECTION('center_axis',(5.55111512312567E-17,9.59762194707041E-32,
-1.));
#6045=DIRECTION('ref_axis',(-1.,5.32775043364254E-48,-5.55111512312567E-17));
#6046=DIRECTION('center_axis',(0.,0.,-1.));
#6047=DIRECTION('ref_axis',(-1.,0.,0.));
#6048=DIRECTION('',(5.55111512312567E-17,9.59762194707041E-32,-1.));
#6049=DIRECTION('center_axis',(0.,0.,-1.));
#6050=DIRECTION('ref_axis',(-1.,0.,0.));
#6051=DIRECTION('center_axis',(5.55111512312567E-17,9.59762194707041E-32,
-1.));
#6052=DIRECTION('ref_axis',(-1.,5.32775043364254E-48,-5.55111512312567E-17));
#6053=DIRECTION('center_axis',(0.,0.,-1.));
#6054=DIRECTION('ref_axis',(-1.,0.,0.));
#6055=DIRECTION('',(5.55111512312567E-17,9.59762194707041E-32,-1.));
#6056=DIRECTION('center_axis',(0.,0.,-1.));
#6057=DIRECTION('ref_axis',(-1.,0.,0.));
#6058=DIRECTION('center_axis',(5.55111512312567E-17,9.59762194707041E-32,
-1.));
#6059=DIRECTION('ref_axis',(-1.,5.32775043364254E-48,-5.55111512312567E-17));
#6060=DIRECTION('center_axis',(0.,0.,-1.));
#6061=DIRECTION('ref_axis',(-1.,0.,0.));
#6062=DIRECTION('',(5.55111512312567E-17,9.59762194707041E-32,-1.));
#6063=DIRECTION('center_axis',(0.,0.,-1.));
#6064=DIRECTION('ref_axis',(-1.,0.,0.));
#6065=DIRECTION('center_axis',(5.55111512312567E-17,9.59762194707041E-32,
-1.));
#6066=DIRECTION('ref_axis',(-1.,5.32775043364254E-48,-5.55111512312567E-17));
#6067=DIRECTION('center_axis',(0.,0.,-1.));
#6068=DIRECTION('ref_axis',(-1.,0.,0.));
#6069=DIRECTION('',(5.55111512312567E-17,9.59762194707041E-32,-1.));
#6070=DIRECTION('center_axis',(0.,0.,-1.));
#6071=DIRECTION('ref_axis',(-1.,0.,0.));
#6072=DIRECTION('center_axis',(5.55111512312567E-17,9.59762194707041E-32,
-1.));
#6073=DIRECTION('ref_axis',(-1.,5.32775043364254E-48,-5.55111512312567E-17));
#6074=DIRECTION('center_axis',(0.,0.,-1.));
#6075=DIRECTION('ref_axis',(-1.,0.,0.));
#6076=DIRECTION('',(5.55111512312567E-17,9.59762194707041E-32,-1.));
#6077=DIRECTION('center_axis',(0.,0.,-1.));
#6078=DIRECTION('ref_axis',(-1.,0.,0.));
#6079=DIRECTION('center_axis',(5.55111512312567E-17,9.59762194707041E-32,
-1.));
#6080=DIRECTION('ref_axis',(-1.,5.32775043364254E-48,-5.55111512312567E-17));
#6081=DIRECTION('center_axis',(0.,0.,-1.));
#6082=DIRECTION('ref_axis',(-1.,0.,0.));
#6083=DIRECTION('',(5.55111512312567E-17,9.59762194707041E-32,-1.));
#6084=DIRECTION('center_axis',(0.,0.,-1.));
#6085=DIRECTION('ref_axis',(-1.,0.,0.));
#6086=DIRECTION('center_axis',(5.55111512312567E-17,9.59762194707041E-32,
-1.));
#6087=DIRECTION('ref_axis',(-1.,5.32775043364254E-48,-5.55111512312567E-17));
#6088=DIRECTION('center_axis',(0.,0.,-1.));
#6089=DIRECTION('ref_axis',(-1.,0.,0.));
#6090=DIRECTION('',(5.55111512312567E-17,9.59762194707041E-32,-1.));
#6091=DIRECTION('center_axis',(0.,0.,-1.));
#6092=DIRECTION('ref_axis',(-1.,0.,0.));
#6093=DIRECTION('center_axis',(5.55111512312567E-17,9.59762194707041E-32,
-1.));
#6094=DIRECTION('ref_axis',(-1.,5.32775043364254E-48,-5.55111512312567E-17));
#6095=DIRECTION('center_axis',(0.,0.,-1.));
#6096=DIRECTION('ref_axis',(-1.,0.,0.));
#6097=DIRECTION('',(5.55111512312567E-17,9.59762194707041E-32,-1.));
#6098=DIRECTION('center_axis',(0.,0.,-1.));
#6099=DIRECTION('ref_axis',(-1.,0.,0.));
#6100=DIRECTION('center_axis',(5.55111512312567E-17,9.59762194707041E-32,
-1.));
#6101=DIRECTION('ref_axis',(-1.,5.32775043364254E-48,-5.55111512312567E-17));
#6102=DIRECTION('center_axis',(0.,0.,-1.));
#6103=DIRECTION('ref_axis',(-1.,0.,0.));
#6104=DIRECTION('',(5.55111512312567E-17,9.59762194707041E-32,-1.));
#6105=DIRECTION('center_axis',(0.,0.,-1.));
#6106=DIRECTION('ref_axis',(-1.,0.,0.));
#6107=DIRECTION('center_axis',(5.55111512312567E-17,9.59762194707041E-32,
-1.));
#6108=DIRECTION('ref_axis',(-1.,5.32775043364254E-48,-5.55111512312567E-17));
#6109=DIRECTION('center_axis',(0.,0.,-1.));
#6110=DIRECTION('ref_axis',(-1.,0.,0.));
#6111=DIRECTION('',(5.55111512312567E-17,9.59762194707041E-32,-1.));
#6112=DIRECTION('center_axis',(0.,0.,-1.));
#6113=DIRECTION('ref_axis',(-1.,0.,0.));
#6114=DIRECTION('center_axis',(5.55111512312567E-17,9.59762194707041E-32,
-1.));
#6115=DIRECTION('ref_axis',(-1.,5.32775043364254E-48,-5.55111512312567E-17));
#6116=DIRECTION('center_axis',(0.,0.,-1.));
#6117=DIRECTION('ref_axis',(-1.,0.,0.));
#6118=DIRECTION('',(5.55111512312567E-17,9.59762194707041E-32,-1.));
#6119=DIRECTION('center_axis',(0.,0.,-1.));
#6120=DIRECTION('ref_axis',(-1.,0.,0.));
#6121=DIRECTION('center_axis',(5.55111512312567E-17,9.59762194707041E-32,
-1.));
#6122=DIRECTION('ref_axis',(-1.,5.32775043364254E-48,-5.55111512312567E-17));
#6123=DIRECTION('center_axis',(0.,0.,-1.));
#6124=DIRECTION('ref_axis',(-1.,0.,0.));
#6125=DIRECTION('',(5.55111512312567E-17,9.59762194707041E-32,-1.));
#6126=DIRECTION('center_axis',(0.,0.,-1.));
#6127=DIRECTION('ref_axis',(-1.,0.,0.));
#6128=DIRECTION('center_axis',(5.55111512312567E-17,9.59762194707041E-32,
-1.));
#6129=DIRECTION('ref_axis',(-1.,5.32775043364254E-48,-5.55111512312567E-17));
#6130=DIRECTION('center_axis',(0.,0.,-1.));
#6131=DIRECTION('ref_axis',(-1.,0.,0.));
#6132=DIRECTION('',(5.55111512312567E-17,9.59762194707041E-32,-1.));
#6133=DIRECTION('center_axis',(0.,0.,-1.));
#6134=DIRECTION('ref_axis',(-1.,0.,0.));
#6135=DIRECTION('center_axis',(5.55111512312567E-17,9.59762194707041E-32,
-1.));
#6136=DIRECTION('ref_axis',(-1.,5.32775043364254E-48,-5.55111512312567E-17));
#6137=DIRECTION('center_axis',(0.,0.,-1.));
#6138=DIRECTION('ref_axis',(-1.,0.,0.));
#6139=DIRECTION('',(5.55111512312567E-17,9.59762194707041E-32,-1.));
#6140=DIRECTION('center_axis',(0.,0.,-1.));
#6141=DIRECTION('ref_axis',(-1.,0.,0.));
#6142=DIRECTION('center_axis',(5.55111512312567E-17,9.59762194707041E-32,
-1.));
#6143=DIRECTION('ref_axis',(-1.,5.32775043364254E-48,-5.55111512312567E-17));
#6144=DIRECTION('center_axis',(0.,0.,-1.));
#6145=DIRECTION('ref_axis',(-1.,0.,0.));
#6146=DIRECTION('',(5.55111512312567E-17,9.59762194707041E-32,-1.));
#6147=DIRECTION('center_axis',(0.,0.,-1.));
#6148=DIRECTION('ref_axis',(-1.,0.,0.));
#6149=DIRECTION('center_axis',(5.55111512312567E-17,9.59762194707041E-32,
-1.));
#6150=DIRECTION('ref_axis',(-1.,5.32775043364254E-48,-5.55111512312567E-17));
#6151=DIRECTION('center_axis',(0.,0.,-1.));
#6152=DIRECTION('ref_axis',(-1.,0.,0.));
#6153=DIRECTION('',(5.55111512312567E-17,9.59762194707041E-32,-1.));
#6154=DIRECTION('center_axis',(0.,0.,-1.));
#6155=DIRECTION('ref_axis',(-1.,0.,0.));
#6156=DIRECTION('center_axis',(0.,0.,-1.));
#6157=DIRECTION('ref_axis',(-1.,0.,0.));
#6158=DIRECTION('center_axis',(0.,0.,1.));
#6159=DIRECTION('ref_axis',(-1.,0.,0.));
#6160=DIRECTION('',(0.,0.,-1.));
#6161=DIRECTION('center_axis',(0.,0.,1.));
#6162=DIRECTION('ref_axis',(-1.,0.,0.));
#6163=DIRECTION('center_axis',(0.,0.,-1.));
#6164=DIRECTION('ref_axis',(-1.,0.,0.));
#6165=DIRECTION('center_axis',(0.,0.,1.));
#6166=DIRECTION('ref_axis',(-1.,0.,0.));
#6167=DIRECTION('',(0.,0.,-1.));
#6168=DIRECTION('center_axis',(0.,0.,1.));
#6169=DIRECTION('ref_axis',(-1.,0.,0.));
#6170=DIRECTION('center_axis',(0.,0.,-1.));
#6171=DIRECTION('ref_axis',(-1.,0.,0.));
#6172=DIRECTION('center_axis',(0.,0.,1.));
#6173=DIRECTION('ref_axis',(-1.,0.,0.));
#6174=DIRECTION('',(0.,0.,-1.));
#6175=DIRECTION('center_axis',(0.,0.,1.));
#6176=DIRECTION('ref_axis',(-1.,0.,0.));
#6177=DIRECTION('center_axis',(0.,0.,-1.));
#6178=DIRECTION('ref_axis',(-1.,0.,0.));
#6179=DIRECTION('center_axis',(0.,0.,1.));
#6180=DIRECTION('ref_axis',(-1.,0.,0.));
#6181=DIRECTION('',(0.,0.,-1.));
#6182=DIRECTION('center_axis',(0.,0.,1.));
#6183=DIRECTION('ref_axis',(-1.,0.,0.));
#6184=DIRECTION('center_axis',(0.,0.,-1.));
#6185=DIRECTION('ref_axis',(-1.,0.,0.));
#6186=DIRECTION('center_axis',(0.,0.,1.));
#6187=DIRECTION('ref_axis',(-1.,0.,0.));
#6188=DIRECTION('',(0.,0.,-1.));
#6189=DIRECTION('center_axis',(0.,0.,1.));
#6190=DIRECTION('ref_axis',(-1.,0.,0.));
#6191=DIRECTION('center_axis',(0.,0.,-1.));
#6192=DIRECTION('ref_axis',(-1.,0.,0.));
#6193=DIRECTION('center_axis',(0.,0.,1.));
#6194=DIRECTION('ref_axis',(-1.,0.,0.));
#6195=DIRECTION('',(0.,0.,-1.));
#6196=DIRECTION('center_axis',(0.,0.,1.));
#6197=DIRECTION('ref_axis',(-1.,0.,0.));
#6198=DIRECTION('center_axis',(0.,0.,-1.));
#6199=DIRECTION('ref_axis',(-1.,0.,0.));
#6200=DIRECTION('center_axis',(0.,0.,1.));
#6201=DIRECTION('ref_axis',(-1.,0.,0.));
#6202=DIRECTION('',(0.,0.,-1.));
#6203=DIRECTION('center_axis',(0.,0.,1.));
#6204=DIRECTION('ref_axis',(-1.,0.,0.));
#6205=DIRECTION('center_axis',(0.,0.,-1.));
#6206=DIRECTION('ref_axis',(-1.,0.,0.));
#6207=DIRECTION('center_axis',(0.,0.,-1.));
#6208=DIRECTION('ref_axis',(-1.,0.,0.));
#6209=DIRECTION('',(0.,0.,-1.));
#6210=DIRECTION('center_axis',(0.,0.,-1.));
#6211=DIRECTION('ref_axis',(-1.,0.,0.));
#6212=DIRECTION('center_axis',(0.,0.,-1.));
#6213=DIRECTION('ref_axis',(-1.,0.,0.));
#6214=DIRECTION('center_axis',(0.,0.,-1.));
#6215=DIRECTION('ref_axis',(-1.,0.,0.));
#6216=DIRECTION('',(0.,0.,-1.));
#6217=DIRECTION('center_axis',(0.,0.,-1.));
#6218=DIRECTION('ref_axis',(-1.,0.,0.));
#6219=DIRECTION('center_axis',(0.,0.,-1.));
#6220=DIRECTION('ref_axis',(-1.,0.,0.));
#6221=DIRECTION('center_axis',(0.,0.,-1.));
#6222=DIRECTION('ref_axis',(-1.,0.,0.));
#6223=DIRECTION('',(0.,0.,-1.));
#6224=DIRECTION('center_axis',(0.,0.,-1.));
#6225=DIRECTION('ref_axis',(-1.,0.,0.));
#6226=DIRECTION('center_axis',(0.,0.,-1.));
#6227=DIRECTION('ref_axis',(-1.,0.,0.));
#6228=DIRECTION('center_axis',(0.,0.,-1.));
#6229=DIRECTION('ref_axis',(-1.,0.,0.));
#6230=DIRECTION('',(0.,0.,-1.));
#6231=DIRECTION('center_axis',(0.,0.,-1.));
#6232=DIRECTION('ref_axis',(-1.,0.,0.));
#6233=DIRECTION('center_axis',(0.,0.,-1.));
#6234=DIRECTION('ref_axis',(-1.,0.,0.));
#6235=DIRECTION('center_axis',(0.,0.,-1.));
#6236=DIRECTION('ref_axis',(-1.,0.,0.));
#6237=DIRECTION('',(0.,0.,-1.));
#6238=DIRECTION('center_axis',(0.,0.,-1.));
#6239=DIRECTION('ref_axis',(-1.,0.,0.));
#6240=DIRECTION('center_axis',(0.,0.,-1.));
#6241=DIRECTION('ref_axis',(-1.,0.,0.));
#6242=DIRECTION('center_axis',(0.,0.,-1.));
#6243=DIRECTION('ref_axis',(-1.,0.,0.));
#6244=DIRECTION('',(0.,0.,-1.));
#6245=DIRECTION('center_axis',(0.,0.,-1.));
#6246=DIRECTION('ref_axis',(-1.,0.,0.));
#6247=DIRECTION('center_axis',(0.,0.,-1.));
#6248=DIRECTION('ref_axis',(-1.,0.,0.));
#6249=DIRECTION('center_axis',(0.,0.,-1.));
#6250=DIRECTION('ref_axis',(-1.,0.,0.));
#6251=DIRECTION('',(0.,0.,-1.));
#6252=DIRECTION('center_axis',(0.,0.,-1.));
#6253=DIRECTION('ref_axis',(-1.,0.,0.));
#6254=DIRECTION('center_axis',(0.,0.,-1.));
#6255=DIRECTION('ref_axis',(-1.,0.,0.));
#6256=DIRECTION('center_axis',(0.,0.,1.));
#6257=DIRECTION('ref_axis',(1.,0.,0.));
#6258=DIRECTION('',(0.,0.,-1.));
#6259=DIRECTION('center_axis',(0.,0.,1.));
#6260=DIRECTION('ref_axis',(-1.,0.,0.));
#6261=DIRECTION('center_axis',(0.,0.,-1.));
#6262=DIRECTION('ref_axis',(-1.,0.,0.));
#6263=DIRECTION('center_axis',(0.,0.,1.));
#6264=DIRECTION('ref_axis',(1.,0.,0.));
#6265=DIRECTION('',(0.,0.,-1.));
#6266=DIRECTION('center_axis',(0.,0.,1.));
#6267=DIRECTION('ref_axis',(-1.,0.,0.));
#6268=DIRECTION('center_axis',(0.,0.,-1.));
#6269=DIRECTION('ref_axis',(-1.,0.,0.));
#6270=DIRECTION('center_axis',(0.,0.,1.));
#6271=DIRECTION('ref_axis',(1.,0.,0.));
#6272=DIRECTION('',(0.,0.,-1.));
#6273=DIRECTION('center_axis',(0.,0.,1.));
#6274=DIRECTION('ref_axis',(-1.,0.,0.));
#6275=DIRECTION('center_axis',(0.,0.,-1.));
#6276=DIRECTION('ref_axis',(-1.,0.,0.));
#6277=DIRECTION('center_axis',(0.,0.,1.));
#6278=DIRECTION('ref_axis',(1.,0.,0.));
#6279=DIRECTION('',(0.,0.,-1.));
#6280=DIRECTION('center_axis',(0.,0.,1.));
#6281=DIRECTION('ref_axis',(-1.,0.,0.));
#6282=DIRECTION('center_axis',(0.,0.,-1.));
#6283=DIRECTION('ref_axis',(-1.,0.,0.));
#6284=DIRECTION('center_axis',(0.,0.,-1.));
#6285=DIRECTION('ref_axis',(1.,0.,0.));
#6286=DIRECTION('',(0.,0.,-1.));
#6287=DIRECTION('center_axis',(0.,0.,-1.));
#6288=DIRECTION('ref_axis',(-1.,0.,0.));
#6289=DIRECTION('center_axis',(0.,0.,-1.));
#6290=DIRECTION('ref_axis',(-1.,0.,0.));
#6291=DIRECTION('center_axis',(0.,0.,-1.));
#6292=DIRECTION('ref_axis',(1.,0.,0.));
#6293=DIRECTION('',(0.,0.,-1.));
#6294=DIRECTION('center_axis',(0.,0.,-1.));
#6295=DIRECTION('ref_axis',(-1.,0.,0.));
#6296=DIRECTION('center_axis',(0.,0.,-1.));
#6297=DIRECTION('ref_axis',(-1.,0.,0.));
#6298=DIRECTION('center_axis',(0.,0.,-1.));
#6299=DIRECTION('ref_axis',(1.,0.,0.));
#6300=DIRECTION('',(0.,0.,-1.));
#6301=DIRECTION('center_axis',(0.,0.,-1.));
#6302=DIRECTION('ref_axis',(-1.,0.,0.));
#6303=DIRECTION('center_axis',(0.,0.,-1.));
#6304=DIRECTION('ref_axis',(-1.,0.,0.));
#6305=DIRECTION('center_axis',(0.,0.,-1.));
#6306=DIRECTION('ref_axis',(1.,0.,0.));
#6307=DIRECTION('',(0.,0.,-1.));
#6308=DIRECTION('center_axis',(0.,0.,-1.));
#6309=DIRECTION('ref_axis',(-1.,0.,0.));
#6310=DIRECTION('center_axis',(0.,0.,-1.));
#6311=DIRECTION('ref_axis',(-1.,0.,0.));
#6312=DIRECTION('',(0.,1.,0.));
#6313=DIRECTION('',(-1.,-4.44089209850063E-16,0.));
#6314=DIRECTION('',(0.,-1.,0.));
#6315=DIRECTION('',(1.,0.,0.));
#6316=DIRECTION('center_axis',(0.,0.,-1.));
#6317=DIRECTION('ref_axis',(-1.,0.,0.));
#6318=DIRECTION('',(1.,4.44089209850063E-16,0.));
#6319=DIRECTION('',(0.,-1.,0.));
#6320=DIRECTION('',(-1.,0.,0.));
#6321=DIRECTION('',(0.,1.,0.));
#6322=DIRECTION('center_axis',(0.,0.,-1.));
#6323=DIRECTION('ref_axis',(-1.,0.,0.));
#6324=DIRECTION('',(0.,1.,0.));
#6325=DIRECTION('',(-1.,0.,0.));
#6326=DIRECTION('',(0.,-1.,0.));
#6327=DIRECTION('',(-1.,-4.44089209850063E-16,0.));
#6328=DIRECTION('',(-8.88178419700125E-16,1.,0.));
#6329=DIRECTION('',(1.,0.,0.));
#6330=DIRECTION('',(7.65039219985711E-16,1.,0.));
#6331=DIRECTION('',(-1.,-4.44089209850063E-16,0.));
#6332=DIRECTION('center_axis',(4.44089209850063E-16,-1.,0.));
#6333=DIRECTION('ref_axis',(1.,4.44089209850063E-16,0.));
#6334=DIRECTION('',(0.,0.,-1.));
#6335=DIRECTION('',(0.,0.,-1.));
#6336=DIRECTION('',(-1.,-1.23139199714414E-16,0.));
#6337=DIRECTION('',(0.,0.,-1.));
#6338=DIRECTION('',(-1.,-4.44089209850063E-16,0.));
#6339=DIRECTION('',(0.,0.,-1.));
#6340=DIRECTION('',(0.,0.,-1.));
#6341=DIRECTION('',(-1.,-4.44089209850063E-16,0.));
#6342=DIRECTION('',(0.,0.,-1.));
#6343=DIRECTION('',(1.,0.,0.));
#6344=DIRECTION('',(0.,0.,-1.));
#6345=DIRECTION('',(0.,0.,1.));
#6346=DIRECTION('center_axis',(0.,1.,0.));
#6347=DIRECTION('ref_axis',(0.,0.,1.));
#6348=DIRECTION('',(1.,0.,0.));
#6349=DIRECTION('',(0.,0.,-1.));
#6350=DIRECTION('',(-1.,-1.23139199714414E-16,0.));
#6351=DIRECTION('',(0.,0.,-1.));
#6352=DIRECTION('',(0.,0.,-1.));
#6353=DIRECTION('',(1.,0.,0.));
#6354=DIRECTION('',(0.,0.,-1.));
#6355=DIRECTION('',(1.,0.,0.));
#6356=DIRECTION('',(0.,0.,-1.));
#6357=DIRECTION('',(0.,0.,-1.));
#6358=DIRECTION('center_axis',(0.,0.,-1.));
#6359=DIRECTION('ref_axis',(-1.,0.,0.));
#6360=DIRECTION('',(0.,1.,0.));
#6361=DIRECTION('',(0.,1.,0.));
#6362=DIRECTION('center_axis',(-1.,0.,0.));
#6363=DIRECTION('ref_axis',(0.,0.,1.));
#6364=DIRECTION('center_axis',(1.,0.,0.));
#6365=DIRECTION('ref_axis',(0.,0.,-1.));
#6366=DIRECTION('',(0.,-1.,0.));
#6367=DIRECTION('center_axis',(0.,0.,-1.));
#6368=DIRECTION('ref_axis',(-1.,0.,0.));
#6369=DIRECTION('',(-1.23139199714414E-16,1.,0.));
#6370=DIRECTION('center_axis',(-1.,0.,0.));
#6371=DIRECTION('ref_axis',(0.,0.,1.));
#6372=DIRECTION('',(0.,1.,0.));
#6373=DIRECTION('center_axis',(-1.,-8.88178419700125E-16,0.));
#6374=DIRECTION('ref_axis',(8.88178419700125E-16,-1.,0.));
#6375=DIRECTION('',(-8.88178419700125E-16,1.,0.));
#6376=DIRECTION('center_axis',(0.,0.,-1.));
#6377=DIRECTION('ref_axis',(-1.,0.,0.));
#6378=DIRECTION('center_axis',(-1.,-1.23139199714414E-16,0.));
#6379=DIRECTION('ref_axis',(1.23139199714414E-16,-1.,0.));
#6380=DIRECTION('',(-1.23139199714414E-16,1.,0.));
#6381=DIRECTION('center_axis',(-1.,7.65039219985711E-16,0.));
#6382=DIRECTION('ref_axis',(-7.65039219985712E-16,-1.,0.));
#6383=DIRECTION('',(7.65039219985711E-16,1.,0.));
#6384=DIRECTION('center_axis',(0.,0.,-1.));
#6385=DIRECTION('ref_axis',(1.,1.23139199714414E-16,0.));
#6386=DIRECTION('center_axis',(-1.,0.,0.));
#6387=DIRECTION('ref_axis',(0.,0.,1.));
#6388=DIRECTION('',(0.,0.,-1.));
#6389=DIRECTION('center_axis',(1.,0.,0.));
#6390=DIRECTION('ref_axis',(0.,0.,-1.));
#6391=DIRECTION('',(0.,0.,-1.));
#6392=DIRECTION('center_axis',(0.,-1.,0.));
#6393=DIRECTION('ref_axis',(0.,0.,-1.));
#6394=DIRECTION('center_axis',(0.,0.,1.));
#6395=DIRECTION('ref_axis',(1.,0.,0.));
#6396=DIRECTION('center_axis',(0.,0.,1.));
#6397=DIRECTION('ref_axis',(1.,0.,0.));
#6398=DIRECTION('center_axis',(0.,0.,1.));
#6399=DIRECTION('ref_axis',(1.,0.,0.));
#6400=DIRECTION('center_axis',(0.,0.,1.));
#6401=DIRECTION('ref_axis',(1.,0.,0.));
#6402=DIRECTION('center_axis',(0.,0.,1.));
#6403=DIRECTION('ref_axis',(-1.,-1.23139199714414E-16,0.));
#6404=DIRECTION('center_axis',(0.,0.,1.));
#6405=DIRECTION('ref_axis',(-1.,-1.23139199714414E-16,0.));
#6406=DIRECTION('center_axis',(0.,0.,1.));
#6407=DIRECTION('ref_axis',(-1.,-1.23139199714414E-16,0.));
#6408=DIRECTION('center_axis',(0.,0.,1.));
#6409=DIRECTION('ref_axis',(-1.,-1.23139199714414E-16,0.));
#6410=DIRECTION('axis',(0.,0.,1.));
#6411=DIRECTION('refdir',(1.,0.,0.));
#6412=DIRECTION('center_axis',(0.,0.,-1.));
#6413=DIRECTION('ref_axis',(-1.,0.,0.));
#6414=DIRECTION('center_axis',(0.,0.,-1.));
#6415=DIRECTION('ref_axis',(-1.,0.,0.));
#6416=DIRECTION('',(0.,0.,-1.));
#6417=DIRECTION('center_axis',(0.,0.,-1.));
#6418=DIRECTION('ref_axis',(1.,0.,0.));
#6419=DIRECTION('center_axis',(0.,0.,-1.));
#6420=DIRECTION('ref_axis',(-1.,0.,0.));
#6421=DIRECTION('center_axis',(0.,0.,-1.));
#6422=DIRECTION('ref_axis',(-1.,0.,0.));
#6423=DIRECTION('',(0.,0.,-1.));
#6424=DIRECTION('center_axis',(0.,0.,-1.));
#6425=DIRECTION('ref_axis',(1.,0.,0.));
#6426=DIRECTION('center_axis',(0.,0.,-1.));
#6427=DIRECTION('ref_axis',(-1.,0.,0.));
#6428=DIRECTION('center_axis',(0.,0.,-1.));
#6429=DIRECTION('ref_axis',(-1.,0.,0.));
#6430=DIRECTION('',(0.,0.,-1.));
#6431=DIRECTION('center_axis',(0.,0.,-1.));
#6432=DIRECTION('ref_axis',(1.,0.,0.));
#6433=DIRECTION('center_axis',(0.,0.,-1.));
#6434=DIRECTION('ref_axis',(-1.,0.,0.));
#6435=DIRECTION('center_axis',(0.,0.,-1.));
#6436=DIRECTION('ref_axis',(-1.,0.,0.));
#6437=DIRECTION('',(0.,0.,-1.));
#6438=DIRECTION('center_axis',(0.,0.,-1.));
#6439=DIRECTION('ref_axis',(1.,0.,0.));
#6440=DIRECTION('center_axis',(0.,0.,-1.));
#6441=DIRECTION('ref_axis',(-1.,0.,0.));
#6442=DIRECTION('center_axis',(0.,0.,-1.));
#6443=DIRECTION('ref_axis',(-1.,0.,0.));
#6444=DIRECTION('',(0.,0.,-1.));
#6445=DIRECTION('center_axis',(0.,0.,-1.));
#6446=DIRECTION('ref_axis',(1.,0.,0.));
#6447=DIRECTION('center_axis',(0.,0.,-1.));
#6448=DIRECTION('ref_axis',(-1.,0.,0.));
#6449=DIRECTION('center_axis',(0.,0.,-1.));
#6450=DIRECTION('ref_axis',(-1.,0.,0.));
#6451=DIRECTION('',(0.,0.,-1.));
#6452=DIRECTION('center_axis',(0.,0.,-1.));
#6453=DIRECTION('ref_axis',(1.,0.,0.));
#6454=DIRECTION('center_axis',(0.,0.,-1.));
#6455=DIRECTION('ref_axis',(-1.,0.,0.));
#6456=DIRECTION('center_axis',(0.,0.,-1.));
#6457=DIRECTION('ref_axis',(-1.,0.,0.));
#6458=DIRECTION('',(0.,0.,-1.));
#6459=DIRECTION('center_axis',(0.,0.,-1.));
#6460=DIRECTION('ref_axis',(1.,0.,0.));
#6461=DIRECTION('center_axis',(0.,0.,-1.));
#6462=DIRECTION('ref_axis',(-1.,0.,0.));
#6463=DIRECTION('center_axis',(0.,0.,-1.));
#6464=DIRECTION('ref_axis',(-1.,0.,0.));
#6465=DIRECTION('',(0.,0.,-1.));
#6466=DIRECTION('center_axis',(0.,0.,-1.));
#6467=DIRECTION('ref_axis',(1.,0.,0.));
#6468=DIRECTION('center_axis',(0.,0.,-1.));
#6469=DIRECTION('ref_axis',(-1.,0.,0.));
#6470=DIRECTION('center_axis',(0.,0.,-1.));
#6471=DIRECTION('ref_axis',(-1.,0.,0.));
#6472=DIRECTION('',(0.,0.,-1.));
#6473=DIRECTION('center_axis',(0.,0.,-1.));
#6474=DIRECTION('ref_axis',(1.,0.,0.));
#6475=DIRECTION('center_axis',(0.,0.,-1.));
#6476=DIRECTION('ref_axis',(-1.,0.,0.));
#6477=DIRECTION('center_axis',(0.,0.,1.));
#6478=DIRECTION('ref_axis',(-1.,0.,0.));
#6479=DIRECTION('',(0.,0.,-1.));
#6480=DIRECTION('center_axis',(0.,0.,1.));
#6481=DIRECTION('ref_axis',(1.,0.,0.));
#6482=DIRECTION('center_axis',(0.,0.,-1.));
#6483=DIRECTION('ref_axis',(-1.,0.,0.));
#6484=DIRECTION('center_axis',(0.,0.,1.));
#6485=DIRECTION('ref_axis',(-1.,0.,0.));
#6486=DIRECTION('',(0.,0.,-1.));
#6487=DIRECTION('center_axis',(0.,0.,1.));
#6488=DIRECTION('ref_axis',(1.,0.,0.));
#6489=DIRECTION('center_axis',(0.,0.,-1.));
#6490=DIRECTION('ref_axis',(-1.,0.,0.));
#6491=DIRECTION('center_axis',(0.,0.,1.));
#6492=DIRECTION('ref_axis',(-1.,0.,0.));
#6493=DIRECTION('',(0.,0.,-1.));
#6494=DIRECTION('center_axis',(0.,0.,1.));
#6495=DIRECTION('ref_axis',(1.,0.,0.));
#6496=DIRECTION('center_axis',(0.,0.,-1.));
#6497=DIRECTION('ref_axis',(-1.,0.,0.));
#6498=DIRECTION('center_axis',(0.,0.,1.));
#6499=DIRECTION('ref_axis',(-1.,0.,0.));
#6500=DIRECTION('',(0.,0.,-1.));
#6501=DIRECTION('center_axis',(0.,0.,1.));
#6502=DIRECTION('ref_axis',(1.,0.,0.));
#6503=DIRECTION('center_axis',(0.,0.,-1.));
#6504=DIRECTION('ref_axis',(-1.,0.,0.));
#6505=DIRECTION('center_axis',(0.,0.,1.));
#6506=DIRECTION('ref_axis',(-1.,0.,0.));
#6507=DIRECTION('',(0.,0.,-1.));
#6508=DIRECTION('center_axis',(0.,0.,1.));
#6509=DIRECTION('ref_axis',(1.,0.,0.));
#6510=DIRECTION('center_axis',(0.,0.,-1.));
#6511=DIRECTION('ref_axis',(-1.,0.,0.));
#6512=DIRECTION('center_axis',(0.,0.,1.));
#6513=DIRECTION('ref_axis',(-1.,0.,0.));
#6514=DIRECTION('',(0.,0.,-1.));
#6515=DIRECTION('center_axis',(0.,0.,1.));
#6516=DIRECTION('ref_axis',(1.,0.,0.));
#6517=DIRECTION('center_axis',(0.,0.,-1.));
#6518=DIRECTION('ref_axis',(-1.,0.,0.));
#6519=DIRECTION('center_axis',(0.,0.,1.));
#6520=DIRECTION('ref_axis',(-1.,0.,0.));
#6521=DIRECTION('',(0.,0.,-1.));
#6522=DIRECTION('center_axis',(0.,0.,1.));
#6523=DIRECTION('ref_axis',(1.,0.,0.));
#6524=DIRECTION('center_axis',(0.,0.,-1.));
#6525=DIRECTION('ref_axis',(-1.,0.,0.));
#6526=DIRECTION('center_axis',(0.,0.,1.));
#6527=DIRECTION('ref_axis',(-1.,0.,0.));
#6528=DIRECTION('',(0.,0.,-1.));
#6529=DIRECTION('center_axis',(0.,0.,1.));
#6530=DIRECTION('ref_axis',(1.,0.,0.));
#6531=DIRECTION('center_axis',(0.,0.,-1.));
#6532=DIRECTION('ref_axis',(-1.,0.,0.));
#6533=DIRECTION('center_axis',(0.,0.,1.));
#6534=DIRECTION('ref_axis',(-1.,0.,0.));
#6535=DIRECTION('',(0.,0.,-1.));
#6536=DIRECTION('center_axis',(0.,0.,1.));
#6537=DIRECTION('ref_axis',(1.,0.,0.));
#6538=DIRECTION('center_axis',(0.,0.,-1.));
#6539=DIRECTION('ref_axis',(-1.,0.,0.));
#6540=DIRECTION('center_axis',(0.,0.,1.));
#6541=DIRECTION('ref_axis',(-1.,0.,0.));
#6542=DIRECTION('',(0.,0.,-1.));
#6543=DIRECTION('center_axis',(0.,0.,1.));
#6544=DIRECTION('ref_axis',(-1.,0.,0.));
#6545=DIRECTION('center_axis',(0.,0.,-1.));
#6546=DIRECTION('ref_axis',(-1.,0.,0.));
#6547=DIRECTION('center_axis',(0.,0.,1.));
#6548=DIRECTION('ref_axis',(-1.,0.,0.));
#6549=DIRECTION('',(0.,0.,-1.));
#6550=DIRECTION('center_axis',(0.,0.,1.));
#6551=DIRECTION('ref_axis',(-1.,0.,0.));
#6552=DIRECTION('center_axis',(0.,0.,-1.));
#6553=DIRECTION('ref_axis',(-1.,0.,0.));
#6554=DIRECTION('center_axis',(0.,0.,1.));
#6555=DIRECTION('ref_axis',(-1.,0.,0.));
#6556=DIRECTION('',(0.,0.,-1.));
#6557=DIRECTION('center_axis',(0.,0.,1.));
#6558=DIRECTION('ref_axis',(-1.,0.,0.));
#6559=DIRECTION('center_axis',(0.,0.,-1.));
#6560=DIRECTION('ref_axis',(-1.,0.,0.));
#6561=DIRECTION('center_axis',(0.,0.,1.));
#6562=DIRECTION('ref_axis',(-1.,0.,0.));
#6563=DIRECTION('',(0.,0.,-1.));
#6564=DIRECTION('center_axis',(0.,0.,1.));
#6565=DIRECTION('ref_axis',(-1.,0.,0.));
#6566=DIRECTION('center_axis',(0.,0.,-1.));
#6567=DIRECTION('ref_axis',(-1.,0.,0.));
#6568=DIRECTION('center_axis',(0.,0.,1.));
#6569=DIRECTION('ref_axis',(-1.,0.,0.));
#6570=DIRECTION('',(0.,0.,-1.));
#6571=DIRECTION('center_axis',(0.,0.,1.));
#6572=DIRECTION('ref_axis',(-1.,0.,0.));
#6573=DIRECTION('center_axis',(0.,0.,-1.));
#6574=DIRECTION('ref_axis',(-1.,0.,0.));
#6575=DIRECTION('center_axis',(0.,0.,1.));
#6576=DIRECTION('ref_axis',(-1.,0.,0.));
#6577=DIRECTION('',(0.,0.,-1.));
#6578=DIRECTION('center_axis',(0.,0.,1.));
#6579=DIRECTION('ref_axis',(-1.,0.,0.));
#6580=DIRECTION('center_axis',(0.,0.,-1.));
#6581=DIRECTION('ref_axis',(-1.,0.,0.));
#6582=DIRECTION('center_axis',(0.,0.,1.));
#6583=DIRECTION('ref_axis',(-1.,0.,0.));
#6584=DIRECTION('',(0.,0.,-1.));
#6585=DIRECTION('center_axis',(0.,0.,1.));
#6586=DIRECTION('ref_axis',(-1.,0.,0.));
#6587=DIRECTION('center_axis',(0.,0.,-1.));
#6588=DIRECTION('ref_axis',(-1.,0.,0.));
#6589=DIRECTION('center_axis',(0.,0.,1.));
#6590=DIRECTION('ref_axis',(-1.,0.,0.));
#6591=DIRECTION('',(0.,0.,-1.));
#6592=DIRECTION('center_axis',(0.,0.,1.));
#6593=DIRECTION('ref_axis',(-1.,0.,0.));
#6594=DIRECTION('center_axis',(0.,0.,-1.));
#6595=DIRECTION('ref_axis',(-1.,0.,0.));
#6596=DIRECTION('center_axis',(0.,0.,1.));
#6597=DIRECTION('ref_axis',(-1.,0.,0.));
#6598=DIRECTION('',(0.,0.,-1.));
#6599=DIRECTION('center_axis',(0.,0.,1.));
#6600=DIRECTION('ref_axis',(-1.,0.,0.));
#6601=DIRECTION('center_axis',(0.,0.,-1.));
#6602=DIRECTION('ref_axis',(-1.,0.,0.));
#6603=DIRECTION('center_axis',(0.,0.,1.));
#6604=DIRECTION('ref_axis',(-1.,0.,0.));
#6605=DIRECTION('',(0.,0.,-1.));
#6606=DIRECTION('center_axis',(0.,0.,1.));
#6607=DIRECTION('ref_axis',(-1.,0.,0.));
#6608=DIRECTION('center_axis',(0.,0.,-1.));
#6609=DIRECTION('ref_axis',(-1.,0.,0.));
#6610=DIRECTION('center_axis',(0.,0.,1.));
#6611=DIRECTION('ref_axis',(-1.,0.,0.));
#6612=DIRECTION('',(0.,0.,-1.));
#6613=DIRECTION('center_axis',(0.,0.,1.));
#6614=DIRECTION('ref_axis',(-1.,0.,0.));
#6615=DIRECTION('center_axis',(0.,0.,-1.));
#6616=DIRECTION('ref_axis',(-1.,0.,0.));
#6617=DIRECTION('center_axis',(0.,0.,1.));
#6618=DIRECTION('ref_axis',(-1.,0.,0.));
#6619=DIRECTION('',(0.,0.,-1.));
#6620=DIRECTION('center_axis',(0.,0.,1.));
#6621=DIRECTION('ref_axis',(-1.,0.,0.));
#6622=DIRECTION('center_axis',(0.,0.,-1.));
#6623=DIRECTION('ref_axis',(-1.,0.,0.));
#6624=DIRECTION('center_axis',(0.,0.,-1.));
#6625=DIRECTION('ref_axis',(-1.,0.,0.));
#6626=DIRECTION('',(0.,0.,-1.));
#6627=DIRECTION('center_axis',(0.,0.,-1.));
#6628=DIRECTION('ref_axis',(-1.,0.,0.));
#6629=DIRECTION('center_axis',(0.,0.,-1.));
#6630=DIRECTION('ref_axis',(-1.,0.,0.));
#6631=DIRECTION('center_axis',(0.,0.,-1.));
#6632=DIRECTION('ref_axis',(-1.,0.,0.));
#6633=DIRECTION('',(0.,0.,-1.));
#6634=DIRECTION('center_axis',(0.,0.,-1.));
#6635=DIRECTION('ref_axis',(-1.,0.,0.));
#6636=DIRECTION('center_axis',(0.,0.,-1.));
#6637=DIRECTION('ref_axis',(-1.,0.,0.));
#6638=DIRECTION('center_axis',(0.,0.,1.));
#6639=DIRECTION('ref_axis',(-1.,0.,0.));
#6640=DIRECTION('',(0.,0.,-1.));
#6641=DIRECTION('center_axis',(0.,0.,1.));
#6642=DIRECTION('ref_axis',(-1.,0.,0.));
#6643=DIRECTION('center_axis',(0.,0.,-1.));
#6644=DIRECTION('ref_axis',(-1.,0.,0.));
#6645=DIRECTION('center_axis',(0.,0.,1.));
#6646=DIRECTION('ref_axis',(-1.,0.,0.));
#6647=DIRECTION('',(0.,0.,-1.));
#6648=DIRECTION('center_axis',(0.,0.,1.));
#6649=DIRECTION('ref_axis',(-1.,0.,0.));
#6650=DIRECTION('center_axis',(0.,0.,-1.));
#6651=DIRECTION('ref_axis',(-1.,0.,0.));
#6652=DIRECTION('center_axis',(0.,0.,1.));
#6653=DIRECTION('ref_axis',(-1.,0.,0.));
#6654=DIRECTION('',(0.,0.,-1.));
#6655=DIRECTION('center_axis',(0.,0.,1.));
#6656=DIRECTION('ref_axis',(1.,0.,0.));
#6657=DIRECTION('center_axis',(0.,0.,-1.));
#6658=DIRECTION('ref_axis',(-1.,0.,0.));
#6659=DIRECTION('center_axis',(0.,0.,1.));
#6660=DIRECTION('ref_axis',(-1.,0.,0.));
#6661=DIRECTION('',(0.,0.,-1.));
#6662=DIRECTION('center_axis',(0.,0.,1.));
#6663=DIRECTION('ref_axis',(1.,0.,0.));
#6664=DIRECTION('center_axis',(0.,0.,-1.));
#6665=DIRECTION('ref_axis',(-1.,0.,0.));
#6666=DIRECTION('center_axis',(0.,0.,-1.));
#6667=DIRECTION('ref_axis',(-1.,0.,0.));
#6668=DIRECTION('',(0.,0.,-1.));
#6669=DIRECTION('center_axis',(0.,0.,-1.));
#6670=DIRECTION('ref_axis',(1.,0.,0.));
#6671=DIRECTION('center_axis',(0.,0.,-1.));
#6672=DIRECTION('ref_axis',(-1.,0.,0.));
#6673=DIRECTION('center_axis',(0.,0.,-1.));
#6674=DIRECTION('ref_axis',(-1.,0.,0.));
#6675=DIRECTION('',(0.,0.,-1.));
#6676=DIRECTION('center_axis',(0.,0.,-1.));
#6677=DIRECTION('ref_axis',(1.,0.,0.));
#6678=DIRECTION('center_axis',(0.,0.,-1.));
#6679=DIRECTION('ref_axis',(-1.,0.,0.));
#6680=DIRECTION('center_axis',(0.,0.,-1.));
#6681=DIRECTION('ref_axis',(-1.,0.,0.));
#6682=DIRECTION('',(0.,0.,-1.));
#6683=DIRECTION('center_axis',(0.,0.,-1.));
#6684=DIRECTION('ref_axis',(-1.,0.,0.));
#6685=DIRECTION('center_axis',(0.,0.,-1.));
#6686=DIRECTION('ref_axis',(-1.,0.,0.));
#6687=DIRECTION('center_axis',(0.,0.,-1.));
#6688=DIRECTION('ref_axis',(-1.,0.,0.));
#6689=DIRECTION('',(0.,0.,-1.));
#6690=DIRECTION('center_axis',(0.,0.,-1.));
#6691=DIRECTION('ref_axis',(-1.,0.,0.));
#6692=DIRECTION('center_axis',(0.,0.,-1.));
#6693=DIRECTION('ref_axis',(-1.,0.,0.));
#6694=DIRECTION('center_axis',(0.,0.,1.));
#6695=DIRECTION('ref_axis',(-1.,0.,0.));
#6696=DIRECTION('',(0.,0.,-1.));
#6697=DIRECTION('center_axis',(0.,0.,1.));
#6698=DIRECTION('ref_axis',(1.,0.,0.));
#6699=DIRECTION('center_axis',(0.,0.,-1.));
#6700=DIRECTION('ref_axis',(-1.,0.,0.));
#6701=DIRECTION('center_axis',(0.,0.,1.));
#6702=DIRECTION('ref_axis',(-1.,0.,0.));
#6703=DIRECTION('',(0.,0.,-1.));
#6704=DIRECTION('center_axis',(0.,0.,1.));
#6705=DIRECTION('ref_axis',(1.,0.,0.));
#6706=DIRECTION('center_axis',(0.,0.,-1.));
#6707=DIRECTION('ref_axis',(-1.,0.,0.));
#6708=DIRECTION('center_axis',(0.,0.,1.));
#6709=DIRECTION('ref_axis',(-1.,0.,0.));
#6710=DIRECTION('',(0.,0.,-1.));
#6711=DIRECTION('center_axis',(0.,0.,1.));
#6712=DIRECTION('ref_axis',(-1.,0.,0.));
#6713=DIRECTION('center_axis',(0.,0.,-1.));
#6714=DIRECTION('ref_axis',(-1.,0.,0.));
#6715=DIRECTION('center_axis',(0.,0.,1.));
#6716=DIRECTION('ref_axis',(-1.,0.,0.));
#6717=DIRECTION('',(0.,0.,-1.));
#6718=DIRECTION('center_axis',(0.,0.,1.));
#6719=DIRECTION('ref_axis',(-1.,0.,0.));
#6720=DIRECTION('center_axis',(0.,0.,-1.));
#6721=DIRECTION('ref_axis',(-1.,0.,0.));
#6722=DIRECTION('center_axis',(0.,0.,-1.));
#6723=DIRECTION('ref_axis',(-1.,0.,0.));
#6724=DIRECTION('',(0.,0.,-1.));
#6725=DIRECTION('center_axis',(0.,0.,-1.));
#6726=DIRECTION('ref_axis',(-1.,0.,0.));
#6727=DIRECTION('center_axis',(0.,0.,-1.));
#6728=DIRECTION('ref_axis',(-1.,0.,0.));
#6729=DIRECTION('center_axis',(0.,0.,-1.));
#6730=DIRECTION('ref_axis',(-1.,0.,0.));
#6731=DIRECTION('',(0.,0.,-1.));
#6732=DIRECTION('center_axis',(0.,0.,-1.));
#6733=DIRECTION('ref_axis',(-1.,0.,0.));
#6734=DIRECTION('center_axis',(0.,0.,-1.));
#6735=DIRECTION('ref_axis',(-1.,0.,0.));
#6736=DIRECTION('center_axis',(0.,0.,-1.));
#6737=DIRECTION('ref_axis',(-1.,0.,0.));
#6738=DIRECTION('',(0.,0.,-1.));
#6739=DIRECTION('center_axis',(0.,0.,-1.));
#6740=DIRECTION('ref_axis',(1.,0.,0.));
#6741=DIRECTION('center_axis',(0.,0.,-1.));
#6742=DIRECTION('ref_axis',(-1.,0.,0.));
#6743=DIRECTION('center_axis',(0.,0.,-1.));
#6744=DIRECTION('ref_axis',(-1.,0.,0.));
#6745=DIRECTION('',(0.,0.,-1.));
#6746=DIRECTION('center_axis',(0.,0.,-1.));
#6747=DIRECTION('ref_axis',(1.,0.,0.));
#6748=DIRECTION('center_axis',(0.,0.,-1.));
#6749=DIRECTION('ref_axis',(-1.,0.,0.));
#6750=DIRECTION('center_axis',(0.,0.,-1.));
#6751=DIRECTION('ref_axis',(-1.,0.,0.));
#6752=DIRECTION('',(0.,0.,-1.));
#6753=DIRECTION('center_axis',(0.,0.,-1.));
#6754=DIRECTION('ref_axis',(-1.,0.,0.));
#6755=DIRECTION('center_axis',(0.,0.,-1.));
#6756=DIRECTION('ref_axis',(-1.,0.,0.));
#6757=DIRECTION('center_axis',(0.,0.,-1.));
#6758=DIRECTION('ref_axis',(-1.,0.,0.));
#6759=DIRECTION('',(0.,0.,-1.));
#6760=DIRECTION('center_axis',(0.,0.,-1.));
#6761=DIRECTION('ref_axis',(-1.,0.,0.));
#6762=DIRECTION('center_axis',(0.,0.,-1.));
#6763=DIRECTION('ref_axis',(-1.,0.,0.));
#6764=DIRECTION('center_axis',(0.,0.,-1.));
#6765=DIRECTION('ref_axis',(-1.,0.,0.));
#6766=DIRECTION('',(0.,0.,-1.));
#6767=DIRECTION('center_axis',(0.,0.,-1.));
#6768=DIRECTION('ref_axis',(-1.,0.,0.));
#6769=DIRECTION('center_axis',(0.,0.,-1.));
#6770=DIRECTION('ref_axis',(-1.,0.,0.));
#6771=DIRECTION('center_axis',(0.,0.,-1.));
#6772=DIRECTION('ref_axis',(-1.,0.,0.));
#6773=DIRECTION('',(0.,0.,-1.));
#6774=DIRECTION('center_axis',(0.,0.,-1.));
#6775=DIRECTION('ref_axis',(-1.,0.,0.));
#6776=DIRECTION('center_axis',(0.,0.,-1.));
#6777=DIRECTION('ref_axis',(-1.,0.,0.));
#6778=DIRECTION('center_axis',(0.,0.,-1.));
#6779=DIRECTION('ref_axis',(-1.,0.,0.));
#6780=DIRECTION('',(0.,0.,-1.));
#6781=DIRECTION('center_axis',(0.,0.,-1.));
#6782=DIRECTION('ref_axis',(-1.,0.,0.));
#6783=DIRECTION('center_axis',(0.,0.,-1.));
#6784=DIRECTION('ref_axis',(-1.,0.,0.));
#6785=DIRECTION('center_axis',(0.,0.,-1.));
#6786=DIRECTION('ref_axis',(-1.,0.,0.));
#6787=DIRECTION('',(0.,0.,-1.));
#6788=DIRECTION('center_axis',(0.,0.,-1.));
#6789=DIRECTION('ref_axis',(-1.,0.,0.));
#6790=DIRECTION('center_axis',(0.,0.,-1.));
#6791=DIRECTION('ref_axis',(-1.,0.,0.));
#6792=DIRECTION('center_axis',(0.,0.,-1.));
#6793=DIRECTION('ref_axis',(-1.,0.,0.));
#6794=DIRECTION('',(0.,0.,-1.));
#6795=DIRECTION('center_axis',(0.,0.,-1.));
#6796=DIRECTION('ref_axis',(-1.,0.,0.));
#6797=DIRECTION('center_axis',(0.,0.,-1.));
#6798=DIRECTION('ref_axis',(-1.,0.,0.));
#6799=DIRECTION('center_axis',(0.,0.,-1.));
#6800=DIRECTION('ref_axis',(-1.,0.,0.));
#6801=DIRECTION('',(0.,0.,-1.));
#6802=DIRECTION('center_axis',(0.,0.,-1.));
#6803=DIRECTION('ref_axis',(-1.,0.,0.));
#6804=DIRECTION('center_axis',(0.,0.,-1.));
#6805=DIRECTION('ref_axis',(-1.,0.,0.));
#6806=DIRECTION('center_axis',(0.,0.,-1.));
#6807=DIRECTION('ref_axis',(-1.,0.,0.));
#6808=DIRECTION('',(0.,0.,-1.));
#6809=DIRECTION('center_axis',(0.,0.,-1.));
#6810=DIRECTION('ref_axis',(-1.,0.,0.));
#6811=DIRECTION('center_axis',(0.,0.,-1.));
#6812=DIRECTION('ref_axis',(-1.,0.,0.));
#6813=DIRECTION('center_axis',(0.,0.,-1.));
#6814=DIRECTION('ref_axis',(-1.,0.,0.));
#6815=DIRECTION('',(0.,0.,-1.));
#6816=DIRECTION('center_axis',(0.,0.,-1.));
#6817=DIRECTION('ref_axis',(-1.,0.,0.));
#6818=DIRECTION('center_axis',(0.,0.,-1.));
#6819=DIRECTION('ref_axis',(-1.,0.,0.));
#6820=DIRECTION('',(-1.11022302462516E-16,1.,0.));
#6821=DIRECTION('',(-1.,0.,0.));
#6822=DIRECTION('',(0.,-1.,0.));
#6823=DIRECTION('',(1.,0.,0.));
#6824=DIRECTION('center_axis',(0.,0.,-1.));
#6825=DIRECTION('ref_axis',(-1.,0.,0.));
#6826=DIRECTION('',(-1.11022302462516E-16,1.,0.));
#6827=DIRECTION('',(1.,0.,0.));
#6828=DIRECTION('',(0.,-1.,0.));
#6829=DIRECTION('',(-1.,0.,0.));
#6830=DIRECTION('',(1.,0.,0.));
#6831=DIRECTION('',(0.,1.,0.));
#6832=DIRECTION('',(-1.,0.,0.));
#6833=DIRECTION('',(0.,-1.,0.));
#6834=DIRECTION('',(-1.,0.,0.));
#6835=DIRECTION('',(0.,-1.,0.));
#6836=DIRECTION('',(1.,0.,0.));
#6837=DIRECTION('',(0.,1.,0.));
#6838=DIRECTION('',(0.,-1.,0.));
#6839=DIRECTION('',(1.,0.,0.));
#6840=DIRECTION('',(0.,1.,0.));
#6841=DIRECTION('',(-1.,0.,0.));
#6842=DIRECTION('',(1.,0.,0.));
#6843=DIRECTION('',(0.,1.,0.));
#6844=DIRECTION('',(-1.,0.,0.));
#6845=DIRECTION('',(0.,-1.,0.));
#6846=DIRECTION('center_axis',(0.,0.,-1.));
#6847=DIRECTION('ref_axis',(-1.,0.,0.));
#6848=DIRECTION('',(5.60718699305634E-15,1.,0.));
#6849=DIRECTION('center_axis',(0.,0.,-1.));
#6850=DIRECTION('ref_axis',(-1.,0.,0.));
#6851=DIRECTION('',(-1.,4.30319001792697E-15,0.));
#6852=DIRECTION('center_axis',(0.,0.,-1.));
#6853=DIRECTION('ref_axis',(-1.,0.,0.));
#6854=DIRECTION('',(-5.60718699305634E-15,-1.,0.));
#6855=DIRECTION('center_axis',(0.,0.,-1.));
#6856=DIRECTION('ref_axis',(-1.,0.,0.));
#6857=DIRECTION('',(1.,-4.30319001792696E-15,0.));
#6858=DIRECTION('center_axis',(-1.,-1.11022302462516E-16,0.));
#6859=DIRECTION('ref_axis',(1.11022302462516E-16,-1.,0.));
#6860=DIRECTION('',(0.,0.,-1.));
#6861=DIRECTION('',(0.,0.,-1.));
#6862=DIRECTION('center_axis',(0.,-1.,0.));
#6863=DIRECTION('ref_axis',(0.,0.,-1.));
#6864=DIRECTION('',(0.,0.,-1.));
#6865=DIRECTION('center_axis',(1.,0.,0.));
#6866=DIRECTION('ref_axis',(0.,0.,-1.));
#6867=DIRECTION('',(0.,0.,-1.));
#6868=DIRECTION('center_axis',(0.,1.,0.));
#6869=DIRECTION('ref_axis',(0.,0.,1.));
#6870=DIRECTION('center_axis',(0.,1.,0.));
#6871=DIRECTION('ref_axis',(0.,0.,1.));
#6872=DIRECTION('',(0.,0.,-1.));
#6873=DIRECTION('',(1.,0.,0.));
#6874=DIRECTION('',(0.,0.,-1.));
#6875=DIRECTION('center_axis',(-1.,0.,0.));
#6876=DIRECTION('ref_axis',(0.,0.,1.));
#6877=DIRECTION('',(0.,1.,0.));
#6878=DIRECTION('',(0.,0.,-1.));
#6879=DIRECTION('center_axis',(0.,-1.,0.));
#6880=DIRECTION('ref_axis',(0.,0.,-1.));
#6881=DIRECTION('',(-1.,0.,0.));
#6882=DIRECTION('',(0.,0.,-1.));
#6883=DIRECTION('center_axis',(1.,0.,0.));
#6884=DIRECTION('ref_axis',(0.,0.,-1.));
#6885=DIRECTION('',(0.,-1.,0.));
#6886=DIRECTION('center_axis',(0.,0.,-1.));
#6887=DIRECTION('ref_axis',(-1.,0.,0.));
#6888=DIRECTION('center_axis',(0.,-1.,0.));
#6889=DIRECTION('ref_axis',(0.,0.,-1.));
#6890=DIRECTION('',(0.,0.,-1.));
#6891=DIRECTION('',(-1.,0.,0.));
#6892=DIRECTION('',(0.,0.,-1.));
#6893=DIRECTION('center_axis',(1.,0.,0.));
#6894=DIRECTION('ref_axis',(0.,0.,-1.));
#6895=DIRECTION('',(0.,-1.,0.));
#6896=DIRECTION('',(0.,0.,-1.));
#6897=DIRECTION('center_axis',(0.,1.,0.));
#6898=DIRECTION('ref_axis',(0.,0.,1.));
#6899=DIRECTION('',(1.,0.,0.));
#6900=DIRECTION('',(0.,0.,-1.));
#6901=DIRECTION('center_axis',(-1.,0.,0.));
#6902=DIRECTION('ref_axis',(0.,0.,1.));
#6903=DIRECTION('',(0.,1.,0.));
#6904=DIRECTION('center_axis',(0.,0.,-1.));
#6905=DIRECTION('ref_axis',(-1.,0.,0.));
#6906=DIRECTION('center_axis',(1.,0.,0.));
#6907=DIRECTION('ref_axis',(0.,0.,-1.));
#6908=DIRECTION('',(0.,0.,-1.));
#6909=DIRECTION('',(0.,-1.,0.));
#6910=DIRECTION('',(0.,0.,-1.));
#6911=DIRECTION('center_axis',(0.,1.,0.));
#6912=DIRECTION('ref_axis',(0.,0.,1.));
#6913=DIRECTION('',(1.,0.,0.));
#6914=DIRECTION('',(0.,0.,-1.));
#6915=DIRECTION('center_axis',(-1.,0.,0.));
#6916=DIRECTION('ref_axis',(0.,0.,1.));
#6917=DIRECTION('',(0.,1.,0.));
#6918=DIRECTION('',(0.,0.,-1.));
#6919=DIRECTION('center_axis',(0.,-1.,0.));
#6920=DIRECTION('ref_axis',(0.,0.,-1.));
#6921=DIRECTION('',(-1.,0.,0.));
#6922=DIRECTION('center_axis',(0.,0.,-1.));
#6923=DIRECTION('ref_axis',(-1.,0.,0.));
#6924=DIRECTION('center_axis',(0.,1.,0.));
#6925=DIRECTION('ref_axis',(0.,0.,1.));
#6926=DIRECTION('',(0.,0.,-1.));
#6927=DIRECTION('',(1.,0.,0.));
#6928=DIRECTION('',(0.,0.,-1.));
#6929=DIRECTION('center_axis',(-1.,0.,0.));
#6930=DIRECTION('ref_axis',(0.,0.,1.));
#6931=DIRECTION('',(0.,1.,0.));
#6932=DIRECTION('',(0.,0.,-1.));
#6933=DIRECTION('center_axis',(0.,-1.,0.));
#6934=DIRECTION('ref_axis',(0.,0.,-1.));
#6935=DIRECTION('',(-1.,0.,0.));
#6936=DIRECTION('',(0.,0.,-1.));
#6937=DIRECTION('center_axis',(1.,0.,0.));
#6938=DIRECTION('ref_axis',(0.,0.,-1.));
#6939=DIRECTION('',(0.,-1.,0.));
#6940=DIRECTION('center_axis',(0.,0.,1.));
#6941=DIRECTION('ref_axis',(1.,0.,0.));
#6942=DIRECTION('center_axis',(0.,0.,-1.));
#6943=DIRECTION('ref_axis',(-1.,0.,0.));
#6944=DIRECTION('',(0.,0.,-1.));
#6945=DIRECTION('center_axis',(0.,0.,-1.));
#6946=DIRECTION('ref_axis',(-1.,0.,0.));
#6947=DIRECTION('',(0.,0.,-1.));
#6948=DIRECTION('center_axis',(-1.,5.60718699305634E-15,0.));
#6949=DIRECTION('ref_axis',(-5.60718699305634E-15,-1.,0.));
#6950=DIRECTION('',(5.60718699305634E-15,1.,0.));
#6951=DIRECTION('',(0.,0.,-1.));
#6952=DIRECTION('center_axis',(0.,0.,-1.));
#6953=DIRECTION('ref_axis',(-1.,0.,0.));
#6954=DIRECTION('center_axis',(0.,0.,-1.));
#6955=DIRECTION('ref_axis',(-1.,0.,0.));
#6956=DIRECTION('',(0.,0.,-1.));
#6957=DIRECTION('center_axis',(-4.30319001792697E-15,-1.,0.));
#6958=DIRECTION('ref_axis',(1.,-4.30319001792697E-15,0.));
#6959=DIRECTION('',(-1.,4.30319001792697E-15,0.));
#6960=DIRECTION('',(0.,0.,-1.));
#6961=DIRECTION('center_axis',(0.,0.,-1.));
#6962=DIRECTION('ref_axis',(-1.,0.,0.));
#6963=DIRECTION('center_axis',(0.,0.,-1.));
#6964=DIRECTION('ref_axis',(-1.,0.,0.));
#6965=DIRECTION('',(0.,0.,-1.));
#6966=DIRECTION('center_axis',(1.,-5.60718699305634E-15,0.));
#6967=DIRECTION('ref_axis',(5.60718699305634E-15,1.,0.));
#6968=DIRECTION('',(-5.60718699305634E-15,-1.,0.));
#6969=DIRECTION('',(0.,0.,-1.));
#6970=DIRECTION('center_axis',(0.,0.,-1.));
#6971=DIRECTION('ref_axis',(-1.,0.,0.));
#6972=DIRECTION('center_axis',(0.,0.,-1.));
#6973=DIRECTION('ref_axis',(-1.,0.,0.));
#6974=DIRECTION('',(0.,0.,-1.));
#6975=DIRECTION('center_axis',(4.30319001792696E-15,1.,0.));
#6976=DIRECTION('ref_axis',(-1.,4.30319001792696E-15,0.));
#6977=DIRECTION('',(1.,-4.30319001792696E-15,0.));
#6978=DIRECTION('center_axis',(0.,0.,-1.));
#6979=DIRECTION('ref_axis',(-1.,0.,0.));
#6980=DIRECTION('axis',(0.,0.,1.));
#6981=DIRECTION('refdir',(1.,0.,0.));
#6982=DIRECTION('center_axis',(-1.,0.,0.));
#6983=DIRECTION('ref_axis',(0.,0.,1.));
#6984=DIRECTION('',(0.,1.,0.));
#6985=DIRECTION('',(0.,0.,-1.));
#6986=DIRECTION('',(0.,1.,0.));
#6987=DIRECTION('',(0.,0.,-1.));
#6988=DIRECTION('center_axis',(0.,-1.,0.));
#6989=DIRECTION('ref_axis',(0.,0.,-1.));
#6990=DIRECTION('',(-1.,0.,0.));
#6991=DIRECTION('',(0.,0.,-1.));
#6992=DIRECTION('',(-1.,0.,0.));
#6993=DIRECTION('center_axis',(1.,0.,0.));
#6994=DIRECTION('ref_axis',(0.,0.,-1.));
#6995=DIRECTION('',(0.,-1.,0.));
#6996=DIRECTION('',(0.,0.,-1.));
#6997=DIRECTION('',(0.,-1.,0.));
#6998=DIRECTION('center_axis',(0.,1.,0.));
#6999=DIRECTION('ref_axis',(0.,0.,1.));
#7000=DIRECTION('',(1.,0.,0.));
#7001=DIRECTION('',(1.,0.,0.));
#7002=DIRECTION('center_axis',(0.,0.,1.));
#7003=DIRECTION('ref_axis',(1.,0.,0.));
#7004=DIRECTION('center_axis',(0.,0.,1.));
#7005=DIRECTION('ref_axis',(1.,0.,0.));
#7006=DIRECTION('',(6.42226211450533E-16,1.,6.25777604630043E-16));
#7007=DIRECTION('',(6.91787878059454E-16,-6.25777604630044E-16,1.));
#7008=DIRECTION('',(6.42226211450532E-16,1.,5.70266453398787E-16));
#7009=DIRECTION('',(-1.57996629775958E-15,5.70266453398788E-16,-1.));
#7010=DIRECTION('',(6.42226211450533E-16,1.,6.25777604630043E-16));
#7011=DIRECTION('',(6.91787878059454E-16,-6.25777604630044E-16,1.));
#7012=DIRECTION('',(1.,-5.73699318516149E-16,-2.38576308769003E-15));
#7013=DIRECTION('',(2.38576308769003E-15,-5.70266453398788E-16,1.));
#7014=DIRECTION('',(-1.,6.42226211450532E-16,9.37391757688603E-16));
#7015=DIRECTION('',(-9.37391757688603E-16,5.70266453398787E-16,-1.));
#7016=CARTESIAN_POINT('',(0.,0.,0.));
#7017=CARTESIAN_POINT('',(0.,0.,0.));
#7018=CARTESIAN_POINT('Origin',(275.718766444821,1102.37716302334,20.));
#7019=CARTESIAN_POINT('',(270.518766438189,1102.37716302334,20.));
#7020=CARTESIAN_POINT('Origin',(275.718766444821,1102.37716302334,20.));
#7021=CARTESIAN_POINT('',(270.518766438189,1102.37716302334,30.));
#7022=CARTESIAN_POINT('',(270.518766438189,1102.37716302334,20.));
#7023=CARTESIAN_POINT('Origin',(275.718766444821,1102.37716302334,30.));
#7024=CARTESIAN_POINT('Origin',(275.718766444821,1128.37716302334,20.));
#7025=CARTESIAN_POINT('',(270.518766438189,1128.37716302334,20.));
#7026=CARTESIAN_POINT('Origin',(275.718766444821,1128.37716302334,20.));
#7027=CARTESIAN_POINT('',(270.518766438189,1128.37716302334,30.));
#7028=CARTESIAN_POINT('',(270.518766438189,1128.37716302334,20.));
#7029=CARTESIAN_POINT('Origin',(275.718766444821,1128.37716302334,30.));
#7030=CARTESIAN_POINT('Origin',(301.718766444821,1128.37716302334,20.));
#7031=CARTESIAN_POINT('',(296.518766438189,1128.37716302334,20.));
#7032=CARTESIAN_POINT('Origin',(301.718766444821,1128.37716302334,20.));
#7033=CARTESIAN_POINT('',(296.518766438189,1128.37716302334,30.));
#7034=CARTESIAN_POINT('',(296.518766438189,1128.37716302334,20.));
#7035=CARTESIAN_POINT('Origin',(301.718766444821,1128.37716302334,30.));
#7036=CARTESIAN_POINT('Origin',(301.718766444821,1102.37716302334,20.));
#7037=CARTESIAN_POINT('',(296.518766438189,1102.37716302334,20.));
#7038=CARTESIAN_POINT('Origin',(301.718766444821,1102.37716302334,20.));
#7039=CARTESIAN_POINT('',(296.518766438189,1102.37716302334,30.));
#7040=CARTESIAN_POINT('',(296.518766438189,1102.37716302334,20.));
#7041=CARTESIAN_POINT('Origin',(301.718766444821,1102.37716302334,30.));
#7042=CARTESIAN_POINT('Origin',(-98.2812335687925,1102.37716302334,20.));
#7043=CARTESIAN_POINT('',(-103.481233575425,1102.37716302334,20.));
#7044=CARTESIAN_POINT('Origin',(-98.2812335687925,1102.37716302334,20.));
#7045=CARTESIAN_POINT('',(-103.481233575425,1102.37716302334,30.));
#7046=CARTESIAN_POINT('',(-103.481233575425,1102.37716302334,20.));
#7047=CARTESIAN_POINT('Origin',(-98.2812335687925,1102.37716302334,30.));
#7048=CARTESIAN_POINT('Origin',(-98.2812335687927,1128.37716302334,20.));
#7049=CARTESIAN_POINT('',(-103.481233575425,1128.37716302334,20.));
#7050=CARTESIAN_POINT('Origin',(-98.2812335687927,1128.37716302334,20.));
#7051=CARTESIAN_POINT('',(-103.481233575425,1128.37716302334,30.));
#7052=CARTESIAN_POINT('',(-103.481233575425,1128.37716302334,20.));
#7053=CARTESIAN_POINT('Origin',(-98.2812335687927,1128.37716302334,30.));
#7054=CARTESIAN_POINT('Origin',(-124.281233568793,1128.37716302334,20.));
#7055=CARTESIAN_POINT('',(-129.481233575425,1128.37716302334,20.));
#7056=CARTESIAN_POINT('Origin',(-124.281233568793,1128.37716302334,20.));
#7057=CARTESIAN_POINT('',(-129.481233575425,1128.37716302334,30.));
#7058=CARTESIAN_POINT('',(-129.481233575425,1128.37716302334,20.));
#7059=CARTESIAN_POINT('Origin',(-124.281233568793,1128.37716302334,30.));
#7060=CARTESIAN_POINT('Origin',(-124.281233568792,1102.37716302334,20.));
#7061=CARTESIAN_POINT('',(-129.481233575425,1102.37716302334,20.));
#7062=CARTESIAN_POINT('Origin',(-124.281233568792,1102.37716302334,20.));
#7063=CARTESIAN_POINT('',(-129.481233575425,1102.37716302334,30.));
#7064=CARTESIAN_POINT('',(-129.481233575425,1102.37716302334,20.));
#7065=CARTESIAN_POINT('Origin',(-124.281233568792,1102.37716302334,30.));
#7066=CARTESIAN_POINT('Origin',(-71.2812335619829,1011.07716049961,49.9999999999995));
#7067=CARTESIAN_POINT('',(-67.881233561983,1011.07716049961,30.));
#7068=CARTESIAN_POINT('Origin',(-71.2812335619829,1011.07716049961,30.));
#7069=CARTESIAN_POINT('',(-67.881233561983,1011.07716049961,0.));
#7070=CARTESIAN_POINT('',(-67.881233561983,1011.07716049961,49.9999999999995));
#7071=CARTESIAN_POINT('Origin',(-71.2812335619829,1011.07716049961,0.));
#7072=CARTESIAN_POINT('Origin',(-71.2812335619829,931.077160499613,49.9999999999995));
#7073=CARTESIAN_POINT('',(-67.881233561983,931.077160499613,30.));
#7074=CARTESIAN_POINT('Origin',(-71.2812335619829,931.077160499613,30.));
#7075=CARTESIAN_POINT('',(-67.881233561983,931.077160499613,0.));
#7076=CARTESIAN_POINT('',(-67.881233561983,931.077160499613,49.9999999999995));
#7077=CARTESIAN_POINT('Origin',(-71.2812335619829,931.077160499613,0.));
#7078=CARTESIAN_POINT('Origin',(-71.2812335619829,851.077160499613,49.9999999999995));
#7079=CARTESIAN_POINT('',(-67.881233561983,851.077160499613,30.));
#7080=CARTESIAN_POINT('Origin',(-71.2812335619829,851.077160499613,30.));
#7081=CARTESIAN_POINT('',(-67.881233561983,851.077160499613,0.));
#7082=CARTESIAN_POINT('',(-67.881233561983,851.077160499613,49.9999999999995));
#7083=CARTESIAN_POINT('Origin',(-71.2812335619829,851.077160499613,0.));
#7084=CARTESIAN_POINT('Origin',(-151.281233561983,1011.07716049961,49.9999999999995));
#7085=CARTESIAN_POINT('',(-147.881233561983,1011.07716049961,30.));
#7086=CARTESIAN_POINT('Origin',(-151.281233561983,1011.07716049961,30.));
#7087=CARTESIAN_POINT('',(-147.881233561983,1011.07716049961,0.));
#7088=CARTESIAN_POINT('',(-147.881233561983,1011.07716049961,49.9999999999995));
#7089=CARTESIAN_POINT('Origin',(-151.281233561983,1011.07716049961,0.));
#7090=CARTESIAN_POINT('Origin',(-231.281233561983,931.077160499613,49.9999999999995));
#7091=CARTESIAN_POINT('',(-227.881233561983,931.077160499613,30.));
#7092=CARTESIAN_POINT('Origin',(-231.281233561983,931.077160499613,30.));
#7093=CARTESIAN_POINT('',(-227.881233561983,931.077160499613,0.));
#7094=CARTESIAN_POINT('',(-227.881233561983,931.077160499613,49.9999999999995));
#7095=CARTESIAN_POINT('Origin',(-231.281233561983,931.077160499613,0.));
#7096=CARTESIAN_POINT('Origin',(-231.281233561983,1011.07716049961,49.9999999999995));
#7097=CARTESIAN_POINT('',(-227.881233561983,1011.07716049961,30.));
#7098=CARTESIAN_POINT('Origin',(-231.281233561983,1011.07716049961,30.));
#7099=CARTESIAN_POINT('',(-227.881233561983,1011.07716049961,0.));
#7100=CARTESIAN_POINT('',(-227.881233561983,1011.07716049961,49.9999999999995));
#7101=CARTESIAN_POINT('Origin',(-231.281233561983,1011.07716049961,0.));
#7102=CARTESIAN_POINT('Origin',(-231.281233561983,1091.07716049961,49.9999999999995));
#7103=CARTESIAN_POINT('',(-227.881233561983,1091.07716049961,30.));
#7104=CARTESIAN_POINT('Origin',(-231.281233561983,1091.07716049961,30.));
#7105=CARTESIAN_POINT('',(-227.881233561983,1091.07716049961,0.));
#7106=CARTESIAN_POINT('',(-227.881233561983,1091.07716049961,49.9999999999995));
#7107=CARTESIAN_POINT('Origin',(-231.281233561983,1091.07716049961,0.));
#7108=CARTESIAN_POINT('Origin',(-231.281233561983,1171.07716049961,49.9999999999995));
#7109=CARTESIAN_POINT('',(-227.881233561983,1171.07716049961,30.));
#7110=CARTESIAN_POINT('Origin',(-231.281233561983,1171.07716049961,30.));
#7111=CARTESIAN_POINT('',(-227.881233561983,1171.07716049961,0.));
#7112=CARTESIAN_POINT('',(-227.881233561983,1171.07716049961,49.9999999999995));
#7113=CARTESIAN_POINT('Origin',(-231.281233561983,1171.07716049961,0.));
#7114=CARTESIAN_POINT('Origin',(-151.281233561983,931.077160499613,49.9999999999995));
#7115=CARTESIAN_POINT('',(-147.881233561983,931.077160499613,30.));
#7116=CARTESIAN_POINT('Origin',(-151.281233561983,931.077160499613,30.));
#7117=CARTESIAN_POINT('',(-147.881233561983,931.077160499613,0.));
#7118=CARTESIAN_POINT('',(-147.881233561983,931.077160499613,49.9999999999995));
#7119=CARTESIAN_POINT('Origin',(-151.281233561983,931.077160499613,0.));
#7120=CARTESIAN_POINT('Origin',(-151.281233561983,851.077160499613,49.9999999999995));
#7121=CARTESIAN_POINT('',(-147.881233561983,851.077160499613,30.));
#7122=CARTESIAN_POINT('Origin',(-151.281233561983,851.077160499613,30.));
#7123=CARTESIAN_POINT('',(-147.881233561983,851.077160499613,0.));
#7124=CARTESIAN_POINT('',(-147.881233561983,851.077160499613,49.9999999999995));
#7125=CARTESIAN_POINT('Origin',(-151.281233561983,851.077160499613,0.));
#7126=CARTESIAN_POINT('Origin',(-231.281233561983,1251.07716049961,49.9999999999995));
#7127=CARTESIAN_POINT('',(-227.881233561983,1251.07716049961,30.));
#7128=CARTESIAN_POINT('Origin',(-231.281233561983,1251.07716049961,30.));
#7129=CARTESIAN_POINT('',(-227.881233561983,1251.07716049961,0.));
#7130=CARTESIAN_POINT('',(-227.881233561983,1251.07716049961,49.9999999999995));
#7131=CARTESIAN_POINT('Origin',(-231.281233561983,1251.07716049961,0.));
#7132=CARTESIAN_POINT('Origin',(8.71876643801709,851.077160499612,49.9999999999995));
#7133=CARTESIAN_POINT('',(12.118766438017,851.077160499612,30.));
#7134=CARTESIAN_POINT('Origin',(8.71876643801709,851.077160499612,30.));
#7135=CARTESIAN_POINT('',(12.118766438017,851.077160499612,0.));
#7136=CARTESIAN_POINT('',(12.118766438017,851.077160499612,49.9999999999995));
#7137=CARTESIAN_POINT('Origin',(8.71876643801709,851.077160499612,0.));
#7138=CARTESIAN_POINT('Origin',(8.71876643801708,931.077160499613,49.9999999999995));
#7139=CARTESIAN_POINT('',(12.118766438017,931.077160499613,30.));
#7140=CARTESIAN_POINT('Origin',(8.71876643801707,931.077160499613,30.));
#7141=CARTESIAN_POINT('',(12.118766438017,931.077160499613,0.));
#7142=CARTESIAN_POINT('',(12.118766438017,931.077160499613,49.9999999999995));
#7143=CARTESIAN_POINT('Origin',(8.71876643801707,931.077160499613,0.));
#7144=CARTESIAN_POINT('Origin',(8.71876643801706,1011.07716049961,49.9999999999995));
#7145=CARTESIAN_POINT('',(12.118766438017,1011.07716049961,30.));
#7146=CARTESIAN_POINT('Origin',(8.71876643801706,1011.07716049961,30.));
#7147=CARTESIAN_POINT('',(12.118766438017,1011.07716049961,0.));
#7148=CARTESIAN_POINT('',(12.118766438017,1011.07716049961,49.9999999999995));
#7149=CARTESIAN_POINT('Origin',(8.71876643801706,1011.07716049961,0.));
#7150=CARTESIAN_POINT('Origin',(-231.281233561983,851.077160499613,49.9999999999995));
#7151=CARTESIAN_POINT('',(-227.881233561983,851.077160499613,30.));
#7152=CARTESIAN_POINT('Origin',(-231.281233561983,851.077160499613,30.));
#7153=CARTESIAN_POINT('',(-227.881233561983,851.077160499613,0.));
#7154=CARTESIAN_POINT('',(-227.881233561983,851.077160499613,49.9999999999995));
#7155=CARTESIAN_POINT('Origin',(-231.281233561983,851.077160499613,0.));
#7156=CARTESIAN_POINT('Origin',(-311.281233561983,1251.07716049961,49.9999999999995));
#7157=CARTESIAN_POINT('',(-307.881233561983,1251.07716049961,30.));
#7158=CARTESIAN_POINT('Origin',(-311.281233561983,1251.07716049961,30.));
#7159=CARTESIAN_POINT('',(-307.881233561983,1251.07716049961,0.));
#7160=CARTESIAN_POINT('',(-307.881233561983,1251.07716049961,49.9999999999995));
#7161=CARTESIAN_POINT('Origin',(-311.281233561983,1251.07716049961,0.));
#7162=CARTESIAN_POINT('Origin',(-311.281233561983,1171.07716049961,49.9999999999995));
#7163=CARTESIAN_POINT('',(-307.881233561983,1171.07716049961,30.));
#7164=CARTESIAN_POINT('Origin',(-311.281233561983,1171.07716049961,30.));
#7165=CARTESIAN_POINT('',(-307.881233561983,1171.07716049961,0.));
#7166=CARTESIAN_POINT('',(-307.881233561983,1171.07716049961,49.9999999999995));
#7167=CARTESIAN_POINT('Origin',(-311.281233561983,1171.07716049961,0.));
#7168=CARTESIAN_POINT('Origin',(-311.281233561983,1091.07716049961,49.9999999999995));
#7169=CARTESIAN_POINT('',(-307.881233561983,1091.07716049961,30.));
#7170=CARTESIAN_POINT('Origin',(-311.281233561983,1091.07716049961,30.));
#7171=CARTESIAN_POINT('',(-307.881233561983,1091.07716049961,0.));
#7172=CARTESIAN_POINT('',(-307.881233561983,1091.07716049961,49.9999999999995));
#7173=CARTESIAN_POINT('Origin',(-311.281233561983,1091.07716049961,0.));
#7174=CARTESIAN_POINT('Origin',(-311.281233561983,1011.07716049961,49.9999999999995));
#7175=CARTESIAN_POINT('',(-307.881233561983,1011.07716049961,30.));
#7176=CARTESIAN_POINT('Origin',(-311.281233561983,1011.07716049961,30.));
#7177=CARTESIAN_POINT('',(-307.881233561983,1011.07716049961,0.));
#7178=CARTESIAN_POINT('',(-307.881233561983,1011.07716049961,49.9999999999995));
#7179=CARTESIAN_POINT('Origin',(-311.281233561983,1011.07716049961,0.));
#7180=CARTESIAN_POINT('Origin',(-311.281233561983,931.077160499613,49.9999999999995));
#7181=CARTESIAN_POINT('',(-307.881233561983,931.077160499613,30.));
#7182=CARTESIAN_POINT('Origin',(-311.281233561983,931.077160499613,30.));
#7183=CARTESIAN_POINT('',(-307.881233561983,931.077160499613,0.));
#7184=CARTESIAN_POINT('',(-307.881233561983,931.077160499613,49.9999999999995));
#7185=CARTESIAN_POINT('Origin',(-311.281233561983,931.077160499613,0.));
#7186=CARTESIAN_POINT('Origin',(-311.281233561983,851.077160499613,49.9999999999995));
#7187=CARTESIAN_POINT('',(-307.881233561983,851.077160499613,30.));
#7188=CARTESIAN_POINT('Origin',(-311.281233561983,851.077160499613,30.));
#7189=CARTESIAN_POINT('',(-307.881233561983,851.077160499613,0.));
#7190=CARTESIAN_POINT('',(-307.881233561983,851.077160499613,49.9999999999995));
#7191=CARTESIAN_POINT('Origin',(-311.281233561983,851.077160499613,0.));
#7192=CARTESIAN_POINT('Origin',(-391.281233561983,1091.07716049961,49.9999999999995));
#7193=CARTESIAN_POINT('',(-387.881233561983,1091.07716049961,30.));
#7194=CARTESIAN_POINT('Origin',(-391.281233561983,1091.07716049961,30.));
#7195=CARTESIAN_POINT('',(-387.881233561983,1091.07716049961,0.));
#7196=CARTESIAN_POINT('',(-387.881233561983,1091.07716049961,49.9999999999995));
#7197=CARTESIAN_POINT('Origin',(-391.281233561983,1091.07716049961,0.));
#7198=CARTESIAN_POINT('Origin',(-391.281233561983,1171.07716049961,49.9999999999995));
#7199=CARTESIAN_POINT('',(-387.881233561983,1171.07716049961,30.));
#7200=CARTESIAN_POINT('Origin',(-391.281233561983,1171.07716049961,30.));
#7201=CARTESIAN_POINT('',(-387.881233561983,1171.07716049961,0.));
#7202=CARTESIAN_POINT('',(-387.881233561983,1171.07716049961,49.9999999999995));
#7203=CARTESIAN_POINT('Origin',(-391.281233561983,1171.07716049961,0.));
#7204=CARTESIAN_POINT('Origin',(-391.281233561983,1251.07716049961,49.9999999999995));
#7205=CARTESIAN_POINT('',(-387.881233561983,1251.07716049961,30.));
#7206=CARTESIAN_POINT('Origin',(-391.281233561983,1251.07716049961,30.));
#7207=CARTESIAN_POINT('',(-387.881233561983,1251.07716049961,0.));
#7208=CARTESIAN_POINT('',(-387.881233561983,1251.07716049961,49.9999999999995));
#7209=CARTESIAN_POINT('Origin',(-391.281233561983,1251.07716049961,0.));
#7210=CARTESIAN_POINT('Origin',(-391.281233561983,1011.07716049961,49.9999999999995));
#7211=CARTESIAN_POINT('',(-387.881233561983,1011.07716049961,30.));
#7212=CARTESIAN_POINT('Origin',(-391.281233561983,1011.07716049961,30.));
#7213=CARTESIAN_POINT('',(-387.881233561983,1011.07716049961,0.));
#7214=CARTESIAN_POINT('',(-387.881233561983,1011.07716049961,49.9999999999995));
#7215=CARTESIAN_POINT('Origin',(-391.281233561983,1011.07716049961,0.));
#7216=CARTESIAN_POINT('Origin',(-391.281233561983,931.077160499613,49.9999999999995));
#7217=CARTESIAN_POINT('',(-387.881233561983,931.077160499613,30.));
#7218=CARTESIAN_POINT('Origin',(-391.281233561983,931.077160499613,30.));
#7219=CARTESIAN_POINT('',(-387.881233561983,931.077160499613,0.));
#7220=CARTESIAN_POINT('',(-387.881233561983,931.077160499613,49.9999999999995));
#7221=CARTESIAN_POINT('Origin',(-391.281233561983,931.077160499613,0.));
#7222=CARTESIAN_POINT('Origin',(-391.281233561983,851.077160499613,49.9999999999995));
#7223=CARTESIAN_POINT('',(-387.881233561983,851.077160499613,30.));
#7224=CARTESIAN_POINT('Origin',(-391.281233561983,851.077160499613,30.));
#7225=CARTESIAN_POINT('',(-387.881233561983,851.077160499613,0.));
#7226=CARTESIAN_POINT('',(-387.881233561983,851.077160499613,49.9999999999995));
#7227=CARTESIAN_POINT('Origin',(-391.281233561983,851.077160499613,0.));
#7228=CARTESIAN_POINT('Origin',(-151.281233561983,1251.07716049961,49.9999999999995));
#7229=CARTESIAN_POINT('',(-147.881233561983,1251.07716049961,30.));
#7230=CARTESIAN_POINT('Origin',(-151.281233561983,1251.07716049961,30.));
#7231=CARTESIAN_POINT('',(-147.881233561983,1251.07716049961,5.));
#7232=CARTESIAN_POINT('',(-147.881233561983,1251.07716049961,49.9999999999995));
#7233=CARTESIAN_POINT('Origin',(-151.281233561983,1251.07716049961,5.));
#7234=CARTESIAN_POINT('Origin',(-151.281233561983,1171.07716049961,49.9999999999995));
#7235=CARTESIAN_POINT('',(-147.881233561983,1171.07716049961,30.));
#7236=CARTESIAN_POINT('Origin',(-151.281233561983,1171.07716049961,30.));
#7237=CARTESIAN_POINT('',(-147.881233561983,1171.07716049961,5.));
#7238=CARTESIAN_POINT('',(-147.881233561983,1171.07716049961,49.9999999999995));
#7239=CARTESIAN_POINT('Origin',(-151.281233561983,1171.07716049961,5.));
#7240=CARTESIAN_POINT('Origin',(-151.281233561983,1091.07716049961,49.9999999999995));
#7241=CARTESIAN_POINT('',(-147.881233561983,1091.07716049961,30.));
#7242=CARTESIAN_POINT('Origin',(-151.281233561983,1091.07716049961,30.));
#7243=CARTESIAN_POINT('',(-147.881233561983,1091.07716049961,5.));
#7244=CARTESIAN_POINT('',(-147.881233561983,1091.07716049961,49.9999999999995));
#7245=CARTESIAN_POINT('Origin',(-151.281233561983,1091.07716049961,5.));
#7246=CARTESIAN_POINT('Origin',(8.71876643801705,1171.07716049961,49.9999999999995));
#7247=CARTESIAN_POINT('',(12.118766438017,1171.07716049961,30.));
#7248=CARTESIAN_POINT('Origin',(8.71876643801705,1171.07716049961,30.));
#7249=CARTESIAN_POINT('',(12.118766438017,1171.07716049961,5.));
#7250=CARTESIAN_POINT('',(12.118766438017,1171.07716049961,49.9999999999995));
#7251=CARTESIAN_POINT('Origin',(8.71876643801705,1171.07716049961,5.));
#7252=CARTESIAN_POINT('Origin',(8.71876643801703,1251.07716049961,49.9999999999995));
#7253=CARTESIAN_POINT('',(12.1187664380169,1251.07716049961,30.));
#7254=CARTESIAN_POINT('Origin',(8.71876643801703,1251.07716049961,30.));
#7255=CARTESIAN_POINT('',(12.1187664380169,1251.07716049961,5.));
#7256=CARTESIAN_POINT('',(12.1187664380169,1251.07716049961,49.9999999999995));
#7257=CARTESIAN_POINT('Origin',(8.71876643801703,1251.07716049961,5.));
#7258=CARTESIAN_POINT('Origin',(-71.281233561983,1251.07716049961,49.9999999999995));
#7259=CARTESIAN_POINT('',(-67.8812335619831,1251.07716049961,30.));
#7260=CARTESIAN_POINT('Origin',(-71.281233561983,1251.07716049961,30.));
#7261=CARTESIAN_POINT('',(-67.8812335619831,1251.07716049961,5.));
#7262=CARTESIAN_POINT('',(-67.8812335619831,1251.07716049961,49.9999999999995));
#7263=CARTESIAN_POINT('Origin',(-71.281233561983,1251.07716049961,5.));
#7264=CARTESIAN_POINT('Origin',(-71.281233561983,1171.07716049961,49.9999999999995));
#7265=CARTESIAN_POINT('',(-67.8812335619831,1171.07716049961,30.));
#7266=CARTESIAN_POINT('Origin',(-71.281233561983,1171.07716049961,30.));
#7267=CARTESIAN_POINT('',(-67.8812335619831,1171.07716049961,5.));
#7268=CARTESIAN_POINT('',(-67.8812335619831,1171.07716049961,49.9999999999995));
#7269=CARTESIAN_POINT('Origin',(-71.281233561983,1171.07716049961,5.));
#7270=CARTESIAN_POINT('Origin',(-71.2812335619829,1091.07716049961,49.9999999999995));
#7271=CARTESIAN_POINT('',(-67.881233561983,1091.07716049961,30.));
#7272=CARTESIAN_POINT('Origin',(-71.2812335619829,1091.07716049961,30.));
#7273=CARTESIAN_POINT('',(-67.881233561983,1091.07716049961,5.));
#7274=CARTESIAN_POINT('',(-67.881233561983,1091.07716049961,49.9999999999995));
#7275=CARTESIAN_POINT('Origin',(-71.2812335619829,1091.07716049961,5.));
#7276=CARTESIAN_POINT('Origin',(8.71876643801705,1091.07716049961,49.9999999999995));
#7277=CARTESIAN_POINT('',(12.118766438017,1091.07716049961,30.));
#7278=CARTESIAN_POINT('Origin',(8.71876643801705,1091.07716049961,30.));
#7279=CARTESIAN_POINT('',(12.118766438017,1091.07716049961,5.));
#7280=CARTESIAN_POINT('',(12.118766438017,1091.07716049961,49.9999999999995));
#7281=CARTESIAN_POINT('Origin',(8.71876643801705,1091.07716049961,5.));
#7282=CARTESIAN_POINT('Origin',(328.718766438012,931.077160499613,49.9999999999995));
#7283=CARTESIAN_POINT('',(332.118766438011,931.077160499613,30.));
#7284=CARTESIAN_POINT('Origin',(328.718766438012,931.077160499613,30.));
#7285=CARTESIAN_POINT('',(332.118766438011,931.077160499613,0.));
#7286=CARTESIAN_POINT('',(332.118766438011,931.077160499613,49.9999999999995));
#7287=CARTESIAN_POINT('Origin',(328.718766438012,931.077160499613,0.));
#7288=CARTESIAN_POINT('Origin',(328.718766438012,1011.07716049961,49.9999999999995));
#7289=CARTESIAN_POINT('',(332.118766438011,1011.07716049961,30.));
#7290=CARTESIAN_POINT('Origin',(328.718766438012,1011.07716049961,30.));
#7291=CARTESIAN_POINT('',(332.118766438011,1011.07716049961,0.));
#7292=CARTESIAN_POINT('',(332.118766438011,1011.07716049961,49.9999999999995));
#7293=CARTESIAN_POINT('Origin',(328.718766438012,1011.07716049961,0.));
#7294=CARTESIAN_POINT('Origin',(248.718766438012,931.077160499613,49.9999999999995));
#7295=CARTESIAN_POINT('',(252.118766438011,931.077160499613,30.));
#7296=CARTESIAN_POINT('Origin',(248.718766438012,931.077160499613,30.));
#7297=CARTESIAN_POINT('',(252.118766438011,931.077160499613,0.));
#7298=CARTESIAN_POINT('',(252.118766438011,931.077160499613,49.9999999999995));
#7299=CARTESIAN_POINT('Origin',(248.718766438012,931.077160499613,0.));
#7300=CARTESIAN_POINT('Origin',(248.718766438012,851.077160499613,49.9999999999995));
#7301=CARTESIAN_POINT('',(252.118766438011,851.077160499613,30.));
#7302=CARTESIAN_POINT('Origin',(248.718766438012,851.077160499613,30.));
#7303=CARTESIAN_POINT('',(252.118766438011,851.077160499613,0.));
#7304=CARTESIAN_POINT('',(252.118766438011,851.077160499613,49.9999999999995));
#7305=CARTESIAN_POINT('Origin',(248.718766438012,851.077160499613,0.));
#7306=CARTESIAN_POINT('Origin',(408.718766438012,851.077160499613,49.9999999999995));
#7307=CARTESIAN_POINT('',(412.118766438011,851.077160499613,30.));
#7308=CARTESIAN_POINT('Origin',(408.718766438012,851.077160499613,30.));
#7309=CARTESIAN_POINT('',(412.118766438011,851.077160499613,0.));
#7310=CARTESIAN_POINT('',(412.118766438011,851.077160499613,49.9999999999995));
#7311=CARTESIAN_POINT('Origin',(408.718766438012,851.077160499613,0.));
#7312=CARTESIAN_POINT('Origin',(408.718766438012,931.077160499613,49.9999999999995));
#7313=CARTESIAN_POINT('',(412.118766438011,931.077160499613,30.));
#7314=CARTESIAN_POINT('Origin',(408.718766438012,931.077160499613,30.));
#7315=CARTESIAN_POINT('',(412.118766438011,931.077160499613,0.));
#7316=CARTESIAN_POINT('',(412.118766438011,931.077160499613,49.9999999999995));
#7317=CARTESIAN_POINT('Origin',(408.718766438012,931.077160499613,0.));
#7318=CARTESIAN_POINT('Origin',(408.718766438012,1011.07716049961,49.9999999999995));
#7319=CARTESIAN_POINT('',(412.118766438011,1011.07716049961,30.));
#7320=CARTESIAN_POINT('Origin',(408.718766438012,1011.07716049961,30.));
#7321=CARTESIAN_POINT('',(412.118766438011,1011.07716049961,0.));
#7322=CARTESIAN_POINT('',(412.118766438011,1011.07716049961,49.9999999999995));
#7323=CARTESIAN_POINT('Origin',(408.718766438012,1011.07716049961,0.));
#7324=CARTESIAN_POINT('Origin',(408.718766438012,1091.07716049961,49.9999999999995));
#7325=CARTESIAN_POINT('',(412.118766438011,1091.07716049961,30.));
#7326=CARTESIAN_POINT('Origin',(408.718766438012,1091.07716049961,30.));
#7327=CARTESIAN_POINT('',(412.118766438011,1091.07716049961,0.));
#7328=CARTESIAN_POINT('',(412.118766438011,1091.07716049961,49.9999999999995));
#7329=CARTESIAN_POINT('Origin',(408.718766438012,1091.07716049961,0.));
#7330=CARTESIAN_POINT('Origin',(408.718766438012,1171.07716049961,49.9999999999995));
#7331=CARTESIAN_POINT('',(412.118766438011,1171.07716049961,30.));
#7332=CARTESIAN_POINT('Origin',(408.718766438012,1171.07716049961,30.));
#7333=CARTESIAN_POINT('',(412.118766438011,1171.07716049961,0.));
#7334=CARTESIAN_POINT('',(412.118766438011,1171.07716049961,49.9999999999995));
#7335=CARTESIAN_POINT('Origin',(408.718766438012,1171.07716049961,0.));
#7336=CARTESIAN_POINT('Origin',(408.718766438012,1251.07716049961,49.9999999999995));
#7337=CARTESIAN_POINT('',(412.118766438011,1251.07716049961,30.));
#7338=CARTESIAN_POINT('Origin',(408.718766438012,1251.07716049961,30.));
#7339=CARTESIAN_POINT('',(412.118766438011,1251.07716049961,0.));
#7340=CARTESIAN_POINT('',(412.118766438011,1251.07716049961,49.9999999999995));
#7341=CARTESIAN_POINT('Origin',(408.718766438012,1251.07716049961,0.));
#7342=CARTESIAN_POINT('Origin',(328.718766438012,851.077160499613,49.9999999999995));
#7343=CARTESIAN_POINT('',(332.118766438011,851.077160499613,30.));
#7344=CARTESIAN_POINT('Origin',(328.718766438012,851.077160499613,30.));
#7345=CARTESIAN_POINT('',(332.118766438011,851.077160499613,0.));
#7346=CARTESIAN_POINT('',(332.118766438011,851.077160499613,49.9999999999995));
#7347=CARTESIAN_POINT('Origin',(328.718766438012,851.077160499613,0.));
#7348=CARTESIAN_POINT('Origin',(88.7187664380116,851.077160499612,49.9999999999995));
#7349=CARTESIAN_POINT('',(92.1187664380115,851.077160499612,30.));
#7350=CARTESIAN_POINT('Origin',(88.7187664380116,851.077160499612,30.));
#7351=CARTESIAN_POINT('',(92.1187664380115,851.077160499612,0.));
#7352=CARTESIAN_POINT('',(92.1187664380115,851.077160499612,49.9999999999995));
#7353=CARTESIAN_POINT('Origin',(88.7187664380116,851.077160499612,0.));
#7354=CARTESIAN_POINT('Origin',(88.7187664380116,931.077160499612,49.9999999999995));
#7355=CARTESIAN_POINT('',(92.1187664380115,931.077160499612,30.));
#7356=CARTESIAN_POINT('Origin',(88.7187664380116,931.077160499612,30.));
#7357=CARTESIAN_POINT('',(92.1187664380115,931.077160499612,0.));
#7358=CARTESIAN_POINT('',(92.1187664380115,931.077160499612,49.9999999999995));
#7359=CARTESIAN_POINT('Origin',(88.7187664380116,931.077160499612,0.));
#7360=CARTESIAN_POINT('Origin',(88.7187664380116,1011.07716049961,49.9999999999995));
#7361=CARTESIAN_POINT('',(92.1187664380115,1011.07716049961,30.));
#7362=CARTESIAN_POINT('Origin',(88.7187664380116,1011.07716049961,30.));
#7363=CARTESIAN_POINT('',(92.1187664380115,1011.07716049961,0.));
#7364=CARTESIAN_POINT('',(92.1187664380115,1011.07716049961,49.9999999999995));
#7365=CARTESIAN_POINT('Origin',(88.7187664380116,1011.07716049961,0.));
#7366=CARTESIAN_POINT('Origin',(168.718766438012,1011.07716049961,49.9999999999995));
#7367=CARTESIAN_POINT('',(172.118766438011,1011.07716049961,30.));
#7368=CARTESIAN_POINT('Origin',(168.718766438012,1011.07716049961,30.));
#7369=CARTESIAN_POINT('',(172.118766438011,1011.07716049961,0.));
#7370=CARTESIAN_POINT('',(172.118766438011,1011.07716049961,49.9999999999995));
#7371=CARTESIAN_POINT('Origin',(168.718766438012,1011.07716049961,0.));
#7372=CARTESIAN_POINT('Origin',(168.718766438012,931.077160499613,49.9999999999995));
#7373=CARTESIAN_POINT('',(172.118766438011,931.077160499613,30.));
#7374=CARTESIAN_POINT('Origin',(168.718766438012,931.077160499613,30.));
#7375=CARTESIAN_POINT('',(172.118766438011,931.077160499613,0.));
#7376=CARTESIAN_POINT('',(172.118766438011,931.077160499613,49.9999999999995));
#7377=CARTESIAN_POINT('Origin',(168.718766438012,931.077160499613,0.));
#7378=CARTESIAN_POINT('Origin',(168.718766438012,851.077160499612,49.9999999999995));
#7379=CARTESIAN_POINT('',(172.118766438011,851.077160499612,30.));
#7380=CARTESIAN_POINT('Origin',(168.718766438012,851.077160499612,30.));
#7381=CARTESIAN_POINT('',(172.118766438011,851.077160499612,0.));
#7382=CARTESIAN_POINT('',(172.118766438011,851.077160499612,49.9999999999995));
#7383=CARTESIAN_POINT('Origin',(168.718766438012,851.077160499612,0.));
#7384=CARTESIAN_POINT('Origin',(248.718766438012,1011.07716049961,49.9999999999995));
#7385=CARTESIAN_POINT('',(252.118766438011,1011.07716049961,30.));
#7386=CARTESIAN_POINT('Origin',(248.718766438012,1011.07716049961,30.));
#7387=CARTESIAN_POINT('',(252.118766438011,1011.07716049961,0.));
#7388=CARTESIAN_POINT('',(252.118766438011,1011.07716049961,49.9999999999995));
#7389=CARTESIAN_POINT('Origin',(248.718766438012,1011.07716049961,0.));
#7390=CARTESIAN_POINT('Origin',(488.718766438012,851.077160499613,49.9999999999995));
#7391=CARTESIAN_POINT('',(492.118766438011,851.077160499613,30.));
#7392=CARTESIAN_POINT('Origin',(488.718766438012,851.077160499613,30.));
#7393=CARTESIAN_POINT('',(492.118766438011,851.077160499613,0.));
#7394=CARTESIAN_POINT('',(492.118766438011,851.077160499613,49.9999999999995));
#7395=CARTESIAN_POINT('Origin',(488.718766438012,851.077160499613,0.));
#7396=CARTESIAN_POINT('Origin',(488.718766438012,931.077160499613,49.9999999999995));
#7397=CARTESIAN_POINT('',(492.118766438011,931.077160499613,30.));
#7398=CARTESIAN_POINT('Origin',(488.718766438012,931.077160499613,30.));
#7399=CARTESIAN_POINT('',(492.118766438011,931.077160499613,0.));
#7400=CARTESIAN_POINT('',(492.118766438011,931.077160499613,49.9999999999995));
#7401=CARTESIAN_POINT('Origin',(488.718766438012,931.077160499613,0.));
#7402=CARTESIAN_POINT('Origin',(488.718766438012,1011.07716049961,49.9999999999995));
#7403=CARTESIAN_POINT('',(492.118766438011,1011.07716049961,30.));
#7404=CARTESIAN_POINT('Origin',(488.718766438012,1011.07716049961,30.));
#7405=CARTESIAN_POINT('',(492.118766438011,1011.07716049961,0.));
#7406=CARTESIAN_POINT('',(492.118766438011,1011.07716049961,49.9999999999995));
#7407=CARTESIAN_POINT('Origin',(488.718766438012,1011.07716049961,0.));
#7408=CARTESIAN_POINT('Origin',(488.718766438012,1251.07716049961,49.9999999999995));
#7409=CARTESIAN_POINT('',(492.118766438011,1251.07716049961,30.));
#7410=CARTESIAN_POINT('Origin',(488.718766438012,1251.07716049961,30.));
#7411=CARTESIAN_POINT('',(492.118766438011,1251.07716049961,0.));
#7412=CARTESIAN_POINT('',(492.118766438011,1251.07716049961,49.9999999999995));
#7413=CARTESIAN_POINT('Origin',(488.718766438012,1251.07716049961,0.));
#7414=CARTESIAN_POINT('Origin',(488.718766438012,1171.07716049961,49.9999999999995));
#7415=CARTESIAN_POINT('',(492.118766438011,1171.07716049961,30.));
#7416=CARTESIAN_POINT('Origin',(488.718766438012,1171.07716049961,30.));
#7417=CARTESIAN_POINT('',(492.118766438011,1171.07716049961,0.));
#7418=CARTESIAN_POINT('',(492.118766438011,1171.07716049961,49.9999999999995));
#7419=CARTESIAN_POINT('Origin',(488.718766438012,1171.07716049961,0.));
#7420=CARTESIAN_POINT('Origin',(488.718766438012,1091.07716049961,49.9999999999995));
#7421=CARTESIAN_POINT('',(492.118766438011,1091.07716049961,30.));
#7422=CARTESIAN_POINT('Origin',(488.718766438012,1091.07716049961,30.));
#7423=CARTESIAN_POINT('',(492.118766438011,1091.07716049961,0.));
#7424=CARTESIAN_POINT('',(492.118766438011,1091.07716049961,49.9999999999995));
#7425=CARTESIAN_POINT('Origin',(488.718766438012,1091.07716049961,0.));
#7426=CARTESIAN_POINT('Origin',(568.718766438012,1251.07716049961,49.9999999999995));
#7427=CARTESIAN_POINT('',(572.118766438012,1251.07716049961,30.));
#7428=CARTESIAN_POINT('Origin',(568.718766438012,1251.07716049961,30.));
#7429=CARTESIAN_POINT('',(572.118766438012,1251.07716049961,0.));
#7430=CARTESIAN_POINT('',(572.118766438012,1251.07716049961,49.9999999999995));
#7431=CARTESIAN_POINT('Origin',(568.718766438012,1251.07716049961,0.));
#7432=CARTESIAN_POINT('Origin',(568.718766438012,1171.07716049961,49.9999999999995));
#7433=CARTESIAN_POINT('',(572.118766438012,1171.07716049961,30.));
#7434=CARTESIAN_POINT('Origin',(568.718766438012,1171.07716049961,30.));
#7435=CARTESIAN_POINT('',(572.118766438012,1171.07716049961,0.));
#7436=CARTESIAN_POINT('',(572.118766438012,1171.07716049961,49.9999999999995));
#7437=CARTESIAN_POINT('Origin',(568.718766438012,1171.07716049961,0.));
#7438=CARTESIAN_POINT('Origin',(568.718766438012,1091.07716049961,49.9999999999995));
#7439=CARTESIAN_POINT('',(572.118766438012,1091.07716049961,30.));
#7440=CARTESIAN_POINT('Origin',(568.718766438012,1091.07716049961,30.));
#7441=CARTESIAN_POINT('',(572.118766438012,1091.07716049961,0.));
#7442=CARTESIAN_POINT('',(572.118766438012,1091.07716049961,49.9999999999995));
#7443=CARTESIAN_POINT('Origin',(568.718766438012,1091.07716049961,0.));
#7444=CARTESIAN_POINT('Origin',(568.718766438012,1011.07716049961,49.9999999999995));
#7445=CARTESIAN_POINT('',(572.118766438012,1011.07716049961,30.));
#7446=CARTESIAN_POINT('Origin',(568.718766438012,1011.07716049961,30.));
#7447=CARTESIAN_POINT('',(572.118766438012,1011.07716049961,0.));
#7448=CARTESIAN_POINT('',(572.118766438012,1011.07716049961,49.9999999999995));
#7449=CARTESIAN_POINT('Origin',(568.718766438012,1011.07716049961,0.));
#7450=CARTESIAN_POINT('Origin',(568.718766438012,931.077160499613,49.9999999999995));
#7451=CARTESIAN_POINT('',(572.118766438012,931.077160499613,30.));
#7452=CARTESIAN_POINT('Origin',(568.718766438012,931.077160499613,30.));
#7453=CARTESIAN_POINT('',(572.118766438012,931.077160499613,0.));
#7454=CARTESIAN_POINT('',(572.118766438012,931.077160499613,49.9999999999995));
#7455=CARTESIAN_POINT('Origin',(568.718766438012,931.077160499613,0.));
#7456=CARTESIAN_POINT('Origin',(568.718766438012,851.077160499613,49.9999999999995));
#7457=CARTESIAN_POINT('',(572.118766438012,851.077160499613,30.));
#7458=CARTESIAN_POINT('Origin',(568.718766438012,851.077160499613,30.));
#7459=CARTESIAN_POINT('',(572.118766438012,851.077160499613,0.));
#7460=CARTESIAN_POINT('',(572.118766438012,851.077160499613,49.9999999999995));
#7461=CARTESIAN_POINT('Origin',(568.718766438012,851.077160499613,0.));
#7462=CARTESIAN_POINT('Origin',(328.718766438012,1091.07716049961,49.9999999999995));
#7463=CARTESIAN_POINT('',(332.118766438011,1091.07716049961,30.));
#7464=CARTESIAN_POINT('Origin',(328.718766438012,1091.07716049961,30.));
#7465=CARTESIAN_POINT('',(332.118766438011,1091.07716049961,5.));
#7466=CARTESIAN_POINT('',(332.118766438011,1091.07716049961,49.9999999999995));
#7467=CARTESIAN_POINT('Origin',(328.718766438012,1091.07716049961,5.));
#7468=CARTESIAN_POINT('Origin',(328.718766438012,1171.07716049961,49.9999999999995));
#7469=CARTESIAN_POINT('',(332.118766438011,1171.07716049961,30.));
#7470=CARTESIAN_POINT('Origin',(328.718766438012,1171.07716049961,30.));
#7471=CARTESIAN_POINT('',(332.118766438011,1171.07716049961,5.));
#7472=CARTESIAN_POINT('',(332.118766438011,1171.07716049961,49.9999999999995));
#7473=CARTESIAN_POINT('Origin',(328.718766438012,1171.07716049961,5.));
#7474=CARTESIAN_POINT('Origin',(328.718766438012,1251.07716049961,49.9999999999995));
#7475=CARTESIAN_POINT('',(332.118766438011,1251.07716049961,30.));
#7476=CARTESIAN_POINT('Origin',(328.718766438012,1251.07716049961,30.));
#7477=CARTESIAN_POINT('',(332.118766438011,1251.07716049961,5.));
#7478=CARTESIAN_POINT('',(332.118766438011,1251.07716049961,49.9999999999995));
#7479=CARTESIAN_POINT('Origin',(328.718766438012,1251.07716049961,5.));
#7480=CARTESIAN_POINT('Origin',(168.718766438012,1251.07716049961,49.9999999999995));
#7481=CARTESIAN_POINT('',(172.118766438011,1251.07716049961,30.));
#7482=CARTESIAN_POINT('Origin',(168.718766438012,1251.07716049961,30.));
#7483=CARTESIAN_POINT('',(172.118766438011,1251.07716049961,5.));
#7484=CARTESIAN_POINT('',(172.118766438011,1251.07716049961,49.9999999999995));
#7485=CARTESIAN_POINT('Origin',(168.718766438012,1251.07716049961,5.));
#7486=CARTESIAN_POINT('Origin',(168.718766438012,1171.07716049961,49.9999999999995));
#7487=CARTESIAN_POINT('',(172.118766438011,1171.07716049961,30.));
#7488=CARTESIAN_POINT('Origin',(168.718766438012,1171.07716049961,30.));
#7489=CARTESIAN_POINT('',(172.118766438011,1171.07716049961,5.));
#7490=CARTESIAN_POINT('',(172.118766438011,1171.07716049961,49.9999999999995));
#7491=CARTESIAN_POINT('Origin',(168.718766438012,1171.07716049961,5.));
#7492=CARTESIAN_POINT('Origin',(168.718766438012,1091.07716049961,49.9999999999995));
#7493=CARTESIAN_POINT('',(172.118766438011,1091.07716049961,30.));
#7494=CARTESIAN_POINT('Origin',(168.718766438012,1091.07716049961,30.));
#7495=CARTESIAN_POINT('',(172.118766438011,1091.07716049961,5.));
#7496=CARTESIAN_POINT('',(172.118766438011,1091.07716049961,49.9999999999995));
#7497=CARTESIAN_POINT('Origin',(168.718766438012,1091.07716049961,5.));
#7498=CARTESIAN_POINT('Origin',(88.7187664380116,1091.07716049961,49.9999999999995));
#7499=CARTESIAN_POINT('',(92.1187664380115,1091.07716049961,30.));
#7500=CARTESIAN_POINT('Origin',(88.7187664380116,1091.07716049961,30.));
#7501=CARTESIAN_POINT('',(92.1187664380115,1091.07716049961,5.));
#7502=CARTESIAN_POINT('',(92.1187664380115,1091.07716049961,49.9999999999995));
#7503=CARTESIAN_POINT('Origin',(88.7187664380116,1091.07716049961,5.));
#7504=CARTESIAN_POINT('Origin',(248.718766438012,1251.07716049961,49.9999999999995));
#7505=CARTESIAN_POINT('',(252.118766438011,1251.07716049961,30.));
#7506=CARTESIAN_POINT('Origin',(248.718766438012,1251.07716049961,30.));
#7507=CARTESIAN_POINT('',(252.118766438011,1251.07716049961,5.));
#7508=CARTESIAN_POINT('',(252.118766438011,1251.07716049961,49.9999999999995));
#7509=CARTESIAN_POINT('Origin',(248.718766438012,1251.07716049961,5.));
#7510=CARTESIAN_POINT('Origin',(248.718766438012,1171.07716049961,49.9999999999995));
#7511=CARTESIAN_POINT('',(252.118766438011,1171.07716049961,30.));
#7512=CARTESIAN_POINT('Origin',(248.718766438012,1171.07716049961,30.));
#7513=CARTESIAN_POINT('',(252.118766438011,1171.07716049961,5.));
#7514=CARTESIAN_POINT('',(252.118766438011,1171.07716049961,49.9999999999995));
#7515=CARTESIAN_POINT('Origin',(248.718766438012,1171.07716049961,5.));
#7516=CARTESIAN_POINT('Origin',(248.718766438012,1091.07716049961,49.9999999999995));
#7517=CARTESIAN_POINT('',(252.118766438011,1091.07716049961,30.));
#7518=CARTESIAN_POINT('Origin',(248.718766438012,1091.07716049961,30.));
#7519=CARTESIAN_POINT('',(252.118766438011,1091.07716049961,5.));
#7520=CARTESIAN_POINT('',(252.118766438011,1091.07716049961,49.9999999999995));
#7521=CARTESIAN_POINT('Origin',(248.718766438012,1091.07716049961,5.));
#7522=CARTESIAN_POINT('Origin',(88.7187664380116,1171.07716049961,49.9999999999995));
#7523=CARTESIAN_POINT('',(92.1187664380115,1171.07716049961,30.));
#7524=CARTESIAN_POINT('Origin',(88.7187664380116,1171.07716049961,30.));
#7525=CARTESIAN_POINT('',(92.1187664380115,1171.07716049961,5.));
#7526=CARTESIAN_POINT('',(92.1187664380115,1171.07716049961,49.9999999999995));
#7527=CARTESIAN_POINT('Origin',(88.7187664380116,1171.07716049961,5.));
#7528=CARTESIAN_POINT('Origin',(88.7187664380116,1251.07716049961,49.9999999999995));
#7529=CARTESIAN_POINT('',(92.1187664380115,1251.07716049961,30.));
#7530=CARTESIAN_POINT('Origin',(88.7187664380116,1251.07716049961,30.));
#7531=CARTESIAN_POINT('',(92.1187664380115,1251.07716049961,5.));
#7532=CARTESIAN_POINT('',(92.1187664380115,1251.07716049961,49.9999999999995));
#7533=CARTESIAN_POINT('Origin',(88.7187664380116,1251.07716049961,5.));
#7534=CARTESIAN_POINT('Origin',(-351.281233561984,1266.07716049961,40.));
#7535=CARTESIAN_POINT('',(-346.181233561984,1266.07716049961,30.));
#7536=CARTESIAN_POINT('Origin',(-351.281233561984,1266.07716049961,30.));
#7537=CARTESIAN_POINT('',(-346.181233561984,1266.07716049961,10.));
#7538=CARTESIAN_POINT('',(-346.181233561984,1266.07716049961,40.));
#7539=CARTESIAN_POINT('Origin',(-351.281233561984,1266.07716049961,10.));
#7540=CARTESIAN_POINT('Origin',(-351.281233561984,1191.07716049961,40.));
#7541=CARTESIAN_POINT('',(-346.181233561984,1191.07716049961,30.));
#7542=CARTESIAN_POINT('Origin',(-351.281233561984,1191.07716049961,30.));
#7543=CARTESIAN_POINT('',(-346.181233561984,1191.07716049961,10.));
#7544=CARTESIAN_POINT('',(-346.181233561984,1191.07716049961,40.));
#7545=CARTESIAN_POINT('Origin',(-351.281233561984,1191.07716049961,10.));
#7546=CARTESIAN_POINT('Origin',(-351.281233561983,966.077160499612,40.));
#7547=CARTESIAN_POINT('',(-346.181233561983,966.077160499612,30.));
#7548=CARTESIAN_POINT('Origin',(-351.281233561983,966.077160499612,30.));
#7549=CARTESIAN_POINT('',(-346.181233561983,966.077160499612,10.));
#7550=CARTESIAN_POINT('',(-346.181233561983,966.077160499612,40.));
#7551=CARTESIAN_POINT('Origin',(-351.281233561983,966.077160499612,10.));
#7552=CARTESIAN_POINT('Origin',(-351.281233561982,891.077160499612,40.));
#7553=CARTESIAN_POINT('',(-346.181233561982,891.077160499612,30.));
#7554=CARTESIAN_POINT('Origin',(-351.281233561982,891.077160499612,30.));
#7555=CARTESIAN_POINT('',(-346.181233561982,891.077160499612,10.));
#7556=CARTESIAN_POINT('',(-346.181233561982,891.077160499612,40.));
#7557=CARTESIAN_POINT('Origin',(-351.281233561982,891.077160499612,10.));
#7558=CARTESIAN_POINT('Origin',(-351.281233561984,1116.07716049961,40.));
#7559=CARTESIAN_POINT('',(-346.181233561984,1116.07716049961,30.));
#7560=CARTESIAN_POINT('Origin',(-351.281233561984,1116.07716049961,30.));
#7561=CARTESIAN_POINT('',(-346.181233561984,1116.07716049961,10.));
#7562=CARTESIAN_POINT('',(-346.181233561984,1116.07716049961,40.));
#7563=CARTESIAN_POINT('Origin',(-351.281233561984,1116.07716049961,10.));
#7564=CARTESIAN_POINT('Origin',(-351.281233561982,816.077160499612,40.));
#7565=CARTESIAN_POINT('',(-346.181233561982,816.077160499612,30.));
#7566=CARTESIAN_POINT('Origin',(-351.281233561982,816.077160499612,30.));
#7567=CARTESIAN_POINT('',(-346.181233561982,816.077160499612,10.));
#7568=CARTESIAN_POINT('',(-346.181233561982,816.077160499612,40.));
#7569=CARTESIAN_POINT('Origin',(-351.281233561982,816.077160499612,10.));
#7570=CARTESIAN_POINT('Origin',(-351.281233561984,1041.07716049961,40.));
#7571=CARTESIAN_POINT('',(-346.181233561984,1041.07716049961,30.));
#7572=CARTESIAN_POINT('Origin',(-351.281233561984,1041.07716049961,30.));
#7573=CARTESIAN_POINT('',(-346.181233561984,1041.07716049961,10.));
#7574=CARTESIAN_POINT('',(-346.181233561984,1041.07716049961,40.));
#7575=CARTESIAN_POINT('Origin',(-351.281233561984,1041.07716049961,10.));
#7576=CARTESIAN_POINT('Origin',(528.718766438013,1266.07716049961,40.));
#7577=CARTESIAN_POINT('',(533.818766438013,1266.07716049961,30.));
#7578=CARTESIAN_POINT('Origin',(528.718766438013,1266.07716049961,30.));
#7579=CARTESIAN_POINT('',(533.818766438013,1266.07716049961,10.));
#7580=CARTESIAN_POINT('',(533.818766438013,1266.07716049961,40.));
#7581=CARTESIAN_POINT('Origin',(528.718766438013,1266.07716049961,10.));
#7582=CARTESIAN_POINT('Origin',(528.718766438013,1191.07716049961,40.));
#7583=CARTESIAN_POINT('',(533.818766438013,1191.07716049961,30.));
#7584=CARTESIAN_POINT('Origin',(528.718766438013,1191.07716049961,30.));
#7585=CARTESIAN_POINT('',(533.818766438013,1191.07716049961,10.));
#7586=CARTESIAN_POINT('',(533.818766438013,1191.07716049961,40.));
#7587=CARTESIAN_POINT('Origin',(528.718766438013,1191.07716049961,10.));
#7588=CARTESIAN_POINT('Origin',(528.718766438011,966.077160499612,40.));
#7589=CARTESIAN_POINT('',(533.818766438011,966.077160499612,30.));
#7590=CARTESIAN_POINT('Origin',(528.718766438011,966.077160499612,30.));
#7591=CARTESIAN_POINT('',(533.818766438011,966.077160499612,10.));
#7592=CARTESIAN_POINT('',(533.818766438011,966.077160499612,40.));
#7593=CARTESIAN_POINT('Origin',(528.718766438011,966.077160499612,10.));
#7594=CARTESIAN_POINT('Origin',(528.718766438011,891.077160499612,40.));
#7595=CARTESIAN_POINT('',(533.818766438011,891.077160499612,30.));
#7596=CARTESIAN_POINT('Origin',(528.718766438011,891.077160499612,30.));
#7597=CARTESIAN_POINT('',(533.818766438011,891.077160499612,10.));
#7598=CARTESIAN_POINT('',(533.818766438011,891.077160499612,40.));
#7599=CARTESIAN_POINT('Origin',(528.718766438011,891.077160499612,10.));
#7600=CARTESIAN_POINT('Origin',(528.718766438013,1116.07716049961,40.));
#7601=CARTESIAN_POINT('',(533.818766438013,1116.07716049961,30.));
#7602=CARTESIAN_POINT('Origin',(528.718766438013,1116.07716049961,30.));
#7603=CARTESIAN_POINT('',(533.818766438013,1116.07716049961,10.));
#7604=CARTESIAN_POINT('',(533.818766438013,1116.07716049961,40.));
#7605=CARTESIAN_POINT('Origin',(528.718766438013,1116.07716049961,10.));
#7606=CARTESIAN_POINT('Origin',(528.718766438011,816.077160499612,40.));
#7607=CARTESIAN_POINT('',(533.818766438011,816.077160499612,30.));
#7608=CARTESIAN_POINT('Origin',(528.718766438011,816.077160499612,30.));
#7609=CARTESIAN_POINT('',(533.818766438011,816.077160499612,10.));
#7610=CARTESIAN_POINT('',(533.818766438011,816.077160499612,40.));
#7611=CARTESIAN_POINT('Origin',(528.718766438011,816.077160499612,10.));
#7612=CARTESIAN_POINT('Origin',(528.718766438013,1041.07716049961,40.));
#7613=CARTESIAN_POINT('',(533.818766438013,1041.07716049961,30.));
#7614=CARTESIAN_POINT('Origin',(528.718766438013,1041.07716049961,30.));
#7615=CARTESIAN_POINT('',(533.818766438013,1041.07716049961,10.));
#7616=CARTESIAN_POINT('',(533.818766438013,1041.07716049961,40.));
#7617=CARTESIAN_POINT('Origin',(528.718766438013,1041.07716049961,10.));
#7618=CARTESIAN_POINT('Origin',(-124.281233568793,1102.37716302334,53.0999999999997));
#7619=CARTESIAN_POINT('',(-121.731233568793,1102.37716302334,20.));
#7620=CARTESIAN_POINT('Origin',(-124.281233568793,1102.37716302334,20.));
#7621=CARTESIAN_POINT('',(-121.731233568793,1102.37716302334,5.));
#7622=CARTESIAN_POINT('',(-121.731233568793,1102.37716302334,53.0999999999997));
#7623=CARTESIAN_POINT('Origin',(-124.281233568793,1102.37716302334,5.));
#7624=CARTESIAN_POINT('Origin',(-124.281233568793,1128.37716302334,53.0999999999997));
#7625=CARTESIAN_POINT('',(-121.731233568793,1128.37716302334,20.));
#7626=CARTESIAN_POINT('Origin',(-124.281233568793,1128.37716302334,20.));
#7627=CARTESIAN_POINT('',(-121.731233568793,1128.37716302334,5.));
#7628=CARTESIAN_POINT('',(-121.731233568793,1128.37716302334,53.0999999999997));
#7629=CARTESIAN_POINT('Origin',(-124.281233568793,1128.37716302334,5.));
#7630=CARTESIAN_POINT('Origin',(-98.2812335687927,1128.37716302334,53.0999999999997));
#7631=CARTESIAN_POINT('',(-95.7312335687926,1128.37716302334,20.));
#7632=CARTESIAN_POINT('Origin',(-98.2812335687927,1128.37716302334,20.));
#7633=CARTESIAN_POINT('',(-95.7312335687926,1128.37716302334,5.));
#7634=CARTESIAN_POINT('',(-95.7312335687926,1128.37716302334,53.0999999999997));
#7635=CARTESIAN_POINT('Origin',(-98.2812335687927,1128.37716302334,5.));
#7636=CARTESIAN_POINT('Origin',(-98.2812335687927,1102.37716302334,53.0999999999997));
#7637=CARTESIAN_POINT('',(-95.7312335687926,1102.37716302334,20.));
#7638=CARTESIAN_POINT('Origin',(-98.2812335687927,1102.37716302334,20.));
#7639=CARTESIAN_POINT('',(-95.7312335687926,1102.37716302334,5.));
#7640=CARTESIAN_POINT('',(-95.7312335687926,1102.37716302334,53.0999999999997));
#7641=CARTESIAN_POINT('Origin',(-98.2812335687927,1102.37716302334,5.));
#7642=CARTESIAN_POINT('Origin',(301.718766444821,1102.37716302334,53.0999999999997));
#7643=CARTESIAN_POINT('',(304.268766444821,1102.37716302334,20.));
#7644=CARTESIAN_POINT('Origin',(301.718766444821,1102.37716302334,20.));
#7645=CARTESIAN_POINT('',(304.268766444821,1102.37716302334,5.));
#7646=CARTESIAN_POINT('',(304.268766444821,1102.37716302334,53.0999999999997));
#7647=CARTESIAN_POINT('Origin',(301.718766444821,1102.37716302334,5.));
#7648=CARTESIAN_POINT('Origin',(301.718766444821,1128.37716302334,53.0999999999997));
#7649=CARTESIAN_POINT('',(304.268766444821,1128.37716302334,20.));
#7650=CARTESIAN_POINT('Origin',(301.718766444821,1128.37716302334,20.));
#7651=CARTESIAN_POINT('',(304.268766444821,1128.37716302334,5.));
#7652=CARTESIAN_POINT('',(304.268766444821,1128.37716302334,53.0999999999997));
#7653=CARTESIAN_POINT('Origin',(301.718766444821,1128.37716302334,5.));
#7654=CARTESIAN_POINT('Origin',(275.718766444821,1128.37716302334,53.0999999999997));
#7655=CARTESIAN_POINT('',(278.268766444821,1128.37716302334,20.));
#7656=CARTESIAN_POINT('Origin',(275.718766444821,1128.37716302334,20.));
#7657=CARTESIAN_POINT('',(278.268766444821,1128.37716302334,5.));
#7658=CARTESIAN_POINT('',(278.268766444821,1128.37716302334,53.0999999999997));
#7659=CARTESIAN_POINT('Origin',(275.718766444821,1128.37716302334,5.));
#7660=CARTESIAN_POINT('Origin',(275.718766444821,1102.37716302334,53.0999999999997));
#7661=CARTESIAN_POINT('',(278.268766444821,1102.37716302334,20.));
#7662=CARTESIAN_POINT('Origin',(275.718766444821,1102.37716302334,20.));
#7663=CARTESIAN_POINT('',(278.268766444821,1102.37716302334,5.));
#7664=CARTESIAN_POINT('',(278.268766444821,1102.37716302334,53.0999999999997));
#7665=CARTESIAN_POINT('Origin',(275.718766444821,1102.37716302334,5.));
#7666=CARTESIAN_POINT('Origin',(0.,0.,30.));
#7667=CARTESIAN_POINT('',(588.718766438014,791.077160499612,30.));
#7668=CARTESIAN_POINT('',(588.718766438014,1291.07716049961,30.));
#7669=CARTESIAN_POINT('',(588.718766438014,1291.07716049961,30.));
#7670=CARTESIAN_POINT('',(-411.281233561986,1291.07716049961,30.));
#7671=CARTESIAN_POINT('',(588.718766438014,1291.07716049961,30.));
#7672=CARTESIAN_POINT('',(-411.281233561986,791.077160499612,30.));
#7673=CARTESIAN_POINT('',(-411.281233561986,1291.07716049961,30.));
#7674=CARTESIAN_POINT('',(588.718766438014,791.077160499612,30.));
#7675=CARTESIAN_POINT('Origin',(0.,0.,5.));
#7676=CARTESIAN_POINT('',(-211.281233561986,1291.07716049961,5.));
#7677=CARTESIAN_POINT('',(388.718766438014,1291.07716049961,5.));
#7678=CARTESIAN_POINT('',(588.718766438014,1291.07716049961,5.));
#7679=CARTESIAN_POINT('',(388.718766438014,1041.07716049961,5.));
#7680=CARTESIAN_POINT('',(388.718766438014,1541.07716049961,5.));
#7681=CARTESIAN_POINT('',(-211.281233561986,1041.07716049961,5.));
#7682=CARTESIAN_POINT('',(388.718766438014,1041.07716049961,5.));
#7683=CARTESIAN_POINT('',(-211.281233561986,1541.07716049961,5.));
#7684=CARTESIAN_POINT('Origin',(0.,0.,0.));
#7685=CARTESIAN_POINT('',(-211.281233561986,1041.07716049961,0.));
#7686=CARTESIAN_POINT('',(-211.281233561986,1291.07716049961,0.));
#7687=CARTESIAN_POINT('',(-211.281233561986,1541.07716049961,0.));
#7688=CARTESIAN_POINT('',(388.718766438014,1041.07716049961,0.));
#7689=CARTESIAN_POINT('',(388.718766438014,1041.07716049961,0.));
#7690=CARTESIAN_POINT('',(388.718766438014,1291.07716049961,0.));
#7691=CARTESIAN_POINT('',(388.718766438014,1541.07716049961,0.));
#7692=CARTESIAN_POINT('',(508.718766438013,1291.07716049961,0.));
#7693=CARTESIAN_POINT('',(588.718766438014,1291.07716049961,0.));
#7694=CARTESIAN_POINT('',(508.718766438014,791.077160499612,0.));
#7695=CARTESIAN_POINT('',(508.718766438014,791.077160499612,0.));
#7696=CARTESIAN_POINT('',(-331.281233561985,791.077160499612,0.));
#7697=CARTESIAN_POINT('',(588.718766438014,791.077160499612,0.));
#7698=CARTESIAN_POINT('',(-331.281233561984,1291.07716049961,0.));
#7699=CARTESIAN_POINT('',(-331.281233561985,791.077160499612,0.));
#7700=CARTESIAN_POINT('',(588.718766438014,1291.07716049961,0.));
#7701=CARTESIAN_POINT('Origin',(588.718766438014,1291.07716049961,30.));
#7702=CARTESIAN_POINT('',(-211.281233561986,1291.07716049961,30.));
#7703=CARTESIAN_POINT('',(-331.281233561984,1291.07716049961,10.));
#7704=CARTESIAN_POINT('',(-331.281233561984,1291.07716049961,10.));
#7705=CARTESIAN_POINT('',(-371.281233561984,1291.07716049961,10.));
#7706=CARTESIAN_POINT('',(-331.281233561984,1291.07716049961,10.));
#7707=CARTESIAN_POINT('',(-371.281233561984,1291.07716049961,0.));
#7708=CARTESIAN_POINT('',(-371.281233561984,1291.07716049961,10.));
#7709=CARTESIAN_POINT('',(-411.281233561986,1291.07716049961,0.));
#7710=CARTESIAN_POINT('',(588.718766438014,1291.07716049961,0.));
#7711=CARTESIAN_POINT('',(-411.281233561986,1291.07716049961,30.));
#7712=CARTESIAN_POINT('',(588.718766438014,1291.07716049961,0.));
#7713=CARTESIAN_POINT('',(588.718766438014,1291.07716049961,30.));
#7714=CARTESIAN_POINT('',(548.718766438013,1291.07716049961,0.));
#7715=CARTESIAN_POINT('',(588.718766438014,1291.07716049961,0.));
#7716=CARTESIAN_POINT('',(548.718766438013,1291.07716049961,10.));
#7717=CARTESIAN_POINT('',(548.718766438013,1291.07716049961,10.));
#7718=CARTESIAN_POINT('',(508.718766438013,1291.07716049961,10.));
#7719=CARTESIAN_POINT('',(508.718766438013,1291.07716049961,10.));
#7720=CARTESIAN_POINT('',(508.718766438013,1291.07716049961,10.));
#7721=CARTESIAN_POINT('',(388.718766438014,1291.07716049961,30.));
#7722=CARTESIAN_POINT('Origin',(588.718766438014,791.077160499612,30.));
#7723=CARTESIAN_POINT('',(-411.281233561986,791.077160499612,0.));
#7724=CARTESIAN_POINT('',(-371.281233561984,791.077160499612,0.));
#7725=CARTESIAN_POINT('',(588.718766438014,791.077160499612,0.));
#7726=CARTESIAN_POINT('',(-371.281233561984,791.077160499612,10.));
#7727=CARTESIAN_POINT('',(-371.281233561984,791.077160499612,10.));
#7728=CARTESIAN_POINT('',(-331.281233561985,791.077160499612,10.));
#7729=CARTESIAN_POINT('',(-331.281233561985,791.077160499612,10.));
#7730=CARTESIAN_POINT('',(-331.281233561985,791.077160499612,10.));
#7731=CARTESIAN_POINT('',(508.718766438014,791.077160499612,10.));
#7732=CARTESIAN_POINT('',(508.718766438014,791.077160499612,10.));
#7733=CARTESIAN_POINT('',(548.718766438013,791.077160499612,10.));
#7734=CARTESIAN_POINT('',(508.718766438014,791.077160499612,10.));
#7735=CARTESIAN_POINT('',(548.718766438013,791.077160499612,0.));
#7736=CARTESIAN_POINT('',(548.718766438013,791.077160499612,10.));
#7737=CARTESIAN_POINT('',(588.718766438014,791.077160499612,0.));
#7738=CARTESIAN_POINT('',(588.718766438014,791.077160499612,0.));
#7739=CARTESIAN_POINT('',(588.718766438014,791.077160499612,30.));
#7740=CARTESIAN_POINT('',(-411.281233561986,791.077160499612,30.));
#7741=CARTESIAN_POINT('Origin',(0.,0.,0.));
#7742=CARTESIAN_POINT('',(548.718766438013,791.077160499612,0.));
#7743=CARTESIAN_POINT('',(588.718766438014,1291.07716049961,0.));
#7744=CARTESIAN_POINT('Origin',(588.718766438014,1291.07716049961,30.));
#7745=CARTESIAN_POINT('Origin',(-411.281233561986,1291.07716049961,30.));
#7746=CARTESIAN_POINT('',(-411.281233561986,1291.07716049961,0.));
#7747=CARTESIAN_POINT('Origin',(0.,0.,0.));
#7748=CARTESIAN_POINT('',(-371.281233561984,791.077160499612,0.));
#7749=CARTESIAN_POINT('Origin',(548.718766438013,791.077160499612,10.));
#7750=CARTESIAN_POINT('',(548.718766438013,791.077160499612,10.));
#7751=CARTESIAN_POINT('Origin',(508.718766438014,791.077160499612,10.));
#7752=CARTESIAN_POINT('',(508.718766438014,791.077160499612,10.));
#7753=CARTESIAN_POINT('Origin',(0.,0.,10.));
#7754=CARTESIAN_POINT('Origin',(-371.281233561984,791.077160499612,10.));
#7755=CARTESIAN_POINT('',(-371.281233561984,791.077160499612,10.));
#7756=CARTESIAN_POINT('Origin',(-331.281233561985,791.077160499612,10.));
#7757=CARTESIAN_POINT('',(-331.281233561985,791.077160499612,10.));
#7758=CARTESIAN_POINT('Origin',(177.437532876029,1.09247578988271E-14,10.));
#7759=CARTESIAN_POINT('Origin',(-211.281233561986,1541.07716049961,5.));
#7760=CARTESIAN_POINT('',(-211.281233561986,1041.07716049961,5.));
#7761=CARTESIAN_POINT('Origin',(388.718766438014,1541.07716049961,5.));
#7762=CARTESIAN_POINT('',(388.718766438014,1041.07716049961,5.));
#7763=CARTESIAN_POINT('Origin',(388.718766438014,1041.07716049961,5.));
#7764=CARTESIAN_POINT('Origin',(-124.281233568792,1102.37716302334,20.));
#7765=CARTESIAN_POINT('Origin',(-124.281233568793,1128.37716302334,20.));
#7766=CARTESIAN_POINT('Origin',(-98.2812335687927,1128.37716302334,20.));
#7767=CARTESIAN_POINT('Origin',(-98.2812335687925,1102.37716302334,20.));
#7768=CARTESIAN_POINT('Origin',(301.718766444821,1102.37716302334,20.));
#7769=CARTESIAN_POINT('Origin',(301.718766444821,1128.37716302334,20.));
#7770=CARTESIAN_POINT('Origin',(275.718766444821,1128.37716302334,20.));
#7771=CARTESIAN_POINT('Origin',(275.718766444821,1102.37716302334,20.));
#7772=CARTESIAN_POINT('',(0.,0.,0.));
#7773=CARTESIAN_POINT('Origin',(-351.281233561985,1001.07716049961,80.));
#7774=CARTESIAN_POINT('',(-347.881233561985,1001.07716049961,30.));
#7775=CARTESIAN_POINT('Origin',(-351.281233561985,1001.07716049961,30.));
#7776=CARTESIAN_POINT('',(-347.881233561985,1001.07716049961,0.));
#7777=CARTESIAN_POINT('',(-347.881233561985,1001.07716049961,80.));
#7778=CARTESIAN_POINT('Origin',(-351.281233561985,1001.07716049961,0.));
#7779=CARTESIAN_POINT('Origin',(-271.281233561985,841.077160499612,80.));
#7780=CARTESIAN_POINT('',(-267.881233561985,841.077160499612,30.));
#7781=CARTESIAN_POINT('Origin',(-271.281233561985,841.077160499612,30.));
#7782=CARTESIAN_POINT('',(-267.881233561985,841.077160499612,0.));
#7783=CARTESIAN_POINT('',(-267.881233561985,841.077160499612,80.));
#7784=CARTESIAN_POINT('Origin',(-271.281233561985,841.077160499612,0.));
#7785=CARTESIAN_POINT('Origin',(-271.281233561985,921.077160499612,80.));
#7786=CARTESIAN_POINT('',(-267.881233561985,921.077160499612,30.));
#7787=CARTESIAN_POINT('Origin',(-271.281233561985,921.077160499612,30.));
#7788=CARTESIAN_POINT('',(-267.881233561985,921.077160499612,0.));
#7789=CARTESIAN_POINT('',(-267.881233561985,921.077160499612,80.));
#7790=CARTESIAN_POINT('Origin',(-271.281233561985,921.077160499612,0.));
#7791=CARTESIAN_POINT('Origin',(-351.281233561985,841.077160499612,80.));
#7792=CARTESIAN_POINT('',(-347.881233561985,841.077160499612,30.));
#7793=CARTESIAN_POINT('Origin',(-351.281233561985,841.077160499612,30.));
#7794=CARTESIAN_POINT('',(-347.881233561985,841.077160499612,0.));
#7795=CARTESIAN_POINT('',(-347.881233561985,841.077160499612,80.));
#7796=CARTESIAN_POINT('Origin',(-351.281233561985,841.077160499612,0.));
#7797=CARTESIAN_POINT('Origin',(-351.281233561985,921.077160499612,80.));
#7798=CARTESIAN_POINT('',(-347.881233561985,921.077160499612,30.));
#7799=CARTESIAN_POINT('Origin',(-351.281233561985,921.077160499612,30.));
#7800=CARTESIAN_POINT('',(-347.881233561985,921.077160499612,0.));
#7801=CARTESIAN_POINT('',(-347.881233561985,921.077160499612,80.));
#7802=CARTESIAN_POINT('Origin',(-351.281233561985,921.077160499612,0.));
#7803=CARTESIAN_POINT('Origin',(-191.281233561985,1001.07716049961,80.));
#7804=CARTESIAN_POINT('',(-187.881233561985,1001.07716049961,30.));
#7805=CARTESIAN_POINT('Origin',(-191.281233561985,1001.07716049961,30.));
#7806=CARTESIAN_POINT('',(-187.881233561985,1001.07716049961,0.));
#7807=CARTESIAN_POINT('',(-187.881233561985,1001.07716049961,80.));
#7808=CARTESIAN_POINT('Origin',(-191.281233561985,1001.07716049961,0.));
#7809=CARTESIAN_POINT('Origin',(-271.281233561985,1001.07716049961,80.));
#7810=CARTESIAN_POINT('',(-267.881233561985,1001.07716049961,30.));
#7811=CARTESIAN_POINT('Origin',(-271.281233561985,1001.07716049961,30.));
#7812=CARTESIAN_POINT('',(-267.881233561985,1001.07716049961,0.));
#7813=CARTESIAN_POINT('',(-267.881233561985,1001.07716049961,80.));
#7814=CARTESIAN_POINT('Origin',(-271.281233561985,1001.07716049961,0.));
#7815=CARTESIAN_POINT('Origin',(-191.281233561985,841.077160499612,80.));
#7816=CARTESIAN_POINT('',(-187.881233561985,841.077160499612,30.));
#7817=CARTESIAN_POINT('Origin',(-191.281233561985,841.077160499612,30.));
#7818=CARTESIAN_POINT('',(-187.881233561985,841.077160499612,0.));
#7819=CARTESIAN_POINT('',(-187.881233561985,841.077160499612,80.));
#7820=CARTESIAN_POINT('Origin',(-191.281233561985,841.077160499612,0.));
#7821=CARTESIAN_POINT('Origin',(-191.281233561985,921.077160499612,80.));
#7822=CARTESIAN_POINT('',(-187.881233561985,921.077160499612,30.));
#7823=CARTESIAN_POINT('Origin',(-191.281233561985,921.077160499612,30.));
#7824=CARTESIAN_POINT('',(-187.881233561985,921.077160499612,0.));
#7825=CARTESIAN_POINT('',(-187.881233561985,921.077160499612,80.));
#7826=CARTESIAN_POINT('Origin',(-191.281233561985,921.077160499612,0.));
#7827=CARTESIAN_POINT('Origin',(-351.281233561985,1081.07716049961,80.));
#7828=CARTESIAN_POINT('',(-347.881233561985,1081.07716049961,30.));
#7829=CARTESIAN_POINT('Origin',(-351.281233561985,1081.07716049961,30.));
#7830=CARTESIAN_POINT('',(-347.881233561985,1081.07716049961,0.));
#7831=CARTESIAN_POINT('',(-347.881233561985,1081.07716049961,80.));
#7832=CARTESIAN_POINT('Origin',(-351.281233561985,1081.07716049961,0.));
#7833=CARTESIAN_POINT('Origin',(-271.281233561985,1241.07716049961,80.));
#7834=CARTESIAN_POINT('',(-267.881233561985,1241.07716049961,30.));
#7835=CARTESIAN_POINT('Origin',(-271.281233561985,1241.07716049961,30.));
#7836=CARTESIAN_POINT('',(-267.881233561985,1241.07716049961,0.));
#7837=CARTESIAN_POINT('',(-267.881233561985,1241.07716049961,80.));
#7838=CARTESIAN_POINT('Origin',(-271.281233561985,1241.07716049961,0.));
#7839=CARTESIAN_POINT('Origin',(-271.281233561985,1161.07716049961,80.));
#7840=CARTESIAN_POINT('',(-267.881233561985,1161.07716049961,30.));
#7841=CARTESIAN_POINT('Origin',(-271.281233561985,1161.07716049961,30.));
#7842=CARTESIAN_POINT('',(-267.881233561985,1161.07716049961,0.));
#7843=CARTESIAN_POINT('',(-267.881233561985,1161.07716049961,80.));
#7844=CARTESIAN_POINT('Origin',(-271.281233561985,1161.07716049961,0.));
#7845=CARTESIAN_POINT('Origin',(-351.281233561985,1241.07716049961,80.));
#7846=CARTESIAN_POINT('',(-347.881233561985,1241.07716049961,30.));
#7847=CARTESIAN_POINT('Origin',(-351.281233561985,1241.07716049961,30.));
#7848=CARTESIAN_POINT('',(-347.881233561985,1241.07716049961,0.));
#7849=CARTESIAN_POINT('',(-347.881233561985,1241.07716049961,80.));
#7850=CARTESIAN_POINT('Origin',(-351.281233561985,1241.07716049961,0.));
#7851=CARTESIAN_POINT('Origin',(-351.281233561985,1161.07716049961,80.));
#7852=CARTESIAN_POINT('',(-347.881233561985,1161.07716049961,30.));
#7853=CARTESIAN_POINT('Origin',(-351.281233561985,1161.07716049961,30.));
#7854=CARTESIAN_POINT('',(-347.881233561985,1161.07716049961,0.));
#7855=CARTESIAN_POINT('',(-347.881233561985,1161.07716049961,80.));
#7856=CARTESIAN_POINT('Origin',(-351.281233561985,1161.07716049961,0.));
#7857=CARTESIAN_POINT('Origin',(-191.281233561985,1081.07716049961,80.));
#7858=CARTESIAN_POINT('',(-187.881233561985,1081.07716049961,30.));
#7859=CARTESIAN_POINT('Origin',(-191.281233561985,1081.07716049961,30.));
#7860=CARTESIAN_POINT('',(-187.881233561985,1081.07716049961,0.));
#7861=CARTESIAN_POINT('',(-187.881233561985,1081.07716049961,80.));
#7862=CARTESIAN_POINT('Origin',(-191.281233561985,1081.07716049961,0.));
#7863=CARTESIAN_POINT('Origin',(-271.281233561985,1081.07716049961,80.));
#7864=CARTESIAN_POINT('',(-267.881233561985,1081.07716049961,30.));
#7865=CARTESIAN_POINT('Origin',(-271.281233561985,1081.07716049961,30.));
#7866=CARTESIAN_POINT('',(-267.881233561985,1081.07716049961,0.));
#7867=CARTESIAN_POINT('',(-267.881233561985,1081.07716049961,80.));
#7868=CARTESIAN_POINT('Origin',(-271.281233561985,1081.07716049961,0.));
#7869=CARTESIAN_POINT('Origin',(-191.281233561985,1241.07716049961,80.));
#7870=CARTESIAN_POINT('',(-187.881233561985,1241.07716049961,30.));
#7871=CARTESIAN_POINT('Origin',(-191.281233561985,1241.07716049961,30.));
#7872=CARTESIAN_POINT('',(-187.881233561985,1241.07716049961,0.));
#7873=CARTESIAN_POINT('',(-187.881233561985,1241.07716049961,80.));
#7874=CARTESIAN_POINT('Origin',(-191.281233561985,1241.07716049961,0.));
#7875=CARTESIAN_POINT('Origin',(-191.281233561985,1161.07716049961,80.));
#7876=CARTESIAN_POINT('',(-187.881233561985,1161.07716049961,30.));
#7877=CARTESIAN_POINT('Origin',(-191.281233561985,1161.07716049961,30.));
#7878=CARTESIAN_POINT('',(-187.881233561985,1161.07716049961,0.));
#7879=CARTESIAN_POINT('',(-187.881233561985,1161.07716049961,80.));
#7880=CARTESIAN_POINT('Origin',(-191.281233561985,1161.07716049961,0.));
#7881=CARTESIAN_POINT('Origin',(128.718766438014,1001.07716049961,80.));
#7882=CARTESIAN_POINT('',(132.118766438014,1001.07716049961,30.));
#7883=CARTESIAN_POINT('Origin',(128.718766438014,1001.07716049961,30.));
#7884=CARTESIAN_POINT('',(132.118766438014,1001.07716049961,0.));
#7885=CARTESIAN_POINT('',(132.118766438014,1001.07716049961,80.));
#7886=CARTESIAN_POINT('Origin',(128.718766438014,1001.07716049961,0.));
#7887=CARTESIAN_POINT('Origin',(48.7187664380137,841.077160499612,80.));
#7888=CARTESIAN_POINT('',(52.1187664380136,841.077160499612,30.));
#7889=CARTESIAN_POINT('Origin',(48.7187664380137,841.077160499612,30.));
#7890=CARTESIAN_POINT('',(52.1187664380136,841.077160499612,0.));
#7891=CARTESIAN_POINT('',(52.1187664380136,841.077160499612,80.));
#7892=CARTESIAN_POINT('Origin',(48.7187664380137,841.077160499612,0.));
#7893=CARTESIAN_POINT('Origin',(48.7187664380136,921.077160499612,80.));
#7894=CARTESIAN_POINT('',(52.1187664380135,921.077160499612,30.));
#7895=CARTESIAN_POINT('Origin',(48.7187664380136,921.077160499612,30.));
#7896=CARTESIAN_POINT('',(52.1187664380135,921.077160499612,0.));
#7897=CARTESIAN_POINT('',(52.1187664380135,921.077160499612,80.));
#7898=CARTESIAN_POINT('Origin',(48.7187664380136,921.077160499612,0.));
#7899=CARTESIAN_POINT('Origin',(128.718766438014,841.077160499612,80.));
#7900=CARTESIAN_POINT('',(132.118766438014,841.077160499612,30.));
#7901=CARTESIAN_POINT('Origin',(128.718766438014,841.077160499612,30.));
#7902=CARTESIAN_POINT('',(132.118766438014,841.077160499612,0.));
#7903=CARTESIAN_POINT('',(132.118766438014,841.077160499612,80.));
#7904=CARTESIAN_POINT('Origin',(128.718766438014,841.077160499612,0.));
#7905=CARTESIAN_POINT('Origin',(128.718766438014,921.077160499612,80.));
#7906=CARTESIAN_POINT('',(132.118766438014,921.077160499612,30.));
#7907=CARTESIAN_POINT('Origin',(128.718766438014,921.077160499612,30.));
#7908=CARTESIAN_POINT('',(132.118766438014,921.077160499612,0.));
#7909=CARTESIAN_POINT('',(132.118766438014,921.077160499612,80.));
#7910=CARTESIAN_POINT('Origin',(128.718766438014,921.077160499612,0.));
#7911=CARTESIAN_POINT('Origin',(-31.2812335619864,1001.07716049961,80.));
#7912=CARTESIAN_POINT('',(-27.8812335619865,1001.07716049961,30.));
#7913=CARTESIAN_POINT('Origin',(-31.2812335619864,1001.07716049961,30.));
#7914=CARTESIAN_POINT('',(-27.8812335619865,1001.07716049961,0.));
#7915=CARTESIAN_POINT('',(-27.8812335619865,1001.07716049961,80.));
#7916=CARTESIAN_POINT('Origin',(-31.2812335619864,1001.07716049961,0.));
#7917=CARTESIAN_POINT('Origin',(-111.281233561986,841.077160499612,80.));
#7918=CARTESIAN_POINT('',(-107.881233561986,841.077160499612,30.));
#7919=CARTESIAN_POINT('Origin',(-111.281233561986,841.077160499612,30.));
#7920=CARTESIAN_POINT('',(-107.881233561986,841.077160499612,0.));
#7921=CARTESIAN_POINT('',(-107.881233561986,841.077160499612,80.));
#7922=CARTESIAN_POINT('Origin',(-111.281233561986,841.077160499612,0.));
#7923=CARTESIAN_POINT('Origin',(-111.281233561986,921.077160499612,80.));
#7924=CARTESIAN_POINT('',(-107.881233561986,921.077160499612,30.));
#7925=CARTESIAN_POINT('Origin',(-111.281233561986,921.077160499612,30.));
#7926=CARTESIAN_POINT('',(-107.881233561986,921.077160499612,0.));
#7927=CARTESIAN_POINT('',(-107.881233561986,921.077160499612,80.));
#7928=CARTESIAN_POINT('Origin',(-111.281233561986,921.077160499612,0.));
#7929=CARTESIAN_POINT('Origin',(48.7187664380136,1001.07716049961,80.));
#7930=CARTESIAN_POINT('',(52.1187664380135,1001.07716049961,30.));
#7931=CARTESIAN_POINT('Origin',(48.7187664380136,1001.07716049961,30.));
#7932=CARTESIAN_POINT('',(52.1187664380135,1001.07716049961,0.));
#7933=CARTESIAN_POINT('',(52.1187664380135,1001.07716049961,80.));
#7934=CARTESIAN_POINT('Origin',(48.7187664380136,1001.07716049961,0.));
#7935=CARTESIAN_POINT('Origin',(-31.2812335619864,841.077160499612,80.));
#7936=CARTESIAN_POINT('',(-27.8812335619864,841.077160499612,30.));
#7937=CARTESIAN_POINT('Origin',(-31.2812335619864,841.077160499612,30.));
#7938=CARTESIAN_POINT('',(-27.8812335619864,841.077160499612,0.));
#7939=CARTESIAN_POINT('',(-27.8812335619864,841.077160499612,80.));
#7940=CARTESIAN_POINT('Origin',(-31.2812335619864,841.077160499612,0.));
#7941=CARTESIAN_POINT('Origin',(-31.2812335619864,921.077160499612,80.));
#7942=CARTESIAN_POINT('',(-27.8812335619864,921.077160499612,30.));
#7943=CARTESIAN_POINT('Origin',(-31.2812335619864,921.077160499612,30.));
#7944=CARTESIAN_POINT('',(-27.8812335619864,921.077160499612,0.));
#7945=CARTESIAN_POINT('',(-27.8812335619864,921.077160499612,80.));
#7946=CARTESIAN_POINT('Origin',(-31.2812335619864,921.077160499612,0.));
#7947=CARTESIAN_POINT('Origin',(-111.281233561986,1001.07716049961,80.));
#7948=CARTESIAN_POINT('',(-107.881233561986,1001.07716049961,30.));
#7949=CARTESIAN_POINT('Origin',(-111.281233561986,1001.07716049961,30.));
#7950=CARTESIAN_POINT('',(-107.881233561986,1001.07716049961,0.));
#7951=CARTESIAN_POINT('',(-107.881233561986,1001.07716049961,80.));
#7952=CARTESIAN_POINT('Origin',(-111.281233561986,1001.07716049961,0.));
#7953=CARTESIAN_POINT('Origin',(-31.2812335619864,1081.07716049961,80.));
#7954=CARTESIAN_POINT('',(-27.8812335619865,1081.07716049961,30.));
#7955=CARTESIAN_POINT('Origin',(-31.2812335619864,1081.07716049961,30.));
#7956=CARTESIAN_POINT('',(-27.8812335619865,1081.07716049961,0.));
#7957=CARTESIAN_POINT('',(-27.8812335619865,1081.07716049961,80.));
#7958=CARTESIAN_POINT('Origin',(-31.2812335619864,1081.07716049961,0.));
#7959=CARTESIAN_POINT('Origin',(-111.281233561986,1081.07716049961,80.));
#7960=CARTESIAN_POINT('',(-107.881233561986,1081.07716049961,30.));
#7961=CARTESIAN_POINT('Origin',(-111.281233561986,1081.07716049961,30.));
#7962=CARTESIAN_POINT('',(-107.881233561986,1081.07716049961,0.));
#7963=CARTESIAN_POINT('',(-107.881233561986,1081.07716049961,80.));
#7964=CARTESIAN_POINT('Origin',(-111.281233561986,1081.07716049961,0.));
#7965=CARTESIAN_POINT('Origin',(101.718766444821,852.37716302334,33.1));
#7966=CARTESIAN_POINT('',(104.268766444821,852.37716302334,30.));
#7967=CARTESIAN_POINT('Origin',(101.718766444821,852.37716302334,30.));
#7968=CARTESIAN_POINT('',(104.268766444821,852.37716302334,3.1));
#7969=CARTESIAN_POINT('',(104.268766444821,852.37716302334,33.1));
#7970=CARTESIAN_POINT('Origin',(101.718766444821,852.37716302334,3.1));
#7971=CARTESIAN_POINT('Origin',(75.7187664448214,878.37716302334,33.1));
#7972=CARTESIAN_POINT('',(78.2687664448215,878.37716302334,30.));
#7973=CARTESIAN_POINT('Origin',(75.7187664448214,878.37716302334,30.));
#7974=CARTESIAN_POINT('',(78.2687664448215,878.37716302334,3.1));
#7975=CARTESIAN_POINT('',(78.2687664448215,878.37716302334,33.1));
#7976=CARTESIAN_POINT('Origin',(75.7187664448214,878.37716302334,3.1));
#7977=CARTESIAN_POINT('Origin',(101.718766444821,878.37716302334,33.1));
#7978=CARTESIAN_POINT('',(104.268766444821,878.37716302334,30.));
#7979=CARTESIAN_POINT('Origin',(101.718766444821,878.37716302334,30.));
#7980=CARTESIAN_POINT('',(104.268766444821,878.37716302334,3.1));
#7981=CARTESIAN_POINT('',(104.268766444821,878.37716302334,33.1));
#7982=CARTESIAN_POINT('Origin',(101.718766444821,878.37716302334,3.1));
#7983=CARTESIAN_POINT('Origin',(75.7187664448214,852.37716302334,33.1));
#7984=CARTESIAN_POINT('',(78.2687664448214,852.37716302334,30.));
#7985=CARTESIAN_POINT('Origin',(75.7187664448214,852.37716302334,30.));
#7986=CARTESIAN_POINT('',(78.2687664448214,852.37716302334,3.1));
#7987=CARTESIAN_POINT('',(78.2687664448214,852.37716302334,33.1));
#7988=CARTESIAN_POINT('Origin',(75.7187664448214,852.37716302334,3.1));
#7989=CARTESIAN_POINT('Origin',(-324.281233568793,852.37716302334,33.1));
#7990=CARTESIAN_POINT('',(-321.731233568793,852.37716302334,30.));
#7991=CARTESIAN_POINT('Origin',(-324.281233568793,852.37716302334,30.));
#7992=CARTESIAN_POINT('',(-321.731233568793,852.37716302334,3.1));
#7993=CARTESIAN_POINT('',(-321.731233568793,852.37716302334,33.1));
#7994=CARTESIAN_POINT('Origin',(-324.281233568793,852.37716302334,3.1));
#7995=CARTESIAN_POINT('Origin',(-298.281233568793,878.37716302334,33.1));
#7996=CARTESIAN_POINT('',(-295.731233568793,878.37716302334,30.));
#7997=CARTESIAN_POINT('Origin',(-298.281233568793,878.37716302334,30.));
#7998=CARTESIAN_POINT('',(-295.731233568793,878.37716302334,3.1));
#7999=CARTESIAN_POINT('',(-295.731233568793,878.37716302334,33.1));
#8000=CARTESIAN_POINT('Origin',(-298.281233568793,878.37716302334,3.1));
#8001=CARTESIAN_POINT('Origin',(-324.281233568793,878.37716302334,33.1));
#8002=CARTESIAN_POINT('',(-321.731233568793,878.37716302334,30.));
#8003=CARTESIAN_POINT('Origin',(-324.281233568793,878.37716302334,30.));
#8004=CARTESIAN_POINT('',(-321.731233568793,878.37716302334,3.1));
#8005=CARTESIAN_POINT('',(-321.731233568793,878.37716302334,33.1));
#8006=CARTESIAN_POINT('Origin',(-324.281233568793,878.37716302334,3.1));
#8007=CARTESIAN_POINT('Origin',(-298.281233568793,852.37716302334,33.1));
#8008=CARTESIAN_POINT('',(-295.731233568793,852.37716302334,30.));
#8009=CARTESIAN_POINT('Origin',(-298.281233568793,852.37716302334,30.));
#8010=CARTESIAN_POINT('',(-295.731233568793,852.37716302334,3.1));
#8011=CARTESIAN_POINT('',(-295.731233568793,852.37716302334,33.1));
#8012=CARTESIAN_POINT('Origin',(-298.281233568793,852.37716302334,3.1));
#8013=CARTESIAN_POINT('Origin',(-324.281233568793,1229.77715797588,33.1));
#8014=CARTESIAN_POINT('',(-321.731233568793,1229.77715797588,30.));
#8015=CARTESIAN_POINT('Origin',(-324.281233568793,1229.77715797588,30.));
#8016=CARTESIAN_POINT('',(-321.731233568793,1229.77715797588,3.1));
#8017=CARTESIAN_POINT('',(-321.731233568793,1229.77715797588,33.1));
#8018=CARTESIAN_POINT('Origin',(-324.281233568793,1229.77715797588,3.1));
#8019=CARTESIAN_POINT('Origin',(-298.281233568793,1203.77715797588,33.1));
#8020=CARTESIAN_POINT('',(-295.731233568793,1203.77715797588,30.));
#8021=CARTESIAN_POINT('Origin',(-298.281233568793,1203.77715797588,30.));
#8022=CARTESIAN_POINT('',(-295.731233568793,1203.77715797588,3.1));
#8023=CARTESIAN_POINT('',(-295.731233568793,1203.77715797588,33.1));
#8024=CARTESIAN_POINT('Origin',(-298.281233568793,1203.77715797588,3.1));
#8025=CARTESIAN_POINT('Origin',(-324.281233568793,1203.77715797588,33.1));
#8026=CARTESIAN_POINT('',(-321.731233568793,1203.77715797588,30.));
#8027=CARTESIAN_POINT('Origin',(-324.281233568793,1203.77715797588,30.));
#8028=CARTESIAN_POINT('',(-321.731233568793,1203.77715797588,3.1));
#8029=CARTESIAN_POINT('',(-321.731233568793,1203.77715797588,33.1));
#8030=CARTESIAN_POINT('Origin',(-324.281233568793,1203.77715797588,3.1));
#8031=CARTESIAN_POINT('Origin',(-298.281233568793,1229.77715797588,33.1));
#8032=CARTESIAN_POINT('',(-295.731233568793,1229.77715797588,30.));
#8033=CARTESIAN_POINT('Origin',(-298.281233568793,1229.77715797588,30.));
#8034=CARTESIAN_POINT('',(-295.731233568793,1229.77715797588,3.1));
#8035=CARTESIAN_POINT('',(-295.731233568793,1229.77715797588,33.1));
#8036=CARTESIAN_POINT('Origin',(-298.281233568793,1229.77715797588,3.1));
#8037=CARTESIAN_POINT('Origin',(101.718766444821,1229.77715797588,33.1));
#8038=CARTESIAN_POINT('',(104.268766444821,1229.77715797588,30.));
#8039=CARTESIAN_POINT('Origin',(101.718766444821,1229.77715797588,30.));
#8040=CARTESIAN_POINT('',(104.268766444821,1229.77715797588,3.1));
#8041=CARTESIAN_POINT('',(104.268766444821,1229.77715797588,33.1));
#8042=CARTESIAN_POINT('Origin',(101.718766444821,1229.77715797588,3.1));
#8043=CARTESIAN_POINT('Origin',(75.7187664448214,1203.77715797588,33.1));
#8044=CARTESIAN_POINT('',(78.2687664448214,1203.77715797588,30.));
#8045=CARTESIAN_POINT('Origin',(75.7187664448214,1203.77715797588,30.));
#8046=CARTESIAN_POINT('',(78.2687664448214,1203.77715797588,3.1));
#8047=CARTESIAN_POINT('',(78.2687664448214,1203.77715797588,33.1));
#8048=CARTESIAN_POINT('Origin',(75.7187664448214,1203.77715797588,3.1));
#8049=CARTESIAN_POINT('Origin',(101.718766444821,1203.77715797588,33.1));
#8050=CARTESIAN_POINT('',(104.268766444821,1203.77715797588,30.));
#8051=CARTESIAN_POINT('Origin',(101.718766444821,1203.77715797588,30.));
#8052=CARTESIAN_POINT('',(104.268766444821,1203.77715797588,3.1));
#8053=CARTESIAN_POINT('',(104.268766444821,1203.77715797588,33.1));
#8054=CARTESIAN_POINT('Origin',(101.718766444821,1203.77715797588,3.1));
#8055=CARTESIAN_POINT('Origin',(75.7187664448214,1229.77715797588,33.1));
#8056=CARTESIAN_POINT('',(78.2687664448214,1229.77715797588,30.));
#8057=CARTESIAN_POINT('Origin',(75.7187664448214,1229.77715797588,30.));
#8058=CARTESIAN_POINT('',(78.2687664448214,1229.77715797588,3.1));
#8059=CARTESIAN_POINT('',(78.2687664448214,1229.77715797588,33.1));
#8060=CARTESIAN_POINT('Origin',(75.7187664448214,1229.77715797588,3.1));
#8061=CARTESIAN_POINT('Origin',(48.7187664380136,1081.07716049961,80.));
#8062=CARTESIAN_POINT('',(52.1187664380135,1081.07716049961,30.));
#8063=CARTESIAN_POINT('Origin',(48.7187664380136,1081.07716049961,30.));
#8064=CARTESIAN_POINT('',(52.1187664380135,1081.07716049961,0.));
#8065=CARTESIAN_POINT('',(52.1187664380135,1081.07716049961,80.));
#8066=CARTESIAN_POINT('Origin',(48.7187664380136,1081.07716049961,0.));
#8067=CARTESIAN_POINT('Origin',(128.718766438014,1081.07716049961,80.));
#8068=CARTESIAN_POINT('',(132.118766438014,1081.07716049961,30.));
#8069=CARTESIAN_POINT('Origin',(128.718766438014,1081.07716049961,30.));
#8070=CARTESIAN_POINT('',(132.118766438014,1081.07716049961,0.));
#8071=CARTESIAN_POINT('',(132.118766438014,1081.07716049961,80.));
#8072=CARTESIAN_POINT('Origin',(128.718766438014,1081.07716049961,0.));
#8073=CARTESIAN_POINT('Origin',(-111.281233561986,1161.07716049961,80.));
#8074=CARTESIAN_POINT('',(-107.881233561986,1161.07716049961,30.));
#8075=CARTESIAN_POINT('Origin',(-111.281233561986,1161.07716049961,30.));
#8076=CARTESIAN_POINT('',(-107.881233561986,1161.07716049961,0.));
#8077=CARTESIAN_POINT('',(-107.881233561986,1161.07716049961,80.));
#8078=CARTESIAN_POINT('Origin',(-111.281233561986,1161.07716049961,0.));
#8079=CARTESIAN_POINT('Origin',(-31.2812335619864,1161.07716049961,80.));
#8080=CARTESIAN_POINT('',(-27.8812335619865,1161.07716049961,30.));
#8081=CARTESIAN_POINT('Origin',(-31.2812335619864,1161.07716049961,30.));
#8082=CARTESIAN_POINT('',(-27.8812335619865,1161.07716049961,0.));
#8083=CARTESIAN_POINT('',(-27.8812335619865,1161.07716049961,80.));
#8084=CARTESIAN_POINT('Origin',(-31.2812335619864,1161.07716049961,0.));
#8085=CARTESIAN_POINT('Origin',(48.7187664380136,1161.07716049961,80.));
#8086=CARTESIAN_POINT('',(52.1187664380135,1161.07716049961,30.));
#8087=CARTESIAN_POINT('Origin',(48.7187664380136,1161.07716049961,30.));
#8088=CARTESIAN_POINT('',(52.1187664380135,1161.07716049961,0.));
#8089=CARTESIAN_POINT('',(52.1187664380135,1161.07716049961,80.));
#8090=CARTESIAN_POINT('Origin',(48.7187664380136,1161.07716049961,0.));
#8091=CARTESIAN_POINT('Origin',(128.718766438014,1161.07716049961,80.));
#8092=CARTESIAN_POINT('',(132.118766438014,1161.07716049961,30.));
#8093=CARTESIAN_POINT('Origin',(128.718766438014,1161.07716049961,30.));
#8094=CARTESIAN_POINT('',(132.118766438014,1161.07716049961,0.));
#8095=CARTESIAN_POINT('',(132.118766438014,1161.07716049961,80.));
#8096=CARTESIAN_POINT('Origin',(128.718766438014,1161.07716049961,0.));
#8097=CARTESIAN_POINT('Origin',(-111.281233561986,1241.07716049961,80.));
#8098=CARTESIAN_POINT('',(-107.881233561986,1241.07716049961,30.));
#8099=CARTESIAN_POINT('Origin',(-111.281233561986,1241.07716049961,30.));
#8100=CARTESIAN_POINT('',(-107.881233561986,1241.07716049961,0.));
#8101=CARTESIAN_POINT('',(-107.881233561986,1241.07716049961,80.));
#8102=CARTESIAN_POINT('Origin',(-111.281233561986,1241.07716049961,0.));
#8103=CARTESIAN_POINT('Origin',(-31.2812335619864,1241.07716049961,80.));
#8104=CARTESIAN_POINT('',(-27.8812335619865,1241.07716049961,30.));
#8105=CARTESIAN_POINT('Origin',(-31.2812335619864,1241.07716049961,30.));
#8106=CARTESIAN_POINT('',(-27.8812335619865,1241.07716049961,0.));
#8107=CARTESIAN_POINT('',(-27.8812335619865,1241.07716049961,80.));
#8108=CARTESIAN_POINT('Origin',(-31.2812335619864,1241.07716049961,0.));
#8109=CARTESIAN_POINT('Origin',(48.7187664380136,1241.07716049961,80.));
#8110=CARTESIAN_POINT('',(52.1187664380135,1241.07716049961,30.));
#8111=CARTESIAN_POINT('Origin',(48.7187664380136,1241.07716049961,30.));
#8112=CARTESIAN_POINT('',(52.1187664380135,1241.07716049961,0.));
#8113=CARTESIAN_POINT('',(52.1187664380135,1241.07716049961,80.));
#8114=CARTESIAN_POINT('Origin',(48.7187664380136,1241.07716049961,0.));
#8115=CARTESIAN_POINT('Origin',(128.718766438014,1241.07716049961,80.));
#8116=CARTESIAN_POINT('',(132.118766438014,1241.07716049961,30.));
#8117=CARTESIAN_POINT('Origin',(128.718766438014,1241.07716049961,30.));
#8118=CARTESIAN_POINT('',(132.118766438014,1241.07716049961,0.));
#8119=CARTESIAN_POINT('',(132.118766438014,1241.07716049961,80.));
#8120=CARTESIAN_POINT('Origin',(128.718766438014,1241.07716049961,0.));
#8121=CARTESIAN_POINT('Origin',(0.,0.,30.));
#8122=CARTESIAN_POINT('',(188.718766438014,791.077160499612,30.));
#8123=CARTESIAN_POINT('',(188.718766438014,1291.07716049961,30.));
#8124=CARTESIAN_POINT('',(188.718766438014,1291.07716049961,30.));
#8125=CARTESIAN_POINT('',(-411.281233561986,1291.07716049961,30.));
#8126=CARTESIAN_POINT('',(188.718766438014,1291.07716049961,30.));
#8127=CARTESIAN_POINT('',(-411.281233561986,791.077160499612,30.));
#8128=CARTESIAN_POINT('',(-411.281233561986,1291.07716049961,30.));
#8129=CARTESIAN_POINT('',(188.718766438014,791.077160499612,30.));
#8130=CARTESIAN_POINT('Origin',(0.,0.,0.));
#8131=CARTESIAN_POINT('',(188.718766438014,791.077160499612,0.));
#8132=CARTESIAN_POINT('',(188.718766438014,1291.07716049961,0.));
#8133=CARTESIAN_POINT('',(188.718766438014,1291.07716049961,0.));
#8134=CARTESIAN_POINT('',(-411.281233561986,791.077160499612,0.));
#8135=CARTESIAN_POINT('',(188.718766438014,791.077160499612,0.));
#8136=CARTESIAN_POINT('',(-411.281233561986,1291.07716049961,0.));
#8137=CARTESIAN_POINT('',(-411.281233561986,1291.07716049961,0.));
#8138=CARTESIAN_POINT('',(188.718766438014,1291.07716049961,0.));
#8139=CARTESIAN_POINT('',(71.7187664448213,885.377163023339,0.));
#8140=CARTESIAN_POINT('',(105.718766444821,885.377163023339,0.));
#8141=CARTESIAN_POINT('',(71.7187664448213,885.377163023339,0.));
#8142=CARTESIAN_POINT('',(71.7187664448213,845.377163023339,0.));
#8143=CARTESIAN_POINT('',(71.7187664448213,885.377163023339,0.));
#8144=CARTESIAN_POINT('',(105.718766444821,845.377163023339,0.));
#8145=CARTESIAN_POINT('',(71.7187664448213,845.377163023339,0.));
#8146=CARTESIAN_POINT('',(105.718766444821,885.377163023339,0.));
#8147=CARTESIAN_POINT('',(-294.281233568795,1196.77715797588,0.));
#8148=CARTESIAN_POINT('',(-328.281233568795,1196.77715797588,0.));
#8149=CARTESIAN_POINT('',(-294.281233568795,1196.77715797588,0.));
#8150=CARTESIAN_POINT('',(-294.281233568795,1236.77715797588,0.));
#8151=CARTESIAN_POINT('',(-294.281233568795,1196.77715797588,0.));
#8152=CARTESIAN_POINT('',(-328.281233568795,1236.77715797588,0.));
#8153=CARTESIAN_POINT('',(-294.281233568795,1236.77715797588,0.));
#8154=CARTESIAN_POINT('',(-328.281233568795,1196.77715797588,0.));
#8155=CARTESIAN_POINT('',(-294.281233568795,885.377163023339,0.));
#8156=CARTESIAN_POINT('',(-294.281233568795,845.377163023339,0.));
#8157=CARTESIAN_POINT('',(-294.281233568795,885.377163023339,0.));
#8158=CARTESIAN_POINT('',(-328.281233568795,885.377163023339,0.));
#8159=CARTESIAN_POINT('',(-294.281233568795,885.377163023339,0.));
#8160=CARTESIAN_POINT('',(-328.281233568795,845.377163023339,0.));
#8161=CARTESIAN_POINT('',(-328.281233568795,885.377163023339,0.));
#8162=CARTESIAN_POINT('',(-294.281233568795,845.377163023339,0.));
#8163=CARTESIAN_POINT('',(71.7187664448213,1236.77715797588,0.));
#8164=CARTESIAN_POINT('',(105.718766444821,1236.77715797588,0.));
#8165=CARTESIAN_POINT('',(71.7187664448213,1236.77715797588,0.));
#8166=CARTESIAN_POINT('',(71.7187664448213,1196.77715797588,0.));
#8167=CARTESIAN_POINT('',(71.7187664448213,1196.77715797588,0.));
#8168=CARTESIAN_POINT('',(105.718766444821,1196.77715797588,0.));
#8169=CARTESIAN_POINT('',(71.7187664448213,1196.77715797588,0.));
#8170=CARTESIAN_POINT('',(105.718766444821,1196.77715797588,0.));
#8171=CARTESIAN_POINT('',(-137.281233561982,1064.52326477078,0.));
#8172=CARTESIAN_POINT('',(-137.081233561982,1064.72326477078,0.));
#8173=CARTESIAN_POINT('Origin',(-137.081233561982,1064.52326477078,0.));
#8174=CARTESIAN_POINT('',(-137.281233561982,1024.92326477078,0.));
#8175=CARTESIAN_POINT('',(-137.281233561982,1064.52326477078,0.));
#8176=CARTESIAN_POINT('',(-137.081233561982,1024.72326477078,0.));
#8177=CARTESIAN_POINT('Origin',(-137.081233561982,1024.92326477078,0.));
#8178=CARTESIAN_POINT('',(-85.4812335619819,1024.72326477078,0.));
#8179=CARTESIAN_POINT('',(-137.081233561982,1024.72326477078,0.));
#8180=CARTESIAN_POINT('',(-85.2812335619819,1024.92326477078,0.));
#8181=CARTESIAN_POINT('Origin',(-85.4812335619819,1024.92326477078,0.));
#8182=CARTESIAN_POINT('',(-85.2812335619817,1064.52326477078,0.));
#8183=CARTESIAN_POINT('',(-85.2812335619819,1024.92326477078,0.));
#8184=CARTESIAN_POINT('',(-85.4812335619817,1064.72326477078,0.));
#8185=CARTESIAN_POINT('Origin',(-85.4812335619817,1064.52326477078,0.));
#8186=CARTESIAN_POINT('',(-85.4812335619817,1064.72326477078,0.));
#8187=CARTESIAN_POINT('Origin',(188.718766438014,1291.07716049961,30.));
#8188=CARTESIAN_POINT('',(188.718766438014,1291.07716049961,30.));
#8189=CARTESIAN_POINT('',(188.718766438014,791.077160499612,30.));
#8190=CARTESIAN_POINT('Origin',(188.718766438014,1291.07716049961,30.));
#8191=CARTESIAN_POINT('',(-411.281233561986,1291.07716049961,30.));
#8192=CARTESIAN_POINT('Origin',(-411.281233561986,1291.07716049961,30.));
#8193=CARTESIAN_POINT('',(-411.281233561986,791.077160499612,30.));
#8194=CARTESIAN_POINT('Origin',(188.718766438014,791.077160499612,30.));
#8195=CARTESIAN_POINT('Origin',(71.7187664448213,885.377163023339,3.1));
#8196=CARTESIAN_POINT('',(105.718766444821,885.377163023339,3.1));
#8197=CARTESIAN_POINT('',(105.718766444821,885.377163023339,3.1));
#8198=CARTESIAN_POINT('',(71.7187664448213,885.377163023339,3.1));
#8199=CARTESIAN_POINT('',(71.7187664448213,885.377163023339,3.1));
#8200=CARTESIAN_POINT('',(71.7187664448213,885.377163023339,3.1));
#8201=CARTESIAN_POINT('Origin',(71.7187664448213,885.377163023339,3.1));
#8202=CARTESIAN_POINT('',(71.7187664448213,845.377163023339,3.1));
#8203=CARTESIAN_POINT('',(71.7187664448213,885.377163023339,3.1));
#8204=CARTESIAN_POINT('',(71.7187664448213,845.377163023339,3.1));
#8205=CARTESIAN_POINT('Origin',(71.7187664448213,845.377163023339,3.1));
#8206=CARTESIAN_POINT('',(105.718766444821,845.377163023339,3.1));
#8207=CARTESIAN_POINT('',(71.7187664448213,845.377163023339,3.1));
#8208=CARTESIAN_POINT('',(105.718766444821,845.377163023339,3.1));
#8209=CARTESIAN_POINT('Origin',(105.718766444821,885.377163023339,3.1));
#8210=CARTESIAN_POINT('',(105.718766444821,885.377163023339,3.1));
#8211=CARTESIAN_POINT('Origin',(0.,0.,3.1));
#8212=CARTESIAN_POINT('Origin',(-294.281233568795,1196.77715797588,3.1));
#8213=CARTESIAN_POINT('',(-328.281233568795,1196.77715797588,3.1));
#8214=CARTESIAN_POINT('',(-328.281233568795,1196.77715797588,3.1));
#8215=CARTESIAN_POINT('',(-294.281233568795,1196.77715797588,3.1));
#8216=CARTESIAN_POINT('',(-294.281233568795,1196.77715797588,3.1));
#8217=CARTESIAN_POINT('',(-294.281233568795,1196.77715797588,3.1));
#8218=CARTESIAN_POINT('Origin',(-294.281233568795,1196.77715797588,3.1));
#8219=CARTESIAN_POINT('',(-294.281233568795,1236.77715797588,3.1));
#8220=CARTESIAN_POINT('',(-294.281233568795,1196.77715797588,3.1));
#8221=CARTESIAN_POINT('',(-294.281233568795,1236.77715797588,3.1));
#8222=CARTESIAN_POINT('Origin',(-294.281233568795,1236.77715797588,3.1));
#8223=CARTESIAN_POINT('',(-328.281233568795,1236.77715797588,3.1));
#8224=CARTESIAN_POINT('',(-294.281233568795,1236.77715797588,3.1));
#8225=CARTESIAN_POINT('',(-328.281233568795,1236.77715797588,3.1));
#8226=CARTESIAN_POINT('Origin',(-328.281233568795,1196.77715797588,3.1));
#8227=CARTESIAN_POINT('',(-328.281233568795,1196.77715797588,3.1));
#8228=CARTESIAN_POINT('Origin',(0.,0.,3.1));
#8229=CARTESIAN_POINT('Origin',(-294.281233568795,885.377163023339,3.1));
#8230=CARTESIAN_POINT('',(-294.281233568795,845.377163023339,3.1));
#8231=CARTESIAN_POINT('',(-294.281233568795,845.377163023339,3.1));
#8232=CARTESIAN_POINT('',(-294.281233568795,885.377163023339,3.1));
#8233=CARTESIAN_POINT('',(-294.281233568795,885.377163023339,3.1));
#8234=CARTESIAN_POINT('',(-294.281233568795,885.377163023339,3.1));
#8235=CARTESIAN_POINT('Origin',(-294.281233568795,885.377163023339,3.1));
#8236=CARTESIAN_POINT('',(-328.281233568795,885.377163023339,3.1));
#8237=CARTESIAN_POINT('',(-294.281233568795,885.377163023339,3.1));
#8238=CARTESIAN_POINT('',(-328.281233568795,885.377163023339,3.1));
#8239=CARTESIAN_POINT('Origin',(-328.281233568795,885.377163023339,3.1));
#8240=CARTESIAN_POINT('',(-328.281233568795,845.377163023339,3.1));
#8241=CARTESIAN_POINT('',(-328.281233568795,885.377163023339,3.1));
#8242=CARTESIAN_POINT('',(-328.281233568795,845.377163023339,3.1));
#8243=CARTESIAN_POINT('Origin',(-294.281233568795,845.377163023339,3.1));
#8244=CARTESIAN_POINT('',(-294.281233568795,845.377163023339,3.1));
#8245=CARTESIAN_POINT('Origin',(0.,0.,3.1));
#8246=CARTESIAN_POINT('Origin',(71.7187664448213,1236.77715797588,3.1));
#8247=CARTESIAN_POINT('',(105.718766444821,1236.77715797588,3.1));
#8248=CARTESIAN_POINT('',(105.718766444821,1236.77715797588,3.1));
#8249=CARTESIAN_POINT('',(71.7187664448213,1236.77715797588,3.1));
#8250=CARTESIAN_POINT('',(71.7187664448213,1236.77715797588,3.1));
#8251=CARTESIAN_POINT('',(71.7187664448213,1236.77715797588,3.1));
#8252=CARTESIAN_POINT('Origin',(71.7187664448213,1196.77715797588,3.1));
#8253=CARTESIAN_POINT('',(71.7187664448213,1196.77715797588,3.1));
#8254=CARTESIAN_POINT('',(71.7187664448213,1196.77715797588,3.1));
#8255=CARTESIAN_POINT('',(71.7187664448213,1196.77715797588,3.1));
#8256=CARTESIAN_POINT('Origin',(71.7187664448213,1196.77715797588,3.1));
#8257=CARTESIAN_POINT('',(105.718766444821,1196.77715797588,3.1));
#8258=CARTESIAN_POINT('',(71.7187664448213,1196.77715797588,3.1));
#8259=CARTESIAN_POINT('',(105.718766444821,1196.77715797588,3.1));
#8260=CARTESIAN_POINT('Origin',(105.718766444821,1196.77715797588,3.1));
#8261=CARTESIAN_POINT('',(105.718766444821,1196.77715797588,3.1));
#8262=CARTESIAN_POINT('Origin',(0.,0.,3.1));
#8263=CARTESIAN_POINT('Origin',(-137.081233561982,1064.52326477078,3.1));
#8264=CARTESIAN_POINT('',(-137.081233561982,1064.72326477078,3.1));
#8265=CARTESIAN_POINT('',(-137.081233561982,1064.72326477078,3.1));
#8266=CARTESIAN_POINT('',(-137.281233561982,1064.52326477078,3.1));
#8267=CARTESIAN_POINT('Origin',(-137.081233561982,1064.52326477078,3.1));
#8268=CARTESIAN_POINT('',(-137.281233561982,1064.52326477078,3.1));
#8269=CARTESIAN_POINT('Origin',(-137.281233561982,1064.52326477078,3.1));
#8270=CARTESIAN_POINT('',(-137.281233561982,1024.92326477078,3.1));
#8271=CARTESIAN_POINT('',(-137.281233561982,1064.52326477078,3.1));
#8272=CARTESIAN_POINT('',(-137.281233561982,1024.92326477078,3.1));
#8273=CARTESIAN_POINT('Origin',(-137.081233561982,1024.92326477078,3.1));
#8274=CARTESIAN_POINT('',(-137.081233561982,1024.72326477078,3.1));
#8275=CARTESIAN_POINT('Origin',(-137.081233561982,1024.92326477078,3.1));
#8276=CARTESIAN_POINT('',(-137.081233561982,1024.72326477078,3.1));
#8277=CARTESIAN_POINT('Origin',(-137.081233561982,1024.72326477078,3.1));
#8278=CARTESIAN_POINT('',(-85.4812335619819,1024.72326477078,3.1));
#8279=CARTESIAN_POINT('',(-137.081233561982,1024.72326477078,3.1));
#8280=CARTESIAN_POINT('',(-85.4812335619819,1024.72326477078,3.1));
#8281=CARTESIAN_POINT('Origin',(-85.4812335619819,1024.92326477078,3.1));
#8282=CARTESIAN_POINT('',(-85.2812335619819,1024.92326477078,3.1));
#8283=CARTESIAN_POINT('Origin',(-85.4812335619819,1024.92326477078,3.1));
#8284=CARTESIAN_POINT('',(-85.2812335619819,1024.92326477078,3.1));
#8285=CARTESIAN_POINT('Origin',(-85.2812335619819,1024.92326477078,3.1));
#8286=CARTESIAN_POINT('',(-85.2812335619817,1064.52326477078,3.1));
#8287=CARTESIAN_POINT('',(-85.2812335619819,1024.92326477078,3.1));
#8288=CARTESIAN_POINT('',(-85.2812335619817,1064.52326477078,3.1));
#8289=CARTESIAN_POINT('Origin',(-85.4812335619817,1064.52326477078,3.1));
#8290=CARTESIAN_POINT('',(-85.4812335619817,1064.72326477078,3.1));
#8291=CARTESIAN_POINT('Origin',(-85.4812335619817,1064.52326477078,3.1));
#8292=CARTESIAN_POINT('',(-85.4812335619817,1064.72326477078,3.1));
#8293=CARTESIAN_POINT('Origin',(-85.4812335619817,1064.72326477078,3.1));
#8294=CARTESIAN_POINT('',(-85.4812335619817,1064.72326477078,3.1));
#8295=CARTESIAN_POINT('Origin',(-137.081233561982,1064.52326477078,3.1));
#8296=CARTESIAN_POINT('',(0.,0.,0.));
#8297=CARTESIAN_POINT('Origin',(20.,-20.,1000.));
#8298=CARTESIAN_POINT('',(20.,-20.,0.));
#8299=CARTESIAN_POINT('',(20.,20.,0.));
#8300=CARTESIAN_POINT('',(20.,-20.,0.));
#8301=CARTESIAN_POINT('',(20.,20.,1000.));
#8302=CARTESIAN_POINT('',(20.,20.,1000.));
#8303=CARTESIAN_POINT('',(20.,-20.,1000.));
#8304=CARTESIAN_POINT('',(20.,-20.,1000.));
#8305=CARTESIAN_POINT('',(20.,-20.,1000.));
#8306=CARTESIAN_POINT('Origin',(20.,20.,1000.));
#8307=CARTESIAN_POINT('',(-20.,20.,0.));
#8308=CARTESIAN_POINT('',(20.,20.,0.));
#8309=CARTESIAN_POINT('',(-20.,20.,1000.));
#8310=CARTESIAN_POINT('',(-20.,20.,1000.));
#8311=CARTESIAN_POINT('',(20.,20.,1000.));
#8312=CARTESIAN_POINT('Origin',(-20.,-20.,1000.));
#8313=CARTESIAN_POINT('',(-20.,-20.,0.));
#8314=CARTESIAN_POINT('',(-20.,-20.,0.));
#8315=CARTESIAN_POINT('',(-20.,-20.,1000.));
#8316=CARTESIAN_POINT('',(-20.,-20.,1000.));
#8317=CARTESIAN_POINT('',(-20.,-20.,1000.));
#8318=CARTESIAN_POINT('Origin',(20.,-20.,1000.));
#8319=CARTESIAN_POINT('',(20.,-20.,0.));
#8320=CARTESIAN_POINT('',(20.,-20.,1000.));
#8321=CARTESIAN_POINT('Origin',(0.,0.,1000.));
#8322=CARTESIAN_POINT('Origin',(0.,0.,0.));
#8323=CARTESIAN_POINT('',(283.722373327053,1150.51228265031,2235.68319555724));
#8324=CARTESIAN_POINT('',(2865.87669432628,1150.51228265031,2413.12072843327));
#8325=CARTESIAN_POINT('',(533.722373327053,1120.51228265031,2435.68319555725));
#8326=CARTESIAN_POINT('',(1074.79953382666,1140.51228265031,1884.40196199526));
#8327=CARTESIAN_POINT('',(2074.79953382667,1140.51228265031,2764.40196199526));
#8328=UNCERTAINTY_MEASURE_WITH_UNIT(LENGTH_MEASURE(0.01),#8338,
'DISTANCE_ACCURACY_VALUE',
'Maximum model space distance between geometric entities at asserted c
onnectivities');
#8329=UNCERTAINTY_MEASURE_WITH_UNIT(LENGTH_MEASURE(0.01),#8338,
'DISTANCE_ACCURACY_VALUE',
'Maximum model space distance between geometric entities at asserted c
onnectivities');
#8330=UNCERTAINTY_MEASURE_WITH_UNIT(LENGTH_MEASURE(0.01),#8338,
'DISTANCE_ACCURACY_VALUE',
'Maximum model space distance between geometric entities at asserted c
onnectivities');
#8331=UNCERTAINTY_MEASURE_WITH_UNIT(LENGTH_MEASURE(0.01),#8338,
'DISTANCE_ACCURACY_VALUE',
'Maximum model space distance between geometric entities at asserted c
onnectivities');
#8332=UNCERTAINTY_MEASURE_WITH_UNIT(LENGTH_MEASURE(0.01),#8338,
'DISTANCE_ACCURACY_VALUE',
'Maximum model space distance between geometric entities at asserted c
onnectivities');
#8333=(
GEOMETRIC_REPRESENTATION_CONTEXT(3)
GLOBAL_UNCERTAINTY_ASSIGNED_CONTEXT((#8328))
GLOBAL_UNIT_ASSIGNED_CONTEXT((#8338,#8340,#8341))
REPRESENTATION_CONTEXT('','3D')
);
#8334=(
GEOMETRIC_REPRESENTATION_CONTEXT(3)
GLOBAL_UNCERTAINTY_ASSIGNED_CONTEXT((#8329))
GLOBAL_UNIT_ASSIGNED_CONTEXT((#8338,#8340,#8341))
REPRESENTATION_CONTEXT('','3D')
);
#8335=(
GEOMETRIC_REPRESENTATION_CONTEXT(3)
GLOBAL_UNCERTAINTY_ASSIGNED_CONTEXT((#8330))
GLOBAL_UNIT_ASSIGNED_CONTEXT((#8338,#8340,#8341))
REPRESENTATION_CONTEXT('','3D')
);
#8336=(
GEOMETRIC_REPRESENTATION_CONTEXT(3)
GLOBAL_UNCERTAINTY_ASSIGNED_CONTEXT((#8331))
GLOBAL_UNIT_ASSIGNED_CONTEXT((#8338,#8340,#8341))
REPRESENTATION_CONTEXT('','3D')
);
#8337=(
GEOMETRIC_REPRESENTATION_CONTEXT(3)
GLOBAL_UNCERTAINTY_ASSIGNED_CONTEXT((#8332))
GLOBAL_UNIT_ASSIGNED_CONTEXT((#8338,#8340,#8341))
REPRESENTATION_CONTEXT('','3D')
);
#8338=(
LENGTH_UNIT()
NAMED_UNIT(*)
SI_UNIT(.MILLI.,.METRE.)
);
#8339=(
LENGTH_UNIT()
NAMED_UNIT(*)
SI_UNIT($,.METRE.)
);
#8340=(
NAMED_UNIT(*)
PLANE_ANGLE_UNIT()
SI_UNIT($,.RADIAN.)
);
#8341=(
NAMED_UNIT(*)
SI_UNIT($,.STERADIAN.)
SOLID_ANGLE_UNIT()
);
#8342=SHAPE_DEFINITION_REPRESENTATION(#8346,#8355);
#8343=SHAPE_DEFINITION_REPRESENTATION(#8347,#8356);
#8344=SHAPE_DEFINITION_REPRESENTATION(#8348,#8357);
#8345=SHAPE_DEFINITION_REPRESENTATION(#8349,#8358);
#8346=PRODUCT_DEFINITION_SHAPE('',$,#8360);
#8347=PRODUCT_DEFINITION_SHAPE('',$,#8361);
#8348=PRODUCT_DEFINITION_SHAPE('',$,#8362);
#8349=PRODUCT_DEFINITION_SHAPE('',$,#8363);
#8350=PRODUCT_DEFINITION_SHAPE($,$,#26);
#8351=PRODUCT_DEFINITION_SHAPE($,$,#27);
#8352=PRODUCT_DEFINITION_SHAPE($,$,#28);
#8353=PRODUCT_DEFINITION_SHAPE($,$,#29);
#8354=PRODUCT_DEFINITION_SHAPE($,$,#30);
#8355=SHAPE_REPRESENTATION('',(#4968,#5545,#5546,#5547,#5548,#5549),#8333);
#8356=SHAPE_REPRESENTATION('',(#4969),#8334);
#8357=SHAPE_REPRESENTATION('',(#5320),#8335);
#8358=SHAPE_REPRESENTATION('',(#5538),#8336);
#8359=PRODUCT_DEFINITION_CONTEXT('part definition',#8373,'design');
#8360=PRODUCT_DEFINITION('Table-100','Table-100 v1',#8364,#8359);
#8361=PRODUCT_DEFINITION('Rail-MountPlate-Y','Rail-MountPlate-Y',#8365,
#8359);
#8362=PRODUCT_DEFINITION('Rail-MountPlate','Rail-MountPlate',#8366,#8359);
#8363=PRODUCT_DEFINITION('TableLink40','TableLink40',#8367,#8359);
#8364=PRODUCT_DEFINITION_FORMATION('',$,#8375);
#8365=PRODUCT_DEFINITION_FORMATION('',$,#8376);
#8366=PRODUCT_DEFINITION_FORMATION('',$,#8377);
#8367=PRODUCT_DEFINITION_FORMATION('',$,#8378);
#8368=PRODUCT_RELATED_PRODUCT_CATEGORY('Table-100 v1','Table-100 v1',(#8375));
#8369=PRODUCT_RELATED_PRODUCT_CATEGORY('Rail-MountPlate-Y',
'Rail-MountPlate-Y',(#8376));
#8370=PRODUCT_RELATED_PRODUCT_CATEGORY('Rail-MountPlate',
'Rail-MountPlate',(#8377));
#8371=PRODUCT_RELATED_PRODUCT_CATEGORY('TableLink40','TableLink40',(#8378));
#8372=APPLICATION_PROTOCOL_DEFINITION('international standard',
'automotive_design',2009,#8373);
#8373=APPLICATION_CONTEXT(
'Core Data for Automotive Mechanical Design Process');
#8374=PRODUCT_CONTEXT('part definition',#8373,'mechanical');
#8375=PRODUCT('Table-100','Table-100 v1',$,(#8374));
#8376=PRODUCT('Rail-MountPlate-Y','Rail-MountPlate-Y',$,(#8374));
#8377=PRODUCT('Rail-MountPlate','Rail-MountPlate',$,(#8374));
#8378=PRODUCT('TableLink40','TableLink40',$,(#8374));
#8379=PRESENTATION_STYLE_ASSIGNMENT((#8380));
#8380=SURFACE_STYLE_USAGE(.BOTH.,#8381);
#8381=SURFACE_SIDE_STYLE('',(#8382));
#8382=SURFACE_STYLE_FILL_AREA(#8383);
#8383=FILL_AREA_STYLE('Steel - Satin',(#8384));
#8384=FILL_AREA_STYLE_COLOUR('Steel - Satin',#8385);
#8385=COLOUR_RGB('Steel - Satin',0.627450980392157,0.627450980392157,0.627450980392157);
ENDSEC;
END-ISO-10303-21;
