ISO-10303-21;
HEADER;
/* Generated by software containing ST-Developer
 * from STEP Tools, Inc. (www.steptools.com) 
 */

FILE_DESCRIPTION(
/* description */ (''),
/* implementation_level */ '2;1');

FILE_NAME(
/* name */ '1000-plate v1.step',
/* time_stamp */ '2026-03-14T09:17:26+01:00',
/* author */ (''),
/* organization */ (''),
/* preprocessor_version */ 'ST-DEVELOPER v20.1',
/* originating_system */ 'Autodesk Translation Framework v14.24.0.0',
/* authorisation */ '');

FILE_SCHEMA (('AUTOMOTIVE_DESIGN { 1 0 10303 214 3 1 1 }'));
ENDSEC;

DATA;
#10=MECHANICAL_DESIGN_GEOMETRIC_PRESENTATION_REPRESENTATION('',(#659,#660),
#7023);
#11=ITEM_DEFINED_TRANSFORMATION($,$,#4173,#4654);
#12=ITEM_DEFINED_TRANSFORMATION($,$,#4207,#4655);
#13=(
REPRESENTATION_RELATIONSHIP($,$,#7037,#7036)
REPRESENTATION_RELATIONSHIP_WITH_TRANSFORMATION(#11)
SHAPE_REPRESENTATION_RELATIONSHIP()
);
#14=(
REPRESENTATION_RELATIONSHIP($,$,#7038,#7036)
REPRESENTATION_RELATIONSHIP_WITH_TRANSFORMATION(#12)
SHAPE_REPRESENTATION_RELATIONSHIP()
);
#15=CONTEXT_DEPENDENT_SHAPE_REPRESENTATION(#13,#7034);
#16=CONTEXT_DEPENDENT_SHAPE_REPRESENTATION(#14,#7035);
#17=NEXT_ASSEMBLY_USAGE_OCCURRENCE('table-1200-600:1',
'table-1200-600:1','table-1200-600:1',#7040,#7041,'table-1200-600:1');
#18=NEXT_ASSEMBLY_USAGE_OCCURRENCE('Rail-MountPlate-Y:1',
'Rail-MountPlate-Y:1','Rail-MountPlate-Y:1',#7040,#7042,
'Rail-MountPlate-Y:1');
#19=FACE_BOUND('',#1043,.T.);
#20=FACE_BOUND('',#1044,.T.);
#21=FACE_BOUND('',#1045,.T.);
#22=FACE_BOUND('',#1046,.T.);
#23=FACE_BOUND('',#1047,.T.);
#24=FACE_BOUND('',#1048,.T.);
#25=FACE_BOUND('',#1049,.T.);
#26=FACE_BOUND('',#1050,.T.);
#27=FACE_BOUND('',#1051,.T.);
#28=FACE_BOUND('',#1052,.T.);
#29=FACE_BOUND('',#1053,.T.);
#30=FACE_BOUND('',#1054,.T.);
#31=FACE_BOUND('',#1055,.T.);
#32=FACE_BOUND('',#1056,.T.);
#33=FACE_BOUND('',#1057,.T.);
#34=FACE_BOUND('',#1058,.T.);
#35=FACE_BOUND('',#1059,.T.);
#36=FACE_BOUND('',#1060,.T.);
#37=FACE_BOUND('',#1061,.T.);
#38=FACE_BOUND('',#1062,.T.);
#39=FACE_BOUND('',#1063,.T.);
#40=FACE_BOUND('',#1064,.T.);
#41=FACE_BOUND('',#1065,.T.);
#42=FACE_BOUND('',#1066,.T.);
#43=FACE_BOUND('',#1067,.T.);
#44=FACE_BOUND('',#1068,.T.);
#45=FACE_BOUND('',#1069,.T.);
#46=FACE_BOUND('',#1070,.T.);
#47=FACE_BOUND('',#1071,.T.);
#48=FACE_BOUND('',#1072,.T.);
#49=FACE_BOUND('',#1073,.T.);
#50=FACE_BOUND('',#1074,.T.);
#51=FACE_BOUND('',#1075,.T.);
#52=FACE_BOUND('',#1076,.T.);
#53=FACE_BOUND('',#1077,.T.);
#54=FACE_BOUND('',#1078,.T.);
#55=FACE_BOUND('',#1079,.T.);
#56=FACE_BOUND('',#1080,.T.);
#57=FACE_BOUND('',#1081,.T.);
#58=FACE_BOUND('',#1082,.T.);
#59=FACE_BOUND('',#1083,.T.);
#60=FACE_BOUND('',#1084,.T.);
#61=FACE_BOUND('',#1085,.T.);
#62=FACE_BOUND('',#1086,.T.);
#63=FACE_BOUND('',#1087,.T.);
#64=FACE_BOUND('',#1088,.T.);
#65=FACE_BOUND('',#1089,.T.);
#66=FACE_BOUND('',#1090,.T.);
#67=FACE_BOUND('',#1091,.T.);
#68=FACE_BOUND('',#1092,.T.);
#69=FACE_BOUND('',#1093,.T.);
#70=FACE_BOUND('',#1094,.T.);
#71=FACE_BOUND('',#1095,.T.);
#72=FACE_BOUND('',#1096,.T.);
#73=FACE_BOUND('',#1097,.T.);
#74=FACE_BOUND('',#1098,.T.);
#75=FACE_BOUND('',#1099,.T.);
#76=FACE_BOUND('',#1100,.T.);
#77=FACE_BOUND('',#1101,.T.);
#78=FACE_BOUND('',#1102,.T.);
#79=FACE_BOUND('',#1103,.T.);
#80=FACE_BOUND('',#1104,.T.);
#81=FACE_BOUND('',#1105,.T.);
#82=FACE_BOUND('',#1106,.T.);
#83=FACE_BOUND('',#1107,.T.);
#84=FACE_BOUND('',#1108,.T.);
#85=FACE_BOUND('',#1109,.T.);
#86=FACE_BOUND('',#1110,.T.);
#87=FACE_BOUND('',#1111,.T.);
#88=FACE_BOUND('',#1112,.T.);
#89=FACE_BOUND('',#1113,.T.);
#90=FACE_BOUND('',#1114,.T.);
#91=FACE_BOUND('',#1115,.T.);
#92=FACE_BOUND('',#1116,.T.);
#93=FACE_BOUND('',#1117,.T.);
#94=FACE_BOUND('',#1118,.T.);
#95=FACE_BOUND('',#1119,.T.);
#96=FACE_BOUND('',#1120,.T.);
#97=FACE_BOUND('',#1121,.T.);
#98=FACE_BOUND('',#1122,.T.);
#99=FACE_BOUND('',#1123,.T.);
#100=FACE_BOUND('',#1124,.T.);
#101=FACE_BOUND('',#1125,.T.);
#102=FACE_BOUND('',#1126,.T.);
#103=FACE_BOUND('',#1127,.T.);
#104=FACE_BOUND('',#1128,.T.);
#105=FACE_BOUND('',#1129,.T.);
#106=FACE_BOUND('',#1130,.T.);
#107=FACE_BOUND('',#1131,.T.);
#108=FACE_BOUND('',#1132,.T.);
#109=FACE_BOUND('',#1133,.T.);
#110=FACE_BOUND('',#1134,.T.);
#111=FACE_BOUND('',#1135,.T.);
#112=FACE_BOUND('',#1136,.T.);
#113=FACE_BOUND('',#1137,.T.);
#114=FACE_BOUND('',#1138,.T.);
#115=FACE_BOUND('',#1139,.T.);
#116=FACE_BOUND('',#1140,.T.);
#117=FACE_BOUND('',#1141,.T.);
#118=FACE_BOUND('',#1142,.T.);
#119=FACE_BOUND('',#1143,.T.);
#120=FACE_BOUND('',#1144,.T.);
#121=FACE_BOUND('',#1145,.T.);
#122=FACE_BOUND('',#1146,.T.);
#123=FACE_BOUND('',#1150,.T.);
#124=FACE_BOUND('',#1151,.T.);
#125=FACE_BOUND('',#1152,.T.);
#126=FACE_BOUND('',#1153,.T.);
#127=FACE_BOUND('',#1154,.T.);
#128=FACE_BOUND('',#1155,.T.);
#129=FACE_BOUND('',#1157,.T.);
#130=FACE_BOUND('',#1158,.T.);
#131=FACE_BOUND('',#1159,.T.);
#132=FACE_BOUND('',#1160,.T.);
#133=FACE_BOUND('',#1161,.T.);
#134=FACE_BOUND('',#1162,.T.);
#135=FACE_BOUND('',#1163,.T.);
#136=FACE_BOUND('',#1164,.T.);
#137=FACE_BOUND('',#1165,.T.);
#138=FACE_BOUND('',#1166,.T.);
#139=FACE_BOUND('',#1167,.T.);
#140=FACE_BOUND('',#1168,.T.);
#141=FACE_BOUND('',#1169,.T.);
#142=FACE_BOUND('',#1170,.T.);
#143=FACE_BOUND('',#1171,.T.);
#144=FACE_BOUND('',#1172,.T.);
#145=FACE_BOUND('',#1173,.T.);
#146=FACE_BOUND('',#1174,.T.);
#147=FACE_BOUND('',#1175,.T.);
#148=FACE_BOUND('',#1176,.T.);
#149=FACE_BOUND('',#1177,.T.);
#150=FACE_BOUND('',#1178,.T.);
#151=FACE_BOUND('',#1179,.T.);
#152=FACE_BOUND('',#1180,.T.);
#153=FACE_BOUND('',#1181,.T.);
#154=FACE_BOUND('',#1182,.T.);
#155=FACE_BOUND('',#1183,.T.);
#156=FACE_BOUND('',#1184,.T.);
#157=FACE_BOUND('',#1185,.T.);
#158=FACE_BOUND('',#1186,.T.);
#159=FACE_BOUND('',#1187,.T.);
#160=FACE_BOUND('',#1188,.T.);
#161=FACE_BOUND('',#1189,.T.);
#162=FACE_BOUND('',#1190,.T.);
#163=FACE_BOUND('',#1191,.T.);
#164=FACE_BOUND('',#1192,.T.);
#165=FACE_BOUND('',#1193,.T.);
#166=FACE_BOUND('',#1194,.T.);
#167=FACE_BOUND('',#1195,.T.);
#168=FACE_BOUND('',#1196,.T.);
#169=FACE_BOUND('',#1197,.T.);
#170=FACE_BOUND('',#1198,.T.);
#171=FACE_BOUND('',#1199,.T.);
#172=FACE_BOUND('',#1200,.T.);
#173=FACE_BOUND('',#1201,.T.);
#174=FACE_BOUND('',#1202,.T.);
#175=FACE_BOUND('',#1203,.T.);
#176=FACE_BOUND('',#1204,.T.);
#177=FACE_BOUND('',#1205,.T.);
#178=FACE_BOUND('',#1207,.T.);
#179=FACE_BOUND('',#1208,.T.);
#180=FACE_BOUND('',#1209,.T.);
#181=FACE_BOUND('',#1210,.T.);
#182=FACE_BOUND('',#1211,.T.);
#183=FACE_BOUND('',#1212,.T.);
#184=FACE_BOUND('',#1213,.T.);
#185=FACE_BOUND('',#1214,.T.);
#186=FACE_BOUND('',#1215,.T.);
#187=FACE_BOUND('',#1216,.T.);
#188=FACE_BOUND('',#1217,.T.);
#189=FACE_BOUND('',#1218,.T.);
#190=FACE_BOUND('',#1219,.T.);
#191=FACE_BOUND('',#1220,.T.);
#192=FACE_BOUND('',#1221,.T.);
#193=FACE_BOUND('',#1222,.T.);
#194=FACE_BOUND('',#1223,.T.);
#195=FACE_BOUND('',#1224,.T.);
#196=FACE_BOUND('',#1225,.T.);
#197=FACE_BOUND('',#1226,.T.);
#198=FACE_BOUND('',#1227,.T.);
#199=FACE_BOUND('',#1228,.T.);
#200=FACE_BOUND('',#1229,.T.);
#201=FACE_BOUND('',#1230,.T.);
#202=FACE_BOUND('',#1231,.T.);
#203=FACE_BOUND('',#1232,.T.);
#204=FACE_BOUND('',#1233,.T.);
#205=FACE_BOUND('',#1234,.T.);
#206=FACE_BOUND('',#1235,.T.);
#207=FACE_BOUND('',#1237,.T.);
#208=FACE_BOUND('',#1238,.T.);
#209=FACE_BOUND('',#1239,.T.);
#210=FACE_BOUND('',#1240,.T.);
#211=FACE_BOUND('',#1241,.T.);
#212=FACE_BOUND('',#1242,.T.);
#213=FACE_BOUND('',#1246,.T.);
#214=FACE_BOUND('',#1247,.T.);
#215=FACE_BOUND('',#1248,.T.);
#216=FACE_BOUND('',#1249,.T.);
#217=FACE_BOUND('',#1250,.T.);
#218=FACE_BOUND('',#1251,.T.);
#219=FACE_BOUND('',#1252,.T.);
#220=FACE_BOUND('',#1256,.T.);
#221=FACE_BOUND('',#1257,.T.);
#222=FACE_BOUND('',#1258,.T.);
#223=FACE_BOUND('',#1259,.T.);
#224=FACE_BOUND('',#1260,.T.);
#225=FACE_BOUND('',#1261,.T.);
#226=FACE_BOUND('',#1262,.T.);
#227=FACE_BOUND('',#1267,.T.);
#228=FACE_BOUND('',#1269,.T.);
#229=FACE_BOUND('',#1271,.T.);
#230=FACE_BOUND('',#1273,.T.);
#231=FACE_BOUND('',#1275,.T.);
#232=FACE_BOUND('',#1277,.T.);
#233=FACE_BOUND('',#1279,.T.);
#234=FACE_BOUND('',#1281,.T.);
#235=FACE_BOUND('',#1283,.T.);
#236=FACE_BOUND('',#1285,.T.);
#237=FACE_BOUND('',#1287,.T.);
#238=FACE_BOUND('',#1289,.T.);
#239=FACE_BOUND('',#1291,.T.);
#240=FACE_BOUND('',#1293,.T.);
#241=FACE_BOUND('',#1295,.T.);
#242=FACE_BOUND('',#1297,.T.);
#243=FACE_BOUND('',#1299,.T.);
#244=FACE_BOUND('',#1301,.T.);
#245=FACE_BOUND('',#1303,.T.);
#246=FACE_BOUND('',#1305,.T.);
#247=FACE_BOUND('',#1307,.T.);
#248=FACE_BOUND('',#1309,.T.);
#249=FACE_BOUND('',#1311,.T.);
#250=FACE_BOUND('',#1313,.T.);
#251=FACE_BOUND('',#1315,.T.);
#252=FACE_BOUND('',#1317,.T.);
#253=FACE_BOUND('',#1319,.T.);
#254=FACE_BOUND('',#1321,.T.);
#255=FACE_BOUND('',#1323,.T.);
#256=CIRCLE('',#4209,6.60000000000002);
#257=CIRCLE('',#4210,6.60000000000002);
#258=CIRCLE('',#4212,6.60000000000002);
#259=CIRCLE('',#4213,6.60000000000002);
#260=CIRCLE('',#4215,6.60000000000005);
#261=CIRCLE('',#4216,6.60000000000005);
#262=CIRCLE('',#4218,6.60000000000005);
#263=CIRCLE('',#4219,6.60000000000005);
#264=CIRCLE('',#4221,6.60000000000005);
#265=CIRCLE('',#4222,6.60000000000005);
#266=CIRCLE('',#4224,6.60000000000002);
#267=CIRCLE('',#4225,6.60000000000002);
#268=CIRCLE('',#4227,6.60000000000002);
#269=CIRCLE('',#4228,6.60000000000002);
#270=CIRCLE('',#4230,6.60000000000002);
#271=CIRCLE('',#4231,6.60000000000002);
#272=CIRCLE('',#4233,6.60000000000002);
#273=CIRCLE('',#4234,6.60000000000002);
#274=CIRCLE('',#4236,6.60000000000005);
#275=CIRCLE('',#4237,6.60000000000005);
#276=CIRCLE('',#4239,6.60000000000005);
#277=CIRCLE('',#4240,6.60000000000005);
#278=CIRCLE('',#4242,6.60000000000005);
#279=CIRCLE('',#4243,6.60000000000005);
#280=CIRCLE('',#4245,6.60000000000002);
#281=CIRCLE('',#4246,6.60000000000002);
#282=CIRCLE('',#4248,6.60000000000002);
#283=CIRCLE('',#4249,6.60000000000002);
#284=CIRCLE('',#4251,6.60000000000002);
#285=CIRCLE('',#4252,6.60000000000002);
#286=CIRCLE('',#4254,6.60000000000002);
#287=CIRCLE('',#4255,6.60000000000002);
#288=CIRCLE('',#4257,6.60000000000002);
#289=CIRCLE('',#4258,6.60000000000002);
#290=CIRCLE('',#4260,6.60000000000002);
#291=CIRCLE('',#4261,6.60000000000002);
#292=CIRCLE('',#4263,6.60000000000002);
#293=CIRCLE('',#4264,6.60000000000002);
#294=CIRCLE('',#4266,6.60000000000002);
#295=CIRCLE('',#4267,6.60000000000002);
#296=CIRCLE('',#4269,6.60000000000002);
#297=CIRCLE('',#4270,6.60000000000002);
#298=CIRCLE('',#4272,7.00000000000012);
#299=CIRCLE('',#4273,7.00000000000012);
#300=CIRCLE('',#4275,7.00000000000017);
#301=CIRCLE('',#4276,7.00000000000017);
#302=CIRCLE('',#4278,7.00000000000023);
#303=CIRCLE('',#4279,7.00000000000023);
#304=CIRCLE('',#4281,7.00000000000012);
#305=CIRCLE('',#4282,7.00000000000012);
#306=CIRCLE('',#4284,5.20000000663218);
#307=CIRCLE('',#4285,5.20000000663218);
#308=CIRCLE('',#4287,5.20000000663218);
#309=CIRCLE('',#4288,5.20000000663218);
#310=CIRCLE('',#4290,5.20000000663218);
#311=CIRCLE('',#4291,5.20000000663218);
#312=CIRCLE('',#4293,5.20000000663218);
#313=CIRCLE('',#4294,5.20000000663218);
#314=CIRCLE('',#4296,5.20000000663218);
#315=CIRCLE('',#4297,5.20000000663218);
#316=CIRCLE('',#4299,5.20000000663218);
#317=CIRCLE('',#4300,5.20000000663218);
#318=CIRCLE('',#4302,5.20000000663218);
#319=CIRCLE('',#4303,5.20000000663218);
#320=CIRCLE('',#4305,5.20000000663218);
#321=CIRCLE('',#4306,5.20000000663218);
#322=CIRCLE('',#4308,3.3999999999999);
#323=CIRCLE('',#4309,3.3999999999999);
#324=CIRCLE('',#4311,3.3999999999999);
#325=CIRCLE('',#4312,3.3999999999999);
#326=CIRCLE('',#4314,3.3999999999999);
#327=CIRCLE('',#4315,3.3999999999999);
#328=CIRCLE('',#4317,3.3999999999999);
#329=CIRCLE('',#4318,3.3999999999999);
#330=CIRCLE('',#4320,3.3999999999999);
#331=CIRCLE('',#4321,3.3999999999999);
#332=CIRCLE('',#4323,3.3999999999999);
#333=CIRCLE('',#4324,3.3999999999999);
#334=CIRCLE('',#4326,3.3999999999999);
#335=CIRCLE('',#4327,3.3999999999999);
#336=CIRCLE('',#4329,3.3999999999999);
#337=CIRCLE('',#4330,3.3999999999999);
#338=CIRCLE('',#4332,3.3999999999999);
#339=CIRCLE('',#4333,3.3999999999999);
#340=CIRCLE('',#4335,3.3999999999999);
#341=CIRCLE('',#4336,3.3999999999999);
#342=CIRCLE('',#4338,3.3999999999999);
#343=CIRCLE('',#4339,3.3999999999999);
#344=CIRCLE('',#4341,3.39999999999991);
#345=CIRCLE('',#4342,3.39999999999991);
#346=CIRCLE('',#4344,3.39999999999991);
#347=CIRCLE('',#4345,3.39999999999991);
#348=CIRCLE('',#4347,3.39999999999991);
#349=CIRCLE('',#4348,3.39999999999991);
#350=CIRCLE('',#4350,3.3999999999999);
#351=CIRCLE('',#4351,3.3999999999999);
#352=CIRCLE('',#4353,3.3999999999999);
#353=CIRCLE('',#4354,3.3999999999999);
#354=CIRCLE('',#4356,3.3999999999999);
#355=CIRCLE('',#4357,3.3999999999999);
#356=CIRCLE('',#4359,3.3999999999999);
#357=CIRCLE('',#4360,3.3999999999999);
#358=CIRCLE('',#4362,3.3999999999999);
#359=CIRCLE('',#4363,3.3999999999999);
#360=CIRCLE('',#4365,3.3999999999999);
#361=CIRCLE('',#4366,3.3999999999999);
#362=CIRCLE('',#4368,3.3999999999999);
#363=CIRCLE('',#4369,3.3999999999999);
#364=CIRCLE('',#4371,3.3999999999999);
#365=CIRCLE('',#4372,3.3999999999999);
#366=CIRCLE('',#4374,3.3999999999999);
#367=CIRCLE('',#4375,3.3999999999999);
#368=CIRCLE('',#4377,3.3999999999999);
#369=CIRCLE('',#4378,3.3999999999999);
#370=CIRCLE('',#4380,3.3999999999999);
#371=CIRCLE('',#4381,3.3999999999999);
#372=CIRCLE('',#4383,3.3999999999999);
#373=CIRCLE('',#4384,3.3999999999999);
#374=CIRCLE('',#4386,3.3999999999999);
#375=CIRCLE('',#4387,3.3999999999999);
#376=CIRCLE('',#4389,3.3999999999999);
#377=CIRCLE('',#4390,3.3999999999999);
#378=CIRCLE('',#4392,3.3999999999999);
#379=CIRCLE('',#4393,3.3999999999999);
#380=CIRCLE('',#4395,3.3999999999999);
#381=CIRCLE('',#4396,3.3999999999999);
#382=CIRCLE('',#4398,3.3999999999999);
#383=CIRCLE('',#4399,3.3999999999999);
#384=CIRCLE('',#4401,3.3999999999999);
#385=CIRCLE('',#4402,3.3999999999999);
#386=CIRCLE('',#4404,3.3999999999999);
#387=CIRCLE('',#4405,3.3999999999999);
#388=CIRCLE('',#4407,3.3999999999999);
#389=CIRCLE('',#4408,3.3999999999999);
#390=CIRCLE('',#4410,3.3999999999999);
#391=CIRCLE('',#4411,3.3999999999999);
#392=CIRCLE('',#4413,3.3999999999999);
#393=CIRCLE('',#4414,3.3999999999999);
#394=CIRCLE('',#4416,3.3999999999999);
#395=CIRCLE('',#4417,3.3999999999999);
#396=CIRCLE('',#4419,3.3999999999999);
#397=CIRCLE('',#4420,3.3999999999999);
#398=CIRCLE('',#4422,3.3999999999999);
#399=CIRCLE('',#4423,3.3999999999999);
#400=CIRCLE('',#4425,3.3999999999999);
#401=CIRCLE('',#4426,3.3999999999999);
#402=CIRCLE('',#4428,3.3999999999999);
#403=CIRCLE('',#4429,3.3999999999999);
#404=CIRCLE('',#4431,3.3999999999999);
#405=CIRCLE('',#4432,3.3999999999999);
#406=CIRCLE('',#4434,3.3999999999999);
#407=CIRCLE('',#4435,3.3999999999999);
#408=CIRCLE('',#4437,3.3999999999999);
#409=CIRCLE('',#4438,3.3999999999999);
#410=CIRCLE('',#4440,3.3999999999999);
#411=CIRCLE('',#4441,3.3999999999999);
#412=CIRCLE('',#4443,3.3999999999999);
#413=CIRCLE('',#4444,3.3999999999999);
#414=CIRCLE('',#4446,3.3999999999999);
#415=CIRCLE('',#4447,3.3999999999999);
#416=CIRCLE('',#4449,3.3999999999999);
#417=CIRCLE('',#4450,3.3999999999999);
#418=CIRCLE('',#4452,3.3999999999999);
#419=CIRCLE('',#4453,3.3999999999999);
#420=CIRCLE('',#4455,3.3999999999999);
#421=CIRCLE('',#4456,3.3999999999999);
#422=CIRCLE('',#4458,3.3999999999999);
#423=CIRCLE('',#4459,3.3999999999999);
#424=CIRCLE('',#4461,3.39999999999996);
#425=CIRCLE('',#4462,3.39999999999996);
#426=CIRCLE('',#4464,3.39999999999996);
#427=CIRCLE('',#4465,3.39999999999996);
#428=CIRCLE('',#4467,3.39999999999996);
#429=CIRCLE('',#4468,3.39999999999996);
#430=CIRCLE('',#4470,3.39999999999996);
#431=CIRCLE('',#4471,3.39999999999996);
#432=CIRCLE('',#4473,3.39999999999996);
#433=CIRCLE('',#4474,3.39999999999996);
#434=CIRCLE('',#4476,3.39999999999996);
#435=CIRCLE('',#4477,3.39999999999996);
#436=CIRCLE('',#4479,5.09999999999988);
#437=CIRCLE('',#4480,5.09999999999988);
#438=CIRCLE('',#4482,5.09999999999999);
#439=CIRCLE('',#4483,5.09999999999999);
#440=CIRCLE('',#4485,5.09999999999999);
#441=CIRCLE('',#4486,5.09999999999999);
#442=CIRCLE('',#4488,5.09999999999999);
#443=CIRCLE('',#4489,5.09999999999999);
#444=CIRCLE('',#4491,5.09999999999999);
#445=CIRCLE('',#4492,5.09999999999999);
#446=CIRCLE('',#4494,5.09999999999999);
#447=CIRCLE('',#4495,5.09999999999999);
#448=CIRCLE('',#4497,5.09999999999999);
#449=CIRCLE('',#4498,5.09999999999999);
#450=CIRCLE('',#4500,5.09999999999988);
#451=CIRCLE('',#4501,5.09999999999988);
#452=CIRCLE('',#4503,5.09999999999999);
#453=CIRCLE('',#4504,5.09999999999999);
#454=CIRCLE('',#4506,5.09999999999999);
#455=CIRCLE('',#4507,5.09999999999999);
#456=CIRCLE('',#4509,5.09999999999999);
#457=CIRCLE('',#4510,5.09999999999999);
#458=CIRCLE('',#4512,5.09999999999999);
#459=CIRCLE('',#4513,5.09999999999999);
#460=CIRCLE('',#4515,5.09999999999999);
#461=CIRCLE('',#4516,5.09999999999999);
#462=CIRCLE('',#4518,5.09999999999999);
#463=CIRCLE('',#4519,5.09999999999999);
#464=CIRCLE('',#4521,2.54999999999979);
#465=CIRCLE('',#4522,2.5499999999998);
#466=CIRCLE('',#4524,2.55000000000007);
#467=CIRCLE('',#4525,2.55000000000008);
#468=CIRCLE('',#4527,2.55000000000007);
#469=CIRCLE('',#4528,2.55000000000007);
#470=CIRCLE('',#4530,2.55000000000007);
#471=CIRCLE('',#4531,2.55000000000007);
#472=CIRCLE('',#4533,2.54999999999977);
#473=CIRCLE('',#4534,2.54999999999977);
#474=CIRCLE('',#4536,2.55000000000005);
#475=CIRCLE('',#4537,2.55000000000005);
#476=CIRCLE('',#4539,2.55000000000005);
#477=CIRCLE('',#4540,2.55000000000005);
#478=CIRCLE('',#4542,2.55000000000005);
#479=CIRCLE('',#4543,2.55000000000005);
#480=CIRCLE('',#4545,3.3999999999999);
#481=CIRCLE('',#4546,3.3999999999999);
#482=CIRCLE('',#4548,3.3999999999999);
#483=CIRCLE('',#4549,3.3999999999999);
#484=CIRCLE('',#4551,3.3999999999999);
#485=CIRCLE('',#4552,3.3999999999999);
#486=CIRCLE('',#4554,3.39999999999991);
#487=CIRCLE('',#4555,3.39999999999991);
#488=CIRCLE('',#4557,3.39999999999991);
#489=CIRCLE('',#4558,3.39999999999991);
#490=CIRCLE('',#4560,3.3999999999999);
#491=CIRCLE('',#4561,3.3999999999999);
#492=CIRCLE('',#4563,3.3999999999999);
#493=CIRCLE('',#4564,3.3999999999999);
#494=CIRCLE('',#4566,3.3999999999999);
#495=CIRCLE('',#4567,3.3999999999999);
#496=CIRCLE('',#4569,3.39999999999991);
#497=CIRCLE('',#4570,3.39999999999991);
#498=CIRCLE('',#4572,3.3999999999999);
#499=CIRCLE('',#4573,3.3999999999999);
#500=CIRCLE('',#4575,3.3999999999999);
#501=CIRCLE('',#4576,3.3999999999999);
#502=CIRCLE('',#4578,3.3999999999999);
#503=CIRCLE('',#4579,3.3999999999999);
#504=CIRCLE('',#4581,3.3999999999999);
#505=CIRCLE('',#4582,3.3999999999999);
#506=CIRCLE('',#4584,3.3999999999999);
#507=CIRCLE('',#4585,3.3999999999999);
#508=CIRCLE('',#4587,3.3999999999999);
#509=CIRCLE('',#4588,3.3999999999999);
#510=CIRCLE('',#4590,3.3999999999999);
#511=CIRCLE('',#4591,3.3999999999999);
#512=CIRCLE('',#4593,3.39999999999993);
#513=CIRCLE('',#4594,3.3999999999999);
#514=CIRCLE('',#4596,3.39999999999993);
#515=CIRCLE('',#4597,3.3999999999999);
#516=CIRCLE('',#4599,3.39999999999993);
#517=CIRCLE('',#4600,3.3999999999999);
#518=CIRCLE('',#4602,3.3999999999999);
#519=CIRCLE('',#4603,3.3999999999999);
#520=CIRCLE('',#4605,3.3999999999999);
#521=CIRCLE('',#4606,3.3999999999999);
#522=CYLINDRICAL_SURFACE('',#4208,6.60000000000002);
#523=CYLINDRICAL_SURFACE('',#4211,6.60000000000002);
#524=CYLINDRICAL_SURFACE('',#4214,6.60000000000005);
#525=CYLINDRICAL_SURFACE('',#4217,6.60000000000005);
#526=CYLINDRICAL_SURFACE('',#4220,6.60000000000005);
#527=CYLINDRICAL_SURFACE('',#4223,6.60000000000002);
#528=CYLINDRICAL_SURFACE('',#4226,6.60000000000002);
#529=CYLINDRICAL_SURFACE('',#4229,6.60000000000002);
#530=CYLINDRICAL_SURFACE('',#4232,6.60000000000002);
#531=CYLINDRICAL_SURFACE('',#4235,6.60000000000005);
#532=CYLINDRICAL_SURFACE('',#4238,6.60000000000005);
#533=CYLINDRICAL_SURFACE('',#4241,6.60000000000005);
#534=CYLINDRICAL_SURFACE('',#4244,6.60000000000002);
#535=CYLINDRICAL_SURFACE('',#4247,6.60000000000002);
#536=CYLINDRICAL_SURFACE('',#4250,6.60000000000002);
#537=CYLINDRICAL_SURFACE('',#4253,6.60000000000002);
#538=CYLINDRICAL_SURFACE('',#4256,6.60000000000002);
#539=CYLINDRICAL_SURFACE('',#4259,6.60000000000002);
#540=CYLINDRICAL_SURFACE('',#4262,6.60000000000002);
#541=CYLINDRICAL_SURFACE('',#4265,6.60000000000002);
#542=CYLINDRICAL_SURFACE('',#4268,6.60000000000002);
#543=CYLINDRICAL_SURFACE('',#4271,7.00000000000012);
#544=CYLINDRICAL_SURFACE('',#4274,7.00000000000017);
#545=CYLINDRICAL_SURFACE('',#4277,7.00000000000023);
#546=CYLINDRICAL_SURFACE('',#4280,7.00000000000012);
#547=CYLINDRICAL_SURFACE('',#4283,5.20000000663218);
#548=CYLINDRICAL_SURFACE('',#4286,5.20000000663218);
#549=CYLINDRICAL_SURFACE('',#4289,5.20000000663218);
#550=CYLINDRICAL_SURFACE('',#4292,5.20000000663218);
#551=CYLINDRICAL_SURFACE('',#4295,5.20000000663218);
#552=CYLINDRICAL_SURFACE('',#4298,5.20000000663218);
#553=CYLINDRICAL_SURFACE('',#4301,5.20000000663218);
#554=CYLINDRICAL_SURFACE('',#4304,5.20000000663218);
#555=CYLINDRICAL_SURFACE('',#4307,3.3999999999999);
#556=CYLINDRICAL_SURFACE('',#4310,3.3999999999999);
#557=CYLINDRICAL_SURFACE('',#4313,3.3999999999999);
#558=CYLINDRICAL_SURFACE('',#4316,3.3999999999999);
#559=CYLINDRICAL_SURFACE('',#4319,3.3999999999999);
#560=CYLINDRICAL_SURFACE('',#4322,3.3999999999999);
#561=CYLINDRICAL_SURFACE('',#4325,3.3999999999999);
#562=CYLINDRICAL_SURFACE('',#4328,3.3999999999999);
#563=CYLINDRICAL_SURFACE('',#4331,3.3999999999999);
#564=CYLINDRICAL_SURFACE('',#4334,3.3999999999999);
#565=CYLINDRICAL_SURFACE('',#4337,3.3999999999999);
#566=CYLINDRICAL_SURFACE('',#4340,3.39999999999991);
#567=CYLINDRICAL_SURFACE('',#4343,3.39999999999991);
#568=CYLINDRICAL_SURFACE('',#4346,3.39999999999991);
#569=CYLINDRICAL_SURFACE('',#4349,3.3999999999999);
#570=CYLINDRICAL_SURFACE('',#4352,3.3999999999999);
#571=CYLINDRICAL_SURFACE('',#4355,3.3999999999999);
#572=CYLINDRICAL_SURFACE('',#4358,3.3999999999999);
#573=CYLINDRICAL_SURFACE('',#4361,3.3999999999999);
#574=CYLINDRICAL_SURFACE('',#4364,3.3999999999999);
#575=CYLINDRICAL_SURFACE('',#4367,3.3999999999999);
#576=CYLINDRICAL_SURFACE('',#4370,3.3999999999999);
#577=CYLINDRICAL_SURFACE('',#4373,3.3999999999999);
#578=CYLINDRICAL_SURFACE('',#4376,3.3999999999999);
#579=CYLINDRICAL_SURFACE('',#4379,3.3999999999999);
#580=CYLINDRICAL_SURFACE('',#4382,3.3999999999999);
#581=CYLINDRICAL_SURFACE('',#4385,3.3999999999999);
#582=CYLINDRICAL_SURFACE('',#4388,3.3999999999999);
#583=CYLINDRICAL_SURFACE('',#4391,3.3999999999999);
#584=CYLINDRICAL_SURFACE('',#4394,3.3999999999999);
#585=CYLINDRICAL_SURFACE('',#4397,3.3999999999999);
#586=CYLINDRICAL_SURFACE('',#4400,3.3999999999999);
#587=CYLINDRICAL_SURFACE('',#4403,3.3999999999999);
#588=CYLINDRICAL_SURFACE('',#4406,3.3999999999999);
#589=CYLINDRICAL_SURFACE('',#4409,3.3999999999999);
#590=CYLINDRICAL_SURFACE('',#4412,3.3999999999999);
#591=CYLINDRICAL_SURFACE('',#4415,3.3999999999999);
#592=CYLINDRICAL_SURFACE('',#4418,3.3999999999999);
#593=CYLINDRICAL_SURFACE('',#4421,3.3999999999999);
#594=CYLINDRICAL_SURFACE('',#4424,3.3999999999999);
#595=CYLINDRICAL_SURFACE('',#4427,3.3999999999999);
#596=CYLINDRICAL_SURFACE('',#4430,3.3999999999999);
#597=CYLINDRICAL_SURFACE('',#4433,3.3999999999999);
#598=CYLINDRICAL_SURFACE('',#4436,3.3999999999999);
#599=CYLINDRICAL_SURFACE('',#4439,3.3999999999999);
#600=CYLINDRICAL_SURFACE('',#4442,3.3999999999999);
#601=CYLINDRICAL_SURFACE('',#4445,3.3999999999999);
#602=CYLINDRICAL_SURFACE('',#4448,3.3999999999999);
#603=CYLINDRICAL_SURFACE('',#4451,3.3999999999999);
#604=CYLINDRICAL_SURFACE('',#4454,3.3999999999999);
#605=CYLINDRICAL_SURFACE('',#4457,3.3999999999999);
#606=CYLINDRICAL_SURFACE('',#4460,3.39999999999996);
#607=CYLINDRICAL_SURFACE('',#4463,3.39999999999996);
#608=CYLINDRICAL_SURFACE('',#4466,3.39999999999996);
#609=CYLINDRICAL_SURFACE('',#4469,3.39999999999996);
#610=CYLINDRICAL_SURFACE('',#4472,3.39999999999996);
#611=CYLINDRICAL_SURFACE('',#4475,3.39999999999996);
#612=CYLINDRICAL_SURFACE('',#4478,5.09999999999988);
#613=CYLINDRICAL_SURFACE('',#4481,5.09999999999999);
#614=CYLINDRICAL_SURFACE('',#4484,5.09999999999999);
#615=CYLINDRICAL_SURFACE('',#4487,5.09999999999999);
#616=CYLINDRICAL_SURFACE('',#4490,5.09999999999999);
#617=CYLINDRICAL_SURFACE('',#4493,5.09999999999999);
#618=CYLINDRICAL_SURFACE('',#4496,5.09999999999999);
#619=CYLINDRICAL_SURFACE('',#4499,5.09999999999988);
#620=CYLINDRICAL_SURFACE('',#4502,5.09999999999999);
#621=CYLINDRICAL_SURFACE('',#4505,5.09999999999999);
#622=CYLINDRICAL_SURFACE('',#4508,5.09999999999999);
#623=CYLINDRICAL_SURFACE('',#4511,5.09999999999999);
#624=CYLINDRICAL_SURFACE('',#4514,5.09999999999999);
#625=CYLINDRICAL_SURFACE('',#4517,5.09999999999999);
#626=CYLINDRICAL_SURFACE('',#4520,2.5499999999998);
#627=CYLINDRICAL_SURFACE('',#4523,2.55000000000008);
#628=CYLINDRICAL_SURFACE('',#4526,2.55000000000007);
#629=CYLINDRICAL_SURFACE('',#4529,2.55000000000007);
#630=CYLINDRICAL_SURFACE('',#4532,2.54999999999977);
#631=CYLINDRICAL_SURFACE('',#4535,2.55000000000005);
#632=CYLINDRICAL_SURFACE('',#4538,2.55000000000005);
#633=CYLINDRICAL_SURFACE('',#4541,2.55000000000005);
#634=CYLINDRICAL_SURFACE('',#4544,3.3999999999999);
#635=CYLINDRICAL_SURFACE('',#4547,3.3999999999999);
#636=CYLINDRICAL_SURFACE('',#4550,3.3999999999999);
#637=CYLINDRICAL_SURFACE('',#4553,3.39999999999991);
#638=CYLINDRICAL_SURFACE('',#4556,3.39999999999991);
#639=CYLINDRICAL_SURFACE('',#4559,3.3999999999999);
#640=CYLINDRICAL_SURFACE('',#4562,3.3999999999999);
#641=CYLINDRICAL_SURFACE('',#4565,3.3999999999999);
#642=CYLINDRICAL_SURFACE('',#4568,3.39999999999991);
#643=CYLINDRICAL_SURFACE('',#4571,3.3999999999999);
#644=CYLINDRICAL_SURFACE('',#4574,3.3999999999999);
#645=CYLINDRICAL_SURFACE('',#4577,3.3999999999999);
#646=CYLINDRICAL_SURFACE('',#4580,3.3999999999999);
#647=CYLINDRICAL_SURFACE('',#4583,3.3999999999999);
#648=CYLINDRICAL_SURFACE('',#4586,3.3999999999999);
#649=CYLINDRICAL_SURFACE('',#4589,3.3999999999999);
#650=CYLINDRICAL_SURFACE('',#4592,3.3999999999999);
#651=CYLINDRICAL_SURFACE('',#4595,3.3999999999999);
#652=CYLINDRICAL_SURFACE('',#4598,3.3999999999999);
#653=CYLINDRICAL_SURFACE('',#4601,3.3999999999999);
#654=CYLINDRICAL_SURFACE('',#4604,3.3999999999999);
#655=SHAPE_REPRESENTATION_RELATIONSHIP('SRR','None',#7037,#657);
#656=SHAPE_REPRESENTATION_RELATIONSHIP('SRR','None',#7038,#658);
#657=ADVANCED_BREP_SHAPE_REPRESENTATION('',(#661),#7021);
#658=ADVANCED_BREP_SHAPE_REPRESENTATION('',(#662),#7022);
#659=STYLED_ITEM('',(#7056),#661);
#660=STYLED_ITEM('',(#7056),#662);
#661=MANIFOLD_SOLID_BREP('Body1',#4147);
#662=MANIFOLD_SOLID_BREP('Body1',#4148);
#663=FACE_OUTER_BOUND('',#876,.T.);
#664=FACE_OUTER_BOUND('',#877,.T.);
#665=FACE_OUTER_BOUND('',#878,.T.);
#666=FACE_OUTER_BOUND('',#879,.T.);
#667=FACE_OUTER_BOUND('',#880,.T.);
#668=FACE_OUTER_BOUND('',#881,.T.);
#669=FACE_OUTER_BOUND('',#882,.T.);
#670=FACE_OUTER_BOUND('',#883,.T.);
#671=FACE_OUTER_BOUND('',#884,.T.);
#672=FACE_OUTER_BOUND('',#885,.T.);
#673=FACE_OUTER_BOUND('',#886,.T.);
#674=FACE_OUTER_BOUND('',#887,.T.);
#675=FACE_OUTER_BOUND('',#888,.T.);
#676=FACE_OUTER_BOUND('',#889,.T.);
#677=FACE_OUTER_BOUND('',#890,.T.);
#678=FACE_OUTER_BOUND('',#891,.T.);
#679=FACE_OUTER_BOUND('',#892,.T.);
#680=FACE_OUTER_BOUND('',#893,.T.);
#681=FACE_OUTER_BOUND('',#894,.T.);
#682=FACE_OUTER_BOUND('',#895,.T.);
#683=FACE_OUTER_BOUND('',#896,.T.);
#684=FACE_OUTER_BOUND('',#897,.T.);
#685=FACE_OUTER_BOUND('',#898,.T.);
#686=FACE_OUTER_BOUND('',#899,.T.);
#687=FACE_OUTER_BOUND('',#900,.T.);
#688=FACE_OUTER_BOUND('',#901,.T.);
#689=FACE_OUTER_BOUND('',#902,.T.);
#690=FACE_OUTER_BOUND('',#903,.T.);
#691=FACE_OUTER_BOUND('',#904,.T.);
#692=FACE_OUTER_BOUND('',#905,.T.);
#693=FACE_OUTER_BOUND('',#906,.T.);
#694=FACE_OUTER_BOUND('',#907,.T.);
#695=FACE_OUTER_BOUND('',#908,.T.);
#696=FACE_OUTER_BOUND('',#909,.T.);
#697=FACE_OUTER_BOUND('',#910,.T.);
#698=FACE_OUTER_BOUND('',#911,.T.);
#699=FACE_OUTER_BOUND('',#912,.T.);
#700=FACE_OUTER_BOUND('',#913,.T.);
#701=FACE_OUTER_BOUND('',#914,.T.);
#702=FACE_OUTER_BOUND('',#915,.T.);
#703=FACE_OUTER_BOUND('',#916,.T.);
#704=FACE_OUTER_BOUND('',#917,.T.);
#705=FACE_OUTER_BOUND('',#918,.T.);
#706=FACE_OUTER_BOUND('',#919,.T.);
#707=FACE_OUTER_BOUND('',#920,.T.);
#708=FACE_OUTER_BOUND('',#921,.T.);
#709=FACE_OUTER_BOUND('',#922,.T.);
#710=FACE_OUTER_BOUND('',#923,.T.);
#711=FACE_OUTER_BOUND('',#924,.T.);
#712=FACE_OUTER_BOUND('',#925,.T.);
#713=FACE_OUTER_BOUND('',#926,.T.);
#714=FACE_OUTER_BOUND('',#927,.T.);
#715=FACE_OUTER_BOUND('',#928,.T.);
#716=FACE_OUTER_BOUND('',#929,.T.);
#717=FACE_OUTER_BOUND('',#930,.T.);
#718=FACE_OUTER_BOUND('',#931,.T.);
#719=FACE_OUTER_BOUND('',#932,.T.);
#720=FACE_OUTER_BOUND('',#933,.T.);
#721=FACE_OUTER_BOUND('',#934,.T.);
#722=FACE_OUTER_BOUND('',#935,.T.);
#723=FACE_OUTER_BOUND('',#936,.T.);
#724=FACE_OUTER_BOUND('',#937,.T.);
#725=FACE_OUTER_BOUND('',#938,.T.);
#726=FACE_OUTER_BOUND('',#939,.T.);
#727=FACE_OUTER_BOUND('',#940,.T.);
#728=FACE_OUTER_BOUND('',#941,.T.);
#729=FACE_OUTER_BOUND('',#942,.T.);
#730=FACE_OUTER_BOUND('',#943,.T.);
#731=FACE_OUTER_BOUND('',#944,.T.);
#732=FACE_OUTER_BOUND('',#945,.T.);
#733=FACE_OUTER_BOUND('',#946,.T.);
#734=FACE_OUTER_BOUND('',#947,.T.);
#735=FACE_OUTER_BOUND('',#948,.T.);
#736=FACE_OUTER_BOUND('',#949,.T.);
#737=FACE_OUTER_BOUND('',#950,.T.);
#738=FACE_OUTER_BOUND('',#951,.T.);
#739=FACE_OUTER_BOUND('',#952,.T.);
#740=FACE_OUTER_BOUND('',#953,.T.);
#741=FACE_OUTER_BOUND('',#954,.T.);
#742=FACE_OUTER_BOUND('',#955,.T.);
#743=FACE_OUTER_BOUND('',#956,.T.);
#744=FACE_OUTER_BOUND('',#957,.T.);
#745=FACE_OUTER_BOUND('',#958,.T.);
#746=FACE_OUTER_BOUND('',#959,.T.);
#747=FACE_OUTER_BOUND('',#960,.T.);
#748=FACE_OUTER_BOUND('',#961,.T.);
#749=FACE_OUTER_BOUND('',#962,.T.);
#750=FACE_OUTER_BOUND('',#963,.T.);
#751=FACE_OUTER_BOUND('',#964,.T.);
#752=FACE_OUTER_BOUND('',#965,.T.);
#753=FACE_OUTER_BOUND('',#966,.T.);
#754=FACE_OUTER_BOUND('',#967,.T.);
#755=FACE_OUTER_BOUND('',#968,.T.);
#756=FACE_OUTER_BOUND('',#969,.T.);
#757=FACE_OUTER_BOUND('',#970,.T.);
#758=FACE_OUTER_BOUND('',#971,.T.);
#759=FACE_OUTER_BOUND('',#972,.T.);
#760=FACE_OUTER_BOUND('',#973,.T.);
#761=FACE_OUTER_BOUND('',#974,.T.);
#762=FACE_OUTER_BOUND('',#975,.T.);
#763=FACE_OUTER_BOUND('',#976,.T.);
#764=FACE_OUTER_BOUND('',#977,.T.);
#765=FACE_OUTER_BOUND('',#978,.T.);
#766=FACE_OUTER_BOUND('',#979,.T.);
#767=FACE_OUTER_BOUND('',#980,.T.);
#768=FACE_OUTER_BOUND('',#981,.T.);
#769=FACE_OUTER_BOUND('',#982,.T.);
#770=FACE_OUTER_BOUND('',#983,.T.);
#771=FACE_OUTER_BOUND('',#984,.T.);
#772=FACE_OUTER_BOUND('',#985,.T.);
#773=FACE_OUTER_BOUND('',#986,.T.);
#774=FACE_OUTER_BOUND('',#987,.T.);
#775=FACE_OUTER_BOUND('',#988,.T.);
#776=FACE_OUTER_BOUND('',#989,.T.);
#777=FACE_OUTER_BOUND('',#990,.T.);
#778=FACE_OUTER_BOUND('',#991,.T.);
#779=FACE_OUTER_BOUND('',#992,.T.);
#780=FACE_OUTER_BOUND('',#993,.T.);
#781=FACE_OUTER_BOUND('',#994,.T.);
#782=FACE_OUTER_BOUND('',#995,.T.);
#783=FACE_OUTER_BOUND('',#996,.T.);
#784=FACE_OUTER_BOUND('',#997,.T.);
#785=FACE_OUTER_BOUND('',#998,.T.);
#786=FACE_OUTER_BOUND('',#999,.T.);
#787=FACE_OUTER_BOUND('',#1000,.T.);
#788=FACE_OUTER_BOUND('',#1001,.T.);
#789=FACE_OUTER_BOUND('',#1002,.T.);
#790=FACE_OUTER_BOUND('',#1003,.T.);
#791=FACE_OUTER_BOUND('',#1004,.T.);
#792=FACE_OUTER_BOUND('',#1005,.T.);
#793=FACE_OUTER_BOUND('',#1006,.T.);
#794=FACE_OUTER_BOUND('',#1007,.T.);
#795=FACE_OUTER_BOUND('',#1008,.T.);
#796=FACE_OUTER_BOUND('',#1009,.T.);
#797=FACE_OUTER_BOUND('',#1010,.T.);
#798=FACE_OUTER_BOUND('',#1011,.T.);
#799=FACE_OUTER_BOUND('',#1012,.T.);
#800=FACE_OUTER_BOUND('',#1013,.T.);
#801=FACE_OUTER_BOUND('',#1014,.T.);
#802=FACE_OUTER_BOUND('',#1015,.T.);
#803=FACE_OUTER_BOUND('',#1016,.T.);
#804=FACE_OUTER_BOUND('',#1017,.T.);
#805=FACE_OUTER_BOUND('',#1018,.T.);
#806=FACE_OUTER_BOUND('',#1019,.T.);
#807=FACE_OUTER_BOUND('',#1020,.T.);
#808=FACE_OUTER_BOUND('',#1021,.T.);
#809=FACE_OUTER_BOUND('',#1022,.T.);
#810=FACE_OUTER_BOUND('',#1023,.T.);
#811=FACE_OUTER_BOUND('',#1024,.T.);
#812=FACE_OUTER_BOUND('',#1025,.T.);
#813=FACE_OUTER_BOUND('',#1026,.T.);
#814=FACE_OUTER_BOUND('',#1027,.T.);
#815=FACE_OUTER_BOUND('',#1028,.T.);
#816=FACE_OUTER_BOUND('',#1029,.T.);
#817=FACE_OUTER_BOUND('',#1030,.T.);
#818=FACE_OUTER_BOUND('',#1031,.T.);
#819=FACE_OUTER_BOUND('',#1032,.T.);
#820=FACE_OUTER_BOUND('',#1033,.T.);
#821=FACE_OUTER_BOUND('',#1034,.T.);
#822=FACE_OUTER_BOUND('',#1035,.T.);
#823=FACE_OUTER_BOUND('',#1036,.T.);
#824=FACE_OUTER_BOUND('',#1037,.T.);
#825=FACE_OUTER_BOUND('',#1038,.T.);
#826=FACE_OUTER_BOUND('',#1039,.T.);
#827=FACE_OUTER_BOUND('',#1040,.T.);
#828=FACE_OUTER_BOUND('',#1041,.T.);
#829=FACE_OUTER_BOUND('',#1042,.T.);
#830=FACE_OUTER_BOUND('',#1147,.T.);
#831=FACE_OUTER_BOUND('',#1148,.T.);
#832=FACE_OUTER_BOUND('',#1149,.T.);
#833=FACE_OUTER_BOUND('',#1156,.T.);
#834=FACE_OUTER_BOUND('',#1206,.T.);
#835=FACE_OUTER_BOUND('',#1236,.T.);
#836=FACE_OUTER_BOUND('',#1243,.T.);
#837=FACE_OUTER_BOUND('',#1244,.T.);
#838=FACE_OUTER_BOUND('',#1245,.T.);
#839=FACE_OUTER_BOUND('',#1253,.T.);
#840=FACE_OUTER_BOUND('',#1254,.T.);
#841=FACE_OUTER_BOUND('',#1255,.T.);
#842=FACE_OUTER_BOUND('',#1263,.T.);
#843=FACE_OUTER_BOUND('',#1264,.T.);
#844=FACE_OUTER_BOUND('',#1265,.T.);
#845=FACE_OUTER_BOUND('',#1266,.T.);
#846=FACE_OUTER_BOUND('',#1268,.T.);
#847=FACE_OUTER_BOUND('',#1270,.T.);
#848=FACE_OUTER_BOUND('',#1272,.T.);
#849=FACE_OUTER_BOUND('',#1274,.T.);
#850=FACE_OUTER_BOUND('',#1276,.T.);
#851=FACE_OUTER_BOUND('',#1278,.T.);
#852=FACE_OUTER_BOUND('',#1280,.T.);
#853=FACE_OUTER_BOUND('',#1282,.T.);
#854=FACE_OUTER_BOUND('',#1284,.T.);
#855=FACE_OUTER_BOUND('',#1286,.T.);
#856=FACE_OUTER_BOUND('',#1288,.T.);
#857=FACE_OUTER_BOUND('',#1290,.T.);
#858=FACE_OUTER_BOUND('',#1292,.T.);
#859=FACE_OUTER_BOUND('',#1294,.T.);
#860=FACE_OUTER_BOUND('',#1296,.T.);
#861=FACE_OUTER_BOUND('',#1298,.T.);
#862=FACE_OUTER_BOUND('',#1300,.T.);
#863=FACE_OUTER_BOUND('',#1302,.T.);
#864=FACE_OUTER_BOUND('',#1304,.T.);
#865=FACE_OUTER_BOUND('',#1306,.T.);
#866=FACE_OUTER_BOUND('',#1308,.T.);
#867=FACE_OUTER_BOUND('',#1310,.T.);
#868=FACE_OUTER_BOUND('',#1312,.T.);
#869=FACE_OUTER_BOUND('',#1314,.T.);
#870=FACE_OUTER_BOUND('',#1316,.T.);
#871=FACE_OUTER_BOUND('',#1318,.T.);
#872=FACE_OUTER_BOUND('',#1320,.T.);
#873=FACE_OUTER_BOUND('',#1322,.T.);
#874=FACE_OUTER_BOUND('',#1324,.T.);
#875=FACE_OUTER_BOUND('',#1325,.T.);
#876=EDGE_LOOP('',(#2774,#2775,#2776,#2777,#2778,#2779,#2780,#2781,#2782,
#2783,#2784,#2785,#2786,#2787,#2788,#2789,#2790,#2791,#2792,#2793,#2794,
#2795,#2796,#2797,#2798,#2799,#2800,#2801,#2802,#2803));
#877=EDGE_LOOP('',(#2804,#2805,#2806,#2807,#2808,#2809,#2810,#2811,#2812,
#2813,#2814,#2815,#2816,#2817,#2818,#2819,#2820,#2821,#2822,#2823,#2824,
#2825,#2826,#2827,#2828,#2829,#2830,#2831,#2832,#2833));
#878=EDGE_LOOP('',(#2834,#2835,#2836,#2837,#2838,#2839));
#879=EDGE_LOOP('',(#2840,#2841,#2842,#2843));
#880=EDGE_LOOP('',(#2844,#2845,#2846,#2847));
#881=EDGE_LOOP('',(#2848,#2849,#2850,#2851));
#882=EDGE_LOOP('',(#2852,#2853,#2854,#2855));
#883=EDGE_LOOP('',(#2856,#2857,#2858,#2859));
#884=EDGE_LOOP('',(#2860,#2861,#2862,#2863));
#885=EDGE_LOOP('',(#2864,#2865,#2866,#2867));
#886=EDGE_LOOP('',(#2868,#2869,#2870,#2871));
#887=EDGE_LOOP('',(#2872,#2873,#2874,#2875));
#888=EDGE_LOOP('',(#2876,#2877,#2878,#2879));
#889=EDGE_LOOP('',(#2880,#2881,#2882,#2883));
#890=EDGE_LOOP('',(#2884,#2885,#2886,#2887));
#891=EDGE_LOOP('',(#2888,#2889,#2890,#2891));
#892=EDGE_LOOP('',(#2892,#2893,#2894,#2895));
#893=EDGE_LOOP('',(#2896,#2897,#2898,#2899));
#894=EDGE_LOOP('',(#2900,#2901,#2902,#2903));
#895=EDGE_LOOP('',(#2904,#2905,#2906,#2907));
#896=EDGE_LOOP('',(#2908,#2909,#2910,#2911));
#897=EDGE_LOOP('',(#2912,#2913,#2914,#2915));
#898=EDGE_LOOP('',(#2916,#2917,#2918,#2919));
#899=EDGE_LOOP('',(#2920,#2921,#2922,#2923));
#900=EDGE_LOOP('',(#2924,#2925,#2926,#2927));
#901=EDGE_LOOP('',(#2928,#2929,#2930,#2931));
#902=EDGE_LOOP('',(#2932,#2933,#2934,#2935));
#903=EDGE_LOOP('',(#2936,#2937,#2938,#2939));
#904=EDGE_LOOP('',(#2940,#2941,#2942,#2943));
#905=EDGE_LOOP('',(#2944,#2945,#2946,#2947));
#906=EDGE_LOOP('',(#2948,#2949,#2950,#2951));
#907=EDGE_LOOP('',(#2952,#2953,#2954,#2955));
#908=EDGE_LOOP('',(#2956,#2957,#2958,#2959));
#909=EDGE_LOOP('',(#2960,#2961,#2962,#2963));
#910=EDGE_LOOP('',(#2964,#2965,#2966,#2967));
#911=EDGE_LOOP('',(#2968,#2969,#2970,#2971));
#912=EDGE_LOOP('',(#2972,#2973,#2974,#2975));
#913=EDGE_LOOP('',(#2976,#2977,#2978,#2979));
#914=EDGE_LOOP('',(#2980,#2981,#2982,#2983));
#915=EDGE_LOOP('',(#2984,#2985,#2986,#2987));
#916=EDGE_LOOP('',(#2988,#2989,#2990,#2991));
#917=EDGE_LOOP('',(#2992,#2993,#2994,#2995));
#918=EDGE_LOOP('',(#2996,#2997,#2998,#2999));
#919=EDGE_LOOP('',(#3000,#3001,#3002,#3003));
#920=EDGE_LOOP('',(#3004,#3005,#3006,#3007));
#921=EDGE_LOOP('',(#3008,#3009,#3010,#3011));
#922=EDGE_LOOP('',(#3012,#3013,#3014,#3015));
#923=EDGE_LOOP('',(#3016,#3017,#3018,#3019));
#924=EDGE_LOOP('',(#3020,#3021,#3022,#3023));
#925=EDGE_LOOP('',(#3024,#3025,#3026,#3027));
#926=EDGE_LOOP('',(#3028,#3029,#3030,#3031));
#927=EDGE_LOOP('',(#3032,#3033,#3034,#3035));
#928=EDGE_LOOP('',(#3036,#3037,#3038,#3039));
#929=EDGE_LOOP('',(#3040,#3041,#3042,#3043));
#930=EDGE_LOOP('',(#3044,#3045,#3046,#3047));
#931=EDGE_LOOP('',(#3048,#3049,#3050,#3051));
#932=EDGE_LOOP('',(#3052,#3053,#3054,#3055));
#933=EDGE_LOOP('',(#3056,#3057,#3058,#3059));
#934=EDGE_LOOP('',(#3060,#3061,#3062,#3063));
#935=EDGE_LOOP('',(#3064,#3065,#3066,#3067));
#936=EDGE_LOOP('',(#3068,#3069,#3070,#3071));
#937=EDGE_LOOP('',(#3072,#3073,#3074,#3075));
#938=EDGE_LOOP('',(#3076,#3077,#3078,#3079));
#939=EDGE_LOOP('',(#3080,#3081,#3082,#3083));
#940=EDGE_LOOP('',(#3084,#3085,#3086,#3087));
#941=EDGE_LOOP('',(#3088,#3089,#3090,#3091));
#942=EDGE_LOOP('',(#3092,#3093,#3094,#3095));
#943=EDGE_LOOP('',(#3096,#3097,#3098,#3099));
#944=EDGE_LOOP('',(#3100,#3101,#3102,#3103));
#945=EDGE_LOOP('',(#3104,#3105,#3106,#3107));
#946=EDGE_LOOP('',(#3108,#3109,#3110,#3111));
#947=EDGE_LOOP('',(#3112,#3113,#3114,#3115));
#948=EDGE_LOOP('',(#3116,#3117,#3118,#3119));
#949=EDGE_LOOP('',(#3120,#3121,#3122,#3123));
#950=EDGE_LOOP('',(#3124,#3125,#3126,#3127));
#951=EDGE_LOOP('',(#3128,#3129,#3130,#3131));
#952=EDGE_LOOP('',(#3132,#3133,#3134,#3135));
#953=EDGE_LOOP('',(#3136,#3137,#3138,#3139));
#954=EDGE_LOOP('',(#3140,#3141,#3142,#3143));
#955=EDGE_LOOP('',(#3144,#3145,#3146,#3147));
#956=EDGE_LOOP('',(#3148,#3149,#3150,#3151));
#957=EDGE_LOOP('',(#3152,#3153,#3154,#3155));
#958=EDGE_LOOP('',(#3156,#3157,#3158,#3159));
#959=EDGE_LOOP('',(#3160,#3161,#3162,#3163));
#960=EDGE_LOOP('',(#3164,#3165,#3166,#3167));
#961=EDGE_LOOP('',(#3168,#3169,#3170,#3171));
#962=EDGE_LOOP('',(#3172,#3173,#3174,#3175));
#963=EDGE_LOOP('',(#3176,#3177,#3178,#3179));
#964=EDGE_LOOP('',(#3180,#3181,#3182,#3183));
#965=EDGE_LOOP('',(#3184,#3185,#3186,#3187));
#966=EDGE_LOOP('',(#3188,#3189,#3190,#3191));
#967=EDGE_LOOP('',(#3192,#3193,#3194,#3195));
#968=EDGE_LOOP('',(#3196,#3197,#3198,#3199));
#969=EDGE_LOOP('',(#3200,#3201,#3202,#3203));
#970=EDGE_LOOP('',(#3204,#3205,#3206,#3207));
#971=EDGE_LOOP('',(#3208,#3209,#3210,#3211));
#972=EDGE_LOOP('',(#3212,#3213,#3214,#3215));
#973=EDGE_LOOP('',(#3216,#3217,#3218,#3219));
#974=EDGE_LOOP('',(#3220,#3221,#3222,#3223));
#975=EDGE_LOOP('',(#3224,#3225,#3226,#3227));
#976=EDGE_LOOP('',(#3228,#3229,#3230,#3231));
#977=EDGE_LOOP('',(#3232,#3233,#3234,#3235));
#978=EDGE_LOOP('',(#3236,#3237,#3238,#3239));
#979=EDGE_LOOP('',(#3240,#3241,#3242,#3243));
#980=EDGE_LOOP('',(#3244,#3245,#3246,#3247));
#981=EDGE_LOOP('',(#3248,#3249,#3250,#3251));
#982=EDGE_LOOP('',(#3252,#3253,#3254,#3255));
#983=EDGE_LOOP('',(#3256,#3257,#3258,#3259));
#984=EDGE_LOOP('',(#3260,#3261,#3262,#3263));
#985=EDGE_LOOP('',(#3264,#3265,#3266,#3267));
#986=EDGE_LOOP('',(#3268,#3269,#3270,#3271));
#987=EDGE_LOOP('',(#3272,#3273,#3274,#3275));
#988=EDGE_LOOP('',(#3276,#3277,#3278,#3279));
#989=EDGE_LOOP('',(#3280,#3281,#3282,#3283));
#990=EDGE_LOOP('',(#3284,#3285,#3286,#3287));
#991=EDGE_LOOP('',(#3288,#3289,#3290,#3291));
#992=EDGE_LOOP('',(#3292,#3293,#3294,#3295));
#993=EDGE_LOOP('',(#3296,#3297,#3298,#3299));
#994=EDGE_LOOP('',(#3300,#3301,#3302,#3303));
#995=EDGE_LOOP('',(#3304,#3305,#3306,#3307));
#996=EDGE_LOOP('',(#3308,#3309,#3310,#3311));
#997=EDGE_LOOP('',(#3312,#3313,#3314,#3315));
#998=EDGE_LOOP('',(#3316,#3317,#3318,#3319));
#999=EDGE_LOOP('',(#3320,#3321,#3322,#3323));
#1000=EDGE_LOOP('',(#3324,#3325,#3326,#3327));
#1001=EDGE_LOOP('',(#3328,#3329,#3330,#3331));
#1002=EDGE_LOOP('',(#3332,#3333,#3334,#3335));
#1003=EDGE_LOOP('',(#3336,#3337,#3338,#3339));
#1004=EDGE_LOOP('',(#3340,#3341,#3342,#3343));
#1005=EDGE_LOOP('',(#3344,#3345,#3346,#3347));
#1006=EDGE_LOOP('',(#3348,#3349,#3350,#3351));
#1007=EDGE_LOOP('',(#3352,#3353,#3354,#3355));
#1008=EDGE_LOOP('',(#3356,#3357,#3358,#3359));
#1009=EDGE_LOOP('',(#3360,#3361,#3362,#3363));
#1010=EDGE_LOOP('',(#3364,#3365,#3366,#3367));
#1011=EDGE_LOOP('',(#3368,#3369,#3370,#3371));
#1012=EDGE_LOOP('',(#3372,#3373,#3374,#3375));
#1013=EDGE_LOOP('',(#3376,#3377,#3378,#3379));
#1014=EDGE_LOOP('',(#3380,#3381,#3382,#3383));
#1015=EDGE_LOOP('',(#3384,#3385,#3386,#3387));
#1016=EDGE_LOOP('',(#3388,#3389,#3390,#3391));
#1017=EDGE_LOOP('',(#3392,#3393,#3394,#3395));
#1018=EDGE_LOOP('',(#3396,#3397,#3398,#3399));
#1019=EDGE_LOOP('',(#3400,#3401,#3402,#3403));
#1020=EDGE_LOOP('',(#3404,#3405,#3406,#3407));
#1021=EDGE_LOOP('',(#3408,#3409,#3410,#3411));
#1022=EDGE_LOOP('',(#3412,#3413,#3414,#3415));
#1023=EDGE_LOOP('',(#3416,#3417,#3418,#3419));
#1024=EDGE_LOOP('',(#3420,#3421,#3422,#3423));
#1025=EDGE_LOOP('',(#3424,#3425,#3426,#3427));
#1026=EDGE_LOOP('',(#3428,#3429,#3430,#3431));
#1027=EDGE_LOOP('',(#3432,#3433,#3434,#3435));
#1028=EDGE_LOOP('',(#3436,#3437,#3438,#3439));
#1029=EDGE_LOOP('',(#3440,#3441,#3442,#3443));
#1030=EDGE_LOOP('',(#3444,#3445,#3446,#3447));
#1031=EDGE_LOOP('',(#3448,#3449,#3450,#3451));
#1032=EDGE_LOOP('',(#3452,#3453,#3454,#3455));
#1033=EDGE_LOOP('',(#3456,#3457,#3458,#3459));
#1034=EDGE_LOOP('',(#3460,#3461,#3462,#3463));
#1035=EDGE_LOOP('',(#3464,#3465,#3466,#3467));
#1036=EDGE_LOOP('',(#3468,#3469,#3470,#3471));
#1037=EDGE_LOOP('',(#3472,#3473,#3474,#3475));
#1038=EDGE_LOOP('',(#3476,#3477,#3478,#3479));
#1039=EDGE_LOOP('',(#3480,#3481,#3482,#3483));
#1040=EDGE_LOOP('',(#3484,#3485,#3486,#3487));
#1041=EDGE_LOOP('',(#3488,#3489,#3490,#3491));
#1042=EDGE_LOOP('',(#3492,#3493,#3494,#3495));
#1043=EDGE_LOOP('',(#3496));
#1044=EDGE_LOOP('',(#3497));
#1045=EDGE_LOOP('',(#3498));
#1046=EDGE_LOOP('',(#3499));
#1047=EDGE_LOOP('',(#3500));
#1048=EDGE_LOOP('',(#3501));
#1049=EDGE_LOOP('',(#3502));
#1050=EDGE_LOOP('',(#3503));
#1051=EDGE_LOOP('',(#3504));
#1052=EDGE_LOOP('',(#3505));
#1053=EDGE_LOOP('',(#3506));
#1054=EDGE_LOOP('',(#3507));
#1055=EDGE_LOOP('',(#3508));
#1056=EDGE_LOOP('',(#3509));
#1057=EDGE_LOOP('',(#3510));
#1058=EDGE_LOOP('',(#3511));
#1059=EDGE_LOOP('',(#3512));
#1060=EDGE_LOOP('',(#3513));
#1061=EDGE_LOOP('',(#3514));
#1062=EDGE_LOOP('',(#3515));
#1063=EDGE_LOOP('',(#3516));
#1064=EDGE_LOOP('',(#3517));
#1065=EDGE_LOOP('',(#3518));
#1066=EDGE_LOOP('',(#3519));
#1067=EDGE_LOOP('',(#3520));
#1068=EDGE_LOOP('',(#3521));
#1069=EDGE_LOOP('',(#3522));
#1070=EDGE_LOOP('',(#3523));
#1071=EDGE_LOOP('',(#3524));
#1072=EDGE_LOOP('',(#3525));
#1073=EDGE_LOOP('',(#3526));
#1074=EDGE_LOOP('',(#3527));
#1075=EDGE_LOOP('',(#3528));
#1076=EDGE_LOOP('',(#3529));
#1077=EDGE_LOOP('',(#3530));
#1078=EDGE_LOOP('',(#3531));
#1079=EDGE_LOOP('',(#3532));
#1080=EDGE_LOOP('',(#3533));
#1081=EDGE_LOOP('',(#3534));
#1082=EDGE_LOOP('',(#3535));
#1083=EDGE_LOOP('',(#3536));
#1084=EDGE_LOOP('',(#3537));
#1085=EDGE_LOOP('',(#3538));
#1086=EDGE_LOOP('',(#3539));
#1087=EDGE_LOOP('',(#3540));
#1088=EDGE_LOOP('',(#3541));
#1089=EDGE_LOOP('',(#3542));
#1090=EDGE_LOOP('',(#3543));
#1091=EDGE_LOOP('',(#3544));
#1092=EDGE_LOOP('',(#3545));
#1093=EDGE_LOOP('',(#3546));
#1094=EDGE_LOOP('',(#3547));
#1095=EDGE_LOOP('',(#3548));
#1096=EDGE_LOOP('',(#3549));
#1097=EDGE_LOOP('',(#3550));
#1098=EDGE_LOOP('',(#3551));
#1099=EDGE_LOOP('',(#3552));
#1100=EDGE_LOOP('',(#3553));
#1101=EDGE_LOOP('',(#3554));
#1102=EDGE_LOOP('',(#3555));
#1103=EDGE_LOOP('',(#3556));
#1104=EDGE_LOOP('',(#3557));
#1105=EDGE_LOOP('',(#3558));
#1106=EDGE_LOOP('',(#3559));
#1107=EDGE_LOOP('',(#3560));
#1108=EDGE_LOOP('',(#3561));
#1109=EDGE_LOOP('',(#3562));
#1110=EDGE_LOOP('',(#3563));
#1111=EDGE_LOOP('',(#3564));
#1112=EDGE_LOOP('',(#3565));
#1113=EDGE_LOOP('',(#3566));
#1114=EDGE_LOOP('',(#3567));
#1115=EDGE_LOOP('',(#3568));
#1116=EDGE_LOOP('',(#3569));
#1117=EDGE_LOOP('',(#3570));
#1118=EDGE_LOOP('',(#3571));
#1119=EDGE_LOOP('',(#3572));
#1120=EDGE_LOOP('',(#3573));
#1121=EDGE_LOOP('',(#3574));
#1122=EDGE_LOOP('',(#3575));
#1123=EDGE_LOOP('',(#3576));
#1124=EDGE_LOOP('',(#3577));
#1125=EDGE_LOOP('',(#3578));
#1126=EDGE_LOOP('',(#3579));
#1127=EDGE_LOOP('',(#3580));
#1128=EDGE_LOOP('',(#3581));
#1129=EDGE_LOOP('',(#3582));
#1130=EDGE_LOOP('',(#3583));
#1131=EDGE_LOOP('',(#3584));
#1132=EDGE_LOOP('',(#3585));
#1133=EDGE_LOOP('',(#3586));
#1134=EDGE_LOOP('',(#3587));
#1135=EDGE_LOOP('',(#3588));
#1136=EDGE_LOOP('',(#3589));
#1137=EDGE_LOOP('',(#3590));
#1138=EDGE_LOOP('',(#3591));
#1139=EDGE_LOOP('',(#3592));
#1140=EDGE_LOOP('',(#3593));
#1141=EDGE_LOOP('',(#3594));
#1142=EDGE_LOOP('',(#3595));
#1143=EDGE_LOOP('',(#3596));
#1144=EDGE_LOOP('',(#3597));
#1145=EDGE_LOOP('',(#3598));
#1146=EDGE_LOOP('',(#3599));
#1147=EDGE_LOOP('',(#3600,#3601,#3602,#3603,#3604,#3605,#3606,#3607,#3608,
#3609,#3610,#3611,#3612,#3613,#3614,#3615));
#1148=EDGE_LOOP('',(#3616,#3617,#3618,#3619,#3620,#3621,#3622,#3623,#3624,
#3625,#3626,#3627));
#1149=EDGE_LOOP('',(#3628,#3629,#3630,#3631));
#1150=EDGE_LOOP('',(#3632));
#1151=EDGE_LOOP('',(#3633));
#1152=EDGE_LOOP('',(#3634));
#1153=EDGE_LOOP('',(#3635));
#1154=EDGE_LOOP('',(#3636));
#1155=EDGE_LOOP('',(#3637));
#1156=EDGE_LOOP('',(#3638,#3639,#3640,#3641,#3642,#3643,#3644,#3645));
#1157=EDGE_LOOP('',(#3646));
#1158=EDGE_LOOP('',(#3647));
#1159=EDGE_LOOP('',(#3648));
#1160=EDGE_LOOP('',(#3649));
#1161=EDGE_LOOP('',(#3650));
#1162=EDGE_LOOP('',(#3651));
#1163=EDGE_LOOP('',(#3652));
#1164=EDGE_LOOP('',(#3653));
#1165=EDGE_LOOP('',(#3654));
#1166=EDGE_LOOP('',(#3655));
#1167=EDGE_LOOP('',(#3656));
#1168=EDGE_LOOP('',(#3657));
#1169=EDGE_LOOP('',(#3658));
#1170=EDGE_LOOP('',(#3659));
#1171=EDGE_LOOP('',(#3660));
#1172=EDGE_LOOP('',(#3661));
#1173=EDGE_LOOP('',(#3662));
#1174=EDGE_LOOP('',(#3663));
#1175=EDGE_LOOP('',(#3664));
#1176=EDGE_LOOP('',(#3665));
#1177=EDGE_LOOP('',(#3666));
#1178=EDGE_LOOP('',(#3667));
#1179=EDGE_LOOP('',(#3668));
#1180=EDGE_LOOP('',(#3669));
#1181=EDGE_LOOP('',(#3670));
#1182=EDGE_LOOP('',(#3671));
#1183=EDGE_LOOP('',(#3672));
#1184=EDGE_LOOP('',(#3673));
#1185=EDGE_LOOP('',(#3674));
#1186=EDGE_LOOP('',(#3675));
#1187=EDGE_LOOP('',(#3676));
#1188=EDGE_LOOP('',(#3677));
#1189=EDGE_LOOP('',(#3678));
#1190=EDGE_LOOP('',(#3679));
#1191=EDGE_LOOP('',(#3680));
#1192=EDGE_LOOP('',(#3681));
#1193=EDGE_LOOP('',(#3682));
#1194=EDGE_LOOP('',(#3683));
#1195=EDGE_LOOP('',(#3684));
#1196=EDGE_LOOP('',(#3685));
#1197=EDGE_LOOP('',(#3686));
#1198=EDGE_LOOP('',(#3687));
#1199=EDGE_LOOP('',(#3688));
#1200=EDGE_LOOP('',(#3689));
#1201=EDGE_LOOP('',(#3690));
#1202=EDGE_LOOP('',(#3691));
#1203=EDGE_LOOP('',(#3692));
#1204=EDGE_LOOP('',(#3693));
#1205=EDGE_LOOP('',(#3694));
#1206=EDGE_LOOP('',(#3695,#3696,#3697,#3698));
#1207=EDGE_LOOP('',(#3699));
#1208=EDGE_LOOP('',(#3700));
#1209=EDGE_LOOP('',(#3701));
#1210=EDGE_LOOP('',(#3702));
#1211=EDGE_LOOP('',(#3703));
#1212=EDGE_LOOP('',(#3704));
#1213=EDGE_LOOP('',(#3705));
#1214=EDGE_LOOP('',(#3706));
#1215=EDGE_LOOP('',(#3707));
#1216=EDGE_LOOP('',(#3708));
#1217=EDGE_LOOP('',(#3709));
#1218=EDGE_LOOP('',(#3710));
#1219=EDGE_LOOP('',(#3711));
#1220=EDGE_LOOP('',(#3712));
#1221=EDGE_LOOP('',(#3713));
#1222=EDGE_LOOP('',(#3714));
#1223=EDGE_LOOP('',(#3715));
#1224=EDGE_LOOP('',(#3716));
#1225=EDGE_LOOP('',(#3717));
#1226=EDGE_LOOP('',(#3718));
#1227=EDGE_LOOP('',(#3719));
#1228=EDGE_LOOP('',(#3720));
#1229=EDGE_LOOP('',(#3721));
#1230=EDGE_LOOP('',(#3722));
#1231=EDGE_LOOP('',(#3723));
#1232=EDGE_LOOP('',(#3724));
#1233=EDGE_LOOP('',(#3725));
#1234=EDGE_LOOP('',(#3726));
#1235=EDGE_LOOP('',(#3727));
#1236=EDGE_LOOP('',(#3728,#3729,#3730,#3731));
#1237=EDGE_LOOP('',(#3732));
#1238=EDGE_LOOP('',(#3733));
#1239=EDGE_LOOP('',(#3734));
#1240=EDGE_LOOP('',(#3735));
#1241=EDGE_LOOP('',(#3736));
#1242=EDGE_LOOP('',(#3737));
#1243=EDGE_LOOP('',(#3738,#3739,#3740,#3741));
#1244=EDGE_LOOP('',(#3742,#3743,#3744,#3745));
#1245=EDGE_LOOP('',(#3746,#3747,#3748,#3749));
#1246=EDGE_LOOP('',(#3750));
#1247=EDGE_LOOP('',(#3751));
#1248=EDGE_LOOP('',(#3752));
#1249=EDGE_LOOP('',(#3753));
#1250=EDGE_LOOP('',(#3754));
#1251=EDGE_LOOP('',(#3755));
#1252=EDGE_LOOP('',(#3756));
#1253=EDGE_LOOP('',(#3757,#3758,#3759,#3760));
#1254=EDGE_LOOP('',(#3761,#3762,#3763,#3764));
#1255=EDGE_LOOP('',(#3765,#3766,#3767,#3768));
#1256=EDGE_LOOP('',(#3769));
#1257=EDGE_LOOP('',(#3770));
#1258=EDGE_LOOP('',(#3771));
#1259=EDGE_LOOP('',(#3772));
#1260=EDGE_LOOP('',(#3773));
#1261=EDGE_LOOP('',(#3774));
#1262=EDGE_LOOP('',(#3775));
#1263=EDGE_LOOP('',(#3776,#3777,#3778,#3779));
#1264=EDGE_LOOP('',(#3780,#3781,#3782,#3783));
#1265=EDGE_LOOP('',(#3784,#3785,#3786,#3787));
#1266=EDGE_LOOP('',(#3788));
#1267=EDGE_LOOP('',(#3789));
#1268=EDGE_LOOP('',(#3790));
#1269=EDGE_LOOP('',(#3791));
#1270=EDGE_LOOP('',(#3792));
#1271=EDGE_LOOP('',(#3793));
#1272=EDGE_LOOP('',(#3794));
#1273=EDGE_LOOP('',(#3795));
#1274=EDGE_LOOP('',(#3796));
#1275=EDGE_LOOP('',(#3797));
#1276=EDGE_LOOP('',(#3798));
#1277=EDGE_LOOP('',(#3799));
#1278=EDGE_LOOP('',(#3800));
#1279=EDGE_LOOP('',(#3801));
#1280=EDGE_LOOP('',(#3802));
#1281=EDGE_LOOP('',(#3803));
#1282=EDGE_LOOP('',(#3804));
#1283=EDGE_LOOP('',(#3805));
#1284=EDGE_LOOP('',(#3806));
#1285=EDGE_LOOP('',(#3807));
#1286=EDGE_LOOP('',(#3808));
#1287=EDGE_LOOP('',(#3809));
#1288=EDGE_LOOP('',(#3810));
#1289=EDGE_LOOP('',(#3811));
#1290=EDGE_LOOP('',(#3812));
#1291=EDGE_LOOP('',(#3813));
#1292=EDGE_LOOP('',(#3814));
#1293=EDGE_LOOP('',(#3815));
#1294=EDGE_LOOP('',(#3816));
#1295=EDGE_LOOP('',(#3817));
#1296=EDGE_LOOP('',(#3818));
#1297=EDGE_LOOP('',(#3819));
#1298=EDGE_LOOP('',(#3820));
#1299=EDGE_LOOP('',(#3821));
#1300=EDGE_LOOP('',(#3822));
#1301=EDGE_LOOP('',(#3823));
#1302=EDGE_LOOP('',(#3824));
#1303=EDGE_LOOP('',(#3825));
#1304=EDGE_LOOP('',(#3826));
#1305=EDGE_LOOP('',(#3827));
#1306=EDGE_LOOP('',(#3828));
#1307=EDGE_LOOP('',(#3829));
#1308=EDGE_LOOP('',(#3830));
#1309=EDGE_LOOP('',(#3831));
#1310=EDGE_LOOP('',(#3832));
#1311=EDGE_LOOP('',(#3833));
#1312=EDGE_LOOP('',(#3834));
#1313=EDGE_LOOP('',(#3835));
#1314=EDGE_LOOP('',(#3836));
#1315=EDGE_LOOP('',(#3837));
#1316=EDGE_LOOP('',(#3838));
#1317=EDGE_LOOP('',(#3839));
#1318=EDGE_LOOP('',(#3840));
#1319=EDGE_LOOP('',(#3841));
#1320=EDGE_LOOP('',(#3842));
#1321=EDGE_LOOP('',(#3843));
#1322=EDGE_LOOP('',(#3844));
#1323=EDGE_LOOP('',(#3845));
#1324=EDGE_LOOP('',(#3846,#3847,#3848,#3849));
#1325=EDGE_LOOP('',(#3850,#3851,#3852,#3853));
#1326=LINE('',#5903,#1600);
#1327=LINE('',#5905,#1601);
#1328=LINE('',#5907,#1602);
#1329=LINE('',#5909,#1603);
#1330=LINE('',#5911,#1604);
#1331=LINE('',#5913,#1605);
#1332=LINE('',#5915,#1606);
#1333=LINE('',#5917,#1607);
#1334=LINE('',#5919,#1608);
#1335=LINE('',#5921,#1609);
#1336=LINE('',#5923,#1610);
#1337=LINE('',#5925,#1611);
#1338=LINE('',#5927,#1612);
#1339=LINE('',#5929,#1613);
#1340=LINE('',#5931,#1614);
#1341=LINE('',#5933,#1615);
#1342=LINE('',#5935,#1616);
#1343=LINE('',#5937,#1617);
#1344=LINE('',#5939,#1618);
#1345=LINE('',#5941,#1619);
#1346=LINE('',#5943,#1620);
#1347=LINE('',#5945,#1621);
#1348=LINE('',#5947,#1622);
#1349=LINE('',#5949,#1623);
#1350=LINE('',#5951,#1624);
#1351=LINE('',#5953,#1625);
#1352=LINE('',#5955,#1626);
#1353=LINE('',#5957,#1627);
#1354=LINE('',#5959,#1628);
#1355=LINE('',#5960,#1629);
#1356=LINE('',#5964,#1630);
#1357=LINE('',#5966,#1631);
#1358=LINE('',#5968,#1632);
#1359=LINE('',#5969,#1633);
#1360=LINE('',#5971,#1634);
#1361=LINE('',#5973,#1635);
#1362=LINE('',#5974,#1636);
#1363=LINE('',#5976,#1637);
#1364=LINE('',#5978,#1638);
#1365=LINE('',#5979,#1639);
#1366=LINE('',#5981,#1640);
#1367=LINE('',#5983,#1641);
#1368=LINE('',#5984,#1642);
#1369=LINE('',#5986,#1643);
#1370=LINE('',#5988,#1644);
#1371=LINE('',#5989,#1645);
#1372=LINE('',#5991,#1646);
#1373=LINE('',#5993,#1647);
#1374=LINE('',#5994,#1648);
#1375=LINE('',#5996,#1649);
#1376=LINE('',#5998,#1650);
#1377=LINE('',#5999,#1651);
#1378=LINE('',#6000,#1652);
#1379=LINE('',#6003,#1653);
#1380=LINE('',#6004,#1654);
#1381=LINE('',#6006,#1655);
#1382=LINE('',#6007,#1656);
#1383=LINE('',#6010,#1657);
#1384=LINE('',#6011,#1658);
#1385=LINE('',#6013,#1659);
#1386=LINE('',#6017,#1660);
#1387=LINE('',#6018,#1661);
#1388=LINE('',#6020,#1662);
#1389=LINE('',#6024,#1663);
#1390=LINE('',#6025,#1664);
#1391=LINE('',#6028,#1665);
#1392=LINE('',#6029,#1666);
#1393=LINE('',#6031,#1667);
#1394=LINE('',#6035,#1668);
#1395=LINE('',#6036,#1669);
#1396=LINE('',#6039,#1670);
#1397=LINE('',#6040,#1671);
#1398=LINE('',#6042,#1672);
#1399=LINE('',#6046,#1673);
#1400=LINE('',#6047,#1674);
#1401=LINE('',#6050,#1675);
#1402=LINE('',#6051,#1676);
#1403=LINE('',#6053,#1677);
#1404=LINE('',#6057,#1678);
#1405=LINE('',#6058,#1679);
#1406=LINE('',#6061,#1680);
#1407=LINE('',#6062,#1681);
#1408=LINE('',#6064,#1682);
#1409=LINE('',#6068,#1683);
#1410=LINE('',#6069,#1684);
#1411=LINE('',#6072,#1685);
#1412=LINE('',#6073,#1686);
#1413=LINE('',#6075,#1687);
#1414=LINE('',#6079,#1688);
#1415=LINE('',#6080,#1689);
#1416=LINE('',#6083,#1690);
#1417=LINE('',#6084,#1691);
#1418=LINE('',#6086,#1692);
#1419=LINE('',#6093,#1693);
#1420=LINE('',#6099,#1694);
#1421=LINE('',#6105,#1695);
#1422=LINE('',#6111,#1696);
#1423=LINE('',#6117,#1697);
#1424=LINE('',#6123,#1698);
#1425=LINE('',#6129,#1699);
#1426=LINE('',#6135,#1700);
#1427=LINE('',#6141,#1701);
#1428=LINE('',#6147,#1702);
#1429=LINE('',#6153,#1703);
#1430=LINE('',#6159,#1704);
#1431=LINE('',#6165,#1705);
#1432=LINE('',#6171,#1706);
#1433=LINE('',#6177,#1707);
#1434=LINE('',#6183,#1708);
#1435=LINE('',#6189,#1709);
#1436=LINE('',#6195,#1710);
#1437=LINE('',#6201,#1711);
#1438=LINE('',#6207,#1712);
#1439=LINE('',#6213,#1713);
#1440=LINE('',#6219,#1714);
#1441=LINE('',#6225,#1715);
#1442=LINE('',#6231,#1716);
#1443=LINE('',#6237,#1717);
#1444=LINE('',#6243,#1718);
#1445=LINE('',#6249,#1719);
#1446=LINE('',#6255,#1720);
#1447=LINE('',#6261,#1721);
#1448=LINE('',#6267,#1722);
#1449=LINE('',#6273,#1723);
#1450=LINE('',#6279,#1724);
#1451=LINE('',#6285,#1725);
#1452=LINE('',#6291,#1726);
#1453=LINE('',#6297,#1727);
#1454=LINE('',#6303,#1728);
#1455=LINE('',#6309,#1729);
#1456=LINE('',#6315,#1730);
#1457=LINE('',#6321,#1731);
#1458=LINE('',#6327,#1732);
#1459=LINE('',#6333,#1733);
#1460=LINE('',#6339,#1734);
#1461=LINE('',#6345,#1735);
#1462=LINE('',#6351,#1736);
#1463=LINE('',#6357,#1737);
#1464=LINE('',#6363,#1738);
#1465=LINE('',#6369,#1739);
#1466=LINE('',#6375,#1740);
#1467=LINE('',#6381,#1741);
#1468=LINE('',#6387,#1742);
#1469=LINE('',#6393,#1743);
#1470=LINE('',#6399,#1744);
#1471=LINE('',#6405,#1745);
#1472=LINE('',#6411,#1746);
#1473=LINE('',#6417,#1747);
#1474=LINE('',#6423,#1748);
#1475=LINE('',#6429,#1749);
#1476=LINE('',#6435,#1750);
#1477=LINE('',#6441,#1751);
#1478=LINE('',#6447,#1752);
#1479=LINE('',#6453,#1753);
#1480=LINE('',#6459,#1754);
#1481=LINE('',#6465,#1755);
#1482=LINE('',#6471,#1756);
#1483=LINE('',#6477,#1757);
#1484=LINE('',#6483,#1758);
#1485=LINE('',#6489,#1759);
#1486=LINE('',#6495,#1760);
#1487=LINE('',#6501,#1761);
#1488=LINE('',#6507,#1762);
#1489=LINE('',#6513,#1763);
#1490=LINE('',#6519,#1764);
#1491=LINE('',#6525,#1765);
#1492=LINE('',#6531,#1766);
#1493=LINE('',#6537,#1767);
#1494=LINE('',#6543,#1768);
#1495=LINE('',#6549,#1769);
#1496=LINE('',#6555,#1770);
#1497=LINE('',#6561,#1771);
#1498=LINE('',#6567,#1772);
#1499=LINE('',#6573,#1773);
#1500=LINE('',#6579,#1774);
#1501=LINE('',#6585,#1775);
#1502=LINE('',#6591,#1776);
#1503=LINE('',#6597,#1777);
#1504=LINE('',#6603,#1778);
#1505=LINE('',#6609,#1779);
#1506=LINE('',#6615,#1780);
#1507=LINE('',#6621,#1781);
#1508=LINE('',#6627,#1782);
#1509=LINE('',#6633,#1783);
#1510=LINE('',#6639,#1784);
#1511=LINE('',#6645,#1785);
#1512=LINE('',#6651,#1786);
#1513=LINE('',#6657,#1787);
#1514=LINE('',#6663,#1788);
#1515=LINE('',#6669,#1789);
#1516=LINE('',#6675,#1790);
#1517=LINE('',#6681,#1791);
#1518=LINE('',#6687,#1792);
#1519=LINE('',#6693,#1793);
#1520=LINE('',#6699,#1794);
#1521=LINE('',#6705,#1795);
#1522=LINE('',#6711,#1796);
#1523=LINE('',#6717,#1797);
#1524=LINE('',#6723,#1798);
#1525=LINE('',#6729,#1799);
#1526=LINE('',#6735,#1800);
#1527=LINE('',#6741,#1801);
#1528=LINE('',#6747,#1802);
#1529=LINE('',#6753,#1803);
#1530=LINE('',#6759,#1804);
#1531=LINE('',#6765,#1805);
#1532=LINE('',#6771,#1806);
#1533=LINE('',#6777,#1807);
#1534=LINE('',#6783,#1808);
#1535=LINE('',#6789,#1809);
#1536=LINE('',#6795,#1810);
#1537=LINE('',#6801,#1811);
#1538=LINE('',#6807,#1812);
#1539=LINE('',#6813,#1813);
#1540=LINE('',#6819,#1814);
#1541=LINE('',#6825,#1815);
#1542=LINE('',#6831,#1816);
#1543=LINE('',#6837,#1817);
#1544=LINE('',#6843,#1818);
#1545=LINE('',#6849,#1819);
#1546=LINE('',#6855,#1820);
#1547=LINE('',#6861,#1821);
#1548=LINE('',#6867,#1822);
#1549=LINE('',#6873,#1823);
#1550=LINE('',#6879,#1824);
#1551=LINE('',#6885,#1825);
#1552=LINE('',#6890,#1826);
#1553=LINE('',#6892,#1827);
#1554=LINE('',#6894,#1828);
#1555=LINE('',#6895,#1829);
#1556=LINE('',#6898,#1830);
#1557=LINE('',#6900,#1831);
#1558=LINE('',#6902,#1832);
#1559=LINE('',#6904,#1833);
#1560=LINE('',#6906,#1834);
#1561=LINE('',#6908,#1835);
#1562=LINE('',#6910,#1836);
#1563=LINE('',#6912,#1837);
#1564=LINE('',#6914,#1838);
#1565=LINE('',#6916,#1839);
#1566=LINE('',#6918,#1840);
#1567=LINE('',#6920,#1841);
#1568=LINE('',#6922,#1842);
#1569=LINE('',#6924,#1843);
#1570=LINE('',#6925,#1844);
#1571=LINE('',#6928,#1845);
#1572=LINE('',#6930,#1846);
#1573=LINE('',#6932,#1847);
#1574=LINE('',#6934,#1848);
#1575=LINE('',#6936,#1849);
#1576=LINE('',#6938,#1850);
#1577=LINE('',#6940,#1851);
#1578=LINE('',#6942,#1852);
#1579=LINE('',#6944,#1853);
#1580=LINE('',#6946,#1854);
#1581=LINE('',#6947,#1855);
#1582=LINE('',#6949,#1856);
#1583=LINE('',#6950,#1857);
#1584=LINE('',#6953,#1858);
#1585=LINE('',#6955,#1859);
#1586=LINE('',#6956,#1860);
#1587=LINE('',#6957,#1861);
#1588=LINE('',#6958,#1862);
#1589=LINE('',#6961,#1863);
#1590=LINE('',#6963,#1864);
#1591=LINE('',#6964,#1865);
#1592=LINE('',#6966,#1866);
#1593=LINE('',#6967,#1867);
#1594=LINE('',#6969,#1868);
#1595=LINE('',#6971,#1869);
#1596=LINE('',#6974,#1870);
#1597=LINE('',#6976,#1871);
#1598=LINE('',#6979,#1872);
#1599=LINE('',#6981,#1873);
#1600=VECTOR('',#4662,1000.);
#1601=VECTOR('',#4663,1000.);
#1602=VECTOR('',#4664,1000.);
#1603=VECTOR('',#4665,1000.);
#1604=VECTOR('',#4666,1000.);
#1605=VECTOR('',#4667,1000.);
#1606=VECTOR('',#4668,1000.);
#1607=VECTOR('',#4669,1000.);
#1608=VECTOR('',#4670,1000.);
#1609=VECTOR('',#4671,1000.);
#1610=VECTOR('',#4672,1000.);
#1611=VECTOR('',#4673,1000.);
#1612=VECTOR('',#4674,1000.);
#1613=VECTOR('',#4675,1000.);
#1614=VECTOR('',#4676,1000.);
#1615=VECTOR('',#4677,1000.);
#1616=VECTOR('',#4678,1000.);
#1617=VECTOR('',#4679,1000.);
#1618=VECTOR('',#4680,1000.);
#1619=VECTOR('',#4681,1000.);
#1620=VECTOR('',#4682,1000.);
#1621=VECTOR('',#4683,1000.);
#1622=VECTOR('',#4684,1000.);
#1623=VECTOR('',#4685,1000.);
#1624=VECTOR('',#4686,1000.);
#1625=VECTOR('',#4687,1000.);
#1626=VECTOR('',#4688,1000.);
#1627=VECTOR('',#4689,1000.);
#1628=VECTOR('',#4690,1000.);
#1629=VECTOR('',#4691,1000.);
#1630=VECTOR('',#4694,1000.);
#1631=VECTOR('',#4695,1000.);
#1632=VECTOR('',#4696,1000.);
#1633=VECTOR('',#4697,1000.);
#1634=VECTOR('',#4698,1000.);
#1635=VECTOR('',#4699,1000.);
#1636=VECTOR('',#4700,1000.);
#1637=VECTOR('',#4701,1000.);
#1638=VECTOR('',#4702,1000.);
#1639=VECTOR('',#4703,1000.);
#1640=VECTOR('',#4704,1000.);
#1641=VECTOR('',#4705,1000.);
#1642=VECTOR('',#4706,1000.);
#1643=VECTOR('',#4707,1000.);
#1644=VECTOR('',#4708,1000.);
#1645=VECTOR('',#4709,1000.);
#1646=VECTOR('',#4710,1000.);
#1647=VECTOR('',#4711,1000.);
#1648=VECTOR('',#4712,1000.);
#1649=VECTOR('',#4713,1000.);
#1650=VECTOR('',#4714,1000.);
#1651=VECTOR('',#4715,1000.);
#1652=VECTOR('',#4716,1000.);
#1653=VECTOR('',#4719,1000.);
#1654=VECTOR('',#4720,1000.);
#1655=VECTOR('',#4721,1000.);
#1656=VECTOR('',#4722,1000.);
#1657=VECTOR('',#4725,1000.);
#1658=VECTOR('',#4726,1000.);
#1659=VECTOR('',#4729,1000.);
#1660=VECTOR('',#4734,1000.);
#1661=VECTOR('',#4735,1000.);
#1662=VECTOR('',#4738,1000.);
#1663=VECTOR('',#4743,1000.);
#1664=VECTOR('',#4744,1000.);
#1665=VECTOR('',#4747,1000.);
#1666=VECTOR('',#4748,1000.);
#1667=VECTOR('',#4751,1000.);
#1668=VECTOR('',#4756,1000.);
#1669=VECTOR('',#4757,1000.);
#1670=VECTOR('',#4760,1000.);
#1671=VECTOR('',#4761,1000.);
#1672=VECTOR('',#4764,1000.);
#1673=VECTOR('',#4769,1000.);
#1674=VECTOR('',#4770,1000.);
#1675=VECTOR('',#4773,1000.);
#1676=VECTOR('',#4774,1000.);
#1677=VECTOR('',#4777,1000.);
#1678=VECTOR('',#4782,1000.);
#1679=VECTOR('',#4783,1000.);
#1680=VECTOR('',#4786,1000.);
#1681=VECTOR('',#4787,1000.);
#1682=VECTOR('',#4790,1000.);
#1683=VECTOR('',#4795,1000.);
#1684=VECTOR('',#4796,1000.);
#1685=VECTOR('',#4799,1000.);
#1686=VECTOR('',#4800,1000.);
#1687=VECTOR('',#4803,1000.);
#1688=VECTOR('',#4808,1000.);
#1689=VECTOR('',#4809,1000.);
#1690=VECTOR('',#4812,1000.);
#1691=VECTOR('',#4813,1000.);
#1692=VECTOR('',#4816,1000.);
#1693=VECTOR('',#4825,6.60000000000002);
#1694=VECTOR('',#4832,6.60000000000002);
#1695=VECTOR('',#4839,6.60000000000005);
#1696=VECTOR('',#4846,6.60000000000005);
#1697=VECTOR('',#4853,6.60000000000005);
#1698=VECTOR('',#4860,6.60000000000002);
#1699=VECTOR('',#4867,6.60000000000002);
#1700=VECTOR('',#4874,6.60000000000002);
#1701=VECTOR('',#4881,6.60000000000002);
#1702=VECTOR('',#4888,6.60000000000005);
#1703=VECTOR('',#4895,6.60000000000005);
#1704=VECTOR('',#4902,6.60000000000005);
#1705=VECTOR('',#4909,6.60000000000002);
#1706=VECTOR('',#4916,6.60000000000002);
#1707=VECTOR('',#4923,6.60000000000002);
#1708=VECTOR('',#4930,6.60000000000002);
#1709=VECTOR('',#4937,6.60000000000002);
#1710=VECTOR('',#4944,6.60000000000002);
#1711=VECTOR('',#4951,6.60000000000002);
#1712=VECTOR('',#4958,6.60000000000002);
#1713=VECTOR('',#4965,6.60000000000002);
#1714=VECTOR('',#4972,7.00000000000012);
#1715=VECTOR('',#4979,7.00000000000017);
#1716=VECTOR('',#4986,7.00000000000023);
#1717=VECTOR('',#4993,7.00000000000012);
#1718=VECTOR('',#5000,5.20000000663218);
#1719=VECTOR('',#5007,5.20000000663218);
#1720=VECTOR('',#5014,5.20000000663218);
#1721=VECTOR('',#5021,5.20000000663218);
#1722=VECTOR('',#5028,5.20000000663218);
#1723=VECTOR('',#5035,5.20000000663218);
#1724=VECTOR('',#5042,5.20000000663218);
#1725=VECTOR('',#5049,5.20000000663218);
#1726=VECTOR('',#5056,3.3999999999999);
#1727=VECTOR('',#5063,3.3999999999999);
#1728=VECTOR('',#5070,3.3999999999999);
#1729=VECTOR('',#5077,3.3999999999999);
#1730=VECTOR('',#5084,3.3999999999999);
#1731=VECTOR('',#5091,3.3999999999999);
#1732=VECTOR('',#5098,3.3999999999999);
#1733=VECTOR('',#5105,3.3999999999999);
#1734=VECTOR('',#5112,3.3999999999999);
#1735=VECTOR('',#5119,3.3999999999999);
#1736=VECTOR('',#5126,3.3999999999999);
#1737=VECTOR('',#5133,3.39999999999991);
#1738=VECTOR('',#5140,3.39999999999991);
#1739=VECTOR('',#5147,3.39999999999991);
#1740=VECTOR('',#5154,3.3999999999999);
#1741=VECTOR('',#5161,3.3999999999999);
#1742=VECTOR('',#5168,3.3999999999999);
#1743=VECTOR('',#5175,3.3999999999999);
#1744=VECTOR('',#5182,3.3999999999999);
#1745=VECTOR('',#5189,3.3999999999999);
#1746=VECTOR('',#5196,3.3999999999999);
#1747=VECTOR('',#5203,3.3999999999999);
#1748=VECTOR('',#5210,3.3999999999999);
#1749=VECTOR('',#5217,3.3999999999999);
#1750=VECTOR('',#5224,3.3999999999999);
#1751=VECTOR('',#5231,3.3999999999999);
#1752=VECTOR('',#5238,3.3999999999999);
#1753=VECTOR('',#5245,3.3999999999999);
#1754=VECTOR('',#5252,3.3999999999999);
#1755=VECTOR('',#5259,3.3999999999999);
#1756=VECTOR('',#5266,3.3999999999999);
#1757=VECTOR('',#5273,3.3999999999999);
#1758=VECTOR('',#5280,3.3999999999999);
#1759=VECTOR('',#5287,3.3999999999999);
#1760=VECTOR('',#5294,3.3999999999999);
#1761=VECTOR('',#5301,3.3999999999999);
#1762=VECTOR('',#5308,3.3999999999999);
#1763=VECTOR('',#5315,3.3999999999999);
#1764=VECTOR('',#5322,3.3999999999999);
#1765=VECTOR('',#5329,3.3999999999999);
#1766=VECTOR('',#5336,3.3999999999999);
#1767=VECTOR('',#5343,3.3999999999999);
#1768=VECTOR('',#5350,3.3999999999999);
#1769=VECTOR('',#5357,3.3999999999999);
#1770=VECTOR('',#5364,3.3999999999999);
#1771=VECTOR('',#5371,3.3999999999999);
#1772=VECTOR('',#5378,3.3999999999999);
#1773=VECTOR('',#5385,3.3999999999999);
#1774=VECTOR('',#5392,3.3999999999999);
#1775=VECTOR('',#5399,3.3999999999999);
#1776=VECTOR('',#5406,3.3999999999999);
#1777=VECTOR('',#5413,3.39999999999996);
#1778=VECTOR('',#5420,3.39999999999996);
#1779=VECTOR('',#5427,3.39999999999996);
#1780=VECTOR('',#5434,3.39999999999996);
#1781=VECTOR('',#5441,3.39999999999996);
#1782=VECTOR('',#5448,3.39999999999996);
#1783=VECTOR('',#5455,5.09999999999988);
#1784=VECTOR('',#5462,5.09999999999999);
#1785=VECTOR('',#5469,5.09999999999999);
#1786=VECTOR('',#5476,5.09999999999999);
#1787=VECTOR('',#5483,5.09999999999999);
#1788=VECTOR('',#5490,5.09999999999999);
#1789=VECTOR('',#5497,5.09999999999999);
#1790=VECTOR('',#5504,5.09999999999988);
#1791=VECTOR('',#5511,5.09999999999999);
#1792=VECTOR('',#5518,5.09999999999999);
#1793=VECTOR('',#5525,5.09999999999999);
#1794=VECTOR('',#5532,5.09999999999999);
#1795=VECTOR('',#5539,5.09999999999999);
#1796=VECTOR('',#5546,5.09999999999999);
#1797=VECTOR('',#5553,2.5499999999998);
#1798=VECTOR('',#5560,2.55000000000008);
#1799=VECTOR('',#5567,2.55000000000007);
#1800=VECTOR('',#5574,2.55000000000007);
#1801=VECTOR('',#5581,2.54999999999977);
#1802=VECTOR('',#5588,2.55000000000005);
#1803=VECTOR('',#5595,2.55000000000005);
#1804=VECTOR('',#5602,2.55000000000005);
#1805=VECTOR('',#5609,3.3999999999999);
#1806=VECTOR('',#5616,3.3999999999999);
#1807=VECTOR('',#5623,3.3999999999999);
#1808=VECTOR('',#5630,3.39999999999991);
#1809=VECTOR('',#5637,3.39999999999991);
#1810=VECTOR('',#5644,3.3999999999999);
#1811=VECTOR('',#5651,3.3999999999999);
#1812=VECTOR('',#5658,3.3999999999999);
#1813=VECTOR('',#5665,3.39999999999991);
#1814=VECTOR('',#5672,3.3999999999999);
#1815=VECTOR('',#5679,3.3999999999999);
#1816=VECTOR('',#5686,3.3999999999999);
#1817=VECTOR('',#5693,3.3999999999999);
#1818=VECTOR('',#5700,3.3999999999999);
#1819=VECTOR('',#5707,3.3999999999999);
#1820=VECTOR('',#5714,3.3999999999999);
#1821=VECTOR('',#5721,3.3999999999999);
#1822=VECTOR('',#5728,3.3999999999999);
#1823=VECTOR('',#5735,3.3999999999999);
#1824=VECTOR('',#5742,3.3999999999999);
#1825=VECTOR('',#5749,3.3999999999999);
#1826=VECTOR('',#5754,1000.);
#1827=VECTOR('',#5755,1000.);
#1828=VECTOR('',#5756,1000.);
#1829=VECTOR('',#5757,1000.);
#1830=VECTOR('',#5760,1000.);
#1831=VECTOR('',#5761,1000.);
#1832=VECTOR('',#5762,1000.);
#1833=VECTOR('',#5763,1000.);
#1834=VECTOR('',#5764,1000.);
#1835=VECTOR('',#5765,1000.);
#1836=VECTOR('',#5766,1000.);
#1837=VECTOR('',#5767,1000.);
#1838=VECTOR('',#5768,1000.);
#1839=VECTOR('',#5769,1000.);
#1840=VECTOR('',#5770,1000.);
#1841=VECTOR('',#5771,1000.);
#1842=VECTOR('',#5772,1000.);
#1843=VECTOR('',#5773,1000.);
#1844=VECTOR('',#5774,1000.);
#1845=VECTOR('',#5777,1000.);
#1846=VECTOR('',#5778,1000.);
#1847=VECTOR('',#5779,1000.);
#1848=VECTOR('',#5780,1000.);
#1849=VECTOR('',#5781,1000.);
#1850=VECTOR('',#5782,1000.);
#1851=VECTOR('',#5783,1000.);
#1852=VECTOR('',#5784,1000.);
#1853=VECTOR('',#5785,1000.);
#1854=VECTOR('',#5786,1000.);
#1855=VECTOR('',#5787,1000.);
#1856=VECTOR('',#5790,1000.);
#1857=VECTOR('',#5791,1000.);
#1858=VECTOR('',#5794,1000.);
#1859=VECTOR('',#5795,1000.);
#1860=VECTOR('',#5796,1000.);
#1861=VECTOR('',#5797,1000.);
#1862=VECTOR('',#5798,1000.);
#1863=VECTOR('',#5801,1000.);
#1864=VECTOR('',#5802,1000.);
#1865=VECTOR('',#5803,1000.);
#1866=VECTOR('',#5806,1000.);
#1867=VECTOR('',#5807,1000.);
#1868=VECTOR('',#5810,1000.);
#1869=VECTOR('',#5813,1000.);
#1870=VECTOR('',#5818,1000.);
#1871=VECTOR('',#5821,1000.);
#1872=VECTOR('',#5826,1000.);
#1873=VECTOR('',#5829,1000.);
#1874=VERTEX_POINT('',#5901);
#1875=VERTEX_POINT('',#5902);
#1876=VERTEX_POINT('',#5904);
#1877=VERTEX_POINT('',#5906);
#1878=VERTEX_POINT('',#5908);
#1879=VERTEX_POINT('',#5910);
#1880=VERTEX_POINT('',#5912);
#1881=VERTEX_POINT('',#5914);
#1882=VERTEX_POINT('',#5916);
#1883=VERTEX_POINT('',#5918);
#1884=VERTEX_POINT('',#5920);
#1885=VERTEX_POINT('',#5922);
#1886=VERTEX_POINT('',#5924);
#1887=VERTEX_POINT('',#5926);
#1888=VERTEX_POINT('',#5928);
#1889=VERTEX_POINT('',#5930);
#1890=VERTEX_POINT('',#5932);
#1891=VERTEX_POINT('',#5934);
#1892=VERTEX_POINT('',#5936);
#1893=VERTEX_POINT('',#5938);
#1894=VERTEX_POINT('',#5940);
#1895=VERTEX_POINT('',#5942);
#1896=VERTEX_POINT('',#5944);
#1897=VERTEX_POINT('',#5946);
#1898=VERTEX_POINT('',#5948);
#1899=VERTEX_POINT('',#5950);
#1900=VERTEX_POINT('',#5952);
#1901=VERTEX_POINT('',#5954);
#1902=VERTEX_POINT('',#5956);
#1903=VERTEX_POINT('',#5958);
#1904=VERTEX_POINT('',#5962);
#1905=VERTEX_POINT('',#5963);
#1906=VERTEX_POINT('',#5965);
#1907=VERTEX_POINT('',#5967);
#1908=VERTEX_POINT('',#5970);
#1909=VERTEX_POINT('',#5972);
#1910=VERTEX_POINT('',#5975);
#1911=VERTEX_POINT('',#5977);
#1912=VERTEX_POINT('',#5980);
#1913=VERTEX_POINT('',#5982);
#1914=VERTEX_POINT('',#5985);
#1915=VERTEX_POINT('',#5987);
#1916=VERTEX_POINT('',#5990);
#1917=VERTEX_POINT('',#5992);
#1918=VERTEX_POINT('',#5995);
#1919=VERTEX_POINT('',#5997);
#1920=VERTEX_POINT('',#6002);
#1921=VERTEX_POINT('',#6005);
#1922=VERTEX_POINT('',#6009);
#1923=VERTEX_POINT('',#6016);
#1924=VERTEX_POINT('',#6023);
#1925=VERTEX_POINT('',#6027);
#1926=VERTEX_POINT('',#6034);
#1927=VERTEX_POINT('',#6038);
#1928=VERTEX_POINT('',#6045);
#1929=VERTEX_POINT('',#6049);
#1930=VERTEX_POINT('',#6056);
#1931=VERTEX_POINT('',#6060);
#1932=VERTEX_POINT('',#6067);
#1933=VERTEX_POINT('',#6071);
#1934=VERTEX_POINT('',#6078);
#1935=VERTEX_POINT('',#6082);
#1936=VERTEX_POINT('',#6090);
#1937=VERTEX_POINT('',#6092);
#1938=VERTEX_POINT('',#6096);
#1939=VERTEX_POINT('',#6098);
#1940=VERTEX_POINT('',#6102);
#1941=VERTEX_POINT('',#6104);
#1942=VERTEX_POINT('',#6108);
#1943=VERTEX_POINT('',#6110);
#1944=VERTEX_POINT('',#6114);
#1945=VERTEX_POINT('',#6116);
#1946=VERTEX_POINT('',#6120);
#1947=VERTEX_POINT('',#6122);
#1948=VERTEX_POINT('',#6126);
#1949=VERTEX_POINT('',#6128);
#1950=VERTEX_POINT('',#6132);
#1951=VERTEX_POINT('',#6134);
#1952=VERTEX_POINT('',#6138);
#1953=VERTEX_POINT('',#6140);
#1954=VERTEX_POINT('',#6144);
#1955=VERTEX_POINT('',#6146);
#1956=VERTEX_POINT('',#6150);
#1957=VERTEX_POINT('',#6152);
#1958=VERTEX_POINT('',#6156);
#1959=VERTEX_POINT('',#6158);
#1960=VERTEX_POINT('',#6162);
#1961=VERTEX_POINT('',#6164);
#1962=VERTEX_POINT('',#6168);
#1963=VERTEX_POINT('',#6170);
#1964=VERTEX_POINT('',#6174);
#1965=VERTEX_POINT('',#6176);
#1966=VERTEX_POINT('',#6180);
#1967=VERTEX_POINT('',#6182);
#1968=VERTEX_POINT('',#6186);
#1969=VERTEX_POINT('',#6188);
#1970=VERTEX_POINT('',#6192);
#1971=VERTEX_POINT('',#6194);
#1972=VERTEX_POINT('',#6198);
#1973=VERTEX_POINT('',#6200);
#1974=VERTEX_POINT('',#6204);
#1975=VERTEX_POINT('',#6206);
#1976=VERTEX_POINT('',#6210);
#1977=VERTEX_POINT('',#6212);
#1978=VERTEX_POINT('',#6216);
#1979=VERTEX_POINT('',#6218);
#1980=VERTEX_POINT('',#6222);
#1981=VERTEX_POINT('',#6224);
#1982=VERTEX_POINT('',#6228);
#1983=VERTEX_POINT('',#6230);
#1984=VERTEX_POINT('',#6234);
#1985=VERTEX_POINT('',#6236);
#1986=VERTEX_POINT('',#6240);
#1987=VERTEX_POINT('',#6242);
#1988=VERTEX_POINT('',#6246);
#1989=VERTEX_POINT('',#6248);
#1990=VERTEX_POINT('',#6252);
#1991=VERTEX_POINT('',#6254);
#1992=VERTEX_POINT('',#6258);
#1993=VERTEX_POINT('',#6260);
#1994=VERTEX_POINT('',#6264);
#1995=VERTEX_POINT('',#6266);
#1996=VERTEX_POINT('',#6270);
#1997=VERTEX_POINT('',#6272);
#1998=VERTEX_POINT('',#6276);
#1999=VERTEX_POINT('',#6278);
#2000=VERTEX_POINT('',#6282);
#2001=VERTEX_POINT('',#6284);
#2002=VERTEX_POINT('',#6288);
#2003=VERTEX_POINT('',#6290);
#2004=VERTEX_POINT('',#6294);
#2005=VERTEX_POINT('',#6296);
#2006=VERTEX_POINT('',#6300);
#2007=VERTEX_POINT('',#6302);
#2008=VERTEX_POINT('',#6306);
#2009=VERTEX_POINT('',#6308);
#2010=VERTEX_POINT('',#6312);
#2011=VERTEX_POINT('',#6314);
#2012=VERTEX_POINT('',#6318);
#2013=VERTEX_POINT('',#6320);
#2014=VERTEX_POINT('',#6324);
#2015=VERTEX_POINT('',#6326);
#2016=VERTEX_POINT('',#6330);
#2017=VERTEX_POINT('',#6332);
#2018=VERTEX_POINT('',#6336);
#2019=VERTEX_POINT('',#6338);
#2020=VERTEX_POINT('',#6342);
#2021=VERTEX_POINT('',#6344);
#2022=VERTEX_POINT('',#6348);
#2023=VERTEX_POINT('',#6350);
#2024=VERTEX_POINT('',#6354);
#2025=VERTEX_POINT('',#6356);
#2026=VERTEX_POINT('',#6360);
#2027=VERTEX_POINT('',#6362);
#2028=VERTEX_POINT('',#6366);
#2029=VERTEX_POINT('',#6368);
#2030=VERTEX_POINT('',#6372);
#2031=VERTEX_POINT('',#6374);
#2032=VERTEX_POINT('',#6378);
#2033=VERTEX_POINT('',#6380);
#2034=VERTEX_POINT('',#6384);
#2035=VERTEX_POINT('',#6386);
#2036=VERTEX_POINT('',#6390);
#2037=VERTEX_POINT('',#6392);
#2038=VERTEX_POINT('',#6396);
#2039=VERTEX_POINT('',#6398);
#2040=VERTEX_POINT('',#6402);
#2041=VERTEX_POINT('',#6404);
#2042=VERTEX_POINT('',#6408);
#2043=VERTEX_POINT('',#6410);
#2044=VERTEX_POINT('',#6414);
#2045=VERTEX_POINT('',#6416);
#2046=VERTEX_POINT('',#6420);
#2047=VERTEX_POINT('',#6422);
#2048=VERTEX_POINT('',#6426);
#2049=VERTEX_POINT('',#6428);
#2050=VERTEX_POINT('',#6432);
#2051=VERTEX_POINT('',#6434);
#2052=VERTEX_POINT('',#6438);
#2053=VERTEX_POINT('',#6440);
#2054=VERTEX_POINT('',#6444);
#2055=VERTEX_POINT('',#6446);
#2056=VERTEX_POINT('',#6450);
#2057=VERTEX_POINT('',#6452);
#2058=VERTEX_POINT('',#6456);
#2059=VERTEX_POINT('',#6458);
#2060=VERTEX_POINT('',#6462);
#2061=VERTEX_POINT('',#6464);
#2062=VERTEX_POINT('',#6468);
#2063=VERTEX_POINT('',#6470);
#2064=VERTEX_POINT('',#6474);
#2065=VERTEX_POINT('',#6476);
#2066=VERTEX_POINT('',#6480);
#2067=VERTEX_POINT('',#6482);
#2068=VERTEX_POINT('',#6486);
#2069=VERTEX_POINT('',#6488);
#2070=VERTEX_POINT('',#6492);
#2071=VERTEX_POINT('',#6494);
#2072=VERTEX_POINT('',#6498);
#2073=VERTEX_POINT('',#6500);
#2074=VERTEX_POINT('',#6504);
#2075=VERTEX_POINT('',#6506);
#2076=VERTEX_POINT('',#6510);
#2077=VERTEX_POINT('',#6512);
#2078=VERTEX_POINT('',#6516);
#2079=VERTEX_POINT('',#6518);
#2080=VERTEX_POINT('',#6522);
#2081=VERTEX_POINT('',#6524);
#2082=VERTEX_POINT('',#6528);
#2083=VERTEX_POINT('',#6530);
#2084=VERTEX_POINT('',#6534);
#2085=VERTEX_POINT('',#6536);
#2086=VERTEX_POINT('',#6540);
#2087=VERTEX_POINT('',#6542);
#2088=VERTEX_POINT('',#6546);
#2089=VERTEX_POINT('',#6548);
#2090=VERTEX_POINT('',#6552);
#2091=VERTEX_POINT('',#6554);
#2092=VERTEX_POINT('',#6558);
#2093=VERTEX_POINT('',#6560);
#2094=VERTEX_POINT('',#6564);
#2095=VERTEX_POINT('',#6566);
#2096=VERTEX_POINT('',#6570);
#2097=VERTEX_POINT('',#6572);
#2098=VERTEX_POINT('',#6576);
#2099=VERTEX_POINT('',#6578);
#2100=VERTEX_POINT('',#6582);
#2101=VERTEX_POINT('',#6584);
#2102=VERTEX_POINT('',#6588);
#2103=VERTEX_POINT('',#6590);
#2104=VERTEX_POINT('',#6594);
#2105=VERTEX_POINT('',#6596);
#2106=VERTEX_POINT('',#6600);
#2107=VERTEX_POINT('',#6602);
#2108=VERTEX_POINT('',#6606);
#2109=VERTEX_POINT('',#6608);
#2110=VERTEX_POINT('',#6612);
#2111=VERTEX_POINT('',#6614);
#2112=VERTEX_POINT('',#6618);
#2113=VERTEX_POINT('',#6620);
#2114=VERTEX_POINT('',#6624);
#2115=VERTEX_POINT('',#6626);
#2116=VERTEX_POINT('',#6630);
#2117=VERTEX_POINT('',#6632);
#2118=VERTEX_POINT('',#6636);
#2119=VERTEX_POINT('',#6638);
#2120=VERTEX_POINT('',#6642);
#2121=VERTEX_POINT('',#6644);
#2122=VERTEX_POINT('',#6648);
#2123=VERTEX_POINT('',#6650);
#2124=VERTEX_POINT('',#6654);
#2125=VERTEX_POINT('',#6656);
#2126=VERTEX_POINT('',#6660);
#2127=VERTEX_POINT('',#6662);
#2128=VERTEX_POINT('',#6666);
#2129=VERTEX_POINT('',#6668);
#2130=VERTEX_POINT('',#6672);
#2131=VERTEX_POINT('',#6674);
#2132=VERTEX_POINT('',#6678);
#2133=VERTEX_POINT('',#6680);
#2134=VERTEX_POINT('',#6684);
#2135=VERTEX_POINT('',#6686);
#2136=VERTEX_POINT('',#6690);
#2137=VERTEX_POINT('',#6692);
#2138=VERTEX_POINT('',#6696);
#2139=VERTEX_POINT('',#6698);
#2140=VERTEX_POINT('',#6702);
#2141=VERTEX_POINT('',#6704);
#2142=VERTEX_POINT('',#6708);
#2143=VERTEX_POINT('',#6710);
#2144=VERTEX_POINT('',#6714);
#2145=VERTEX_POINT('',#6716);
#2146=VERTEX_POINT('',#6720);
#2147=VERTEX_POINT('',#6722);
#2148=VERTEX_POINT('',#6726);
#2149=VERTEX_POINT('',#6728);
#2150=VERTEX_POINT('',#6732);
#2151=VERTEX_POINT('',#6734);
#2152=VERTEX_POINT('',#6738);
#2153=VERTEX_POINT('',#6740);
#2154=VERTEX_POINT('',#6744);
#2155=VERTEX_POINT('',#6746);
#2156=VERTEX_POINT('',#6750);
#2157=VERTEX_POINT('',#6752);
#2158=VERTEX_POINT('',#6756);
#2159=VERTEX_POINT('',#6758);
#2160=VERTEX_POINT('',#6762);
#2161=VERTEX_POINT('',#6764);
#2162=VERTEX_POINT('',#6768);
#2163=VERTEX_POINT('',#6770);
#2164=VERTEX_POINT('',#6774);
#2165=VERTEX_POINT('',#6776);
#2166=VERTEX_POINT('',#6780);
#2167=VERTEX_POINT('',#6782);
#2168=VERTEX_POINT('',#6786);
#2169=VERTEX_POINT('',#6788);
#2170=VERTEX_POINT('',#6792);
#2171=VERTEX_POINT('',#6794);
#2172=VERTEX_POINT('',#6798);
#2173=VERTEX_POINT('',#6800);
#2174=VERTEX_POINT('',#6804);
#2175=VERTEX_POINT('',#6806);
#2176=VERTEX_POINT('',#6810);
#2177=VERTEX_POINT('',#6812);
#2178=VERTEX_POINT('',#6816);
#2179=VERTEX_POINT('',#6818);
#2180=VERTEX_POINT('',#6822);
#2181=VERTEX_POINT('',#6824);
#2182=VERTEX_POINT('',#6828);
#2183=VERTEX_POINT('',#6830);
#2184=VERTEX_POINT('',#6834);
#2185=VERTEX_POINT('',#6836);
#2186=VERTEX_POINT('',#6840);
#2187=VERTEX_POINT('',#6842);
#2188=VERTEX_POINT('',#6846);
#2189=VERTEX_POINT('',#6848);
#2190=VERTEX_POINT('',#6852);
#2191=VERTEX_POINT('',#6854);
#2192=VERTEX_POINT('',#6858);
#2193=VERTEX_POINT('',#6860);
#2194=VERTEX_POINT('',#6864);
#2195=VERTEX_POINT('',#6866);
#2196=VERTEX_POINT('',#6870);
#2197=VERTEX_POINT('',#6872);
#2198=VERTEX_POINT('',#6876);
#2199=VERTEX_POINT('',#6878);
#2200=VERTEX_POINT('',#6882);
#2201=VERTEX_POINT('',#6884);
#2202=VERTEX_POINT('',#6888);
#2203=VERTEX_POINT('',#6889);
#2204=VERTEX_POINT('',#6891);
#2205=VERTEX_POINT('',#6893);
#2206=VERTEX_POINT('',#6897);
#2207=VERTEX_POINT('',#6899);
#2208=VERTEX_POINT('',#6901);
#2209=VERTEX_POINT('',#6903);
#2210=VERTEX_POINT('',#6905);
#2211=VERTEX_POINT('',#6907);
#2212=VERTEX_POINT('',#6909);
#2213=VERTEX_POINT('',#6911);
#2214=VERTEX_POINT('',#6913);
#2215=VERTEX_POINT('',#6915);
#2216=VERTEX_POINT('',#6917);
#2217=VERTEX_POINT('',#6919);
#2218=VERTEX_POINT('',#6921);
#2219=VERTEX_POINT('',#6923);
#2220=VERTEX_POINT('',#6927);
#2221=VERTEX_POINT('',#6929);
#2222=VERTEX_POINT('',#6931);
#2223=VERTEX_POINT('',#6933);
#2224=VERTEX_POINT('',#6935);
#2225=VERTEX_POINT('',#6937);
#2226=VERTEX_POINT('',#6939);
#2227=VERTEX_POINT('',#6941);
#2228=VERTEX_POINT('',#6943);
#2229=VERTEX_POINT('',#6945);
#2230=VERTEX_POINT('',#6952);
#2231=VERTEX_POINT('',#6954);
#2232=VERTEX_POINT('',#6960);
#2233=VERTEX_POINT('',#6962);
#2234=EDGE_CURVE('',#1874,#1875,#1326,.T.);
#2235=EDGE_CURVE('',#1876,#1874,#1327,.T.);
#2236=EDGE_CURVE('',#1877,#1876,#1328,.T.);
#2237=EDGE_CURVE('',#1878,#1877,#1329,.T.);
#2238=EDGE_CURVE('',#1879,#1878,#1330,.T.);
#2239=EDGE_CURVE('',#1880,#1879,#1331,.T.);
#2240=EDGE_CURVE('',#1881,#1880,#1332,.T.);
#2241=EDGE_CURVE('',#1882,#1881,#1333,.T.);
#2242=EDGE_CURVE('',#1883,#1882,#1334,.T.);
#2243=EDGE_CURVE('',#1884,#1883,#1335,.T.);
#2244=EDGE_CURVE('',#1885,#1884,#1336,.T.);
#2245=EDGE_CURVE('',#1886,#1885,#1337,.T.);
#2246=EDGE_CURVE('',#1887,#1886,#1338,.T.);
#2247=EDGE_CURVE('',#1888,#1887,#1339,.T.);
#2248=EDGE_CURVE('',#1889,#1888,#1340,.T.);
#2249=EDGE_CURVE('',#1890,#1889,#1341,.T.);
#2250=EDGE_CURVE('',#1891,#1890,#1342,.T.);
#2251=EDGE_CURVE('',#1892,#1891,#1343,.T.);
#2252=EDGE_CURVE('',#1893,#1892,#1344,.T.);
#2253=EDGE_CURVE('',#1894,#1893,#1345,.T.);
#2254=EDGE_CURVE('',#1895,#1894,#1346,.T.);
#2255=EDGE_CURVE('',#1896,#1895,#1347,.T.);
#2256=EDGE_CURVE('',#1897,#1896,#1348,.T.);
#2257=EDGE_CURVE('',#1898,#1897,#1349,.T.);
#2258=EDGE_CURVE('',#1899,#1898,#1350,.T.);
#2259=EDGE_CURVE('',#1900,#1899,#1351,.T.);
#2260=EDGE_CURVE('',#1901,#1900,#1352,.T.);
#2261=EDGE_CURVE('',#1902,#1901,#1353,.T.);
#2262=EDGE_CURVE('',#1903,#1902,#1354,.T.);
#2263=EDGE_CURVE('',#1875,#1903,#1355,.T.);
#2264=EDGE_CURVE('',#1904,#1905,#1356,.T.);
#2265=EDGE_CURVE('',#1906,#1904,#1357,.T.);
#2266=EDGE_CURVE('',#1907,#1906,#1358,.T.);
#2267=EDGE_CURVE('',#1907,#1892,#1359,.T.);
#2268=EDGE_CURVE('',#1908,#1891,#1360,.T.);
#2269=EDGE_CURVE('',#1909,#1908,#1361,.T.);
#2270=EDGE_CURVE('',#1909,#1888,#1362,.T.);
#2271=EDGE_CURVE('',#1910,#1887,#1363,.T.);
#2272=EDGE_CURVE('',#1911,#1910,#1364,.T.);
#2273=EDGE_CURVE('',#1911,#1884,#1365,.T.);
#2274=EDGE_CURVE('',#1912,#1883,#1366,.T.);
#2275=EDGE_CURVE('',#1913,#1912,#1367,.T.);
#2276=EDGE_CURVE('',#1913,#1880,#1368,.T.);
#2277=EDGE_CURVE('',#1914,#1879,#1369,.T.);
#2278=EDGE_CURVE('',#1915,#1914,#1370,.T.);
#2279=EDGE_CURVE('',#1915,#1876,#1371,.T.);
#2280=EDGE_CURVE('',#1916,#1874,#1372,.T.);
#2281=EDGE_CURVE('',#1917,#1916,#1373,.T.);
#2282=EDGE_CURVE('',#1917,#1902,#1374,.T.);
#2283=EDGE_CURVE('',#1918,#1901,#1375,.T.);
#2284=EDGE_CURVE('',#1919,#1918,#1376,.T.);
#2285=EDGE_CURVE('',#1919,#1898,#1377,.T.);
#2286=EDGE_CURVE('',#1897,#1905,#1378,.T.);
#2287=EDGE_CURVE('',#1920,#1904,#1379,.T.);
#2288=EDGE_CURVE('',#1895,#1920,#1380,.T.);
#2289=EDGE_CURVE('',#1921,#1894,#1381,.T.);
#2290=EDGE_CURVE('',#1906,#1921,#1382,.T.);
#2291=EDGE_CURVE('',#1922,#1920,#1383,.T.);
#2292=EDGE_CURVE('',#1896,#1922,#1384,.T.);
#2293=EDGE_CURVE('',#1905,#1922,#1385,.T.);
#2294=EDGE_CURVE('',#1923,#1907,#1386,.T.);
#2295=EDGE_CURVE('',#1923,#1893,#1387,.T.);
#2296=EDGE_CURVE('',#1921,#1923,#1388,.T.);
#2297=EDGE_CURVE('',#1924,#1878,#1389,.T.);
#2298=EDGE_CURVE('',#1914,#1924,#1390,.T.);
#2299=EDGE_CURVE('',#1925,#1877,#1391,.T.);
#2300=EDGE_CURVE('',#1924,#1925,#1392,.T.);
#2301=EDGE_CURVE('',#1925,#1915,#1393,.T.);
#2302=EDGE_CURVE('',#1926,#1890,#1394,.T.);
#2303=EDGE_CURVE('',#1908,#1926,#1395,.T.);
#2304=EDGE_CURVE('',#1927,#1889,#1396,.T.);
#2305=EDGE_CURVE('',#1926,#1927,#1397,.T.);
#2306=EDGE_CURVE('',#1927,#1909,#1398,.T.);
#2307=EDGE_CURVE('',#1928,#1900,#1399,.T.);
#2308=EDGE_CURVE('',#1918,#1928,#1400,.T.);
#2309=EDGE_CURVE('',#1929,#1899,#1401,.T.);
#2310=EDGE_CURVE('',#1928,#1929,#1402,.T.);
#2311=EDGE_CURVE('',#1929,#1919,#1403,.T.);
#2312=EDGE_CURVE('',#1930,#1886,#1404,.T.);
#2313=EDGE_CURVE('',#1910,#1930,#1405,.T.);
#2314=EDGE_CURVE('',#1931,#1885,#1406,.T.);
#2315=EDGE_CURVE('',#1930,#1931,#1407,.T.);
#2316=EDGE_CURVE('',#1931,#1911,#1408,.T.);
#2317=EDGE_CURVE('',#1932,#1882,#1409,.T.);
#2318=EDGE_CURVE('',#1912,#1932,#1410,.T.);
#2319=EDGE_CURVE('',#1933,#1881,#1411,.T.);
#2320=EDGE_CURVE('',#1932,#1933,#1412,.T.);
#2321=EDGE_CURVE('',#1933,#1913,#1413,.T.);
#2322=EDGE_CURVE('',#1934,#1875,#1414,.T.);
#2323=EDGE_CURVE('',#1916,#1934,#1415,.T.);
#2324=EDGE_CURVE('',#1935,#1903,#1416,.T.);
#2325=EDGE_CURVE('',#1934,#1935,#1417,.T.);
#2326=EDGE_CURVE('',#1935,#1917,#1418,.T.);
#2327=EDGE_CURVE('',#1936,#1936,#256,.T.);
#2328=EDGE_CURVE('',#1936,#1937,#1419,.T.);
#2329=EDGE_CURVE('',#1937,#1937,#257,.T.);
#2330=EDGE_CURVE('',#1938,#1938,#258,.T.);
#2331=EDGE_CURVE('',#1938,#1939,#1420,.T.);
#2332=EDGE_CURVE('',#1939,#1939,#259,.T.);
#2333=EDGE_CURVE('',#1940,#1940,#260,.T.);
#2334=EDGE_CURVE('',#1940,#1941,#1421,.T.);
#2335=EDGE_CURVE('',#1941,#1941,#261,.T.);
#2336=EDGE_CURVE('',#1942,#1942,#262,.T.);
#2337=EDGE_CURVE('',#1942,#1943,#1422,.T.);
#2338=EDGE_CURVE('',#1943,#1943,#263,.T.);
#2339=EDGE_CURVE('',#1944,#1944,#264,.T.);
#2340=EDGE_CURVE('',#1944,#1945,#1423,.T.);
#2341=EDGE_CURVE('',#1945,#1945,#265,.T.);
#2342=EDGE_CURVE('',#1946,#1946,#266,.T.);
#2343=EDGE_CURVE('',#1946,#1947,#1424,.T.);
#2344=EDGE_CURVE('',#1947,#1947,#267,.T.);
#2345=EDGE_CURVE('',#1948,#1948,#268,.T.);
#2346=EDGE_CURVE('',#1948,#1949,#1425,.T.);
#2347=EDGE_CURVE('',#1949,#1949,#269,.T.);
#2348=EDGE_CURVE('',#1950,#1950,#270,.T.);
#2349=EDGE_CURVE('',#1950,#1951,#1426,.T.);
#2350=EDGE_CURVE('',#1951,#1951,#271,.T.);
#2351=EDGE_CURVE('',#1952,#1952,#272,.T.);
#2352=EDGE_CURVE('',#1952,#1953,#1427,.T.);
#2353=EDGE_CURVE('',#1953,#1953,#273,.T.);
#2354=EDGE_CURVE('',#1954,#1954,#274,.T.);
#2355=EDGE_CURVE('',#1954,#1955,#1428,.T.);
#2356=EDGE_CURVE('',#1955,#1955,#275,.T.);
#2357=EDGE_CURVE('',#1956,#1956,#276,.T.);
#2358=EDGE_CURVE('',#1956,#1957,#1429,.T.);
#2359=EDGE_CURVE('',#1957,#1957,#277,.T.);
#2360=EDGE_CURVE('',#1958,#1958,#278,.T.);
#2361=EDGE_CURVE('',#1958,#1959,#1430,.T.);
#2362=EDGE_CURVE('',#1959,#1959,#279,.T.);
#2363=EDGE_CURVE('',#1960,#1960,#280,.T.);
#2364=EDGE_CURVE('',#1960,#1961,#1431,.T.);
#2365=EDGE_CURVE('',#1961,#1961,#281,.T.);
#2366=EDGE_CURVE('',#1962,#1962,#282,.T.);
#2367=EDGE_CURVE('',#1962,#1963,#1432,.T.);
#2368=EDGE_CURVE('',#1963,#1963,#283,.T.);
#2369=EDGE_CURVE('',#1964,#1964,#284,.T.);
#2370=EDGE_CURVE('',#1964,#1965,#1433,.T.);
#2371=EDGE_CURVE('',#1965,#1965,#285,.T.);
#2372=EDGE_CURVE('',#1966,#1966,#286,.T.);
#2373=EDGE_CURVE('',#1966,#1967,#1434,.T.);
#2374=EDGE_CURVE('',#1967,#1967,#287,.T.);
#2375=EDGE_CURVE('',#1968,#1968,#288,.T.);
#2376=EDGE_CURVE('',#1968,#1969,#1435,.T.);
#2377=EDGE_CURVE('',#1969,#1969,#289,.T.);
#2378=EDGE_CURVE('',#1970,#1970,#290,.T.);
#2379=EDGE_CURVE('',#1970,#1971,#1436,.T.);
#2380=EDGE_CURVE('',#1971,#1971,#291,.T.);
#2381=EDGE_CURVE('',#1972,#1972,#292,.T.);
#2382=EDGE_CURVE('',#1972,#1973,#1437,.T.);
#2383=EDGE_CURVE('',#1973,#1973,#293,.T.);
#2384=EDGE_CURVE('',#1974,#1974,#294,.T.);
#2385=EDGE_CURVE('',#1974,#1975,#1438,.T.);
#2386=EDGE_CURVE('',#1975,#1975,#295,.T.);
#2387=EDGE_CURVE('',#1976,#1976,#296,.T.);
#2388=EDGE_CURVE('',#1976,#1977,#1439,.T.);
#2389=EDGE_CURVE('',#1977,#1977,#297,.T.);
#2390=EDGE_CURVE('',#1978,#1978,#298,.T.);
#2391=EDGE_CURVE('',#1978,#1979,#1440,.T.);
#2392=EDGE_CURVE('',#1979,#1979,#299,.T.);
#2393=EDGE_CURVE('',#1980,#1980,#300,.T.);
#2394=EDGE_CURVE('',#1980,#1981,#1441,.T.);
#2395=EDGE_CURVE('',#1981,#1981,#301,.T.);
#2396=EDGE_CURVE('',#1982,#1982,#302,.T.);
#2397=EDGE_CURVE('',#1982,#1983,#1442,.T.);
#2398=EDGE_CURVE('',#1983,#1983,#303,.T.);
#2399=EDGE_CURVE('',#1984,#1984,#304,.T.);
#2400=EDGE_CURVE('',#1984,#1985,#1443,.T.);
#2401=EDGE_CURVE('',#1985,#1985,#305,.T.);
#2402=EDGE_CURVE('',#1986,#1986,#306,.T.);
#2403=EDGE_CURVE('',#1986,#1987,#1444,.T.);
#2404=EDGE_CURVE('',#1987,#1987,#307,.T.);
#2405=EDGE_CURVE('',#1988,#1988,#308,.T.);
#2406=EDGE_CURVE('',#1988,#1989,#1445,.T.);
#2407=EDGE_CURVE('',#1989,#1989,#309,.T.);
#2408=EDGE_CURVE('',#1990,#1990,#310,.T.);
#2409=EDGE_CURVE('',#1990,#1991,#1446,.T.);
#2410=EDGE_CURVE('',#1991,#1991,#311,.T.);
#2411=EDGE_CURVE('',#1992,#1992,#312,.T.);
#2412=EDGE_CURVE('',#1992,#1993,#1447,.T.);
#2413=EDGE_CURVE('',#1993,#1993,#313,.T.);
#2414=EDGE_CURVE('',#1994,#1994,#314,.T.);
#2415=EDGE_CURVE('',#1994,#1995,#1448,.T.);
#2416=EDGE_CURVE('',#1995,#1995,#315,.T.);
#2417=EDGE_CURVE('',#1996,#1996,#316,.T.);
#2418=EDGE_CURVE('',#1996,#1997,#1449,.T.);
#2419=EDGE_CURVE('',#1997,#1997,#317,.T.);
#2420=EDGE_CURVE('',#1998,#1998,#318,.T.);
#2421=EDGE_CURVE('',#1998,#1999,#1450,.T.);
#2422=EDGE_CURVE('',#1999,#1999,#319,.T.);
#2423=EDGE_CURVE('',#2000,#2000,#320,.T.);
#2424=EDGE_CURVE('',#2000,#2001,#1451,.T.);
#2425=EDGE_CURVE('',#2001,#2001,#321,.T.);
#2426=EDGE_CURVE('',#2002,#2002,#322,.T.);
#2427=EDGE_CURVE('',#2002,#2003,#1452,.T.);
#2428=EDGE_CURVE('',#2003,#2003,#323,.T.);
#2429=EDGE_CURVE('',#2004,#2004,#324,.T.);
#2430=EDGE_CURVE('',#2004,#2005,#1453,.T.);
#2431=EDGE_CURVE('',#2005,#2005,#325,.T.);
#2432=EDGE_CURVE('',#2006,#2006,#326,.T.);
#2433=EDGE_CURVE('',#2006,#2007,#1454,.T.);
#2434=EDGE_CURVE('',#2007,#2007,#327,.T.);
#2435=EDGE_CURVE('',#2008,#2008,#328,.T.);
#2436=EDGE_CURVE('',#2008,#2009,#1455,.T.);
#2437=EDGE_CURVE('',#2009,#2009,#329,.T.);
#2438=EDGE_CURVE('',#2010,#2010,#330,.T.);
#2439=EDGE_CURVE('',#2010,#2011,#1456,.T.);
#2440=EDGE_CURVE('',#2011,#2011,#331,.T.);
#2441=EDGE_CURVE('',#2012,#2012,#332,.T.);
#2442=EDGE_CURVE('',#2012,#2013,#1457,.T.);
#2443=EDGE_CURVE('',#2013,#2013,#333,.T.);
#2444=EDGE_CURVE('',#2014,#2014,#334,.T.);
#2445=EDGE_CURVE('',#2014,#2015,#1458,.T.);
#2446=EDGE_CURVE('',#2015,#2015,#335,.T.);
#2447=EDGE_CURVE('',#2016,#2016,#336,.T.);
#2448=EDGE_CURVE('',#2016,#2017,#1459,.T.);
#2449=EDGE_CURVE('',#2017,#2017,#337,.T.);
#2450=EDGE_CURVE('',#2018,#2018,#338,.T.);
#2451=EDGE_CURVE('',#2018,#2019,#1460,.T.);
#2452=EDGE_CURVE('',#2019,#2019,#339,.T.);
#2453=EDGE_CURVE('',#2020,#2020,#340,.T.);
#2454=EDGE_CURVE('',#2020,#2021,#1461,.T.);
#2455=EDGE_CURVE('',#2021,#2021,#341,.T.);
#2456=EDGE_CURVE('',#2022,#2022,#342,.T.);
#2457=EDGE_CURVE('',#2022,#2023,#1462,.T.);
#2458=EDGE_CURVE('',#2023,#2023,#343,.T.);
#2459=EDGE_CURVE('',#2024,#2024,#344,.T.);
#2460=EDGE_CURVE('',#2024,#2025,#1463,.T.);
#2461=EDGE_CURVE('',#2025,#2025,#345,.T.);
#2462=EDGE_CURVE('',#2026,#2026,#346,.T.);
#2463=EDGE_CURVE('',#2026,#2027,#1464,.T.);
#2464=EDGE_CURVE('',#2027,#2027,#347,.T.);
#2465=EDGE_CURVE('',#2028,#2028,#348,.T.);
#2466=EDGE_CURVE('',#2028,#2029,#1465,.T.);
#2467=EDGE_CURVE('',#2029,#2029,#349,.T.);
#2468=EDGE_CURVE('',#2030,#2030,#350,.T.);
#2469=EDGE_CURVE('',#2030,#2031,#1466,.T.);
#2470=EDGE_CURVE('',#2031,#2031,#351,.T.);
#2471=EDGE_CURVE('',#2032,#2032,#352,.T.);
#2472=EDGE_CURVE('',#2032,#2033,#1467,.T.);
#2473=EDGE_CURVE('',#2033,#2033,#353,.T.);
#2474=EDGE_CURVE('',#2034,#2034,#354,.T.);
#2475=EDGE_CURVE('',#2034,#2035,#1468,.T.);
#2476=EDGE_CURVE('',#2035,#2035,#355,.T.);
#2477=EDGE_CURVE('',#2036,#2036,#356,.T.);
#2478=EDGE_CURVE('',#2036,#2037,#1469,.T.);
#2479=EDGE_CURVE('',#2037,#2037,#357,.T.);
#2480=EDGE_CURVE('',#2038,#2038,#358,.T.);
#2481=EDGE_CURVE('',#2038,#2039,#1470,.T.);
#2482=EDGE_CURVE('',#2039,#2039,#359,.T.);
#2483=EDGE_CURVE('',#2040,#2040,#360,.T.);
#2484=EDGE_CURVE('',#2040,#2041,#1471,.T.);
#2485=EDGE_CURVE('',#2041,#2041,#361,.T.);
#2486=EDGE_CURVE('',#2042,#2042,#362,.T.);
#2487=EDGE_CURVE('',#2042,#2043,#1472,.T.);
#2488=EDGE_CURVE('',#2043,#2043,#363,.T.);
#2489=EDGE_CURVE('',#2044,#2044,#364,.T.);
#2490=EDGE_CURVE('',#2044,#2045,#1473,.T.);
#2491=EDGE_CURVE('',#2045,#2045,#365,.T.);
#2492=EDGE_CURVE('',#2046,#2046,#366,.T.);
#2493=EDGE_CURVE('',#2046,#2047,#1474,.T.);
#2494=EDGE_CURVE('',#2047,#2047,#367,.T.);
#2495=EDGE_CURVE('',#2048,#2048,#368,.T.);
#2496=EDGE_CURVE('',#2048,#2049,#1475,.T.);
#2497=EDGE_CURVE('',#2049,#2049,#369,.T.);
#2498=EDGE_CURVE('',#2050,#2050,#370,.T.);
#2499=EDGE_CURVE('',#2050,#2051,#1476,.T.);
#2500=EDGE_CURVE('',#2051,#2051,#371,.T.);
#2501=EDGE_CURVE('',#2052,#2052,#372,.T.);
#2502=EDGE_CURVE('',#2052,#2053,#1477,.T.);
#2503=EDGE_CURVE('',#2053,#2053,#373,.T.);
#2504=EDGE_CURVE('',#2054,#2054,#374,.T.);
#2505=EDGE_CURVE('',#2054,#2055,#1478,.T.);
#2506=EDGE_CURVE('',#2055,#2055,#375,.T.);
#2507=EDGE_CURVE('',#2056,#2056,#376,.T.);
#2508=EDGE_CURVE('',#2056,#2057,#1479,.T.);
#2509=EDGE_CURVE('',#2057,#2057,#377,.T.);
#2510=EDGE_CURVE('',#2058,#2058,#378,.T.);
#2511=EDGE_CURVE('',#2058,#2059,#1480,.T.);
#2512=EDGE_CURVE('',#2059,#2059,#379,.T.);
#2513=EDGE_CURVE('',#2060,#2060,#380,.T.);
#2514=EDGE_CURVE('',#2060,#2061,#1481,.T.);
#2515=EDGE_CURVE('',#2061,#2061,#381,.T.);
#2516=EDGE_CURVE('',#2062,#2062,#382,.T.);
#2517=EDGE_CURVE('',#2062,#2063,#1482,.T.);
#2518=EDGE_CURVE('',#2063,#2063,#383,.T.);
#2519=EDGE_CURVE('',#2064,#2064,#384,.T.);
#2520=EDGE_CURVE('',#2064,#2065,#1483,.T.);
#2521=EDGE_CURVE('',#2065,#2065,#385,.T.);
#2522=EDGE_CURVE('',#2066,#2066,#386,.T.);
#2523=EDGE_CURVE('',#2066,#2067,#1484,.T.);
#2524=EDGE_CURVE('',#2067,#2067,#387,.T.);
#2525=EDGE_CURVE('',#2068,#2068,#388,.T.);
#2526=EDGE_CURVE('',#2068,#2069,#1485,.T.);
#2527=EDGE_CURVE('',#2069,#2069,#389,.T.);
#2528=EDGE_CURVE('',#2070,#2070,#390,.T.);
#2529=EDGE_CURVE('',#2070,#2071,#1486,.T.);
#2530=EDGE_CURVE('',#2071,#2071,#391,.T.);
#2531=EDGE_CURVE('',#2072,#2072,#392,.T.);
#2532=EDGE_CURVE('',#2072,#2073,#1487,.T.);
#2533=EDGE_CURVE('',#2073,#2073,#393,.T.);
#2534=EDGE_CURVE('',#2074,#2074,#394,.T.);
#2535=EDGE_CURVE('',#2074,#2075,#1488,.T.);
#2536=EDGE_CURVE('',#2075,#2075,#395,.T.);
#2537=EDGE_CURVE('',#2076,#2076,#396,.T.);
#2538=EDGE_CURVE('',#2076,#2077,#1489,.T.);
#2539=EDGE_CURVE('',#2077,#2077,#397,.T.);
#2540=EDGE_CURVE('',#2078,#2078,#398,.T.);
#2541=EDGE_CURVE('',#2078,#2079,#1490,.T.);
#2542=EDGE_CURVE('',#2079,#2079,#399,.T.);
#2543=EDGE_CURVE('',#2080,#2080,#400,.T.);
#2544=EDGE_CURVE('',#2080,#2081,#1491,.T.);
#2545=EDGE_CURVE('',#2081,#2081,#401,.T.);
#2546=EDGE_CURVE('',#2082,#2082,#402,.T.);
#2547=EDGE_CURVE('',#2082,#2083,#1492,.T.);
#2548=EDGE_CURVE('',#2083,#2083,#403,.T.);
#2549=EDGE_CURVE('',#2084,#2084,#404,.T.);
#2550=EDGE_CURVE('',#2084,#2085,#1493,.T.);
#2551=EDGE_CURVE('',#2085,#2085,#405,.T.);
#2552=EDGE_CURVE('',#2086,#2086,#406,.T.);
#2553=EDGE_CURVE('',#2086,#2087,#1494,.T.);
#2554=EDGE_CURVE('',#2087,#2087,#407,.T.);
#2555=EDGE_CURVE('',#2088,#2088,#408,.T.);
#2556=EDGE_CURVE('',#2088,#2089,#1495,.T.);
#2557=EDGE_CURVE('',#2089,#2089,#409,.T.);
#2558=EDGE_CURVE('',#2090,#2090,#410,.T.);
#2559=EDGE_CURVE('',#2090,#2091,#1496,.T.);
#2560=EDGE_CURVE('',#2091,#2091,#411,.T.);
#2561=EDGE_CURVE('',#2092,#2092,#412,.T.);
#2562=EDGE_CURVE('',#2092,#2093,#1497,.T.);
#2563=EDGE_CURVE('',#2093,#2093,#413,.T.);
#2564=EDGE_CURVE('',#2094,#2094,#414,.T.);
#2565=EDGE_CURVE('',#2094,#2095,#1498,.T.);
#2566=EDGE_CURVE('',#2095,#2095,#415,.T.);
#2567=EDGE_CURVE('',#2096,#2096,#416,.T.);
#2568=EDGE_CURVE('',#2096,#2097,#1499,.T.);
#2569=EDGE_CURVE('',#2097,#2097,#417,.T.);
#2570=EDGE_CURVE('',#2098,#2098,#418,.T.);
#2571=EDGE_CURVE('',#2098,#2099,#1500,.T.);
#2572=EDGE_CURVE('',#2099,#2099,#419,.T.);
#2573=EDGE_CURVE('',#2100,#2100,#420,.T.);
#2574=EDGE_CURVE('',#2100,#2101,#1501,.T.);
#2575=EDGE_CURVE('',#2101,#2101,#421,.T.);
#2576=EDGE_CURVE('',#2102,#2102,#422,.T.);
#2577=EDGE_CURVE('',#2102,#2103,#1502,.T.);
#2578=EDGE_CURVE('',#2103,#2103,#423,.T.);
#2579=EDGE_CURVE('',#2104,#2104,#424,.T.);
#2580=EDGE_CURVE('',#2104,#2105,#1503,.T.);
#2581=EDGE_CURVE('',#2105,#2105,#425,.T.);
#2582=EDGE_CURVE('',#2106,#2106,#426,.T.);
#2583=EDGE_CURVE('',#2106,#2107,#1504,.T.);
#2584=EDGE_CURVE('',#2107,#2107,#427,.T.);
#2585=EDGE_CURVE('',#2108,#2108,#428,.T.);
#2586=EDGE_CURVE('',#2108,#2109,#1505,.T.);
#2587=EDGE_CURVE('',#2109,#2109,#429,.T.);
#2588=EDGE_CURVE('',#2110,#2110,#430,.T.);
#2589=EDGE_CURVE('',#2110,#2111,#1506,.T.);
#2590=EDGE_CURVE('',#2111,#2111,#431,.T.);
#2591=EDGE_CURVE('',#2112,#2112,#432,.T.);
#2592=EDGE_CURVE('',#2112,#2113,#1507,.T.);
#2593=EDGE_CURVE('',#2113,#2113,#433,.T.);
#2594=EDGE_CURVE('',#2114,#2114,#434,.T.);
#2595=EDGE_CURVE('',#2114,#2115,#1508,.T.);
#2596=EDGE_CURVE('',#2115,#2115,#435,.T.);
#2597=EDGE_CURVE('',#2116,#2116,#436,.T.);
#2598=EDGE_CURVE('',#2116,#2117,#1509,.T.);
#2599=EDGE_CURVE('',#2117,#2117,#437,.T.);
#2600=EDGE_CURVE('',#2118,#2118,#438,.T.);
#2601=EDGE_CURVE('',#2118,#2119,#1510,.T.);
#2602=EDGE_CURVE('',#2119,#2119,#439,.T.);
#2603=EDGE_CURVE('',#2120,#2120,#440,.T.);
#2604=EDGE_CURVE('',#2120,#2121,#1511,.T.);
#2605=EDGE_CURVE('',#2121,#2121,#441,.T.);
#2606=EDGE_CURVE('',#2122,#2122,#442,.T.);
#2607=EDGE_CURVE('',#2122,#2123,#1512,.T.);
#2608=EDGE_CURVE('',#2123,#2123,#443,.T.);
#2609=EDGE_CURVE('',#2124,#2124,#444,.T.);
#2610=EDGE_CURVE('',#2124,#2125,#1513,.T.);
#2611=EDGE_CURVE('',#2125,#2125,#445,.T.);
#2612=EDGE_CURVE('',#2126,#2126,#446,.T.);
#2613=EDGE_CURVE('',#2126,#2127,#1514,.T.);
#2614=EDGE_CURVE('',#2127,#2127,#447,.T.);
#2615=EDGE_CURVE('',#2128,#2128,#448,.T.);
#2616=EDGE_CURVE('',#2128,#2129,#1515,.T.);
#2617=EDGE_CURVE('',#2129,#2129,#449,.T.);
#2618=EDGE_CURVE('',#2130,#2130,#450,.T.);
#2619=EDGE_CURVE('',#2130,#2131,#1516,.T.);
#2620=EDGE_CURVE('',#2131,#2131,#451,.T.);
#2621=EDGE_CURVE('',#2132,#2132,#452,.T.);
#2622=EDGE_CURVE('',#2132,#2133,#1517,.T.);
#2623=EDGE_CURVE('',#2133,#2133,#453,.T.);
#2624=EDGE_CURVE('',#2134,#2134,#454,.T.);
#2625=EDGE_CURVE('',#2134,#2135,#1518,.T.);
#2626=EDGE_CURVE('',#2135,#2135,#455,.T.);
#2627=EDGE_CURVE('',#2136,#2136,#456,.T.);
#2628=EDGE_CURVE('',#2136,#2137,#1519,.T.);
#2629=EDGE_CURVE('',#2137,#2137,#457,.T.);
#2630=EDGE_CURVE('',#2138,#2138,#458,.T.);
#2631=EDGE_CURVE('',#2138,#2139,#1520,.T.);
#2632=EDGE_CURVE('',#2139,#2139,#459,.T.);
#2633=EDGE_CURVE('',#2140,#2140,#460,.T.);
#2634=EDGE_CURVE('',#2140,#2141,#1521,.T.);
#2635=EDGE_CURVE('',#2141,#2141,#461,.T.);
#2636=EDGE_CURVE('',#2142,#2142,#462,.T.);
#2637=EDGE_CURVE('',#2142,#2143,#1522,.T.);
#2638=EDGE_CURVE('',#2143,#2143,#463,.T.);
#2639=EDGE_CURVE('',#2144,#2144,#464,.T.);
#2640=EDGE_CURVE('',#2144,#2145,#1523,.T.);
#2641=EDGE_CURVE('',#2145,#2145,#465,.T.);
#2642=EDGE_CURVE('',#2146,#2146,#466,.T.);
#2643=EDGE_CURVE('',#2146,#2147,#1524,.T.);
#2644=EDGE_CURVE('',#2147,#2147,#467,.T.);
#2645=EDGE_CURVE('',#2148,#2148,#468,.T.);
#2646=EDGE_CURVE('',#2148,#2149,#1525,.T.);
#2647=EDGE_CURVE('',#2149,#2149,#469,.T.);
#2648=EDGE_CURVE('',#2150,#2150,#470,.T.);
#2649=EDGE_CURVE('',#2150,#2151,#1526,.T.);
#2650=EDGE_CURVE('',#2151,#2151,#471,.T.);
#2651=EDGE_CURVE('',#2152,#2152,#472,.T.);
#2652=EDGE_CURVE('',#2152,#2153,#1527,.T.);
#2653=EDGE_CURVE('',#2153,#2153,#473,.T.);
#2654=EDGE_CURVE('',#2154,#2154,#474,.T.);
#2655=EDGE_CURVE('',#2154,#2155,#1528,.T.);
#2656=EDGE_CURVE('',#2155,#2155,#475,.T.);
#2657=EDGE_CURVE('',#2156,#2156,#476,.T.);
#2658=EDGE_CURVE('',#2156,#2157,#1529,.T.);
#2659=EDGE_CURVE('',#2157,#2157,#477,.T.);
#2660=EDGE_CURVE('',#2158,#2158,#478,.T.);
#2661=EDGE_CURVE('',#2158,#2159,#1530,.T.);
#2662=EDGE_CURVE('',#2159,#2159,#479,.T.);
#2663=EDGE_CURVE('',#2160,#2160,#480,.T.);
#2664=EDGE_CURVE('',#2160,#2161,#1531,.T.);
#2665=EDGE_CURVE('',#2161,#2161,#481,.T.);
#2666=EDGE_CURVE('',#2162,#2162,#482,.T.);
#2667=EDGE_CURVE('',#2162,#2163,#1532,.T.);
#2668=EDGE_CURVE('',#2163,#2163,#483,.T.);
#2669=EDGE_CURVE('',#2164,#2164,#484,.T.);
#2670=EDGE_CURVE('',#2164,#2165,#1533,.T.);
#2671=EDGE_CURVE('',#2165,#2165,#485,.T.);
#2672=EDGE_CURVE('',#2166,#2166,#486,.T.);
#2673=EDGE_CURVE('',#2166,#2167,#1534,.T.);
#2674=EDGE_CURVE('',#2167,#2167,#487,.T.);
#2675=EDGE_CURVE('',#2168,#2168,#488,.T.);
#2676=EDGE_CURVE('',#2168,#2169,#1535,.T.);
#2677=EDGE_CURVE('',#2169,#2169,#489,.T.);
#2678=EDGE_CURVE('',#2170,#2170,#490,.T.);
#2679=EDGE_CURVE('',#2170,#2171,#1536,.T.);
#2680=EDGE_CURVE('',#2171,#2171,#491,.T.);
#2681=EDGE_CURVE('',#2172,#2172,#492,.T.);
#2682=EDGE_CURVE('',#2172,#2173,#1537,.T.);
#2683=EDGE_CURVE('',#2173,#2173,#493,.T.);
#2684=EDGE_CURVE('',#2174,#2174,#494,.T.);
#2685=EDGE_CURVE('',#2174,#2175,#1538,.T.);
#2686=EDGE_CURVE('',#2175,#2175,#495,.T.);
#2687=EDGE_CURVE('',#2176,#2176,#496,.T.);
#2688=EDGE_CURVE('',#2176,#2177,#1539,.T.);
#2689=EDGE_CURVE('',#2177,#2177,#497,.T.);
#2690=EDGE_CURVE('',#2178,#2178,#498,.T.);
#2691=EDGE_CURVE('',#2178,#2179,#1540,.T.);
#2692=EDGE_CURVE('',#2179,#2179,#499,.T.);
#2693=EDGE_CURVE('',#2180,#2180,#500,.T.);
#2694=EDGE_CURVE('',#2180,#2181,#1541,.T.);
#2695=EDGE_CURVE('',#2181,#2181,#501,.T.);
#2696=EDGE_CURVE('',#2182,#2182,#502,.T.);
#2697=EDGE_CURVE('',#2182,#2183,#1542,.T.);
#2698=EDGE_CURVE('',#2183,#2183,#503,.T.);
#2699=EDGE_CURVE('',#2184,#2184,#504,.T.);
#2700=EDGE_CURVE('',#2184,#2185,#1543,.T.);
#2701=EDGE_CURVE('',#2185,#2185,#505,.T.);
#2702=EDGE_CURVE('',#2186,#2186,#506,.T.);
#2703=EDGE_CURVE('',#2186,#2187,#1544,.T.);
#2704=EDGE_CURVE('',#2187,#2187,#507,.T.);
#2705=EDGE_CURVE('',#2188,#2188,#508,.T.);
#2706=EDGE_CURVE('',#2188,#2189,#1545,.T.);
#2707=EDGE_CURVE('',#2189,#2189,#509,.T.);
#2708=EDGE_CURVE('',#2190,#2190,#510,.T.);
#2709=EDGE_CURVE('',#2190,#2191,#1546,.T.);
#2710=EDGE_CURVE('',#2191,#2191,#511,.T.);
#2711=EDGE_CURVE('',#2192,#2192,#512,.T.);
#2712=EDGE_CURVE('',#2192,#2193,#1547,.T.);
#2713=EDGE_CURVE('',#2193,#2193,#513,.T.);
#2714=EDGE_CURVE('',#2194,#2194,#514,.T.);
#2715=EDGE_CURVE('',#2194,#2195,#1548,.T.);
#2716=EDGE_CURVE('',#2195,#2195,#515,.T.);
#2717=EDGE_CURVE('',#2196,#2196,#516,.T.);
#2718=EDGE_CURVE('',#2196,#2197,#1549,.T.);
#2719=EDGE_CURVE('',#2197,#2197,#517,.T.);
#2720=EDGE_CURVE('',#2198,#2198,#518,.T.);
#2721=EDGE_CURVE('',#2198,#2199,#1550,.T.);
#2722=EDGE_CURVE('',#2199,#2199,#519,.T.);
#2723=EDGE_CURVE('',#2200,#2200,#520,.T.);
#2724=EDGE_CURVE('',#2200,#2201,#1551,.T.);
#2725=EDGE_CURVE('',#2201,#2201,#521,.T.);
#2726=EDGE_CURVE('',#2202,#2203,#1552,.T.);
#2727=EDGE_CURVE('',#2202,#2204,#1553,.T.);
#2728=EDGE_CURVE('',#2204,#2205,#1554,.T.);
#2729=EDGE_CURVE('',#2205,#2203,#1555,.T.);
#2730=EDGE_CURVE('',#2206,#2202,#1556,.T.);
#2731=EDGE_CURVE('',#2206,#2207,#1557,.T.);
#2732=EDGE_CURVE('',#2208,#2207,#1558,.T.);
#2733=EDGE_CURVE('',#2209,#2208,#1559,.T.);
#2734=EDGE_CURVE('',#2209,#2210,#1560,.T.);
#2735=EDGE_CURVE('',#2210,#2211,#1561,.T.);
#2736=EDGE_CURVE('',#2211,#2212,#1562,.T.);
#2737=EDGE_CURVE('',#2213,#2212,#1563,.T.);
#2738=EDGE_CURVE('',#2213,#2214,#1564,.T.);
#2739=EDGE_CURVE('',#2214,#2215,#1565,.T.);
#2740=EDGE_CURVE('',#2216,#2215,#1566,.T.);
#2741=EDGE_CURVE('',#2216,#2217,#1567,.T.);
#2742=EDGE_CURVE('',#2217,#2218,#1568,.T.);
#2743=EDGE_CURVE('',#2218,#2219,#1569,.T.);
#2744=EDGE_CURVE('',#2219,#2204,#1570,.T.);
#2745=EDGE_CURVE('',#2203,#2220,#1571,.T.);
#2746=EDGE_CURVE('',#2205,#2221,#1572,.T.);
#2747=EDGE_CURVE('',#2221,#2222,#1573,.T.);
#2748=EDGE_CURVE('',#2223,#2222,#1574,.T.);
#2749=EDGE_CURVE('',#2224,#2223,#1575,.T.);
#2750=EDGE_CURVE('',#2224,#2225,#1576,.T.);
#2751=EDGE_CURVE('',#2225,#2226,#1577,.T.);
#2752=EDGE_CURVE('',#2227,#2226,#1578,.T.);
#2753=EDGE_CURVE('',#2227,#2228,#1579,.T.);
#2754=EDGE_CURVE('',#2228,#2229,#1580,.T.);
#2755=EDGE_CURVE('',#2229,#2220,#1581,.T.);
#2756=EDGE_CURVE('',#2206,#2220,#1582,.T.);
#2757=EDGE_CURVE('',#2229,#2207,#1583,.T.);
#2758=EDGE_CURVE('',#2230,#2214,#1584,.T.);
#2759=EDGE_CURVE('',#2231,#2230,#1585,.T.);
#2760=EDGE_CURVE('',#2211,#2231,#1586,.T.);
#2761=EDGE_CURVE('',#2226,#2210,#1587,.T.);
#2762=EDGE_CURVE('',#2225,#2215,#1588,.T.);
#2763=EDGE_CURVE('',#2212,#2232,#1589,.T.);
#2764=EDGE_CURVE('',#2232,#2233,#1590,.T.);
#2765=EDGE_CURVE('',#2233,#2213,#1591,.T.);
#2766=EDGE_CURVE('',#2219,#2221,#1592,.T.);
#2767=EDGE_CURVE('',#2222,#2218,#1593,.T.);
#2768=EDGE_CURVE('',#2228,#2208,#1594,.T.);
#2769=EDGE_CURVE('',#2227,#2209,#1595,.T.);
#2770=EDGE_CURVE('',#2223,#2217,#1596,.T.);
#2771=EDGE_CURVE('',#2224,#2216,#1597,.T.);
#2772=EDGE_CURVE('',#2233,#2230,#1598,.T.);
#2773=EDGE_CURVE('',#2232,#2231,#1599,.T.);
#2774=ORIENTED_EDGE('',*,*,#2234,.F.);
#2775=ORIENTED_EDGE('',*,*,#2235,.F.);
#2776=ORIENTED_EDGE('',*,*,#2236,.F.);
#2777=ORIENTED_EDGE('',*,*,#2237,.F.);
#2778=ORIENTED_EDGE('',*,*,#2238,.F.);
#2779=ORIENTED_EDGE('',*,*,#2239,.F.);
#2780=ORIENTED_EDGE('',*,*,#2240,.F.);
#2781=ORIENTED_EDGE('',*,*,#2241,.F.);
#2782=ORIENTED_EDGE('',*,*,#2242,.F.);
#2783=ORIENTED_EDGE('',*,*,#2243,.F.);
#2784=ORIENTED_EDGE('',*,*,#2244,.F.);
#2785=ORIENTED_EDGE('',*,*,#2245,.F.);
#2786=ORIENTED_EDGE('',*,*,#2246,.F.);
#2787=ORIENTED_EDGE('',*,*,#2247,.F.);
#2788=ORIENTED_EDGE('',*,*,#2248,.F.);
#2789=ORIENTED_EDGE('',*,*,#2249,.F.);
#2790=ORIENTED_EDGE('',*,*,#2250,.F.);
#2791=ORIENTED_EDGE('',*,*,#2251,.F.);
#2792=ORIENTED_EDGE('',*,*,#2252,.F.);
#2793=ORIENTED_EDGE('',*,*,#2253,.F.);
#2794=ORIENTED_EDGE('',*,*,#2254,.F.);
#2795=ORIENTED_EDGE('',*,*,#2255,.F.);
#2796=ORIENTED_EDGE('',*,*,#2256,.F.);
#2797=ORIENTED_EDGE('',*,*,#2257,.F.);
#2798=ORIENTED_EDGE('',*,*,#2258,.F.);
#2799=ORIENTED_EDGE('',*,*,#2259,.F.);
#2800=ORIENTED_EDGE('',*,*,#2260,.F.);
#2801=ORIENTED_EDGE('',*,*,#2261,.F.);
#2802=ORIENTED_EDGE('',*,*,#2262,.F.);
#2803=ORIENTED_EDGE('',*,*,#2263,.F.);
#2804=ORIENTED_EDGE('',*,*,#2264,.F.);
#2805=ORIENTED_EDGE('',*,*,#2265,.F.);
#2806=ORIENTED_EDGE('',*,*,#2266,.F.);
#2807=ORIENTED_EDGE('',*,*,#2267,.T.);
#2808=ORIENTED_EDGE('',*,*,#2251,.T.);
#2809=ORIENTED_EDGE('',*,*,#2268,.F.);
#2810=ORIENTED_EDGE('',*,*,#2269,.F.);
#2811=ORIENTED_EDGE('',*,*,#2270,.T.);
#2812=ORIENTED_EDGE('',*,*,#2247,.T.);
#2813=ORIENTED_EDGE('',*,*,#2271,.F.);
#2814=ORIENTED_EDGE('',*,*,#2272,.F.);
#2815=ORIENTED_EDGE('',*,*,#2273,.T.);
#2816=ORIENTED_EDGE('',*,*,#2243,.T.);
#2817=ORIENTED_EDGE('',*,*,#2274,.F.);
#2818=ORIENTED_EDGE('',*,*,#2275,.F.);
#2819=ORIENTED_EDGE('',*,*,#2276,.T.);
#2820=ORIENTED_EDGE('',*,*,#2239,.T.);
#2821=ORIENTED_EDGE('',*,*,#2277,.F.);
#2822=ORIENTED_EDGE('',*,*,#2278,.F.);
#2823=ORIENTED_EDGE('',*,*,#2279,.T.);
#2824=ORIENTED_EDGE('',*,*,#2235,.T.);
#2825=ORIENTED_EDGE('',*,*,#2280,.F.);
#2826=ORIENTED_EDGE('',*,*,#2281,.F.);
#2827=ORIENTED_EDGE('',*,*,#2282,.T.);
#2828=ORIENTED_EDGE('',*,*,#2261,.T.);
#2829=ORIENTED_EDGE('',*,*,#2283,.F.);
#2830=ORIENTED_EDGE('',*,*,#2284,.F.);
#2831=ORIENTED_EDGE('',*,*,#2285,.T.);
#2832=ORIENTED_EDGE('',*,*,#2257,.T.);
#2833=ORIENTED_EDGE('',*,*,#2286,.T.);
#2834=ORIENTED_EDGE('',*,*,#2287,.F.);
#2835=ORIENTED_EDGE('',*,*,#2288,.F.);
#2836=ORIENTED_EDGE('',*,*,#2254,.T.);
#2837=ORIENTED_EDGE('',*,*,#2289,.F.);
#2838=ORIENTED_EDGE('',*,*,#2290,.F.);
#2839=ORIENTED_EDGE('',*,*,#2265,.T.);
#2840=ORIENTED_EDGE('',*,*,#2291,.F.);
#2841=ORIENTED_EDGE('',*,*,#2292,.F.);
#2842=ORIENTED_EDGE('',*,*,#2255,.T.);
#2843=ORIENTED_EDGE('',*,*,#2288,.T.);
#2844=ORIENTED_EDGE('',*,*,#2293,.F.);
#2845=ORIENTED_EDGE('',*,*,#2286,.F.);
#2846=ORIENTED_EDGE('',*,*,#2256,.T.);
#2847=ORIENTED_EDGE('',*,*,#2292,.T.);
#2848=ORIENTED_EDGE('',*,*,#2264,.T.);
#2849=ORIENTED_EDGE('',*,*,#2293,.T.);
#2850=ORIENTED_EDGE('',*,*,#2291,.T.);
#2851=ORIENTED_EDGE('',*,*,#2287,.T.);
#2852=ORIENTED_EDGE('',*,*,#2252,.T.);
#2853=ORIENTED_EDGE('',*,*,#2267,.F.);
#2854=ORIENTED_EDGE('',*,*,#2294,.F.);
#2855=ORIENTED_EDGE('',*,*,#2295,.T.);
#2856=ORIENTED_EDGE('',*,*,#2253,.T.);
#2857=ORIENTED_EDGE('',*,*,#2295,.F.);
#2858=ORIENTED_EDGE('',*,*,#2296,.F.);
#2859=ORIENTED_EDGE('',*,*,#2289,.T.);
#2860=ORIENTED_EDGE('',*,*,#2294,.T.);
#2861=ORIENTED_EDGE('',*,*,#2266,.T.);
#2862=ORIENTED_EDGE('',*,*,#2290,.T.);
#2863=ORIENTED_EDGE('',*,*,#2296,.T.);
#2864=ORIENTED_EDGE('',*,*,#2238,.T.);
#2865=ORIENTED_EDGE('',*,*,#2297,.F.);
#2866=ORIENTED_EDGE('',*,*,#2298,.F.);
#2867=ORIENTED_EDGE('',*,*,#2277,.T.);
#2868=ORIENTED_EDGE('',*,*,#2237,.T.);
#2869=ORIENTED_EDGE('',*,*,#2299,.F.);
#2870=ORIENTED_EDGE('',*,*,#2300,.F.);
#2871=ORIENTED_EDGE('',*,*,#2297,.T.);
#2872=ORIENTED_EDGE('',*,*,#2236,.T.);
#2873=ORIENTED_EDGE('',*,*,#2279,.F.);
#2874=ORIENTED_EDGE('',*,*,#2301,.F.);
#2875=ORIENTED_EDGE('',*,*,#2299,.T.);
#2876=ORIENTED_EDGE('',*,*,#2278,.T.);
#2877=ORIENTED_EDGE('',*,*,#2298,.T.);
#2878=ORIENTED_EDGE('',*,*,#2300,.T.);
#2879=ORIENTED_EDGE('',*,*,#2301,.T.);
#2880=ORIENTED_EDGE('',*,*,#2250,.T.);
#2881=ORIENTED_EDGE('',*,*,#2302,.F.);
#2882=ORIENTED_EDGE('',*,*,#2303,.F.);
#2883=ORIENTED_EDGE('',*,*,#2268,.T.);
#2884=ORIENTED_EDGE('',*,*,#2249,.T.);
#2885=ORIENTED_EDGE('',*,*,#2304,.F.);
#2886=ORIENTED_EDGE('',*,*,#2305,.F.);
#2887=ORIENTED_EDGE('',*,*,#2302,.T.);
#2888=ORIENTED_EDGE('',*,*,#2248,.T.);
#2889=ORIENTED_EDGE('',*,*,#2270,.F.);
#2890=ORIENTED_EDGE('',*,*,#2306,.F.);
#2891=ORIENTED_EDGE('',*,*,#2304,.T.);
#2892=ORIENTED_EDGE('',*,*,#2303,.T.);
#2893=ORIENTED_EDGE('',*,*,#2305,.T.);
#2894=ORIENTED_EDGE('',*,*,#2306,.T.);
#2895=ORIENTED_EDGE('',*,*,#2269,.T.);
#2896=ORIENTED_EDGE('',*,*,#2260,.T.);
#2897=ORIENTED_EDGE('',*,*,#2307,.F.);
#2898=ORIENTED_EDGE('',*,*,#2308,.F.);
#2899=ORIENTED_EDGE('',*,*,#2283,.T.);
#2900=ORIENTED_EDGE('',*,*,#2259,.T.);
#2901=ORIENTED_EDGE('',*,*,#2309,.F.);
#2902=ORIENTED_EDGE('',*,*,#2310,.F.);
#2903=ORIENTED_EDGE('',*,*,#2307,.T.);
#2904=ORIENTED_EDGE('',*,*,#2258,.T.);
#2905=ORIENTED_EDGE('',*,*,#2285,.F.);
#2906=ORIENTED_EDGE('',*,*,#2311,.F.);
#2907=ORIENTED_EDGE('',*,*,#2309,.T.);
#2908=ORIENTED_EDGE('',*,*,#2308,.T.);
#2909=ORIENTED_EDGE('',*,*,#2310,.T.);
#2910=ORIENTED_EDGE('',*,*,#2311,.T.);
#2911=ORIENTED_EDGE('',*,*,#2284,.T.);
#2912=ORIENTED_EDGE('',*,*,#2246,.T.);
#2913=ORIENTED_EDGE('',*,*,#2312,.F.);
#2914=ORIENTED_EDGE('',*,*,#2313,.F.);
#2915=ORIENTED_EDGE('',*,*,#2271,.T.);
#2916=ORIENTED_EDGE('',*,*,#2245,.T.);
#2917=ORIENTED_EDGE('',*,*,#2314,.F.);
#2918=ORIENTED_EDGE('',*,*,#2315,.F.);
#2919=ORIENTED_EDGE('',*,*,#2312,.T.);
#2920=ORIENTED_EDGE('',*,*,#2244,.T.);
#2921=ORIENTED_EDGE('',*,*,#2273,.F.);
#2922=ORIENTED_EDGE('',*,*,#2316,.F.);
#2923=ORIENTED_EDGE('',*,*,#2314,.T.);
#2924=ORIENTED_EDGE('',*,*,#2272,.T.);
#2925=ORIENTED_EDGE('',*,*,#2313,.T.);
#2926=ORIENTED_EDGE('',*,*,#2315,.T.);
#2927=ORIENTED_EDGE('',*,*,#2316,.T.);
#2928=ORIENTED_EDGE('',*,*,#2242,.T.);
#2929=ORIENTED_EDGE('',*,*,#2317,.F.);
#2930=ORIENTED_EDGE('',*,*,#2318,.F.);
#2931=ORIENTED_EDGE('',*,*,#2274,.T.);
#2932=ORIENTED_EDGE('',*,*,#2241,.T.);
#2933=ORIENTED_EDGE('',*,*,#2319,.F.);
#2934=ORIENTED_EDGE('',*,*,#2320,.F.);
#2935=ORIENTED_EDGE('',*,*,#2317,.T.);
#2936=ORIENTED_EDGE('',*,*,#2240,.T.);
#2937=ORIENTED_EDGE('',*,*,#2276,.F.);
#2938=ORIENTED_EDGE('',*,*,#2321,.F.);
#2939=ORIENTED_EDGE('',*,*,#2319,.T.);
#2940=ORIENTED_EDGE('',*,*,#2275,.T.);
#2941=ORIENTED_EDGE('',*,*,#2318,.T.);
#2942=ORIENTED_EDGE('',*,*,#2320,.T.);
#2943=ORIENTED_EDGE('',*,*,#2321,.T.);
#2944=ORIENTED_EDGE('',*,*,#2234,.T.);
#2945=ORIENTED_EDGE('',*,*,#2322,.F.);
#2946=ORIENTED_EDGE('',*,*,#2323,.F.);
#2947=ORIENTED_EDGE('',*,*,#2280,.T.);
#2948=ORIENTED_EDGE('',*,*,#2263,.T.);
#2949=ORIENTED_EDGE('',*,*,#2324,.F.);
#2950=ORIENTED_EDGE('',*,*,#2325,.F.);
#2951=ORIENTED_EDGE('',*,*,#2322,.T.);
#2952=ORIENTED_EDGE('',*,*,#2262,.T.);
#2953=ORIENTED_EDGE('',*,*,#2282,.F.);
#2954=ORIENTED_EDGE('',*,*,#2326,.F.);
#2955=ORIENTED_EDGE('',*,*,#2324,.T.);
#2956=ORIENTED_EDGE('',*,*,#2281,.T.);
#2957=ORIENTED_EDGE('',*,*,#2323,.T.);
#2958=ORIENTED_EDGE('',*,*,#2325,.T.);
#2959=ORIENTED_EDGE('',*,*,#2326,.T.);
#2960=ORIENTED_EDGE('',*,*,#2327,.F.);
#2961=ORIENTED_EDGE('',*,*,#2328,.T.);
#2962=ORIENTED_EDGE('',*,*,#2329,.T.);
#2963=ORIENTED_EDGE('',*,*,#2328,.F.);
#2964=ORIENTED_EDGE('',*,*,#2330,.F.);
#2965=ORIENTED_EDGE('',*,*,#2331,.T.);
#2966=ORIENTED_EDGE('',*,*,#2332,.T.);
#2967=ORIENTED_EDGE('',*,*,#2331,.F.);
#2968=ORIENTED_EDGE('',*,*,#2333,.F.);
#2969=ORIENTED_EDGE('',*,*,#2334,.T.);
#2970=ORIENTED_EDGE('',*,*,#2335,.T.);
#2971=ORIENTED_EDGE('',*,*,#2334,.F.);
#2972=ORIENTED_EDGE('',*,*,#2336,.F.);
#2973=ORIENTED_EDGE('',*,*,#2337,.T.);
#2974=ORIENTED_EDGE('',*,*,#2338,.T.);
#2975=ORIENTED_EDGE('',*,*,#2337,.F.);
#2976=ORIENTED_EDGE('',*,*,#2339,.F.);
#2977=ORIENTED_EDGE('',*,*,#2340,.T.);
#2978=ORIENTED_EDGE('',*,*,#2341,.T.);
#2979=ORIENTED_EDGE('',*,*,#2340,.F.);
#2980=ORIENTED_EDGE('',*,*,#2342,.F.);
#2981=ORIENTED_EDGE('',*,*,#2343,.T.);
#2982=ORIENTED_EDGE('',*,*,#2344,.T.);
#2983=ORIENTED_EDGE('',*,*,#2343,.F.);
#2984=ORIENTED_EDGE('',*,*,#2345,.F.);
#2985=ORIENTED_EDGE('',*,*,#2346,.T.);
#2986=ORIENTED_EDGE('',*,*,#2347,.T.);
#2987=ORIENTED_EDGE('',*,*,#2346,.F.);
#2988=ORIENTED_EDGE('',*,*,#2348,.F.);
#2989=ORIENTED_EDGE('',*,*,#2349,.T.);
#2990=ORIENTED_EDGE('',*,*,#2350,.T.);
#2991=ORIENTED_EDGE('',*,*,#2349,.F.);
#2992=ORIENTED_EDGE('',*,*,#2351,.F.);
#2993=ORIENTED_EDGE('',*,*,#2352,.T.);
#2994=ORIENTED_EDGE('',*,*,#2353,.T.);
#2995=ORIENTED_EDGE('',*,*,#2352,.F.);
#2996=ORIENTED_EDGE('',*,*,#2354,.F.);
#2997=ORIENTED_EDGE('',*,*,#2355,.T.);
#2998=ORIENTED_EDGE('',*,*,#2356,.T.);
#2999=ORIENTED_EDGE('',*,*,#2355,.F.);
#3000=ORIENTED_EDGE('',*,*,#2357,.F.);
#3001=ORIENTED_EDGE('',*,*,#2358,.T.);
#3002=ORIENTED_EDGE('',*,*,#2359,.T.);
#3003=ORIENTED_EDGE('',*,*,#2358,.F.);
#3004=ORIENTED_EDGE('',*,*,#2360,.F.);
#3005=ORIENTED_EDGE('',*,*,#2361,.T.);
#3006=ORIENTED_EDGE('',*,*,#2362,.T.);
#3007=ORIENTED_EDGE('',*,*,#2361,.F.);
#3008=ORIENTED_EDGE('',*,*,#2363,.F.);
#3009=ORIENTED_EDGE('',*,*,#2364,.T.);
#3010=ORIENTED_EDGE('',*,*,#2365,.T.);
#3011=ORIENTED_EDGE('',*,*,#2364,.F.);
#3012=ORIENTED_EDGE('',*,*,#2366,.F.);
#3013=ORIENTED_EDGE('',*,*,#2367,.T.);
#3014=ORIENTED_EDGE('',*,*,#2368,.T.);
#3015=ORIENTED_EDGE('',*,*,#2367,.F.);
#3016=ORIENTED_EDGE('',*,*,#2369,.F.);
#3017=ORIENTED_EDGE('',*,*,#2370,.T.);
#3018=ORIENTED_EDGE('',*,*,#2371,.T.);
#3019=ORIENTED_EDGE('',*,*,#2370,.F.);
#3020=ORIENTED_EDGE('',*,*,#2372,.F.);
#3021=ORIENTED_EDGE('',*,*,#2373,.T.);
#3022=ORIENTED_EDGE('',*,*,#2374,.T.);
#3023=ORIENTED_EDGE('',*,*,#2373,.F.);
#3024=ORIENTED_EDGE('',*,*,#2375,.F.);
#3025=ORIENTED_EDGE('',*,*,#2376,.T.);
#3026=ORIENTED_EDGE('',*,*,#2377,.T.);
#3027=ORIENTED_EDGE('',*,*,#2376,.F.);
#3028=ORIENTED_EDGE('',*,*,#2378,.F.);
#3029=ORIENTED_EDGE('',*,*,#2379,.T.);
#3030=ORIENTED_EDGE('',*,*,#2380,.T.);
#3031=ORIENTED_EDGE('',*,*,#2379,.F.);
#3032=ORIENTED_EDGE('',*,*,#2381,.F.);
#3033=ORIENTED_EDGE('',*,*,#2382,.T.);
#3034=ORIENTED_EDGE('',*,*,#2383,.T.);
#3035=ORIENTED_EDGE('',*,*,#2382,.F.);
#3036=ORIENTED_EDGE('',*,*,#2384,.F.);
#3037=ORIENTED_EDGE('',*,*,#2385,.T.);
#3038=ORIENTED_EDGE('',*,*,#2386,.T.);
#3039=ORIENTED_EDGE('',*,*,#2385,.F.);
#3040=ORIENTED_EDGE('',*,*,#2387,.F.);
#3041=ORIENTED_EDGE('',*,*,#2388,.T.);
#3042=ORIENTED_EDGE('',*,*,#2389,.T.);
#3043=ORIENTED_EDGE('',*,*,#2388,.F.);
#3044=ORIENTED_EDGE('',*,*,#2390,.F.);
#3045=ORIENTED_EDGE('',*,*,#2391,.T.);
#3046=ORIENTED_EDGE('',*,*,#2392,.T.);
#3047=ORIENTED_EDGE('',*,*,#2391,.F.);
#3048=ORIENTED_EDGE('',*,*,#2393,.T.);
#3049=ORIENTED_EDGE('',*,*,#2394,.T.);
#3050=ORIENTED_EDGE('',*,*,#2395,.F.);
#3051=ORIENTED_EDGE('',*,*,#2394,.F.);
#3052=ORIENTED_EDGE('',*,*,#2396,.F.);
#3053=ORIENTED_EDGE('',*,*,#2397,.T.);
#3054=ORIENTED_EDGE('',*,*,#2398,.T.);
#3055=ORIENTED_EDGE('',*,*,#2397,.F.);
#3056=ORIENTED_EDGE('',*,*,#2399,.T.);
#3057=ORIENTED_EDGE('',*,*,#2400,.T.);
#3058=ORIENTED_EDGE('',*,*,#2401,.F.);
#3059=ORIENTED_EDGE('',*,*,#2400,.F.);
#3060=ORIENTED_EDGE('',*,*,#2402,.T.);
#3061=ORIENTED_EDGE('',*,*,#2403,.T.);
#3062=ORIENTED_EDGE('',*,*,#2404,.F.);
#3063=ORIENTED_EDGE('',*,*,#2403,.F.);
#3064=ORIENTED_EDGE('',*,*,#2405,.T.);
#3065=ORIENTED_EDGE('',*,*,#2406,.T.);
#3066=ORIENTED_EDGE('',*,*,#2407,.F.);
#3067=ORIENTED_EDGE('',*,*,#2406,.F.);
#3068=ORIENTED_EDGE('',*,*,#2408,.T.);
#3069=ORIENTED_EDGE('',*,*,#2409,.T.);
#3070=ORIENTED_EDGE('',*,*,#2410,.F.);
#3071=ORIENTED_EDGE('',*,*,#2409,.F.);
#3072=ORIENTED_EDGE('',*,*,#2411,.T.);
#3073=ORIENTED_EDGE('',*,*,#2412,.T.);
#3074=ORIENTED_EDGE('',*,*,#2413,.F.);
#3075=ORIENTED_EDGE('',*,*,#2412,.F.);
#3076=ORIENTED_EDGE('',*,*,#2414,.F.);
#3077=ORIENTED_EDGE('',*,*,#2415,.T.);
#3078=ORIENTED_EDGE('',*,*,#2416,.T.);
#3079=ORIENTED_EDGE('',*,*,#2415,.F.);
#3080=ORIENTED_EDGE('',*,*,#2417,.F.);
#3081=ORIENTED_EDGE('',*,*,#2418,.T.);
#3082=ORIENTED_EDGE('',*,*,#2419,.T.);
#3083=ORIENTED_EDGE('',*,*,#2418,.F.);
#3084=ORIENTED_EDGE('',*,*,#2420,.F.);
#3085=ORIENTED_EDGE('',*,*,#2421,.T.);
#3086=ORIENTED_EDGE('',*,*,#2422,.T.);
#3087=ORIENTED_EDGE('',*,*,#2421,.F.);
#3088=ORIENTED_EDGE('',*,*,#2423,.F.);
#3089=ORIENTED_EDGE('',*,*,#2424,.T.);
#3090=ORIENTED_EDGE('',*,*,#2425,.T.);
#3091=ORIENTED_EDGE('',*,*,#2424,.F.);
#3092=ORIENTED_EDGE('',*,*,#2426,.T.);
#3093=ORIENTED_EDGE('',*,*,#2427,.T.);
#3094=ORIENTED_EDGE('',*,*,#2428,.F.);
#3095=ORIENTED_EDGE('',*,*,#2427,.F.);
#3096=ORIENTED_EDGE('',*,*,#2429,.T.);
#3097=ORIENTED_EDGE('',*,*,#2430,.T.);
#3098=ORIENTED_EDGE('',*,*,#2431,.F.);
#3099=ORIENTED_EDGE('',*,*,#2430,.F.);
#3100=ORIENTED_EDGE('',*,*,#2432,.T.);
#3101=ORIENTED_EDGE('',*,*,#2433,.T.);
#3102=ORIENTED_EDGE('',*,*,#2434,.F.);
#3103=ORIENTED_EDGE('',*,*,#2433,.F.);
#3104=ORIENTED_EDGE('',*,*,#2435,.T.);
#3105=ORIENTED_EDGE('',*,*,#2436,.T.);
#3106=ORIENTED_EDGE('',*,*,#2437,.F.);
#3107=ORIENTED_EDGE('',*,*,#2436,.F.);
#3108=ORIENTED_EDGE('',*,*,#2438,.T.);
#3109=ORIENTED_EDGE('',*,*,#2439,.T.);
#3110=ORIENTED_EDGE('',*,*,#2440,.F.);
#3111=ORIENTED_EDGE('',*,*,#2439,.F.);
#3112=ORIENTED_EDGE('',*,*,#2441,.T.);
#3113=ORIENTED_EDGE('',*,*,#2442,.T.);
#3114=ORIENTED_EDGE('',*,*,#2443,.F.);
#3115=ORIENTED_EDGE('',*,*,#2442,.F.);
#3116=ORIENTED_EDGE('',*,*,#2444,.T.);
#3117=ORIENTED_EDGE('',*,*,#2445,.T.);
#3118=ORIENTED_EDGE('',*,*,#2446,.F.);
#3119=ORIENTED_EDGE('',*,*,#2445,.F.);
#3120=ORIENTED_EDGE('',*,*,#2447,.T.);
#3121=ORIENTED_EDGE('',*,*,#2448,.T.);
#3122=ORIENTED_EDGE('',*,*,#2449,.F.);
#3123=ORIENTED_EDGE('',*,*,#2448,.F.);
#3124=ORIENTED_EDGE('',*,*,#2450,.T.);
#3125=ORIENTED_EDGE('',*,*,#2451,.T.);
#3126=ORIENTED_EDGE('',*,*,#2452,.F.);
#3127=ORIENTED_EDGE('',*,*,#2451,.F.);
#3128=ORIENTED_EDGE('',*,*,#2453,.T.);
#3129=ORIENTED_EDGE('',*,*,#2454,.T.);
#3130=ORIENTED_EDGE('',*,*,#2455,.F.);
#3131=ORIENTED_EDGE('',*,*,#2454,.F.);
#3132=ORIENTED_EDGE('',*,*,#2456,.T.);
#3133=ORIENTED_EDGE('',*,*,#2457,.T.);
#3134=ORIENTED_EDGE('',*,*,#2458,.F.);
#3135=ORIENTED_EDGE('',*,*,#2457,.F.);
#3136=ORIENTED_EDGE('',*,*,#2459,.T.);
#3137=ORIENTED_EDGE('',*,*,#2460,.T.);
#3138=ORIENTED_EDGE('',*,*,#2461,.F.);
#3139=ORIENTED_EDGE('',*,*,#2460,.F.);
#3140=ORIENTED_EDGE('',*,*,#2462,.T.);
#3141=ORIENTED_EDGE('',*,*,#2463,.T.);
#3142=ORIENTED_EDGE('',*,*,#2464,.F.);
#3143=ORIENTED_EDGE('',*,*,#2463,.F.);
#3144=ORIENTED_EDGE('',*,*,#2465,.T.);
#3145=ORIENTED_EDGE('',*,*,#2466,.T.);
#3146=ORIENTED_EDGE('',*,*,#2467,.F.);
#3147=ORIENTED_EDGE('',*,*,#2466,.F.);
#3148=ORIENTED_EDGE('',*,*,#2468,.T.);
#3149=ORIENTED_EDGE('',*,*,#2469,.T.);
#3150=ORIENTED_EDGE('',*,*,#2470,.F.);
#3151=ORIENTED_EDGE('',*,*,#2469,.F.);
#3152=ORIENTED_EDGE('',*,*,#2471,.T.);
#3153=ORIENTED_EDGE('',*,*,#2472,.T.);
#3154=ORIENTED_EDGE('',*,*,#2473,.F.);
#3155=ORIENTED_EDGE('',*,*,#2472,.F.);
#3156=ORIENTED_EDGE('',*,*,#2474,.T.);
#3157=ORIENTED_EDGE('',*,*,#2475,.T.);
#3158=ORIENTED_EDGE('',*,*,#2476,.F.);
#3159=ORIENTED_EDGE('',*,*,#2475,.F.);
#3160=ORIENTED_EDGE('',*,*,#2477,.T.);
#3161=ORIENTED_EDGE('',*,*,#2478,.T.);
#3162=ORIENTED_EDGE('',*,*,#2479,.F.);
#3163=ORIENTED_EDGE('',*,*,#2478,.F.);
#3164=ORIENTED_EDGE('',*,*,#2480,.T.);
#3165=ORIENTED_EDGE('',*,*,#2481,.T.);
#3166=ORIENTED_EDGE('',*,*,#2482,.F.);
#3167=ORIENTED_EDGE('',*,*,#2481,.F.);
#3168=ORIENTED_EDGE('',*,*,#2483,.T.);
#3169=ORIENTED_EDGE('',*,*,#2484,.T.);
#3170=ORIENTED_EDGE('',*,*,#2485,.F.);
#3171=ORIENTED_EDGE('',*,*,#2484,.F.);
#3172=ORIENTED_EDGE('',*,*,#2486,.T.);
#3173=ORIENTED_EDGE('',*,*,#2487,.T.);
#3174=ORIENTED_EDGE('',*,*,#2488,.F.);
#3175=ORIENTED_EDGE('',*,*,#2487,.F.);
#3176=ORIENTED_EDGE('',*,*,#2489,.T.);
#3177=ORIENTED_EDGE('',*,*,#2490,.T.);
#3178=ORIENTED_EDGE('',*,*,#2491,.F.);
#3179=ORIENTED_EDGE('',*,*,#2490,.F.);
#3180=ORIENTED_EDGE('',*,*,#2492,.T.);
#3181=ORIENTED_EDGE('',*,*,#2493,.T.);
#3182=ORIENTED_EDGE('',*,*,#2494,.F.);
#3183=ORIENTED_EDGE('',*,*,#2493,.F.);
#3184=ORIENTED_EDGE('',*,*,#2495,.T.);
#3185=ORIENTED_EDGE('',*,*,#2496,.T.);
#3186=ORIENTED_EDGE('',*,*,#2497,.F.);
#3187=ORIENTED_EDGE('',*,*,#2496,.F.);
#3188=ORIENTED_EDGE('',*,*,#2498,.T.);
#3189=ORIENTED_EDGE('',*,*,#2499,.T.);
#3190=ORIENTED_EDGE('',*,*,#2500,.F.);
#3191=ORIENTED_EDGE('',*,*,#2499,.F.);
#3192=ORIENTED_EDGE('',*,*,#2501,.T.);
#3193=ORIENTED_EDGE('',*,*,#2502,.T.);
#3194=ORIENTED_EDGE('',*,*,#2503,.F.);
#3195=ORIENTED_EDGE('',*,*,#2502,.F.);
#3196=ORIENTED_EDGE('',*,*,#2504,.T.);
#3197=ORIENTED_EDGE('',*,*,#2505,.T.);
#3198=ORIENTED_EDGE('',*,*,#2506,.F.);
#3199=ORIENTED_EDGE('',*,*,#2505,.F.);
#3200=ORIENTED_EDGE('',*,*,#2507,.F.);
#3201=ORIENTED_EDGE('',*,*,#2508,.T.);
#3202=ORIENTED_EDGE('',*,*,#2509,.T.);
#3203=ORIENTED_EDGE('',*,*,#2508,.F.);
#3204=ORIENTED_EDGE('',*,*,#2510,.F.);
#3205=ORIENTED_EDGE('',*,*,#2511,.T.);
#3206=ORIENTED_EDGE('',*,*,#2512,.T.);
#3207=ORIENTED_EDGE('',*,*,#2511,.F.);
#3208=ORIENTED_EDGE('',*,*,#2513,.F.);
#3209=ORIENTED_EDGE('',*,*,#2514,.T.);
#3210=ORIENTED_EDGE('',*,*,#2515,.T.);
#3211=ORIENTED_EDGE('',*,*,#2514,.F.);
#3212=ORIENTED_EDGE('',*,*,#2516,.F.);
#3213=ORIENTED_EDGE('',*,*,#2517,.T.);
#3214=ORIENTED_EDGE('',*,*,#2518,.T.);
#3215=ORIENTED_EDGE('',*,*,#2517,.F.);
#3216=ORIENTED_EDGE('',*,*,#2519,.F.);
#3217=ORIENTED_EDGE('',*,*,#2520,.T.);
#3218=ORIENTED_EDGE('',*,*,#2521,.T.);
#3219=ORIENTED_EDGE('',*,*,#2520,.F.);
#3220=ORIENTED_EDGE('',*,*,#2522,.F.);
#3221=ORIENTED_EDGE('',*,*,#2523,.T.);
#3222=ORIENTED_EDGE('',*,*,#2524,.T.);
#3223=ORIENTED_EDGE('',*,*,#2523,.F.);
#3224=ORIENTED_EDGE('',*,*,#2525,.F.);
#3225=ORIENTED_EDGE('',*,*,#2526,.T.);
#3226=ORIENTED_EDGE('',*,*,#2527,.T.);
#3227=ORIENTED_EDGE('',*,*,#2526,.F.);
#3228=ORIENTED_EDGE('',*,*,#2528,.F.);
#3229=ORIENTED_EDGE('',*,*,#2529,.T.);
#3230=ORIENTED_EDGE('',*,*,#2530,.T.);
#3231=ORIENTED_EDGE('',*,*,#2529,.F.);
#3232=ORIENTED_EDGE('',*,*,#2531,.F.);
#3233=ORIENTED_EDGE('',*,*,#2532,.T.);
#3234=ORIENTED_EDGE('',*,*,#2533,.T.);
#3235=ORIENTED_EDGE('',*,*,#2532,.F.);
#3236=ORIENTED_EDGE('',*,*,#2534,.F.);
#3237=ORIENTED_EDGE('',*,*,#2535,.T.);
#3238=ORIENTED_EDGE('',*,*,#2536,.T.);
#3239=ORIENTED_EDGE('',*,*,#2535,.F.);
#3240=ORIENTED_EDGE('',*,*,#2537,.F.);
#3241=ORIENTED_EDGE('',*,*,#2538,.T.);
#3242=ORIENTED_EDGE('',*,*,#2539,.T.);
#3243=ORIENTED_EDGE('',*,*,#2538,.F.);
#3244=ORIENTED_EDGE('',*,*,#2540,.F.);
#3245=ORIENTED_EDGE('',*,*,#2541,.T.);
#3246=ORIENTED_EDGE('',*,*,#2542,.T.);
#3247=ORIENTED_EDGE('',*,*,#2541,.F.);
#3248=ORIENTED_EDGE('',*,*,#2543,.F.);
#3249=ORIENTED_EDGE('',*,*,#2544,.T.);
#3250=ORIENTED_EDGE('',*,*,#2545,.T.);
#3251=ORIENTED_EDGE('',*,*,#2544,.F.);
#3252=ORIENTED_EDGE('',*,*,#2546,.F.);
#3253=ORIENTED_EDGE('',*,*,#2547,.T.);
#3254=ORIENTED_EDGE('',*,*,#2548,.T.);
#3255=ORIENTED_EDGE('',*,*,#2547,.F.);
#3256=ORIENTED_EDGE('',*,*,#2549,.F.);
#3257=ORIENTED_EDGE('',*,*,#2550,.T.);
#3258=ORIENTED_EDGE('',*,*,#2551,.T.);
#3259=ORIENTED_EDGE('',*,*,#2550,.F.);
#3260=ORIENTED_EDGE('',*,*,#2552,.F.);
#3261=ORIENTED_EDGE('',*,*,#2553,.T.);
#3262=ORIENTED_EDGE('',*,*,#2554,.T.);
#3263=ORIENTED_EDGE('',*,*,#2553,.F.);
#3264=ORIENTED_EDGE('',*,*,#2555,.F.);
#3265=ORIENTED_EDGE('',*,*,#2556,.T.);
#3266=ORIENTED_EDGE('',*,*,#2557,.T.);
#3267=ORIENTED_EDGE('',*,*,#2556,.F.);
#3268=ORIENTED_EDGE('',*,*,#2558,.F.);
#3269=ORIENTED_EDGE('',*,*,#2559,.T.);
#3270=ORIENTED_EDGE('',*,*,#2560,.T.);
#3271=ORIENTED_EDGE('',*,*,#2559,.F.);
#3272=ORIENTED_EDGE('',*,*,#2561,.F.);
#3273=ORIENTED_EDGE('',*,*,#2562,.T.);
#3274=ORIENTED_EDGE('',*,*,#2563,.T.);
#3275=ORIENTED_EDGE('',*,*,#2562,.F.);
#3276=ORIENTED_EDGE('',*,*,#2564,.F.);
#3277=ORIENTED_EDGE('',*,*,#2565,.T.);
#3278=ORIENTED_EDGE('',*,*,#2566,.T.);
#3279=ORIENTED_EDGE('',*,*,#2565,.F.);
#3280=ORIENTED_EDGE('',*,*,#2567,.F.);
#3281=ORIENTED_EDGE('',*,*,#2568,.T.);
#3282=ORIENTED_EDGE('',*,*,#2569,.T.);
#3283=ORIENTED_EDGE('',*,*,#2568,.F.);
#3284=ORIENTED_EDGE('',*,*,#2570,.F.);
#3285=ORIENTED_EDGE('',*,*,#2571,.T.);
#3286=ORIENTED_EDGE('',*,*,#2572,.T.);
#3287=ORIENTED_EDGE('',*,*,#2571,.F.);
#3288=ORIENTED_EDGE('',*,*,#2573,.F.);
#3289=ORIENTED_EDGE('',*,*,#2574,.T.);
#3290=ORIENTED_EDGE('',*,*,#2575,.T.);
#3291=ORIENTED_EDGE('',*,*,#2574,.F.);
#3292=ORIENTED_EDGE('',*,*,#2576,.F.);
#3293=ORIENTED_EDGE('',*,*,#2577,.T.);
#3294=ORIENTED_EDGE('',*,*,#2578,.T.);
#3295=ORIENTED_EDGE('',*,*,#2577,.F.);
#3296=ORIENTED_EDGE('',*,*,#2579,.F.);
#3297=ORIENTED_EDGE('',*,*,#2580,.T.);
#3298=ORIENTED_EDGE('',*,*,#2581,.T.);
#3299=ORIENTED_EDGE('',*,*,#2580,.F.);
#3300=ORIENTED_EDGE('',*,*,#2582,.F.);
#3301=ORIENTED_EDGE('',*,*,#2583,.T.);
#3302=ORIENTED_EDGE('',*,*,#2584,.T.);
#3303=ORIENTED_EDGE('',*,*,#2583,.F.);
#3304=ORIENTED_EDGE('',*,*,#2585,.F.);
#3305=ORIENTED_EDGE('',*,*,#2586,.T.);
#3306=ORIENTED_EDGE('',*,*,#2587,.T.);
#3307=ORIENTED_EDGE('',*,*,#2586,.F.);
#3308=ORIENTED_EDGE('',*,*,#2588,.F.);
#3309=ORIENTED_EDGE('',*,*,#2589,.T.);
#3310=ORIENTED_EDGE('',*,*,#2590,.T.);
#3311=ORIENTED_EDGE('',*,*,#2589,.F.);
#3312=ORIENTED_EDGE('',*,*,#2591,.F.);
#3313=ORIENTED_EDGE('',*,*,#2592,.T.);
#3314=ORIENTED_EDGE('',*,*,#2593,.T.);
#3315=ORIENTED_EDGE('',*,*,#2592,.F.);
#3316=ORIENTED_EDGE('',*,*,#2594,.F.);
#3317=ORIENTED_EDGE('',*,*,#2595,.T.);
#3318=ORIENTED_EDGE('',*,*,#2596,.T.);
#3319=ORIENTED_EDGE('',*,*,#2595,.F.);
#3320=ORIENTED_EDGE('',*,*,#2597,.T.);
#3321=ORIENTED_EDGE('',*,*,#2598,.T.);
#3322=ORIENTED_EDGE('',*,*,#2599,.F.);
#3323=ORIENTED_EDGE('',*,*,#2598,.F.);
#3324=ORIENTED_EDGE('',*,*,#2600,.T.);
#3325=ORIENTED_EDGE('',*,*,#2601,.T.);
#3326=ORIENTED_EDGE('',*,*,#2602,.F.);
#3327=ORIENTED_EDGE('',*,*,#2601,.F.);
#3328=ORIENTED_EDGE('',*,*,#2603,.T.);
#3329=ORIENTED_EDGE('',*,*,#2604,.T.);
#3330=ORIENTED_EDGE('',*,*,#2605,.F.);
#3331=ORIENTED_EDGE('',*,*,#2604,.F.);
#3332=ORIENTED_EDGE('',*,*,#2606,.T.);
#3333=ORIENTED_EDGE('',*,*,#2607,.T.);
#3334=ORIENTED_EDGE('',*,*,#2608,.F.);
#3335=ORIENTED_EDGE('',*,*,#2607,.F.);
#3336=ORIENTED_EDGE('',*,*,#2609,.T.);
#3337=ORIENTED_EDGE('',*,*,#2610,.T.);
#3338=ORIENTED_EDGE('',*,*,#2611,.F.);
#3339=ORIENTED_EDGE('',*,*,#2610,.F.);
#3340=ORIENTED_EDGE('',*,*,#2612,.T.);
#3341=ORIENTED_EDGE('',*,*,#2613,.T.);
#3342=ORIENTED_EDGE('',*,*,#2614,.F.);
#3343=ORIENTED_EDGE('',*,*,#2613,.F.);
#3344=ORIENTED_EDGE('',*,*,#2615,.T.);
#3345=ORIENTED_EDGE('',*,*,#2616,.T.);
#3346=ORIENTED_EDGE('',*,*,#2617,.F.);
#3347=ORIENTED_EDGE('',*,*,#2616,.F.);
#3348=ORIENTED_EDGE('',*,*,#2618,.F.);
#3349=ORIENTED_EDGE('',*,*,#2619,.T.);
#3350=ORIENTED_EDGE('',*,*,#2620,.T.);
#3351=ORIENTED_EDGE('',*,*,#2619,.F.);
#3352=ORIENTED_EDGE('',*,*,#2621,.F.);
#3353=ORIENTED_EDGE('',*,*,#2622,.T.);
#3354=ORIENTED_EDGE('',*,*,#2623,.T.);
#3355=ORIENTED_EDGE('',*,*,#2622,.F.);
#3356=ORIENTED_EDGE('',*,*,#2624,.F.);
#3357=ORIENTED_EDGE('',*,*,#2625,.T.);
#3358=ORIENTED_EDGE('',*,*,#2626,.T.);
#3359=ORIENTED_EDGE('',*,*,#2625,.F.);
#3360=ORIENTED_EDGE('',*,*,#2627,.F.);
#3361=ORIENTED_EDGE('',*,*,#2628,.T.);
#3362=ORIENTED_EDGE('',*,*,#2629,.T.);
#3363=ORIENTED_EDGE('',*,*,#2628,.F.);
#3364=ORIENTED_EDGE('',*,*,#2630,.F.);
#3365=ORIENTED_EDGE('',*,*,#2631,.T.);
#3366=ORIENTED_EDGE('',*,*,#2632,.T.);
#3367=ORIENTED_EDGE('',*,*,#2631,.F.);
#3368=ORIENTED_EDGE('',*,*,#2633,.F.);
#3369=ORIENTED_EDGE('',*,*,#2634,.T.);
#3370=ORIENTED_EDGE('',*,*,#2635,.T.);
#3371=ORIENTED_EDGE('',*,*,#2634,.F.);
#3372=ORIENTED_EDGE('',*,*,#2636,.F.);
#3373=ORIENTED_EDGE('',*,*,#2637,.T.);
#3374=ORIENTED_EDGE('',*,*,#2638,.T.);
#3375=ORIENTED_EDGE('',*,*,#2637,.F.);
#3376=ORIENTED_EDGE('',*,*,#2639,.T.);
#3377=ORIENTED_EDGE('',*,*,#2640,.T.);
#3378=ORIENTED_EDGE('',*,*,#2641,.F.);
#3379=ORIENTED_EDGE('',*,*,#2640,.F.);
#3380=ORIENTED_EDGE('',*,*,#2642,.T.);
#3381=ORIENTED_EDGE('',*,*,#2643,.T.);
#3382=ORIENTED_EDGE('',*,*,#2644,.F.);
#3383=ORIENTED_EDGE('',*,*,#2643,.F.);
#3384=ORIENTED_EDGE('',*,*,#2645,.T.);
#3385=ORIENTED_EDGE('',*,*,#2646,.T.);
#3386=ORIENTED_EDGE('',*,*,#2647,.F.);
#3387=ORIENTED_EDGE('',*,*,#2646,.F.);
#3388=ORIENTED_EDGE('',*,*,#2648,.T.);
#3389=ORIENTED_EDGE('',*,*,#2649,.T.);
#3390=ORIENTED_EDGE('',*,*,#2650,.F.);
#3391=ORIENTED_EDGE('',*,*,#2649,.F.);
#3392=ORIENTED_EDGE('',*,*,#2651,.F.);
#3393=ORIENTED_EDGE('',*,*,#2652,.T.);
#3394=ORIENTED_EDGE('',*,*,#2653,.T.);
#3395=ORIENTED_EDGE('',*,*,#2652,.F.);
#3396=ORIENTED_EDGE('',*,*,#2654,.F.);
#3397=ORIENTED_EDGE('',*,*,#2655,.T.);
#3398=ORIENTED_EDGE('',*,*,#2656,.T.);
#3399=ORIENTED_EDGE('',*,*,#2655,.F.);
#3400=ORIENTED_EDGE('',*,*,#2657,.F.);
#3401=ORIENTED_EDGE('',*,*,#2658,.T.);
#3402=ORIENTED_EDGE('',*,*,#2659,.T.);
#3403=ORIENTED_EDGE('',*,*,#2658,.F.);
#3404=ORIENTED_EDGE('',*,*,#2660,.F.);
#3405=ORIENTED_EDGE('',*,*,#2661,.T.);
#3406=ORIENTED_EDGE('',*,*,#2662,.T.);
#3407=ORIENTED_EDGE('',*,*,#2661,.F.);
#3408=ORIENTED_EDGE('',*,*,#2663,.T.);
#3409=ORIENTED_EDGE('',*,*,#2664,.T.);
#3410=ORIENTED_EDGE('',*,*,#2665,.F.);
#3411=ORIENTED_EDGE('',*,*,#2664,.F.);
#3412=ORIENTED_EDGE('',*,*,#2666,.T.);
#3413=ORIENTED_EDGE('',*,*,#2667,.T.);
#3414=ORIENTED_EDGE('',*,*,#2668,.F.);
#3415=ORIENTED_EDGE('',*,*,#2667,.F.);
#3416=ORIENTED_EDGE('',*,*,#2669,.T.);
#3417=ORIENTED_EDGE('',*,*,#2670,.T.);
#3418=ORIENTED_EDGE('',*,*,#2671,.F.);
#3419=ORIENTED_EDGE('',*,*,#2670,.F.);
#3420=ORIENTED_EDGE('',*,*,#2672,.T.);
#3421=ORIENTED_EDGE('',*,*,#2673,.T.);
#3422=ORIENTED_EDGE('',*,*,#2674,.F.);
#3423=ORIENTED_EDGE('',*,*,#2673,.F.);
#3424=ORIENTED_EDGE('',*,*,#2675,.T.);
#3425=ORIENTED_EDGE('',*,*,#2676,.T.);
#3426=ORIENTED_EDGE('',*,*,#2677,.F.);
#3427=ORIENTED_EDGE('',*,*,#2676,.F.);
#3428=ORIENTED_EDGE('',*,*,#2678,.T.);
#3429=ORIENTED_EDGE('',*,*,#2679,.T.);
#3430=ORIENTED_EDGE('',*,*,#2680,.F.);
#3431=ORIENTED_EDGE('',*,*,#2679,.F.);
#3432=ORIENTED_EDGE('',*,*,#2681,.T.);
#3433=ORIENTED_EDGE('',*,*,#2682,.T.);
#3434=ORIENTED_EDGE('',*,*,#2683,.F.);
#3435=ORIENTED_EDGE('',*,*,#2682,.F.);
#3436=ORIENTED_EDGE('',*,*,#2684,.T.);
#3437=ORIENTED_EDGE('',*,*,#2685,.T.);
#3438=ORIENTED_EDGE('',*,*,#2686,.F.);
#3439=ORIENTED_EDGE('',*,*,#2685,.F.);
#3440=ORIENTED_EDGE('',*,*,#2687,.T.);
#3441=ORIENTED_EDGE('',*,*,#2688,.T.);
#3442=ORIENTED_EDGE('',*,*,#2689,.F.);
#3443=ORIENTED_EDGE('',*,*,#2688,.F.);
#3444=ORIENTED_EDGE('',*,*,#2690,.F.);
#3445=ORIENTED_EDGE('',*,*,#2691,.T.);
#3446=ORIENTED_EDGE('',*,*,#2692,.T.);
#3447=ORIENTED_EDGE('',*,*,#2691,.F.);
#3448=ORIENTED_EDGE('',*,*,#2693,.F.);
#3449=ORIENTED_EDGE('',*,*,#2694,.T.);
#3450=ORIENTED_EDGE('',*,*,#2695,.T.);
#3451=ORIENTED_EDGE('',*,*,#2694,.F.);
#3452=ORIENTED_EDGE('',*,*,#2696,.F.);
#3453=ORIENTED_EDGE('',*,*,#2697,.T.);
#3454=ORIENTED_EDGE('',*,*,#2698,.T.);
#3455=ORIENTED_EDGE('',*,*,#2697,.F.);
#3456=ORIENTED_EDGE('',*,*,#2699,.F.);
#3457=ORIENTED_EDGE('',*,*,#2700,.T.);
#3458=ORIENTED_EDGE('',*,*,#2701,.T.);
#3459=ORIENTED_EDGE('',*,*,#2700,.F.);
#3460=ORIENTED_EDGE('',*,*,#2702,.F.);
#3461=ORIENTED_EDGE('',*,*,#2703,.T.);
#3462=ORIENTED_EDGE('',*,*,#2704,.T.);
#3463=ORIENTED_EDGE('',*,*,#2703,.F.);
#3464=ORIENTED_EDGE('',*,*,#2705,.F.);
#3465=ORIENTED_EDGE('',*,*,#2706,.T.);
#3466=ORIENTED_EDGE('',*,*,#2707,.T.);
#3467=ORIENTED_EDGE('',*,*,#2706,.F.);
#3468=ORIENTED_EDGE('',*,*,#2708,.F.);
#3469=ORIENTED_EDGE('',*,*,#2709,.T.);
#3470=ORIENTED_EDGE('',*,*,#2710,.T.);
#3471=ORIENTED_EDGE('',*,*,#2709,.F.);
#3472=ORIENTED_EDGE('',*,*,#2711,.F.);
#3473=ORIENTED_EDGE('',*,*,#2712,.T.);
#3474=ORIENTED_EDGE('',*,*,#2713,.T.);
#3475=ORIENTED_EDGE('',*,*,#2712,.F.);
#3476=ORIENTED_EDGE('',*,*,#2714,.F.);
#3477=ORIENTED_EDGE('',*,*,#2715,.T.);
#3478=ORIENTED_EDGE('',*,*,#2716,.T.);
#3479=ORIENTED_EDGE('',*,*,#2715,.F.);
#3480=ORIENTED_EDGE('',*,*,#2717,.F.);
#3481=ORIENTED_EDGE('',*,*,#2718,.T.);
#3482=ORIENTED_EDGE('',*,*,#2719,.T.);
#3483=ORIENTED_EDGE('',*,*,#2718,.F.);
#3484=ORIENTED_EDGE('',*,*,#2720,.F.);
#3485=ORIENTED_EDGE('',*,*,#2721,.T.);
#3486=ORIENTED_EDGE('',*,*,#2722,.T.);
#3487=ORIENTED_EDGE('',*,*,#2721,.F.);
#3488=ORIENTED_EDGE('',*,*,#2723,.F.);
#3489=ORIENTED_EDGE('',*,*,#2724,.T.);
#3490=ORIENTED_EDGE('',*,*,#2725,.T.);
#3491=ORIENTED_EDGE('',*,*,#2724,.F.);
#3492=ORIENTED_EDGE('',*,*,#2726,.F.);
#3493=ORIENTED_EDGE('',*,*,#2727,.T.);
#3494=ORIENTED_EDGE('',*,*,#2728,.T.);
#3495=ORIENTED_EDGE('',*,*,#2729,.T.);
#3496=ORIENTED_EDGE('',*,*,#2390,.T.);
#3497=ORIENTED_EDGE('',*,*,#2393,.F.);
#3498=ORIENTED_EDGE('',*,*,#2426,.F.);
#3499=ORIENTED_EDGE('',*,*,#2429,.F.);
#3500=ORIENTED_EDGE('',*,*,#2432,.F.);
#3501=ORIENTED_EDGE('',*,*,#2435,.F.);
#3502=ORIENTED_EDGE('',*,*,#2438,.F.);
#3503=ORIENTED_EDGE('',*,*,#2441,.F.);
#3504=ORIENTED_EDGE('',*,*,#2444,.F.);
#3505=ORIENTED_EDGE('',*,*,#2447,.F.);
#3506=ORIENTED_EDGE('',*,*,#2450,.F.);
#3507=ORIENTED_EDGE('',*,*,#2453,.F.);
#3508=ORIENTED_EDGE('',*,*,#2456,.F.);
#3509=ORIENTED_EDGE('',*,*,#2459,.F.);
#3510=ORIENTED_EDGE('',*,*,#2462,.F.);
#3511=ORIENTED_EDGE('',*,*,#2465,.F.);
#3512=ORIENTED_EDGE('',*,*,#2489,.F.);
#3513=ORIENTED_EDGE('',*,*,#2492,.F.);
#3514=ORIENTED_EDGE('',*,*,#2495,.F.);
#3515=ORIENTED_EDGE('',*,*,#2498,.F.);
#3516=ORIENTED_EDGE('',*,*,#2501,.F.);
#3517=ORIENTED_EDGE('',*,*,#2504,.F.);
#3518=ORIENTED_EDGE('',*,*,#2468,.F.);
#3519=ORIENTED_EDGE('',*,*,#2471,.F.);
#3520=ORIENTED_EDGE('',*,*,#2474,.F.);
#3521=ORIENTED_EDGE('',*,*,#2477,.F.);
#3522=ORIENTED_EDGE('',*,*,#2480,.F.);
#3523=ORIENTED_EDGE('',*,*,#2483,.F.);
#3524=ORIENTED_EDGE('',*,*,#2486,.F.);
#3525=ORIENTED_EDGE('',*,*,#2636,.T.);
#3526=ORIENTED_EDGE('',*,*,#2633,.T.);
#3527=ORIENTED_EDGE('',*,*,#2630,.T.);
#3528=ORIENTED_EDGE('',*,*,#2627,.T.);
#3529=ORIENTED_EDGE('',*,*,#2624,.T.);
#3530=ORIENTED_EDGE('',*,*,#2621,.T.);
#3531=ORIENTED_EDGE('',*,*,#2618,.T.);
#3532=ORIENTED_EDGE('',*,*,#2615,.F.);
#3533=ORIENTED_EDGE('',*,*,#2612,.F.);
#3534=ORIENTED_EDGE('',*,*,#2609,.F.);
#3535=ORIENTED_EDGE('',*,*,#2606,.F.);
#3536=ORIENTED_EDGE('',*,*,#2603,.F.);
#3537=ORIENTED_EDGE('',*,*,#2600,.F.);
#3538=ORIENTED_EDGE('',*,*,#2597,.F.);
#3539=ORIENTED_EDGE('',*,*,#2594,.T.);
#3540=ORIENTED_EDGE('',*,*,#2591,.T.);
#3541=ORIENTED_EDGE('',*,*,#2588,.T.);
#3542=ORIENTED_EDGE('',*,*,#2585,.T.);
#3543=ORIENTED_EDGE('',*,*,#2582,.T.);
#3544=ORIENTED_EDGE('',*,*,#2579,.T.);
#3545=ORIENTED_EDGE('',*,*,#2576,.T.);
#3546=ORIENTED_EDGE('',*,*,#2573,.T.);
#3547=ORIENTED_EDGE('',*,*,#2570,.T.);
#3548=ORIENTED_EDGE('',*,*,#2567,.T.);
#3549=ORIENTED_EDGE('',*,*,#2564,.T.);
#3550=ORIENTED_EDGE('',*,*,#2561,.T.);
#3551=ORIENTED_EDGE('',*,*,#2558,.T.);
#3552=ORIENTED_EDGE('',*,*,#2555,.T.);
#3553=ORIENTED_EDGE('',*,*,#2552,.T.);
#3554=ORIENTED_EDGE('',*,*,#2549,.T.);
#3555=ORIENTED_EDGE('',*,*,#2546,.T.);
#3556=ORIENTED_EDGE('',*,*,#2543,.T.);
#3557=ORIENTED_EDGE('',*,*,#2540,.T.);
#3558=ORIENTED_EDGE('',*,*,#2537,.T.);
#3559=ORIENTED_EDGE('',*,*,#2534,.T.);
#3560=ORIENTED_EDGE('',*,*,#2531,.T.);
#3561=ORIENTED_EDGE('',*,*,#2528,.T.);
#3562=ORIENTED_EDGE('',*,*,#2525,.T.);
#3563=ORIENTED_EDGE('',*,*,#2522,.T.);
#3564=ORIENTED_EDGE('',*,*,#2519,.T.);
#3565=ORIENTED_EDGE('',*,*,#2516,.T.);
#3566=ORIENTED_EDGE('',*,*,#2513,.T.);
#3567=ORIENTED_EDGE('',*,*,#2510,.T.);
#3568=ORIENTED_EDGE('',*,*,#2507,.T.);
#3569=ORIENTED_EDGE('',*,*,#2422,.F.);
#3570=ORIENTED_EDGE('',*,*,#2419,.F.);
#3571=ORIENTED_EDGE('',*,*,#2416,.F.);
#3572=ORIENTED_EDGE('',*,*,#2425,.F.);
#3573=ORIENTED_EDGE('',*,*,#2410,.T.);
#3574=ORIENTED_EDGE('',*,*,#2407,.T.);
#3575=ORIENTED_EDGE('',*,*,#2404,.T.);
#3576=ORIENTED_EDGE('',*,*,#2413,.T.);
#3577=ORIENTED_EDGE('',*,*,#2399,.F.);
#3578=ORIENTED_EDGE('',*,*,#2396,.T.);
#3579=ORIENTED_EDGE('',*,*,#2389,.F.);
#3580=ORIENTED_EDGE('',*,*,#2386,.F.);
#3581=ORIENTED_EDGE('',*,*,#2332,.F.);
#3582=ORIENTED_EDGE('',*,*,#2344,.F.);
#3583=ORIENTED_EDGE('',*,*,#2353,.F.);
#3584=ORIENTED_EDGE('',*,*,#2350,.F.);
#3585=ORIENTED_EDGE('',*,*,#2335,.F.);
#3586=ORIENTED_EDGE('',*,*,#2338,.F.);
#3587=ORIENTED_EDGE('',*,*,#2341,.F.);
#3588=ORIENTED_EDGE('',*,*,#2347,.F.);
#3589=ORIENTED_EDGE('',*,*,#2377,.F.);
#3590=ORIENTED_EDGE('',*,*,#2380,.F.);
#3591=ORIENTED_EDGE('',*,*,#2365,.F.);
#3592=ORIENTED_EDGE('',*,*,#2329,.F.);
#3593=ORIENTED_EDGE('',*,*,#2383,.F.);
#3594=ORIENTED_EDGE('',*,*,#2374,.F.);
#3595=ORIENTED_EDGE('',*,*,#2371,.F.);
#3596=ORIENTED_EDGE('',*,*,#2368,.F.);
#3597=ORIENTED_EDGE('',*,*,#2356,.F.);
#3598=ORIENTED_EDGE('',*,*,#2359,.F.);
#3599=ORIENTED_EDGE('',*,*,#2362,.F.);
#3600=ORIENTED_EDGE('',*,*,#2730,.F.);
#3601=ORIENTED_EDGE('',*,*,#2731,.T.);
#3602=ORIENTED_EDGE('',*,*,#2732,.F.);
#3603=ORIENTED_EDGE('',*,*,#2733,.F.);
#3604=ORIENTED_EDGE('',*,*,#2734,.T.);
#3605=ORIENTED_EDGE('',*,*,#2735,.T.);
#3606=ORIENTED_EDGE('',*,*,#2736,.T.);
#3607=ORIENTED_EDGE('',*,*,#2737,.F.);
#3608=ORIENTED_EDGE('',*,*,#2738,.T.);
#3609=ORIENTED_EDGE('',*,*,#2739,.T.);
#3610=ORIENTED_EDGE('',*,*,#2740,.F.);
#3611=ORIENTED_EDGE('',*,*,#2741,.T.);
#3612=ORIENTED_EDGE('',*,*,#2742,.T.);
#3613=ORIENTED_EDGE('',*,*,#2743,.T.);
#3614=ORIENTED_EDGE('',*,*,#2744,.T.);
#3615=ORIENTED_EDGE('',*,*,#2727,.F.);
#3616=ORIENTED_EDGE('',*,*,#2745,.F.);
#3617=ORIENTED_EDGE('',*,*,#2729,.F.);
#3618=ORIENTED_EDGE('',*,*,#2746,.T.);
#3619=ORIENTED_EDGE('',*,*,#2747,.T.);
#3620=ORIENTED_EDGE('',*,*,#2748,.F.);
#3621=ORIENTED_EDGE('',*,*,#2749,.F.);
#3622=ORIENTED_EDGE('',*,*,#2750,.T.);
#3623=ORIENTED_EDGE('',*,*,#2751,.T.);
#3624=ORIENTED_EDGE('',*,*,#2752,.F.);
#3625=ORIENTED_EDGE('',*,*,#2753,.T.);
#3626=ORIENTED_EDGE('',*,*,#2754,.T.);
#3627=ORIENTED_EDGE('',*,*,#2755,.T.);
#3628=ORIENTED_EDGE('',*,*,#2731,.F.);
#3629=ORIENTED_EDGE('',*,*,#2756,.T.);
#3630=ORIENTED_EDGE('',*,*,#2755,.F.);
#3631=ORIENTED_EDGE('',*,*,#2757,.T.);
#3632=ORIENTED_EDGE('',*,*,#2581,.F.);
#3633=ORIENTED_EDGE('',*,*,#2584,.F.);
#3634=ORIENTED_EDGE('',*,*,#2587,.F.);
#3635=ORIENTED_EDGE('',*,*,#2590,.F.);
#3636=ORIENTED_EDGE('',*,*,#2593,.F.);
#3637=ORIENTED_EDGE('',*,*,#2596,.F.);
#3638=ORIENTED_EDGE('',*,*,#2758,.F.);
#3639=ORIENTED_EDGE('',*,*,#2759,.F.);
#3640=ORIENTED_EDGE('',*,*,#2760,.F.);
#3641=ORIENTED_EDGE('',*,*,#2735,.F.);
#3642=ORIENTED_EDGE('',*,*,#2761,.F.);
#3643=ORIENTED_EDGE('',*,*,#2751,.F.);
#3644=ORIENTED_EDGE('',*,*,#2762,.T.);
#3645=ORIENTED_EDGE('',*,*,#2739,.F.);
#3646=ORIENTED_EDGE('',*,*,#2398,.F.);
#3647=ORIENTED_EDGE('',*,*,#2392,.F.);
#3648=ORIENTED_EDGE('',*,*,#2395,.T.);
#3649=ORIENTED_EDGE('',*,*,#2401,.T.);
#3650=ORIENTED_EDGE('',*,*,#2428,.T.);
#3651=ORIENTED_EDGE('',*,*,#2431,.T.);
#3652=ORIENTED_EDGE('',*,*,#2434,.T.);
#3653=ORIENTED_EDGE('',*,*,#2437,.T.);
#3654=ORIENTED_EDGE('',*,*,#2440,.T.);
#3655=ORIENTED_EDGE('',*,*,#2443,.T.);
#3656=ORIENTED_EDGE('',*,*,#2446,.T.);
#3657=ORIENTED_EDGE('',*,*,#2449,.T.);
#3658=ORIENTED_EDGE('',*,*,#2452,.T.);
#3659=ORIENTED_EDGE('',*,*,#2455,.T.);
#3660=ORIENTED_EDGE('',*,*,#2458,.T.);
#3661=ORIENTED_EDGE('',*,*,#2461,.T.);
#3662=ORIENTED_EDGE('',*,*,#2464,.T.);
#3663=ORIENTED_EDGE('',*,*,#2467,.T.);
#3664=ORIENTED_EDGE('',*,*,#2470,.T.);
#3665=ORIENTED_EDGE('',*,*,#2473,.T.);
#3666=ORIENTED_EDGE('',*,*,#2476,.T.);
#3667=ORIENTED_EDGE('',*,*,#2479,.T.);
#3668=ORIENTED_EDGE('',*,*,#2482,.T.);
#3669=ORIENTED_EDGE('',*,*,#2485,.T.);
#3670=ORIENTED_EDGE('',*,*,#2488,.T.);
#3671=ORIENTED_EDGE('',*,*,#2509,.F.);
#3672=ORIENTED_EDGE('',*,*,#2512,.F.);
#3673=ORIENTED_EDGE('',*,*,#2515,.F.);
#3674=ORIENTED_EDGE('',*,*,#2518,.F.);
#3675=ORIENTED_EDGE('',*,*,#2521,.F.);
#3676=ORIENTED_EDGE('',*,*,#2524,.F.);
#3677=ORIENTED_EDGE('',*,*,#2527,.F.);
#3678=ORIENTED_EDGE('',*,*,#2530,.F.);
#3679=ORIENTED_EDGE('',*,*,#2533,.F.);
#3680=ORIENTED_EDGE('',*,*,#2536,.F.);
#3681=ORIENTED_EDGE('',*,*,#2539,.F.);
#3682=ORIENTED_EDGE('',*,*,#2542,.F.);
#3683=ORIENTED_EDGE('',*,*,#2545,.F.);
#3684=ORIENTED_EDGE('',*,*,#2548,.F.);
#3685=ORIENTED_EDGE('',*,*,#2551,.F.);
#3686=ORIENTED_EDGE('',*,*,#2554,.F.);
#3687=ORIENTED_EDGE('',*,*,#2557,.F.);
#3688=ORIENTED_EDGE('',*,*,#2560,.F.);
#3689=ORIENTED_EDGE('',*,*,#2563,.F.);
#3690=ORIENTED_EDGE('',*,*,#2566,.F.);
#3691=ORIENTED_EDGE('',*,*,#2569,.F.);
#3692=ORIENTED_EDGE('',*,*,#2572,.F.);
#3693=ORIENTED_EDGE('',*,*,#2575,.F.);
#3694=ORIENTED_EDGE('',*,*,#2578,.F.);
#3695=ORIENTED_EDGE('',*,*,#2737,.T.);
#3696=ORIENTED_EDGE('',*,*,#2763,.T.);
#3697=ORIENTED_EDGE('',*,*,#2764,.T.);
#3698=ORIENTED_EDGE('',*,*,#2765,.T.);
#3699=ORIENTED_EDGE('',*,*,#2725,.F.);
#3700=ORIENTED_EDGE('',*,*,#2722,.F.);
#3701=ORIENTED_EDGE('',*,*,#2719,.F.);
#3702=ORIENTED_EDGE('',*,*,#2716,.F.);
#3703=ORIENTED_EDGE('',*,*,#2713,.F.);
#3704=ORIENTED_EDGE('',*,*,#2710,.F.);
#3705=ORIENTED_EDGE('',*,*,#2707,.F.);
#3706=ORIENTED_EDGE('',*,*,#2704,.F.);
#3707=ORIENTED_EDGE('',*,*,#2701,.F.);
#3708=ORIENTED_EDGE('',*,*,#2698,.F.);
#3709=ORIENTED_EDGE('',*,*,#2695,.F.);
#3710=ORIENTED_EDGE('',*,*,#2692,.F.);
#3711=ORIENTED_EDGE('',*,*,#2689,.T.);
#3712=ORIENTED_EDGE('',*,*,#2683,.T.);
#3713=ORIENTED_EDGE('',*,*,#2677,.T.);
#3714=ORIENTED_EDGE('',*,*,#2671,.T.);
#3715=ORIENTED_EDGE('',*,*,#2665,.T.);
#3716=ORIENTED_EDGE('',*,*,#2641,.T.);
#3717=ORIENTED_EDGE('',*,*,#2644,.T.);
#3718=ORIENTED_EDGE('',*,*,#2647,.T.);
#3719=ORIENTED_EDGE('',*,*,#2650,.T.);
#3720=ORIENTED_EDGE('',*,*,#2653,.F.);
#3721=ORIENTED_EDGE('',*,*,#2656,.F.);
#3722=ORIENTED_EDGE('',*,*,#2659,.F.);
#3723=ORIENTED_EDGE('',*,*,#2662,.F.);
#3724=ORIENTED_EDGE('',*,*,#2668,.T.);
#3725=ORIENTED_EDGE('',*,*,#2674,.T.);
#3726=ORIENTED_EDGE('',*,*,#2680,.T.);
#3727=ORIENTED_EDGE('',*,*,#2686,.T.);
#3728=ORIENTED_EDGE('',*,*,#2766,.F.);
#3729=ORIENTED_EDGE('',*,*,#2743,.F.);
#3730=ORIENTED_EDGE('',*,*,#2767,.F.);
#3731=ORIENTED_EDGE('',*,*,#2747,.F.);
#3732=ORIENTED_EDGE('',*,*,#2491,.T.);
#3733=ORIENTED_EDGE('',*,*,#2494,.T.);
#3734=ORIENTED_EDGE('',*,*,#2497,.T.);
#3735=ORIENTED_EDGE('',*,*,#2500,.T.);
#3736=ORIENTED_EDGE('',*,*,#2503,.T.);
#3737=ORIENTED_EDGE('',*,*,#2506,.T.);
#3738=ORIENTED_EDGE('',*,*,#2757,.F.);
#3739=ORIENTED_EDGE('',*,*,#2754,.F.);
#3740=ORIENTED_EDGE('',*,*,#2768,.T.);
#3741=ORIENTED_EDGE('',*,*,#2732,.T.);
#3742=ORIENTED_EDGE('',*,*,#2761,.T.);
#3743=ORIENTED_EDGE('',*,*,#2734,.F.);
#3744=ORIENTED_EDGE('',*,*,#2769,.F.);
#3745=ORIENTED_EDGE('',*,*,#2752,.T.);
#3746=ORIENTED_EDGE('',*,*,#2768,.F.);
#3747=ORIENTED_EDGE('',*,*,#2753,.F.);
#3748=ORIENTED_EDGE('',*,*,#2769,.T.);
#3749=ORIENTED_EDGE('',*,*,#2733,.T.);
#3750=ORIENTED_EDGE('',*,*,#2620,.F.);
#3751=ORIENTED_EDGE('',*,*,#2623,.F.);
#3752=ORIENTED_EDGE('',*,*,#2626,.F.);
#3753=ORIENTED_EDGE('',*,*,#2629,.F.);
#3754=ORIENTED_EDGE('',*,*,#2632,.F.);
#3755=ORIENTED_EDGE('',*,*,#2635,.F.);
#3756=ORIENTED_EDGE('',*,*,#2638,.F.);
#3757=ORIENTED_EDGE('',*,*,#2767,.T.);
#3758=ORIENTED_EDGE('',*,*,#2742,.F.);
#3759=ORIENTED_EDGE('',*,*,#2770,.F.);
#3760=ORIENTED_EDGE('',*,*,#2748,.T.);
#3761=ORIENTED_EDGE('',*,*,#2762,.F.);
#3762=ORIENTED_EDGE('',*,*,#2750,.F.);
#3763=ORIENTED_EDGE('',*,*,#2771,.T.);
#3764=ORIENTED_EDGE('',*,*,#2740,.T.);
#3765=ORIENTED_EDGE('',*,*,#2770,.T.);
#3766=ORIENTED_EDGE('',*,*,#2741,.F.);
#3767=ORIENTED_EDGE('',*,*,#2771,.F.);
#3768=ORIENTED_EDGE('',*,*,#2749,.T.);
#3769=ORIENTED_EDGE('',*,*,#2599,.T.);
#3770=ORIENTED_EDGE('',*,*,#2602,.T.);
#3771=ORIENTED_EDGE('',*,*,#2605,.T.);
#3772=ORIENTED_EDGE('',*,*,#2608,.T.);
#3773=ORIENTED_EDGE('',*,*,#2611,.T.);
#3774=ORIENTED_EDGE('',*,*,#2614,.T.);
#3775=ORIENTED_EDGE('',*,*,#2617,.T.);
#3776=ORIENTED_EDGE('',*,*,#2765,.F.);
#3777=ORIENTED_EDGE('',*,*,#2772,.T.);
#3778=ORIENTED_EDGE('',*,*,#2758,.T.);
#3779=ORIENTED_EDGE('',*,*,#2738,.F.);
#3780=ORIENTED_EDGE('',*,*,#2760,.T.);
#3781=ORIENTED_EDGE('',*,*,#2773,.F.);
#3782=ORIENTED_EDGE('',*,*,#2763,.F.);
#3783=ORIENTED_EDGE('',*,*,#2736,.F.);
#3784=ORIENTED_EDGE('',*,*,#2759,.T.);
#3785=ORIENTED_EDGE('',*,*,#2772,.F.);
#3786=ORIENTED_EDGE('',*,*,#2764,.F.);
#3787=ORIENTED_EDGE('',*,*,#2773,.T.);
#3788=ORIENTED_EDGE('',*,*,#2423,.T.);
#3789=ORIENTED_EDGE('',*,*,#2639,.F.);
#3790=ORIENTED_EDGE('',*,*,#2420,.T.);
#3791=ORIENTED_EDGE('',*,*,#2642,.F.);
#3792=ORIENTED_EDGE('',*,*,#2417,.T.);
#3793=ORIENTED_EDGE('',*,*,#2645,.F.);
#3794=ORIENTED_EDGE('',*,*,#2414,.T.);
#3795=ORIENTED_EDGE('',*,*,#2648,.F.);
#3796=ORIENTED_EDGE('',*,*,#2411,.F.);
#3797=ORIENTED_EDGE('',*,*,#2651,.T.);
#3798=ORIENTED_EDGE('',*,*,#2408,.F.);
#3799=ORIENTED_EDGE('',*,*,#2654,.T.);
#3800=ORIENTED_EDGE('',*,*,#2405,.F.);
#3801=ORIENTED_EDGE('',*,*,#2657,.T.);
#3802=ORIENTED_EDGE('',*,*,#2402,.F.);
#3803=ORIENTED_EDGE('',*,*,#2660,.T.);
#3804=ORIENTED_EDGE('',*,*,#2387,.T.);
#3805=ORIENTED_EDGE('',*,*,#2663,.F.);
#3806=ORIENTED_EDGE('',*,*,#2384,.T.);
#3807=ORIENTED_EDGE('',*,*,#2666,.F.);
#3808=ORIENTED_EDGE('',*,*,#2381,.T.);
#3809=ORIENTED_EDGE('',*,*,#2669,.F.);
#3810=ORIENTED_EDGE('',*,*,#2378,.T.);
#3811=ORIENTED_EDGE('',*,*,#2672,.F.);
#3812=ORIENTED_EDGE('',*,*,#2375,.T.);
#3813=ORIENTED_EDGE('',*,*,#2675,.F.);
#3814=ORIENTED_EDGE('',*,*,#2372,.T.);
#3815=ORIENTED_EDGE('',*,*,#2678,.F.);
#3816=ORIENTED_EDGE('',*,*,#2369,.T.);
#3817=ORIENTED_EDGE('',*,*,#2681,.F.);
#3818=ORIENTED_EDGE('',*,*,#2366,.T.);
#3819=ORIENTED_EDGE('',*,*,#2684,.F.);
#3820=ORIENTED_EDGE('',*,*,#2363,.T.);
#3821=ORIENTED_EDGE('',*,*,#2687,.F.);
#3822=ORIENTED_EDGE('',*,*,#2360,.T.);
#3823=ORIENTED_EDGE('',*,*,#2690,.T.);
#3824=ORIENTED_EDGE('',*,*,#2357,.T.);
#3825=ORIENTED_EDGE('',*,*,#2693,.T.);
#3826=ORIENTED_EDGE('',*,*,#2354,.T.);
#3827=ORIENTED_EDGE('',*,*,#2696,.T.);
#3828=ORIENTED_EDGE('',*,*,#2351,.T.);
#3829=ORIENTED_EDGE('',*,*,#2699,.T.);
#3830=ORIENTED_EDGE('',*,*,#2348,.T.);
#3831=ORIENTED_EDGE('',*,*,#2702,.T.);
#3832=ORIENTED_EDGE('',*,*,#2345,.T.);
#3833=ORIENTED_EDGE('',*,*,#2705,.T.);
#3834=ORIENTED_EDGE('',*,*,#2342,.T.);
#3835=ORIENTED_EDGE('',*,*,#2708,.T.);
#3836=ORIENTED_EDGE('',*,*,#2339,.T.);
#3837=ORIENTED_EDGE('',*,*,#2711,.T.);
#3838=ORIENTED_EDGE('',*,*,#2336,.T.);
#3839=ORIENTED_EDGE('',*,*,#2714,.T.);
#3840=ORIENTED_EDGE('',*,*,#2333,.T.);
#3841=ORIENTED_EDGE('',*,*,#2717,.T.);
#3842=ORIENTED_EDGE('',*,*,#2330,.T.);
#3843=ORIENTED_EDGE('',*,*,#2720,.T.);
#3844=ORIENTED_EDGE('',*,*,#2327,.T.);
#3845=ORIENTED_EDGE('',*,*,#2723,.T.);
#3846=ORIENTED_EDGE('',*,*,#2766,.T.);
#3847=ORIENTED_EDGE('',*,*,#2746,.F.);
#3848=ORIENTED_EDGE('',*,*,#2728,.F.);
#3849=ORIENTED_EDGE('',*,*,#2744,.F.);
#3850=ORIENTED_EDGE('',*,*,#2730,.T.);
#3851=ORIENTED_EDGE('',*,*,#2726,.T.);
#3852=ORIENTED_EDGE('',*,*,#2745,.T.);
#3853=ORIENTED_EDGE('',*,*,#2756,.F.);
#3854=PLANE('',#4174);
#3855=PLANE('',#4175);
#3856=PLANE('',#4176);
#3857=PLANE('',#4177);
#3858=PLANE('',#4178);
#3859=PLANE('',#4179);
#3860=PLANE('',#4180);
#3861=PLANE('',#4181);
#3862=PLANE('',#4182);
#3863=PLANE('',#4183);
#3864=PLANE('',#4184);
#3865=PLANE('',#4185);
#3866=PLANE('',#4186);
#3867=PLANE('',#4187);
#3868=PLANE('',#4188);
#3869=PLANE('',#4189);
#3870=PLANE('',#4190);
#3871=PLANE('',#4191);
#3872=PLANE('',#4192);
#3873=PLANE('',#4193);
#3874=PLANE('',#4194);
#3875=PLANE('',#4195);
#3876=PLANE('',#4196);
#3877=PLANE('',#4197);
#3878=PLANE('',#4198);
#3879=PLANE('',#4199);
#3880=PLANE('',#4200);
#3881=PLANE('',#4201);
#3882=PLANE('',#4202);
#3883=PLANE('',#4203);
#3884=PLANE('',#4204);
#3885=PLANE('',#4205);
#3886=PLANE('',#4206);
#3887=PLANE('',#4607);
#3888=PLANE('',#4608);
#3889=PLANE('',#4609);
#3890=PLANE('',#4610);
#3891=PLANE('',#4611);
#3892=PLANE('',#4612);
#3893=PLANE('',#4613);
#3894=PLANE('',#4614);
#3895=PLANE('',#4615);
#3896=PLANE('',#4616);
#3897=PLANE('',#4617);
#3898=PLANE('',#4618);
#3899=PLANE('',#4619);
#3900=PLANE('',#4620);
#3901=PLANE('',#4621);
#3902=PLANE('',#4622);
#3903=PLANE('',#4623);
#3904=PLANE('',#4624);
#3905=PLANE('',#4625);
#3906=PLANE('',#4626);
#3907=PLANE('',#4627);
#3908=PLANE('',#4628);
#3909=PLANE('',#4629);
#3910=PLANE('',#4630);
#3911=PLANE('',#4631);
#3912=PLANE('',#4632);
#3913=PLANE('',#4633);
#3914=PLANE('',#4634);
#3915=PLANE('',#4635);
#3916=PLANE('',#4636);
#3917=PLANE('',#4637);
#3918=PLANE('',#4638);
#3919=PLANE('',#4639);
#3920=PLANE('',#4640);
#3921=PLANE('',#4641);
#3922=PLANE('',#4642);
#3923=PLANE('',#4643);
#3924=PLANE('',#4644);
#3925=PLANE('',#4645);
#3926=PLANE('',#4646);
#3927=PLANE('',#4647);
#3928=PLANE('',#4648);
#3929=PLANE('',#4649);
#3930=PLANE('',#4650);
#3931=PLANE('',#4651);
#3932=PLANE('',#4652);
#3933=PLANE('',#4653);
#3934=ADVANCED_FACE('',(#663),#3854,.F.);
#3935=ADVANCED_FACE('',(#664),#3855,.T.);
#3936=ADVANCED_FACE('',(#665),#3856,.T.);
#3937=ADVANCED_FACE('',(#666),#3857,.T.);
#3938=ADVANCED_FACE('',(#667),#3858,.T.);
#3939=ADVANCED_FACE('',(#668),#3859,.T.);
#3940=ADVANCED_FACE('',(#669),#3860,.F.);
#3941=ADVANCED_FACE('',(#670),#3861,.F.);
#3942=ADVANCED_FACE('',(#671),#3862,.F.);
#3943=ADVANCED_FACE('',(#672),#3863,.F.);
#3944=ADVANCED_FACE('',(#673),#3864,.F.);
#3945=ADVANCED_FACE('',(#674),#3865,.F.);
#3946=ADVANCED_FACE('',(#675),#3866,.F.);
#3947=ADVANCED_FACE('',(#676),#3867,.F.);
#3948=ADVANCED_FACE('',(#677),#3868,.F.);
#3949=ADVANCED_FACE('',(#678),#3869,.F.);
#3950=ADVANCED_FACE('',(#679),#3870,.F.);
#3951=ADVANCED_FACE('',(#680),#3871,.F.);
#3952=ADVANCED_FACE('',(#681),#3872,.F.);
#3953=ADVANCED_FACE('',(#682),#3873,.F.);
#3954=ADVANCED_FACE('',(#683),#3874,.F.);
#3955=ADVANCED_FACE('',(#684),#3875,.F.);
#3956=ADVANCED_FACE('',(#685),#3876,.F.);
#3957=ADVANCED_FACE('',(#686),#3877,.F.);
#3958=ADVANCED_FACE('',(#687),#3878,.F.);
#3959=ADVANCED_FACE('',(#688),#3879,.F.);
#3960=ADVANCED_FACE('',(#689),#3880,.F.);
#3961=ADVANCED_FACE('',(#690),#3881,.F.);
#3962=ADVANCED_FACE('',(#691),#3882,.F.);
#3963=ADVANCED_FACE('',(#692),#3883,.F.);
#3964=ADVANCED_FACE('',(#693),#3884,.F.);
#3965=ADVANCED_FACE('',(#694),#3885,.F.);
#3966=ADVANCED_FACE('',(#695),#3886,.F.);
#3967=ADVANCED_FACE('',(#696),#522,.F.);
#3968=ADVANCED_FACE('',(#697),#523,.F.);
#3969=ADVANCED_FACE('',(#698),#524,.F.);
#3970=ADVANCED_FACE('',(#699),#525,.F.);
#3971=ADVANCED_FACE('',(#700),#526,.F.);
#3972=ADVANCED_FACE('',(#701),#527,.F.);
#3973=ADVANCED_FACE('',(#702),#528,.F.);
#3974=ADVANCED_FACE('',(#703),#529,.F.);
#3975=ADVANCED_FACE('',(#704),#530,.F.);
#3976=ADVANCED_FACE('',(#705),#531,.F.);
#3977=ADVANCED_FACE('',(#706),#532,.F.);
#3978=ADVANCED_FACE('',(#707),#533,.F.);
#3979=ADVANCED_FACE('',(#708),#534,.F.);
#3980=ADVANCED_FACE('',(#709),#535,.F.);
#3981=ADVANCED_FACE('',(#710),#536,.F.);
#3982=ADVANCED_FACE('',(#711),#537,.F.);
#3983=ADVANCED_FACE('',(#712),#538,.F.);
#3984=ADVANCED_FACE('',(#713),#539,.F.);
#3985=ADVANCED_FACE('',(#714),#540,.F.);
#3986=ADVANCED_FACE('',(#715),#541,.F.);
#3987=ADVANCED_FACE('',(#716),#542,.F.);
#3988=ADVANCED_FACE('',(#717),#543,.F.);
#3989=ADVANCED_FACE('',(#718),#544,.F.);
#3990=ADVANCED_FACE('',(#719),#545,.F.);
#3991=ADVANCED_FACE('',(#720),#546,.F.);
#3992=ADVANCED_FACE('',(#721),#547,.F.);
#3993=ADVANCED_FACE('',(#722),#548,.F.);
#3994=ADVANCED_FACE('',(#723),#549,.F.);
#3995=ADVANCED_FACE('',(#724),#550,.F.);
#3996=ADVANCED_FACE('',(#725),#551,.F.);
#3997=ADVANCED_FACE('',(#726),#552,.F.);
#3998=ADVANCED_FACE('',(#727),#553,.F.);
#3999=ADVANCED_FACE('',(#728),#554,.F.);
#4000=ADVANCED_FACE('',(#729),#555,.F.);
#4001=ADVANCED_FACE('',(#730),#556,.F.);
#4002=ADVANCED_FACE('',(#731),#557,.F.);
#4003=ADVANCED_FACE('',(#732),#558,.F.);
#4004=ADVANCED_FACE('',(#733),#559,.F.);
#4005=ADVANCED_FACE('',(#734),#560,.F.);
#4006=ADVANCED_FACE('',(#735),#561,.F.);
#4007=ADVANCED_FACE('',(#736),#562,.F.);
#4008=ADVANCED_FACE('',(#737),#563,.F.);
#4009=ADVANCED_FACE('',(#738),#564,.F.);
#4010=ADVANCED_FACE('',(#739),#565,.F.);
#4011=ADVANCED_FACE('',(#740),#566,.F.);
#4012=ADVANCED_FACE('',(#741),#567,.F.);
#4013=ADVANCED_FACE('',(#742),#568,.F.);
#4014=ADVANCED_FACE('',(#743),#569,.F.);
#4015=ADVANCED_FACE('',(#744),#570,.F.);
#4016=ADVANCED_FACE('',(#745),#571,.F.);
#4017=ADVANCED_FACE('',(#746),#572,.F.);
#4018=ADVANCED_FACE('',(#747),#573,.F.);
#4019=ADVANCED_FACE('',(#748),#574,.F.);
#4020=ADVANCED_FACE('',(#749),#575,.F.);
#4021=ADVANCED_FACE('',(#750),#576,.F.);
#4022=ADVANCED_FACE('',(#751),#577,.F.);
#4023=ADVANCED_FACE('',(#752),#578,.F.);
#4024=ADVANCED_FACE('',(#753),#579,.F.);
#4025=ADVANCED_FACE('',(#754),#580,.F.);
#4026=ADVANCED_FACE('',(#755),#581,.F.);
#4027=ADVANCED_FACE('',(#756),#582,.F.);
#4028=ADVANCED_FACE('',(#757),#583,.F.);
#4029=ADVANCED_FACE('',(#758),#584,.F.);
#4030=ADVANCED_FACE('',(#759),#585,.F.);
#4031=ADVANCED_FACE('',(#760),#586,.F.);
#4032=ADVANCED_FACE('',(#761),#587,.F.);
#4033=ADVANCED_FACE('',(#762),#588,.F.);
#4034=ADVANCED_FACE('',(#763),#589,.F.);
#4035=ADVANCED_FACE('',(#764),#590,.F.);
#4036=ADVANCED_FACE('',(#765),#591,.F.);
#4037=ADVANCED_FACE('',(#766),#592,.F.);
#4038=ADVANCED_FACE('',(#767),#593,.F.);
#4039=ADVANCED_FACE('',(#768),#594,.F.);
#4040=ADVANCED_FACE('',(#769),#595,.F.);
#4041=ADVANCED_FACE('',(#770),#596,.F.);
#4042=ADVANCED_FACE('',(#771),#597,.F.);
#4043=ADVANCED_FACE('',(#772),#598,.F.);
#4044=ADVANCED_FACE('',(#773),#599,.F.);
#4045=ADVANCED_FACE('',(#774),#600,.F.);
#4046=ADVANCED_FACE('',(#775),#601,.F.);
#4047=ADVANCED_FACE('',(#776),#602,.F.);
#4048=ADVANCED_FACE('',(#777),#603,.F.);
#4049=ADVANCED_FACE('',(#778),#604,.F.);
#4050=ADVANCED_FACE('',(#779),#605,.F.);
#4051=ADVANCED_FACE('',(#780),#606,.F.);
#4052=ADVANCED_FACE('',(#781),#607,.F.);
#4053=ADVANCED_FACE('',(#782),#608,.F.);
#4054=ADVANCED_FACE('',(#783),#609,.F.);
#4055=ADVANCED_FACE('',(#784),#610,.F.);
#4056=ADVANCED_FACE('',(#785),#611,.F.);
#4057=ADVANCED_FACE('',(#786),#612,.F.);
#4058=ADVANCED_FACE('',(#787),#613,.F.);
#4059=ADVANCED_FACE('',(#788),#614,.F.);
#4060=ADVANCED_FACE('',(#789),#615,.F.);
#4061=ADVANCED_FACE('',(#790),#616,.F.);
#4062=ADVANCED_FACE('',(#791),#617,.F.);
#4063=ADVANCED_FACE('',(#792),#618,.F.);
#4064=ADVANCED_FACE('',(#793),#619,.F.);
#4065=ADVANCED_FACE('',(#794),#620,.F.);
#4066=ADVANCED_FACE('',(#795),#621,.F.);
#4067=ADVANCED_FACE('',(#796),#622,.F.);
#4068=ADVANCED_FACE('',(#797),#623,.F.);
#4069=ADVANCED_FACE('',(#798),#624,.F.);
#4070=ADVANCED_FACE('',(#799),#625,.F.);
#4071=ADVANCED_FACE('',(#800),#626,.F.);
#4072=ADVANCED_FACE('',(#801),#627,.F.);
#4073=ADVANCED_FACE('',(#802),#628,.F.);
#4074=ADVANCED_FACE('',(#803),#629,.F.);
#4075=ADVANCED_FACE('',(#804),#630,.F.);
#4076=ADVANCED_FACE('',(#805),#631,.F.);
#4077=ADVANCED_FACE('',(#806),#632,.F.);
#4078=ADVANCED_FACE('',(#807),#633,.F.);
#4079=ADVANCED_FACE('',(#808),#634,.F.);
#4080=ADVANCED_FACE('',(#809),#635,.F.);
#4081=ADVANCED_FACE('',(#810),#636,.F.);
#4082=ADVANCED_FACE('',(#811),#637,.F.);
#4083=ADVANCED_FACE('',(#812),#638,.F.);
#4084=ADVANCED_FACE('',(#813),#639,.F.);
#4085=ADVANCED_FACE('',(#814),#640,.F.);
#4086=ADVANCED_FACE('',(#815),#641,.F.);
#4087=ADVANCED_FACE('',(#816),#642,.F.);
#4088=ADVANCED_FACE('',(#817),#643,.F.);
#4089=ADVANCED_FACE('',(#818),#644,.F.);
#4090=ADVANCED_FACE('',(#819),#645,.F.);
#4091=ADVANCED_FACE('',(#820),#646,.F.);
#4092=ADVANCED_FACE('',(#821),#647,.F.);
#4093=ADVANCED_FACE('',(#822),#648,.F.);
#4094=ADVANCED_FACE('',(#823),#649,.F.);
#4095=ADVANCED_FACE('',(#824),#650,.F.);
#4096=ADVANCED_FACE('',(#825),#651,.F.);
#4097=ADVANCED_FACE('',(#826),#652,.F.);
#4098=ADVANCED_FACE('',(#827),#653,.F.);
#4099=ADVANCED_FACE('',(#828),#654,.F.);
#4100=ADVANCED_FACE('',(#829,#19,#20,#21,#22,#23,#24,#25,#26,#27,#28,#29,
#30,#31,#32,#33,#34,#35,#36,#37,#38,#39,#40,#41,#42,#43,#44,#45,#46,#47,
#48,#49,#50,#51,#52,#53,#54,#55,#56,#57,#58,#59,#60,#61,#62,#63,#64,#65,
#66,#67,#68,#69,#70,#71,#72,#73,#74,#75,#76,#77,#78,#79,#80,#81,#82,#83,
#84,#85,#86,#87,#88,#89,#90,#91,#92,#93,#94,#95,#96,#97,#98,#99,#100,#101,
#102,#103,#104,#105,#106,#107,#108,#109,#110,#111,#112,#113,#114,#115,#116,
#117,#118,#119,#120,#121,#122),#3887,.F.);
#4101=ADVANCED_FACE('',(#830),#3888,.F.);
#4102=ADVANCED_FACE('',(#831),#3889,.F.);
#4103=ADVANCED_FACE('',(#832,#123,#124,#125,#126,#127,#128),#3890,.T.);
#4104=ADVANCED_FACE('',(#833,#129,#130,#131,#132,#133,#134,#135,#136,#137,
#138,#139,#140,#141,#142,#143,#144,#145,#146,#147,#148,#149,#150,#151,#152,
#153,#154,#155,#156,#157,#158,#159,#160,#161,#162,#163,#164,#165,#166,#167,
#168,#169,#170,#171,#172,#173,#174,#175,#176,#177),#3891,.T.);
#4105=ADVANCED_FACE('',(#834,#178,#179,#180,#181,#182,#183,#184,#185,#186,
#187,#188,#189,#190,#191,#192,#193,#194,#195,#196,#197,#198,#199,#200,#201,
#202,#203,#204,#205,#206),#3892,.T.);
#4106=ADVANCED_FACE('',(#835,#207,#208,#209,#210,#211,#212),#3893,.T.);
#4107=ADVANCED_FACE('',(#836),#3894,.T.);
#4108=ADVANCED_FACE('',(#837),#3895,.F.);
#4109=ADVANCED_FACE('',(#838,#213,#214,#215,#216,#217,#218,#219),#3896,
 .T.);
#4110=ADVANCED_FACE('',(#839),#3897,.F.);
#4111=ADVANCED_FACE('',(#840),#3898,.T.);
#4112=ADVANCED_FACE('',(#841,#220,#221,#222,#223,#224,#225,#226),#3899,
 .T.);
#4113=ADVANCED_FACE('',(#842),#3900,.F.);
#4114=ADVANCED_FACE('',(#843),#3901,.F.);
#4115=ADVANCED_FACE('',(#844),#3902,.F.);
#4116=ADVANCED_FACE('',(#845,#227),#3903,.T.);
#4117=ADVANCED_FACE('',(#846,#228),#3904,.T.);
#4118=ADVANCED_FACE('',(#847,#229),#3905,.T.);
#4119=ADVANCED_FACE('',(#848,#230),#3906,.T.);
#4120=ADVANCED_FACE('',(#849,#231),#3907,.T.);
#4121=ADVANCED_FACE('',(#850,#232),#3908,.T.);
#4122=ADVANCED_FACE('',(#851,#233),#3909,.T.);
#4123=ADVANCED_FACE('',(#852,#234),#3910,.T.);
#4124=ADVANCED_FACE('',(#853,#235),#3911,.T.);
#4125=ADVANCED_FACE('',(#854,#236),#3912,.T.);
#4126=ADVANCED_FACE('',(#855,#237),#3913,.T.);
#4127=ADVANCED_FACE('',(#856,#238),#3914,.T.);
#4128=ADVANCED_FACE('',(#857,#239),#3915,.T.);
#4129=ADVANCED_FACE('',(#858,#240),#3916,.T.);
#4130=ADVANCED_FACE('',(#859,#241),#3917,.T.);
#4131=ADVANCED_FACE('',(#860,#242),#3918,.T.);
#4132=ADVANCED_FACE('',(#861,#243),#3919,.T.);
#4133=ADVANCED_FACE('',(#862,#244),#3920,.T.);
#4134=ADVANCED_FACE('',(#863,#245),#3921,.T.);
#4135=ADVANCED_FACE('',(#864,#246),#3922,.T.);
#4136=ADVANCED_FACE('',(#865,#247),#3923,.T.);
#4137=ADVANCED_FACE('',(#866,#248),#3924,.T.);
#4138=ADVANCED_FACE('',(#867,#249),#3925,.T.);
#4139=ADVANCED_FACE('',(#868,#250),#3926,.T.);
#4140=ADVANCED_FACE('',(#869,#251),#3927,.T.);
#4141=ADVANCED_FACE('',(#870,#252),#3928,.T.);
#4142=ADVANCED_FACE('',(#871,#253),#3929,.T.);
#4143=ADVANCED_FACE('',(#872,#254),#3930,.T.);
#4144=ADVANCED_FACE('',(#873,#255),#3931,.T.);
#4145=ADVANCED_FACE('',(#874),#3932,.F.);
#4146=ADVANCED_FACE('',(#875),#3933,.T.);
#4147=CLOSED_SHELL('',(#3934,#3935,#3936,#3937,#3938,#3939,#3940,#3941,
#3942,#3943,#3944,#3945,#3946,#3947,#3948,#3949,#3950,#3951,#3952,#3953,
#3954,#3955,#3956,#3957,#3958,#3959,#3960,#3961,#3962,#3963,#3964,#3965,
#3966));
#4148=CLOSED_SHELL('',(#3967,#3968,#3969,#3970,#3971,#3972,#3973,#3974,
#3975,#3976,#3977,#3978,#3979,#3980,#3981,#3982,#3983,#3984,#3985,#3986,
#3987,#3988,#3989,#3990,#3991,#3992,#3993,#3994,#3995,#3996,#3997,#3998,
#3999,#4000,#4001,#4002,#4003,#4004,#4005,#4006,#4007,#4008,#4009,#4010,
#4011,#4012,#4013,#4014,#4015,#4016,#4017,#4018,#4019,#4020,#4021,#4022,
#4023,#4024,#4025,#4026,#4027,#4028,#4029,#4030,#4031,#4032,#4033,#4034,
#4035,#4036,#4037,#4038,#4039,#4040,#4041,#4042,#4043,#4044,#4045,#4046,
#4047,#4048,#4049,#4050,#4051,#4052,#4053,#4054,#4055,#4056,#4057,#4058,
#4059,#4060,#4061,#4062,#4063,#4064,#4065,#4066,#4067,#4068,#4069,#4070,
#4071,#4072,#4073,#4074,#4075,#4076,#4077,#4078,#4079,#4080,#4081,#4082,
#4083,#4084,#4085,#4086,#4087,#4088,#4089,#4090,#4091,#4092,#4093,#4094,
#4095,#4096,#4097,#4098,#4099,#4100,#4101,#4102,#4103,#4104,#4105,#4106,
#4107,#4108,#4109,#4110,#4111,#4112,#4113,#4114,#4115,#4116,#4117,#4118,
#4119,#4120,#4121,#4122,#4123,#4124,#4125,#4126,#4127,#4128,#4129,#4130,
#4131,#4132,#4133,#4134,#4135,#4136,#4137,#4138,#4139,#4140,#4141,#4142,
#4143,#4144,#4145,#4146));
#4149=DERIVED_UNIT_ELEMENT(#4153,1.);
#4150=DERIVED_UNIT_ELEMENT(#7025,-3.);
#4151=DERIVED_UNIT_ELEMENT(#4153,1.);
#4152=DERIVED_UNIT_ELEMENT(#7025,-3.);
#4153=(
MASS_UNIT()
NAMED_UNIT(*)
SI_UNIT(.KILO.,.GRAM.)
);
#4154=DERIVED_UNIT((#4149,#4150));
#4155=DERIVED_UNIT((#4151,#4152));
#4156=MEASURE_REPRESENTATION_ITEM('density measure',
POSITIVE_RATIO_MEASURE(7850.),#4154);
#4157=MEASURE_REPRESENTATION_ITEM('density measure',
POSITIVE_RATIO_MEASURE(7850.),#4155);
#4158=PROPERTY_DEFINITION_REPRESENTATION(#4168,#4162);
#4159=PROPERTY_DEFINITION_REPRESENTATION(#4169,#4163);
#4160=PROPERTY_DEFINITION_REPRESENTATION(#4170,#4164);
#4161=PROPERTY_DEFINITION_REPRESENTATION(#4171,#4165);
#4162=REPRESENTATION('material name',(#4166),#7021);
#4163=REPRESENTATION('density',(#4156),#7021);
#4164=REPRESENTATION('material name',(#4167),#7022);
#4165=REPRESENTATION('density',(#4157),#7022);
#4166=DESCRIPTIVE_REPRESENTATION_ITEM('Steel','Steel');
#4167=DESCRIPTIVE_REPRESENTATION_ITEM('Steel','Steel');
#4168=PROPERTY_DEFINITION('material property','material name',#7041);
#4169=PROPERTY_DEFINITION('material property','density of part',#7041);
#4170=PROPERTY_DEFINITION('material property','material name',#7042);
#4171=PROPERTY_DEFINITION('material property','density of part',#7042);
#4172=AXIS2_PLACEMENT_3D('',#5898,#4656,#4657);
#4173=AXIS2_PLACEMENT_3D('',#5899,#4658,#4659);
#4174=AXIS2_PLACEMENT_3D('',#5900,#4660,#4661);
#4175=AXIS2_PLACEMENT_3D('',#5961,#4692,#4693);
#4176=AXIS2_PLACEMENT_3D('',#6001,#4717,#4718);
#4177=AXIS2_PLACEMENT_3D('',#6008,#4723,#4724);
#4178=AXIS2_PLACEMENT_3D('',#6012,#4727,#4728);
#4179=AXIS2_PLACEMENT_3D('',#6014,#4730,#4731);
#4180=AXIS2_PLACEMENT_3D('',#6015,#4732,#4733);
#4181=AXIS2_PLACEMENT_3D('',#6019,#4736,#4737);
#4182=AXIS2_PLACEMENT_3D('',#6021,#4739,#4740);
#4183=AXIS2_PLACEMENT_3D('',#6022,#4741,#4742);
#4184=AXIS2_PLACEMENT_3D('',#6026,#4745,#4746);
#4185=AXIS2_PLACEMENT_3D('',#6030,#4749,#4750);
#4186=AXIS2_PLACEMENT_3D('',#6032,#4752,#4753);
#4187=AXIS2_PLACEMENT_3D('',#6033,#4754,#4755);
#4188=AXIS2_PLACEMENT_3D('',#6037,#4758,#4759);
#4189=AXIS2_PLACEMENT_3D('',#6041,#4762,#4763);
#4190=AXIS2_PLACEMENT_3D('',#6043,#4765,#4766);
#4191=AXIS2_PLACEMENT_3D('',#6044,#4767,#4768);
#4192=AXIS2_PLACEMENT_3D('',#6048,#4771,#4772);
#4193=AXIS2_PLACEMENT_3D('',#6052,#4775,#4776);
#4194=AXIS2_PLACEMENT_3D('',#6054,#4778,#4779);
#4195=AXIS2_PLACEMENT_3D('',#6055,#4780,#4781);
#4196=AXIS2_PLACEMENT_3D('',#6059,#4784,#4785);
#4197=AXIS2_PLACEMENT_3D('',#6063,#4788,#4789);
#4198=AXIS2_PLACEMENT_3D('',#6065,#4791,#4792);
#4199=AXIS2_PLACEMENT_3D('',#6066,#4793,#4794);
#4200=AXIS2_PLACEMENT_3D('',#6070,#4797,#4798);
#4201=AXIS2_PLACEMENT_3D('',#6074,#4801,#4802);
#4202=AXIS2_PLACEMENT_3D('',#6076,#4804,#4805);
#4203=AXIS2_PLACEMENT_3D('',#6077,#4806,#4807);
#4204=AXIS2_PLACEMENT_3D('',#6081,#4810,#4811);
#4205=AXIS2_PLACEMENT_3D('',#6085,#4814,#4815);
#4206=AXIS2_PLACEMENT_3D('',#6087,#4817,#4818);
#4207=AXIS2_PLACEMENT_3D('',#6088,#4819,#4820);
#4208=AXIS2_PLACEMENT_3D('',#6089,#4821,#4822);
#4209=AXIS2_PLACEMENT_3D('',#6091,#4823,#4824);
#4210=AXIS2_PLACEMENT_3D('',#6094,#4826,#4827);
#4211=AXIS2_PLACEMENT_3D('',#6095,#4828,#4829);
#4212=AXIS2_PLACEMENT_3D('',#6097,#4830,#4831);
#4213=AXIS2_PLACEMENT_3D('',#6100,#4833,#4834);
#4214=AXIS2_PLACEMENT_3D('',#6101,#4835,#4836);
#4215=AXIS2_PLACEMENT_3D('',#6103,#4837,#4838);
#4216=AXIS2_PLACEMENT_3D('',#6106,#4840,#4841);
#4217=AXIS2_PLACEMENT_3D('',#6107,#4842,#4843);
#4218=AXIS2_PLACEMENT_3D('',#6109,#4844,#4845);
#4219=AXIS2_PLACEMENT_3D('',#6112,#4847,#4848);
#4220=AXIS2_PLACEMENT_3D('',#6113,#4849,#4850);
#4221=AXIS2_PLACEMENT_3D('',#6115,#4851,#4852);
#4222=AXIS2_PLACEMENT_3D('',#6118,#4854,#4855);
#4223=AXIS2_PLACEMENT_3D('',#6119,#4856,#4857);
#4224=AXIS2_PLACEMENT_3D('',#6121,#4858,#4859);
#4225=AXIS2_PLACEMENT_3D('',#6124,#4861,#4862);
#4226=AXIS2_PLACEMENT_3D('',#6125,#4863,#4864);
#4227=AXIS2_PLACEMENT_3D('',#6127,#4865,#4866);
#4228=AXIS2_PLACEMENT_3D('',#6130,#4868,#4869);
#4229=AXIS2_PLACEMENT_3D('',#6131,#4870,#4871);
#4230=AXIS2_PLACEMENT_3D('',#6133,#4872,#4873);
#4231=AXIS2_PLACEMENT_3D('',#6136,#4875,#4876);
#4232=AXIS2_PLACEMENT_3D('',#6137,#4877,#4878);
#4233=AXIS2_PLACEMENT_3D('',#6139,#4879,#4880);
#4234=AXIS2_PLACEMENT_3D('',#6142,#4882,#4883);
#4235=AXIS2_PLACEMENT_3D('',#6143,#4884,#4885);
#4236=AXIS2_PLACEMENT_3D('',#6145,#4886,#4887);
#4237=AXIS2_PLACEMENT_3D('',#6148,#4889,#4890);
#4238=AXIS2_PLACEMENT_3D('',#6149,#4891,#4892);
#4239=AXIS2_PLACEMENT_3D('',#6151,#4893,#4894);
#4240=AXIS2_PLACEMENT_3D('',#6154,#4896,#4897);
#4241=AXIS2_PLACEMENT_3D('',#6155,#4898,#4899);
#4242=AXIS2_PLACEMENT_3D('',#6157,#4900,#4901);
#4243=AXIS2_PLACEMENT_3D('',#6160,#4903,#4904);
#4244=AXIS2_PLACEMENT_3D('',#6161,#4905,#4906);
#4245=AXIS2_PLACEMENT_3D('',#6163,#4907,#4908);
#4246=AXIS2_PLACEMENT_3D('',#6166,#4910,#4911);
#4247=AXIS2_PLACEMENT_3D('',#6167,#4912,#4913);
#4248=AXIS2_PLACEMENT_3D('',#6169,#4914,#4915);
#4249=AXIS2_PLACEMENT_3D('',#6172,#4917,#4918);
#4250=AXIS2_PLACEMENT_3D('',#6173,#4919,#4920);
#4251=AXIS2_PLACEMENT_3D('',#6175,#4921,#4922);
#4252=AXIS2_PLACEMENT_3D('',#6178,#4924,#4925);
#4253=AXIS2_PLACEMENT_3D('',#6179,#4926,#4927);
#4254=AXIS2_PLACEMENT_3D('',#6181,#4928,#4929);
#4255=AXIS2_PLACEMENT_3D('',#6184,#4931,#4932);
#4256=AXIS2_PLACEMENT_3D('',#6185,#4933,#4934);
#4257=AXIS2_PLACEMENT_3D('',#6187,#4935,#4936);
#4258=AXIS2_PLACEMENT_3D('',#6190,#4938,#4939);
#4259=AXIS2_PLACEMENT_3D('',#6191,#4940,#4941);
#4260=AXIS2_PLACEMENT_3D('',#6193,#4942,#4943);
#4261=AXIS2_PLACEMENT_3D('',#6196,#4945,#4946);
#4262=AXIS2_PLACEMENT_3D('',#6197,#4947,#4948);
#4263=AXIS2_PLACEMENT_3D('',#6199,#4949,#4950);
#4264=AXIS2_PLACEMENT_3D('',#6202,#4952,#4953);
#4265=AXIS2_PLACEMENT_3D('',#6203,#4954,#4955);
#4266=AXIS2_PLACEMENT_3D('',#6205,#4956,#4957);
#4267=AXIS2_PLACEMENT_3D('',#6208,#4959,#4960);
#4268=AXIS2_PLACEMENT_3D('',#6209,#4961,#4962);
#4269=AXIS2_PLACEMENT_3D('',#6211,#4963,#4964);
#4270=AXIS2_PLACEMENT_3D('',#6214,#4966,#4967);
#4271=AXIS2_PLACEMENT_3D('',#6215,#4968,#4969);
#4272=AXIS2_PLACEMENT_3D('',#6217,#4970,#4971);
#4273=AXIS2_PLACEMENT_3D('',#6220,#4973,#4974);
#4274=AXIS2_PLACEMENT_3D('',#6221,#4975,#4976);
#4275=AXIS2_PLACEMENT_3D('',#6223,#4977,#4978);
#4276=AXIS2_PLACEMENT_3D('',#6226,#4980,#4981);
#4277=AXIS2_PLACEMENT_3D('',#6227,#4982,#4983);
#4278=AXIS2_PLACEMENT_3D('',#6229,#4984,#4985);
#4279=AXIS2_PLACEMENT_3D('',#6232,#4987,#4988);
#4280=AXIS2_PLACEMENT_3D('',#6233,#4989,#4990);
#4281=AXIS2_PLACEMENT_3D('',#6235,#4991,#4992);
#4282=AXIS2_PLACEMENT_3D('',#6238,#4994,#4995);
#4283=AXIS2_PLACEMENT_3D('',#6239,#4996,#4997);
#4284=AXIS2_PLACEMENT_3D('',#6241,#4998,#4999);
#4285=AXIS2_PLACEMENT_3D('',#6244,#5001,#5002);
#4286=AXIS2_PLACEMENT_3D('',#6245,#5003,#5004);
#4287=AXIS2_PLACEMENT_3D('',#6247,#5005,#5006);
#4288=AXIS2_PLACEMENT_3D('',#6250,#5008,#5009);
#4289=AXIS2_PLACEMENT_3D('',#6251,#5010,#5011);
#4290=AXIS2_PLACEMENT_3D('',#6253,#5012,#5013);
#4291=AXIS2_PLACEMENT_3D('',#6256,#5015,#5016);
#4292=AXIS2_PLACEMENT_3D('',#6257,#5017,#5018);
#4293=AXIS2_PLACEMENT_3D('',#6259,#5019,#5020);
#4294=AXIS2_PLACEMENT_3D('',#6262,#5022,#5023);
#4295=AXIS2_PLACEMENT_3D('',#6263,#5024,#5025);
#4296=AXIS2_PLACEMENT_3D('',#6265,#5026,#5027);
#4297=AXIS2_PLACEMENT_3D('',#6268,#5029,#5030);
#4298=AXIS2_PLACEMENT_3D('',#6269,#5031,#5032);
#4299=AXIS2_PLACEMENT_3D('',#6271,#5033,#5034);
#4300=AXIS2_PLACEMENT_3D('',#6274,#5036,#5037);
#4301=AXIS2_PLACEMENT_3D('',#6275,#5038,#5039);
#4302=AXIS2_PLACEMENT_3D('',#6277,#5040,#5041);
#4303=AXIS2_PLACEMENT_3D('',#6280,#5043,#5044);
#4304=AXIS2_PLACEMENT_3D('',#6281,#5045,#5046);
#4305=AXIS2_PLACEMENT_3D('',#6283,#5047,#5048);
#4306=AXIS2_PLACEMENT_3D('',#6286,#5050,#5051);
#4307=AXIS2_PLACEMENT_3D('',#6287,#5052,#5053);
#4308=AXIS2_PLACEMENT_3D('',#6289,#5054,#5055);
#4309=AXIS2_PLACEMENT_3D('',#6292,#5057,#5058);
#4310=AXIS2_PLACEMENT_3D('',#6293,#5059,#5060);
#4311=AXIS2_PLACEMENT_3D('',#6295,#5061,#5062);
#4312=AXIS2_PLACEMENT_3D('',#6298,#5064,#5065);
#4313=AXIS2_PLACEMENT_3D('',#6299,#5066,#5067);
#4314=AXIS2_PLACEMENT_3D('',#6301,#5068,#5069);
#4315=AXIS2_PLACEMENT_3D('',#6304,#5071,#5072);
#4316=AXIS2_PLACEMENT_3D('',#6305,#5073,#5074);
#4317=AXIS2_PLACEMENT_3D('',#6307,#5075,#5076);
#4318=AXIS2_PLACEMENT_3D('',#6310,#5078,#5079);
#4319=AXIS2_PLACEMENT_3D('',#6311,#5080,#5081);
#4320=AXIS2_PLACEMENT_3D('',#6313,#5082,#5083);
#4321=AXIS2_PLACEMENT_3D('',#6316,#5085,#5086);
#4322=AXIS2_PLACEMENT_3D('',#6317,#5087,#5088);
#4323=AXIS2_PLACEMENT_3D('',#6319,#5089,#5090);
#4324=AXIS2_PLACEMENT_3D('',#6322,#5092,#5093);
#4325=AXIS2_PLACEMENT_3D('',#6323,#5094,#5095);
#4326=AXIS2_PLACEMENT_3D('',#6325,#5096,#5097);
#4327=AXIS2_PLACEMENT_3D('',#6328,#5099,#5100);
#4328=AXIS2_PLACEMENT_3D('',#6329,#5101,#5102);
#4329=AXIS2_PLACEMENT_3D('',#6331,#5103,#5104);
#4330=AXIS2_PLACEMENT_3D('',#6334,#5106,#5107);
#4331=AXIS2_PLACEMENT_3D('',#6335,#5108,#5109);
#4332=AXIS2_PLACEMENT_3D('',#6337,#5110,#5111);
#4333=AXIS2_PLACEMENT_3D('',#6340,#5113,#5114);
#4334=AXIS2_PLACEMENT_3D('',#6341,#5115,#5116);
#4335=AXIS2_PLACEMENT_3D('',#6343,#5117,#5118);
#4336=AXIS2_PLACEMENT_3D('',#6346,#5120,#5121);
#4337=AXIS2_PLACEMENT_3D('',#6347,#5122,#5123);
#4338=AXIS2_PLACEMENT_3D('',#6349,#5124,#5125);
#4339=AXIS2_PLACEMENT_3D('',#6352,#5127,#5128);
#4340=AXIS2_PLACEMENT_3D('',#6353,#5129,#5130);
#4341=AXIS2_PLACEMENT_3D('',#6355,#5131,#5132);
#4342=AXIS2_PLACEMENT_3D('',#6358,#5134,#5135);
#4343=AXIS2_PLACEMENT_3D('',#6359,#5136,#5137);
#4344=AXIS2_PLACEMENT_3D('',#6361,#5138,#5139);
#4345=AXIS2_PLACEMENT_3D('',#6364,#5141,#5142);
#4346=AXIS2_PLACEMENT_3D('',#6365,#5143,#5144);
#4347=AXIS2_PLACEMENT_3D('',#6367,#5145,#5146);
#4348=AXIS2_PLACEMENT_3D('',#6370,#5148,#5149);
#4349=AXIS2_PLACEMENT_3D('',#6371,#5150,#5151);
#4350=AXIS2_PLACEMENT_3D('',#6373,#5152,#5153);
#4351=AXIS2_PLACEMENT_3D('',#6376,#5155,#5156);
#4352=AXIS2_PLACEMENT_3D('',#6377,#5157,#5158);
#4353=AXIS2_PLACEMENT_3D('',#6379,#5159,#5160);
#4354=AXIS2_PLACEMENT_3D('',#6382,#5162,#5163);
#4355=AXIS2_PLACEMENT_3D('',#6383,#5164,#5165);
#4356=AXIS2_PLACEMENT_3D('',#6385,#5166,#5167);
#4357=AXIS2_PLACEMENT_3D('',#6388,#5169,#5170);
#4358=AXIS2_PLACEMENT_3D('',#6389,#5171,#5172);
#4359=AXIS2_PLACEMENT_3D('',#6391,#5173,#5174);
#4360=AXIS2_PLACEMENT_3D('',#6394,#5176,#5177);
#4361=AXIS2_PLACEMENT_3D('',#6395,#5178,#5179);
#4362=AXIS2_PLACEMENT_3D('',#6397,#5180,#5181);
#4363=AXIS2_PLACEMENT_3D('',#6400,#5183,#5184);
#4364=AXIS2_PLACEMENT_3D('',#6401,#5185,#5186);
#4365=AXIS2_PLACEMENT_3D('',#6403,#5187,#5188);
#4366=AXIS2_PLACEMENT_3D('',#6406,#5190,#5191);
#4367=AXIS2_PLACEMENT_3D('',#6407,#5192,#5193);
#4368=AXIS2_PLACEMENT_3D('',#6409,#5194,#5195);
#4369=AXIS2_PLACEMENT_3D('',#6412,#5197,#5198);
#4370=AXIS2_PLACEMENT_3D('',#6413,#5199,#5200);
#4371=AXIS2_PLACEMENT_3D('',#6415,#5201,#5202);
#4372=AXIS2_PLACEMENT_3D('',#6418,#5204,#5205);
#4373=AXIS2_PLACEMENT_3D('',#6419,#5206,#5207);
#4374=AXIS2_PLACEMENT_3D('',#6421,#5208,#5209);
#4375=AXIS2_PLACEMENT_3D('',#6424,#5211,#5212);
#4376=AXIS2_PLACEMENT_3D('',#6425,#5213,#5214);
#4377=AXIS2_PLACEMENT_3D('',#6427,#5215,#5216);
#4378=AXIS2_PLACEMENT_3D('',#6430,#5218,#5219);
#4379=AXIS2_PLACEMENT_3D('',#6431,#5220,#5221);
#4380=AXIS2_PLACEMENT_3D('',#6433,#5222,#5223);
#4381=AXIS2_PLACEMENT_3D('',#6436,#5225,#5226);
#4382=AXIS2_PLACEMENT_3D('',#6437,#5227,#5228);
#4383=AXIS2_PLACEMENT_3D('',#6439,#5229,#5230);
#4384=AXIS2_PLACEMENT_3D('',#6442,#5232,#5233);
#4385=AXIS2_PLACEMENT_3D('',#6443,#5234,#5235);
#4386=AXIS2_PLACEMENT_3D('',#6445,#5236,#5237);
#4387=AXIS2_PLACEMENT_3D('',#6448,#5239,#5240);
#4388=AXIS2_PLACEMENT_3D('',#6449,#5241,#5242);
#4389=AXIS2_PLACEMENT_3D('',#6451,#5243,#5244);
#4390=AXIS2_PLACEMENT_3D('',#6454,#5246,#5247);
#4391=AXIS2_PLACEMENT_3D('',#6455,#5248,#5249);
#4392=AXIS2_PLACEMENT_3D('',#6457,#5250,#5251);
#4393=AXIS2_PLACEMENT_3D('',#6460,#5253,#5254);
#4394=AXIS2_PLACEMENT_3D('',#6461,#5255,#5256);
#4395=AXIS2_PLACEMENT_3D('',#6463,#5257,#5258);
#4396=AXIS2_PLACEMENT_3D('',#6466,#5260,#5261);
#4397=AXIS2_PLACEMENT_3D('',#6467,#5262,#5263);
#4398=AXIS2_PLACEMENT_3D('',#6469,#5264,#5265);
#4399=AXIS2_PLACEMENT_3D('',#6472,#5267,#5268);
#4400=AXIS2_PLACEMENT_3D('',#6473,#5269,#5270);
#4401=AXIS2_PLACEMENT_3D('',#6475,#5271,#5272);
#4402=AXIS2_PLACEMENT_3D('',#6478,#5274,#5275);
#4403=AXIS2_PLACEMENT_3D('',#6479,#5276,#5277);
#4404=AXIS2_PLACEMENT_3D('',#6481,#5278,#5279);
#4405=AXIS2_PLACEMENT_3D('',#6484,#5281,#5282);
#4406=AXIS2_PLACEMENT_3D('',#6485,#5283,#5284);
#4407=AXIS2_PLACEMENT_3D('',#6487,#5285,#5286);
#4408=AXIS2_PLACEMENT_3D('',#6490,#5288,#5289);
#4409=AXIS2_PLACEMENT_3D('',#6491,#5290,#5291);
#4410=AXIS2_PLACEMENT_3D('',#6493,#5292,#5293);
#4411=AXIS2_PLACEMENT_3D('',#6496,#5295,#5296);
#4412=AXIS2_PLACEMENT_3D('',#6497,#5297,#5298);
#4413=AXIS2_PLACEMENT_3D('',#6499,#5299,#5300);
#4414=AXIS2_PLACEMENT_3D('',#6502,#5302,#5303);
#4415=AXIS2_PLACEMENT_3D('',#6503,#5304,#5305);
#4416=AXIS2_PLACEMENT_3D('',#6505,#5306,#5307);
#4417=AXIS2_PLACEMENT_3D('',#6508,#5309,#5310);
#4418=AXIS2_PLACEMENT_3D('',#6509,#5311,#5312);
#4419=AXIS2_PLACEMENT_3D('',#6511,#5313,#5314);
#4420=AXIS2_PLACEMENT_3D('',#6514,#5316,#5317);
#4421=AXIS2_PLACEMENT_3D('',#6515,#5318,#5319);
#4422=AXIS2_PLACEMENT_3D('',#6517,#5320,#5321);
#4423=AXIS2_PLACEMENT_3D('',#6520,#5323,#5324);
#4424=AXIS2_PLACEMENT_3D('',#6521,#5325,#5326);
#4425=AXIS2_PLACEMENT_3D('',#6523,#5327,#5328);
#4426=AXIS2_PLACEMENT_3D('',#6526,#5330,#5331);
#4427=AXIS2_PLACEMENT_3D('',#6527,#5332,#5333);
#4428=AXIS2_PLACEMENT_3D('',#6529,#5334,#5335);
#4429=AXIS2_PLACEMENT_3D('',#6532,#5337,#5338);
#4430=AXIS2_PLACEMENT_3D('',#6533,#5339,#5340);
#4431=AXIS2_PLACEMENT_3D('',#6535,#5341,#5342);
#4432=AXIS2_PLACEMENT_3D('',#6538,#5344,#5345);
#4433=AXIS2_PLACEMENT_3D('',#6539,#5346,#5347);
#4434=AXIS2_PLACEMENT_3D('',#6541,#5348,#5349);
#4435=AXIS2_PLACEMENT_3D('',#6544,#5351,#5352);
#4436=AXIS2_PLACEMENT_3D('',#6545,#5353,#5354);
#4437=AXIS2_PLACEMENT_3D('',#6547,#5355,#5356);
#4438=AXIS2_PLACEMENT_3D('',#6550,#5358,#5359);
#4439=AXIS2_PLACEMENT_3D('',#6551,#5360,#5361);
#4440=AXIS2_PLACEMENT_3D('',#6553,#5362,#5363);
#4441=AXIS2_PLACEMENT_3D('',#6556,#5365,#5366);
#4442=AXIS2_PLACEMENT_3D('',#6557,#5367,#5368);
#4443=AXIS2_PLACEMENT_3D('',#6559,#5369,#5370);
#4444=AXIS2_PLACEMENT_3D('',#6562,#5372,#5373);
#4445=AXIS2_PLACEMENT_3D('',#6563,#5374,#5375);
#4446=AXIS2_PLACEMENT_3D('',#6565,#5376,#5377);
#4447=AXIS2_PLACEMENT_3D('',#6568,#5379,#5380);
#4448=AXIS2_PLACEMENT_3D('',#6569,#5381,#5382);
#4449=AXIS2_PLACEMENT_3D('',#6571,#5383,#5384);
#4450=AXIS2_PLACEMENT_3D('',#6574,#5386,#5387);
#4451=AXIS2_PLACEMENT_3D('',#6575,#5388,#5389);
#4452=AXIS2_PLACEMENT_3D('',#6577,#5390,#5391);
#4453=AXIS2_PLACEMENT_3D('',#6580,#5393,#5394);
#4454=AXIS2_PLACEMENT_3D('',#6581,#5395,#5396);
#4455=AXIS2_PLACEMENT_3D('',#6583,#5397,#5398);
#4456=AXIS2_PLACEMENT_3D('',#6586,#5400,#5401);
#4457=AXIS2_PLACEMENT_3D('',#6587,#5402,#5403);
#4458=AXIS2_PLACEMENT_3D('',#6589,#5404,#5405);
#4459=AXIS2_PLACEMENT_3D('',#6592,#5407,#5408);
#4460=AXIS2_PLACEMENT_3D('',#6593,#5409,#5410);
#4461=AXIS2_PLACEMENT_3D('',#6595,#5411,#5412);
#4462=AXIS2_PLACEMENT_3D('',#6598,#5414,#5415);
#4463=AXIS2_PLACEMENT_3D('',#6599,#5416,#5417);
#4464=AXIS2_PLACEMENT_3D('',#6601,#5418,#5419);
#4465=AXIS2_PLACEMENT_3D('',#6604,#5421,#5422);
#4466=AXIS2_PLACEMENT_3D('',#6605,#5423,#5424);
#4467=AXIS2_PLACEMENT_3D('',#6607,#5425,#5426);
#4468=AXIS2_PLACEMENT_3D('',#6610,#5428,#5429);
#4469=AXIS2_PLACEMENT_3D('',#6611,#5430,#5431);
#4470=AXIS2_PLACEMENT_3D('',#6613,#5432,#5433);
#4471=AXIS2_PLACEMENT_3D('',#6616,#5435,#5436);
#4472=AXIS2_PLACEMENT_3D('',#6617,#5437,#5438);
#4473=AXIS2_PLACEMENT_3D('',#6619,#5439,#5440);
#4474=AXIS2_PLACEMENT_3D('',#6622,#5442,#5443);
#4475=AXIS2_PLACEMENT_3D('',#6623,#5444,#5445);
#4476=AXIS2_PLACEMENT_3D('',#6625,#5446,#5447);
#4477=AXIS2_PLACEMENT_3D('',#6628,#5449,#5450);
#4478=AXIS2_PLACEMENT_3D('',#6629,#5451,#5452);
#4479=AXIS2_PLACEMENT_3D('',#6631,#5453,#5454);
#4480=AXIS2_PLACEMENT_3D('',#6634,#5456,#5457);
#4481=AXIS2_PLACEMENT_3D('',#6635,#5458,#5459);
#4482=AXIS2_PLACEMENT_3D('',#6637,#5460,#5461);
#4483=AXIS2_PLACEMENT_3D('',#6640,#5463,#5464);
#4484=AXIS2_PLACEMENT_3D('',#6641,#5465,#5466);
#4485=AXIS2_PLACEMENT_3D('',#6643,#5467,#5468);
#4486=AXIS2_PLACEMENT_3D('',#6646,#5470,#5471);
#4487=AXIS2_PLACEMENT_3D('',#6647,#5472,#5473);
#4488=AXIS2_PLACEMENT_3D('',#6649,#5474,#5475);
#4489=AXIS2_PLACEMENT_3D('',#6652,#5477,#5478);
#4490=AXIS2_PLACEMENT_3D('',#6653,#5479,#5480);
#4491=AXIS2_PLACEMENT_3D('',#6655,#5481,#5482);
#4492=AXIS2_PLACEMENT_3D('',#6658,#5484,#5485);
#4493=AXIS2_PLACEMENT_3D('',#6659,#5486,#5487);
#4494=AXIS2_PLACEMENT_3D('',#6661,#5488,#5489);
#4495=AXIS2_PLACEMENT_3D('',#6664,#5491,#5492);
#4496=AXIS2_PLACEMENT_3D('',#6665,#5493,#5494);
#4497=AXIS2_PLACEMENT_3D('',#6667,#5495,#5496);
#4498=AXIS2_PLACEMENT_3D('',#6670,#5498,#5499);
#4499=AXIS2_PLACEMENT_3D('',#6671,#5500,#5501);
#4500=AXIS2_PLACEMENT_3D('',#6673,#5502,#5503);
#4501=AXIS2_PLACEMENT_3D('',#6676,#5505,#5506);
#4502=AXIS2_PLACEMENT_3D('',#6677,#5507,#5508);
#4503=AXIS2_PLACEMENT_3D('',#6679,#5509,#5510);
#4504=AXIS2_PLACEMENT_3D('',#6682,#5512,#5513);
#4505=AXIS2_PLACEMENT_3D('',#6683,#5514,#5515);
#4506=AXIS2_PLACEMENT_3D('',#6685,#5516,#5517);
#4507=AXIS2_PLACEMENT_3D('',#6688,#5519,#5520);
#4508=AXIS2_PLACEMENT_3D('',#6689,#5521,#5522);
#4509=AXIS2_PLACEMENT_3D('',#6691,#5523,#5524);
#4510=AXIS2_PLACEMENT_3D('',#6694,#5526,#5527);
#4511=AXIS2_PLACEMENT_3D('',#6695,#5528,#5529);
#4512=AXIS2_PLACEMENT_3D('',#6697,#5530,#5531);
#4513=AXIS2_PLACEMENT_3D('',#6700,#5533,#5534);
#4514=AXIS2_PLACEMENT_3D('',#6701,#5535,#5536);
#4515=AXIS2_PLACEMENT_3D('',#6703,#5537,#5538);
#4516=AXIS2_PLACEMENT_3D('',#6706,#5540,#5541);
#4517=AXIS2_PLACEMENT_3D('',#6707,#5542,#5543);
#4518=AXIS2_PLACEMENT_3D('',#6709,#5544,#5545);
#4519=AXIS2_PLACEMENT_3D('',#6712,#5547,#5548);
#4520=AXIS2_PLACEMENT_3D('',#6713,#5549,#5550);
#4521=AXIS2_PLACEMENT_3D('',#6715,#5551,#5552);
#4522=AXIS2_PLACEMENT_3D('',#6718,#5554,#5555);
#4523=AXIS2_PLACEMENT_3D('',#6719,#5556,#5557);
#4524=AXIS2_PLACEMENT_3D('',#6721,#5558,#5559);
#4525=AXIS2_PLACEMENT_3D('',#6724,#5561,#5562);
#4526=AXIS2_PLACEMENT_3D('',#6725,#5563,#5564);
#4527=AXIS2_PLACEMENT_3D('',#6727,#5565,#5566);
#4528=AXIS2_PLACEMENT_3D('',#6730,#5568,#5569);
#4529=AXIS2_PLACEMENT_3D('',#6731,#5570,#5571);
#4530=AXIS2_PLACEMENT_3D('',#6733,#5572,#5573);
#4531=AXIS2_PLACEMENT_3D('',#6736,#5575,#5576);
#4532=AXIS2_PLACEMENT_3D('',#6737,#5577,#5578);
#4533=AXIS2_PLACEMENT_3D('',#6739,#5579,#5580);
#4534=AXIS2_PLACEMENT_3D('',#6742,#5582,#5583);
#4535=AXIS2_PLACEMENT_3D('',#6743,#5584,#5585);
#4536=AXIS2_PLACEMENT_3D('',#6745,#5586,#5587);
#4537=AXIS2_PLACEMENT_3D('',#6748,#5589,#5590);
#4538=AXIS2_PLACEMENT_3D('',#6749,#5591,#5592);
#4539=AXIS2_PLACEMENT_3D('',#6751,#5593,#5594);
#4540=AXIS2_PLACEMENT_3D('',#6754,#5596,#5597);
#4541=AXIS2_PLACEMENT_3D('',#6755,#5598,#5599);
#4542=AXIS2_PLACEMENT_3D('',#6757,#5600,#5601);
#4543=AXIS2_PLACEMENT_3D('',#6760,#5603,#5604);
#4544=AXIS2_PLACEMENT_3D('',#6761,#5605,#5606);
#4545=AXIS2_PLACEMENT_3D('',#6763,#5607,#5608);
#4546=AXIS2_PLACEMENT_3D('',#6766,#5610,#5611);
#4547=AXIS2_PLACEMENT_3D('',#6767,#5612,#5613);
#4548=AXIS2_PLACEMENT_3D('',#6769,#5614,#5615);
#4549=AXIS2_PLACEMENT_3D('',#6772,#5617,#5618);
#4550=AXIS2_PLACEMENT_3D('',#6773,#5619,#5620);
#4551=AXIS2_PLACEMENT_3D('',#6775,#5621,#5622);
#4552=AXIS2_PLACEMENT_3D('',#6778,#5624,#5625);
#4553=AXIS2_PLACEMENT_3D('',#6779,#5626,#5627);
#4554=AXIS2_PLACEMENT_3D('',#6781,#5628,#5629);
#4555=AXIS2_PLACEMENT_3D('',#6784,#5631,#5632);
#4556=AXIS2_PLACEMENT_3D('',#6785,#5633,#5634);
#4557=AXIS2_PLACEMENT_3D('',#6787,#5635,#5636);
#4558=AXIS2_PLACEMENT_3D('',#6790,#5638,#5639);
#4559=AXIS2_PLACEMENT_3D('',#6791,#5640,#5641);
#4560=AXIS2_PLACEMENT_3D('',#6793,#5642,#5643);
#4561=AXIS2_PLACEMENT_3D('',#6796,#5645,#5646);
#4562=AXIS2_PLACEMENT_3D('',#6797,#5647,#5648);
#4563=AXIS2_PLACEMENT_3D('',#6799,#5649,#5650);
#4564=AXIS2_PLACEMENT_3D('',#6802,#5652,#5653);
#4565=AXIS2_PLACEMENT_3D('',#6803,#5654,#5655);
#4566=AXIS2_PLACEMENT_3D('',#6805,#5656,#5657);
#4567=AXIS2_PLACEMENT_3D('',#6808,#5659,#5660);
#4568=AXIS2_PLACEMENT_3D('',#6809,#5661,#5662);
#4569=AXIS2_PLACEMENT_3D('',#6811,#5663,#5664);
#4570=AXIS2_PLACEMENT_3D('',#6814,#5666,#5667);
#4571=AXIS2_PLACEMENT_3D('',#6815,#5668,#5669);
#4572=AXIS2_PLACEMENT_3D('',#6817,#5670,#5671);
#4573=AXIS2_PLACEMENT_3D('',#6820,#5673,#5674);
#4574=AXIS2_PLACEMENT_3D('',#6821,#5675,#5676);
#4575=AXIS2_PLACEMENT_3D('',#6823,#5677,#5678);
#4576=AXIS2_PLACEMENT_3D('',#6826,#5680,#5681);
#4577=AXIS2_PLACEMENT_3D('',#6827,#5682,#5683);
#4578=AXIS2_PLACEMENT_3D('',#6829,#5684,#5685);
#4579=AXIS2_PLACEMENT_3D('',#6832,#5687,#5688);
#4580=AXIS2_PLACEMENT_3D('',#6833,#5689,#5690);
#4581=AXIS2_PLACEMENT_3D('',#6835,#5691,#5692);
#4582=AXIS2_PLACEMENT_3D('',#6838,#5694,#5695);
#4583=AXIS2_PLACEMENT_3D('',#6839,#5696,#5697);
#4584=AXIS2_PLACEMENT_3D('',#6841,#5698,#5699);
#4585=AXIS2_PLACEMENT_3D('',#6844,#5701,#5702);
#4586=AXIS2_PLACEMENT_3D('',#6845,#5703,#5704);
#4587=AXIS2_PLACEMENT_3D('',#6847,#5705,#5706);
#4588=AXIS2_PLACEMENT_3D('',#6850,#5708,#5709);
#4589=AXIS2_PLACEMENT_3D('',#6851,#5710,#5711);
#4590=AXIS2_PLACEMENT_3D('',#6853,#5712,#5713);
#4591=AXIS2_PLACEMENT_3D('',#6856,#5715,#5716);
#4592=AXIS2_PLACEMENT_3D('',#6857,#5717,#5718);
#4593=AXIS2_PLACEMENT_3D('',#6859,#5719,#5720);
#4594=AXIS2_PLACEMENT_3D('',#6862,#5722,#5723);
#4595=AXIS2_PLACEMENT_3D('',#6863,#5724,#5725);
#4596=AXIS2_PLACEMENT_3D('',#6865,#5726,#5727);
#4597=AXIS2_PLACEMENT_3D('',#6868,#5729,#5730);
#4598=AXIS2_PLACEMENT_3D('',#6869,#5731,#5732);
#4599=AXIS2_PLACEMENT_3D('',#6871,#5733,#5734);
#4600=AXIS2_PLACEMENT_3D('',#6874,#5736,#5737);
#4601=AXIS2_PLACEMENT_3D('',#6875,#5738,#5739);
#4602=AXIS2_PLACEMENT_3D('',#6877,#5740,#5741);
#4603=AXIS2_PLACEMENT_3D('',#6880,#5743,#5744);
#4604=AXIS2_PLACEMENT_3D('',#6881,#5745,#5746);
#4605=AXIS2_PLACEMENT_3D('',#6883,#5747,#5748);
#4606=AXIS2_PLACEMENT_3D('',#6886,#5750,#5751);
#4607=AXIS2_PLACEMENT_3D('',#6887,#5752,#5753);
#4608=AXIS2_PLACEMENT_3D('',#6896,#5758,#5759);
#4609=AXIS2_PLACEMENT_3D('',#6926,#5775,#5776);
#4610=AXIS2_PLACEMENT_3D('',#6948,#5788,#5789);
#4611=AXIS2_PLACEMENT_3D('',#6951,#5792,#5793);
#4612=AXIS2_PLACEMENT_3D('',#6959,#5799,#5800);
#4613=AXIS2_PLACEMENT_3D('',#6965,#5804,#5805);
#4614=AXIS2_PLACEMENT_3D('',#6968,#5808,#5809);
#4615=AXIS2_PLACEMENT_3D('',#6970,#5811,#5812);
#4616=AXIS2_PLACEMENT_3D('',#6972,#5814,#5815);
#4617=AXIS2_PLACEMENT_3D('',#6973,#5816,#5817);
#4618=AXIS2_PLACEMENT_3D('',#6975,#5819,#5820);
#4619=AXIS2_PLACEMENT_3D('',#6977,#5822,#5823);
#4620=AXIS2_PLACEMENT_3D('',#6978,#5824,#5825);
#4621=AXIS2_PLACEMENT_3D('',#6980,#5827,#5828);
#4622=AXIS2_PLACEMENT_3D('',#6982,#5830,#5831);
#4623=AXIS2_PLACEMENT_3D('',#6983,#5832,#5833);
#4624=AXIS2_PLACEMENT_3D('',#6984,#5834,#5835);
#4625=AXIS2_PLACEMENT_3D('',#6985,#5836,#5837);
#4626=AXIS2_PLACEMENT_3D('',#6986,#5838,#5839);
#4627=AXIS2_PLACEMENT_3D('',#6987,#5840,#5841);
#4628=AXIS2_PLACEMENT_3D('',#6988,#5842,#5843);
#4629=AXIS2_PLACEMENT_3D('',#6989,#5844,#5845);
#4630=AXIS2_PLACEMENT_3D('',#6990,#5846,#5847);
#4631=AXIS2_PLACEMENT_3D('',#6991,#5848,#5849);
#4632=AXIS2_PLACEMENT_3D('',#6992,#5850,#5851);
#4633=AXIS2_PLACEMENT_3D('',#6993,#5852,#5853);
#4634=AXIS2_PLACEMENT_3D('',#6994,#5854,#5855);
#4635=AXIS2_PLACEMENT_3D('',#6995,#5856,#5857);
#4636=AXIS2_PLACEMENT_3D('',#6996,#5858,#5859);
#4637=AXIS2_PLACEMENT_3D('',#6997,#5860,#5861);
#4638=AXIS2_PLACEMENT_3D('',#6998,#5862,#5863);
#4639=AXIS2_PLACEMENT_3D('',#6999,#5864,#5865);
#4640=AXIS2_PLACEMENT_3D('',#7000,#5866,#5867);
#4641=AXIS2_PLACEMENT_3D('',#7001,#5868,#5869);
#4642=AXIS2_PLACEMENT_3D('',#7002,#5870,#5871);
#4643=AXIS2_PLACEMENT_3D('',#7003,#5872,#5873);
#4644=AXIS2_PLACEMENT_3D('',#7004,#5874,#5875);
#4645=AXIS2_PLACEMENT_3D('',#7005,#5876,#5877);
#4646=AXIS2_PLACEMENT_3D('',#7006,#5878,#5879);
#4647=AXIS2_PLACEMENT_3D('',#7007,#5880,#5881);
#4648=AXIS2_PLACEMENT_3D('',#7008,#5882,#5883);
#4649=AXIS2_PLACEMENT_3D('',#7009,#5884,#5885);
#4650=AXIS2_PLACEMENT_3D('',#7010,#5886,#5887);
#4651=AXIS2_PLACEMENT_3D('',#7011,#5888,#5889);
#4652=AXIS2_PLACEMENT_3D('',#7012,#5890,#5891);
#4653=AXIS2_PLACEMENT_3D('',#7013,#5892,#5893);
#4654=AXIS2_PLACEMENT_3D('',#7014,#5894,#5895);
#4655=AXIS2_PLACEMENT_3D('',#7015,#5896,#5897);
#4656=DIRECTION('axis',(0.,0.,1.));
#4657=DIRECTION('refdir',(1.,0.,0.));
#4658=DIRECTION('axis',(0.,0.,1.));
#4659=DIRECTION('refdir',(1.,0.,0.));
#4660=DIRECTION('center_axis',(0.,1.,0.));
#4661=DIRECTION('ref_axis',(0.,0.,1.));
#4662=DIRECTION('',(1.,0.,0.));
#4663=DIRECTION('',(0.,0.,1.));
#4664=DIRECTION('',(-1.,0.,0.));
#4665=DIRECTION('',(0.,1.14068646127646E-13,1.));
#4666=DIRECTION('',(1.,0.,0.));
#4667=DIRECTION('',(0.,0.,1.));
#4668=DIRECTION('',(-1.,0.,0.));
#4669=DIRECTION('',(0.,1.14058068545481E-13,1.));
#4670=DIRECTION('',(1.,0.,0.));
#4671=DIRECTION('',(0.,0.,1.));
#4672=DIRECTION('',(-1.,0.,0.));
#4673=DIRECTION('',(0.,1.14068646127646E-13,1.));
#4674=DIRECTION('',(1.,0.,0.));
#4675=DIRECTION('',(0.,0.,1.));
#4676=DIRECTION('',(-1.,0.,0.));
#4677=DIRECTION('',(0.,1.14068646127646E-13,1.));
#4678=DIRECTION('',(1.,0.,0.));
#4679=DIRECTION('',(0.,0.,1.));
#4680=DIRECTION('',(-1.,0.,0.));
#4681=DIRECTION('',(0.,1.14066572091926E-13,1.));
#4682=DIRECTION('',(-1.,0.,0.));
#4683=DIRECTION('',(0.,0.,-1.));
#4684=DIRECTION('',(1.,0.,0.));
#4685=DIRECTION('',(0.,0.,1.));
#4686=DIRECTION('',(-1.,0.,0.));
#4687=DIRECTION('',(0.,1.14047490963305E-13,1.));
#4688=DIRECTION('',(1.,0.,0.));
#4689=DIRECTION('',(0.,0.,1.));
#4690=DIRECTION('',(-1.,0.,0.));
#4691=DIRECTION('',(0.,1.14068646127646E-13,1.));
#4692=DIRECTION('center_axis',(-1.,0.,0.));
#4693=DIRECTION('ref_axis',(0.,0.,1.));
#4694=DIRECTION('',(0.,0.,1.));
#4695=DIRECTION('',(0.,1.,0.));
#4696=DIRECTION('',(0.,-1.14066572091926E-13,-1.));
#4697=DIRECTION('',(0.,1.,-1.14064029803527E-13));
#4698=DIRECTION('',(0.,1.,-1.14064029803527E-13));
#4699=DIRECTION('',(0.,-1.14068646127646E-13,-1.));
#4700=DIRECTION('',(0.,1.,-1.14064029803527E-13));
#4701=DIRECTION('',(0.,1.,-1.14064029803527E-13));
#4702=DIRECTION('',(0.,-1.14068646127646E-13,-1.));
#4703=DIRECTION('',(0.,1.,-1.14064029803527E-13));
#4704=DIRECTION('',(0.,1.,-1.14064029803527E-13));
#4705=DIRECTION('',(0.,-1.14058068545481E-13,-1.));
#4706=DIRECTION('',(0.,1.,-1.14064029803527E-13));
#4707=DIRECTION('',(0.,1.,-1.14064029803527E-13));
#4708=DIRECTION('',(0.,-1.14068646127646E-13,-1.));
#4709=DIRECTION('',(0.,1.,-1.14064029803527E-13));
#4710=DIRECTION('',(0.,1.,-1.14064029803527E-13));
#4711=DIRECTION('',(0.,-1.14068646127646E-13,-1.));
#4712=DIRECTION('',(0.,1.,-1.14064029803527E-13));
#4713=DIRECTION('',(0.,1.,-1.14064029803527E-13));
#4714=DIRECTION('',(0.,-1.14047490963305E-13,-1.));
#4715=DIRECTION('',(0.,1.,-1.14064029803527E-13));
#4716=DIRECTION('',(0.,1.,0.));
#4717=DIRECTION('center_axis',(0.,0.,-1.));
#4718=DIRECTION('ref_axis',(-1.,0.,0.));
#4719=DIRECTION('',(-1.,0.,0.));
#4720=DIRECTION('',(0.,1.,0.));
#4721=DIRECTION('',(0.,1.,-1.14064029803527E-13));
#4722=DIRECTION('',(1.,0.,0.));
#4723=DIRECTION('center_axis',(1.,0.,0.));
#4724=DIRECTION('ref_axis',(0.,0.,-1.));
#4725=DIRECTION('',(0.,0.,-1.));
#4726=DIRECTION('',(0.,1.,0.));
#4727=DIRECTION('center_axis',(0.,0.,1.));
#4728=DIRECTION('ref_axis',(1.,0.,0.));
#4729=DIRECTION('',(1.,0.,0.));
#4730=DIRECTION('center_axis',(0.,1.,0.));
#4731=DIRECTION('ref_axis',(0.,0.,1.));
#4732=DIRECTION('center_axis',(0.,-1.14064029803527E-13,-1.));
#4733=DIRECTION('ref_axis',(0.,1.,-1.14064029803527E-13));
#4734=DIRECTION('',(-1.,0.,0.));
#4735=DIRECTION('',(0.,1.,-1.14064029803527E-13));
#4736=DIRECTION('center_axis',(-1.,0.,0.));
#4737=DIRECTION('ref_axis',(0.,0.,1.));
#4738=DIRECTION('',(0.,1.14066572091926E-13,1.));
#4739=DIRECTION('center_axis',(0.,1.,-1.14066572091926E-13));
#4740=DIRECTION('ref_axis',(0.,1.14066572091926E-13,1.));
#4741=DIRECTION('center_axis',(0.,1.14064029803527E-13,1.));
#4742=DIRECTION('ref_axis',(0.,-1.,1.14064029803527E-13));
#4743=DIRECTION('',(0.,1.,-1.14064029803527E-13));
#4744=DIRECTION('',(1.,0.,0.));
#4745=DIRECTION('center_axis',(-1.,0.,0.));
#4746=DIRECTION('ref_axis',(0.,0.,1.));
#4747=DIRECTION('',(0.,1.,-1.14064029803527E-13));
#4748=DIRECTION('',(0.,1.14068646127646E-13,1.));
#4749=DIRECTION('center_axis',(0.,-1.14064029803527E-13,-1.));
#4750=DIRECTION('ref_axis',(0.,1.,-1.14064029803527E-13));
#4751=DIRECTION('',(-1.,0.,0.));
#4752=DIRECTION('center_axis',(0.,1.,-1.14068646127646E-13));
#4753=DIRECTION('ref_axis',(0.,1.14068646127646E-13,1.));
#4754=DIRECTION('center_axis',(0.,1.14064029803527E-13,1.));
#4755=DIRECTION('ref_axis',(0.,-1.,1.14064029803527E-13));
#4756=DIRECTION('',(0.,1.,-1.14064029803527E-13));
#4757=DIRECTION('',(1.,0.,0.));
#4758=DIRECTION('center_axis',(-1.,0.,0.));
#4759=DIRECTION('ref_axis',(0.,0.,1.));
#4760=DIRECTION('',(0.,1.,-1.14064029803527E-13));
#4761=DIRECTION('',(0.,1.14068646127646E-13,1.));
#4762=DIRECTION('center_axis',(0.,-1.14064029803527E-13,-1.));
#4763=DIRECTION('ref_axis',(0.,1.,-1.14064029803527E-13));
#4764=DIRECTION('',(-1.,0.,0.));
#4765=DIRECTION('center_axis',(0.,1.,-1.14068646127646E-13));
#4766=DIRECTION('ref_axis',(0.,1.14068646127646E-13,1.));
#4767=DIRECTION('center_axis',(0.,1.14064029803527E-13,1.));
#4768=DIRECTION('ref_axis',(0.,-1.,1.14064029803527E-13));
#4769=DIRECTION('',(0.,1.,-1.14064029803527E-13));
#4770=DIRECTION('',(1.,0.,0.));
#4771=DIRECTION('center_axis',(-1.,0.,0.));
#4772=DIRECTION('ref_axis',(0.,0.,1.));
#4773=DIRECTION('',(0.,1.,-1.14064029803527E-13));
#4774=DIRECTION('',(0.,1.14047490963305E-13,1.));
#4775=DIRECTION('center_axis',(0.,-1.14064029803527E-13,-1.));
#4776=DIRECTION('ref_axis',(0.,1.,-1.14064029803527E-13));
#4777=DIRECTION('',(-1.,0.,0.));
#4778=DIRECTION('center_axis',(0.,1.,-1.14047490963305E-13));
#4779=DIRECTION('ref_axis',(0.,1.14047490963305E-13,1.));
#4780=DIRECTION('center_axis',(0.,1.14064029803527E-13,1.));
#4781=DIRECTION('ref_axis',(0.,-1.,1.14064029803527E-13));
#4782=DIRECTION('',(0.,1.,-1.14064029803527E-13));
#4783=DIRECTION('',(1.,0.,0.));
#4784=DIRECTION('center_axis',(-1.,0.,0.));
#4785=DIRECTION('ref_axis',(0.,0.,1.));
#4786=DIRECTION('',(0.,1.,-1.14064029803527E-13));
#4787=DIRECTION('',(0.,1.14068646127646E-13,1.));
#4788=DIRECTION('center_axis',(0.,-1.14064029803527E-13,-1.));
#4789=DIRECTION('ref_axis',(0.,1.,-1.14064029803527E-13));
#4790=DIRECTION('',(-1.,0.,0.));
#4791=DIRECTION('center_axis',(0.,1.,-1.14068646127646E-13));
#4792=DIRECTION('ref_axis',(0.,1.14068646127646E-13,1.));
#4793=DIRECTION('center_axis',(0.,1.14064029803527E-13,1.));
#4794=DIRECTION('ref_axis',(0.,-1.,1.14064029803527E-13));
#4795=DIRECTION('',(0.,1.,-1.14064029803527E-13));
#4796=DIRECTION('',(1.,0.,0.));
#4797=DIRECTION('center_axis',(-1.,0.,0.));
#4798=DIRECTION('ref_axis',(0.,0.,1.));
#4799=DIRECTION('',(0.,1.,-1.14064029803527E-13));
#4800=DIRECTION('',(0.,1.14058068545481E-13,1.));
#4801=DIRECTION('center_axis',(0.,-1.14064029803527E-13,-1.));
#4802=DIRECTION('ref_axis',(0.,1.,-1.14064029803527E-13));
#4803=DIRECTION('',(-1.,0.,0.));
#4804=DIRECTION('center_axis',(0.,1.,-1.14058068545481E-13));
#4805=DIRECTION('ref_axis',(0.,1.14058068545481E-13,1.));
#4806=DIRECTION('center_axis',(0.,1.14064029803527E-13,1.));
#4807=DIRECTION('ref_axis',(0.,-1.,1.14064029803527E-13));
#4808=DIRECTION('',(0.,1.,-1.14064029803527E-13));
#4809=DIRECTION('',(1.,0.,0.));
#4810=DIRECTION('center_axis',(-1.,0.,0.));
#4811=DIRECTION('ref_axis',(0.,0.,1.));
#4812=DIRECTION('',(0.,1.,-1.14064029803527E-13));
#4813=DIRECTION('',(0.,1.14068646127646E-13,1.));
#4814=DIRECTION('center_axis',(0.,-1.14064029803527E-13,-1.));
#4815=DIRECTION('ref_axis',(0.,1.,-1.14064029803527E-13));
#4816=DIRECTION('',(-1.,0.,0.));
#4817=DIRECTION('center_axis',(0.,1.,-1.14068646127646E-13));
#4818=DIRECTION('ref_axis',(0.,1.14068646127646E-13,1.));
#4819=DIRECTION('axis',(0.,0.,1.));
#4820=DIRECTION('refdir',(1.,0.,0.));
#4821=DIRECTION('center_axis',(0.,0.,1.));
#4822=DIRECTION('ref_axis',(1.,0.,0.));
#4823=DIRECTION('center_axis',(0.,0.,1.));
#4824=DIRECTION('ref_axis',(1.,0.,0.));
#4825=DIRECTION('',(0.,0.,1.));
#4826=DIRECTION('center_axis',(0.,0.,1.));
#4827=DIRECTION('ref_axis',(1.,0.,0.));
#4828=DIRECTION('center_axis',(0.,0.,1.));
#4829=DIRECTION('ref_axis',(1.,0.,0.));
#4830=DIRECTION('center_axis',(0.,0.,1.));
#4831=DIRECTION('ref_axis',(1.,0.,0.));
#4832=DIRECTION('',(0.,0.,1.));
#4833=DIRECTION('center_axis',(0.,0.,1.));
#4834=DIRECTION('ref_axis',(1.,0.,0.));
#4835=DIRECTION('center_axis',(0.,0.,1.));
#4836=DIRECTION('ref_axis',(1.,0.,0.));
#4837=DIRECTION('center_axis',(0.,0.,1.));
#4838=DIRECTION('ref_axis',(1.,0.,0.));
#4839=DIRECTION('',(0.,0.,1.));
#4840=DIRECTION('center_axis',(0.,0.,1.));
#4841=DIRECTION('ref_axis',(1.,0.,0.));
#4842=DIRECTION('center_axis',(0.,0.,1.));
#4843=DIRECTION('ref_axis',(1.,0.,0.));
#4844=DIRECTION('center_axis',(0.,0.,1.));
#4845=DIRECTION('ref_axis',(1.,0.,0.));
#4846=DIRECTION('',(0.,0.,1.));
#4847=DIRECTION('center_axis',(0.,0.,1.));
#4848=DIRECTION('ref_axis',(1.,0.,0.));
#4849=DIRECTION('center_axis',(0.,0.,1.));
#4850=DIRECTION('ref_axis',(1.,0.,0.));
#4851=DIRECTION('center_axis',(0.,0.,1.));
#4852=DIRECTION('ref_axis',(1.,0.,0.));
#4853=DIRECTION('',(0.,0.,1.));
#4854=DIRECTION('center_axis',(0.,0.,1.));
#4855=DIRECTION('ref_axis',(1.,0.,0.));
#4856=DIRECTION('center_axis',(0.,0.,1.));
#4857=DIRECTION('ref_axis',(1.,0.,0.));
#4858=DIRECTION('center_axis',(0.,0.,1.));
#4859=DIRECTION('ref_axis',(1.,0.,0.));
#4860=DIRECTION('',(0.,0.,1.));
#4861=DIRECTION('center_axis',(0.,0.,1.));
#4862=DIRECTION('ref_axis',(1.,0.,0.));
#4863=DIRECTION('center_axis',(0.,0.,1.));
#4864=DIRECTION('ref_axis',(1.,0.,0.));
#4865=DIRECTION('center_axis',(0.,0.,1.));
#4866=DIRECTION('ref_axis',(1.,0.,0.));
#4867=DIRECTION('',(0.,0.,1.));
#4868=DIRECTION('center_axis',(0.,0.,1.));
#4869=DIRECTION('ref_axis',(1.,0.,0.));
#4870=DIRECTION('center_axis',(0.,0.,1.));
#4871=DIRECTION('ref_axis',(1.,0.,0.));
#4872=DIRECTION('center_axis',(0.,0.,1.));
#4873=DIRECTION('ref_axis',(1.,0.,0.));
#4874=DIRECTION('',(0.,0.,1.));
#4875=DIRECTION('center_axis',(0.,0.,1.));
#4876=DIRECTION('ref_axis',(1.,0.,0.));
#4877=DIRECTION('center_axis',(0.,0.,1.));
#4878=DIRECTION('ref_axis',(1.,0.,0.));
#4879=DIRECTION('center_axis',(0.,0.,1.));
#4880=DIRECTION('ref_axis',(1.,0.,0.));
#4881=DIRECTION('',(0.,0.,1.));
#4882=DIRECTION('center_axis',(0.,0.,1.));
#4883=DIRECTION('ref_axis',(1.,0.,0.));
#4884=DIRECTION('center_axis',(0.,0.,1.));
#4885=DIRECTION('ref_axis',(1.,0.,0.));
#4886=DIRECTION('center_axis',(0.,0.,1.));
#4887=DIRECTION('ref_axis',(1.,0.,0.));
#4888=DIRECTION('',(0.,0.,1.));
#4889=DIRECTION('center_axis',(0.,0.,1.));
#4890=DIRECTION('ref_axis',(1.,0.,0.));
#4891=DIRECTION('center_axis',(0.,0.,1.));
#4892=DIRECTION('ref_axis',(1.,0.,0.));
#4893=DIRECTION('center_axis',(0.,0.,1.));
#4894=DIRECTION('ref_axis',(1.,0.,0.));
#4895=DIRECTION('',(0.,0.,1.));
#4896=DIRECTION('center_axis',(0.,0.,1.));
#4897=DIRECTION('ref_axis',(1.,0.,0.));
#4898=DIRECTION('center_axis',(0.,0.,1.));
#4899=DIRECTION('ref_axis',(1.,0.,0.));
#4900=DIRECTION('center_axis',(0.,0.,1.));
#4901=DIRECTION('ref_axis',(1.,0.,0.));
#4902=DIRECTION('',(0.,0.,1.));
#4903=DIRECTION('center_axis',(0.,0.,1.));
#4904=DIRECTION('ref_axis',(1.,0.,0.));
#4905=DIRECTION('center_axis',(0.,0.,1.));
#4906=DIRECTION('ref_axis',(1.,0.,0.));
#4907=DIRECTION('center_axis',(0.,0.,1.));
#4908=DIRECTION('ref_axis',(1.,0.,0.));
#4909=DIRECTION('',(0.,0.,1.));
#4910=DIRECTION('center_axis',(0.,0.,1.));
#4911=DIRECTION('ref_axis',(1.,0.,0.));
#4912=DIRECTION('center_axis',(0.,0.,1.));
#4913=DIRECTION('ref_axis',(1.,0.,0.));
#4914=DIRECTION('center_axis',(0.,0.,1.));
#4915=DIRECTION('ref_axis',(1.,0.,0.));
#4916=DIRECTION('',(0.,0.,1.));
#4917=DIRECTION('center_axis',(0.,0.,1.));
#4918=DIRECTION('ref_axis',(1.,0.,0.));
#4919=DIRECTION('center_axis',(0.,0.,1.));
#4920=DIRECTION('ref_axis',(1.,0.,0.));
#4921=DIRECTION('center_axis',(0.,0.,1.));
#4922=DIRECTION('ref_axis',(1.,0.,0.));
#4923=DIRECTION('',(0.,0.,1.));
#4924=DIRECTION('center_axis',(0.,0.,1.));
#4925=DIRECTION('ref_axis',(1.,0.,0.));
#4926=DIRECTION('center_axis',(0.,0.,1.));
#4927=DIRECTION('ref_axis',(1.,0.,0.));
#4928=DIRECTION('center_axis',(0.,0.,1.));
#4929=DIRECTION('ref_axis',(1.,0.,0.));
#4930=DIRECTION('',(0.,0.,1.));
#4931=DIRECTION('center_axis',(0.,0.,1.));
#4932=DIRECTION('ref_axis',(1.,0.,0.));
#4933=DIRECTION('center_axis',(0.,0.,1.));
#4934=DIRECTION('ref_axis',(1.,0.,0.));
#4935=DIRECTION('center_axis',(0.,0.,1.));
#4936=DIRECTION('ref_axis',(1.,0.,0.));
#4937=DIRECTION('',(0.,0.,1.));
#4938=DIRECTION('center_axis',(0.,0.,1.));
#4939=DIRECTION('ref_axis',(1.,0.,0.));
#4940=DIRECTION('center_axis',(0.,0.,1.));
#4941=DIRECTION('ref_axis',(1.,0.,0.));
#4942=DIRECTION('center_axis',(0.,0.,1.));
#4943=DIRECTION('ref_axis',(1.,0.,0.));
#4944=DIRECTION('',(0.,0.,1.));
#4945=DIRECTION('center_axis',(0.,0.,1.));
#4946=DIRECTION('ref_axis',(1.,0.,0.));
#4947=DIRECTION('center_axis',(0.,0.,1.));
#4948=DIRECTION('ref_axis',(1.,0.,0.));
#4949=DIRECTION('center_axis',(0.,0.,1.));
#4950=DIRECTION('ref_axis',(1.,0.,0.));
#4951=DIRECTION('',(0.,0.,1.));
#4952=DIRECTION('center_axis',(0.,0.,1.));
#4953=DIRECTION('ref_axis',(1.,0.,0.));
#4954=DIRECTION('center_axis',(0.,0.,1.));
#4955=DIRECTION('ref_axis',(1.,0.,0.));
#4956=DIRECTION('center_axis',(0.,0.,1.));
#4957=DIRECTION('ref_axis',(1.,0.,0.));
#4958=DIRECTION('',(0.,0.,1.));
#4959=DIRECTION('center_axis',(0.,0.,1.));
#4960=DIRECTION('ref_axis',(1.,0.,0.));
#4961=DIRECTION('center_axis',(0.,0.,1.));
#4962=DIRECTION('ref_axis',(1.,0.,0.));
#4963=DIRECTION('center_axis',(0.,0.,1.));
#4964=DIRECTION('ref_axis',(1.,0.,0.));
#4965=DIRECTION('',(0.,0.,1.));
#4966=DIRECTION('center_axis',(0.,0.,1.));
#4967=DIRECTION('ref_axis',(1.,0.,0.));
#4968=DIRECTION('center_axis',(0.,0.,-1.));
#4969=DIRECTION('ref_axis',(-1.,0.,0.));
#4970=DIRECTION('center_axis',(0.,0.,-1.));
#4971=DIRECTION('ref_axis',(-1.,0.,0.));
#4972=DIRECTION('',(0.,0.,-1.));
#4973=DIRECTION('center_axis',(0.,0.,-1.));
#4974=DIRECTION('ref_axis',(-1.,0.,0.));
#4975=DIRECTION('center_axis',(0.,0.,-1.));
#4976=DIRECTION('ref_axis',(-1.,0.,0.));
#4977=DIRECTION('center_axis',(0.,0.,1.));
#4978=DIRECTION('ref_axis',(-1.,0.,0.));
#4979=DIRECTION('',(0.,0.,-1.));
#4980=DIRECTION('center_axis',(0.,0.,1.));
#4981=DIRECTION('ref_axis',(1.,0.,0.));
#4982=DIRECTION('center_axis',(0.,0.,-1.));
#4983=DIRECTION('ref_axis',(-1.,0.,0.));
#4984=DIRECTION('center_axis',(0.,0.,-1.));
#4985=DIRECTION('ref_axis',(-1.,0.,0.));
#4986=DIRECTION('',(0.,0.,-1.));
#4987=DIRECTION('center_axis',(0.,0.,-1.));
#4988=DIRECTION('ref_axis',(-1.,0.,0.));
#4989=DIRECTION('center_axis',(0.,0.,-1.));
#4990=DIRECTION('ref_axis',(-1.,0.,0.));
#4991=DIRECTION('center_axis',(0.,0.,1.));
#4992=DIRECTION('ref_axis',(-1.,0.,0.));
#4993=DIRECTION('',(0.,0.,-1.));
#4994=DIRECTION('center_axis',(0.,0.,1.));
#4995=DIRECTION('ref_axis',(1.,0.,0.));
#4996=DIRECTION('center_axis',(0.,0.,1.));
#4997=DIRECTION('ref_axis',(1.,0.,0.));
#4998=DIRECTION('center_axis',(0.,0.,-1.));
#4999=DIRECTION('ref_axis',(-1.,0.,0.));
#5000=DIRECTION('',(0.,0.,1.));
#5001=DIRECTION('center_axis',(0.,0.,-1.));
#5002=DIRECTION('ref_axis',(-1.,0.,0.));
#5003=DIRECTION('center_axis',(0.,0.,1.));
#5004=DIRECTION('ref_axis',(1.,0.,0.));
#5005=DIRECTION('center_axis',(0.,0.,-1.));
#5006=DIRECTION('ref_axis',(-1.,0.,0.));
#5007=DIRECTION('',(0.,0.,1.));
#5008=DIRECTION('center_axis',(0.,0.,-1.));
#5009=DIRECTION('ref_axis',(-1.,0.,0.));
#5010=DIRECTION('center_axis',(0.,0.,1.));
#5011=DIRECTION('ref_axis',(1.,0.,0.));
#5012=DIRECTION('center_axis',(0.,0.,-1.));
#5013=DIRECTION('ref_axis',(-1.,0.,0.));
#5014=DIRECTION('',(0.,0.,1.));
#5015=DIRECTION('center_axis',(0.,0.,-1.));
#5016=DIRECTION('ref_axis',(-1.,0.,0.));
#5017=DIRECTION('center_axis',(0.,0.,1.));
#5018=DIRECTION('ref_axis',(1.,0.,0.));
#5019=DIRECTION('center_axis',(0.,0.,-1.));
#5020=DIRECTION('ref_axis',(-1.,0.,0.));
#5021=DIRECTION('',(0.,0.,1.));
#5022=DIRECTION('center_axis',(0.,0.,-1.));
#5023=DIRECTION('ref_axis',(-1.,0.,0.));
#5024=DIRECTION('center_axis',(0.,0.,1.));
#5025=DIRECTION('ref_axis',(1.,0.,0.));
#5026=DIRECTION('center_axis',(0.,0.,1.));
#5027=DIRECTION('ref_axis',(1.,0.,0.));
#5028=DIRECTION('',(0.,0.,1.));
#5029=DIRECTION('center_axis',(0.,0.,1.));
#5030=DIRECTION('ref_axis',(1.,0.,0.));
#5031=DIRECTION('center_axis',(0.,0.,1.));
#5032=DIRECTION('ref_axis',(1.,0.,0.));
#5033=DIRECTION('center_axis',(0.,0.,1.));
#5034=DIRECTION('ref_axis',(1.,0.,0.));
#5035=DIRECTION('',(0.,0.,1.));
#5036=DIRECTION('center_axis',(0.,0.,1.));
#5037=DIRECTION('ref_axis',(1.,0.,0.));
#5038=DIRECTION('center_axis',(0.,0.,1.));
#5039=DIRECTION('ref_axis',(1.,0.,0.));
#5040=DIRECTION('center_axis',(0.,0.,1.));
#5041=DIRECTION('ref_axis',(1.,0.,0.));
#5042=DIRECTION('',(0.,0.,1.));
#5043=DIRECTION('center_axis',(0.,0.,1.));
#5044=DIRECTION('ref_axis',(1.,0.,0.));
#5045=DIRECTION('center_axis',(0.,0.,1.));
#5046=DIRECTION('ref_axis',(1.,0.,0.));
#5047=DIRECTION('center_axis',(0.,0.,1.));
#5048=DIRECTION('ref_axis',(1.,0.,0.));
#5049=DIRECTION('',(0.,0.,1.));
#5050=DIRECTION('center_axis',(0.,0.,1.));
#5051=DIRECTION('ref_axis',(1.,0.,0.));
#5052=DIRECTION('center_axis',(-5.55111512312567E-17,8.91406207328614E-32,
-1.));
#5053=DIRECTION('ref_axis',(-1.,-4.94829847834996E-48,5.55111512312567E-17));
#5054=DIRECTION('center_axis',(0.,0.,1.));
#5055=DIRECTION('ref_axis',(-1.,0.,0.));
#5056=DIRECTION('',(-5.55111512312567E-17,8.91406207328614E-32,-1.));
#5057=DIRECTION('center_axis',(0.,0.,1.));
#5058=DIRECTION('ref_axis',(-1.,0.,0.));
#5059=DIRECTION('center_axis',(-5.55111512312567E-17,8.91406207328614E-32,
-1.));
#5060=DIRECTION('ref_axis',(-1.,-4.94829847834996E-48,5.55111512312567E-17));
#5061=DIRECTION('center_axis',(0.,0.,1.));
#5062=DIRECTION('ref_axis',(-1.,0.,0.));
#5063=DIRECTION('',(-5.55111512312567E-17,8.91406207328614E-32,-1.));
#5064=DIRECTION('center_axis',(0.,0.,1.));
#5065=DIRECTION('ref_axis',(-1.,0.,0.));
#5066=DIRECTION('center_axis',(-5.55111512312567E-17,8.91406207328614E-32,
-1.));
#5067=DIRECTION('ref_axis',(-1.,-4.94829847834996E-48,5.55111512312567E-17));
#5068=DIRECTION('center_axis',(0.,0.,1.));
#5069=DIRECTION('ref_axis',(-1.,0.,0.));
#5070=DIRECTION('',(-5.55111512312567E-17,8.91406207328614E-32,-1.));
#5071=DIRECTION('center_axis',(0.,0.,1.));
#5072=DIRECTION('ref_axis',(-1.,0.,0.));
#5073=DIRECTION('center_axis',(-5.55111512312567E-17,8.91406207328614E-32,
-1.));
#5074=DIRECTION('ref_axis',(-1.,-4.94829847834996E-48,5.55111512312567E-17));
#5075=DIRECTION('center_axis',(0.,0.,1.));
#5076=DIRECTION('ref_axis',(-1.,0.,0.));
#5077=DIRECTION('',(-5.55111512312567E-17,8.91406207328614E-32,-1.));
#5078=DIRECTION('center_axis',(0.,0.,1.));
#5079=DIRECTION('ref_axis',(-1.,0.,0.));
#5080=DIRECTION('center_axis',(-5.55111512312567E-17,8.91406207328614E-32,
-1.));
#5081=DIRECTION('ref_axis',(-1.,-4.94829847834996E-48,5.55111512312567E-17));
#5082=DIRECTION('center_axis',(0.,0.,1.));
#5083=DIRECTION('ref_axis',(-1.,0.,0.));
#5084=DIRECTION('',(-5.55111512312567E-17,8.91406207328614E-32,-1.));
#5085=DIRECTION('center_axis',(0.,0.,1.));
#5086=DIRECTION('ref_axis',(-1.,0.,0.));
#5087=DIRECTION('center_axis',(-5.55111512312567E-17,8.91406207328614E-32,
-1.));
#5088=DIRECTION('ref_axis',(-1.,-4.94829847834996E-48,5.55111512312567E-17));
#5089=DIRECTION('center_axis',(0.,0.,1.));
#5090=DIRECTION('ref_axis',(-1.,0.,0.));
#5091=DIRECTION('',(-5.55111512312567E-17,8.91406207328614E-32,-1.));
#5092=DIRECTION('center_axis',(0.,0.,1.));
#5093=DIRECTION('ref_axis',(-1.,0.,0.));
#5094=DIRECTION('center_axis',(-5.55111512312567E-17,8.91406207328614E-32,
-1.));
#5095=DIRECTION('ref_axis',(-1.,-4.94829847834996E-48,5.55111512312567E-17));
#5096=DIRECTION('center_axis',(0.,0.,1.));
#5097=DIRECTION('ref_axis',(-1.,0.,0.));
#5098=DIRECTION('',(-5.55111512312567E-17,8.91406207328614E-32,-1.));
#5099=DIRECTION('center_axis',(0.,0.,1.));
#5100=DIRECTION('ref_axis',(-1.,0.,0.));
#5101=DIRECTION('center_axis',(-5.55111512312567E-17,8.91406207328614E-32,
-1.));
#5102=DIRECTION('ref_axis',(-1.,-4.94829847834996E-48,5.55111512312567E-17));
#5103=DIRECTION('center_axis',(0.,0.,1.));
#5104=DIRECTION('ref_axis',(-1.,0.,0.));
#5105=DIRECTION('',(-5.55111512312567E-17,8.91406207328614E-32,-1.));
#5106=DIRECTION('center_axis',(0.,0.,1.));
#5107=DIRECTION('ref_axis',(-1.,0.,0.));
#5108=DIRECTION('center_axis',(-5.55111512312567E-17,8.91406207328614E-32,
-1.));
#5109=DIRECTION('ref_axis',(-1.,-4.94829847834996E-48,5.55111512312567E-17));
#5110=DIRECTION('center_axis',(0.,0.,1.));
#5111=DIRECTION('ref_axis',(-1.,0.,0.));
#5112=DIRECTION('',(-5.55111512312567E-17,8.91406207328614E-32,-1.));
#5113=DIRECTION('center_axis',(0.,0.,1.));
#5114=DIRECTION('ref_axis',(-1.,0.,0.));
#5115=DIRECTION('center_axis',(-5.55111512312567E-17,8.91406207328614E-32,
-1.));
#5116=DIRECTION('ref_axis',(-1.,-4.94829847834996E-48,5.55111512312567E-17));
#5117=DIRECTION('center_axis',(0.,0.,1.));
#5118=DIRECTION('ref_axis',(-1.,0.,0.));
#5119=DIRECTION('',(-5.55111512312567E-17,8.91406207328614E-32,-1.));
#5120=DIRECTION('center_axis',(0.,0.,1.));
#5121=DIRECTION('ref_axis',(-1.,0.,0.));
#5122=DIRECTION('center_axis',(-5.55111512312567E-17,8.91406207328614E-32,
-1.));
#5123=DIRECTION('ref_axis',(-1.,-4.94829847834996E-48,5.55111512312567E-17));
#5124=DIRECTION('center_axis',(0.,0.,1.));
#5125=DIRECTION('ref_axis',(-1.,0.,0.));
#5126=DIRECTION('',(-5.55111512312567E-17,8.91406207328614E-32,-1.));
#5127=DIRECTION('center_axis',(0.,0.,1.));
#5128=DIRECTION('ref_axis',(-1.,0.,0.));
#5129=DIRECTION('center_axis',(-5.55111512312567E-17,8.91406207328614E-32,
-1.));
#5130=DIRECTION('ref_axis',(-1.,-4.94829847834996E-48,5.55111512312566E-17));
#5131=DIRECTION('center_axis',(0.,0.,1.));
#5132=DIRECTION('ref_axis',(-1.,0.,0.));
#5133=DIRECTION('',(-5.55111512312566E-17,8.91406207328614E-32,-1.));
#5134=DIRECTION('center_axis',(0.,0.,1.));
#5135=DIRECTION('ref_axis',(-1.,0.,0.));
#5136=DIRECTION('center_axis',(-5.55111512312567E-17,8.91406207328614E-32,
-1.));
#5137=DIRECTION('ref_axis',(-1.,-4.94829847834996E-48,5.55111512312566E-17));
#5138=DIRECTION('center_axis',(0.,0.,1.));
#5139=DIRECTION('ref_axis',(-1.,0.,0.));
#5140=DIRECTION('',(-5.55111512312566E-17,8.91406207328614E-32,-1.));
#5141=DIRECTION('center_axis',(0.,0.,1.));
#5142=DIRECTION('ref_axis',(-1.,0.,0.));
#5143=DIRECTION('center_axis',(-5.55111512312567E-17,8.91406207328614E-32,
-1.));
#5144=DIRECTION('ref_axis',(-1.,-4.94829847834996E-48,5.55111512312566E-17));
#5145=DIRECTION('center_axis',(0.,0.,1.));
#5146=DIRECTION('ref_axis',(-1.,0.,0.));
#5147=DIRECTION('',(-5.55111512312566E-17,8.91406207328614E-32,-1.));
#5148=DIRECTION('center_axis',(0.,0.,1.));
#5149=DIRECTION('ref_axis',(-1.,0.,0.));
#5150=DIRECTION('center_axis',(-5.55111512312567E-17,8.91406207328614E-32,
-1.));
#5151=DIRECTION('ref_axis',(-1.,-4.94829847834996E-48,5.55111512312567E-17));
#5152=DIRECTION('center_axis',(0.,0.,1.));
#5153=DIRECTION('ref_axis',(-1.,0.,0.));
#5154=DIRECTION('',(-5.55111512312567E-17,8.91406207328614E-32,-1.));
#5155=DIRECTION('center_axis',(0.,0.,1.));
#5156=DIRECTION('ref_axis',(-1.,0.,0.));
#5157=DIRECTION('center_axis',(-5.55111512312567E-17,8.91406207328614E-32,
-1.));
#5158=DIRECTION('ref_axis',(-1.,-4.94829847834996E-48,5.55111512312567E-17));
#5159=DIRECTION('center_axis',(0.,0.,1.));
#5160=DIRECTION('ref_axis',(-1.,0.,0.));
#5161=DIRECTION('',(-5.55111512312567E-17,8.91406207328614E-32,-1.));
#5162=DIRECTION('center_axis',(0.,0.,1.));
#5163=DIRECTION('ref_axis',(-1.,0.,0.));
#5164=DIRECTION('center_axis',(-5.55111512312567E-17,8.91406207328614E-32,
-1.));
#5165=DIRECTION('ref_axis',(-1.,-4.94829847834996E-48,5.55111512312567E-17));
#5166=DIRECTION('center_axis',(0.,0.,1.));
#5167=DIRECTION('ref_axis',(-1.,0.,0.));
#5168=DIRECTION('',(-5.55111512312567E-17,8.91406207328614E-32,-1.));
#5169=DIRECTION('center_axis',(0.,0.,1.));
#5170=DIRECTION('ref_axis',(-1.,0.,0.));
#5171=DIRECTION('center_axis',(-5.55111512312567E-17,8.91406207328614E-32,
-1.));
#5172=DIRECTION('ref_axis',(-1.,-4.94829847834996E-48,5.55111512312567E-17));
#5173=DIRECTION('center_axis',(0.,0.,1.));
#5174=DIRECTION('ref_axis',(-1.,0.,0.));
#5175=DIRECTION('',(-5.55111512312567E-17,8.91406207328614E-32,-1.));
#5176=DIRECTION('center_axis',(0.,0.,1.));
#5177=DIRECTION('ref_axis',(-1.,0.,0.));
#5178=DIRECTION('center_axis',(-5.55111512312567E-17,8.91406207328614E-32,
-1.));
#5179=DIRECTION('ref_axis',(-1.,-4.94829847834996E-48,5.55111512312567E-17));
#5180=DIRECTION('center_axis',(0.,0.,1.));
#5181=DIRECTION('ref_axis',(-1.,0.,0.));
#5182=DIRECTION('',(-5.55111512312567E-17,8.91406207328614E-32,-1.));
#5183=DIRECTION('center_axis',(0.,0.,1.));
#5184=DIRECTION('ref_axis',(-1.,0.,0.));
#5185=DIRECTION('center_axis',(-5.55111512312567E-17,8.91406207328614E-32,
-1.));
#5186=DIRECTION('ref_axis',(-1.,-4.94829847834996E-48,5.55111512312567E-17));
#5187=DIRECTION('center_axis',(0.,0.,1.));
#5188=DIRECTION('ref_axis',(-1.,0.,0.));
#5189=DIRECTION('',(-5.55111512312567E-17,8.91406207328614E-32,-1.));
#5190=DIRECTION('center_axis',(0.,0.,1.));
#5191=DIRECTION('ref_axis',(-1.,0.,0.));
#5192=DIRECTION('center_axis',(-5.55111512312567E-17,8.91406207328614E-32,
-1.));
#5193=DIRECTION('ref_axis',(-1.,-4.94829847834996E-48,5.55111512312567E-17));
#5194=DIRECTION('center_axis',(0.,0.,1.));
#5195=DIRECTION('ref_axis',(-1.,0.,0.));
#5196=DIRECTION('',(-5.55111512312567E-17,8.91406207328614E-32,-1.));
#5197=DIRECTION('center_axis',(0.,0.,1.));
#5198=DIRECTION('ref_axis',(-1.,0.,0.));
#5199=DIRECTION('center_axis',(-5.55111512312567E-17,8.91406207328614E-32,
-1.));
#5200=DIRECTION('ref_axis',(-1.,-4.94829847834996E-48,5.55111512312567E-17));
#5201=DIRECTION('center_axis',(0.,0.,1.));
#5202=DIRECTION('ref_axis',(-1.,0.,0.));
#5203=DIRECTION('',(-5.55111512312567E-17,8.91406207328614E-32,-1.));
#5204=DIRECTION('center_axis',(0.,0.,1.));
#5205=DIRECTION('ref_axis',(-1.,0.,0.));
#5206=DIRECTION('center_axis',(-5.55111512312567E-17,8.91406207328614E-32,
-1.));
#5207=DIRECTION('ref_axis',(-1.,-4.94829847834996E-48,5.55111512312567E-17));
#5208=DIRECTION('center_axis',(0.,0.,1.));
#5209=DIRECTION('ref_axis',(-1.,0.,0.));
#5210=DIRECTION('',(-5.55111512312567E-17,8.91406207328614E-32,-1.));
#5211=DIRECTION('center_axis',(0.,0.,1.));
#5212=DIRECTION('ref_axis',(-1.,0.,0.));
#5213=DIRECTION('center_axis',(-5.55111512312567E-17,8.91406207328614E-32,
-1.));
#5214=DIRECTION('ref_axis',(-1.,-4.94829847834996E-48,5.55111512312567E-17));
#5215=DIRECTION('center_axis',(0.,0.,1.));
#5216=DIRECTION('ref_axis',(-1.,0.,0.));
#5217=DIRECTION('',(-5.55111512312567E-17,8.91406207328614E-32,-1.));
#5218=DIRECTION('center_axis',(0.,0.,1.));
#5219=DIRECTION('ref_axis',(-1.,0.,0.));
#5220=DIRECTION('center_axis',(-5.55111512312567E-17,8.91406207328614E-32,
-1.));
#5221=DIRECTION('ref_axis',(-1.,-4.94829847834996E-48,5.55111512312567E-17));
#5222=DIRECTION('center_axis',(0.,0.,1.));
#5223=DIRECTION('ref_axis',(-1.,0.,0.));
#5224=DIRECTION('',(-5.55111512312567E-17,8.91406207328614E-32,-1.));
#5225=DIRECTION('center_axis',(0.,0.,1.));
#5226=DIRECTION('ref_axis',(-1.,0.,0.));
#5227=DIRECTION('center_axis',(-5.55111512312567E-17,8.91406207328614E-32,
-1.));
#5228=DIRECTION('ref_axis',(-1.,-4.94829847834996E-48,5.55111512312567E-17));
#5229=DIRECTION('center_axis',(0.,0.,1.));
#5230=DIRECTION('ref_axis',(-1.,0.,0.));
#5231=DIRECTION('',(-5.55111512312567E-17,8.91406207328614E-32,-1.));
#5232=DIRECTION('center_axis',(0.,0.,1.));
#5233=DIRECTION('ref_axis',(-1.,0.,0.));
#5234=DIRECTION('center_axis',(-5.55111512312567E-17,8.91406207328614E-32,
-1.));
#5235=DIRECTION('ref_axis',(-1.,-4.94829847834996E-48,5.55111512312567E-17));
#5236=DIRECTION('center_axis',(0.,0.,1.));
#5237=DIRECTION('ref_axis',(-1.,0.,0.));
#5238=DIRECTION('',(-5.55111512312567E-17,8.91406207328614E-32,-1.));
#5239=DIRECTION('center_axis',(0.,0.,1.));
#5240=DIRECTION('ref_axis',(-1.,0.,0.));
#5241=DIRECTION('center_axis',(5.55111512312567E-17,9.59762194707041E-32,
-1.));
#5242=DIRECTION('ref_axis',(-1.,5.32775043364254E-48,-5.55111512312567E-17));
#5243=DIRECTION('center_axis',(0.,0.,-1.));
#5244=DIRECTION('ref_axis',(-1.,0.,0.));
#5245=DIRECTION('',(5.55111512312567E-17,9.59762194707041E-32,-1.));
#5246=DIRECTION('center_axis',(0.,0.,-1.));
#5247=DIRECTION('ref_axis',(-1.,0.,0.));
#5248=DIRECTION('center_axis',(5.55111512312567E-17,9.59762194707041E-32,
-1.));
#5249=DIRECTION('ref_axis',(-1.,5.32775043364254E-48,-5.55111512312567E-17));
#5250=DIRECTION('center_axis',(0.,0.,-1.));
#5251=DIRECTION('ref_axis',(-1.,0.,0.));
#5252=DIRECTION('',(5.55111512312567E-17,9.59762194707041E-32,-1.));
#5253=DIRECTION('center_axis',(0.,0.,-1.));
#5254=DIRECTION('ref_axis',(-1.,0.,0.));
#5255=DIRECTION('center_axis',(5.55111512312567E-17,9.59762194707041E-32,
-1.));
#5256=DIRECTION('ref_axis',(-1.,5.32775043364254E-48,-5.55111512312567E-17));
#5257=DIRECTION('center_axis',(0.,0.,-1.));
#5258=DIRECTION('ref_axis',(-1.,0.,0.));
#5259=DIRECTION('',(5.55111512312567E-17,9.59762194707041E-32,-1.));
#5260=DIRECTION('center_axis',(0.,0.,-1.));
#5261=DIRECTION('ref_axis',(-1.,0.,0.));
#5262=DIRECTION('center_axis',(5.55111512312567E-17,9.59762194707041E-32,
-1.));
#5263=DIRECTION('ref_axis',(-1.,5.32775043364254E-48,-5.55111512312567E-17));
#5264=DIRECTION('center_axis',(0.,0.,-1.));
#5265=DIRECTION('ref_axis',(-1.,0.,0.));
#5266=DIRECTION('',(5.55111512312567E-17,9.59762194707041E-32,-1.));
#5267=DIRECTION('center_axis',(0.,0.,-1.));
#5268=DIRECTION('ref_axis',(-1.,0.,0.));
#5269=DIRECTION('center_axis',(5.55111512312567E-17,9.59762194707041E-32,
-1.));
#5270=DIRECTION('ref_axis',(-1.,5.32775043364254E-48,-5.55111512312567E-17));
#5271=DIRECTION('center_axis',(0.,0.,-1.));
#5272=DIRECTION('ref_axis',(-1.,0.,0.));
#5273=DIRECTION('',(5.55111512312567E-17,9.59762194707041E-32,-1.));
#5274=DIRECTION('center_axis',(0.,0.,-1.));
#5275=DIRECTION('ref_axis',(-1.,0.,0.));
#5276=DIRECTION('center_axis',(5.55111512312567E-17,9.59762194707041E-32,
-1.));
#5277=DIRECTION('ref_axis',(-1.,5.32775043364254E-48,-5.55111512312567E-17));
#5278=DIRECTION('center_axis',(0.,0.,-1.));
#5279=DIRECTION('ref_axis',(-1.,0.,0.));
#5280=DIRECTION('',(5.55111512312567E-17,9.59762194707041E-32,-1.));
#5281=DIRECTION('center_axis',(0.,0.,-1.));
#5282=DIRECTION('ref_axis',(-1.,0.,0.));
#5283=DIRECTION('center_axis',(5.55111512312567E-17,9.59762194707041E-32,
-1.));
#5284=DIRECTION('ref_axis',(-1.,5.32775043364254E-48,-5.55111512312567E-17));
#5285=DIRECTION('center_axis',(0.,0.,-1.));
#5286=DIRECTION('ref_axis',(-1.,0.,0.));
#5287=DIRECTION('',(5.55111512312567E-17,9.59762194707041E-32,-1.));
#5288=DIRECTION('center_axis',(0.,0.,-1.));
#5289=DIRECTION('ref_axis',(-1.,0.,0.));
#5290=DIRECTION('center_axis',(5.55111512312567E-17,9.59762194707041E-32,
-1.));
#5291=DIRECTION('ref_axis',(-1.,5.32775043364254E-48,-5.55111512312567E-17));
#5292=DIRECTION('center_axis',(0.,0.,-1.));
#5293=DIRECTION('ref_axis',(-1.,0.,0.));
#5294=DIRECTION('',(5.55111512312567E-17,9.59762194707041E-32,-1.));
#5295=DIRECTION('center_axis',(0.,0.,-1.));
#5296=DIRECTION('ref_axis',(-1.,0.,0.));
#5297=DIRECTION('center_axis',(5.55111512312567E-17,9.59762194707041E-32,
-1.));
#5298=DIRECTION('ref_axis',(-1.,5.32775043364254E-48,-5.55111512312567E-17));
#5299=DIRECTION('center_axis',(0.,0.,-1.));
#5300=DIRECTION('ref_axis',(-1.,0.,0.));
#5301=DIRECTION('',(5.55111512312567E-17,9.59762194707041E-32,-1.));
#5302=DIRECTION('center_axis',(0.,0.,-1.));
#5303=DIRECTION('ref_axis',(-1.,0.,0.));
#5304=DIRECTION('center_axis',(5.55111512312567E-17,9.59762194707041E-32,
-1.));
#5305=DIRECTION('ref_axis',(-1.,5.32775043364254E-48,-5.55111512312567E-17));
#5306=DIRECTION('center_axis',(0.,0.,-1.));
#5307=DIRECTION('ref_axis',(-1.,0.,0.));
#5308=DIRECTION('',(5.55111512312567E-17,9.59762194707041E-32,-1.));
#5309=DIRECTION('center_axis',(0.,0.,-1.));
#5310=DIRECTION('ref_axis',(-1.,0.,0.));
#5311=DIRECTION('center_axis',(5.55111512312567E-17,9.59762194707041E-32,
-1.));
#5312=DIRECTION('ref_axis',(-1.,5.32775043364254E-48,-5.55111512312567E-17));
#5313=DIRECTION('center_axis',(0.,0.,-1.));
#5314=DIRECTION('ref_axis',(-1.,0.,0.));
#5315=DIRECTION('',(5.55111512312567E-17,9.59762194707041E-32,-1.));
#5316=DIRECTION('center_axis',(0.,0.,-1.));
#5317=DIRECTION('ref_axis',(-1.,0.,0.));
#5318=DIRECTION('center_axis',(5.55111512312567E-17,9.59762194707041E-32,
-1.));
#5319=DIRECTION('ref_axis',(-1.,5.32775043364254E-48,-5.55111512312567E-17));
#5320=DIRECTION('center_axis',(0.,0.,-1.));
#5321=DIRECTION('ref_axis',(-1.,0.,0.));
#5322=DIRECTION('',(5.55111512312567E-17,9.59762194707041E-32,-1.));
#5323=DIRECTION('center_axis',(0.,0.,-1.));
#5324=DIRECTION('ref_axis',(-1.,0.,0.));
#5325=DIRECTION('center_axis',(5.55111512312567E-17,9.59762194707041E-32,
-1.));
#5326=DIRECTION('ref_axis',(-1.,5.32775043364254E-48,-5.55111512312567E-17));
#5327=DIRECTION('center_axis',(0.,0.,-1.));
#5328=DIRECTION('ref_axis',(-1.,0.,0.));
#5329=DIRECTION('',(5.55111512312567E-17,9.59762194707041E-32,-1.));
#5330=DIRECTION('center_axis',(0.,0.,-1.));
#5331=DIRECTION('ref_axis',(-1.,0.,0.));
#5332=DIRECTION('center_axis',(5.55111512312567E-17,9.59762194707041E-32,
-1.));
#5333=DIRECTION('ref_axis',(-1.,5.32775043364254E-48,-5.55111512312567E-17));
#5334=DIRECTION('center_axis',(0.,0.,-1.));
#5335=DIRECTION('ref_axis',(-1.,0.,0.));
#5336=DIRECTION('',(5.55111512312567E-17,9.59762194707041E-32,-1.));
#5337=DIRECTION('center_axis',(0.,0.,-1.));
#5338=DIRECTION('ref_axis',(-1.,0.,0.));
#5339=DIRECTION('center_axis',(5.55111512312567E-17,9.59762194707041E-32,
-1.));
#5340=DIRECTION('ref_axis',(-1.,5.32775043364254E-48,-5.55111512312567E-17));
#5341=DIRECTION('center_axis',(0.,0.,-1.));
#5342=DIRECTION('ref_axis',(-1.,0.,0.));
#5343=DIRECTION('',(5.55111512312567E-17,9.59762194707041E-32,-1.));
#5344=DIRECTION('center_axis',(0.,0.,-1.));
#5345=DIRECTION('ref_axis',(-1.,0.,0.));
#5346=DIRECTION('center_axis',(5.55111512312567E-17,9.59762194707041E-32,
-1.));
#5347=DIRECTION('ref_axis',(-1.,5.32775043364254E-48,-5.55111512312567E-17));
#5348=DIRECTION('center_axis',(0.,0.,-1.));
#5349=DIRECTION('ref_axis',(-1.,0.,0.));
#5350=DIRECTION('',(5.55111512312567E-17,9.59762194707041E-32,-1.));
#5351=DIRECTION('center_axis',(0.,0.,-1.));
#5352=DIRECTION('ref_axis',(-1.,0.,0.));
#5353=DIRECTION('center_axis',(5.55111512312567E-17,9.59762194707041E-32,
-1.));
#5354=DIRECTION('ref_axis',(-1.,5.32775043364254E-48,-5.55111512312567E-17));
#5355=DIRECTION('center_axis',(0.,0.,-1.));
#5356=DIRECTION('ref_axis',(-1.,0.,0.));
#5357=DIRECTION('',(5.55111512312567E-17,9.59762194707041E-32,-1.));
#5358=DIRECTION('center_axis',(0.,0.,-1.));
#5359=DIRECTION('ref_axis',(-1.,0.,0.));
#5360=DIRECTION('center_axis',(5.55111512312567E-17,9.59762194707041E-32,
-1.));
#5361=DIRECTION('ref_axis',(-1.,5.32775043364254E-48,-5.55111512312567E-17));
#5362=DIRECTION('center_axis',(0.,0.,-1.));
#5363=DIRECTION('ref_axis',(-1.,0.,0.));
#5364=DIRECTION('',(5.55111512312567E-17,9.59762194707041E-32,-1.));
#5365=DIRECTION('center_axis',(0.,0.,-1.));
#5366=DIRECTION('ref_axis',(-1.,0.,0.));
#5367=DIRECTION('center_axis',(5.55111512312567E-17,9.59762194707041E-32,
-1.));
#5368=DIRECTION('ref_axis',(-1.,5.32775043364254E-48,-5.55111512312567E-17));
#5369=DIRECTION('center_axis',(0.,0.,-1.));
#5370=DIRECTION('ref_axis',(-1.,0.,0.));
#5371=DIRECTION('',(5.55111512312567E-17,9.59762194707041E-32,-1.));
#5372=DIRECTION('center_axis',(0.,0.,-1.));
#5373=DIRECTION('ref_axis',(-1.,0.,0.));
#5374=DIRECTION('center_axis',(5.55111512312567E-17,9.59762194707041E-32,
-1.));
#5375=DIRECTION('ref_axis',(-1.,5.32775043364254E-48,-5.55111512312567E-17));
#5376=DIRECTION('center_axis',(0.,0.,-1.));
#5377=DIRECTION('ref_axis',(-1.,0.,0.));
#5378=DIRECTION('',(5.55111512312567E-17,9.59762194707041E-32,-1.));
#5379=DIRECTION('center_axis',(0.,0.,-1.));
#5380=DIRECTION('ref_axis',(-1.,0.,0.));
#5381=DIRECTION('center_axis',(5.55111512312567E-17,9.59762194707041E-32,
-1.));
#5382=DIRECTION('ref_axis',(-1.,5.32775043364254E-48,-5.55111512312567E-17));
#5383=DIRECTION('center_axis',(0.,0.,-1.));
#5384=DIRECTION('ref_axis',(-1.,0.,0.));
#5385=DIRECTION('',(5.55111512312567E-17,9.59762194707041E-32,-1.));
#5386=DIRECTION('center_axis',(0.,0.,-1.));
#5387=DIRECTION('ref_axis',(-1.,0.,0.));
#5388=DIRECTION('center_axis',(5.55111512312567E-17,9.59762194707041E-32,
-1.));
#5389=DIRECTION('ref_axis',(-1.,5.32775043364254E-48,-5.55111512312567E-17));
#5390=DIRECTION('center_axis',(0.,0.,-1.));
#5391=DIRECTION('ref_axis',(-1.,0.,0.));
#5392=DIRECTION('',(5.55111512312567E-17,9.59762194707041E-32,-1.));
#5393=DIRECTION('center_axis',(0.,0.,-1.));
#5394=DIRECTION('ref_axis',(-1.,0.,0.));
#5395=DIRECTION('center_axis',(5.55111512312567E-17,9.59762194707041E-32,
-1.));
#5396=DIRECTION('ref_axis',(-1.,5.32775043364254E-48,-5.55111512312567E-17));
#5397=DIRECTION('center_axis',(0.,0.,-1.));
#5398=DIRECTION('ref_axis',(-1.,0.,0.));
#5399=DIRECTION('',(5.55111512312567E-17,9.59762194707041E-32,-1.));
#5400=DIRECTION('center_axis',(0.,0.,-1.));
#5401=DIRECTION('ref_axis',(-1.,0.,0.));
#5402=DIRECTION('center_axis',(5.55111512312567E-17,9.59762194707041E-32,
-1.));
#5403=DIRECTION('ref_axis',(-1.,5.32775043364254E-48,-5.55111512312567E-17));
#5404=DIRECTION('center_axis',(0.,0.,-1.));
#5405=DIRECTION('ref_axis',(-1.,0.,0.));
#5406=DIRECTION('',(5.55111512312567E-17,9.59762194707041E-32,-1.));
#5407=DIRECTION('center_axis',(0.,0.,-1.));
#5408=DIRECTION('ref_axis',(-1.,0.,0.));
#5409=DIRECTION('center_axis',(5.55111512312567E-17,9.59762194707041E-32,
-1.));
#5410=DIRECTION('ref_axis',(-1.,5.32775043364254E-48,-5.55111512312567E-17));
#5411=DIRECTION('center_axis',(0.,0.,-1.));
#5412=DIRECTION('ref_axis',(-1.,0.,0.));
#5413=DIRECTION('',(5.55111512312567E-17,9.59762194707041E-32,-1.));
#5414=DIRECTION('center_axis',(0.,0.,-1.));
#5415=DIRECTION('ref_axis',(-1.,0.,0.));
#5416=DIRECTION('center_axis',(5.55111512312567E-17,9.59762194707041E-32,
-1.));
#5417=DIRECTION('ref_axis',(-1.,5.32775043364254E-48,-5.55111512312567E-17));
#5418=DIRECTION('center_axis',(0.,0.,-1.));
#5419=DIRECTION('ref_axis',(-1.,0.,0.));
#5420=DIRECTION('',(5.55111512312567E-17,9.59762194707041E-32,-1.));
#5421=DIRECTION('center_axis',(0.,0.,-1.));
#5422=DIRECTION('ref_axis',(-1.,0.,0.));
#5423=DIRECTION('center_axis',(5.55111512312567E-17,9.59762194707041E-32,
-1.));
#5424=DIRECTION('ref_axis',(-1.,5.32775043364254E-48,-5.55111512312567E-17));
#5425=DIRECTION('center_axis',(0.,0.,-1.));
#5426=DIRECTION('ref_axis',(-1.,0.,0.));
#5427=DIRECTION('',(5.55111512312567E-17,9.59762194707041E-32,-1.));
#5428=DIRECTION('center_axis',(0.,0.,-1.));
#5429=DIRECTION('ref_axis',(-1.,0.,0.));
#5430=DIRECTION('center_axis',(5.55111512312567E-17,9.59762194707041E-32,
-1.));
#5431=DIRECTION('ref_axis',(-1.,5.32775043364254E-48,-5.55111512312567E-17));
#5432=DIRECTION('center_axis',(0.,0.,-1.));
#5433=DIRECTION('ref_axis',(-1.,0.,0.));
#5434=DIRECTION('',(5.55111512312567E-17,9.59762194707041E-32,-1.));
#5435=DIRECTION('center_axis',(0.,0.,-1.));
#5436=DIRECTION('ref_axis',(-1.,0.,0.));
#5437=DIRECTION('center_axis',(5.55111512312567E-17,9.59762194707041E-32,
-1.));
#5438=DIRECTION('ref_axis',(-1.,5.32775043364254E-48,-5.55111512312567E-17));
#5439=DIRECTION('center_axis',(0.,0.,-1.));
#5440=DIRECTION('ref_axis',(-1.,0.,0.));
#5441=DIRECTION('',(5.55111512312567E-17,9.59762194707041E-32,-1.));
#5442=DIRECTION('center_axis',(0.,0.,-1.));
#5443=DIRECTION('ref_axis',(-1.,0.,0.));
#5444=DIRECTION('center_axis',(5.55111512312567E-17,9.59762194707041E-32,
-1.));
#5445=DIRECTION('ref_axis',(-1.,5.32775043364254E-48,-5.55111512312567E-17));
#5446=DIRECTION('center_axis',(0.,0.,-1.));
#5447=DIRECTION('ref_axis',(-1.,0.,0.));
#5448=DIRECTION('',(5.55111512312567E-17,9.59762194707041E-32,-1.));
#5449=DIRECTION('center_axis',(0.,0.,-1.));
#5450=DIRECTION('ref_axis',(-1.,0.,0.));
#5451=DIRECTION('center_axis',(0.,0.,-1.));
#5452=DIRECTION('ref_axis',(-1.,0.,0.));
#5453=DIRECTION('center_axis',(0.,0.,1.));
#5454=DIRECTION('ref_axis',(-1.,0.,0.));
#5455=DIRECTION('',(0.,0.,-1.));
#5456=DIRECTION('center_axis',(0.,0.,1.));
#5457=DIRECTION('ref_axis',(-1.,0.,0.));
#5458=DIRECTION('center_axis',(0.,0.,-1.));
#5459=DIRECTION('ref_axis',(-1.,0.,0.));
#5460=DIRECTION('center_axis',(0.,0.,1.));
#5461=DIRECTION('ref_axis',(-1.,0.,0.));
#5462=DIRECTION('',(0.,0.,-1.));
#5463=DIRECTION('center_axis',(0.,0.,1.));
#5464=DIRECTION('ref_axis',(-1.,0.,0.));
#5465=DIRECTION('center_axis',(0.,0.,-1.));
#5466=DIRECTION('ref_axis',(-1.,0.,0.));
#5467=DIRECTION('center_axis',(0.,0.,1.));
#5468=DIRECTION('ref_axis',(-1.,0.,0.));
#5469=DIRECTION('',(0.,0.,-1.));
#5470=DIRECTION('center_axis',(0.,0.,1.));
#5471=DIRECTION('ref_axis',(-1.,0.,0.));
#5472=DIRECTION('center_axis',(0.,0.,-1.));
#5473=DIRECTION('ref_axis',(-1.,0.,0.));
#5474=DIRECTION('center_axis',(0.,0.,1.));
#5475=DIRECTION('ref_axis',(-1.,0.,0.));
#5476=DIRECTION('',(0.,0.,-1.));
#5477=DIRECTION('center_axis',(0.,0.,1.));
#5478=DIRECTION('ref_axis',(-1.,0.,0.));
#5479=DIRECTION('center_axis',(0.,0.,-1.));
#5480=DIRECTION('ref_axis',(-1.,0.,0.));
#5481=DIRECTION('center_axis',(0.,0.,1.));
#5482=DIRECTION('ref_axis',(-1.,0.,0.));
#5483=DIRECTION('',(0.,0.,-1.));
#5484=DIRECTION('center_axis',(0.,0.,1.));
#5485=DIRECTION('ref_axis',(-1.,0.,0.));
#5486=DIRECTION('center_axis',(0.,0.,-1.));
#5487=DIRECTION('ref_axis',(-1.,0.,0.));
#5488=DIRECTION('center_axis',(0.,0.,1.));
#5489=DIRECTION('ref_axis',(-1.,0.,0.));
#5490=DIRECTION('',(0.,0.,-1.));
#5491=DIRECTION('center_axis',(0.,0.,1.));
#5492=DIRECTION('ref_axis',(-1.,0.,0.));
#5493=DIRECTION('center_axis',(0.,0.,-1.));
#5494=DIRECTION('ref_axis',(-1.,0.,0.));
#5495=DIRECTION('center_axis',(0.,0.,1.));
#5496=DIRECTION('ref_axis',(-1.,0.,0.));
#5497=DIRECTION('',(0.,0.,-1.));
#5498=DIRECTION('center_axis',(0.,0.,1.));
#5499=DIRECTION('ref_axis',(-1.,0.,0.));
#5500=DIRECTION('center_axis',(0.,0.,-1.));
#5501=DIRECTION('ref_axis',(-1.,0.,0.));
#5502=DIRECTION('center_axis',(0.,0.,-1.));
#5503=DIRECTION('ref_axis',(-1.,0.,0.));
#5504=DIRECTION('',(0.,0.,-1.));
#5505=DIRECTION('center_axis',(0.,0.,-1.));
#5506=DIRECTION('ref_axis',(-1.,0.,0.));
#5507=DIRECTION('center_axis',(0.,0.,-1.));
#5508=DIRECTION('ref_axis',(-1.,0.,0.));
#5509=DIRECTION('center_axis',(0.,0.,-1.));
#5510=DIRECTION('ref_axis',(-1.,0.,0.));
#5511=DIRECTION('',(0.,0.,-1.));
#5512=DIRECTION('center_axis',(0.,0.,-1.));
#5513=DIRECTION('ref_axis',(-1.,0.,0.));
#5514=DIRECTION('center_axis',(0.,0.,-1.));
#5515=DIRECTION('ref_axis',(-1.,0.,0.));
#5516=DIRECTION('center_axis',(0.,0.,-1.));
#5517=DIRECTION('ref_axis',(-1.,0.,0.));
#5518=DIRECTION('',(0.,0.,-1.));
#5519=DIRECTION('center_axis',(0.,0.,-1.));
#5520=DIRECTION('ref_axis',(-1.,0.,0.));
#5521=DIRECTION('center_axis',(0.,0.,-1.));
#5522=DIRECTION('ref_axis',(-1.,0.,0.));
#5523=DIRECTION('center_axis',(0.,0.,-1.));
#5524=DIRECTION('ref_axis',(-1.,0.,0.));
#5525=DIRECTION('',(0.,0.,-1.));
#5526=DIRECTION('center_axis',(0.,0.,-1.));
#5527=DIRECTION('ref_axis',(-1.,0.,0.));
#5528=DIRECTION('center_axis',(0.,0.,-1.));
#5529=DIRECTION('ref_axis',(-1.,0.,0.));
#5530=DIRECTION('center_axis',(0.,0.,-1.));
#5531=DIRECTION('ref_axis',(-1.,0.,0.));
#5532=DIRECTION('',(0.,0.,-1.));
#5533=DIRECTION('center_axis',(0.,0.,-1.));
#5534=DIRECTION('ref_axis',(-1.,0.,0.));
#5535=DIRECTION('center_axis',(0.,0.,-1.));
#5536=DIRECTION('ref_axis',(-1.,0.,0.));
#5537=DIRECTION('center_axis',(0.,0.,-1.));
#5538=DIRECTION('ref_axis',(-1.,0.,0.));
#5539=DIRECTION('',(0.,0.,-1.));
#5540=DIRECTION('center_axis',(0.,0.,-1.));
#5541=DIRECTION('ref_axis',(-1.,0.,0.));
#5542=DIRECTION('center_axis',(0.,0.,-1.));
#5543=DIRECTION('ref_axis',(-1.,0.,0.));
#5544=DIRECTION('center_axis',(0.,0.,-1.));
#5545=DIRECTION('ref_axis',(-1.,0.,0.));
#5546=DIRECTION('',(0.,0.,-1.));
#5547=DIRECTION('center_axis',(0.,0.,-1.));
#5548=DIRECTION('ref_axis',(-1.,0.,0.));
#5549=DIRECTION('center_axis',(0.,0.,-1.));
#5550=DIRECTION('ref_axis',(-1.,0.,0.));
#5551=DIRECTION('center_axis',(0.,0.,1.));
#5552=DIRECTION('ref_axis',(1.,0.,0.));
#5553=DIRECTION('',(0.,0.,-1.));
#5554=DIRECTION('center_axis',(0.,0.,1.));
#5555=DIRECTION('ref_axis',(-1.,0.,0.));
#5556=DIRECTION('center_axis',(0.,0.,-1.));
#5557=DIRECTION('ref_axis',(-1.,0.,0.));
#5558=DIRECTION('center_axis',(0.,0.,1.));
#5559=DIRECTION('ref_axis',(1.,0.,0.));
#5560=DIRECTION('',(0.,0.,-1.));
#5561=DIRECTION('center_axis',(0.,0.,1.));
#5562=DIRECTION('ref_axis',(-1.,0.,0.));
#5563=DIRECTION('center_axis',(0.,0.,-1.));
#5564=DIRECTION('ref_axis',(-1.,0.,0.));
#5565=DIRECTION('center_axis',(0.,0.,1.));
#5566=DIRECTION('ref_axis',(1.,0.,0.));
#5567=DIRECTION('',(0.,0.,-1.));
#5568=DIRECTION('center_axis',(0.,0.,1.));
#5569=DIRECTION('ref_axis',(-1.,0.,0.));
#5570=DIRECTION('center_axis',(0.,0.,-1.));
#5571=DIRECTION('ref_axis',(-1.,0.,0.));
#5572=DIRECTION('center_axis',(0.,0.,1.));
#5573=DIRECTION('ref_axis',(1.,0.,0.));
#5574=DIRECTION('',(0.,0.,-1.));
#5575=DIRECTION('center_axis',(0.,0.,1.));
#5576=DIRECTION('ref_axis',(-1.,0.,0.));
#5577=DIRECTION('center_axis',(0.,0.,-1.));
#5578=DIRECTION('ref_axis',(-1.,0.,0.));
#5579=DIRECTION('center_axis',(0.,0.,-1.));
#5580=DIRECTION('ref_axis',(1.,0.,0.));
#5581=DIRECTION('',(0.,0.,-1.));
#5582=DIRECTION('center_axis',(0.,0.,-1.));
#5583=DIRECTION('ref_axis',(-1.,0.,0.));
#5584=DIRECTION('center_axis',(0.,0.,-1.));
#5585=DIRECTION('ref_axis',(-1.,0.,0.));
#5586=DIRECTION('center_axis',(0.,0.,-1.));
#5587=DIRECTION('ref_axis',(1.,0.,0.));
#5588=DIRECTION('',(0.,0.,-1.));
#5589=DIRECTION('center_axis',(0.,0.,-1.));
#5590=DIRECTION('ref_axis',(-1.,0.,0.));
#5591=DIRECTION('center_axis',(0.,0.,-1.));
#5592=DIRECTION('ref_axis',(-1.,0.,0.));
#5593=DIRECTION('center_axis',(0.,0.,-1.));
#5594=DIRECTION('ref_axis',(1.,0.,0.));
#5595=DIRECTION('',(0.,0.,-1.));
#5596=DIRECTION('center_axis',(0.,0.,-1.));
#5597=DIRECTION('ref_axis',(-1.,0.,0.));
#5598=DIRECTION('center_axis',(0.,0.,-1.));
#5599=DIRECTION('ref_axis',(-1.,0.,0.));
#5600=DIRECTION('center_axis',(0.,0.,-1.));
#5601=DIRECTION('ref_axis',(1.,0.,0.));
#5602=DIRECTION('',(0.,0.,-1.));
#5603=DIRECTION('center_axis',(0.,0.,-1.));
#5604=DIRECTION('ref_axis',(-1.,0.,0.));
#5605=DIRECTION('center_axis',(-5.55111512312567E-17,8.91406207328614E-32,
-1.));
#5606=DIRECTION('ref_axis',(-1.,-4.94829847834996E-48,5.55111512312567E-17));
#5607=DIRECTION('center_axis',(0.,0.,1.));
#5608=DIRECTION('ref_axis',(1.,0.,0.));
#5609=DIRECTION('',(-5.55111512312567E-17,8.91406207328614E-32,-1.));
#5610=DIRECTION('center_axis',(0.,0.,1.));
#5611=DIRECTION('ref_axis',(-1.,0.,0.));
#5612=DIRECTION('center_axis',(-5.55111512312567E-17,8.91406207328614E-32,
-1.));
#5613=DIRECTION('ref_axis',(-1.,-4.94829847834996E-48,5.55111512312567E-17));
#5614=DIRECTION('center_axis',(0.,0.,1.));
#5615=DIRECTION('ref_axis',(1.,0.,0.));
#5616=DIRECTION('',(-5.55111512312567E-17,8.91406207328614E-32,-1.));
#5617=DIRECTION('center_axis',(0.,0.,1.));
#5618=DIRECTION('ref_axis',(-1.,0.,0.));
#5619=DIRECTION('center_axis',(-5.55111512312567E-17,8.91406207328614E-32,
-1.));
#5620=DIRECTION('ref_axis',(-1.,-4.94829847834996E-48,5.55111512312567E-17));
#5621=DIRECTION('center_axis',(0.,0.,1.));
#5622=DIRECTION('ref_axis',(1.,0.,0.));
#5623=DIRECTION('',(-5.55111512312567E-17,8.91406207328614E-32,-1.));
#5624=DIRECTION('center_axis',(0.,0.,1.));
#5625=DIRECTION('ref_axis',(-1.,0.,0.));
#5626=DIRECTION('center_axis',(-5.55111512312567E-17,8.91406207328614E-32,
-1.));
#5627=DIRECTION('ref_axis',(-1.,-4.94829847834996E-48,5.55111512312566E-17));
#5628=DIRECTION('center_axis',(0.,0.,1.));
#5629=DIRECTION('ref_axis',(1.,0.,0.));
#5630=DIRECTION('',(-5.55111512312566E-17,8.91406207328614E-32,-1.));
#5631=DIRECTION('center_axis',(0.,0.,1.));
#5632=DIRECTION('ref_axis',(-1.,0.,0.));
#5633=DIRECTION('center_axis',(-5.55111512312567E-17,8.91406207328614E-32,
-1.));
#5634=DIRECTION('ref_axis',(-1.,-4.94829847834996E-48,5.55111512312566E-17));
#5635=DIRECTION('center_axis',(0.,0.,1.));
#5636=DIRECTION('ref_axis',(1.,0.,0.));
#5637=DIRECTION('',(-5.55111512312566E-17,8.91406207328614E-32,-1.));
#5638=DIRECTION('center_axis',(0.,0.,1.));
#5639=DIRECTION('ref_axis',(-1.,0.,0.));
#5640=DIRECTION('center_axis',(-5.55111512312567E-17,8.91406207328614E-32,
-1.));
#5641=DIRECTION('ref_axis',(-1.,-4.94829847834996E-48,5.55111512312567E-17));
#5642=DIRECTION('center_axis',(0.,0.,1.));
#5643=DIRECTION('ref_axis',(1.,0.,0.));
#5644=DIRECTION('',(-5.55111512312567E-17,8.91406207328614E-32,-1.));
#5645=DIRECTION('center_axis',(0.,0.,1.));
#5646=DIRECTION('ref_axis',(-1.,0.,0.));
#5647=DIRECTION('center_axis',(-5.55111512312567E-17,8.91406207328614E-32,
-1.));
#5648=DIRECTION('ref_axis',(-1.,-4.94829847834996E-48,5.55111512312567E-17));
#5649=DIRECTION('center_axis',(0.,0.,1.));
#5650=DIRECTION('ref_axis',(1.,0.,0.));
#5651=DIRECTION('',(-5.55111512312567E-17,8.91406207328614E-32,-1.));
#5652=DIRECTION('center_axis',(0.,0.,1.));
#5653=DIRECTION('ref_axis',(-1.,0.,0.));
#5654=DIRECTION('center_axis',(-5.55111512312567E-17,8.91406207328614E-32,
-1.));
#5655=DIRECTION('ref_axis',(-1.,-4.94829847834996E-48,5.55111512312567E-17));
#5656=DIRECTION('center_axis',(0.,0.,1.));
#5657=DIRECTION('ref_axis',(1.,0.,0.));
#5658=DIRECTION('',(-5.55111512312567E-17,8.91406207328614E-32,-1.));
#5659=DIRECTION('center_axis',(0.,0.,1.));
#5660=DIRECTION('ref_axis',(-1.,0.,0.));
#5661=DIRECTION('center_axis',(-5.55111512312567E-17,8.91406207328614E-32,
-1.));
#5662=DIRECTION('ref_axis',(-1.,-4.94829847834996E-48,5.55111512312566E-17));
#5663=DIRECTION('center_axis',(0.,0.,1.));
#5664=DIRECTION('ref_axis',(1.,0.,0.));
#5665=DIRECTION('',(-5.55111512312566E-17,8.91406207328614E-32,-1.));
#5666=DIRECTION('center_axis',(0.,0.,1.));
#5667=DIRECTION('ref_axis',(-1.,0.,0.));
#5668=DIRECTION('center_axis',(5.55111512312567E-17,9.59762194707041E-32,
-1.));
#5669=DIRECTION('ref_axis',(-1.,5.32775043364254E-48,-5.55111512312567E-17));
#5670=DIRECTION('center_axis',(0.,0.,-1.));
#5671=DIRECTION('ref_axis',(1.,0.,0.));
#5672=DIRECTION('',(5.55111512312567E-17,9.59762194707041E-32,-1.));
#5673=DIRECTION('center_axis',(0.,0.,-1.));
#5674=DIRECTION('ref_axis',(-1.,0.,0.));
#5675=DIRECTION('center_axis',(5.55111512312567E-17,9.59762194707041E-32,
-1.));
#5676=DIRECTION('ref_axis',(-1.,5.32775043364254E-48,-5.55111512312567E-17));
#5677=DIRECTION('center_axis',(0.,0.,-1.));
#5678=DIRECTION('ref_axis',(1.,0.,0.));
#5679=DIRECTION('',(5.55111512312567E-17,9.59762194707041E-32,-1.));
#5680=DIRECTION('center_axis',(0.,0.,-1.));
#5681=DIRECTION('ref_axis',(-1.,0.,0.));
#5682=DIRECTION('center_axis',(5.55111512312567E-17,9.59762194707041E-32,
-1.));
#5683=DIRECTION('ref_axis',(-1.,5.32775043364254E-48,-5.55111512312567E-17));
#5684=DIRECTION('center_axis',(0.,0.,-1.));
#5685=DIRECTION('ref_axis',(1.,0.,0.));
#5686=DIRECTION('',(5.55111512312567E-17,9.59762194707041E-32,-1.));
#5687=DIRECTION('center_axis',(0.,0.,-1.));
#5688=DIRECTION('ref_axis',(-1.,0.,0.));
#5689=DIRECTION('center_axis',(5.55111512312567E-17,9.59762194707041E-32,
-1.));
#5690=DIRECTION('ref_axis',(-1.,5.32775043364254E-48,-5.55111512312567E-17));
#5691=DIRECTION('center_axis',(0.,0.,-1.));
#5692=DIRECTION('ref_axis',(1.,0.,0.));
#5693=DIRECTION('',(5.55111512312567E-17,9.59762194707041E-32,-1.));
#5694=DIRECTION('center_axis',(0.,0.,-1.));
#5695=DIRECTION('ref_axis',(-1.,0.,0.));
#5696=DIRECTION('center_axis',(5.55111512312567E-17,9.59762194707041E-32,
-1.));
#5697=DIRECTION('ref_axis',(-1.,5.32775043364254E-48,-5.55111512312567E-17));
#5698=DIRECTION('center_axis',(0.,0.,-1.));
#5699=DIRECTION('ref_axis',(1.,0.,0.));
#5700=DIRECTION('',(5.55111512312567E-17,9.59762194707041E-32,-1.));
#5701=DIRECTION('center_axis',(0.,0.,-1.));
#5702=DIRECTION('ref_axis',(-1.,0.,0.));
#5703=DIRECTION('center_axis',(5.55111512312567E-17,9.59762194707041E-32,
-1.));
#5704=DIRECTION('ref_axis',(-1.,5.32775043364254E-48,-5.55111512312567E-17));
#5705=DIRECTION('center_axis',(0.,0.,-1.));
#5706=DIRECTION('ref_axis',(1.,0.,0.));
#5707=DIRECTION('',(5.55111512312567E-17,9.59762194707041E-32,-1.));
#5708=DIRECTION('center_axis',(0.,0.,-1.));
#5709=DIRECTION('ref_axis',(-1.,0.,0.));
#5710=DIRECTION('center_axis',(5.55111512312567E-17,9.59762194707041E-32,
-1.));
#5711=DIRECTION('ref_axis',(-1.,5.32775043364254E-48,-5.55111512312567E-17));
#5712=DIRECTION('center_axis',(0.,0.,-1.));
#5713=DIRECTION('ref_axis',(1.,0.,0.));
#5714=DIRECTION('',(5.55111512312567E-17,9.59762194707041E-32,-1.));
#5715=DIRECTION('center_axis',(0.,0.,-1.));
#5716=DIRECTION('ref_axis',(-1.,0.,0.));
#5717=DIRECTION('center_axis',(5.55111512312567E-17,9.59762194707041E-32,
-1.));
#5718=DIRECTION('ref_axis',(-1.,5.32775043364254E-48,-5.55111512312567E-17));
#5719=DIRECTION('center_axis',(0.,0.,-1.));
#5720=DIRECTION('ref_axis',(1.,0.,0.));
#5721=DIRECTION('',(5.55111512312567E-17,9.59762194707041E-32,-1.));
#5722=DIRECTION('center_axis',(0.,0.,-1.));
#5723=DIRECTION('ref_axis',(-1.,0.,0.));
#5724=DIRECTION('center_axis',(5.55111512312567E-17,9.59762194707041E-32,
-1.));
#5725=DIRECTION('ref_axis',(-1.,5.32775043364254E-48,-5.55111512312567E-17));
#5726=DIRECTION('center_axis',(0.,0.,-1.));
#5727=DIRECTION('ref_axis',(1.,0.,0.));
#5728=DIRECTION('',(5.55111512312567E-17,9.59762194707041E-32,-1.));
#5729=DIRECTION('center_axis',(0.,0.,-1.));
#5730=DIRECTION('ref_axis',(-1.,0.,0.));
#5731=DIRECTION('center_axis',(5.55111512312567E-17,9.59762194707041E-32,
-1.));
#5732=DIRECTION('ref_axis',(-1.,5.32775043364254E-48,-5.55111512312567E-17));
#5733=DIRECTION('center_axis',(0.,0.,-1.));
#5734=DIRECTION('ref_axis',(1.,0.,0.));
#5735=DIRECTION('',(5.55111512312567E-17,9.59762194707041E-32,-1.));
#5736=DIRECTION('center_axis',(0.,0.,-1.));
#5737=DIRECTION('ref_axis',(-1.,0.,0.));
#5738=DIRECTION('center_axis',(5.55111512312567E-17,9.59762194707041E-32,
-1.));
#5739=DIRECTION('ref_axis',(-1.,5.32775043364254E-48,-5.55111512312567E-17));
#5740=DIRECTION('center_axis',(0.,0.,-1.));
#5741=DIRECTION('ref_axis',(1.,0.,0.));
#5742=DIRECTION('',(5.55111512312567E-17,9.59762194707041E-32,-1.));
#5743=DIRECTION('center_axis',(0.,0.,-1.));
#5744=DIRECTION('ref_axis',(-1.,0.,0.));
#5745=DIRECTION('center_axis',(5.55111512312567E-17,9.59762194707041E-32,
-1.));
#5746=DIRECTION('ref_axis',(-1.,5.32775043364254E-48,-5.55111512312567E-17));
#5747=DIRECTION('center_axis',(0.,0.,-1.));
#5748=DIRECTION('ref_axis',(1.,0.,0.));
#5749=DIRECTION('',(5.55111512312567E-17,9.59762194707041E-32,-1.));
#5750=DIRECTION('center_axis',(0.,0.,-1.));
#5751=DIRECTION('ref_axis',(-1.,0.,0.));
#5752=DIRECTION('center_axis',(0.,0.,-1.));
#5753=DIRECTION('ref_axis',(-1.,0.,0.));
#5754=DIRECTION('',(2.28395456551325E-16,-1.,0.));
#5755=DIRECTION('',(-1.,-4.44089209850063E-16,0.));
#5756=DIRECTION('',(-1.05256256836911E-16,-1.,0.));
#5757=DIRECTION('',(1.,0.,0.));
#5758=DIRECTION('center_axis',(4.44089209850063E-16,-1.,0.));
#5759=DIRECTION('ref_axis',(1.,4.44089209850063E-16,0.));
#5760=DIRECTION('',(0.,0.,1.));
#5761=DIRECTION('',(-1.,-4.44089209850063E-16,0.));
#5762=DIRECTION('',(0.,0.,-1.));
#5763=DIRECTION('',(1.,0.,0.));
#5764=DIRECTION('',(0.,0.,-1.));
#5765=DIRECTION('',(-1.,-4.44089209850063E-16,0.));
#5766=DIRECTION('',(0.,0.,1.));
#5767=DIRECTION('',(1.,4.44089209850063E-16,0.));
#5768=DIRECTION('',(0.,0.,-1.));
#5769=DIRECTION('',(-1.,-4.44089209850063E-16,0.));
#5770=DIRECTION('',(0.,0.,-1.));
#5771=DIRECTION('',(-1.,-1.23139199714414E-16,0.));
#5772=DIRECTION('',(0.,0.,-1.));
#5773=DIRECTION('',(-1.,-4.44089209850063E-16,0.));
#5774=DIRECTION('',(0.,0.,1.));
#5775=DIRECTION('center_axis',(0.,1.,0.));
#5776=DIRECTION('ref_axis',(0.,0.,1.));
#5777=DIRECTION('',(0.,0.,-1.));
#5778=DIRECTION('',(0.,0.,-1.));
#5779=DIRECTION('',(1.,0.,0.));
#5780=DIRECTION('',(0.,0.,-1.));
#5781=DIRECTION('',(-1.,-1.23139199714414E-16,0.));
#5782=DIRECTION('',(0.,0.,-1.));
#5783=DIRECTION('',(1.,0.,0.));
#5784=DIRECTION('',(0.,0.,-1.));
#5785=DIRECTION('',(1.,0.,0.));
#5786=DIRECTION('',(0.,0.,-1.));
#5787=DIRECTION('',(1.,0.,0.));
#5788=DIRECTION('center_axis',(0.,0.,-1.));
#5789=DIRECTION('ref_axis',(-1.,0.,0.));
#5790=DIRECTION('',(2.28395456551325E-16,-1.,0.));
#5791=DIRECTION('',(0.,1.,0.));
#5792=DIRECTION('center_axis',(0.,0.,-1.));
#5793=DIRECTION('ref_axis',(-1.,0.,0.));
#5794=DIRECTION('',(0.,1.,0.));
#5795=DIRECTION('',(-1.,0.,0.));
#5796=DIRECTION('',(0.,-1.,0.));
#5797=DIRECTION('',(-8.88178419700125E-16,1.,0.));
#5798=DIRECTION('',(7.65039219985711E-16,1.,0.));
#5799=DIRECTION('center_axis',(0.,0.,-1.));
#5800=DIRECTION('ref_axis',(-1.,0.,0.));
#5801=DIRECTION('',(0.,-1.,0.));
#5802=DIRECTION('',(-1.,0.,0.));
#5803=DIRECTION('',(0.,1.,0.));
#5804=DIRECTION('center_axis',(0.,0.,-1.));
#5805=DIRECTION('ref_axis',(-1.,0.,0.));
#5806=DIRECTION('',(-1.05256256836911E-16,-1.,0.));
#5807=DIRECTION('',(-1.23139199714414E-16,1.,0.));
#5808=DIRECTION('center_axis',(-1.,0.,0.));
#5809=DIRECTION('ref_axis',(0.,0.,1.));
#5810=DIRECTION('',(0.,1.,0.));
#5811=DIRECTION('center_axis',(-1.,-8.88178419700125E-16,0.));
#5812=DIRECTION('ref_axis',(8.88178419700125E-16,-1.,0.));
#5813=DIRECTION('',(-8.88178419700125E-16,1.,0.));
#5814=DIRECTION('center_axis',(0.,0.,-1.));
#5815=DIRECTION('ref_axis',(-1.,0.,0.));
#5816=DIRECTION('center_axis',(-1.,-1.23139199714414E-16,0.));
#5817=DIRECTION('ref_axis',(1.23139199714414E-16,-1.,0.));
#5818=DIRECTION('',(-1.23139199714414E-16,1.,0.));
#5819=DIRECTION('center_axis',(-1.,7.65039219985711E-16,0.));
#5820=DIRECTION('ref_axis',(-7.65039219985712E-16,-1.,0.));
#5821=DIRECTION('',(7.65039219985711E-16,1.,0.));
#5822=DIRECTION('center_axis',(0.,0.,-1.));
#5823=DIRECTION('ref_axis',(1.,1.23139199714414E-16,0.));
#5824=DIRECTION('center_axis',(-1.,0.,0.));
#5825=DIRECTION('ref_axis',(0.,0.,1.));
#5826=DIRECTION('',(0.,0.,-1.));
#5827=DIRECTION('center_axis',(1.,0.,0.));
#5828=DIRECTION('ref_axis',(0.,0.,-1.));
#5829=DIRECTION('',(0.,0.,-1.));
#5830=DIRECTION('center_axis',(0.,-1.,0.));
#5831=DIRECTION('ref_axis',(0.,0.,-1.));
#5832=DIRECTION('center_axis',(0.,0.,1.));
#5833=DIRECTION('ref_axis',(1.,0.,0.));
#5834=DIRECTION('center_axis',(0.,0.,1.));
#5835=DIRECTION('ref_axis',(1.,0.,0.));
#5836=DIRECTION('center_axis',(0.,0.,1.));
#5837=DIRECTION('ref_axis',(1.,0.,0.));
#5838=DIRECTION('center_axis',(0.,0.,1.));
#5839=DIRECTION('ref_axis',(1.,0.,0.));
#5840=DIRECTION('center_axis',(0.,0.,1.));
#5841=DIRECTION('ref_axis',(-1.,-1.23139199714414E-16,0.));
#5842=DIRECTION('center_axis',(0.,0.,1.));
#5843=DIRECTION('ref_axis',(-1.,-1.23139199714414E-16,0.));
#5844=DIRECTION('center_axis',(0.,0.,1.));
#5845=DIRECTION('ref_axis',(-1.,-1.23139199714414E-16,0.));
#5846=DIRECTION('center_axis',(0.,0.,1.));
#5847=DIRECTION('ref_axis',(-1.,-1.23139199714414E-16,0.));
#5848=DIRECTION('center_axis',(0.,0.,1.));
#5849=DIRECTION('ref_axis',(1.,0.,0.));
#5850=DIRECTION('center_axis',(0.,0.,1.));
#5851=DIRECTION('ref_axis',(1.,0.,0.));
#5852=DIRECTION('center_axis',(0.,0.,1.));
#5853=DIRECTION('ref_axis',(1.,0.,0.));
#5854=DIRECTION('center_axis',(0.,0.,1.));
#5855=DIRECTION('ref_axis',(1.,0.,0.));
#5856=DIRECTION('center_axis',(0.,0.,1.));
#5857=DIRECTION('ref_axis',(1.,0.,0.));
#5858=DIRECTION('center_axis',(0.,0.,1.));
#5859=DIRECTION('ref_axis',(1.,0.,0.));
#5860=DIRECTION('center_axis',(0.,0.,1.));
#5861=DIRECTION('ref_axis',(1.,0.,0.));
#5862=DIRECTION('center_axis',(0.,0.,1.));
#5863=DIRECTION('ref_axis',(1.,0.,0.));
#5864=DIRECTION('center_axis',(0.,0.,1.));
#5865=DIRECTION('ref_axis',(1.,0.,0.));
#5866=DIRECTION('center_axis',(0.,0.,1.));
#5867=DIRECTION('ref_axis',(1.,0.,0.));
#5868=DIRECTION('center_axis',(0.,0.,1.));
#5869=DIRECTION('ref_axis',(1.,0.,0.));
#5870=DIRECTION('center_axis',(0.,0.,1.));
#5871=DIRECTION('ref_axis',(1.,0.,0.));
#5872=DIRECTION('center_axis',(0.,0.,1.));
#5873=DIRECTION('ref_axis',(1.,0.,0.));
#5874=DIRECTION('center_axis',(0.,0.,1.));
#5875=DIRECTION('ref_axis',(1.,0.,0.));
#5876=DIRECTION('center_axis',(0.,0.,1.));
#5877=DIRECTION('ref_axis',(1.,0.,0.));
#5878=DIRECTION('center_axis',(0.,0.,1.));
#5879=DIRECTION('ref_axis',(1.,0.,0.));
#5880=DIRECTION('center_axis',(0.,0.,1.));
#5881=DIRECTION('ref_axis',(1.,0.,0.));
#5882=DIRECTION('center_axis',(0.,0.,1.));
#5883=DIRECTION('ref_axis',(1.,0.,0.));
#5884=DIRECTION('center_axis',(0.,0.,1.));
#5885=DIRECTION('ref_axis',(1.,0.,0.));
#5886=DIRECTION('center_axis',(0.,0.,1.));
#5887=DIRECTION('ref_axis',(1.,0.,0.));
#5888=DIRECTION('center_axis',(0.,0.,1.));
#5889=DIRECTION('ref_axis',(1.,0.,0.));
#5890=DIRECTION('center_axis',(1.,-1.05256256836911E-16,0.));
#5891=DIRECTION('ref_axis',(1.05256256836911E-16,1.,0.));
#5892=DIRECTION('center_axis',(1.,2.28395456551325E-16,0.));
#5893=DIRECTION('ref_axis',(-2.28395456551325E-16,1.,0.));
#5894=DIRECTION('',(0.,0.,1.));
#5895=DIRECTION('',(1.,0.,0.));
#5896=DIRECTION('',(0.,1.,1.04744440165294E-14));
#5897=DIRECTION('',(1.,0.,0.));
#5898=CARTESIAN_POINT('',(0.,0.,0.));
#5899=CARTESIAN_POINT('',(0.,0.,0.));
#5900=CARTESIAN_POINT('Origin',(0.,-5.53820427256122,0.));
#5901=CARTESIAN_POINT('',(1296.60988492279,-5.53820427265787,-847.294006913318));
#5902=CARTESIAN_POINT('',(2496.60988492279,-5.53820427265787,-847.294006913318));
#5903=CARTESIAN_POINT('',(2496.60988492279,-5.53820427265787,-847.294006913318));
#5904=CARTESIAN_POINT('',(1296.60988492279,-5.53820427256122,-865.294006913318));
#5905=CARTESIAN_POINT('',(1296.60988492279,-5.53820427256122,-1316.29400691332));
#5906=CARTESIAN_POINT('',(2496.60988492279,-5.53820427265992,-865.294006913318));
#5907=CARTESIAN_POINT('',(1296.60988492279,-5.53820427265992,-865.294006913318));
#5908=CARTESIAN_POINT('',(2496.60988492279,-5.53820427266928,-947.294006913318));
#5909=CARTESIAN_POINT('',(2496.60988492279,-5.53820427265992,-865.294006913318));
#5910=CARTESIAN_POINT('',(1296.60988492279,-5.53820427266928,-947.294006913318));
#5911=CARTESIAN_POINT('',(2496.60988492279,-5.53820427266928,-947.294006913318));
#5912=CARTESIAN_POINT('',(1296.60988492279,-5.53820427256122,-965.294006913318));
#5913=CARTESIAN_POINT('',(1296.60988492279,-5.53820427256122,-1316.29400691332));
#5914=CARTESIAN_POINT('',(2496.60988492279,-5.53820427267133,-965.294006913318));
#5915=CARTESIAN_POINT('',(1296.60988492279,-5.53820427267133,-965.294006913318));
#5916=CARTESIAN_POINT('',(2496.60988492279,-5.53820427268068,-1047.29400691331));
#5917=CARTESIAN_POINT('',(2496.60988492279,-5.53820427267133,-965.294006913318));
#5918=CARTESIAN_POINT('',(1296.60988492279,-5.53820427268068,-1047.29400691331));
#5919=CARTESIAN_POINT('',(2496.60988492279,-5.53820427268068,-1047.29400691331));
#5920=CARTESIAN_POINT('',(1296.60988492279,-5.53820427256122,-1065.29400691331));
#5921=CARTESIAN_POINT('',(1296.60988492279,-5.53820427256122,-1316.29400691332));
#5922=CARTESIAN_POINT('',(2496.60988492279,-5.53820427268274,-1065.29400691331));
#5923=CARTESIAN_POINT('',(1296.60988492279,-5.53820427268274,-1065.29400691331));
#5924=CARTESIAN_POINT('',(2496.60988492279,-5.53820427269209,-1147.29400691331));
#5925=CARTESIAN_POINT('',(2496.60988492279,-5.53820427268274,-1065.29400691331));
#5926=CARTESIAN_POINT('',(1296.60988492279,-5.53820427269209,-1147.29400691331));
#5927=CARTESIAN_POINT('',(2496.60988492279,-5.53820427269209,-1147.29400691331));
#5928=CARTESIAN_POINT('',(1296.60988492279,-5.53820427256122,-1165.29400691331));
#5929=CARTESIAN_POINT('',(1296.60988492279,-5.53820427256122,-1316.29400691332));
#5930=CARTESIAN_POINT('',(2496.60988492279,-5.53820427269414,-1165.29400691331));
#5931=CARTESIAN_POINT('',(1296.60988492279,-5.53820427269414,-1165.29400691331));
#5932=CARTESIAN_POINT('',(2496.60988492279,-5.5382042727035,-1247.29400691331));
#5933=CARTESIAN_POINT('',(2496.60988492279,-5.53820427269414,-1165.29400691331));
#5934=CARTESIAN_POINT('',(1296.60988492279,-5.5382042727035,-1247.29400691331));
#5935=CARTESIAN_POINT('',(2496.60988492279,-5.5382042727035,-1247.29400691331));
#5936=CARTESIAN_POINT('',(1296.60988492279,-5.53820427256122,-1265.29400691331));
#5937=CARTESIAN_POINT('',(1296.60988492279,-5.53820427256122,-1316.29400691332));
#5938=CARTESIAN_POINT('',(2496.60988492279,-5.53820427270555,-1265.29400691331));
#5939=CARTESIAN_POINT('',(1296.60988492279,-5.53820427270555,-1265.29400691331));
#5940=CARTESIAN_POINT('',(2496.60988492279,-5.53820427256122,-1316.29400691332));
#5941=CARTESIAN_POINT('',(2496.60988492279,-5.53820427270555,-1265.29400691331));
#5942=CARTESIAN_POINT('',(2496.6100814296,-5.53820427256122,-1316.29400691332));
#5943=CARTESIAN_POINT('',(2496.6100814296,-5.53820427256122,-1316.29400691332));
#5944=CARTESIAN_POINT('',(2496.6100814296,-5.53820427256122,-706.287866140639));
#5945=CARTESIAN_POINT('',(2496.6100814296,-5.53820427256122,-706.287866140639));
#5946=CARTESIAN_POINT('',(1296.60988492279,-5.53820427256122,-706.287866140639));
#5947=CARTESIAN_POINT('',(1296.60988492279,-5.53820427256122,-706.287866140639));
#5948=CARTESIAN_POINT('',(1296.60988492279,-5.53820427256122,-706.294006913318));
#5949=CARTESIAN_POINT('',(1296.60988492279,-5.53820427256122,-1316.29400691332));
#5950=CARTESIAN_POINT('',(2496.60988492279,-5.53820427264179,-706.294006913318));
#5951=CARTESIAN_POINT('',(1296.60988492279,-5.53820427264179,-706.294006913318));
#5952=CARTESIAN_POINT('',(2496.60988492279,-5.53820427264646,-747.294006913318));
#5953=CARTESIAN_POINT('',(2496.60988492279,-5.53820427264179,-706.294006913318));
#5954=CARTESIAN_POINT('',(1296.60988492279,-5.53820427264646,-747.294006913318));
#5955=CARTESIAN_POINT('',(2496.60988492279,-5.53820427264646,-747.294006913318));
#5956=CARTESIAN_POINT('',(1296.60988492279,-5.53820427256122,-765.294006913318));
#5957=CARTESIAN_POINT('',(1296.60988492279,-5.53820427256122,-1316.29400691332));
#5958=CARTESIAN_POINT('',(2496.60988492279,-5.53820427264852,-765.294006913318));
#5959=CARTESIAN_POINT('',(1296.60988492279,-5.53820427264852,-765.294006913318));
#5960=CARTESIAN_POINT('',(2496.60988492279,-5.53820427264852,-765.294006913318));
#5961=CARTESIAN_POINT('Origin',(1296.60988492279,-5.53820427256122,-1316.29400691332));
#5962=CARTESIAN_POINT('',(1296.60988492279,4.46179572743878,-1316.29400691332));
#5963=CARTESIAN_POINT('',(1296.60988492279,4.46179572743878,-706.287866140639));
#5964=CARTESIAN_POINT('',(1296.60988492279,4.46179572743878,-1316.29400691332));
#5965=CARTESIAN_POINT('',(1296.60988492279,-35.5382042727113,-1316.29400691331));
#5966=CARTESIAN_POINT('',(1296.60988492279,-5.53820427256122,-1316.29400691332));
#5967=CARTESIAN_POINT('',(1296.60988492279,-35.5382042727055,-1265.29400691331));
#5968=CARTESIAN_POINT('',(1296.60988492279,-35.5382042727113,-1316.29400691331));
#5969=CARTESIAN_POINT('',(1296.60988492279,-35.5382042727055,-1265.29400691331));
#5970=CARTESIAN_POINT('',(1296.60988492279,-35.5382042727037,-1247.29400691331));
#5971=CARTESIAN_POINT('',(1296.60988492279,-35.5382042727037,-1247.29400691331));
#5972=CARTESIAN_POINT('',(1296.60988492279,-35.5382042726943,-1165.29400691331));
#5973=CARTESIAN_POINT('',(1296.60988492279,-35.5382042727037,-1247.29400691331));
#5974=CARTESIAN_POINT('',(1296.60988492279,-35.5382042726943,-1165.29400691331));
#5975=CARTESIAN_POINT('',(1296.60988492279,-35.5382042726922,-1147.29400691331));
#5976=CARTESIAN_POINT('',(1296.60988492279,-35.5382042726922,-1147.29400691331));
#5977=CARTESIAN_POINT('',(1296.60988492279,-35.5382042726828,-1065.29400691331));
#5978=CARTESIAN_POINT('',(1296.60988492279,-35.5382042726922,-1147.29400691331));
#5979=CARTESIAN_POINT('',(1296.60988492279,-35.5382042726828,-1065.29400691331));
#5980=CARTESIAN_POINT('',(1296.60988492279,-35.5382042726808,-1047.29400691331));
#5981=CARTESIAN_POINT('',(1296.60988492279,-35.5382042726808,-1047.29400691331));
#5982=CARTESIAN_POINT('',(1296.60988492279,-35.5382042726714,-965.294006913315));
#5983=CARTESIAN_POINT('',(1296.60988492279,-35.5382042726808,-1047.29400691331));
#5984=CARTESIAN_POINT('',(1296.60988492279,-35.5382042726714,-965.294006913315));
#5985=CARTESIAN_POINT('',(1296.60988492279,-35.5382042726693,-947.294006913315));
#5986=CARTESIAN_POINT('',(1296.60988492279,-35.5382042726693,-947.294006913315));
#5987=CARTESIAN_POINT('',(1296.60988492279,-35.5382042726599,-865.294006913315));
#5988=CARTESIAN_POINT('',(1296.60988492279,-35.5382042726693,-947.294006913315));
#5989=CARTESIAN_POINT('',(1296.60988492279,-35.5382042726599,-865.294006913315));
#5990=CARTESIAN_POINT('',(1296.60988492279,-35.5382042726578,-847.294006913315));
#5991=CARTESIAN_POINT('',(1296.60988492279,-35.5382042726578,-847.294006913315));
#5992=CARTESIAN_POINT('',(1296.60988492279,-35.5382042726485,-765.294006913315));
#5993=CARTESIAN_POINT('',(1296.60988492279,-35.5382042726578,-847.294006913315));
#5994=CARTESIAN_POINT('',(1296.60988492279,-35.5382042726485,-765.294006913315));
#5995=CARTESIAN_POINT('',(1296.60988492279,-35.5382042726463,-747.294006913315));
#5996=CARTESIAN_POINT('',(1296.60988492279,-35.5382042726463,-747.294006913315));
#5997=CARTESIAN_POINT('',(1296.60988492279,-35.5382042726417,-706.294006913315));
#5998=CARTESIAN_POINT('',(1296.60988492279,-35.5382042726463,-747.294006913315));
#5999=CARTESIAN_POINT('',(1296.60988492279,-35.5382042726417,-706.294006913315));
#6000=CARTESIAN_POINT('',(1296.60988492279,-5.53820427256122,-706.287866140639));
#6001=CARTESIAN_POINT('Origin',(2496.6100814296,-5.53820427256122,-1316.29400691332));
#6002=CARTESIAN_POINT('',(2496.6100814296,4.46179572743878,-1316.29400691332));
#6003=CARTESIAN_POINT('',(2496.6100814296,4.46179572743878,-1316.29400691332));
#6004=CARTESIAN_POINT('',(2496.6100814296,-5.53820427256122,-1316.29400691332));
#6005=CARTESIAN_POINT('',(2496.60988492279,-35.5382042727113,-1316.29400691331));
#6006=CARTESIAN_POINT('',(2496.60988492279,-35.5382042727113,-1316.29400691331));
#6007=CARTESIAN_POINT('',(2496.60988492279,-35.5382042727113,-1316.29400691331));
#6008=CARTESIAN_POINT('Origin',(2496.6100814296,-5.53820427256122,-706.287866140639));
#6009=CARTESIAN_POINT('',(2496.6100814296,4.46179572743878,-706.287866140639));
#6010=CARTESIAN_POINT('',(2496.6100814296,4.46179572743878,-706.287866140639));
#6011=CARTESIAN_POINT('',(2496.6100814296,-5.53820427256122,-706.287866140639));
#6012=CARTESIAN_POINT('Origin',(1296.60988492279,-5.53820427256122,-706.287866140639));
#6013=CARTESIAN_POINT('',(1296.60988492279,4.46179572743878,-706.287866140639));
#6014=CARTESIAN_POINT('Origin',(0.,4.46179572743878,0.));
#6015=CARTESIAN_POINT('Origin',(1296.60988492279,-35.5382042727055,-1265.29400691331));
#6016=CARTESIAN_POINT('',(2496.60988492279,-35.5382042727055,-1265.29400691331));
#6017=CARTESIAN_POINT('',(1296.60988492279,-35.5382042727055,-1265.29400691331));
#6018=CARTESIAN_POINT('',(2496.60988492279,-35.5382042727055,-1265.29400691331));
#6019=CARTESIAN_POINT('Origin',(2496.60988492279,-35.5382042727055,-1265.29400691331));
#6020=CARTESIAN_POINT('',(2496.60988492279,-35.5382042727055,-1265.29400691331));
#6021=CARTESIAN_POINT('Origin',(0.,-35.5382042725611,4.05364487102173E-12));
#6022=CARTESIAN_POINT('Origin',(2496.60988492279,-35.5382042726693,-947.294006913315));
#6023=CARTESIAN_POINT('',(2496.60988492279,-35.5382042726693,-947.294006913315));
#6024=CARTESIAN_POINT('',(2496.60988492279,-35.5382042726693,-947.294006913315));
#6025=CARTESIAN_POINT('',(2496.60988492279,-35.5382042726693,-947.294006913315));
#6026=CARTESIAN_POINT('Origin',(2496.60988492279,-35.5382042726599,-865.294006913315));
#6027=CARTESIAN_POINT('',(2496.60988492279,-35.5382042726599,-865.294006913315));
#6028=CARTESIAN_POINT('',(2496.60988492279,-35.5382042726599,-865.294006913315));
#6029=CARTESIAN_POINT('',(2496.60988492279,-35.5382042726599,-865.294006913315));
#6030=CARTESIAN_POINT('Origin',(1296.60988492279,-35.5382042726599,-865.294006913315));
#6031=CARTESIAN_POINT('',(1296.60988492279,-35.5382042726599,-865.294006913315));
#6032=CARTESIAN_POINT('Origin',(0.,-35.5382042725612,4.05365635745522E-12));
#6033=CARTESIAN_POINT('Origin',(2496.60988492279,-35.5382042727037,-1247.29400691331));
#6034=CARTESIAN_POINT('',(2496.60988492279,-35.5382042727037,-1247.29400691331));
#6035=CARTESIAN_POINT('',(2496.60988492279,-35.5382042727037,-1247.29400691331));
#6036=CARTESIAN_POINT('',(2496.60988492279,-35.5382042727037,-1247.29400691331));
#6037=CARTESIAN_POINT('Origin',(2496.60988492279,-35.5382042726943,-1165.29400691331));
#6038=CARTESIAN_POINT('',(2496.60988492279,-35.5382042726943,-1165.29400691331));
#6039=CARTESIAN_POINT('',(2496.60988492279,-35.5382042726943,-1165.29400691331));
#6040=CARTESIAN_POINT('',(2496.60988492279,-35.5382042726943,-1165.29400691331));
#6041=CARTESIAN_POINT('Origin',(1296.60988492279,-35.5382042726943,-1165.29400691331));
#6042=CARTESIAN_POINT('',(1296.60988492279,-35.5382042726943,-1165.29400691331));
#6043=CARTESIAN_POINT('Origin',(0.,-35.5382042725614,4.05365635745524E-12));
#6044=CARTESIAN_POINT('Origin',(2496.60988492279,-35.5382042726463,-747.294006913315));
#6045=CARTESIAN_POINT('',(2496.60988492279,-35.5382042726463,-747.294006913315));
#6046=CARTESIAN_POINT('',(2496.60988492279,-35.5382042726463,-747.294006913315));
#6047=CARTESIAN_POINT('',(2496.60988492279,-35.5382042726463,-747.294006913315));
#6048=CARTESIAN_POINT('Origin',(2496.60988492279,-35.5382042726417,-706.294006913315));
#6049=CARTESIAN_POINT('',(2496.60988492279,-35.5382042726417,-706.294006913315));
#6050=CARTESIAN_POINT('',(2496.60988492279,-35.5382042726417,-706.294006913315));
#6051=CARTESIAN_POINT('',(2496.60988492279,-35.5382042726417,-706.294006913315));
#6052=CARTESIAN_POINT('Origin',(1296.60988492279,-35.5382042726417,-706.294006913315));
#6053=CARTESIAN_POINT('',(1296.60988492279,-35.5382042726417,-706.294006913315));
#6054=CARTESIAN_POINT('Origin',(0.,-35.5382042725611,4.05353919583367E-12));
#6055=CARTESIAN_POINT('Origin',(2496.60988492279,-35.5382042726922,-1147.29400691331));
#6056=CARTESIAN_POINT('',(2496.60988492279,-35.5382042726922,-1147.29400691331));
#6057=CARTESIAN_POINT('',(2496.60988492279,-35.5382042726922,-1147.29400691331));
#6058=CARTESIAN_POINT('',(2496.60988492279,-35.5382042726922,-1147.29400691331));
#6059=CARTESIAN_POINT('Origin',(2496.60988492279,-35.5382042726828,-1065.29400691331));
#6060=CARTESIAN_POINT('',(2496.60988492279,-35.5382042726828,-1065.29400691331));
#6061=CARTESIAN_POINT('',(2496.60988492279,-35.5382042726828,-1065.29400691331));
#6062=CARTESIAN_POINT('',(2496.60988492279,-35.5382042726828,-1065.29400691331));
#6063=CARTESIAN_POINT('Origin',(1296.60988492279,-35.5382042726828,-1065.29400691331));
#6064=CARTESIAN_POINT('',(1296.60988492279,-35.5382042726828,-1065.29400691331));
#6065=CARTESIAN_POINT('Origin',(0.,-35.5382042725613,4.05365635745523E-12));
#6066=CARTESIAN_POINT('Origin',(2496.60988492279,-35.5382042726808,-1047.29400691331));
#6067=CARTESIAN_POINT('',(2496.60988492279,-35.5382042726808,-1047.29400691331));
#6068=CARTESIAN_POINT('',(2496.60988492279,-35.5382042726808,-1047.29400691331));
#6069=CARTESIAN_POINT('',(2496.60988492279,-35.5382042726808,-1047.29400691331));
#6070=CARTESIAN_POINT('Origin',(2496.60988492279,-35.5382042726714,-965.294006913315));
#6071=CARTESIAN_POINT('',(2496.60988492279,-35.5382042726714,-965.294006913315));
#6072=CARTESIAN_POINT('',(2496.60988492279,-35.5382042726714,-965.294006913315));
#6073=CARTESIAN_POINT('',(2496.60988492279,-35.5382042726714,-965.294006913315));
#6074=CARTESIAN_POINT('Origin',(1296.60988492279,-35.5382042726714,-965.294006913315));
#6075=CARTESIAN_POINT('',(1296.60988492279,-35.5382042726714,-965.294006913315));
#6076=CARTESIAN_POINT('Origin',(0.,-35.5382042725613,4.05359777664449E-12));
#6077=CARTESIAN_POINT('Origin',(2496.60988492279,-35.5382042726578,-847.294006913315));
#6078=CARTESIAN_POINT('',(2496.60988492279,-35.5382042726578,-847.294006913315));
#6079=CARTESIAN_POINT('',(2496.60988492279,-35.5382042726578,-847.294006913315));
#6080=CARTESIAN_POINT('',(2496.60988492279,-35.5382042726578,-847.294006913315));
#6081=CARTESIAN_POINT('Origin',(2496.60988492279,-35.5382042726485,-765.294006913315));
#6082=CARTESIAN_POINT('',(2496.60988492279,-35.5382042726485,-765.294006913315));
#6083=CARTESIAN_POINT('',(2496.60988492279,-35.5382042726485,-765.294006913315));
#6084=CARTESIAN_POINT('',(2496.60988492279,-35.5382042726485,-765.294006913315));
#6085=CARTESIAN_POINT('Origin',(1296.60988492279,-35.5382042726485,-765.294006913315));
#6086=CARTESIAN_POINT('',(1296.60988492279,-35.5382042726485,-765.294006913315));
#6087=CARTESIAN_POINT('Origin',(0.,-35.5382042725612,4.05365635745522E-12));
#6088=CARTESIAN_POINT('',(0.,0.,0.));
#6089=CARTESIAN_POINT('Origin',(88.718766438017,1251.07716049961,18.5));
#6090=CARTESIAN_POINT('',(82.118766438017,1251.07716049961,18.5));
#6091=CARTESIAN_POINT('Origin',(88.718766438017,1251.07716049961,18.5));
#6092=CARTESIAN_POINT('',(82.118766438017,1251.07716049961,30.));
#6093=CARTESIAN_POINT('',(82.118766438017,1251.07716049961,18.5));
#6094=CARTESIAN_POINT('Origin',(88.718766438017,1251.07716049961,30.));
#6095=CARTESIAN_POINT('Origin',(88.718766438017,1171.07716049961,18.5));
#6096=CARTESIAN_POINT('',(82.118766438017,1171.07716049961,18.5));
#6097=CARTESIAN_POINT('Origin',(88.718766438017,1171.07716049961,18.5));
#6098=CARTESIAN_POINT('',(82.118766438017,1171.07716049961,30.));
#6099=CARTESIAN_POINT('',(82.118766438017,1171.07716049961,18.5));
#6100=CARTESIAN_POINT('Origin',(88.718766438017,1171.07716049961,30.));
#6101=CARTESIAN_POINT('Origin',(248.718766438017,1091.07716049961,18.5));
#6102=CARTESIAN_POINT('',(242.118766438017,1091.07716049961,18.5));
#6103=CARTESIAN_POINT('Origin',(248.718766438017,1091.07716049961,18.5));
#6104=CARTESIAN_POINT('',(242.118766438017,1091.07716049961,30.));
#6105=CARTESIAN_POINT('',(242.118766438017,1091.07716049961,18.5));
#6106=CARTESIAN_POINT('Origin',(248.718766438017,1091.07716049961,30.));
#6107=CARTESIAN_POINT('Origin',(248.718766438017,1171.07716049961,18.5));
#6108=CARTESIAN_POINT('',(242.118766438017,1171.07716049961,18.5));
#6109=CARTESIAN_POINT('Origin',(248.718766438017,1171.07716049961,18.5));
#6110=CARTESIAN_POINT('',(242.118766438017,1171.07716049961,30.));
#6111=CARTESIAN_POINT('',(242.118766438017,1171.07716049961,18.5));
#6112=CARTESIAN_POINT('Origin',(248.718766438017,1171.07716049961,30.));
#6113=CARTESIAN_POINT('Origin',(248.718766438017,1251.07716049961,18.5));
#6114=CARTESIAN_POINT('',(242.118766438017,1251.07716049961,18.5));
#6115=CARTESIAN_POINT('Origin',(248.718766438017,1251.07716049961,18.5));
#6116=CARTESIAN_POINT('',(242.118766438017,1251.07716049961,30.));
#6117=CARTESIAN_POINT('',(242.118766438017,1251.07716049961,18.5));
#6118=CARTESIAN_POINT('Origin',(248.718766438017,1251.07716049961,30.));
#6119=CARTESIAN_POINT('Origin',(88.718766438017,1091.07716049961,18.5));
#6120=CARTESIAN_POINT('',(82.118766438017,1091.07716049961,18.5));
#6121=CARTESIAN_POINT('Origin',(88.718766438017,1091.07716049961,18.5));
#6122=CARTESIAN_POINT('',(82.118766438017,1091.07716049961,30.));
#6123=CARTESIAN_POINT('',(82.118766438017,1091.07716049961,18.5));
#6124=CARTESIAN_POINT('Origin',(88.718766438017,1091.07716049961,30.));
#6125=CARTESIAN_POINT('Origin',(168.718766438017,1091.07716049961,18.5));
#6126=CARTESIAN_POINT('',(162.118766438017,1091.07716049961,18.5));
#6127=CARTESIAN_POINT('Origin',(168.718766438017,1091.07716049961,18.5));
#6128=CARTESIAN_POINT('',(162.118766438017,1091.07716049961,30.));
#6129=CARTESIAN_POINT('',(162.118766438017,1091.07716049961,18.5));
#6130=CARTESIAN_POINT('Origin',(168.718766438017,1091.07716049961,30.));
#6131=CARTESIAN_POINT('Origin',(168.718766438017,1171.07716049961,18.5));
#6132=CARTESIAN_POINT('',(162.118766438017,1171.07716049961,18.5));
#6133=CARTESIAN_POINT('Origin',(168.718766438017,1171.07716049961,18.5));
#6134=CARTESIAN_POINT('',(162.118766438017,1171.07716049961,30.));
#6135=CARTESIAN_POINT('',(162.118766438017,1171.07716049961,18.5));
#6136=CARTESIAN_POINT('Origin',(168.718766438017,1171.07716049961,30.));
#6137=CARTESIAN_POINT('Origin',(168.718766438017,1251.07716049961,18.5));
#6138=CARTESIAN_POINT('',(162.118766438017,1251.07716049961,18.5));
#6139=CARTESIAN_POINT('Origin',(168.718766438017,1251.07716049961,18.5));
#6140=CARTESIAN_POINT('',(162.118766438017,1251.07716049961,30.));
#6141=CARTESIAN_POINT('',(162.118766438017,1251.07716049961,18.5));
#6142=CARTESIAN_POINT('Origin',(168.718766438017,1251.07716049961,30.));
#6143=CARTESIAN_POINT('Origin',(328.718766438017,1251.07716049961,18.5));
#6144=CARTESIAN_POINT('',(322.118766438017,1251.07716049961,18.5));
#6145=CARTESIAN_POINT('Origin',(328.718766438017,1251.07716049961,18.5));
#6146=CARTESIAN_POINT('',(322.118766438017,1251.07716049961,30.));
#6147=CARTESIAN_POINT('',(322.118766438017,1251.07716049961,18.5));
#6148=CARTESIAN_POINT('Origin',(328.718766438017,1251.07716049961,30.));
#6149=CARTESIAN_POINT('Origin',(328.718766438017,1171.07716049961,18.5));
#6150=CARTESIAN_POINT('',(322.118766438017,1171.07716049961,18.5));
#6151=CARTESIAN_POINT('Origin',(328.718766438017,1171.07716049961,18.5));
#6152=CARTESIAN_POINT('',(322.118766438017,1171.07716049961,30.));
#6153=CARTESIAN_POINT('',(322.118766438017,1171.07716049961,18.5));
#6154=CARTESIAN_POINT('Origin',(328.718766438017,1171.07716049961,30.));
#6155=CARTESIAN_POINT('Origin',(328.718766438017,1091.07716049961,18.5));
#6156=CARTESIAN_POINT('',(322.118766438017,1091.07716049961,18.5));
#6157=CARTESIAN_POINT('Origin',(328.718766438017,1091.07716049961,18.5));
#6158=CARTESIAN_POINT('',(322.118766438017,1091.07716049961,30.));
#6159=CARTESIAN_POINT('',(322.118766438017,1091.07716049961,18.5));
#6160=CARTESIAN_POINT('Origin',(328.718766438017,1091.07716049961,30.));
#6161=CARTESIAN_POINT('Origin',(8.718766438017,1091.07716049961,18.5));
#6162=CARTESIAN_POINT('',(2.11876643801698,1091.07716049961,18.5));
#6163=CARTESIAN_POINT('Origin',(8.718766438017,1091.07716049961,18.5));
#6164=CARTESIAN_POINT('',(2.11876643801698,1091.07716049961,30.));
#6165=CARTESIAN_POINT('',(2.11876643801698,1091.07716049961,18.5));
#6166=CARTESIAN_POINT('Origin',(8.718766438017,1091.07716049961,30.));
#6167=CARTESIAN_POINT('Origin',(-71.281233561983,1091.07716049961,18.5));
#6168=CARTESIAN_POINT('',(-77.881233561983,1091.07716049961,18.5));
#6169=CARTESIAN_POINT('Origin',(-71.281233561983,1091.07716049961,18.5));
#6170=CARTESIAN_POINT('',(-77.881233561983,1091.07716049961,30.));
#6171=CARTESIAN_POINT('',(-77.881233561983,1091.07716049961,18.5));
#6172=CARTESIAN_POINT('Origin',(-71.281233561983,1091.07716049961,30.));
#6173=CARTESIAN_POINT('Origin',(-71.281233561983,1171.07716049961,18.5));
#6174=CARTESIAN_POINT('',(-77.881233561983,1171.07716049961,18.5));
#6175=CARTESIAN_POINT('Origin',(-71.281233561983,1171.07716049961,18.5));
#6176=CARTESIAN_POINT('',(-77.881233561983,1171.07716049961,30.));
#6177=CARTESIAN_POINT('',(-77.881233561983,1171.07716049961,18.5));
#6178=CARTESIAN_POINT('Origin',(-71.281233561983,1171.07716049961,30.));
#6179=CARTESIAN_POINT('Origin',(-71.281233561983,1251.07716049961,18.5));
#6180=CARTESIAN_POINT('',(-77.881233561983,1251.07716049961,18.5));
#6181=CARTESIAN_POINT('Origin',(-71.281233561983,1251.07716049961,18.5));
#6182=CARTESIAN_POINT('',(-77.881233561983,1251.07716049961,30.));
#6183=CARTESIAN_POINT('',(-77.881233561983,1251.07716049961,18.5));
#6184=CARTESIAN_POINT('Origin',(-71.281233561983,1251.07716049961,30.));
#6185=CARTESIAN_POINT('Origin',(8.71876643801703,1251.07716049961,18.5));
#6186=CARTESIAN_POINT('',(2.118766438017,1251.07716049961,18.5));
#6187=CARTESIAN_POINT('Origin',(8.71876643801703,1251.07716049961,18.5));
#6188=CARTESIAN_POINT('',(2.118766438017,1251.07716049961,30.));
#6189=CARTESIAN_POINT('',(2.118766438017,1251.07716049961,18.5));
#6190=CARTESIAN_POINT('Origin',(8.71876643801703,1251.07716049961,30.));
#6191=CARTESIAN_POINT('Origin',(8.71876643801703,1171.07716049961,18.5));
#6192=CARTESIAN_POINT('',(2.118766438017,1171.07716049961,18.5));
#6193=CARTESIAN_POINT('Origin',(8.71876643801703,1171.07716049961,18.5));
#6194=CARTESIAN_POINT('',(2.118766438017,1171.07716049961,30.));
#6195=CARTESIAN_POINT('',(2.118766438017,1171.07716049961,18.5));
#6196=CARTESIAN_POINT('Origin',(8.71876643801703,1171.07716049961,30.));
#6197=CARTESIAN_POINT('Origin',(-151.281233561983,1091.07716049961,18.5));
#6198=CARTESIAN_POINT('',(-157.881233561983,1091.07716049961,18.5));
#6199=CARTESIAN_POINT('Origin',(-151.281233561983,1091.07716049961,18.5));
#6200=CARTESIAN_POINT('',(-157.881233561983,1091.07716049961,30.));
#6201=CARTESIAN_POINT('',(-157.881233561983,1091.07716049961,18.5));
#6202=CARTESIAN_POINT('Origin',(-151.281233561983,1091.07716049961,30.));
#6203=CARTESIAN_POINT('Origin',(-151.281233561983,1171.07716049961,18.5));
#6204=CARTESIAN_POINT('',(-157.881233561983,1171.07716049961,18.5));
#6205=CARTESIAN_POINT('Origin',(-151.281233561983,1171.07716049961,18.5));
#6206=CARTESIAN_POINT('',(-157.881233561983,1171.07716049961,30.));
#6207=CARTESIAN_POINT('',(-157.881233561983,1171.07716049961,18.5));
#6208=CARTESIAN_POINT('Origin',(-151.281233561983,1171.07716049961,30.));
#6209=CARTESIAN_POINT('Origin',(-151.281233561983,1251.07716049961,18.5));
#6210=CARTESIAN_POINT('',(-157.881233561983,1251.07716049961,18.5));
#6211=CARTESIAN_POINT('Origin',(-151.281233561983,1251.07716049961,18.5));
#6212=CARTESIAN_POINT('',(-157.881233561983,1251.07716049961,30.));
#6213=CARTESIAN_POINT('',(-157.881233561983,1251.07716049961,18.5));
#6214=CARTESIAN_POINT('Origin',(-151.281233561983,1251.07716049961,30.));
#6215=CARTESIAN_POINT('Origin',(-273.281233561985,1191.07469125216,31.));
#6216=CARTESIAN_POINT('',(-266.281233561985,1191.07469125216,30.));
#6217=CARTESIAN_POINT('Origin',(-273.281233561985,1191.07469125216,30.));
#6218=CARTESIAN_POINT('',(-266.281233561985,1191.07469125216,0.));
#6219=CARTESIAN_POINT('',(-266.281233561985,1191.07469125216,31.));
#6220=CARTESIAN_POINT('Origin',(-273.281233561985,1191.07469125216,0.));
#6221=CARTESIAN_POINT('Origin',(450.718766438014,1191.07469125216,31.));
#6222=CARTESIAN_POINT('',(457.718766438014,1191.07469125216,30.));
#6223=CARTESIAN_POINT('Origin',(450.718766438014,1191.07469125216,30.));
#6224=CARTESIAN_POINT('',(457.718766438014,1191.07469125216,0.));
#6225=CARTESIAN_POINT('',(457.718766438014,1191.07469125216,31.));
#6226=CARTESIAN_POINT('Origin',(450.718766438014,1191.07469125216,0.));
#6227=CARTESIAN_POINT('Origin',(450.718766438014,891.079629747077,31.));
#6228=CARTESIAN_POINT('',(457.718766438014,891.079629747077,30.));
#6229=CARTESIAN_POINT('Origin',(450.718766438014,891.079629747077,30.));
#6230=CARTESIAN_POINT('',(457.718766438014,891.079629747077,0.));
#6231=CARTESIAN_POINT('',(457.718766438014,891.079629747077,31.));
#6232=CARTESIAN_POINT('Origin',(450.718766438014,891.079629747077,0.));
#6233=CARTESIAN_POINT('Origin',(-273.281233561985,891.079629747077,31.));
#6234=CARTESIAN_POINT('',(-266.281233561985,891.079629747077,30.));
#6235=CARTESIAN_POINT('Origin',(-273.281233561985,891.079629747077,30.));
#6236=CARTESIAN_POINT('',(-266.281233561985,891.079629747077,0.));
#6237=CARTESIAN_POINT('',(-266.281233561985,891.079629747077,31.));
#6238=CARTESIAN_POINT('Origin',(-273.281233561985,891.079629747077,0.));
#6239=CARTESIAN_POINT('Origin',(275.718766444821,1102.37716302334,20.));
#6240=CARTESIAN_POINT('',(270.518766438189,1102.37716302334,20.));
#6241=CARTESIAN_POINT('Origin',(275.718766444821,1102.37716302334,20.));
#6242=CARTESIAN_POINT('',(270.518766438189,1102.37716302334,30.));
#6243=CARTESIAN_POINT('',(270.518766438189,1102.37716302334,20.));
#6244=CARTESIAN_POINT('Origin',(275.718766444821,1102.37716302334,30.));
#6245=CARTESIAN_POINT('Origin',(275.718766444821,1128.37716302334,20.));
#6246=CARTESIAN_POINT('',(270.518766438189,1128.37716302334,20.));
#6247=CARTESIAN_POINT('Origin',(275.718766444821,1128.37716302334,20.));
#6248=CARTESIAN_POINT('',(270.518766438189,1128.37716302334,30.));
#6249=CARTESIAN_POINT('',(270.518766438189,1128.37716302334,20.));
#6250=CARTESIAN_POINT('Origin',(275.718766444821,1128.37716302334,30.));
#6251=CARTESIAN_POINT('Origin',(301.718766444821,1128.37716302334,20.));
#6252=CARTESIAN_POINT('',(296.518766438189,1128.37716302334,20.));
#6253=CARTESIAN_POINT('Origin',(301.718766444821,1128.37716302334,20.));
#6254=CARTESIAN_POINT('',(296.518766438189,1128.37716302334,30.));
#6255=CARTESIAN_POINT('',(296.518766438189,1128.37716302334,20.));
#6256=CARTESIAN_POINT('Origin',(301.718766444821,1128.37716302334,30.));
#6257=CARTESIAN_POINT('Origin',(301.718766444821,1102.37716302334,20.));
#6258=CARTESIAN_POINT('',(296.518766438189,1102.37716302334,20.));
#6259=CARTESIAN_POINT('Origin',(301.718766444821,1102.37716302334,20.));
#6260=CARTESIAN_POINT('',(296.518766438189,1102.37716302334,30.));
#6261=CARTESIAN_POINT('',(296.518766438189,1102.37716302334,20.));
#6262=CARTESIAN_POINT('Origin',(301.718766444821,1102.37716302334,30.));
#6263=CARTESIAN_POINT('Origin',(-98.2812335687925,1102.37716302334,20.));
#6264=CARTESIAN_POINT('',(-103.481233575425,1102.37716302334,20.));
#6265=CARTESIAN_POINT('Origin',(-98.2812335687925,1102.37716302334,20.));
#6266=CARTESIAN_POINT('',(-103.481233575425,1102.37716302334,30.));
#6267=CARTESIAN_POINT('',(-103.481233575425,1102.37716302334,20.));
#6268=CARTESIAN_POINT('Origin',(-98.2812335687925,1102.37716302334,30.));
#6269=CARTESIAN_POINT('Origin',(-98.2812335687927,1128.37716302334,20.));
#6270=CARTESIAN_POINT('',(-103.481233575425,1128.37716302334,20.));
#6271=CARTESIAN_POINT('Origin',(-98.2812335687927,1128.37716302334,20.));
#6272=CARTESIAN_POINT('',(-103.481233575425,1128.37716302334,30.));
#6273=CARTESIAN_POINT('',(-103.481233575425,1128.37716302334,20.));
#6274=CARTESIAN_POINT('Origin',(-98.2812335687927,1128.37716302334,30.));
#6275=CARTESIAN_POINT('Origin',(-124.281233568793,1128.37716302334,20.));
#6276=CARTESIAN_POINT('',(-129.481233575425,1128.37716302334,20.));
#6277=CARTESIAN_POINT('Origin',(-124.281233568793,1128.37716302334,20.));
#6278=CARTESIAN_POINT('',(-129.481233575425,1128.37716302334,30.));
#6279=CARTESIAN_POINT('',(-129.481233575425,1128.37716302334,20.));
#6280=CARTESIAN_POINT('Origin',(-124.281233568793,1128.37716302334,30.));
#6281=CARTESIAN_POINT('Origin',(-124.281233568792,1102.37716302334,20.));
#6282=CARTESIAN_POINT('',(-129.481233575425,1102.37716302334,20.));
#6283=CARTESIAN_POINT('Origin',(-124.281233568792,1102.37716302334,20.));
#6284=CARTESIAN_POINT('',(-129.481233575425,1102.37716302334,30.));
#6285=CARTESIAN_POINT('',(-129.481233575425,1102.37716302334,20.));
#6286=CARTESIAN_POINT('Origin',(-124.281233568792,1102.37716302334,30.));
#6287=CARTESIAN_POINT('Origin',(-71.2812335619829,1011.07716049961,49.9999999999995));
#6288=CARTESIAN_POINT('',(-67.881233561983,1011.07716049961,30.));
#6289=CARTESIAN_POINT('Origin',(-71.2812335619829,1011.07716049961,30.));
#6290=CARTESIAN_POINT('',(-67.881233561983,1011.07716049961,0.));
#6291=CARTESIAN_POINT('',(-67.881233561983,1011.07716049961,49.9999999999995));
#6292=CARTESIAN_POINT('Origin',(-71.2812335619829,1011.07716049961,0.));
#6293=CARTESIAN_POINT('Origin',(-71.2812335619829,931.077160499613,49.9999999999995));
#6294=CARTESIAN_POINT('',(-67.881233561983,931.077160499613,30.));
#6295=CARTESIAN_POINT('Origin',(-71.2812335619829,931.077160499613,30.));
#6296=CARTESIAN_POINT('',(-67.881233561983,931.077160499613,0.));
#6297=CARTESIAN_POINT('',(-67.881233561983,931.077160499613,49.9999999999995));
#6298=CARTESIAN_POINT('Origin',(-71.2812335619829,931.077160499613,0.));
#6299=CARTESIAN_POINT('Origin',(-71.2812335619829,851.077160499613,49.9999999999995));
#6300=CARTESIAN_POINT('',(-67.881233561983,851.077160499613,30.));
#6301=CARTESIAN_POINT('Origin',(-71.2812335619829,851.077160499613,30.));
#6302=CARTESIAN_POINT('',(-67.881233561983,851.077160499613,0.));
#6303=CARTESIAN_POINT('',(-67.881233561983,851.077160499613,49.9999999999995));
#6304=CARTESIAN_POINT('Origin',(-71.2812335619829,851.077160499613,0.));
#6305=CARTESIAN_POINT('Origin',(-151.281233561983,1011.07716049961,49.9999999999995));
#6306=CARTESIAN_POINT('',(-147.881233561983,1011.07716049961,30.));
#6307=CARTESIAN_POINT('Origin',(-151.281233561983,1011.07716049961,30.));
#6308=CARTESIAN_POINT('',(-147.881233561983,1011.07716049961,0.));
#6309=CARTESIAN_POINT('',(-147.881233561983,1011.07716049961,49.9999999999995));
#6310=CARTESIAN_POINT('Origin',(-151.281233561983,1011.07716049961,0.));
#6311=CARTESIAN_POINT('Origin',(-231.281233561983,931.077160499613,49.9999999999995));
#6312=CARTESIAN_POINT('',(-227.881233561983,931.077160499613,30.));
#6313=CARTESIAN_POINT('Origin',(-231.281233561983,931.077160499613,30.));
#6314=CARTESIAN_POINT('',(-227.881233561983,931.077160499613,0.));
#6315=CARTESIAN_POINT('',(-227.881233561983,931.077160499613,49.9999999999995));
#6316=CARTESIAN_POINT('Origin',(-231.281233561983,931.077160499613,0.));
#6317=CARTESIAN_POINT('Origin',(-231.281233561983,1011.07716049961,49.9999999999995));
#6318=CARTESIAN_POINT('',(-227.881233561983,1011.07716049961,30.));
#6319=CARTESIAN_POINT('Origin',(-231.281233561983,1011.07716049961,30.));
#6320=CARTESIAN_POINT('',(-227.881233561983,1011.07716049961,0.));
#6321=CARTESIAN_POINT('',(-227.881233561983,1011.07716049961,49.9999999999995));
#6322=CARTESIAN_POINT('Origin',(-231.281233561983,1011.07716049961,0.));
#6323=CARTESIAN_POINT('Origin',(-231.281233561983,1091.07716049961,49.9999999999995));
#6324=CARTESIAN_POINT('',(-227.881233561983,1091.07716049961,30.));
#6325=CARTESIAN_POINT('Origin',(-231.281233561983,1091.07716049961,30.));
#6326=CARTESIAN_POINT('',(-227.881233561983,1091.07716049961,0.));
#6327=CARTESIAN_POINT('',(-227.881233561983,1091.07716049961,49.9999999999995));
#6328=CARTESIAN_POINT('Origin',(-231.281233561983,1091.07716049961,0.));
#6329=CARTESIAN_POINT('Origin',(-231.281233561983,1171.07716049961,49.9999999999995));
#6330=CARTESIAN_POINT('',(-227.881233561983,1171.07716049961,30.));
#6331=CARTESIAN_POINT('Origin',(-231.281233561983,1171.07716049961,30.));
#6332=CARTESIAN_POINT('',(-227.881233561983,1171.07716049961,0.));
#6333=CARTESIAN_POINT('',(-227.881233561983,1171.07716049961,49.9999999999995));
#6334=CARTESIAN_POINT('Origin',(-231.281233561983,1171.07716049961,0.));
#6335=CARTESIAN_POINT('Origin',(-151.281233561983,931.077160499613,49.9999999999995));
#6336=CARTESIAN_POINT('',(-147.881233561983,931.077160499613,30.));
#6337=CARTESIAN_POINT('Origin',(-151.281233561983,931.077160499613,30.));
#6338=CARTESIAN_POINT('',(-147.881233561983,931.077160499613,0.));
#6339=CARTESIAN_POINT('',(-147.881233561983,931.077160499613,49.9999999999995));
#6340=CARTESIAN_POINT('Origin',(-151.281233561983,931.077160499613,0.));
#6341=CARTESIAN_POINT('Origin',(-151.281233561983,851.077160499613,49.9999999999995));
#6342=CARTESIAN_POINT('',(-147.881233561983,851.077160499613,30.));
#6343=CARTESIAN_POINT('Origin',(-151.281233561983,851.077160499613,30.));
#6344=CARTESIAN_POINT('',(-147.881233561983,851.077160499613,0.));
#6345=CARTESIAN_POINT('',(-147.881233561983,851.077160499613,49.9999999999995));
#6346=CARTESIAN_POINT('Origin',(-151.281233561983,851.077160499613,0.));
#6347=CARTESIAN_POINT('Origin',(-231.281233561983,1251.07716049961,49.9999999999995));
#6348=CARTESIAN_POINT('',(-227.881233561983,1251.07716049961,30.));
#6349=CARTESIAN_POINT('Origin',(-231.281233561983,1251.07716049961,30.));
#6350=CARTESIAN_POINT('',(-227.881233561983,1251.07716049961,0.));
#6351=CARTESIAN_POINT('',(-227.881233561983,1251.07716049961,49.9999999999995));
#6352=CARTESIAN_POINT('Origin',(-231.281233561983,1251.07716049961,0.));
#6353=CARTESIAN_POINT('Origin',(8.71876643801709,851.077160499612,49.9999999999995));
#6354=CARTESIAN_POINT('',(12.118766438017,851.077160499612,30.));
#6355=CARTESIAN_POINT('Origin',(8.71876643801709,851.077160499612,30.));
#6356=CARTESIAN_POINT('',(12.118766438017,851.077160499612,0.));
#6357=CARTESIAN_POINT('',(12.118766438017,851.077160499612,49.9999999999995));
#6358=CARTESIAN_POINT('Origin',(8.71876643801709,851.077160499612,0.));
#6359=CARTESIAN_POINT('Origin',(8.71876643801708,931.077160499613,49.9999999999995));
#6360=CARTESIAN_POINT('',(12.118766438017,931.077160499613,30.));
#6361=CARTESIAN_POINT('Origin',(8.71876643801707,931.077160499613,30.));
#6362=CARTESIAN_POINT('',(12.118766438017,931.077160499613,0.));
#6363=CARTESIAN_POINT('',(12.118766438017,931.077160499613,49.9999999999995));
#6364=CARTESIAN_POINT('Origin',(8.71876643801707,931.077160499613,0.));
#6365=CARTESIAN_POINT('Origin',(8.71876643801706,1011.07716049961,49.9999999999995));
#6366=CARTESIAN_POINT('',(12.118766438017,1011.07716049961,30.));
#6367=CARTESIAN_POINT('Origin',(8.71876643801706,1011.07716049961,30.));
#6368=CARTESIAN_POINT('',(12.118766438017,1011.07716049961,0.));
#6369=CARTESIAN_POINT('',(12.118766438017,1011.07716049961,49.9999999999995));
#6370=CARTESIAN_POINT('Origin',(8.71876643801706,1011.07716049961,0.));
#6371=CARTESIAN_POINT('Origin',(-231.281233561983,851.077160499613,49.9999999999995));
#6372=CARTESIAN_POINT('',(-227.881233561983,851.077160499613,30.));
#6373=CARTESIAN_POINT('Origin',(-231.281233561983,851.077160499613,30.));
#6374=CARTESIAN_POINT('',(-227.881233561983,851.077160499613,0.));
#6375=CARTESIAN_POINT('',(-227.881233561983,851.077160499613,49.9999999999995));
#6376=CARTESIAN_POINT('Origin',(-231.281233561983,851.077160499613,0.));
#6377=CARTESIAN_POINT('Origin',(-311.281233561983,1251.07716049961,49.9999999999995));
#6378=CARTESIAN_POINT('',(-307.881233561983,1251.07716049961,30.));
#6379=CARTESIAN_POINT('Origin',(-311.281233561983,1251.07716049961,30.));
#6380=CARTESIAN_POINT('',(-307.881233561983,1251.07716049961,0.));
#6381=CARTESIAN_POINT('',(-307.881233561983,1251.07716049961,49.9999999999995));
#6382=CARTESIAN_POINT('Origin',(-311.281233561983,1251.07716049961,0.));
#6383=CARTESIAN_POINT('Origin',(-311.281233561983,1171.07716049961,49.9999999999995));
#6384=CARTESIAN_POINT('',(-307.881233561983,1171.07716049961,30.));
#6385=CARTESIAN_POINT('Origin',(-311.281233561983,1171.07716049961,30.));
#6386=CARTESIAN_POINT('',(-307.881233561983,1171.07716049961,0.));
#6387=CARTESIAN_POINT('',(-307.881233561983,1171.07716049961,49.9999999999995));
#6388=CARTESIAN_POINT('Origin',(-311.281233561983,1171.07716049961,0.));
#6389=CARTESIAN_POINT('Origin',(-311.281233561983,1091.07716049961,49.9999999999995));
#6390=CARTESIAN_POINT('',(-307.881233561983,1091.07716049961,30.));
#6391=CARTESIAN_POINT('Origin',(-311.281233561983,1091.07716049961,30.));
#6392=CARTESIAN_POINT('',(-307.881233561983,1091.07716049961,0.));
#6393=CARTESIAN_POINT('',(-307.881233561983,1091.07716049961,49.9999999999995));
#6394=CARTESIAN_POINT('Origin',(-311.281233561983,1091.07716049961,0.));
#6395=CARTESIAN_POINT('Origin',(-311.281233561983,1011.07716049961,49.9999999999995));
#6396=CARTESIAN_POINT('',(-307.881233561983,1011.07716049961,30.));
#6397=CARTESIAN_POINT('Origin',(-311.281233561983,1011.07716049961,30.));
#6398=CARTESIAN_POINT('',(-307.881233561983,1011.07716049961,0.));
#6399=CARTESIAN_POINT('',(-307.881233561983,1011.07716049961,49.9999999999995));
#6400=CARTESIAN_POINT('Origin',(-311.281233561983,1011.07716049961,0.));
#6401=CARTESIAN_POINT('Origin',(-311.281233561983,931.077160499613,49.9999999999995));
#6402=CARTESIAN_POINT('',(-307.881233561983,931.077160499613,30.));
#6403=CARTESIAN_POINT('Origin',(-311.281233561983,931.077160499613,30.));
#6404=CARTESIAN_POINT('',(-307.881233561983,931.077160499613,0.));
#6405=CARTESIAN_POINT('',(-307.881233561983,931.077160499613,49.9999999999995));
#6406=CARTESIAN_POINT('Origin',(-311.281233561983,931.077160499613,0.));
#6407=CARTESIAN_POINT('Origin',(-311.281233561983,851.077160499613,49.9999999999995));
#6408=CARTESIAN_POINT('',(-307.881233561983,851.077160499613,30.));
#6409=CARTESIAN_POINT('Origin',(-311.281233561983,851.077160499613,30.));
#6410=CARTESIAN_POINT('',(-307.881233561983,851.077160499613,0.));
#6411=CARTESIAN_POINT('',(-307.881233561983,851.077160499613,49.9999999999995));
#6412=CARTESIAN_POINT('Origin',(-311.281233561983,851.077160499613,0.));
#6413=CARTESIAN_POINT('Origin',(-391.281233561983,1091.07716049961,49.9999999999995));
#6414=CARTESIAN_POINT('',(-387.881233561983,1091.07716049961,30.));
#6415=CARTESIAN_POINT('Origin',(-391.281233561983,1091.07716049961,30.));
#6416=CARTESIAN_POINT('',(-387.881233561983,1091.07716049961,0.));
#6417=CARTESIAN_POINT('',(-387.881233561983,1091.07716049961,49.9999999999995));
#6418=CARTESIAN_POINT('Origin',(-391.281233561983,1091.07716049961,0.));
#6419=CARTESIAN_POINT('Origin',(-391.281233561983,1171.07716049961,49.9999999999995));
#6420=CARTESIAN_POINT('',(-387.881233561983,1171.07716049961,30.));
#6421=CARTESIAN_POINT('Origin',(-391.281233561983,1171.07716049961,30.));
#6422=CARTESIAN_POINT('',(-387.881233561983,1171.07716049961,0.));
#6423=CARTESIAN_POINT('',(-387.881233561983,1171.07716049961,49.9999999999995));
#6424=CARTESIAN_POINT('Origin',(-391.281233561983,1171.07716049961,0.));
#6425=CARTESIAN_POINT('Origin',(-391.281233561983,1251.07716049961,49.9999999999995));
#6426=CARTESIAN_POINT('',(-387.881233561983,1251.07716049961,30.));
#6427=CARTESIAN_POINT('Origin',(-391.281233561983,1251.07716049961,30.));
#6428=CARTESIAN_POINT('',(-387.881233561983,1251.07716049961,0.));
#6429=CARTESIAN_POINT('',(-387.881233561983,1251.07716049961,49.9999999999995));
#6430=CARTESIAN_POINT('Origin',(-391.281233561983,1251.07716049961,0.));
#6431=CARTESIAN_POINT('Origin',(-391.281233561983,1011.07716049961,49.9999999999995));
#6432=CARTESIAN_POINT('',(-387.881233561983,1011.07716049961,30.));
#6433=CARTESIAN_POINT('Origin',(-391.281233561983,1011.07716049961,30.));
#6434=CARTESIAN_POINT('',(-387.881233561983,1011.07716049961,0.));
#6435=CARTESIAN_POINT('',(-387.881233561983,1011.07716049961,49.9999999999995));
#6436=CARTESIAN_POINT('Origin',(-391.281233561983,1011.07716049961,0.));
#6437=CARTESIAN_POINT('Origin',(-391.281233561983,931.077160499613,49.9999999999995));
#6438=CARTESIAN_POINT('',(-387.881233561983,931.077160499613,30.));
#6439=CARTESIAN_POINT('Origin',(-391.281233561983,931.077160499613,30.));
#6440=CARTESIAN_POINT('',(-387.881233561983,931.077160499613,0.));
#6441=CARTESIAN_POINT('',(-387.881233561983,931.077160499613,49.9999999999995));
#6442=CARTESIAN_POINT('Origin',(-391.281233561983,931.077160499613,0.));
#6443=CARTESIAN_POINT('Origin',(-391.281233561983,851.077160499613,49.9999999999995));
#6444=CARTESIAN_POINT('',(-387.881233561983,851.077160499613,30.));
#6445=CARTESIAN_POINT('Origin',(-391.281233561983,851.077160499613,30.));
#6446=CARTESIAN_POINT('',(-387.881233561983,851.077160499613,0.));
#6447=CARTESIAN_POINT('',(-387.881233561983,851.077160499613,49.9999999999995));
#6448=CARTESIAN_POINT('Origin',(-391.281233561983,851.077160499613,0.));
#6449=CARTESIAN_POINT('Origin',(328.718766438012,931.077160499613,49.9999999999995));
#6450=CARTESIAN_POINT('',(332.118766438011,931.077160499613,30.));
#6451=CARTESIAN_POINT('Origin',(328.718766438012,931.077160499613,30.));
#6452=CARTESIAN_POINT('',(332.118766438011,931.077160499613,0.));
#6453=CARTESIAN_POINT('',(332.118766438011,931.077160499613,49.9999999999995));
#6454=CARTESIAN_POINT('Origin',(328.718766438012,931.077160499613,0.));
#6455=CARTESIAN_POINT('Origin',(328.718766438012,1011.07716049961,49.9999999999995));
#6456=CARTESIAN_POINT('',(332.118766438011,1011.07716049961,30.));
#6457=CARTESIAN_POINT('Origin',(328.718766438012,1011.07716049961,30.));
#6458=CARTESIAN_POINT('',(332.118766438011,1011.07716049961,0.));
#6459=CARTESIAN_POINT('',(332.118766438011,1011.07716049961,49.9999999999995));
#6460=CARTESIAN_POINT('Origin',(328.718766438012,1011.07716049961,0.));
#6461=CARTESIAN_POINT('Origin',(248.718766438012,931.077160499613,49.9999999999995));
#6462=CARTESIAN_POINT('',(252.118766438011,931.077160499613,30.));
#6463=CARTESIAN_POINT('Origin',(248.718766438012,931.077160499613,30.));
#6464=CARTESIAN_POINT('',(252.118766438011,931.077160499613,0.));
#6465=CARTESIAN_POINT('',(252.118766438011,931.077160499613,49.9999999999995));
#6466=CARTESIAN_POINT('Origin',(248.718766438012,931.077160499613,0.));
#6467=CARTESIAN_POINT('Origin',(248.718766438012,851.077160499613,49.9999999999995));
#6468=CARTESIAN_POINT('',(252.118766438011,851.077160499613,30.));
#6469=CARTESIAN_POINT('Origin',(248.718766438012,851.077160499613,30.));
#6470=CARTESIAN_POINT('',(252.118766438011,851.077160499613,0.));
#6471=CARTESIAN_POINT('',(252.118766438011,851.077160499613,49.9999999999995));
#6472=CARTESIAN_POINT('Origin',(248.718766438012,851.077160499613,0.));
#6473=CARTESIAN_POINT('Origin',(408.718766438012,851.077160499613,49.9999999999995));
#6474=CARTESIAN_POINT('',(412.118766438011,851.077160499613,30.));
#6475=CARTESIAN_POINT('Origin',(408.718766438012,851.077160499613,30.));
#6476=CARTESIAN_POINT('',(412.118766438011,851.077160499613,0.));
#6477=CARTESIAN_POINT('',(412.118766438011,851.077160499613,49.9999999999995));
#6478=CARTESIAN_POINT('Origin',(408.718766438012,851.077160499613,0.));
#6479=CARTESIAN_POINT('Origin',(408.718766438012,931.077160499613,49.9999999999995));
#6480=CARTESIAN_POINT('',(412.118766438011,931.077160499613,30.));
#6481=CARTESIAN_POINT('Origin',(408.718766438012,931.077160499613,30.));
#6482=CARTESIAN_POINT('',(412.118766438011,931.077160499613,0.));
#6483=CARTESIAN_POINT('',(412.118766438011,931.077160499613,49.9999999999995));
#6484=CARTESIAN_POINT('Origin',(408.718766438012,931.077160499613,0.));
#6485=CARTESIAN_POINT('Origin',(408.718766438012,1011.07716049961,49.9999999999995));
#6486=CARTESIAN_POINT('',(412.118766438011,1011.07716049961,30.));
#6487=CARTESIAN_POINT('Origin',(408.718766438012,1011.07716049961,30.));
#6488=CARTESIAN_POINT('',(412.118766438011,1011.07716049961,0.));
#6489=CARTESIAN_POINT('',(412.118766438011,1011.07716049961,49.9999999999995));
#6490=CARTESIAN_POINT('Origin',(408.718766438012,1011.07716049961,0.));
#6491=CARTESIAN_POINT('Origin',(408.718766438012,1091.07716049961,49.9999999999995));
#6492=CARTESIAN_POINT('',(412.118766438011,1091.07716049961,30.));
#6493=CARTESIAN_POINT('Origin',(408.718766438012,1091.07716049961,30.));
#6494=CARTESIAN_POINT('',(412.118766438011,1091.07716049961,0.));
#6495=CARTESIAN_POINT('',(412.118766438011,1091.07716049961,49.9999999999995));
#6496=CARTESIAN_POINT('Origin',(408.718766438012,1091.07716049961,0.));
#6497=CARTESIAN_POINT('Origin',(408.718766438012,1171.07716049961,49.9999999999995));
#6498=CARTESIAN_POINT('',(412.118766438011,1171.07716049961,30.));
#6499=CARTESIAN_POINT('Origin',(408.718766438012,1171.07716049961,30.));
#6500=CARTESIAN_POINT('',(412.118766438011,1171.07716049961,0.));
#6501=CARTESIAN_POINT('',(412.118766438011,1171.07716049961,49.9999999999995));
#6502=CARTESIAN_POINT('Origin',(408.718766438012,1171.07716049961,0.));
#6503=CARTESIAN_POINT('Origin',(408.718766438012,1251.07716049961,49.9999999999995));
#6504=CARTESIAN_POINT('',(412.118766438011,1251.07716049961,30.));
#6505=CARTESIAN_POINT('Origin',(408.718766438012,1251.07716049961,30.));
#6506=CARTESIAN_POINT('',(412.118766438011,1251.07716049961,0.));
#6507=CARTESIAN_POINT('',(412.118766438011,1251.07716049961,49.9999999999995));
#6508=CARTESIAN_POINT('Origin',(408.718766438012,1251.07716049961,0.));
#6509=CARTESIAN_POINT('Origin',(328.718766438012,851.077160499613,49.9999999999995));
#6510=CARTESIAN_POINT('',(332.118766438011,851.077160499613,30.));
#6511=CARTESIAN_POINT('Origin',(328.718766438012,851.077160499613,30.));
#6512=CARTESIAN_POINT('',(332.118766438011,851.077160499613,0.));
#6513=CARTESIAN_POINT('',(332.118766438011,851.077160499613,49.9999999999995));
#6514=CARTESIAN_POINT('Origin',(328.718766438012,851.077160499613,0.));
#6515=CARTESIAN_POINT('Origin',(88.7187664380116,851.077160499612,49.9999999999995));
#6516=CARTESIAN_POINT('',(92.1187664380115,851.077160499612,30.));
#6517=CARTESIAN_POINT('Origin',(88.7187664380116,851.077160499612,30.));
#6518=CARTESIAN_POINT('',(92.1187664380115,851.077160499612,0.));
#6519=CARTESIAN_POINT('',(92.1187664380115,851.077160499612,49.9999999999995));
#6520=CARTESIAN_POINT('Origin',(88.7187664380116,851.077160499612,0.));
#6521=CARTESIAN_POINT('Origin',(88.7187664380116,931.077160499612,49.9999999999995));
#6522=CARTESIAN_POINT('',(92.1187664380115,931.077160499612,30.));
#6523=CARTESIAN_POINT('Origin',(88.7187664380116,931.077160499612,30.));
#6524=CARTESIAN_POINT('',(92.1187664380115,931.077160499612,0.));
#6525=CARTESIAN_POINT('',(92.1187664380115,931.077160499612,49.9999999999995));
#6526=CARTESIAN_POINT('Origin',(88.7187664380116,931.077160499612,0.));
#6527=CARTESIAN_POINT('Origin',(88.7187664380116,1011.07716049961,49.9999999999995));
#6528=CARTESIAN_POINT('',(92.1187664380115,1011.07716049961,30.));
#6529=CARTESIAN_POINT('Origin',(88.7187664380116,1011.07716049961,30.));
#6530=CARTESIAN_POINT('',(92.1187664380115,1011.07716049961,0.));
#6531=CARTESIAN_POINT('',(92.1187664380115,1011.07716049961,49.9999999999995));
#6532=CARTESIAN_POINT('Origin',(88.7187664380116,1011.07716049961,0.));
#6533=CARTESIAN_POINT('Origin',(168.718766438012,1011.07716049961,49.9999999999995));
#6534=CARTESIAN_POINT('',(172.118766438011,1011.07716049961,30.));
#6535=CARTESIAN_POINT('Origin',(168.718766438012,1011.07716049961,30.));
#6536=CARTESIAN_POINT('',(172.118766438011,1011.07716049961,0.));
#6537=CARTESIAN_POINT('',(172.118766438011,1011.07716049961,49.9999999999995));
#6538=CARTESIAN_POINT('Origin',(168.718766438012,1011.07716049961,0.));
#6539=CARTESIAN_POINT('Origin',(168.718766438012,931.077160499613,49.9999999999995));
#6540=CARTESIAN_POINT('',(172.118766438011,931.077160499613,30.));
#6541=CARTESIAN_POINT('Origin',(168.718766438012,931.077160499613,30.));
#6542=CARTESIAN_POINT('',(172.118766438011,931.077160499613,0.));
#6543=CARTESIAN_POINT('',(172.118766438011,931.077160499613,49.9999999999995));
#6544=CARTESIAN_POINT('Origin',(168.718766438012,931.077160499613,0.));
#6545=CARTESIAN_POINT('Origin',(168.718766438012,851.077160499612,49.9999999999995));
#6546=CARTESIAN_POINT('',(172.118766438011,851.077160499612,30.));
#6547=CARTESIAN_POINT('Origin',(168.718766438012,851.077160499612,30.));
#6548=CARTESIAN_POINT('',(172.118766438011,851.077160499612,0.));
#6549=CARTESIAN_POINT('',(172.118766438011,851.077160499612,49.9999999999995));
#6550=CARTESIAN_POINT('Origin',(168.718766438012,851.077160499612,0.));
#6551=CARTESIAN_POINT('Origin',(248.718766438012,1011.07716049961,49.9999999999995));
#6552=CARTESIAN_POINT('',(252.118766438011,1011.07716049961,30.));
#6553=CARTESIAN_POINT('Origin',(248.718766438012,1011.07716049961,30.));
#6554=CARTESIAN_POINT('',(252.118766438011,1011.07716049961,0.));
#6555=CARTESIAN_POINT('',(252.118766438011,1011.07716049961,49.9999999999995));
#6556=CARTESIAN_POINT('Origin',(248.718766438012,1011.07716049961,0.));
#6557=CARTESIAN_POINT('Origin',(488.718766438012,851.077160499613,49.9999999999995));
#6558=CARTESIAN_POINT('',(492.118766438011,851.077160499613,30.));
#6559=CARTESIAN_POINT('Origin',(488.718766438012,851.077160499613,30.));
#6560=CARTESIAN_POINT('',(492.118766438011,851.077160499613,0.));
#6561=CARTESIAN_POINT('',(492.118766438011,851.077160499613,49.9999999999995));
#6562=CARTESIAN_POINT('Origin',(488.718766438012,851.077160499613,0.));
#6563=CARTESIAN_POINT('Origin',(488.718766438012,931.077160499613,49.9999999999995));
#6564=CARTESIAN_POINT('',(492.118766438011,931.077160499613,30.));
#6565=CARTESIAN_POINT('Origin',(488.718766438012,931.077160499613,30.));
#6566=CARTESIAN_POINT('',(492.118766438011,931.077160499613,0.));
#6567=CARTESIAN_POINT('',(492.118766438011,931.077160499613,49.9999999999995));
#6568=CARTESIAN_POINT('Origin',(488.718766438012,931.077160499613,0.));
#6569=CARTESIAN_POINT('Origin',(488.718766438012,1011.07716049961,49.9999999999995));
#6570=CARTESIAN_POINT('',(492.118766438011,1011.07716049961,30.));
#6571=CARTESIAN_POINT('Origin',(488.718766438012,1011.07716049961,30.));
#6572=CARTESIAN_POINT('',(492.118766438011,1011.07716049961,0.));
#6573=CARTESIAN_POINT('',(492.118766438011,1011.07716049961,49.9999999999995));
#6574=CARTESIAN_POINT('Origin',(488.718766438012,1011.07716049961,0.));
#6575=CARTESIAN_POINT('Origin',(488.718766438012,1251.07716049961,49.9999999999995));
#6576=CARTESIAN_POINT('',(492.118766438011,1251.07716049961,30.));
#6577=CARTESIAN_POINT('Origin',(488.718766438012,1251.07716049961,30.));
#6578=CARTESIAN_POINT('',(492.118766438011,1251.07716049961,0.));
#6579=CARTESIAN_POINT('',(492.118766438011,1251.07716049961,49.9999999999995));
#6580=CARTESIAN_POINT('Origin',(488.718766438012,1251.07716049961,0.));
#6581=CARTESIAN_POINT('Origin',(488.718766438012,1171.07716049961,49.9999999999995));
#6582=CARTESIAN_POINT('',(492.118766438011,1171.07716049961,30.));
#6583=CARTESIAN_POINT('Origin',(488.718766438012,1171.07716049961,30.));
#6584=CARTESIAN_POINT('',(492.118766438011,1171.07716049961,0.));
#6585=CARTESIAN_POINT('',(492.118766438011,1171.07716049961,49.9999999999995));
#6586=CARTESIAN_POINT('Origin',(488.718766438012,1171.07716049961,0.));
#6587=CARTESIAN_POINT('Origin',(488.718766438012,1091.07716049961,49.9999999999995));
#6588=CARTESIAN_POINT('',(492.118766438011,1091.07716049961,30.));
#6589=CARTESIAN_POINT('Origin',(488.718766438012,1091.07716049961,30.));
#6590=CARTESIAN_POINT('',(492.118766438011,1091.07716049961,0.));
#6591=CARTESIAN_POINT('',(492.118766438011,1091.07716049961,49.9999999999995));
#6592=CARTESIAN_POINT('Origin',(488.718766438012,1091.07716049961,0.));
#6593=CARTESIAN_POINT('Origin',(568.718766438012,1251.07716049961,49.9999999999995));
#6594=CARTESIAN_POINT('',(572.118766438012,1251.07716049961,30.));
#6595=CARTESIAN_POINT('Origin',(568.718766438012,1251.07716049961,30.));
#6596=CARTESIAN_POINT('',(572.118766438012,1251.07716049961,0.));
#6597=CARTESIAN_POINT('',(572.118766438012,1251.07716049961,49.9999999999995));
#6598=CARTESIAN_POINT('Origin',(568.718766438012,1251.07716049961,0.));
#6599=CARTESIAN_POINT('Origin',(568.718766438012,1171.07716049961,49.9999999999995));
#6600=CARTESIAN_POINT('',(572.118766438012,1171.07716049961,30.));
#6601=CARTESIAN_POINT('Origin',(568.718766438012,1171.07716049961,30.));
#6602=CARTESIAN_POINT('',(572.118766438012,1171.07716049961,0.));
#6603=CARTESIAN_POINT('',(572.118766438012,1171.07716049961,49.9999999999995));
#6604=CARTESIAN_POINT('Origin',(568.718766438012,1171.07716049961,0.));
#6605=CARTESIAN_POINT('Origin',(568.718766438012,1091.07716049961,49.9999999999995));
#6606=CARTESIAN_POINT('',(572.118766438012,1091.07716049961,30.));
#6607=CARTESIAN_POINT('Origin',(568.718766438012,1091.07716049961,30.));
#6608=CARTESIAN_POINT('',(572.118766438012,1091.07716049961,0.));
#6609=CARTESIAN_POINT('',(572.118766438012,1091.07716049961,49.9999999999995));
#6610=CARTESIAN_POINT('Origin',(568.718766438012,1091.07716049961,0.));
#6611=CARTESIAN_POINT('Origin',(568.718766438012,1011.07716049961,49.9999999999995));
#6612=CARTESIAN_POINT('',(572.118766438012,1011.07716049961,30.));
#6613=CARTESIAN_POINT('Origin',(568.718766438012,1011.07716049961,30.));
#6614=CARTESIAN_POINT('',(572.118766438012,1011.07716049961,0.));
#6615=CARTESIAN_POINT('',(572.118766438012,1011.07716049961,49.9999999999995));
#6616=CARTESIAN_POINT('Origin',(568.718766438012,1011.07716049961,0.));
#6617=CARTESIAN_POINT('Origin',(568.718766438012,931.077160499613,49.9999999999995));
#6618=CARTESIAN_POINT('',(572.118766438012,931.077160499613,30.));
#6619=CARTESIAN_POINT('Origin',(568.718766438012,931.077160499613,30.));
#6620=CARTESIAN_POINT('',(572.118766438012,931.077160499613,0.));
#6621=CARTESIAN_POINT('',(572.118766438012,931.077160499613,49.9999999999995));
#6622=CARTESIAN_POINT('Origin',(568.718766438012,931.077160499613,0.));
#6623=CARTESIAN_POINT('Origin',(568.718766438012,851.077160499613,49.9999999999995));
#6624=CARTESIAN_POINT('',(572.118766438012,851.077160499613,30.));
#6625=CARTESIAN_POINT('Origin',(568.718766438012,851.077160499613,30.));
#6626=CARTESIAN_POINT('',(572.118766438012,851.077160499613,0.));
#6627=CARTESIAN_POINT('',(572.118766438012,851.077160499613,49.9999999999995));
#6628=CARTESIAN_POINT('Origin',(568.718766438012,851.077160499613,0.));
#6629=CARTESIAN_POINT('Origin',(-351.281233561984,1266.07716049961,40.));
#6630=CARTESIAN_POINT('',(-346.181233561984,1266.07716049961,30.));
#6631=CARTESIAN_POINT('Origin',(-351.281233561984,1266.07716049961,30.));
#6632=CARTESIAN_POINT('',(-346.181233561984,1266.07716049961,10.));
#6633=CARTESIAN_POINT('',(-346.181233561984,1266.07716049961,40.));
#6634=CARTESIAN_POINT('Origin',(-351.281233561984,1266.07716049961,10.));
#6635=CARTESIAN_POINT('Origin',(-351.281233561984,1191.07716049961,40.));
#6636=CARTESIAN_POINT('',(-346.181233561984,1191.07716049961,30.));
#6637=CARTESIAN_POINT('Origin',(-351.281233561984,1191.07716049961,30.));
#6638=CARTESIAN_POINT('',(-346.181233561984,1191.07716049961,10.));
#6639=CARTESIAN_POINT('',(-346.181233561984,1191.07716049961,40.));
#6640=CARTESIAN_POINT('Origin',(-351.281233561984,1191.07716049961,10.));
#6641=CARTESIAN_POINT('Origin',(-351.281233561983,966.077160499612,40.));
#6642=CARTESIAN_POINT('',(-346.181233561983,966.077160499612,30.));
#6643=CARTESIAN_POINT('Origin',(-351.281233561983,966.077160499612,30.));
#6644=CARTESIAN_POINT('',(-346.181233561983,966.077160499612,10.));
#6645=CARTESIAN_POINT('',(-346.181233561983,966.077160499612,40.));
#6646=CARTESIAN_POINT('Origin',(-351.281233561983,966.077160499612,10.));
#6647=CARTESIAN_POINT('Origin',(-351.281233561982,891.077160499612,40.));
#6648=CARTESIAN_POINT('',(-346.181233561982,891.077160499612,30.));
#6649=CARTESIAN_POINT('Origin',(-351.281233561982,891.077160499612,30.));
#6650=CARTESIAN_POINT('',(-346.181233561982,891.077160499612,10.));
#6651=CARTESIAN_POINT('',(-346.181233561982,891.077160499612,40.));
#6652=CARTESIAN_POINT('Origin',(-351.281233561982,891.077160499612,10.));
#6653=CARTESIAN_POINT('Origin',(-351.281233561984,1116.07716049961,40.));
#6654=CARTESIAN_POINT('',(-346.181233561984,1116.07716049961,30.));
#6655=CARTESIAN_POINT('Origin',(-351.281233561984,1116.07716049961,30.));
#6656=CARTESIAN_POINT('',(-346.181233561984,1116.07716049961,10.));
#6657=CARTESIAN_POINT('',(-346.181233561984,1116.07716049961,40.));
#6658=CARTESIAN_POINT('Origin',(-351.281233561984,1116.07716049961,10.));
#6659=CARTESIAN_POINT('Origin',(-351.281233561982,816.077160499612,40.));
#6660=CARTESIAN_POINT('',(-346.181233561982,816.077160499612,30.));
#6661=CARTESIAN_POINT('Origin',(-351.281233561982,816.077160499612,30.));
#6662=CARTESIAN_POINT('',(-346.181233561982,816.077160499612,10.));
#6663=CARTESIAN_POINT('',(-346.181233561982,816.077160499612,40.));
#6664=CARTESIAN_POINT('Origin',(-351.281233561982,816.077160499612,10.));
#6665=CARTESIAN_POINT('Origin',(-351.281233561984,1041.07716049961,40.));
#6666=CARTESIAN_POINT('',(-346.181233561984,1041.07716049961,30.));
#6667=CARTESIAN_POINT('Origin',(-351.281233561984,1041.07716049961,30.));
#6668=CARTESIAN_POINT('',(-346.181233561984,1041.07716049961,10.));
#6669=CARTESIAN_POINT('',(-346.181233561984,1041.07716049961,40.));
#6670=CARTESIAN_POINT('Origin',(-351.281233561984,1041.07716049961,10.));
#6671=CARTESIAN_POINT('Origin',(528.718766438013,1266.07716049961,40.));
#6672=CARTESIAN_POINT('',(533.818766438013,1266.07716049961,30.));
#6673=CARTESIAN_POINT('Origin',(528.718766438013,1266.07716049961,30.));
#6674=CARTESIAN_POINT('',(533.818766438013,1266.07716049961,10.));
#6675=CARTESIAN_POINT('',(533.818766438013,1266.07716049961,40.));
#6676=CARTESIAN_POINT('Origin',(528.718766438013,1266.07716049961,10.));
#6677=CARTESIAN_POINT('Origin',(528.718766438013,1191.07716049961,40.));
#6678=CARTESIAN_POINT('',(533.818766438013,1191.07716049961,30.));
#6679=CARTESIAN_POINT('Origin',(528.718766438013,1191.07716049961,30.));
#6680=CARTESIAN_POINT('',(533.818766438013,1191.07716049961,10.));
#6681=CARTESIAN_POINT('',(533.818766438013,1191.07716049961,40.));
#6682=CARTESIAN_POINT('Origin',(528.718766438013,1191.07716049961,10.));
#6683=CARTESIAN_POINT('Origin',(528.718766438011,966.077160499612,40.));
#6684=CARTESIAN_POINT('',(533.818766438011,966.077160499612,30.));
#6685=CARTESIAN_POINT('Origin',(528.718766438011,966.077160499612,30.));
#6686=CARTESIAN_POINT('',(533.818766438011,966.077160499612,10.));
#6687=CARTESIAN_POINT('',(533.818766438011,966.077160499612,40.));
#6688=CARTESIAN_POINT('Origin',(528.718766438011,966.077160499612,10.));
#6689=CARTESIAN_POINT('Origin',(528.718766438011,891.077160499612,40.));
#6690=CARTESIAN_POINT('',(533.818766438011,891.077160499612,30.));
#6691=CARTESIAN_POINT('Origin',(528.718766438011,891.077160499612,30.));
#6692=CARTESIAN_POINT('',(533.818766438011,891.077160499612,10.));
#6693=CARTESIAN_POINT('',(533.818766438011,891.077160499612,40.));
#6694=CARTESIAN_POINT('Origin',(528.718766438011,891.077160499612,10.));
#6695=CARTESIAN_POINT('Origin',(528.718766438013,1116.07716049961,40.));
#6696=CARTESIAN_POINT('',(533.818766438013,1116.07716049961,30.));
#6697=CARTESIAN_POINT('Origin',(528.718766438013,1116.07716049961,30.));
#6698=CARTESIAN_POINT('',(533.818766438013,1116.07716049961,10.));
#6699=CARTESIAN_POINT('',(533.818766438013,1116.07716049961,40.));
#6700=CARTESIAN_POINT('Origin',(528.718766438013,1116.07716049961,10.));
#6701=CARTESIAN_POINT('Origin',(528.718766438011,816.077160499612,40.));
#6702=CARTESIAN_POINT('',(533.818766438011,816.077160499612,30.));
#6703=CARTESIAN_POINT('Origin',(528.718766438011,816.077160499612,30.));
#6704=CARTESIAN_POINT('',(533.818766438011,816.077160499612,10.));
#6705=CARTESIAN_POINT('',(533.818766438011,816.077160499612,40.));
#6706=CARTESIAN_POINT('Origin',(528.718766438011,816.077160499612,10.));
#6707=CARTESIAN_POINT('Origin',(528.718766438013,1041.07716049961,40.));
#6708=CARTESIAN_POINT('',(533.818766438013,1041.07716049961,30.));
#6709=CARTESIAN_POINT('Origin',(528.718766438013,1041.07716049961,30.));
#6710=CARTESIAN_POINT('',(533.818766438013,1041.07716049961,10.));
#6711=CARTESIAN_POINT('',(533.818766438013,1041.07716049961,40.));
#6712=CARTESIAN_POINT('Origin',(528.718766438013,1041.07716049961,10.));
#6713=CARTESIAN_POINT('Origin',(-124.281233568793,1102.37716302334,53.0999999999997));
#6714=CARTESIAN_POINT('',(-121.731233568793,1102.37716302334,20.));
#6715=CARTESIAN_POINT('Origin',(-124.281233568793,1102.37716302334,20.));
#6716=CARTESIAN_POINT('',(-121.731233568793,1102.37716302334,5.));
#6717=CARTESIAN_POINT('',(-121.731233568793,1102.37716302334,53.0999999999997));
#6718=CARTESIAN_POINT('Origin',(-124.281233568793,1102.37716302334,5.));
#6719=CARTESIAN_POINT('Origin',(-124.281233568793,1128.37716302334,53.0999999999997));
#6720=CARTESIAN_POINT('',(-121.731233568793,1128.37716302334,20.));
#6721=CARTESIAN_POINT('Origin',(-124.281233568793,1128.37716302334,20.));
#6722=CARTESIAN_POINT('',(-121.731233568793,1128.37716302334,5.));
#6723=CARTESIAN_POINT('',(-121.731233568793,1128.37716302334,53.0999999999997));
#6724=CARTESIAN_POINT('Origin',(-124.281233568793,1128.37716302334,5.));
#6725=CARTESIAN_POINT('Origin',(-98.2812335687927,1128.37716302334,53.0999999999997));
#6726=CARTESIAN_POINT('',(-95.7312335687926,1128.37716302334,20.));
#6727=CARTESIAN_POINT('Origin',(-98.2812335687927,1128.37716302334,20.));
#6728=CARTESIAN_POINT('',(-95.7312335687926,1128.37716302334,5.));
#6729=CARTESIAN_POINT('',(-95.7312335687926,1128.37716302334,53.0999999999997));
#6730=CARTESIAN_POINT('Origin',(-98.2812335687927,1128.37716302334,5.));
#6731=CARTESIAN_POINT('Origin',(-98.2812335687927,1102.37716302334,53.0999999999997));
#6732=CARTESIAN_POINT('',(-95.7312335687926,1102.37716302334,20.));
#6733=CARTESIAN_POINT('Origin',(-98.2812335687927,1102.37716302334,20.));
#6734=CARTESIAN_POINT('',(-95.7312335687926,1102.37716302334,5.));
#6735=CARTESIAN_POINT('',(-95.7312335687926,1102.37716302334,53.0999999999997));
#6736=CARTESIAN_POINT('Origin',(-98.2812335687927,1102.37716302334,5.));
#6737=CARTESIAN_POINT('Origin',(301.718766444821,1102.37716302334,53.0999999999997));
#6738=CARTESIAN_POINT('',(304.268766444821,1102.37716302334,20.));
#6739=CARTESIAN_POINT('Origin',(301.718766444821,1102.37716302334,20.));
#6740=CARTESIAN_POINT('',(304.268766444821,1102.37716302334,5.));
#6741=CARTESIAN_POINT('',(304.268766444821,1102.37716302334,53.0999999999997));
#6742=CARTESIAN_POINT('Origin',(301.718766444821,1102.37716302334,5.));
#6743=CARTESIAN_POINT('Origin',(301.718766444821,1128.37716302334,53.0999999999997));
#6744=CARTESIAN_POINT('',(304.268766444821,1128.37716302334,20.));
#6745=CARTESIAN_POINT('Origin',(301.718766444821,1128.37716302334,20.));
#6746=CARTESIAN_POINT('',(304.268766444821,1128.37716302334,5.));
#6747=CARTESIAN_POINT('',(304.268766444821,1128.37716302334,53.0999999999997));
#6748=CARTESIAN_POINT('Origin',(301.718766444821,1128.37716302334,5.));
#6749=CARTESIAN_POINT('Origin',(275.718766444821,1128.37716302334,53.0999999999997));
#6750=CARTESIAN_POINT('',(278.268766444821,1128.37716302334,20.));
#6751=CARTESIAN_POINT('Origin',(275.718766444821,1128.37716302334,20.));
#6752=CARTESIAN_POINT('',(278.268766444821,1128.37716302334,5.));
#6753=CARTESIAN_POINT('',(278.268766444821,1128.37716302334,53.0999999999997));
#6754=CARTESIAN_POINT('Origin',(275.718766444821,1128.37716302334,5.));
#6755=CARTESIAN_POINT('Origin',(275.718766444821,1102.37716302334,53.0999999999997));
#6756=CARTESIAN_POINT('',(278.268766444821,1102.37716302334,20.));
#6757=CARTESIAN_POINT('Origin',(275.718766444821,1102.37716302334,20.));
#6758=CARTESIAN_POINT('',(278.268766444821,1102.37716302334,5.));
#6759=CARTESIAN_POINT('',(278.268766444821,1102.37716302334,53.0999999999997));
#6760=CARTESIAN_POINT('Origin',(275.718766444821,1102.37716302334,5.));
#6761=CARTESIAN_POINT('Origin',(-151.281233561983,1251.07716049961,49.9999999999995));
#6762=CARTESIAN_POINT('',(-147.881233561983,1251.07716049961,18.5));
#6763=CARTESIAN_POINT('Origin',(-151.281233561983,1251.07716049961,18.5));
#6764=CARTESIAN_POINT('',(-147.881233561983,1251.07716049961,5.));
#6765=CARTESIAN_POINT('',(-147.881233561983,1251.07716049961,49.9999999999995));
#6766=CARTESIAN_POINT('Origin',(-151.281233561983,1251.07716049961,5.));
#6767=CARTESIAN_POINT('Origin',(-151.281233561983,1171.07716049961,49.9999999999995));
#6768=CARTESIAN_POINT('',(-147.881233561983,1171.07716049961,18.5));
#6769=CARTESIAN_POINT('Origin',(-151.281233561983,1171.07716049961,18.5));
#6770=CARTESIAN_POINT('',(-147.881233561983,1171.07716049961,5.));
#6771=CARTESIAN_POINT('',(-147.881233561983,1171.07716049961,49.9999999999995));
#6772=CARTESIAN_POINT('Origin',(-151.281233561983,1171.07716049961,5.));
#6773=CARTESIAN_POINT('Origin',(-151.281233561983,1091.07716049961,49.9999999999995));
#6774=CARTESIAN_POINT('',(-147.881233561983,1091.07716049961,18.5));
#6775=CARTESIAN_POINT('Origin',(-151.281233561983,1091.07716049961,18.5));
#6776=CARTESIAN_POINT('',(-147.881233561983,1091.07716049961,5.));
#6777=CARTESIAN_POINT('',(-147.881233561983,1091.07716049961,49.9999999999995));
#6778=CARTESIAN_POINT('Origin',(-151.281233561983,1091.07716049961,5.));
#6779=CARTESIAN_POINT('Origin',(8.71876643801705,1171.07716049961,49.9999999999995));
#6780=CARTESIAN_POINT('',(12.118766438017,1171.07716049961,18.5));
#6781=CARTESIAN_POINT('Origin',(8.71876643801705,1171.07716049961,18.5));
#6782=CARTESIAN_POINT('',(12.118766438017,1171.07716049961,5.));
#6783=CARTESIAN_POINT('',(12.118766438017,1171.07716049961,49.9999999999995));
#6784=CARTESIAN_POINT('Origin',(8.71876643801705,1171.07716049961,5.));
#6785=CARTESIAN_POINT('Origin',(8.71876643801703,1251.07716049961,49.9999999999995));
#6786=CARTESIAN_POINT('',(12.1187664380169,1251.07716049961,18.5));
#6787=CARTESIAN_POINT('Origin',(8.71876643801703,1251.07716049961,18.5));
#6788=CARTESIAN_POINT('',(12.1187664380169,1251.07716049961,5.));
#6789=CARTESIAN_POINT('',(12.1187664380169,1251.07716049961,49.9999999999995));
#6790=CARTESIAN_POINT('Origin',(8.71876643801703,1251.07716049961,5.));
#6791=CARTESIAN_POINT('Origin',(-71.281233561983,1251.07716049961,49.9999999999995));
#6792=CARTESIAN_POINT('',(-67.8812335619831,1251.07716049961,18.5));
#6793=CARTESIAN_POINT('Origin',(-71.281233561983,1251.07716049961,18.5));
#6794=CARTESIAN_POINT('',(-67.8812335619831,1251.07716049961,5.));
#6795=CARTESIAN_POINT('',(-67.8812335619831,1251.07716049961,49.9999999999995));
#6796=CARTESIAN_POINT('Origin',(-71.281233561983,1251.07716049961,5.));
#6797=CARTESIAN_POINT('Origin',(-71.281233561983,1171.07716049961,49.9999999999995));
#6798=CARTESIAN_POINT('',(-67.8812335619831,1171.07716049961,18.5));
#6799=CARTESIAN_POINT('Origin',(-71.281233561983,1171.07716049961,18.5));
#6800=CARTESIAN_POINT('',(-67.8812335619831,1171.07716049961,5.));
#6801=CARTESIAN_POINT('',(-67.8812335619831,1171.07716049961,49.9999999999995));
#6802=CARTESIAN_POINT('Origin',(-71.281233561983,1171.07716049961,5.));
#6803=CARTESIAN_POINT('Origin',(-71.2812335619829,1091.07716049961,49.9999999999995));
#6804=CARTESIAN_POINT('',(-67.881233561983,1091.07716049961,18.5));
#6805=CARTESIAN_POINT('Origin',(-71.2812335619829,1091.07716049961,18.5));
#6806=CARTESIAN_POINT('',(-67.881233561983,1091.07716049961,5.));
#6807=CARTESIAN_POINT('',(-67.881233561983,1091.07716049961,49.9999999999995));
#6808=CARTESIAN_POINT('Origin',(-71.2812335619829,1091.07716049961,5.));
#6809=CARTESIAN_POINT('Origin',(8.71876643801705,1091.07716049961,49.9999999999995));
#6810=CARTESIAN_POINT('',(12.118766438017,1091.07716049961,18.5));
#6811=CARTESIAN_POINT('Origin',(8.71876643801705,1091.07716049961,18.5));
#6812=CARTESIAN_POINT('',(12.118766438017,1091.07716049961,5.));
#6813=CARTESIAN_POINT('',(12.118766438017,1091.07716049961,49.9999999999995));
#6814=CARTESIAN_POINT('Origin',(8.71876643801705,1091.07716049961,5.));
#6815=CARTESIAN_POINT('Origin',(328.718766438012,1091.07716049961,49.9999999999995));
#6816=CARTESIAN_POINT('',(332.118766438011,1091.07716049961,18.5));
#6817=CARTESIAN_POINT('Origin',(328.718766438012,1091.07716049961,18.5));
#6818=CARTESIAN_POINT('',(332.118766438011,1091.07716049961,5.));
#6819=CARTESIAN_POINT('',(332.118766438011,1091.07716049961,49.9999999999995));
#6820=CARTESIAN_POINT('Origin',(328.718766438012,1091.07716049961,5.));
#6821=CARTESIAN_POINT('Origin',(328.718766438012,1171.07716049961,49.9999999999995));
#6822=CARTESIAN_POINT('',(332.118766438011,1171.07716049961,18.5));
#6823=CARTESIAN_POINT('Origin',(328.718766438012,1171.07716049961,18.5));
#6824=CARTESIAN_POINT('',(332.118766438011,1171.07716049961,5.));
#6825=CARTESIAN_POINT('',(332.118766438011,1171.07716049961,49.9999999999995));
#6826=CARTESIAN_POINT('Origin',(328.718766438012,1171.07716049961,5.));
#6827=CARTESIAN_POINT('Origin',(328.718766438012,1251.07716049961,49.9999999999995));
#6828=CARTESIAN_POINT('',(332.118766438011,1251.07716049961,18.5));
#6829=CARTESIAN_POINT('Origin',(328.718766438012,1251.07716049961,18.5));
#6830=CARTESIAN_POINT('',(332.118766438011,1251.07716049961,5.));
#6831=CARTESIAN_POINT('',(332.118766438011,1251.07716049961,49.9999999999995));
#6832=CARTESIAN_POINT('Origin',(328.718766438012,1251.07716049961,5.));
#6833=CARTESIAN_POINT('Origin',(168.718766438012,1251.07716049961,49.9999999999995));
#6834=CARTESIAN_POINT('',(172.118766438011,1251.07716049961,18.5));
#6835=CARTESIAN_POINT('Origin',(168.718766438012,1251.07716049961,18.5));
#6836=CARTESIAN_POINT('',(172.118766438011,1251.07716049961,5.));
#6837=CARTESIAN_POINT('',(172.118766438011,1251.07716049961,49.9999999999995));
#6838=CARTESIAN_POINT('Origin',(168.718766438012,1251.07716049961,5.));
#6839=CARTESIAN_POINT('Origin',(168.718766438012,1171.07716049961,49.9999999999995));
#6840=CARTESIAN_POINT('',(172.118766438011,1171.07716049961,18.5));
#6841=CARTESIAN_POINT('Origin',(168.718766438012,1171.07716049961,18.5));
#6842=CARTESIAN_POINT('',(172.118766438011,1171.07716049961,5.));
#6843=CARTESIAN_POINT('',(172.118766438011,1171.07716049961,49.9999999999995));
#6844=CARTESIAN_POINT('Origin',(168.718766438012,1171.07716049961,5.));
#6845=CARTESIAN_POINT('Origin',(168.718766438012,1091.07716049961,49.9999999999995));
#6846=CARTESIAN_POINT('',(172.118766438011,1091.07716049961,18.5));
#6847=CARTESIAN_POINT('Origin',(168.718766438012,1091.07716049961,18.5));
#6848=CARTESIAN_POINT('',(172.118766438011,1091.07716049961,5.));
#6849=CARTESIAN_POINT('',(172.118766438011,1091.07716049961,49.9999999999995));
#6850=CARTESIAN_POINT('Origin',(168.718766438012,1091.07716049961,5.));
#6851=CARTESIAN_POINT('Origin',(88.7187664380116,1091.07716049961,49.9999999999995));
#6852=CARTESIAN_POINT('',(92.1187664380115,1091.07716049961,18.5));
#6853=CARTESIAN_POINT('Origin',(88.7187664380116,1091.07716049961,18.5));
#6854=CARTESIAN_POINT('',(92.1187664380115,1091.07716049961,5.));
#6855=CARTESIAN_POINT('',(92.1187664380115,1091.07716049961,49.9999999999995));
#6856=CARTESIAN_POINT('Origin',(88.7187664380116,1091.07716049961,5.));
#6857=CARTESIAN_POINT('Origin',(248.718766438012,1251.07716049961,49.9999999999995));
#6858=CARTESIAN_POINT('',(252.118766438011,1251.07716049961,18.5));
#6859=CARTESIAN_POINT('Origin',(248.718766438012,1251.07716049961,18.5));
#6860=CARTESIAN_POINT('',(252.118766438011,1251.07716049961,5.));
#6861=CARTESIAN_POINT('',(252.118766438011,1251.07716049961,49.9999999999995));
#6862=CARTESIAN_POINT('Origin',(248.718766438012,1251.07716049961,5.));
#6863=CARTESIAN_POINT('Origin',(248.718766438012,1171.07716049961,49.9999999999995));
#6864=CARTESIAN_POINT('',(252.118766438011,1171.07716049961,18.5));
#6865=CARTESIAN_POINT('Origin',(248.718766438012,1171.07716049961,18.5));
#6866=CARTESIAN_POINT('',(252.118766438011,1171.07716049961,5.));
#6867=CARTESIAN_POINT('',(252.118766438011,1171.07716049961,49.9999999999995));
#6868=CARTESIAN_POINT('Origin',(248.718766438012,1171.07716049961,5.));
#6869=CARTESIAN_POINT('Origin',(248.718766438012,1091.07716049961,49.9999999999995));
#6870=CARTESIAN_POINT('',(252.118766438011,1091.07716049961,18.5));
#6871=CARTESIAN_POINT('Origin',(248.718766438012,1091.07716049961,18.5));
#6872=CARTESIAN_POINT('',(252.118766438011,1091.07716049961,5.));
#6873=CARTESIAN_POINT('',(252.118766438011,1091.07716049961,49.9999999999995));
#6874=CARTESIAN_POINT('Origin',(248.718766438012,1091.07716049961,5.));
#6875=CARTESIAN_POINT('Origin',(88.7187664380116,1171.07716049961,49.9999999999995));
#6876=CARTESIAN_POINT('',(92.1187664380115,1171.07716049961,18.5));
#6877=CARTESIAN_POINT('Origin',(88.7187664380116,1171.07716049961,18.5));
#6878=CARTESIAN_POINT('',(92.1187664380115,1171.07716049961,5.));
#6879=CARTESIAN_POINT('',(92.1187664380115,1171.07716049961,49.9999999999995));
#6880=CARTESIAN_POINT('Origin',(88.7187664380116,1171.07716049961,5.));
#6881=CARTESIAN_POINT('Origin',(88.7187664380116,1251.07716049961,49.9999999999995));
#6882=CARTESIAN_POINT('',(92.1187664380115,1251.07716049961,18.5));
#6883=CARTESIAN_POINT('Origin',(88.7187664380116,1251.07716049961,18.5));
#6884=CARTESIAN_POINT('',(92.1187664380115,1251.07716049961,5.));
#6885=CARTESIAN_POINT('',(92.1187664380115,1251.07716049961,49.9999999999995));
#6886=CARTESIAN_POINT('Origin',(88.7187664380116,1251.07716049961,5.));
#6887=CARTESIAN_POINT('Origin',(0.,0.,30.));
#6888=CARTESIAN_POINT('',(578.718766438014,1291.07716049961,30.));
#6889=CARTESIAN_POINT('',(578.718766438014,791.077160499612,30.));
#6890=CARTESIAN_POINT('',(578.718766438014,1.3217673687543E-13,30.));
#6891=CARTESIAN_POINT('',(-401.281233561986,1291.07716049961,30.));
#6892=CARTESIAN_POINT('',(588.718766438014,1291.07716049961,30.));
#6893=CARTESIAN_POINT('',(-401.281233561986,791.077160499612,30.));
#6894=CARTESIAN_POINT('',(-401.281233561986,4.22373605836328E-14,30.));
#6895=CARTESIAN_POINT('',(588.718766438014,791.077160499612,30.));
#6896=CARTESIAN_POINT('Origin',(588.718766438014,1291.07716049961,30.));
#6897=CARTESIAN_POINT('',(578.718766438014,1291.07716049961,0.));
#6898=CARTESIAN_POINT('',(578.718766438014,1291.07716049961,30.));
#6899=CARTESIAN_POINT('',(548.718766438013,1291.07716049961,0.));
#6900=CARTESIAN_POINT('',(588.718766438014,1291.07716049961,0.));
#6901=CARTESIAN_POINT('',(548.718766438013,1291.07716049961,10.));
#6902=CARTESIAN_POINT('',(548.718766438013,1291.07716049961,10.));
#6903=CARTESIAN_POINT('',(508.718766438013,1291.07716049961,10.));
#6904=CARTESIAN_POINT('',(508.718766438013,1291.07716049961,10.));
#6905=CARTESIAN_POINT('',(508.718766438013,1291.07716049961,0.));
#6906=CARTESIAN_POINT('',(508.718766438013,1291.07716049961,10.));
#6907=CARTESIAN_POINT('',(388.718766438014,1291.07716049961,0.));
#6908=CARTESIAN_POINT('',(588.718766438014,1291.07716049961,0.));
#6909=CARTESIAN_POINT('',(388.718766438014,1291.07716049961,5.));
#6910=CARTESIAN_POINT('',(388.718766438014,1291.07716049961,30.));
#6911=CARTESIAN_POINT('',(-211.281233561986,1291.07716049961,5.));
#6912=CARTESIAN_POINT('',(588.718766438014,1291.07716049961,5.));
#6913=CARTESIAN_POINT('',(-211.281233561986,1291.07716049961,0.));
#6914=CARTESIAN_POINT('',(-211.281233561986,1291.07716049961,30.));
#6915=CARTESIAN_POINT('',(-331.281233561984,1291.07716049961,0.));
#6916=CARTESIAN_POINT('',(588.718766438014,1291.07716049961,0.));
#6917=CARTESIAN_POINT('',(-331.281233561984,1291.07716049961,10.));
#6918=CARTESIAN_POINT('',(-331.281233561984,1291.07716049961,10.));
#6919=CARTESIAN_POINT('',(-371.281233561984,1291.07716049961,10.));
#6920=CARTESIAN_POINT('',(-331.281233561984,1291.07716049961,10.));
#6921=CARTESIAN_POINT('',(-371.281233561984,1291.07716049961,0.));
#6922=CARTESIAN_POINT('',(-371.281233561984,1291.07716049961,10.));
#6923=CARTESIAN_POINT('',(-401.281233561986,1291.07716049961,0.));
#6924=CARTESIAN_POINT('',(588.718766438014,1291.07716049961,0.));
#6925=CARTESIAN_POINT('',(-401.281233561986,1291.07716049961,30.));
#6926=CARTESIAN_POINT('Origin',(588.718766438014,791.077160499612,30.));
#6927=CARTESIAN_POINT('',(578.718766438014,791.077160499612,0.));
#6928=CARTESIAN_POINT('',(578.718766438014,791.077160499612,30.));
#6929=CARTESIAN_POINT('',(-401.281233561986,791.077160499612,0.));
#6930=CARTESIAN_POINT('',(-401.281233561986,791.077160499612,30.));
#6931=CARTESIAN_POINT('',(-371.281233561984,791.077160499612,0.));
#6932=CARTESIAN_POINT('',(588.718766438014,791.077160499612,0.));
#6933=CARTESIAN_POINT('',(-371.281233561984,791.077160499612,10.));
#6934=CARTESIAN_POINT('',(-371.281233561984,791.077160499612,10.));
#6935=CARTESIAN_POINT('',(-331.281233561985,791.077160499612,10.));
#6936=CARTESIAN_POINT('',(-331.281233561985,791.077160499612,10.));
#6937=CARTESIAN_POINT('',(-331.281233561985,791.077160499612,0.));
#6938=CARTESIAN_POINT('',(-331.281233561985,791.077160499612,10.));
#6939=CARTESIAN_POINT('',(508.718766438014,791.077160499612,0.));
#6940=CARTESIAN_POINT('',(588.718766438014,791.077160499612,0.));
#6941=CARTESIAN_POINT('',(508.718766438014,791.077160499612,10.));
#6942=CARTESIAN_POINT('',(508.718766438014,791.077160499612,10.));
#6943=CARTESIAN_POINT('',(548.718766438013,791.077160499612,10.));
#6944=CARTESIAN_POINT('',(508.718766438014,791.077160499612,10.));
#6945=CARTESIAN_POINT('',(548.718766438013,791.077160499612,0.));
#6946=CARTESIAN_POINT('',(548.718766438013,791.077160499612,10.));
#6947=CARTESIAN_POINT('',(588.718766438014,791.077160499612,0.));
#6948=CARTESIAN_POINT('Origin',(0.,0.,0.));
#6949=CARTESIAN_POINT('',(578.718766438014,787.34786858301,0.));
#6950=CARTESIAN_POINT('',(548.718766438013,791.077160499612,0.));
#6951=CARTESIAN_POINT('Origin',(0.,0.,0.));
#6952=CARTESIAN_POINT('',(-211.281233561986,1041.07716049961,0.));
#6953=CARTESIAN_POINT('',(-211.281233561986,1541.07716049961,0.));
#6954=CARTESIAN_POINT('',(388.718766438014,1041.07716049961,0.));
#6955=CARTESIAN_POINT('',(388.718766438014,1041.07716049961,0.));
#6956=CARTESIAN_POINT('',(388.718766438014,1541.07716049961,0.));
#6957=CARTESIAN_POINT('',(508.718766438014,791.077160499612,0.));
#6958=CARTESIAN_POINT('',(-331.281233561985,791.077160499612,0.));
#6959=CARTESIAN_POINT('Origin',(0.,0.,5.));
#6960=CARTESIAN_POINT('',(388.718766438014,1041.07716049961,5.));
#6961=CARTESIAN_POINT('',(388.718766438014,1541.07716049961,5.));
#6962=CARTESIAN_POINT('',(-211.281233561986,1041.07716049961,5.));
#6963=CARTESIAN_POINT('',(388.718766438014,1041.07716049961,5.));
#6964=CARTESIAN_POINT('',(-211.281233561986,1541.07716049961,5.));
#6965=CARTESIAN_POINT('Origin',(0.,0.,0.));
#6966=CARTESIAN_POINT('',(-401.281233561986,4.22373605836328E-14,0.));
#6967=CARTESIAN_POINT('',(-371.281233561984,791.077160499612,0.));
#6968=CARTESIAN_POINT('Origin',(548.718766438013,791.077160499612,10.));
#6969=CARTESIAN_POINT('',(548.718766438013,791.077160499612,10.));
#6970=CARTESIAN_POINT('Origin',(508.718766438014,791.077160499612,10.));
#6971=CARTESIAN_POINT('',(508.718766438014,791.077160499612,10.));
#6972=CARTESIAN_POINT('Origin',(0.,0.,10.));
#6973=CARTESIAN_POINT('Origin',(-371.281233561984,791.077160499612,10.));
#6974=CARTESIAN_POINT('',(-371.281233561984,791.077160499612,10.));
#6975=CARTESIAN_POINT('Origin',(-331.281233561985,791.077160499612,10.));
#6976=CARTESIAN_POINT('',(-331.281233561985,791.077160499612,10.));
#6977=CARTESIAN_POINT('Origin',(177.437532876029,1.09247578988271E-14,10.));
#6978=CARTESIAN_POINT('Origin',(-211.281233561986,1541.07716049961,5.));
#6979=CARTESIAN_POINT('',(-211.281233561986,1041.07716049961,5.));
#6980=CARTESIAN_POINT('Origin',(388.718766438014,1541.07716049961,5.));
#6981=CARTESIAN_POINT('',(388.718766438014,1041.07716049961,5.));
#6982=CARTESIAN_POINT('Origin',(388.718766438014,1041.07716049961,5.));
#6983=CARTESIAN_POINT('Origin',(-124.281233568792,1102.37716302334,20.));
#6984=CARTESIAN_POINT('Origin',(-124.281233568793,1128.37716302334,20.));
#6985=CARTESIAN_POINT('Origin',(-98.2812335687927,1128.37716302334,20.));
#6986=CARTESIAN_POINT('Origin',(-98.2812335687925,1102.37716302334,20.));
#6987=CARTESIAN_POINT('Origin',(301.718766444821,1102.37716302334,20.));
#6988=CARTESIAN_POINT('Origin',(301.718766444821,1128.37716302334,20.));
#6989=CARTESIAN_POINT('Origin',(275.718766444821,1128.37716302334,20.));
#6990=CARTESIAN_POINT('Origin',(275.718766444821,1102.37716302334,20.));
#6991=CARTESIAN_POINT('Origin',(-151.281233561983,1251.07716049961,18.5));
#6992=CARTESIAN_POINT('Origin',(-151.281233561983,1171.07716049961,18.5));
#6993=CARTESIAN_POINT('Origin',(-151.281233561983,1091.07716049961,18.5));
#6994=CARTESIAN_POINT('Origin',(8.71876643801703,1171.07716049961,18.5));
#6995=CARTESIAN_POINT('Origin',(8.71876643801703,1251.07716049961,18.5));
#6996=CARTESIAN_POINT('Origin',(-71.281233561983,1251.07716049961,18.5));
#6997=CARTESIAN_POINT('Origin',(-71.281233561983,1171.07716049961,18.5));
#6998=CARTESIAN_POINT('Origin',(-71.281233561983,1091.07716049961,18.5));
#6999=CARTESIAN_POINT('Origin',(8.718766438017,1091.07716049961,18.5));
#7000=CARTESIAN_POINT('Origin',(328.718766438017,1091.07716049961,18.5));
#7001=CARTESIAN_POINT('Origin',(328.718766438017,1171.07716049961,18.5));
#7002=CARTESIAN_POINT('Origin',(328.718766438017,1251.07716049961,18.5));
#7003=CARTESIAN_POINT('Origin',(168.718766438017,1251.07716049961,18.5));
#7004=CARTESIAN_POINT('Origin',(168.718766438017,1171.07716049961,18.5));
#7005=CARTESIAN_POINT('Origin',(168.718766438017,1091.07716049961,18.5));
#7006=CARTESIAN_POINT('Origin',(88.718766438017,1091.07716049961,18.5));
#7007=CARTESIAN_POINT('Origin',(248.718766438017,1251.07716049961,18.5));
#7008=CARTESIAN_POINT('Origin',(248.718766438017,1171.07716049961,18.5));
#7009=CARTESIAN_POINT('Origin',(248.718766438017,1091.07716049961,18.5));
#7010=CARTESIAN_POINT('Origin',(88.718766438017,1171.07716049961,18.5));
#7011=CARTESIAN_POINT('Origin',(88.718766438017,1251.07716049961,18.5));
#7012=CARTESIAN_POINT('Origin',(-401.281233561986,787.34786858301,40.));
#7013=CARTESIAN_POINT('Origin',(578.718766438014,787.34786858301,40.));
#7014=CARTESIAN_POINT('',(-1431.01505003342,695.98689042493,1865.20072008857));
#7015=CARTESIAN_POINT('',(376.876068451352,630.448686152136,1899.98387367495));
#7016=UNCERTAINTY_MEASURE_WITH_UNIT(LENGTH_MEASURE(0.01),#7024,
'DISTANCE_ACCURACY_VALUE',
'Maximum model space distance between geometric entities at asserted c
onnectivities');
#7017=UNCERTAINTY_MEASURE_WITH_UNIT(LENGTH_MEASURE(0.01),#7024,
'DISTANCE_ACCURACY_VALUE',
'Maximum model space distance between geometric entities at asserted c
onnectivities');
#7018=UNCERTAINTY_MEASURE_WITH_UNIT(LENGTH_MEASURE(0.01),#7024,
'DISTANCE_ACCURACY_VALUE',
'Maximum model space distance between geometric entities at asserted c
onnectivities');
#7019=UNCERTAINTY_MEASURE_WITH_UNIT(LENGTH_MEASURE(0.01),#7024,
'DISTANCE_ACCURACY_VALUE',
'Maximum model space distance between geometric entities at asserted c
onnectivities');
#7020=(
GEOMETRIC_REPRESENTATION_CONTEXT(3)
GLOBAL_UNCERTAINTY_ASSIGNED_CONTEXT((#7016))
GLOBAL_UNIT_ASSIGNED_CONTEXT((#7024,#7026,#7027))
REPRESENTATION_CONTEXT('','3D')
);
#7021=(
GEOMETRIC_REPRESENTATION_CONTEXT(3)
GLOBAL_UNCERTAINTY_ASSIGNED_CONTEXT((#7017))
GLOBAL_UNIT_ASSIGNED_CONTEXT((#7024,#7026,#7027))
REPRESENTATION_CONTEXT('','3D')
);
#7022=(
GEOMETRIC_REPRESENTATION_CONTEXT(3)
GLOBAL_UNCERTAINTY_ASSIGNED_CONTEXT((#7018))
GLOBAL_UNIT_ASSIGNED_CONTEXT((#7024,#7026,#7027))
REPRESENTATION_CONTEXT('','3D')
);
#7023=(
GEOMETRIC_REPRESENTATION_CONTEXT(3)
GLOBAL_UNCERTAINTY_ASSIGNED_CONTEXT((#7019))
GLOBAL_UNIT_ASSIGNED_CONTEXT((#7024,#7026,#7027))
REPRESENTATION_CONTEXT('','3D')
);
#7024=(
LENGTH_UNIT()
NAMED_UNIT(*)
SI_UNIT(.MILLI.,.METRE.)
);
#7025=(
LENGTH_UNIT()
NAMED_UNIT(*)
SI_UNIT($,.METRE.)
);
#7026=(
NAMED_UNIT(*)
PLANE_ANGLE_UNIT()
SI_UNIT($,.RADIAN.)
);
#7027=(
NAMED_UNIT(*)
SI_UNIT($,.STERADIAN.)
SOLID_ANGLE_UNIT()
);
#7028=SHAPE_DEFINITION_REPRESENTATION(#7031,#7036);
#7029=SHAPE_DEFINITION_REPRESENTATION(#7032,#7037);
#7030=SHAPE_DEFINITION_REPRESENTATION(#7033,#7038);
#7031=PRODUCT_DEFINITION_SHAPE('',$,#7040);
#7032=PRODUCT_DEFINITION_SHAPE('',$,#7041);
#7033=PRODUCT_DEFINITION_SHAPE('',$,#7042);
#7034=PRODUCT_DEFINITION_SHAPE($,$,#17);
#7035=PRODUCT_DEFINITION_SHAPE($,$,#18);
#7036=SHAPE_REPRESENTATION('',(#4172,#4654,#4655),#7020);
#7037=SHAPE_REPRESENTATION('',(#4173),#7021);
#7038=SHAPE_REPRESENTATION('',(#4207),#7022);
#7039=PRODUCT_DEFINITION_CONTEXT('part definition',#7050,'design');
#7040=PRODUCT_DEFINITION('1000-plate','1000-plate v1',#7043,#7039);
#7041=PRODUCT_DEFINITION('table-1200-600','table-1200-600',#7044,#7039);
#7042=PRODUCT_DEFINITION('Rail-MountPlate-Y','Rail-MountPlate-Y',#7045,
#7039);
#7043=PRODUCT_DEFINITION_FORMATION('',$,#7052);
#7044=PRODUCT_DEFINITION_FORMATION('',$,#7053);
#7045=PRODUCT_DEFINITION_FORMATION('',$,#7054);
#7046=PRODUCT_RELATED_PRODUCT_CATEGORY('1000-plate v1','1000-plate v1',
(#7052));
#7047=PRODUCT_RELATED_PRODUCT_CATEGORY('table-1200-600',
'table-1200-600',(#7053));
#7048=PRODUCT_RELATED_PRODUCT_CATEGORY('Rail-MountPlate-Y',
'Rail-MountPlate-Y',(#7054));
#7049=APPLICATION_PROTOCOL_DEFINITION('international standard',
'automotive_design',2009,#7050);
#7050=APPLICATION_CONTEXT(
'Core Data for Automotive Mechanical Design Process');
#7051=PRODUCT_CONTEXT('part definition',#7050,'mechanical');
#7052=PRODUCT('1000-plate','1000-plate v1',$,(#7051));
#7053=PRODUCT('table-1200-600','table-1200-600',$,(#7051));
#7054=PRODUCT('Rail-MountPlate-Y','Rail-MountPlate-Y',$,(#7051));
#7055=PRESENTATION_STYLE_ASSIGNMENT((#7057));
#7056=PRESENTATION_STYLE_ASSIGNMENT((#7058));
#7057=SURFACE_STYLE_USAGE(.BOTH.,#7059);
#7058=SURFACE_STYLE_USAGE(.BOTH.,#7060);
#7059=SURFACE_SIDE_STYLE('',(#7061));
#7060=SURFACE_SIDE_STYLE('',(#7062));
#7061=SURFACE_STYLE_FILL_AREA(#7063);
#7062=SURFACE_STYLE_FILL_AREA(#7064);
#7063=FILL_AREA_STYLE('Steel - Satin',(#7065));
#7064=FILL_AREA_STYLE('Opaque(202,209,238)',(#7066));
#7065=FILL_AREA_STYLE_COLOUR('Steel - Satin',#7067);
#7066=FILL_AREA_STYLE_COLOUR('Opaque(202,209,238)',#7068);
#7067=COLOUR_RGB('Steel - Satin',0.627450980392157,0.627450980392157,0.627450980392157);
#7068=COLOUR_RGB('Opaque(202,209,238)',0.792156862745098,0.819607843137255,
0.933333333333333);
ENDSEC;
END-ISO-10303-21;
