ISO-10303-21;
HEADER;
/* Generated by software containing ST-Developer
 * from STEP Tools, Inc. (www.steptools.com) 
 */

FILE_DESCRIPTION(
/* description */ ('STEP AP214'),
/* implementation_level */ '2;1');

FILE_NAME(
/* name */ 'CAM-Cabinet-EDC-Flex-Drive-130 v1.step',
/* time_stamp */ '2026-03-14T09:50:38+01:00',
/* author */ (''),
/* organization */ (''),
/* preprocessor_version */ 'ST-DEVELOPER v20.1',
/* originating_system */ 'Autodesk Translation Framework v14.24.0.0',
/* authorisation */ '');

FILE_SCHEMA (('AUTOMOTIVE_DESIGN { 1 0 10303 214 3 1 1 }'));
ENDSEC;

DATA;
#10=MECHANICAL_DESIGN_GEOMETRIC_PRESENTATION_REPRESENTATION('',(#84,#85,
#86,#87,#88,#89,#90,#91,#92,#93,#94,#95,#96,#97,#98,#99,#100,#101,#102,
#103,#104,#105,#106,#107,#108,#109,#110,#111,#112,#113,#114,#115,#116,#117,
#118,#119,#120,#121,#122,#123,#124),#4493);
#11=ITEM_DEFINED_TRANSFORMATION($,$,#2375,#2640);
#12=ITEM_DEFINED_TRANSFORMATION($,$,#2394,#2641);
#13=ITEM_DEFINED_TRANSFORMATION($,$,#2394,#2642);
#14=ITEM_DEFINED_TRANSFORMATION($,$,#2425,#2643);
#15=(
REPRESENTATION_RELATIONSHIP($,$,#4511,#4510)
REPRESENTATION_RELATIONSHIP_WITH_TRANSFORMATION(#11)
SHAPE_REPRESENTATION_RELATIONSHIP()
);
#16=(
REPRESENTATION_RELATIONSHIP($,$,#4512,#4510)
REPRESENTATION_RELATIONSHIP_WITH_TRANSFORMATION(#12)
SHAPE_REPRESENTATION_RELATIONSHIP()
);
#17=(
REPRESENTATION_RELATIONSHIP($,$,#4512,#4510)
REPRESENTATION_RELATIONSHIP_WITH_TRANSFORMATION(#13)
SHAPE_REPRESENTATION_RELATIONSHIP()
);
#18=(
REPRESENTATION_RELATIONSHIP($,$,#4513,#4510)
REPRESENTATION_RELATIONSHIP_WITH_TRANSFORMATION(#14)
SHAPE_REPRESENTATION_RELATIONSHIP()
);
#19=CONTEXT_DEPENDENT_SHAPE_REPRESENTATION(#15,#4506);
#20=CONTEXT_DEPENDENT_SHAPE_REPRESENTATION(#16,#4507);
#21=CONTEXT_DEPENDENT_SHAPE_REPRESENTATION(#17,#4508);
#22=CONTEXT_DEPENDENT_SHAPE_REPRESENTATION(#18,#4509);
#23=NEXT_ASSEMBLY_USAGE_OCCURRENCE('Panels-Sheet-Stock-A4:1',
'Panels-Sheet-Stock-A4:1','Panels-Sheet-Stock-A4:1',#4515,#4516,
'Panels-Sheet-Stock-A4:1');
#24=NEXT_ASSEMBLY_USAGE_OCCURRENCE('811_BackPanel_x2_1mm_INOX:1',
'811_BackPanel_x2_1mm_INOX:1','811_BackPanel_x2_1mm_INOX:1',#4515,#4517,
'811_BackPanel_x2_1mm_INOX:1');
#25=NEXT_ASSEMBLY_USAGE_OCCURRENCE('811_BackPanel_x2_1mm_INOX:2',
'811_BackPanel_x2_1mm_INOX:2','811_BackPanel_x2_1mm_INOX:2',#4515,#4517,
'811_BackPanel_x2_1mm_INOX:2');
#26=NEXT_ASSEMBLY_USAGE_OCCURRENCE('vfd-cp:1','vfd-cp:1','vfd-cp:1',#4515,
#4518,'vfd-cp:1');
#27=CONICAL_SURFACE('',#2624,4.75,0.0787839609891442);
#28=CONICAL_SURFACE('',#2631,5.75,0.124354994546763);
#29=TOROIDAL_SURFACE('',#2619,3.53791793282774,0.5);
#30=TOROIDAL_SURFACE('',#2626,5.27930444536567,0.25);
#31=(
BOUNDED_SURFACE()
B_SPLINE_SURFACE(2,2,((#3946,#3947,#3948),(#3949,#3950,#3951),(#3952,#3953,
#3954)),.UNSPECIFIED.,.F.,.F.,.F.)
B_SPLINE_SURFACE_WITH_KNOTS((3,3),(3,3),(-1.57079632679499,-0.449182348865326),
(-3.14159265358974,-1.57079632679484),.UNSPECIFIED.)
GEOMETRIC_REPRESENTATION_ITEM()
RATIONAL_B_SPLINE_SURFACE(((1.,0.707106781186547,1.),(0.846826173780477,
0.598796529966433,0.846826173780477),(1.,0.707106781186547,1.)))
REPRESENTATION_ITEM('')
SURFACE()
);
#32=(
BOUNDED_SURFACE()
B_SPLINE_SURFACE(2,2,((#3956,#3957,#3958),(#3959,#3960,#3961),(#3962,#3963,
#3964)),.UNSPECIFIED.,.F.,.F.,.F.)
B_SPLINE_SURFACE_WITH_KNOTS((3,3),(3,3),(-1.57079632679508,-0.449182348865198),
(1.57079632679472,3.1415926535898),.UNSPECIFIED.)
GEOMETRIC_REPRESENTATION_ITEM()
RATIONAL_B_SPLINE_SURFACE(((1.,0.707106781186482,1.),(0.846826173780444,
0.598796529966354,0.846826173780444),(1.,0.707106781186482,1.)))
REPRESENTATION_ITEM('')
SURFACE()
);
#33=(
BOUNDED_SURFACE()
B_SPLINE_SURFACE(2,2,((#3970,#3971,#3972),(#3973,#3974,#3975),(#3976,#3977,
#3978)),.UNSPECIFIED.,.F.,.F.,.F.)
B_SPLINE_SURFACE_WITH_KNOTS((3,3),(3,3),(-1.57079632679498,-0.449182348865291),
(-1.57079632679494,1.84292761843083E-13),.UNSPECIFIED.)
GEOMETRIC_REPRESENTATION_ITEM()
RATIONAL_B_SPLINE_SURFACE(((1.,0.707106781186467,1.),(0.846826173780448,
0.598796529966344,0.846826173780448),(1.,0.707106781186467,1.)))
REPRESENTATION_ITEM('')
SURFACE()
);
#34=(
BOUNDED_SURFACE()
B_SPLINE_SURFACE(2,2,((#3980,#3981,#3982),(#3983,#3984,#3985),(#3986,#3987,
#3988)),.UNSPECIFIED.,.F.,.F.,.F.)
B_SPLINE_SURFACE_WITH_KNOTS((3,3),(3,3),(-1.57079632679526,-0.44918234886521),
(-5.35567182410965E-13,1.57079632679501),.UNSPECIFIED.)
GEOMETRIC_REPRESENTATION_ITEM()
RATIONAL_B_SPLINE_SURFACE(((1.,0.70710678118632,1.),(0.846826173780369,
0.598796529966164,0.846826173780369),(1.,0.70710678118632,1.)))
REPRESENTATION_ITEM('')
SURFACE()
);
#35=(
BOUNDED_SURFACE()
B_SPLINE_SURFACE(2,2,((#4011,#4012,#4013),(#4014,#4015,#4016),(#4017,#4018,
#4019)),.UNSPECIFIED.,.F.,.F.,.F.)
B_SPLINE_SURFACE_WITH_KNOTS((3,3),(3,3),(-1.57079632679542,-0.449182348865552),
(-1.57079632679581,8.76779312228629E-13),.UNSPECIFIED.)
GEOMETRIC_REPRESENTATION_ITEM()
RATIONAL_B_SPLINE_SURFACE(((1.,0.707106781185913,1.),(0.84682617378045,
0.598796529965876,0.84682617378045),(1.,0.707106781185913,1.)))
REPRESENTATION_ITEM('')
SURFACE()
);
#36=(
BOUNDED_SURFACE()
B_SPLINE_SURFACE(2,2,((#4021,#4022,#4023),(#4024,#4025,#4026),(#4027,#4028,
#4029)),.UNSPECIFIED.,.F.,.F.,.F.)
B_SPLINE_SURFACE_WITH_KNOTS((3,3),(3,3),(-1.57079632679493,-0.449182348865027),
(-3.14159265358963,-1.57079632679498),.UNSPECIFIED.)
GEOMETRIC_REPRESENTATION_ITEM()
RATIONAL_B_SPLINE_SURFACE(((1.,0.707106781186635,1.),(0.846826173780422,
0.598796529966468,0.846826173780422),(1.,0.707106781186635,1.)))
REPRESENTATION_ITEM('')
SURFACE()
);
#37=(
BOUNDED_SURFACE()
B_SPLINE_SURFACE(2,2,((#4035,#4036,#4037),(#4038,#4039,#4040),(#4041,#4042,
#4043)),.UNSPECIFIED.,.F.,.F.,.F.)
B_SPLINE_SURFACE_WITH_KNOTS((3,3),(3,3),(-1.57079632679526,-0.449182348865196),
(-1.55341920501713E-13,1.57079632679482),.UNSPECIFIED.)
GEOMETRIC_REPRESENTATION_ITEM()
RATIONAL_B_SPLINE_SURFACE(((1.,0.707106781186521,1.),(0.846826173780346,
0.598796529966318,0.846826173780346),(1.,0.707106781186521,1.)))
REPRESENTATION_ITEM('')
SURFACE()
);
#38=(
BOUNDED_SURFACE()
B_SPLINE_SURFACE(2,2,((#4045,#4046,#4047),(#4048,#4049,#4050),(#4051,#4052,
#4053)),.UNSPECIFIED.,.F.,.F.,.F.)
B_SPLINE_SURFACE_WITH_KNOTS((3,3),(3,3),(-1.57079632679502,-0.449182348865058),
(1.57079632679497,3.14159265358981),.UNSPECIFIED.)
GEOMETRIC_REPRESENTATION_ITEM()
RATIONAL_B_SPLINE_SURFACE(((1.,0.70710678118657,1.),(0.846826173780409,
0.598796529966404,0.846826173780409),(1.,0.70710678118657,1.)))
REPRESENTATION_ITEM('')
SURFACE()
);
#39=(
BOUNDED_SURFACE()
B_SPLINE_SURFACE(2,2,((#4076,#4077,#4078),(#4079,#4080,#4081),(#4082,#4083,
#4084)),.UNSPECIFIED.,.F.,.F.,.F.)
B_SPLINE_SURFACE_WITH_KNOTS((3,3),(3,3),(-1.57079632679549,-0.449182348865554),
(-1.57079632679615,1.37069130320243E-12),.UNSPECIFIED.)
GEOMETRIC_REPRESENTATION_ITEM()
RATIONAL_B_SPLINE_SURFACE(((1.,0.707106781185621,1.),(0.846826173780407,
0.598796529965599,0.846826173780407),(1.,0.707106781185621,1.)))
REPRESENTATION_ITEM('')
SURFACE()
);
#40=(
BOUNDED_SURFACE()
B_SPLINE_SURFACE(2,2,((#4086,#4087,#4088),(#4089,#4090,#4091),(#4092,#4093,
#4094)),.UNSPECIFIED.,.F.,.F.,.F.)
B_SPLINE_SURFACE_WITH_KNOTS((3,3),(3,3),(-1.57079632679496,-0.449182348865091),
(-3.14159265358968,-1.57079632679494),.UNSPECIFIED.)
GEOMETRIC_REPRESENTATION_ITEM()
RATIONAL_B_SPLINE_SURFACE(((1.,0.707106781186605,1.),(0.846826173780438,
0.598796529966454,0.846826173780438),(1.,0.707106781186605,1.)))
REPRESENTATION_ITEM('')
SURFACE()
);
#41=(
BOUNDED_SURFACE()
B_SPLINE_SURFACE(2,2,((#4100,#4101,#4102),(#4103,#4104,#4105),(#4106,#4107,
#4108)),.UNSPECIFIED.,.F.,.F.,.F.)
B_SPLINE_SURFACE_WITH_KNOTS((3,3),(3,3),(-1.57079632679539,-0.449182348865221),
(-4.46696957390516E-13,1.57079632679484),.UNSPECIFIED.)
GEOMETRIC_REPRESENTATION_ITEM()
RATIONAL_B_SPLINE_SURFACE(((1.,0.707106781186408,1.),(0.846826173780338,
0.598796529966217,0.846826173780338),(1.,0.707106781186408,1.)))
REPRESENTATION_ITEM('')
SURFACE()
);
#42=(
BOUNDED_SURFACE()
B_SPLINE_SURFACE(2,2,((#4110,#4111,#4112),(#4113,#4114,#4115),(#4116,#4117,
#4118)),.UNSPECIFIED.,.F.,.F.,.F.)
B_SPLINE_SURFACE_WITH_KNOTS((3,3),(3,3),(-1.57079632679529,-0.449182348865193),
(1.57079632679447,3.14159265358979),.UNSPECIFIED.)
GEOMETRIC_REPRESENTATION_ITEM()
RATIONAL_B_SPLINE_SURFACE(((1.,0.707106781186397,1.),(0.846826173780365,
0.598796529966227,0.846826173780365),(1.,0.707106781186397,1.)))
REPRESENTATION_ITEM('')
SURFACE()
);
#43=(
BOUNDED_SURFACE()
B_SPLINE_SURFACE(2,2,((#4141,#4142,#4143),(#4144,#4145,#4146),(#4147,#4148,
#4149)),.UNSPECIFIED.,.F.,.F.,.F.)
B_SPLINE_SURFACE_WITH_KNOTS((3,3),(3,3),(-1.57079632679496,-0.449182348865318),
(-4.65211701088868E-14,1.5707963267949),.UNSPECIFIED.)
GEOMETRIC_REPRESENTATION_ITEM()
RATIONAL_B_SPLINE_SURFACE(((1.,0.707106781186528,1.),(0.846826173780503,
0.598796529966435,0.846826173780503),(1.,0.707106781186528,1.)))
REPRESENTATION_ITEM('')
SURFACE()
);
#44=(
BOUNDED_SURFACE()
B_SPLINE_SURFACE(2,2,((#4151,#4152,#4153),(#4154,#4155,#4156),(#4157,#4158,
#4159)),.UNSPECIFIED.,.F.,.F.,.F.)
B_SPLINE_SURFACE_WITH_KNOTS((3,3),(3,3),(-1.57079632679489,-0.449182348865293),
(-1.57079632679494,7.00433246178587E-14),.UNSPECIFIED.)
GEOMETRIC_REPRESENTATION_ITEM()
RATIONAL_B_SPLINE_SURFACE(((1.,0.707106781186507,1.),(0.846826173780483,
0.598796529966403,0.846826173780483),(1.,0.707106781186507,1.)))
REPRESENTATION_ITEM('')
SURFACE()
);
#45=(
BOUNDED_SURFACE()
B_SPLINE_SURFACE(2,2,((#4165,#4166,#4167),(#4168,#4169,#4170),(#4171,#4172,
#4173)),.UNSPECIFIED.,.F.,.F.,.F.)
B_SPLINE_SURFACE_WITH_KNOTS((3,3),(3,3),(-1.57079632679499,-0.449182348865326),
(1.57079632679465,3.14159265359009),.UNSPECIFIED.)
GEOMETRIC_REPRESENTATION_ITEM()
RATIONAL_B_SPLINE_SURFACE(((1.,0.707106781186355,1.),(0.846826173780505,
0.598796529966289,0.846826173780505),(1.,0.707106781186355,1.)))
REPRESENTATION_ITEM('')
SURFACE()
);
#46=(
BOUNDED_SURFACE()
B_SPLINE_SURFACE(2,2,((#4175,#4176,#4177),(#4178,#4179,#4180),(#4181,#4182,
#4183)),.UNSPECIFIED.,.F.,.F.,.F.)
B_SPLINE_SURFACE_WITH_KNOTS((3,3),(3,3),(-1.57079632679491,-0.449182348865278),
(-3.14159265358974,-1.57079632679496),.UNSPECIFIED.)
GEOMETRIC_REPRESENTATION_ITEM()
RATIONAL_B_SPLINE_SURFACE(((1.,0.707106781186589,1.),(0.846826173780499,
0.598796529966484,0.846826173780499),(1.,0.707106781186589,1.)))
REPRESENTATION_ITEM('')
SURFACE()
);
#47=(
BOUNDED_SURFACE()
B_SPLINE_SURFACE(2,2,((#4206,#4207,#4208),(#4209,#4210,#4211),(#4212,#4213,
#4214)),.UNSPECIFIED.,.F.,.F.,.F.)
B_SPLINE_SURFACE_WITH_KNOTS((3,3),(3,3),(-1.57079632679509,-0.449182348865176),
(-1.570796326795,-4.23302059805944E-14),.UNSPECIFIED.)
GEOMETRIC_REPRESENTATION_ITEM()
RATIONAL_B_SPLINE_SURFACE(((1.,0.707106781186527,1.),(0.84682617378044,
0.598796529966389,0.84682617378044),(1.,0.707106781186527,1.)))
REPRESENTATION_ITEM('')
SURFACE()
);
#48=(
BOUNDED_SURFACE()
B_SPLINE_SURFACE(2,2,((#4216,#4217,#4218),(#4219,#4220,#4221),(#4222,#4223,
#4224)),.UNSPECIFIED.,.F.,.F.,.F.)
B_SPLINE_SURFACE_WITH_KNOTS((3,3),(3,3),(-1.57079632679495,-0.449182348865234),
(-3.14159265358973,-1.57079632679495),.UNSPECIFIED.)
GEOMETRIC_REPRESENTATION_ITEM()
RATIONAL_B_SPLINE_SURFACE(((1.,0.70710678118659,1.),(0.846826173780459,
0.598796529966456,0.846826173780459),(1.,0.70710678118659,1.)))
REPRESENTATION_ITEM('')
SURFACE()
);
#49=(
BOUNDED_SURFACE()
B_SPLINE_SURFACE(2,2,((#4230,#4231,#4232),(#4233,#4234,#4235),(#4236,#4237,
#4238)),.UNSPECIFIED.,.F.,.F.,.F.)
B_SPLINE_SURFACE_WITH_KNOTS((3,3),(3,3),(-1.57079632679495,-0.449182348865257),
(-4.7934922611659E-15,1.57079632679495),.UNSPECIFIED.)
GEOMETRIC_REPRESENTATION_ITEM()
RATIONAL_B_SPLINE_SURFACE(((1.,0.707106781186528,1.),(0.846826173780481,
0.598796529966419,0.846826173780481),(1.,0.707106781186528,1.)))
REPRESENTATION_ITEM('')
SURFACE()
);
#50=(
BOUNDED_SURFACE()
B_SPLINE_SURFACE(2,2,((#4240,#4241,#4242),(#4243,#4244,#4245),(#4246,#4247,
#4248)),.UNSPECIFIED.,.F.,.F.,.F.)
B_SPLINE_SURFACE_WITH_KNOTS((3,3),(3,3),(-1.57079632679503,-0.449182348865318),
(1.57079632679473,3.14159265359006),.UNSPECIFIED.)
GEOMETRIC_REPRESENTATION_ITEM()
RATIONAL_B_SPLINE_SURFACE(((1.,0.707106781186393,1.),(0.846826173780478,
0.598796529966303,0.846826173780478),(1.,0.707106781186393,1.)))
REPRESENTATION_ITEM('')
SURFACE()
);
#51=(
BOUNDED_SURFACE()
B_SPLINE_SURFACE(2,2,((#4271,#4272,#4273),(#4274,#4275,#4276),(#4277,#4278,
#4279)),.UNSPECIFIED.,.F.,.F.,.F.)
B_SPLINE_SURFACE_WITH_KNOTS((3,3),(3,3),(-1.57079632679501,-0.449182348865115),
(-1.57079632679482,-1.22870489812825E-13),.UNSPECIFIED.)
GEOMETRIC_REPRESENTATION_ITEM()
RATIONAL_B_SPLINE_SURFACE(((1.,0.707106781186618,1.),(0.846826173780411,
0.598796529966446,0.846826173780411),(1.,0.707106781186618,1.)))
REPRESENTATION_ITEM('')
SURFACE()
);
#52=(
BOUNDED_SURFACE()
B_SPLINE_SURFACE(2,2,((#4281,#4282,#4283),(#4284,#4285,#4286),(#4287,#4288,
#4289)),.UNSPECIFIED.,.F.,.F.,.F.)
B_SPLINE_SURFACE_WITH_KNOTS((3,3),(3,3),(-1.57079632679506,-0.449182348865337),
(-3.1415926535898,-1.57079632679471),.UNSPECIFIED.)
GEOMETRIC_REPRESENTATION_ITEM()
RATIONAL_B_SPLINE_SURFACE(((1.,0.707106781186481,1.),(0.846826173780479,
0.598796529966378,0.846826173780479),(1.,0.707106781186481,1.)))
REPRESENTATION_ITEM('')
SURFACE()
);
#53=(
BOUNDED_SURFACE()
B_SPLINE_SURFACE(2,2,((#4295,#4296,#4297),(#4298,#4299,#4300),(#4301,#4302,
#4303)),.UNSPECIFIED.,.F.,.F.,.F.)
B_SPLINE_SURFACE_WITH_KNOTS((3,3),(3,3),(-1.57079632679499,-0.449182348865306),
(-2.24093375326178E-13,1.57079632679495),.UNSPECIFIED.)
GEOMETRIC_REPRESENTATION_ITEM()
RATIONAL_B_SPLINE_SURFACE(((1.,0.70710678118645,1.),(0.846826173780494,
0.598796529966363,0.846826173780494),(1.,0.70710678118645,1.)))
REPRESENTATION_ITEM('')
SURFACE()
);
#54=(
BOUNDED_SURFACE()
B_SPLINE_SURFACE(2,2,((#4305,#4306,#4307),(#4308,#4309,#4310),(#4311,#4312,
#4313)),.UNSPECIFIED.,.F.,.F.,.F.)
B_SPLINE_SURFACE_WITH_KNOTS((3,3),(3,3),(-1.57079632679459,-0.44918234886492),
(1.5707963267949,3.14159265358985),.UNSPECIFIED.)
GEOMETRIC_REPRESENTATION_ITEM()
RATIONAL_B_SPLINE_SURFACE(((1.,0.707106781186531,1.),(0.846826173780483,
0.598796529966424,0.846826173780483),(1.,0.707106781186531,1.)))
REPRESENTATION_ITEM('')
SURFACE()
);
#55=(
BOUNDED_SURFACE()
B_SPLINE_SURFACE(2,2,((#4336,#4337,#4338),(#4339,#4340,#4341),(#4342,#4343,
#4344)),.UNSPECIFIED.,.F.,.F.,.F.)
B_SPLINE_SURFACE_WITH_KNOTS((3,3),(3,3),(-1.5707963267952,-0.449182348865292),
(-3.1415926535898,-1.57079632679481),.UNSPECIFIED.)
GEOMETRIC_REPRESENTATION_ITEM()
RATIONAL_B_SPLINE_SURFACE(((1.,0.707106781186513,1.),(0.84682617378044,
0.598796529966378,0.84682617378044),(1.,0.707106781186513,1.)))
REPRESENTATION_ITEM('')
SURFACE()
);
#56=(
BOUNDED_SURFACE()
B_SPLINE_SURFACE(2,2,((#4346,#4347,#4348),(#4349,#4350,#4351),(#4352,#4353,
#4354)),.UNSPECIFIED.,.F.,.F.,.F.)
B_SPLINE_SURFACE_WITH_KNOTS((3,3),(3,3),(-1.57079632679513,-0.449182348865269),
(1.57079632679463,3.14159265359034),.UNSPECIFIED.)
GEOMETRIC_REPRESENTATION_ITEM()
RATIONAL_B_SPLINE_SURFACE(((1.,0.707106781186261,1.),(0.846826173780462,
0.59879652996618,0.846826173780462),(1.,0.707106781186261,1.)))
REPRESENTATION_ITEM('')
SURFACE()
);
#57=(
BOUNDED_SURFACE()
B_SPLINE_SURFACE(2,2,((#4360,#4361,#4362),(#4363,#4364,#4365),(#4366,#4367,
#4368)),.UNSPECIFIED.,.F.,.F.,.F.)
B_SPLINE_SURFACE_WITH_KNOTS((3,3),(3,3),(-1.57079632679506,-0.449182348865003),
(-1.57079632679475,-1.93273722609058E-13),.UNSPECIFIED.)
GEOMETRIC_REPRESENTATION_ITEM()
RATIONAL_B_SPLINE_SURFACE(((1.,0.707106781186669,1.),(0.846826173780366,
0.598796529966457,0.846826173780366),(1.,0.707106781186669,1.)))
REPRESENTATION_ITEM('')
SURFACE()
);
#58=(
BOUNDED_SURFACE()
B_SPLINE_SURFACE(2,2,((#4370,#4371,#4372),(#4373,#4374,#4375),(#4376,#4377,
#4378)),.UNSPECIFIED.,.F.,.F.,.F.)
B_SPLINE_SURFACE_WITH_KNOTS((3,3),(3,3),(-1.57079632679497,-0.449182348865323),
(3.71571978097997E-14,1.57079632679503),.UNSPECIFIED.)
GEOMETRIC_REPRESENTATION_ITEM()
RATIONAL_B_SPLINE_SURFACE(((1.,0.707106781186515,1.),(0.846826173780484,
0.598796529966411,0.846826173780484),(1.,0.707106781186515,1.)))
REPRESENTATION_ITEM('')
SURFACE()
);
#59=(
BOUNDED_SURFACE()
B_SPLINE_SURFACE(2,2,((#4401,#4402,#4403),(#4404,#4405,#4406),(#4407,#4408,
#4409)),.UNSPECIFIED.,.F.,.F.,.F.)
B_SPLINE_SURFACE_WITH_KNOTS((3,3),(3,3),(-1.5707963267952,-0.449182348865067),
(-3.1415926535898,-1.570796326795),.UNSPECIFIED.)
GEOMETRIC_REPRESENTATION_ITEM()
RATIONAL_B_SPLINE_SURFACE(((1.,0.707106781186581,1.),(0.846826173780381,
0.598796529966393,0.846826173780381),(1.,0.707106781186581,1.)))
REPRESENTATION_ITEM('')
SURFACE()
);
#60=(
BOUNDED_SURFACE()
B_SPLINE_SURFACE(2,2,((#4411,#4412,#4413),(#4414,#4415,#4416),(#4417,#4418,
#4419)),.UNSPECIFIED.,.F.,.F.,.F.)
B_SPLINE_SURFACE_WITH_KNOTS((3,3),(3,3),(-1.57079632679543,-0.44918234886552),
(1.5707963267941,3.14159265359061),.UNSPECIFIED.)
GEOMETRIC_REPRESENTATION_ITEM()
RATIONAL_B_SPLINE_SURFACE(((1.,0.707106781185976,1.),(0.846826173780392,
0.598796529965889,0.846826173780392),(1.,0.707106781185976,1.)))
REPRESENTATION_ITEM('')
SURFACE()
);
#61=(
BOUNDED_SURFACE()
B_SPLINE_SURFACE(2,2,((#4425,#4426,#4427),(#4428,#4429,#4430),(#4431,#4432,
#4433)),.UNSPECIFIED.,.F.,.F.,.F.)
B_SPLINE_SURFACE_WITH_KNOTS((3,3),(3,3),(-1.57079632679528,-0.449182348865208),
(-1.57079632679498,-6.75999165135421E-14),.UNSPECIFIED.)
GEOMETRIC_REPRESENTATION_ITEM()
RATIONAL_B_SPLINE_SURFACE(((1.,0.707106781186542,1.),(0.846826173780376,
0.598796529966357,0.846826173780376),(1.,0.707106781186542,1.)))
REPRESENTATION_ITEM('')
SURFACE()
);
#62=(
BOUNDED_SURFACE()
B_SPLINE_SURFACE(2,2,((#4435,#4436,#4437),(#4438,#4439,#4440),(#4441,#4442,
#4443)),.UNSPECIFIED.,.F.,.F.,.F.)
B_SPLINE_SURFACE_WITH_KNOTS((3,3),(3,3),(-1.57079632679514,-0.44918234886533),
(-2.36829912165865E-13,1.57079632679556),.UNSPECIFIED.)
GEOMETRIC_REPRESENTATION_ITEM()
RATIONAL_B_SPLINE_SURFACE(((1.,0.70710678118623,1.),(0.846826173780453,
0.598796529966147,0.846826173780453),(1.,0.70710678118623,1.)))
REPRESENTATION_ITEM('')
SURFACE()
);
#63=B_SPLINE_CURVE_WITH_KNOTS('',3,(#3540,#3541,#3542,#3543,#3544,#3545,
#3546,#3547,#3548,#3549,#3550,#3551,#3552,#3553,#3554,#3555,#3556,#3557),
 .UNSPECIFIED.,.F.,.F.,(4,2,2,2,2,2,2,2,4),(0.,0.0625,0.125,0.1875,0.25,
0.3125,0.375,0.4375,0.5),.UNSPECIFIED.);
#64=B_SPLINE_CURVE_WITH_KNOTS('',3,(#3558,#3559,#3560,#3561,#3562,#3563,
#3564,#3565,#3566,#3567,#3568,#3569,#3570,#3571,#3572,#3573,#3574,#3575),
 .UNSPECIFIED.,.F.,.F.,(4,2,2,2,2,2,2,2,4),(0.5,0.5625,0.625,0.6875,0.75,
0.8125,0.875,0.9375,1.),.UNSPECIFIED.);
#65=B_SPLINE_CURVE_WITH_KNOTS('',3,(#3578,#3579,#3580,#3581),
 .UNSPECIFIED.,.F.,.F.,(4,4),(0.,1.),.UNSPECIFIED.);
#66=B_SPLINE_CURVE_WITH_KNOTS('',3,(#3585,#3586,#3587,#3588),
 .UNSPECIFIED.,.F.,.F.,(4,4),(0.,1.),.UNSPECIFIED.);
#67=B_SPLINE_CURVE_WITH_KNOTS('',3,(#3589,#3590,#3591,#3592),
 .UNSPECIFIED.,.F.,.F.,(4,4),(0.,1.),.UNSPECIFIED.);
#68=B_SPLINE_CURVE_WITH_KNOTS('',3,(#3595,#3596,#3597,#3598,#3599,#3600,
#3601,#3602,#3603,#3604,#3605,#3606,#3607,#3608,#3609,#3610,#3611,#3612),
 .UNSPECIFIED.,.F.,.F.,(4,2,2,2,2,2,2,2,4),(0.,0.0625,0.125,0.1875,0.25,
0.3125,0.375,0.4375,0.5),.UNSPECIFIED.);
#69=B_SPLINE_CURVE_WITH_KNOTS('',3,(#3613,#3614,#3615,#3616,#3617,#3618,
#3619,#3620,#3621,#3622,#3623,#3624,#3625,#3626,#3627,#3628,#3629,#3630),
 .UNSPECIFIED.,.F.,.F.,(4,2,2,2,2,2,2,2,4),(0.5,0.5625,0.625,0.6875,0.75,
0.8125,0.875,0.9375,1.),.UNSPECIFIED.);
#70=B_SPLINE_CURVE_WITH_KNOTS('',3,(#3633,#3634,#3635,#3636,#3637,#3638,
#3639,#3640,#3641,#3642,#3643,#3644,#3645,#3646,#3647,#3648,#3649,#3650),
 .UNSPECIFIED.,.F.,.F.,(4,2,2,2,2,2,2,2,4),(0.,0.0625,0.125,0.1875,0.25,
0.3125,0.375,0.4375,0.5),.UNSPECIFIED.);
#71=B_SPLINE_CURVE_WITH_KNOTS('',3,(#3651,#3652,#3653,#3654,#3655,#3656,
#3657,#3658,#3659,#3660,#3661,#3662,#3663,#3664,#3665,#3666,#3667,#3668),
 .UNSPECIFIED.,.F.,.F.,(4,2,2,2,2,2,2,2,4),(0.5,0.5625,0.625,0.6875,0.75,
0.8125,0.875,0.9375,1.),.UNSPECIFIED.);
#72=B_SPLINE_CURVE_WITH_KNOTS('',3,(#3671,#3672,#3673,#3674,#3675,#3676,
#3677,#3678,#3679,#3680,#3681,#3682,#3683,#3684,#3685,#3686,#3687,#3688),
 .UNSPECIFIED.,.F.,.F.,(4,2,2,2,2,2,2,2,4),(0.,0.0625,0.125,0.1875,0.25,
0.3125,0.375,0.4375,0.5),.UNSPECIFIED.);
#73=B_SPLINE_CURVE_WITH_KNOTS('',3,(#3689,#3690,#3691,#3692,#3693,#3694,
#3695,#3696,#3697,#3698,#3699,#3700,#3701,#3702,#3703,#3704,#3705,#3706),
 .UNSPECIFIED.,.F.,.F.,(4,2,2,2,2,2,2,2,4),(0.5,0.5625,0.625,0.6875,0.75,
0.8125,0.875,0.9375,1.),.UNSPECIFIED.);
#74=B_SPLINE_CURVE_WITH_KNOTS('',3,(#3709,#3710,#3711,#3712,#3713,#3714,
#3715,#3716,#3717,#3718,#3719,#3720,#3721,#3722,#3723,#3724,#3725,#3726),
 .UNSPECIFIED.,.F.,.F.,(4,2,2,2,2,2,2,2,4),(0.,0.0625,0.125,0.1875,0.25,
0.3125,0.375,0.4375,0.5),.UNSPECIFIED.);
#75=B_SPLINE_CURVE_WITH_KNOTS('',3,(#3727,#3728,#3729,#3730,#3731,#3732,
#3733,#3734,#3735,#3736,#3737,#3738,#3739,#3740,#3741,#3742,#3743,#3744),
 .UNSPECIFIED.,.F.,.F.,(4,2,2,2,2,2,2,2,4),(0.5,0.5625,0.625,0.6875,0.75,
0.8125,0.875,0.9375,1.),.UNSPECIFIED.);
#76=B_SPLINE_CURVE_WITH_KNOTS('',3,(#3747,#3748,#3749,#3750,#3751,#3752,
#3753,#3754,#3755,#3756,#3757,#3758,#3759,#3760,#3761,#3762,#3763,#3764),
 .UNSPECIFIED.,.F.,.F.,(4,2,2,2,2,2,2,2,4),(0.,0.0625,0.125,0.1875,0.25,
0.3125,0.375,0.4375,0.5),.UNSPECIFIED.);
#77=B_SPLINE_CURVE_WITH_KNOTS('',3,(#3765,#3766,#3767,#3768,#3769,#3770,
#3771,#3772,#3773,#3774,#3775,#3776,#3777,#3778,#3779,#3780,#3781,#3782),
 .UNSPECIFIED.,.F.,.F.,(4,2,2,2,2,2,2,2,4),(0.5,0.5625,0.625,0.6875,0.75,
0.8125,0.875,0.9375,1.),.UNSPECIFIED.);
#78=SHAPE_REPRESENTATION_RELATIONSHIP('SRR','None',#4511,#81);
#79=SHAPE_REPRESENTATION_RELATIONSHIP('SRR','None',#4512,#82);
#80=SHAPE_REPRESENTATION_RELATIONSHIP('SRR','None',#4513,#83);
#81=ADVANCED_BREP_SHAPE_REPRESENTATION('',(#125),#4490);
#82=ADVANCED_BREP_SHAPE_REPRESENTATION('',(#126),#4491);
#83=ADVANCED_BREP_SHAPE_REPRESENTATION('',(#127,#128),#4492);
#84=STYLED_ITEM('',(#4535),#125);
#85=STYLED_ITEM('',(#4536),#126);
#86=STYLED_ITEM('',(#4538),#2230);
#87=STYLED_ITEM('',(#4538),#2231);
#88=STYLED_ITEM('',(#4538),#2232);
#89=STYLED_ITEM('',(#4538),#2233);
#90=STYLED_ITEM('',(#4538),#2234);
#91=STYLED_ITEM('',(#4539),#2235);
#92=STYLED_ITEM('',(#4539),#2236);
#93=STYLED_ITEM('',(#4539),#2237);
#94=STYLED_ITEM('',(#4539),#2238);
#95=STYLED_ITEM('',(#4539),#2239);
#96=STYLED_ITEM('',(#4539),#2240);
#97=STYLED_ITEM('',(#4539),#2241);
#98=STYLED_ITEM('',(#4539),#2242);
#99=STYLED_ITEM('',(#4539),#2243);
#100=STYLED_ITEM('',(#4539),#2244);
#101=STYLED_ITEM('',(#4539),#2245);
#102=STYLED_ITEM('',(#4539),#2246);
#103=STYLED_ITEM('',(#4539),#2247);
#104=STYLED_ITEM('',(#4540),#2249);
#105=STYLED_ITEM('',(#4541),#2255);
#106=STYLED_ITEM('',(#4541),#2256);
#107=STYLED_ITEM('',(#4541),#2257);
#108=STYLED_ITEM('',(#4541),#2258);
#109=STYLED_ITEM('',(#4541),#2259);
#110=STYLED_ITEM('',(#4541),#2260);
#111=STYLED_ITEM('',(#4541),#2261);
#112=STYLED_ITEM('',(#4541),#2262);
#113=STYLED_ITEM('',(#4541),#2263);
#114=STYLED_ITEM('',(#4542),#2282);
#115=STYLED_ITEM('',(#4542),#2283);
#116=STYLED_ITEM('',(#4542),#2284);
#117=STYLED_ITEM('',(#4542),#2285);
#118=STYLED_ITEM('',(#4542),#2286);
#119=STYLED_ITEM('',(#4542),#2287);
#120=STYLED_ITEM('',(#4542),#2288);
#121=STYLED_ITEM('',(#4542),#2289);
#122=STYLED_ITEM('',(#4542),#2290);
#123=STYLED_ITEM('',(#4537),#127);
#124=STYLED_ITEM('',(#4539),#128);
#125=MANIFOLD_SOLID_BREP('Body1',#2336);
#126=MANIFOLD_SOLID_BREP('Body1',#2337);
#127=MANIFOLD_SOLID_BREP('Body1',#2338);
#128=MANIFOLD_SOLID_BREP('Body2',#2339);
#129=FACE_BOUND('',#352,.T.);
#130=FACE_BOUND('',#353,.T.);
#131=FACE_BOUND('',#354,.T.);
#132=FACE_BOUND('',#355,.T.);
#133=FACE_BOUND('',#357,.T.);
#134=FACE_BOUND('',#358,.T.);
#135=FACE_BOUND('',#359,.T.);
#136=FACE_BOUND('',#360,.T.);
#137=FACE_BOUND('',#370,.T.);
#138=FACE_BOUND('',#371,.T.);
#139=FACE_BOUND('',#372,.T.);
#140=FACE_BOUND('',#373,.T.);
#141=FACE_BOUND('',#375,.T.);
#142=FACE_BOUND('',#376,.T.);
#143=FACE_BOUND('',#377,.T.);
#144=FACE_BOUND('',#378,.T.);
#145=FACE_BOUND('',#389,.T.);
#146=FACE_BOUND('',#397,.T.);
#147=FACE_BOUND('',#399,.T.);
#148=FACE_BOUND('',#400,.T.);
#149=FACE_BOUND('',#401,.T.);
#150=FACE_BOUND('',#402,.T.);
#151=FACE_BOUND('',#403,.T.);
#152=FACE_BOUND('',#404,.T.);
#153=FACE_BOUND('',#405,.T.);
#154=FACE_BOUND('',#406,.T.);
#155=FACE_BOUND('',#407,.T.);
#156=FACE_BOUND('',#408,.T.);
#157=FACE_BOUND('',#409,.T.);
#158=FACE_BOUND('',#410,.T.);
#159=FACE_BOUND('',#411,.T.);
#160=FACE_BOUND('',#412,.T.);
#161=FACE_BOUND('',#413,.T.);
#162=FACE_BOUND('',#504,.T.);
#163=FACE_BOUND('',#506,.T.);
#164=PLANE('',#2388);
#165=PLANE('',#2389);
#166=PLANE('',#2390);
#167=PLANE('',#2391);
#168=PLANE('',#2392);
#169=PLANE('',#2393);
#170=PLANE('',#2407);
#171=PLANE('',#2408);
#172=PLANE('',#2409);
#173=PLANE('',#2410);
#174=PLANE('',#2411);
#175=PLANE('',#2416);
#176=PLANE('',#2426);
#177=PLANE('',#2427);
#178=PLANE('',#2428);
#179=PLANE('',#2429);
#180=PLANE('',#2430);
#181=PLANE('',#2431);
#182=PLANE('',#2432);
#183=PLANE('',#2433);
#184=PLANE('',#2434);
#185=PLANE('',#2435);
#186=PLANE('',#2436);
#187=PLANE('',#2437);
#188=PLANE('',#2438);
#189=PLANE('',#2439);
#190=PLANE('',#2472);
#191=PLANE('',#2473);
#192=PLANE('',#2474);
#193=PLANE('',#2475);
#194=PLANE('',#2476);
#195=PLANE('',#2477);
#196=PLANE('',#2478);
#197=PLANE('',#2479);
#198=PLANE('',#2480);
#199=PLANE('',#2481);
#200=PLANE('',#2482);
#201=PLANE('',#2483);
#202=PLANE('',#2500);
#203=PLANE('',#2517);
#204=PLANE('',#2534);
#205=PLANE('',#2551);
#206=PLANE('',#2568);
#207=PLANE('',#2585);
#208=PLANE('',#2602);
#209=PLANE('',#2636);
#210=PLANE('',#2637);
#211=PLANE('',#2638);
#212=PLANE('',#2639);
#213=FACE_OUTER_BOUND('',#343,.T.);
#214=FACE_OUTER_BOUND('',#344,.T.);
#215=FACE_OUTER_BOUND('',#345,.T.);
#216=FACE_OUTER_BOUND('',#346,.T.);
#217=FACE_OUTER_BOUND('',#347,.T.);
#218=FACE_OUTER_BOUND('',#348,.T.);
#219=FACE_OUTER_BOUND('',#349,.T.);
#220=FACE_OUTER_BOUND('',#350,.T.);
#221=FACE_OUTER_BOUND('',#351,.T.);
#222=FACE_OUTER_BOUND('',#356,.T.);
#223=FACE_OUTER_BOUND('',#361,.T.);
#224=FACE_OUTER_BOUND('',#362,.T.);
#225=FACE_OUTER_BOUND('',#363,.T.);
#226=FACE_OUTER_BOUND('',#364,.T.);
#227=FACE_OUTER_BOUND('',#365,.T.);
#228=FACE_OUTER_BOUND('',#366,.T.);
#229=FACE_OUTER_BOUND('',#367,.T.);
#230=FACE_OUTER_BOUND('',#368,.T.);
#231=FACE_OUTER_BOUND('',#369,.T.);
#232=FACE_OUTER_BOUND('',#374,.T.);
#233=FACE_OUTER_BOUND('',#379,.T.);
#234=FACE_OUTER_BOUND('',#380,.T.);
#235=FACE_OUTER_BOUND('',#381,.T.);
#236=FACE_OUTER_BOUND('',#382,.T.);
#237=FACE_OUTER_BOUND('',#383,.T.);
#238=FACE_OUTER_BOUND('',#384,.T.);
#239=FACE_OUTER_BOUND('',#385,.T.);
#240=FACE_OUTER_BOUND('',#386,.T.);
#241=FACE_OUTER_BOUND('',#387,.T.);
#242=FACE_OUTER_BOUND('',#388,.T.);
#243=FACE_OUTER_BOUND('',#390,.T.);
#244=FACE_OUTER_BOUND('',#391,.T.);
#245=FACE_OUTER_BOUND('',#392,.T.);
#246=FACE_OUTER_BOUND('',#393,.T.);
#247=FACE_OUTER_BOUND('',#394,.T.);
#248=FACE_OUTER_BOUND('',#395,.T.);
#249=FACE_OUTER_BOUND('',#396,.T.);
#250=FACE_OUTER_BOUND('',#398,.T.);
#251=FACE_OUTER_BOUND('',#414,.T.);
#252=FACE_OUTER_BOUND('',#415,.T.);
#253=FACE_OUTER_BOUND('',#416,.T.);
#254=FACE_OUTER_BOUND('',#417,.T.);
#255=FACE_OUTER_BOUND('',#418,.T.);
#256=FACE_OUTER_BOUND('',#419,.T.);
#257=FACE_OUTER_BOUND('',#420,.T.);
#258=FACE_OUTER_BOUND('',#421,.T.);
#259=FACE_OUTER_BOUND('',#422,.T.);
#260=FACE_OUTER_BOUND('',#423,.T.);
#261=FACE_OUTER_BOUND('',#424,.T.);
#262=FACE_OUTER_BOUND('',#425,.T.);
#263=FACE_OUTER_BOUND('',#426,.T.);
#264=FACE_OUTER_BOUND('',#427,.T.);
#265=FACE_OUTER_BOUND('',#428,.T.);
#266=FACE_OUTER_BOUND('',#429,.T.);
#267=FACE_OUTER_BOUND('',#430,.T.);
#268=FACE_OUTER_BOUND('',#431,.T.);
#269=FACE_OUTER_BOUND('',#432,.T.);
#270=FACE_OUTER_BOUND('',#433,.T.);
#271=FACE_OUTER_BOUND('',#434,.T.);
#272=FACE_OUTER_BOUND('',#435,.T.);
#273=FACE_OUTER_BOUND('',#436,.T.);
#274=FACE_OUTER_BOUND('',#437,.T.);
#275=FACE_OUTER_BOUND('',#438,.T.);
#276=FACE_OUTER_BOUND('',#439,.T.);
#277=FACE_OUTER_BOUND('',#440,.T.);
#278=FACE_OUTER_BOUND('',#441,.T.);
#279=FACE_OUTER_BOUND('',#442,.T.);
#280=FACE_OUTER_BOUND('',#443,.T.);
#281=FACE_OUTER_BOUND('',#444,.T.);
#282=FACE_OUTER_BOUND('',#445,.T.);
#283=FACE_OUTER_BOUND('',#446,.T.);
#284=FACE_OUTER_BOUND('',#447,.T.);
#285=FACE_OUTER_BOUND('',#448,.T.);
#286=FACE_OUTER_BOUND('',#449,.T.);
#287=FACE_OUTER_BOUND('',#450,.T.);
#288=FACE_OUTER_BOUND('',#451,.T.);
#289=FACE_OUTER_BOUND('',#452,.T.);
#290=FACE_OUTER_BOUND('',#453,.T.);
#291=FACE_OUTER_BOUND('',#454,.T.);
#292=FACE_OUTER_BOUND('',#455,.T.);
#293=FACE_OUTER_BOUND('',#456,.T.);
#294=FACE_OUTER_BOUND('',#457,.T.);
#295=FACE_OUTER_BOUND('',#458,.T.);
#296=FACE_OUTER_BOUND('',#459,.T.);
#297=FACE_OUTER_BOUND('',#460,.T.);
#298=FACE_OUTER_BOUND('',#461,.T.);
#299=FACE_OUTER_BOUND('',#462,.T.);
#300=FACE_OUTER_BOUND('',#463,.T.);
#301=FACE_OUTER_BOUND('',#464,.T.);
#302=FACE_OUTER_BOUND('',#465,.T.);
#303=FACE_OUTER_BOUND('',#466,.T.);
#304=FACE_OUTER_BOUND('',#467,.T.);
#305=FACE_OUTER_BOUND('',#468,.T.);
#306=FACE_OUTER_BOUND('',#469,.T.);
#307=FACE_OUTER_BOUND('',#470,.T.);
#308=FACE_OUTER_BOUND('',#471,.T.);
#309=FACE_OUTER_BOUND('',#472,.T.);
#310=FACE_OUTER_BOUND('',#473,.T.);
#311=FACE_OUTER_BOUND('',#474,.T.);
#312=FACE_OUTER_BOUND('',#475,.T.);
#313=FACE_OUTER_BOUND('',#476,.T.);
#314=FACE_OUTER_BOUND('',#477,.T.);
#315=FACE_OUTER_BOUND('',#478,.T.);
#316=FACE_OUTER_BOUND('',#479,.T.);
#317=FACE_OUTER_BOUND('',#480,.T.);
#318=FACE_OUTER_BOUND('',#481,.T.);
#319=FACE_OUTER_BOUND('',#482,.T.);
#320=FACE_OUTER_BOUND('',#483,.T.);
#321=FACE_OUTER_BOUND('',#484,.T.);
#322=FACE_OUTER_BOUND('',#485,.T.);
#323=FACE_OUTER_BOUND('',#486,.T.);
#324=FACE_OUTER_BOUND('',#487,.T.);
#325=FACE_OUTER_BOUND('',#488,.T.);
#326=FACE_OUTER_BOUND('',#489,.T.);
#327=FACE_OUTER_BOUND('',#490,.T.);
#328=FACE_OUTER_BOUND('',#491,.T.);
#329=FACE_OUTER_BOUND('',#492,.T.);
#330=FACE_OUTER_BOUND('',#493,.T.);
#331=FACE_OUTER_BOUND('',#494,.T.);
#332=FACE_OUTER_BOUND('',#495,.T.);
#333=FACE_OUTER_BOUND('',#496,.T.);
#334=FACE_OUTER_BOUND('',#497,.T.);
#335=FACE_OUTER_BOUND('',#498,.T.);
#336=FACE_OUTER_BOUND('',#499,.T.);
#337=FACE_OUTER_BOUND('',#500,.T.);
#338=FACE_OUTER_BOUND('',#501,.T.);
#339=FACE_OUTER_BOUND('',#502,.T.);
#340=FACE_OUTER_BOUND('',#503,.T.);
#341=FACE_OUTER_BOUND('',#505,.T.);
#342=FACE_OUTER_BOUND('',#507,.T.);
#343=EDGE_LOOP('',(#1511,#1512,#1513,#1514));
#344=EDGE_LOOP('',(#1515,#1516,#1517,#1518));
#345=EDGE_LOOP('',(#1519,#1520,#1521,#1522));
#346=EDGE_LOOP('',(#1523,#1524,#1525,#1526));
#347=EDGE_LOOP('',(#1527,#1528,#1529,#1530));
#348=EDGE_LOOP('',(#1531,#1532,#1533,#1534));
#349=EDGE_LOOP('',(#1535,#1536,#1537,#1538));
#350=EDGE_LOOP('',(#1539,#1540,#1541,#1542));
#351=EDGE_LOOP('',(#1543,#1544,#1545,#1546));
#352=EDGE_LOOP('',(#1547));
#353=EDGE_LOOP('',(#1548));
#354=EDGE_LOOP('',(#1549));
#355=EDGE_LOOP('',(#1550));
#356=EDGE_LOOP('',(#1551,#1552,#1553,#1554));
#357=EDGE_LOOP('',(#1555));
#358=EDGE_LOOP('',(#1556));
#359=EDGE_LOOP('',(#1557));
#360=EDGE_LOOP('',(#1558));
#361=EDGE_LOOP('',(#1559,#1560,#1561,#1562));
#362=EDGE_LOOP('',(#1563,#1564,#1565,#1566));
#363=EDGE_LOOP('',(#1567,#1568,#1569,#1570));
#364=EDGE_LOOP('',(#1571,#1572,#1573,#1574));
#365=EDGE_LOOP('',(#1575,#1576,#1577,#1578));
#366=EDGE_LOOP('',(#1579,#1580,#1581,#1582));
#367=EDGE_LOOP('',(#1583,#1584,#1585,#1586));
#368=EDGE_LOOP('',(#1587,#1588,#1589,#1590));
#369=EDGE_LOOP('',(#1591,#1592,#1593,#1594,#1595,#1596,#1597,#1598));
#370=EDGE_LOOP('',(#1599));
#371=EDGE_LOOP('',(#1600));
#372=EDGE_LOOP('',(#1601));
#373=EDGE_LOOP('',(#1602));
#374=EDGE_LOOP('',(#1603,#1604,#1605,#1606,#1607,#1608,#1609,#1610));
#375=EDGE_LOOP('',(#1611));
#376=EDGE_LOOP('',(#1612));
#377=EDGE_LOOP('',(#1613));
#378=EDGE_LOOP('',(#1614));
#379=EDGE_LOOP('',(#1615,#1616,#1617,#1618));
#380=EDGE_LOOP('',(#1619,#1620,#1621,#1622));
#381=EDGE_LOOP('',(#1623,#1624,#1625,#1626));
#382=EDGE_LOOP('',(#1627,#1628,#1629,#1630));
#383=EDGE_LOOP('',(#1631,#1632,#1633,#1634));
#384=EDGE_LOOP('',(#1635,#1636,#1637,#1638));
#385=EDGE_LOOP('',(#1639,#1640,#1641,#1642));
#386=EDGE_LOOP('',(#1643,#1644,#1645,#1646));
#387=EDGE_LOOP('',(#1647,#1648,#1649,#1650));
#388=EDGE_LOOP('',(#1651,#1652,#1653,#1654));
#389=EDGE_LOOP('',(#1655,#1656,#1657,#1658));
#390=EDGE_LOOP('',(#1659,#1660,#1661,#1662,#1663,#1664));
#391=EDGE_LOOP('',(#1665,#1666,#1667,#1668));
#392=EDGE_LOOP('',(#1669,#1670,#1671,#1672,#1673,#1674));
#393=EDGE_LOOP('',(#1675,#1676,#1677,#1678));
#394=EDGE_LOOP('',(#1679,#1680,#1681,#1682));
#395=EDGE_LOOP('',(#1683,#1684,#1685,#1686));
#396=EDGE_LOOP('',(#1687,#1688,#1689,#1690));
#397=EDGE_LOOP('',(#1691,#1692,#1693,#1694));
#398=EDGE_LOOP('',(#1695,#1696,#1697,#1698));
#399=EDGE_LOOP('',(#1699,#1700));
#400=EDGE_LOOP('',(#1701,#1702,#1703,#1704));
#401=EDGE_LOOP('',(#1705,#1706));
#402=EDGE_LOOP('',(#1707,#1708));
#403=EDGE_LOOP('',(#1709,#1710));
#404=EDGE_LOOP('',(#1711,#1712));
#405=EDGE_LOOP('',(#1713,#1714));
#406=EDGE_LOOP('',(#1715,#1716,#1717,#1718,#1719,#1720,#1721,#1722));
#407=EDGE_LOOP('',(#1723,#1724,#1725,#1726,#1727,#1728,#1729,#1730));
#408=EDGE_LOOP('',(#1731,#1732,#1733,#1734,#1735,#1736,#1737,#1738));
#409=EDGE_LOOP('',(#1739,#1740,#1741,#1742,#1743,#1744,#1745,#1746));
#410=EDGE_LOOP('',(#1747,#1748,#1749,#1750,#1751,#1752,#1753,#1754));
#411=EDGE_LOOP('',(#1755,#1756,#1757,#1758,#1759,#1760,#1761,#1762));
#412=EDGE_LOOP('',(#1763,#1764,#1765,#1766,#1767,#1768,#1769,#1770));
#413=EDGE_LOOP('',(#1771,#1772,#1773,#1774,#1775,#1776,#1777,#1778));
#414=EDGE_LOOP('',(#1779,#1780,#1781,#1782));
#415=EDGE_LOOP('',(#1783,#1784,#1785,#1786));
#416=EDGE_LOOP('',(#1787,#1788,#1789,#1790));
#417=EDGE_LOOP('',(#1791,#1792,#1793,#1794));
#418=EDGE_LOOP('',(#1795,#1796));
#419=EDGE_LOOP('',(#1797,#1798,#1799,#1800));
#420=EDGE_LOOP('',(#1801,#1802));
#421=EDGE_LOOP('',(#1803,#1804));
#422=EDGE_LOOP('',(#1805,#1806));
#423=EDGE_LOOP('',(#1807,#1808));
#424=EDGE_LOOP('',(#1809,#1810));
#425=EDGE_LOOP('',(#1811,#1812,#1813,#1814,#1815,#1816,#1817,#1818));
#426=EDGE_LOOP('',(#1819,#1820,#1821,#1822));
#427=EDGE_LOOP('',(#1823,#1824,#1825,#1826));
#428=EDGE_LOOP('',(#1827,#1828,#1829,#1830));
#429=EDGE_LOOP('',(#1831,#1832,#1833,#1834));
#430=EDGE_LOOP('',(#1835,#1836,#1837,#1838));
#431=EDGE_LOOP('',(#1839,#1840,#1841,#1842));
#432=EDGE_LOOP('',(#1843,#1844,#1845,#1846));
#433=EDGE_LOOP('',(#1847,#1848,#1849,#1850));
#434=EDGE_LOOP('',(#1851,#1852,#1853,#1854,#1855,#1856,#1857,#1858));
#435=EDGE_LOOP('',(#1859,#1860,#1861,#1862));
#436=EDGE_LOOP('',(#1863,#1864,#1865,#1866));
#437=EDGE_LOOP('',(#1867,#1868,#1869,#1870));
#438=EDGE_LOOP('',(#1871,#1872,#1873,#1874));
#439=EDGE_LOOP('',(#1875,#1876,#1877,#1878));
#440=EDGE_LOOP('',(#1879,#1880,#1881,#1882));
#441=EDGE_LOOP('',(#1883,#1884,#1885,#1886));
#442=EDGE_LOOP('',(#1887,#1888,#1889,#1890));
#443=EDGE_LOOP('',(#1891,#1892,#1893,#1894,#1895,#1896,#1897,#1898));
#444=EDGE_LOOP('',(#1899,#1900,#1901,#1902));
#445=EDGE_LOOP('',(#1903,#1904,#1905,#1906));
#446=EDGE_LOOP('',(#1907,#1908,#1909,#1910));
#447=EDGE_LOOP('',(#1911,#1912,#1913,#1914));
#448=EDGE_LOOP('',(#1915,#1916,#1917,#1918));
#449=EDGE_LOOP('',(#1919,#1920,#1921,#1922));
#450=EDGE_LOOP('',(#1923,#1924,#1925,#1926));
#451=EDGE_LOOP('',(#1927,#1928,#1929,#1930));
#452=EDGE_LOOP('',(#1931,#1932,#1933,#1934,#1935,#1936,#1937,#1938));
#453=EDGE_LOOP('',(#1939,#1940,#1941,#1942));
#454=EDGE_LOOP('',(#1943,#1944,#1945,#1946));
#455=EDGE_LOOP('',(#1947,#1948,#1949,#1950));
#456=EDGE_LOOP('',(#1951,#1952,#1953,#1954));
#457=EDGE_LOOP('',(#1955,#1956,#1957,#1958));
#458=EDGE_LOOP('',(#1959,#1960,#1961,#1962));
#459=EDGE_LOOP('',(#1963,#1964,#1965,#1966));
#460=EDGE_LOOP('',(#1967,#1968,#1969,#1970));
#461=EDGE_LOOP('',(#1971,#1972,#1973,#1974,#1975,#1976,#1977,#1978));
#462=EDGE_LOOP('',(#1979,#1980,#1981,#1982));
#463=EDGE_LOOP('',(#1983,#1984,#1985,#1986));
#464=EDGE_LOOP('',(#1987,#1988,#1989,#1990));
#465=EDGE_LOOP('',(#1991,#1992,#1993,#1994));
#466=EDGE_LOOP('',(#1995,#1996,#1997,#1998));
#467=EDGE_LOOP('',(#1999,#2000,#2001,#2002));
#468=EDGE_LOOP('',(#2003,#2004,#2005,#2006));
#469=EDGE_LOOP('',(#2007,#2008,#2009,#2010));
#470=EDGE_LOOP('',(#2011,#2012,#2013,#2014,#2015,#2016,#2017,#2018));
#471=EDGE_LOOP('',(#2019,#2020,#2021,#2022));
#472=EDGE_LOOP('',(#2023,#2024,#2025,#2026));
#473=EDGE_LOOP('',(#2027,#2028,#2029,#2030));
#474=EDGE_LOOP('',(#2031,#2032,#2033,#2034));
#475=EDGE_LOOP('',(#2035,#2036,#2037,#2038));
#476=EDGE_LOOP('',(#2039,#2040,#2041,#2042));
#477=EDGE_LOOP('',(#2043,#2044,#2045,#2046));
#478=EDGE_LOOP('',(#2047,#2048,#2049,#2050));
#479=EDGE_LOOP('',(#2051,#2052,#2053,#2054,#2055,#2056,#2057,#2058));
#480=EDGE_LOOP('',(#2059,#2060,#2061,#2062));
#481=EDGE_LOOP('',(#2063,#2064,#2065,#2066));
#482=EDGE_LOOP('',(#2067,#2068,#2069,#2070));
#483=EDGE_LOOP('',(#2071,#2072,#2073,#2074));
#484=EDGE_LOOP('',(#2075,#2076,#2077,#2078));
#485=EDGE_LOOP('',(#2079,#2080,#2081,#2082));
#486=EDGE_LOOP('',(#2083,#2084,#2085,#2086));
#487=EDGE_LOOP('',(#2087,#2088,#2089,#2090));
#488=EDGE_LOOP('',(#2091,#2092,#2093,#2094,#2095,#2096,#2097,#2098));
#489=EDGE_LOOP('',(#2099,#2100,#2101,#2102));
#490=EDGE_LOOP('',(#2103,#2104,#2105,#2106));
#491=EDGE_LOOP('',(#2107,#2108,#2109,#2110));
#492=EDGE_LOOP('',(#2111,#2112,#2113,#2114));
#493=EDGE_LOOP('',(#2115,#2116,#2117,#2118));
#494=EDGE_LOOP('',(#2119,#2120,#2121,#2122));
#495=EDGE_LOOP('',(#2123,#2124,#2125,#2126));
#496=EDGE_LOOP('',(#2127,#2128,#2129,#2130));
#497=EDGE_LOOP('',(#2131,#2132,#2133,#2134,#2135));
#498=EDGE_LOOP('',(#2136,#2137,#2138,#2139,#2140));
#499=EDGE_LOOP('',(#2141,#2142,#2143,#2144,#2145));
#500=EDGE_LOOP('',(#2146,#2147,#2148,#2149,#2150));
#501=EDGE_LOOP('',(#2151,#2152,#2153,#2154));
#502=EDGE_LOOP('',(#2155));
#503=EDGE_LOOP('',(#2156));
#504=EDGE_LOOP('',(#2157));
#505=EDGE_LOOP('',(#2158));
#506=EDGE_LOOP('',(#2159));
#507=EDGE_LOOP('',(#2160));
#508=LINE('',#3336,#654);
#509=LINE('',#3342,#655);
#510=LINE('',#3348,#656);
#511=LINE('',#3354,#657);
#512=LINE('',#3359,#658);
#513=LINE('',#3361,#659);
#514=LINE('',#3363,#660);
#515=LINE('',#3364,#661);
#516=LINE('',#3367,#662);
#517=LINE('',#3369,#663);
#518=LINE('',#3370,#664);
#519=LINE('',#3373,#665);
#520=LINE('',#3375,#666);
#521=LINE('',#3376,#667);
#522=LINE('',#3378,#668);
#523=LINE('',#3379,#669);
#524=LINE('',#3387,#670);
#525=LINE('',#3393,#671);
#526=LINE('',#3399,#672);
#527=LINE('',#3405,#673);
#528=LINE('',#3410,#674);
#529=LINE('',#3412,#675);
#530=LINE('',#3414,#676);
#531=LINE('',#3415,#677);
#532=LINE('',#3419,#678);
#533=LINE('',#3421,#679);
#534=LINE('',#3423,#680);
#535=LINE('',#3424,#681);
#536=LINE('',#3428,#682);
#537=LINE('',#3430,#683);
#538=LINE('',#3432,#684);
#539=LINE('',#3433,#685);
#540=LINE('',#3437,#686);
#541=LINE('',#3439,#687);
#542=LINE('',#3441,#688);
#543=LINE('',#3442,#689);
#544=LINE('',#3461,#690);
#545=LINE('',#3463,#691);
#546=LINE('',#3465,#692);
#547=LINE('',#3466,#693);
#548=LINE('',#3470,#694);
#549=LINE('',#3471,#695);
#550=LINE('',#3472,#696);
#551=LINE('',#3475,#697);
#552=LINE('',#3476,#698);
#553=LINE('',#3479,#699);
#554=LINE('',#3480,#700);
#555=LINE('',#3482,#701);
#556=LINE('',#3486,#702);
#557=LINE('',#3488,#703);
#558=LINE('',#3490,#704);
#559=LINE('',#3491,#705);
#560=LINE('',#3494,#706);
#561=LINE('',#3496,#707);
#562=LINE('',#3498,#708);
#563=LINE('',#3499,#709);
#564=LINE('',#3503,#710);
#565=LINE('',#3504,#711);
#566=LINE('',#3506,#712);
#567=LINE('',#3508,#713);
#568=LINE('',#3509,#714);
#569=LINE('',#3512,#715);
#570=LINE('',#3513,#716);
#571=LINE('',#3516,#717);
#572=LINE('',#3518,#718);
#573=LINE('',#3520,#719);
#574=LINE('',#3521,#720);
#575=LINE('',#3523,#721);
#576=LINE('',#3524,#722);
#577=LINE('',#3526,#723);
#578=LINE('',#3532,#724);
#579=LINE('',#3534,#725);
#580=LINE('',#3536,#726);
#581=LINE('',#3537,#727);
#582=LINE('',#3583,#728);
#583=LINE('',#3785,#729);
#584=LINE('',#3789,#730);
#585=LINE('',#3793,#731);
#586=LINE('',#3797,#732);
#587=LINE('',#3801,#733);
#588=LINE('',#3805,#734);
#589=LINE('',#3809,#735);
#590=LINE('',#3813,#736);
#591=LINE('',#3817,#737);
#592=LINE('',#3821,#738);
#593=LINE('',#3825,#739);
#594=LINE('',#3829,#740);
#595=LINE('',#3833,#741);
#596=LINE('',#3837,#742);
#597=LINE('',#3841,#743);
#598=LINE('',#3845,#744);
#599=LINE('',#3849,#745);
#600=LINE('',#3853,#746);
#601=LINE('',#3857,#747);
#602=LINE('',#3861,#748);
#603=LINE('',#3865,#749);
#604=LINE('',#3869,#750);
#605=LINE('',#3873,#751);
#606=LINE('',#3877,#752);
#607=LINE('',#3881,#753);
#608=LINE('',#3885,#754);
#609=LINE('',#3889,#755);
#610=LINE('',#3893,#756);
#611=LINE('',#3897,#757);
#612=LINE('',#3901,#758);
#613=LINE('',#3905,#759);
#614=LINE('',#3909,#760);
#615=LINE('',#3912,#761);
#616=LINE('',#3913,#762);
#617=LINE('',#3915,#763);
#618=LINE('',#3917,#764);
#619=LINE('',#3929,#765);
#620=LINE('',#3933,#766);
#621=LINE('',#3937,#767);
#622=LINE('',#3941,#768);
#623=LINE('',#3994,#769);
#624=LINE('',#3998,#770);
#625=LINE('',#4002,#771);
#626=LINE('',#4006,#772);
#627=LINE('',#4059,#773);
#628=LINE('',#4063,#774);
#629=LINE('',#4067,#775);
#630=LINE('',#4071,#776);
#631=LINE('',#4124,#777);
#632=LINE('',#4128,#778);
#633=LINE('',#4132,#779);
#634=LINE('',#4136,#780);
#635=LINE('',#4189,#781);
#636=LINE('',#4193,#782);
#637=LINE('',#4197,#783);
#638=LINE('',#4201,#784);
#639=LINE('',#4254,#785);
#640=LINE('',#4258,#786);
#641=LINE('',#4262,#787);
#642=LINE('',#4266,#788);
#643=LINE('',#4319,#789);
#644=LINE('',#4323,#790);
#645=LINE('',#4327,#791);
#646=LINE('',#4331,#792);
#647=LINE('',#4384,#793);
#648=LINE('',#4388,#794);
#649=LINE('',#4392,#795);
#650=LINE('',#4396,#796);
#651=LINE('',#4457,#797);
#652=LINE('',#4469,#798);
#653=LINE('',#4474,#799);
#654=VECTOR('',#2652,2.5);
#655=VECTOR('',#2659,2.5);
#656=VECTOR('',#2666,2.5);
#657=VECTOR('',#2673,2.5);
#658=VECTOR('',#2678,1000.);
#659=VECTOR('',#2679,1000.);
#660=VECTOR('',#2680,1000.);
#661=VECTOR('',#2681,1000.);
#662=VECTOR('',#2684,1000.);
#663=VECTOR('',#2685,1000.);
#664=VECTOR('',#2686,1000.);
#665=VECTOR('',#2689,1000.);
#666=VECTOR('',#2690,1000.);
#667=VECTOR('',#2691,1000.);
#668=VECTOR('',#2694,1000.);
#669=VECTOR('',#2695,1000.);
#670=VECTOR('',#2706,2.54999999999999);
#671=VECTOR('',#2713,2.54999999999999);
#672=VECTOR('',#2720,2.54999999999999);
#673=VECTOR('',#2727,2.54999999999999);
#674=VECTOR('',#2732,1000.);
#675=VECTOR('',#2733,1000.);
#676=VECTOR('',#2734,1000.);
#677=VECTOR('',#2735,1000.);
#678=VECTOR('',#2738,1000.);
#679=VECTOR('',#2739,1000.);
#680=VECTOR('',#2740,1000.);
#681=VECTOR('',#2741,1000.);
#682=VECTOR('',#2744,1000.);
#683=VECTOR('',#2745,1000.);
#684=VECTOR('',#2746,1000.);
#685=VECTOR('',#2747,1000.);
#686=VECTOR('',#2750,1000.);
#687=VECTOR('',#2751,1000.);
#688=VECTOR('',#2752,1000.);
#689=VECTOR('',#2753,1000.);
#690=VECTOR('',#2786,1000.);
#691=VECTOR('',#2787,1000.);
#692=VECTOR('',#2788,1000.);
#693=VECTOR('',#2789,1000.);
#694=VECTOR('',#2792,1000.);
#695=VECTOR('',#2793,1000.);
#696=VECTOR('',#2794,1000.);
#697=VECTOR('',#2797,1000.);
#698=VECTOR('',#2798,1000.);
#699=VECTOR('',#2801,1000.);
#700=VECTOR('',#2802,1000.);
#701=VECTOR('',#2805,1000.);
#702=VECTOR('',#2808,1000.);
#703=VECTOR('',#2809,1000.);
#704=VECTOR('',#2810,1000.);
#705=VECTOR('',#2811,1000.);
#706=VECTOR('',#2812,1000.);
#707=VECTOR('',#2813,1000.);
#708=VECTOR('',#2814,1000.);
#709=VECTOR('',#2815,1000.);
#710=VECTOR('',#2818,1000.);
#711=VECTOR('',#2819,1000.);
#712=VECTOR('',#2820,1000.);
#713=VECTOR('',#2821,1000.);
#714=VECTOR('',#2822,1000.);
#715=VECTOR('',#2825,1000.);
#716=VECTOR('',#2826,1000.);
#717=VECTOR('',#2829,1000.);
#718=VECTOR('',#2830,1000.);
#719=VECTOR('',#2831,1000.);
#720=VECTOR('',#2832,1000.);
#721=VECTOR('',#2835,1000.);
#722=VECTOR('',#2836,1000.);
#723=VECTOR('',#2839,1000.);
#724=VECTOR('',#2846,1000.);
#725=VECTOR('',#2847,1000.);
#726=VECTOR('',#2848,1000.);
#727=VECTOR('',#2849,1000.);
#728=VECTOR('',#2850,10.);
#729=VECTOR('',#2851,1000.);
#730=VECTOR('',#2854,1000.);
#731=VECTOR('',#2857,1000.);
#732=VECTOR('',#2860,1000.);
#733=VECTOR('',#2863,1000.);
#734=VECTOR('',#2866,1000.);
#735=VECTOR('',#2869,1000.);
#736=VECTOR('',#2872,1000.);
#737=VECTOR('',#2875,1000.);
#738=VECTOR('',#2878,1000.);
#739=VECTOR('',#2881,1000.);
#740=VECTOR('',#2884,1000.);
#741=VECTOR('',#2887,1000.);
#742=VECTOR('',#2890,1000.);
#743=VECTOR('',#2893,1000.);
#744=VECTOR('',#2896,1000.);
#745=VECTOR('',#2899,1000.);
#746=VECTOR('',#2902,1000.);
#747=VECTOR('',#2905,1000.);
#748=VECTOR('',#2908,1000.);
#749=VECTOR('',#2911,1000.);
#750=VECTOR('',#2914,1000.);
#751=VECTOR('',#2917,1000.);
#752=VECTOR('',#2920,1000.);
#753=VECTOR('',#2923,1000.);
#754=VECTOR('',#2926,1000.);
#755=VECTOR('',#2929,1000.);
#756=VECTOR('',#2932,1000.);
#757=VECTOR('',#2935,1000.);
#758=VECTOR('',#2938,1000.);
#759=VECTOR('',#2941,1000.);
#760=VECTOR('',#2944,1000.);
#761=VECTOR('',#2949,1000.);
#762=VECTOR('',#2950,1000.);
#763=VECTOR('',#2953,1000.);
#764=VECTOR('',#2956,1000.);
#765=VECTOR('',#2975,1000.);
#766=VECTOR('',#2978,1000.);
#767=VECTOR('',#2981,1000.);
#768=VECTOR('',#2984,1000.);
#769=VECTOR('',#3013,1000.);
#770=VECTOR('',#3016,1000.);
#771=VECTOR('',#3019,1000.);
#772=VECTOR('',#3022,1000.);
#773=VECTOR('',#3051,1000.);
#774=VECTOR('',#3054,1000.);
#775=VECTOR('',#3057,1000.);
#776=VECTOR('',#3060,1000.);
#777=VECTOR('',#3089,1000.);
#778=VECTOR('',#3092,1000.);
#779=VECTOR('',#3095,1000.);
#780=VECTOR('',#3098,1000.);
#781=VECTOR('',#3127,1000.);
#782=VECTOR('',#3130,1000.);
#783=VECTOR('',#3133,1000.);
#784=VECTOR('',#3136,1000.);
#785=VECTOR('',#3165,1000.);
#786=VECTOR('',#3168,1000.);
#787=VECTOR('',#3171,1000.);
#788=VECTOR('',#3174,1000.);
#789=VECTOR('',#3203,1000.);
#790=VECTOR('',#3206,1000.);
#791=VECTOR('',#3209,1000.);
#792=VECTOR('',#3212,1000.);
#793=VECTOR('',#3241,1000.);
#794=VECTOR('',#3244,1000.);
#795=VECTOR('',#3247,1000.);
#796=VECTOR('',#3250,1000.);
#797=VECTOR('',#3291,4.75);
#798=VECTOR('',#3306,5.75);
#799=VECTOR('',#3311,3.);
#800=CIRCLE('',#2377,2.5);
#801=CIRCLE('',#2378,2.5);
#802=CIRCLE('',#2380,2.5);
#803=CIRCLE('',#2381,2.5);
#804=CIRCLE('',#2383,2.5);
#805=CIRCLE('',#2384,2.5);
#806=CIRCLE('',#2386,2.5);
#807=CIRCLE('',#2387,2.5);
#808=CIRCLE('',#2396,2.54999999999999);
#809=CIRCLE('',#2397,2.54999999999999);
#810=CIRCLE('',#2399,2.54999999999999);
#811=CIRCLE('',#2400,2.54999999999999);
#812=CIRCLE('',#2402,2.54999999999999);
#813=CIRCLE('',#2403,2.54999999999999);
#814=CIRCLE('',#2405,2.54999999999999);
#815=CIRCLE('',#2406,2.54999999999999);
#816=CIRCLE('',#2412,4.);
#817=CIRCLE('',#2413,4.);
#818=CIRCLE('',#2414,4.);
#819=CIRCLE('',#2415,4.);
#820=CIRCLE('',#2417,4.);
#821=CIRCLE('',#2418,4.);
#822=CIRCLE('',#2419,4.);
#823=CIRCLE('',#2420,4.);
#824=CIRCLE('',#2440,1.);
#825=CIRCLE('',#2441,1.);
#826=CIRCLE('',#2442,1.);
#827=CIRCLE('',#2443,0.999999999999999);
#828=CIRCLE('',#2444,1.);
#829=CIRCLE('',#2445,1.);
#830=CIRCLE('',#2446,1.);
#831=CIRCLE('',#2447,1.);
#832=CIRCLE('',#2448,0.999999999999999);
#833=CIRCLE('',#2449,1.);
#834=CIRCLE('',#2450,1.);
#835=CIRCLE('',#2451,0.999999999999999);
#836=CIRCLE('',#2452,1.);
#837=CIRCLE('',#2453,1.);
#838=CIRCLE('',#2454,0.999999999999999);
#839=CIRCLE('',#2455,0.999999999999999);
#840=CIRCLE('',#2456,1.);
#841=CIRCLE('',#2457,1.);
#842=CIRCLE('',#2458,1.);
#843=CIRCLE('',#2459,1.);
#844=CIRCLE('',#2460,0.999999999999999);
#845=CIRCLE('',#2461,1.);
#846=CIRCLE('',#2462,1.);
#847=CIRCLE('',#2463,1.);
#848=CIRCLE('',#2464,1.);
#849=CIRCLE('',#2465,1.);
#850=CIRCLE('',#2466,0.999999999999999);
#851=CIRCLE('',#2467,1.);
#852=CIRCLE('',#2468,1.);
#853=CIRCLE('',#2469,0.999999999999999);
#854=CIRCLE('',#2470,1.);
#855=CIRCLE('',#2471,1.);
#856=CIRCLE('',#2484,0.363132666876376);
#857=CIRCLE('',#2485,0.363132666876375);
#858=CIRCLE('',#2486,0.363132666876372);
#859=CIRCLE('',#2487,0.363132666876369);
#860=CIRCLE('',#2489,0.707);
#861=CIRCLE('',#2490,0.706999999999999);
#862=CIRCLE('',#2491,0.707);
#863=CIRCLE('',#2492,0.706999999999999);
#864=CIRCLE('',#2494,0.707);
#865=CIRCLE('',#2496,0.706999999999999);
#866=CIRCLE('',#2497,0.706999999999998);
#867=CIRCLE('',#2498,0.706999999999999);
#868=CIRCLE('',#2501,0.363132666876372);
#869=CIRCLE('',#2502,0.363132666876379);
#870=CIRCLE('',#2503,0.363132666876377);
#871=CIRCLE('',#2504,0.363132666876376);
#872=CIRCLE('',#2506,0.706999999999998);
#873=CIRCLE('',#2507,0.706999999999999);
#874=CIRCLE('',#2508,0.706999999999998);
#875=CIRCLE('',#2509,0.706999999999999);
#876=CIRCLE('',#2511,0.706999999999998);
#877=CIRCLE('',#2513,0.706999999999999);
#878=CIRCLE('',#2514,0.707);
#879=CIRCLE('',#2515,0.706999999999999);
#880=CIRCLE('',#2518,0.363132666876372);
#881=CIRCLE('',#2519,0.363132666876379);
#882=CIRCLE('',#2520,0.363132666876377);
#883=CIRCLE('',#2521,0.363132666876376);
#884=CIRCLE('',#2523,0.706999999999998);
#885=CIRCLE('',#2524,0.706999999999999);
#886=CIRCLE('',#2525,0.706999999999998);
#887=CIRCLE('',#2526,0.706999999999999);
#888=CIRCLE('',#2528,0.707);
#889=CIRCLE('',#2530,0.706999999999999);
#890=CIRCLE('',#2531,0.707);
#891=CIRCLE('',#2532,0.706999999999999);
#892=CIRCLE('',#2535,0.363132666876371);
#893=CIRCLE('',#2536,0.363132666876373);
#894=CIRCLE('',#2537,0.363132666876373);
#895=CIRCLE('',#2538,0.363132666876375);
#896=CIRCLE('',#2540,0.707);
#897=CIRCLE('',#2541,0.706999999999999);
#898=CIRCLE('',#2542,0.707);
#899=CIRCLE('',#2543,0.706999999999999);
#900=CIRCLE('',#2545,0.707);
#901=CIRCLE('',#2547,0.706999999999999);
#902=CIRCLE('',#2548,0.707);
#903=CIRCLE('',#2549,0.706999999999999);
#904=CIRCLE('',#2552,0.363132666876372);
#905=CIRCLE('',#2553,0.363132666876377);
#906=CIRCLE('',#2554,0.363132666876372);
#907=CIRCLE('',#2555,0.363132666876372);
#908=CIRCLE('',#2557,0.706999999999998);
#909=CIRCLE('',#2558,0.706999999999999);
#910=CIRCLE('',#2559,0.707);
#911=CIRCLE('',#2560,0.706999999999999);
#912=CIRCLE('',#2562,0.707);
#913=CIRCLE('',#2564,0.706999999999999);
#914=CIRCLE('',#2565,0.707);
#915=CIRCLE('',#2566,0.706999999999999);
#916=CIRCLE('',#2569,0.363132666876372);
#917=CIRCLE('',#2570,0.363132666876377);
#918=CIRCLE('',#2571,0.36313266687637);
#919=CIRCLE('',#2572,0.363132666876372);
#920=CIRCLE('',#2574,0.706999999999998);
#921=CIRCLE('',#2575,0.706999999999999);
#922=CIRCLE('',#2576,0.707);
#923=CIRCLE('',#2577,0.706999999999999);
#924=CIRCLE('',#2579,0.707);
#925=CIRCLE('',#2581,0.706999999999999);
#926=CIRCLE('',#2582,0.707);
#927=CIRCLE('',#2583,0.706999999999999);
#928=CIRCLE('',#2586,0.363132666876376);
#929=CIRCLE('',#2587,0.363132666876376);
#930=CIRCLE('',#2588,0.363132666876377);
#931=CIRCLE('',#2589,0.363132666876376);
#932=CIRCLE('',#2591,0.707000000000001);
#933=CIRCLE('',#2592,0.706999999999999);
#934=CIRCLE('',#2593,0.706999999999998);
#935=CIRCLE('',#2594,0.706999999999999);
#936=CIRCLE('',#2596,0.706999999999998);
#937=CIRCLE('',#2598,0.706999999999999);
#938=CIRCLE('',#2599,0.707);
#939=CIRCLE('',#2600,0.706999999999999);
#940=CIRCLE('',#2603,0.363132666876376);
#941=CIRCLE('',#2604,0.363132666876376);
#942=CIRCLE('',#2605,0.363132666876379);
#943=CIRCLE('',#2606,0.363132666876372);
#944=CIRCLE('',#2608,0.706999999999998);
#945=CIRCLE('',#2609,0.706999999999999);
#946=CIRCLE('',#2610,0.706999999999998);
#947=CIRCLE('',#2611,0.706999999999999);
#948=CIRCLE('',#2613,0.706999999999998);
#949=CIRCLE('',#2615,0.706999999999999);
#950=CIRCLE('',#2616,0.707);
#951=CIRCLE('',#2617,0.706999999999999);
#952=CIRCLE('',#2620,4.03636700715447);
#953=CIRCLE('',#2621,0.5);
#954=CIRCLE('',#2622,3.53791793282774);
#955=CIRCLE('',#2623,4.03636700715447);
#956=CIRCLE('',#2625,4.75);
#957=CIRCLE('',#2627,5.52737391454409);
#958=CIRCLE('',#2628,0.25);
#959=CIRCLE('',#2629,5.27930444536567);
#960=CIRCLE('',#2630,5.52737391454409);
#961=CIRCLE('',#2632,5.75);
#962=CIRCLE('',#2634,3.);
#963=CIRCLE('',#2635,3.);
#964=VERTEX_POINT('',#3333);
#965=VERTEX_POINT('',#3335);
#966=VERTEX_POINT('',#3339);
#967=VERTEX_POINT('',#3341);
#968=VERTEX_POINT('',#3345);
#969=VERTEX_POINT('',#3347);
#970=VERTEX_POINT('',#3351);
#971=VERTEX_POINT('',#3353);
#972=VERTEX_POINT('',#3357);
#973=VERTEX_POINT('',#3358);
#974=VERTEX_POINT('',#3360);
#975=VERTEX_POINT('',#3362);
#976=VERTEX_POINT('',#3366);
#977=VERTEX_POINT('',#3368);
#978=VERTEX_POINT('',#3372);
#979=VERTEX_POINT('',#3374);
#980=VERTEX_POINT('',#3384);
#981=VERTEX_POINT('',#3386);
#982=VERTEX_POINT('',#3390);
#983=VERTEX_POINT('',#3392);
#984=VERTEX_POINT('',#3396);
#985=VERTEX_POINT('',#3398);
#986=VERTEX_POINT('',#3402);
#987=VERTEX_POINT('',#3404);
#988=VERTEX_POINT('',#3408);
#989=VERTEX_POINT('',#3409);
#990=VERTEX_POINT('',#3411);
#991=VERTEX_POINT('',#3413);
#992=VERTEX_POINT('',#3417);
#993=VERTEX_POINT('',#3418);
#994=VERTEX_POINT('',#3420);
#995=VERTEX_POINT('',#3422);
#996=VERTEX_POINT('',#3426);
#997=VERTEX_POINT('',#3427);
#998=VERTEX_POINT('',#3429);
#999=VERTEX_POINT('',#3431);
#1000=VERTEX_POINT('',#3435);
#1001=VERTEX_POINT('',#3436);
#1002=VERTEX_POINT('',#3438);
#1003=VERTEX_POINT('',#3440);
#1004=VERTEX_POINT('',#3459);
#1005=VERTEX_POINT('',#3460);
#1006=VERTEX_POINT('',#3462);
#1007=VERTEX_POINT('',#3464);
#1008=VERTEX_POINT('',#3468);
#1009=VERTEX_POINT('',#3469);
#1010=VERTEX_POINT('',#3474);
#1011=VERTEX_POINT('',#3478);
#1012=VERTEX_POINT('',#3484);
#1013=VERTEX_POINT('',#3485);
#1014=VERTEX_POINT('',#3487);
#1015=VERTEX_POINT('',#3489);
#1016=VERTEX_POINT('',#3492);
#1017=VERTEX_POINT('',#3493);
#1018=VERTEX_POINT('',#3495);
#1019=VERTEX_POINT('',#3497);
#1020=VERTEX_POINT('',#3501);
#1021=VERTEX_POINT('',#3502);
#1022=VERTEX_POINT('',#3505);
#1023=VERTEX_POINT('',#3507);
#1024=VERTEX_POINT('',#3511);
#1025=VERTEX_POINT('',#3515);
#1026=VERTEX_POINT('',#3517);
#1027=VERTEX_POINT('',#3519);
#1028=VERTEX_POINT('',#3530);
#1029=VERTEX_POINT('',#3531);
#1030=VERTEX_POINT('',#3533);
#1031=VERTEX_POINT('',#3535);
#1032=VERTEX_POINT('',#3538);
#1033=VERTEX_POINT('',#3539);
#1034=VERTEX_POINT('',#3576);
#1035=VERTEX_POINT('',#3577);
#1036=VERTEX_POINT('',#3582);
#1037=VERTEX_POINT('',#3584);
#1038=VERTEX_POINT('',#3593);
#1039=VERTEX_POINT('',#3594);
#1040=VERTEX_POINT('',#3631);
#1041=VERTEX_POINT('',#3632);
#1042=VERTEX_POINT('',#3669);
#1043=VERTEX_POINT('',#3670);
#1044=VERTEX_POINT('',#3707);
#1045=VERTEX_POINT('',#3708);
#1046=VERTEX_POINT('',#3745);
#1047=VERTEX_POINT('',#3746);
#1048=VERTEX_POINT('',#3783);
#1049=VERTEX_POINT('',#3784);
#1050=VERTEX_POINT('',#3786);
#1051=VERTEX_POINT('',#3788);
#1052=VERTEX_POINT('',#3790);
#1053=VERTEX_POINT('',#3792);
#1054=VERTEX_POINT('',#3794);
#1055=VERTEX_POINT('',#3796);
#1056=VERTEX_POINT('',#3799);
#1057=VERTEX_POINT('',#3800);
#1058=VERTEX_POINT('',#3802);
#1059=VERTEX_POINT('',#3804);
#1060=VERTEX_POINT('',#3806);
#1061=VERTEX_POINT('',#3808);
#1062=VERTEX_POINT('',#3810);
#1063=VERTEX_POINT('',#3812);
#1064=VERTEX_POINT('',#3815);
#1065=VERTEX_POINT('',#3816);
#1066=VERTEX_POINT('',#3818);
#1067=VERTEX_POINT('',#3820);
#1068=VERTEX_POINT('',#3822);
#1069=VERTEX_POINT('',#3824);
#1070=VERTEX_POINT('',#3826);
#1071=VERTEX_POINT('',#3828);
#1072=VERTEX_POINT('',#3831);
#1073=VERTEX_POINT('',#3832);
#1074=VERTEX_POINT('',#3834);
#1075=VERTEX_POINT('',#3836);
#1076=VERTEX_POINT('',#3838);
#1077=VERTEX_POINT('',#3840);
#1078=VERTEX_POINT('',#3842);
#1079=VERTEX_POINT('',#3844);
#1080=VERTEX_POINT('',#3847);
#1081=VERTEX_POINT('',#3848);
#1082=VERTEX_POINT('',#3850);
#1083=VERTEX_POINT('',#3852);
#1084=VERTEX_POINT('',#3854);
#1085=VERTEX_POINT('',#3856);
#1086=VERTEX_POINT('',#3858);
#1087=VERTEX_POINT('',#3860);
#1088=VERTEX_POINT('',#3863);
#1089=VERTEX_POINT('',#3864);
#1090=VERTEX_POINT('',#3866);
#1091=VERTEX_POINT('',#3868);
#1092=VERTEX_POINT('',#3870);
#1093=VERTEX_POINT('',#3872);
#1094=VERTEX_POINT('',#3874);
#1095=VERTEX_POINT('',#3876);
#1096=VERTEX_POINT('',#3879);
#1097=VERTEX_POINT('',#3880);
#1098=VERTEX_POINT('',#3882);
#1099=VERTEX_POINT('',#3884);
#1100=VERTEX_POINT('',#3886);
#1101=VERTEX_POINT('',#3888);
#1102=VERTEX_POINT('',#3890);
#1103=VERTEX_POINT('',#3892);
#1104=VERTEX_POINT('',#3895);
#1105=VERTEX_POINT('',#3896);
#1106=VERTEX_POINT('',#3898);
#1107=VERTEX_POINT('',#3900);
#1108=VERTEX_POINT('',#3902);
#1109=VERTEX_POINT('',#3904);
#1110=VERTEX_POINT('',#3906);
#1111=VERTEX_POINT('',#3908);
#1112=VERTEX_POINT('',#3927);
#1113=VERTEX_POINT('',#3928);
#1114=VERTEX_POINT('',#3930);
#1115=VERTEX_POINT('',#3932);
#1116=VERTEX_POINT('',#3934);
#1117=VERTEX_POINT('',#3936);
#1118=VERTEX_POINT('',#3938);
#1119=VERTEX_POINT('',#3940);
#1120=VERTEX_POINT('',#3992);
#1121=VERTEX_POINT('',#3993);
#1122=VERTEX_POINT('',#3995);
#1123=VERTEX_POINT('',#3997);
#1124=VERTEX_POINT('',#3999);
#1125=VERTEX_POINT('',#4001);
#1126=VERTEX_POINT('',#4003);
#1127=VERTEX_POINT('',#4005);
#1128=VERTEX_POINT('',#4057);
#1129=VERTEX_POINT('',#4058);
#1130=VERTEX_POINT('',#4060);
#1131=VERTEX_POINT('',#4062);
#1132=VERTEX_POINT('',#4064);
#1133=VERTEX_POINT('',#4066);
#1134=VERTEX_POINT('',#4068);
#1135=VERTEX_POINT('',#4070);
#1136=VERTEX_POINT('',#4122);
#1137=VERTEX_POINT('',#4123);
#1138=VERTEX_POINT('',#4125);
#1139=VERTEX_POINT('',#4127);
#1140=VERTEX_POINT('',#4129);
#1141=VERTEX_POINT('',#4131);
#1142=VERTEX_POINT('',#4133);
#1143=VERTEX_POINT('',#4135);
#1144=VERTEX_POINT('',#4187);
#1145=VERTEX_POINT('',#4188);
#1146=VERTEX_POINT('',#4190);
#1147=VERTEX_POINT('',#4192);
#1148=VERTEX_POINT('',#4194);
#1149=VERTEX_POINT('',#4196);
#1150=VERTEX_POINT('',#4198);
#1151=VERTEX_POINT('',#4200);
#1152=VERTEX_POINT('',#4252);
#1153=VERTEX_POINT('',#4253);
#1154=VERTEX_POINT('',#4255);
#1155=VERTEX_POINT('',#4257);
#1156=VERTEX_POINT('',#4259);
#1157=VERTEX_POINT('',#4261);
#1158=VERTEX_POINT('',#4263);
#1159=VERTEX_POINT('',#4265);
#1160=VERTEX_POINT('',#4317);
#1161=VERTEX_POINT('',#4318);
#1162=VERTEX_POINT('',#4320);
#1163=VERTEX_POINT('',#4322);
#1164=VERTEX_POINT('',#4324);
#1165=VERTEX_POINT('',#4326);
#1166=VERTEX_POINT('',#4328);
#1167=VERTEX_POINT('',#4330);
#1168=VERTEX_POINT('',#4382);
#1169=VERTEX_POINT('',#4383);
#1170=VERTEX_POINT('',#4385);
#1171=VERTEX_POINT('',#4387);
#1172=VERTEX_POINT('',#4389);
#1173=VERTEX_POINT('',#4391);
#1174=VERTEX_POINT('',#4393);
#1175=VERTEX_POINT('',#4395);
#1176=VERTEX_POINT('',#4447);
#1177=VERTEX_POINT('',#4448);
#1178=VERTEX_POINT('',#4450);
#1179=VERTEX_POINT('',#4455);
#1180=VERTEX_POINT('',#4459);
#1181=VERTEX_POINT('',#4460);
#1182=VERTEX_POINT('',#4462);
#1183=VERTEX_POINT('',#4467);
#1184=VERTEX_POINT('',#4471);
#1185=VERTEX_POINT('',#4473);
#1186=EDGE_CURVE('',#964,#964,#800,.T.);
#1187=EDGE_CURVE('',#964,#965,#508,.T.);
#1188=EDGE_CURVE('',#965,#965,#801,.T.);
#1189=EDGE_CURVE('',#966,#966,#802,.T.);
#1190=EDGE_CURVE('',#966,#967,#509,.T.);
#1191=EDGE_CURVE('',#967,#967,#803,.T.);
#1192=EDGE_CURVE('',#968,#968,#804,.T.);
#1193=EDGE_CURVE('',#968,#969,#510,.T.);
#1194=EDGE_CURVE('',#969,#969,#805,.T.);
#1195=EDGE_CURVE('',#970,#970,#806,.T.);
#1196=EDGE_CURVE('',#970,#971,#511,.T.);
#1197=EDGE_CURVE('',#971,#971,#807,.T.);
#1198=EDGE_CURVE('',#972,#973,#512,.T.);
#1199=EDGE_CURVE('',#974,#973,#513,.T.);
#1200=EDGE_CURVE('',#975,#974,#514,.T.);
#1201=EDGE_CURVE('',#975,#972,#515,.T.);
#1202=EDGE_CURVE('',#973,#976,#516,.T.);
#1203=EDGE_CURVE('',#977,#976,#517,.T.);
#1204=EDGE_CURVE('',#974,#977,#518,.T.);
#1205=EDGE_CURVE('',#976,#978,#519,.T.);
#1206=EDGE_CURVE('',#979,#978,#520,.T.);
#1207=EDGE_CURVE('',#977,#979,#521,.T.);
#1208=EDGE_CURVE('',#978,#972,#522,.T.);
#1209=EDGE_CURVE('',#979,#975,#523,.T.);
#1210=EDGE_CURVE('',#980,#980,#808,.T.);
#1211=EDGE_CURVE('',#980,#981,#524,.T.);
#1212=EDGE_CURVE('',#981,#981,#809,.T.);
#1213=EDGE_CURVE('',#982,#982,#810,.T.);
#1214=EDGE_CURVE('',#982,#983,#525,.T.);
#1215=EDGE_CURVE('',#983,#983,#811,.T.);
#1216=EDGE_CURVE('',#984,#984,#812,.T.);
#1217=EDGE_CURVE('',#984,#985,#526,.T.);
#1218=EDGE_CURVE('',#985,#985,#813,.T.);
#1219=EDGE_CURVE('',#986,#986,#814,.T.);
#1220=EDGE_CURVE('',#986,#987,#527,.T.);
#1221=EDGE_CURVE('',#987,#987,#815,.T.);
#1222=EDGE_CURVE('',#988,#989,#528,.T.);
#1223=EDGE_CURVE('',#988,#990,#529,.T.);
#1224=EDGE_CURVE('',#990,#991,#530,.T.);
#1225=EDGE_CURVE('',#991,#989,#531,.T.);
#1226=EDGE_CURVE('',#992,#993,#532,.T.);
#1227=EDGE_CURVE('',#993,#994,#533,.T.);
#1228=EDGE_CURVE('',#995,#994,#534,.T.);
#1229=EDGE_CURVE('',#995,#992,#535,.T.);
#1230=EDGE_CURVE('',#996,#997,#536,.T.);
#1231=EDGE_CURVE('',#996,#998,#537,.T.);
#1232=EDGE_CURVE('',#998,#999,#538,.T.);
#1233=EDGE_CURVE('',#999,#997,#539,.T.);
#1234=EDGE_CURVE('',#1000,#1001,#540,.T.);
#1235=EDGE_CURVE('',#1000,#1002,#541,.T.);
#1236=EDGE_CURVE('',#1002,#1003,#542,.T.);
#1237=EDGE_CURVE('',#1003,#1001,#543,.T.);
#1238=EDGE_CURVE('',#994,#996,#816,.T.);
#1239=EDGE_CURVE('',#997,#1000,#817,.T.);
#1240=EDGE_CURVE('',#1001,#988,#818,.T.);
#1241=EDGE_CURVE('',#989,#995,#819,.T.);
#1242=EDGE_CURVE('',#998,#993,#820,.T.);
#1243=EDGE_CURVE('',#992,#991,#821,.T.);
#1244=EDGE_CURVE('',#990,#1003,#822,.T.);
#1245=EDGE_CURVE('',#1002,#999,#823,.T.);
#1246=EDGE_CURVE('',#1004,#1005,#544,.T.);
#1247=EDGE_CURVE('',#1005,#1006,#545,.T.);
#1248=EDGE_CURVE('',#1006,#1007,#546,.T.);
#1249=EDGE_CURVE('',#1007,#1004,#547,.T.);
#1250=EDGE_CURVE('',#1008,#1009,#548,.T.);
#1251=EDGE_CURVE('',#1009,#1005,#549,.T.);
#1252=EDGE_CURVE('',#1008,#1004,#550,.T.);
#1253=EDGE_CURVE('',#1009,#1010,#551,.T.);
#1254=EDGE_CURVE('',#1010,#1006,#552,.T.);
#1255=EDGE_CURVE('',#1010,#1011,#553,.T.);
#1256=EDGE_CURVE('',#1011,#1007,#554,.T.);
#1257=EDGE_CURVE('',#1011,#1008,#555,.T.);
#1258=EDGE_CURVE('',#1012,#1013,#556,.T.);
#1259=EDGE_CURVE('',#1012,#1014,#557,.T.);
#1260=EDGE_CURVE('',#1014,#1015,#558,.T.);
#1261=EDGE_CURVE('',#1013,#1015,#559,.T.);
#1262=EDGE_CURVE('',#1016,#1017,#560,.T.);
#1263=EDGE_CURVE('',#1017,#1018,#561,.T.);
#1264=EDGE_CURVE('',#1018,#1019,#562,.T.);
#1265=EDGE_CURVE('',#1019,#1016,#563,.T.);
#1266=EDGE_CURVE('',#1020,#1021,#564,.T.);
#1267=EDGE_CURVE('',#1021,#1012,#565,.T.);
#1268=EDGE_CURVE('',#1013,#1022,#566,.T.);
#1269=EDGE_CURVE('',#1023,#1022,#567,.T.);
#1270=EDGE_CURVE('',#1020,#1023,#568,.T.);
#1271=EDGE_CURVE('',#1021,#1024,#569,.T.);
#1272=EDGE_CURVE('',#1024,#1014,#570,.T.);
#1273=EDGE_CURVE('',#1024,#1025,#571,.T.);
#1274=EDGE_CURVE('',#1025,#1026,#572,.T.);
#1275=EDGE_CURVE('',#1027,#1026,#573,.T.);
#1276=EDGE_CURVE('',#1015,#1027,#574,.T.);
#1277=EDGE_CURVE('',#1023,#1026,#575,.T.);
#1278=EDGE_CURVE('',#1025,#1020,#576,.T.);
#1279=EDGE_CURVE('',#1022,#1027,#577,.T.);
#1280=EDGE_CURVE('',#1028,#1029,#578,.T.);
#1281=EDGE_CURVE('',#1030,#1028,#579,.T.);
#1282=EDGE_CURVE('',#1031,#1030,#580,.T.);
#1283=EDGE_CURVE('',#1029,#1031,#581,.T.);
#1284=EDGE_CURVE('',#1032,#1033,#63,.T.);
#1285=EDGE_CURVE('',#1033,#1032,#64,.T.);
#1286=EDGE_CURVE('',#1034,#1035,#65,.T.);
#1287=EDGE_CURVE('',#1035,#1036,#582,.T.);
#1288=EDGE_CURVE('',#1036,#1037,#66,.T.);
#1289=EDGE_CURVE('',#1034,#1037,#67,.T.);
#1290=EDGE_CURVE('',#1038,#1039,#68,.T.);
#1291=EDGE_CURVE('',#1039,#1038,#69,.T.);
#1292=EDGE_CURVE('',#1040,#1041,#70,.T.);
#1293=EDGE_CURVE('',#1041,#1040,#71,.T.);
#1294=EDGE_CURVE('',#1042,#1043,#72,.T.);
#1295=EDGE_CURVE('',#1043,#1042,#73,.T.);
#1296=EDGE_CURVE('',#1044,#1045,#74,.T.);
#1297=EDGE_CURVE('',#1045,#1044,#75,.T.);
#1298=EDGE_CURVE('',#1046,#1047,#76,.T.);
#1299=EDGE_CURVE('',#1047,#1046,#77,.T.);
#1300=EDGE_CURVE('',#1048,#1049,#583,.T.);
#1301=EDGE_CURVE('',#1049,#1050,#824,.T.);
#1302=EDGE_CURVE('',#1050,#1051,#584,.T.);
#1303=EDGE_CURVE('',#1051,#1052,#825,.T.);
#1304=EDGE_CURVE('',#1052,#1053,#585,.T.);
#1305=EDGE_CURVE('',#1053,#1054,#826,.T.);
#1306=EDGE_CURVE('',#1054,#1055,#586,.T.);
#1307=EDGE_CURVE('',#1055,#1048,#827,.T.);
#1308=EDGE_CURVE('',#1056,#1057,#587,.T.);
#1309=EDGE_CURVE('',#1057,#1058,#828,.T.);
#1310=EDGE_CURVE('',#1058,#1059,#588,.T.);
#1311=EDGE_CURVE('',#1059,#1060,#829,.T.);
#1312=EDGE_CURVE('',#1060,#1061,#589,.T.);
#1313=EDGE_CURVE('',#1061,#1062,#830,.T.);
#1314=EDGE_CURVE('',#1062,#1063,#590,.T.);
#1315=EDGE_CURVE('',#1063,#1056,#831,.T.);
#1316=EDGE_CURVE('',#1064,#1065,#591,.T.);
#1317=EDGE_CURVE('',#1065,#1066,#832,.T.);
#1318=EDGE_CURVE('',#1066,#1067,#592,.T.);
#1319=EDGE_CURVE('',#1067,#1068,#833,.T.);
#1320=EDGE_CURVE('',#1068,#1069,#593,.T.);
#1321=EDGE_CURVE('',#1069,#1070,#834,.T.);
#1322=EDGE_CURVE('',#1070,#1071,#594,.T.);
#1323=EDGE_CURVE('',#1071,#1064,#835,.T.);
#1324=EDGE_CURVE('',#1072,#1073,#595,.T.);
#1325=EDGE_CURVE('',#1073,#1074,#836,.T.);
#1326=EDGE_CURVE('',#1074,#1075,#596,.T.);
#1327=EDGE_CURVE('',#1075,#1076,#837,.T.);
#1328=EDGE_CURVE('',#1076,#1077,#597,.T.);
#1329=EDGE_CURVE('',#1077,#1078,#838,.T.);
#1330=EDGE_CURVE('',#1078,#1079,#598,.T.);
#1331=EDGE_CURVE('',#1079,#1072,#839,.T.);
#1332=EDGE_CURVE('',#1080,#1081,#599,.T.);
#1333=EDGE_CURVE('',#1081,#1082,#840,.T.);
#1334=EDGE_CURVE('',#1082,#1083,#600,.T.);
#1335=EDGE_CURVE('',#1083,#1084,#841,.T.);
#1336=EDGE_CURVE('',#1084,#1085,#601,.T.);
#1337=EDGE_CURVE('',#1085,#1086,#842,.T.);
#1338=EDGE_CURVE('',#1086,#1087,#602,.T.);
#1339=EDGE_CURVE('',#1087,#1080,#843,.T.);
#1340=EDGE_CURVE('',#1088,#1089,#603,.T.);
#1341=EDGE_CURVE('',#1089,#1090,#844,.T.);
#1342=EDGE_CURVE('',#1090,#1091,#604,.T.);
#1343=EDGE_CURVE('',#1091,#1092,#845,.T.);
#1344=EDGE_CURVE('',#1092,#1093,#605,.T.);
#1345=EDGE_CURVE('',#1093,#1094,#846,.T.);
#1346=EDGE_CURVE('',#1094,#1095,#606,.T.);
#1347=EDGE_CURVE('',#1095,#1088,#847,.T.);
#1348=EDGE_CURVE('',#1096,#1097,#607,.T.);
#1349=EDGE_CURVE('',#1097,#1098,#848,.T.);
#1350=EDGE_CURVE('',#1098,#1099,#608,.T.);
#1351=EDGE_CURVE('',#1099,#1100,#849,.T.);
#1352=EDGE_CURVE('',#1100,#1101,#609,.T.);
#1353=EDGE_CURVE('',#1101,#1102,#850,.T.);
#1354=EDGE_CURVE('',#1102,#1103,#610,.T.);
#1355=EDGE_CURVE('',#1103,#1096,#851,.T.);
#1356=EDGE_CURVE('',#1104,#1105,#611,.T.);
#1357=EDGE_CURVE('',#1105,#1106,#852,.T.);
#1358=EDGE_CURVE('',#1106,#1107,#612,.T.);
#1359=EDGE_CURVE('',#1107,#1108,#853,.T.);
#1360=EDGE_CURVE('',#1108,#1109,#613,.T.);
#1361=EDGE_CURVE('',#1109,#1110,#854,.T.);
#1362=EDGE_CURVE('',#1110,#1111,#614,.T.);
#1363=EDGE_CURVE('',#1111,#1104,#855,.T.);
#1364=EDGE_CURVE('',#1017,#1028,#615,.T.);
#1365=EDGE_CURVE('',#1018,#1029,#616,.T.);
#1366=EDGE_CURVE('',#1019,#1031,#617,.T.);
#1367=EDGE_CURVE('',#1016,#1030,#618,.T.);
#1368=EDGE_CURVE('',#1112,#1113,#619,.T.);
#1369=EDGE_CURVE('',#1114,#1112,#856,.T.);
#1370=EDGE_CURVE('',#1115,#1114,#620,.T.);
#1371=EDGE_CURVE('',#1116,#1115,#857,.T.);
#1372=EDGE_CURVE('',#1117,#1116,#621,.T.);
#1373=EDGE_CURVE('',#1118,#1117,#858,.T.);
#1374=EDGE_CURVE('',#1119,#1118,#622,.T.);
#1375=EDGE_CURVE('',#1113,#1119,#859,.T.);
#1376=EDGE_CURVE('',#1091,#1116,#860,.T.);
#1377=EDGE_CURVE('',#1117,#1090,#861,.T.);
#1378=EDGE_CURVE('',#1092,#1115,#862,.T.);
#1379=EDGE_CURVE('',#1118,#1089,#863,.T.);
#1380=EDGE_CURVE('',#1093,#1114,#864,.T.);
#1381=EDGE_CURVE('',#1119,#1088,#865,.T.);
#1382=EDGE_CURVE('',#1094,#1112,#866,.T.);
#1383=EDGE_CURVE('',#1113,#1095,#867,.T.);
#1384=EDGE_CURVE('',#1120,#1121,#623,.T.);
#1385=EDGE_CURVE('',#1122,#1120,#868,.T.);
#1386=EDGE_CURVE('',#1123,#1122,#624,.T.);
#1387=EDGE_CURVE('',#1124,#1123,#869,.T.);
#1388=EDGE_CURVE('',#1125,#1124,#625,.T.);
#1389=EDGE_CURVE('',#1126,#1125,#870,.T.);
#1390=EDGE_CURVE('',#1127,#1126,#626,.T.);
#1391=EDGE_CURVE('',#1121,#1127,#871,.T.);
#1392=EDGE_CURVE('',#1069,#1124,#872,.T.);
#1393=EDGE_CURVE('',#1125,#1068,#873,.T.);
#1394=EDGE_CURVE('',#1070,#1123,#874,.T.);
#1395=EDGE_CURVE('',#1126,#1067,#875,.T.);
#1396=EDGE_CURVE('',#1071,#1122,#876,.T.);
#1397=EDGE_CURVE('',#1127,#1066,#877,.T.);
#1398=EDGE_CURVE('',#1064,#1120,#878,.T.);
#1399=EDGE_CURVE('',#1121,#1065,#879,.T.);
#1400=EDGE_CURVE('',#1128,#1129,#627,.T.);
#1401=EDGE_CURVE('',#1130,#1128,#880,.T.);
#1402=EDGE_CURVE('',#1131,#1130,#628,.T.);
#1403=EDGE_CURVE('',#1132,#1131,#881,.T.);
#1404=EDGE_CURVE('',#1133,#1132,#629,.T.);
#1405=EDGE_CURVE('',#1134,#1133,#882,.T.);
#1406=EDGE_CURVE('',#1135,#1134,#630,.T.);
#1407=EDGE_CURVE('',#1129,#1135,#883,.T.);
#1408=EDGE_CURVE('',#1097,#1132,#884,.T.);
#1409=EDGE_CURVE('',#1133,#1096,#885,.T.);
#1410=EDGE_CURVE('',#1098,#1131,#886,.T.);
#1411=EDGE_CURVE('',#1134,#1103,#887,.T.);
#1412=EDGE_CURVE('',#1099,#1130,#888,.T.);
#1413=EDGE_CURVE('',#1135,#1102,#889,.T.);
#1414=EDGE_CURVE('',#1100,#1128,#890,.T.);
#1415=EDGE_CURVE('',#1129,#1101,#891,.T.);
#1416=EDGE_CURVE('',#1136,#1137,#631,.T.);
#1417=EDGE_CURVE('',#1138,#1136,#892,.T.);
#1418=EDGE_CURVE('',#1139,#1138,#632,.T.);
#1419=EDGE_CURVE('',#1140,#1139,#893,.T.);
#1420=EDGE_CURVE('',#1141,#1140,#633,.T.);
#1421=EDGE_CURVE('',#1142,#1141,#894,.T.);
#1422=EDGE_CURVE('',#1143,#1142,#634,.T.);
#1423=EDGE_CURVE('',#1137,#1143,#895,.T.);
#1424=EDGE_CURVE('',#1063,#1140,#896,.T.);
#1425=EDGE_CURVE('',#1141,#1062,#897,.T.);
#1426=EDGE_CURVE('',#1056,#1139,#898,.T.);
#1427=EDGE_CURVE('',#1142,#1061,#899,.T.);
#1428=EDGE_CURVE('',#1057,#1138,#900,.T.);
#1429=EDGE_CURVE('',#1143,#1060,#901,.T.);
#1430=EDGE_CURVE('',#1058,#1136,#902,.T.);
#1431=EDGE_CURVE('',#1137,#1059,#903,.T.);
#1432=EDGE_CURVE('',#1144,#1145,#635,.T.);
#1433=EDGE_CURVE('',#1146,#1144,#904,.T.);
#1434=EDGE_CURVE('',#1147,#1146,#636,.T.);
#1435=EDGE_CURVE('',#1148,#1147,#905,.T.);
#1436=EDGE_CURVE('',#1149,#1148,#637,.T.);
#1437=EDGE_CURVE('',#1150,#1149,#906,.T.);
#1438=EDGE_CURVE('',#1151,#1150,#638,.T.);
#1439=EDGE_CURVE('',#1145,#1151,#907,.T.);
#1440=EDGE_CURVE('',#1053,#1148,#908,.T.);
#1441=EDGE_CURVE('',#1149,#1052,#909,.T.);
#1442=EDGE_CURVE('',#1054,#1147,#910,.T.);
#1443=EDGE_CURVE('',#1150,#1051,#911,.T.);
#1444=EDGE_CURVE('',#1055,#1146,#912,.T.);
#1445=EDGE_CURVE('',#1151,#1050,#913,.T.);
#1446=EDGE_CURVE('',#1048,#1144,#914,.T.);
#1447=EDGE_CURVE('',#1145,#1049,#915,.T.);
#1448=EDGE_CURVE('',#1152,#1153,#639,.T.);
#1449=EDGE_CURVE('',#1154,#1152,#916,.T.);
#1450=EDGE_CURVE('',#1155,#1154,#640,.T.);
#1451=EDGE_CURVE('',#1156,#1155,#917,.T.);
#1452=EDGE_CURVE('',#1157,#1156,#641,.T.);
#1453=EDGE_CURVE('',#1158,#1157,#918,.T.);
#1454=EDGE_CURVE('',#1159,#1158,#642,.T.);
#1455=EDGE_CURVE('',#1153,#1159,#919,.T.);
#1456=EDGE_CURVE('',#1083,#1156,#920,.T.);
#1457=EDGE_CURVE('',#1157,#1082,#921,.T.);
#1458=EDGE_CURVE('',#1084,#1155,#922,.T.);
#1459=EDGE_CURVE('',#1158,#1081,#923,.T.);
#1460=EDGE_CURVE('',#1085,#1154,#924,.T.);
#1461=EDGE_CURVE('',#1159,#1080,#925,.T.);
#1462=EDGE_CURVE('',#1086,#1152,#926,.T.);
#1463=EDGE_CURVE('',#1153,#1087,#927,.T.);
#1464=EDGE_CURVE('',#1160,#1161,#643,.T.);
#1465=EDGE_CURVE('',#1162,#1160,#928,.T.);
#1466=EDGE_CURVE('',#1163,#1162,#644,.T.);
#1467=EDGE_CURVE('',#1164,#1163,#929,.T.);
#1468=EDGE_CURVE('',#1165,#1164,#645,.T.);
#1469=EDGE_CURVE('',#1166,#1165,#930,.T.);
#1470=EDGE_CURVE('',#1167,#1166,#646,.T.);
#1471=EDGE_CURVE('',#1161,#1167,#931,.T.);
#1472=EDGE_CURVE('',#1075,#1164,#932,.T.);
#1473=EDGE_CURVE('',#1165,#1074,#933,.T.);
#1474=EDGE_CURVE('',#1076,#1163,#934,.T.);
#1475=EDGE_CURVE('',#1166,#1073,#935,.T.);
#1476=EDGE_CURVE('',#1077,#1162,#936,.T.);
#1477=EDGE_CURVE('',#1167,#1072,#937,.T.);
#1478=EDGE_CURVE('',#1078,#1160,#938,.T.);
#1479=EDGE_CURVE('',#1161,#1079,#939,.T.);
#1480=EDGE_CURVE('',#1168,#1169,#647,.T.);
#1481=EDGE_CURVE('',#1170,#1168,#940,.T.);
#1482=EDGE_CURVE('',#1171,#1170,#648,.T.);
#1483=EDGE_CURVE('',#1172,#1171,#941,.T.);
#1484=EDGE_CURVE('',#1173,#1172,#649,.T.);
#1485=EDGE_CURVE('',#1174,#1173,#942,.T.);
#1486=EDGE_CURVE('',#1175,#1174,#650,.T.);
#1487=EDGE_CURVE('',#1169,#1175,#943,.T.);
#1488=EDGE_CURVE('',#1105,#1172,#944,.T.);
#1489=EDGE_CURVE('',#1173,#1104,#945,.T.);
#1490=EDGE_CURVE('',#1106,#1171,#946,.T.);
#1491=EDGE_CURVE('',#1174,#1111,#947,.T.);
#1492=EDGE_CURVE('',#1107,#1170,#948,.T.);
#1493=EDGE_CURVE('',#1175,#1110,#949,.T.);
#1494=EDGE_CURVE('',#1108,#1168,#950,.T.);
#1495=EDGE_CURVE('',#1169,#1109,#951,.T.);
#1496=EDGE_CURVE('',#1176,#1177,#952,.T.);
#1497=EDGE_CURVE('',#1177,#1178,#953,.T.);
#1498=EDGE_CURVE('',#1178,#1178,#954,.T.);
#1499=EDGE_CURVE('',#1177,#1176,#955,.T.);
#1500=EDGE_CURVE('',#1179,#1179,#956,.T.);
#1501=EDGE_CURVE('',#1179,#1176,#651,.T.);
#1502=EDGE_CURVE('',#1180,#1181,#957,.T.);
#1503=EDGE_CURVE('',#1181,#1182,#958,.T.);
#1504=EDGE_CURVE('',#1182,#1182,#959,.T.);
#1505=EDGE_CURVE('',#1181,#1180,#960,.T.);
#1506=EDGE_CURVE('',#1183,#1183,#961,.T.);
#1507=EDGE_CURVE('',#1183,#1180,#652,.T.);
#1508=EDGE_CURVE('',#1184,#1184,#962,.T.);
#1509=EDGE_CURVE('',#1184,#1185,#653,.T.);
#1510=EDGE_CURVE('',#1185,#1185,#963,.T.);
#1511=ORIENTED_EDGE('',*,*,#1186,.F.);
#1512=ORIENTED_EDGE('',*,*,#1187,.T.);
#1513=ORIENTED_EDGE('',*,*,#1188,.F.);
#1514=ORIENTED_EDGE('',*,*,#1187,.F.);
#1515=ORIENTED_EDGE('',*,*,#1189,.T.);
#1516=ORIENTED_EDGE('',*,*,#1190,.T.);
#1517=ORIENTED_EDGE('',*,*,#1191,.T.);
#1518=ORIENTED_EDGE('',*,*,#1190,.F.);
#1519=ORIENTED_EDGE('',*,*,#1192,.F.);
#1520=ORIENTED_EDGE('',*,*,#1193,.T.);
#1521=ORIENTED_EDGE('',*,*,#1194,.F.);
#1522=ORIENTED_EDGE('',*,*,#1193,.F.);
#1523=ORIENTED_EDGE('',*,*,#1195,.T.);
#1524=ORIENTED_EDGE('',*,*,#1196,.T.);
#1525=ORIENTED_EDGE('',*,*,#1197,.T.);
#1526=ORIENTED_EDGE('',*,*,#1196,.F.);
#1527=ORIENTED_EDGE('',*,*,#1198,.T.);
#1528=ORIENTED_EDGE('',*,*,#1199,.F.);
#1529=ORIENTED_EDGE('',*,*,#1200,.F.);
#1530=ORIENTED_EDGE('',*,*,#1201,.T.);
#1531=ORIENTED_EDGE('',*,*,#1202,.T.);
#1532=ORIENTED_EDGE('',*,*,#1203,.F.);
#1533=ORIENTED_EDGE('',*,*,#1204,.F.);
#1534=ORIENTED_EDGE('',*,*,#1199,.T.);
#1535=ORIENTED_EDGE('',*,*,#1205,.T.);
#1536=ORIENTED_EDGE('',*,*,#1206,.F.);
#1537=ORIENTED_EDGE('',*,*,#1207,.F.);
#1538=ORIENTED_EDGE('',*,*,#1203,.T.);
#1539=ORIENTED_EDGE('',*,*,#1208,.T.);
#1540=ORIENTED_EDGE('',*,*,#1201,.F.);
#1541=ORIENTED_EDGE('',*,*,#1209,.F.);
#1542=ORIENTED_EDGE('',*,*,#1206,.T.);
#1543=ORIENTED_EDGE('',*,*,#1200,.T.);
#1544=ORIENTED_EDGE('',*,*,#1204,.T.);
#1545=ORIENTED_EDGE('',*,*,#1207,.T.);
#1546=ORIENTED_EDGE('',*,*,#1209,.T.);
#1547=ORIENTED_EDGE('',*,*,#1188,.T.);
#1548=ORIENTED_EDGE('',*,*,#1191,.F.);
#1549=ORIENTED_EDGE('',*,*,#1194,.T.);
#1550=ORIENTED_EDGE('',*,*,#1197,.F.);
#1551=ORIENTED_EDGE('',*,*,#1198,.F.);
#1552=ORIENTED_EDGE('',*,*,#1208,.F.);
#1553=ORIENTED_EDGE('',*,*,#1205,.F.);
#1554=ORIENTED_EDGE('',*,*,#1202,.F.);
#1555=ORIENTED_EDGE('',*,*,#1186,.T.);
#1556=ORIENTED_EDGE('',*,*,#1189,.F.);
#1557=ORIENTED_EDGE('',*,*,#1192,.T.);
#1558=ORIENTED_EDGE('',*,*,#1195,.F.);
#1559=ORIENTED_EDGE('',*,*,#1210,.F.);
#1560=ORIENTED_EDGE('',*,*,#1211,.T.);
#1561=ORIENTED_EDGE('',*,*,#1212,.T.);
#1562=ORIENTED_EDGE('',*,*,#1211,.F.);
#1563=ORIENTED_EDGE('',*,*,#1213,.F.);
#1564=ORIENTED_EDGE('',*,*,#1214,.T.);
#1565=ORIENTED_EDGE('',*,*,#1215,.T.);
#1566=ORIENTED_EDGE('',*,*,#1214,.F.);
#1567=ORIENTED_EDGE('',*,*,#1216,.F.);
#1568=ORIENTED_EDGE('',*,*,#1217,.T.);
#1569=ORIENTED_EDGE('',*,*,#1218,.T.);
#1570=ORIENTED_EDGE('',*,*,#1217,.F.);
#1571=ORIENTED_EDGE('',*,*,#1219,.F.);
#1572=ORIENTED_EDGE('',*,*,#1220,.T.);
#1573=ORIENTED_EDGE('',*,*,#1221,.T.);
#1574=ORIENTED_EDGE('',*,*,#1220,.F.);
#1575=ORIENTED_EDGE('',*,*,#1222,.F.);
#1576=ORIENTED_EDGE('',*,*,#1223,.T.);
#1577=ORIENTED_EDGE('',*,*,#1224,.T.);
#1578=ORIENTED_EDGE('',*,*,#1225,.T.);
#1579=ORIENTED_EDGE('',*,*,#1226,.T.);
#1580=ORIENTED_EDGE('',*,*,#1227,.T.);
#1581=ORIENTED_EDGE('',*,*,#1228,.F.);
#1582=ORIENTED_EDGE('',*,*,#1229,.T.);
#1583=ORIENTED_EDGE('',*,*,#1230,.F.);
#1584=ORIENTED_EDGE('',*,*,#1231,.T.);
#1585=ORIENTED_EDGE('',*,*,#1232,.T.);
#1586=ORIENTED_EDGE('',*,*,#1233,.T.);
#1587=ORIENTED_EDGE('',*,*,#1234,.F.);
#1588=ORIENTED_EDGE('',*,*,#1235,.T.);
#1589=ORIENTED_EDGE('',*,*,#1236,.T.);
#1590=ORIENTED_EDGE('',*,*,#1237,.T.);
#1591=ORIENTED_EDGE('',*,*,#1228,.T.);
#1592=ORIENTED_EDGE('',*,*,#1238,.T.);
#1593=ORIENTED_EDGE('',*,*,#1230,.T.);
#1594=ORIENTED_EDGE('',*,*,#1239,.T.);
#1595=ORIENTED_EDGE('',*,*,#1234,.T.);
#1596=ORIENTED_EDGE('',*,*,#1240,.T.);
#1597=ORIENTED_EDGE('',*,*,#1222,.T.);
#1598=ORIENTED_EDGE('',*,*,#1241,.T.);
#1599=ORIENTED_EDGE('',*,*,#1210,.T.);
#1600=ORIENTED_EDGE('',*,*,#1213,.T.);
#1601=ORIENTED_EDGE('',*,*,#1216,.T.);
#1602=ORIENTED_EDGE('',*,*,#1219,.T.);
#1603=ORIENTED_EDGE('',*,*,#1232,.F.);
#1604=ORIENTED_EDGE('',*,*,#1242,.T.);
#1605=ORIENTED_EDGE('',*,*,#1226,.F.);
#1606=ORIENTED_EDGE('',*,*,#1243,.T.);
#1607=ORIENTED_EDGE('',*,*,#1224,.F.);
#1608=ORIENTED_EDGE('',*,*,#1244,.T.);
#1609=ORIENTED_EDGE('',*,*,#1236,.F.);
#1610=ORIENTED_EDGE('',*,*,#1245,.T.);
#1611=ORIENTED_EDGE('',*,*,#1212,.F.);
#1612=ORIENTED_EDGE('',*,*,#1215,.F.);
#1613=ORIENTED_EDGE('',*,*,#1218,.F.);
#1614=ORIENTED_EDGE('',*,*,#1221,.F.);
#1615=ORIENTED_EDGE('',*,*,#1238,.F.);
#1616=ORIENTED_EDGE('',*,*,#1227,.F.);
#1617=ORIENTED_EDGE('',*,*,#1242,.F.);
#1618=ORIENTED_EDGE('',*,*,#1231,.F.);
#1619=ORIENTED_EDGE('',*,*,#1239,.F.);
#1620=ORIENTED_EDGE('',*,*,#1233,.F.);
#1621=ORIENTED_EDGE('',*,*,#1245,.F.);
#1622=ORIENTED_EDGE('',*,*,#1235,.F.);
#1623=ORIENTED_EDGE('',*,*,#1240,.F.);
#1624=ORIENTED_EDGE('',*,*,#1237,.F.);
#1625=ORIENTED_EDGE('',*,*,#1244,.F.);
#1626=ORIENTED_EDGE('',*,*,#1223,.F.);
#1627=ORIENTED_EDGE('',*,*,#1241,.F.);
#1628=ORIENTED_EDGE('',*,*,#1225,.F.);
#1629=ORIENTED_EDGE('',*,*,#1243,.F.);
#1630=ORIENTED_EDGE('',*,*,#1229,.F.);
#1631=ORIENTED_EDGE('',*,*,#1246,.T.);
#1632=ORIENTED_EDGE('',*,*,#1247,.T.);
#1633=ORIENTED_EDGE('',*,*,#1248,.T.);
#1634=ORIENTED_EDGE('',*,*,#1249,.T.);
#1635=ORIENTED_EDGE('',*,*,#1250,.T.);
#1636=ORIENTED_EDGE('',*,*,#1251,.T.);
#1637=ORIENTED_EDGE('',*,*,#1246,.F.);
#1638=ORIENTED_EDGE('',*,*,#1252,.F.);
#1639=ORIENTED_EDGE('',*,*,#1253,.T.);
#1640=ORIENTED_EDGE('',*,*,#1254,.T.);
#1641=ORIENTED_EDGE('',*,*,#1247,.F.);
#1642=ORIENTED_EDGE('',*,*,#1251,.F.);
#1643=ORIENTED_EDGE('',*,*,#1255,.T.);
#1644=ORIENTED_EDGE('',*,*,#1256,.T.);
#1645=ORIENTED_EDGE('',*,*,#1248,.F.);
#1646=ORIENTED_EDGE('',*,*,#1254,.F.);
#1647=ORIENTED_EDGE('',*,*,#1257,.T.);
#1648=ORIENTED_EDGE('',*,*,#1252,.T.);
#1649=ORIENTED_EDGE('',*,*,#1249,.F.);
#1650=ORIENTED_EDGE('',*,*,#1256,.F.);
#1651=ORIENTED_EDGE('',*,*,#1258,.F.);
#1652=ORIENTED_EDGE('',*,*,#1259,.T.);
#1653=ORIENTED_EDGE('',*,*,#1260,.T.);
#1654=ORIENTED_EDGE('',*,*,#1261,.F.);
#1655=ORIENTED_EDGE('',*,*,#1262,.T.);
#1656=ORIENTED_EDGE('',*,*,#1263,.T.);
#1657=ORIENTED_EDGE('',*,*,#1264,.T.);
#1658=ORIENTED_EDGE('',*,*,#1265,.T.);
#1659=ORIENTED_EDGE('',*,*,#1266,.T.);
#1660=ORIENTED_EDGE('',*,*,#1267,.T.);
#1661=ORIENTED_EDGE('',*,*,#1258,.T.);
#1662=ORIENTED_EDGE('',*,*,#1268,.T.);
#1663=ORIENTED_EDGE('',*,*,#1269,.F.);
#1664=ORIENTED_EDGE('',*,*,#1270,.F.);
#1665=ORIENTED_EDGE('',*,*,#1271,.T.);
#1666=ORIENTED_EDGE('',*,*,#1272,.T.);
#1667=ORIENTED_EDGE('',*,*,#1259,.F.);
#1668=ORIENTED_EDGE('',*,*,#1267,.F.);
#1669=ORIENTED_EDGE('',*,*,#1273,.T.);
#1670=ORIENTED_EDGE('',*,*,#1274,.T.);
#1671=ORIENTED_EDGE('',*,*,#1275,.F.);
#1672=ORIENTED_EDGE('',*,*,#1276,.F.);
#1673=ORIENTED_EDGE('',*,*,#1260,.F.);
#1674=ORIENTED_EDGE('',*,*,#1272,.F.);
#1675=ORIENTED_EDGE('',*,*,#1277,.T.);
#1676=ORIENTED_EDGE('',*,*,#1274,.F.);
#1677=ORIENTED_EDGE('',*,*,#1278,.T.);
#1678=ORIENTED_EDGE('',*,*,#1270,.T.);
#1679=ORIENTED_EDGE('',*,*,#1275,.T.);
#1680=ORIENTED_EDGE('',*,*,#1277,.F.);
#1681=ORIENTED_EDGE('',*,*,#1269,.T.);
#1682=ORIENTED_EDGE('',*,*,#1279,.T.);
#1683=ORIENTED_EDGE('',*,*,#1261,.T.);
#1684=ORIENTED_EDGE('',*,*,#1276,.T.);
#1685=ORIENTED_EDGE('',*,*,#1279,.F.);
#1686=ORIENTED_EDGE('',*,*,#1268,.F.);
#1687=ORIENTED_EDGE('',*,*,#1266,.F.);
#1688=ORIENTED_EDGE('',*,*,#1278,.F.);
#1689=ORIENTED_EDGE('',*,*,#1273,.F.);
#1690=ORIENTED_EDGE('',*,*,#1271,.F.);
#1691=ORIENTED_EDGE('',*,*,#1257,.F.);
#1692=ORIENTED_EDGE('',*,*,#1255,.F.);
#1693=ORIENTED_EDGE('',*,*,#1253,.F.);
#1694=ORIENTED_EDGE('',*,*,#1250,.F.);
#1695=ORIENTED_EDGE('',*,*,#1280,.F.);
#1696=ORIENTED_EDGE('',*,*,#1281,.F.);
#1697=ORIENTED_EDGE('',*,*,#1282,.F.);
#1698=ORIENTED_EDGE('',*,*,#1283,.F.);
#1699=ORIENTED_EDGE('',*,*,#1284,.F.);
#1700=ORIENTED_EDGE('',*,*,#1285,.F.);
#1701=ORIENTED_EDGE('',*,*,#1286,.T.);
#1702=ORIENTED_EDGE('',*,*,#1287,.T.);
#1703=ORIENTED_EDGE('',*,*,#1288,.T.);
#1704=ORIENTED_EDGE('',*,*,#1289,.F.);
#1705=ORIENTED_EDGE('',*,*,#1290,.F.);
#1706=ORIENTED_EDGE('',*,*,#1291,.F.);
#1707=ORIENTED_EDGE('',*,*,#1292,.F.);
#1708=ORIENTED_EDGE('',*,*,#1293,.F.);
#1709=ORIENTED_EDGE('',*,*,#1294,.F.);
#1710=ORIENTED_EDGE('',*,*,#1295,.F.);
#1711=ORIENTED_EDGE('',*,*,#1296,.F.);
#1712=ORIENTED_EDGE('',*,*,#1297,.F.);
#1713=ORIENTED_EDGE('',*,*,#1298,.F.);
#1714=ORIENTED_EDGE('',*,*,#1299,.F.);
#1715=ORIENTED_EDGE('',*,*,#1300,.T.);
#1716=ORIENTED_EDGE('',*,*,#1301,.T.);
#1717=ORIENTED_EDGE('',*,*,#1302,.T.);
#1718=ORIENTED_EDGE('',*,*,#1303,.T.);
#1719=ORIENTED_EDGE('',*,*,#1304,.T.);
#1720=ORIENTED_EDGE('',*,*,#1305,.T.);
#1721=ORIENTED_EDGE('',*,*,#1306,.T.);
#1722=ORIENTED_EDGE('',*,*,#1307,.T.);
#1723=ORIENTED_EDGE('',*,*,#1308,.T.);
#1724=ORIENTED_EDGE('',*,*,#1309,.T.);
#1725=ORIENTED_EDGE('',*,*,#1310,.T.);
#1726=ORIENTED_EDGE('',*,*,#1311,.T.);
#1727=ORIENTED_EDGE('',*,*,#1312,.T.);
#1728=ORIENTED_EDGE('',*,*,#1313,.T.);
#1729=ORIENTED_EDGE('',*,*,#1314,.T.);
#1730=ORIENTED_EDGE('',*,*,#1315,.T.);
#1731=ORIENTED_EDGE('',*,*,#1316,.T.);
#1732=ORIENTED_EDGE('',*,*,#1317,.T.);
#1733=ORIENTED_EDGE('',*,*,#1318,.T.);
#1734=ORIENTED_EDGE('',*,*,#1319,.T.);
#1735=ORIENTED_EDGE('',*,*,#1320,.T.);
#1736=ORIENTED_EDGE('',*,*,#1321,.T.);
#1737=ORIENTED_EDGE('',*,*,#1322,.T.);
#1738=ORIENTED_EDGE('',*,*,#1323,.T.);
#1739=ORIENTED_EDGE('',*,*,#1324,.T.);
#1740=ORIENTED_EDGE('',*,*,#1325,.T.);
#1741=ORIENTED_EDGE('',*,*,#1326,.T.);
#1742=ORIENTED_EDGE('',*,*,#1327,.T.);
#1743=ORIENTED_EDGE('',*,*,#1328,.T.);
#1744=ORIENTED_EDGE('',*,*,#1329,.T.);
#1745=ORIENTED_EDGE('',*,*,#1330,.T.);
#1746=ORIENTED_EDGE('',*,*,#1331,.T.);
#1747=ORIENTED_EDGE('',*,*,#1332,.T.);
#1748=ORIENTED_EDGE('',*,*,#1333,.T.);
#1749=ORIENTED_EDGE('',*,*,#1334,.T.);
#1750=ORIENTED_EDGE('',*,*,#1335,.T.);
#1751=ORIENTED_EDGE('',*,*,#1336,.T.);
#1752=ORIENTED_EDGE('',*,*,#1337,.T.);
#1753=ORIENTED_EDGE('',*,*,#1338,.T.);
#1754=ORIENTED_EDGE('',*,*,#1339,.T.);
#1755=ORIENTED_EDGE('',*,*,#1340,.T.);
#1756=ORIENTED_EDGE('',*,*,#1341,.T.);
#1757=ORIENTED_EDGE('',*,*,#1342,.T.);
#1758=ORIENTED_EDGE('',*,*,#1343,.T.);
#1759=ORIENTED_EDGE('',*,*,#1344,.T.);
#1760=ORIENTED_EDGE('',*,*,#1345,.T.);
#1761=ORIENTED_EDGE('',*,*,#1346,.T.);
#1762=ORIENTED_EDGE('',*,*,#1347,.T.);
#1763=ORIENTED_EDGE('',*,*,#1348,.T.);
#1764=ORIENTED_EDGE('',*,*,#1349,.T.);
#1765=ORIENTED_EDGE('',*,*,#1350,.T.);
#1766=ORIENTED_EDGE('',*,*,#1351,.T.);
#1767=ORIENTED_EDGE('',*,*,#1352,.T.);
#1768=ORIENTED_EDGE('',*,*,#1353,.T.);
#1769=ORIENTED_EDGE('',*,*,#1354,.T.);
#1770=ORIENTED_EDGE('',*,*,#1355,.T.);
#1771=ORIENTED_EDGE('',*,*,#1356,.T.);
#1772=ORIENTED_EDGE('',*,*,#1357,.T.);
#1773=ORIENTED_EDGE('',*,*,#1358,.T.);
#1774=ORIENTED_EDGE('',*,*,#1359,.T.);
#1775=ORIENTED_EDGE('',*,*,#1360,.T.);
#1776=ORIENTED_EDGE('',*,*,#1361,.T.);
#1777=ORIENTED_EDGE('',*,*,#1362,.T.);
#1778=ORIENTED_EDGE('',*,*,#1363,.T.);
#1779=ORIENTED_EDGE('',*,*,#1263,.F.);
#1780=ORIENTED_EDGE('',*,*,#1364,.T.);
#1781=ORIENTED_EDGE('',*,*,#1280,.T.);
#1782=ORIENTED_EDGE('',*,*,#1365,.F.);
#1783=ORIENTED_EDGE('',*,*,#1264,.F.);
#1784=ORIENTED_EDGE('',*,*,#1365,.T.);
#1785=ORIENTED_EDGE('',*,*,#1283,.T.);
#1786=ORIENTED_EDGE('',*,*,#1366,.F.);
#1787=ORIENTED_EDGE('',*,*,#1265,.F.);
#1788=ORIENTED_EDGE('',*,*,#1366,.T.);
#1789=ORIENTED_EDGE('',*,*,#1282,.T.);
#1790=ORIENTED_EDGE('',*,*,#1367,.F.);
#1791=ORIENTED_EDGE('',*,*,#1262,.F.);
#1792=ORIENTED_EDGE('',*,*,#1367,.T.);
#1793=ORIENTED_EDGE('',*,*,#1281,.T.);
#1794=ORIENTED_EDGE('',*,*,#1364,.F.);
#1795=ORIENTED_EDGE('',*,*,#1284,.T.);
#1796=ORIENTED_EDGE('',*,*,#1285,.T.);
#1797=ORIENTED_EDGE('',*,*,#1289,.T.);
#1798=ORIENTED_EDGE('',*,*,#1288,.F.);
#1799=ORIENTED_EDGE('',*,*,#1287,.F.);
#1800=ORIENTED_EDGE('',*,*,#1286,.F.);
#1801=ORIENTED_EDGE('',*,*,#1290,.T.);
#1802=ORIENTED_EDGE('',*,*,#1291,.T.);
#1803=ORIENTED_EDGE('',*,*,#1292,.T.);
#1804=ORIENTED_EDGE('',*,*,#1293,.T.);
#1805=ORIENTED_EDGE('',*,*,#1294,.T.);
#1806=ORIENTED_EDGE('',*,*,#1295,.T.);
#1807=ORIENTED_EDGE('',*,*,#1296,.T.);
#1808=ORIENTED_EDGE('',*,*,#1297,.T.);
#1809=ORIENTED_EDGE('',*,*,#1298,.T.);
#1810=ORIENTED_EDGE('',*,*,#1299,.T.);
#1811=ORIENTED_EDGE('',*,*,#1368,.F.);
#1812=ORIENTED_EDGE('',*,*,#1369,.F.);
#1813=ORIENTED_EDGE('',*,*,#1370,.F.);
#1814=ORIENTED_EDGE('',*,*,#1371,.F.);
#1815=ORIENTED_EDGE('',*,*,#1372,.F.);
#1816=ORIENTED_EDGE('',*,*,#1373,.F.);
#1817=ORIENTED_EDGE('',*,*,#1374,.F.);
#1818=ORIENTED_EDGE('',*,*,#1375,.F.);
#1819=ORIENTED_EDGE('',*,*,#1376,.F.);
#1820=ORIENTED_EDGE('',*,*,#1342,.F.);
#1821=ORIENTED_EDGE('',*,*,#1377,.F.);
#1822=ORIENTED_EDGE('',*,*,#1372,.T.);
#1823=ORIENTED_EDGE('',*,*,#1376,.T.);
#1824=ORIENTED_EDGE('',*,*,#1371,.T.);
#1825=ORIENTED_EDGE('',*,*,#1378,.F.);
#1826=ORIENTED_EDGE('',*,*,#1343,.F.);
#1827=ORIENTED_EDGE('',*,*,#1377,.T.);
#1828=ORIENTED_EDGE('',*,*,#1341,.F.);
#1829=ORIENTED_EDGE('',*,*,#1379,.F.);
#1830=ORIENTED_EDGE('',*,*,#1373,.T.);
#1831=ORIENTED_EDGE('',*,*,#1378,.T.);
#1832=ORIENTED_EDGE('',*,*,#1370,.T.);
#1833=ORIENTED_EDGE('',*,*,#1380,.F.);
#1834=ORIENTED_EDGE('',*,*,#1344,.F.);
#1835=ORIENTED_EDGE('',*,*,#1379,.T.);
#1836=ORIENTED_EDGE('',*,*,#1340,.F.);
#1837=ORIENTED_EDGE('',*,*,#1381,.F.);
#1838=ORIENTED_EDGE('',*,*,#1374,.T.);
#1839=ORIENTED_EDGE('',*,*,#1380,.T.);
#1840=ORIENTED_EDGE('',*,*,#1369,.T.);
#1841=ORIENTED_EDGE('',*,*,#1382,.F.);
#1842=ORIENTED_EDGE('',*,*,#1345,.F.);
#1843=ORIENTED_EDGE('',*,*,#1381,.T.);
#1844=ORIENTED_EDGE('',*,*,#1347,.F.);
#1845=ORIENTED_EDGE('',*,*,#1383,.F.);
#1846=ORIENTED_EDGE('',*,*,#1375,.T.);
#1847=ORIENTED_EDGE('',*,*,#1383,.T.);
#1848=ORIENTED_EDGE('',*,*,#1346,.F.);
#1849=ORIENTED_EDGE('',*,*,#1382,.T.);
#1850=ORIENTED_EDGE('',*,*,#1368,.T.);
#1851=ORIENTED_EDGE('',*,*,#1384,.F.);
#1852=ORIENTED_EDGE('',*,*,#1385,.F.);
#1853=ORIENTED_EDGE('',*,*,#1386,.F.);
#1854=ORIENTED_EDGE('',*,*,#1387,.F.);
#1855=ORIENTED_EDGE('',*,*,#1388,.F.);
#1856=ORIENTED_EDGE('',*,*,#1389,.F.);
#1857=ORIENTED_EDGE('',*,*,#1390,.F.);
#1858=ORIENTED_EDGE('',*,*,#1391,.F.);
#1859=ORIENTED_EDGE('',*,*,#1392,.F.);
#1860=ORIENTED_EDGE('',*,*,#1320,.F.);
#1861=ORIENTED_EDGE('',*,*,#1393,.F.);
#1862=ORIENTED_EDGE('',*,*,#1388,.T.);
#1863=ORIENTED_EDGE('',*,*,#1392,.T.);
#1864=ORIENTED_EDGE('',*,*,#1387,.T.);
#1865=ORIENTED_EDGE('',*,*,#1394,.F.);
#1866=ORIENTED_EDGE('',*,*,#1321,.F.);
#1867=ORIENTED_EDGE('',*,*,#1393,.T.);
#1868=ORIENTED_EDGE('',*,*,#1319,.F.);
#1869=ORIENTED_EDGE('',*,*,#1395,.F.);
#1870=ORIENTED_EDGE('',*,*,#1389,.T.);
#1871=ORIENTED_EDGE('',*,*,#1394,.T.);
#1872=ORIENTED_EDGE('',*,*,#1386,.T.);
#1873=ORIENTED_EDGE('',*,*,#1396,.F.);
#1874=ORIENTED_EDGE('',*,*,#1322,.F.);
#1875=ORIENTED_EDGE('',*,*,#1395,.T.);
#1876=ORIENTED_EDGE('',*,*,#1318,.F.);
#1877=ORIENTED_EDGE('',*,*,#1397,.F.);
#1878=ORIENTED_EDGE('',*,*,#1390,.T.);
#1879=ORIENTED_EDGE('',*,*,#1396,.T.);
#1880=ORIENTED_EDGE('',*,*,#1385,.T.);
#1881=ORIENTED_EDGE('',*,*,#1398,.F.);
#1882=ORIENTED_EDGE('',*,*,#1323,.F.);
#1883=ORIENTED_EDGE('',*,*,#1397,.T.);
#1884=ORIENTED_EDGE('',*,*,#1317,.F.);
#1885=ORIENTED_EDGE('',*,*,#1399,.F.);
#1886=ORIENTED_EDGE('',*,*,#1391,.T.);
#1887=ORIENTED_EDGE('',*,*,#1399,.T.);
#1888=ORIENTED_EDGE('',*,*,#1316,.F.);
#1889=ORIENTED_EDGE('',*,*,#1398,.T.);
#1890=ORIENTED_EDGE('',*,*,#1384,.T.);
#1891=ORIENTED_EDGE('',*,*,#1400,.F.);
#1892=ORIENTED_EDGE('',*,*,#1401,.F.);
#1893=ORIENTED_EDGE('',*,*,#1402,.F.);
#1894=ORIENTED_EDGE('',*,*,#1403,.F.);
#1895=ORIENTED_EDGE('',*,*,#1404,.F.);
#1896=ORIENTED_EDGE('',*,*,#1405,.F.);
#1897=ORIENTED_EDGE('',*,*,#1406,.F.);
#1898=ORIENTED_EDGE('',*,*,#1407,.F.);
#1899=ORIENTED_EDGE('',*,*,#1408,.F.);
#1900=ORIENTED_EDGE('',*,*,#1348,.F.);
#1901=ORIENTED_EDGE('',*,*,#1409,.F.);
#1902=ORIENTED_EDGE('',*,*,#1404,.T.);
#1903=ORIENTED_EDGE('',*,*,#1408,.T.);
#1904=ORIENTED_EDGE('',*,*,#1403,.T.);
#1905=ORIENTED_EDGE('',*,*,#1410,.F.);
#1906=ORIENTED_EDGE('',*,*,#1349,.F.);
#1907=ORIENTED_EDGE('',*,*,#1409,.T.);
#1908=ORIENTED_EDGE('',*,*,#1355,.F.);
#1909=ORIENTED_EDGE('',*,*,#1411,.F.);
#1910=ORIENTED_EDGE('',*,*,#1405,.T.);
#1911=ORIENTED_EDGE('',*,*,#1410,.T.);
#1912=ORIENTED_EDGE('',*,*,#1402,.T.);
#1913=ORIENTED_EDGE('',*,*,#1412,.F.);
#1914=ORIENTED_EDGE('',*,*,#1350,.F.);
#1915=ORIENTED_EDGE('',*,*,#1411,.T.);
#1916=ORIENTED_EDGE('',*,*,#1354,.F.);
#1917=ORIENTED_EDGE('',*,*,#1413,.F.);
#1918=ORIENTED_EDGE('',*,*,#1406,.T.);
#1919=ORIENTED_EDGE('',*,*,#1412,.T.);
#1920=ORIENTED_EDGE('',*,*,#1401,.T.);
#1921=ORIENTED_EDGE('',*,*,#1414,.F.);
#1922=ORIENTED_EDGE('',*,*,#1351,.F.);
#1923=ORIENTED_EDGE('',*,*,#1413,.T.);
#1924=ORIENTED_EDGE('',*,*,#1353,.F.);
#1925=ORIENTED_EDGE('',*,*,#1415,.F.);
#1926=ORIENTED_EDGE('',*,*,#1407,.T.);
#1927=ORIENTED_EDGE('',*,*,#1415,.T.);
#1928=ORIENTED_EDGE('',*,*,#1352,.F.);
#1929=ORIENTED_EDGE('',*,*,#1414,.T.);
#1930=ORIENTED_EDGE('',*,*,#1400,.T.);
#1931=ORIENTED_EDGE('',*,*,#1416,.F.);
#1932=ORIENTED_EDGE('',*,*,#1417,.F.);
#1933=ORIENTED_EDGE('',*,*,#1418,.F.);
#1934=ORIENTED_EDGE('',*,*,#1419,.F.);
#1935=ORIENTED_EDGE('',*,*,#1420,.F.);
#1936=ORIENTED_EDGE('',*,*,#1421,.F.);
#1937=ORIENTED_EDGE('',*,*,#1422,.F.);
#1938=ORIENTED_EDGE('',*,*,#1423,.F.);
#1939=ORIENTED_EDGE('',*,*,#1424,.F.);
#1940=ORIENTED_EDGE('',*,*,#1314,.F.);
#1941=ORIENTED_EDGE('',*,*,#1425,.F.);
#1942=ORIENTED_EDGE('',*,*,#1420,.T.);
#1943=ORIENTED_EDGE('',*,*,#1424,.T.);
#1944=ORIENTED_EDGE('',*,*,#1419,.T.);
#1945=ORIENTED_EDGE('',*,*,#1426,.F.);
#1946=ORIENTED_EDGE('',*,*,#1315,.F.);
#1947=ORIENTED_EDGE('',*,*,#1425,.T.);
#1948=ORIENTED_EDGE('',*,*,#1313,.F.);
#1949=ORIENTED_EDGE('',*,*,#1427,.F.);
#1950=ORIENTED_EDGE('',*,*,#1421,.T.);
#1951=ORIENTED_EDGE('',*,*,#1426,.T.);
#1952=ORIENTED_EDGE('',*,*,#1418,.T.);
#1953=ORIENTED_EDGE('',*,*,#1428,.F.);
#1954=ORIENTED_EDGE('',*,*,#1308,.F.);
#1955=ORIENTED_EDGE('',*,*,#1427,.T.);
#1956=ORIENTED_EDGE('',*,*,#1312,.F.);
#1957=ORIENTED_EDGE('',*,*,#1429,.F.);
#1958=ORIENTED_EDGE('',*,*,#1422,.T.);
#1959=ORIENTED_EDGE('',*,*,#1428,.T.);
#1960=ORIENTED_EDGE('',*,*,#1417,.T.);
#1961=ORIENTED_EDGE('',*,*,#1430,.F.);
#1962=ORIENTED_EDGE('',*,*,#1309,.F.);
#1963=ORIENTED_EDGE('',*,*,#1429,.T.);
#1964=ORIENTED_EDGE('',*,*,#1311,.F.);
#1965=ORIENTED_EDGE('',*,*,#1431,.F.);
#1966=ORIENTED_EDGE('',*,*,#1423,.T.);
#1967=ORIENTED_EDGE('',*,*,#1431,.T.);
#1968=ORIENTED_EDGE('',*,*,#1310,.F.);
#1969=ORIENTED_EDGE('',*,*,#1430,.T.);
#1970=ORIENTED_EDGE('',*,*,#1416,.T.);
#1971=ORIENTED_EDGE('',*,*,#1432,.F.);
#1972=ORIENTED_EDGE('',*,*,#1433,.F.);
#1973=ORIENTED_EDGE('',*,*,#1434,.F.);
#1974=ORIENTED_EDGE('',*,*,#1435,.F.);
#1975=ORIENTED_EDGE('',*,*,#1436,.F.);
#1976=ORIENTED_EDGE('',*,*,#1437,.F.);
#1977=ORIENTED_EDGE('',*,*,#1438,.F.);
#1978=ORIENTED_EDGE('',*,*,#1439,.F.);
#1979=ORIENTED_EDGE('',*,*,#1440,.F.);
#1980=ORIENTED_EDGE('',*,*,#1304,.F.);
#1981=ORIENTED_EDGE('',*,*,#1441,.F.);
#1982=ORIENTED_EDGE('',*,*,#1436,.T.);
#1983=ORIENTED_EDGE('',*,*,#1440,.T.);
#1984=ORIENTED_EDGE('',*,*,#1435,.T.);
#1985=ORIENTED_EDGE('',*,*,#1442,.F.);
#1986=ORIENTED_EDGE('',*,*,#1305,.F.);
#1987=ORIENTED_EDGE('',*,*,#1441,.T.);
#1988=ORIENTED_EDGE('',*,*,#1303,.F.);
#1989=ORIENTED_EDGE('',*,*,#1443,.F.);
#1990=ORIENTED_EDGE('',*,*,#1437,.T.);
#1991=ORIENTED_EDGE('',*,*,#1442,.T.);
#1992=ORIENTED_EDGE('',*,*,#1434,.T.);
#1993=ORIENTED_EDGE('',*,*,#1444,.F.);
#1994=ORIENTED_EDGE('',*,*,#1306,.F.);
#1995=ORIENTED_EDGE('',*,*,#1443,.T.);
#1996=ORIENTED_EDGE('',*,*,#1302,.F.);
#1997=ORIENTED_EDGE('',*,*,#1445,.F.);
#1998=ORIENTED_EDGE('',*,*,#1438,.T.);
#1999=ORIENTED_EDGE('',*,*,#1444,.T.);
#2000=ORIENTED_EDGE('',*,*,#1433,.T.);
#2001=ORIENTED_EDGE('',*,*,#1446,.F.);
#2002=ORIENTED_EDGE('',*,*,#1307,.F.);
#2003=ORIENTED_EDGE('',*,*,#1445,.T.);
#2004=ORIENTED_EDGE('',*,*,#1301,.F.);
#2005=ORIENTED_EDGE('',*,*,#1447,.F.);
#2006=ORIENTED_EDGE('',*,*,#1439,.T.);
#2007=ORIENTED_EDGE('',*,*,#1447,.T.);
#2008=ORIENTED_EDGE('',*,*,#1300,.F.);
#2009=ORIENTED_EDGE('',*,*,#1446,.T.);
#2010=ORIENTED_EDGE('',*,*,#1432,.T.);
#2011=ORIENTED_EDGE('',*,*,#1448,.F.);
#2012=ORIENTED_EDGE('',*,*,#1449,.F.);
#2013=ORIENTED_EDGE('',*,*,#1450,.F.);
#2014=ORIENTED_EDGE('',*,*,#1451,.F.);
#2015=ORIENTED_EDGE('',*,*,#1452,.F.);
#2016=ORIENTED_EDGE('',*,*,#1453,.F.);
#2017=ORIENTED_EDGE('',*,*,#1454,.F.);
#2018=ORIENTED_EDGE('',*,*,#1455,.F.);
#2019=ORIENTED_EDGE('',*,*,#1456,.F.);
#2020=ORIENTED_EDGE('',*,*,#1334,.F.);
#2021=ORIENTED_EDGE('',*,*,#1457,.F.);
#2022=ORIENTED_EDGE('',*,*,#1452,.T.);
#2023=ORIENTED_EDGE('',*,*,#1456,.T.);
#2024=ORIENTED_EDGE('',*,*,#1451,.T.);
#2025=ORIENTED_EDGE('',*,*,#1458,.F.);
#2026=ORIENTED_EDGE('',*,*,#1335,.F.);
#2027=ORIENTED_EDGE('',*,*,#1457,.T.);
#2028=ORIENTED_EDGE('',*,*,#1333,.F.);
#2029=ORIENTED_EDGE('',*,*,#1459,.F.);
#2030=ORIENTED_EDGE('',*,*,#1453,.T.);
#2031=ORIENTED_EDGE('',*,*,#1458,.T.);
#2032=ORIENTED_EDGE('',*,*,#1450,.T.);
#2033=ORIENTED_EDGE('',*,*,#1460,.F.);
#2034=ORIENTED_EDGE('',*,*,#1336,.F.);
#2035=ORIENTED_EDGE('',*,*,#1459,.T.);
#2036=ORIENTED_EDGE('',*,*,#1332,.F.);
#2037=ORIENTED_EDGE('',*,*,#1461,.F.);
#2038=ORIENTED_EDGE('',*,*,#1454,.T.);
#2039=ORIENTED_EDGE('',*,*,#1460,.T.);
#2040=ORIENTED_EDGE('',*,*,#1449,.T.);
#2041=ORIENTED_EDGE('',*,*,#1462,.F.);
#2042=ORIENTED_EDGE('',*,*,#1337,.F.);
#2043=ORIENTED_EDGE('',*,*,#1461,.T.);
#2044=ORIENTED_EDGE('',*,*,#1339,.F.);
#2045=ORIENTED_EDGE('',*,*,#1463,.F.);
#2046=ORIENTED_EDGE('',*,*,#1455,.T.);
#2047=ORIENTED_EDGE('',*,*,#1463,.T.);
#2048=ORIENTED_EDGE('',*,*,#1338,.F.);
#2049=ORIENTED_EDGE('',*,*,#1462,.T.);
#2050=ORIENTED_EDGE('',*,*,#1448,.T.);
#2051=ORIENTED_EDGE('',*,*,#1464,.F.);
#2052=ORIENTED_EDGE('',*,*,#1465,.F.);
#2053=ORIENTED_EDGE('',*,*,#1466,.F.);
#2054=ORIENTED_EDGE('',*,*,#1467,.F.);
#2055=ORIENTED_EDGE('',*,*,#1468,.F.);
#2056=ORIENTED_EDGE('',*,*,#1469,.F.);
#2057=ORIENTED_EDGE('',*,*,#1470,.F.);
#2058=ORIENTED_EDGE('',*,*,#1471,.F.);
#2059=ORIENTED_EDGE('',*,*,#1472,.F.);
#2060=ORIENTED_EDGE('',*,*,#1326,.F.);
#2061=ORIENTED_EDGE('',*,*,#1473,.F.);
#2062=ORIENTED_EDGE('',*,*,#1468,.T.);
#2063=ORIENTED_EDGE('',*,*,#1472,.T.);
#2064=ORIENTED_EDGE('',*,*,#1467,.T.);
#2065=ORIENTED_EDGE('',*,*,#1474,.F.);
#2066=ORIENTED_EDGE('',*,*,#1327,.F.);
#2067=ORIENTED_EDGE('',*,*,#1473,.T.);
#2068=ORIENTED_EDGE('',*,*,#1325,.F.);
#2069=ORIENTED_EDGE('',*,*,#1475,.F.);
#2070=ORIENTED_EDGE('',*,*,#1469,.T.);
#2071=ORIENTED_EDGE('',*,*,#1474,.T.);
#2072=ORIENTED_EDGE('',*,*,#1466,.T.);
#2073=ORIENTED_EDGE('',*,*,#1476,.F.);
#2074=ORIENTED_EDGE('',*,*,#1328,.F.);
#2075=ORIENTED_EDGE('',*,*,#1475,.T.);
#2076=ORIENTED_EDGE('',*,*,#1324,.F.);
#2077=ORIENTED_EDGE('',*,*,#1477,.F.);
#2078=ORIENTED_EDGE('',*,*,#1470,.T.);
#2079=ORIENTED_EDGE('',*,*,#1476,.T.);
#2080=ORIENTED_EDGE('',*,*,#1465,.T.);
#2081=ORIENTED_EDGE('',*,*,#1478,.F.);
#2082=ORIENTED_EDGE('',*,*,#1329,.F.);
#2083=ORIENTED_EDGE('',*,*,#1477,.T.);
#2084=ORIENTED_EDGE('',*,*,#1331,.F.);
#2085=ORIENTED_EDGE('',*,*,#1479,.F.);
#2086=ORIENTED_EDGE('',*,*,#1471,.T.);
#2087=ORIENTED_EDGE('',*,*,#1479,.T.);
#2088=ORIENTED_EDGE('',*,*,#1330,.F.);
#2089=ORIENTED_EDGE('',*,*,#1478,.T.);
#2090=ORIENTED_EDGE('',*,*,#1464,.T.);
#2091=ORIENTED_EDGE('',*,*,#1480,.F.);
#2092=ORIENTED_EDGE('',*,*,#1481,.F.);
#2093=ORIENTED_EDGE('',*,*,#1482,.F.);
#2094=ORIENTED_EDGE('',*,*,#1483,.F.);
#2095=ORIENTED_EDGE('',*,*,#1484,.F.);
#2096=ORIENTED_EDGE('',*,*,#1485,.F.);
#2097=ORIENTED_EDGE('',*,*,#1486,.F.);
#2098=ORIENTED_EDGE('',*,*,#1487,.F.);
#2099=ORIENTED_EDGE('',*,*,#1488,.F.);
#2100=ORIENTED_EDGE('',*,*,#1356,.F.);
#2101=ORIENTED_EDGE('',*,*,#1489,.F.);
#2102=ORIENTED_EDGE('',*,*,#1484,.T.);
#2103=ORIENTED_EDGE('',*,*,#1488,.T.);
#2104=ORIENTED_EDGE('',*,*,#1483,.T.);
#2105=ORIENTED_EDGE('',*,*,#1490,.F.);
#2106=ORIENTED_EDGE('',*,*,#1357,.F.);
#2107=ORIENTED_EDGE('',*,*,#1489,.T.);
#2108=ORIENTED_EDGE('',*,*,#1363,.F.);
#2109=ORIENTED_EDGE('',*,*,#1491,.F.);
#2110=ORIENTED_EDGE('',*,*,#1485,.T.);
#2111=ORIENTED_EDGE('',*,*,#1490,.T.);
#2112=ORIENTED_EDGE('',*,*,#1482,.T.);
#2113=ORIENTED_EDGE('',*,*,#1492,.F.);
#2114=ORIENTED_EDGE('',*,*,#1358,.F.);
#2115=ORIENTED_EDGE('',*,*,#1491,.T.);
#2116=ORIENTED_EDGE('',*,*,#1362,.F.);
#2117=ORIENTED_EDGE('',*,*,#1493,.F.);
#2118=ORIENTED_EDGE('',*,*,#1486,.T.);
#2119=ORIENTED_EDGE('',*,*,#1492,.T.);
#2120=ORIENTED_EDGE('',*,*,#1481,.T.);
#2121=ORIENTED_EDGE('',*,*,#1494,.F.);
#2122=ORIENTED_EDGE('',*,*,#1359,.F.);
#2123=ORIENTED_EDGE('',*,*,#1493,.T.);
#2124=ORIENTED_EDGE('',*,*,#1361,.F.);
#2125=ORIENTED_EDGE('',*,*,#1495,.F.);
#2126=ORIENTED_EDGE('',*,*,#1487,.T.);
#2127=ORIENTED_EDGE('',*,*,#1495,.T.);
#2128=ORIENTED_EDGE('',*,*,#1360,.F.);
#2129=ORIENTED_EDGE('',*,*,#1494,.T.);
#2130=ORIENTED_EDGE('',*,*,#1480,.T.);
#2131=ORIENTED_EDGE('',*,*,#1496,.T.);
#2132=ORIENTED_EDGE('',*,*,#1497,.T.);
#2133=ORIENTED_EDGE('',*,*,#1498,.T.);
#2134=ORIENTED_EDGE('',*,*,#1497,.F.);
#2135=ORIENTED_EDGE('',*,*,#1499,.T.);
#2136=ORIENTED_EDGE('',*,*,#1500,.F.);
#2137=ORIENTED_EDGE('',*,*,#1501,.T.);
#2138=ORIENTED_EDGE('',*,*,#1499,.F.);
#2139=ORIENTED_EDGE('',*,*,#1496,.F.);
#2140=ORIENTED_EDGE('',*,*,#1501,.F.);
#2141=ORIENTED_EDGE('',*,*,#1502,.T.);
#2142=ORIENTED_EDGE('',*,*,#1503,.T.);
#2143=ORIENTED_EDGE('',*,*,#1504,.T.);
#2144=ORIENTED_EDGE('',*,*,#1503,.F.);
#2145=ORIENTED_EDGE('',*,*,#1505,.T.);
#2146=ORIENTED_EDGE('',*,*,#1506,.T.);
#2147=ORIENTED_EDGE('',*,*,#1507,.T.);
#2148=ORIENTED_EDGE('',*,*,#1505,.F.);
#2149=ORIENTED_EDGE('',*,*,#1502,.F.);
#2150=ORIENTED_EDGE('',*,*,#1507,.F.);
#2151=ORIENTED_EDGE('',*,*,#1508,.T.);
#2152=ORIENTED_EDGE('',*,*,#1509,.T.);
#2153=ORIENTED_EDGE('',*,*,#1510,.T.);
#2154=ORIENTED_EDGE('',*,*,#1509,.F.);
#2155=ORIENTED_EDGE('',*,*,#1510,.F.);
#2156=ORIENTED_EDGE('',*,*,#1506,.F.);
#2157=ORIENTED_EDGE('',*,*,#1508,.F.);
#2158=ORIENTED_EDGE('',*,*,#1504,.F.);
#2159=ORIENTED_EDGE('',*,*,#1500,.T.);
#2160=ORIENTED_EDGE('',*,*,#1498,.F.);
#2161=CYLINDRICAL_SURFACE('',#2376,2.5);
#2162=CYLINDRICAL_SURFACE('',#2379,2.5);
#2163=CYLINDRICAL_SURFACE('',#2382,2.5);
#2164=CYLINDRICAL_SURFACE('',#2385,2.5);
#2165=CYLINDRICAL_SURFACE('',#2395,2.54999999999999);
#2166=CYLINDRICAL_SURFACE('',#2398,2.54999999999999);
#2167=CYLINDRICAL_SURFACE('',#2401,2.54999999999999);
#2168=CYLINDRICAL_SURFACE('',#2404,2.54999999999999);
#2169=CYLINDRICAL_SURFACE('',#2421,4.);
#2170=CYLINDRICAL_SURFACE('',#2422,4.);
#2171=CYLINDRICAL_SURFACE('',#2423,4.);
#2172=CYLINDRICAL_SURFACE('',#2424,4.);
#2173=CYLINDRICAL_SURFACE('',#2488,0.707);
#2174=CYLINDRICAL_SURFACE('',#2493,0.707);
#2175=CYLINDRICAL_SURFACE('',#2495,0.707);
#2176=CYLINDRICAL_SURFACE('',#2499,0.706999999999998);
#2177=CYLINDRICAL_SURFACE('',#2505,0.706999999999998);
#2178=CYLINDRICAL_SURFACE('',#2510,0.706999999999998);
#2179=CYLINDRICAL_SURFACE('',#2512,0.707);
#2180=CYLINDRICAL_SURFACE('',#2516,0.707);
#2181=CYLINDRICAL_SURFACE('',#2522,0.706999999999998);
#2182=CYLINDRICAL_SURFACE('',#2527,0.706999999999998);
#2183=CYLINDRICAL_SURFACE('',#2529,0.707);
#2184=CYLINDRICAL_SURFACE('',#2533,0.706999999999998);
#2185=CYLINDRICAL_SURFACE('',#2539,0.707);
#2186=CYLINDRICAL_SURFACE('',#2544,0.707);
#2187=CYLINDRICAL_SURFACE('',#2546,0.707);
#2188=CYLINDRICAL_SURFACE('',#2550,0.707);
#2189=CYLINDRICAL_SURFACE('',#2556,0.706999999999998);
#2190=CYLINDRICAL_SURFACE('',#2561,0.707);
#2191=CYLINDRICAL_SURFACE('',#2563,0.707);
#2192=CYLINDRICAL_SURFACE('',#2567,0.707);
#2193=CYLINDRICAL_SURFACE('',#2573,0.706999999999998);
#2194=CYLINDRICAL_SURFACE('',#2578,0.707);
#2195=CYLINDRICAL_SURFACE('',#2580,0.707);
#2196=CYLINDRICAL_SURFACE('',#2584,0.706999999999998);
#2197=CYLINDRICAL_SURFACE('',#2590,0.706999999999998);
#2198=CYLINDRICAL_SURFACE('',#2595,0.706999999999998);
#2199=CYLINDRICAL_SURFACE('',#2597,0.707);
#2200=CYLINDRICAL_SURFACE('',#2601,0.707);
#2201=CYLINDRICAL_SURFACE('',#2607,0.706999999999998);
#2202=CYLINDRICAL_SURFACE('',#2612,0.706999999999998);
#2203=CYLINDRICAL_SURFACE('',#2614,0.706999999999998);
#2204=CYLINDRICAL_SURFACE('',#2618,0.707);
#2205=CYLINDRICAL_SURFACE('',#2633,3.);
#2206=ADVANCED_FACE('',(#213),#2161,.F.);
#2207=ADVANCED_FACE('',(#214),#2162,.F.);
#2208=ADVANCED_FACE('',(#215),#2163,.F.);
#2209=ADVANCED_FACE('',(#216),#2164,.F.);
#2210=ADVANCED_FACE('',(#217),#164,.F.);
#2211=ADVANCED_FACE('',(#218),#165,.F.);
#2212=ADVANCED_FACE('',(#219),#166,.F.);
#2213=ADVANCED_FACE('',(#220),#167,.F.);
#2214=ADVANCED_FACE('',(#221,#129,#130,#131,#132),#168,.F.);
#2215=ADVANCED_FACE('',(#222,#133,#134,#135,#136),#169,.T.);
#2216=ADVANCED_FACE('',(#223),#2165,.F.);
#2217=ADVANCED_FACE('',(#224),#2166,.F.);
#2218=ADVANCED_FACE('',(#225),#2167,.F.);
#2219=ADVANCED_FACE('',(#226),#2168,.F.);
#2220=ADVANCED_FACE('',(#227),#170,.F.);
#2221=ADVANCED_FACE('',(#228),#171,.F.);
#2222=ADVANCED_FACE('',(#229),#172,.F.);
#2223=ADVANCED_FACE('',(#230),#173,.F.);
#2224=ADVANCED_FACE('',(#231,#137,#138,#139,#140),#174,.F.);
#2225=ADVANCED_FACE('',(#232,#141,#142,#143,#144),#175,.T.);
#2226=ADVANCED_FACE('',(#233),#2169,.T.);
#2227=ADVANCED_FACE('',(#234),#2170,.T.);
#2228=ADVANCED_FACE('',(#235),#2171,.T.);
#2229=ADVANCED_FACE('',(#236),#2172,.T.);
#2230=ADVANCED_FACE('',(#237),#176,.T.);
#2231=ADVANCED_FACE('',(#238),#177,.T.);
#2232=ADVANCED_FACE('',(#239),#178,.T.);
#2233=ADVANCED_FACE('',(#240),#179,.T.);
#2234=ADVANCED_FACE('',(#241),#180,.T.);
#2235=ADVANCED_FACE('',(#242,#145),#181,.T.);
#2236=ADVANCED_FACE('',(#243),#182,.T.);
#2237=ADVANCED_FACE('',(#244),#183,.T.);
#2238=ADVANCED_FACE('',(#245),#184,.T.);
#2239=ADVANCED_FACE('',(#246),#185,.T.);
#2240=ADVANCED_FACE('',(#247),#186,.T.);
#2241=ADVANCED_FACE('',(#248),#187,.T.);
#2242=ADVANCED_FACE('',(#249,#146),#188,.F.);
#2243=ADVANCED_FACE('',(#250,#147,#148,#149,#150,#151,#152,#153,#154,#155,
#156,#157,#158,#159,#160,#161),#189,.F.);
#2244=ADVANCED_FACE('',(#251),#190,.F.);
#2245=ADVANCED_FACE('',(#252),#191,.F.);
#2246=ADVANCED_FACE('',(#253),#192,.F.);
#2247=ADVANCED_FACE('',(#254),#193,.F.);
#2248=ADVANCED_FACE('',(#255),#194,.T.);
#2249=ADVANCED_FACE('',(#256),#195,.T.);
#2250=ADVANCED_FACE('',(#257),#196,.T.);
#2251=ADVANCED_FACE('',(#258),#197,.T.);
#2252=ADVANCED_FACE('',(#259),#198,.T.);
#2253=ADVANCED_FACE('',(#260),#199,.T.);
#2254=ADVANCED_FACE('',(#261),#200,.T.);
#2255=ADVANCED_FACE('',(#262),#201,.T.);
#2256=ADVANCED_FACE('',(#263),#2173,.T.);
#2257=ADVANCED_FACE('',(#264),#31,.F.);
#2258=ADVANCED_FACE('',(#265),#32,.F.);
#2259=ADVANCED_FACE('',(#266),#2174,.T.);
#2260=ADVANCED_FACE('',(#267),#2175,.T.);
#2261=ADVANCED_FACE('',(#268),#33,.F.);
#2262=ADVANCED_FACE('',(#269),#34,.F.);
#2263=ADVANCED_FACE('',(#270),#2176,.T.);
#2264=ADVANCED_FACE('',(#271),#202,.T.);
#2265=ADVANCED_FACE('',(#272),#2177,.T.);
#2266=ADVANCED_FACE('',(#273),#35,.F.);
#2267=ADVANCED_FACE('',(#274),#36,.F.);
#2268=ADVANCED_FACE('',(#275),#2178,.T.);
#2269=ADVANCED_FACE('',(#276),#2179,.T.);
#2270=ADVANCED_FACE('',(#277),#37,.F.);
#2271=ADVANCED_FACE('',(#278),#38,.F.);
#2272=ADVANCED_FACE('',(#279),#2180,.T.);
#2273=ADVANCED_FACE('',(#280),#203,.T.);
#2274=ADVANCED_FACE('',(#281),#2181,.T.);
#2275=ADVANCED_FACE('',(#282),#39,.F.);
#2276=ADVANCED_FACE('',(#283),#40,.F.);
#2277=ADVANCED_FACE('',(#284),#2182,.T.);
#2278=ADVANCED_FACE('',(#285),#2183,.T.);
#2279=ADVANCED_FACE('',(#286),#41,.F.);
#2280=ADVANCED_FACE('',(#287),#42,.F.);
#2281=ADVANCED_FACE('',(#288),#2184,.T.);
#2282=ADVANCED_FACE('',(#289),#204,.T.);
#2283=ADVANCED_FACE('',(#290),#2185,.T.);
#2284=ADVANCED_FACE('',(#291),#43,.F.);
#2285=ADVANCED_FACE('',(#292),#44,.F.);
#2286=ADVANCED_FACE('',(#293),#2186,.T.);
#2287=ADVANCED_FACE('',(#294),#2187,.T.);
#2288=ADVANCED_FACE('',(#295),#45,.F.);
#2289=ADVANCED_FACE('',(#296),#46,.F.);
#2290=ADVANCED_FACE('',(#297),#2188,.T.);
#2291=ADVANCED_FACE('',(#298),#205,.T.);
#2292=ADVANCED_FACE('',(#299),#2189,.T.);
#2293=ADVANCED_FACE('',(#300),#47,.F.);
#2294=ADVANCED_FACE('',(#301),#48,.F.);
#2295=ADVANCED_FACE('',(#302),#2190,.T.);
#2296=ADVANCED_FACE('',(#303),#2191,.T.);
#2297=ADVANCED_FACE('',(#304),#49,.F.);
#2298=ADVANCED_FACE('',(#305),#50,.F.);
#2299=ADVANCED_FACE('',(#306),#2192,.T.);
#2300=ADVANCED_FACE('',(#307),#206,.T.);
#2301=ADVANCED_FACE('',(#308),#2193,.T.);
#2302=ADVANCED_FACE('',(#309),#51,.F.);
#2303=ADVANCED_FACE('',(#310),#52,.F.);
#2304=ADVANCED_FACE('',(#311),#2194,.T.);
#2305=ADVANCED_FACE('',(#312),#2195,.T.);
#2306=ADVANCED_FACE('',(#313),#53,.F.);
#2307=ADVANCED_FACE('',(#314),#54,.F.);
#2308=ADVANCED_FACE('',(#315),#2196,.T.);
#2309=ADVANCED_FACE('',(#316),#207,.T.);
#2310=ADVANCED_FACE('',(#317),#2197,.T.);
#2311=ADVANCED_FACE('',(#318),#55,.F.);
#2312=ADVANCED_FACE('',(#319),#56,.F.);
#2313=ADVANCED_FACE('',(#320),#2198,.T.);
#2314=ADVANCED_FACE('',(#321),#2199,.T.);
#2315=ADVANCED_FACE('',(#322),#57,.F.);
#2316=ADVANCED_FACE('',(#323),#58,.F.);
#2317=ADVANCED_FACE('',(#324),#2200,.T.);
#2318=ADVANCED_FACE('',(#325),#208,.T.);
#2319=ADVANCED_FACE('',(#326),#2201,.T.);
#2320=ADVANCED_FACE('',(#327),#59,.F.);
#2321=ADVANCED_FACE('',(#328),#60,.F.);
#2322=ADVANCED_FACE('',(#329),#2202,.T.);
#2323=ADVANCED_FACE('',(#330),#2203,.T.);
#2324=ADVANCED_FACE('',(#331),#61,.F.);
#2325=ADVANCED_FACE('',(#332),#62,.F.);
#2326=ADVANCED_FACE('',(#333),#2204,.T.);
#2327=ADVANCED_FACE('',(#334),#29,.T.);
#2328=ADVANCED_FACE('',(#335),#27,.T.);
#2329=ADVANCED_FACE('',(#336),#30,.T.);
#2330=ADVANCED_FACE('',(#337),#28,.T.);
#2331=ADVANCED_FACE('',(#338),#2205,.T.);
#2332=ADVANCED_FACE('',(#339),#209,.F.);
#2333=ADVANCED_FACE('',(#340,#162),#210,.F.);
#2334=ADVANCED_FACE('',(#341,#163),#211,.F.);
#2335=ADVANCED_FACE('',(#342),#212,.F.);
#2336=CLOSED_SHELL('',(#2206,#2207,#2208,#2209,#2210,#2211,#2212,#2213,
#2214,#2215));
#2337=CLOSED_SHELL('',(#2216,#2217,#2218,#2219,#2220,#2221,#2222,#2223,
#2224,#2225,#2226,#2227,#2228,#2229));
#2338=CLOSED_SHELL('',(#2230,#2231,#2232,#2233,#2234,#2235,#2236,#2237,
#2238,#2239,#2240,#2241,#2242,#2243,#2244,#2245,#2246,#2247,#2248,#2249,
#2250,#2251,#2252,#2253,#2254,#2255,#2256,#2257,#2258,#2259,#2260,#2261,
#2262,#2263,#2264,#2265,#2266,#2267,#2268,#2269,#2270,#2271,#2272,#2273,
#2274,#2275,#2276,#2277,#2278,#2279,#2280,#2281,#2282,#2283,#2284,#2285,
#2286,#2287,#2288,#2289,#2290,#2291,#2292,#2293,#2294,#2295,#2296,#2297,
#2298,#2299,#2300,#2301,#2302,#2303,#2304,#2305,#2306,#2307,#2308,#2309,
#2310,#2311,#2312,#2313,#2314,#2315,#2316,#2317,#2318,#2319,#2320,#2321,
#2322,#2323,#2324,#2325,#2326));
#2339=CLOSED_SHELL('',(#2327,#2328,#2329,#2330,#2331,#2332,#2333,#2334,
#2335));
#2340=DERIVED_UNIT_ELEMENT(#2346,1.);
#2341=DERIVED_UNIT_ELEMENT(#4495,-3.);
#2342=DERIVED_UNIT_ELEMENT(#2346,1.);
#2343=DERIVED_UNIT_ELEMENT(#4495,-3.);
#2344=DERIVED_UNIT_ELEMENT(#2346,1.);
#2345=DERIVED_UNIT_ELEMENT(#4495,-3.);
#2346=(
MASS_UNIT()
NAMED_UNIT(*)
SI_UNIT(.KILO.,.GRAM.)
);
#2347=DERIVED_UNIT((#2340,#2341));
#2348=DERIVED_UNIT((#2342,#2343));
#2349=DERIVED_UNIT((#2344,#2345));
#2350=MEASURE_REPRESENTATION_ITEM('density measure',
POSITIVE_RATIO_MEASURE(7850.),#2347);
#2351=MEASURE_REPRESENTATION_ITEM('density measure',
POSITIVE_RATIO_MEASURE(7850.),#2348);
#2352=MEASURE_REPRESENTATION_ITEM('density measure',
POSITIVE_RATIO_MEASURE(7850.),#2349);
#2353=PROPERTY_DEFINITION_REPRESENTATION(#2368,#2359);
#2354=PROPERTY_DEFINITION_REPRESENTATION(#2369,#2360);
#2355=PROPERTY_DEFINITION_REPRESENTATION(#2370,#2361);
#2356=PROPERTY_DEFINITION_REPRESENTATION(#2371,#2362);
#2357=PROPERTY_DEFINITION_REPRESENTATION(#2372,#2363);
#2358=PROPERTY_DEFINITION_REPRESENTATION(#2373,#2364);
#2359=REPRESENTATION('material name',(#2365),#4490);
#2360=REPRESENTATION('density',(#2350),#4490);
#2361=REPRESENTATION('material name',(#2366),#4491);
#2362=REPRESENTATION('density',(#2351),#4491);
#2363=REPRESENTATION('material name',(#2367),#4492);
#2364=REPRESENTATION('density',(#2352),#4492);
#2365=DESCRIPTIVE_REPRESENTATION_ITEM('Steel','Steel');
#2366=DESCRIPTIVE_REPRESENTATION_ITEM('Steel','Steel');
#2367=DESCRIPTIVE_REPRESENTATION_ITEM('Steel','Steel');
#2368=PROPERTY_DEFINITION('material property','material name',#4516);
#2369=PROPERTY_DEFINITION('material property','density of part',#4516);
#2370=PROPERTY_DEFINITION('material property','material name',#4517);
#2371=PROPERTY_DEFINITION('material property','density of part',#4517);
#2372=PROPERTY_DEFINITION('material property','material name',#4518);
#2373=PROPERTY_DEFINITION('material property','density of part',#4518);
#2374=AXIS2_PLACEMENT_3D('',#3330,#2644,#2645);
#2375=AXIS2_PLACEMENT_3D('',#3331,#2646,#2647);
#2376=AXIS2_PLACEMENT_3D('',#3332,#2648,#2649);
#2377=AXIS2_PLACEMENT_3D('',#3334,#2650,#2651);
#2378=AXIS2_PLACEMENT_3D('',#3337,#2653,#2654);
#2379=AXIS2_PLACEMENT_3D('',#3338,#2655,#2656);
#2380=AXIS2_PLACEMENT_3D('',#3340,#2657,#2658);
#2381=AXIS2_PLACEMENT_3D('',#3343,#2660,#2661);
#2382=AXIS2_PLACEMENT_3D('',#3344,#2662,#2663);
#2383=AXIS2_PLACEMENT_3D('',#3346,#2664,#2665);
#2384=AXIS2_PLACEMENT_3D('',#3349,#2667,#2668);
#2385=AXIS2_PLACEMENT_3D('',#3350,#2669,#2670);
#2386=AXIS2_PLACEMENT_3D('',#3352,#2671,#2672);
#2387=AXIS2_PLACEMENT_3D('',#3355,#2674,#2675);
#2388=AXIS2_PLACEMENT_3D('',#3356,#2676,#2677);
#2389=AXIS2_PLACEMENT_3D('',#3365,#2682,#2683);
#2390=AXIS2_PLACEMENT_3D('',#3371,#2687,#2688);
#2391=AXIS2_PLACEMENT_3D('',#3377,#2692,#2693);
#2392=AXIS2_PLACEMENT_3D('',#3380,#2696,#2697);
#2393=AXIS2_PLACEMENT_3D('',#3381,#2698,#2699);
#2394=AXIS2_PLACEMENT_3D('',#3382,#2700,#2701);
#2395=AXIS2_PLACEMENT_3D('',#3383,#2702,#2703);
#2396=AXIS2_PLACEMENT_3D('',#3385,#2704,#2705);
#2397=AXIS2_PLACEMENT_3D('',#3388,#2707,#2708);
#2398=AXIS2_PLACEMENT_3D('',#3389,#2709,#2710);
#2399=AXIS2_PLACEMENT_3D('',#3391,#2711,#2712);
#2400=AXIS2_PLACEMENT_3D('',#3394,#2714,#2715);
#2401=AXIS2_PLACEMENT_3D('',#3395,#2716,#2717);
#2402=AXIS2_PLACEMENT_3D('',#3397,#2718,#2719);
#2403=AXIS2_PLACEMENT_3D('',#3400,#2721,#2722);
#2404=AXIS2_PLACEMENT_3D('',#3401,#2723,#2724);
#2405=AXIS2_PLACEMENT_3D('',#3403,#2725,#2726);
#2406=AXIS2_PLACEMENT_3D('',#3406,#2728,#2729);
#2407=AXIS2_PLACEMENT_3D('',#3407,#2730,#2731);
#2408=AXIS2_PLACEMENT_3D('',#3416,#2736,#2737);
#2409=AXIS2_PLACEMENT_3D('',#3425,#2742,#2743);
#2410=AXIS2_PLACEMENT_3D('',#3434,#2748,#2749);
#2411=AXIS2_PLACEMENT_3D('',#3443,#2754,#2755);
#2412=AXIS2_PLACEMENT_3D('',#3444,#2756,#2757);
#2413=AXIS2_PLACEMENT_3D('',#3445,#2758,#2759);
#2414=AXIS2_PLACEMENT_3D('',#3446,#2760,#2761);
#2415=AXIS2_PLACEMENT_3D('',#3447,#2762,#2763);
#2416=AXIS2_PLACEMENT_3D('',#3448,#2764,#2765);
#2417=AXIS2_PLACEMENT_3D('',#3449,#2766,#2767);
#2418=AXIS2_PLACEMENT_3D('',#3450,#2768,#2769);
#2419=AXIS2_PLACEMENT_3D('',#3451,#2770,#2771);
#2420=AXIS2_PLACEMENT_3D('',#3452,#2772,#2773);
#2421=AXIS2_PLACEMENT_3D('',#3453,#2774,#2775);
#2422=AXIS2_PLACEMENT_3D('',#3454,#2776,#2777);
#2423=AXIS2_PLACEMENT_3D('',#3455,#2778,#2779);
#2424=AXIS2_PLACEMENT_3D('',#3456,#2780,#2781);
#2425=AXIS2_PLACEMENT_3D('',#3457,#2782,#2783);
#2426=AXIS2_PLACEMENT_3D('',#3458,#2784,#2785);
#2427=AXIS2_PLACEMENT_3D('',#3467,#2790,#2791);
#2428=AXIS2_PLACEMENT_3D('',#3473,#2795,#2796);
#2429=AXIS2_PLACEMENT_3D('',#3477,#2799,#2800);
#2430=AXIS2_PLACEMENT_3D('',#3481,#2803,#2804);
#2431=AXIS2_PLACEMENT_3D('',#3483,#2806,#2807);
#2432=AXIS2_PLACEMENT_3D('',#3500,#2816,#2817);
#2433=AXIS2_PLACEMENT_3D('',#3510,#2823,#2824);
#2434=AXIS2_PLACEMENT_3D('',#3514,#2827,#2828);
#2435=AXIS2_PLACEMENT_3D('',#3522,#2833,#2834);
#2436=AXIS2_PLACEMENT_3D('',#3525,#2837,#2838);
#2437=AXIS2_PLACEMENT_3D('',#3527,#2840,#2841);
#2438=AXIS2_PLACEMENT_3D('',#3528,#2842,#2843);
#2439=AXIS2_PLACEMENT_3D('',#3529,#2844,#2845);
#2440=AXIS2_PLACEMENT_3D('',#3787,#2852,#2853);
#2441=AXIS2_PLACEMENT_3D('',#3791,#2855,#2856);
#2442=AXIS2_PLACEMENT_3D('',#3795,#2858,#2859);
#2443=AXIS2_PLACEMENT_3D('',#3798,#2861,#2862);
#2444=AXIS2_PLACEMENT_3D('',#3803,#2864,#2865);
#2445=AXIS2_PLACEMENT_3D('',#3807,#2867,#2868);
#2446=AXIS2_PLACEMENT_3D('',#3811,#2870,#2871);
#2447=AXIS2_PLACEMENT_3D('',#3814,#2873,#2874);
#2448=AXIS2_PLACEMENT_3D('',#3819,#2876,#2877);
#2449=AXIS2_PLACEMENT_3D('',#3823,#2879,#2880);
#2450=AXIS2_PLACEMENT_3D('',#3827,#2882,#2883);
#2451=AXIS2_PLACEMENT_3D('',#3830,#2885,#2886);
#2452=AXIS2_PLACEMENT_3D('',#3835,#2888,#2889);
#2453=AXIS2_PLACEMENT_3D('',#3839,#2891,#2892);
#2454=AXIS2_PLACEMENT_3D('',#3843,#2894,#2895);
#2455=AXIS2_PLACEMENT_3D('',#3846,#2897,#2898);
#2456=AXIS2_PLACEMENT_3D('',#3851,#2900,#2901);
#2457=AXIS2_PLACEMENT_3D('',#3855,#2903,#2904);
#2458=AXIS2_PLACEMENT_3D('',#3859,#2906,#2907);
#2459=AXIS2_PLACEMENT_3D('',#3862,#2909,#2910);
#2460=AXIS2_PLACEMENT_3D('',#3867,#2912,#2913);
#2461=AXIS2_PLACEMENT_3D('',#3871,#2915,#2916);
#2462=AXIS2_PLACEMENT_3D('',#3875,#2918,#2919);
#2463=AXIS2_PLACEMENT_3D('',#3878,#2921,#2922);
#2464=AXIS2_PLACEMENT_3D('',#3883,#2924,#2925);
#2465=AXIS2_PLACEMENT_3D('',#3887,#2927,#2928);
#2466=AXIS2_PLACEMENT_3D('',#3891,#2930,#2931);
#2467=AXIS2_PLACEMENT_3D('',#3894,#2933,#2934);
#2468=AXIS2_PLACEMENT_3D('',#3899,#2936,#2937);
#2469=AXIS2_PLACEMENT_3D('',#3903,#2939,#2940);
#2470=AXIS2_PLACEMENT_3D('',#3907,#2942,#2943);
#2471=AXIS2_PLACEMENT_3D('',#3910,#2945,#2946);
#2472=AXIS2_PLACEMENT_3D('',#3911,#2947,#2948);
#2473=AXIS2_PLACEMENT_3D('',#3914,#2951,#2952);
#2474=AXIS2_PLACEMENT_3D('',#3916,#2954,#2955);
#2475=AXIS2_PLACEMENT_3D('',#3918,#2957,#2958);
#2476=AXIS2_PLACEMENT_3D('',#3919,#2959,#2960);
#2477=AXIS2_PLACEMENT_3D('',#3920,#2961,#2962);
#2478=AXIS2_PLACEMENT_3D('',#3921,#2963,#2964);
#2479=AXIS2_PLACEMENT_3D('',#3922,#2965,#2966);
#2480=AXIS2_PLACEMENT_3D('',#3923,#2967,#2968);
#2481=AXIS2_PLACEMENT_3D('',#3924,#2969,#2970);
#2482=AXIS2_PLACEMENT_3D('',#3925,#2971,#2972);
#2483=AXIS2_PLACEMENT_3D('',#3926,#2973,#2974);
#2484=AXIS2_PLACEMENT_3D('',#3931,#2976,#2977);
#2485=AXIS2_PLACEMENT_3D('',#3935,#2979,#2980);
#2486=AXIS2_PLACEMENT_3D('',#3939,#2982,#2983);
#2487=AXIS2_PLACEMENT_3D('',#3942,#2985,#2986);
#2488=AXIS2_PLACEMENT_3D('',#3943,#2987,#2988);
#2489=AXIS2_PLACEMENT_3D('',#3944,#2989,#2990);
#2490=AXIS2_PLACEMENT_3D('',#3945,#2991,#2992);
#2491=AXIS2_PLACEMENT_3D('',#3955,#2993,#2994);
#2492=AXIS2_PLACEMENT_3D('',#3965,#2995,#2996);
#2493=AXIS2_PLACEMENT_3D('',#3966,#2997,#2998);
#2494=AXIS2_PLACEMENT_3D('',#3967,#2999,#3000);
#2495=AXIS2_PLACEMENT_3D('',#3968,#3001,#3002);
#2496=AXIS2_PLACEMENT_3D('',#3969,#3003,#3004);
#2497=AXIS2_PLACEMENT_3D('',#3979,#3005,#3006);
#2498=AXIS2_PLACEMENT_3D('',#3989,#3007,#3008);
#2499=AXIS2_PLACEMENT_3D('',#3990,#3009,#3010);
#2500=AXIS2_PLACEMENT_3D('',#3991,#3011,#3012);
#2501=AXIS2_PLACEMENT_3D('',#3996,#3014,#3015);
#2502=AXIS2_PLACEMENT_3D('',#4000,#3017,#3018);
#2503=AXIS2_PLACEMENT_3D('',#4004,#3020,#3021);
#2504=AXIS2_PLACEMENT_3D('',#4007,#3023,#3024);
#2505=AXIS2_PLACEMENT_3D('',#4008,#3025,#3026);
#2506=AXIS2_PLACEMENT_3D('',#4009,#3027,#3028);
#2507=AXIS2_PLACEMENT_3D('',#4010,#3029,#3030);
#2508=AXIS2_PLACEMENT_3D('',#4020,#3031,#3032);
#2509=AXIS2_PLACEMENT_3D('',#4030,#3033,#3034);
#2510=AXIS2_PLACEMENT_3D('',#4031,#3035,#3036);
#2511=AXIS2_PLACEMENT_3D('',#4032,#3037,#3038);
#2512=AXIS2_PLACEMENT_3D('',#4033,#3039,#3040);
#2513=AXIS2_PLACEMENT_3D('',#4034,#3041,#3042);
#2514=AXIS2_PLACEMENT_3D('',#4044,#3043,#3044);
#2515=AXIS2_PLACEMENT_3D('',#4054,#3045,#3046);
#2516=AXIS2_PLACEMENT_3D('',#4055,#3047,#3048);
#2517=AXIS2_PLACEMENT_3D('',#4056,#3049,#3050);
#2518=AXIS2_PLACEMENT_3D('',#4061,#3052,#3053);
#2519=AXIS2_PLACEMENT_3D('',#4065,#3055,#3056);
#2520=AXIS2_PLACEMENT_3D('',#4069,#3058,#3059);
#2521=AXIS2_PLACEMENT_3D('',#4072,#3061,#3062);
#2522=AXIS2_PLACEMENT_3D('',#4073,#3063,#3064);
#2523=AXIS2_PLACEMENT_3D('',#4074,#3065,#3066);
#2524=AXIS2_PLACEMENT_3D('',#4075,#3067,#3068);
#2525=AXIS2_PLACEMENT_3D('',#4085,#3069,#3070);
#2526=AXIS2_PLACEMENT_3D('',#4095,#3071,#3072);
#2527=AXIS2_PLACEMENT_3D('',#4096,#3073,#3074);
#2528=AXIS2_PLACEMENT_3D('',#4097,#3075,#3076);
#2529=AXIS2_PLACEMENT_3D('',#4098,#3077,#3078);
#2530=AXIS2_PLACEMENT_3D('',#4099,#3079,#3080);
#2531=AXIS2_PLACEMENT_3D('',#4109,#3081,#3082);
#2532=AXIS2_PLACEMENT_3D('',#4119,#3083,#3084);
#2533=AXIS2_PLACEMENT_3D('',#4120,#3085,#3086);
#2534=AXIS2_PLACEMENT_3D('',#4121,#3087,#3088);
#2535=AXIS2_PLACEMENT_3D('',#4126,#3090,#3091);
#2536=AXIS2_PLACEMENT_3D('',#4130,#3093,#3094);
#2537=AXIS2_PLACEMENT_3D('',#4134,#3096,#3097);
#2538=AXIS2_PLACEMENT_3D('',#4137,#3099,#3100);
#2539=AXIS2_PLACEMENT_3D('',#4138,#3101,#3102);
#2540=AXIS2_PLACEMENT_3D('',#4139,#3103,#3104);
#2541=AXIS2_PLACEMENT_3D('',#4140,#3105,#3106);
#2542=AXIS2_PLACEMENT_3D('',#4150,#3107,#3108);
#2543=AXIS2_PLACEMENT_3D('',#4160,#3109,#3110);
#2544=AXIS2_PLACEMENT_3D('',#4161,#3111,#3112);
#2545=AXIS2_PLACEMENT_3D('',#4162,#3113,#3114);
#2546=AXIS2_PLACEMENT_3D('',#4163,#3115,#3116);
#2547=AXIS2_PLACEMENT_3D('',#4164,#3117,#3118);
#2548=AXIS2_PLACEMENT_3D('',#4174,#3119,#3120);
#2549=AXIS2_PLACEMENT_3D('',#4184,#3121,#3122);
#2550=AXIS2_PLACEMENT_3D('',#4185,#3123,#3124);
#2551=AXIS2_PLACEMENT_3D('',#4186,#3125,#3126);
#2552=AXIS2_PLACEMENT_3D('',#4191,#3128,#3129);
#2553=AXIS2_PLACEMENT_3D('',#4195,#3131,#3132);
#2554=AXIS2_PLACEMENT_3D('',#4199,#3134,#3135);
#2555=AXIS2_PLACEMENT_3D('',#4202,#3137,#3138);
#2556=AXIS2_PLACEMENT_3D('',#4203,#3139,#3140);
#2557=AXIS2_PLACEMENT_3D('',#4204,#3141,#3142);
#2558=AXIS2_PLACEMENT_3D('',#4205,#3143,#3144);
#2559=AXIS2_PLACEMENT_3D('',#4215,#3145,#3146);
#2560=AXIS2_PLACEMENT_3D('',#4225,#3147,#3148);
#2561=AXIS2_PLACEMENT_3D('',#4226,#3149,#3150);
#2562=AXIS2_PLACEMENT_3D('',#4227,#3151,#3152);
#2563=AXIS2_PLACEMENT_3D('',#4228,#3153,#3154);
#2564=AXIS2_PLACEMENT_3D('',#4229,#3155,#3156);
#2565=AXIS2_PLACEMENT_3D('',#4239,#3157,#3158);
#2566=AXIS2_PLACEMENT_3D('',#4249,#3159,#3160);
#2567=AXIS2_PLACEMENT_3D('',#4250,#3161,#3162);
#2568=AXIS2_PLACEMENT_3D('',#4251,#3163,#3164);
#2569=AXIS2_PLACEMENT_3D('',#4256,#3166,#3167);
#2570=AXIS2_PLACEMENT_3D('',#4260,#3169,#3170);
#2571=AXIS2_PLACEMENT_3D('',#4264,#3172,#3173);
#2572=AXIS2_PLACEMENT_3D('',#4267,#3175,#3176);
#2573=AXIS2_PLACEMENT_3D('',#4268,#3177,#3178);
#2574=AXIS2_PLACEMENT_3D('',#4269,#3179,#3180);
#2575=AXIS2_PLACEMENT_3D('',#4270,#3181,#3182);
#2576=AXIS2_PLACEMENT_3D('',#4280,#3183,#3184);
#2577=AXIS2_PLACEMENT_3D('',#4290,#3185,#3186);
#2578=AXIS2_PLACEMENT_3D('',#4291,#3187,#3188);
#2579=AXIS2_PLACEMENT_3D('',#4292,#3189,#3190);
#2580=AXIS2_PLACEMENT_3D('',#4293,#3191,#3192);
#2581=AXIS2_PLACEMENT_3D('',#4294,#3193,#3194);
#2582=AXIS2_PLACEMENT_3D('',#4304,#3195,#3196);
#2583=AXIS2_PLACEMENT_3D('',#4314,#3197,#3198);
#2584=AXIS2_PLACEMENT_3D('',#4315,#3199,#3200);
#2585=AXIS2_PLACEMENT_3D('',#4316,#3201,#3202);
#2586=AXIS2_PLACEMENT_3D('',#4321,#3204,#3205);
#2587=AXIS2_PLACEMENT_3D('',#4325,#3207,#3208);
#2588=AXIS2_PLACEMENT_3D('',#4329,#3210,#3211);
#2589=AXIS2_PLACEMENT_3D('',#4332,#3213,#3214);
#2590=AXIS2_PLACEMENT_3D('',#4333,#3215,#3216);
#2591=AXIS2_PLACEMENT_3D('',#4334,#3217,#3218);
#2592=AXIS2_PLACEMENT_3D('',#4335,#3219,#3220);
#2593=AXIS2_PLACEMENT_3D('',#4345,#3221,#3222);
#2594=AXIS2_PLACEMENT_3D('',#4355,#3223,#3224);
#2595=AXIS2_PLACEMENT_3D('',#4356,#3225,#3226);
#2596=AXIS2_PLACEMENT_3D('',#4357,#3227,#3228);
#2597=AXIS2_PLACEMENT_3D('',#4358,#3229,#3230);
#2598=AXIS2_PLACEMENT_3D('',#4359,#3231,#3232);
#2599=AXIS2_PLACEMENT_3D('',#4369,#3233,#3234);
#2600=AXIS2_PLACEMENT_3D('',#4379,#3235,#3236);
#2601=AXIS2_PLACEMENT_3D('',#4380,#3237,#3238);
#2602=AXIS2_PLACEMENT_3D('',#4381,#3239,#3240);
#2603=AXIS2_PLACEMENT_3D('',#4386,#3242,#3243);
#2604=AXIS2_PLACEMENT_3D('',#4390,#3245,#3246);
#2605=AXIS2_PLACEMENT_3D('',#4394,#3248,#3249);
#2606=AXIS2_PLACEMENT_3D('',#4397,#3251,#3252);
#2607=AXIS2_PLACEMENT_3D('',#4398,#3253,#3254);
#2608=AXIS2_PLACEMENT_3D('',#4399,#3255,#3256);
#2609=AXIS2_PLACEMENT_3D('',#4400,#3257,#3258);
#2610=AXIS2_PLACEMENT_3D('',#4410,#3259,#3260);
#2611=AXIS2_PLACEMENT_3D('',#4420,#3261,#3262);
#2612=AXIS2_PLACEMENT_3D('',#4421,#3263,#3264);
#2613=AXIS2_PLACEMENT_3D('',#4422,#3265,#3266);
#2614=AXIS2_PLACEMENT_3D('',#4423,#3267,#3268);
#2615=AXIS2_PLACEMENT_3D('',#4424,#3269,#3270);
#2616=AXIS2_PLACEMENT_3D('',#4434,#3271,#3272);
#2617=AXIS2_PLACEMENT_3D('',#4444,#3273,#3274);
#2618=AXIS2_PLACEMENT_3D('',#4445,#3275,#3276);
#2619=AXIS2_PLACEMENT_3D('',#4446,#3277,#3278);
#2620=AXIS2_PLACEMENT_3D('',#4449,#3279,#3280);
#2621=AXIS2_PLACEMENT_3D('',#4451,#3281,#3282);
#2622=AXIS2_PLACEMENT_3D('',#4452,#3283,#3284);
#2623=AXIS2_PLACEMENT_3D('',#4453,#3285,#3286);
#2624=AXIS2_PLACEMENT_3D('',#4454,#3287,#3288);
#2625=AXIS2_PLACEMENT_3D('',#4456,#3289,#3290);
#2626=AXIS2_PLACEMENT_3D('',#4458,#3292,#3293);
#2627=AXIS2_PLACEMENT_3D('',#4461,#3294,#3295);
#2628=AXIS2_PLACEMENT_3D('',#4463,#3296,#3297);
#2629=AXIS2_PLACEMENT_3D('',#4464,#3298,#3299);
#2630=AXIS2_PLACEMENT_3D('',#4465,#3300,#3301);
#2631=AXIS2_PLACEMENT_3D('',#4466,#3302,#3303);
#2632=AXIS2_PLACEMENT_3D('',#4468,#3304,#3305);
#2633=AXIS2_PLACEMENT_3D('',#4470,#3307,#3308);
#2634=AXIS2_PLACEMENT_3D('',#4472,#3309,#3310);
#2635=AXIS2_PLACEMENT_3D('',#4475,#3312,#3313);
#2636=AXIS2_PLACEMENT_3D('',#4476,#3314,#3315);
#2637=AXIS2_PLACEMENT_3D('',#4477,#3316,#3317);
#2638=AXIS2_PLACEMENT_3D('',#4478,#3318,#3319);
#2639=AXIS2_PLACEMENT_3D('',#4479,#3320,#3321);
#2640=AXIS2_PLACEMENT_3D('',#4480,#3322,#3323);
#2641=AXIS2_PLACEMENT_3D('',#4481,#3324,#3325);
#2642=AXIS2_PLACEMENT_3D('',#4482,#3326,#3327);
#2643=AXIS2_PLACEMENT_3D('',#4483,#3328,#3329);
#2644=DIRECTION('axis',(0.,0.,1.));
#2645=DIRECTION('refdir',(1.,0.,0.));
#2646=DIRECTION('axis',(0.,0.,1.));
#2647=DIRECTION('refdir',(1.,0.,0.));
#2648=DIRECTION('center_axis',(0.,0.,1.));
#2649=DIRECTION('ref_axis',(1.,0.,0.));
#2650=DIRECTION('center_axis',(0.,0.,1.));
#2651=DIRECTION('ref_axis',(-1.,0.,0.));
#2652=DIRECTION('',(0.,0.,1.));
#2653=DIRECTION('center_axis',(0.,0.,-1.));
#2654=DIRECTION('ref_axis',(1.,0.,0.));
#2655=DIRECTION('center_axis',(0.,0.,1.));
#2656=DIRECTION('ref_axis',(1.,0.,0.));
#2657=DIRECTION('center_axis',(0.,0.,-1.));
#2658=DIRECTION('ref_axis',(-1.,0.,0.));
#2659=DIRECTION('',(0.,0.,1.));
#2660=DIRECTION('center_axis',(0.,0.,1.));
#2661=DIRECTION('ref_axis',(-1.,0.,0.));
#2662=DIRECTION('center_axis',(0.,0.,1.));
#2663=DIRECTION('ref_axis',(1.,0.,0.));
#2664=DIRECTION('center_axis',(0.,0.,1.));
#2665=DIRECTION('ref_axis',(-1.,0.,0.));
#2666=DIRECTION('',(0.,0.,1.));
#2667=DIRECTION('center_axis',(0.,0.,-1.));
#2668=DIRECTION('ref_axis',(-1.,0.,0.));
#2669=DIRECTION('center_axis',(0.,0.,1.));
#2670=DIRECTION('ref_axis',(1.,0.,0.));
#2671=DIRECTION('center_axis',(0.,0.,-1.));
#2672=DIRECTION('ref_axis',(-1.,0.,0.));
#2673=DIRECTION('',(0.,0.,1.));
#2674=DIRECTION('center_axis',(0.,0.,1.));
#2675=DIRECTION('ref_axis',(1.,0.,0.));
#2676=DIRECTION('center_axis',(-1.,0.,0.));
#2677=DIRECTION('ref_axis',(0.,0.,1.));
#2678=DIRECTION('',(0.,1.,0.));
#2679=DIRECTION('',(0.,0.,-1.));
#2680=DIRECTION('',(0.,1.,0.));
#2681=DIRECTION('',(0.,0.,-1.));
#2682=DIRECTION('center_axis',(9.40866970021319E-17,-1.,0.));
#2683=DIRECTION('ref_axis',(1.,9.40866970021319E-17,0.));
#2684=DIRECTION('',(-1.,-9.40866970021319E-17,0.));
#2685=DIRECTION('',(0.,0.,-1.));
#2686=DIRECTION('',(-1.,-9.40866970021319E-17,0.));
#2687=DIRECTION('center_axis',(1.,1.32169407693471E-16,0.));
#2688=DIRECTION('ref_axis',(-1.32169407693471E-16,1.,0.));
#2689=DIRECTION('',(1.32169407693471E-16,-1.,0.));
#2690=DIRECTION('',(0.,0.,-1.));
#2691=DIRECTION('',(1.32169407693471E-16,-1.,0.));
#2692=DIRECTION('center_axis',(-1.88173394004264E-16,1.,0.));
#2693=DIRECTION('ref_axis',(-1.,-1.88173394004264E-16,0.));
#2694=DIRECTION('',(1.,1.88173394004264E-16,0.));
#2695=DIRECTION('',(1.,1.88173394004264E-16,0.));
#2696=DIRECTION('center_axis',(0.,0.,-1.));
#2697=DIRECTION('ref_axis',(-1.,0.,0.));
#2698=DIRECTION('center_axis',(0.,0.,-1.));
#2699=DIRECTION('ref_axis',(-1.,0.,0.));
#2700=DIRECTION('axis',(0.,0.,1.));
#2701=DIRECTION('refdir',(1.,0.,0.));
#2702=DIRECTION('center_axis',(0.,0.,-1.));
#2703=DIRECTION('ref_axis',(-1.,0.,0.));
#2704=DIRECTION('center_axis',(0.,0.,-1.));
#2705=DIRECTION('ref_axis',(-1.,0.,0.));
#2706=DIRECTION('',(0.,0.,-1.));
#2707=DIRECTION('center_axis',(0.,0.,-1.));
#2708=DIRECTION('ref_axis',(-1.,0.,0.));
#2709=DIRECTION('center_axis',(0.,0.,-1.));
#2710=DIRECTION('ref_axis',(-1.,0.,0.));
#2711=DIRECTION('center_axis',(0.,0.,-1.));
#2712=DIRECTION('ref_axis',(-1.,0.,0.));
#2713=DIRECTION('',(0.,0.,-1.));
#2714=DIRECTION('center_axis',(0.,0.,-1.));
#2715=DIRECTION('ref_axis',(-1.,0.,0.));
#2716=DIRECTION('center_axis',(0.,0.,-1.));
#2717=DIRECTION('ref_axis',(-1.,0.,0.));
#2718=DIRECTION('center_axis',(0.,0.,-1.));
#2719=DIRECTION('ref_axis',(-1.,0.,0.));
#2720=DIRECTION('',(0.,0.,-1.));
#2721=DIRECTION('center_axis',(0.,0.,-1.));
#2722=DIRECTION('ref_axis',(-1.,0.,0.));
#2723=DIRECTION('center_axis',(0.,0.,-1.));
#2724=DIRECTION('ref_axis',(-1.,0.,0.));
#2725=DIRECTION('center_axis',(0.,0.,-1.));
#2726=DIRECTION('ref_axis',(-1.,0.,0.));
#2727=DIRECTION('',(0.,0.,-1.));
#2728=DIRECTION('center_axis',(0.,0.,-1.));
#2729=DIRECTION('ref_axis',(-1.,0.,0.));
#2730=DIRECTION('center_axis',(-1.,0.,0.));
#2731=DIRECTION('ref_axis',(0.,0.,1.));
#2732=DIRECTION('',(0.,1.,0.));
#2733=DIRECTION('',(0.,0.,-1.));
#2734=DIRECTION('',(0.,1.,0.));
#2735=DIRECTION('',(0.,0.,1.));
#2736=DIRECTION('center_axis',(0.,-1.,0.));
#2737=DIRECTION('ref_axis',(0.,0.,-1.));
#2738=DIRECTION('',(-1.,0.,0.));
#2739=DIRECTION('',(0.,0.,1.));
#2740=DIRECTION('',(-1.,0.,0.));
#2741=DIRECTION('',(0.,0.,-1.));
#2742=DIRECTION('center_axis',(1.,0.,0.));
#2743=DIRECTION('ref_axis',(0.,0.,-1.));
#2744=DIRECTION('',(0.,-1.,0.));
#2745=DIRECTION('',(0.,0.,-1.));
#2746=DIRECTION('',(0.,-1.,0.));
#2747=DIRECTION('',(0.,0.,1.));
#2748=DIRECTION('center_axis',(0.,1.,0.));
#2749=DIRECTION('ref_axis',(0.,0.,1.));
#2750=DIRECTION('',(1.,0.,0.));
#2751=DIRECTION('',(0.,0.,-1.));
#2752=DIRECTION('',(1.,0.,0.));
#2753=DIRECTION('',(0.,0.,1.));
#2754=DIRECTION('center_axis',(0.,0.,-1.));
#2755=DIRECTION('ref_axis',(-1.,0.,0.));
#2756=DIRECTION('center_axis',(0.,0.,1.));
#2757=DIRECTION('ref_axis',(-1.,0.,0.));
#2758=DIRECTION('center_axis',(0.,0.,1.));
#2759=DIRECTION('ref_axis',(-1.,0.,0.));
#2760=DIRECTION('center_axis',(0.,0.,1.));
#2761=DIRECTION('ref_axis',(-1.,0.,0.));
#2762=DIRECTION('center_axis',(0.,0.,1.));
#2763=DIRECTION('ref_axis',(-1.,0.,0.));
#2764=DIRECTION('center_axis',(0.,0.,-1.));
#2765=DIRECTION('ref_axis',(-1.,0.,0.));
#2766=DIRECTION('center_axis',(0.,0.,-1.));
#2767=DIRECTION('ref_axis',(-1.,0.,0.));
#2768=DIRECTION('center_axis',(0.,0.,-1.));
#2769=DIRECTION('ref_axis',(-1.,0.,0.));
#2770=DIRECTION('center_axis',(0.,0.,-1.));
#2771=DIRECTION('ref_axis',(-1.,0.,0.));
#2772=DIRECTION('center_axis',(0.,0.,-1.));
#2773=DIRECTION('ref_axis',(-1.,0.,0.));
#2774=DIRECTION('center_axis',(0.,0.,-1.));
#2775=DIRECTION('ref_axis',(-1.,0.,0.));
#2776=DIRECTION('center_axis',(0.,0.,-1.));
#2777=DIRECTION('ref_axis',(-1.,0.,0.));
#2778=DIRECTION('center_axis',(0.,0.,-1.));
#2779=DIRECTION('ref_axis',(-1.,0.,0.));
#2780=DIRECTION('center_axis',(0.,0.,-1.));
#2781=DIRECTION('ref_axis',(-1.,0.,0.));
#2782=DIRECTION('axis',(0.,0.,1.));
#2783=DIRECTION('refdir',(1.,0.,0.));
#2784=DIRECTION('center_axis',(0.,0.,-1.));
#2785=DIRECTION('ref_axis',(0.,-1.,0.));
#2786=DIRECTION('',(-1.,0.,0.));
#2787=DIRECTION('',(0.,1.,0.));
#2788=DIRECTION('',(1.,0.,0.));
#2789=DIRECTION('',(0.,-1.,0.));
#2790=DIRECTION('center_axis',(0.,-1.,0.));
#2791=DIRECTION('ref_axis',(0.,0.,-1.));
#2792=DIRECTION('',(-1.,0.,0.));
#2793=DIRECTION('',(0.,0.,-1.));
#2794=DIRECTION('',(0.,0.,-1.));
#2795=DIRECTION('center_axis',(-1.,0.,0.));
#2796=DIRECTION('ref_axis',(0.,0.,1.));
#2797=DIRECTION('',(0.,1.,0.));
#2798=DIRECTION('',(0.,0.,-1.));
#2799=DIRECTION('center_axis',(0.,1.,0.));
#2800=DIRECTION('ref_axis',(1.,0.,0.));
#2801=DIRECTION('',(1.,0.,0.));
#2802=DIRECTION('',(0.,0.,-1.));
#2803=DIRECTION('center_axis',(1.,0.,0.));
#2804=DIRECTION('ref_axis',(0.,1.,0.));
#2805=DIRECTION('',(0.,-1.,0.));
#2806=DIRECTION('center_axis',(0.,0.,1.));
#2807=DIRECTION('ref_axis',(1.,0.,0.));
#2808=DIRECTION('',(0.,1.,0.));
#2809=DIRECTION('',(1.,0.,0.));
#2810=DIRECTION('',(0.,1.,0.));
#2811=DIRECTION('',(1.,0.,0.));
#2812=DIRECTION('',(1.,0.,0.));
#2813=DIRECTION('',(0.,-1.,0.));
#2814=DIRECTION('',(-1.,0.,0.));
#2815=DIRECTION('',(0.,1.,0.));
#2816=DIRECTION('center_axis',(-1.,0.,0.));
#2817=DIRECTION('ref_axis',(0.,0.,1.));
#2818=DIRECTION('',(0.,-1.,0.));
#2819=DIRECTION('',(0.,0.,1.));
#2820=DIRECTION('',(0.,0.,-1.));
#2821=DIRECTION('',(0.,1.,0.));
#2822=DIRECTION('',(0.,0.,1.));
#2823=DIRECTION('center_axis',(0.,-1.,0.));
#2824=DIRECTION('ref_axis',(0.,0.,-1.));
#2825=DIRECTION('',(1.,0.,0.));
#2826=DIRECTION('',(0.,0.,1.));
#2827=DIRECTION('center_axis',(1.,0.,0.));
#2828=DIRECTION('ref_axis',(0.,1.,0.));
#2829=DIRECTION('',(0.,1.,0.));
#2830=DIRECTION('',(0.,0.,1.));
#2831=DIRECTION('',(0.,-1.,0.));
#2832=DIRECTION('',(0.,0.,-1.));
#2833=DIRECTION('center_axis',(0.,1.,0.));
#2834=DIRECTION('ref_axis',(1.,0.,0.));
#2835=DIRECTION('',(1.,0.,0.));
#2836=DIRECTION('',(-1.,0.,0.));
#2837=DIRECTION('center_axis',(0.,0.,-1.));
#2838=DIRECTION('ref_axis',(0.,-1.,0.));
#2839=DIRECTION('',(1.,0.,0.));
#2840=DIRECTION('center_axis',(0.,1.,0.));
#2841=DIRECTION('ref_axis',(1.,0.,0.));
#2842=DIRECTION('center_axis',(0.,0.,1.));
#2843=DIRECTION('ref_axis',(1.,0.,0.));
#2844=DIRECTION('center_axis',(0.,0.,-1.));
#2845=DIRECTION('ref_axis',(0.,-1.,0.));
#2846=DIRECTION('',(0.,-1.,0.));
#2847=DIRECTION('',(1.,0.,0.));
#2848=DIRECTION('',(0.,1.,0.));
#2849=DIRECTION('',(-1.,0.,0.));
#2850=DIRECTION('',(1.,0.,0.));
#2851=DIRECTION('',(1.,0.,0.));
#2852=DIRECTION('center_axis',(0.,0.,-1.));
#2853=DIRECTION('ref_axis',(1.,1.73472347597681E-15,0.));
#2854=DIRECTION('',(0.,-1.,0.));
#2855=DIRECTION('center_axis',(0.,0.,-1.));
#2856=DIRECTION('ref_axis',(8.67361737988403E-16,-1.,0.));
#2857=DIRECTION('',(-1.,-2.22044604925031E-16,0.));
#2858=DIRECTION('center_axis',(0.,0.,-1.));
#2859=DIRECTION('ref_axis',(-1.,-3.46944695195361E-15,0.));
#2860=DIRECTION('',(0.,1.,0.));
#2861=DIRECTION('center_axis',(0.,0.,-1.));
#2862=DIRECTION('ref_axis',(0.,1.,0.));
#2863=DIRECTION('',(1.,0.,0.));
#2864=DIRECTION('center_axis',(0.,0.,-1.));
#2865=DIRECTION('ref_axis',(1.,0.,0.));
#2866=DIRECTION('',(3.1720657846433E-16,-1.,0.));
#2867=DIRECTION('center_axis',(0.,0.,-1.));
#2868=DIRECTION('ref_axis',(8.67361737988404E-16,-1.,0.));
#2869=DIRECTION('',(-1.,1.11022302462516E-16,0.));
#2870=DIRECTION('center_axis',(0.,0.,-1.));
#2871=DIRECTION('ref_axis',(-1.,0.,0.));
#2872=DIRECTION('',(-1.58603289232165E-16,1.,0.));
#2873=DIRECTION('center_axis',(0.,0.,-1.));
#2874=DIRECTION('ref_axis',(0.,1.,0.));
#2875=DIRECTION('',(1.,0.,0.));
#2876=DIRECTION('center_axis',(0.,0.,-1.));
#2877=DIRECTION('ref_axis',(1.,-1.73472347597681E-15,0.));
#2878=DIRECTION('',(-3.17206578464331E-16,-1.,0.));
#2879=DIRECTION('center_axis',(0.,0.,-1.));
#2880=DIRECTION('ref_axis',(1.73472347597681E-15,-1.,0.));
#2881=DIRECTION('',(-1.,4.44089209850063E-16,0.));
#2882=DIRECTION('center_axis',(0.,0.,-1.));
#2883=DIRECTION('ref_axis',(-1.,-3.46944695195361E-15,0.));
#2884=DIRECTION('',(-1.26882631385732E-15,1.,0.));
#2885=DIRECTION('center_axis',(0.,0.,-1.));
#2886=DIRECTION('ref_axis',(0.,1.,0.));
#2887=DIRECTION('',(1.,0.,0.));
#2888=DIRECTION('center_axis',(0.,0.,-1.));
#2889=DIRECTION('ref_axis',(1.,0.,0.));
#2890=DIRECTION('',(0.,-1.,0.));
#2891=DIRECTION('center_axis',(0.,0.,-1.));
#2892=DIRECTION('ref_axis',(0.,-1.,0.));
#2893=DIRECTION('',(-1.,0.,0.));
#2894=DIRECTION('center_axis',(0.,0.,-1.));
#2895=DIRECTION('ref_axis',(-1.,0.,0.));
#2896=DIRECTION('',(0.,1.,0.));
#2897=DIRECTION('center_axis',(0.,0.,-1.));
#2898=DIRECTION('ref_axis',(0.,1.,0.));
#2899=DIRECTION('',(0.,-1.,0.));
#2900=DIRECTION('center_axis',(0.,0.,-1.));
#2901=DIRECTION('ref_axis',(8.67361737988403E-16,-1.,0.));
#2902=DIRECTION('',(-1.,0.,0.));
#2903=DIRECTION('center_axis',(0.,0.,-1.));
#2904=DIRECTION('ref_axis',(-1.,-3.46944695195361E-15,0.));
#2905=DIRECTION('',(0.,1.,0.));
#2906=DIRECTION('center_axis',(0.,0.,-1.));
#2907=DIRECTION('ref_axis',(0.,1.,0.));
#2908=DIRECTION('',(1.,0.,0.));
#2909=DIRECTION('center_axis',(0.,0.,-1.));
#2910=DIRECTION('ref_axis',(1.,0.,0.));
#2911=DIRECTION('',(1.,0.,0.));
#2912=DIRECTION('center_axis',(0.,0.,-1.));
#2913=DIRECTION('ref_axis',(1.,0.,0.));
#2914=DIRECTION('',(0.,-1.,0.));
#2915=DIRECTION('center_axis',(0.,0.,-1.));
#2916=DIRECTION('ref_axis',(0.,-1.,0.));
#2917=DIRECTION('',(-1.,0.,0.));
#2918=DIRECTION('center_axis',(0.,0.,-1.));
#2919=DIRECTION('ref_axis',(-1.,0.,0.));
#2920=DIRECTION('',(0.,1.,0.));
#2921=DIRECTION('center_axis',(0.,0.,-1.));
#2922=DIRECTION('ref_axis',(0.,1.,0.));
#2923=DIRECTION('',(-1.,8.88178419700125E-16,0.));
#2924=DIRECTION('center_axis',(0.,0.,-1.));
#2925=DIRECTION('ref_axis',(-1.,-1.04083408558608E-14,0.));
#2926=DIRECTION('',(-1.26882631385732E-15,1.,0.));
#2927=DIRECTION('center_axis',(0.,0.,-1.));
#2928=DIRECTION('ref_axis',(0.,1.,0.));
#2929=DIRECTION('',(1.,0.,0.));
#2930=DIRECTION('center_axis',(0.,0.,-1.));
#2931=DIRECTION('ref_axis',(1.,-3.46944695195362E-15,0.));
#2932=DIRECTION('',(-3.17206578464331E-16,-1.,0.));
#2933=DIRECTION('center_axis',(0.,0.,-1.));
#2934=DIRECTION('ref_axis',(1.73472347597681E-15,-1.,0.));
#2935=DIRECTION('',(0.,-1.,0.));
#2936=DIRECTION('center_axis',(0.,0.,-1.));
#2937=DIRECTION('ref_axis',(0.,-1.,0.));
#2938=DIRECTION('',(-1.,0.,0.));
#2939=DIRECTION('center_axis',(0.,0.,-1.));
#2940=DIRECTION('ref_axis',(-1.,0.,0.));
#2941=DIRECTION('',(0.,1.,0.));
#2942=DIRECTION('center_axis',(0.,0.,-1.));
#2943=DIRECTION('ref_axis',(0.,1.,0.));
#2944=DIRECTION('',(1.,0.,0.));
#2945=DIRECTION('center_axis',(0.,0.,-1.));
#2946=DIRECTION('ref_axis',(1.,0.,0.));
#2947=DIRECTION('center_axis',(1.,0.,0.));
#2948=DIRECTION('ref_axis',(0.,1.,0.));
#2949=DIRECTION('',(0.,0.,-1.));
#2950=DIRECTION('',(0.,0.,-1.));
#2951=DIRECTION('center_axis',(0.,-1.,0.));
#2952=DIRECTION('ref_axis',(0.,0.,-1.));
#2953=DIRECTION('',(0.,0.,-1.));
#2954=DIRECTION('center_axis',(-1.,0.,0.));
#2955=DIRECTION('ref_axis',(0.,0.,1.));
#2956=DIRECTION('',(0.,0.,-1.));
#2957=DIRECTION('center_axis',(0.,1.,0.));
#2958=DIRECTION('ref_axis',(1.,0.,0.));
#2959=DIRECTION('center_axis',(0.,0.,1.));
#2960=DIRECTION('ref_axis',(1.,0.,0.));
#2961=DIRECTION('center_axis',(0.,0.,1.));
#2962=DIRECTION('ref_axis',(1.,0.,0.));
#2963=DIRECTION('center_axis',(0.,0.,1.));
#2964=DIRECTION('ref_axis',(1.,0.,0.));
#2965=DIRECTION('center_axis',(0.,0.,1.));
#2966=DIRECTION('ref_axis',(1.,0.,0.));
#2967=DIRECTION('center_axis',(0.,0.,1.));
#2968=DIRECTION('ref_axis',(1.,0.,0.));
#2969=DIRECTION('center_axis',(0.,0.,1.));
#2970=DIRECTION('ref_axis',(1.,0.,0.));
#2971=DIRECTION('center_axis',(0.,0.,1.));
#2972=DIRECTION('ref_axis',(1.,0.,0.));
#2973=DIRECTION('center_axis',(0.,0.,1.));
#2974=DIRECTION('ref_axis',(1.,0.,0.));
#2975=DIRECTION('',(0.,1.,0.));
#2976=DIRECTION('center_axis',(0.,0.,-1.));
#2977=DIRECTION('ref_axis',(1.,-2.26912565640783E-14,0.));
#2978=DIRECTION('',(-1.,0.,0.));
#2979=DIRECTION('center_axis',(0.,0.,-1.));
#2980=DIRECTION('ref_axis',(0.,1.,0.));
#2981=DIRECTION('',(0.,-1.,0.));
#2982=DIRECTION('center_axis',(0.,0.,-1.));
#2983=DIRECTION('ref_axis',(-4.77710664506918E-15,-1.,0.));
#2984=DIRECTION('',(1.,0.,0.));
#2985=DIRECTION('center_axis',(0.,0.,-1.));
#2986=DIRECTION('ref_axis',(1.,9.55421329013843E-15,0.));
#2987=DIRECTION('center_axis',(0.,-1.,0.));
#2988=DIRECTION('ref_axis',(0.900802451377125,0.,0.434229137199432));
#2989=DIRECTION('center_axis',(0.,-1.,0.));
#2990=DIRECTION('ref_axis',(0.900802451377125,0.,0.434229137199432));
#2991=DIRECTION('center_axis',(0.,1.,0.));
#2992=DIRECTION('ref_axis',(2.45363999430949E-15,0.,1.));
#2993=DIRECTION('center_axis',(-1.,0.,0.));
#2994=DIRECTION('ref_axis',(0.,-0.900802451377125,0.434229137199432));
#2995=DIRECTION('center_axis',(-1.,-1.97256730208611E-15,-3.14065919271614E-15));
#2996=DIRECTION('ref_axis',(-3.14065919271614E-15,-1.35519160668237E-30,
1.));
#2997=DIRECTION('center_axis',(-1.,0.,0.));
#2998=DIRECTION('ref_axis',(0.,-0.900802451377125,0.434229137199432));
#2999=DIRECTION('center_axis',(-1.,0.,0.));
#3000=DIRECTION('ref_axis',(0.,-0.900802451377125,0.434229137199432));
#3001=DIRECTION('center_axis',(1.,0.,0.));
#3002=DIRECTION('ref_axis',(0.,0.900802451377125,0.434229137199432));
#3003=DIRECTION('center_axis',(-1.,0.,0.));
#3004=DIRECTION('ref_axis',(0.,0.,1.));
#3005=DIRECTION('center_axis',(-7.01864103173525E-15,1.,1.25626367708646E-14));
#3006=DIRECTION('ref_axis',(-0.900802451377124,-1.17774719726856E-14,0.434229137199433));
#3007=DIRECTION('center_axis',(-2.95885095312924E-15,-1.,4.71098878907422E-15));
#3008=DIRECTION('ref_axis',(-5.8079640286389E-31,4.71098878907422E-15,1.));
#3009=DIRECTION('center_axis',(0.,1.,0.));
#3010=DIRECTION('ref_axis',(-0.900802451377124,0.,0.434229137199433));
#3011=DIRECTION('center_axis',(0.,0.,1.));
#3012=DIRECTION('ref_axis',(1.,0.,0.));
#3013=DIRECTION('',(1.,0.,0.));
#3014=DIRECTION('center_axis',(0.,0.,-1.));
#3015=DIRECTION('ref_axis',(-9.55421329013834E-15,-1.,0.));
#3016=DIRECTION('',(-1.26882631385732E-15,1.,0.));
#3017=DIRECTION('center_axis',(0.,0.,-1.));
#3018=DIRECTION('ref_axis',(1.,-4.77710664506908E-14,0.));
#3019=DIRECTION('',(-1.,4.44089209850063E-16,0.));
#3020=DIRECTION('center_axis',(0.,0.,-1.));
#3021=DIRECTION('ref_axis',(-1.,2.86626398704146E-14,0.));
#3022=DIRECTION('',(-3.17206578464331E-16,-1.,0.));
#3023=DIRECTION('center_axis',(0.,0.,-1.));
#3024=DIRECTION('ref_axis',(0.,-1.,0.));
#3025=DIRECTION('center_axis',(-1.,8.37352159135226E-17,1.73707568883962E-16));
#3026=DIRECTION('ref_axis',(-7.39557098644699E-32,-0.900802451377124,0.434229137199433));
#3027=DIRECTION('center_axis',(-1.,6.97302541287445E-15,2.13056787559516E-29));
#3028=DIRECTION('ref_axis',(-6.28131838543228E-15,-0.900802451377124,0.434229137199433));
#3029=DIRECTION('center_axis',(1.,3.48651270643722E-15,0.));
#3030=DIRECTION('ref_axis',(0.,0.,1.));
#3031=DIRECTION('center_axis',(-2.12396184252124E-14,1.,2.82659327344453E-14));
#3032=DIRECTION('ref_axis',(-0.900802451377124,-3.14065919271615E-14,0.434229137199433));
#3033=DIRECTION('center_axis',(-7.89026920834444E-15,1.,-1.25626367708646E-14));
#3034=DIRECTION('ref_axis',(1.7036694484007E-29,1.25626367708646E-14,1.));
#3035=DIRECTION('center_axis',(-1.65380022390804E-15,1.,1.85575526076837E-16));
#3036=DIRECTION('ref_axis',(-0.900802451377124,-1.57032959635807E-15,0.434229137199433));
#3037=DIRECTION('center_axis',(-3.48651270643724E-15,1.,7.89099213183396E-31));
#3038=DIRECTION('ref_axis',(-0.900802451377124,-3.14065919271615E-15,0.434229137199433));
#3039=DIRECTION('center_axis',(-5.98108685096591E-17,-1.,1.24076834917116E-16));
#3040=DIRECTION('ref_axis',(0.900802451377125,-1.60237371373018E-31,0.434229137199432));
#3041=DIRECTION('center_axis',(3.48651270643722E-15,1.,0.));
#3042=DIRECTION('ref_axis',(0.,0.,1.));
#3043=DIRECTION('center_axis',(1.,3.94513460417225E-15,6.28131838543229E-15));
#3044=DIRECTION('ref_axis',(-6.28131838543228E-15,0.900802451377125,0.434229137199432));
#3045=DIRECTION('center_axis',(-1.,0.,0.));
#3046=DIRECTION('ref_axis',(0.,0.,1.));
#3047=DIRECTION('center_axis',(1.,0.,0.));
#3048=DIRECTION('ref_axis',(0.,0.900802451377125,0.434229137199432));
#3049=DIRECTION('center_axis',(0.,0.,1.));
#3050=DIRECTION('ref_axis',(1.,0.,0.));
#3051=DIRECTION('',(1.,0.,0.));
#3052=DIRECTION('center_axis',(0.,0.,-1.));
#3053=DIRECTION('ref_axis',(-7.64337063211067E-14,-1.,0.));
#3054=DIRECTION('',(-1.26882631385732E-15,1.,0.));
#3055=DIRECTION('center_axis',(0.,0.,-1.));
#3056=DIRECTION('ref_axis',(1.,-4.77710664506908E-14,0.));
#3057=DIRECTION('',(-1.,8.88178419700125E-16,0.));
#3058=DIRECTION('center_axis',(0.,0.,-1.));
#3059=DIRECTION('ref_axis',(-1.,4.7771066450691E-14,0.));
#3060=DIRECTION('',(-3.17206578464331E-16,-1.,0.));
#3061=DIRECTION('center_axis',(0.,0.,-1.));
#3062=DIRECTION('ref_axis',(-2.86626398704147E-14,-1.,0.));
#3063=DIRECTION('center_axis',(-1.,1.67470431827045E-16,3.47415137767924E-16));
#3064=DIRECTION('ref_axis',(-3.94430452610506E-31,-0.900802451377124,0.434229137199433));
#3065=DIRECTION('center_axis',(-1.,6.97302541287447E-15,-1.57819842636679E-30));
#3066=DIRECTION('ref_axis',(-6.28131838543231E-15,-0.900802451377124,0.434229137199433));
#3067=DIRECTION('center_axis',(1.,3.48651270643723E-15,0.));
#3068=DIRECTION('ref_axis',(0.,0.,1.));
#3069=DIRECTION('center_axis',(-2.36708076250336E-14,1.,3.76879103125937E-14));
#3070=DIRECTION('ref_axis',(-0.900802451377124,-3.76879103125938E-14,0.434229137199433));
#3071=DIRECTION('center_axis',(-1.5780538416689E-14,1.,-2.51252735417291E-14));
#3072=DIRECTION('ref_axis',(-9.29274244582107E-30,2.51252735417291E-14,
1.));
#3073=DIRECTION('center_axis',(-2.39243474038636E-16,1.,-4.96307339668463E-16));
#3074=DIRECTION('ref_axis',(-0.900802451377124,-5.42341872339446E-31,0.434229137199433));
#3075=DIRECTION('center_axis',(-6.97302541287437E-15,1.,7.89099213183378E-31));
#3076=DIRECTION('ref_axis',(-0.900802451377127,-6.28131838543224E-15,0.434229137199427));
#3077=DIRECTION('center_axis',(-5.98108685096591E-17,-1.,1.24076834917116E-16));
#3078=DIRECTION('ref_axis',(0.900802451377125,-1.60237371373018E-31,0.434229137199432));
#3079=DIRECTION('center_axis',(3.02789080870219E-15,1.,-6.28131838543229E-15));
#3080=DIRECTION('ref_axis',(4.16043823251492E-30,6.28131838543229E-15,1.));
#3081=DIRECTION('center_axis',(1.,2.36708076250337E-14,3.76879103125937E-14));
#3082=DIRECTION('ref_axis',(-3.76879103125939E-14,0.900802451377122,0.434229137199437));
#3083=DIRECTION('center_axis',(-1.,-9.86283651043062E-15,-1.57032959635807E-14));
#3084=DIRECTION('ref_axis',(-1.57032959635807E-14,-9.67994004773107E-30,
1.));
#3085=DIRECTION('center_axis',(1.,0.,0.));
#3086=DIRECTION('ref_axis',(0.,0.900802451377124,0.434229137199433));
#3087=DIRECTION('center_axis',(0.,0.,1.));
#3088=DIRECTION('ref_axis',(1.,0.,0.));
#3089=DIRECTION('',(3.1720657846433E-16,-1.,0.));
#3090=DIRECTION('center_axis',(0.,0.,-1.));
#3091=DIRECTION('ref_axis',(-1.,3.58282998380189E-15,0.));
#3092=DIRECTION('',(1.,0.,0.));
#3093=DIRECTION('center_axis',(0.,0.,-1.));
#3094=DIRECTION('ref_axis',(-7.16565996760374E-15,-1.,0.));
#3095=DIRECTION('',(-1.58603289232165E-16,1.,0.));
#3096=DIRECTION('center_axis',(0.,0.,-1.));
#3097=DIRECTION('ref_axis',(0.,1.,0.));
#3098=DIRECTION('',(-1.,1.11022302462516E-16,0.));
#3099=DIRECTION('center_axis',(0.,0.,-1.));
#3100=DIRECTION('ref_axis',(-1.,0.,0.));
#3101=DIRECTION('center_axis',(-2.99054342548295E-17,1.,-6.20384174585578E-17));
#3102=DIRECTION('ref_axis',(-0.900802451377125,-1.66400347195057E-31,0.434229137199432));
#3103=DIRECTION('center_axis',(0.,1.,0.));
#3104=DIRECTION('ref_axis',(-0.900802451377125,0.,0.434229137199432));
#3105=DIRECTION('center_axis',(0.,-1.,0.));
#3106=DIRECTION('ref_axis',(0.,0.,1.));
#3107=DIRECTION('center_axis',(1.,1.97256730208613E-15,3.14065919271614E-15));
#3108=DIRECTION('ref_axis',(-3.14065919271613E-15,0.900802451377125,0.434229137199432));
#3109=DIRECTION('center_axis',(1.,0.,0.));
#3110=DIRECTION('ref_axis',(0.,0.,1.));
#3111=DIRECTION('center_axis',(1.,0.,0.));
#3112=DIRECTION('ref_axis',(0.,0.900802451377125,0.434229137199432));
#3113=DIRECTION('center_axis',(1.,0.,0.));
#3114=DIRECTION('ref_axis',(0.,0.900802451377125,0.434229137199432));
#3115=DIRECTION('center_axis',(-1.,2.09338039783808E-17,4.34268922209907E-17));
#3116=DIRECTION('ref_axis',(-1.17096540618744E-31,-0.900802451377125,0.434229137199432));
#3117=DIRECTION('center_axis',(1.,1.74325635321861E-15,0.));
#3118=DIRECTION('ref_axis',(0.,0.,1.));
#3119=DIRECTION('center_axis',(9.86283651043062E-16,-1.,1.57032959635807E-15));
#3120=DIRECTION('ref_axis',(0.900802451377125,1.57032959635807E-15,0.434229137199432));
#3121=DIRECTION('center_axis',(0.,1.,0.));
#3122=DIRECTION('ref_axis',(0.,0.,1.));
#3123=DIRECTION('center_axis',(4.13450055977009E-16,-1.,4.63938815192095E-17));
#3124=DIRECTION('ref_axis',(0.900802451377125,3.92582399089518E-16,0.434229137199432));
#3125=DIRECTION('center_axis',(0.,0.,1.));
#3126=DIRECTION('ref_axis',(1.,0.,0.));
#3127=DIRECTION('',(1.,0.,0.));
#3128=DIRECTION('center_axis',(0.,0.,-1.));
#3129=DIRECTION('ref_axis',(-7.16565996760375E-15,-1.,0.));
#3130=DIRECTION('',(0.,1.,0.));
#3131=DIRECTION('center_axis',(0.,0.,-1.));
#3132=DIRECTION('ref_axis',(1.,0.,0.));
#3133=DIRECTION('',(-1.,-2.22044604925031E-16,0.));
#3134=DIRECTION('center_axis',(0.,0.,-1.));
#3135=DIRECTION('ref_axis',(-1.,0.,0.));
#3136=DIRECTION('',(0.,-1.,0.));
#3137=DIRECTION('center_axis',(0.,0.,-1.));
#3138=DIRECTION('ref_axis',(2.38855332253458E-15,-1.,0.));
#3139=DIRECTION('center_axis',(-1.,-3.95506795424111E-16,8.36169319943437E-17));
#3140=DIRECTION('ref_axis',(3.92582399089517E-16,-0.900802451377124,0.434229137199433));
#3141=DIRECTION('center_axis',(-1.,2.61488452982792E-15,1.06528393779758E-29));
#3142=DIRECTION('ref_axis',(-2.3554943945371E-15,-0.900802451377124,0.434229137199433));
#3143=DIRECTION('center_axis',(1.,1.74325635321861E-15,0.));
#3144=DIRECTION('ref_axis',(0.,0.,1.));
#3145=DIRECTION('center_axis',(-1.97256730208613E-15,1.,3.14065919271614E-15));
#3146=DIRECTION('ref_axis',(-0.900802451377125,-3.14065919271613E-15,0.434229137199432));
#3147=DIRECTION('center_axis',(0.,1.,0.));
#3148=DIRECTION('ref_axis',(0.,0.,1.));
#3149=DIRECTION('center_axis',(0.,1.,0.));
#3150=DIRECTION('ref_axis',(-0.900802451377125,0.,0.434229137199432));
#3151=DIRECTION('center_axis',(0.,1.,0.));
#3152=DIRECTION('ref_axis',(-0.900802451377125,0.,0.434229137199432));
#3153=DIRECTION('center_axis',(0.,-1.,0.));
#3154=DIRECTION('ref_axis',(0.900802451377125,0.,0.434229137199432));
#3155=DIRECTION('center_axis',(-3.48651270643723E-15,1.,0.));
#3156=DIRECTION('ref_axis',(0.,0.,1.));
#3157=DIRECTION('center_axis',(1.,1.97256730208613E-15,3.14065919271614E-15));
#3158=DIRECTION('ref_axis',(-3.14065919271613E-15,0.900802451377125,0.434229137199432));
#3159=DIRECTION('center_axis',(-1.,9.86283651043065E-16,1.57032959635807E-15));
#3160=DIRECTION('ref_axis',(1.57032959635807E-15,-3.38797901670596E-31,
1.));
#3161=DIRECTION('center_axis',(1.,0.,0.));
#3162=DIRECTION('ref_axis',(0.,0.900802451377125,0.434229137199432));
#3163=DIRECTION('center_axis',(0.,0.,1.));
#3164=DIRECTION('ref_axis',(1.,0.,0.));
#3165=DIRECTION('',(1.,0.,0.));
#3166=DIRECTION('center_axis',(0.,0.,-1.));
#3167=DIRECTION('ref_axis',(-3.58282998380188E-14,-1.,0.));
#3168=DIRECTION('',(0.,1.,0.));
#3169=DIRECTION('center_axis',(0.,0.,-1.));
#3170=DIRECTION('ref_axis',(1.,9.55421329013823E-15,0.));
#3171=DIRECTION('',(-1.,0.,0.));
#3172=DIRECTION('center_axis',(0.,0.,-1.));
#3173=DIRECTION('ref_axis',(-1.,0.,0.));
#3174=DIRECTION('',(0.,-1.,0.));
#3175=DIRECTION('center_axis',(0.,0.,-1.));
#3176=DIRECTION('ref_axis',(1.19427666126729E-14,-1.,0.));
#3177=DIRECTION('center_axis',(-1.,0.,0.));
#3178=DIRECTION('ref_axis',(0.,-0.900802451377124,0.434229137199433));
#3179=DIRECTION('center_axis',(-1.,3.48651270643724E-15,-7.89099213183396E-31));
#3180=DIRECTION('ref_axis',(-3.14065919271615E-15,-0.900802451377124,0.434229137199433));
#3181=DIRECTION('center_axis',(1.,1.74325635321862E-15,0.));
#3182=DIRECTION('ref_axis',(0.,0.,1.));
#3183=DIRECTION('center_axis',(0.,1.,0.));
#3184=DIRECTION('ref_axis',(-0.900802451377125,0.,0.434229137199432));
#3185=DIRECTION('center_axis',(0.,1.,0.));
#3186=DIRECTION('ref_axis',(0.,0.,1.));
#3187=DIRECTION('center_axis',(0.,1.,0.));
#3188=DIRECTION('ref_axis',(-0.900802451377125,0.,0.434229137199432));
#3189=DIRECTION('center_axis',(0.,1.,0.));
#3190=DIRECTION('ref_axis',(-0.900802451377125,0.,0.434229137199432));
#3191=DIRECTION('center_axis',(0.,-1.,0.));
#3192=DIRECTION('ref_axis',(0.900802451377125,0.,0.434229137199432));
#3193=DIRECTION('center_axis',(0.,1.,0.));
#3194=DIRECTION('ref_axis',(-3.68045999146423E-15,0.,1.));
#3195=DIRECTION('center_axis',(1.,1.18354038125168E-14,1.88439551562969E-14));
#3196=DIRECTION('ref_axis',(-1.88439551562969E-14,0.900802451377122,0.434229137199437));
#3197=DIRECTION('center_axis',(-1.,3.94513460417226E-15,6.28131838543229E-15));
#3198=DIRECTION('ref_axis',(6.28131838543229E-15,-5.80796402863879E-31,
1.));
#3199=DIRECTION('center_axis',(1.,0.,0.));
#3200=DIRECTION('ref_axis',(0.,0.900802451377124,0.434229137199433));
#3201=DIRECTION('center_axis',(0.,0.,1.));
#3202=DIRECTION('ref_axis',(1.,0.,0.));
#3203=DIRECTION('',(0.,1.,0.));
#3204=DIRECTION('center_axis',(0.,0.,-1.));
#3205=DIRECTION('ref_axis',(1.,3.8216853160553E-14,0.));
#3206=DIRECTION('',(-1.,0.,0.));
#3207=DIRECTION('center_axis',(0.,0.,-1.));
#3208=DIRECTION('ref_axis',(-5.73252797408295E-14,1.,0.));
#3209=DIRECTION('',(0.,-1.,0.));
#3210=DIRECTION('center_axis',(0.,0.,-1.));
#3211=DIRECTION('ref_axis',(9.5542132901382E-15,-1.,0.));
#3212=DIRECTION('',(1.,0.,0.));
#3213=DIRECTION('center_axis',(0.,0.,-1.));
#3214=DIRECTION('ref_axis',(1.,1.91084265802765E-14,0.));
#3215=DIRECTION('center_axis',(0.,-1.,0.));
#3216=DIRECTION('ref_axis',(0.900802451377124,0.,0.434229137199433));
#3217=DIRECTION('center_axis',(0.,-1.,0.));
#3218=DIRECTION('ref_axis',(0.900802451377125,0.,0.434229137199431));
#3219=DIRECTION('center_axis',(0.,1.,0.));
#3220=DIRECTION('ref_axis',(-4.90727998861898E-15,0.,1.));
#3221=DIRECTION('center_axis',(-1.,2.27535638295634E-14,-2.51252735417292E-14));
#3222=DIRECTION('ref_axis',(-3.14065919271614E-14,-0.900802451377124,0.434229137199433));
#3223=DIRECTION('center_axis',(-1.,3.94513460417223E-15,6.28131838543229E-15));
#3224=DIRECTION('ref_axis',(6.28131838543229E-15,-5.42076642672953E-30,
1.));
#3225=DIRECTION('center_axis',(-1.,0.,0.));
#3226=DIRECTION('ref_axis',(0.,-0.900802451377124,0.434229137199433));
#3227=DIRECTION('center_axis',(-1.,0.,0.));
#3228=DIRECTION('ref_axis',(0.,-0.900802451377124,0.434229137199433));
#3229=DIRECTION('center_axis',(1.,0.,0.));
#3230=DIRECTION('ref_axis',(0.,0.900802451377125,0.434229137199432));
#3231=DIRECTION('center_axis',(-1.,0.,0.));
#3232=DIRECTION('ref_axis',(0.,0.,1.));
#3233=DIRECTION('center_axis',(1.38079711146029E-14,1.,-2.1984614349013E-14));
#3234=DIRECTION('ref_axis',(-0.900802451377125,2.1984614349013E-14,0.434229137199432));
#3235=DIRECTION('center_axis',(-5.91770190625837E-15,-1.,9.42197757814843E-15));
#3236=DIRECTION('ref_axis',(-2.32318561145557E-30,9.42197757814843E-15,
1.));
#3237=DIRECTION('center_axis',(0.,1.,0.));
#3238=DIRECTION('ref_axis',(-0.900802451377125,0.,0.434229137199432));
#3239=DIRECTION('center_axis',(0.,0.,1.));
#3240=DIRECTION('ref_axis',(1.,0.,0.));
#3241=DIRECTION('',(0.,1.,0.));
#3242=DIRECTION('center_axis',(0.,0.,-1.));
#3243=DIRECTION('ref_axis',(1.,4.77710664506912E-14,0.));
#3244=DIRECTION('',(-1.,0.,0.));
#3245=DIRECTION('center_axis',(0.,0.,-1.));
#3246=DIRECTION('ref_axis',(7.6433706321106E-14,1.,0.));
#3247=DIRECTION('',(0.,-1.,0.));
#3248=DIRECTION('center_axis',(0.,0.,-1.));
#3249=DIRECTION('ref_axis',(5.73252797408289E-14,-1.,0.));
#3250=DIRECTION('',(1.,0.,0.));
#3251=DIRECTION('center_axis',(0.,0.,-1.));
#3252=DIRECTION('ref_axis',(1.,2.8662639870415E-14,0.));
#3253=DIRECTION('center_axis',(0.,-1.,0.));
#3254=DIRECTION('ref_axis',(0.900802451377124,0.,0.434229137199433));
#3255=DIRECTION('center_axis',(0.,-1.,0.));
#3256=DIRECTION('ref_axis',(0.900802451377124,0.,0.434229137199433));
#3257=DIRECTION('center_axis',(0.,1.,0.));
#3258=DIRECTION('ref_axis',(0.,0.,1.));
#3259=DIRECTION('center_axis',(-1.,-2.06429168163314E-14,4.3969228698026E-14));
#3260=DIRECTION('ref_axis',(3.76879103125938E-14,-0.900802451377124,0.434229137199433));
#3261=DIRECTION('center_axis',(-1.,1.97256730208612E-14,3.14065919271614E-14));
#3262=DIRECTION('ref_axis',(3.14065919271614E-14,-3.87197601909242E-29,
1.));
#3263=DIRECTION('center_axis',(-1.,0.,0.));
#3264=DIRECTION('ref_axis',(0.,-0.900802451377124,0.434229137199433));
#3265=DIRECTION('center_axis',(-1.,0.,0.));
#3266=DIRECTION('ref_axis',(0.,-0.900802451377124,0.434229137199433));
#3267=DIRECTION('center_axis',(1.,0.,0.));
#3268=DIRECTION('ref_axis',(0.,0.900802451377124,0.434229137199433));
#3269=DIRECTION('center_axis',(-1.,0.,0.));
#3270=DIRECTION('ref_axis',(0.,-4.90727998861898E-15,1.));
#3271=DIRECTION('center_axis',(1.5780538416689E-14,1.,-2.51252735417291E-14));
#3272=DIRECTION('ref_axis',(-0.900802451377125,2.51252735417291E-14,0.434229137199432));
#3273=DIRECTION('center_axis',(-7.8902692083445E-15,-1.,1.25626367708646E-14));
#3274=DIRECTION('ref_axis',(-1.70366944840071E-29,1.25626367708646E-14,
1.));
#3275=DIRECTION('center_axis',(0.,1.,0.));
#3276=DIRECTION('ref_axis',(-0.900802451377125,0.,0.434229137199432));
#3277=DIRECTION('center_axis',(0.,0.,-1.));
#3278=DIRECTION('ref_axis',(-1.,0.,0.));
#3279=DIRECTION('center_axis',(0.,0.,1.));
#3280=DIRECTION('ref_axis',(-1.,-1.20873789909017E-16,0.));
#3281=DIRECTION('center_axis',(-1.20290352937747E-16,-1.,0.));
#3282=DIRECTION('ref_axis',(1.,-1.20290352937747E-16,0.));
#3283=DIRECTION('center_axis',(0.,0.,-1.));
#3284=DIRECTION('ref_axis',(-1.,-1.22580816522099E-16,0.));
#3285=DIRECTION('center_axis',(0.,0.,1.));
#3286=DIRECTION('ref_axis',(-1.,-1.20873789909017E-16,0.));
#3287=DIRECTION('center_axis',(0.,0.,-1.));
#3288=DIRECTION('ref_axis',(1.,0.,0.));
#3289=DIRECTION('center_axis',(0.,0.,-1.));
#3290=DIRECTION('ref_axis',(1.,0.,0.));
#3291=DIRECTION('',(0.0787024854200111,-9.63827468545578E-18,0.996898148653469));
#3292=DIRECTION('center_axis',(0.,0.,-1.));
#3293=DIRECTION('ref_axis',(-1.,0.,0.));
#3294=DIRECTION('center_axis',(0.,0.,1.));
#3295=DIRECTION('ref_axis',(-1.,-1.27498414800784E-16,0.));
#3296=DIRECTION('center_axis',(-1.25493070104378E-16,-1.,0.));
#3297=DIRECTION('ref_axis',(1.,-1.25493070104378E-16,0.));
#3298=DIRECTION('center_axis',(0.,0.,-1.));
#3299=DIRECTION('ref_axis',(-1.,-1.23221024705698E-16,0.));
#3300=DIRECTION('center_axis',(0.,0.,1.));
#3301=DIRECTION('ref_axis',(-1.,-1.27498414800784E-16,0.));
#3302=DIRECTION('center_axis',(0.,0.,-1.));
#3303=DIRECTION('ref_axis',(1.,0.,0.));
#3304=DIRECTION('center_axis',(0.,0.,1.));
#3305=DIRECTION('ref_axis',(1.,0.,0.));
#3306=DIRECTION('',(0.12403473458921,-1.51898740697768E-17,0.992277876713668));
#3307=DIRECTION('center_axis',(0.,0.,1.));
#3308=DIRECTION('ref_axis',(-1.,0.,0.));
#3309=DIRECTION('center_axis',(0.,0.,-1.));
#3310=DIRECTION('ref_axis',(-1.,0.,0.));
#3311=DIRECTION('',(0.,0.,-1.));
#3312=DIRECTION('center_axis',(0.,0.,1.));
#3313=DIRECTION('ref_axis',(-1.,0.,0.));
#3314=DIRECTION('center_axis',(0.,0.,1.));
#3315=DIRECTION('ref_axis',(1.,0.,0.));
#3316=DIRECTION('center_axis',(0.,0.,1.));
#3317=DIRECTION('ref_axis',(1.,0.,0.));
#3318=DIRECTION('center_axis',(0.,0.,-1.));
#3319=DIRECTION('ref_axis',(0.,-1.,0.));
#3320=DIRECTION('center_axis',(0.,0.,-1.));
#3321=DIRECTION('ref_axis',(0.,-1.,0.));
#3322=DIRECTION('',(0.,0.,1.));
#3323=DIRECTION('',(1.,0.,0.));
#3324=DIRECTION('',(0.,0.,-1.));
#3325=DIRECTION('',(-1.,1.22464679914735E-16,0.));
#3326=DIRECTION('',(0.,0.,1.));
#3327=DIRECTION('',(1.,0.,0.));
#3328=DIRECTION('',(2.4650964619217E-32,-2.15125709146553E-34,1.));
#3329=DIRECTION('',(0.999961923064171,-0.00872653549837285,-2.46519032881566E-32));
#3330=CARTESIAN_POINT('',(0.,0.,0.));
#3331=CARTESIAN_POINT('',(0.,0.,0.));
#3332=CARTESIAN_POINT('Origin',(-139.5,-97.,-8.));
#3333=CARTESIAN_POINT('',(-142.,-97.,0.));
#3334=CARTESIAN_POINT('Origin',(-139.5,-97.,0.));
#3335=CARTESIAN_POINT('',(-142.,-97.,2.));
#3336=CARTESIAN_POINT('',(-142.,-97.,-8.));
#3337=CARTESIAN_POINT('Origin',(-139.5,-97.,2.));
#3338=CARTESIAN_POINT('Origin',(139.5,-97.,-8.));
#3339=CARTESIAN_POINT('',(137.,-97.,0.));
#3340=CARTESIAN_POINT('Origin',(139.5,-97.,0.));
#3341=CARTESIAN_POINT('',(137.,-97.,2.));
#3342=CARTESIAN_POINT('',(137.,-97.,-8.));
#3343=CARTESIAN_POINT('Origin',(139.5,-97.,2.));
#3344=CARTESIAN_POINT('Origin',(139.5,97.,-8.));
#3345=CARTESIAN_POINT('',(137.,97.,0.));
#3346=CARTESIAN_POINT('Origin',(139.5,97.,0.));
#3347=CARTESIAN_POINT('',(137.,97.,2.));
#3348=CARTESIAN_POINT('',(137.,97.,-8.));
#3349=CARTESIAN_POINT('Origin',(139.5,97.,2.));
#3350=CARTESIAN_POINT('Origin',(-139.5,97.,-8.));
#3351=CARTESIAN_POINT('',(-142.,97.,0.));
#3352=CARTESIAN_POINT('Origin',(-139.5,97.,0.));
#3353=CARTESIAN_POINT('',(-142.,97.,2.));
#3354=CARTESIAN_POINT('',(-142.,97.,-8.));
#3355=CARTESIAN_POINT('Origin',(-139.5,97.,2.));
#3356=CARTESIAN_POINT('Origin',(147.5,105.,2.));
#3357=CARTESIAN_POINT('',(147.5,-105.,0.));
#3358=CARTESIAN_POINT('',(147.5,105.,0.));
#3359=CARTESIAN_POINT('',(147.5,105.,0.));
#3360=CARTESIAN_POINT('',(147.5,105.,2.));
#3361=CARTESIAN_POINT('',(147.5,105.,2.));
#3362=CARTESIAN_POINT('',(147.5,-105.,2.));
#3363=CARTESIAN_POINT('',(147.5,105.,2.));
#3364=CARTESIAN_POINT('',(147.5,-105.,2.));
#3365=CARTESIAN_POINT('Origin',(147.5,105.,2.));
#3366=CARTESIAN_POINT('',(-147.5,105.,0.));
#3367=CARTESIAN_POINT('',(147.5,105.,0.));
#3368=CARTESIAN_POINT('',(-147.5,105.,2.));
#3369=CARTESIAN_POINT('',(-147.5,105.,2.));
#3370=CARTESIAN_POINT('',(147.5,105.,2.));
#3371=CARTESIAN_POINT('Origin',(-147.5,105.,2.));
#3372=CARTESIAN_POINT('',(-147.5,-105.,0.));
#3373=CARTESIAN_POINT('',(-147.5,105.,0.));
#3374=CARTESIAN_POINT('',(-147.5,-105.,2.));
#3375=CARTESIAN_POINT('',(-147.5,-105.,2.));
#3376=CARTESIAN_POINT('',(-147.5,105.,2.));
#3377=CARTESIAN_POINT('Origin',(147.5,-105.,2.));
#3378=CARTESIAN_POINT('',(147.5,-105.,0.));
#3379=CARTESIAN_POINT('',(147.5,-105.,2.));
#3380=CARTESIAN_POINT('Origin',(0.,0.,2.));
#3381=CARTESIAN_POINT('Origin',(0.,0.,0.));
#3382=CARTESIAN_POINT('',(0.,0.,0.));
#3383=CARTESIAN_POINT('Origin',(-55.9999999999995,-75.7499999999999,1.));
#3384=CARTESIAN_POINT('',(-53.4499999999995,-75.7499999999999,1.));
#3385=CARTESIAN_POINT('Origin',(-55.9999999999995,-75.7499999999999,1.));
#3386=CARTESIAN_POINT('',(-53.4499999999995,-75.7499999999999,0.));
#3387=CARTESIAN_POINT('',(-53.4499999999995,-75.7499999999999,1.));
#3388=CARTESIAN_POINT('Origin',(-55.9999999999995,-75.7499999999999,0.));
#3389=CARTESIAN_POINT('Origin',(-55.9999999999995,75.7500000000002,1.));
#3390=CARTESIAN_POINT('',(-53.4499999999995,75.7500000000002,1.));
#3391=CARTESIAN_POINT('Origin',(-55.9999999999995,75.7500000000002,1.));
#3392=CARTESIAN_POINT('',(-53.4499999999995,75.7500000000002,0.));
#3393=CARTESIAN_POINT('',(-53.4499999999995,75.7500000000002,1.));
#3394=CARTESIAN_POINT('Origin',(-55.9999999999995,75.7500000000002,0.));
#3395=CARTESIAN_POINT('Origin',(55.9999999999995,75.7500000000002,1.));
#3396=CARTESIAN_POINT('',(58.5499999999994,75.7500000000002,1.));
#3397=CARTESIAN_POINT('Origin',(55.9999999999995,75.7500000000002,1.));
#3398=CARTESIAN_POINT('',(58.5499999999994,75.7500000000002,0.));
#3399=CARTESIAN_POINT('',(58.5499999999994,75.7500000000002,1.));
#3400=CARTESIAN_POINT('Origin',(55.9999999999995,75.7500000000002,0.));
#3401=CARTESIAN_POINT('Origin',(55.9999999999995,-75.7499999999999,1.));
#3402=CARTESIAN_POINT('',(58.5499999999994,-75.7499999999999,1.));
#3403=CARTESIAN_POINT('Origin',(55.9999999999995,-75.7499999999999,1.));
#3404=CARTESIAN_POINT('',(58.5499999999994,-75.7499999999999,0.));
#3405=CARTESIAN_POINT('',(58.5499999999994,-75.7499999999999,1.));
#3406=CARTESIAN_POINT('Origin',(55.9999999999995,-75.7499999999999,0.));
#3407=CARTESIAN_POINT('Origin',(64.,-89.,1.));
#3408=CARTESIAN_POINT('',(64.,-85.,1.));
#3409=CARTESIAN_POINT('',(64.,85.,1.));
#3410=CARTESIAN_POINT('',(64.,-89.,1.));
#3411=CARTESIAN_POINT('',(64.,-85.,0.));
#3412=CARTESIAN_POINT('',(64.,-85.,1.));
#3413=CARTESIAN_POINT('',(64.,85.,0.));
#3414=CARTESIAN_POINT('',(64.,-89.,0.));
#3415=CARTESIAN_POINT('',(64.,85.,1.));
#3416=CARTESIAN_POINT('Origin',(-64.,89.,1.));
#3417=CARTESIAN_POINT('',(60.,89.,0.));
#3418=CARTESIAN_POINT('',(-60.,89.,0.));
#3419=CARTESIAN_POINT('',(-64.,89.,0.));
#3420=CARTESIAN_POINT('',(-60.,89.,1.));
#3421=CARTESIAN_POINT('',(-60.,89.,1.));
#3422=CARTESIAN_POINT('',(60.,89.,1.));
#3423=CARTESIAN_POINT('',(-64.,89.,1.));
#3424=CARTESIAN_POINT('',(60.,89.,1.));
#3425=CARTESIAN_POINT('Origin',(-64.,-89.,1.));
#3426=CARTESIAN_POINT('',(-64.,85.,1.));
#3427=CARTESIAN_POINT('',(-64.,-85.,1.));
#3428=CARTESIAN_POINT('',(-64.,-89.,1.));
#3429=CARTESIAN_POINT('',(-64.,85.,0.));
#3430=CARTESIAN_POINT('',(-64.,85.,1.));
#3431=CARTESIAN_POINT('',(-64.,-85.,0.));
#3432=CARTESIAN_POINT('',(-64.,-89.,0.));
#3433=CARTESIAN_POINT('',(-64.,-85.,1.));
#3434=CARTESIAN_POINT('Origin',(-64.,-89.,1.));
#3435=CARTESIAN_POINT('',(-60.,-89.,1.));
#3436=CARTESIAN_POINT('',(60.,-89.,1.));
#3437=CARTESIAN_POINT('',(-64.,-89.,1.));
#3438=CARTESIAN_POINT('',(-60.,-89.,0.));
#3439=CARTESIAN_POINT('',(-60.,-89.,1.));
#3440=CARTESIAN_POINT('',(60.,-89.,0.));
#3441=CARTESIAN_POINT('',(-64.,-89.,0.));
#3442=CARTESIAN_POINT('',(60.,-89.,1.));
#3443=CARTESIAN_POINT('Origin',(0.,0.,1.));
#3444=CARTESIAN_POINT('Origin',(-60.,85.,1.));
#3445=CARTESIAN_POINT('Origin',(-60.,-85.,1.));
#3446=CARTESIAN_POINT('Origin',(60.,-85.,1.));
#3447=CARTESIAN_POINT('Origin',(60.,85.,1.));
#3448=CARTESIAN_POINT('Origin',(0.,0.,0.));
#3449=CARTESIAN_POINT('Origin',(-60.,85.,0.));
#3450=CARTESIAN_POINT('Origin',(60.,85.,0.));
#3451=CARTESIAN_POINT('Origin',(60.,-85.,0.));
#3452=CARTESIAN_POINT('Origin',(-60.,-85.,0.));
#3453=CARTESIAN_POINT('Origin',(-60.,85.,1.));
#3454=CARTESIAN_POINT('Origin',(-60.,-85.,1.));
#3455=CARTESIAN_POINT('Origin',(60.,-85.,1.));
#3456=CARTESIAN_POINT('Origin',(60.,85.,1.));
#3457=CARTESIAN_POINT('',(0.,0.,0.));
#3458=CARTESIAN_POINT('Origin',(0.25,-30.95,-5.));
#3459=CARTESIAN_POINT('',(10.25,-35.35,-5.));
#3460=CARTESIAN_POINT('',(-9.75,-35.35,-5.));
#3461=CARTESIAN_POINT('',(10.25,-35.35,-5.));
#3462=CARTESIAN_POINT('',(-9.75,-26.55,-5.));
#3463=CARTESIAN_POINT('',(-9.75,-35.35,-5.));
#3464=CARTESIAN_POINT('',(10.25,-26.55,-5.));
#3465=CARTESIAN_POINT('',(-9.75,-26.55,-5.));
#3466=CARTESIAN_POINT('',(10.25,-26.55,-5.));
#3467=CARTESIAN_POINT('Origin',(10.25,-35.35,0.));
#3468=CARTESIAN_POINT('',(10.25,-35.35,0.));
#3469=CARTESIAN_POINT('',(-9.75,-35.35,0.));
#3470=CARTESIAN_POINT('',(10.25,-35.35,0.));
#3471=CARTESIAN_POINT('',(-9.75,-35.35,0.));
#3472=CARTESIAN_POINT('',(10.25,-35.35,0.));
#3473=CARTESIAN_POINT('Origin',(-9.75,-35.35,0.));
#3474=CARTESIAN_POINT('',(-9.75,-26.55,0.));
#3475=CARTESIAN_POINT('',(-9.75,-35.35,0.));
#3476=CARTESIAN_POINT('',(-9.75,-26.55,0.));
#3477=CARTESIAN_POINT('Origin',(-9.75,-26.55,0.));
#3478=CARTESIAN_POINT('',(10.25,-26.55,0.));
#3479=CARTESIAN_POINT('',(-9.75,-26.55,0.));
#3480=CARTESIAN_POINT('',(10.25,-26.55,0.));
#3481=CARTESIAN_POINT('Origin',(10.25,-26.55,0.));
#3482=CARTESIAN_POINT('',(10.25,-26.55,0.));
#3483=CARTESIAN_POINT('Origin',(0.,-0.85,16.5));
#3484=CARTESIAN_POINT('',(-27.75,-38.35,16.5));
#3485=CARTESIAN_POINT('',(-27.75,38.35,16.5));
#3486=CARTESIAN_POINT('',(-27.75,37.925,16.5));
#3487=CARTESIAN_POINT('',(27.75,-38.35,16.5));
#3488=CARTESIAN_POINT('',(-27.75,-38.35,16.5));
#3489=CARTESIAN_POINT('',(27.75,38.35,16.5));
#3490=CARTESIAN_POINT('',(27.75,-38.35,16.5));
#3491=CARTESIAN_POINT('',(13.875,38.35,16.5));
#3492=CARTESIAN_POINT('',(-26.7499999850988,36.65,16.5));
#3493=CARTESIAN_POINT('',(26.7499999850988,36.65,16.5));
#3494=CARTESIAN_POINT('',(-13.3749999925494,36.65,16.5));
#3495=CARTESIAN_POINT('',(26.7499999850988,-37.3499999850988,16.5));
#3496=CARTESIAN_POINT('',(26.7499999850988,17.9,16.5));
#3497=CARTESIAN_POINT('',(-26.7499999850988,-37.3499999850988,16.5));
#3498=CARTESIAN_POINT('',(13.3749999925494,-37.3499999850988,16.5));
#3499=CARTESIAN_POINT('',(-26.7499999850988,-19.0999999925494,16.5));
#3500=CARTESIAN_POINT('Origin',(-27.75,36.65,0.));
#3501=CARTESIAN_POINT('',(-27.75,36.65,0.));
#3502=CARTESIAN_POINT('',(-27.75,-38.35,0.));
#3503=CARTESIAN_POINT('',(-27.75,36.65,0.));
#3504=CARTESIAN_POINT('',(-27.75,-38.35,0.));
#3505=CARTESIAN_POINT('',(-27.75,38.35,13.8));
#3506=CARTESIAN_POINT('',(-27.75,38.35,16.5));
#3507=CARTESIAN_POINT('',(-27.75,36.65,13.8));
#3508=CARTESIAN_POINT('',(-27.75,37.925,13.8));
#3509=CARTESIAN_POINT('',(-27.75,36.65,0.));
#3510=CARTESIAN_POINT('Origin',(-27.75,-38.35,0.));
#3511=CARTESIAN_POINT('',(27.75,-38.35,0.));
#3512=CARTESIAN_POINT('',(-27.75,-38.35,0.));
#3513=CARTESIAN_POINT('',(27.75,-38.35,0.));
#3514=CARTESIAN_POINT('Origin',(27.75,-38.35,0.));
#3515=CARTESIAN_POINT('',(27.75,36.65,0.));
#3516=CARTESIAN_POINT('',(27.75,-38.35,0.));
#3517=CARTESIAN_POINT('',(27.75,36.65,13.8));
#3518=CARTESIAN_POINT('',(27.75,36.65,0.));
#3519=CARTESIAN_POINT('',(27.75,38.35,13.8));
#3520=CARTESIAN_POINT('',(27.75,37.075,13.8));
#3521=CARTESIAN_POINT('',(27.75,38.35,16.5));
#3522=CARTESIAN_POINT('Origin',(27.75,36.65,0.));
#3523=CARTESIAN_POINT('',(13.875,36.65,13.8));
#3524=CARTESIAN_POINT('',(27.75,36.65,0.));
#3525=CARTESIAN_POINT('Origin',(0.,37.5,13.8));
#3526=CARTESIAN_POINT('',(13.875,38.35,13.8));
#3527=CARTESIAN_POINT('Origin',(-27.75,38.35,16.5));
#3528=CARTESIAN_POINT('Origin',(0.,-0.85,0.));
#3529=CARTESIAN_POINT('Origin',(0.,-0.349999992549415,16.3));
#3530=CARTESIAN_POINT('',(26.7499999850988,36.65,16.3));
#3531=CARTESIAN_POINT('',(26.7499999850988,-37.3499999850988,16.3));
#3532=CARTESIAN_POINT('',(26.7499999850988,-18.8499999888241,16.3));
#3533=CARTESIAN_POINT('',(-26.7499999850988,36.65,16.3));
#3534=CARTESIAN_POINT('',(13.3749999925494,36.65,16.3));
#3535=CARTESIAN_POINT('',(-26.7499999850988,-37.3499999850988,16.3));
#3536=CARTESIAN_POINT('',(-26.7499999850988,18.1500000037253,16.3));
#3537=CARTESIAN_POINT('',(-13.3749999925494,-37.3499999850988,16.3));
#3538=CARTESIAN_POINT('',(4.62500001490116,29.15,16.30005));
#3539=CARTESIAN_POINT('',(2.12500001490116,29.15,16.30005));
#3540=CARTESIAN_POINT('Ctrl Pts',(4.62500001490116,29.15,16.30005));
#3541=CARTESIAN_POINT('Ctrl Pts',(4.62500001490116,29.3155695163465,16.3001));
#3542=CARTESIAN_POINT('Ctrl Pts',(4.59307559026369,29.4755226726405,16.3001));
#3543=CARTESIAN_POINT('Ctrl Pts',(4.46662327081685,29.7811859082722,16.3001));
#3544=CARTESIAN_POINT('Ctrl Pts',(4.37578297435163,29.9168810766806,16.3001));
#3545=CARTESIAN_POINT('Ctrl Pts',(4.14198400841706,30.1508858762857,16.3001));
#3546=CARTESIAN_POINT('Ctrl Pts',(4.00613022498397,30.2414887885904,16.3001));
#3547=CARTESIAN_POINT('Ctrl Pts',(3.70057838573108,30.3682100426878,16.3001));
#3548=CARTESIAN_POINT('Ctrl Pts',(3.54039362234033,30.3999272268081,16.3001));
#3549=CARTESIAN_POINT('Ctrl Pts',(3.20960640746199,30.4000727731919,16.3001));
#3550=CARTESIAN_POINT('Ctrl Pts',(3.04947734226056,30.3680755753624,16.3001));
#3551=CARTESIAN_POINT('Ctrl Pts',(2.74381410662904,30.2416232559158,16.3001));
#3552=CARTESIAN_POINT('Ctrl Pts',(2.60811893822047,30.1507829594504,16.3001));
#3553=CARTESIAN_POINT('Ctrl Pts',(2.37411413861548,29.9169839935159,16.3001));
#3554=CARTESIAN_POINT('Ctrl Pts',(2.28351122631073,29.7811302100827,16.3001));
#3555=CARTESIAN_POINT('Ctrl Pts',(2.15678997221338,29.47557837083,16.3001));
#3556=CARTESIAN_POINT('Ctrl Pts',(2.1250727880931,29.3153936074389,16.3001));
#3557=CARTESIAN_POINT('Ctrl Pts',(2.12500001490116,29.15,16.30005));
#3558=CARTESIAN_POINT('Ctrl Pts',(2.12500001490116,29.15,16.30005));
#3559=CARTESIAN_POINT('Ctrl Pts',(2.12492724170922,28.9846063925611,16.3001));
#3560=CARTESIAN_POINT('Ctrl Pts',(2.15692443953869,28.8244773273599,16.3001));
#3561=CARTESIAN_POINT('Ctrl Pts',(2.28337675898542,28.5188140917274,16.3001));
#3562=CARTESIAN_POINT('Ctrl Pts',(2.37421705545002,28.3831189233196,16.3001));
#3563=CARTESIAN_POINT('Ctrl Pts',(2.60801602138593,28.149114123714,16.3001));
#3564=CARTESIAN_POINT('Ctrl Pts',(2.74386980481836,28.0585112114096,16.3001));
#3565=CARTESIAN_POINT('Ctrl Pts',(3.04942164407124,27.9317899573122,16.3001));
#3566=CARTESIAN_POINT('Ctrl Pts',(3.20960640746249,27.9000727731919,16.3001));
#3567=CARTESIAN_POINT('Ctrl Pts',(3.54039362233983,27.8999272268081,16.3001));
#3568=CARTESIAN_POINT('Ctrl Pts',(3.70052268754167,27.9319244246378,16.3001));
#3569=CARTESIAN_POINT('Ctrl Pts',(4.00618592317338,28.058376744084,16.3001));
#3570=CARTESIAN_POINT('Ctrl Pts',(4.14188109158167,28.1492170405491,16.3001));
#3571=CARTESIAN_POINT('Ctrl Pts',(4.37588589118702,28.3830160064845,16.3001));
#3572=CARTESIAN_POINT('Ctrl Pts',(4.46641570763301,28.5186935402882,16.3001));
#3573=CARTESIAN_POINT('Ctrl Pts',(4.59328315344753,28.8245978787991,16.3001));
#3574=CARTESIAN_POINT('Ctrl Pts',(4.62500001490116,28.9840493089512,16.3001));
#3575=CARTESIAN_POINT('Ctrl Pts',(4.62500001490116,29.15,16.30005));
#3576=CARTESIAN_POINT('',(-23.25,11.15,16.30005));
#3577=CARTESIAN_POINT('',(-23.25,24.15,16.3));
#3578=CARTESIAN_POINT('Ctrl Pts',(-23.25,11.15,16.30005));
#3579=CARTESIAN_POINT('Ctrl Pts',(-23.25,15.4833333333333,16.3));
#3580=CARTESIAN_POINT('Ctrl Pts',(-23.25,19.8166666666667,16.3));
#3581=CARTESIAN_POINT('Ctrl Pts',(-23.25,24.15,16.3));
#3582=CARTESIAN_POINT('',(23.25,24.15,16.3));
#3583=CARTESIAN_POINT('',(-23.25,24.15,16.3));
#3584=CARTESIAN_POINT('',(23.25,11.15,16.30005));
#3585=CARTESIAN_POINT('Ctrl Pts',(23.25,24.15,16.3));
#3586=CARTESIAN_POINT('Ctrl Pts',(23.25,19.8166666666667,16.3));
#3587=CARTESIAN_POINT('Ctrl Pts',(23.25,15.4833333333333,16.3));
#3588=CARTESIAN_POINT('Ctrl Pts',(23.25,11.15,16.30005));
#3589=CARTESIAN_POINT('Ctrl Pts',(-23.25,11.15,16.30005));
#3590=CARTESIAN_POINT('Ctrl Pts',(-7.75,11.15,16.3001));
#3591=CARTESIAN_POINT('Ctrl Pts',(7.75,11.15,16.3001));
#3592=CARTESIAN_POINT('Ctrl Pts',(23.25,11.15,16.30005));
#3593=CARTESIAN_POINT('',(-2.12499998509884,29.15,16.30005));
#3594=CARTESIAN_POINT('',(-4.62499998509884,29.15,16.30005));
#3595=CARTESIAN_POINT('Ctrl Pts',(-2.12499998509884,29.15,16.30005));
#3596=CARTESIAN_POINT('Ctrl Pts',(-2.12499998509884,29.3155695163468,16.3001));
#3597=CARTESIAN_POINT('Ctrl Pts',(-2.15692440973613,29.4755226726403,16.3001));
#3598=CARTESIAN_POINT('Ctrl Pts',(-2.28337672918333,29.7811859082724,16.3001));
#3599=CARTESIAN_POINT('Ctrl Pts',(-2.37421702564848,29.9168810766807,16.3001));
#3600=CARTESIAN_POINT('Ctrl Pts',(-2.60801599158283,30.1508858762857,16.3001));
#3601=CARTESIAN_POINT('Ctrl Pts',(-2.74386977501604,30.2414887885904,16.3001));
#3602=CARTESIAN_POINT('Ctrl Pts',(-3.04942161426892,30.3682100426878,16.3001));
#3603=CARTESIAN_POINT('Ctrl Pts',(-3.20960637765967,30.3999272268081,16.3001));
#3604=CARTESIAN_POINT('Ctrl Pts',(-3.54039359253801,30.4000727731919,16.3001));
#3605=CARTESIAN_POINT('Ctrl Pts',(-3.70052265773944,30.3680755753624,16.3001));
#3606=CARTESIAN_POINT('Ctrl Pts',(-4.00618589337096,30.2416232559158,16.3001));
#3607=CARTESIAN_POINT('Ctrl Pts',(-4.14188106177953,30.1507829594504,16.3001));
#3608=CARTESIAN_POINT('Ctrl Pts',(-4.37588586138452,29.9169839935159,16.3001));
#3609=CARTESIAN_POINT('Ctrl Pts',(-4.46648877368928,29.7811302100827,16.3001));
#3610=CARTESIAN_POINT('Ctrl Pts',(-4.59321002778662,29.47557837083,16.3001));
#3611=CARTESIAN_POINT('Ctrl Pts',(-4.6249272119069,29.3153936074387,16.3001));
#3612=CARTESIAN_POINT('Ctrl Pts',(-4.62499998509884,29.15,16.30005));
#3613=CARTESIAN_POINT('Ctrl Pts',(-4.62499998509884,29.15,16.30005));
#3614=CARTESIAN_POINT('Ctrl Pts',(-4.62507275829078,28.9846063925613,16.3001));
#3615=CARTESIAN_POINT('Ctrl Pts',(-4.59307556046111,28.8244773273595,16.3001));
#3616=CARTESIAN_POINT('Ctrl Pts',(-4.46662324101479,28.5188140917278,16.3001));
#3617=CARTESIAN_POINT('Ctrl Pts',(-4.37578294454975,28.3831189233195,16.3001));
#3618=CARTESIAN_POINT('Ctrl Pts',(-4.1419839786143,28.1491141237141,16.3001));
#3619=CARTESIAN_POINT('Ctrl Pts',(-4.00613019518165,28.0585112114096,16.3001));
#3620=CARTESIAN_POINT('Ctrl Pts',(-3.70057835592876,27.9317899573122,16.3001));
#3621=CARTESIAN_POINT('Ctrl Pts',(-3.54039359253751,27.9000727731919,16.3001));
#3622=CARTESIAN_POINT('Ctrl Pts',(-3.20960637766017,27.8999272268081,16.3001));
#3623=CARTESIAN_POINT('Ctrl Pts',(-3.04947731245833,27.9319244246378,16.3001));
#3624=CARTESIAN_POINT('Ctrl Pts',(-2.74381407682662,28.058376744084,16.3001));
#3625=CARTESIAN_POINT('Ctrl Pts',(-2.60811890841822,28.1492170405492,16.3001));
#3626=CARTESIAN_POINT('Ctrl Pts',(-2.3741141088131,28.3830160064844,16.3001));
#3627=CARTESIAN_POINT('Ctrl Pts',(-2.28358429236699,28.5186935402883,16.3001));
#3628=CARTESIAN_POINT('Ctrl Pts',(-2.15671684655247,28.8245978787989,16.3001));
#3629=CARTESIAN_POINT('Ctrl Pts',(-2.12499998509884,28.9840493089511,16.3001));
#3630=CARTESIAN_POINT('Ctrl Pts',(-2.12499998509884,29.15,16.30005));
#3631=CARTESIAN_POINT('',(11.3750000149012,29.15,16.30005));
#3632=CARTESIAN_POINT('',(8.8750000149012,29.15,16.30005));
#3633=CARTESIAN_POINT('Ctrl Pts',(11.3750000149012,29.15,16.30005));
#3634=CARTESIAN_POINT('Ctrl Pts',(11.3750000149012,29.3155695163465,16.3001));
#3635=CARTESIAN_POINT('Ctrl Pts',(11.3430755902636,29.4755226726407,16.3001));
#3636=CARTESIAN_POINT('Ctrl Pts',(11.216623270817,29.781185908272,16.3001));
#3637=CARTESIAN_POINT('Ctrl Pts',(11.1257829743516,29.9168810766806,16.3001));
#3638=CARTESIAN_POINT('Ctrl Pts',(10.8919840084172,30.1508858762858,16.3001));
#3639=CARTESIAN_POINT('Ctrl Pts',(10.7561302249842,30.2414887885904,16.3001));
#3640=CARTESIAN_POINT('Ctrl Pts',(10.4505783857309,30.3682100426878,16.3001));
#3641=CARTESIAN_POINT('Ctrl Pts',(10.2903936223404,30.3999272268081,16.3001));
#3642=CARTESIAN_POINT('Ctrl Pts',(9.95960640746196,30.4000727731919,16.3001));
#3643=CARTESIAN_POINT('Ctrl Pts',(9.79947734226042,30.3680755753624,16.3001));
#3644=CARTESIAN_POINT('Ctrl Pts',(9.49381410662926,30.2416232559159,16.3001));
#3645=CARTESIAN_POINT('Ctrl Pts',(9.35811893822042,30.1507829594502,16.3001));
#3646=CARTESIAN_POINT('Ctrl Pts',(9.12411413861562,29.9169839935162,16.3001));
#3647=CARTESIAN_POINT('Ctrl Pts',(9.03351122631076,29.7811302100827,16.3001));
#3648=CARTESIAN_POINT('Ctrl Pts',(8.90678997221342,29.47557837083,16.3001));
#3649=CARTESIAN_POINT('Ctrl Pts',(8.87507278809314,29.3153936074394,16.3001));
#3650=CARTESIAN_POINT('Ctrl Pts',(8.8750000149012,29.15,16.30005));
#3651=CARTESIAN_POINT('Ctrl Pts',(8.8750000149012,29.15,16.30005));
#3652=CARTESIAN_POINT('Ctrl Pts',(8.87492724170926,28.9846063925607,16.3001));
#3653=CARTESIAN_POINT('Ctrl Pts',(8.90692443953839,28.8244773273602,16.3001));
#3654=CARTESIAN_POINT('Ctrl Pts',(9.03337675898579,28.5188140917271,16.3001));
#3655=CARTESIAN_POINT('Ctrl Pts',(9.12421705545011,28.3831189233196,16.3001));
#3656=CARTESIAN_POINT('Ctrl Pts',(9.35801602138592,28.149114123714,16.3001));
#3657=CARTESIAN_POINT('Ctrl Pts',(9.49386980481846,28.0585112114096,16.3001));
#3658=CARTESIAN_POINT('Ctrl Pts',(9.79942164407122,27.9317899573122,16.3001));
#3659=CARTESIAN_POINT('Ctrl Pts',(9.95960640746253,27.9000727731919,16.3001));
#3660=CARTESIAN_POINT('Ctrl Pts',(10.2903936223399,27.8999272268081,16.3001));
#3661=CARTESIAN_POINT('Ctrl Pts',(10.4505226875415,27.9319244246377,16.3001));
#3662=CARTESIAN_POINT('Ctrl Pts',(10.7561859231736,28.0583767440841,16.3001));
#3663=CARTESIAN_POINT('Ctrl Pts',(10.8918810915814,28.1492170405487,16.3001));
#3664=CARTESIAN_POINT('Ctrl Pts',(11.1258858911874,28.3830160064849,16.3001));
#3665=CARTESIAN_POINT('Ctrl Pts',(11.216415707633,28.5186935402879,16.3001));
#3666=CARTESIAN_POINT('Ctrl Pts',(11.3432831534476,28.8245978787994,16.3001));
#3667=CARTESIAN_POINT('Ctrl Pts',(11.3750000149012,28.9840493089515,16.3001));
#3668=CARTESIAN_POINT('Ctrl Pts',(11.3750000149012,29.15,16.30005));
#3669=CARTESIAN_POINT('',(-15.6249999850988,29.15,16.30005));
#3670=CARTESIAN_POINT('',(-18.1249999850988,29.15,16.30005));
#3671=CARTESIAN_POINT('Ctrl Pts',(-15.6249999850988,29.15,16.30005));
#3672=CARTESIAN_POINT('Ctrl Pts',(-15.6249999850988,29.3155695163471,16.3001));
#3673=CARTESIAN_POINT('Ctrl Pts',(-15.6569244097357,29.4755226726398,16.3001));
#3674=CARTESIAN_POINT('Ctrl Pts',(-15.7833767291836,29.7811859082729,16.3001));
#3675=CARTESIAN_POINT('Ctrl Pts',(-15.8742170256482,29.9168810766806,16.3001));
#3676=CARTESIAN_POINT('Ctrl Pts',(-16.1080159915831,30.1508858762858,16.3001));
#3677=CARTESIAN_POINT('Ctrl Pts',(-16.2438697750161,30.2414887885904,16.3001));
#3678=CARTESIAN_POINT('Ctrl Pts',(-16.5494216142688,30.3682100426878,16.3001));
#3679=CARTESIAN_POINT('Ctrl Pts',(-16.7096063776601,30.3999272268081,16.3001));
#3680=CARTESIAN_POINT('Ctrl Pts',(-17.0403935925375,30.4000727731919,16.3001));
#3681=CARTESIAN_POINT('Ctrl Pts',(-17.2005226577395,30.3680755753622,16.3001));
#3682=CARTESIAN_POINT('Ctrl Pts',(-17.5061858933708,30.241623255916,16.3001));
#3683=CARTESIAN_POINT('Ctrl Pts',(-17.6418810617794,30.1507829594506,16.3001));
#3684=CARTESIAN_POINT('Ctrl Pts',(-17.8758858613846,29.9169839935157,16.3001));
#3685=CARTESIAN_POINT('Ctrl Pts',(-17.9664887736892,29.7811302100827,16.3001));
#3686=CARTESIAN_POINT('Ctrl Pts',(-18.0932100277866,29.47557837083,16.3001));
#3687=CARTESIAN_POINT('Ctrl Pts',(-18.1249272119069,29.3153936074387,16.3001));
#3688=CARTESIAN_POINT('Ctrl Pts',(-18.1249999850988,29.15,16.30005));
#3689=CARTESIAN_POINT('Ctrl Pts',(-18.1249999850988,29.15,16.30005));
#3690=CARTESIAN_POINT('Ctrl Pts',(-18.1250727582907,28.9846063925613,16.3001));
#3691=CARTESIAN_POINT('Ctrl Pts',(-18.093075560461,28.8244773273593,16.3001));
#3692=CARTESIAN_POINT('Ctrl Pts',(-17.9666232410148,28.518814091728,16.3001));
#3693=CARTESIAN_POINT('Ctrl Pts',(-17.8757829445494,28.3831189233194,16.3001));
#3694=CARTESIAN_POINT('Ctrl Pts',(-17.6419839786145,28.1491141237142,16.3001));
#3695=CARTESIAN_POINT('Ctrl Pts',(-17.5061301951815,28.0585112114096,16.3001));
#3696=CARTESIAN_POINT('Ctrl Pts',(-17.2005783559288,27.9317899573122,16.3001));
#3697=CARTESIAN_POINT('Ctrl Pts',(-17.0403935925372,27.9000727731919,16.3001));
#3698=CARTESIAN_POINT('Ctrl Pts',(-16.7096063776604,27.8999272268081,16.3001));
#3699=CARTESIAN_POINT('Ctrl Pts',(-16.5494773124579,27.931924424638,16.3001));
#3700=CARTESIAN_POINT('Ctrl Pts',(-16.243814076827,28.0583767440837,16.3001));
#3701=CARTESIAN_POINT('Ctrl Pts',(-16.1081189084175,28.14921704055,16.3001));
#3702=CARTESIAN_POINT('Ctrl Pts',(-15.8741141088137,28.3830160064836,16.3001));
#3703=CARTESIAN_POINT('Ctrl Pts',(-15.7835842923669,28.5186935402891,16.3001));
#3704=CARTESIAN_POINT('Ctrl Pts',(-15.6567168465524,28.8245978787982,16.3001));
#3705=CARTESIAN_POINT('Ctrl Pts',(-15.6249999850988,28.9840493089503,16.3001));
#3706=CARTESIAN_POINT('Ctrl Pts',(-15.6249999850988,29.15,16.30005));
#3707=CARTESIAN_POINT('',(-8.8749999850988,29.15,16.30005));
#3708=CARTESIAN_POINT('',(-11.3749999850988,29.15,16.30005));
#3709=CARTESIAN_POINT('Ctrl Pts',(-8.8749999850988,29.15,16.30005));
#3710=CARTESIAN_POINT('Ctrl Pts',(-8.87499998509881,29.3155695163465,16.3001));
#3711=CARTESIAN_POINT('Ctrl Pts',(-8.90692440973636,29.4755226726407,16.3001));
#3712=CARTESIAN_POINT('Ctrl Pts',(-9.03337672918302,29.781185908272,16.3001));
#3713=CARTESIAN_POINT('Ctrl Pts',(-9.12421702564842,29.9168810766806,16.3001));
#3714=CARTESIAN_POINT('Ctrl Pts',(-9.35801599158282,30.1508858762858,16.3001));
#3715=CARTESIAN_POINT('Ctrl Pts',(-9.4938697750158,30.2414887885904,16.3001));
#3716=CARTESIAN_POINT('Ctrl Pts',(-9.79942161426908,30.3682100426878,16.3001));
#3717=CARTESIAN_POINT('Ctrl Pts',(-9.95960637765957,30.3999272268081,16.3001));
#3718=CARTESIAN_POINT('Ctrl Pts',(-10.290393592538,30.4000727731919,16.3001));
#3719=CARTESIAN_POINT('Ctrl Pts',(-10.4505226577396,30.3680755753624,16.3001));
#3720=CARTESIAN_POINT('Ctrl Pts',(-10.7561858933707,30.2416232559159,16.3001));
#3721=CARTESIAN_POINT('Ctrl Pts',(-10.8918810617796,30.1507829594502,16.3001));
#3722=CARTESIAN_POINT('Ctrl Pts',(-11.1258858613844,29.9169839935162,16.3001));
#3723=CARTESIAN_POINT('Ctrl Pts',(-11.2164887736892,29.7811302100827,16.3001));
#3724=CARTESIAN_POINT('Ctrl Pts',(-11.3432100277866,29.47557837083,16.3001));
#3725=CARTESIAN_POINT('Ctrl Pts',(-11.3749272119069,29.3153936074394,16.3001));
#3726=CARTESIAN_POINT('Ctrl Pts',(-11.3749999850988,29.15,16.30005));
#3727=CARTESIAN_POINT('Ctrl Pts',(-11.3749999850988,29.15,16.30005));
#3728=CARTESIAN_POINT('Ctrl Pts',(-11.3750727582907,28.9846063925607,16.3001));
#3729=CARTESIAN_POINT('Ctrl Pts',(-11.3430755604616,28.8244773273602,16.3001));
#3730=CARTESIAN_POINT('Ctrl Pts',(-11.2166232410142,28.5188140917271,16.3001));
#3731=CARTESIAN_POINT('Ctrl Pts',(-11.1257829445499,28.3831189233196,16.3001));
#3732=CARTESIAN_POINT('Ctrl Pts',(-10.8919839786141,28.149114123714,16.3001));
#3733=CARTESIAN_POINT('Ctrl Pts',(-10.7561301951815,28.0585112114096,16.3001));
#3734=CARTESIAN_POINT('Ctrl Pts',(-10.4505783559288,27.9317899573122,16.3001));
#3735=CARTESIAN_POINT('Ctrl Pts',(-10.2903935925375,27.9000727731919,16.3001));
#3736=CARTESIAN_POINT('Ctrl Pts',(-9.95960637766013,27.8999272268081,16.3001));
#3737=CARTESIAN_POINT('Ctrl Pts',(-9.79947731245852,27.9319244246377,16.3001));
#3738=CARTESIAN_POINT('Ctrl Pts',(-9.49381407682636,28.0583767440841,16.3001));
#3739=CARTESIAN_POINT('Ctrl Pts',(-9.35811890841861,28.1492170405487,16.3001));
#3740=CARTESIAN_POINT('Ctrl Pts',(-9.12411410881263,28.3830160064849,16.3001));
#3741=CARTESIAN_POINT('Ctrl Pts',(-9.03358429236696,28.5186935402879,16.3001));
#3742=CARTESIAN_POINT('Ctrl Pts',(-8.90671684655243,28.8245978787994,16.3001));
#3743=CARTESIAN_POINT('Ctrl Pts',(-8.87499998509881,28.9840493089515,16.3001));
#3744=CARTESIAN_POINT('Ctrl Pts',(-8.8749999850988,29.15,16.30005));
#3745=CARTESIAN_POINT('',(18.1250000149012,29.15,16.30005));
#3746=CARTESIAN_POINT('',(15.6250000149012,29.15,16.30005));
#3747=CARTESIAN_POINT('Ctrl Pts',(18.1250000149012,29.15,16.30005));
#3748=CARTESIAN_POINT('Ctrl Pts',(18.1250000149012,29.3155695163458,16.3001));
#3749=CARTESIAN_POINT('Ctrl Pts',(18.0930755902634,29.4755226726407,16.3001));
#3750=CARTESIAN_POINT('Ctrl Pts',(17.9666232708172,29.781185908272,16.3001));
#3751=CARTESIAN_POINT('Ctrl Pts',(17.8757829743518,29.9168810766806,16.3001));
#3752=CARTESIAN_POINT('Ctrl Pts',(17.6419840084169,30.1508858762858,16.3001));
#3753=CARTESIAN_POINT('Ctrl Pts',(17.5061302249839,30.2414887885904,16.3001));
#3754=CARTESIAN_POINT('Ctrl Pts',(17.2005783857312,30.3682100426878,16.3001));
#3755=CARTESIAN_POINT('Ctrl Pts',(17.0403936223399,30.3999272268081,16.3001));
#3756=CARTESIAN_POINT('Ctrl Pts',(16.7096064074625,30.4000727731919,16.3001));
#3757=CARTESIAN_POINT('Ctrl Pts',(16.5494773422605,30.3680755753622,16.3001));
#3758=CARTESIAN_POINT('Ctrl Pts',(16.2438141066292,30.241623255916,16.3001));
#3759=CARTESIAN_POINT('Ctrl Pts',(16.1081189382206,30.1507829594506,16.3001));
#3760=CARTESIAN_POINT('Ctrl Pts',(15.8741141386154,29.9169839935157,16.3001));
#3761=CARTESIAN_POINT('Ctrl Pts',(15.7835112263108,29.7811302100827,16.3001));
#3762=CARTESIAN_POINT('Ctrl Pts',(15.6567899722134,29.47557837083,16.3001));
#3763=CARTESIAN_POINT('Ctrl Pts',(15.6250727880931,29.3153936074387,16.3001));
#3764=CARTESIAN_POINT('Ctrl Pts',(15.6250000149012,29.15,16.30005));
#3765=CARTESIAN_POINT('Ctrl Pts',(15.6250000149012,29.15,16.30005));
#3766=CARTESIAN_POINT('Ctrl Pts',(15.6249272417093,28.9846063925613,16.3001));
#3767=CARTESIAN_POINT('Ctrl Pts',(15.656924439539,28.8244773273593,16.3001));
#3768=CARTESIAN_POINT('Ctrl Pts',(15.7833767589852,28.518814091728,16.3001));
#3769=CARTESIAN_POINT('Ctrl Pts',(15.8742170554506,28.3831189233194,16.3001));
#3770=CARTESIAN_POINT('Ctrl Pts',(16.1080160213855,28.1491141237142,16.3001));
#3771=CARTESIAN_POINT('Ctrl Pts',(16.2438698048185,28.0585112114096,16.3001));
#3772=CARTESIAN_POINT('Ctrl Pts',(16.5494216440712,27.9317899573122,16.3001));
#3773=CARTESIAN_POINT('Ctrl Pts',(16.7096064074628,27.9000727731919,16.3001));
#3774=CARTESIAN_POINT('Ctrl Pts',(17.0403936223396,27.8999272268081,16.3001));
#3775=CARTESIAN_POINT('Ctrl Pts',(17.2005226875421,27.931924424638,16.3001));
#3776=CARTESIAN_POINT('Ctrl Pts',(17.506185923173,28.0583767440837,16.3001));
#3777=CARTESIAN_POINT('Ctrl Pts',(17.6418810915825,28.14921704055,16.3001));
#3778=CARTESIAN_POINT('Ctrl Pts',(17.8758858911863,28.3830160064836,16.3001));
#3779=CARTESIAN_POINT('Ctrl Pts',(17.9664157076331,28.5186935402891,16.3001));
#3780=CARTESIAN_POINT('Ctrl Pts',(18.0932831534476,28.8245978787982,16.3001));
#3781=CARTESIAN_POINT('Ctrl Pts',(18.1250000149012,28.9840493089503,16.3001));
#3782=CARTESIAN_POINT('Ctrl Pts',(18.1250000149012,29.15,16.30005));
#3783=CARTESIAN_POINT('',(-5.,-9.35,16.3));
#3784=CARTESIAN_POINT('',(5.,-9.35,16.3));
#3785=CARTESIAN_POINT('',(2.5,-9.35,16.3));
#3786=CARTESIAN_POINT('',(6.,-10.35,16.3));
#3787=CARTESIAN_POINT('Origin',(5.,-10.35,16.3));
#3788=CARTESIAN_POINT('',(6.,-17.35,16.3));
#3789=CARTESIAN_POINT('',(6.,-8.84999999627471,16.3));
#3790=CARTESIAN_POINT('',(5.,-18.35,16.3));
#3791=CARTESIAN_POINT('Origin',(5.,-17.35,16.3));
#3792=CARTESIAN_POINT('',(-5.,-18.35,16.3));
#3793=CARTESIAN_POINT('',(-2.5,-18.35,16.3));
#3794=CARTESIAN_POINT('',(-6.,-17.35,16.3));
#3795=CARTESIAN_POINT('Origin',(-5.,-17.35,16.3));
#3796=CARTESIAN_POINT('',(-6.,-10.35,16.3));
#3797=CARTESIAN_POINT('',(-6.,-5.34999999627471,16.3));
#3798=CARTESIAN_POINT('Origin',(-5.,-10.35,16.3));
#3799=CARTESIAN_POINT('',(-5.,4.65,16.3));
#3800=CARTESIAN_POINT('',(5.,4.65,16.3));
#3801=CARTESIAN_POINT('',(2.5,4.65,16.3));
#3802=CARTESIAN_POINT('',(6.,3.65,16.3));
#3803=CARTESIAN_POINT('Origin',(5.,3.65,16.3));
#3804=CARTESIAN_POINT('',(6.,-3.35,16.3));
#3805=CARTESIAN_POINT('',(6.,-1.84999999627471,16.3));
#3806=CARTESIAN_POINT('',(5.,-4.35,16.3));
#3807=CARTESIAN_POINT('Origin',(5.,-3.35,16.3));
#3808=CARTESIAN_POINT('',(-5.,-4.35,16.3));
#3809=CARTESIAN_POINT('',(-2.5,-4.35,16.3));
#3810=CARTESIAN_POINT('',(-6.,-3.35,16.3));
#3811=CARTESIAN_POINT('Origin',(-5.,-3.35,16.3));
#3812=CARTESIAN_POINT('',(-6.,3.65,16.3));
#3813=CARTESIAN_POINT('',(-6.,1.65000000372529,16.3));
#3814=CARTESIAN_POINT('Origin',(-5.,3.65,16.3));
#3815=CARTESIAN_POINT('',(-21.7499999850988,-9.35,16.3));
#3816=CARTESIAN_POINT('',(-11.7499999850988,-9.35,16.3));
#3817=CARTESIAN_POINT('',(-5.87499999254942,-9.35,16.3));
#3818=CARTESIAN_POINT('',(-10.7499999850988,-10.35,16.3));
#3819=CARTESIAN_POINT('Origin',(-11.7499999850988,-10.35,16.3));
#3820=CARTESIAN_POINT('',(-10.7499999850988,-17.35,16.3));
#3821=CARTESIAN_POINT('',(-10.7499999850988,-8.8499999962747,16.3));
#3822=CARTESIAN_POINT('',(-11.7499999850988,-18.35,16.3));
#3823=CARTESIAN_POINT('Origin',(-11.7499999850988,-17.35,16.3));
#3824=CARTESIAN_POINT('',(-21.7499999850988,-18.35,16.3));
#3825=CARTESIAN_POINT('',(-10.8749999925494,-18.35,16.3));
#3826=CARTESIAN_POINT('',(-22.7499999850988,-17.35,16.3));
#3827=CARTESIAN_POINT('Origin',(-21.7499999850988,-17.35,16.3));
#3828=CARTESIAN_POINT('',(-22.7499999850988,-10.35,16.3));
#3829=CARTESIAN_POINT('',(-22.7499999850988,-5.34999999627472,16.3));
#3830=CARTESIAN_POINT('Origin',(-21.7499999850988,-10.35,16.3));
#3831=CARTESIAN_POINT('',(11.7499999850988,-9.35,16.3));
#3832=CARTESIAN_POINT('',(21.7499999850988,-9.35,16.3));
#3833=CARTESIAN_POINT('',(10.8749999925494,-9.35,16.3));
#3834=CARTESIAN_POINT('',(22.7499999850988,-10.35,16.3));
#3835=CARTESIAN_POINT('Origin',(21.7499999850988,-10.35,16.3));
#3836=CARTESIAN_POINT('',(22.7499999850988,-17.35,16.3));
#3837=CARTESIAN_POINT('',(22.7499999850988,-8.84999999627471,16.3));
#3838=CARTESIAN_POINT('',(21.7499999850988,-18.35,16.3));
#3839=CARTESIAN_POINT('Origin',(21.7499999850988,-17.35,16.3));
#3840=CARTESIAN_POINT('',(11.7499999850988,-18.35,16.3));
#3841=CARTESIAN_POINT('',(5.87499999254942,-18.35,16.3));
#3842=CARTESIAN_POINT('',(10.7499999850988,-17.35,16.3));
#3843=CARTESIAN_POINT('Origin',(11.7499999850988,-17.35,16.3));
#3844=CARTESIAN_POINT('',(10.7499999850988,-10.35,16.3));
#3845=CARTESIAN_POINT('',(10.7499999850988,-5.34999999627471,16.3));
#3846=CARTESIAN_POINT('Origin',(11.7499999850988,-10.35,16.3));
#3847=CARTESIAN_POINT('',(6.,-20.85,16.3));
#3848=CARTESIAN_POINT('',(6.,-27.85,16.3));
#3849=CARTESIAN_POINT('',(6.,-14.0999999962747,16.3));
#3850=CARTESIAN_POINT('',(5.,-28.85,16.3));
#3851=CARTESIAN_POINT('Origin',(5.,-27.85,16.3));
#3852=CARTESIAN_POINT('',(-5.,-28.85,16.3));
#3853=CARTESIAN_POINT('',(-2.5,-28.85,16.3));
#3854=CARTESIAN_POINT('',(-6.,-27.85,16.3));
#3855=CARTESIAN_POINT('Origin',(-5.,-27.85,16.3));
#3856=CARTESIAN_POINT('',(-6.,-20.85,16.3));
#3857=CARTESIAN_POINT('',(-6.,-10.5999999962747,16.3));
#3858=CARTESIAN_POINT('',(-5.,-19.85,16.3));
#3859=CARTESIAN_POINT('Origin',(-5.,-20.85,16.3));
#3860=CARTESIAN_POINT('',(5.,-19.85,16.3));
#3861=CARTESIAN_POINT('',(2.5,-19.85,16.3));
#3862=CARTESIAN_POINT('Origin',(5.,-20.85,16.3));
#3863=CARTESIAN_POINT('',(-21.7499999850988,4.65,16.3));
#3864=CARTESIAN_POINT('',(-11.7499999850988,4.65,16.3));
#3865=CARTESIAN_POINT('',(-5.87499999254942,4.65,16.3));
#3866=CARTESIAN_POINT('',(-10.7499999850988,3.65,16.3));
#3867=CARTESIAN_POINT('Origin',(-11.7499999850988,3.65,16.3));
#3868=CARTESIAN_POINT('',(-10.7499999850988,-3.35,16.3));
#3869=CARTESIAN_POINT('',(-10.7499999850988,-1.84999999627471,16.3));
#3870=CARTESIAN_POINT('',(-11.7499999850988,-4.35,16.3));
#3871=CARTESIAN_POINT('Origin',(-11.7499999850988,-3.35,16.3));
#3872=CARTESIAN_POINT('',(-21.7499999850988,-4.35,16.3));
#3873=CARTESIAN_POINT('',(-10.8749999925494,-4.35,16.3));
#3874=CARTESIAN_POINT('',(-22.7499999850988,-3.35,16.3));
#3875=CARTESIAN_POINT('Origin',(-21.7499999850988,-3.35,16.3));
#3876=CARTESIAN_POINT('',(-22.7499999850988,3.65,16.3));
#3877=CARTESIAN_POINT('',(-22.7499999850988,1.6500000037253,16.3));
#3878=CARTESIAN_POINT('Origin',(-21.7499999850988,3.65,16.3));
#3879=CARTESIAN_POINT('',(-11.7499999850988,-28.85,16.3));
#3880=CARTESIAN_POINT('',(-21.7499999850988,-28.85,16.3));
#3881=CARTESIAN_POINT('',(-10.8749999925494,-28.85,16.3));
#3882=CARTESIAN_POINT('',(-22.7499999850988,-27.85,16.3));
#3883=CARTESIAN_POINT('Origin',(-21.7499999850988,-27.85,16.3));
#3884=CARTESIAN_POINT('',(-22.7499999850988,-20.85,16.3));
#3885=CARTESIAN_POINT('',(-22.7499999850989,-10.5999999962747,16.3));
#3886=CARTESIAN_POINT('',(-21.7499999850988,-19.85,16.3));
#3887=CARTESIAN_POINT('Origin',(-21.7499999850988,-20.85,16.3));
#3888=CARTESIAN_POINT('',(-11.7499999850988,-19.85,16.3));
#3889=CARTESIAN_POINT('',(-5.87499999254942,-19.85,16.3));
#3890=CARTESIAN_POINT('',(-10.7499999850988,-20.85,16.3));
#3891=CARTESIAN_POINT('Origin',(-11.7499999850988,-20.85,16.3));
#3892=CARTESIAN_POINT('',(-10.7499999850988,-27.85,16.3));
#3893=CARTESIAN_POINT('',(-10.7499999850988,-14.0999999962747,16.3));
#3894=CARTESIAN_POINT('Origin',(-11.7499999850988,-27.85,16.3));
#3895=CARTESIAN_POINT('',(22.7499999850988,-20.85,16.3));
#3896=CARTESIAN_POINT('',(22.7499999850988,-27.85,16.3));
#3897=CARTESIAN_POINT('',(22.7499999850988,-14.0999999962747,16.3));
#3898=CARTESIAN_POINT('',(21.7499999850988,-28.85,16.3));
#3899=CARTESIAN_POINT('Origin',(21.7499999850988,-27.85,16.3));
#3900=CARTESIAN_POINT('',(11.7499999850988,-28.85,16.3));
#3901=CARTESIAN_POINT('',(5.87499999254942,-28.85,16.3));
#3902=CARTESIAN_POINT('',(10.7499999850988,-27.85,16.3));
#3903=CARTESIAN_POINT('Origin',(11.7499999850988,-27.85,16.3));
#3904=CARTESIAN_POINT('',(10.7499999850988,-20.85,16.3));
#3905=CARTESIAN_POINT('',(10.7499999850988,-10.5999999962747,16.3));
#3906=CARTESIAN_POINT('',(11.7499999850988,-19.85,16.3));
#3907=CARTESIAN_POINT('Origin',(11.7499999850988,-20.85,16.3));
#3908=CARTESIAN_POINT('',(21.7499999850988,-19.85,16.3));
#3909=CARTESIAN_POINT('',(10.8749999925494,-19.85,16.3));
#3910=CARTESIAN_POINT('Origin',(21.7499999850988,-20.85,16.3));
#3911=CARTESIAN_POINT('Origin',(26.7499999850988,36.65,16.5));
#3912=CARTESIAN_POINT('',(26.7499999850988,36.65,16.5));
#3913=CARTESIAN_POINT('',(26.7499999850988,-37.3499999850988,16.5));
#3914=CARTESIAN_POINT('Origin',(26.7499999850988,-37.3499999850988,16.5));
#3915=CARTESIAN_POINT('',(-26.7499999850988,-37.3499999850988,16.5));
#3916=CARTESIAN_POINT('Origin',(-26.7499999850988,-37.3499999850988,16.5));
#3917=CARTESIAN_POINT('',(-26.7499999850988,36.65,16.5));
#3918=CARTESIAN_POINT('Origin',(-26.7499999850988,36.65,16.5));
#3919=CARTESIAN_POINT('Origin',(3.37500001490116,29.15,16.3001));
#3920=CARTESIAN_POINT('Origin',(0.,17.65,16.3001));
#3921=CARTESIAN_POINT('Origin',(-3.37499998509884,29.15,16.3001));
#3922=CARTESIAN_POINT('Origin',(10.1250000149012,29.15,16.3001));
#3923=CARTESIAN_POINT('Origin',(-16.8749999850988,29.15,16.3001));
#3924=CARTESIAN_POINT('Origin',(-10.1249999850988,29.15,16.3001));
#3925=CARTESIAN_POINT('Origin',(16.8750000149012,29.15,16.3001));
#3926=CARTESIAN_POINT('Origin',(-16.7499999850988,0.15,16.7));
#3927=CARTESIAN_POINT('',(-22.1131326519752,-3.35,16.7));
#3928=CARTESIAN_POINT('',(-22.1131326519752,3.65,16.7));
#3929=CARTESIAN_POINT('',(-22.1131326519752,1.6500000037253,16.7));
#3930=CARTESIAN_POINT('',(-21.7499999850988,-3.71313266687637,16.7));
#3931=CARTESIAN_POINT('Origin',(-21.7499999850988,-3.35,16.7));
#3932=CARTESIAN_POINT('',(-11.7499999850988,-3.71313266687637,16.7));
#3933=CARTESIAN_POINT('',(-10.8749999925494,-3.71313266687637,16.7));
#3934=CARTESIAN_POINT('',(-11.3868673182225,-3.35,16.7));
#3935=CARTESIAN_POINT('Origin',(-11.7499999850988,-3.35,16.7));
#3936=CARTESIAN_POINT('',(-11.3868673182225,3.65,16.7));
#3937=CARTESIAN_POINT('',(-11.3868673182225,-1.84999999627471,16.7));
#3938=CARTESIAN_POINT('',(-11.7499999850988,4.01313266687637,16.7));
#3939=CARTESIAN_POINT('Origin',(-11.7499999850988,3.65,16.7));
#3940=CARTESIAN_POINT('',(-21.7499999850988,4.01313266687637,16.7));
#3941=CARTESIAN_POINT('',(-5.87499999254942,4.01313266687637,16.7));
#3942=CARTESIAN_POINT('Origin',(-21.7499999850988,3.65,16.7));
#3943=CARTESIAN_POINT('Origin',(-11.3868673182225,-1.84999999627471,15.993));
#3944=CARTESIAN_POINT('Origin',(-11.3868673182225,-3.35,15.993));
#3945=CARTESIAN_POINT('Origin',(-11.3868673182225,3.65,15.993));
#3946=CARTESIAN_POINT('Ctrl Pts',(-11.3868673182225,-3.34999999999994,16.7));
#3947=CARTESIAN_POINT('Ctrl Pts',(-11.3868673182225,-3.71313266687622,16.7));
#3948=CARTESIAN_POINT('Ctrl Pts',(-11.7499999850988,-3.71313266687622,16.7));
#3949=CARTESIAN_POINT('Ctrl Pts',(-10.9428187930563,-3.34999999999994,16.7));
#3950=CARTESIAN_POINT('Ctrl Pts',(-10.9428187930563,-4.1571811920424,16.7));
#3951=CARTESIAN_POINT('Ctrl Pts',(-11.7499999850988,-4.1571811920424,16.7000000000001));
#3952=CARTESIAN_POINT('Ctrl Pts',(-10.7499999850987,-3.34999999999995,16.2999999999999));
#3953=CARTESIAN_POINT('Ctrl Pts',(-10.7499999850987,-4.35000000000002,16.2999999999999));
#3954=CARTESIAN_POINT('Ctrl Pts',(-11.7499999850988,-4.35000000000002,16.3));
#3955=CARTESIAN_POINT('Origin',(-11.7499999850988,-3.71313266687637,15.993));
#3956=CARTESIAN_POINT('Ctrl Pts',(-11.7499999850987,4.01313266687618,16.7));
#3957=CARTESIAN_POINT('Ctrl Pts',(-11.3868673182225,4.01313266687621,16.7));
#3958=CARTESIAN_POINT('Ctrl Pts',(-11.3868673182225,3.64999999999994,16.7));
#3959=CARTESIAN_POINT('Ctrl Pts',(-11.7499999850987,4.45718119204239,16.7000000000001));
#3960=CARTESIAN_POINT('Ctrl Pts',(-10.9428187930562,4.45718119204247,16.7000000000001));
#3961=CARTESIAN_POINT('Ctrl Pts',(-10.9428187930563,3.64999999999994,16.7));
#3962=CARTESIAN_POINT('Ctrl Pts',(-11.7499999850988,4.65,16.3));
#3963=CARTESIAN_POINT('Ctrl Pts',(-10.7499999850986,4.65000000000009,16.2999999999999));
#3964=CARTESIAN_POINT('Ctrl Pts',(-10.7499999850987,3.64999999999997,16.2999999999999));
#3965=CARTESIAN_POINT('Origin',(-11.7499999850988,4.01313266687637,15.993));
#3966=CARTESIAN_POINT('Origin',(-10.8749999925494,-3.71313266687637,15.993));
#3967=CARTESIAN_POINT('Origin',(-21.7499999850988,-3.71313266687637,15.993));
#3968=CARTESIAN_POINT('Origin',(-5.87499999254942,4.01313266687637,15.993));
#3969=CARTESIAN_POINT('Origin',(-21.7499999850988,4.01313266687637,15.993));
#3970=CARTESIAN_POINT('Ctrl Pts',(-21.7499999850988,-3.71313266687637,16.7));
#3971=CARTESIAN_POINT('Ctrl Pts',(-22.1131326519752,-3.71313266687641,16.7));
#3972=CARTESIAN_POINT('Ctrl Pts',(-22.1131326519751,-3.35000000000007,16.7));
#3973=CARTESIAN_POINT('Ctrl Pts',(-21.7499999850988,-4.15718119204251,16.7));
#3974=CARTESIAN_POINT('Ctrl Pts',(-22.5571811771414,-4.1571811920426,16.7));
#3975=CARTESIAN_POINT('Ctrl Pts',(-22.5571811771413,-3.35000000000007,16.7000000000001));
#3976=CARTESIAN_POINT('Ctrl Pts',(-21.7499999850988,-4.35000000000005,16.2999999999999));
#3977=CARTESIAN_POINT('Ctrl Pts',(-22.7499999850989,-4.35000000000016,16.2999999999999));
#3978=CARTESIAN_POINT('Ctrl Pts',(-22.7499999850988,-3.35000000000003,16.3));
#3979=CARTESIAN_POINT('Origin',(-22.1131326519752,-3.35,15.993));
#3980=CARTESIAN_POINT('Ctrl Pts',(-22.113132651975,3.65000000000019,16.7));
#3981=CARTESIAN_POINT('Ctrl Pts',(-22.1131326519751,4.01313266687648,16.6999999999999));
#3982=CARTESIAN_POINT('Ctrl Pts',(-21.7499999850988,4.01313266687636,16.7));
#3983=CARTESIAN_POINT('Ctrl Pts',(-22.5571811771412,3.65000000000019,16.7000000000002));
#3984=CARTESIAN_POINT('Ctrl Pts',(-22.5571811771415,4.45718119204285,16.7));
#3985=CARTESIAN_POINT('Ctrl Pts',(-21.7499999850988,4.45718119204259,16.7));
#3986=CARTESIAN_POINT('Ctrl Pts',(-22.7499999850988,3.65000000000011,16.3));
#3987=CARTESIAN_POINT('Ctrl Pts',(-22.7499999850991,4.65000000000042,16.2999999999998));
#3988=CARTESIAN_POINT('Ctrl Pts',(-21.7499999850988,4.65000000000009,16.2999999999998));
#3989=CARTESIAN_POINT('Origin',(-22.1131326519752,3.65,15.993));
#3990=CARTESIAN_POINT('Origin',(-22.1131326519752,1.6500000037253,15.993));
#3991=CARTESIAN_POINT('Origin',(-16.7499999850988,-13.85,16.7));
#3992=CARTESIAN_POINT('',(-21.7499999850988,-9.98686733312363,16.7));
#3993=CARTESIAN_POINT('',(-11.7499999850988,-9.98686733312363,16.7));
#3994=CARTESIAN_POINT('',(-5.87499999254942,-9.98686733312363,16.7));
#3995=CARTESIAN_POINT('',(-22.1131326519752,-10.35,16.7));
#3996=CARTESIAN_POINT('Origin',(-21.7499999850988,-10.35,16.7));
#3997=CARTESIAN_POINT('',(-22.1131326519752,-17.35,16.7));
#3998=CARTESIAN_POINT('',(-22.1131326519752,-5.34999999627472,16.7));
#3999=CARTESIAN_POINT('',(-21.7499999850988,-17.7131326668764,16.7));
#4000=CARTESIAN_POINT('Origin',(-21.7499999850988,-17.35,16.7));
#4001=CARTESIAN_POINT('',(-11.7499999850988,-17.7131326668764,16.7));
#4002=CARTESIAN_POINT('',(-10.8749999925494,-17.7131326668764,16.7));
#4003=CARTESIAN_POINT('',(-11.3868673182225,-17.35,16.7));
#4004=CARTESIAN_POINT('Origin',(-11.7499999850988,-17.35,16.7));
#4005=CARTESIAN_POINT('',(-11.3868673182225,-10.35,16.7));
#4006=CARTESIAN_POINT('',(-11.3868673182225,-8.8499999962747,16.7));
#4007=CARTESIAN_POINT('Origin',(-11.7499999850988,-10.35,16.7));
#4008=CARTESIAN_POINT('Origin',(-10.8749999925494,-17.7131326668764,15.993));
#4009=CARTESIAN_POINT('Origin',(-21.7499999850988,-17.7131326668764,15.993));
#4010=CARTESIAN_POINT('Origin',(-11.7499999850988,-17.7131326668764,15.993));
#4011=CARTESIAN_POINT('Ctrl Pts',(-21.7499999850991,-17.7131326668762,16.7));
#4012=CARTESIAN_POINT('Ctrl Pts',(-22.1131326519754,-17.7131326668766,16.6999999999999));
#4013=CARTESIAN_POINT('Ctrl Pts',(-22.1131326519751,-17.3500000000003,16.7));
#4014=CARTESIAN_POINT('Ctrl Pts',(-21.7499999850991,-18.1571811920424,16.7000000000001));
#4015=CARTESIAN_POINT('Ctrl Pts',(-22.557181177142,-18.1571811920432,16.6999999999999));
#4016=CARTESIAN_POINT('Ctrl Pts',(-22.5571811771412,-17.3500000000003,16.7000000000001));
#4017=CARTESIAN_POINT('Ctrl Pts',(-21.749999985099,-18.35,16.3));
#4018=CARTESIAN_POINT('Ctrl Pts',(-22.7499999850997,-18.3500000000009,16.2999999999997));
#4019=CARTESIAN_POINT('Ctrl Pts',(-22.7499999850988,-17.3500000000002,16.3));
#4020=CARTESIAN_POINT('Origin',(-22.1131326519752,-17.35,15.993));
#4021=CARTESIAN_POINT('Ctrl Pts',(-11.3868673182225,-17.3499999999997,16.7));
#4022=CARTESIAN_POINT('Ctrl Pts',(-11.3868673182225,-17.7131326668761,16.7));
#4023=CARTESIAN_POINT('Ctrl Pts',(-11.7499999850989,-17.7131326668761,16.7));
#4024=CARTESIAN_POINT('Ctrl Pts',(-10.9428187930562,-17.3499999999997,16.7));
#4025=CARTESIAN_POINT('Ctrl Pts',(-10.9428187930563,-18.1571811920423,16.7000000000002));
#4026=CARTESIAN_POINT('Ctrl Pts',(-11.7499999850989,-18.1571811920424,16.7000000000002));
#4027=CARTESIAN_POINT('Ctrl Pts',(-10.7499999850987,-17.3499999999998,16.2999999999998));
#4028=CARTESIAN_POINT('Ctrl Pts',(-10.7499999850988,-18.3499999999999,16.3));
#4029=CARTESIAN_POINT('Ctrl Pts',(-11.7499999850989,-18.35,16.3));
#4030=CARTESIAN_POINT('Origin',(-11.3868673182225,-17.35,15.993));
#4031=CARTESIAN_POINT('Origin',(-22.1131326519752,-5.34999999627472,15.993));
#4032=CARTESIAN_POINT('Origin',(-22.1131326519752,-10.35,15.993));
#4033=CARTESIAN_POINT('Origin',(-11.3868673182225,-8.8499999962747,15.993));
#4034=CARTESIAN_POINT('Origin',(-11.3868673182225,-10.35,15.993));
#4035=CARTESIAN_POINT('Ctrl Pts',(-22.1131326519751,-10.3499999999999,16.7));
#4036=CARTESIAN_POINT('Ctrl Pts',(-22.1131326519751,-9.98686733312362,16.6999999999999));
#4037=CARTESIAN_POINT('Ctrl Pts',(-21.7499999850987,-9.98686733312363,16.7));
#4038=CARTESIAN_POINT('Ctrl Pts',(-22.5571811771413,-10.3499999999999,16.7000000000001));
#4039=CARTESIAN_POINT('Ctrl Pts',(-22.5571811771413,-9.54281880795739,16.7));
#4040=CARTESIAN_POINT('Ctrl Pts',(-21.7499999850987,-9.54281880795742,16.7));
#4041=CARTESIAN_POINT('Ctrl Pts',(-22.7499999850988,-10.35,16.3));
#4042=CARTESIAN_POINT('Ctrl Pts',(-22.7499999850989,-9.34999999999988,16.2999999999998));
#4043=CARTESIAN_POINT('Ctrl Pts',(-21.7499999850987,-9.34999999999992,16.2999999999999));
#4044=CARTESIAN_POINT('Origin',(-21.7499999850988,-9.98686733312363,15.993));
#4045=CARTESIAN_POINT('Ctrl Pts',(-11.7499999850989,-9.98686733312383,16.7));
#4046=CARTESIAN_POINT('Ctrl Pts',(-11.3868673182225,-9.98686733312384,16.7));
#4047=CARTESIAN_POINT('Ctrl Pts',(-11.3868673182225,-10.3500000000002,16.6999999999999));
#4048=CARTESIAN_POINT('Ctrl Pts',(-11.7499999850989,-9.54281880795759,16.7000000000001));
#4049=CARTESIAN_POINT('Ctrl Pts',(-10.9428187930563,-9.54281880795762,16.7000000000002));
#4050=CARTESIAN_POINT('Ctrl Pts',(-10.9428187930563,-10.3500000000002,16.7));
#4051=CARTESIAN_POINT('Ctrl Pts',(-11.7499999850989,-9.34999999999999,16.3));
#4052=CARTESIAN_POINT('Ctrl Pts',(-10.7499999850988,-9.35000000000002,16.3));
#4053=CARTESIAN_POINT('Ctrl Pts',(-10.7499999850987,-10.3500000000001,16.2999999999998));
#4054=CARTESIAN_POINT('Origin',(-11.7499999850988,-9.98686733312363,15.993));
#4055=CARTESIAN_POINT('Origin',(-5.87499999254942,-9.98686733312363,15.993));
#4056=CARTESIAN_POINT('Origin',(-16.7499999850988,-24.35,16.7));
#4057=CARTESIAN_POINT('',(-21.7499999850988,-20.4868673331236,16.7));
#4058=CARTESIAN_POINT('',(-11.7499999850988,-20.4868673331236,16.7));
#4059=CARTESIAN_POINT('',(-5.87499999254942,-20.4868673331236,16.7));
#4060=CARTESIAN_POINT('',(-22.1131326519752,-20.85,16.7));
#4061=CARTESIAN_POINT('Origin',(-21.7499999850988,-20.85,16.7));
#4062=CARTESIAN_POINT('',(-22.1131326519752,-27.85,16.7));
#4063=CARTESIAN_POINT('',(-22.1131326519752,-10.5999999962747,16.7));
#4064=CARTESIAN_POINT('',(-21.7499999850988,-28.2131326668764,16.7));
#4065=CARTESIAN_POINT('Origin',(-21.7499999850988,-27.85,16.7));
#4066=CARTESIAN_POINT('',(-11.7499999850988,-28.2131326668764,16.7));
#4067=CARTESIAN_POINT('',(-10.8749999925494,-28.2131326668764,16.7));
#4068=CARTESIAN_POINT('',(-11.3868673182225,-27.85,16.7));
#4069=CARTESIAN_POINT('Origin',(-11.7499999850988,-27.85,16.7));
#4070=CARTESIAN_POINT('',(-11.3868673182225,-20.85,16.7));
#4071=CARTESIAN_POINT('',(-11.3868673182225,-14.0999999962747,16.7));
#4072=CARTESIAN_POINT('Origin',(-11.7499999850988,-20.85,16.7));
#4073=CARTESIAN_POINT('Origin',(-10.8749999925494,-28.2131326668764,15.993));
#4074=CARTESIAN_POINT('Origin',(-21.7499999850988,-28.2131326668764,15.993));
#4075=CARTESIAN_POINT('Origin',(-11.7499999850988,-28.2131326668764,15.993));
#4076=CARTESIAN_POINT('Ctrl Pts',(-21.7499999850993,-28.2131326668762,16.7));
#4077=CARTESIAN_POINT('Ctrl Pts',(-22.1131326519754,-28.2131326668767,16.6999999999999));
#4078=CARTESIAN_POINT('Ctrl Pts',(-22.113132651975,-27.8500000000005,16.7));
#4079=CARTESIAN_POINT('Ctrl Pts',(-21.7499999850993,-28.6571811920425,16.7000000000001));
#4080=CARTESIAN_POINT('Ctrl Pts',(-22.5571811771423,-28.6571811920435,16.6999999999998));
#4081=CARTESIAN_POINT('Ctrl Pts',(-22.5571811771412,-27.8500000000005,16.7000000000002));
#4082=CARTESIAN_POINT('Ctrl Pts',(-21.7499999850991,-28.85,16.2999999999999));
#4083=CARTESIAN_POINT('Ctrl Pts',(-22.7499999851001,-28.8500000000013,16.2999999999996));
#4084=CARTESIAN_POINT('Ctrl Pts',(-22.7499999850988,-27.8500000000003,16.3));
#4085=CARTESIAN_POINT('Origin',(-22.1131326519752,-27.85,15.993));
#4086=CARTESIAN_POINT('Ctrl Pts',(-11.3868673182225,-27.8499999999998,16.7));
#4087=CARTESIAN_POINT('Ctrl Pts',(-11.3868673182225,-28.2131326668761,16.7));
#4088=CARTESIAN_POINT('Ctrl Pts',(-11.7499999850988,-28.2131326668761,16.7));
#4089=CARTESIAN_POINT('Ctrl Pts',(-10.9428187930563,-27.8499999999998,16.7));
#4090=CARTESIAN_POINT('Ctrl Pts',(-10.9428187930563,-28.6571811920423,16.7000000000001));
#4091=CARTESIAN_POINT('Ctrl Pts',(-11.7499999850988,-28.6571811920424,16.7000000000001));
#4092=CARTESIAN_POINT('Ctrl Pts',(-10.7499999850987,-27.8499999999999,16.2999999999998));
#4093=CARTESIAN_POINT('Ctrl Pts',(-10.7499999850988,-28.8499999999999,16.3));
#4094=CARTESIAN_POINT('Ctrl Pts',(-11.7499999850988,-28.85,16.3));
#4095=CARTESIAN_POINT('Origin',(-11.3868673182225,-27.85,15.993));
#4096=CARTESIAN_POINT('Origin',(-22.1131326519752,-10.5999999962747,15.993));
#4097=CARTESIAN_POINT('Origin',(-22.1131326519752,-20.85,15.993));
#4098=CARTESIAN_POINT('Origin',(-11.3868673182225,-14.0999999962747,15.993));
#4099=CARTESIAN_POINT('Origin',(-11.3868673182225,-20.85,15.993));
#4100=CARTESIAN_POINT('Ctrl Pts',(-22.113132651975,-20.8499999999998,16.7));
#4101=CARTESIAN_POINT('Ctrl Pts',(-22.1131326519751,-20.4868673331236,16.6999999999999));
#4102=CARTESIAN_POINT('Ctrl Pts',(-21.7499999850988,-20.4868673331236,16.6999999999999));
#4103=CARTESIAN_POINT('Ctrl Pts',(-22.5571811771412,-20.8499999999998,16.7000000000002));
#4104=CARTESIAN_POINT('Ctrl Pts',(-22.5571811771414,-20.0428188079572,16.7));
#4105=CARTESIAN_POINT('Ctrl Pts',(-21.7499999850988,-20.0428188079574,16.7));
#4106=CARTESIAN_POINT('Ctrl Pts',(-22.7499999850988,-20.85,16.3));
#4107=CARTESIAN_POINT('Ctrl Pts',(-22.749999985099,-19.8499999999997,16.2999999999997));
#4108=CARTESIAN_POINT('Ctrl Pts',(-21.7499999850987,-19.8499999999999,16.2999999999998));
#4109=CARTESIAN_POINT('Origin',(-21.7499999850988,-20.4868673331236,15.993));
#4110=CARTESIAN_POINT('Ctrl Pts',(-11.7499999850987,-20.4868673331239,16.7));
#4111=CARTESIAN_POINT('Ctrl Pts',(-11.3868673182224,-20.4868673331238,16.6999999999999));
#4112=CARTESIAN_POINT('Ctrl Pts',(-11.3868673182225,-20.85,16.6999999999999));
#4113=CARTESIAN_POINT('Ctrl Pts',(-11.7499999850987,-20.0428188079576,16.7000000000002));
#4114=CARTESIAN_POINT('Ctrl Pts',(-10.9428187930561,-20.0428188079574,16.7));
#4115=CARTESIAN_POINT('Ctrl Pts',(-10.9428187930562,-20.85,16.7));
#4116=CARTESIAN_POINT('Ctrl Pts',(-11.7499999850987,-19.85,16.3));
#4117=CARTESIAN_POINT('Ctrl Pts',(-10.7499999850985,-19.8499999999998,16.2999999999998));
#4118=CARTESIAN_POINT('Ctrl Pts',(-10.7499999850987,-20.85,16.2999999999998));
#4119=CARTESIAN_POINT('Origin',(-11.7499999850988,-20.4868673331236,15.993));
#4120=CARTESIAN_POINT('Origin',(-5.87499999254942,-20.4868673331236,15.993));
#4121=CARTESIAN_POINT('Origin',(-1.11022302462516E-15,0.15,16.7));
#4122=CARTESIAN_POINT('',(5.36313266687637,3.65,16.7));
#4123=CARTESIAN_POINT('',(5.36313266687637,-3.35,16.7));
#4124=CARTESIAN_POINT('',(5.36313266687637,-1.84999999627471,16.7));
#4125=CARTESIAN_POINT('',(5.,4.01313266687637,16.7));
#4126=CARTESIAN_POINT('Origin',(5.,3.65,16.7));
#4127=CARTESIAN_POINT('',(-5.,4.01313266687637,16.7));
#4128=CARTESIAN_POINT('',(2.5,4.01313266687637,16.7));
#4129=CARTESIAN_POINT('',(-5.36313266687638,3.65,16.7));
#4130=CARTESIAN_POINT('Origin',(-5.,3.65,16.7));
#4131=CARTESIAN_POINT('',(-5.36313266687638,-3.35,16.7));
#4132=CARTESIAN_POINT('',(-5.36313266687638,1.65000000372529,16.7));
#4133=CARTESIAN_POINT('',(-5.,-3.71313266687637,16.7));
#4134=CARTESIAN_POINT('Origin',(-5.,-3.35,16.7));
#4135=CARTESIAN_POINT('',(5.,-3.71313266687638,16.7));
#4136=CARTESIAN_POINT('',(-2.5,-3.71313266687637,16.7));
#4137=CARTESIAN_POINT('Origin',(5.,-3.35,16.7));
#4138=CARTESIAN_POINT('Origin',(-5.36313266687638,1.65000000372529,15.993));
#4139=CARTESIAN_POINT('Origin',(-5.36313266687638,3.65,15.993));
#4140=CARTESIAN_POINT('Origin',(-5.36313266687638,-3.35,15.993));
#4141=CARTESIAN_POINT('Ctrl Pts',(-5.36313266687636,3.65000000000002,16.7));
#4142=CARTESIAN_POINT('Ctrl Pts',(-5.36313266687637,4.01313266687638,16.7));
#4143=CARTESIAN_POINT('Ctrl Pts',(-5.,4.01313266687637,16.7));
#4144=CARTESIAN_POINT('Ctrl Pts',(-5.80718119204245,3.65000000000002,16.7));
#4145=CARTESIAN_POINT('Ctrl Pts',(-5.80718119204247,4.45718119204249,16.7));
#4146=CARTESIAN_POINT('Ctrl Pts',(-5.,4.45718119204246,16.7));
#4147=CARTESIAN_POINT('Ctrl Pts',(-6.00000000000001,3.65,16.3));
#4148=CARTESIAN_POINT('Ctrl Pts',(-6.00000000000003,4.65000000000004,16.3));
#4149=CARTESIAN_POINT('Ctrl Pts',(-4.99999999999999,4.65000000000002,16.3));
#4150=CARTESIAN_POINT('Origin',(-5.,4.01313266687637,15.993));
#4151=CARTESIAN_POINT('Ctrl Pts',(-5.00000000000002,-3.71313266687637,16.7));
#4152=CARTESIAN_POINT('Ctrl Pts',(-5.36313266687638,-3.71313266687639,16.7));
#4153=CARTESIAN_POINT('Ctrl Pts',(-5.36313266687636,-3.35000000000003,16.7));
#4154=CARTESIAN_POINT('Ctrl Pts',(-5.00000000000002,-4.15718119204245,16.7));
#4155=CARTESIAN_POINT('Ctrl Pts',(-5.80718119204249,-4.1571811920425,16.7));
#4156=CARTESIAN_POINT('Ctrl Pts',(-5.80718119204244,-3.35000000000003,16.7));
#4157=CARTESIAN_POINT('Ctrl Pts',(-5.00000000000002,-4.35,16.3));
#4158=CARTESIAN_POINT('Ctrl Pts',(-6.00000000000005,-4.35000000000006,16.3));
#4159=CARTESIAN_POINT('Ctrl Pts',(-6.,-3.35000000000002,16.3));
#4160=CARTESIAN_POINT('Origin',(-5.,-3.71313266687637,15.993));
#4161=CARTESIAN_POINT('Origin',(2.5,4.01313266687637,15.993));
#4162=CARTESIAN_POINT('Origin',(5.,4.01313266687637,15.993));
#4163=CARTESIAN_POINT('Origin',(-2.5,-3.71313266687637,15.993));
#4164=CARTESIAN_POINT('Origin',(5.,-3.71313266687638,15.993));
#4165=CARTESIAN_POINT('Ctrl Pts',(5.00000000000009,4.01313266687634,16.7));
#4166=CARTESIAN_POINT('Ctrl Pts',(5.36313266687642,4.01313266687644,16.7));
#4167=CARTESIAN_POINT('Ctrl Pts',(5.36313266687632,3.65000000000011,16.7));
#4168=CARTESIAN_POINT('Ctrl Pts',(5.00000000000009,4.45718119204245,16.7));
#4169=CARTESIAN_POINT('Ctrl Pts',(5.80718119204266,4.45718119204267,16.7));
#4170=CARTESIAN_POINT('Ctrl Pts',(5.80718119204244,3.65000000000011,16.7));
#4171=CARTESIAN_POINT('Ctrl Pts',(5.00000000000007,4.65,16.3));
#4172=CARTESIAN_POINT('Ctrl Pts',(6.00000000000027,4.65000000000028,16.2999999999999));
#4173=CARTESIAN_POINT('Ctrl Pts',(6.,3.65000000000008,16.3));
#4174=CARTESIAN_POINT('Origin',(5.36313266687637,3.65,15.993));
#4175=CARTESIAN_POINT('Ctrl Pts',(5.36313266687637,-3.34999999999994,16.7));
#4176=CARTESIAN_POINT('Ctrl Pts',(5.36313266687635,-3.71313266687635,16.7));
#4177=CARTESIAN_POINT('Ctrl Pts',(4.99999999999994,-3.71313266687637,16.7));
#4178=CARTESIAN_POINT('Ctrl Pts',(5.80718119204246,-3.34999999999994,16.7));
#4179=CARTESIAN_POINT('Ctrl Pts',(5.80718119204241,-4.15718119204242,16.7));
#4180=CARTESIAN_POINT('Ctrl Pts',(4.99999999999994,-4.15718119204246,16.7));
#4181=CARTESIAN_POINT('Ctrl Pts',(6.00000000000001,-3.34999999999994,16.3));
#4182=CARTESIAN_POINT('Ctrl Pts',(5.99999999999995,-4.34999999999996,16.3));
#4183=CARTESIAN_POINT('Ctrl Pts',(4.99999999999994,-4.35000000000002,16.3));
#4184=CARTESIAN_POINT('Origin',(5.36313266687637,-3.35,15.993));
#4185=CARTESIAN_POINT('Origin',(5.36313266687637,-1.84999999627471,15.993));
#4186=CARTESIAN_POINT('Origin',(1.11022302462516E-15,-13.85,16.7));
#4187=CARTESIAN_POINT('',(-5.,-9.98686733312363,16.7));
#4188=CARTESIAN_POINT('',(5.,-9.98686733312363,16.7));
#4189=CARTESIAN_POINT('',(2.5,-9.98686733312363,16.7));
#4190=CARTESIAN_POINT('',(-5.36313266687637,-10.35,16.7));
#4191=CARTESIAN_POINT('Origin',(-5.,-10.35,16.7));
#4192=CARTESIAN_POINT('',(-5.36313266687637,-17.35,16.7));
#4193=CARTESIAN_POINT('',(-5.36313266687637,-5.34999999627471,16.7));
#4194=CARTESIAN_POINT('',(-5.,-17.7131326668764,16.7));
#4195=CARTESIAN_POINT('Origin',(-5.,-17.35,16.7));
#4196=CARTESIAN_POINT('',(5.,-17.7131326668764,16.7));
#4197=CARTESIAN_POINT('',(-2.5,-17.7131326668764,16.7));
#4198=CARTESIAN_POINT('',(5.36313266687638,-17.35,16.7));
#4199=CARTESIAN_POINT('Origin',(5.,-17.35,16.7));
#4200=CARTESIAN_POINT('',(5.36313266687638,-10.35,16.7));
#4201=CARTESIAN_POINT('',(5.36313266687638,-8.84999999627471,16.7));
#4202=CARTESIAN_POINT('Origin',(5.,-10.35,16.7));
#4203=CARTESIAN_POINT('Origin',(-2.5,-17.7131326668764,15.993));
#4204=CARTESIAN_POINT('Origin',(-5.,-17.7131326668764,15.993));
#4205=CARTESIAN_POINT('Origin',(5.,-17.7131326668764,15.993));
#4206=CARTESIAN_POINT('Ctrl Pts',(-5.00000000000004,-17.7131326668763,16.7));
#4207=CARTESIAN_POINT('Ctrl Pts',(-5.36313266687638,-17.7131326668763,16.7));
#4208=CARTESIAN_POINT('Ctrl Pts',(-5.36313266687637,-17.35,16.7));
#4209=CARTESIAN_POINT('Ctrl Pts',(-5.00000000000004,-18.1571811920425,16.7000000000001));
#4210=CARTESIAN_POINT('Ctrl Pts',(-5.80718119204256,-18.1571811920425,16.7));
#4211=CARTESIAN_POINT('Ctrl Pts',(-5.80718119204253,-17.35,16.7));
#4212=CARTESIAN_POINT('Ctrl Pts',(-5.,-18.35,16.3));
#4213=CARTESIAN_POINT('Ctrl Pts',(-6.00000000000008,-18.35,16.2999999999999));
#4214=CARTESIAN_POINT('Ctrl Pts',(-6.00000000000005,-17.35,16.2999999999999));
#4215=CARTESIAN_POINT('Origin',(-5.36313266687637,-17.35,15.993));
#4216=CARTESIAN_POINT('Ctrl Pts',(5.36313266687637,-17.3499999999999,16.7));
#4217=CARTESIAN_POINT('Ctrl Pts',(5.36313266687635,-17.7131326668763,16.7));
#4218=CARTESIAN_POINT('Ctrl Pts',(4.99999999999996,-17.7131326668763,16.7));
#4219=CARTESIAN_POINT('Ctrl Pts',(5.8071811920425,-17.3499999999999,16.7));
#4220=CARTESIAN_POINT('Ctrl Pts',(5.80718119204245,-18.1571811920424,16.7));
#4221=CARTESIAN_POINT('Ctrl Pts',(4.99999999999996,-18.1571811920425,16.7000000000001));
#4222=CARTESIAN_POINT('Ctrl Pts',(6.00000000000004,-17.3499999999999,16.2999999999999));
#4223=CARTESIAN_POINT('Ctrl Pts',(5.99999999999998,-18.35,16.3));
#4224=CARTESIAN_POINT('Ctrl Pts',(4.99999999999995,-18.35,16.3));
#4225=CARTESIAN_POINT('Origin',(5.36313266687638,-17.35,15.993));
#4226=CARTESIAN_POINT('Origin',(-5.36313266687637,-5.34999999627471,15.993));
#4227=CARTESIAN_POINT('Origin',(-5.36313266687637,-10.35,15.993));
#4228=CARTESIAN_POINT('Origin',(5.36313266687638,-8.84999999627471,15.993));
#4229=CARTESIAN_POINT('Origin',(5.36313266687638,-10.35,15.993));
#4230=CARTESIAN_POINT('Ctrl Pts',(-5.36313266687637,-10.35,16.7));
#4231=CARTESIAN_POINT('Ctrl Pts',(-5.36313266687638,-9.98686733312364,16.7));
#4232=CARTESIAN_POINT('Ctrl Pts',(-5.00000000000002,-9.98686733312365,16.7));
#4233=CARTESIAN_POINT('Ctrl Pts',(-5.80718119204247,-10.35,16.7));
#4234=CARTESIAN_POINT('Ctrl Pts',(-5.80718119204249,-9.54281880795752,16.7));
#4235=CARTESIAN_POINT('Ctrl Pts',(-5.00000000000002,-9.54281880795754,16.7));
#4236=CARTESIAN_POINT('Ctrl Pts',(-6.00000000000001,-10.35,16.3));
#4237=CARTESIAN_POINT('Ctrl Pts',(-6.00000000000004,-9.34999999999997,16.3));
#4238=CARTESIAN_POINT('Ctrl Pts',(-5.00000000000001,-9.35,16.3));
#4239=CARTESIAN_POINT('Origin',(-5.,-9.98686733312363,15.993));
#4240=CARTESIAN_POINT('Ctrl Pts',(5.00000000000006,-9.98686733312365,16.7));
#4241=CARTESIAN_POINT('Ctrl Pts',(5.3631326668764,-9.98686733312357,16.7));
#4242=CARTESIAN_POINT('Ctrl Pts',(5.36313266687632,-10.3499999999999,16.7));
#4243=CARTESIAN_POINT('Ctrl Pts',(5.00000000000006,-9.54281880795752,16.7));
#4244=CARTESIAN_POINT('Ctrl Pts',(5.80718119204262,-9.54281880795734,16.7));
#4245=CARTESIAN_POINT('Ctrl Pts',(5.80718119204244,-10.3499999999999,16.7));
#4246=CARTESIAN_POINT('Ctrl Pts',(5.00000000000003,-9.34999999999998,16.3));
#4247=CARTESIAN_POINT('Ctrl Pts',(6.00000000000022,-9.34999999999976,16.2999999999999));
#4248=CARTESIAN_POINT('Ctrl Pts',(6.,-10.3499999999999,16.3));
#4249=CARTESIAN_POINT('Origin',(5.,-9.98686733312363,15.993));
#4250=CARTESIAN_POINT('Origin',(2.5,-9.98686733312363,15.993));
#4251=CARTESIAN_POINT('Origin',(2.22044604925031E-15,-24.35,16.7));
#4252=CARTESIAN_POINT('',(-5.,-20.4868673331236,16.7));
#4253=CARTESIAN_POINT('',(5.,-20.4868673331236,16.7));
#4254=CARTESIAN_POINT('',(2.5,-20.4868673331236,16.7));
#4255=CARTESIAN_POINT('',(-5.36313266687637,-20.85,16.7));
#4256=CARTESIAN_POINT('Origin',(-5.,-20.85,16.7));
#4257=CARTESIAN_POINT('',(-5.36313266687637,-27.85,16.7));
#4258=CARTESIAN_POINT('',(-5.36313266687637,-10.5999999962747,16.7));
#4259=CARTESIAN_POINT('',(-5.,-28.2131326668764,16.7));
#4260=CARTESIAN_POINT('Origin',(-5.,-27.85,16.7));
#4261=CARTESIAN_POINT('',(5.,-28.2131326668764,16.7));
#4262=CARTESIAN_POINT('',(-2.5,-28.2131326668764,16.7));
#4263=CARTESIAN_POINT('',(5.36313266687638,-27.85,16.7));
#4264=CARTESIAN_POINT('Origin',(5.,-27.85,16.7));
#4265=CARTESIAN_POINT('',(5.36313266687637,-20.85,16.7));
#4266=CARTESIAN_POINT('',(5.36313266687638,-14.0999999962747,16.7));
#4267=CARTESIAN_POINT('Origin',(5.,-20.85,16.7));
#4268=CARTESIAN_POINT('Origin',(-2.5,-28.2131326668764,15.993));
#4269=CARTESIAN_POINT('Origin',(-5.,-28.2131326668764,15.993));
#4270=CARTESIAN_POINT('Origin',(5.,-28.2131326668764,15.993));
#4271=CARTESIAN_POINT('Ctrl Pts',(-4.99999999999993,-28.2131326668763,16.7));
#4272=CARTESIAN_POINT('Ctrl Pts',(-5.36313266687634,-28.2131326668762,16.7));
#4273=CARTESIAN_POINT('Ctrl Pts',(-5.36313266687637,-27.8499999999998,16.7));
#4274=CARTESIAN_POINT('Ctrl Pts',(-4.99999999999993,-28.6571811920425,16.7000000000001));
#4275=CARTESIAN_POINT('Ctrl Pts',(-5.80718119204246,-28.6571811920424,16.7000000000001));
#4276=CARTESIAN_POINT('Ctrl Pts',(-5.80718119204254,-27.8499999999998,16.7));
#4277=CARTESIAN_POINT('Ctrl Pts',(-4.99999999999992,-28.85,16.3));
#4278=CARTESIAN_POINT('Ctrl Pts',(-5.99999999999996,-28.8499999999999,16.3));
#4279=CARTESIAN_POINT('Ctrl Pts',(-6.00000000000006,-27.8499999999999,16.2999999999999));
#4280=CARTESIAN_POINT('Origin',(-5.36313266687637,-27.85,15.993));
#4281=CARTESIAN_POINT('Ctrl Pts',(5.36313266687637,-27.85,16.7));
#4282=CARTESIAN_POINT('Ctrl Pts',(5.3631326668764,-28.2131326668764,16.7));
#4283=CARTESIAN_POINT('Ctrl Pts',(5.00000000000007,-28.2131326668763,16.7));
#4284=CARTESIAN_POINT('Ctrl Pts',(5.8071811920425,-27.85,16.7));
#4285=CARTESIAN_POINT('Ctrl Pts',(5.80718119204258,-28.6571811920425,16.6999999999999));
#4286=CARTESIAN_POINT('Ctrl Pts',(5.00000000000007,-28.6571811920425,16.7000000000001));
#4287=CARTESIAN_POINT('Ctrl Pts',(6.00000000000004,-27.85,16.2999999999999));
#4288=CARTESIAN_POINT('Ctrl Pts',(6.00000000000013,-28.8500000000001,16.2999999999999));
#4289=CARTESIAN_POINT('Ctrl Pts',(5.,-28.85,16.3));
#4290=CARTESIAN_POINT('Origin',(5.36313266687638,-27.85,15.993));
#4291=CARTESIAN_POINT('Origin',(-5.36313266687637,-10.5999999962747,15.993));
#4292=CARTESIAN_POINT('Origin',(-5.36313266687637,-20.85,15.993));
#4293=CARTESIAN_POINT('Origin',(5.36313266687638,-14.0999999962747,15.993));
#4294=CARTESIAN_POINT('Origin',(5.36313266687638,-20.85,15.993));
#4295=CARTESIAN_POINT('Ctrl Pts',(-5.36313266687631,-20.8499999999999,16.7));
#4296=CARTESIAN_POINT('Ctrl Pts',(-5.36313266687636,-20.4868673331236,16.7));
#4297=CARTESIAN_POINT('Ctrl Pts',(-5.00000000000002,-20.4868673331236,16.7));
#4298=CARTESIAN_POINT('Ctrl Pts',(-5.80718119204243,-20.8499999999999,16.7));
#4299=CARTESIAN_POINT('Ctrl Pts',(-5.80718119204254,-20.0428188079574,16.7));
#4300=CARTESIAN_POINT('Ctrl Pts',(-5.00000000000002,-20.0428188079575,16.7));
#4301=CARTESIAN_POINT('Ctrl Pts',(-6.,-20.85,16.3));
#4302=CARTESIAN_POINT('Ctrl Pts',(-6.00000000000014,-19.8499999999998,16.2999999999999));
#4303=CARTESIAN_POINT('Ctrl Pts',(-5.00000000000001,-19.85,16.2999999999999));
#4304=CARTESIAN_POINT('Origin',(-5.,-20.4868673331236,15.993));
#4305=CARTESIAN_POINT('Ctrl Pts',(4.99999999999987,-20.4868673331236,16.7));
#4306=CARTESIAN_POINT('Ctrl Pts',(5.36313266687629,-20.4868673331236,16.7000000000001));
#4307=CARTESIAN_POINT('Ctrl Pts',(5.36313266687628,-20.85,16.7));
#4308=CARTESIAN_POINT('Ctrl Pts',(4.99999999999987,-20.0428188079575,16.6999999999999));
#4309=CARTESIAN_POINT('Ctrl Pts',(5.80718119204245,-20.0428188079575,16.7000000000002));
#4310=CARTESIAN_POINT('Ctrl Pts',(5.80718119204243,-20.85,16.7));
#4311=CARTESIAN_POINT('Ctrl Pts',(4.99999999999999,-19.85,16.2999999999999));
#4312=CARTESIAN_POINT('Ctrl Pts',(6.00000000000001,-19.8499999999999,16.3000000000002));
#4313=CARTESIAN_POINT('Ctrl Pts',(5.99999999999999,-20.85,16.2999999999999));
#4314=CARTESIAN_POINT('Origin',(5.,-20.4868673331236,15.993));
#4315=CARTESIAN_POINT('Origin',(2.5,-20.4868673331236,15.993));
#4316=CARTESIAN_POINT('Origin',(16.7499999850988,-13.85,16.7));
#4317=CARTESIAN_POINT('',(11.3868673182225,-17.35,16.7));
#4318=CARTESIAN_POINT('',(11.3868673182225,-10.35,16.7));
#4319=CARTESIAN_POINT('',(11.3868673182225,-5.34999999627471,16.7));
#4320=CARTESIAN_POINT('',(11.7499999850988,-17.7131326668764,16.7));
#4321=CARTESIAN_POINT('Origin',(11.7499999850988,-17.35,16.7));
#4322=CARTESIAN_POINT('',(21.7499999850988,-17.7131326668764,16.7));
#4323=CARTESIAN_POINT('',(5.87499999254942,-17.7131326668764,16.7));
#4324=CARTESIAN_POINT('',(22.1131326519752,-17.35,16.7));
#4325=CARTESIAN_POINT('Origin',(21.7499999850988,-17.35,16.7));
#4326=CARTESIAN_POINT('',(22.1131326519752,-10.35,16.7));
#4327=CARTESIAN_POINT('',(22.1131326519752,-8.84999999627471,16.7));
#4328=CARTESIAN_POINT('',(21.7499999850988,-9.98686733312363,16.7));
#4329=CARTESIAN_POINT('Origin',(21.7499999850988,-10.35,16.7));
#4330=CARTESIAN_POINT('',(11.7499999850988,-9.98686733312363,16.7));
#4331=CARTESIAN_POINT('',(10.8749999925494,-9.98686733312363,16.7));
#4332=CARTESIAN_POINT('Origin',(11.7499999850988,-10.35,16.7));
#4333=CARTESIAN_POINT('Origin',(22.1131326519752,-8.84999999627471,15.993));
#4334=CARTESIAN_POINT('Origin',(22.1131326519752,-17.35,15.993));
#4335=CARTESIAN_POINT('Origin',(22.1131326519752,-10.35,15.993));
#4336=CARTESIAN_POINT('Ctrl Pts',(22.1131326519751,-17.35,16.7));
#4337=CARTESIAN_POINT('Ctrl Pts',(22.1131326519752,-17.7131326668764,16.6999999999999));
#4338=CARTESIAN_POINT('Ctrl Pts',(21.7499999850988,-17.7131326668764,16.7));
#4339=CARTESIAN_POINT('Ctrl Pts',(22.5571811771413,-17.35,16.7000000000001));
#4340=CARTESIAN_POINT('Ctrl Pts',(22.5571811771413,-18.1571811920425,16.7));
#4341=CARTESIAN_POINT('Ctrl Pts',(21.7499999850988,-18.1571811920425,16.7000000000001));
#4342=CARTESIAN_POINT('Ctrl Pts',(22.7499999850988,-17.35,16.3));
#4343=CARTESIAN_POINT('Ctrl Pts',(22.7499999850989,-18.3500000000001,16.2999999999999));
#4344=CARTESIAN_POINT('Ctrl Pts',(21.7499999850988,-18.35,16.3));
#4345=CARTESIAN_POINT('Origin',(21.7499999850989,-17.7131326668764,15.993));
#4346=CARTESIAN_POINT('Ctrl Pts',(21.7499999850989,-9.98686733312364,16.7));
#4347=CARTESIAN_POINT('Ctrl Pts',(22.1131326519752,-9.9868673331235,16.7));
#4348=CARTESIAN_POINT('Ctrl Pts',(22.1131326519751,-10.3499999999998,16.7));
#4349=CARTESIAN_POINT('Ctrl Pts',(21.7499999850989,-9.54281880795746,16.7));
#4350=CARTESIAN_POINT('Ctrl Pts',(22.5571811771416,-9.54281880795713,16.6999999999999));
#4351=CARTESIAN_POINT('Ctrl Pts',(22.5571811771412,-10.3499999999998,16.7000000000001));
#4352=CARTESIAN_POINT('Ctrl Pts',(21.7499999850989,-9.34999999999994,16.2999999999999));
#4353=CARTESIAN_POINT('Ctrl Pts',(22.7499999850992,-9.34999999999954,16.2999999999998));
#4354=CARTESIAN_POINT('Ctrl Pts',(22.7499999850988,-10.3499999999999,16.3));
#4355=CARTESIAN_POINT('Origin',(21.7499999850988,-9.98686733312363,15.993));
#4356=CARTESIAN_POINT('Origin',(5.87499999254942,-17.7131326668764,15.993));
#4357=CARTESIAN_POINT('Origin',(11.7499999850988,-17.7131326668764,15.993));
#4358=CARTESIAN_POINT('Origin',(10.8749999925494,-9.98686733312363,15.993));
#4359=CARTESIAN_POINT('Origin',(11.7499999850988,-9.98686733312363,15.993));
#4360=CARTESIAN_POINT('Ctrl Pts',(11.749999985099,-17.7131326668762,16.7));
#4361=CARTESIAN_POINT('Ctrl Pts',(11.3868673182226,-17.7131326668761,16.7));
#4362=CARTESIAN_POINT('Ctrl Pts',(11.3868673182225,-17.3499999999997,16.6999999999999));
#4363=CARTESIAN_POINT('Ctrl Pts',(11.749999985099,-18.1571811920424,16.7000000000001));
#4364=CARTESIAN_POINT('Ctrl Pts',(10.9428187930564,-18.1571811920423,16.7000000000002));
#4365=CARTESIAN_POINT('Ctrl Pts',(10.9428187930563,-17.3499999999997,16.7));
#4366=CARTESIAN_POINT('Ctrl Pts',(11.7499999850989,-18.35,16.3));
#4367=CARTESIAN_POINT('Ctrl Pts',(10.7499999850989,-18.3499999999998,16.3));
#4368=CARTESIAN_POINT('Ctrl Pts',(10.7499999850987,-17.3499999999998,16.2999999999998));
#4369=CARTESIAN_POINT('Origin',(11.3868673182225,-17.35,15.993));
#4370=CARTESIAN_POINT('Ctrl Pts',(11.3868673182225,-10.35,16.7));
#4371=CARTESIAN_POINT('Ctrl Pts',(11.3868673182225,-9.98686733312377,16.7));
#4372=CARTESIAN_POINT('Ctrl Pts',(11.7499999850988,-9.98686733312379,16.7));
#4373=CARTESIAN_POINT('Ctrl Pts',(10.9428187930563,-10.35,16.7));
#4374=CARTESIAN_POINT('Ctrl Pts',(10.9428187930563,-9.54281880795758,16.7));
#4375=CARTESIAN_POINT('Ctrl Pts',(11.7499999850988,-9.54281880795761,16.7000000000001));
#4376=CARTESIAN_POINT('Ctrl Pts',(10.7499999850987,-10.35,16.2999999999999));
#4377=CARTESIAN_POINT('Ctrl Pts',(10.7499999850987,-9.34999999999994,16.2999999999999));
#4378=CARTESIAN_POINT('Ctrl Pts',(11.7499999850988,-9.34999999999999,16.3));
#4379=CARTESIAN_POINT('Origin',(11.3868673182225,-10.35,15.993));
#4380=CARTESIAN_POINT('Origin',(11.3868673182225,-5.34999999627471,15.993));
#4381=CARTESIAN_POINT('Origin',(16.7499999850988,-24.35,16.7));
#4382=CARTESIAN_POINT('',(11.3868673182225,-27.85,16.7));
#4383=CARTESIAN_POINT('',(11.3868673182225,-20.85,16.7));
#4384=CARTESIAN_POINT('',(11.3868673182225,-10.5999999962747,16.7));
#4385=CARTESIAN_POINT('',(11.7499999850988,-28.2131326668764,16.7));
#4386=CARTESIAN_POINT('Origin',(11.7499999850988,-27.85,16.7));
#4387=CARTESIAN_POINT('',(21.7499999850988,-28.2131326668764,16.7));
#4388=CARTESIAN_POINT('',(5.87499999254942,-28.2131326668764,16.7));
#4389=CARTESIAN_POINT('',(22.1131326519752,-27.85,16.7));
#4390=CARTESIAN_POINT('Origin',(21.7499999850988,-27.85,16.7));
#4391=CARTESIAN_POINT('',(22.1131326519752,-20.85,16.7));
#4392=CARTESIAN_POINT('',(22.1131326519752,-14.0999999962747,16.7));
#4393=CARTESIAN_POINT('',(21.7499999850988,-20.4868673331236,16.7));
#4394=CARTESIAN_POINT('Origin',(21.7499999850988,-20.85,16.7));
#4395=CARTESIAN_POINT('',(11.7499999850988,-20.4868673331236,16.7));
#4396=CARTESIAN_POINT('',(10.8749999925494,-20.4868673331236,16.7));
#4397=CARTESIAN_POINT('Origin',(11.7499999850988,-20.85,16.7));
#4398=CARTESIAN_POINT('Origin',(22.1131326519752,-14.0999999962747,15.993));
#4399=CARTESIAN_POINT('Origin',(22.1131326519752,-27.85,15.993));
#4400=CARTESIAN_POINT('Origin',(22.1131326519752,-20.85,15.993));
#4401=CARTESIAN_POINT('Ctrl Pts',(22.113132651975,-27.85,16.7));
#4402=CARTESIAN_POINT('Ctrl Pts',(22.113132651975,-28.2131326668764,16.7));
#4403=CARTESIAN_POINT('Ctrl Pts',(21.7499999850987,-28.2131326668764,16.7));
#4404=CARTESIAN_POINT('Ctrl Pts',(22.5571811771413,-27.85,16.7000000000002));
#4405=CARTESIAN_POINT('Ctrl Pts',(22.5571811771412,-28.6571811920426,16.7000000000001));
#4406=CARTESIAN_POINT('Ctrl Pts',(21.7499999850987,-28.6571811920426,16.7000000000001));
#4407=CARTESIAN_POINT('Ctrl Pts',(22.7499999850988,-27.85,16.3));
#4408=CARTESIAN_POINT('Ctrl Pts',(22.7499999850987,-28.85,16.2999999999999));
#4409=CARTESIAN_POINT('Ctrl Pts',(21.7499999850987,-28.8500000000001,16.2999999999999));
#4410=CARTESIAN_POINT('Origin',(21.7499999850988,-28.2131326668764,15.993));
#4411=CARTESIAN_POINT('Ctrl Pts',(21.7499999850991,-20.4868673331237,16.7));
#4412=CARTESIAN_POINT('Ctrl Pts',(22.1131326519754,-20.4868673331234,16.6999999999999));
#4413=CARTESIAN_POINT('Ctrl Pts',(22.1131326519751,-20.8499999999997,16.7));
#4414=CARTESIAN_POINT('Ctrl Pts',(21.7499999850991,-20.0428188079575,16.7000000000001));
#4415=CARTESIAN_POINT('Ctrl Pts',(22.5571811771419,-20.0428188079569,16.6999999999999));
#4416=CARTESIAN_POINT('Ctrl Pts',(22.5571811771413,-20.8499999999997,16.7000000000001));
#4417=CARTESIAN_POINT('Ctrl Pts',(21.749999985099,-19.85,16.3));
#4418=CARTESIAN_POINT('Ctrl Pts',(22.7499999850996,-19.8499999999992,16.2999999999997));
#4419=CARTESIAN_POINT('Ctrl Pts',(22.7499999850988,-20.8499999999998,16.3));
#4420=CARTESIAN_POINT('Origin',(21.7499999850988,-20.4868673331236,15.993));
#4421=CARTESIAN_POINT('Origin',(5.87499999254942,-28.2131326668764,15.993));
#4422=CARTESIAN_POINT('Origin',(11.7499999850988,-28.2131326668764,15.993));
#4423=CARTESIAN_POINT('Origin',(10.8749999925494,-20.4868673331236,15.993));
#4424=CARTESIAN_POINT('Origin',(11.7499999850988,-20.4868673331236,15.993));
#4425=CARTESIAN_POINT('Ctrl Pts',(11.7499999850988,-28.2131326668762,16.7));
#4426=CARTESIAN_POINT('Ctrl Pts',(11.3868673182225,-28.2131326668762,16.7));
#4427=CARTESIAN_POINT('Ctrl Pts',(11.3868673182225,-27.8499999999999,16.7));
#4428=CARTESIAN_POINT('Ctrl Pts',(11.7499999850988,-28.6571811920424,16.7000000000002));
#4429=CARTESIAN_POINT('Ctrl Pts',(10.9428187930563,-28.6571811920424,16.7));
#4430=CARTESIAN_POINT('Ctrl Pts',(10.9428187930563,-27.8499999999999,16.7000000000001));
#4431=CARTESIAN_POINT('Ctrl Pts',(11.7499999850988,-28.85,16.3));
#4432=CARTESIAN_POINT('Ctrl Pts',(10.7499999850987,-28.85,16.2999999999998));
#4433=CARTESIAN_POINT('Ctrl Pts',(10.7499999850987,-27.8499999999999,16.2999999999999));
#4434=CARTESIAN_POINT('Origin',(11.3868673182225,-27.85,15.993));
#4435=CARTESIAN_POINT('Ctrl Pts',(11.3868673182225,-20.8499999999999,16.7));
#4436=CARTESIAN_POINT('Ctrl Pts',(11.3868673182223,-20.4868673331237,16.7));
#4437=CARTESIAN_POINT('Ctrl Pts',(11.7499999850986,-20.4868673331239,16.7000000000001));
#4438=CARTESIAN_POINT('Ctrl Pts',(10.9428187930563,-20.8499999999999,16.7));
#4439=CARTESIAN_POINT('Ctrl Pts',(10.9428187930559,-20.0428188079572,16.6999999999999));
#4440=CARTESIAN_POINT('Ctrl Pts',(11.7499999850986,-20.0428188079576,16.7000000000002));
#4441=CARTESIAN_POINT('Ctrl Pts',(10.7499999850987,-20.8499999999999,16.2999999999998));
#4442=CARTESIAN_POINT('Ctrl Pts',(10.7499999850983,-19.8499999999995,16.2999999999997));
#4443=CARTESIAN_POINT('Ctrl Pts',(11.7499999850987,-19.85,16.3));
#4444=CARTESIAN_POINT('Origin',(11.3868673182225,-20.85,15.993));
#4445=CARTESIAN_POINT('Origin',(11.3868673182225,-10.5999999962747,15.993));
#4446=CARTESIAN_POINT('Origin',(16.7499999850988,-0.349999992549415,27.8));
#4447=CARTESIAN_POINT('',(12.7136329779443,-0.349999992549415,27.83935124271));
#4448=CARTESIAN_POINT('',(20.7863669922533,-0.349999992549415,27.83935124271));
#4449=CARTESIAN_POINT('Origin',(16.7499999850988,-0.349999992549415,27.83935124271));
#4450=CARTESIAN_POINT('',(20.2879179179265,-0.349999992549415,28.3));
#4451=CARTESIAN_POINT('Origin',(20.2879179179265,-0.349999992549415,27.8));
#4452=CARTESIAN_POINT('Origin',(16.7499999850988,-0.349999992549415,28.3));
#4453=CARTESIAN_POINT('Origin',(16.7499999850988,-0.349999992549415,27.83935124271));
#4454=CARTESIAN_POINT('Origin',(16.7499999850988,-0.349999992549415,18.8));
#4455=CARTESIAN_POINT('',(11.9999999850988,-0.349999992549414,18.8));
#4456=CARTESIAN_POINT('Origin',(16.7499999850988,-0.349999992549415,18.8));
#4457=CARTESIAN_POINT('',(11.9999999850988,-0.349999992549414,18.8));
#4458=CARTESIAN_POINT('Origin',(16.7499999850988,-0.349999992549415,18.55));
#4459=CARTESIAN_POINT('',(11.2226260705547,-0.349999992549416,18.5810086836473));
#4460=CARTESIAN_POINT('',(22.2773738996429,-0.349999992549416,18.5810086836473));
#4461=CARTESIAN_POINT('Origin',(16.7499999850988,-0.349999992549415,18.5810086836473));
#4462=CARTESIAN_POINT('',(22.0293044304645,-0.349999992549416,18.8));
#4463=CARTESIAN_POINT('Origin',(22.0293044304645,-0.349999992549416,18.55));
#4464=CARTESIAN_POINT('Origin',(16.7499999850988,-0.349999992549415,18.8));
#4465=CARTESIAN_POINT('Origin',(16.7499999850988,-0.349999992549415,18.5810086836473));
#4466=CARTESIAN_POINT('Origin',(16.7499999850988,-0.349999992549415,16.8));
#4467=CARTESIAN_POINT('',(10.9999999850988,-0.349999992549414,16.8));
#4468=CARTESIAN_POINT('Origin',(16.7499999850988,-0.349999992549415,16.8));
#4469=CARTESIAN_POINT('',(10.9999999850988,-0.349999992549414,16.8));
#4470=CARTESIAN_POINT('Origin',(16.7499999850988,-0.349999992549415,16.3));
#4471=CARTESIAN_POINT('',(19.7499999850988,-0.349999992549415,16.8));
#4472=CARTESIAN_POINT('Origin',(16.7499999850988,-0.349999992549415,16.8));
#4473=CARTESIAN_POINT('',(19.7499999850988,-0.349999992549415,16.3));
#4474=CARTESIAN_POINT('',(19.7499999850988,-0.349999992549415,16.3));
#4475=CARTESIAN_POINT('Origin',(16.7499999850988,-0.349999992549415,16.3));
#4476=CARTESIAN_POINT('Origin',(16.7499999850988,-0.349999992549415,16.3));
#4477=CARTESIAN_POINT('Origin',(16.7499999850988,-0.349999992549415,16.8));
#4478=CARTESIAN_POINT('Origin',(16.7499999850988,-0.349999992549415,18.8));
#4479=CARTESIAN_POINT('Origin',(16.7499999850988,-0.349999992549415,28.3));
#4480=CARTESIAN_POINT('',(0.,0.,-822.939918243643));
#4481=CARTESIAN_POINT('',(-73.4999999999999,2.42725804855517E-17,-819.939918243643));
#4482=CARTESIAN_POINT('',(73.4999999999999,2.42725804855548E-17,-820.939918243643));
#4483=CARTESIAN_POINT('',(-73.0787463466064,33.4841988897148,-833.739918243642));
#4484=UNCERTAINTY_MEASURE_WITH_UNIT(LENGTH_MEASURE(0.01),#4494,
'DISTANCE_ACCURACY_VALUE',
'Maximum model space distance between geometric entities at asserted c
onnectivities');
#4485=UNCERTAINTY_MEASURE_WITH_UNIT(LENGTH_MEASURE(0.01),#4494,
'DISTANCE_ACCURACY_VALUE',
'Maximum model space distance between geometric entities at asserted c
onnectivities');
#4486=UNCERTAINTY_MEASURE_WITH_UNIT(LENGTH_MEASURE(0.01),#4494,
'DISTANCE_ACCURACY_VALUE',
'Maximum model space distance between geometric entities at asserted c
onnectivities');
#4487=UNCERTAINTY_MEASURE_WITH_UNIT(LENGTH_MEASURE(0.01),#4494,
'DISTANCE_ACCURACY_VALUE',
'Maximum model space distance between geometric entities at asserted c
onnectivities');
#4488=UNCERTAINTY_MEASURE_WITH_UNIT(LENGTH_MEASURE(0.01),#4494,
'DISTANCE_ACCURACY_VALUE',
'Maximum model space distance between geometric entities at asserted c
onnectivities');
#4489=(
GEOMETRIC_REPRESENTATION_CONTEXT(3)
GLOBAL_UNCERTAINTY_ASSIGNED_CONTEXT((#4484))
GLOBAL_UNIT_ASSIGNED_CONTEXT((#4494,#4496,#4497))
REPRESENTATION_CONTEXT('','3D')
);
#4490=(
GEOMETRIC_REPRESENTATION_CONTEXT(3)
GLOBAL_UNCERTAINTY_ASSIGNED_CONTEXT((#4485))
GLOBAL_UNIT_ASSIGNED_CONTEXT((#4494,#4496,#4497))
REPRESENTATION_CONTEXT('','3D')
);
#4491=(
GEOMETRIC_REPRESENTATION_CONTEXT(3)
GLOBAL_UNCERTAINTY_ASSIGNED_CONTEXT((#4486))
GLOBAL_UNIT_ASSIGNED_CONTEXT((#4494,#4496,#4497))
REPRESENTATION_CONTEXT('','3D')
);
#4492=(
GEOMETRIC_REPRESENTATION_CONTEXT(3)
GLOBAL_UNCERTAINTY_ASSIGNED_CONTEXT((#4487))
GLOBAL_UNIT_ASSIGNED_CONTEXT((#4494,#4496,#4497))
REPRESENTATION_CONTEXT('','3D')
);
#4493=(
GEOMETRIC_REPRESENTATION_CONTEXT(3)
GLOBAL_UNCERTAINTY_ASSIGNED_CONTEXT((#4488))
GLOBAL_UNIT_ASSIGNED_CONTEXT((#4494,#4496,#4497))
REPRESENTATION_CONTEXT('','3D')
);
#4494=(
LENGTH_UNIT()
NAMED_UNIT(*)
SI_UNIT(.MILLI.,.METRE.)
);
#4495=(
LENGTH_UNIT()
NAMED_UNIT(*)
SI_UNIT($,.METRE.)
);
#4496=(
NAMED_UNIT(*)
PLANE_ANGLE_UNIT()
SI_UNIT($,.RADIAN.)
);
#4497=(
NAMED_UNIT(*)
SI_UNIT($,.STERADIAN.)
SOLID_ANGLE_UNIT()
);
#4498=SHAPE_DEFINITION_REPRESENTATION(#4502,#4510);
#4499=SHAPE_DEFINITION_REPRESENTATION(#4503,#4511);
#4500=SHAPE_DEFINITION_REPRESENTATION(#4504,#4512);
#4501=SHAPE_DEFINITION_REPRESENTATION(#4505,#4513);
#4502=PRODUCT_DEFINITION_SHAPE('',$,#4515);
#4503=PRODUCT_DEFINITION_SHAPE('',$,#4516);
#4504=PRODUCT_DEFINITION_SHAPE('',$,#4517);
#4505=PRODUCT_DEFINITION_SHAPE('',$,#4518);
#4506=PRODUCT_DEFINITION_SHAPE($,$,#23);
#4507=PRODUCT_DEFINITION_SHAPE($,$,#24);
#4508=PRODUCT_DEFINITION_SHAPE($,$,#25);
#4509=PRODUCT_DEFINITION_SHAPE($,$,#26);
#4510=SHAPE_REPRESENTATION('',(#2374,#2640,#2641,#2642,#2643),#4489);
#4511=SHAPE_REPRESENTATION('',(#2375),#4490);
#4512=SHAPE_REPRESENTATION('',(#2394),#4491);
#4513=SHAPE_REPRESENTATION('',(#2425),#4492);
#4514=PRODUCT_DEFINITION_CONTEXT('part definition',#4528,'design');
#4515=PRODUCT_DEFINITION('CAM-Cabinet-EDC-Flex-Drive-130',
'CAM-Cabinet-EDC-Flex-Drive-130 v1',#4519,#4514);
#4516=PRODUCT_DEFINITION('Panels-Sheet-Stock-A4',
'Panels-Sheet-Stock-A4',#4520,#4514);
#4517=PRODUCT_DEFINITION('811_BackPanel_x2_1mm_INOX',
'811_BackPanel_x2_1mm_INOX',#4521,#4514);
#4518=PRODUCT_DEFINITION('vfd-cp','vfd-cp',#4522,#4514);
#4519=PRODUCT_DEFINITION_FORMATION('',$,#4530);
#4520=PRODUCT_DEFINITION_FORMATION('',$,#4531);
#4521=PRODUCT_DEFINITION_FORMATION('',$,#4532);
#4522=PRODUCT_DEFINITION_FORMATION('',$,#4533);
#4523=PRODUCT_RELATED_PRODUCT_CATEGORY(
'CAM-Cabinet-EDC-Flex-Drive-130 v1','CAM-Cabinet-EDC-Flex-Drive-130 v1',
(#4530));
#4524=PRODUCT_RELATED_PRODUCT_CATEGORY('Panels-Sheet-Stock-A4',
'Panels-Sheet-Stock-A4',(#4531));
#4525=PRODUCT_RELATED_PRODUCT_CATEGORY('811_BackPanel_x2_1mm_INOX',
'811_BackPanel_x2_1mm_INOX',(#4532));
#4526=PRODUCT_RELATED_PRODUCT_CATEGORY('vfd-cp','vfd-cp',(#4533));
#4527=APPLICATION_PROTOCOL_DEFINITION('international standard',
'automotive_design',2009,#4528);
#4528=APPLICATION_CONTEXT(
'Core Data for Automotive Mechanical Design Process');
#4529=PRODUCT_CONTEXT('part definition',#4528,'mechanical');
#4530=PRODUCT('CAM-Cabinet-EDC-Flex-Drive-130',
'CAM-Cabinet-EDC-Flex-Drive-130 v1','STEP AP214',(#4529));
#4531=PRODUCT('Panels-Sheet-Stock-A4','Panels-Sheet-Stock-A4',$,(#4529));
#4532=PRODUCT('811_BackPanel_x2_1mm_INOX','811_BackPanel_x2_1mm_INOX',$,
(#4529));
#4533=PRODUCT('vfd-cp','vfd-cp',$,(#4529));
#4534=PRESENTATION_STYLE_ASSIGNMENT((#4543));
#4535=PRESENTATION_STYLE_ASSIGNMENT((#4544));
#4536=PRESENTATION_STYLE_ASSIGNMENT((#4545));
#4537=PRESENTATION_STYLE_ASSIGNMENT((#4546));
#4538=PRESENTATION_STYLE_ASSIGNMENT((#4547));
#4539=PRESENTATION_STYLE_ASSIGNMENT((#4548));
#4540=PRESENTATION_STYLE_ASSIGNMENT((#4549));
#4541=PRESENTATION_STYLE_ASSIGNMENT((#4550));
#4542=PRESENTATION_STYLE_ASSIGNMENT((#4551));
#4543=SURFACE_STYLE_USAGE(.BOTH.,#4552);
#4544=SURFACE_STYLE_USAGE(.BOTH.,#4553);
#4545=SURFACE_STYLE_USAGE(.BOTH.,#4554);
#4546=SURFACE_STYLE_USAGE(.BOTH.,#4555);
#4547=SURFACE_STYLE_USAGE(.BOTH.,#4556);
#4548=SURFACE_STYLE_USAGE(.BOTH.,#4557);
#4549=SURFACE_STYLE_USAGE(.BOTH.,#4558);
#4550=SURFACE_STYLE_USAGE(.BOTH.,#4559);
#4551=SURFACE_STYLE_USAGE(.BOTH.,#4560);
#4552=SURFACE_SIDE_STYLE('',(#4561));
#4553=SURFACE_SIDE_STYLE('',(#4562));
#4554=SURFACE_SIDE_STYLE('',(#4563));
#4555=SURFACE_SIDE_STYLE('',(#4564));
#4556=SURFACE_SIDE_STYLE('',(#4565));
#4557=SURFACE_SIDE_STYLE('',(#4566));
#4558=SURFACE_SIDE_STYLE('',(#4567));
#4559=SURFACE_SIDE_STYLE('',(#4568));
#4560=SURFACE_SIDE_STYLE('',(#4569));
#4561=SURFACE_STYLE_FILL_AREA(#4570);
#4562=SURFACE_STYLE_FILL_AREA(#4571);
#4563=SURFACE_STYLE_FILL_AREA(#4572);
#4564=SURFACE_STYLE_FILL_AREA(#4573);
#4565=SURFACE_STYLE_FILL_AREA(#4574);
#4566=SURFACE_STYLE_FILL_AREA(#4575);
#4567=SURFACE_STYLE_FILL_AREA(#4576);
#4568=SURFACE_STYLE_FILL_AREA(#4577);
#4569=SURFACE_STYLE_FILL_AREA(#4578);
#4570=FILL_AREA_STYLE('Steel - Satin',(#4579));
#4571=FILL_AREA_STYLE('Opaque(202,209,238)',(#4580));
#4572=FILL_AREA_STYLE('Opaque(247,66,66)',(#4581));
#4573=FILL_AREA_STYLE('Opaque(246,246,243)',(#4582));
#4574=FILL_AREA_STYLE('Opaque(63,63,63)',(#4583));
#4575=FILL_AREA_STYLE('Opaque(80,80,80)',(#4584));
#4576=FILL_AREA_STYLE('Opaque(167,0,0)',(#4585));
#4577=FILL_AREA_STYLE('Opaque(70,191,27)',(#4586));
#4578=FILL_AREA_STYLE('Opaque(226,0,0)',(#4587));
#4579=FILL_AREA_STYLE_COLOUR('Steel - Satin',#4588);
#4580=FILL_AREA_STYLE_COLOUR('Opaque(202,209,238)',#4589);
#4581=FILL_AREA_STYLE_COLOUR('Opaque(247,66,66)',#4590);
#4582=FILL_AREA_STYLE_COLOUR('Opaque(246,246,243)',#4591);
#4583=FILL_AREA_STYLE_COLOUR('Opaque(63,63,63)',#4592);
#4584=FILL_AREA_STYLE_COLOUR('Opaque(80,80,80)',#4593);
#4585=FILL_AREA_STYLE_COLOUR('Opaque(167,0,0)',#4594);
#4586=FILL_AREA_STYLE_COLOUR('Opaque(70,191,27)',#4595);
#4587=FILL_AREA_STYLE_COLOUR('Opaque(226,0,0)',#4596);
#4588=COLOUR_RGB('Steel - Satin',0.627450980392157,0.627450980392157,0.627450980392157);
#4589=COLOUR_RGB('Opaque(202,209,238)',0.792156862745098,0.819607843137255,
0.933333333333333);
#4590=COLOUR_RGB('Opaque(247,66,66)',0.968627450980392,0.258823529411765,
0.258823529411765);
#4591=COLOUR_RGB('Opaque(246,246,243)',0.964705882352941,0.964705882352941,
0.952941176470588);
#4592=COLOUR_RGB('Opaque(63,63,63)',0.250980392156863,0.250980392156863,
0.250980392156863);
#4593=COLOUR_RGB('Opaque(80,80,80)',0.313725490196078,0.313725490196078,
0.313725490196078);
#4594=COLOUR_RGB('Opaque(167,0,0)',0.654901960784314,0.,0.);
#4595=COLOUR_RGB('Opaque(70,191,27)',0.274509803921569,0.749019607843137,
0.105882352941176);
#4596=COLOUR_RGB('Opaque(226,0,0)',0.886274509803922,0.,0.);
ENDSEC;
END-ISO-10303-21;
