ISO-10303-21;
HEADER;
/* Generated by software containing ST-Developer
 * from STEP Tools, Inc. (www.steptools.com) 
 */

FILE_DESCRIPTION(
/* description */ (''),
/* implementation_level */ '2;1');

FILE_NAME(
/* name */ 'Lower - Final v7.step',
/* time_stamp */ '2026-03-14T09:22:15+01:00',
/* author */ (''),
/* organization */ (''),
/* preprocessor_version */ 'ST-DEVELOPER v20.1',
/* originating_system */ 'Autodesk Translation Framework v14.24.0.0',
/* authorisation */ '');

FILE_SCHEMA (('AUTOMOTIVE_DESIGN { 1 0 10303 214 3 1 1 }'));
ENDSEC;

DATA;
#10=MECHANICAL_DESIGN_GEOMETRIC_PRESENTATION_REPRESENTATION('',(#17,#18,
#19),#2613);
#11=ITEM_DEFINED_TRANSFORMATION($,$,#1553,#1703);
#12=(
REPRESENTATION_RELATIONSHIP($,$,#2624,#2623)
REPRESENTATION_RELATIONSHIP_WITH_TRANSFORMATION(#11)
SHAPE_REPRESENTATION_RELATIONSHIP()
);
#13=CONTEXT_DEPENDENT_SHAPE_REPRESENTATION(#12,#2622);
#14=NEXT_ASSEMBLY_USAGE_OCCURRENCE('Lower-Half:1','Lower-Half:1',
'Lower-Half:1',#2626,#2627,'Lower-Half:1');
#15=SHAPE_REPRESENTATION_RELATIONSHIP('SRR','None',#2624,#16);
#16=ADVANCED_BREP_SHAPE_REPRESENTATION('',(#20,#21,#22),#2612);
#17=STYLED_ITEM('',(#2637),#20);
#18=STYLED_ITEM('',(#2637),#21);
#19=STYLED_ITEM('',(#2637),#22);
#20=MANIFOLD_SOLID_BREP('Down',#1537);
#21=MANIFOLD_SOLID_BREP('Up',#1538);
#22=MANIFOLD_SOLID_BREP('Object',#1539);
#23=FACE_BOUND('',#228,.T.);
#24=FACE_BOUND('',#234,.T.);
#25=FACE_BOUND('',#243,.T.);
#26=FACE_BOUND('',#262,.T.);
#27=FACE_BOUND('',#273,.T.);
#28=FACE_BOUND('',#300,.T.);
#29=FACE_BOUND('',#302,.T.);
#30=CONICAL_SURFACE('',#1563,4.50000000000002,0.0523598775598299);
#31=CONICAL_SURFACE('',#1566,4.5,0.0523598775598299);
#32=CONICAL_SURFACE('',#1568,7.75000000000002,0.0523598775598299);
#33=CONICAL_SURFACE('',#1572,7.75,0.0523598775598299);
#34=CONICAL_SURFACE('',#1577,7.75,0.0523598775598299);
#35=CONICAL_SURFACE('',#1581,7.74999999999999,0.0523598775598299);
#36=CONICAL_SURFACE('',#1588,4.49999999999999,0.0523598775598299);
#37=CONICAL_SURFACE('',#1590,4.5,0.0523598775598299);
#38=CONICAL_SURFACE('',#1608,9.00919628641661,0.0366519142918809);
#39=CONICAL_SURFACE('',#1611,9.00919628641662,0.0366519142918809);
#40=CONICAL_SURFACE('',#1614,9.00919628641664,0.0366519142918809);
#41=CONICAL_SURFACE('',#1617,9.00919628641662,0.0366519142918809);
#42=CONICAL_SURFACE('',#1625,6.49999999999999,0.0523598775598299);
#43=CONICAL_SURFACE('',#1627,6.5,0.0523598775598299);
#44=CONICAL_SURFACE('',#1629,6.50000000000002,0.0523598775598299);
#45=CONICAL_SURFACE('',#1631,6.49999999999999,0.0523598775598299);
#46=CONICAL_SURFACE('',#1639,7.75000000000002,0.0523598775598299);
#47=CONICAL_SURFACE('',#1643,7.75,0.0523598775598299);
#48=CONICAL_SURFACE('',#1648,7.75,0.0523598775598299);
#49=CONICAL_SURFACE('',#1652,7.74999999999999,0.0523598775598299);
#50=CONICAL_SURFACE('',#1661,6.49999999999999,0.0523598775598299);
#51=CONICAL_SURFACE('',#1665,6.50000000000002,0.0523598775598299);
#52=CONICAL_SURFACE('',#1669,6.5,0.0523598775598299);
#53=CONICAL_SURFACE('',#1673,6.49999999999999,0.0523598775598299);
#54=CONICAL_SURFACE('',#1678,4.49999999999999,0.0523598775598299);
#55=CONICAL_SURFACE('',#1680,4.5,0.0523598775598299);
#56=CONICAL_SURFACE('',#1682,4.50000000000002,0.0523598775598299);
#57=CONICAL_SURFACE('',#1684,4.5,0.0523598775598299);
#58=CONICAL_SURFACE('',#1686,9.00919628641662,0.0366519142918809);
#59=CONICAL_SURFACE('',#1690,9.00919628641664,0.0366519142918809);
#60=CONICAL_SURFACE('',#1694,9.00919628641662,0.0366519142918809);
#61=CONICAL_SURFACE('',#1698,9.00919628641661,0.0366519142918809);
#62=CIRCLE('',#1558,3.71335923296155);
#63=CIRCLE('',#1559,3.71335923296157);
#64=CIRCLE('',#1560,3.71335923296155);
#65=CIRCLE('',#1561,3.71335923296154);
#66=CIRCLE('',#1564,4.50000000000002);
#67=CIRCLE('',#1567,4.5);
#68=CIRCLE('',#1569,7.90722333784914);
#69=CIRCLE('',#1570,7.75000000000002);
#70=CIRCLE('',#1573,7.90722333784913);
#71=CIRCLE('',#1574,7.75);
#72=CIRCLE('',#1578,7.90722333784913);
#73=CIRCLE('',#1579,7.75);
#74=CIRCLE('',#1582,7.90722333784912);
#75=CIRCLE('',#1583,7.74999999999999);
#76=CIRCLE('',#1585,4.49999999999999);
#77=CIRCLE('',#1586,4.5);
#78=CIRCLE('',#1600,9.00919628641661);
#79=CIRCLE('',#1601,9.00919628641662);
#80=CIRCLE('',#1602,9.00919628641664);
#81=CIRCLE('',#1603,9.00919628641662);
#82=CIRCLE('',#1604,6.65722333784912);
#83=CIRCLE('',#1605,6.65722333784914);
#84=CIRCLE('',#1606,6.65722333784913);
#85=CIRCLE('',#1607,6.65722333784912);
#86=CIRCLE('',#1609,9.44921631108137);
#87=CIRCLE('',#1612,9.44921631108138);
#88=CIRCLE('',#1615,9.44921631108139);
#89=CIRCLE('',#1618,9.44921631108138);
#90=CIRCLE('',#1621,6.49999999999999);
#91=CIRCLE('',#1622,6.5);
#92=CIRCLE('',#1623,6.50000000000002);
#93=CIRCLE('',#1624,6.49999999999999);
#94=CIRCLE('',#1635,3.71335923296154);
#95=CIRCLE('',#1636,3.71335923296155);
#96=CIRCLE('',#1637,3.71335923296157);
#97=CIRCLE('',#1638,3.71335923296155);
#98=CIRCLE('',#1640,7.90722333784914);
#99=CIRCLE('',#1641,7.75000000000002);
#100=CIRCLE('',#1644,7.90722333784913);
#101=CIRCLE('',#1645,7.75);
#102=CIRCLE('',#1649,7.90722333784913);
#103=CIRCLE('',#1650,7.75);
#104=CIRCLE('',#1653,7.90722333784912);
#105=CIRCLE('',#1654,7.74999999999999);
#106=CIRCLE('',#1656,4.5);
#107=CIRCLE('',#1657,4.50000000000002);
#108=CIRCLE('',#1658,4.5);
#109=CIRCLE('',#1659,4.49999999999999);
#110=CIRCLE('',#1662,6.49999999999999);
#111=CIRCLE('',#1663,6.65722333784912);
#112=CIRCLE('',#1666,6.50000000000002);
#113=CIRCLE('',#1667,6.65722333784914);
#114=CIRCLE('',#1670,6.5);
#115=CIRCLE('',#1671,6.65722333784913);
#116=CIRCLE('',#1674,6.49999999999999);
#117=CIRCLE('',#1675,6.65722333784912);
#118=CIRCLE('',#1687,9.00919628641662);
#119=CIRCLE('',#1688,9.44921631108138);
#120=CIRCLE('',#1691,9.00919628641664);
#121=CIRCLE('',#1692,9.44921631108139);
#122=CIRCLE('',#1695,9.00919628641662);
#123=CIRCLE('',#1696,9.44921631108138);
#124=CIRCLE('',#1699,9.00919628641661);
#125=CIRCLE('',#1700,9.44921631108137);
#126=FACE_OUTER_BOUND('',#211,.T.);
#127=FACE_OUTER_BOUND('',#212,.T.);
#128=FACE_OUTER_BOUND('',#213,.T.);
#129=FACE_OUTER_BOUND('',#214,.T.);
#130=FACE_OUTER_BOUND('',#215,.T.);
#131=FACE_OUTER_BOUND('',#216,.T.);
#132=FACE_OUTER_BOUND('',#217,.T.);
#133=FACE_OUTER_BOUND('',#218,.T.);
#134=FACE_OUTER_BOUND('',#219,.T.);
#135=FACE_OUTER_BOUND('',#220,.T.);
#136=FACE_OUTER_BOUND('',#221,.T.);
#137=FACE_OUTER_BOUND('',#222,.T.);
#138=FACE_OUTER_BOUND('',#223,.T.);
#139=FACE_OUTER_BOUND('',#224,.T.);
#140=FACE_OUTER_BOUND('',#225,.T.);
#141=FACE_OUTER_BOUND('',#226,.T.);
#142=FACE_OUTER_BOUND('',#227,.T.);
#143=FACE_OUTER_BOUND('',#229,.T.);
#144=FACE_OUTER_BOUND('',#230,.T.);
#145=FACE_OUTER_BOUND('',#231,.T.);
#146=FACE_OUTER_BOUND('',#232,.T.);
#147=FACE_OUTER_BOUND('',#233,.T.);
#148=FACE_OUTER_BOUND('',#235,.T.);
#149=FACE_OUTER_BOUND('',#236,.T.);
#150=FACE_OUTER_BOUND('',#237,.T.);
#151=FACE_OUTER_BOUND('',#238,.T.);
#152=FACE_OUTER_BOUND('',#239,.T.);
#153=FACE_OUTER_BOUND('',#240,.T.);
#154=FACE_OUTER_BOUND('',#241,.T.);
#155=FACE_OUTER_BOUND('',#242,.T.);
#156=FACE_OUTER_BOUND('',#244,.T.);
#157=FACE_OUTER_BOUND('',#245,.T.);
#158=FACE_OUTER_BOUND('',#246,.T.);
#159=FACE_OUTER_BOUND('',#247,.T.);
#160=FACE_OUTER_BOUND('',#248,.T.);
#161=FACE_OUTER_BOUND('',#249,.T.);
#162=FACE_OUTER_BOUND('',#250,.T.);
#163=FACE_OUTER_BOUND('',#251,.T.);
#164=FACE_OUTER_BOUND('',#252,.T.);
#165=FACE_OUTER_BOUND('',#253,.T.);
#166=FACE_OUTER_BOUND('',#254,.T.);
#167=FACE_OUTER_BOUND('',#255,.T.);
#168=FACE_OUTER_BOUND('',#256,.T.);
#169=FACE_OUTER_BOUND('',#257,.T.);
#170=FACE_OUTER_BOUND('',#258,.T.);
#171=FACE_OUTER_BOUND('',#259,.T.);
#172=FACE_OUTER_BOUND('',#260,.T.);
#173=FACE_OUTER_BOUND('',#261,.T.);
#174=FACE_OUTER_BOUND('',#263,.T.);
#175=FACE_OUTER_BOUND('',#264,.T.);
#176=FACE_OUTER_BOUND('',#265,.T.);
#177=FACE_OUTER_BOUND('',#266,.T.);
#178=FACE_OUTER_BOUND('',#267,.T.);
#179=FACE_OUTER_BOUND('',#268,.T.);
#180=FACE_OUTER_BOUND('',#269,.T.);
#181=FACE_OUTER_BOUND('',#270,.T.);
#182=FACE_OUTER_BOUND('',#271,.T.);
#183=FACE_OUTER_BOUND('',#272,.T.);
#184=FACE_OUTER_BOUND('',#274,.T.);
#185=FACE_OUTER_BOUND('',#275,.T.);
#186=FACE_OUTER_BOUND('',#276,.T.);
#187=FACE_OUTER_BOUND('',#277,.T.);
#188=FACE_OUTER_BOUND('',#278,.T.);
#189=FACE_OUTER_BOUND('',#279,.T.);
#190=FACE_OUTER_BOUND('',#280,.T.);
#191=FACE_OUTER_BOUND('',#281,.T.);
#192=FACE_OUTER_BOUND('',#282,.T.);
#193=FACE_OUTER_BOUND('',#283,.T.);
#194=FACE_OUTER_BOUND('',#284,.T.);
#195=FACE_OUTER_BOUND('',#285,.T.);
#196=FACE_OUTER_BOUND('',#286,.T.);
#197=FACE_OUTER_BOUND('',#287,.T.);
#198=FACE_OUTER_BOUND('',#288,.T.);
#199=FACE_OUTER_BOUND('',#289,.T.);
#200=FACE_OUTER_BOUND('',#290,.T.);
#201=FACE_OUTER_BOUND('',#291,.T.);
#202=FACE_OUTER_BOUND('',#292,.T.);
#203=FACE_OUTER_BOUND('',#293,.T.);
#204=FACE_OUTER_BOUND('',#294,.T.);
#205=FACE_OUTER_BOUND('',#295,.T.);
#206=FACE_OUTER_BOUND('',#296,.T.);
#207=FACE_OUTER_BOUND('',#297,.T.);
#208=FACE_OUTER_BOUND('',#298,.T.);
#209=FACE_OUTER_BOUND('',#299,.T.);
#210=FACE_OUTER_BOUND('',#301,.T.);
#211=EDGE_LOOP('',(#967,#968,#969,#970));
#212=EDGE_LOOP('',(#971,#972,#973,#974));
#213=EDGE_LOOP('',(#975,#976,#977,#978));
#214=EDGE_LOOP('',(#979,#980,#981,#982,#983,#984,#985,#986));
#215=EDGE_LOOP('',(#987,#988,#989,#990));
#216=EDGE_LOOP('',(#991,#992,#993,#994));
#217=EDGE_LOOP('',(#995,#996,#997,#998));
#218=EDGE_LOOP('',(#999,#1000,#1001,#1002));
#219=EDGE_LOOP('',(#1003,#1004,#1005,#1006));
#220=EDGE_LOOP('',(#1007,#1008,#1009,#1010));
#221=EDGE_LOOP('',(#1011,#1012,#1013,#1014));
#222=EDGE_LOOP('',(#1015,#1016,#1017,#1018));
#223=EDGE_LOOP('',(#1019,#1020,#1021,#1022));
#224=EDGE_LOOP('',(#1023,#1024,#1025,#1026));
#225=EDGE_LOOP('',(#1027,#1028,#1029,#1030));
#226=EDGE_LOOP('',(#1031,#1032,#1033,#1034));
#227=EDGE_LOOP('',(#1035,#1036,#1037,#1038,#1039,#1040,#1041,#1042));
#228=EDGE_LOOP('',(#1043,#1044,#1045,#1046,#1047,#1048,#1049,#1050));
#229=EDGE_LOOP('',(#1051,#1052,#1053,#1054));
#230=EDGE_LOOP('',(#1055,#1056,#1057,#1058));
#231=EDGE_LOOP('',(#1059,#1060,#1061,#1062));
#232=EDGE_LOOP('',(#1063,#1064,#1065,#1066));
#233=EDGE_LOOP('',(#1067,#1068,#1069,#1070));
#234=EDGE_LOOP('',(#1071,#1072,#1073,#1074,#1075,#1076,#1077,#1078));
#235=EDGE_LOOP('',(#1079,#1080,#1081,#1082));
#236=EDGE_LOOP('',(#1083,#1084,#1085,#1086));
#237=EDGE_LOOP('',(#1087,#1088,#1089,#1090));
#238=EDGE_LOOP('',(#1091,#1092,#1093,#1094));
#239=EDGE_LOOP('',(#1095,#1096,#1097,#1098));
#240=EDGE_LOOP('',(#1099,#1100,#1101,#1102));
#241=EDGE_LOOP('',(#1103,#1104,#1105,#1106));
#242=EDGE_LOOP('',(#1107,#1108,#1109,#1110,#1111,#1112,#1113,#1114));
#243=EDGE_LOOP('',(#1115,#1116,#1117,#1118,#1119,#1120,#1121,#1122));
#244=EDGE_LOOP('',(#1123,#1124,#1125,#1126));
#245=EDGE_LOOP('',(#1127,#1128,#1129,#1130));
#246=EDGE_LOOP('',(#1131,#1132,#1133,#1134));
#247=EDGE_LOOP('',(#1135,#1136,#1137,#1138));
#248=EDGE_LOOP('',(#1139,#1140,#1141,#1142));
#249=EDGE_LOOP('',(#1143,#1144,#1145,#1146));
#250=EDGE_LOOP('',(#1147,#1148,#1149,#1150));
#251=EDGE_LOOP('',(#1151,#1152,#1153,#1154));
#252=EDGE_LOOP('',(#1155,#1156,#1157,#1158,#1159,#1160,#1161,#1162));
#253=EDGE_LOOP('',(#1163,#1164,#1165,#1166));
#254=EDGE_LOOP('',(#1167,#1168,#1169,#1170));
#255=EDGE_LOOP('',(#1171,#1172,#1173,#1174));
#256=EDGE_LOOP('',(#1175,#1176,#1177,#1178));
#257=EDGE_LOOP('',(#1179,#1180,#1181,#1182));
#258=EDGE_LOOP('',(#1183,#1184,#1185,#1186));
#259=EDGE_LOOP('',(#1187,#1188,#1189,#1190));
#260=EDGE_LOOP('',(#1191,#1192,#1193,#1194));
#261=EDGE_LOOP('',(#1195,#1196,#1197,#1198));
#262=EDGE_LOOP('',(#1199,#1200,#1201,#1202,#1203,#1204,#1205,#1206));
#263=EDGE_LOOP('',(#1207,#1208,#1209,#1210,#1211,#1212,#1213,#1214));
#264=EDGE_LOOP('',(#1215,#1216,#1217,#1218));
#265=EDGE_LOOP('',(#1219,#1220,#1221,#1222));
#266=EDGE_LOOP('',(#1223,#1224,#1225,#1226));
#267=EDGE_LOOP('',(#1227,#1228,#1229,#1230));
#268=EDGE_LOOP('',(#1231,#1232,#1233,#1234));
#269=EDGE_LOOP('',(#1235,#1236,#1237,#1238));
#270=EDGE_LOOP('',(#1239,#1240,#1241,#1242));
#271=EDGE_LOOP('',(#1243,#1244,#1245,#1246));
#272=EDGE_LOOP('',(#1247,#1248,#1249,#1250,#1251,#1252,#1253,#1254));
#273=EDGE_LOOP('',(#1255,#1256,#1257,#1258,#1259,#1260,#1261,#1262));
#274=EDGE_LOOP('',(#1263,#1264,#1265,#1266));
#275=EDGE_LOOP('',(#1267,#1268,#1269,#1270));
#276=EDGE_LOOP('',(#1271,#1272,#1273,#1274));
#277=EDGE_LOOP('',(#1275,#1276,#1277,#1278));
#278=EDGE_LOOP('',(#1279,#1280,#1281,#1282));
#279=EDGE_LOOP('',(#1283,#1284,#1285,#1286));
#280=EDGE_LOOP('',(#1287,#1288,#1289,#1290));
#281=EDGE_LOOP('',(#1291,#1292,#1293,#1294));
#282=EDGE_LOOP('',(#1295,#1296,#1297,#1298,#1299,#1300,#1301,#1302));
#283=EDGE_LOOP('',(#1303,#1304,#1305,#1306));
#284=EDGE_LOOP('',(#1307,#1308,#1309,#1310));
#285=EDGE_LOOP('',(#1311,#1312,#1313,#1314));
#286=EDGE_LOOP('',(#1315,#1316,#1317,#1318));
#287=EDGE_LOOP('',(#1319,#1320,#1321,#1322));
#288=EDGE_LOOP('',(#1323,#1324,#1325,#1326));
#289=EDGE_LOOP('',(#1327,#1328,#1329,#1330));
#290=EDGE_LOOP('',(#1331,#1332,#1333,#1334));
#291=EDGE_LOOP('',(#1335,#1336,#1337,#1338));
#292=EDGE_LOOP('',(#1339,#1340,#1341,#1342));
#293=EDGE_LOOP('',(#1343,#1344,#1345,#1346));
#294=EDGE_LOOP('',(#1347,#1348,#1349,#1350));
#295=EDGE_LOOP('',(#1351,#1352,#1353,#1354));
#296=EDGE_LOOP('',(#1355,#1356,#1357,#1358));
#297=EDGE_LOOP('',(#1359,#1360,#1361,#1362));
#298=EDGE_LOOP('',(#1363,#1364,#1365,#1366));
#299=EDGE_LOOP('',(#1367,#1368,#1369,#1370,#1371,#1372,#1373,#1374));
#300=EDGE_LOOP('',(#1375,#1376,#1377,#1378,#1379,#1380,#1381,#1382));
#301=EDGE_LOOP('',(#1383,#1384,#1385,#1386,#1387,#1388,#1389,#1390));
#302=EDGE_LOOP('',(#1391,#1392,#1393,#1394,#1395,#1396,#1397,#1398));
#303=LINE('',#2165,#455);
#304=LINE('',#2167,#456);
#305=LINE('',#2169,#457);
#306=LINE('',#2170,#458);
#307=LINE('',#2173,#459);
#308=LINE('',#2175,#460);
#309=LINE('',#2176,#461);
#310=LINE('',#2179,#462);
#311=LINE('',#2180,#463);
#312=LINE('',#2184,#464);
#313=LINE('',#2188,#465);
#314=LINE('',#2192,#466);
#315=LINE('',#2196,#467);
#316=LINE('',#2200,#468);
#317=LINE('',#2202,#469);
#318=LINE('',#2203,#470);
#319=LINE('',#2206,#471);
#320=LINE('',#2210,#472);
#321=LINE('',#2211,#473);
#322=LINE('',#2214,#474);
#323=LINE('',#2221,#475);
#324=LINE('',#2224,#476);
#325=LINE('',#2227,#477);
#326=LINE('',#2229,#478);
#327=LINE('',#2230,#479);
#328=LINE('',#2236,#480);
#329=LINE('',#2239,#481);
#330=LINE('',#2241,#482);
#331=LINE('',#2242,#483);
#332=LINE('',#2245,#484);
#333=LINE('',#2247,#485);
#334=LINE('',#2248,#486);
#335=LINE('',#2253,#487);
#336=LINE('',#2257,#488);
#337=LINE('',#2259,#489);
#338=LINE('',#2260,#490);
#339=LINE('',#2266,#491);
#340=LINE('',#2270,#492);
#341=LINE('',#2273,#493);
#342=LINE('',#2275,#494);
#343=LINE('',#2277,#495);
#344=LINE('',#2281,#496);
#345=LINE('',#2282,#497);
#346=LINE('',#2284,#498);
#347=LINE('',#2289,#499);
#348=LINE('',#2291,#500);
#349=LINE('',#2293,#501);
#350=LINE('',#2294,#502);
#351=LINE('',#2297,#503);
#352=LINE('',#2299,#504);
#353=LINE('',#2300,#505);
#354=LINE('',#2303,#506);
#355=LINE('',#2304,#507);
#356=LINE('',#2307,#508);
#357=LINE('',#2308,#509);
#358=LINE('',#2310,#510);
#359=LINE('',#2316,#511);
#360=LINE('',#2320,#512);
#361=LINE('',#2324,#513);
#362=LINE('',#2327,#514);
#363=LINE('',#2330,#515);
#364=LINE('',#2334,#516);
#365=LINE('',#2338,#517);
#366=LINE('',#2342,#518);
#367=LINE('',#2346,#519);
#368=LINE('',#2349,#520);
#369=LINE('',#2352,#521);
#370=LINE('',#2353,#522);
#371=LINE('',#2357,#523);
#372=LINE('',#2360,#524);
#373=LINE('',#2361,#525);
#374=LINE('',#2365,#526);
#375=LINE('',#2368,#527);
#376=LINE('',#2369,#528);
#377=LINE('',#2373,#529);
#378=LINE('',#2375,#530);
#379=LINE('',#2381,#531);
#380=LINE('',#2385,#532);
#381=LINE('',#2389,#533);
#382=LINE('',#2392,#534);
#383=LINE('',#2394,#535);
#384=LINE('',#2395,#536);
#385=LINE('',#2397,#537);
#386=LINE('',#2399,#538);
#387=LINE('',#2401,#539);
#388=LINE('',#2403,#540);
#389=LINE('',#2405,#541);
#390=LINE('',#2407,#542);
#391=LINE('',#2413,#543);
#392=LINE('',#2417,#544);
#393=LINE('',#2421,#545);
#394=LINE('',#2425,#546);
#395=LINE('',#2432,#547);
#396=LINE('',#2435,#548);
#397=LINE('',#2438,#549);
#398=LINE('',#2440,#550);
#399=LINE('',#2441,#551);
#400=LINE('',#2446,#552);
#401=LINE('',#2450,#553);
#402=LINE('',#2452,#554);
#403=LINE('',#2453,#555);
#404=LINE('',#2456,#556);
#405=LINE('',#2458,#557);
#406=LINE('',#2459,#558);
#407=LINE('',#2465,#559);
#408=LINE('',#2468,#560);
#409=LINE('',#2470,#561);
#410=LINE('',#2471,#562);
#411=LINE('',#2480,#563);
#412=LINE('',#2484,#564);
#413=LINE('',#2488,#565);
#414=LINE('',#2491,#566);
#415=LINE('',#2495,#567);
#416=LINE('',#2497,#568);
#417=LINE('',#2499,#569);
#418=LINE('',#2500,#570);
#419=LINE('',#2506,#571);
#420=LINE('',#2509,#572);
#421=LINE('',#2511,#573);
#422=LINE('',#2512,#574);
#423=LINE('',#2518,#575);
#424=LINE('',#2521,#576);
#425=LINE('',#2523,#577);
#426=LINE('',#2524,#578);
#427=LINE('',#2530,#579);
#428=LINE('',#2533,#580);
#429=LINE('',#2535,#581);
#430=LINE('',#2536,#582);
#431=LINE('',#2542,#583);
#432=LINE('',#2543,#584);
#433=LINE('',#2545,#585);
#434=LINE('',#2547,#586);
#435=LINE('',#2549,#587);
#436=LINE('',#2551,#588);
#437=LINE('',#2553,#589);
#438=LINE('',#2555,#590);
#439=LINE('',#2560,#591);
#440=LINE('',#2562,#592);
#441=LINE('',#2564,#593);
#442=LINE('',#2565,#594);
#443=LINE('',#2571,#595);
#444=LINE('',#2574,#596);
#445=LINE('',#2576,#597);
#446=LINE('',#2577,#598);
#447=LINE('',#2583,#599);
#448=LINE('',#2586,#600);
#449=LINE('',#2588,#601);
#450=LINE('',#2589,#602);
#451=LINE('',#2595,#603);
#452=LINE('',#2598,#604);
#453=LINE('',#2600,#605);
#454=LINE('',#2601,#606);
#455=VECTOR('',#1710,10.);
#456=VECTOR('',#1711,10.);
#457=VECTOR('',#1712,10.);
#458=VECTOR('',#1713,10.);
#459=VECTOR('',#1716,10.);
#460=VECTOR('',#1717,10.);
#461=VECTOR('',#1718,10.);
#462=VECTOR('',#1721,10.);
#463=VECTOR('',#1722,10.);
#464=VECTOR('',#1725,10.);
#465=VECTOR('',#1728,10.);
#466=VECTOR('',#1731,10.);
#467=VECTOR('',#1734,10.);
#468=VECTOR('',#1739,10.);
#469=VECTOR('',#1740,10.);
#470=VECTOR('',#1741,10.);
#471=VECTOR('',#1744,10.);
#472=VECTOR('',#1749,10.);
#473=VECTOR('',#1750,10.);
#474=VECTOR('',#1753,10.);
#475=VECTOR('',#1760,10.);
#476=VECTOR('',#1763,10.);
#477=VECTOR('',#1766,10.);
#478=VECTOR('',#1767,10.);
#479=VECTOR('',#1768,10.);
#480=VECTOR('',#1775,10.);
#481=VECTOR('',#1778,10.);
#482=VECTOR('',#1779,10.);
#483=VECTOR('',#1780,10.);
#484=VECTOR('',#1783,10.);
#485=VECTOR('',#1784,10.);
#486=VECTOR('',#1785,10.);
#487=VECTOR('',#1790,10.);
#488=VECTOR('',#1795,10.);
#489=VECTOR('',#1796,10.);
#490=VECTOR('',#1797,10.);
#491=VECTOR('',#1806,10.);
#492=VECTOR('',#1809,10.);
#493=VECTOR('',#1814,10.);
#494=VECTOR('',#1817,10.);
#495=VECTOR('',#1820,10.);
#496=VECTOR('',#1825,10.);
#497=VECTOR('',#1826,10.);
#498=VECTOR('',#1829,10.);
#499=VECTOR('',#1834,10.);
#500=VECTOR('',#1835,10.);
#501=VECTOR('',#1836,10.);
#502=VECTOR('',#1837,10.);
#503=VECTOR('',#1840,10.);
#504=VECTOR('',#1841,10.);
#505=VECTOR('',#1842,10.);
#506=VECTOR('',#1845,10.);
#507=VECTOR('',#1846,10.);
#508=VECTOR('',#1849,10.);
#509=VECTOR('',#1850,10.);
#510=VECTOR('',#1853,10.);
#511=VECTOR('',#1858,10.);
#512=VECTOR('',#1861,10.);
#513=VECTOR('',#1864,10.);
#514=VECTOR('',#1867,10.);
#515=VECTOR('',#1868,10.);
#516=VECTOR('',#1871,10.);
#517=VECTOR('',#1874,10.);
#518=VECTOR('',#1877,10.);
#519=VECTOR('',#1882,10.);
#520=VECTOR('',#1885,10.);
#521=VECTOR('',#1888,10.);
#522=VECTOR('',#1889,10.);
#523=VECTOR('',#1894,10.);
#524=VECTOR('',#1897,10.);
#525=VECTOR('',#1898,10.);
#526=VECTOR('',#1903,10.);
#527=VECTOR('',#1906,10.);
#528=VECTOR('',#1907,10.);
#529=VECTOR('',#1912,10.);
#530=VECTOR('',#1915,10.);
#531=VECTOR('',#1920,10.);
#532=VECTOR('',#1923,10.);
#533=VECTOR('',#1926,10.);
#534=VECTOR('',#1929,10.);
#535=VECTOR('',#1932,10.);
#536=VECTOR('',#1933,10.);
#537=VECTOR('',#1936,10.);
#538=VECTOR('',#1939,10.);
#539=VECTOR('',#1942,10.);
#540=VECTOR('',#1945,10.);
#541=VECTOR('',#1948,10.);
#542=VECTOR('',#1951,10.);
#543=VECTOR('',#1958,10.);
#544=VECTOR('',#1961,10.);
#545=VECTOR('',#1964,10.);
#546=VECTOR('',#1967,10.);
#547=VECTOR('',#1974,10.);
#548=VECTOR('',#1977,10.);
#549=VECTOR('',#1980,10.);
#550=VECTOR('',#1981,10.);
#551=VECTOR('',#1982,10.);
#552=VECTOR('',#1987,10.);
#553=VECTOR('',#1992,10.);
#554=VECTOR('',#1993,10.);
#555=VECTOR('',#1994,10.);
#556=VECTOR('',#1997,10.);
#557=VECTOR('',#1998,10.);
#558=VECTOR('',#1999,10.);
#559=VECTOR('',#2006,10.);
#560=VECTOR('',#2009,10.);
#561=VECTOR('',#2010,10.);
#562=VECTOR('',#2011,10.);
#563=VECTOR('',#2022,10.);
#564=VECTOR('',#2025,10.);
#565=VECTOR('',#2028,10.);
#566=VECTOR('',#2031,10.);
#567=VECTOR('',#2034,10.);
#568=VECTOR('',#2035,10.);
#569=VECTOR('',#2036,10.);
#570=VECTOR('',#2037,10.);
#571=VECTOR('',#2044,10.);
#572=VECTOR('',#2047,10.);
#573=VECTOR('',#2048,10.);
#574=VECTOR('',#2049,10.);
#575=VECTOR('',#2056,10.);
#576=VECTOR('',#2059,10.);
#577=VECTOR('',#2060,10.);
#578=VECTOR('',#2061,10.);
#579=VECTOR('',#2068,10.);
#580=VECTOR('',#2071,10.);
#581=VECTOR('',#2072,10.);
#582=VECTOR('',#2073,10.);
#583=VECTOR('',#2084,10.);
#584=VECTOR('',#2085,10.);
#585=VECTOR('',#2088,10.);
#586=VECTOR('',#2091,10.);
#587=VECTOR('',#2094,10.);
#588=VECTOR('',#2097,10.);
#589=VECTOR('',#2100,10.);
#590=VECTOR('',#2103,10.);
#591=VECTOR('',#2108,10.);
#592=VECTOR('',#2109,10.);
#593=VECTOR('',#2110,10.);
#594=VECTOR('',#2111,10.);
#595=VECTOR('',#2118,10.);
#596=VECTOR('',#2121,10.);
#597=VECTOR('',#2122,10.);
#598=VECTOR('',#2123,10.);
#599=VECTOR('',#2130,10.);
#600=VECTOR('',#2133,10.);
#601=VECTOR('',#2134,10.);
#602=VECTOR('',#2135,10.);
#603=VECTOR('',#2142,10.);
#604=VECTOR('',#2145,10.);
#605=VECTOR('',#2146,10.);
#606=VECTOR('',#2147,10.);
#607=VERTEX_POINT('',#2163);
#608=VERTEX_POINT('',#2164);
#609=VERTEX_POINT('',#2166);
#610=VERTEX_POINT('',#2168);
#611=VERTEX_POINT('',#2172);
#612=VERTEX_POINT('',#2174);
#613=VERTEX_POINT('',#2178);
#614=VERTEX_POINT('',#2182);
#615=VERTEX_POINT('',#2183);
#616=VERTEX_POINT('',#2185);
#617=VERTEX_POINT('',#2187);
#618=VERTEX_POINT('',#2189);
#619=VERTEX_POINT('',#2191);
#620=VERTEX_POINT('',#2193);
#621=VERTEX_POINT('',#2195);
#622=VERTEX_POINT('',#2199);
#623=VERTEX_POINT('',#2201);
#624=VERTEX_POINT('',#2205);
#625=VERTEX_POINT('',#2209);
#626=VERTEX_POINT('',#2213);
#627=VERTEX_POINT('',#2217);
#628=VERTEX_POINT('',#2218);
#629=VERTEX_POINT('',#2220);
#630=VERTEX_POINT('',#2222);
#631=VERTEX_POINT('',#2226);
#632=VERTEX_POINT('',#2228);
#633=VERTEX_POINT('',#2232);
#634=VERTEX_POINT('',#2234);
#635=VERTEX_POINT('',#2238);
#636=VERTEX_POINT('',#2240);
#637=VERTEX_POINT('',#2244);
#638=VERTEX_POINT('',#2246);
#639=VERTEX_POINT('',#2250);
#640=VERTEX_POINT('',#2252);
#641=VERTEX_POINT('',#2256);
#642=VERTEX_POINT('',#2258);
#643=VERTEX_POINT('',#2265);
#644=VERTEX_POINT('',#2267);
#645=VERTEX_POINT('',#2269);
#646=VERTEX_POINT('',#2280);
#647=VERTEX_POINT('',#2287);
#648=VERTEX_POINT('',#2288);
#649=VERTEX_POINT('',#2290);
#650=VERTEX_POINT('',#2292);
#651=VERTEX_POINT('',#2296);
#652=VERTEX_POINT('',#2298);
#653=VERTEX_POINT('',#2302);
#654=VERTEX_POINT('',#2306);
#655=VERTEX_POINT('',#2312);
#656=VERTEX_POINT('',#2313);
#657=VERTEX_POINT('',#2315);
#658=VERTEX_POINT('',#2317);
#659=VERTEX_POINT('',#2319);
#660=VERTEX_POINT('',#2321);
#661=VERTEX_POINT('',#2323);
#662=VERTEX_POINT('',#2325);
#663=VERTEX_POINT('',#2328);
#664=VERTEX_POINT('',#2329);
#665=VERTEX_POINT('',#2331);
#666=VERTEX_POINT('',#2333);
#667=VERTEX_POINT('',#2335);
#668=VERTEX_POINT('',#2337);
#669=VERTEX_POINT('',#2339);
#670=VERTEX_POINT('',#2341);
#671=VERTEX_POINT('',#2345);
#672=VERTEX_POINT('',#2347);
#673=VERTEX_POINT('',#2351);
#674=VERTEX_POINT('',#2355);
#675=VERTEX_POINT('',#2359);
#676=VERTEX_POINT('',#2363);
#677=VERTEX_POINT('',#2367);
#678=VERTEX_POINT('',#2371);
#679=VERTEX_POINT('',#2377);
#680=VERTEX_POINT('',#2378);
#681=VERTEX_POINT('',#2380);
#682=VERTEX_POINT('',#2382);
#683=VERTEX_POINT('',#2384);
#684=VERTEX_POINT('',#2386);
#685=VERTEX_POINT('',#2388);
#686=VERTEX_POINT('',#2390);
#687=VERTEX_POINT('',#2411);
#688=VERTEX_POINT('',#2412);
#689=VERTEX_POINT('',#2414);
#690=VERTEX_POINT('',#2416);
#691=VERTEX_POINT('',#2418);
#692=VERTEX_POINT('',#2420);
#693=VERTEX_POINT('',#2422);
#694=VERTEX_POINT('',#2424);
#695=VERTEX_POINT('',#2428);
#696=VERTEX_POINT('',#2429);
#697=VERTEX_POINT('',#2431);
#698=VERTEX_POINT('',#2433);
#699=VERTEX_POINT('',#2437);
#700=VERTEX_POINT('',#2439);
#701=VERTEX_POINT('',#2443);
#702=VERTEX_POINT('',#2445);
#703=VERTEX_POINT('',#2449);
#704=VERTEX_POINT('',#2451);
#705=VERTEX_POINT('',#2455);
#706=VERTEX_POINT('',#2457);
#707=VERTEX_POINT('',#2461);
#708=VERTEX_POINT('',#2463);
#709=VERTEX_POINT('',#2467);
#710=VERTEX_POINT('',#2469);
#711=VERTEX_POINT('',#2476);
#712=VERTEX_POINT('',#2477);
#713=VERTEX_POINT('',#2479);
#714=VERTEX_POINT('',#2481);
#715=VERTEX_POINT('',#2483);
#716=VERTEX_POINT('',#2485);
#717=VERTEX_POINT('',#2487);
#718=VERTEX_POINT('',#2489);
#719=VERTEX_POINT('',#2493);
#720=VERTEX_POINT('',#2494);
#721=VERTEX_POINT('',#2496);
#722=VERTEX_POINT('',#2498);
#723=VERTEX_POINT('',#2502);
#724=VERTEX_POINT('',#2504);
#725=VERTEX_POINT('',#2508);
#726=VERTEX_POINT('',#2510);
#727=VERTEX_POINT('',#2514);
#728=VERTEX_POINT('',#2516);
#729=VERTEX_POINT('',#2520);
#730=VERTEX_POINT('',#2522);
#731=VERTEX_POINT('',#2526);
#732=VERTEX_POINT('',#2528);
#733=VERTEX_POINT('',#2532);
#734=VERTEX_POINT('',#2534);
#735=VERTEX_POINT('',#2558);
#736=VERTEX_POINT('',#2559);
#737=VERTEX_POINT('',#2561);
#738=VERTEX_POINT('',#2563);
#739=VERTEX_POINT('',#2567);
#740=VERTEX_POINT('',#2569);
#741=VERTEX_POINT('',#2573);
#742=VERTEX_POINT('',#2575);
#743=VERTEX_POINT('',#2579);
#744=VERTEX_POINT('',#2581);
#745=VERTEX_POINT('',#2585);
#746=VERTEX_POINT('',#2587);
#747=VERTEX_POINT('',#2591);
#748=VERTEX_POINT('',#2593);
#749=VERTEX_POINT('',#2597);
#750=VERTEX_POINT('',#2599);
#751=EDGE_CURVE('',#607,#608,#303,.T.);
#752=EDGE_CURVE('',#609,#607,#304,.T.);
#753=EDGE_CURVE('',#610,#609,#305,.T.);
#754=EDGE_CURVE('',#608,#610,#306,.T.);
#755=EDGE_CURVE('',#611,#607,#307,.T.);
#756=EDGE_CURVE('',#611,#612,#308,.T.);
#757=EDGE_CURVE('',#612,#609,#309,.T.);
#758=EDGE_CURVE('',#608,#613,#310,.T.);
#759=EDGE_CURVE('',#613,#611,#311,.T.);
#760=EDGE_CURVE('',#614,#615,#312,.F.);
#761=EDGE_CURVE('',#615,#616,#62,.F.);
#762=EDGE_CURVE('',#616,#617,#313,.F.);
#763=EDGE_CURVE('',#617,#618,#63,.F.);
#764=EDGE_CURVE('',#618,#619,#314,.F.);
#765=EDGE_CURVE('',#619,#620,#64,.F.);
#766=EDGE_CURVE('',#620,#621,#315,.F.);
#767=EDGE_CURVE('',#621,#614,#65,.F.);
#768=EDGE_CURVE('',#618,#622,#316,.T.);
#769=EDGE_CURVE('',#622,#623,#317,.T.);
#770=EDGE_CURVE('',#619,#623,#318,.T.);
#771=EDGE_CURVE('',#617,#624,#319,.T.);
#772=EDGE_CURVE('',#624,#622,#66,.T.);
#773=EDGE_CURVE('',#616,#625,#320,.T.);
#774=EDGE_CURVE('',#625,#624,#321,.T.);
#775=EDGE_CURVE('',#626,#615,#322,.T.);
#776=EDGE_CURVE('',#626,#625,#67,.T.);
#777=EDGE_CURVE('',#627,#628,#68,.T.);
#778=EDGE_CURVE('',#628,#629,#323,.T.);
#779=EDGE_CURVE('',#629,#630,#69,.T.);
#780=EDGE_CURVE('',#627,#630,#324,.T.);
#781=EDGE_CURVE('',#631,#627,#325,.T.);
#782=EDGE_CURVE('',#630,#632,#326,.T.);
#783=EDGE_CURVE('',#631,#632,#327,.T.);
#784=EDGE_CURVE('',#633,#631,#70,.T.);
#785=EDGE_CURVE('',#632,#634,#71,.T.);
#786=EDGE_CURVE('',#633,#634,#328,.T.);
#787=EDGE_CURVE('',#635,#633,#329,.T.);
#788=EDGE_CURVE('',#634,#636,#330,.T.);
#789=EDGE_CURVE('',#635,#636,#331,.T.);
#790=EDGE_CURVE('',#628,#637,#332,.T.);
#791=EDGE_CURVE('',#637,#638,#333,.T.);
#792=EDGE_CURVE('',#638,#629,#334,.T.);
#793=EDGE_CURVE('',#637,#639,#72,.T.);
#794=EDGE_CURVE('',#639,#640,#335,.T.);
#795=EDGE_CURVE('',#640,#638,#73,.T.);
#796=EDGE_CURVE('',#639,#641,#336,.T.);
#797=EDGE_CURVE('',#641,#642,#337,.T.);
#798=EDGE_CURVE('',#642,#640,#338,.T.);
#799=EDGE_CURVE('',#641,#635,#74,.T.);
#800=EDGE_CURVE('',#636,#642,#75,.T.);
#801=EDGE_CURVE('',#643,#626,#339,.T.);
#802=EDGE_CURVE('',#644,#643,#76,.T.);
#803=EDGE_CURVE('',#645,#644,#340,.T.);
#804=EDGE_CURVE('',#623,#645,#77,.T.);
#805=EDGE_CURVE('',#614,#643,#341,.T.);
#806=EDGE_CURVE('',#621,#644,#342,.T.);
#807=EDGE_CURVE('',#620,#645,#343,.T.);
#808=EDGE_CURVE('',#646,#613,#344,.T.);
#809=EDGE_CURVE('',#612,#646,#345,.T.);
#810=EDGE_CURVE('',#646,#610,#346,.T.);
#811=EDGE_CURVE('',#647,#648,#347,.T.);
#812=EDGE_CURVE('',#649,#647,#348,.T.);
#813=EDGE_CURVE('',#650,#649,#349,.T.);
#814=EDGE_CURVE('',#650,#648,#350,.T.);
#815=EDGE_CURVE('',#648,#651,#351,.T.);
#816=EDGE_CURVE('',#652,#650,#352,.T.);
#817=EDGE_CURVE('',#652,#651,#353,.T.);
#818=EDGE_CURVE('',#649,#653,#354,.T.);
#819=EDGE_CURVE('',#653,#652,#355,.T.);
#820=EDGE_CURVE('',#651,#654,#356,.T.);
#821=EDGE_CURVE('',#654,#653,#357,.T.);
#822=EDGE_CURVE('',#654,#647,#358,.T.);
#823=EDGE_CURVE('',#655,#656,#78,.T.);
#824=EDGE_CURVE('',#657,#656,#359,.T.);
#825=EDGE_CURVE('',#657,#658,#79,.T.);
#826=EDGE_CURVE('',#659,#658,#360,.T.);
#827=EDGE_CURVE('',#659,#660,#80,.T.);
#828=EDGE_CURVE('',#661,#660,#361,.T.);
#829=EDGE_CURVE('',#661,#662,#81,.T.);
#830=EDGE_CURVE('',#655,#662,#362,.T.);
#831=EDGE_CURVE('',#663,#664,#363,.F.);
#832=EDGE_CURVE('',#665,#663,#82,.F.);
#833=EDGE_CURVE('',#666,#665,#364,.F.);
#834=EDGE_CURVE('',#667,#666,#83,.F.);
#835=EDGE_CURVE('',#668,#667,#365,.F.);
#836=EDGE_CURVE('',#669,#668,#84,.F.);
#837=EDGE_CURVE('',#670,#669,#366,.F.);
#838=EDGE_CURVE('',#664,#670,#85,.F.);
#839=EDGE_CURVE('',#655,#671,#367,.T.);
#840=EDGE_CURVE('',#671,#672,#86,.F.);
#841=EDGE_CURVE('',#656,#672,#368,.T.);
#842=EDGE_CURVE('',#672,#673,#369,.F.);
#843=EDGE_CURVE('',#657,#673,#370,.T.);
#844=EDGE_CURVE('',#673,#674,#87,.F.);
#845=EDGE_CURVE('',#658,#674,#371,.T.);
#846=EDGE_CURVE('',#674,#675,#372,.F.);
#847=EDGE_CURVE('',#659,#675,#373,.T.);
#848=EDGE_CURVE('',#675,#676,#88,.F.);
#849=EDGE_CURVE('',#660,#676,#374,.T.);
#850=EDGE_CURVE('',#676,#677,#375,.F.);
#851=EDGE_CURVE('',#661,#677,#376,.T.);
#852=EDGE_CURVE('',#677,#678,#89,.F.);
#853=EDGE_CURVE('',#662,#678,#377,.T.);
#854=EDGE_CURVE('',#678,#671,#378,.F.);
#855=EDGE_CURVE('',#679,#680,#90,.T.);
#856=EDGE_CURVE('',#681,#680,#379,.T.);
#857=EDGE_CURVE('',#681,#682,#91,.T.);
#858=EDGE_CURVE('',#683,#682,#380,.T.);
#859=EDGE_CURVE('',#683,#684,#92,.T.);
#860=EDGE_CURVE('',#685,#684,#381,.T.);
#861=EDGE_CURVE('',#685,#686,#93,.T.);
#862=EDGE_CURVE('',#679,#686,#382,.T.);
#863=EDGE_CURVE('',#679,#664,#383,.T.);
#864=EDGE_CURVE('',#680,#670,#384,.T.);
#865=EDGE_CURVE('',#681,#669,#385,.T.);
#866=EDGE_CURVE('',#682,#668,#386,.T.);
#867=EDGE_CURVE('',#683,#667,#387,.T.);
#868=EDGE_CURVE('',#684,#666,#388,.T.);
#869=EDGE_CURVE('',#685,#665,#389,.T.);
#870=EDGE_CURVE('',#686,#663,#390,.T.);
#871=EDGE_CURVE('',#687,#688,#391,.F.);
#872=EDGE_CURVE('',#689,#687,#94,.F.);
#873=EDGE_CURVE('',#690,#689,#392,.F.);
#874=EDGE_CURVE('',#691,#690,#95,.F.);
#875=EDGE_CURVE('',#692,#691,#393,.F.);
#876=EDGE_CURVE('',#693,#692,#96,.F.);
#877=EDGE_CURVE('',#694,#693,#394,.F.);
#878=EDGE_CURVE('',#688,#694,#97,.F.);
#879=EDGE_CURVE('',#695,#696,#98,.T.);
#880=EDGE_CURVE('',#695,#697,#395,.T.);
#881=EDGE_CURVE('',#698,#697,#99,.T.);
#882=EDGE_CURVE('',#696,#698,#396,.T.);
#883=EDGE_CURVE('',#699,#695,#397,.T.);
#884=EDGE_CURVE('',#699,#700,#398,.T.);
#885=EDGE_CURVE('',#697,#700,#399,.T.);
#886=EDGE_CURVE('',#701,#699,#100,.T.);
#887=EDGE_CURVE('',#701,#702,#400,.T.);
#888=EDGE_CURVE('',#700,#702,#101,.T.);
#889=EDGE_CURVE('',#703,#701,#401,.T.);
#890=EDGE_CURVE('',#703,#704,#402,.T.);
#891=EDGE_CURVE('',#702,#704,#403,.T.);
#892=EDGE_CURVE('',#696,#705,#404,.T.);
#893=EDGE_CURVE('',#706,#698,#405,.T.);
#894=EDGE_CURVE('',#705,#706,#406,.T.);
#895=EDGE_CURVE('',#705,#707,#102,.T.);
#896=EDGE_CURVE('',#708,#706,#103,.T.);
#897=EDGE_CURVE('',#707,#708,#407,.T.);
#898=EDGE_CURVE('',#707,#709,#408,.T.);
#899=EDGE_CURVE('',#710,#708,#409,.T.);
#900=EDGE_CURVE('',#709,#710,#410,.T.);
#901=EDGE_CURVE('',#709,#703,#104,.T.);
#902=EDGE_CURVE('',#704,#710,#105,.T.);
#903=EDGE_CURVE('',#711,#712,#106,.T.);
#904=EDGE_CURVE('',#712,#713,#411,.T.);
#905=EDGE_CURVE('',#713,#714,#107,.T.);
#906=EDGE_CURVE('',#714,#715,#412,.T.);
#907=EDGE_CURVE('',#715,#716,#108,.T.);
#908=EDGE_CURVE('',#716,#717,#413,.T.);
#909=EDGE_CURVE('',#717,#718,#109,.T.);
#910=EDGE_CURVE('',#718,#711,#414,.T.);
#911=EDGE_CURVE('',#719,#720,#415,.T.);
#912=EDGE_CURVE('',#719,#721,#416,.T.);
#913=EDGE_CURVE('',#722,#721,#417,.F.);
#914=EDGE_CURVE('',#720,#722,#418,.T.);
#915=EDGE_CURVE('',#723,#720,#110,.T.);
#916=EDGE_CURVE('',#724,#722,#111,.F.);
#917=EDGE_CURVE('',#723,#724,#419,.T.);
#918=EDGE_CURVE('',#723,#725,#420,.T.);
#919=EDGE_CURVE('',#726,#724,#421,.F.);
#920=EDGE_CURVE('',#725,#726,#422,.T.);
#921=EDGE_CURVE('',#727,#725,#112,.T.);
#922=EDGE_CURVE('',#728,#726,#113,.F.);
#923=EDGE_CURVE('',#727,#728,#423,.T.);
#924=EDGE_CURVE('',#727,#729,#424,.T.);
#925=EDGE_CURVE('',#730,#728,#425,.F.);
#926=EDGE_CURVE('',#729,#730,#426,.T.);
#927=EDGE_CURVE('',#731,#729,#114,.T.);
#928=EDGE_CURVE('',#732,#730,#115,.F.);
#929=EDGE_CURVE('',#731,#732,#427,.T.);
#930=EDGE_CURVE('',#731,#733,#428,.T.);
#931=EDGE_CURVE('',#734,#732,#429,.F.);
#932=EDGE_CURVE('',#733,#734,#430,.T.);
#933=EDGE_CURVE('',#719,#733,#116,.T.);
#934=EDGE_CURVE('',#721,#734,#117,.F.);
#935=EDGE_CURVE('',#711,#688,#431,.T.);
#936=EDGE_CURVE('',#687,#718,#432,.T.);
#937=EDGE_CURVE('',#689,#717,#433,.T.);
#938=EDGE_CURVE('',#690,#716,#434,.T.);
#939=EDGE_CURVE('',#691,#715,#435,.T.);
#940=EDGE_CURVE('',#692,#714,#436,.T.);
#941=EDGE_CURVE('',#693,#713,#437,.T.);
#942=EDGE_CURVE('',#694,#712,#438,.T.);
#943=EDGE_CURVE('',#735,#736,#439,.T.);
#944=EDGE_CURVE('',#735,#737,#440,.T.);
#945=EDGE_CURVE('',#738,#737,#441,.F.);
#946=EDGE_CURVE('',#736,#738,#442,.T.);
#947=EDGE_CURVE('',#739,#736,#118,.T.);
#948=EDGE_CURVE('',#740,#738,#119,.F.);
#949=EDGE_CURVE('',#739,#740,#443,.T.);
#950=EDGE_CURVE('',#739,#741,#444,.T.);
#951=EDGE_CURVE('',#742,#740,#445,.F.);
#952=EDGE_CURVE('',#741,#742,#446,.T.);
#953=EDGE_CURVE('',#743,#741,#120,.T.);
#954=EDGE_CURVE('',#744,#742,#121,.F.);
#955=EDGE_CURVE('',#743,#744,#447,.T.);
#956=EDGE_CURVE('',#743,#745,#448,.T.);
#957=EDGE_CURVE('',#746,#744,#449,.F.);
#958=EDGE_CURVE('',#745,#746,#450,.T.);
#959=EDGE_CURVE('',#747,#745,#122,.T.);
#960=EDGE_CURVE('',#748,#746,#123,.F.);
#961=EDGE_CURVE('',#747,#748,#451,.T.);
#962=EDGE_CURVE('',#747,#749,#452,.T.);
#963=EDGE_CURVE('',#750,#748,#453,.F.);
#964=EDGE_CURVE('',#749,#750,#454,.T.);
#965=EDGE_CURVE('',#735,#749,#124,.T.);
#966=EDGE_CURVE('',#737,#750,#125,.F.);
#967=ORIENTED_EDGE('',*,*,#751,.F.);
#968=ORIENTED_EDGE('',*,*,#752,.F.);
#969=ORIENTED_EDGE('',*,*,#753,.F.);
#970=ORIENTED_EDGE('',*,*,#754,.F.);
#971=ORIENTED_EDGE('',*,*,#752,.T.);
#972=ORIENTED_EDGE('',*,*,#755,.F.);
#973=ORIENTED_EDGE('',*,*,#756,.T.);
#974=ORIENTED_EDGE('',*,*,#757,.T.);
#975=ORIENTED_EDGE('',*,*,#751,.T.);
#976=ORIENTED_EDGE('',*,*,#758,.T.);
#977=ORIENTED_EDGE('',*,*,#759,.T.);
#978=ORIENTED_EDGE('',*,*,#755,.T.);
#979=ORIENTED_EDGE('',*,*,#760,.T.);
#980=ORIENTED_EDGE('',*,*,#761,.T.);
#981=ORIENTED_EDGE('',*,*,#762,.T.);
#982=ORIENTED_EDGE('',*,*,#763,.T.);
#983=ORIENTED_EDGE('',*,*,#764,.T.);
#984=ORIENTED_EDGE('',*,*,#765,.T.);
#985=ORIENTED_EDGE('',*,*,#766,.T.);
#986=ORIENTED_EDGE('',*,*,#767,.T.);
#987=ORIENTED_EDGE('',*,*,#768,.T.);
#988=ORIENTED_EDGE('',*,*,#769,.T.);
#989=ORIENTED_EDGE('',*,*,#770,.F.);
#990=ORIENTED_EDGE('',*,*,#764,.F.);
#991=ORIENTED_EDGE('',*,*,#771,.T.);
#992=ORIENTED_EDGE('',*,*,#772,.T.);
#993=ORIENTED_EDGE('',*,*,#768,.F.);
#994=ORIENTED_EDGE('',*,*,#763,.F.);
#995=ORIENTED_EDGE('',*,*,#773,.T.);
#996=ORIENTED_EDGE('',*,*,#774,.T.);
#997=ORIENTED_EDGE('',*,*,#771,.F.);
#998=ORIENTED_EDGE('',*,*,#762,.F.);
#999=ORIENTED_EDGE('',*,*,#775,.F.);
#1000=ORIENTED_EDGE('',*,*,#776,.T.);
#1001=ORIENTED_EDGE('',*,*,#773,.F.);
#1002=ORIENTED_EDGE('',*,*,#761,.F.);
#1003=ORIENTED_EDGE('',*,*,#777,.T.);
#1004=ORIENTED_EDGE('',*,*,#778,.T.);
#1005=ORIENTED_EDGE('',*,*,#779,.T.);
#1006=ORIENTED_EDGE('',*,*,#780,.F.);
#1007=ORIENTED_EDGE('',*,*,#781,.T.);
#1008=ORIENTED_EDGE('',*,*,#780,.T.);
#1009=ORIENTED_EDGE('',*,*,#782,.T.);
#1010=ORIENTED_EDGE('',*,*,#783,.F.);
#1011=ORIENTED_EDGE('',*,*,#784,.T.);
#1012=ORIENTED_EDGE('',*,*,#783,.T.);
#1013=ORIENTED_EDGE('',*,*,#785,.T.);
#1014=ORIENTED_EDGE('',*,*,#786,.F.);
#1015=ORIENTED_EDGE('',*,*,#787,.T.);
#1016=ORIENTED_EDGE('',*,*,#786,.T.);
#1017=ORIENTED_EDGE('',*,*,#788,.T.);
#1018=ORIENTED_EDGE('',*,*,#789,.F.);
#1019=ORIENTED_EDGE('',*,*,#790,.T.);
#1020=ORIENTED_EDGE('',*,*,#791,.T.);
#1021=ORIENTED_EDGE('',*,*,#792,.T.);
#1022=ORIENTED_EDGE('',*,*,#778,.F.);
#1023=ORIENTED_EDGE('',*,*,#793,.T.);
#1024=ORIENTED_EDGE('',*,*,#794,.T.);
#1025=ORIENTED_EDGE('',*,*,#795,.T.);
#1026=ORIENTED_EDGE('',*,*,#791,.F.);
#1027=ORIENTED_EDGE('',*,*,#796,.T.);
#1028=ORIENTED_EDGE('',*,*,#797,.T.);
#1029=ORIENTED_EDGE('',*,*,#798,.T.);
#1030=ORIENTED_EDGE('',*,*,#794,.F.);
#1031=ORIENTED_EDGE('',*,*,#799,.T.);
#1032=ORIENTED_EDGE('',*,*,#789,.T.);
#1033=ORIENTED_EDGE('',*,*,#800,.T.);
#1034=ORIENTED_EDGE('',*,*,#797,.F.);
#1035=ORIENTED_EDGE('',*,*,#800,.F.);
#1036=ORIENTED_EDGE('',*,*,#788,.F.);
#1037=ORIENTED_EDGE('',*,*,#785,.F.);
#1038=ORIENTED_EDGE('',*,*,#782,.F.);
#1039=ORIENTED_EDGE('',*,*,#779,.F.);
#1040=ORIENTED_EDGE('',*,*,#792,.F.);
#1041=ORIENTED_EDGE('',*,*,#795,.F.);
#1042=ORIENTED_EDGE('',*,*,#798,.F.);
#1043=ORIENTED_EDGE('',*,*,#776,.F.);
#1044=ORIENTED_EDGE('',*,*,#801,.F.);
#1045=ORIENTED_EDGE('',*,*,#802,.F.);
#1046=ORIENTED_EDGE('',*,*,#803,.F.);
#1047=ORIENTED_EDGE('',*,*,#804,.F.);
#1048=ORIENTED_EDGE('',*,*,#769,.F.);
#1049=ORIENTED_EDGE('',*,*,#772,.F.);
#1050=ORIENTED_EDGE('',*,*,#774,.F.);
#1051=ORIENTED_EDGE('',*,*,#805,.T.);
#1052=ORIENTED_EDGE('',*,*,#801,.T.);
#1053=ORIENTED_EDGE('',*,*,#775,.T.);
#1054=ORIENTED_EDGE('',*,*,#760,.F.);
#1055=ORIENTED_EDGE('',*,*,#806,.T.);
#1056=ORIENTED_EDGE('',*,*,#802,.T.);
#1057=ORIENTED_EDGE('',*,*,#805,.F.);
#1058=ORIENTED_EDGE('',*,*,#767,.F.);
#1059=ORIENTED_EDGE('',*,*,#807,.T.);
#1060=ORIENTED_EDGE('',*,*,#803,.T.);
#1061=ORIENTED_EDGE('',*,*,#806,.F.);
#1062=ORIENTED_EDGE('',*,*,#766,.F.);
#1063=ORIENTED_EDGE('',*,*,#770,.T.);
#1064=ORIENTED_EDGE('',*,*,#804,.T.);
#1065=ORIENTED_EDGE('',*,*,#807,.F.);
#1066=ORIENTED_EDGE('',*,*,#765,.F.);
#1067=ORIENTED_EDGE('',*,*,#808,.F.);
#1068=ORIENTED_EDGE('',*,*,#809,.F.);
#1069=ORIENTED_EDGE('',*,*,#756,.F.);
#1070=ORIENTED_EDGE('',*,*,#759,.F.);
#1071=ORIENTED_EDGE('',*,*,#787,.F.);
#1072=ORIENTED_EDGE('',*,*,#799,.F.);
#1073=ORIENTED_EDGE('',*,*,#796,.F.);
#1074=ORIENTED_EDGE('',*,*,#793,.F.);
#1075=ORIENTED_EDGE('',*,*,#790,.F.);
#1076=ORIENTED_EDGE('',*,*,#777,.F.);
#1077=ORIENTED_EDGE('',*,*,#781,.F.);
#1078=ORIENTED_EDGE('',*,*,#784,.F.);
#1079=ORIENTED_EDGE('',*,*,#753,.T.);
#1080=ORIENTED_EDGE('',*,*,#757,.F.);
#1081=ORIENTED_EDGE('',*,*,#809,.T.);
#1082=ORIENTED_EDGE('',*,*,#810,.T.);
#1083=ORIENTED_EDGE('',*,*,#754,.T.);
#1084=ORIENTED_EDGE('',*,*,#810,.F.);
#1085=ORIENTED_EDGE('',*,*,#808,.T.);
#1086=ORIENTED_EDGE('',*,*,#758,.F.);
#1087=ORIENTED_EDGE('',*,*,#811,.F.);
#1088=ORIENTED_EDGE('',*,*,#812,.F.);
#1089=ORIENTED_EDGE('',*,*,#813,.F.);
#1090=ORIENTED_EDGE('',*,*,#814,.T.);
#1091=ORIENTED_EDGE('',*,*,#815,.F.);
#1092=ORIENTED_EDGE('',*,*,#814,.F.);
#1093=ORIENTED_EDGE('',*,*,#816,.F.);
#1094=ORIENTED_EDGE('',*,*,#817,.T.);
#1095=ORIENTED_EDGE('',*,*,#818,.T.);
#1096=ORIENTED_EDGE('',*,*,#819,.T.);
#1097=ORIENTED_EDGE('',*,*,#816,.T.);
#1098=ORIENTED_EDGE('',*,*,#813,.T.);
#1099=ORIENTED_EDGE('',*,*,#820,.F.);
#1100=ORIENTED_EDGE('',*,*,#817,.F.);
#1101=ORIENTED_EDGE('',*,*,#819,.F.);
#1102=ORIENTED_EDGE('',*,*,#821,.F.);
#1103=ORIENTED_EDGE('',*,*,#822,.F.);
#1104=ORIENTED_EDGE('',*,*,#821,.T.);
#1105=ORIENTED_EDGE('',*,*,#818,.F.);
#1106=ORIENTED_EDGE('',*,*,#812,.T.);
#1107=ORIENTED_EDGE('',*,*,#823,.T.);
#1108=ORIENTED_EDGE('',*,*,#824,.F.);
#1109=ORIENTED_EDGE('',*,*,#825,.T.);
#1110=ORIENTED_EDGE('',*,*,#826,.F.);
#1111=ORIENTED_EDGE('',*,*,#827,.T.);
#1112=ORIENTED_EDGE('',*,*,#828,.F.);
#1113=ORIENTED_EDGE('',*,*,#829,.T.);
#1114=ORIENTED_EDGE('',*,*,#830,.F.);
#1115=ORIENTED_EDGE('',*,*,#831,.F.);
#1116=ORIENTED_EDGE('',*,*,#832,.F.);
#1117=ORIENTED_EDGE('',*,*,#833,.F.);
#1118=ORIENTED_EDGE('',*,*,#834,.F.);
#1119=ORIENTED_EDGE('',*,*,#835,.F.);
#1120=ORIENTED_EDGE('',*,*,#836,.F.);
#1121=ORIENTED_EDGE('',*,*,#837,.F.);
#1122=ORIENTED_EDGE('',*,*,#838,.F.);
#1123=ORIENTED_EDGE('',*,*,#823,.F.);
#1124=ORIENTED_EDGE('',*,*,#839,.T.);
#1125=ORIENTED_EDGE('',*,*,#840,.T.);
#1126=ORIENTED_EDGE('',*,*,#841,.F.);
#1127=ORIENTED_EDGE('',*,*,#824,.T.);
#1128=ORIENTED_EDGE('',*,*,#841,.T.);
#1129=ORIENTED_EDGE('',*,*,#842,.T.);
#1130=ORIENTED_EDGE('',*,*,#843,.F.);
#1131=ORIENTED_EDGE('',*,*,#825,.F.);
#1132=ORIENTED_EDGE('',*,*,#843,.T.);
#1133=ORIENTED_EDGE('',*,*,#844,.T.);
#1134=ORIENTED_EDGE('',*,*,#845,.F.);
#1135=ORIENTED_EDGE('',*,*,#826,.T.);
#1136=ORIENTED_EDGE('',*,*,#845,.T.);
#1137=ORIENTED_EDGE('',*,*,#846,.T.);
#1138=ORIENTED_EDGE('',*,*,#847,.F.);
#1139=ORIENTED_EDGE('',*,*,#827,.F.);
#1140=ORIENTED_EDGE('',*,*,#847,.T.);
#1141=ORIENTED_EDGE('',*,*,#848,.T.);
#1142=ORIENTED_EDGE('',*,*,#849,.F.);
#1143=ORIENTED_EDGE('',*,*,#828,.T.);
#1144=ORIENTED_EDGE('',*,*,#849,.T.);
#1145=ORIENTED_EDGE('',*,*,#850,.T.);
#1146=ORIENTED_EDGE('',*,*,#851,.F.);
#1147=ORIENTED_EDGE('',*,*,#829,.F.);
#1148=ORIENTED_EDGE('',*,*,#851,.T.);
#1149=ORIENTED_EDGE('',*,*,#852,.T.);
#1150=ORIENTED_EDGE('',*,*,#853,.F.);
#1151=ORIENTED_EDGE('',*,*,#830,.T.);
#1152=ORIENTED_EDGE('',*,*,#853,.T.);
#1153=ORIENTED_EDGE('',*,*,#854,.T.);
#1154=ORIENTED_EDGE('',*,*,#839,.F.);
#1155=ORIENTED_EDGE('',*,*,#855,.T.);
#1156=ORIENTED_EDGE('',*,*,#856,.F.);
#1157=ORIENTED_EDGE('',*,*,#857,.T.);
#1158=ORIENTED_EDGE('',*,*,#858,.F.);
#1159=ORIENTED_EDGE('',*,*,#859,.T.);
#1160=ORIENTED_EDGE('',*,*,#860,.F.);
#1161=ORIENTED_EDGE('',*,*,#861,.T.);
#1162=ORIENTED_EDGE('',*,*,#862,.F.);
#1163=ORIENTED_EDGE('',*,*,#855,.F.);
#1164=ORIENTED_EDGE('',*,*,#863,.T.);
#1165=ORIENTED_EDGE('',*,*,#838,.T.);
#1166=ORIENTED_EDGE('',*,*,#864,.F.);
#1167=ORIENTED_EDGE('',*,*,#856,.T.);
#1168=ORIENTED_EDGE('',*,*,#864,.T.);
#1169=ORIENTED_EDGE('',*,*,#837,.T.);
#1170=ORIENTED_EDGE('',*,*,#865,.F.);
#1171=ORIENTED_EDGE('',*,*,#857,.F.);
#1172=ORIENTED_EDGE('',*,*,#865,.T.);
#1173=ORIENTED_EDGE('',*,*,#836,.T.);
#1174=ORIENTED_EDGE('',*,*,#866,.F.);
#1175=ORIENTED_EDGE('',*,*,#858,.T.);
#1176=ORIENTED_EDGE('',*,*,#866,.T.);
#1177=ORIENTED_EDGE('',*,*,#835,.T.);
#1178=ORIENTED_EDGE('',*,*,#867,.F.);
#1179=ORIENTED_EDGE('',*,*,#859,.F.);
#1180=ORIENTED_EDGE('',*,*,#867,.T.);
#1181=ORIENTED_EDGE('',*,*,#834,.T.);
#1182=ORIENTED_EDGE('',*,*,#868,.F.);
#1183=ORIENTED_EDGE('',*,*,#860,.T.);
#1184=ORIENTED_EDGE('',*,*,#868,.T.);
#1185=ORIENTED_EDGE('',*,*,#833,.T.);
#1186=ORIENTED_EDGE('',*,*,#869,.F.);
#1187=ORIENTED_EDGE('',*,*,#861,.F.);
#1188=ORIENTED_EDGE('',*,*,#869,.T.);
#1189=ORIENTED_EDGE('',*,*,#832,.T.);
#1190=ORIENTED_EDGE('',*,*,#870,.F.);
#1191=ORIENTED_EDGE('',*,*,#862,.T.);
#1192=ORIENTED_EDGE('',*,*,#870,.T.);
#1193=ORIENTED_EDGE('',*,*,#831,.T.);
#1194=ORIENTED_EDGE('',*,*,#863,.F.);
#1195=ORIENTED_EDGE('',*,*,#820,.T.);
#1196=ORIENTED_EDGE('',*,*,#822,.T.);
#1197=ORIENTED_EDGE('',*,*,#811,.T.);
#1198=ORIENTED_EDGE('',*,*,#815,.T.);
#1199=ORIENTED_EDGE('',*,*,#854,.F.);
#1200=ORIENTED_EDGE('',*,*,#852,.F.);
#1201=ORIENTED_EDGE('',*,*,#850,.F.);
#1202=ORIENTED_EDGE('',*,*,#848,.F.);
#1203=ORIENTED_EDGE('',*,*,#846,.F.);
#1204=ORIENTED_EDGE('',*,*,#844,.F.);
#1205=ORIENTED_EDGE('',*,*,#842,.F.);
#1206=ORIENTED_EDGE('',*,*,#840,.F.);
#1207=ORIENTED_EDGE('',*,*,#871,.F.);
#1208=ORIENTED_EDGE('',*,*,#872,.F.);
#1209=ORIENTED_EDGE('',*,*,#873,.F.);
#1210=ORIENTED_EDGE('',*,*,#874,.F.);
#1211=ORIENTED_EDGE('',*,*,#875,.F.);
#1212=ORIENTED_EDGE('',*,*,#876,.F.);
#1213=ORIENTED_EDGE('',*,*,#877,.F.);
#1214=ORIENTED_EDGE('',*,*,#878,.F.);
#1215=ORIENTED_EDGE('',*,*,#879,.F.);
#1216=ORIENTED_EDGE('',*,*,#880,.T.);
#1217=ORIENTED_EDGE('',*,*,#881,.F.);
#1218=ORIENTED_EDGE('',*,*,#882,.F.);
#1219=ORIENTED_EDGE('',*,*,#883,.F.);
#1220=ORIENTED_EDGE('',*,*,#884,.T.);
#1221=ORIENTED_EDGE('',*,*,#885,.F.);
#1222=ORIENTED_EDGE('',*,*,#880,.F.);
#1223=ORIENTED_EDGE('',*,*,#886,.F.);
#1224=ORIENTED_EDGE('',*,*,#887,.T.);
#1225=ORIENTED_EDGE('',*,*,#888,.F.);
#1226=ORIENTED_EDGE('',*,*,#884,.F.);
#1227=ORIENTED_EDGE('',*,*,#889,.F.);
#1228=ORIENTED_EDGE('',*,*,#890,.T.);
#1229=ORIENTED_EDGE('',*,*,#891,.F.);
#1230=ORIENTED_EDGE('',*,*,#887,.F.);
#1231=ORIENTED_EDGE('',*,*,#892,.F.);
#1232=ORIENTED_EDGE('',*,*,#882,.T.);
#1233=ORIENTED_EDGE('',*,*,#893,.F.);
#1234=ORIENTED_EDGE('',*,*,#894,.F.);
#1235=ORIENTED_EDGE('',*,*,#895,.F.);
#1236=ORIENTED_EDGE('',*,*,#894,.T.);
#1237=ORIENTED_EDGE('',*,*,#896,.F.);
#1238=ORIENTED_EDGE('',*,*,#897,.F.);
#1239=ORIENTED_EDGE('',*,*,#898,.F.);
#1240=ORIENTED_EDGE('',*,*,#897,.T.);
#1241=ORIENTED_EDGE('',*,*,#899,.F.);
#1242=ORIENTED_EDGE('',*,*,#900,.F.);
#1243=ORIENTED_EDGE('',*,*,#901,.F.);
#1244=ORIENTED_EDGE('',*,*,#900,.T.);
#1245=ORIENTED_EDGE('',*,*,#902,.F.);
#1246=ORIENTED_EDGE('',*,*,#890,.F.);
#1247=ORIENTED_EDGE('',*,*,#902,.T.);
#1248=ORIENTED_EDGE('',*,*,#899,.T.);
#1249=ORIENTED_EDGE('',*,*,#896,.T.);
#1250=ORIENTED_EDGE('',*,*,#893,.T.);
#1251=ORIENTED_EDGE('',*,*,#881,.T.);
#1252=ORIENTED_EDGE('',*,*,#885,.T.);
#1253=ORIENTED_EDGE('',*,*,#888,.T.);
#1254=ORIENTED_EDGE('',*,*,#891,.T.);
#1255=ORIENTED_EDGE('',*,*,#903,.T.);
#1256=ORIENTED_EDGE('',*,*,#904,.T.);
#1257=ORIENTED_EDGE('',*,*,#905,.T.);
#1258=ORIENTED_EDGE('',*,*,#906,.T.);
#1259=ORIENTED_EDGE('',*,*,#907,.T.);
#1260=ORIENTED_EDGE('',*,*,#908,.T.);
#1261=ORIENTED_EDGE('',*,*,#909,.T.);
#1262=ORIENTED_EDGE('',*,*,#910,.T.);
#1263=ORIENTED_EDGE('',*,*,#911,.F.);
#1264=ORIENTED_EDGE('',*,*,#912,.T.);
#1265=ORIENTED_EDGE('',*,*,#913,.F.);
#1266=ORIENTED_EDGE('',*,*,#914,.F.);
#1267=ORIENTED_EDGE('',*,*,#915,.T.);
#1268=ORIENTED_EDGE('',*,*,#914,.T.);
#1269=ORIENTED_EDGE('',*,*,#916,.F.);
#1270=ORIENTED_EDGE('',*,*,#917,.F.);
#1271=ORIENTED_EDGE('',*,*,#918,.F.);
#1272=ORIENTED_EDGE('',*,*,#917,.T.);
#1273=ORIENTED_EDGE('',*,*,#919,.F.);
#1274=ORIENTED_EDGE('',*,*,#920,.F.);
#1275=ORIENTED_EDGE('',*,*,#921,.T.);
#1276=ORIENTED_EDGE('',*,*,#920,.T.);
#1277=ORIENTED_EDGE('',*,*,#922,.F.);
#1278=ORIENTED_EDGE('',*,*,#923,.F.);
#1279=ORIENTED_EDGE('',*,*,#924,.F.);
#1280=ORIENTED_EDGE('',*,*,#923,.T.);
#1281=ORIENTED_EDGE('',*,*,#925,.F.);
#1282=ORIENTED_EDGE('',*,*,#926,.F.);
#1283=ORIENTED_EDGE('',*,*,#927,.T.);
#1284=ORIENTED_EDGE('',*,*,#926,.T.);
#1285=ORIENTED_EDGE('',*,*,#928,.F.);
#1286=ORIENTED_EDGE('',*,*,#929,.F.);
#1287=ORIENTED_EDGE('',*,*,#930,.F.);
#1288=ORIENTED_EDGE('',*,*,#929,.T.);
#1289=ORIENTED_EDGE('',*,*,#931,.F.);
#1290=ORIENTED_EDGE('',*,*,#932,.F.);
#1291=ORIENTED_EDGE('',*,*,#933,.T.);
#1292=ORIENTED_EDGE('',*,*,#932,.T.);
#1293=ORIENTED_EDGE('',*,*,#934,.F.);
#1294=ORIENTED_EDGE('',*,*,#912,.F.);
#1295=ORIENTED_EDGE('',*,*,#933,.F.);
#1296=ORIENTED_EDGE('',*,*,#911,.T.);
#1297=ORIENTED_EDGE('',*,*,#915,.F.);
#1298=ORIENTED_EDGE('',*,*,#918,.T.);
#1299=ORIENTED_EDGE('',*,*,#921,.F.);
#1300=ORIENTED_EDGE('',*,*,#924,.T.);
#1301=ORIENTED_EDGE('',*,*,#927,.F.);
#1302=ORIENTED_EDGE('',*,*,#930,.T.);
#1303=ORIENTED_EDGE('',*,*,#935,.F.);
#1304=ORIENTED_EDGE('',*,*,#910,.F.);
#1305=ORIENTED_EDGE('',*,*,#936,.F.);
#1306=ORIENTED_EDGE('',*,*,#871,.T.);
#1307=ORIENTED_EDGE('',*,*,#936,.T.);
#1308=ORIENTED_EDGE('',*,*,#909,.F.);
#1309=ORIENTED_EDGE('',*,*,#937,.F.);
#1310=ORIENTED_EDGE('',*,*,#872,.T.);
#1311=ORIENTED_EDGE('',*,*,#937,.T.);
#1312=ORIENTED_EDGE('',*,*,#908,.F.);
#1313=ORIENTED_EDGE('',*,*,#938,.F.);
#1314=ORIENTED_EDGE('',*,*,#873,.T.);
#1315=ORIENTED_EDGE('',*,*,#938,.T.);
#1316=ORIENTED_EDGE('',*,*,#907,.F.);
#1317=ORIENTED_EDGE('',*,*,#939,.F.);
#1318=ORIENTED_EDGE('',*,*,#874,.T.);
#1319=ORIENTED_EDGE('',*,*,#939,.T.);
#1320=ORIENTED_EDGE('',*,*,#906,.F.);
#1321=ORIENTED_EDGE('',*,*,#940,.F.);
#1322=ORIENTED_EDGE('',*,*,#875,.T.);
#1323=ORIENTED_EDGE('',*,*,#940,.T.);
#1324=ORIENTED_EDGE('',*,*,#905,.F.);
#1325=ORIENTED_EDGE('',*,*,#941,.F.);
#1326=ORIENTED_EDGE('',*,*,#876,.T.);
#1327=ORIENTED_EDGE('',*,*,#941,.T.);
#1328=ORIENTED_EDGE('',*,*,#904,.F.);
#1329=ORIENTED_EDGE('',*,*,#942,.F.);
#1330=ORIENTED_EDGE('',*,*,#877,.T.);
#1331=ORIENTED_EDGE('',*,*,#942,.T.);
#1332=ORIENTED_EDGE('',*,*,#903,.F.);
#1333=ORIENTED_EDGE('',*,*,#935,.T.);
#1334=ORIENTED_EDGE('',*,*,#878,.T.);
#1335=ORIENTED_EDGE('',*,*,#943,.F.);
#1336=ORIENTED_EDGE('',*,*,#944,.T.);
#1337=ORIENTED_EDGE('',*,*,#945,.F.);
#1338=ORIENTED_EDGE('',*,*,#946,.F.);
#1339=ORIENTED_EDGE('',*,*,#947,.T.);
#1340=ORIENTED_EDGE('',*,*,#946,.T.);
#1341=ORIENTED_EDGE('',*,*,#948,.F.);
#1342=ORIENTED_EDGE('',*,*,#949,.F.);
#1343=ORIENTED_EDGE('',*,*,#950,.F.);
#1344=ORIENTED_EDGE('',*,*,#949,.T.);
#1345=ORIENTED_EDGE('',*,*,#951,.F.);
#1346=ORIENTED_EDGE('',*,*,#952,.F.);
#1347=ORIENTED_EDGE('',*,*,#953,.T.);
#1348=ORIENTED_EDGE('',*,*,#952,.T.);
#1349=ORIENTED_EDGE('',*,*,#954,.F.);
#1350=ORIENTED_EDGE('',*,*,#955,.F.);
#1351=ORIENTED_EDGE('',*,*,#956,.F.);
#1352=ORIENTED_EDGE('',*,*,#955,.T.);
#1353=ORIENTED_EDGE('',*,*,#957,.F.);
#1354=ORIENTED_EDGE('',*,*,#958,.F.);
#1355=ORIENTED_EDGE('',*,*,#959,.T.);
#1356=ORIENTED_EDGE('',*,*,#958,.T.);
#1357=ORIENTED_EDGE('',*,*,#960,.F.);
#1358=ORIENTED_EDGE('',*,*,#961,.F.);
#1359=ORIENTED_EDGE('',*,*,#962,.F.);
#1360=ORIENTED_EDGE('',*,*,#961,.T.);
#1361=ORIENTED_EDGE('',*,*,#963,.F.);
#1362=ORIENTED_EDGE('',*,*,#964,.F.);
#1363=ORIENTED_EDGE('',*,*,#965,.T.);
#1364=ORIENTED_EDGE('',*,*,#964,.T.);
#1365=ORIENTED_EDGE('',*,*,#966,.F.);
#1366=ORIENTED_EDGE('',*,*,#944,.F.);
#1367=ORIENTED_EDGE('',*,*,#966,.T.);
#1368=ORIENTED_EDGE('',*,*,#963,.T.);
#1369=ORIENTED_EDGE('',*,*,#960,.T.);
#1370=ORIENTED_EDGE('',*,*,#957,.T.);
#1371=ORIENTED_EDGE('',*,*,#954,.T.);
#1372=ORIENTED_EDGE('',*,*,#951,.T.);
#1373=ORIENTED_EDGE('',*,*,#948,.T.);
#1374=ORIENTED_EDGE('',*,*,#945,.T.);
#1375=ORIENTED_EDGE('',*,*,#889,.T.);
#1376=ORIENTED_EDGE('',*,*,#886,.T.);
#1377=ORIENTED_EDGE('',*,*,#883,.T.);
#1378=ORIENTED_EDGE('',*,*,#879,.T.);
#1379=ORIENTED_EDGE('',*,*,#892,.T.);
#1380=ORIENTED_EDGE('',*,*,#895,.T.);
#1381=ORIENTED_EDGE('',*,*,#898,.T.);
#1382=ORIENTED_EDGE('',*,*,#901,.T.);
#1383=ORIENTED_EDGE('',*,*,#965,.F.);
#1384=ORIENTED_EDGE('',*,*,#943,.T.);
#1385=ORIENTED_EDGE('',*,*,#947,.F.);
#1386=ORIENTED_EDGE('',*,*,#950,.T.);
#1387=ORIENTED_EDGE('',*,*,#953,.F.);
#1388=ORIENTED_EDGE('',*,*,#956,.T.);
#1389=ORIENTED_EDGE('',*,*,#959,.F.);
#1390=ORIENTED_EDGE('',*,*,#962,.T.);
#1391=ORIENTED_EDGE('',*,*,#913,.T.);
#1392=ORIENTED_EDGE('',*,*,#934,.T.);
#1393=ORIENTED_EDGE('',*,*,#931,.T.);
#1394=ORIENTED_EDGE('',*,*,#928,.T.);
#1395=ORIENTED_EDGE('',*,*,#925,.T.);
#1396=ORIENTED_EDGE('',*,*,#922,.T.);
#1397=ORIENTED_EDGE('',*,*,#919,.T.);
#1398=ORIENTED_EDGE('',*,*,#916,.T.);
#1399=PLANE('',#1554);
#1400=PLANE('',#1555);
#1401=PLANE('',#1556);
#1402=PLANE('',#1557);
#1403=PLANE('',#1562);
#1404=PLANE('',#1565);
#1405=PLANE('',#1571);
#1406=PLANE('',#1575);
#1407=PLANE('',#1576);
#1408=PLANE('',#1580);
#1409=PLANE('',#1584);
#1410=PLANE('',#1587);
#1411=PLANE('',#1589);
#1412=PLANE('',#1591);
#1413=PLANE('',#1592);
#1414=PLANE('',#1593);
#1415=PLANE('',#1594);
#1416=PLANE('',#1595);
#1417=PLANE('',#1596);
#1418=PLANE('',#1597);
#1419=PLANE('',#1598);
#1420=PLANE('',#1599);
#1421=PLANE('',#1610);
#1422=PLANE('',#1613);
#1423=PLANE('',#1616);
#1424=PLANE('',#1619);
#1425=PLANE('',#1620);
#1426=PLANE('',#1626);
#1427=PLANE('',#1628);
#1428=PLANE('',#1630);
#1429=PLANE('',#1632);
#1430=PLANE('',#1633);
#1431=PLANE('',#1634);
#1432=PLANE('',#1642);
#1433=PLANE('',#1646);
#1434=PLANE('',#1647);
#1435=PLANE('',#1651);
#1436=PLANE('',#1655);
#1437=PLANE('',#1660);
#1438=PLANE('',#1664);
#1439=PLANE('',#1668);
#1440=PLANE('',#1672);
#1441=PLANE('',#1676);
#1442=PLANE('',#1677);
#1443=PLANE('',#1679);
#1444=PLANE('',#1681);
#1445=PLANE('',#1683);
#1446=PLANE('',#1685);
#1447=PLANE('',#1689);
#1448=PLANE('',#1693);
#1449=PLANE('',#1697);
#1450=PLANE('',#1701);
#1451=PLANE('',#1702);
#1452=ADVANCED_FACE('',(#126),#1399,.F.);
#1453=ADVANCED_FACE('',(#127),#1400,.T.);
#1454=ADVANCED_FACE('',(#128),#1401,.T.);
#1455=ADVANCED_FACE('',(#129),#1402,.F.);
#1456=ADVANCED_FACE('',(#130),#1403,.F.);
#1457=ADVANCED_FACE('',(#131),#30,.T.);
#1458=ADVANCED_FACE('',(#132),#1404,.F.);
#1459=ADVANCED_FACE('',(#133),#31,.T.);
#1460=ADVANCED_FACE('',(#134),#32,.F.);
#1461=ADVANCED_FACE('',(#135),#1405,.F.);
#1462=ADVANCED_FACE('',(#136),#33,.F.);
#1463=ADVANCED_FACE('',(#137),#1406,.F.);
#1464=ADVANCED_FACE('',(#138),#1407,.F.);
#1465=ADVANCED_FACE('',(#139),#34,.F.);
#1466=ADVANCED_FACE('',(#140),#1408,.F.);
#1467=ADVANCED_FACE('',(#141),#35,.F.);
#1468=ADVANCED_FACE('',(#142,#23),#1409,.F.);
#1469=ADVANCED_FACE('',(#143),#1410,.F.);
#1470=ADVANCED_FACE('',(#144),#36,.T.);
#1471=ADVANCED_FACE('',(#145),#1411,.F.);
#1472=ADVANCED_FACE('',(#146),#37,.T.);
#1473=ADVANCED_FACE('',(#147,#24),#1412,.F.);
#1474=ADVANCED_FACE('',(#148),#1413,.T.);
#1475=ADVANCED_FACE('',(#149),#1414,.T.);
#1476=ADVANCED_FACE('',(#150),#1415,.T.);
#1477=ADVANCED_FACE('',(#151),#1416,.T.);
#1478=ADVANCED_FACE('',(#152),#1417,.T.);
#1479=ADVANCED_FACE('',(#153),#1418,.T.);
#1480=ADVANCED_FACE('',(#154),#1419,.T.);
#1481=ADVANCED_FACE('',(#155,#25),#1420,.T.);
#1482=ADVANCED_FACE('',(#156),#38,.F.);
#1483=ADVANCED_FACE('',(#157),#1421,.F.);
#1484=ADVANCED_FACE('',(#158),#39,.F.);
#1485=ADVANCED_FACE('',(#159),#1422,.F.);
#1486=ADVANCED_FACE('',(#160),#40,.F.);
#1487=ADVANCED_FACE('',(#161),#1423,.F.);
#1488=ADVANCED_FACE('',(#162),#41,.F.);
#1489=ADVANCED_FACE('',(#163),#1424,.F.);
#1490=ADVANCED_FACE('',(#164),#1425,.T.);
#1491=ADVANCED_FACE('',(#165),#42,.F.);
#1492=ADVANCED_FACE('',(#166),#1426,.F.);
#1493=ADVANCED_FACE('',(#167),#43,.F.);
#1494=ADVANCED_FACE('',(#168),#1427,.F.);
#1495=ADVANCED_FACE('',(#169),#44,.F.);
#1496=ADVANCED_FACE('',(#170),#1428,.F.);
#1497=ADVANCED_FACE('',(#171),#45,.F.);
#1498=ADVANCED_FACE('',(#172),#1429,.F.);
#1499=ADVANCED_FACE('',(#173,#26),#1430,.T.);
#1500=ADVANCED_FACE('',(#174),#1431,.T.);
#1501=ADVANCED_FACE('',(#175),#46,.T.);
#1502=ADVANCED_FACE('',(#176),#1432,.T.);
#1503=ADVANCED_FACE('',(#177),#47,.T.);
#1504=ADVANCED_FACE('',(#178),#1433,.T.);
#1505=ADVANCED_FACE('',(#179),#1434,.T.);
#1506=ADVANCED_FACE('',(#180),#48,.T.);
#1507=ADVANCED_FACE('',(#181),#1435,.T.);
#1508=ADVANCED_FACE('',(#182),#49,.T.);
#1509=ADVANCED_FACE('',(#183,#27),#1436,.T.);
#1510=ADVANCED_FACE('',(#184),#1437,.T.);
#1511=ADVANCED_FACE('',(#185),#50,.T.);
#1512=ADVANCED_FACE('',(#186),#1438,.T.);
#1513=ADVANCED_FACE('',(#187),#51,.T.);
#1514=ADVANCED_FACE('',(#188),#1439,.T.);
#1515=ADVANCED_FACE('',(#189),#52,.T.);
#1516=ADVANCED_FACE('',(#190),#1440,.T.);
#1517=ADVANCED_FACE('',(#191),#53,.T.);
#1518=ADVANCED_FACE('',(#192),#1441,.F.);
#1519=ADVANCED_FACE('',(#193),#1442,.T.);
#1520=ADVANCED_FACE('',(#194),#54,.F.);
#1521=ADVANCED_FACE('',(#195),#1443,.T.);
#1522=ADVANCED_FACE('',(#196),#55,.F.);
#1523=ADVANCED_FACE('',(#197),#1444,.T.);
#1524=ADVANCED_FACE('',(#198),#56,.F.);
#1525=ADVANCED_FACE('',(#199),#1445,.T.);
#1526=ADVANCED_FACE('',(#200),#57,.F.);
#1527=ADVANCED_FACE('',(#201),#1446,.T.);
#1528=ADVANCED_FACE('',(#202),#58,.T.);
#1529=ADVANCED_FACE('',(#203),#1447,.T.);
#1530=ADVANCED_FACE('',(#204),#59,.T.);
#1531=ADVANCED_FACE('',(#205),#1448,.T.);
#1532=ADVANCED_FACE('',(#206),#60,.T.);
#1533=ADVANCED_FACE('',(#207),#1449,.T.);
#1534=ADVANCED_FACE('',(#208),#61,.T.);
#1535=ADVANCED_FACE('',(#209,#28),#1450,.T.);
#1536=ADVANCED_FACE('',(#210,#29),#1451,.F.);
#1537=CLOSED_SHELL('',(#1452,#1453,#1454,#1455,#1456,#1457,#1458,#1459,
#1460,#1461,#1462,#1463,#1464,#1465,#1466,#1467,#1468,#1469,#1470,#1471,
#1472,#1473,#1474,#1475));
#1538=CLOSED_SHELL('',(#1476,#1477,#1478,#1479,#1480,#1481,#1482,#1483,
#1484,#1485,#1486,#1487,#1488,#1489,#1490,#1491,#1492,#1493,#1494,#1495,
#1496,#1497,#1498,#1499));
#1539=CLOSED_SHELL('',(#1500,#1501,#1502,#1503,#1504,#1505,#1506,#1507,
#1508,#1509,#1510,#1511,#1512,#1513,#1514,#1515,#1516,#1517,#1518,#1519,
#1520,#1521,#1522,#1523,#1524,#1525,#1526,#1527,#1528,#1529,#1530,#1531,
#1532,#1533,#1534,#1535,#1536));
#1540=DERIVED_UNIT_ELEMENT(#1542,1.);
#1541=DERIVED_UNIT_ELEMENT(#2615,-3.);
#1542=(
MASS_UNIT()
NAMED_UNIT(*)
SI_UNIT(.KILO.,.GRAM.)
);
#1543=DERIVED_UNIT((#1540,#1541));
#1544=MEASURE_REPRESENTATION_ITEM('density measure',
POSITIVE_RATIO_MEASURE(952.),#1543);
#1545=PROPERTY_DEFINITION_REPRESENTATION(#1550,#1547);
#1546=PROPERTY_DEFINITION_REPRESENTATION(#1551,#1548);
#1547=REPRESENTATION('material name',(#1549),#2612);
#1548=REPRESENTATION('density',(#1544),#2612);
#1549=DESCRIPTIVE_REPRESENTATION_ITEM('Polyethylene, High Density',
'Polyethylene, High Density');
#1550=PROPERTY_DEFINITION('material property','material name',#2627);
#1551=PROPERTY_DEFINITION('material property','density of part',#2627);
#1552=AXIS2_PLACEMENT_3D('',#2160,#1704,#1705);
#1553=AXIS2_PLACEMENT_3D('',#2161,#1706,#1707);
#1554=AXIS2_PLACEMENT_3D('',#2162,#1708,#1709);
#1555=AXIS2_PLACEMENT_3D('',#2171,#1714,#1715);
#1556=AXIS2_PLACEMENT_3D('',#2177,#1719,#1720);
#1557=AXIS2_PLACEMENT_3D('',#2181,#1723,#1724);
#1558=AXIS2_PLACEMENT_3D('',#2186,#1726,#1727);
#1559=AXIS2_PLACEMENT_3D('',#2190,#1729,#1730);
#1560=AXIS2_PLACEMENT_3D('',#2194,#1732,#1733);
#1561=AXIS2_PLACEMENT_3D('',#2197,#1735,#1736);
#1562=AXIS2_PLACEMENT_3D('',#2198,#1737,#1738);
#1563=AXIS2_PLACEMENT_3D('',#2204,#1742,#1743);
#1564=AXIS2_PLACEMENT_3D('',#2207,#1745,#1746);
#1565=AXIS2_PLACEMENT_3D('',#2208,#1747,#1748);
#1566=AXIS2_PLACEMENT_3D('',#2212,#1751,#1752);
#1567=AXIS2_PLACEMENT_3D('',#2215,#1754,#1755);
#1568=AXIS2_PLACEMENT_3D('',#2216,#1756,#1757);
#1569=AXIS2_PLACEMENT_3D('',#2219,#1758,#1759);
#1570=AXIS2_PLACEMENT_3D('',#2223,#1761,#1762);
#1571=AXIS2_PLACEMENT_3D('',#2225,#1764,#1765);
#1572=AXIS2_PLACEMENT_3D('',#2231,#1769,#1770);
#1573=AXIS2_PLACEMENT_3D('',#2233,#1771,#1772);
#1574=AXIS2_PLACEMENT_3D('',#2235,#1773,#1774);
#1575=AXIS2_PLACEMENT_3D('',#2237,#1776,#1777);
#1576=AXIS2_PLACEMENT_3D('',#2243,#1781,#1782);
#1577=AXIS2_PLACEMENT_3D('',#2249,#1786,#1787);
#1578=AXIS2_PLACEMENT_3D('',#2251,#1788,#1789);
#1579=AXIS2_PLACEMENT_3D('',#2254,#1791,#1792);
#1580=AXIS2_PLACEMENT_3D('',#2255,#1793,#1794);
#1581=AXIS2_PLACEMENT_3D('',#2261,#1798,#1799);
#1582=AXIS2_PLACEMENT_3D('',#2262,#1800,#1801);
#1583=AXIS2_PLACEMENT_3D('',#2263,#1802,#1803);
#1584=AXIS2_PLACEMENT_3D('',#2264,#1804,#1805);
#1585=AXIS2_PLACEMENT_3D('',#2268,#1807,#1808);
#1586=AXIS2_PLACEMENT_3D('',#2271,#1810,#1811);
#1587=AXIS2_PLACEMENT_3D('',#2272,#1812,#1813);
#1588=AXIS2_PLACEMENT_3D('',#2274,#1815,#1816);
#1589=AXIS2_PLACEMENT_3D('',#2276,#1818,#1819);
#1590=AXIS2_PLACEMENT_3D('',#2278,#1821,#1822);
#1591=AXIS2_PLACEMENT_3D('',#2279,#1823,#1824);
#1592=AXIS2_PLACEMENT_3D('',#2283,#1827,#1828);
#1593=AXIS2_PLACEMENT_3D('',#2285,#1830,#1831);
#1594=AXIS2_PLACEMENT_3D('',#2286,#1832,#1833);
#1595=AXIS2_PLACEMENT_3D('',#2295,#1838,#1839);
#1596=AXIS2_PLACEMENT_3D('',#2301,#1843,#1844);
#1597=AXIS2_PLACEMENT_3D('',#2305,#1847,#1848);
#1598=AXIS2_PLACEMENT_3D('',#2309,#1851,#1852);
#1599=AXIS2_PLACEMENT_3D('',#2311,#1854,#1855);
#1600=AXIS2_PLACEMENT_3D('',#2314,#1856,#1857);
#1601=AXIS2_PLACEMENT_3D('',#2318,#1859,#1860);
#1602=AXIS2_PLACEMENT_3D('',#2322,#1862,#1863);
#1603=AXIS2_PLACEMENT_3D('',#2326,#1865,#1866);
#1604=AXIS2_PLACEMENT_3D('',#2332,#1869,#1870);
#1605=AXIS2_PLACEMENT_3D('',#2336,#1872,#1873);
#1606=AXIS2_PLACEMENT_3D('',#2340,#1875,#1876);
#1607=AXIS2_PLACEMENT_3D('',#2343,#1878,#1879);
#1608=AXIS2_PLACEMENT_3D('',#2344,#1880,#1881);
#1609=AXIS2_PLACEMENT_3D('',#2348,#1883,#1884);
#1610=AXIS2_PLACEMENT_3D('',#2350,#1886,#1887);
#1611=AXIS2_PLACEMENT_3D('',#2354,#1890,#1891);
#1612=AXIS2_PLACEMENT_3D('',#2356,#1892,#1893);
#1613=AXIS2_PLACEMENT_3D('',#2358,#1895,#1896);
#1614=AXIS2_PLACEMENT_3D('',#2362,#1899,#1900);
#1615=AXIS2_PLACEMENT_3D('',#2364,#1901,#1902);
#1616=AXIS2_PLACEMENT_3D('',#2366,#1904,#1905);
#1617=AXIS2_PLACEMENT_3D('',#2370,#1908,#1909);
#1618=AXIS2_PLACEMENT_3D('',#2372,#1910,#1911);
#1619=AXIS2_PLACEMENT_3D('',#2374,#1913,#1914);
#1620=AXIS2_PLACEMENT_3D('',#2376,#1916,#1917);
#1621=AXIS2_PLACEMENT_3D('',#2379,#1918,#1919);
#1622=AXIS2_PLACEMENT_3D('',#2383,#1921,#1922);
#1623=AXIS2_PLACEMENT_3D('',#2387,#1924,#1925);
#1624=AXIS2_PLACEMENT_3D('',#2391,#1927,#1928);
#1625=AXIS2_PLACEMENT_3D('',#2393,#1930,#1931);
#1626=AXIS2_PLACEMENT_3D('',#2396,#1934,#1935);
#1627=AXIS2_PLACEMENT_3D('',#2398,#1937,#1938);
#1628=AXIS2_PLACEMENT_3D('',#2400,#1940,#1941);
#1629=AXIS2_PLACEMENT_3D('',#2402,#1943,#1944);
#1630=AXIS2_PLACEMENT_3D('',#2404,#1946,#1947);
#1631=AXIS2_PLACEMENT_3D('',#2406,#1949,#1950);
#1632=AXIS2_PLACEMENT_3D('',#2408,#1952,#1953);
#1633=AXIS2_PLACEMENT_3D('',#2409,#1954,#1955);
#1634=AXIS2_PLACEMENT_3D('',#2410,#1956,#1957);
#1635=AXIS2_PLACEMENT_3D('',#2415,#1959,#1960);
#1636=AXIS2_PLACEMENT_3D('',#2419,#1962,#1963);
#1637=AXIS2_PLACEMENT_3D('',#2423,#1965,#1966);
#1638=AXIS2_PLACEMENT_3D('',#2426,#1968,#1969);
#1639=AXIS2_PLACEMENT_3D('',#2427,#1970,#1971);
#1640=AXIS2_PLACEMENT_3D('',#2430,#1972,#1973);
#1641=AXIS2_PLACEMENT_3D('',#2434,#1975,#1976);
#1642=AXIS2_PLACEMENT_3D('',#2436,#1978,#1979);
#1643=AXIS2_PLACEMENT_3D('',#2442,#1983,#1984);
#1644=AXIS2_PLACEMENT_3D('',#2444,#1985,#1986);
#1645=AXIS2_PLACEMENT_3D('',#2447,#1988,#1989);
#1646=AXIS2_PLACEMENT_3D('',#2448,#1990,#1991);
#1647=AXIS2_PLACEMENT_3D('',#2454,#1995,#1996);
#1648=AXIS2_PLACEMENT_3D('',#2460,#2000,#2001);
#1649=AXIS2_PLACEMENT_3D('',#2462,#2002,#2003);
#1650=AXIS2_PLACEMENT_3D('',#2464,#2004,#2005);
#1651=AXIS2_PLACEMENT_3D('',#2466,#2007,#2008);
#1652=AXIS2_PLACEMENT_3D('',#2472,#2012,#2013);
#1653=AXIS2_PLACEMENT_3D('',#2473,#2014,#2015);
#1654=AXIS2_PLACEMENT_3D('',#2474,#2016,#2017);
#1655=AXIS2_PLACEMENT_3D('',#2475,#2018,#2019);
#1656=AXIS2_PLACEMENT_3D('',#2478,#2020,#2021);
#1657=AXIS2_PLACEMENT_3D('',#2482,#2023,#2024);
#1658=AXIS2_PLACEMENT_3D('',#2486,#2026,#2027);
#1659=AXIS2_PLACEMENT_3D('',#2490,#2029,#2030);
#1660=AXIS2_PLACEMENT_3D('',#2492,#2032,#2033);
#1661=AXIS2_PLACEMENT_3D('',#2501,#2038,#2039);
#1662=AXIS2_PLACEMENT_3D('',#2503,#2040,#2041);
#1663=AXIS2_PLACEMENT_3D('',#2505,#2042,#2043);
#1664=AXIS2_PLACEMENT_3D('',#2507,#2045,#2046);
#1665=AXIS2_PLACEMENT_3D('',#2513,#2050,#2051);
#1666=AXIS2_PLACEMENT_3D('',#2515,#2052,#2053);
#1667=AXIS2_PLACEMENT_3D('',#2517,#2054,#2055);
#1668=AXIS2_PLACEMENT_3D('',#2519,#2057,#2058);
#1669=AXIS2_PLACEMENT_3D('',#2525,#2062,#2063);
#1670=AXIS2_PLACEMENT_3D('',#2527,#2064,#2065);
#1671=AXIS2_PLACEMENT_3D('',#2529,#2066,#2067);
#1672=AXIS2_PLACEMENT_3D('',#2531,#2069,#2070);
#1673=AXIS2_PLACEMENT_3D('',#2537,#2074,#2075);
#1674=AXIS2_PLACEMENT_3D('',#2538,#2076,#2077);
#1675=AXIS2_PLACEMENT_3D('',#2539,#2078,#2079);
#1676=AXIS2_PLACEMENT_3D('',#2540,#2080,#2081);
#1677=AXIS2_PLACEMENT_3D('',#2541,#2082,#2083);
#1678=AXIS2_PLACEMENT_3D('',#2544,#2086,#2087);
#1679=AXIS2_PLACEMENT_3D('',#2546,#2089,#2090);
#1680=AXIS2_PLACEMENT_3D('',#2548,#2092,#2093);
#1681=AXIS2_PLACEMENT_3D('',#2550,#2095,#2096);
#1682=AXIS2_PLACEMENT_3D('',#2552,#2098,#2099);
#1683=AXIS2_PLACEMENT_3D('',#2554,#2101,#2102);
#1684=AXIS2_PLACEMENT_3D('',#2556,#2104,#2105);
#1685=AXIS2_PLACEMENT_3D('',#2557,#2106,#2107);
#1686=AXIS2_PLACEMENT_3D('',#2566,#2112,#2113);
#1687=AXIS2_PLACEMENT_3D('',#2568,#2114,#2115);
#1688=AXIS2_PLACEMENT_3D('',#2570,#2116,#2117);
#1689=AXIS2_PLACEMENT_3D('',#2572,#2119,#2120);
#1690=AXIS2_PLACEMENT_3D('',#2578,#2124,#2125);
#1691=AXIS2_PLACEMENT_3D('',#2580,#2126,#2127);
#1692=AXIS2_PLACEMENT_3D('',#2582,#2128,#2129);
#1693=AXIS2_PLACEMENT_3D('',#2584,#2131,#2132);
#1694=AXIS2_PLACEMENT_3D('',#2590,#2136,#2137);
#1695=AXIS2_PLACEMENT_3D('',#2592,#2138,#2139);
#1696=AXIS2_PLACEMENT_3D('',#2594,#2140,#2141);
#1697=AXIS2_PLACEMENT_3D('',#2596,#2143,#2144);
#1698=AXIS2_PLACEMENT_3D('',#2602,#2148,#2149);
#1699=AXIS2_PLACEMENT_3D('',#2603,#2150,#2151);
#1700=AXIS2_PLACEMENT_3D('',#2604,#2152,#2153);
#1701=AXIS2_PLACEMENT_3D('',#2605,#2154,#2155);
#1702=AXIS2_PLACEMENT_3D('',#2606,#2156,#2157);
#1703=AXIS2_PLACEMENT_3D('',#2607,#2158,#2159);
#1704=DIRECTION('axis',(0.,0.,1.));
#1705=DIRECTION('refdir',(1.,0.,0.));
#1706=DIRECTION('axis',(0.,0.,1.));
#1707=DIRECTION('refdir',(1.,0.,0.));
#1708=DIRECTION('center_axis',(0.,-1.,0.));
#1709=DIRECTION('ref_axis',(0.,0.,-1.));
#1710=DIRECTION('',(0.,0.,1.));
#1711=DIRECTION('',(1.,0.,0.));
#1712=DIRECTION('',(0.,0.,-1.));
#1713=DIRECTION('',(-1.,0.,0.));
#1714=DIRECTION('center_axis',(0.,0.,-1.));
#1715=DIRECTION('ref_axis',(-1.,0.,0.));
#1716=DIRECTION('',(0.,1.,0.));
#1717=DIRECTION('',(-1.,0.,0.));
#1718=DIRECTION('',(0.,1.,0.));
#1719=DIRECTION('center_axis',(1.,0.,0.));
#1720=DIRECTION('ref_axis',(0.,0.,-1.));
#1721=DIRECTION('',(0.,-1.,0.));
#1722=DIRECTION('',(0.,0.,-1.));
#1723=DIRECTION('center_axis',(0.,1.,0.));
#1724=DIRECTION('ref_axis',(1.,0.,0.));
#1725=DIRECTION('',(0.,0.,1.));
#1726=DIRECTION('center_axis',(0.,1.,0.));
#1727=DIRECTION('ref_axis',(0.,0.,-1.));
#1728=DIRECTION('',(-1.,0.,0.));
#1729=DIRECTION('center_axis',(0.,1.,0.));
#1730=DIRECTION('ref_axis',(1.,0.,-9.86864910777914E-16));
#1731=DIRECTION('',(1.1842378929335E-16,0.,-1.));
#1732=DIRECTION('center_axis',(0.,1.,0.));
#1733=DIRECTION('ref_axis',(0.,0.,1.));
#1734=DIRECTION('',(1.,0.,0.));
#1735=DIRECTION('center_axis',(0.,1.,0.));
#1736=DIRECTION('ref_axis',(-1.,0.,0.));
#1737=DIRECTION('center_axis',(-0.998629534754574,0.0523359562429438,-1.18261493605892E-16));
#1738=DIRECTION('ref_axis',(-1.1842378929335E-16,0.,1.));
#1739=DIRECTION('',(0.0523359562429438,0.998629534754574,-5.16485187881697E-17));
#1740=DIRECTION('',(-1.1842378929335E-16,0.,1.));
#1741=DIRECTION('',(0.0523359562429438,0.998629534754574,6.19782225458037E-18));
#1742=DIRECTION('center_axis',(0.,1.,0.));
#1743=DIRECTION('ref_axis',(1.,0.,-9.86864910777914E-16));
#1744=DIRECTION('',(0.,0.998629534754574,-0.0523359562429438));
#1745=DIRECTION('center_axis',(0.,-1.,0.));
#1746=DIRECTION('ref_axis',(1.,0.,-9.86864910777914E-16));
#1747=DIRECTION('center_axis',(0.,0.0523359562429438,0.998629534754574));
#1748=DIRECTION('ref_axis',(1.,0.,0.));
#1749=DIRECTION('',(0.,0.998629534754574,-0.0523359562429438));
#1750=DIRECTION('',(1.,0.,0.));
#1751=DIRECTION('center_axis',(0.,1.,0.));
#1752=DIRECTION('ref_axis',(0.,0.,-1.));
#1753=DIRECTION('',(0.0523359562429438,-0.998629534754574,-1.03297037576339E-16));
#1754=DIRECTION('center_axis',(0.,-1.,0.));
#1755=DIRECTION('ref_axis',(0.,0.,-1.));
#1756=DIRECTION('center_axis',(0.,-1.,0.));
#1757=DIRECTION('ref_axis',(1.,0.,-1.71905500587121E-15));
#1758=DIRECTION('center_axis',(0.,-1.,0.));
#1759=DIRECTION('ref_axis',(1.,0.,-1.71905500587121E-15));
#1760=DIRECTION('',(-0.0523359562429438,0.998629534754574,-6.19782225458037E-18));
#1761=DIRECTION('center_axis',(0.,1.,0.));
#1762=DIRECTION('ref_axis',(1.,0.,-1.71905500587121E-15));
#1763=DIRECTION('',(0.,0.998629534754574,0.0523359562429438));
#1764=DIRECTION('center_axis',(0.,0.0523359562429438,-0.998629534754574));
#1765=DIRECTION('ref_axis',(-1.,0.,0.));
#1766=DIRECTION('',(1.,0.,0.));
#1767=DIRECTION('',(-1.,0.,0.));
#1768=DIRECTION('',(0.,0.998629534754574,0.0523359562429438));
#1769=DIRECTION('center_axis',(0.,-1.,0.));
#1770=DIRECTION('ref_axis',(0.,0.,-1.));
#1771=DIRECTION('center_axis',(0.,-1.,0.));
#1772=DIRECTION('ref_axis',(0.,0.,-1.));
#1773=DIRECTION('center_axis',(0.,1.,0.));
#1774=DIRECTION('ref_axis',(0.,0.,-1.));
#1775=DIRECTION('',(0.0523359562429438,0.998629534754574,0.));
#1776=DIRECTION('center_axis',(-0.998629534754574,0.0523359562429438,0.));
#1777=DIRECTION('ref_axis',(0.,0.,1.));
#1778=DIRECTION('',(0.,0.,-1.));
#1779=DIRECTION('',(0.,0.,1.));
#1780=DIRECTION('',(0.0523359562429438,0.998629534754574,0.));
#1781=DIRECTION('center_axis',(0.998629534754574,0.0523359562429438,1.18261493605892E-16));
#1782=DIRECTION('ref_axis',(1.1842378929335E-16,0.,-1.));
#1783=DIRECTION('',(-1.1842378929335E-16,0.,1.));
#1784=DIRECTION('',(-0.0523359562429438,0.998629534754574,0.));
#1785=DIRECTION('',(1.1842378929335E-16,0.,-1.));
#1786=DIRECTION('center_axis',(0.,-1.,0.));
#1787=DIRECTION('ref_axis',(0.,0.,1.));
#1788=DIRECTION('center_axis',(0.,-1.,0.));
#1789=DIRECTION('ref_axis',(0.,0.,1.));
#1790=DIRECTION('',(0.,0.998629534754574,-0.0523359562429438));
#1791=DIRECTION('center_axis',(0.,1.,0.));
#1792=DIRECTION('ref_axis',(0.,0.,1.));
#1793=DIRECTION('center_axis',(0.,0.0523359562429438,0.998629534754574));
#1794=DIRECTION('ref_axis',(1.,0.,0.));
#1795=DIRECTION('',(-1.,0.,0.));
#1796=DIRECTION('',(-5.99789250443262E-17,0.998629534754574,-0.0523359562429438));
#1797=DIRECTION('',(1.,0.,0.));
#1798=DIRECTION('center_axis',(0.,-1.,0.));
#1799=DIRECTION('ref_axis',(-1.,0.,-5.73018335290404E-16));
#1800=DIRECTION('center_axis',(0.,-1.,0.));
#1801=DIRECTION('ref_axis',(-1.,0.,-5.73018335290404E-16));
#1802=DIRECTION('center_axis',(0.,1.,0.));
#1803=DIRECTION('ref_axis',(-1.,0.,-5.73018335290404E-16));
#1804=DIRECTION('center_axis',(0.,1.,0.));
#1805=DIRECTION('ref_axis',(1.,0.,0.));
#1806=DIRECTION('',(0.,0.,-1.));
#1807=DIRECTION('center_axis',(0.,-1.,0.));
#1808=DIRECTION('ref_axis',(-1.,0.,0.));
#1809=DIRECTION('',(-1.,0.,0.));
#1810=DIRECTION('center_axis',(0.,-1.,0.));
#1811=DIRECTION('ref_axis',(0.,0.,1.));
#1812=DIRECTION('center_axis',(0.998629534754574,0.0523359562429438,0.));
#1813=DIRECTION('ref_axis',(0.,0.,-1.));
#1814=DIRECTION('',(-0.0523359562429438,0.998629534754574,0.));
#1815=DIRECTION('center_axis',(0.,1.,0.));
#1816=DIRECTION('ref_axis',(-1.,0.,0.));
#1817=DIRECTION('',(2.06594075152679E-16,0.998629534754574,0.0523359562429438));
#1818=DIRECTION('center_axis',(0.,0.0523359562429438,-0.998629534754574));
#1819=DIRECTION('ref_axis',(-1.,0.,0.));
#1820=DIRECTION('',(1.03297037576339E-16,0.998629534754574,0.0523359562429438));
#1821=DIRECTION('center_axis',(0.,1.,0.));
#1822=DIRECTION('ref_axis',(0.,0.,1.));
#1823=DIRECTION('center_axis',(0.,1.,0.));
#1824=DIRECTION('ref_axis',(1.,0.,0.));
#1825=DIRECTION('',(1.,0.,0.));
#1826=DIRECTION('',(0.,0.,1.));
#1827=DIRECTION('center_axis',(-1.,0.,0.));
#1828=DIRECTION('ref_axis',(0.,0.,1.));
#1829=DIRECTION('',(0.,1.,0.));
#1830=DIRECTION('center_axis',(0.,0.,1.));
#1831=DIRECTION('ref_axis',(1.,0.,0.));
#1832=DIRECTION('center_axis',(0.,0.,-1.));
#1833=DIRECTION('ref_axis',(-1.,0.,0.));
#1834=DIRECTION('',(-1.,0.,0.));
#1835=DIRECTION('',(0.,1.,0.));
#1836=DIRECTION('',(1.,0.,0.));
#1837=DIRECTION('',(0.,1.,0.));
#1838=DIRECTION('center_axis',(-1.,0.,0.));
#1839=DIRECTION('ref_axis',(0.,0.,1.));
#1840=DIRECTION('',(0.,0.,1.));
#1841=DIRECTION('',(0.,0.,-1.));
#1842=DIRECTION('',(0.,1.,0.));
#1843=DIRECTION('center_axis',(0.,-1.,0.));
#1844=DIRECTION('ref_axis',(0.,0.,-1.));
#1845=DIRECTION('',(0.,0.,1.));
#1846=DIRECTION('',(-1.,0.,0.));
#1847=DIRECTION('center_axis',(0.,0.,1.));
#1848=DIRECTION('ref_axis',(1.,0.,0.));
#1849=DIRECTION('',(1.,0.,0.));
#1850=DIRECTION('',(0.,-1.,0.));
#1851=DIRECTION('center_axis',(1.,0.,0.));
#1852=DIRECTION('ref_axis',(0.,0.,-1.));
#1853=DIRECTION('',(0.,0.,-1.));
#1854=DIRECTION('center_axis',(0.,1.,0.));
#1855=DIRECTION('ref_axis',(1.,0.,0.));
#1856=DIRECTION('center_axis',(0.,1.,0.));
#1857=DIRECTION('ref_axis',(-1.,0.,-4.92928776032582E-16));
#1858=DIRECTION('',(-1.,0.,0.));
#1859=DIRECTION('center_axis',(0.,1.,0.));
#1860=DIRECTION('ref_axis',(0.,0.,1.));
#1861=DIRECTION('',(-1.1842378929335E-16,0.,1.));
#1862=DIRECTION('center_axis',(0.,1.,0.));
#1863=DIRECTION('ref_axis',(1.,0.,-1.47878632809774E-15));
#1864=DIRECTION('',(1.,0.,0.));
#1865=DIRECTION('center_axis',(0.,1.,0.));
#1866=DIRECTION('ref_axis',(0.,0.,-1.));
#1867=DIRECTION('',(0.,0.,-1.));
#1868=DIRECTION('',(0.,0.,-1.));
#1869=DIRECTION('center_axis',(0.,-1.,0.));
#1870=DIRECTION('ref_axis',(0.,0.,-1.));
#1871=DIRECTION('',(1.,0.,0.));
#1872=DIRECTION('center_axis',(0.,-1.,0.));
#1873=DIRECTION('ref_axis',(1.,0.,-2.04964250700028E-15));
#1874=DIRECTION('',(-1.1842378929335E-16,0.,1.));
#1875=DIRECTION('center_axis',(0.,-1.,0.));
#1876=DIRECTION('ref_axis',(0.,0.,1.));
#1877=DIRECTION('',(-1.,0.,-1.12427648063307E-16));
#1878=DIRECTION('center_axis',(0.,-1.,0.));
#1879=DIRECTION('ref_axis',(-1.,0.,-6.83214169000097E-16));
#1880=DIRECTION('center_axis',(0.,1.,0.));
#1881=DIRECTION('ref_axis',(-1.,0.,-4.92928776032582E-16));
#1882=DIRECTION('',(-0.0366437087065563,0.999328393778656,0.));
#1883=DIRECTION('center_axis',(0.,-1.,0.));
#1884=DIRECTION('ref_axis',(-1.,0.,-4.92928776032582E-16));
#1885=DIRECTION('',(3.61254769640345E-17,0.999328393778656,0.0366437087065563));
#1886=DIRECTION('center_axis',(0.,-0.0366437087065563,0.999328393778656));
#1887=DIRECTION('ref_axis',(1.,0.,0.));
#1888=DIRECTION('',(-1.,0.,0.));
#1889=DIRECTION('',(0.,0.999328393778656,0.0366437087065563));
#1890=DIRECTION('center_axis',(0.,1.,0.));
#1891=DIRECTION('ref_axis',(0.,0.,1.));
#1892=DIRECTION('center_axis',(0.,-1.,0.));
#1893=DIRECTION('ref_axis',(0.,0.,1.));
#1894=DIRECTION('',(0.0366437087065563,0.999328393778656,0.));
#1895=DIRECTION('center_axis',(0.999328393778656,-0.0366437087065563,1.18344255139706E-16));
#1896=DIRECTION('ref_axis',(1.1842378929335E-16,0.,-1.));
#1897=DIRECTION('',(-1.1842378929335E-16,0.,1.));
#1898=DIRECTION('',(0.0366437087065563,0.999328393778656,4.33948683879212E-18));
#1899=DIRECTION('center_axis',(0.,1.,0.));
#1900=DIRECTION('ref_axis',(1.,0.,-1.47878632809774E-15));
#1901=DIRECTION('center_axis',(0.,-1.,0.));
#1902=DIRECTION('ref_axis',(1.,0.,-1.47878632809774E-15));
#1903=DIRECTION('',(0.,0.999328393778656,-0.0366437087065563));
#1904=DIRECTION('center_axis',(0.,-0.0366437087065563,-0.999328393778656));
#1905=DIRECTION('ref_axis',(-1.,0.,0.));
#1906=DIRECTION('',(1.,0.,0.));
#1907=DIRECTION('',(0.,0.999328393778656,-0.0366437087065563));
#1908=DIRECTION('center_axis',(0.,1.,0.));
#1909=DIRECTION('ref_axis',(0.,0.,-1.));
#1910=DIRECTION('center_axis',(0.,-1.,0.));
#1911=DIRECTION('ref_axis',(0.,0.,-1.));
#1912=DIRECTION('',(-0.0366437087065563,0.999328393778656,0.));
#1913=DIRECTION('center_axis',(-0.999328393778656,-0.0366437087065563,0.));
#1914=DIRECTION('ref_axis',(0.,0.,1.));
#1915=DIRECTION('',(0.,0.,-1.));
#1916=DIRECTION('center_axis',(0.,1.,0.));
#1917=DIRECTION('ref_axis',(1.,0.,0.));
#1918=DIRECTION('center_axis',(0.,1.,0.));
#1919=DIRECTION('ref_axis',(-1.,0.,-6.83214169000097E-16));
#1920=DIRECTION('',(-1.,0.,-1.12427648063307E-16));
#1921=DIRECTION('center_axis',(0.,1.,0.));
#1922=DIRECTION('ref_axis',(0.,0.,1.));
#1923=DIRECTION('',(-1.1842378929335E-16,0.,1.));
#1924=DIRECTION('center_axis',(0.,1.,0.));
#1925=DIRECTION('ref_axis',(1.,0.,-2.04964250700028E-15));
#1926=DIRECTION('',(1.,0.,0.));
#1927=DIRECTION('center_axis',(0.,1.,0.));
#1928=DIRECTION('ref_axis',(0.,0.,-1.));
#1929=DIRECTION('',(0.,0.,-1.));
#1930=DIRECTION('center_axis',(0.,1.,0.));
#1931=DIRECTION('ref_axis',(-1.,0.,-6.83214169000097E-16));
#1932=DIRECTION('',(-0.0523359562429438,0.998629534754574,-3.57566668533483E-17));
#1933=DIRECTION('',(-5.88400846953832E-18,0.998629534754574,0.0523359562429438));
#1934=DIRECTION('center_axis',(-1.12273569879011E-16,-0.0523359562429438,
0.998629534754574));
#1935=DIRECTION('ref_axis',(1.,0.,1.12427648063307E-16));
#1936=DIRECTION('',(-5.88400846953832E-18,0.998629534754574,0.0523359562429438));
#1937=DIRECTION('center_axis',(0.,1.,0.));
#1938=DIRECTION('ref_axis',(0.,0.,1.));
#1939=DIRECTION('',(0.0523359562429438,0.998629534754574,0.));
#1940=DIRECTION('center_axis',(0.998629534754574,-0.0523359562429438,1.18261493605892E-16));
#1941=DIRECTION('ref_axis',(1.1842378929335E-16,0.,-1.));
#1942=DIRECTION('',(0.0523359562429438,0.998629534754574,6.19782225458037E-18));
#1943=DIRECTION('center_axis',(0.,1.,0.));
#1944=DIRECTION('ref_axis',(1.,0.,-2.04964250700028E-15));
#1945=DIRECTION('',(3.57566668533482E-17,0.998629534754574,-0.0523359562429438));
#1946=DIRECTION('center_axis',(0.,-0.0523359562429438,-0.998629534754574));
#1947=DIRECTION('ref_axis',(-1.,0.,0.));
#1948=DIRECTION('',(0.,0.998629534754574,-0.0523359562429438));
#1949=DIRECTION('center_axis',(0.,1.,0.));
#1950=DIRECTION('ref_axis',(0.,0.,-1.));
#1951=DIRECTION('',(-0.0523359562429438,0.998629534754574,0.));
#1952=DIRECTION('center_axis',(-0.998629534754574,-0.0523359562429438,0.));
#1953=DIRECTION('ref_axis',(0.,0.,1.));
#1954=DIRECTION('center_axis',(0.,1.,0.));
#1955=DIRECTION('ref_axis',(0.,0.,1.));
#1956=DIRECTION('center_axis',(0.,1.,0.));
#1957=DIRECTION('ref_axis',(1.,0.,0.));
#1958=DIRECTION('',(0.,0.,1.));
#1959=DIRECTION('center_axis',(0.,1.,0.));
#1960=DIRECTION('ref_axis',(-1.,0.,0.));
#1961=DIRECTION('',(1.,0.,0.));
#1962=DIRECTION('center_axis',(0.,1.,0.));
#1963=DIRECTION('ref_axis',(0.,0.,1.));
#1964=DIRECTION('',(1.1842378929335E-16,0.,-1.));
#1965=DIRECTION('center_axis',(0.,1.,0.));
#1966=DIRECTION('ref_axis',(1.,0.,-9.86864910777914E-16));
#1967=DIRECTION('',(-1.,0.,0.));
#1968=DIRECTION('center_axis',(0.,1.,0.));
#1969=DIRECTION('ref_axis',(0.,0.,-1.));
#1970=DIRECTION('center_axis',(0.,-1.,0.));
#1971=DIRECTION('ref_axis',(1.,0.,-1.71905500587121E-15));
#1972=DIRECTION('center_axis',(0.,-1.,0.));
#1973=DIRECTION('ref_axis',(1.,0.,-1.71905500587121E-15));
#1974=DIRECTION('',(0.,0.998629534754574,0.0523359562429438));
#1975=DIRECTION('center_axis',(0.,1.,0.));
#1976=DIRECTION('ref_axis',(1.,0.,-1.71905500587121E-15));
#1977=DIRECTION('',(-0.0523359562429438,0.998629534754574,-6.19782225458037E-18));
#1978=DIRECTION('center_axis',(0.,0.0523359562429438,-0.998629534754574));
#1979=DIRECTION('ref_axis',(-1.,0.,0.));
#1980=DIRECTION('',(1.,0.,0.));
#1981=DIRECTION('',(0.,0.998629534754574,0.0523359562429438));
#1982=DIRECTION('',(-1.,0.,0.));
#1983=DIRECTION('center_axis',(0.,-1.,0.));
#1984=DIRECTION('ref_axis',(0.,0.,-1.));
#1985=DIRECTION('center_axis',(0.,-1.,0.));
#1986=DIRECTION('ref_axis',(0.,0.,-1.));
#1987=DIRECTION('',(0.0523359562429438,0.998629534754574,0.));
#1988=DIRECTION('center_axis',(0.,1.,0.));
#1989=DIRECTION('ref_axis',(0.,0.,-1.));
#1990=DIRECTION('center_axis',(-0.998629534754574,0.0523359562429438,0.));
#1991=DIRECTION('ref_axis',(0.,0.,1.));
#1992=DIRECTION('',(0.,0.,-1.));
#1993=DIRECTION('',(0.0523359562429438,0.998629534754574,0.));
#1994=DIRECTION('',(0.,0.,1.));
#1995=DIRECTION('center_axis',(0.998629534754574,0.0523359562429438,1.18261493605892E-16));
#1996=DIRECTION('ref_axis',(1.1842378929335E-16,0.,-1.));
#1997=DIRECTION('',(-1.1842378929335E-16,0.,1.));
#1998=DIRECTION('',(1.1842378929335E-16,0.,-1.));
#1999=DIRECTION('',(-0.0523359562429438,0.998629534754574,0.));
#2000=DIRECTION('center_axis',(0.,-1.,0.));
#2001=DIRECTION('ref_axis',(0.,0.,1.));
#2002=DIRECTION('center_axis',(0.,-1.,0.));
#2003=DIRECTION('ref_axis',(0.,0.,1.));
#2004=DIRECTION('center_axis',(0.,1.,0.));
#2005=DIRECTION('ref_axis',(0.,0.,1.));
#2006=DIRECTION('',(0.,0.998629534754574,-0.0523359562429438));
#2007=DIRECTION('center_axis',(0.,0.0523359562429438,0.998629534754574));
#2008=DIRECTION('ref_axis',(1.,0.,0.));
#2009=DIRECTION('',(-1.,0.,0.));
#2010=DIRECTION('',(1.,0.,0.));
#2011=DIRECTION('',(-5.99789250443262E-17,0.998629534754574,-0.0523359562429438));
#2012=DIRECTION('center_axis',(0.,-1.,0.));
#2013=DIRECTION('ref_axis',(-1.,0.,-5.73018335290404E-16));
#2014=DIRECTION('center_axis',(0.,-1.,0.));
#2015=DIRECTION('ref_axis',(-1.,0.,-5.73018335290404E-16));
#2016=DIRECTION('center_axis',(0.,1.,0.));
#2017=DIRECTION('ref_axis',(-1.,0.,-5.73018335290404E-16));
#2018=DIRECTION('center_axis',(0.,1.,0.));
#2019=DIRECTION('ref_axis',(1.,0.,0.));
#2020=DIRECTION('center_axis',(0.,-1.,0.));
#2021=DIRECTION('ref_axis',(0.,0.,-1.));
#2022=DIRECTION('',(1.,0.,0.));
#2023=DIRECTION('center_axis',(0.,-1.,0.));
#2024=DIRECTION('ref_axis',(1.,0.,-9.86864910777914E-16));
#2025=DIRECTION('',(-1.1842378929335E-16,0.,1.));
#2026=DIRECTION('center_axis',(0.,-1.,0.));
#2027=DIRECTION('ref_axis',(0.,0.,1.));
#2028=DIRECTION('',(-1.,0.,0.));
#2029=DIRECTION('center_axis',(0.,-1.,0.));
#2030=DIRECTION('ref_axis',(-1.,0.,0.));
#2031=DIRECTION('',(0.,0.,-1.));
#2032=DIRECTION('center_axis',(-0.998629534754574,-0.0523359562429438,0.));
#2033=DIRECTION('ref_axis',(0.,0.,1.));
#2034=DIRECTION('',(0.,0.,-1.));
#2035=DIRECTION('',(-0.0523359562429438,0.998629534754574,-3.57566668533483E-17));
#2036=DIRECTION('',(0.,0.,-1.));
#2037=DIRECTION('',(-0.0523359562429438,0.998629534754574,0.));
#2038=DIRECTION('center_axis',(0.,1.,0.));
#2039=DIRECTION('ref_axis',(0.,0.,-1.));
#2040=DIRECTION('center_axis',(0.,1.,0.));
#2041=DIRECTION('ref_axis',(0.,0.,-1.));
#2042=DIRECTION('center_axis',(0.,-1.,0.));
#2043=DIRECTION('ref_axis',(0.,0.,-1.));
#2044=DIRECTION('',(0.,0.998629534754574,-0.0523359562429438));
#2045=DIRECTION('center_axis',(0.,-0.0523359562429438,-0.998629534754574));
#2046=DIRECTION('ref_axis',(-1.,0.,0.));
#2047=DIRECTION('',(1.,0.,0.));
#2048=DIRECTION('',(1.,0.,0.));
#2049=DIRECTION('',(3.57566668533482E-17,0.998629534754574,-0.0523359562429438));
#2050=DIRECTION('center_axis',(0.,1.,0.));
#2051=DIRECTION('ref_axis',(1.,0.,-2.04964250700028E-15));
#2052=DIRECTION('center_axis',(0.,1.,0.));
#2053=DIRECTION('ref_axis',(1.,0.,-2.04964250700028E-15));
#2054=DIRECTION('center_axis',(0.,-1.,0.));
#2055=DIRECTION('ref_axis',(1.,0.,-2.04964250700028E-15));
#2056=DIRECTION('',(0.0523359562429438,0.998629534754574,6.19782225458037E-18));
#2057=DIRECTION('center_axis',(0.998629534754574,-0.0523359562429438,1.18261493605892E-16));
#2058=DIRECTION('ref_axis',(1.1842378929335E-16,0.,-1.));
#2059=DIRECTION('',(-1.1842378929335E-16,0.,1.));
#2060=DIRECTION('',(-1.1842378929335E-16,0.,1.));
#2061=DIRECTION('',(0.0523359562429438,0.998629534754574,0.));
#2062=DIRECTION('center_axis',(0.,1.,0.));
#2063=DIRECTION('ref_axis',(0.,0.,1.));
#2064=DIRECTION('center_axis',(0.,1.,0.));
#2065=DIRECTION('ref_axis',(0.,0.,1.));
#2066=DIRECTION('center_axis',(0.,-1.,0.));
#2067=DIRECTION('ref_axis',(0.,0.,1.));
#2068=DIRECTION('',(-5.88400846953832E-18,0.998629534754574,0.0523359562429438));
#2069=DIRECTION('center_axis',(-1.12273569879011E-16,-0.0523359562429438,
0.998629534754574));
#2070=DIRECTION('ref_axis',(1.,0.,1.12427648063307E-16));
#2071=DIRECTION('',(-1.,0.,-1.12427648063307E-16));
#2072=DIRECTION('',(-1.,0.,-1.12427648063307E-16));
#2073=DIRECTION('',(-5.88400846953832E-18,0.998629534754574,0.0523359562429438));
#2074=DIRECTION('center_axis',(0.,1.,0.));
#2075=DIRECTION('ref_axis',(-1.,0.,-6.83214169000097E-16));
#2076=DIRECTION('center_axis',(0.,1.,0.));
#2077=DIRECTION('ref_axis',(-1.,0.,-6.83214169000097E-16));
#2078=DIRECTION('center_axis',(0.,-1.,0.));
#2079=DIRECTION('ref_axis',(-1.,0.,-6.83214169000097E-16));
#2080=DIRECTION('center_axis',(0.,1.,0.));
#2081=DIRECTION('ref_axis',(1.,0.,0.));
#2082=DIRECTION('center_axis',(0.998629534754574,0.0523359562429438,0.));
#2083=DIRECTION('ref_axis',(0.,0.,-1.));
#2084=DIRECTION('',(0.0523359562429438,-0.998629534754574,-1.03297037576339E-16));
#2085=DIRECTION('',(-0.0523359562429438,0.998629534754574,0.));
#2086=DIRECTION('center_axis',(0.,1.,0.));
#2087=DIRECTION('ref_axis',(-1.,0.,0.));
#2088=DIRECTION('',(2.06594075152679E-16,0.998629534754574,0.0523359562429438));
#2089=DIRECTION('center_axis',(0.,0.0523359562429438,-0.998629534754574));
#2090=DIRECTION('ref_axis',(-1.,0.,0.));
#2091=DIRECTION('',(1.03297037576339E-16,0.998629534754574,0.0523359562429438));
#2092=DIRECTION('center_axis',(0.,1.,0.));
#2093=DIRECTION('ref_axis',(0.,0.,1.));
#2094=DIRECTION('',(0.0523359562429438,0.998629534754574,6.19782225458037E-18));
#2095=DIRECTION('center_axis',(-0.998629534754574,0.0523359562429438,-1.18261493605892E-16));
#2096=DIRECTION('ref_axis',(-1.1842378929335E-16,0.,1.));
#2097=DIRECTION('',(0.0523359562429438,0.998629534754574,-5.16485187881697E-17));
#2098=DIRECTION('center_axis',(0.,1.,0.));
#2099=DIRECTION('ref_axis',(1.,0.,-9.86864910777914E-16));
#2100=DIRECTION('',(0.,0.998629534754574,-0.0523359562429438));
#2101=DIRECTION('center_axis',(0.,0.0523359562429438,0.998629534754574));
#2102=DIRECTION('ref_axis',(1.,0.,0.));
#2103=DIRECTION('',(0.,0.998629534754574,-0.0523359562429438));
#2104=DIRECTION('center_axis',(0.,1.,0.));
#2105=DIRECTION('ref_axis',(0.,0.,-1.));
#2106=DIRECTION('center_axis',(-0.999328393778656,-0.0366437087065563,0.));
#2107=DIRECTION('ref_axis',(0.,0.,1.));
#2108=DIRECTION('',(0.,0.,-1.));
#2109=DIRECTION('',(-0.0366437087065563,0.999328393778656,0.));
#2110=DIRECTION('',(0.,0.,-1.));
#2111=DIRECTION('',(-0.0366437087065563,0.999328393778656,0.));
#2112=DIRECTION('center_axis',(0.,1.,0.));
#2113=DIRECTION('ref_axis',(0.,0.,-1.));
#2114=DIRECTION('center_axis',(0.,1.,0.));
#2115=DIRECTION('ref_axis',(0.,0.,-1.));
#2116=DIRECTION('center_axis',(0.,-1.,0.));
#2117=DIRECTION('ref_axis',(0.,0.,-1.));
#2118=DIRECTION('',(0.,0.999328393778656,-0.0366437087065563));
#2119=DIRECTION('center_axis',(0.,-0.0366437087065563,-0.999328393778656));
#2120=DIRECTION('ref_axis',(-1.,0.,0.));
#2121=DIRECTION('',(1.,0.,0.));
#2122=DIRECTION('',(1.,0.,0.));
#2123=DIRECTION('',(0.,0.999328393778656,-0.0366437087065563));
#2124=DIRECTION('center_axis',(0.,1.,0.));
#2125=DIRECTION('ref_axis',(1.,0.,-1.47878632809774E-15));
#2126=DIRECTION('center_axis',(0.,1.,0.));
#2127=DIRECTION('ref_axis',(1.,0.,-1.47878632809774E-15));
#2128=DIRECTION('center_axis',(0.,-1.,0.));
#2129=DIRECTION('ref_axis',(1.,0.,-1.47878632809774E-15));
#2130=DIRECTION('',(0.0366437087065563,0.999328393778656,4.33948683879212E-18));
#2131=DIRECTION('center_axis',(0.999328393778656,-0.0366437087065563,1.18344255139706E-16));
#2132=DIRECTION('ref_axis',(1.1842378929335E-16,0.,-1.));
#2133=DIRECTION('',(-1.1842378929335E-16,0.,1.));
#2134=DIRECTION('',(-1.1842378929335E-16,0.,1.));
#2135=DIRECTION('',(0.0366437087065563,0.999328393778656,0.));
#2136=DIRECTION('center_axis',(0.,1.,0.));
#2137=DIRECTION('ref_axis',(0.,0.,1.));
#2138=DIRECTION('center_axis',(0.,1.,0.));
#2139=DIRECTION('ref_axis',(0.,0.,1.));
#2140=DIRECTION('center_axis',(0.,-1.,0.));
#2141=DIRECTION('ref_axis',(0.,0.,1.));
#2142=DIRECTION('',(0.,0.999328393778656,0.0366437087065563));
#2143=DIRECTION('center_axis',(0.,-0.0366437087065563,0.999328393778656));
#2144=DIRECTION('ref_axis',(1.,0.,0.));
#2145=DIRECTION('',(-1.,0.,0.));
#2146=DIRECTION('',(-1.,0.,0.));
#2147=DIRECTION('',(3.61254769640345E-17,0.999328393778656,0.0366437087065563));
#2148=DIRECTION('center_axis',(0.,1.,0.));
#2149=DIRECTION('ref_axis',(-1.,0.,-4.92928776032582E-16));
#2150=DIRECTION('center_axis',(0.,1.,0.));
#2151=DIRECTION('ref_axis',(-1.,0.,-4.92928776032582E-16));
#2152=DIRECTION('center_axis',(0.,-1.,0.));
#2153=DIRECTION('ref_axis',(-1.,0.,-4.92928776032582E-16));
#2154=DIRECTION('center_axis',(0.,1.,0.));
#2155=DIRECTION('ref_axis',(1.,0.,0.));
#2156=DIRECTION('center_axis',(0.,1.,0.));
#2157=DIRECTION('ref_axis',(1.,0.,0.));
#2158=DIRECTION('',(0.,0.,1.));
#2159=DIRECTION('',(1.,0.,0.));
#2160=CARTESIAN_POINT('',(0.,0.,0.));
#2161=CARTESIAN_POINT('',(0.,0.,0.));
#2162=CARTESIAN_POINT('Origin',(0.,27.99,0.));
#2163=CARTESIAN_POINT('',(71.5,27.99,-69.5));
#2164=CARTESIAN_POINT('',(71.5,27.99,69.5));
#2165=CARTESIAN_POINT('',(71.5,27.99,34.75));
#2166=CARTESIAN_POINT('',(-71.5,27.99,-69.5));
#2167=CARTESIAN_POINT('',(35.75,27.99,-69.5));
#2168=CARTESIAN_POINT('',(-71.5,27.99,69.5));
#2169=CARTESIAN_POINT('',(-71.5,27.99,-34.75));
#2170=CARTESIAN_POINT('',(-35.75,27.99,69.5));
#2171=CARTESIAN_POINT('Origin',(71.5,15.,-69.5));
#2172=CARTESIAN_POINT('',(71.5,15.,-69.5));
#2173=CARTESIAN_POINT('',(71.5,15.,-69.5));
#2174=CARTESIAN_POINT('',(-71.5,15.,-69.5));
#2175=CARTESIAN_POINT('',(35.75,15.,-69.5));
#2176=CARTESIAN_POINT('',(-71.5,15.,-69.5));
#2177=CARTESIAN_POINT('Origin',(71.5,15.,69.5));
#2178=CARTESIAN_POINT('',(71.5,15.,69.5));
#2179=CARTESIAN_POINT('',(71.5,15.,69.5));
#2180=CARTESIAN_POINT('',(71.5,15.,34.75));
#2181=CARTESIAN_POINT('Origin',(0.,2.99,-8.88178419700125E-15));
#2182=CARTESIAN_POINT('',(-43.2133592329616,2.99,37.5));
#2183=CARTESIAN_POINT('',(-43.2133592329616,2.99,-37.5));
#2184=CARTESIAN_POINT('',(-43.2133592329616,2.99,18.75));
#2185=CARTESIAN_POINT('',(-39.5,2.99,-41.2133592329616));
#2186=CARTESIAN_POINT('Origin',(-39.5,2.99,-37.5));
#2187=CARTESIAN_POINT('',(39.5,2.99,-41.2133592329616));
#2188=CARTESIAN_POINT('',(-19.75,2.99,-41.2133592329616));
#2189=CARTESIAN_POINT('',(43.2133592329616,2.99,-37.5));
#2190=CARTESIAN_POINT('Origin',(39.5,2.99,-37.5));
#2191=CARTESIAN_POINT('',(43.2133592329615,2.99,37.5));
#2192=CARTESIAN_POINT('',(43.2133592329616,2.99,-18.75));
#2193=CARTESIAN_POINT('',(39.5,2.99,41.2133592329615));
#2194=CARTESIAN_POINT('Origin',(39.5,2.99,37.5));
#2195=CARTESIAN_POINT('',(-39.5,2.99,41.2133592329615));
#2196=CARTESIAN_POINT('',(19.75,2.99,41.2133592329616));
#2197=CARTESIAN_POINT('Origin',(-39.5,2.99,37.5));
#2198=CARTESIAN_POINT('Origin',(43.2149606563558,3.02055697868139,-37.5));
#2199=CARTESIAN_POINT('',(44.,18.,-37.5));
#2200=CARTESIAN_POINT('',(44.,18.,-37.5));
#2201=CARTESIAN_POINT('',(44.,18.,37.5));
#2202=CARTESIAN_POINT('',(44.,18.,-37.5));
#2203=CARTESIAN_POINT('',(44.,18.,37.5));
#2204=CARTESIAN_POINT('Origin',(39.5,18.,-37.5));
#2205=CARTESIAN_POINT('',(39.5,18.,-42.));
#2206=CARTESIAN_POINT('',(39.5,18.,-42.));
#2207=CARTESIAN_POINT('Origin',(39.5,18.,-37.5));
#2208=CARTESIAN_POINT('Origin',(-39.5,3.02055697868139,-41.2149606563559));
#2209=CARTESIAN_POINT('',(-39.5,18.,-42.));
#2210=CARTESIAN_POINT('',(-39.5,18.,-42.));
#2211=CARTESIAN_POINT('',(-39.5,18.,-42.));
#2212=CARTESIAN_POINT('Origin',(-39.5,18.,-37.5));
#2213=CARTESIAN_POINT('',(-44.,18.,-37.5));
#2214=CARTESIAN_POINT('',(-44.,18.,-37.5));
#2215=CARTESIAN_POINT('Origin',(-39.5,18.,-37.5));
#2216=CARTESIAN_POINT('Origin',(39.5,18.,-37.5));
#2217=CARTESIAN_POINT('',(39.5,15.,-45.4072233378491));
#2218=CARTESIAN_POINT('',(47.4072233378491,15.,-37.5));
#2219=CARTESIAN_POINT('Origin',(39.5,15.,-37.5));
#2220=CARTESIAN_POINT('',(47.25,18.,-37.5));
#2221=CARTESIAN_POINT('',(47.25,18.,-37.5));
#2222=CARTESIAN_POINT('',(39.5,18.,-45.25));
#2223=CARTESIAN_POINT('Origin',(39.5,18.,-37.5));
#2224=CARTESIAN_POINT('',(39.5,18.,-45.25));
#2225=CARTESIAN_POINT('Origin',(39.5,3.02055697868139,-46.0350393436442));
#2226=CARTESIAN_POINT('',(-39.5,15.,-45.4072233378491));
#2227=CARTESIAN_POINT('',(19.75,15.,-45.4072233378491));
#2228=CARTESIAN_POINT('',(-39.5,18.,-45.25));
#2229=CARTESIAN_POINT('',(-39.5,18.,-45.25));
#2230=CARTESIAN_POINT('',(-39.5,18.,-45.25));
#2231=CARTESIAN_POINT('Origin',(-39.5,18.,-37.5));
#2232=CARTESIAN_POINT('',(-47.4072233378491,15.,-37.5));
#2233=CARTESIAN_POINT('Origin',(-39.5,15.,-37.5));
#2234=CARTESIAN_POINT('',(-47.25,18.,-37.5));
#2235=CARTESIAN_POINT('Origin',(-39.5,18.,-37.5));
#2236=CARTESIAN_POINT('',(-47.25,18.,-37.5));
#2237=CARTESIAN_POINT('Origin',(-48.0350393436442,3.02055697868139,-37.5));
#2238=CARTESIAN_POINT('',(-47.4072233378491,15.,37.5));
#2239=CARTESIAN_POINT('',(-47.4072233378491,15.,-18.75));
#2240=CARTESIAN_POINT('',(-47.25,18.,37.5));
#2241=CARTESIAN_POINT('',(-47.25,18.,37.5));
#2242=CARTESIAN_POINT('',(-47.25,18.,37.5));
#2243=CARTESIAN_POINT('Origin',(48.0350393436442,3.02055697868139,37.5));
#2244=CARTESIAN_POINT('',(47.4072233378491,15.,37.5));
#2245=CARTESIAN_POINT('',(47.4072233378491,15.,18.75));
#2246=CARTESIAN_POINT('',(47.25,18.,37.5));
#2247=CARTESIAN_POINT('',(47.25,18.,37.5));
#2248=CARTESIAN_POINT('',(47.25,18.,-37.5));
#2249=CARTESIAN_POINT('Origin',(39.5,18.,37.5));
#2250=CARTESIAN_POINT('',(39.5,15.,45.4072233378491));
#2251=CARTESIAN_POINT('Origin',(39.5,15.,37.5));
#2252=CARTESIAN_POINT('',(39.5,18.,45.25));
#2253=CARTESIAN_POINT('',(39.5,18.,45.25));
#2254=CARTESIAN_POINT('Origin',(39.5,18.,37.5));
#2255=CARTESIAN_POINT('Origin',(-39.5,3.02055697868139,46.0350393436442));
#2256=CARTESIAN_POINT('',(-39.5,15.,45.4072233378491));
#2257=CARTESIAN_POINT('',(-19.75,15.,45.4072233378491));
#2258=CARTESIAN_POINT('',(-39.5,18.,45.25));
#2259=CARTESIAN_POINT('',(-39.5,18.,45.25));
#2260=CARTESIAN_POINT('',(39.5,18.,45.25));
#2261=CARTESIAN_POINT('Origin',(-39.5,18.,37.5));
#2262=CARTESIAN_POINT('Origin',(-39.5,15.,37.5));
#2263=CARTESIAN_POINT('Origin',(-39.5,18.,37.5));
#2264=CARTESIAN_POINT('Origin',(0.,18.,-8.88178419700125E-15));
#2265=CARTESIAN_POINT('',(-44.,18.,37.5));
#2266=CARTESIAN_POINT('',(-44.,18.,37.5));
#2267=CARTESIAN_POINT('',(-39.5,18.,42.));
#2268=CARTESIAN_POINT('Origin',(-39.5,18.,37.5));
#2269=CARTESIAN_POINT('',(39.5,18.,42.));
#2270=CARTESIAN_POINT('',(39.5,18.,42.));
#2271=CARTESIAN_POINT('Origin',(39.5,18.,37.5));
#2272=CARTESIAN_POINT('Origin',(-43.2149606563559,3.02055697868139,37.5));
#2273=CARTESIAN_POINT('',(-44.,18.,37.5));
#2274=CARTESIAN_POINT('Origin',(-39.5,18.,37.5));
#2275=CARTESIAN_POINT('',(-39.5,18.,42.));
#2276=CARTESIAN_POINT('Origin',(39.5,3.02055697868139,41.2149606563558));
#2277=CARTESIAN_POINT('',(39.5,18.,42.));
#2278=CARTESIAN_POINT('Origin',(39.5,18.,37.5));
#2279=CARTESIAN_POINT('Origin',(-8.88178419700125E-15,15.,-8.88178419700125E-15));
#2280=CARTESIAN_POINT('',(-71.5,15.,69.5));
#2281=CARTESIAN_POINT('',(-35.75,15.,69.5));
#2282=CARTESIAN_POINT('',(-71.5,15.,-34.75));
#2283=CARTESIAN_POINT('Origin',(-71.5,15.,-69.5));
#2284=CARTESIAN_POINT('',(-71.5,15.,69.5));
#2285=CARTESIAN_POINT('Origin',(-71.5,15.,69.5));
#2286=CARTESIAN_POINT('Origin',(71.5,15.,-69.5));
#2287=CARTESIAN_POINT('',(71.5,15.,-69.5));
#2288=CARTESIAN_POINT('',(-71.5,15.,-69.5));
#2289=CARTESIAN_POINT('',(35.75,15.,-69.5));
#2290=CARTESIAN_POINT('',(71.5,-10.,-69.5));
#2291=CARTESIAN_POINT('',(71.5,15.,-69.5));
#2292=CARTESIAN_POINT('',(-71.5,-10.,-69.5));
#2293=CARTESIAN_POINT('',(71.5,-10.,-69.5));
#2294=CARTESIAN_POINT('',(-71.5,15.,-69.5));
#2295=CARTESIAN_POINT('Origin',(-71.5,15.,-69.5));
#2296=CARTESIAN_POINT('',(-71.5,15.,69.5));
#2297=CARTESIAN_POINT('',(-71.5,15.,-34.75));
#2298=CARTESIAN_POINT('',(-71.5,-10.,69.5));
#2299=CARTESIAN_POINT('',(-71.5,-10.,-69.5));
#2300=CARTESIAN_POINT('',(-71.5,15.,69.5));
#2301=CARTESIAN_POINT('Origin',(0.,-10.,0.));
#2302=CARTESIAN_POINT('',(71.5,-10.,69.5));
#2303=CARTESIAN_POINT('',(71.5,-10.,69.5));
#2304=CARTESIAN_POINT('',(-71.5,-10.,69.5));
#2305=CARTESIAN_POINT('Origin',(-71.5,15.,69.5));
#2306=CARTESIAN_POINT('',(71.5,15.,69.5));
#2307=CARTESIAN_POINT('',(-35.75,15.,69.5));
#2308=CARTESIAN_POINT('',(71.5,15.,69.5));
#2309=CARTESIAN_POINT('Origin',(71.5,15.,69.5));
#2310=CARTESIAN_POINT('',(71.5,15.,34.75));
#2311=CARTESIAN_POINT('Origin',(-8.88178419700125E-15,3.,-8.88178419700125E-15));
#2312=CARTESIAN_POINT('',(-48.5091962864166,3.,37.5));
#2313=CARTESIAN_POINT('',(-39.5,3.,46.5091962864166));
#2314=CARTESIAN_POINT('Origin',(-39.5,3.,37.5));
#2315=CARTESIAN_POINT('',(39.5,3.,46.5091962864166));
#2316=CARTESIAN_POINT('',(39.5,3.,46.5091962864166));
#2317=CARTESIAN_POINT('',(48.5091962864166,3.,37.5));
#2318=CARTESIAN_POINT('Origin',(39.5,3.,37.5));
#2319=CARTESIAN_POINT('',(48.5091962864166,3.,-37.5));
#2320=CARTESIAN_POINT('',(48.5091962864166,3.,-37.5));
#2321=CARTESIAN_POINT('',(39.5,3.,-46.5091962864166));
#2322=CARTESIAN_POINT('Origin',(39.5,3.,-37.5));
#2323=CARTESIAN_POINT('',(-39.5,3.,-46.5091962864166));
#2324=CARTESIAN_POINT('',(-39.5,3.,-46.5091962864166));
#2325=CARTESIAN_POINT('',(-48.5091962864166,3.,-37.5));
#2326=CARTESIAN_POINT('Origin',(-39.5,3.,-37.5));
#2327=CARTESIAN_POINT('',(-48.5091962864166,3.,37.5));
#2328=CARTESIAN_POINT('',(-46.1572233378491,3.,-37.5));
#2329=CARTESIAN_POINT('',(-46.1572233378491,3.,37.5));
#2330=CARTESIAN_POINT('',(-46.1572233378491,3.,-18.75));
#2331=CARTESIAN_POINT('',(-39.5,3.,-44.1572233378491));
#2332=CARTESIAN_POINT('Origin',(-39.5,3.,-37.5));
#2333=CARTESIAN_POINT('',(39.5,3.,-44.1572233378491));
#2334=CARTESIAN_POINT('',(19.75,3.,-44.1572233378491));
#2335=CARTESIAN_POINT('',(46.1572233378491,3.,-37.5));
#2336=CARTESIAN_POINT('Origin',(39.5,3.,-37.5));
#2337=CARTESIAN_POINT('',(46.1572233378491,3.,37.5));
#2338=CARTESIAN_POINT('',(46.1572233378491,3.,18.75));
#2339=CARTESIAN_POINT('',(39.5,3.,44.1572233378491));
#2340=CARTESIAN_POINT('Origin',(39.5,3.,37.5));
#2341=CARTESIAN_POINT('',(-39.5,3.,44.1572233378491));
#2342=CARTESIAN_POINT('',(-19.75,3.,44.1572233378491));
#2343=CARTESIAN_POINT('Origin',(-39.5,3.,37.5));
#2344=CARTESIAN_POINT('Origin',(-39.5,3.,37.5));
#2345=CARTESIAN_POINT('',(-48.9492163110814,15.,37.5));
#2346=CARTESIAN_POINT('',(-48.5091962864166,3.,37.5));
#2347=CARTESIAN_POINT('',(-39.5,15.,46.9492163110814));
#2348=CARTESIAN_POINT('Origin',(-39.5,15.,37.5));
#2349=CARTESIAN_POINT('',(-39.5,3.,46.5091962864166));
#2350=CARTESIAN_POINT('Origin',(-39.5,3.,46.5091962864166));
#2351=CARTESIAN_POINT('',(39.5,15.,46.9492163110814));
#2352=CARTESIAN_POINT('',(-19.75,15.,46.9492163110814));
#2353=CARTESIAN_POINT('',(39.5,3.,46.5091962864166));
#2354=CARTESIAN_POINT('Origin',(39.5,3.,37.5));
#2355=CARTESIAN_POINT('',(48.9492163110814,15.,37.5));
#2356=CARTESIAN_POINT('Origin',(39.5,15.,37.5));
#2357=CARTESIAN_POINT('',(48.5091962864166,3.,37.5));
#2358=CARTESIAN_POINT('Origin',(48.5091962864166,3.,37.5));
#2359=CARTESIAN_POINT('',(48.9492163110814,15.,-37.5));
#2360=CARTESIAN_POINT('',(48.9492163110814,15.,18.75));
#2361=CARTESIAN_POINT('',(48.5091962864166,3.,-37.5));
#2362=CARTESIAN_POINT('Origin',(39.5,3.,-37.5));
#2363=CARTESIAN_POINT('',(39.5,15.,-46.9492163110814));
#2364=CARTESIAN_POINT('Origin',(39.5,15.,-37.5));
#2365=CARTESIAN_POINT('',(39.5,3.,-46.5091962864166));
#2366=CARTESIAN_POINT('Origin',(39.5,3.,-46.5091962864166));
#2367=CARTESIAN_POINT('',(-39.5,15.,-46.9492163110814));
#2368=CARTESIAN_POINT('',(19.75,15.,-46.9492163110814));
#2369=CARTESIAN_POINT('',(-39.5,3.,-46.5091962864166));
#2370=CARTESIAN_POINT('Origin',(-39.5,3.,-37.5));
#2371=CARTESIAN_POINT('',(-48.9492163110814,15.,-37.5));
#2372=CARTESIAN_POINT('Origin',(-39.5,15.,-37.5));
#2373=CARTESIAN_POINT('',(-48.5091962864166,3.,-37.5));
#2374=CARTESIAN_POINT('Origin',(-48.5091962864166,3.,-37.5));
#2375=CARTESIAN_POINT('',(-48.9492163110814,15.,-18.75));
#2376=CARTESIAN_POINT('Origin',(0.,0.,-8.88178419700125E-15));
#2377=CARTESIAN_POINT('',(-46.,0.,37.5));
#2378=CARTESIAN_POINT('',(-39.5,0.,44.));
#2379=CARTESIAN_POINT('Origin',(-39.5,0.,37.5));
#2380=CARTESIAN_POINT('',(39.5,0.,44.));
#2381=CARTESIAN_POINT('',(39.5,0.,44.));
#2382=CARTESIAN_POINT('',(46.,0.,37.5));
#2383=CARTESIAN_POINT('Origin',(39.5,0.,37.5));
#2384=CARTESIAN_POINT('',(46.,0.,-37.5));
#2385=CARTESIAN_POINT('',(46.,0.,-37.5));
#2386=CARTESIAN_POINT('',(39.5,0.,-44.));
#2387=CARTESIAN_POINT('Origin',(39.5,0.,-37.5));
#2388=CARTESIAN_POINT('',(-39.5,0.,-44.));
#2389=CARTESIAN_POINT('',(-39.5,0.,-44.));
#2390=CARTESIAN_POINT('',(-46.,0.,-37.5));
#2391=CARTESIAN_POINT('Origin',(-39.5,0.,-37.5));
#2392=CARTESIAN_POINT('',(-46.,0.,37.5));
#2393=CARTESIAN_POINT('Origin',(-39.5,0.,37.5));
#2394=CARTESIAN_POINT('',(-46.,0.,37.5));
#2395=CARTESIAN_POINT('',(-39.5,0.,44.));
#2396=CARTESIAN_POINT('Origin',(-39.5,0.,44.));
#2397=CARTESIAN_POINT('',(39.5,0.,44.));
#2398=CARTESIAN_POINT('Origin',(39.5,0.,37.5));
#2399=CARTESIAN_POINT('',(46.,0.,37.5));
#2400=CARTESIAN_POINT('Origin',(46.,2.77555756156289E-16,37.5));
#2401=CARTESIAN_POINT('',(46.,0.,-37.5));
#2402=CARTESIAN_POINT('Origin',(39.5,0.,-37.5));
#2403=CARTESIAN_POINT('',(39.5,0.,-44.));
#2404=CARTESIAN_POINT('Origin',(39.5,0.,-44.));
#2405=CARTESIAN_POINT('',(-39.5,0.,-44.));
#2406=CARTESIAN_POINT('Origin',(-39.5,0.,-37.5));
#2407=CARTESIAN_POINT('',(-46.,0.,-37.5));
#2408=CARTESIAN_POINT('Origin',(-46.,0.,-37.5));
#2409=CARTESIAN_POINT('Origin',(0.,15.,0.));
#2410=CARTESIAN_POINT('Origin',(0.,2.99,-8.88178419700125E-15));
#2411=CARTESIAN_POINT('',(-43.2133592329616,2.99,37.5));
#2412=CARTESIAN_POINT('',(-43.2133592329616,2.99,-37.5));
#2413=CARTESIAN_POINT('',(-43.2133592329616,2.99,18.75));
#2414=CARTESIAN_POINT('',(-39.5,2.99,41.2133592329615));
#2415=CARTESIAN_POINT('Origin',(-39.5,2.99,37.5));
#2416=CARTESIAN_POINT('',(39.5,2.99,41.2133592329615));
#2417=CARTESIAN_POINT('',(19.75,2.99,41.2133592329616));
#2418=CARTESIAN_POINT('',(43.2133592329615,2.99,37.5));
#2419=CARTESIAN_POINT('Origin',(39.5,2.99,37.5));
#2420=CARTESIAN_POINT('',(43.2133592329616,2.99,-37.5));
#2421=CARTESIAN_POINT('',(43.2133592329616,2.99,-18.75));
#2422=CARTESIAN_POINT('',(39.5,2.99,-41.2133592329616));
#2423=CARTESIAN_POINT('Origin',(39.5,2.99,-37.5));
#2424=CARTESIAN_POINT('',(-39.5,2.99,-41.2133592329616));
#2425=CARTESIAN_POINT('',(-19.75,2.99,-41.2133592329616));
#2426=CARTESIAN_POINT('Origin',(-39.5,2.99,-37.5));
#2427=CARTESIAN_POINT('Origin',(39.5,18.,-37.5));
#2428=CARTESIAN_POINT('',(39.5,15.,-45.4072233378491));
#2429=CARTESIAN_POINT('',(47.4072233378491,15.,-37.5));
#2430=CARTESIAN_POINT('Origin',(39.5,15.,-37.5));
#2431=CARTESIAN_POINT('',(39.5,18.,-45.25));
#2432=CARTESIAN_POINT('',(39.5,18.,-45.25));
#2433=CARTESIAN_POINT('',(47.25,18.,-37.5));
#2434=CARTESIAN_POINT('Origin',(39.5,18.,-37.5));
#2435=CARTESIAN_POINT('',(47.25,18.,-37.5));
#2436=CARTESIAN_POINT('Origin',(39.5,3.02055697868139,-46.0350393436442));
#2437=CARTESIAN_POINT('',(-39.5,15.,-45.4072233378491));
#2438=CARTESIAN_POINT('',(19.75,15.,-45.4072233378491));
#2439=CARTESIAN_POINT('',(-39.5,18.,-45.25));
#2440=CARTESIAN_POINT('',(-39.5,18.,-45.25));
#2441=CARTESIAN_POINT('',(-39.5,18.,-45.25));
#2442=CARTESIAN_POINT('Origin',(-39.5,18.,-37.5));
#2443=CARTESIAN_POINT('',(-47.4072233378491,15.,-37.5));
#2444=CARTESIAN_POINT('Origin',(-39.5,15.,-37.5));
#2445=CARTESIAN_POINT('',(-47.25,18.,-37.5));
#2446=CARTESIAN_POINT('',(-47.25,18.,-37.5));
#2447=CARTESIAN_POINT('Origin',(-39.5,18.,-37.5));
#2448=CARTESIAN_POINT('Origin',(-48.0350393436442,3.02055697868139,-37.5));
#2449=CARTESIAN_POINT('',(-47.4072233378491,15.,37.5));
#2450=CARTESIAN_POINT('',(-47.4072233378491,15.,-18.75));
#2451=CARTESIAN_POINT('',(-47.25,18.,37.5));
#2452=CARTESIAN_POINT('',(-47.25,18.,37.5));
#2453=CARTESIAN_POINT('',(-47.25,18.,37.5));
#2454=CARTESIAN_POINT('Origin',(48.0350393436442,3.02055697868139,37.5));
#2455=CARTESIAN_POINT('',(47.4072233378491,15.,37.5));
#2456=CARTESIAN_POINT('',(47.4072233378491,15.,18.75));
#2457=CARTESIAN_POINT('',(47.25,18.,37.5));
#2458=CARTESIAN_POINT('',(47.25,18.,-37.5));
#2459=CARTESIAN_POINT('',(47.25,18.,37.5));
#2460=CARTESIAN_POINT('Origin',(39.5,18.,37.5));
#2461=CARTESIAN_POINT('',(39.5,15.,45.4072233378491));
#2462=CARTESIAN_POINT('Origin',(39.5,15.,37.5));
#2463=CARTESIAN_POINT('',(39.5,18.,45.25));
#2464=CARTESIAN_POINT('Origin',(39.5,18.,37.5));
#2465=CARTESIAN_POINT('',(39.5,18.,45.25));
#2466=CARTESIAN_POINT('Origin',(-39.5,3.02055697868139,46.0350393436442));
#2467=CARTESIAN_POINT('',(-39.5,15.,45.4072233378491));
#2468=CARTESIAN_POINT('',(-19.75,15.,45.4072233378491));
#2469=CARTESIAN_POINT('',(-39.5,18.,45.25));
#2470=CARTESIAN_POINT('',(39.5,18.,45.25));
#2471=CARTESIAN_POINT('',(-39.5,18.,45.25));
#2472=CARTESIAN_POINT('Origin',(-39.5,18.,37.5));
#2473=CARTESIAN_POINT('Origin',(-39.5,15.,37.5));
#2474=CARTESIAN_POINT('Origin',(-39.5,18.,37.5));
#2475=CARTESIAN_POINT('Origin',(0.,18.,-8.88178419700125E-15));
#2476=CARTESIAN_POINT('',(-44.,18.,-37.5));
#2477=CARTESIAN_POINT('',(-39.5,18.,-42.));
#2478=CARTESIAN_POINT('Origin',(-39.5,18.,-37.5));
#2479=CARTESIAN_POINT('',(39.5,18.,-42.));
#2480=CARTESIAN_POINT('',(-39.5,18.,-42.));
#2481=CARTESIAN_POINT('',(44.,18.,-37.5));
#2482=CARTESIAN_POINT('Origin',(39.5,18.,-37.5));
#2483=CARTESIAN_POINT('',(44.,18.,37.5));
#2484=CARTESIAN_POINT('',(44.,18.,-37.5));
#2485=CARTESIAN_POINT('',(39.5,18.,42.));
#2486=CARTESIAN_POINT('Origin',(39.5,18.,37.5));
#2487=CARTESIAN_POINT('',(-39.5,18.,42.));
#2488=CARTESIAN_POINT('',(39.5,18.,42.));
#2489=CARTESIAN_POINT('',(-44.,18.,37.5));
#2490=CARTESIAN_POINT('Origin',(-39.5,18.,37.5));
#2491=CARTESIAN_POINT('',(-44.,18.,37.5));
#2492=CARTESIAN_POINT('Origin',(-46.,0.,-37.5));
#2493=CARTESIAN_POINT('',(-46.,0.,37.5));
#2494=CARTESIAN_POINT('',(-46.,0.,-37.5));
#2495=CARTESIAN_POINT('',(-46.,0.,37.5));
#2496=CARTESIAN_POINT('',(-46.1572233378491,3.,37.5));
#2497=CARTESIAN_POINT('',(-46.,0.,37.5));
#2498=CARTESIAN_POINT('',(-46.1572233378491,3.,-37.5));
#2499=CARTESIAN_POINT('',(-46.1572233378491,3.,-18.75));
#2500=CARTESIAN_POINT('',(-46.,0.,-37.5));
#2501=CARTESIAN_POINT('Origin',(-39.5,0.,-37.5));
#2502=CARTESIAN_POINT('',(-39.5,0.,-44.));
#2503=CARTESIAN_POINT('Origin',(-39.5,0.,-37.5));
#2504=CARTESIAN_POINT('',(-39.5,3.,-44.1572233378491));
#2505=CARTESIAN_POINT('Origin',(-39.5,3.,-37.5));
#2506=CARTESIAN_POINT('',(-39.5,0.,-44.));
#2507=CARTESIAN_POINT('Origin',(39.5,0.,-44.));
#2508=CARTESIAN_POINT('',(39.5,0.,-44.));
#2509=CARTESIAN_POINT('',(-39.5,0.,-44.));
#2510=CARTESIAN_POINT('',(39.5,3.,-44.1572233378491));
#2511=CARTESIAN_POINT('',(19.75,3.,-44.1572233378491));
#2512=CARTESIAN_POINT('',(39.5,0.,-44.));
#2513=CARTESIAN_POINT('Origin',(39.5,0.,-37.5));
#2514=CARTESIAN_POINT('',(46.,0.,-37.5));
#2515=CARTESIAN_POINT('Origin',(39.5,0.,-37.5));
#2516=CARTESIAN_POINT('',(46.1572233378491,3.,-37.5));
#2517=CARTESIAN_POINT('Origin',(39.5,3.,-37.5));
#2518=CARTESIAN_POINT('',(46.,0.,-37.5));
#2519=CARTESIAN_POINT('Origin',(46.,2.77555756156289E-16,37.5));
#2520=CARTESIAN_POINT('',(46.,0.,37.5));
#2521=CARTESIAN_POINT('',(46.,0.,-37.5));
#2522=CARTESIAN_POINT('',(46.1572233378491,3.,37.5));
#2523=CARTESIAN_POINT('',(46.1572233378491,3.,18.75));
#2524=CARTESIAN_POINT('',(46.,0.,37.5));
#2525=CARTESIAN_POINT('Origin',(39.5,0.,37.5));
#2526=CARTESIAN_POINT('',(39.5,0.,44.));
#2527=CARTESIAN_POINT('Origin',(39.5,0.,37.5));
#2528=CARTESIAN_POINT('',(39.5,3.,44.1572233378491));
#2529=CARTESIAN_POINT('Origin',(39.5,3.,37.5));
#2530=CARTESIAN_POINT('',(39.5,0.,44.));
#2531=CARTESIAN_POINT('Origin',(-39.5,0.,44.));
#2532=CARTESIAN_POINT('',(-39.5,0.,44.));
#2533=CARTESIAN_POINT('',(39.5,0.,44.));
#2534=CARTESIAN_POINT('',(-39.5,3.,44.1572233378491));
#2535=CARTESIAN_POINT('',(-19.75,3.,44.1572233378491));
#2536=CARTESIAN_POINT('',(-39.5,0.,44.));
#2537=CARTESIAN_POINT('Origin',(-39.5,0.,37.5));
#2538=CARTESIAN_POINT('Origin',(-39.5,0.,37.5));
#2539=CARTESIAN_POINT('Origin',(-39.5,3.,37.5));
#2540=CARTESIAN_POINT('Origin',(0.,0.,-8.88178419700125E-15));
#2541=CARTESIAN_POINT('Origin',(-43.2149606563559,3.02055697868139,37.5));
#2542=CARTESIAN_POINT('',(-44.,18.,-37.5));
#2543=CARTESIAN_POINT('',(-44.,18.,37.5));
#2544=CARTESIAN_POINT('Origin',(-39.5,18.,37.5));
#2545=CARTESIAN_POINT('',(-39.5,18.,42.));
#2546=CARTESIAN_POINT('Origin',(39.5,3.02055697868139,41.2149606563558));
#2547=CARTESIAN_POINT('',(39.5,18.,42.));
#2548=CARTESIAN_POINT('Origin',(39.5,18.,37.5));
#2549=CARTESIAN_POINT('',(44.,18.,37.5));
#2550=CARTESIAN_POINT('Origin',(43.2149606563558,3.02055697868139,-37.5));
#2551=CARTESIAN_POINT('',(44.,18.,-37.5));
#2552=CARTESIAN_POINT('Origin',(39.5,18.,-37.5));
#2553=CARTESIAN_POINT('',(39.5,18.,-42.));
#2554=CARTESIAN_POINT('Origin',(-39.5,3.02055697868139,-41.2149606563559));
#2555=CARTESIAN_POINT('',(-39.5,18.,-42.));
#2556=CARTESIAN_POINT('Origin',(-39.5,18.,-37.5));
#2557=CARTESIAN_POINT('Origin',(-48.5091962864166,3.,-37.5));
#2558=CARTESIAN_POINT('',(-48.5091962864166,3.,37.5));
#2559=CARTESIAN_POINT('',(-48.5091962864166,3.,-37.5));
#2560=CARTESIAN_POINT('',(-48.5091962864166,3.,37.5));
#2561=CARTESIAN_POINT('',(-48.9492163110814,15.,37.5));
#2562=CARTESIAN_POINT('',(-48.5091962864166,3.,37.5));
#2563=CARTESIAN_POINT('',(-48.9492163110814,15.,-37.5));
#2564=CARTESIAN_POINT('',(-48.9492163110814,15.,-18.75));
#2565=CARTESIAN_POINT('',(-48.5091962864166,3.,-37.5));
#2566=CARTESIAN_POINT('Origin',(-39.5,3.,-37.5));
#2567=CARTESIAN_POINT('',(-39.5,3.,-46.5091962864166));
#2568=CARTESIAN_POINT('Origin',(-39.5,3.,-37.5));
#2569=CARTESIAN_POINT('',(-39.5,15.,-46.9492163110814));
#2570=CARTESIAN_POINT('Origin',(-39.5,15.,-37.5));
#2571=CARTESIAN_POINT('',(-39.5,3.,-46.5091962864166));
#2572=CARTESIAN_POINT('Origin',(39.5,3.,-46.5091962864166));
#2573=CARTESIAN_POINT('',(39.5,3.,-46.5091962864166));
#2574=CARTESIAN_POINT('',(-39.5,3.,-46.5091962864166));
#2575=CARTESIAN_POINT('',(39.5,15.,-46.9492163110814));
#2576=CARTESIAN_POINT('',(19.75,15.,-46.9492163110814));
#2577=CARTESIAN_POINT('',(39.5,3.,-46.5091962864166));
#2578=CARTESIAN_POINT('Origin',(39.5,3.,-37.5));
#2579=CARTESIAN_POINT('',(48.5091962864166,3.,-37.5));
#2580=CARTESIAN_POINT('Origin',(39.5,3.,-37.5));
#2581=CARTESIAN_POINT('',(48.9492163110814,15.,-37.5));
#2582=CARTESIAN_POINT('Origin',(39.5,15.,-37.5));
#2583=CARTESIAN_POINT('',(48.5091962864166,3.,-37.5));
#2584=CARTESIAN_POINT('Origin',(48.5091962864166,3.,37.5));
#2585=CARTESIAN_POINT('',(48.5091962864166,3.,37.5));
#2586=CARTESIAN_POINT('',(48.5091962864166,3.,-37.5));
#2587=CARTESIAN_POINT('',(48.9492163110814,15.,37.5));
#2588=CARTESIAN_POINT('',(48.9492163110814,15.,18.75));
#2589=CARTESIAN_POINT('',(48.5091962864166,3.,37.5));
#2590=CARTESIAN_POINT('Origin',(39.5,3.,37.5));
#2591=CARTESIAN_POINT('',(39.5,3.,46.5091962864166));
#2592=CARTESIAN_POINT('Origin',(39.5,3.,37.5));
#2593=CARTESIAN_POINT('',(39.5,15.,46.9492163110814));
#2594=CARTESIAN_POINT('Origin',(39.5,15.,37.5));
#2595=CARTESIAN_POINT('',(39.5,3.,46.5091962864166));
#2596=CARTESIAN_POINT('Origin',(-39.5,3.,46.5091962864166));
#2597=CARTESIAN_POINT('',(-39.5,3.,46.5091962864166));
#2598=CARTESIAN_POINT('',(39.5,3.,46.5091962864166));
#2599=CARTESIAN_POINT('',(-39.5,15.,46.9492163110814));
#2600=CARTESIAN_POINT('',(-19.75,15.,46.9492163110814));
#2601=CARTESIAN_POINT('',(-39.5,3.,46.5091962864166));
#2602=CARTESIAN_POINT('Origin',(-39.5,3.,37.5));
#2603=CARTESIAN_POINT('Origin',(-39.5,3.,37.5));
#2604=CARTESIAN_POINT('Origin',(-39.5,15.,37.5));
#2605=CARTESIAN_POINT('Origin',(-8.88178419700125E-15,15.,-8.88178419700125E-15));
#2606=CARTESIAN_POINT('Origin',(-8.88178419700125E-15,3.,-8.88178419700125E-15));
#2607=CARTESIAN_POINT('',(0.,0.,0.));
#2608=UNCERTAINTY_MEASURE_WITH_UNIT(LENGTH_MEASURE(0.01),#2614,
'DISTANCE_ACCURACY_VALUE',
'Maximum model space distance between geometric entities at asserted c
onnectivities');
#2609=UNCERTAINTY_MEASURE_WITH_UNIT(LENGTH_MEASURE(0.01),#2614,
'DISTANCE_ACCURACY_VALUE',
'Maximum model space distance between geometric entities at asserted c
onnectivities');
#2610=UNCERTAINTY_MEASURE_WITH_UNIT(LENGTH_MEASURE(0.01),#2614,
'DISTANCE_ACCURACY_VALUE',
'Maximum model space distance between geometric entities at asserted c
onnectivities');
#2611=(
GEOMETRIC_REPRESENTATION_CONTEXT(3)
GLOBAL_UNCERTAINTY_ASSIGNED_CONTEXT((#2608))
GLOBAL_UNIT_ASSIGNED_CONTEXT((#2614,#2616,#2617))
REPRESENTATION_CONTEXT('','3D')
);
#2612=(
GEOMETRIC_REPRESENTATION_CONTEXT(3)
GLOBAL_UNCERTAINTY_ASSIGNED_CONTEXT((#2609))
GLOBAL_UNIT_ASSIGNED_CONTEXT((#2614,#2616,#2617))
REPRESENTATION_CONTEXT('','3D')
);
#2613=(
GEOMETRIC_REPRESENTATION_CONTEXT(3)
GLOBAL_UNCERTAINTY_ASSIGNED_CONTEXT((#2610))
GLOBAL_UNIT_ASSIGNED_CONTEXT((#2614,#2616,#2617))
REPRESENTATION_CONTEXT('','3D')
);
#2614=(
LENGTH_UNIT()
NAMED_UNIT(*)
SI_UNIT(.MILLI.,.METRE.)
);
#2615=(
LENGTH_UNIT()
NAMED_UNIT(*)
SI_UNIT($,.METRE.)
);
#2616=(
NAMED_UNIT(*)
PLANE_ANGLE_UNIT()
SI_UNIT($,.RADIAN.)
);
#2617=(
NAMED_UNIT(*)
SI_UNIT($,.STERADIAN.)
SOLID_ANGLE_UNIT()
);
#2618=SHAPE_DEFINITION_REPRESENTATION(#2620,#2623);
#2619=SHAPE_DEFINITION_REPRESENTATION(#2621,#2624);
#2620=PRODUCT_DEFINITION_SHAPE('',$,#2626);
#2621=PRODUCT_DEFINITION_SHAPE('',$,#2627);
#2622=PRODUCT_DEFINITION_SHAPE($,$,#14);
#2623=SHAPE_REPRESENTATION('',(#1552,#1703),#2611);
#2624=SHAPE_REPRESENTATION('',(#1553),#2612);
#2625=PRODUCT_DEFINITION_CONTEXT('part definition',#2633,'design');
#2626=PRODUCT_DEFINITION('Lower - Final','Lower - Final v7',#2628,#2625);
#2627=PRODUCT_DEFINITION('Lower-Half','Lower-Half',#2629,#2625);
#2628=PRODUCT_DEFINITION_FORMATION('',$,#2635);
#2629=PRODUCT_DEFINITION_FORMATION('',$,#2636);
#2630=PRODUCT_RELATED_PRODUCT_CATEGORY('Lower - Final v7',
'Lower - Final v7',(#2635));
#2631=PRODUCT_RELATED_PRODUCT_CATEGORY('Lower-Half','Lower-Half',(#2636));
#2632=APPLICATION_PROTOCOL_DEFINITION('international standard',
'automotive_design',2009,#2633);
#2633=APPLICATION_CONTEXT(
'Core Data for Automotive Mechanical Design Process');
#2634=PRODUCT_CONTEXT('part definition',#2633,'mechanical');
#2635=PRODUCT('Lower - Final','Lower - Final v7',$,(#2634));
#2636=PRODUCT('Lower-Half','Lower-Half',$,(#2634));
#2637=PRESENTATION_STYLE_ASSIGNMENT((#2638));
#2638=SURFACE_STYLE_USAGE(.BOTH.,#2639);
#2639=SURFACE_SIDE_STYLE('',(#2640));
#2640=SURFACE_STYLE_FILL_AREA(#2641);
#2641=FILL_AREA_STYLE('Surface - Matte',(#2642));
#2642=FILL_AREA_STYLE_COLOUR('Surface - Matte',#2643);
#2643=COLOUR_RGB('Surface - Matte',0.701960784313725,0.701960784313725,
0.701960784313725);
ENDSEC;
END-ISO-10303-21;
