ISO-10303-21;
HEADER;
/* Generated by software containing ST-Developer
 * from STEP Tools, Inc. (www.steptools.com) 
 */

FILE_DESCRIPTION(
/* description */ (''),
/* implementation_level */ '2;1');

FILE_NAME(
/* name */ 'Flowerpot v4.step',
/* time_stamp */ '2026-03-14T09:19:20+01:00',
/* author */ (''),
/* organization */ (''),
/* preprocessor_version */ 'ST-DEVELOPER v20.1',
/* originating_system */ 'Autodesk Translation Framework v14.24.0.0',
/* authorisation */ '');

FILE_SCHEMA (('AUTOMOTIVE_DESIGN { 1 0 10303 214 3 1 1 }'));
ENDSEC;

DATA;
#10=MECHANICAL_DESIGN_GEOMETRIC_PRESENTATION_REPRESENTATION('',(#17),#3436);
#11=ITEM_DEFINED_TRANSFORMATION($,$,#1715,#1894);
#12=(
REPRESENTATION_RELATIONSHIP($,$,#3447,#3446)
REPRESENTATION_RELATIONSHIP_WITH_TRANSFORMATION(#11)
SHAPE_REPRESENTATION_RELATIONSHIP()
);
#13=CONTEXT_DEPENDENT_SHAPE_REPRESENTATION(#12,#3445);
#14=NEXT_ASSEMBLY_USAGE_OCCURRENCE(
'Mould Base - Through Plate Injection - Gate to bottom v11:1',
'Mould Base - Through Plate Injection - Gate to bottom v11:1',
'Mould Base - Through Plate Injection - Gate to bottom v11:1',#3449,#3450,
'Mould Base - Through Plate Injection - Gate to bottom v11:1');
#15=SHAPE_REPRESENTATION_RELATIONSHIP('SRR','None',#3447,#16);
#16=ADVANCED_BREP_SHAPE_REPRESENTATION('',(#18),#3435);
#17=STYLED_ITEM('',(#3461),#18);
#18=MANIFOLD_SOLID_BREP('Body1',#1701);
#19=B_SPLINE_SURFACE_WITH_KNOTS('',3,3,((#2629,#2630,#2631,#2632,#2633,
#2634,#2635,#2636,#2637,#2638,#2639),(#2640,#2641,#2642,#2643,#2644,#2645,
#2646,#2647,#2648,#2649,#2650),(#2651,#2652,#2653,#2654,#2655,#2656,#2657,
#2658,#2659,#2660,#2661),(#2662,#2663,#2664,#2665,#2666,#2667,#2668,#2669,
#2670,#2671,#2672)),.UNSPECIFIED.,.F.,.F.,.F.,(4,4),(4,2,2,1,2,4),(0.,1.0006857552564),
(-0.576437258129432,-0.568837217277443,-0.531618433344922,-0.512579320895267,
-0.493540208445612,-0.453826639290483),.UNSPECIFIED.);
#20=B_SPLINE_SURFACE_WITH_KNOTS('',3,3,((#2743,#2744,#2745,#2746,#2747,
#2748,#2749,#2750,#2751,#2752,#2753),(#2754,#2755,#2756,#2757,#2758,#2759,
#2760,#2761,#2762,#2763,#2764),(#2765,#2766,#2767,#2768,#2769,#2770,#2771,
#2772,#2773,#2774,#2775),(#2776,#2777,#2778,#2779,#2780,#2781,#2782,#2783,
#2784,#2785,#2786)),.UNSPECIFIED.,.F.,.F.,.F.,(4,4),(4,2,2,1,2,4),(-0.000685734277965187,
1.),(0.0290113747914961,0.0366113946650508,0.0738301785975709,0.092869291047226,
0.111908403496881,0.151621951673576),.UNSPECIFIED.);
#21=B_SPLINE_SURFACE_WITH_KNOTS('',3,3,((#2866,#2867,#2868,#2869),(#2870,
#2871,#2872,#2873),(#2874,#2875,#2876,#2877),(#2878,#2879,#2880,#2881)),
 .UNSPECIFIED.,.F.,.F.,.F.,(4,4),(4,4),(0.,1.00000013602216),(-0.799536601078042,
-0.782636672998317),.UNSPECIFIED.);
#22=B_SPLINE_SURFACE_WITH_KNOTS('',3,3,((#2902,#2903,#2904,#2905,#2906,
#2907,#2908,#2909,#2910,#2911,#2912),(#2913,#2914,#2915,#2916,#2917,#2918,
#2919,#2920,#2921,#2922,#2923),(#2924,#2925,#2926,#2927,#2928,#2929,#2930,
#2931,#2932,#2933,#2934),(#2935,#2936,#2937,#2938,#2939,#2940,#2941,#2942,
#2943,#2944,#2945)),.UNSPECIFIED.,.F.,.F.,.F.,(4,4),(4,2,2,1,2,4),(0.,1.00068573427796),
(-0.576437237150994,-0.568837217277444,-0.531618433344923,-0.512579320895268,
-0.493540208445613,-0.453826660268924),.UNSPECIFIED.);
#23=B_SPLINE_SURFACE_WITH_KNOTS('',3,3,((#3087,#3088,#3089,#3090,#3091,
#3092,#3093,#3094,#3095,#3096,#3097),(#3098,#3099,#3100,#3101,#3102,#3103,
#3104,#3105,#3106,#3107,#3108),(#3109,#3110,#3111,#3112,#3113,#3114,#3115,
#3116,#3117,#3118,#3119),(#3120,#3121,#3122,#3123,#3124,#3125,#3126,#3127,
#3128,#3129,#3130)),.UNSPECIFIED.,.F.,.F.,.F.,(4,4),(4,2,2,1,2,4),(-0.000685755256427878,
1.),(0.0290113538130348,0.0366113946650508,0.0738301785975712,0.0928692910472263,
0.111908403496882,0.151621972652039),.UNSPECIFIED.);
#24=B_SPLINE_SURFACE_WITH_KNOTS('',3,3,((#3201,#3202,#3203,#3204),(#3205,
#3206,#3207,#3208),(#3209,#3210,#3211,#3212),(#3213,#3214,#3215,#3216)),
 .UNSPECIFIED.,.F.,.F.,.F.,(4,4),(4,4),(0.,1.00000013602215),(6.58263667299831,
6.59953660107804),.UNSPECIFIED.);
#25=B_SPLINE_SURFACE_WITH_KNOTS('',3,3,((#3233,#3234,#3235,#3236),(#3237,
#3238,#3239,#3240),(#3241,#3242,#3243,#3244),(#3245,#3246,#3247,#3248)),
 .UNSPECIFIED.,.F.,.F.,.F.,(4,4),(4,4),(0.,1.00000013602216),(-0.799536601078043,
-0.782636672998318),.UNSPECIFIED.);
#26=B_SPLINE_SURFACE_WITH_KNOTS('',3,3,((#3256,#3257,#3258,#3259),(#3260,
#3261,#3262,#3263),(#3264,#3265,#3266,#3267),(#3268,#3269,#3270,#3271)),
 .UNSPECIFIED.,.F.,.F.,.F.,(4,4),(4,4),(0.,1.00000013602216),(6.58263667299831,
6.59953660107804),.UNSPECIFIED.);
#27=B_SPLINE_CURVE_WITH_KNOTS('',3,(#2552,#2553,#2554,#2555,#2556,#2557),
 .UNSPECIFIED.,.F.,.F.,(4,2,4),(-0.0841479448777132,-0.0409355847835855,
0.),.UNSPECIFIED.);
#28=B_SPLINE_CURVE_WITH_KNOTS('',3,(#2622,#2623,#2624,#2625,#2626,#2627),
 .UNSPECIFIED.,.F.,.F.,(4,2,4),(-0.0789149161036327,-0.0405221341869148,
0.),.UNSPECIFIED.);
#29=B_SPLINE_CURVE_WITH_KNOTS('',3,(#2674,#2675,#2676,#2677,#2678,#2679,
#2680,#2681,#2682,#2683,#2684,#2685,#2686,#2687,#2688,#2689,#2690,#2691,
#2692,#2693,#2694,#2695,#2696,#2697,#2698,#2699,#2700,#2701,#2702,#2703,
#2704,#2705,#2706,#2707,#2708,#2709,#2710,#2711,#2712,#2713,#2714,#2715,
#2716,#2717,#2718,#2719,#2720,#2721,#2722,#2723,#2724,#2725,#2726,#2727,
#2728,#2729,#2730,#2731),.UNSPECIFIED.,.F.,.F.,(4,3,3,3,3,3,3,3,3,3,3,3,
3,3,3,3,3,3,3,4),(-0.575751502873033,-0.568837217277443,-0.562142579736079,
-0.55558233307461,-0.549087788365986,-0.542580183568827,-0.535955711317557,
-0.531618433344922,-0.524908785991682,-0.518364463226611,-0.512579320895267,
-0.506199294773736,-0.499719168755135,-0.493540208445612,-0.486878750803443,
-0.480357584094899,-0.473896286707895,-0.467459308098344,-0.460931734846298,
-0.454512394546883),.UNSPECIFIED.);
#30=B_SPLINE_CURVE_WITH_KNOTS('',3,(#2734,#2735,#2736,#2737,#2738,#2739,
#2740,#2741,#2742),.UNSPECIFIED.,.F.,.F.,(4,2,1,2,4),(0.454512394546883,
0.493540208445612,0.512579320895267,0.531618433344922,0.556190648933848),
 .UNSPECIFIED.);
#31=B_SPLINE_CURVE_WITH_KNOTS('',3,(#2788,#2789,#2790,#2791,#2792,#2793,
#2794,#2795,#2796),.UNSPECIFIED.,.F.,.F.,(4,2,1,2,4),(0.0492579493722059,
0.0738301785975709,0.092869291047226,0.111908403496881,0.150936217395611),
 .UNSPECIFIED.);
#32=B_SPLINE_CURVE_WITH_KNOTS('',3,(#2799,#2800,#2801,#2802,#2803,#2804,
#2805,#2806,#2807,#2808,#2809,#2810,#2811,#2812,#2813,#2814,#2815,#2816,
#2817,#2818,#2819,#2820,#2821,#2822,#2823,#2824,#2825,#2826,#2827,#2828,
#2829,#2830,#2831,#2832,#2833,#2834,#2835,#2836,#2837,#2838,#2839,#2840,
#2841,#2842,#2843,#2844,#2845,#2846,#2847,#2848,#2849,#2850,#2851,#2852,
#2853,#2854,#2855,#2856),.UNSPECIFIED.,.F.,.F.,(4,3,3,3,3,3,3,3,3,3,3,3,
3,3,3,3,3,3,3,4),(-0.150936217395611,-0.144383037329643,-0.137919151781535,
-0.131416464710372,-0.124948784030585,-0.118328798577868,-0.111908403496881,
-0.105399200409594,-0.0990057928921888,-0.092869291047226,-0.0863451004786773,
-0.0796729593325885,-0.0738301785975709,-0.0671883422022277,-0.0606552606141897,
-0.0541587286544742,-0.0476333262350367,-0.0409606874597312,-0.0366113946650508,
-0.0296971090694612),.UNSPECIFIED.);
#33=B_SPLINE_CURVE_WITH_KNOTS('',3,(#2883,#2884,#2885,#2886,#2887,#2888),
 .UNSPECIFIED.,.F.,.F.,(4,2,4),(-0.0169129369319195,-0.0084255637874015,
0.),.UNSPECIFIED.);
#34=B_SPLINE_CURVE_WITH_KNOTS('',3,(#2896,#2897,#2898,#2899,#2900,#2901),
 .UNSPECIFIED.,.F.,.F.,(4,2,4),(-0.0841479795998359,-0.0409355811960818,
0.),.UNSPECIFIED.);
#35=B_SPLINE_CURVE_WITH_KNOTS('',3,(#2947,#2948,#2949,#2950,#2951,#2952,
#2953,#2954,#2955,#2956,#2957,#2958,#2959,#2960,#2961,#2962,#2963,#2964,
#2965,#2966,#2967,#2968,#2969,#2970,#2971,#2972,#2973,#2974,#2975,#2976,
#2977,#2978,#2979,#2980,#2981,#2982,#2983,#2984,#2985,#2986,#2987,#2988,
#2989,#2990,#2991,#2992,#2993,#2994,#2995,#2996,#2997,#2998,#2999,#3000,
#3001,#3002,#3003,#3004),.UNSPECIFIED.,.F.,.F.,(4,3,3,3,3,3,3,3,3,3,3,3,
3,3,3,3,3,3,3,4),(-0.575751502873031,-0.568837217277444,-0.562142583132774,
-0.555582339680614,-0.549087797934279,-0.542580195942566,-0.535955726059703,
-0.531618433344923,-0.524908784568088,-0.518364460096311,-0.512579320895268,
-0.506199293356148,-0.499719166014447,-0.493540208445613,-0.486878756466661,
-0.480357595934915,-0.473896295587907,-0.467459323647822,-0.460931756886683,
-0.454512394546883),.UNSPECIFIED.);
#36=B_SPLINE_CURVE_WITH_KNOTS('',3,(#3007,#3008,#3009,#3010,#3011,#3012,
#3013,#3014,#3015),.UNSPECIFIED.,.F.,.F.,(4,2,1,2,4),(0.454512394546883,
0.493540208445613,0.512579320895268,0.531618433344923,0.556190662570317),
 .UNSPECIFIED.);
#37=B_SPLINE_CURVE_WITH_KNOTS('',3,(#3080,#3081,#3082,#3083,#3084,#3085),
 .UNSPECIFIED.,.F.,.F.,(4,2,4),(-0.0789150516628253,-0.0405221845859666,
0.),.UNSPECIFIED.);
#38=B_SPLINE_CURVE_WITH_KNOTS('',3,(#3132,#3133,#3134,#3135,#3136,#3137,
#3138,#3139,#3140),.UNSPECIFIED.,.F.,.F.,(4,2,1,2,4),(0.0492579630086373,
0.0738301785975712,0.0928692910472263,0.111908403496882,0.150936217395611),
 .UNSPECIFIED.);
#39=B_SPLINE_CURVE_WITH_KNOTS('',3,(#3143,#3144,#3145,#3146,#3147,#3148,
#3149,#3150,#3151,#3152,#3153,#3154,#3155,#3156,#3157,#3158,#3159,#3160,
#3161,#3162,#3163,#3164,#3165,#3166,#3167,#3168,#3169,#3170,#3171,#3172,
#3173,#3174,#3175,#3176,#3177,#3178,#3179,#3180,#3181,#3182,#3183,#3184,
#3185,#3186,#3187,#3188,#3189,#3190,#3191,#3192,#3193,#3194,#3195,#3196,
#3197,#3198,#3199,#3200),.UNSPECIFIED.,.F.,.F.,(4,3,3,3,3,3,3,3,3,3,3,3,
3,3,3,3,3,3,3,4),(-0.150936217395611,-0.144383031040194,-0.137919138977947,
-0.131416455107681,-0.124948767869536,-0.118328776373998,-0.111908403496882,
-0.105399201698676,-0.0990057955721276,-0.0928692910472263,-0.0863451022378269,
-0.0796729625993285,-0.0738301785975712,-0.0671883400266094,-0.0606552558528851,
-0.0541587208709914,-0.047633315208987,-0.0409606729226087,-0.0366113946650508,
-0.0296971090694659),.UNSPECIFIED.);
#40=B_SPLINE_CURVE_WITH_KNOTS('',3,(#3218,#3219,#3220,#3221,#3222,#3223),
 .UNSPECIFIED.,.F.,.F.,(4,2,4),(-0.0169186905022767,-0.00849026044312668,
0.),.UNSPECIFIED.);
#41=B_SPLINE_CURVE_WITH_KNOTS('',3,(#3250,#3251,#3252,#3253,#3254,#3255),
 .UNSPECIFIED.,.F.,.F.,(4,2,4),(-0.0169129369319093,-0.00842556378737969,
0.),.UNSPECIFIED.);
#42=B_SPLINE_CURVE_WITH_KNOTS('',3,(#3273,#3274,#3275,#3276,#3277,#3278),
 .UNSPECIFIED.,.F.,.F.,(4,2,4),(-0.0169186905024891,-0.00849026044317108,
0.),.UNSPECIFIED.);
#43=ELLIPSE('',#1774,0.541002925518656,0.185769842158531);
#44=ELLIPSE('',#1799,0.525851975151443,0.175665086242889);
#45=ELLIPSE('',#1802,0.54100323490278,0.185770047198966);
#46=ELLIPSE('',#1827,0.525851063140879,0.17566448599316);
#47=FACE_BOUND('',#532,.T.);
#48=FACE_BOUND('',#535,.T.);
#49=FACE_BOUND('',#536,.T.);
#50=FACE_BOUND('',#537,.T.);
#51=CONICAL_SURFACE('',#1732,2.,1.02974425867665);
#52=CONICAL_SURFACE('',#1741,34.1356334648893,0.20943951023932);
#53=CONICAL_SURFACE('',#1771,3.909,0.78539816339745);
#54=CONICAL_SURFACE('',#1772,3.909,0.78539816339745);
#55=CONICAL_SURFACE('',#1775,9.75,0.785398163397447);
#56=CONICAL_SURFACE('',#1778,2.74999999999997,0.785398163397447);
#57=CONICAL_SURFACE('',#1781,5.74999999999999,0.785398163397447);
#58=CONICAL_SURFACE('',#1784,2.75,0.785398163397447);
#59=CONICAL_SURFACE('',#1787,2.74999999999997,0.785398163397447);
#60=CONICAL_SURFACE('',#1790,5.75,0.785398163397447);
#61=CONICAL_SURFACE('',#1793,2.75000000000001,0.785398163397447);
#62=CONICAL_SURFACE('',#1796,9.75,0.785398163397447);
#63=CONICAL_SURFACE('',#1803,9.75,0.785398163397447);
#64=CONICAL_SURFACE('',#1806,2.75000000000001,0.785398163397447);
#65=CONICAL_SURFACE('',#1809,5.75,0.785398163397447);
#66=CONICAL_SURFACE('',#1812,2.75,0.785398163397447);
#67=CONICAL_SURFACE('',#1815,2.75000000000001,0.785398163397447);
#68=CONICAL_SURFACE('',#1818,5.74999999999999,0.785398163397447);
#69=CONICAL_SURFACE('',#1821,2.75000000000002,0.785398163397448);
#70=CONICAL_SURFACE('',#1824,9.75,0.785398163397448);
#71=LINE('',#2414,#214);
#72=LINE('',#2426,#215);
#73=LINE('',#2431,#216);
#74=LINE('',#2436,#217);
#75=LINE('',#2449,#218);
#76=LINE('',#2459,#219);
#77=LINE('',#2463,#220);
#78=LINE('',#2467,#221);
#79=LINE('',#2471,#222);
#80=LINE('',#2475,#223);
#81=LINE('',#2479,#224);
#82=LINE('',#2483,#225);
#83=LINE('',#2487,#226);
#84=LINE('',#2491,#227);
#85=LINE('',#2495,#228);
#86=LINE('',#2499,#229);
#87=LINE('',#2503,#230);
#88=LINE('',#2507,#231);
#89=LINE('',#2511,#232);
#90=LINE('',#2515,#233);
#91=LINE('',#2519,#234);
#92=LINE('',#2523,#235);
#93=LINE('',#2527,#236);
#94=LINE('',#2531,#237);
#95=LINE('',#2535,#238);
#96=LINE('',#2542,#239);
#97=LINE('',#2544,#240);
#98=LINE('',#2548,#241);
#99=LINE('',#2549,#242);
#100=LINE('',#2561,#243);
#101=LINE('',#2564,#244);
#102=LINE('',#2565,#245);
#103=LINE('',#2568,#246);
#104=LINE('',#2572,#247);
#105=LINE('',#2573,#248);
#106=LINE('',#2576,#249);
#107=LINE('',#2580,#250);
#108=LINE('',#2581,#251);
#109=LINE('',#2584,#252);
#110=LINE('',#2588,#253);
#111=LINE('',#2589,#254);
#112=LINE('',#2592,#255);
#113=LINE('',#2596,#256);
#114=LINE('',#2597,#257);
#115=LINE('',#2600,#258);
#116=LINE('',#2604,#259);
#117=LINE('',#2605,#260);
#118=LINE('',#2608,#261);
#119=LINE('',#2612,#262);
#120=LINE('',#2613,#263);
#121=LINE('',#2617,#264);
#122=LINE('',#2620,#265);
#123=LINE('',#2733,#266);
#124=LINE('',#2798,#267);
#125=LINE('',#2860,#268);
#126=LINE('',#2862,#269);
#127=LINE('',#2864,#270);
#128=LINE('',#2865,#271);
#129=LINE('',#2882,#272);
#130=LINE('',#2892,#273);
#131=LINE('',#2893,#274);
#132=LINE('',#3006,#275);
#133=LINE('',#3019,#276);
#134=LINE('',#3022,#277);
#135=LINE('',#3023,#278);
#136=LINE('',#3026,#279);
#137=LINE('',#3030,#280);
#138=LINE('',#3031,#281);
#139=LINE('',#3034,#282);
#140=LINE('',#3038,#283);
#141=LINE('',#3039,#284);
#142=LINE('',#3042,#285);
#143=LINE('',#3046,#286);
#144=LINE('',#3047,#287);
#145=LINE('',#3050,#288);
#146=LINE('',#3054,#289);
#147=LINE('',#3055,#290);
#148=LINE('',#3058,#291);
#149=LINE('',#3062,#292);
#150=LINE('',#3063,#293);
#151=LINE('',#3066,#294);
#152=LINE('',#3070,#295);
#153=LINE('',#3071,#296);
#154=LINE('',#3075,#297);
#155=LINE('',#3078,#298);
#156=LINE('',#3142,#299);
#157=LINE('',#3217,#300);
#158=LINE('',#3227,#301);
#159=LINE('',#3229,#302);
#160=LINE('',#3231,#303);
#161=LINE('',#3232,#304);
#162=LINE('',#3249,#305);
#163=LINE('',#3272,#306);
#164=LINE('',#3290,#307);
#165=LINE('',#3293,#308);
#166=LINE('',#3296,#309);
#167=LINE('',#3299,#310);
#168=LINE('',#3300,#311);
#169=LINE('',#3303,#312);
#170=LINE('',#3307,#313);
#171=LINE('',#3308,#314);
#172=LINE('',#3311,#315);
#173=LINE('',#3315,#316);
#174=LINE('',#3316,#317);
#175=LINE('',#3319,#318);
#176=LINE('',#3323,#319);
#177=LINE('',#3324,#320);
#178=LINE('',#3327,#321);
#179=LINE('',#3331,#322);
#180=LINE('',#3332,#323);
#181=LINE('',#3335,#324);
#182=LINE('',#3339,#325);
#183=LINE('',#3340,#326);
#184=LINE('',#3343,#327);
#185=LINE('',#3347,#328);
#186=LINE('',#3348,#329);
#187=LINE('',#3351,#330);
#188=LINE('',#3355,#331);
#189=LINE('',#3356,#332);
#190=LINE('',#3359,#333);
#191=LINE('',#3362,#334);
#192=LINE('',#3365,#335);
#193=LINE('',#3366,#336);
#194=LINE('',#3369,#337);
#195=LINE('',#3372,#338);
#196=LINE('',#3375,#339);
#197=LINE('',#3376,#340);
#198=LINE('',#3381,#341);
#199=LINE('',#3384,#342);
#200=LINE('',#3387,#343);
#201=LINE('',#3390,#344);
#202=LINE('',#3393,#345);
#203=LINE('',#3394,#346);
#204=LINE('',#3397,#347);
#205=LINE('',#3400,#348);
#206=LINE('',#3403,#349);
#207=LINE('',#3404,#350);
#208=LINE('',#3407,#351);
#209=LINE('',#3408,#352);
#210=LINE('',#3410,#353);
#211=LINE('',#3414,#354);
#212=LINE('',#3423,#355);
#213=LINE('',#3426,#356);
#214=VECTOR('',#1915,4.);
#215=VECTOR('',#1930,4.);
#216=VECTOR('',#1935,2.);
#217=VECTOR('',#1942,4.);
#218=VECTOR('',#1957,34.1356334648893);
#219=VECTOR('',#1970,10.);
#220=VECTOR('',#1973,10.);
#221=VECTOR('',#1976,10.);
#222=VECTOR('',#1979,10.);
#223=VECTOR('',#1982,10.);
#224=VECTOR('',#1985,10.);
#225=VECTOR('',#1988,10.);
#226=VECTOR('',#1991,10.);
#227=VECTOR('',#1994,10.);
#228=VECTOR('',#1997,10.);
#229=VECTOR('',#2000,10.);
#230=VECTOR('',#2003,10.);
#231=VECTOR('',#2006,10.);
#232=VECTOR('',#2009,10.);
#233=VECTOR('',#2012,10.);
#234=VECTOR('',#2015,10.);
#235=VECTOR('',#2018,10.);
#236=VECTOR('',#2021,10.);
#237=VECTOR('',#2024,10.);
#238=VECTOR('',#2027,10.);
#239=VECTOR('',#2036,3.909);
#240=VECTOR('',#2039,3.909);
#241=VECTOR('',#2042,10.);
#242=VECTOR('',#2043,10.);
#243=VECTOR('',#2050,10.);
#244=VECTOR('',#2053,9.99999999999999);
#245=VECTOR('',#2054,10.);
#246=VECTOR('',#2057,10.);
#247=VECTOR('',#2062,10.);
#248=VECTOR('',#2063,10.);
#249=VECTOR('',#2066,10.);
#250=VECTOR('',#2071,10.);
#251=VECTOR('',#2072,10.);
#252=VECTOR('',#2075,9.99999999999999);
#253=VECTOR('',#2080,9.99999999999999);
#254=VECTOR('',#2081,10.);
#255=VECTOR('',#2084,10.);
#256=VECTOR('',#2089,10.);
#257=VECTOR('',#2090,10.);
#258=VECTOR('',#2093,10.);
#259=VECTOR('',#2098,10.);
#260=VECTOR('',#2099,10.);
#261=VECTOR('',#2102,10.);
#262=VECTOR('',#2107,9.99999999999999);
#263=VECTOR('',#2108,10.);
#264=VECTOR('',#2113,10.);
#265=VECTOR('',#2116,10.);
#266=VECTOR('',#2119,10.);
#267=VECTOR('',#2120,10.);
#268=VECTOR('',#2123,10.);
#269=VECTOR('',#2124,10.);
#270=VECTOR('',#2125,10.);
#271=VECTOR('',#2126,10.);
#272=VECTOR('',#2127,10.);
#273=VECTOR('',#2130,10.);
#274=VECTOR('',#2131,10.);
#275=VECTOR('',#2134,10.);
#276=VECTOR('',#2139,10.);
#277=VECTOR('',#2142,10.);
#278=VECTOR('',#2143,10.);
#279=VECTOR('',#2146,10.);
#280=VECTOR('',#2151,10.);
#281=VECTOR('',#2152,10.);
#282=VECTOR('',#2155,10.);
#283=VECTOR('',#2160,10.);
#284=VECTOR('',#2161,10.);
#285=VECTOR('',#2164,10.);
#286=VECTOR('',#2169,10.);
#287=VECTOR('',#2170,10.);
#288=VECTOR('',#2173,10.);
#289=VECTOR('',#2178,10.);
#290=VECTOR('',#2179,10.);
#291=VECTOR('',#2182,10.);
#292=VECTOR('',#2187,10.);
#293=VECTOR('',#2188,10.);
#294=VECTOR('',#2191,9.99999999999999);
#295=VECTOR('',#2196,10.);
#296=VECTOR('',#2197,10.);
#297=VECTOR('',#2202,10.);
#298=VECTOR('',#2205,10.);
#299=VECTOR('',#2208,10.);
#300=VECTOR('',#2209,10.);
#301=VECTOR('',#2212,10.);
#302=VECTOR('',#2213,10.);
#303=VECTOR('',#2214,10.);
#304=VECTOR('',#2215,10.);
#305=VECTOR('',#2216,10.);
#306=VECTOR('',#2217,10.);
#307=VECTOR('',#2234,1.);
#308=VECTOR('',#2237,10.);
#309=VECTOR('',#2240,10.);
#310=VECTOR('',#2243,10.);
#311=VECTOR('',#2244,10.);
#312=VECTOR('',#2247,10.);
#313=VECTOR('',#2252,10.);
#314=VECTOR('',#2253,10.);
#315=VECTOR('',#2256,10.);
#316=VECTOR('',#2261,10.);
#317=VECTOR('',#2262,10.);
#318=VECTOR('',#2265,10.);
#319=VECTOR('',#2270,10.);
#320=VECTOR('',#2271,10.);
#321=VECTOR('',#2274,10.);
#322=VECTOR('',#2279,10.);
#323=VECTOR('',#2280,10.);
#324=VECTOR('',#2283,10.);
#325=VECTOR('',#2288,10.);
#326=VECTOR('',#2289,10.);
#327=VECTOR('',#2292,10.);
#328=VECTOR('',#2297,10.);
#329=VECTOR('',#2298,10.);
#330=VECTOR('',#2301,10.);
#331=VECTOR('',#2306,10.);
#332=VECTOR('',#2307,10.);
#333=VECTOR('',#2310,10.);
#334=VECTOR('',#2313,10.);
#335=VECTOR('',#2316,10.);
#336=VECTOR('',#2317,10.);
#337=VECTOR('',#2320,10.);
#338=VECTOR('',#2323,10.);
#339=VECTOR('',#2326,10.);
#340=VECTOR('',#2327,10.);
#341=VECTOR('',#2334,10.);
#342=VECTOR('',#2337,10.);
#343=VECTOR('',#2340,10.);
#344=VECTOR('',#2343,10.);
#345=VECTOR('',#2346,10.);
#346=VECTOR('',#2347,10.);
#347=VECTOR('',#2350,10.);
#348=VECTOR('',#2355,10.);
#349=VECTOR('',#2358,10.);
#350=VECTOR('',#2359,10.);
#351=VECTOR('',#2362,10.);
#352=VECTOR('',#2363,10.);
#353=VECTOR('',#2366,10.);
#354=VECTOR('',#2371,1.);
#355=VECTOR('',#2386,10.);
#356=VECTOR('',#2391,10.);
#357=CYLINDRICAL_SURFACE('',#1722,4.);
#358=CYLINDRICAL_SURFACE('',#1729,4.);
#359=CYLINDRICAL_SURFACE('',#1734,4.);
#360=CYLINDRICAL_SURFACE('',#1837,10.);
#361=CYLINDRICAL_SURFACE('',#1840,3.00000000000002);
#362=CYLINDRICAL_SURFACE('',#1843,5.49999999999999);
#363=CYLINDRICAL_SURFACE('',#1846,3.00000000000001);
#364=CYLINDRICAL_SURFACE('',#1849,3.);
#365=CYLINDRICAL_SURFACE('',#1852,5.5);
#366=CYLINDRICAL_SURFACE('',#1855,3.00000000000001);
#367=CYLINDRICAL_SURFACE('',#1858,10.);
#368=CYLINDRICAL_SURFACE('',#1861,2.99999999999997);
#369=CYLINDRICAL_SURFACE('',#1864,3.00000000000001);
#370=CYLINDRICAL_SURFACE('',#1867,5.5);
#371=CYLINDRICAL_SURFACE('',#1869,2.99999999999997);
#372=CYLINDRICAL_SURFACE('',#1871,3.);
#373=CYLINDRICAL_SURFACE('',#1874,5.49999999999999);
#374=CYLINDRICAL_SURFACE('',#1880,0.999999999999999);
#375=CYLINDRICAL_SURFACE('',#1885,0.999999999999999);
#376=CYLINDRICAL_SURFACE('',#1888,10.);
#377=CYLINDRICAL_SURFACE('',#1891,10.);
#378=PLANE('',#1721);
#379=PLANE('',#1731);
#380=PLANE('',#1744);
#381=PLANE('',#1748);
#382=PLANE('',#1773);
#383=PLANE('',#1777);
#384=PLANE('',#1780);
#385=PLANE('',#1783);
#386=PLANE('',#1786);
#387=PLANE('',#1789);
#388=PLANE('',#1792);
#389=PLANE('',#1795);
#390=PLANE('',#1798);
#391=PLANE('',#1800);
#392=PLANE('',#1801);
#393=PLANE('',#1805);
#394=PLANE('',#1808);
#395=PLANE('',#1811);
#396=PLANE('',#1814);
#397=PLANE('',#1817);
#398=PLANE('',#1820);
#399=PLANE('',#1823);
#400=PLANE('',#1826);
#401=PLANE('',#1828);
#402=PLANE('',#1835);
#403=PLANE('',#1839);
#404=PLANE('',#1842);
#405=PLANE('',#1845);
#406=PLANE('',#1848);
#407=PLANE('',#1851);
#408=PLANE('',#1854);
#409=PLANE('',#1857);
#410=PLANE('',#1860);
#411=PLANE('',#1863);
#412=PLANE('',#1866);
#413=PLANE('',#1873);
#414=PLANE('',#1876);
#415=PLANE('',#1877);
#416=PLANE('',#1878);
#417=PLANE('',#1879);
#418=PLANE('',#1884);
#419=PLANE('',#1890);
#420=PLANE('',#1893);
#421=FACE_OUTER_BOUND('',#521,.T.);
#422=FACE_OUTER_BOUND('',#522,.T.);
#423=FACE_OUTER_BOUND('',#523,.T.);
#424=FACE_OUTER_BOUND('',#524,.T.);
#425=FACE_OUTER_BOUND('',#525,.T.);
#426=FACE_OUTER_BOUND('',#526,.T.);
#427=FACE_OUTER_BOUND('',#527,.T.);
#428=FACE_OUTER_BOUND('',#528,.T.);
#429=FACE_OUTER_BOUND('',#529,.T.);
#430=FACE_OUTER_BOUND('',#530,.T.);
#431=FACE_OUTER_BOUND('',#531,.T.);
#432=FACE_OUTER_BOUND('',#533,.T.);
#433=FACE_OUTER_BOUND('',#534,.T.);
#434=FACE_OUTER_BOUND('',#538,.T.);
#435=FACE_OUTER_BOUND('',#539,.T.);
#436=FACE_OUTER_BOUND('',#540,.T.);
#437=FACE_OUTER_BOUND('',#541,.T.);
#438=FACE_OUTER_BOUND('',#542,.T.);
#439=FACE_OUTER_BOUND('',#543,.T.);
#440=FACE_OUTER_BOUND('',#544,.T.);
#441=FACE_OUTER_BOUND('',#545,.T.);
#442=FACE_OUTER_BOUND('',#546,.T.);
#443=FACE_OUTER_BOUND('',#547,.T.);
#444=FACE_OUTER_BOUND('',#548,.T.);
#445=FACE_OUTER_BOUND('',#549,.T.);
#446=FACE_OUTER_BOUND('',#550,.T.);
#447=FACE_OUTER_BOUND('',#551,.T.);
#448=FACE_OUTER_BOUND('',#552,.T.);
#449=FACE_OUTER_BOUND('',#553,.T.);
#450=FACE_OUTER_BOUND('',#554,.T.);
#451=FACE_OUTER_BOUND('',#555,.T.);
#452=FACE_OUTER_BOUND('',#556,.T.);
#453=FACE_OUTER_BOUND('',#557,.T.);
#454=FACE_OUTER_BOUND('',#558,.T.);
#455=FACE_OUTER_BOUND('',#559,.T.);
#456=FACE_OUTER_BOUND('',#560,.T.);
#457=FACE_OUTER_BOUND('',#561,.T.);
#458=FACE_OUTER_BOUND('',#562,.T.);
#459=FACE_OUTER_BOUND('',#563,.T.);
#460=FACE_OUTER_BOUND('',#564,.T.);
#461=FACE_OUTER_BOUND('',#565,.T.);
#462=FACE_OUTER_BOUND('',#566,.T.);
#463=FACE_OUTER_BOUND('',#567,.T.);
#464=FACE_OUTER_BOUND('',#568,.T.);
#465=FACE_OUTER_BOUND('',#569,.T.);
#466=FACE_OUTER_BOUND('',#570,.T.);
#467=FACE_OUTER_BOUND('',#571,.T.);
#468=FACE_OUTER_BOUND('',#572,.T.);
#469=FACE_OUTER_BOUND('',#573,.T.);
#470=FACE_OUTER_BOUND('',#574,.T.);
#471=FACE_OUTER_BOUND('',#575,.T.);
#472=FACE_OUTER_BOUND('',#576,.T.);
#473=FACE_OUTER_BOUND('',#577,.T.);
#474=FACE_OUTER_BOUND('',#578,.T.);
#475=FACE_OUTER_BOUND('',#579,.T.);
#476=FACE_OUTER_BOUND('',#580,.T.);
#477=FACE_OUTER_BOUND('',#581,.T.);
#478=FACE_OUTER_BOUND('',#582,.T.);
#479=FACE_OUTER_BOUND('',#583,.T.);
#480=FACE_OUTER_BOUND('',#584,.T.);
#481=FACE_OUTER_BOUND('',#585,.T.);
#482=FACE_OUTER_BOUND('',#586,.T.);
#483=FACE_OUTER_BOUND('',#587,.T.);
#484=FACE_OUTER_BOUND('',#588,.T.);
#485=FACE_OUTER_BOUND('',#589,.T.);
#486=FACE_OUTER_BOUND('',#590,.T.);
#487=FACE_OUTER_BOUND('',#591,.T.);
#488=FACE_OUTER_BOUND('',#592,.T.);
#489=FACE_OUTER_BOUND('',#593,.T.);
#490=FACE_OUTER_BOUND('',#594,.T.);
#491=FACE_OUTER_BOUND('',#595,.T.);
#492=FACE_OUTER_BOUND('',#596,.T.);
#493=FACE_OUTER_BOUND('',#597,.T.);
#494=FACE_OUTER_BOUND('',#598,.T.);
#495=FACE_OUTER_BOUND('',#599,.T.);
#496=FACE_OUTER_BOUND('',#600,.T.);
#497=FACE_OUTER_BOUND('',#601,.T.);
#498=FACE_OUTER_BOUND('',#602,.T.);
#499=FACE_OUTER_BOUND('',#603,.T.);
#500=FACE_OUTER_BOUND('',#604,.T.);
#501=FACE_OUTER_BOUND('',#605,.T.);
#502=FACE_OUTER_BOUND('',#606,.T.);
#503=FACE_OUTER_BOUND('',#607,.T.);
#504=FACE_OUTER_BOUND('',#608,.T.);
#505=FACE_OUTER_BOUND('',#609,.T.);
#506=FACE_OUTER_BOUND('',#610,.T.);
#507=FACE_OUTER_BOUND('',#611,.T.);
#508=FACE_OUTER_BOUND('',#612,.T.);
#509=FACE_OUTER_BOUND('',#613,.T.);
#510=FACE_OUTER_BOUND('',#614,.T.);
#511=FACE_OUTER_BOUND('',#615,.T.);
#512=FACE_OUTER_BOUND('',#616,.T.);
#513=FACE_OUTER_BOUND('',#617,.T.);
#514=FACE_OUTER_BOUND('',#618,.T.);
#515=FACE_OUTER_BOUND('',#619,.T.);
#516=FACE_OUTER_BOUND('',#620,.T.);
#517=FACE_OUTER_BOUND('',#621,.T.);
#518=FACE_OUTER_BOUND('',#622,.T.);
#519=FACE_OUTER_BOUND('',#623,.T.);
#520=FACE_OUTER_BOUND('',#624,.T.);
#521=EDGE_LOOP('',(#1103,#1104,#1105,#1106,#1107));
#522=EDGE_LOOP('',(#1108));
#523=EDGE_LOOP('',(#1109,#1110,#1111,#1112,#1113));
#524=EDGE_LOOP('',(#1114,#1115,#1116,#1117,#1118));
#525=EDGE_LOOP('',(#1119,#1120,#1121,#1122,#1123));
#526=EDGE_LOOP('',(#1124));
#527=EDGE_LOOP('',(#1125,#1126,#1127));
#528=EDGE_LOOP('',(#1128,#1129,#1130,#1131));
#529=EDGE_LOOP('',(#1132,#1133,#1134,#1135,#1136));
#530=EDGE_LOOP('',(#1137,#1138,#1139,#1140,#1141,#1142));
#531=EDGE_LOOP('',(#1143));
#532=EDGE_LOOP('',(#1144));
#533=EDGE_LOOP('',(#1145,#1146,#1147,#1148,#1149));
#534=EDGE_LOOP('',(#1150,#1151,#1152,#1153,#1154,#1155,#1156,#1157,#1158,
#1159,#1160,#1161,#1162,#1163,#1164,#1165,#1166,#1167,#1168,#1169,#1170,
#1171,#1172,#1173,#1174,#1175,#1176,#1177,#1178,#1179,#1180,#1181,#1182,
#1183,#1184,#1185,#1186,#1187,#1188,#1189));
#535=EDGE_LOOP('',(#1190));
#536=EDGE_LOOP('',(#1191));
#537=EDGE_LOOP('',(#1192));
#538=EDGE_LOOP('',(#1193,#1194,#1195,#1196));
#539=EDGE_LOOP('',(#1197,#1198,#1199,#1200));
#540=EDGE_LOOP('',(#1201,#1202,#1203,#1204,#1205));
#541=EDGE_LOOP('',(#1206,#1207,#1208,#1209));
#542=EDGE_LOOP('',(#1210,#1211,#1212,#1213));
#543=EDGE_LOOP('',(#1214,#1215,#1216,#1217));
#544=EDGE_LOOP('',(#1218,#1219,#1220,#1221));
#545=EDGE_LOOP('',(#1222,#1223,#1224,#1225));
#546=EDGE_LOOP('',(#1226,#1227,#1228,#1229));
#547=EDGE_LOOP('',(#1230,#1231,#1232,#1233));
#548=EDGE_LOOP('',(#1234,#1235,#1236,#1237));
#549=EDGE_LOOP('',(#1238,#1239,#1240,#1241));
#550=EDGE_LOOP('',(#1242,#1243,#1244,#1245));
#551=EDGE_LOOP('',(#1246,#1247,#1248,#1249));
#552=EDGE_LOOP('',(#1250,#1251,#1252,#1253));
#553=EDGE_LOOP('',(#1254,#1255,#1256,#1257));
#554=EDGE_LOOP('',(#1258,#1259,#1260,#1261));
#555=EDGE_LOOP('',(#1262,#1263,#1264,#1265));
#556=EDGE_LOOP('',(#1266,#1267,#1268,#1269,#1270));
#557=EDGE_LOOP('',(#1271,#1272,#1273,#1274));
#558=EDGE_LOOP('',(#1275,#1276,#1277,#1278));
#559=EDGE_LOOP('',(#1279,#1280,#1281,#1282));
#560=EDGE_LOOP('',(#1283,#1284,#1285,#1286));
#561=EDGE_LOOP('',(#1287,#1288,#1289,#1290,#1291));
#562=EDGE_LOOP('',(#1292,#1293,#1294,#1295));
#563=EDGE_LOOP('',(#1296,#1297,#1298,#1299));
#564=EDGE_LOOP('',(#1300,#1301,#1302,#1303));
#565=EDGE_LOOP('',(#1304,#1305,#1306,#1307));
#566=EDGE_LOOP('',(#1308,#1309,#1310,#1311));
#567=EDGE_LOOP('',(#1312,#1313,#1314,#1315));
#568=EDGE_LOOP('',(#1316,#1317,#1318,#1319));
#569=EDGE_LOOP('',(#1320,#1321,#1322,#1323));
#570=EDGE_LOOP('',(#1324,#1325,#1326,#1327));
#571=EDGE_LOOP('',(#1328,#1329,#1330,#1331));
#572=EDGE_LOOP('',(#1332,#1333,#1334,#1335));
#573=EDGE_LOOP('',(#1336,#1337,#1338,#1339));
#574=EDGE_LOOP('',(#1340,#1341,#1342,#1343));
#575=EDGE_LOOP('',(#1344,#1345,#1346,#1347));
#576=EDGE_LOOP('',(#1348,#1349,#1350,#1351));
#577=EDGE_LOOP('',(#1352,#1353,#1354,#1355));
#578=EDGE_LOOP('',(#1356,#1357,#1358,#1359,#1360));
#579=EDGE_LOOP('',(#1361,#1362,#1363,#1364));
#580=EDGE_LOOP('',(#1365,#1366,#1367,#1368));
#581=EDGE_LOOP('',(#1369,#1370,#1371,#1372));
#582=EDGE_LOOP('',(#1373,#1374,#1375,#1376));
#583=EDGE_LOOP('',(#1377,#1378,#1379,#1380));
#584=EDGE_LOOP('',(#1381,#1382,#1383,#1384,#1385,#1386));
#585=EDGE_LOOP('',(#1387,#1388,#1389,#1390,#1391,#1392));
#586=EDGE_LOOP('',(#1393,#1394,#1395,#1396));
#587=EDGE_LOOP('',(#1397,#1398,#1399,#1400));
#588=EDGE_LOOP('',(#1401,#1402,#1403,#1404));
#589=EDGE_LOOP('',(#1405,#1406,#1407,#1408));
#590=EDGE_LOOP('',(#1409,#1410,#1411,#1412));
#591=EDGE_LOOP('',(#1413,#1414,#1415,#1416));
#592=EDGE_LOOP('',(#1417,#1418,#1419,#1420));
#593=EDGE_LOOP('',(#1421,#1422,#1423,#1424));
#594=EDGE_LOOP('',(#1425,#1426,#1427,#1428));
#595=EDGE_LOOP('',(#1429,#1430,#1431,#1432));
#596=EDGE_LOOP('',(#1433,#1434,#1435,#1436));
#597=EDGE_LOOP('',(#1437,#1438,#1439,#1440));
#598=EDGE_LOOP('',(#1441,#1442,#1443,#1444));
#599=EDGE_LOOP('',(#1445,#1446,#1447,#1448));
#600=EDGE_LOOP('',(#1449,#1450,#1451,#1452));
#601=EDGE_LOOP('',(#1453,#1454,#1455,#1456));
#602=EDGE_LOOP('',(#1457,#1458,#1459,#1460,#1461,#1462,#1463,#1464,#1465,
#1466));
#603=EDGE_LOOP('',(#1467,#1468,#1469,#1470));
#604=EDGE_LOOP('',(#1471,#1472,#1473,#1474));
#605=EDGE_LOOP('',(#1475,#1476,#1477,#1478));
#606=EDGE_LOOP('',(#1479,#1480,#1481,#1482));
#607=EDGE_LOOP('',(#1483,#1484,#1485,#1486));
#608=EDGE_LOOP('',(#1487,#1488,#1489,#1490));
#609=EDGE_LOOP('',(#1491,#1492,#1493,#1494));
#610=EDGE_LOOP('',(#1495,#1496,#1497,#1498));
#611=EDGE_LOOP('',(#1499,#1500,#1501,#1502));
#612=EDGE_LOOP('',(#1503,#1504,#1505,#1506));
#613=EDGE_LOOP('',(#1507,#1508,#1509,#1510));
#614=EDGE_LOOP('',(#1511,#1512,#1513,#1514));
#615=EDGE_LOOP('',(#1515,#1516,#1517,#1518));
#616=EDGE_LOOP('',(#1519,#1520,#1521,#1522));
#617=EDGE_LOOP('',(#1523,#1524,#1525,#1526,#1527,#1528));
#618=EDGE_LOOP('',(#1529,#1530,#1531,#1532));
#619=EDGE_LOOP('',(#1533,#1534,#1535,#1536));
#620=EDGE_LOOP('',(#1537,#1538,#1539,#1540,#1541,#1542));
#621=EDGE_LOOP('',(#1543,#1544,#1545,#1546));
#622=EDGE_LOOP('',(#1547,#1548,#1549,#1550,#1551,#1552,#1553,#1554,#1555,
#1556));
#623=EDGE_LOOP('',(#1557,#1558,#1559,#1560));
#624=EDGE_LOOP('',(#1561,#1562,#1563,#1564,#1565,#1566,#1567,#1568,#1569,
#1570,#1571,#1572,#1573,#1574,#1575,#1576,#1577,#1578,#1579,#1580,#1581,
#1582,#1583,#1584,#1585,#1586,#1587,#1588,#1589,#1590,#1591,#1592));
#625=CIRCLE('',#1717,4.);
#626=CIRCLE('',#1718,1.);
#627=CIRCLE('',#1719,3.);
#628=CIRCLE('',#1720,4.);
#629=CIRCLE('',#1723,4.);
#630=CIRCLE('',#1725,3.);
#631=CIRCLE('',#1726,1.);
#632=CIRCLE('',#1727,4.);
#633=CIRCLE('',#1728,4.);
#634=CIRCLE('',#1730,4.);
#635=CIRCLE('',#1733,4.);
#636=CIRCLE('',#1735,4.);
#637=CIRCLE('',#1737,24.6919148301935);
#638=CIRCLE('',#1738,3.);
#639=CIRCLE('',#1739,27.6263576323949);
#640=CIRCLE('',#1740,27.6263576323949);
#641=CIRCLE('',#1742,40.8974546486918);
#642=CIRCLE('',#1743,40.8974546486918);
#643=CIRCLE('',#1746,1.5);
#644=CIRCLE('',#1747,42.3646760497925);
#645=CIRCLE('',#1749,9.5);
#646=CIRCLE('',#1750,2.49999999999997);
#647=CIRCLE('',#1751,5.99999999999999);
#648=CIRCLE('',#1752,2.5);
#649=CIRCLE('',#1753,2.49999999999997);
#650=CIRCLE('',#1754,6.);
#651=CIRCLE('',#1755,2.50000000000001);
#652=CIRCLE('',#1756,9.5);
#653=CIRCLE('',#1757,7.99999999999997);
#654=CIRCLE('',#1758,7.99999999999999);
#655=CIRCLE('',#1759,9.5);
#656=CIRCLE('',#1760,2.50000000000001);
#657=CIRCLE('',#1761,6.);
#658=CIRCLE('',#1762,2.5);
#659=CIRCLE('',#1763,2.50000000000001);
#660=CIRCLE('',#1764,5.99999999999999);
#661=CIRCLE('',#1765,2.50000000000002);
#662=CIRCLE('',#1766,9.5);
#663=CIRCLE('',#1767,7.99999999999999);
#664=CIRCLE('',#1768,7.99999999999997);
#665=CIRCLE('',#1769,4.30899999999999);
#666=CIRCLE('',#1770,4.309);
#667=CIRCLE('',#1776,10.);
#668=CIRCLE('',#1779,2.99999999999997);
#669=CIRCLE('',#1782,5.49999999999999);
#670=CIRCLE('',#1785,3.);
#671=CIRCLE('',#1788,2.99999999999997);
#672=CIRCLE('',#1791,5.5);
#673=CIRCLE('',#1794,3.00000000000001);
#674=CIRCLE('',#1797,10.);
#675=CIRCLE('',#1804,10.);
#676=CIRCLE('',#1807,3.00000000000001);
#677=CIRCLE('',#1810,5.5);
#678=CIRCLE('',#1813,3.);
#679=CIRCLE('',#1816,3.00000000000001);
#680=CIRCLE('',#1819,5.49999999999999);
#681=CIRCLE('',#1822,3.00000000000002);
#682=CIRCLE('',#1825,10.);
#683=CIRCLE('',#1830,1.);
#684=CIRCLE('',#1831,7.03175416344812);
#685=CIRCLE('',#1833,7.03175416344812);
#686=CIRCLE('',#1834,0.999999999999999);
#687=CIRCLE('',#1836,7.03175416344814);
#688=CIRCLE('',#1838,10.);
#689=CIRCLE('',#1841,3.00000000000002);
#690=CIRCLE('',#1844,5.49999999999999);
#691=CIRCLE('',#1847,3.00000000000001);
#692=CIRCLE('',#1850,3.);
#693=CIRCLE('',#1853,5.5);
#694=CIRCLE('',#1856,3.00000000000001);
#695=CIRCLE('',#1859,10.);
#696=CIRCLE('',#1862,2.99999999999997);
#697=CIRCLE('',#1865,3.00000000000001);
#698=CIRCLE('',#1868,5.5);
#699=CIRCLE('',#1870,2.99999999999997);
#700=CIRCLE('',#1872,3.);
#701=CIRCLE('',#1875,5.49999999999999);
#702=CIRCLE('',#1881,0.999999999999999);
#703=CIRCLE('',#1883,7.03175416344814);
#704=CIRCLE('',#1886,1.);
#705=CIRCLE('',#1889,10.);
#706=CIRCLE('',#1892,10.);
#707=VERTEX_POINT('',#2403);
#708=VERTEX_POINT('',#2404);
#709=VERTEX_POINT('',#2406);
#710=VERTEX_POINT('',#2412);
#711=VERTEX_POINT('',#2416);
#712=VERTEX_POINT('',#2418);
#713=VERTEX_POINT('',#2420);
#714=VERTEX_POINT('',#2424);
#715=VERTEX_POINT('',#2429);
#716=VERTEX_POINT('',#2430);
#717=VERTEX_POINT('',#2434);
#718=VERTEX_POINT('',#2438);
#719=VERTEX_POINT('',#2440);
#720=VERTEX_POINT('',#2442);
#721=VERTEX_POINT('',#2446);
#722=VERTEX_POINT('',#2447);
#723=VERTEX_POINT('',#2453);
#724=VERTEX_POINT('',#2457);
#725=VERTEX_POINT('',#2458);
#726=VERTEX_POINT('',#2460);
#727=VERTEX_POINT('',#2462);
#728=VERTEX_POINT('',#2464);
#729=VERTEX_POINT('',#2466);
#730=VERTEX_POINT('',#2468);
#731=VERTEX_POINT('',#2470);
#732=VERTEX_POINT('',#2472);
#733=VERTEX_POINT('',#2474);
#734=VERTEX_POINT('',#2476);
#735=VERTEX_POINT('',#2478);
#736=VERTEX_POINT('',#2480);
#737=VERTEX_POINT('',#2482);
#738=VERTEX_POINT('',#2484);
#739=VERTEX_POINT('',#2486);
#740=VERTEX_POINT('',#2488);
#741=VERTEX_POINT('',#2490);
#742=VERTEX_POINT('',#2492);
#743=VERTEX_POINT('',#2494);
#744=VERTEX_POINT('',#2496);
#745=VERTEX_POINT('',#2498);
#746=VERTEX_POINT('',#2500);
#747=VERTEX_POINT('',#2502);
#748=VERTEX_POINT('',#2504);
#749=VERTEX_POINT('',#2506);
#750=VERTEX_POINT('',#2508);
#751=VERTEX_POINT('',#2510);
#752=VERTEX_POINT('',#2512);
#753=VERTEX_POINT('',#2514);
#754=VERTEX_POINT('',#2516);
#755=VERTEX_POINT('',#2518);
#756=VERTEX_POINT('',#2520);
#757=VERTEX_POINT('',#2522);
#758=VERTEX_POINT('',#2524);
#759=VERTEX_POINT('',#2526);
#760=VERTEX_POINT('',#2528);
#761=VERTEX_POINT('',#2530);
#762=VERTEX_POINT('',#2532);
#763=VERTEX_POINT('',#2534);
#764=VERTEX_POINT('',#2537);
#765=VERTEX_POINT('',#2539);
#766=VERTEX_POINT('',#2546);
#767=VERTEX_POINT('',#2547);
#768=VERTEX_POINT('',#2550);
#769=VERTEX_POINT('',#2559);
#770=VERTEX_POINT('',#2563);
#771=VERTEX_POINT('',#2567);
#772=VERTEX_POINT('',#2571);
#773=VERTEX_POINT('',#2575);
#774=VERTEX_POINT('',#2579);
#775=VERTEX_POINT('',#2583);
#776=VERTEX_POINT('',#2587);
#777=VERTEX_POINT('',#2591);
#778=VERTEX_POINT('',#2595);
#779=VERTEX_POINT('',#2599);
#780=VERTEX_POINT('',#2603);
#781=VERTEX_POINT('',#2607);
#782=VERTEX_POINT('',#2611);
#783=VERTEX_POINT('',#2615);
#784=VERTEX_POINT('',#2619);
#785=VERTEX_POINT('',#2621);
#786=VERTEX_POINT('',#2673);
#787=VERTEX_POINT('',#2732);
#788=VERTEX_POINT('',#2787);
#789=VERTEX_POINT('',#2797);
#790=VERTEX_POINT('',#2858);
#791=VERTEX_POINT('',#2859);
#792=VERTEX_POINT('',#2861);
#793=VERTEX_POINT('',#2863);
#794=VERTEX_POINT('',#2890);
#795=VERTEX_POINT('',#2891);
#796=VERTEX_POINT('',#2894);
#797=VERTEX_POINT('',#2946);
#798=VERTEX_POINT('',#3005);
#799=VERTEX_POINT('',#3017);
#800=VERTEX_POINT('',#3021);
#801=VERTEX_POINT('',#3025);
#802=VERTEX_POINT('',#3029);
#803=VERTEX_POINT('',#3033);
#804=VERTEX_POINT('',#3037);
#805=VERTEX_POINT('',#3041);
#806=VERTEX_POINT('',#3045);
#807=VERTEX_POINT('',#3049);
#808=VERTEX_POINT('',#3053);
#809=VERTEX_POINT('',#3057);
#810=VERTEX_POINT('',#3061);
#811=VERTEX_POINT('',#3065);
#812=VERTEX_POINT('',#3069);
#813=VERTEX_POINT('',#3073);
#814=VERTEX_POINT('',#3077);
#815=VERTEX_POINT('',#3079);
#816=VERTEX_POINT('',#3131);
#817=VERTEX_POINT('',#3141);
#818=VERTEX_POINT('',#3225);
#819=VERTEX_POINT('',#3226);
#820=VERTEX_POINT('',#3228);
#821=VERTEX_POINT('',#3230);
#822=VERTEX_POINT('',#3280);
#823=VERTEX_POINT('',#3284);
#824=VERTEX_POINT('',#3288);
#825=VERTEX_POINT('',#3292);
#826=VERTEX_POINT('',#3294);
#827=VERTEX_POINT('',#3298);
#828=VERTEX_POINT('',#3302);
#829=VERTEX_POINT('',#3306);
#830=VERTEX_POINT('',#3310);
#831=VERTEX_POINT('',#3314);
#832=VERTEX_POINT('',#3318);
#833=VERTEX_POINT('',#3322);
#834=VERTEX_POINT('',#3326);
#835=VERTEX_POINT('',#3330);
#836=VERTEX_POINT('',#3334);
#837=VERTEX_POINT('',#3338);
#838=VERTEX_POINT('',#3342);
#839=VERTEX_POINT('',#3346);
#840=VERTEX_POINT('',#3350);
#841=VERTEX_POINT('',#3354);
#842=VERTEX_POINT('',#3358);
#843=VERTEX_POINT('',#3360);
#844=VERTEX_POINT('',#3364);
#845=VERTEX_POINT('',#3368);
#846=VERTEX_POINT('',#3370);
#847=VERTEX_POINT('',#3374);
#848=VERTEX_POINT('',#3380);
#849=VERTEX_POINT('',#3382);
#850=VERTEX_POINT('',#3386);
#851=VERTEX_POINT('',#3388);
#852=VERTEX_POINT('',#3392);
#853=VERTEX_POINT('',#3396);
#854=VERTEX_POINT('',#3402);
#855=VERTEX_POINT('',#3406);
#856=VERTEX_POINT('',#3412);
#857=VERTEX_POINT('',#3422);
#858=EDGE_CURVE('',#707,#708,#625,.T.);
#859=EDGE_CURVE('',#708,#709,#626,.T.);
#860=EDGE_CURVE('',#709,#709,#627,.T.);
#861=EDGE_CURVE('',#708,#707,#628,.T.);
#862=EDGE_CURVE('',#710,#710,#629,.F.);
#863=EDGE_CURVE('',#710,#707,#71,.T.);
#864=EDGE_CURVE('',#711,#711,#630,.T.);
#865=EDGE_CURVE('',#711,#712,#631,.T.);
#866=EDGE_CURVE('',#712,#713,#632,.T.);
#867=EDGE_CURVE('',#713,#712,#633,.T.);
#868=EDGE_CURVE('',#714,#714,#634,.F.);
#869=EDGE_CURVE('',#714,#713,#72,.T.);
#870=EDGE_CURVE('',#715,#716,#73,.T.);
#871=EDGE_CURVE('',#716,#716,#635,.T.);
#872=EDGE_CURVE('',#717,#717,#636,.T.);
#873=EDGE_CURVE('',#717,#716,#74,.T.);
#874=EDGE_CURVE('',#718,#718,#637,.T.);
#875=EDGE_CURVE('',#718,#719,#638,.T.);
#876=EDGE_CURVE('',#720,#719,#639,.T.);
#877=EDGE_CURVE('',#719,#720,#640,.T.);
#878=EDGE_CURVE('',#721,#722,#641,.T.);
#879=EDGE_CURVE('',#722,#720,#75,.T.);
#880=EDGE_CURVE('',#722,#721,#642,.T.);
#881=EDGE_CURVE('',#721,#723,#643,.T.);
#882=EDGE_CURVE('',#723,#723,#644,.T.);
#883=EDGE_CURVE('',#724,#725,#76,.T.);
#884=EDGE_CURVE('',#726,#724,#645,.T.);
#885=EDGE_CURVE('',#727,#726,#77,.T.);
#886=EDGE_CURVE('',#728,#727,#646,.T.);
#887=EDGE_CURVE('',#729,#728,#78,.T.);
#888=EDGE_CURVE('',#730,#729,#647,.T.);
#889=EDGE_CURVE('',#731,#730,#79,.T.);
#890=EDGE_CURVE('',#732,#731,#648,.T.);
#891=EDGE_CURVE('',#733,#732,#80,.T.);
#892=EDGE_CURVE('',#734,#733,#649,.T.);
#893=EDGE_CURVE('',#735,#734,#81,.T.);
#894=EDGE_CURVE('',#736,#735,#650,.T.);
#895=EDGE_CURVE('',#737,#736,#82,.T.);
#896=EDGE_CURVE('',#738,#737,#651,.T.);
#897=EDGE_CURVE('',#739,#738,#83,.T.);
#898=EDGE_CURVE('',#740,#739,#652,.T.);
#899=EDGE_CURVE('',#741,#740,#84,.T.);
#900=EDGE_CURVE('',#741,#742,#653,.T.);
#901=EDGE_CURVE('',#742,#743,#85,.T.);
#902=EDGE_CURVE('',#743,#744,#654,.T.);
#903=EDGE_CURVE('',#745,#744,#86,.T.);
#904=EDGE_CURVE('',#746,#745,#655,.T.);
#905=EDGE_CURVE('',#747,#746,#87,.T.);
#906=EDGE_CURVE('',#748,#747,#656,.T.);
#907=EDGE_CURVE('',#749,#748,#88,.T.);
#908=EDGE_CURVE('',#750,#749,#657,.T.);
#909=EDGE_CURVE('',#751,#750,#89,.T.);
#910=EDGE_CURVE('',#752,#751,#658,.T.);
#911=EDGE_CURVE('',#753,#752,#90,.T.);
#912=EDGE_CURVE('',#754,#753,#659,.T.);
#913=EDGE_CURVE('',#755,#754,#91,.T.);
#914=EDGE_CURVE('',#756,#755,#660,.T.);
#915=EDGE_CURVE('',#757,#756,#92,.T.);
#916=EDGE_CURVE('',#758,#757,#661,.T.);
#917=EDGE_CURVE('',#759,#758,#93,.T.);
#918=EDGE_CURVE('',#760,#759,#662,.T.);
#919=EDGE_CURVE('',#761,#760,#94,.T.);
#920=EDGE_CURVE('',#761,#762,#663,.T.);
#921=EDGE_CURVE('',#762,#763,#95,.T.);
#922=EDGE_CURVE('',#763,#725,#664,.T.);
#923=EDGE_CURVE('',#764,#764,#665,.T.);
#924=EDGE_CURVE('',#765,#765,#666,.T.);
#925=EDGE_CURVE('',#714,#765,#96,.T.);
#926=EDGE_CURVE('',#710,#764,#97,.T.);
#927=EDGE_CURVE('',#766,#767,#98,.T.);
#928=EDGE_CURVE('',#767,#724,#99,.T.);
#929=EDGE_CURVE('',#725,#768,#43,.T.);
#930=EDGE_CURVE('',#768,#766,#27,.T.);
#931=EDGE_CURVE('',#767,#769,#667,.T.);
#932=EDGE_CURVE('',#769,#726,#100,.T.);
#933=EDGE_CURVE('',#770,#727,#101,.T.);
#934=EDGE_CURVE('',#769,#770,#102,.T.);
#935=EDGE_CURVE('',#771,#728,#103,.T.);
#936=EDGE_CURVE('',#770,#771,#668,.T.);
#937=EDGE_CURVE('',#772,#729,#104,.T.);
#938=EDGE_CURVE('',#771,#772,#105,.T.);
#939=EDGE_CURVE('',#773,#730,#106,.T.);
#940=EDGE_CURVE('',#772,#773,#669,.T.);
#941=EDGE_CURVE('',#774,#731,#107,.T.);
#942=EDGE_CURVE('',#773,#774,#108,.T.);
#943=EDGE_CURVE('',#775,#732,#109,.T.);
#944=EDGE_CURVE('',#774,#775,#670,.T.);
#945=EDGE_CURVE('',#776,#733,#110,.T.);
#946=EDGE_CURVE('',#775,#776,#111,.T.);
#947=EDGE_CURVE('',#777,#734,#112,.T.);
#948=EDGE_CURVE('',#776,#777,#671,.T.);
#949=EDGE_CURVE('',#778,#735,#113,.T.);
#950=EDGE_CURVE('',#777,#778,#114,.T.);
#951=EDGE_CURVE('',#779,#736,#115,.T.);
#952=EDGE_CURVE('',#778,#779,#672,.T.);
#953=EDGE_CURVE('',#780,#737,#116,.T.);
#954=EDGE_CURVE('',#779,#780,#117,.T.);
#955=EDGE_CURVE('',#781,#738,#118,.T.);
#956=EDGE_CURVE('',#780,#781,#673,.T.);
#957=EDGE_CURVE('',#782,#739,#119,.T.);
#958=EDGE_CURVE('',#781,#782,#120,.T.);
#959=EDGE_CURVE('',#782,#783,#674,.T.);
#960=EDGE_CURVE('',#783,#740,#121,.T.);
#961=EDGE_CURVE('',#783,#784,#122,.T.);
#962=EDGE_CURVE('',#784,#785,#28,.T.);
#963=EDGE_CURVE('',#785,#741,#44,.T.);
#964=EDGE_CURVE('',#768,#786,#29,.T.);
#965=EDGE_CURVE('',#786,#787,#123,.T.);
#966=EDGE_CURVE('',#787,#766,#30,.T.);
#967=EDGE_CURVE('',#784,#788,#31,.T.);
#968=EDGE_CURVE('',#788,#789,#124,.T.);
#969=EDGE_CURVE('',#789,#785,#32,.T.);
#970=EDGE_CURVE('',#790,#791,#125,.T.);
#971=EDGE_CURVE('',#791,#792,#126,.T.);
#972=EDGE_CURVE('',#792,#793,#127,.T.);
#973=EDGE_CURVE('',#793,#790,#128,.T.);
#974=EDGE_CURVE('',#790,#787,#129,.T.);
#975=EDGE_CURVE('',#786,#791,#33,.T.);
#976=EDGE_CURVE('',#794,#795,#130,.T.);
#977=EDGE_CURVE('',#795,#745,#131,.T.);
#978=EDGE_CURVE('',#744,#796,#45,.T.);
#979=EDGE_CURVE('',#796,#794,#34,.T.);
#980=EDGE_CURVE('',#796,#797,#35,.T.);
#981=EDGE_CURVE('',#797,#798,#132,.T.);
#982=EDGE_CURVE('',#798,#794,#36,.T.);
#983=EDGE_CURVE('',#795,#799,#675,.T.);
#984=EDGE_CURVE('',#799,#746,#133,.T.);
#985=EDGE_CURVE('',#800,#747,#134,.T.);
#986=EDGE_CURVE('',#799,#800,#135,.T.);
#987=EDGE_CURVE('',#801,#748,#136,.T.);
#988=EDGE_CURVE('',#800,#801,#676,.T.);
#989=EDGE_CURVE('',#802,#749,#137,.T.);
#990=EDGE_CURVE('',#801,#802,#138,.T.);
#991=EDGE_CURVE('',#803,#750,#139,.T.);
#992=EDGE_CURVE('',#802,#803,#677,.T.);
#993=EDGE_CURVE('',#804,#751,#140,.T.);
#994=EDGE_CURVE('',#803,#804,#141,.T.);
#995=EDGE_CURVE('',#805,#752,#142,.T.);
#996=EDGE_CURVE('',#804,#805,#678,.T.);
#997=EDGE_CURVE('',#806,#753,#143,.T.);
#998=EDGE_CURVE('',#805,#806,#144,.T.);
#999=EDGE_CURVE('',#807,#754,#145,.T.);
#1000=EDGE_CURVE('',#806,#807,#679,.T.);
#1001=EDGE_CURVE('',#808,#755,#146,.T.);
#1002=EDGE_CURVE('',#807,#808,#147,.T.);
#1003=EDGE_CURVE('',#809,#756,#148,.T.);
#1004=EDGE_CURVE('',#808,#809,#680,.T.);
#1005=EDGE_CURVE('',#810,#757,#149,.T.);
#1006=EDGE_CURVE('',#809,#810,#150,.T.);
#1007=EDGE_CURVE('',#811,#758,#151,.T.);
#1008=EDGE_CURVE('',#810,#811,#681,.T.);
#1009=EDGE_CURVE('',#812,#759,#152,.T.);
#1010=EDGE_CURVE('',#811,#812,#153,.T.);
#1011=EDGE_CURVE('',#812,#813,#682,.T.);
#1012=EDGE_CURVE('',#813,#760,#154,.T.);
#1013=EDGE_CURVE('',#813,#814,#155,.T.);
#1014=EDGE_CURVE('',#814,#815,#37,.T.);
#1015=EDGE_CURVE('',#815,#761,#46,.T.);
#1016=EDGE_CURVE('',#814,#816,#38,.T.);
#1017=EDGE_CURVE('',#816,#817,#156,.T.);
#1018=EDGE_CURVE('',#817,#815,#39,.T.);
#1019=EDGE_CURVE('',#816,#793,#157,.T.);
#1020=EDGE_CURVE('',#792,#817,#40,.T.);
#1021=EDGE_CURVE('',#818,#819,#158,.T.);
#1022=EDGE_CURVE('',#819,#820,#159,.T.);
#1023=EDGE_CURVE('',#820,#821,#160,.T.);
#1024=EDGE_CURVE('',#821,#818,#161,.T.);
#1025=EDGE_CURVE('',#818,#798,#162,.T.);
#1026=EDGE_CURVE('',#797,#819,#41,.T.);
#1027=EDGE_CURVE('',#788,#821,#163,.T.);
#1028=EDGE_CURVE('',#820,#789,#42,.T.);
#1029=EDGE_CURVE('',#822,#763,#683,.T.);
#1030=EDGE_CURVE('',#822,#791,#684,.T.);
#1031=EDGE_CURVE('',#820,#823,#685,.T.);
#1032=EDGE_CURVE('',#742,#823,#686,.T.);
#1033=EDGE_CURVE('',#824,#819,#687,.T.);
#1034=EDGE_CURVE('',#823,#824,#164,.T.);
#1035=EDGE_CURVE('',#812,#825,#165,.T.);
#1036=EDGE_CURVE('',#825,#826,#688,.T.);
#1037=EDGE_CURVE('',#826,#813,#166,.T.);
#1038=EDGE_CURVE('',#827,#811,#167,.T.);
#1039=EDGE_CURVE('',#825,#827,#168,.T.);
#1040=EDGE_CURVE('',#810,#828,#169,.T.);
#1041=EDGE_CURVE('',#827,#828,#689,.T.);
#1042=EDGE_CURVE('',#809,#829,#170,.T.);
#1043=EDGE_CURVE('',#828,#829,#171,.T.);
#1044=EDGE_CURVE('',#808,#830,#172,.T.);
#1045=EDGE_CURVE('',#829,#830,#690,.T.);
#1046=EDGE_CURVE('',#807,#831,#173,.T.);
#1047=EDGE_CURVE('',#830,#831,#174,.T.);
#1048=EDGE_CURVE('',#832,#806,#175,.T.);
#1049=EDGE_CURVE('',#831,#832,#691,.T.);
#1050=EDGE_CURVE('',#833,#805,#176,.T.);
#1051=EDGE_CURVE('',#832,#833,#177,.T.);
#1052=EDGE_CURVE('',#804,#834,#178,.T.);
#1053=EDGE_CURVE('',#833,#834,#692,.T.);
#1054=EDGE_CURVE('',#803,#835,#179,.T.);
#1055=EDGE_CURVE('',#834,#835,#180,.T.);
#1056=EDGE_CURVE('',#802,#836,#181,.T.);
#1057=EDGE_CURVE('',#835,#836,#693,.T.);
#1058=EDGE_CURVE('',#801,#837,#182,.T.);
#1059=EDGE_CURVE('',#836,#837,#183,.T.);
#1060=EDGE_CURVE('',#838,#800,#184,.T.);
#1061=EDGE_CURVE('',#837,#838,#694,.T.);
#1062=EDGE_CURVE('',#839,#799,#185,.T.);
#1063=EDGE_CURVE('',#838,#839,#186,.T.);
#1064=EDGE_CURVE('',#795,#840,#187,.T.);
#1065=EDGE_CURVE('',#840,#839,#695,.T.);
#1066=EDGE_CURVE('',#841,#783,#188,.T.);
#1067=EDGE_CURVE('',#840,#841,#189,.T.);
#1068=EDGE_CURVE('',#842,#776,#190,.T.);
#1069=EDGE_CURVE('',#843,#842,#696,.T.);
#1070=EDGE_CURVE('',#777,#843,#191,.T.);
#1071=EDGE_CURVE('',#844,#843,#192,.T.);
#1072=EDGE_CURVE('',#778,#844,#193,.T.);
#1073=EDGE_CURVE('',#780,#845,#194,.T.);
#1074=EDGE_CURVE('',#846,#845,#697,.T.);
#1075=EDGE_CURVE('',#846,#781,#195,.T.);
#1076=EDGE_CURVE('',#779,#847,#196,.T.);
#1077=EDGE_CURVE('',#845,#847,#197,.T.);
#1078=EDGE_CURVE('',#847,#844,#698,.T.);
#1079=EDGE_CURVE('',#848,#770,#198,.T.);
#1080=EDGE_CURVE('',#849,#848,#699,.T.);
#1081=EDGE_CURVE('',#771,#849,#199,.T.);
#1082=EDGE_CURVE('',#774,#850,#200,.T.);
#1083=EDGE_CURVE('',#851,#850,#700,.T.);
#1084=EDGE_CURVE('',#851,#775,#201,.T.);
#1085=EDGE_CURVE('',#773,#852,#202,.T.);
#1086=EDGE_CURVE('',#850,#852,#203,.T.);
#1087=EDGE_CURVE('',#772,#853,#204,.T.);
#1088=EDGE_CURVE('',#852,#853,#701,.T.);
#1089=EDGE_CURVE('',#853,#849,#205,.T.);
#1090=EDGE_CURVE('',#854,#769,#206,.T.);
#1091=EDGE_CURVE('',#848,#854,#207,.T.);
#1092=EDGE_CURVE('',#855,#846,#208,.T.);
#1093=EDGE_CURVE('',#782,#855,#209,.T.);
#1094=EDGE_CURVE('',#842,#851,#210,.T.);
#1095=EDGE_CURVE('',#762,#856,#702,.T.);
#1096=EDGE_CURVE('',#856,#822,#211,.T.);
#1097=EDGE_CURVE('',#792,#856,#703,.T.);
#1098=EDGE_CURVE('',#824,#743,#704,.T.);
#1099=EDGE_CURVE('',#767,#857,#212,.T.);
#1100=EDGE_CURVE('',#857,#854,#705,.T.);
#1101=EDGE_CURVE('',#857,#826,#213,.T.);
#1102=EDGE_CURVE('',#855,#841,#706,.T.);
#1103=ORIENTED_EDGE('',*,*,#858,.T.);
#1104=ORIENTED_EDGE('',*,*,#859,.T.);
#1105=ORIENTED_EDGE('',*,*,#860,.T.);
#1106=ORIENTED_EDGE('',*,*,#859,.F.);
#1107=ORIENTED_EDGE('',*,*,#861,.T.);
#1108=ORIENTED_EDGE('',*,*,#860,.F.);
#1109=ORIENTED_EDGE('',*,*,#862,.F.);
#1110=ORIENTED_EDGE('',*,*,#863,.T.);
#1111=ORIENTED_EDGE('',*,*,#861,.F.);
#1112=ORIENTED_EDGE('',*,*,#858,.F.);
#1113=ORIENTED_EDGE('',*,*,#863,.F.);
#1114=ORIENTED_EDGE('',*,*,#864,.T.);
#1115=ORIENTED_EDGE('',*,*,#865,.T.);
#1116=ORIENTED_EDGE('',*,*,#866,.T.);
#1117=ORIENTED_EDGE('',*,*,#867,.T.);
#1118=ORIENTED_EDGE('',*,*,#865,.F.);
#1119=ORIENTED_EDGE('',*,*,#868,.F.);
#1120=ORIENTED_EDGE('',*,*,#869,.T.);
#1121=ORIENTED_EDGE('',*,*,#866,.F.);
#1122=ORIENTED_EDGE('',*,*,#867,.F.);
#1123=ORIENTED_EDGE('',*,*,#869,.F.);
#1124=ORIENTED_EDGE('',*,*,#864,.F.);
#1125=ORIENTED_EDGE('',*,*,#870,.T.);
#1126=ORIENTED_EDGE('',*,*,#871,.F.);
#1127=ORIENTED_EDGE('',*,*,#870,.F.);
#1128=ORIENTED_EDGE('',*,*,#872,.F.);
#1129=ORIENTED_EDGE('',*,*,#873,.T.);
#1130=ORIENTED_EDGE('',*,*,#871,.T.);
#1131=ORIENTED_EDGE('',*,*,#873,.F.);
#1132=ORIENTED_EDGE('',*,*,#874,.F.);
#1133=ORIENTED_EDGE('',*,*,#875,.T.);
#1134=ORIENTED_EDGE('',*,*,#876,.F.);
#1135=ORIENTED_EDGE('',*,*,#877,.F.);
#1136=ORIENTED_EDGE('',*,*,#875,.F.);
#1137=ORIENTED_EDGE('',*,*,#878,.T.);
#1138=ORIENTED_EDGE('',*,*,#879,.T.);
#1139=ORIENTED_EDGE('',*,*,#876,.T.);
#1140=ORIENTED_EDGE('',*,*,#877,.T.);
#1141=ORIENTED_EDGE('',*,*,#879,.F.);
#1142=ORIENTED_EDGE('',*,*,#880,.T.);
#1143=ORIENTED_EDGE('',*,*,#874,.T.);
#1144=ORIENTED_EDGE('',*,*,#872,.T.);
#1145=ORIENTED_EDGE('',*,*,#878,.F.);
#1146=ORIENTED_EDGE('',*,*,#881,.T.);
#1147=ORIENTED_EDGE('',*,*,#882,.T.);
#1148=ORIENTED_EDGE('',*,*,#881,.F.);
#1149=ORIENTED_EDGE('',*,*,#880,.F.);
#1150=ORIENTED_EDGE('',*,*,#883,.F.);
#1151=ORIENTED_EDGE('',*,*,#884,.F.);
#1152=ORIENTED_EDGE('',*,*,#885,.F.);
#1153=ORIENTED_EDGE('',*,*,#886,.F.);
#1154=ORIENTED_EDGE('',*,*,#887,.F.);
#1155=ORIENTED_EDGE('',*,*,#888,.F.);
#1156=ORIENTED_EDGE('',*,*,#889,.F.);
#1157=ORIENTED_EDGE('',*,*,#890,.F.);
#1158=ORIENTED_EDGE('',*,*,#891,.F.);
#1159=ORIENTED_EDGE('',*,*,#892,.F.);
#1160=ORIENTED_EDGE('',*,*,#893,.F.);
#1161=ORIENTED_EDGE('',*,*,#894,.F.);
#1162=ORIENTED_EDGE('',*,*,#895,.F.);
#1163=ORIENTED_EDGE('',*,*,#896,.F.);
#1164=ORIENTED_EDGE('',*,*,#897,.F.);
#1165=ORIENTED_EDGE('',*,*,#898,.F.);
#1166=ORIENTED_EDGE('',*,*,#899,.F.);
#1167=ORIENTED_EDGE('',*,*,#900,.T.);
#1168=ORIENTED_EDGE('',*,*,#901,.T.);
#1169=ORIENTED_EDGE('',*,*,#902,.T.);
#1170=ORIENTED_EDGE('',*,*,#903,.F.);
#1171=ORIENTED_EDGE('',*,*,#904,.F.);
#1172=ORIENTED_EDGE('',*,*,#905,.F.);
#1173=ORIENTED_EDGE('',*,*,#906,.F.);
#1174=ORIENTED_EDGE('',*,*,#907,.F.);
#1175=ORIENTED_EDGE('',*,*,#908,.F.);
#1176=ORIENTED_EDGE('',*,*,#909,.F.);
#1177=ORIENTED_EDGE('',*,*,#910,.F.);
#1178=ORIENTED_EDGE('',*,*,#911,.F.);
#1179=ORIENTED_EDGE('',*,*,#912,.F.);
#1180=ORIENTED_EDGE('',*,*,#913,.F.);
#1181=ORIENTED_EDGE('',*,*,#914,.F.);
#1182=ORIENTED_EDGE('',*,*,#915,.F.);
#1183=ORIENTED_EDGE('',*,*,#916,.F.);
#1184=ORIENTED_EDGE('',*,*,#917,.F.);
#1185=ORIENTED_EDGE('',*,*,#918,.F.);
#1186=ORIENTED_EDGE('',*,*,#919,.F.);
#1187=ORIENTED_EDGE('',*,*,#920,.T.);
#1188=ORIENTED_EDGE('',*,*,#921,.T.);
#1189=ORIENTED_EDGE('',*,*,#922,.T.);
#1190=ORIENTED_EDGE('',*,*,#923,.T.);
#1191=ORIENTED_EDGE('',*,*,#924,.T.);
#1192=ORIENTED_EDGE('',*,*,#882,.F.);
#1193=ORIENTED_EDGE('',*,*,#868,.T.);
#1194=ORIENTED_EDGE('',*,*,#925,.T.);
#1195=ORIENTED_EDGE('',*,*,#924,.F.);
#1196=ORIENTED_EDGE('',*,*,#925,.F.);
#1197=ORIENTED_EDGE('',*,*,#862,.T.);
#1198=ORIENTED_EDGE('',*,*,#926,.T.);
#1199=ORIENTED_EDGE('',*,*,#923,.F.);
#1200=ORIENTED_EDGE('',*,*,#926,.F.);
#1201=ORIENTED_EDGE('',*,*,#927,.T.);
#1202=ORIENTED_EDGE('',*,*,#928,.T.);
#1203=ORIENTED_EDGE('',*,*,#883,.T.);
#1204=ORIENTED_EDGE('',*,*,#929,.T.);
#1205=ORIENTED_EDGE('',*,*,#930,.T.);
#1206=ORIENTED_EDGE('',*,*,#928,.F.);
#1207=ORIENTED_EDGE('',*,*,#931,.T.);
#1208=ORIENTED_EDGE('',*,*,#932,.T.);
#1209=ORIENTED_EDGE('',*,*,#884,.T.);
#1210=ORIENTED_EDGE('',*,*,#933,.T.);
#1211=ORIENTED_EDGE('',*,*,#885,.T.);
#1212=ORIENTED_EDGE('',*,*,#932,.F.);
#1213=ORIENTED_EDGE('',*,*,#934,.T.);
#1214=ORIENTED_EDGE('',*,*,#935,.T.);
#1215=ORIENTED_EDGE('',*,*,#886,.T.);
#1216=ORIENTED_EDGE('',*,*,#933,.F.);
#1217=ORIENTED_EDGE('',*,*,#936,.T.);
#1218=ORIENTED_EDGE('',*,*,#937,.T.);
#1219=ORIENTED_EDGE('',*,*,#887,.T.);
#1220=ORIENTED_EDGE('',*,*,#935,.F.);
#1221=ORIENTED_EDGE('',*,*,#938,.T.);
#1222=ORIENTED_EDGE('',*,*,#939,.T.);
#1223=ORIENTED_EDGE('',*,*,#888,.T.);
#1224=ORIENTED_EDGE('',*,*,#937,.F.);
#1225=ORIENTED_EDGE('',*,*,#940,.T.);
#1226=ORIENTED_EDGE('',*,*,#941,.T.);
#1227=ORIENTED_EDGE('',*,*,#889,.T.);
#1228=ORIENTED_EDGE('',*,*,#939,.F.);
#1229=ORIENTED_EDGE('',*,*,#942,.T.);
#1230=ORIENTED_EDGE('',*,*,#943,.T.);
#1231=ORIENTED_EDGE('',*,*,#890,.T.);
#1232=ORIENTED_EDGE('',*,*,#941,.F.);
#1233=ORIENTED_EDGE('',*,*,#944,.T.);
#1234=ORIENTED_EDGE('',*,*,#945,.T.);
#1235=ORIENTED_EDGE('',*,*,#891,.T.);
#1236=ORIENTED_EDGE('',*,*,#943,.F.);
#1237=ORIENTED_EDGE('',*,*,#946,.T.);
#1238=ORIENTED_EDGE('',*,*,#947,.T.);
#1239=ORIENTED_EDGE('',*,*,#892,.T.);
#1240=ORIENTED_EDGE('',*,*,#945,.F.);
#1241=ORIENTED_EDGE('',*,*,#948,.T.);
#1242=ORIENTED_EDGE('',*,*,#949,.T.);
#1243=ORIENTED_EDGE('',*,*,#893,.T.);
#1244=ORIENTED_EDGE('',*,*,#947,.F.);
#1245=ORIENTED_EDGE('',*,*,#950,.T.);
#1246=ORIENTED_EDGE('',*,*,#951,.T.);
#1247=ORIENTED_EDGE('',*,*,#894,.T.);
#1248=ORIENTED_EDGE('',*,*,#949,.F.);
#1249=ORIENTED_EDGE('',*,*,#952,.T.);
#1250=ORIENTED_EDGE('',*,*,#953,.T.);
#1251=ORIENTED_EDGE('',*,*,#895,.T.);
#1252=ORIENTED_EDGE('',*,*,#951,.F.);
#1253=ORIENTED_EDGE('',*,*,#954,.T.);
#1254=ORIENTED_EDGE('',*,*,#955,.T.);
#1255=ORIENTED_EDGE('',*,*,#896,.T.);
#1256=ORIENTED_EDGE('',*,*,#953,.F.);
#1257=ORIENTED_EDGE('',*,*,#956,.T.);
#1258=ORIENTED_EDGE('',*,*,#957,.T.);
#1259=ORIENTED_EDGE('',*,*,#897,.T.);
#1260=ORIENTED_EDGE('',*,*,#955,.F.);
#1261=ORIENTED_EDGE('',*,*,#958,.T.);
#1262=ORIENTED_EDGE('',*,*,#957,.F.);
#1263=ORIENTED_EDGE('',*,*,#959,.T.);
#1264=ORIENTED_EDGE('',*,*,#960,.T.);
#1265=ORIENTED_EDGE('',*,*,#898,.T.);
#1266=ORIENTED_EDGE('',*,*,#899,.T.);
#1267=ORIENTED_EDGE('',*,*,#960,.F.);
#1268=ORIENTED_EDGE('',*,*,#961,.T.);
#1269=ORIENTED_EDGE('',*,*,#962,.T.);
#1270=ORIENTED_EDGE('',*,*,#963,.T.);
#1271=ORIENTED_EDGE('',*,*,#964,.T.);
#1272=ORIENTED_EDGE('',*,*,#965,.T.);
#1273=ORIENTED_EDGE('',*,*,#966,.T.);
#1274=ORIENTED_EDGE('',*,*,#930,.F.);
#1275=ORIENTED_EDGE('',*,*,#967,.T.);
#1276=ORIENTED_EDGE('',*,*,#968,.T.);
#1277=ORIENTED_EDGE('',*,*,#969,.T.);
#1278=ORIENTED_EDGE('',*,*,#962,.F.);
#1279=ORIENTED_EDGE('',*,*,#970,.T.);
#1280=ORIENTED_EDGE('',*,*,#971,.T.);
#1281=ORIENTED_EDGE('',*,*,#972,.T.);
#1282=ORIENTED_EDGE('',*,*,#973,.T.);
#1283=ORIENTED_EDGE('',*,*,#970,.F.);
#1284=ORIENTED_EDGE('',*,*,#974,.T.);
#1285=ORIENTED_EDGE('',*,*,#965,.F.);
#1286=ORIENTED_EDGE('',*,*,#975,.T.);
#1287=ORIENTED_EDGE('',*,*,#976,.T.);
#1288=ORIENTED_EDGE('',*,*,#977,.T.);
#1289=ORIENTED_EDGE('',*,*,#903,.T.);
#1290=ORIENTED_EDGE('',*,*,#978,.T.);
#1291=ORIENTED_EDGE('',*,*,#979,.T.);
#1292=ORIENTED_EDGE('',*,*,#980,.T.);
#1293=ORIENTED_EDGE('',*,*,#981,.T.);
#1294=ORIENTED_EDGE('',*,*,#982,.T.);
#1295=ORIENTED_EDGE('',*,*,#979,.F.);
#1296=ORIENTED_EDGE('',*,*,#977,.F.);
#1297=ORIENTED_EDGE('',*,*,#983,.T.);
#1298=ORIENTED_EDGE('',*,*,#984,.T.);
#1299=ORIENTED_EDGE('',*,*,#904,.T.);
#1300=ORIENTED_EDGE('',*,*,#985,.T.);
#1301=ORIENTED_EDGE('',*,*,#905,.T.);
#1302=ORIENTED_EDGE('',*,*,#984,.F.);
#1303=ORIENTED_EDGE('',*,*,#986,.T.);
#1304=ORIENTED_EDGE('',*,*,#987,.T.);
#1305=ORIENTED_EDGE('',*,*,#906,.T.);
#1306=ORIENTED_EDGE('',*,*,#985,.F.);
#1307=ORIENTED_EDGE('',*,*,#988,.T.);
#1308=ORIENTED_EDGE('',*,*,#989,.T.);
#1309=ORIENTED_EDGE('',*,*,#907,.T.);
#1310=ORIENTED_EDGE('',*,*,#987,.F.);
#1311=ORIENTED_EDGE('',*,*,#990,.T.);
#1312=ORIENTED_EDGE('',*,*,#991,.T.);
#1313=ORIENTED_EDGE('',*,*,#908,.T.);
#1314=ORIENTED_EDGE('',*,*,#989,.F.);
#1315=ORIENTED_EDGE('',*,*,#992,.T.);
#1316=ORIENTED_EDGE('',*,*,#993,.T.);
#1317=ORIENTED_EDGE('',*,*,#909,.T.);
#1318=ORIENTED_EDGE('',*,*,#991,.F.);
#1319=ORIENTED_EDGE('',*,*,#994,.T.);
#1320=ORIENTED_EDGE('',*,*,#995,.T.);
#1321=ORIENTED_EDGE('',*,*,#910,.T.);
#1322=ORIENTED_EDGE('',*,*,#993,.F.);
#1323=ORIENTED_EDGE('',*,*,#996,.T.);
#1324=ORIENTED_EDGE('',*,*,#997,.T.);
#1325=ORIENTED_EDGE('',*,*,#911,.T.);
#1326=ORIENTED_EDGE('',*,*,#995,.F.);
#1327=ORIENTED_EDGE('',*,*,#998,.T.);
#1328=ORIENTED_EDGE('',*,*,#999,.T.);
#1329=ORIENTED_EDGE('',*,*,#912,.T.);
#1330=ORIENTED_EDGE('',*,*,#997,.F.);
#1331=ORIENTED_EDGE('',*,*,#1000,.T.);
#1332=ORIENTED_EDGE('',*,*,#1001,.T.);
#1333=ORIENTED_EDGE('',*,*,#913,.T.);
#1334=ORIENTED_EDGE('',*,*,#999,.F.);
#1335=ORIENTED_EDGE('',*,*,#1002,.T.);
#1336=ORIENTED_EDGE('',*,*,#1003,.T.);
#1337=ORIENTED_EDGE('',*,*,#914,.T.);
#1338=ORIENTED_EDGE('',*,*,#1001,.F.);
#1339=ORIENTED_EDGE('',*,*,#1004,.T.);
#1340=ORIENTED_EDGE('',*,*,#1005,.T.);
#1341=ORIENTED_EDGE('',*,*,#915,.T.);
#1342=ORIENTED_EDGE('',*,*,#1003,.F.);
#1343=ORIENTED_EDGE('',*,*,#1006,.T.);
#1344=ORIENTED_EDGE('',*,*,#1007,.T.);
#1345=ORIENTED_EDGE('',*,*,#916,.T.);
#1346=ORIENTED_EDGE('',*,*,#1005,.F.);
#1347=ORIENTED_EDGE('',*,*,#1008,.T.);
#1348=ORIENTED_EDGE('',*,*,#1009,.T.);
#1349=ORIENTED_EDGE('',*,*,#917,.T.);
#1350=ORIENTED_EDGE('',*,*,#1007,.F.);
#1351=ORIENTED_EDGE('',*,*,#1010,.T.);
#1352=ORIENTED_EDGE('',*,*,#1009,.F.);
#1353=ORIENTED_EDGE('',*,*,#1011,.T.);
#1354=ORIENTED_EDGE('',*,*,#1012,.T.);
#1355=ORIENTED_EDGE('',*,*,#918,.T.);
#1356=ORIENTED_EDGE('',*,*,#919,.T.);
#1357=ORIENTED_EDGE('',*,*,#1012,.F.);
#1358=ORIENTED_EDGE('',*,*,#1013,.T.);
#1359=ORIENTED_EDGE('',*,*,#1014,.T.);
#1360=ORIENTED_EDGE('',*,*,#1015,.T.);
#1361=ORIENTED_EDGE('',*,*,#1016,.T.);
#1362=ORIENTED_EDGE('',*,*,#1017,.T.);
#1363=ORIENTED_EDGE('',*,*,#1018,.T.);
#1364=ORIENTED_EDGE('',*,*,#1014,.F.);
#1365=ORIENTED_EDGE('',*,*,#1017,.F.);
#1366=ORIENTED_EDGE('',*,*,#1019,.T.);
#1367=ORIENTED_EDGE('',*,*,#972,.F.);
#1368=ORIENTED_EDGE('',*,*,#1020,.T.);
#1369=ORIENTED_EDGE('',*,*,#1021,.T.);
#1370=ORIENTED_EDGE('',*,*,#1022,.T.);
#1371=ORIENTED_EDGE('',*,*,#1023,.T.);
#1372=ORIENTED_EDGE('',*,*,#1024,.T.);
#1373=ORIENTED_EDGE('',*,*,#1021,.F.);
#1374=ORIENTED_EDGE('',*,*,#1025,.T.);
#1375=ORIENTED_EDGE('',*,*,#981,.F.);
#1376=ORIENTED_EDGE('',*,*,#1026,.T.);
#1377=ORIENTED_EDGE('',*,*,#968,.F.);
#1378=ORIENTED_EDGE('',*,*,#1027,.T.);
#1379=ORIENTED_EDGE('',*,*,#1023,.F.);
#1380=ORIENTED_EDGE('',*,*,#1028,.T.);
#1381=ORIENTED_EDGE('',*,*,#975,.F.);
#1382=ORIENTED_EDGE('',*,*,#964,.F.);
#1383=ORIENTED_EDGE('',*,*,#929,.F.);
#1384=ORIENTED_EDGE('',*,*,#922,.F.);
#1385=ORIENTED_EDGE('',*,*,#1029,.F.);
#1386=ORIENTED_EDGE('',*,*,#1030,.T.);
#1387=ORIENTED_EDGE('',*,*,#963,.F.);
#1388=ORIENTED_EDGE('',*,*,#969,.F.);
#1389=ORIENTED_EDGE('',*,*,#1028,.F.);
#1390=ORIENTED_EDGE('',*,*,#1031,.T.);
#1391=ORIENTED_EDGE('',*,*,#1032,.F.);
#1392=ORIENTED_EDGE('',*,*,#900,.F.);
#1393=ORIENTED_EDGE('',*,*,#1022,.F.);
#1394=ORIENTED_EDGE('',*,*,#1033,.F.);
#1395=ORIENTED_EDGE('',*,*,#1034,.F.);
#1396=ORIENTED_EDGE('',*,*,#1031,.F.);
#1397=ORIENTED_EDGE('',*,*,#1011,.F.);
#1398=ORIENTED_EDGE('',*,*,#1035,.T.);
#1399=ORIENTED_EDGE('',*,*,#1036,.T.);
#1400=ORIENTED_EDGE('',*,*,#1037,.T.);
#1401=ORIENTED_EDGE('',*,*,#1010,.F.);
#1402=ORIENTED_EDGE('',*,*,#1038,.F.);
#1403=ORIENTED_EDGE('',*,*,#1039,.F.);
#1404=ORIENTED_EDGE('',*,*,#1035,.F.);
#1405=ORIENTED_EDGE('',*,*,#1008,.F.);
#1406=ORIENTED_EDGE('',*,*,#1040,.T.);
#1407=ORIENTED_EDGE('',*,*,#1041,.F.);
#1408=ORIENTED_EDGE('',*,*,#1038,.T.);
#1409=ORIENTED_EDGE('',*,*,#1006,.F.);
#1410=ORIENTED_EDGE('',*,*,#1042,.T.);
#1411=ORIENTED_EDGE('',*,*,#1043,.F.);
#1412=ORIENTED_EDGE('',*,*,#1040,.F.);
#1413=ORIENTED_EDGE('',*,*,#1004,.F.);
#1414=ORIENTED_EDGE('',*,*,#1044,.T.);
#1415=ORIENTED_EDGE('',*,*,#1045,.F.);
#1416=ORIENTED_EDGE('',*,*,#1042,.F.);
#1417=ORIENTED_EDGE('',*,*,#1002,.F.);
#1418=ORIENTED_EDGE('',*,*,#1046,.T.);
#1419=ORIENTED_EDGE('',*,*,#1047,.F.);
#1420=ORIENTED_EDGE('',*,*,#1044,.F.);
#1421=ORIENTED_EDGE('',*,*,#1000,.F.);
#1422=ORIENTED_EDGE('',*,*,#1048,.F.);
#1423=ORIENTED_EDGE('',*,*,#1049,.F.);
#1424=ORIENTED_EDGE('',*,*,#1046,.F.);
#1425=ORIENTED_EDGE('',*,*,#998,.F.);
#1426=ORIENTED_EDGE('',*,*,#1050,.F.);
#1427=ORIENTED_EDGE('',*,*,#1051,.F.);
#1428=ORIENTED_EDGE('',*,*,#1048,.T.);
#1429=ORIENTED_EDGE('',*,*,#996,.F.);
#1430=ORIENTED_EDGE('',*,*,#1052,.T.);
#1431=ORIENTED_EDGE('',*,*,#1053,.F.);
#1432=ORIENTED_EDGE('',*,*,#1050,.T.);
#1433=ORIENTED_EDGE('',*,*,#994,.F.);
#1434=ORIENTED_EDGE('',*,*,#1054,.T.);
#1435=ORIENTED_EDGE('',*,*,#1055,.F.);
#1436=ORIENTED_EDGE('',*,*,#1052,.F.);
#1437=ORIENTED_EDGE('',*,*,#992,.F.);
#1438=ORIENTED_EDGE('',*,*,#1056,.T.);
#1439=ORIENTED_EDGE('',*,*,#1057,.F.);
#1440=ORIENTED_EDGE('',*,*,#1054,.F.);
#1441=ORIENTED_EDGE('',*,*,#990,.F.);
#1442=ORIENTED_EDGE('',*,*,#1058,.T.);
#1443=ORIENTED_EDGE('',*,*,#1059,.F.);
#1444=ORIENTED_EDGE('',*,*,#1056,.F.);
#1445=ORIENTED_EDGE('',*,*,#988,.F.);
#1446=ORIENTED_EDGE('',*,*,#1060,.F.);
#1447=ORIENTED_EDGE('',*,*,#1061,.F.);
#1448=ORIENTED_EDGE('',*,*,#1058,.F.);
#1449=ORIENTED_EDGE('',*,*,#986,.F.);
#1450=ORIENTED_EDGE('',*,*,#1062,.F.);
#1451=ORIENTED_EDGE('',*,*,#1063,.F.);
#1452=ORIENTED_EDGE('',*,*,#1060,.T.);
#1453=ORIENTED_EDGE('',*,*,#983,.F.);
#1454=ORIENTED_EDGE('',*,*,#1064,.T.);
#1455=ORIENTED_EDGE('',*,*,#1065,.T.);
#1456=ORIENTED_EDGE('',*,*,#1062,.T.);
#1457=ORIENTED_EDGE('',*,*,#976,.F.);
#1458=ORIENTED_EDGE('',*,*,#982,.F.);
#1459=ORIENTED_EDGE('',*,*,#1025,.F.);
#1460=ORIENTED_EDGE('',*,*,#1024,.F.);
#1461=ORIENTED_EDGE('',*,*,#1027,.F.);
#1462=ORIENTED_EDGE('',*,*,#967,.F.);
#1463=ORIENTED_EDGE('',*,*,#961,.F.);
#1464=ORIENTED_EDGE('',*,*,#1066,.F.);
#1465=ORIENTED_EDGE('',*,*,#1067,.F.);
#1466=ORIENTED_EDGE('',*,*,#1064,.F.);
#1467=ORIENTED_EDGE('',*,*,#948,.F.);
#1468=ORIENTED_EDGE('',*,*,#1068,.F.);
#1469=ORIENTED_EDGE('',*,*,#1069,.F.);
#1470=ORIENTED_EDGE('',*,*,#1070,.F.);
#1471=ORIENTED_EDGE('',*,*,#950,.F.);
#1472=ORIENTED_EDGE('',*,*,#1070,.T.);
#1473=ORIENTED_EDGE('',*,*,#1071,.F.);
#1474=ORIENTED_EDGE('',*,*,#1072,.F.);
#1475=ORIENTED_EDGE('',*,*,#956,.F.);
#1476=ORIENTED_EDGE('',*,*,#1073,.T.);
#1477=ORIENTED_EDGE('',*,*,#1074,.F.);
#1478=ORIENTED_EDGE('',*,*,#1075,.T.);
#1479=ORIENTED_EDGE('',*,*,#954,.F.);
#1480=ORIENTED_EDGE('',*,*,#1076,.T.);
#1481=ORIENTED_EDGE('',*,*,#1077,.F.);
#1482=ORIENTED_EDGE('',*,*,#1073,.F.);
#1483=ORIENTED_EDGE('',*,*,#952,.F.);
#1484=ORIENTED_EDGE('',*,*,#1072,.T.);
#1485=ORIENTED_EDGE('',*,*,#1078,.F.);
#1486=ORIENTED_EDGE('',*,*,#1076,.F.);
#1487=ORIENTED_EDGE('',*,*,#936,.F.);
#1488=ORIENTED_EDGE('',*,*,#1079,.F.);
#1489=ORIENTED_EDGE('',*,*,#1080,.F.);
#1490=ORIENTED_EDGE('',*,*,#1081,.F.);
#1491=ORIENTED_EDGE('',*,*,#944,.F.);
#1492=ORIENTED_EDGE('',*,*,#1082,.T.);
#1493=ORIENTED_EDGE('',*,*,#1083,.F.);
#1494=ORIENTED_EDGE('',*,*,#1084,.T.);
#1495=ORIENTED_EDGE('',*,*,#942,.F.);
#1496=ORIENTED_EDGE('',*,*,#1085,.T.);
#1497=ORIENTED_EDGE('',*,*,#1086,.F.);
#1498=ORIENTED_EDGE('',*,*,#1082,.F.);
#1499=ORIENTED_EDGE('',*,*,#940,.F.);
#1500=ORIENTED_EDGE('',*,*,#1087,.T.);
#1501=ORIENTED_EDGE('',*,*,#1088,.F.);
#1502=ORIENTED_EDGE('',*,*,#1085,.F.);
#1503=ORIENTED_EDGE('',*,*,#938,.F.);
#1504=ORIENTED_EDGE('',*,*,#1081,.T.);
#1505=ORIENTED_EDGE('',*,*,#1089,.F.);
#1506=ORIENTED_EDGE('',*,*,#1087,.F.);
#1507=ORIENTED_EDGE('',*,*,#934,.F.);
#1508=ORIENTED_EDGE('',*,*,#1090,.F.);
#1509=ORIENTED_EDGE('',*,*,#1091,.F.);
#1510=ORIENTED_EDGE('',*,*,#1079,.T.);
#1511=ORIENTED_EDGE('',*,*,#958,.F.);
#1512=ORIENTED_EDGE('',*,*,#1075,.F.);
#1513=ORIENTED_EDGE('',*,*,#1092,.F.);
#1514=ORIENTED_EDGE('',*,*,#1093,.F.);
#1515=ORIENTED_EDGE('',*,*,#946,.F.);
#1516=ORIENTED_EDGE('',*,*,#1084,.F.);
#1517=ORIENTED_EDGE('',*,*,#1094,.F.);
#1518=ORIENTED_EDGE('',*,*,#1068,.T.);
#1519=ORIENTED_EDGE('',*,*,#1029,.T.);
#1520=ORIENTED_EDGE('',*,*,#921,.F.);
#1521=ORIENTED_EDGE('',*,*,#1095,.T.);
#1522=ORIENTED_EDGE('',*,*,#1096,.T.);
#1523=ORIENTED_EDGE('',*,*,#1020,.F.);
#1524=ORIENTED_EDGE('',*,*,#1097,.T.);
#1525=ORIENTED_EDGE('',*,*,#1095,.F.);
#1526=ORIENTED_EDGE('',*,*,#920,.F.);
#1527=ORIENTED_EDGE('',*,*,#1015,.F.);
#1528=ORIENTED_EDGE('',*,*,#1018,.F.);
#1529=ORIENTED_EDGE('',*,*,#971,.F.);
#1530=ORIENTED_EDGE('',*,*,#1030,.F.);
#1531=ORIENTED_EDGE('',*,*,#1096,.F.);
#1532=ORIENTED_EDGE('',*,*,#1097,.F.);
#1533=ORIENTED_EDGE('',*,*,#1032,.T.);
#1534=ORIENTED_EDGE('',*,*,#1034,.T.);
#1535=ORIENTED_EDGE('',*,*,#1098,.T.);
#1536=ORIENTED_EDGE('',*,*,#901,.F.);
#1537=ORIENTED_EDGE('',*,*,#978,.F.);
#1538=ORIENTED_EDGE('',*,*,#902,.F.);
#1539=ORIENTED_EDGE('',*,*,#1098,.F.);
#1540=ORIENTED_EDGE('',*,*,#1033,.T.);
#1541=ORIENTED_EDGE('',*,*,#1026,.F.);
#1542=ORIENTED_EDGE('',*,*,#980,.F.);
#1543=ORIENTED_EDGE('',*,*,#931,.F.);
#1544=ORIENTED_EDGE('',*,*,#1099,.T.);
#1545=ORIENTED_EDGE('',*,*,#1100,.T.);
#1546=ORIENTED_EDGE('',*,*,#1090,.T.);
#1547=ORIENTED_EDGE('',*,*,#1013,.F.);
#1548=ORIENTED_EDGE('',*,*,#1037,.F.);
#1549=ORIENTED_EDGE('',*,*,#1101,.F.);
#1550=ORIENTED_EDGE('',*,*,#1099,.F.);
#1551=ORIENTED_EDGE('',*,*,#927,.F.);
#1552=ORIENTED_EDGE('',*,*,#966,.F.);
#1553=ORIENTED_EDGE('',*,*,#974,.F.);
#1554=ORIENTED_EDGE('',*,*,#973,.F.);
#1555=ORIENTED_EDGE('',*,*,#1019,.F.);
#1556=ORIENTED_EDGE('',*,*,#1016,.F.);
#1557=ORIENTED_EDGE('',*,*,#959,.F.);
#1558=ORIENTED_EDGE('',*,*,#1093,.T.);
#1559=ORIENTED_EDGE('',*,*,#1102,.T.);
#1560=ORIENTED_EDGE('',*,*,#1066,.T.);
#1561=ORIENTED_EDGE('',*,*,#1061,.T.);
#1562=ORIENTED_EDGE('',*,*,#1063,.T.);
#1563=ORIENTED_EDGE('',*,*,#1065,.F.);
#1564=ORIENTED_EDGE('',*,*,#1067,.T.);
#1565=ORIENTED_EDGE('',*,*,#1102,.F.);
#1566=ORIENTED_EDGE('',*,*,#1092,.T.);
#1567=ORIENTED_EDGE('',*,*,#1074,.T.);
#1568=ORIENTED_EDGE('',*,*,#1077,.T.);
#1569=ORIENTED_EDGE('',*,*,#1078,.T.);
#1570=ORIENTED_EDGE('',*,*,#1071,.T.);
#1571=ORIENTED_EDGE('',*,*,#1069,.T.);
#1572=ORIENTED_EDGE('',*,*,#1094,.T.);
#1573=ORIENTED_EDGE('',*,*,#1083,.T.);
#1574=ORIENTED_EDGE('',*,*,#1086,.T.);
#1575=ORIENTED_EDGE('',*,*,#1088,.T.);
#1576=ORIENTED_EDGE('',*,*,#1089,.T.);
#1577=ORIENTED_EDGE('',*,*,#1080,.T.);
#1578=ORIENTED_EDGE('',*,*,#1091,.T.);
#1579=ORIENTED_EDGE('',*,*,#1100,.F.);
#1580=ORIENTED_EDGE('',*,*,#1101,.T.);
#1581=ORIENTED_EDGE('',*,*,#1036,.F.);
#1582=ORIENTED_EDGE('',*,*,#1039,.T.);
#1583=ORIENTED_EDGE('',*,*,#1041,.T.);
#1584=ORIENTED_EDGE('',*,*,#1043,.T.);
#1585=ORIENTED_EDGE('',*,*,#1045,.T.);
#1586=ORIENTED_EDGE('',*,*,#1047,.T.);
#1587=ORIENTED_EDGE('',*,*,#1049,.T.);
#1588=ORIENTED_EDGE('',*,*,#1051,.T.);
#1589=ORIENTED_EDGE('',*,*,#1053,.T.);
#1590=ORIENTED_EDGE('',*,*,#1055,.T.);
#1591=ORIENTED_EDGE('',*,*,#1057,.T.);
#1592=ORIENTED_EDGE('',*,*,#1059,.T.);
#1593=TOROIDAL_SURFACE('',#1716,3.,1.);
#1594=TOROIDAL_SURFACE('',#1724,3.,1.);
#1595=TOROIDAL_SURFACE('',#1736,24.6919148301935,3.);
#1596=TOROIDAL_SURFACE('',#1745,42.3646760497925,1.5);
#1597=TOROIDAL_SURFACE('',#1829,7.03175416344812,1.);
#1598=TOROIDAL_SURFACE('',#1832,7.03175416344812,1.);
#1599=TOROIDAL_SURFACE('',#1882,7.03175416344814,1.);
#1600=TOROIDAL_SURFACE('',#1887,7.03175416344814,1.);
#1601=ADVANCED_FACE('',(#421),#1593,.F.);
#1602=ADVANCED_FACE('',(#422),#378,.F.);
#1603=ADVANCED_FACE('',(#423),#357,.F.);
#1604=ADVANCED_FACE('',(#424),#1594,.F.);
#1605=ADVANCED_FACE('',(#425),#358,.F.);
#1606=ADVANCED_FACE('',(#426),#379,.F.);
#1607=ADVANCED_FACE('',(#427),#51,.F.);
#1608=ADVANCED_FACE('',(#428),#359,.F.);
#1609=ADVANCED_FACE('',(#429),#1595,.T.);
#1610=ADVANCED_FACE('',(#430),#52,.T.);
#1611=ADVANCED_FACE('',(#431,#47),#380,.F.);
#1612=ADVANCED_FACE('',(#432),#1596,.F.);
#1613=ADVANCED_FACE('',(#433,#48,#49,#50),#381,.T.);
#1614=ADVANCED_FACE('',(#434),#53,.F.);
#1615=ADVANCED_FACE('',(#435),#54,.F.);
#1616=ADVANCED_FACE('',(#436),#382,.T.);
#1617=ADVANCED_FACE('',(#437),#55,.T.);
#1618=ADVANCED_FACE('',(#438),#383,.T.);
#1619=ADVANCED_FACE('',(#439),#56,.T.);
#1620=ADVANCED_FACE('',(#440),#384,.T.);
#1621=ADVANCED_FACE('',(#441),#57,.F.);
#1622=ADVANCED_FACE('',(#442),#385,.T.);
#1623=ADVANCED_FACE('',(#443),#58,.T.);
#1624=ADVANCED_FACE('',(#444),#386,.T.);
#1625=ADVANCED_FACE('',(#445),#59,.T.);
#1626=ADVANCED_FACE('',(#446),#387,.T.);
#1627=ADVANCED_FACE('',(#447),#60,.F.);
#1628=ADVANCED_FACE('',(#448),#388,.T.);
#1629=ADVANCED_FACE('',(#449),#61,.T.);
#1630=ADVANCED_FACE('',(#450),#389,.T.);
#1631=ADVANCED_FACE('',(#451),#62,.T.);
#1632=ADVANCED_FACE('',(#452),#390,.T.);
#1633=ADVANCED_FACE('',(#453),#19,.T.);
#1634=ADVANCED_FACE('',(#454),#20,.T.);
#1635=ADVANCED_FACE('',(#455),#391,.T.);
#1636=ADVANCED_FACE('',(#456),#21,.T.);
#1637=ADVANCED_FACE('',(#457),#392,.T.);
#1638=ADVANCED_FACE('',(#458),#22,.T.);
#1639=ADVANCED_FACE('',(#459),#63,.T.);
#1640=ADVANCED_FACE('',(#460),#393,.T.);
#1641=ADVANCED_FACE('',(#461),#64,.T.);
#1642=ADVANCED_FACE('',(#462),#394,.T.);
#1643=ADVANCED_FACE('',(#463),#65,.F.);
#1644=ADVANCED_FACE('',(#464),#395,.T.);
#1645=ADVANCED_FACE('',(#465),#66,.T.);
#1646=ADVANCED_FACE('',(#466),#396,.T.);
#1647=ADVANCED_FACE('',(#467),#67,.T.);
#1648=ADVANCED_FACE('',(#468),#397,.T.);
#1649=ADVANCED_FACE('',(#469),#68,.F.);
#1650=ADVANCED_FACE('',(#470),#398,.T.);
#1651=ADVANCED_FACE('',(#471),#69,.T.);
#1652=ADVANCED_FACE('',(#472),#399,.T.);
#1653=ADVANCED_FACE('',(#473),#70,.T.);
#1654=ADVANCED_FACE('',(#474),#400,.T.);
#1655=ADVANCED_FACE('',(#475),#23,.T.);
#1656=ADVANCED_FACE('',(#476),#24,.T.);
#1657=ADVANCED_FACE('',(#477),#401,.T.);
#1658=ADVANCED_FACE('',(#478),#25,.T.);
#1659=ADVANCED_FACE('',(#479),#26,.T.);
#1660=ADVANCED_FACE('',(#480),#1597,.F.);
#1661=ADVANCED_FACE('',(#481),#1598,.F.);
#1662=ADVANCED_FACE('',(#482),#402,.T.);
#1663=ADVANCED_FACE('',(#483),#360,.T.);
#1664=ADVANCED_FACE('',(#484),#403,.T.);
#1665=ADVANCED_FACE('',(#485),#361,.T.);
#1666=ADVANCED_FACE('',(#486),#404,.F.);
#1667=ADVANCED_FACE('',(#487),#362,.F.);
#1668=ADVANCED_FACE('',(#488),#405,.F.);
#1669=ADVANCED_FACE('',(#489),#363,.T.);
#1670=ADVANCED_FACE('',(#490),#406,.T.);
#1671=ADVANCED_FACE('',(#491),#364,.T.);
#1672=ADVANCED_FACE('',(#492),#407,.F.);
#1673=ADVANCED_FACE('',(#493),#365,.F.);
#1674=ADVANCED_FACE('',(#494),#408,.F.);
#1675=ADVANCED_FACE('',(#495),#366,.T.);
#1676=ADVANCED_FACE('',(#496),#409,.T.);
#1677=ADVANCED_FACE('',(#497),#367,.T.);
#1678=ADVANCED_FACE('',(#498),#410,.T.);
#1679=ADVANCED_FACE('',(#499),#368,.T.);
#1680=ADVANCED_FACE('',(#500),#411,.F.);
#1681=ADVANCED_FACE('',(#501),#369,.T.);
#1682=ADVANCED_FACE('',(#502),#412,.F.);
#1683=ADVANCED_FACE('',(#503),#370,.F.);
#1684=ADVANCED_FACE('',(#504),#371,.T.);
#1685=ADVANCED_FACE('',(#505),#372,.T.);
#1686=ADVANCED_FACE('',(#506),#413,.F.);
#1687=ADVANCED_FACE('',(#507),#373,.F.);
#1688=ADVANCED_FACE('',(#508),#414,.F.);
#1689=ADVANCED_FACE('',(#509),#415,.T.);
#1690=ADVANCED_FACE('',(#510),#416,.T.);
#1691=ADVANCED_FACE('',(#511),#417,.T.);
#1692=ADVANCED_FACE('',(#512),#374,.F.);
#1693=ADVANCED_FACE('',(#513),#1599,.F.);
#1694=ADVANCED_FACE('',(#514),#418,.F.);
#1695=ADVANCED_FACE('',(#515),#375,.F.);
#1696=ADVANCED_FACE('',(#516),#1600,.F.);
#1697=ADVANCED_FACE('',(#517),#376,.T.);
#1698=ADVANCED_FACE('',(#518),#419,.T.);
#1699=ADVANCED_FACE('',(#519),#377,.T.);
#1700=ADVANCED_FACE('',(#520),#420,.T.);
#1701=CLOSED_SHELL('',(#1601,#1602,#1603,#1604,#1605,#1606,#1607,#1608,
#1609,#1610,#1611,#1612,#1613,#1614,#1615,#1616,#1617,#1618,#1619,#1620,
#1621,#1622,#1623,#1624,#1625,#1626,#1627,#1628,#1629,#1630,#1631,#1632,
#1633,#1634,#1635,#1636,#1637,#1638,#1639,#1640,#1641,#1642,#1643,#1644,
#1645,#1646,#1647,#1648,#1649,#1650,#1651,#1652,#1653,#1654,#1655,#1656,
#1657,#1658,#1659,#1660,#1661,#1662,#1663,#1664,#1665,#1666,#1667,#1668,
#1669,#1670,#1671,#1672,#1673,#1674,#1675,#1676,#1677,#1678,#1679,#1680,
#1681,#1682,#1683,#1684,#1685,#1686,#1687,#1688,#1689,#1690,#1691,#1692,
#1693,#1694,#1695,#1696,#1697,#1698,#1699,#1700));
#1702=DERIVED_UNIT_ELEMENT(#1704,1.);
#1703=DERIVED_UNIT_ELEMENT(#3438,-3.);
#1704=(
MASS_UNIT()
NAMED_UNIT(*)
SI_UNIT(.KILO.,.GRAM.)
);
#1705=DERIVED_UNIT((#1702,#1703));
#1706=MEASURE_REPRESENTATION_ITEM('density measure',
POSITIVE_RATIO_MEASURE(7850.),#1705);
#1707=PROPERTY_DEFINITION_REPRESENTATION(#1712,#1709);
#1708=PROPERTY_DEFINITION_REPRESENTATION(#1713,#1710);
#1709=REPRESENTATION('material name',(#1711),#3435);
#1710=REPRESENTATION('density',(#1706),#3435);
#1711=DESCRIPTIVE_REPRESENTATION_ITEM('Steel','Steel');
#1712=PROPERTY_DEFINITION('material property','material name',#3450);
#1713=PROPERTY_DEFINITION('material property','density of part',#3450);
#1714=AXIS2_PLACEMENT_3D('',#2400,#1895,#1896);
#1715=AXIS2_PLACEMENT_3D('',#2401,#1897,#1898);
#1716=AXIS2_PLACEMENT_3D('',#2402,#1899,#1900);
#1717=AXIS2_PLACEMENT_3D('',#2405,#1901,#1902);
#1718=AXIS2_PLACEMENT_3D('',#2407,#1903,#1904);
#1719=AXIS2_PLACEMENT_3D('',#2408,#1905,#1906);
#1720=AXIS2_PLACEMENT_3D('',#2409,#1907,#1908);
#1721=AXIS2_PLACEMENT_3D('',#2410,#1909,#1910);
#1722=AXIS2_PLACEMENT_3D('',#2411,#1911,#1912);
#1723=AXIS2_PLACEMENT_3D('',#2413,#1913,#1914);
#1724=AXIS2_PLACEMENT_3D('',#2415,#1916,#1917);
#1725=AXIS2_PLACEMENT_3D('',#2417,#1918,#1919);
#1726=AXIS2_PLACEMENT_3D('',#2419,#1920,#1921);
#1727=AXIS2_PLACEMENT_3D('',#2421,#1922,#1923);
#1728=AXIS2_PLACEMENT_3D('',#2422,#1924,#1925);
#1729=AXIS2_PLACEMENT_3D('',#2423,#1926,#1927);
#1730=AXIS2_PLACEMENT_3D('',#2425,#1928,#1929);
#1731=AXIS2_PLACEMENT_3D('',#2427,#1931,#1932);
#1732=AXIS2_PLACEMENT_3D('',#2428,#1933,#1934);
#1733=AXIS2_PLACEMENT_3D('',#2432,#1936,#1937);
#1734=AXIS2_PLACEMENT_3D('',#2433,#1938,#1939);
#1735=AXIS2_PLACEMENT_3D('',#2435,#1940,#1941);
#1736=AXIS2_PLACEMENT_3D('',#2437,#1943,#1944);
#1737=AXIS2_PLACEMENT_3D('',#2439,#1945,#1946);
#1738=AXIS2_PLACEMENT_3D('',#2441,#1947,#1948);
#1739=AXIS2_PLACEMENT_3D('',#2443,#1949,#1950);
#1740=AXIS2_PLACEMENT_3D('',#2444,#1951,#1952);
#1741=AXIS2_PLACEMENT_3D('',#2445,#1953,#1954);
#1742=AXIS2_PLACEMENT_3D('',#2448,#1955,#1956);
#1743=AXIS2_PLACEMENT_3D('',#2450,#1958,#1959);
#1744=AXIS2_PLACEMENT_3D('',#2451,#1960,#1961);
#1745=AXIS2_PLACEMENT_3D('',#2452,#1962,#1963);
#1746=AXIS2_PLACEMENT_3D('',#2454,#1964,#1965);
#1747=AXIS2_PLACEMENT_3D('',#2455,#1966,#1967);
#1748=AXIS2_PLACEMENT_3D('',#2456,#1968,#1969);
#1749=AXIS2_PLACEMENT_3D('',#2461,#1971,#1972);
#1750=AXIS2_PLACEMENT_3D('',#2465,#1974,#1975);
#1751=AXIS2_PLACEMENT_3D('',#2469,#1977,#1978);
#1752=AXIS2_PLACEMENT_3D('',#2473,#1980,#1981);
#1753=AXIS2_PLACEMENT_3D('',#2477,#1983,#1984);
#1754=AXIS2_PLACEMENT_3D('',#2481,#1986,#1987);
#1755=AXIS2_PLACEMENT_3D('',#2485,#1989,#1990);
#1756=AXIS2_PLACEMENT_3D('',#2489,#1992,#1993);
#1757=AXIS2_PLACEMENT_3D('',#2493,#1995,#1996);
#1758=AXIS2_PLACEMENT_3D('',#2497,#1998,#1999);
#1759=AXIS2_PLACEMENT_3D('',#2501,#2001,#2002);
#1760=AXIS2_PLACEMENT_3D('',#2505,#2004,#2005);
#1761=AXIS2_PLACEMENT_3D('',#2509,#2007,#2008);
#1762=AXIS2_PLACEMENT_3D('',#2513,#2010,#2011);
#1763=AXIS2_PLACEMENT_3D('',#2517,#2013,#2014);
#1764=AXIS2_PLACEMENT_3D('',#2521,#2016,#2017);
#1765=AXIS2_PLACEMENT_3D('',#2525,#2019,#2020);
#1766=AXIS2_PLACEMENT_3D('',#2529,#2022,#2023);
#1767=AXIS2_PLACEMENT_3D('',#2533,#2025,#2026);
#1768=AXIS2_PLACEMENT_3D('',#2536,#2028,#2029);
#1769=AXIS2_PLACEMENT_3D('',#2538,#2030,#2031);
#1770=AXIS2_PLACEMENT_3D('',#2540,#2032,#2033);
#1771=AXIS2_PLACEMENT_3D('',#2541,#2034,#2035);
#1772=AXIS2_PLACEMENT_3D('',#2543,#2037,#2038);
#1773=AXIS2_PLACEMENT_3D('',#2545,#2040,#2041);
#1774=AXIS2_PLACEMENT_3D('',#2551,#2044,#2045);
#1775=AXIS2_PLACEMENT_3D('',#2558,#2046,#2047);
#1776=AXIS2_PLACEMENT_3D('',#2560,#2048,#2049);
#1777=AXIS2_PLACEMENT_3D('',#2562,#2051,#2052);
#1778=AXIS2_PLACEMENT_3D('',#2566,#2055,#2056);
#1779=AXIS2_PLACEMENT_3D('',#2569,#2058,#2059);
#1780=AXIS2_PLACEMENT_3D('',#2570,#2060,#2061);
#1781=AXIS2_PLACEMENT_3D('',#2574,#2064,#2065);
#1782=AXIS2_PLACEMENT_3D('',#2577,#2067,#2068);
#1783=AXIS2_PLACEMENT_3D('',#2578,#2069,#2070);
#1784=AXIS2_PLACEMENT_3D('',#2582,#2073,#2074);
#1785=AXIS2_PLACEMENT_3D('',#2585,#2076,#2077);
#1786=AXIS2_PLACEMENT_3D('',#2586,#2078,#2079);
#1787=AXIS2_PLACEMENT_3D('',#2590,#2082,#2083);
#1788=AXIS2_PLACEMENT_3D('',#2593,#2085,#2086);
#1789=AXIS2_PLACEMENT_3D('',#2594,#2087,#2088);
#1790=AXIS2_PLACEMENT_3D('',#2598,#2091,#2092);
#1791=AXIS2_PLACEMENT_3D('',#2601,#2094,#2095);
#1792=AXIS2_PLACEMENT_3D('',#2602,#2096,#2097);
#1793=AXIS2_PLACEMENT_3D('',#2606,#2100,#2101);
#1794=AXIS2_PLACEMENT_3D('',#2609,#2103,#2104);
#1795=AXIS2_PLACEMENT_3D('',#2610,#2105,#2106);
#1796=AXIS2_PLACEMENT_3D('',#2614,#2109,#2110);
#1797=AXIS2_PLACEMENT_3D('',#2616,#2111,#2112);
#1798=AXIS2_PLACEMENT_3D('',#2618,#2114,#2115);
#1799=AXIS2_PLACEMENT_3D('',#2628,#2117,#2118);
#1800=AXIS2_PLACEMENT_3D('',#2857,#2121,#2122);
#1801=AXIS2_PLACEMENT_3D('',#2889,#2128,#2129);
#1802=AXIS2_PLACEMENT_3D('',#2895,#2132,#2133);
#1803=AXIS2_PLACEMENT_3D('',#3016,#2135,#2136);
#1804=AXIS2_PLACEMENT_3D('',#3018,#2137,#2138);
#1805=AXIS2_PLACEMENT_3D('',#3020,#2140,#2141);
#1806=AXIS2_PLACEMENT_3D('',#3024,#2144,#2145);
#1807=AXIS2_PLACEMENT_3D('',#3027,#2147,#2148);
#1808=AXIS2_PLACEMENT_3D('',#3028,#2149,#2150);
#1809=AXIS2_PLACEMENT_3D('',#3032,#2153,#2154);
#1810=AXIS2_PLACEMENT_3D('',#3035,#2156,#2157);
#1811=AXIS2_PLACEMENT_3D('',#3036,#2158,#2159);
#1812=AXIS2_PLACEMENT_3D('',#3040,#2162,#2163);
#1813=AXIS2_PLACEMENT_3D('',#3043,#2165,#2166);
#1814=AXIS2_PLACEMENT_3D('',#3044,#2167,#2168);
#1815=AXIS2_PLACEMENT_3D('',#3048,#2171,#2172);
#1816=AXIS2_PLACEMENT_3D('',#3051,#2174,#2175);
#1817=AXIS2_PLACEMENT_3D('',#3052,#2176,#2177);
#1818=AXIS2_PLACEMENT_3D('',#3056,#2180,#2181);
#1819=AXIS2_PLACEMENT_3D('',#3059,#2183,#2184);
#1820=AXIS2_PLACEMENT_3D('',#3060,#2185,#2186);
#1821=AXIS2_PLACEMENT_3D('',#3064,#2189,#2190);
#1822=AXIS2_PLACEMENT_3D('',#3067,#2192,#2193);
#1823=AXIS2_PLACEMENT_3D('',#3068,#2194,#2195);
#1824=AXIS2_PLACEMENT_3D('',#3072,#2198,#2199);
#1825=AXIS2_PLACEMENT_3D('',#3074,#2200,#2201);
#1826=AXIS2_PLACEMENT_3D('',#3076,#2203,#2204);
#1827=AXIS2_PLACEMENT_3D('',#3086,#2206,#2207);
#1828=AXIS2_PLACEMENT_3D('',#3224,#2210,#2211);
#1829=AXIS2_PLACEMENT_3D('',#3279,#2218,#2219);
#1830=AXIS2_PLACEMENT_3D('',#3281,#2220,#2221);
#1831=AXIS2_PLACEMENT_3D('',#3282,#2222,#2223);
#1832=AXIS2_PLACEMENT_3D('',#3283,#2224,#2225);
#1833=AXIS2_PLACEMENT_3D('',#3285,#2226,#2227);
#1834=AXIS2_PLACEMENT_3D('',#3286,#2228,#2229);
#1835=AXIS2_PLACEMENT_3D('',#3287,#2230,#2231);
#1836=AXIS2_PLACEMENT_3D('',#3289,#2232,#2233);
#1837=AXIS2_PLACEMENT_3D('',#3291,#2235,#2236);
#1838=AXIS2_PLACEMENT_3D('',#3295,#2238,#2239);
#1839=AXIS2_PLACEMENT_3D('',#3297,#2241,#2242);
#1840=AXIS2_PLACEMENT_3D('',#3301,#2245,#2246);
#1841=AXIS2_PLACEMENT_3D('',#3304,#2248,#2249);
#1842=AXIS2_PLACEMENT_3D('',#3305,#2250,#2251);
#1843=AXIS2_PLACEMENT_3D('',#3309,#2254,#2255);
#1844=AXIS2_PLACEMENT_3D('',#3312,#2257,#2258);
#1845=AXIS2_PLACEMENT_3D('',#3313,#2259,#2260);
#1846=AXIS2_PLACEMENT_3D('',#3317,#2263,#2264);
#1847=AXIS2_PLACEMENT_3D('',#3320,#2266,#2267);
#1848=AXIS2_PLACEMENT_3D('',#3321,#2268,#2269);
#1849=AXIS2_PLACEMENT_3D('',#3325,#2272,#2273);
#1850=AXIS2_PLACEMENT_3D('',#3328,#2275,#2276);
#1851=AXIS2_PLACEMENT_3D('',#3329,#2277,#2278);
#1852=AXIS2_PLACEMENT_3D('',#3333,#2281,#2282);
#1853=AXIS2_PLACEMENT_3D('',#3336,#2284,#2285);
#1854=AXIS2_PLACEMENT_3D('',#3337,#2286,#2287);
#1855=AXIS2_PLACEMENT_3D('',#3341,#2290,#2291);
#1856=AXIS2_PLACEMENT_3D('',#3344,#2293,#2294);
#1857=AXIS2_PLACEMENT_3D('',#3345,#2295,#2296);
#1858=AXIS2_PLACEMENT_3D('',#3349,#2299,#2300);
#1859=AXIS2_PLACEMENT_3D('',#3352,#2302,#2303);
#1860=AXIS2_PLACEMENT_3D('',#3353,#2304,#2305);
#1861=AXIS2_PLACEMENT_3D('',#3357,#2308,#2309);
#1862=AXIS2_PLACEMENT_3D('',#3361,#2311,#2312);
#1863=AXIS2_PLACEMENT_3D('',#3363,#2314,#2315);
#1864=AXIS2_PLACEMENT_3D('',#3367,#2318,#2319);
#1865=AXIS2_PLACEMENT_3D('',#3371,#2321,#2322);
#1866=AXIS2_PLACEMENT_3D('',#3373,#2324,#2325);
#1867=AXIS2_PLACEMENT_3D('',#3377,#2328,#2329);
#1868=AXIS2_PLACEMENT_3D('',#3378,#2330,#2331);
#1869=AXIS2_PLACEMENT_3D('',#3379,#2332,#2333);
#1870=AXIS2_PLACEMENT_3D('',#3383,#2335,#2336);
#1871=AXIS2_PLACEMENT_3D('',#3385,#2338,#2339);
#1872=AXIS2_PLACEMENT_3D('',#3389,#2341,#2342);
#1873=AXIS2_PLACEMENT_3D('',#3391,#2344,#2345);
#1874=AXIS2_PLACEMENT_3D('',#3395,#2348,#2349);
#1875=AXIS2_PLACEMENT_3D('',#3398,#2351,#2352);
#1876=AXIS2_PLACEMENT_3D('',#3399,#2353,#2354);
#1877=AXIS2_PLACEMENT_3D('',#3401,#2356,#2357);
#1878=AXIS2_PLACEMENT_3D('',#3405,#2360,#2361);
#1879=AXIS2_PLACEMENT_3D('',#3409,#2364,#2365);
#1880=AXIS2_PLACEMENT_3D('',#3411,#2367,#2368);
#1881=AXIS2_PLACEMENT_3D('',#3413,#2369,#2370);
#1882=AXIS2_PLACEMENT_3D('',#3415,#2372,#2373);
#1883=AXIS2_PLACEMENT_3D('',#3416,#2374,#2375);
#1884=AXIS2_PLACEMENT_3D('',#3417,#2376,#2377);
#1885=AXIS2_PLACEMENT_3D('',#3418,#2378,#2379);
#1886=AXIS2_PLACEMENT_3D('',#3419,#2380,#2381);
#1887=AXIS2_PLACEMENT_3D('',#3420,#2382,#2383);
#1888=AXIS2_PLACEMENT_3D('',#3421,#2384,#2385);
#1889=AXIS2_PLACEMENT_3D('',#3424,#2387,#2388);
#1890=AXIS2_PLACEMENT_3D('',#3425,#2389,#2390);
#1891=AXIS2_PLACEMENT_3D('',#3427,#2392,#2393);
#1892=AXIS2_PLACEMENT_3D('',#3428,#2394,#2395);
#1893=AXIS2_PLACEMENT_3D('',#3429,#2396,#2397);
#1894=AXIS2_PLACEMENT_3D('',#3430,#2398,#2399);
#1895=DIRECTION('axis',(0.,0.,1.));
#1896=DIRECTION('refdir',(1.,0.,0.));
#1897=DIRECTION('axis',(0.,0.,1.));
#1898=DIRECTION('refdir',(1.,0.,0.));
#1899=DIRECTION('center_axis',(-1.22464679914735E-16,1.,4.63502030706165E-31));
#1900=DIRECTION('ref_axis',(0.,0.,-1.));
#1901=DIRECTION('center_axis',(1.22464679914735E-16,-1.,-4.63502030706165E-31));
#1902=DIRECTION('ref_axis',(-1.,-1.22464679914735E-16,-4.82360058059701E-16));
#1903=DIRECTION('center_axis',(-1.,-1.22464679914735E-16,0.));
#1904=DIRECTION('ref_axis',(0.,0.,1.));
#1905=DIRECTION('center_axis',(-1.22464679914735E-16,1.,4.63502030706165E-31));
#1906=DIRECTION('ref_axis',(-1.,-1.22464679914735E-16,-4.82360058059701E-16));
#1907=DIRECTION('center_axis',(1.22464679914735E-16,-1.,-4.63502030706165E-31));
#1908=DIRECTION('ref_axis',(-1.,-1.22464679914735E-16,-4.82360058059701E-16));
#1909=DIRECTION('center_axis',(-1.22464679914735E-16,1.,4.63502030706165E-31));
#1910=DIRECTION('ref_axis',(-1.,-1.22464679914735E-16,-4.82360058059701E-16));
#1911=DIRECTION('center_axis',(-6.69535286834775E-17,1.,4.90278392837035E-31));
#1912=DIRECTION('ref_axis',(-1.,-6.69535286834775E-17,-4.82360058059701E-16));
#1913=DIRECTION('center_axis',(6.69535286834775E-17,-1.,-4.90278392837035E-31));
#1914=DIRECTION('ref_axis',(-1.,-6.69535286834775E-17,-4.82360058059701E-16));
#1915=DIRECTION('',(-6.69535286834775E-17,1.,4.90278392837035E-31));
#1916=DIRECTION('center_axis',(1.22464679914735E-16,-1.,-4.63502030706165E-31));
#1917=DIRECTION('ref_axis',(0.,0.,1.));
#1918=DIRECTION('center_axis',(-1.22464679914735E-16,1.,4.63502030706165E-31));
#1919=DIRECTION('ref_axis',(-1.,-1.22464679914735E-16,-4.82360058059701E-16));
#1920=DIRECTION('center_axis',(-1.,-1.22464679914735E-16,0.));
#1921=DIRECTION('ref_axis',(0.,0.,-1.));
#1922=DIRECTION('center_axis',(1.22464679914735E-16,-1.,-4.63502030706165E-31));
#1923=DIRECTION('ref_axis',(-1.,-1.22464679914735E-16,-4.82360058059701E-16));
#1924=DIRECTION('center_axis',(1.22464679914735E-16,-1.,-4.63502030706165E-31));
#1925=DIRECTION('ref_axis',(-1.,-1.22464679914735E-16,-4.82360058059701E-16));
#1926=DIRECTION('center_axis',(-1.22464679914735E-16,1.,4.63502030706165E-31));
#1927=DIRECTION('ref_axis',(-1.,-1.22464679914735E-16,-4.82360058059701E-16));
#1928=DIRECTION('center_axis',(1.22464679914735E-16,-1.,-4.63502030706165E-31));
#1929=DIRECTION('ref_axis',(-1.,-1.22464679914735E-16,-4.82360058059701E-16));
#1930=DIRECTION('',(-1.22464679914735E-16,1.,4.63502030706165E-31));
#1931=DIRECTION('center_axis',(-1.22464679914735E-16,1.,4.63502030706165E-31));
#1932=DIRECTION('ref_axis',(-1.,-1.22464679914735E-16,-4.82360058059701E-16));
#1933=DIRECTION('center_axis',(1.22464679914735E-16,-1.,8.04911692853238E-16));
#1934=DIRECTION('ref_axis',(-4.82360058059701E-16,8.04911692853238E-16,
1.));
#1935=DIRECTION('',(5.8150996103517E-16,-0.515038074910059,-0.85716730070211));
#1936=DIRECTION('center_axis',(-1.22464679914735E-16,1.,-8.04911692853238E-16));
#1937=DIRECTION('ref_axis',(-4.82360058059701E-16,8.04911692853238E-16,
1.));
#1938=DIRECTION('center_axis',(-1.22464679914735E-16,1.,-8.04911692853238E-16));
#1939=DIRECTION('ref_axis',(-4.82360058059701E-16,8.04911692853238E-16,
1.));
#1940=DIRECTION('center_axis',(-1.22464679914735E-16,1.,-8.04911692853238E-16));
#1941=DIRECTION('ref_axis',(-4.82360058059701E-16,8.04911692853238E-16,
1.));
#1942=DIRECTION('',(-1.22464679914735E-16,1.,-8.04911692853238E-16));
#1943=DIRECTION('center_axis',(1.22464679914735E-16,-1.,8.04911692853238E-16));
#1944=DIRECTION('ref_axis',(1.,1.28294258471677E-16,4.82360058059701E-16));
#1945=DIRECTION('center_axis',(1.22464679914735E-16,-1.,8.04911692853238E-16));
#1946=DIRECTION('ref_axis',(4.21127718102334E-16,-8.04911692853238E-16,
-1.));
#1947=DIRECTION('center_axis',(6.04824737974436E-16,-8.04911692853238E-16,
-1.));
#1948=DIRECTION('ref_axis',(-1.,-1.20275867317197E-16,-6.04824737974436E-16));
#1949=DIRECTION('center_axis',(-1.22464679914735E-16,1.,-8.04911692853238E-16));
#1950=DIRECTION('ref_axis',(5.12976228038385E-16,-8.04911692853238E-16,
-1.));
#1951=DIRECTION('center_axis',(-1.22464679914735E-16,1.,-8.04911692853238E-16));
#1952=DIRECTION('ref_axis',(5.12976228038385E-16,-8.04911692853238E-16,
-1.));
#1953=DIRECTION('center_axis',(-1.22464679914735E-16,1.,-8.04911692853238E-16));
#1954=DIRECTION('ref_axis',(-4.82360058059702E-16,8.04911692853238E-16,
1.));
#1955=DIRECTION('center_axis',(1.22464679914735E-16,-1.,8.04911692853238E-16));
#1956=DIRECTION('ref_axis',(5.12976228038385E-16,-8.04911692853238E-16,
-1.));
#1957=DIRECTION('',(4.49620762456144E-17,-0.978147600733805,0.207911690817761));
#1958=DIRECTION('center_axis',(1.22464679914735E-16,-1.,8.04911692853238E-16));
#1959=DIRECTION('ref_axis',(5.12976228038385E-16,-8.04911692853238E-16,
-1.));
#1960=DIRECTION('center_axis',(-1.22464679914735E-16,1.,-8.04911692853238E-16));
#1961=DIRECTION('ref_axis',(-1.,-1.22464679914735E-16,-4.82360058059701E-16));
#1962=DIRECTION('center_axis',(1.22464679914735E-16,-1.,8.04911692853238E-16));
#1963=DIRECTION('ref_axis',(1.,0.,4.82360058059702E-16));
#1964=DIRECTION('center_axis',(-6.04824737974437E-16,8.04911692853238E-16,
1.));
#1965=DIRECTION('ref_axis',(-1.,-2.02481472493247E-16,-6.04824737974437E-16));
#1966=DIRECTION('center_axis',(1.22464679914735E-16,-1.,4.02455846426619E-16));
#1967=DIRECTION('ref_axis',(-4.82360058059701E-16,4.02455846426619E-16,
1.));
#1968=DIRECTION('center_axis',(1.22464679914735E-16,-1.,-2.66286804400912E-31));
#1969=DIRECTION('ref_axis',(-1.,-1.22464679914735E-16,-4.82360058059701E-16));
#1970=DIRECTION('',(-1.81465309633718E-15,4.40558938016967E-32,-1.));
#1971=DIRECTION('center_axis',(-1.22464679914735E-16,1.,2.66286804400912E-31));
#1972=DIRECTION('ref_axis',(0.707106781186549,8.65956056235491E-17,0.707106781186546));
#1973=DIRECTION('',(1.,1.22464679914735E-16,2.52658742620014E-16));
#1974=DIRECTION('center_axis',(-1.22464679914735E-16,1.,2.66286804400912E-31));
#1975=DIRECTION('ref_axis',(-4.82360058059701E-16,-3.25358874514846E-31,
1.));
#1976=DIRECTION('',(-4.82360058059701E-16,-3.25358874514847E-31,1.));
#1977=DIRECTION('center_axis',(1.22464679914735E-16,-1.,-2.66286804400912E-31));
#1978=DIRECTION('ref_axis',(-1.,-1.22464679914735E-16,1.13250979594053E-15));
#1979=DIRECTION('',(4.82360058059701E-16,3.25358874514847E-31,-1.));
#1980=DIRECTION('center_axis',(-1.22464679914735E-16,1.,2.66286804400912E-31));
#1981=DIRECTION('ref_axis',(1.,1.22464679914735E-16,4.82360058059701E-16));
#1982=DIRECTION('',(1.,1.22464679914735E-16,2.52658742620014E-16));
#1983=DIRECTION('center_axis',(-1.22464679914735E-16,1.,2.66286804400912E-31));
#1984=DIRECTION('ref_axis',(-4.82360058059701E-16,-3.25358874514846E-31,
1.));
#1985=DIRECTION('',(-4.82360058059701E-16,-3.25358874514847E-31,1.));
#1986=DIRECTION('center_axis',(1.22464679914735E-16,-1.,-2.66286804400912E-31));
#1987=DIRECTION('ref_axis',(-1.,-1.22464679914735E-16,1.13250979594053E-15));
#1988=DIRECTION('',(4.82360058059701E-16,3.25358874514847E-31,-1.));
#1989=DIRECTION('center_axis',(-1.22464679914735E-16,1.,2.66286804400912E-31));
#1990=DIRECTION('ref_axis',(1.,1.22464679914735E-16,4.82360058059701E-16));
#1991=DIRECTION('',(1.,1.22464679914735E-16,2.52658742620014E-16));
#1992=DIRECTION('center_axis',(-1.22464679914735E-16,1.,2.66286804400912E-31));
#1993=DIRECTION('ref_axis',(-0.707106781186548,-8.65956056235494E-17,0.707106781186547));
#1994=DIRECTION('',(-1.76091637473451E-16,-2.8785181041976E-31,1.));
#1995=DIRECTION('center_axis',(-1.22464679914735E-16,1.,2.66286804400912E-31));
#1996=DIRECTION('ref_axis',(1.,1.22464679914735E-16,4.82360058059701E-16));
#1997=DIRECTION('',(4.82360058059701E-16,3.25358874514847E-31,-1.));
#1998=DIRECTION('center_axis',(-1.22464679914735E-16,1.,2.66286804400912E-31));
#1999=DIRECTION('ref_axis',(0.25,3.0616169978684E-17,-0.968245836551854));
#2000=DIRECTION('',(-1.76091637473451E-16,-2.8785181041976E-31,1.));
#2001=DIRECTION('center_axis',(-1.22464679914735E-16,1.,2.66286804400912E-31));
#2002=DIRECTION('ref_axis',(-0.707106781186547,-8.65956056235489E-17,-0.707106781186548));
#2003=DIRECTION('',(-1.,-1.22464679914735E-16,-4.82360058059701E-16));
#2004=DIRECTION('center_axis',(-1.22464679914735E-16,1.,2.66286804400912E-31));
#2005=DIRECTION('ref_axis',(4.82360058059701E-16,3.25358874514846E-31,-1.));
#2006=DIRECTION('',(4.82360058059701E-16,3.25358874514847E-31,-1.));
#2007=DIRECTION('center_axis',(1.22464679914735E-16,-1.,-2.66286804400912E-31));
#2008=DIRECTION('ref_axis',(1.,1.22464679914735E-16,4.82360058059701E-16));
#2009=DIRECTION('',(-4.82360058059701E-16,-3.25358874514847E-31,1.));
#2010=DIRECTION('center_axis',(-1.22464679914735E-16,1.,2.66286804400912E-31));
#2011=DIRECTION('ref_axis',(-1.,-1.22464679914735E-16,-4.82360058059701E-16));
#2012=DIRECTION('',(-1.,-1.22464679914735E-16,-4.82360058059701E-16));
#2013=DIRECTION('center_axis',(-1.22464679914735E-16,1.,2.66286804400912E-31));
#2014=DIRECTION('ref_axis',(4.82360058059701E-16,3.25358874514846E-31,-1.));
#2015=DIRECTION('',(4.82360058059701E-16,3.25358874514847E-31,-1.));
#2016=DIRECTION('center_axis',(1.22464679914735E-16,-1.,-2.66286804400912E-31));
#2017=DIRECTION('ref_axis',(1.,1.22464679914735E-16,4.82360058059701E-16));
#2018=DIRECTION('',(-4.82360058059701E-16,-3.25358874514847E-31,1.));
#2019=DIRECTION('center_axis',(-1.22464679914735E-16,1.,2.66286804400912E-31));
#2020=DIRECTION('ref_axis',(-1.,-1.22464679914735E-16,-4.82360058059701E-16));
#2021=DIRECTION('',(-1.,-1.22464679914735E-16,-4.82360058059701E-16));
#2022=DIRECTION('center_axis',(-1.22464679914735E-16,1.,2.66286804400912E-31));
#2023=DIRECTION('ref_axis',(0.707106781186547,8.65956056235492E-17,-0.707106781186548));
#2024=DIRECTION('',(-1.81465309633718E-15,4.40558938016967E-32,-1.));
#2025=DIRECTION('center_axis',(-1.22464679914735E-16,1.,2.66286804400912E-31));
#2026=DIRECTION('ref_axis',(-0.249999999999999,-3.06161699786834E-17,-0.968245836551855));
#2027=DIRECTION('',(-4.82360058059701E-16,-3.25358874514847E-31,1.));
#2028=DIRECTION('center_axis',(-1.22464679914735E-16,1.,2.66286804400912E-31));
#2029=DIRECTION('ref_axis',(-1.,-1.22464679914735E-16,-4.82360058059701E-16));
#2030=DIRECTION('center_axis',(-1.22464679914735E-16,1.,2.66286804400912E-31));
#2031=DIRECTION('ref_axis',(-1.,-1.22464679914735E-16,-4.82360058059701E-16));
#2032=DIRECTION('center_axis',(-1.22464679914735E-16,1.,2.66286804400912E-31));
#2033=DIRECTION('ref_axis',(-1.,-1.22464679914735E-16,-4.82360058059701E-16));
#2034=DIRECTION('center_axis',(1.22464679914735E-16,-1.,-4.63502030706165E-31));
#2035=DIRECTION('ref_axis',(-1.,-1.22464679914735E-16,-4.82360058059701E-16));
#2036=DIRECTION('',(0.707106781186549,-0.707106781186546,4.27675673651101E-16));
#2037=DIRECTION('center_axis',(6.69535286834775E-17,-1.,-4.90278392837035E-31));
#2038=DIRECTION('ref_axis',(-1.,-6.69535286834775E-17,-4.82360058059701E-16));
#2039=DIRECTION('',(0.707106781186549,-0.707106781186546,4.27675673651101E-16));
#2040=DIRECTION('center_axis',(0.707106781186555,-0.70710678118654,-1.2831535099212E-15));
#2041=DIRECTION('ref_axis',(1.81465309633718E-15,-7.88860905221012E-31,
1.));
#2042=DIRECTION('',(1.81465309633718E-15,-4.40558938016967E-32,1.));
#2043=DIRECTION('',(-0.707106781186546,-0.707106781186549,-3.41080068027551E-16));
#2044=DIRECTION('center_axis',(-0.707100291897131,0.707113212963377,-0.000285046667644743));
#2045=DIRECTION('ref_axis',(0.705453820596305,0.705468416203809,0.0681851944704034));
#2046=DIRECTION('center_axis',(-1.22464679914735E-16,1.,2.66286804400912E-31));
#2047=DIRECTION('ref_axis',(0.707106781186549,8.65956056235491E-17,0.707106781186546));
#2048=DIRECTION('center_axis',(1.22464679914735E-16,-1.,-2.66286804400912E-31));
#2049=DIRECTION('ref_axis',(0.707106781186549,8.65956056235491E-17,0.707106781186546));
#2050=DIRECTION('',(4.27675673651098E-16,-0.707106781186555,-0.70710678118654));
#2051=DIRECTION('center_axis',(-9.20611046091293E-17,-0.707106781186546,
0.707106781186549));
#2052=DIRECTION('ref_axis',(-1.,-1.22464679914735E-16,-2.52658742620014E-16));
#2053=DIRECTION('',(4.27675673651102E-16,-0.707106781186543,-0.707106781186552));
#2054=DIRECTION('',(-1.,-1.22464679914735E-16,-2.52658742620014E-16));
#2055=DIRECTION('center_axis',(-1.22464679914735E-16,1.,2.66286804400912E-31));
#2056=DIRECTION('ref_axis',(-4.82360058059701E-16,-3.25358874514846E-31,
1.));
#2057=DIRECTION('',(0.707106781186546,-0.707106781186549,3.4108006802755E-16));
#2058=DIRECTION('center_axis',(1.22464679914735E-16,-1.,-2.66286804400912E-31));
#2059=DIRECTION('ref_axis',(-4.82360058059701E-16,-3.25358874514846E-31,
1.));
#2060=DIRECTION('center_axis',(-0.707106781186549,-0.707106781186546,-3.41080068027552E-16));
#2061=DIRECTION('ref_axis',(4.82360058059701E-16,1.4791141972894E-31,-1.));
#2062=DIRECTION('',(0.707106781186559,-0.707106781186536,3.41080068027556E-16));
#2063=DIRECTION('',(4.82360058059701E-16,3.25358874514847E-31,-1.));
#2064=DIRECTION('center_axis',(1.22464679914735E-16,-1.,-2.66286804400912E-31));
#2065=DIRECTION('ref_axis',(-1.,-1.22464679914735E-16,1.13250979594053E-15));
#2066=DIRECTION('',(-0.707106781186546,-0.707106781186549,-3.41080068027551E-16));
#2067=DIRECTION('center_axis',(-1.22464679914735E-16,1.,2.66286804400912E-31));
#2068=DIRECTION('ref_axis',(-1.,-1.22464679914735E-16,1.13250979594053E-15));
#2069=DIRECTION('center_axis',(0.707106781186549,-0.707106781186546,3.41080068027552E-16));
#2070=DIRECTION('ref_axis',(-4.82360058059701E-16,-1.97215226305253E-31,
1.));
#2071=DIRECTION('',(-0.707106781186546,-0.707106781186549,-3.41080068027551E-16));
#2072=DIRECTION('',(-4.82360058059701E-16,-3.25358874514847E-31,1.));
#2073=DIRECTION('center_axis',(-1.22464679914735E-16,1.,2.66286804400912E-31));
#2074=DIRECTION('ref_axis',(1.,1.22464679914735E-16,4.82360058059701E-16));
#2075=DIRECTION('',(4.27675673651086E-16,-0.707106781186587,-0.707106781186508));
#2076=DIRECTION('center_axis',(1.22464679914735E-16,-1.,-2.66286804400912E-31));
#2077=DIRECTION('ref_axis',(1.,1.22464679914735E-16,4.82360058059701E-16));
#2078=DIRECTION('center_axis',(-9.20611046091293E-17,-0.707106781186546,
0.707106781186549));
#2079=DIRECTION('ref_axis',(-1.,-1.22464679914735E-16,-2.52658742620014E-16));
#2080=DIRECTION('',(4.27675673651102E-16,-0.707106781186543,-0.707106781186552));
#2081=DIRECTION('',(-1.,-1.22464679914735E-16,-2.52658742620014E-16));
#2082=DIRECTION('center_axis',(-1.22464679914735E-16,1.,2.66286804400912E-31));
#2083=DIRECTION('ref_axis',(-4.82360058059701E-16,-3.25358874514846E-31,
1.));
#2084=DIRECTION('',(0.707106781186546,-0.707106781186549,3.4108006802755E-16));
#2085=DIRECTION('center_axis',(1.22464679914735E-16,-1.,-2.66286804400912E-31));
#2086=DIRECTION('ref_axis',(-4.82360058059701E-16,-3.25358874514846E-31,
1.));
#2087=DIRECTION('center_axis',(-0.707106781186549,-0.707106781186546,-3.41080068027552E-16));
#2088=DIRECTION('ref_axis',(4.82360058059701E-16,1.4791141972894E-31,-1.));
#2089=DIRECTION('',(0.70710678118655,-0.707106781186545,3.41080068027552E-16));
#2090=DIRECTION('',(4.82360058059701E-16,3.25358874514847E-31,-1.));
#2091=DIRECTION('center_axis',(1.22464679914735E-16,-1.,-2.66286804400912E-31));
#2092=DIRECTION('ref_axis',(-1.,-1.22464679914735E-16,1.13250979594053E-15));
#2093=DIRECTION('',(-0.707106781186546,-0.707106781186549,-3.41080068027551E-16));
#2094=DIRECTION('center_axis',(-1.22464679914735E-16,1.,2.66286804400912E-31));
#2095=DIRECTION('ref_axis',(-1.,-1.22464679914735E-16,1.13250979594053E-15));
#2096=DIRECTION('center_axis',(0.707106781186549,-0.707106781186546,3.41080068027552E-16));
#2097=DIRECTION('ref_axis',(-4.82360058059701E-16,-1.97215226305253E-31,
1.));
#2098=DIRECTION('',(-0.707106781186546,-0.707106781186549,-3.41080068027551E-16));
#2099=DIRECTION('',(-4.82360058059701E-16,-3.25358874514847E-31,1.));
#2100=DIRECTION('center_axis',(-1.22464679914735E-16,1.,2.66286804400912E-31));
#2101=DIRECTION('ref_axis',(1.,1.22464679914735E-16,4.82360058059701E-16));
#2102=DIRECTION('',(4.276756736511E-16,-0.707106781186549,-0.707106781186546));
#2103=DIRECTION('center_axis',(1.22464679914735E-16,-1.,-2.66286804400912E-31));
#2104=DIRECTION('ref_axis',(1.,1.22464679914735E-16,4.82360058059701E-16));
#2105=DIRECTION('center_axis',(-9.20611046091293E-17,-0.707106781186546,
0.707106781186549));
#2106=DIRECTION('ref_axis',(-1.,-1.22464679914735E-16,-2.52658742620014E-16));
#2107=DIRECTION('',(4.27675673651102E-16,-0.707106781186543,-0.707106781186552));
#2108=DIRECTION('',(-1.,-1.22464679914735E-16,-2.52658742620014E-16));
#2109=DIRECTION('center_axis',(-1.22464679914735E-16,1.,2.66286804400912E-31));
#2110=DIRECTION('ref_axis',(-0.707106781186548,-8.65956056235494E-17,0.707106781186547));
#2111=DIRECTION('center_axis',(1.22464679914735E-16,-1.,-2.66286804400912E-31));
#2112=DIRECTION('ref_axis',(-0.707106781186548,-8.65956056235494E-17,0.707106781186547));
#2113=DIRECTION('',(0.707106781186553,-0.707106781186542,3.41080068027553E-16));
#2114=DIRECTION('center_axis',(-0.707106781186549,-0.707106781186546,-1.24515590967721E-16));
#2115=DIRECTION('ref_axis',(1.76091637473451E-16,3.94430452610506E-31,-1.));
#2116=DIRECTION('',(1.76091637473451E-16,2.8785181041976E-31,-1.));
#2117=DIRECTION('center_axis',(0.707099842973075,0.707113653694942,-0.000304673007906793));
#2118=DIRECTION('ref_axis',(0.705558522104021,-0.705573171476079,-0.065982358093486));
#2119=DIRECTION('',(0.698150780494802,0.715950757869911,-5.86602980525103E-15));
#2120=DIRECTION('',(0.698150780494801,-0.715950757869911,-5.86602980525103E-15));
#2121=DIRECTION('center_axis',(0.707106781186555,-0.70710678118654,-1.2831535099212E-15));
#2122=DIRECTION('ref_axis',(1.81465309633718E-15,-7.88860905221012E-31,
1.));
#2123=DIRECTION('',(-0.70710678118654,-0.707106781186555,-3.41080068027548E-16));
#2124=DIRECTION('',(-1.81465309633718E-15,4.40558938016967E-32,-1.));
#2125=DIRECTION('',(0.707106781186546,0.707106781186549,6.62144990276266E-15));
#2126=DIRECTION('',(1.81465309633718E-15,-4.40558938016967E-32,1.));
#2127=DIRECTION('',(0.,0.,1.));
#2128=DIRECTION('center_axis',(-0.707106781186549,-0.707106781186546,-1.24515590967721E-16));
#2129=DIRECTION('ref_axis',(1.76091637473451E-16,3.94430452610506E-31,-1.));
#2130=DIRECTION('',(1.76091637473451E-16,2.8785181041976E-31,-1.));
#2131=DIRECTION('',(0.707106781186546,-0.707106781186549,3.4108006802755E-16));
#2132=DIRECTION('center_axis',(0.707100291805529,0.70711321305335,0.000285050703491316));
#2133=DIRECTION('ref_axis',(0.705453817112787,-0.705468412956443,0.0681852641097452));
#2134=DIRECTION('',(-0.698150780494795,0.715950757869917,-3.36760051013894E-16));
#2135=DIRECTION('center_axis',(-1.22464679914735E-16,1.,2.66286804400912E-31));
#2136=DIRECTION('ref_axis',(-0.707106781186547,-8.65956056235489E-17,-0.707106781186548));
#2137=DIRECTION('center_axis',(1.22464679914735E-16,-1.,-2.66286804400912E-31));
#2138=DIRECTION('ref_axis',(-0.707106781186547,-8.65956056235489E-17,-0.707106781186548));
#2139=DIRECTION('',(-2.54484462404001E-16,-0.707106781186549,0.707106781186546));
#2140=DIRECTION('center_axis',(4.27675673651101E-16,-0.707106781186546,
-0.707106781186549));
#2141=DIRECTION('ref_axis',(1.,1.22464679914735E-16,4.82360058059701E-16));
#2142=DIRECTION('',(-2.54484462404001E-16,-0.707106781186549,0.707106781186546));
#2143=DIRECTION('',(1.,1.22464679914735E-16,4.82360058059701E-16));
#2144=DIRECTION('center_axis',(-1.22464679914735E-16,1.,2.66286804400912E-31));
#2145=DIRECTION('ref_axis',(4.82360058059701E-16,3.25358874514846E-31,-1.));
#2146=DIRECTION('',(-0.707106781186546,-0.707106781186549,-3.41080068027551E-16));
#2147=DIRECTION('center_axis',(1.22464679914735E-16,-1.,-2.66286804400912E-31));
#2148=DIRECTION('ref_axis',(4.82360058059701E-16,3.25358874514846E-31,-1.));
#2149=DIRECTION('center_axis',(0.707106781186549,-0.707106781186546,3.41080068027552E-16));
#2150=DIRECTION('ref_axis',(-4.82360058059701E-16,-1.97215226305253E-31,
1.));
#2151=DIRECTION('',(-0.707106781186546,-0.707106781186549,-3.41080068027551E-16));
#2152=DIRECTION('',(-4.82360058059701E-16,-3.25358874514847E-31,1.));
#2153=DIRECTION('center_axis',(1.22464679914735E-16,-1.,-2.66286804400912E-31));
#2154=DIRECTION('ref_axis',(1.,1.22464679914735E-16,4.82360058059701E-16));
#2155=DIRECTION('',(0.707106781186546,-0.707106781186549,3.4108006802755E-16));
#2156=DIRECTION('center_axis',(-1.22464679914735E-16,1.,2.66286804400912E-31));
#2157=DIRECTION('ref_axis',(1.,1.22464679914735E-16,4.82360058059701E-16));
#2158=DIRECTION('center_axis',(-0.707106781186549,-0.707106781186546,-3.41080068027552E-16));
#2159=DIRECTION('ref_axis',(4.82360058059701E-16,1.4791141972894E-31,-1.));
#2160=DIRECTION('',(0.707106781186546,-0.707106781186549,3.4108006802755E-16));
#2161=DIRECTION('',(4.82360058059701E-16,3.25358874514847E-31,-1.));
#2162=DIRECTION('center_axis',(-1.22464679914735E-16,1.,2.66286804400912E-31));
#2163=DIRECTION('ref_axis',(-1.,-1.22464679914735E-16,-4.82360058059701E-16));
#2164=DIRECTION('',(-2.54484462404001E-16,-0.707106781186549,0.707106781186546));
#2165=DIRECTION('center_axis',(1.22464679914735E-16,-1.,-2.66286804400912E-31));
#2166=DIRECTION('ref_axis',(-1.,-1.22464679914735E-16,-4.82360058059701E-16));
#2167=DIRECTION('center_axis',(4.27675673651101E-16,-0.707106781186546,
-0.707106781186549));
#2168=DIRECTION('ref_axis',(1.,1.22464679914735E-16,4.82360058059701E-16));
#2169=DIRECTION('',(-2.54484462404001E-16,-0.707106781186549,0.707106781186546));
#2170=DIRECTION('',(1.,1.22464679914735E-16,4.82360058059701E-16));
#2171=DIRECTION('center_axis',(-1.22464679914735E-16,1.,2.66286804400912E-31));
#2172=DIRECTION('ref_axis',(4.82360058059701E-16,3.25358874514846E-31,-1.));
#2173=DIRECTION('',(-0.707106781186546,-0.707106781186549,-3.41080068027551E-16));
#2174=DIRECTION('center_axis',(1.22464679914735E-16,-1.,-2.66286804400912E-31));
#2175=DIRECTION('ref_axis',(4.82360058059701E-16,3.25358874514846E-31,-1.));
#2176=DIRECTION('center_axis',(0.707106781186549,-0.707106781186546,3.41080068027552E-16));
#2177=DIRECTION('ref_axis',(-4.82360058059701E-16,-1.97215226305253E-31,
1.));
#2178=DIRECTION('',(-0.707106781186549,-0.707106781186546,-3.41080068027552E-16));
#2179=DIRECTION('',(-4.82360058059701E-16,-3.25358874514847E-31,1.));
#2180=DIRECTION('center_axis',(1.22464679914735E-16,-1.,-2.66286804400912E-31));
#2181=DIRECTION('ref_axis',(1.,1.22464679914735E-16,4.82360058059701E-16));
#2182=DIRECTION('',(0.707106781186546,-0.707106781186549,3.4108006802755E-16));
#2183=DIRECTION('center_axis',(-1.22464679914735E-16,1.,2.66286804400912E-31));
#2184=DIRECTION('ref_axis',(1.,1.22464679914735E-16,4.82360058059701E-16));
#2185=DIRECTION('center_axis',(-0.707106781186549,-0.707106781186546,-3.41080068027552E-16));
#2186=DIRECTION('ref_axis',(4.82360058059701E-16,1.4791141972894E-31,-1.));
#2187=DIRECTION('',(0.707106781186546,-0.707106781186549,3.4108006802755E-16));
#2188=DIRECTION('',(4.82360058059701E-16,3.25358874514847E-31,-1.));
#2189=DIRECTION('center_axis',(-1.22464679914735E-16,1.,2.66286804400912E-31));
#2190=DIRECTION('ref_axis',(-1.,-1.22464679914735E-16,-4.82360058059701E-16));
#2191=DIRECTION('',(-2.54484462403978E-16,-0.707106781186587,0.707106781186508));
#2192=DIRECTION('center_axis',(1.22464679914735E-16,-1.,-2.66286804400912E-31));
#2193=DIRECTION('ref_axis',(-1.,-1.22464679914735E-16,-4.82360058059701E-16));
#2194=DIRECTION('center_axis',(4.27675673651101E-16,-0.707106781186546,
-0.707106781186549));
#2195=DIRECTION('ref_axis',(1.,1.22464679914735E-16,4.82360058059701E-16));
#2196=DIRECTION('',(-2.54484462404001E-16,-0.707106781186549,0.707106781186546));
#2197=DIRECTION('',(1.,1.22464679914735E-16,4.82360058059701E-16));
#2198=DIRECTION('center_axis',(-1.22464679914735E-16,1.,2.66286804400912E-31));
#2199=DIRECTION('ref_axis',(0.707106781186547,8.65956056235492E-17,-0.707106781186548));
#2200=DIRECTION('center_axis',(1.22464679914735E-16,-1.,-2.66286804400912E-31));
#2201=DIRECTION('ref_axis',(0.707106781186547,8.65956056235492E-17,-0.707106781186548));
#2202=DIRECTION('',(-0.707106781186546,-0.707106781186549,-3.41080068027551E-16));
#2203=DIRECTION('center_axis',(0.707106781186555,-0.70710678118654,-1.2831535099212E-15));
#2204=DIRECTION('ref_axis',(1.81465309633718E-15,-7.88860905221012E-31,
1.));
#2205=DIRECTION('',(1.81465309633718E-15,-4.40558938016967E-32,1.));
#2206=DIRECTION('center_axis',(-0.707099842968829,0.707113653699089,0.000304673238340253));
#2207=DIRECTION('ref_axis',(0.705558528169651,0.70557317749902,-0.0659822288272511));
#2208=DIRECTION('',(-0.698150780494801,-0.715950757869911,5.86602980525103E-15));
#2209=DIRECTION('',(0.,0.,1.));
#2210=DIRECTION('center_axis',(-0.707106781186542,-0.707106781186553,-1.2451559096772E-16));
#2211=DIRECTION('ref_axis',(1.76091637473451E-16,5.66993775627602E-31,-1.));
#2212=DIRECTION('',(0.707106781186553,-0.707106781186542,3.41080068027553E-16));
#2213=DIRECTION('',(-1.76091637473451E-16,-2.8785181041976E-31,1.));
#2214=DIRECTION('',(-0.707106781186553,0.707106781186542,-3.41080068027553E-16));
#2215=DIRECTION('',(1.76091637473451E-16,2.8785181041976E-31,-1.));
#2216=DIRECTION('',(0.,0.,-1.));
#2217=DIRECTION('',(0.,0.,-1.));
#2218=DIRECTION('center_axis',(1.22464679914735E-16,-1.,-2.66286804400912E-31));
#2219=DIRECTION('ref_axis',(1.,0.,3.09633428084494E-15));
#2220=DIRECTION('center_axis',(1.32772408537779E-14,-1.77635683940025E-14,
1.));
#2221=DIRECTION('ref_axis',(-1.22464679914744E-16,1.,1.77635683940025E-14));
#2222=DIRECTION('center_axis',(-1.22464679914735E-16,1.,2.66286804400912E-31));
#2223=DIRECTION('ref_axis',(1.,1.22464679914735E-16,3.00855309341063E-15));
#2224=DIRECTION('center_axis',(1.22464679914735E-16,-1.,-2.66286804400912E-31));
#2225=DIRECTION('ref_axis',(-1.,0.,2.21166734346067E-15));
#2226=DIRECTION('center_axis',(-1.22464679914735E-16,1.,2.66286804400912E-31));
#2227=DIRECTION('ref_axis',(-1.,-1.22464679914735E-16,2.04383297729122E-15));
#2228=DIRECTION('center_axis',(-1.42419609698973E-14,-1.77635683940025E-14,
1.));
#2229=DIRECTION('ref_axis',(0.968245836551854,0.25,1.82306115119377E-14));
#2230=DIRECTION('center_axis',(1.22464679914735E-16,-1.,-2.66286804400912E-31));
#2231=DIRECTION('ref_axis',(1.,1.22464679914735E-16,4.82360058059701E-16));
#2232=DIRECTION('center_axis',(-1.22464679914735E-16,1.,2.66286804400912E-31));
#2233=DIRECTION('ref_axis',(-1.,-1.22464679914735E-16,-8.06093916411246E-15));
#2234=DIRECTION('',(4.82360058059701E-16,3.25358874514847E-31,-1.));
#2235=DIRECTION('center_axis',(-1.22464679914735E-16,1.,2.66286804400912E-31));
#2236=DIRECTION('ref_axis',(0.707106781186547,8.65956056235492E-17,-0.707106781186548));
#2237=DIRECTION('',(-1.22464679914735E-16,1.,2.66286804400912E-31));
#2238=DIRECTION('center_axis',(1.22464679914735E-16,-1.,-5.62109643858792E-31));
#2239=DIRECTION('ref_axis',(0.707106781186547,8.65956056235495E-17,-0.707106781186548));
#2240=DIRECTION('',(1.22464679914735E-16,-1.,-2.66286804400912E-31));
#2241=DIRECTION('center_axis',(4.82360058059701E-16,3.25358874514847E-31,
-1.));
#2242=DIRECTION('ref_axis',(-1.,-1.22464679914735E-16,-4.82360058059701E-16));
#2243=DIRECTION('',(1.22464679914735E-16,-1.,-2.66286804400912E-31));
#2244=DIRECTION('',(-1.,-1.22464679914735E-16,-4.82360058059701E-16));
#2245=DIRECTION('center_axis',(-1.22464679914735E-16,1.,2.66286804400912E-31));
#2246=DIRECTION('ref_axis',(-1.,-1.22464679914735E-16,-4.82360058059701E-16));
#2247=DIRECTION('',(-1.22464679914735E-16,1.,2.66286804400912E-31));
#2248=DIRECTION('center_axis',(-1.22464679914735E-16,1.,5.62109643858792E-31));
#2249=DIRECTION('ref_axis',(-1.,-1.22464679914735E-16,-4.82360058059701E-16));
#2250=DIRECTION('center_axis',(1.,1.22464679914735E-16,4.82360058059701E-16));
#2251=DIRECTION('ref_axis',(4.82360058059701E-16,3.25358874514847E-31,-1.));
#2252=DIRECTION('',(-1.22464679914735E-16,1.,2.66286804400912E-31));
#2253=DIRECTION('',(-4.82360058059701E-16,-6.21181713972726E-31,1.));
#2254=DIRECTION('center_axis',(-1.22464679914735E-16,1.,2.66286804400912E-31));
#2255=DIRECTION('ref_axis',(1.,1.22464679914735E-16,4.82360058059701E-16));
#2256=DIRECTION('',(-1.22464679914735E-16,1.,2.66286804400912E-31));
#2257=DIRECTION('center_axis',(1.22464679914735E-16,-1.,-5.62109643858792E-31));
#2258=DIRECTION('ref_axis',(1.,1.22464679914735E-16,4.82360058059701E-16));
#2259=DIRECTION('center_axis',(-1.,-1.22464679914735E-16,-4.82360058059701E-16));
#2260=DIRECTION('ref_axis',(-4.82360058059701E-16,-3.25358874514847E-31,
1.));
#2261=DIRECTION('',(-1.22464679914735E-16,1.,2.66286804400912E-31));
#2262=DIRECTION('',(4.82360058059701E-16,6.21181713972726E-31,-1.));
#2263=DIRECTION('center_axis',(-1.22464679914735E-16,1.,2.66286804400912E-31));
#2264=DIRECTION('ref_axis',(4.82360058059701E-16,3.25358874514846E-31,-1.));
#2265=DIRECTION('',(1.22464679914735E-16,-1.,-2.66286804400912E-31));
#2266=DIRECTION('center_axis',(-1.22464679914735E-16,1.,5.62109643858792E-31));
#2267=DIRECTION('ref_axis',(4.82360058059701E-16,6.21181713972726E-31,-1.));
#2268=DIRECTION('center_axis',(4.82360058059701E-16,3.25358874514847E-31,
-1.));
#2269=DIRECTION('ref_axis',(-1.,-1.22464679914735E-16,-4.82360058059701E-16));
#2270=DIRECTION('',(1.22464679914735E-16,-1.,-2.66286804400912E-31));
#2271=DIRECTION('',(-1.,-1.22464679914735E-16,-4.82360058059701E-16));
#2272=DIRECTION('center_axis',(-1.22464679914735E-16,1.,2.66286804400912E-31));
#2273=DIRECTION('ref_axis',(-1.,-1.22464679914735E-16,-4.82360058059701E-16));
#2274=DIRECTION('',(-1.22464679914735E-16,1.,2.66286804400912E-31));
#2275=DIRECTION('center_axis',(-1.22464679914735E-16,1.,5.62109643858792E-31));
#2276=DIRECTION('ref_axis',(-1.,-1.22464679914735E-16,-4.82360058059701E-16));
#2277=DIRECTION('center_axis',(1.,1.22464679914735E-16,4.82360058059701E-16));
#2278=DIRECTION('ref_axis',(4.82360058059701E-16,3.25358874514847E-31,-1.));
#2279=DIRECTION('',(-1.22464679914735E-16,1.,2.66286804400912E-31));
#2280=DIRECTION('',(-4.82360058059701E-16,-6.21181713972726E-31,1.));
#2281=DIRECTION('center_axis',(-1.22464679914735E-16,1.,2.66286804400912E-31));
#2282=DIRECTION('ref_axis',(1.,1.22464679914735E-16,4.82360058059701E-16));
#2283=DIRECTION('',(-1.22464679914735E-16,1.,2.66286804400912E-31));
#2284=DIRECTION('center_axis',(1.22464679914735E-16,-1.,-5.62109643858792E-31));
#2285=DIRECTION('ref_axis',(1.,1.22464679914735E-16,4.82360058059701E-16));
#2286=DIRECTION('center_axis',(-1.,-1.22464679914735E-16,-4.82360058059701E-16));
#2287=DIRECTION('ref_axis',(-4.82360058059701E-16,-3.25358874514847E-31,
1.));
#2288=DIRECTION('',(-1.22464679914735E-16,1.,2.66286804400912E-31));
#2289=DIRECTION('',(4.82360058059701E-16,6.21181713972726E-31,-1.));
#2290=DIRECTION('center_axis',(-1.22464679914735E-16,1.,2.66286804400912E-31));
#2291=DIRECTION('ref_axis',(4.82360058059701E-16,3.25358874514846E-31,-1.));
#2292=DIRECTION('',(1.22464679914735E-16,-1.,-2.66286804400912E-31));
#2293=DIRECTION('center_axis',(-1.22464679914735E-16,1.,5.62109643858792E-31));
#2294=DIRECTION('ref_axis',(4.82360058059701E-16,6.21181713972726E-31,-1.));
#2295=DIRECTION('center_axis',(4.82360058059701E-16,3.25358874514847E-31,
-1.));
#2296=DIRECTION('ref_axis',(-1.,-1.22464679914735E-16,-4.82360058059701E-16));
#2297=DIRECTION('',(1.22464679914735E-16,-1.,-2.66286804400912E-31));
#2298=DIRECTION('',(-1.,-1.22464679914735E-16,-4.82360058059701E-16));
#2299=DIRECTION('center_axis',(-1.22464679914735E-16,1.,2.66286804400912E-31));
#2300=DIRECTION('ref_axis',(-0.707106781186547,-8.65956056235489E-17,-0.707106781186548));
#2301=DIRECTION('',(-1.22464679914735E-16,1.,2.66286804400912E-31));
#2302=DIRECTION('center_axis',(1.22464679914735E-16,-1.,-5.62109643858792E-31));
#2303=DIRECTION('ref_axis',(-0.707106781186547,-8.65956056235487E-17,-0.707106781186548));
#2304=DIRECTION('center_axis',(-1.,-1.22464679914735E-16,-1.76091637473451E-16));
#2305=DIRECTION('ref_axis',(-1.76091637473451E-16,-2.8785181041976E-31,
1.));
#2306=DIRECTION('',(1.22464679914735E-16,-1.,-2.66286804400912E-31));
#2307=DIRECTION('',(-1.76091637473451E-16,-5.83674649877639E-31,1.));
#2308=DIRECTION('center_axis',(-1.22464679914735E-16,1.,2.66286804400912E-31));
#2309=DIRECTION('ref_axis',(-4.82360058059701E-16,-3.25358874514846E-31,
1.));
#2310=DIRECTION('',(1.22464679914735E-16,-1.,-2.66286804400912E-31));
#2311=DIRECTION('center_axis',(-1.22464679914735E-16,1.,5.62109643858792E-31));
#2312=DIRECTION('ref_axis',(-4.82360058059701E-16,-6.21181713972726E-31,
1.));
#2313=DIRECTION('',(-1.22464679914735E-16,1.,2.66286804400912E-31));
#2314=DIRECTION('center_axis',(1.,1.22464679914735E-16,4.82360058059701E-16));
#2315=DIRECTION('ref_axis',(4.82360058059701E-16,3.25358874514847E-31,-1.));
#2316=DIRECTION('',(-4.82360058059701E-16,-6.21181713972726E-31,1.));
#2317=DIRECTION('',(-1.22464679914735E-16,1.,2.66286804400912E-31));
#2318=DIRECTION('center_axis',(-1.22464679914735E-16,1.,2.66286804400912E-31));
#2319=DIRECTION('ref_axis',(1.,1.22464679914735E-16,4.82360058059701E-16));
#2320=DIRECTION('',(-1.22464679914735E-16,1.,2.66286804400912E-31));
#2321=DIRECTION('center_axis',(-1.22464679914735E-16,1.,5.62109643858792E-31));
#2322=DIRECTION('ref_axis',(1.,1.22464679914735E-16,4.82360058059701E-16));
#2323=DIRECTION('',(1.22464679914735E-16,-1.,-2.66286804400912E-31));
#2324=DIRECTION('center_axis',(-1.,-1.22464679914735E-16,-4.82360058059701E-16));
#2325=DIRECTION('ref_axis',(-4.82360058059701E-16,-3.25358874514847E-31,
1.));
#2326=DIRECTION('',(-1.22464679914735E-16,1.,2.66286804400912E-31));
#2327=DIRECTION('',(4.82360058059701E-16,6.21181713972726E-31,-1.));
#2328=DIRECTION('center_axis',(-1.22464679914735E-16,1.,2.66286804400912E-31));
#2329=DIRECTION('ref_axis',(-1.,-1.22464679914735E-16,1.13250979594053E-15));
#2330=DIRECTION('center_axis',(1.22464679914735E-16,-1.,-5.62109643858792E-31));
#2331=DIRECTION('ref_axis',(-1.,-1.22464679914735E-16,1.13250979594053E-15));
#2332=DIRECTION('center_axis',(-1.22464679914735E-16,1.,2.66286804400912E-31));
#2333=DIRECTION('ref_axis',(-4.82360058059701E-16,-3.25358874514846E-31,
1.));
#2334=DIRECTION('',(1.22464679914735E-16,-1.,-2.66286804400912E-31));
#2335=DIRECTION('center_axis',(-1.22464679914735E-16,1.,5.62109643858792E-31));
#2336=DIRECTION('ref_axis',(-4.82360058059701E-16,-6.21181713972726E-31,
1.));
#2337=DIRECTION('',(-1.22464679914735E-16,1.,2.66286804400912E-31));
#2338=DIRECTION('center_axis',(-1.22464679914735E-16,1.,2.66286804400912E-31));
#2339=DIRECTION('ref_axis',(1.,1.22464679914735E-16,4.82360058059701E-16));
#2340=DIRECTION('',(-1.22464679914735E-16,1.,2.66286804400912E-31));
#2341=DIRECTION('center_axis',(-1.22464679914735E-16,1.,5.62109643858792E-31));
#2342=DIRECTION('ref_axis',(1.,1.22464679914735E-16,4.82360058059701E-16));
#2343=DIRECTION('',(1.22464679914735E-16,-1.,-2.66286804400912E-31));
#2344=DIRECTION('center_axis',(-1.,-1.22464679914735E-16,-4.82360058059701E-16));
#2345=DIRECTION('ref_axis',(-4.82360058059701E-16,-3.25358874514847E-31,
1.));
#2346=DIRECTION('',(-1.22464679914735E-16,1.,2.66286804400912E-31));
#2347=DIRECTION('',(4.82360058059701E-16,6.21181713972726E-31,-1.));
#2348=DIRECTION('center_axis',(-1.22464679914735E-16,1.,2.66286804400912E-31));
#2349=DIRECTION('ref_axis',(-1.,-1.22464679914735E-16,1.13250979594053E-15));
#2350=DIRECTION('',(-1.22464679914735E-16,1.,2.66286804400912E-31));
#2351=DIRECTION('center_axis',(1.22464679914735E-16,-1.,-5.62109643858792E-31));
#2352=DIRECTION('ref_axis',(-1.,-1.22464679914735E-16,1.13250979594053E-15));
#2353=DIRECTION('center_axis',(1.,1.22464679914735E-16,4.82360058059701E-16));
#2354=DIRECTION('ref_axis',(4.82360058059701E-16,3.25358874514847E-31,-1.));
#2355=DIRECTION('',(-4.82360058059701E-16,-6.21181713972726E-31,1.));
#2356=DIRECTION('center_axis',(-2.52658742620014E-16,-2.97228576443532E-31,
1.));
#2357=DIRECTION('ref_axis',(1.,1.22464679914735E-16,2.52658742620014E-16));
#2358=DIRECTION('',(1.22464679914735E-16,-1.,-2.66286804400912E-31));
#2359=DIRECTION('',(1.,1.22464679914735E-16,2.52658742620014E-16));
#2360=DIRECTION('center_axis',(-2.52658742620014E-16,-2.97228576443532E-31,
1.));
#2361=DIRECTION('ref_axis',(1.,1.22464679914735E-16,2.52658742620014E-16));
#2362=DIRECTION('',(1.,1.22464679914735E-16,2.52658742620014E-16));
#2363=DIRECTION('',(-1.22464679914735E-16,1.,2.66286804400912E-31));
#2364=DIRECTION('center_axis',(-2.52658742620014E-16,-2.97228576443532E-31,
1.));
#2365=DIRECTION('ref_axis',(1.,1.22464679914735E-16,2.52658742620014E-16));
#2366=DIRECTION('',(1.,1.22464679914735E-16,2.52658742620014E-16));
#2367=DIRECTION('center_axis',(4.82360058059701E-16,3.25358874514847E-31,
-1.));
#2368=DIRECTION('ref_axis',(-0.968245836551854,0.25,-4.67043117935216E-16));
#2369=DIRECTION('center_axis',(4.17611627935726E-14,-5.32907051820075E-14,
-1.));
#2370=DIRECTION('ref_axis',(-0.968245836551854,0.25,-5.37577482999428E-14));
#2371=DIRECTION('',(-4.82360058059701E-16,-3.25358874514847E-31,1.));
#2372=DIRECTION('center_axis',(1.22464679914735E-16,-1.,-2.66286804400912E-31));
#2373=DIRECTION('ref_axis',(1.,0.,-7.07733549907414E-15));
#2374=DIRECTION('center_axis',(-1.22464679914735E-16,1.,2.66286804400912E-31));
#2375=DIRECTION('ref_axis',(1.,1.22464679914735E-16,-7.09621904799305E-15));
#2376=DIRECTION('center_axis',(-1.22464679914735E-16,1.,2.66286804400912E-31));
#2377=DIRECTION('ref_axis',(-1.,-1.22464679914735E-16,-4.82360058059701E-16));
#2378=DIRECTION('center_axis',(-4.82360058059701E-16,-3.25358874514847E-31,
1.));
#2379=DIRECTION('ref_axis',(0.968245836551854,0.25,4.67043117935216E-16));
#2380=DIRECTION('center_axis',(-4.07964426774532E-14,-5.32907051820075E-14,
-1.));
#2381=DIRECTION('ref_axis',(-1.2246467991471E-16,1.,-5.32907051820075E-14));
#2382=DIRECTION('center_axis',(1.22464679914735E-16,-1.,-2.66286804400912E-31));
#2383=DIRECTION('ref_axis',(-1.,0.,-7.9620024364584E-15));
#2384=DIRECTION('center_axis',(-1.22464679914735E-16,1.,2.66286804400912E-31));
#2385=DIRECTION('ref_axis',(0.707106781186549,8.65956056235491E-17,0.707106781186546));
#2386=DIRECTION('',(-1.22464679914735E-16,1.,2.66286804400912E-31));
#2387=DIRECTION('center_axis',(1.22464679914735E-16,-1.,-5.62109643858792E-31));
#2388=DIRECTION('ref_axis',(0.707106781186549,8.65956056235489E-17,0.707106781186546));
#2389=DIRECTION('center_axis',(1.,1.22464679914735E-16,-1.81465309633718E-15));
#2390=DIRECTION('ref_axis',(-1.81465309633718E-15,4.40558938016967E-32,
-1.));
#2391=DIRECTION('',(-1.81465309633718E-15,3.39878733259576E-31,-1.));
#2392=DIRECTION('center_axis',(-1.22464679914735E-16,1.,2.66286804400912E-31));
#2393=DIRECTION('ref_axis',(-0.707106781186548,-8.65956056235494E-17,0.707106781186547));
#2394=DIRECTION('center_axis',(1.22464679914735E-16,-1.,-5.62109643858792E-31));
#2395=DIRECTION('ref_axis',(-0.707106781186548,-8.65956056235496E-17,0.707106781186547));
#2396=DIRECTION('center_axis',(-1.22464679914735E-16,1.,5.62109643858792E-31));
#2397=DIRECTION('ref_axis',(4.82360058059701E-16,6.21181713972726E-31,-1.));
#2398=DIRECTION('',(-2.2186712959341E-31,1.,-8.04911692853239E-16));
#2399=DIRECTION('',(1.,2.2186712959341E-31,-1.97215226305253E-31));
#2400=CARTESIAN_POINT('',(0.,0.,0.));
#2401=CARTESIAN_POINT('',(0.,0.,0.));
#2402=CARTESIAN_POINT('Origin',(141.5,77.5,49.5000000000001));
#2403=CARTESIAN_POINT('',(145.5,77.5,49.5000000000001));
#2404=CARTESIAN_POINT('',(141.5,77.5,53.5000000000001));
#2405=CARTESIAN_POINT('Origin',(141.5,77.5,49.5000000000001));
#2406=CARTESIAN_POINT('',(141.5,78.5,52.5000000000001));
#2407=CARTESIAN_POINT('Origin',(141.5,77.5,52.5000000000001));
#2408=CARTESIAN_POINT('Origin',(141.5,78.5,49.5000000000001));
#2409=CARTESIAN_POINT('Origin',(141.5,77.5,49.5000000000001));
#2410=CARTESIAN_POINT('Origin',(190.5,78.5,-49.5));
#2411=CARTESIAN_POINT('Origin',(141.5,68.,49.5000000000001));
#2412=CARTESIAN_POINT('',(145.5,66.309,49.5000000000001));
#2413=CARTESIAN_POINT('Origin',(141.5,66.309,49.5000000000001));
#2414=CARTESIAN_POINT('',(145.5,68.,49.5000000000001));
#2415=CARTESIAN_POINT('Origin',(190.5,77.5,-49.5));
#2416=CARTESIAN_POINT('',(190.5,78.5,-52.5));
#2417=CARTESIAN_POINT('Origin',(190.5,78.5,-49.5));
#2418=CARTESIAN_POINT('',(190.5,77.5,-53.5));
#2419=CARTESIAN_POINT('Origin',(190.5,77.5,-52.5));
#2420=CARTESIAN_POINT('',(194.5,77.5,-49.5));
#2421=CARTESIAN_POINT('Origin',(190.5,77.5,-49.5));
#2422=CARTESIAN_POINT('Origin',(190.5,77.5,-49.5));
#2423=CARTESIAN_POINT('Origin',(190.5,68.,-49.5));
#2424=CARTESIAN_POINT('',(194.5,66.309,-49.5));
#2425=CARTESIAN_POINT('Origin',(190.5,66.309,-49.5));
#2426=CARTESIAN_POINT('',(194.5,68.,-49.5));
#2427=CARTESIAN_POINT('Origin',(190.5,78.5,-49.5));
#2428=CARTESIAN_POINT('Origin',(166.,16.2017212380552,1.11812963854919E-13));
#2429=CARTESIAN_POINT('',(166.,17.4034424761103,1.10845684378858E-13));
#2430=CARTESIAN_POINT('',(166.,15.0000000000001,-3.99999999999989));
#2431=CARTESIAN_POINT('',(166.,16.2017212380552,-1.99999999999989));
#2432=CARTESIAN_POINT('Origin',(166.,15.0000000000001,1.12780243330979E-13));
#2433=CARTESIAN_POINT('Origin',(166.,7.50000000000009,1.18817081027379E-13));
#2434=CARTESIAN_POINT('',(166.,7.66053886991358E-14,-3.99999999999988));
#2435=CARTESIAN_POINT('Origin',(166.,7.99360577730113E-14,1.24853918723778E-13));
#2436=CARTESIAN_POINT('',(166.,7.50000000000009,-3.99999999999988));
#2437=CARTESIAN_POINT('Origin',(166.,3.00000000000009,1.23401716914039E-13));
#2438=CARTESIAN_POINT('',(141.308085169807,8.59181194661503E-14,1.10882171075339E-13));
#2439=CARTESIAN_POINT('Origin',(166.,8.88178419700125E-14,1.25816451992598E-13));
#2440=CARTESIAN_POINT('',(138.373642367605,2.3762649275468,1.07194664050898E-13));
#2441=CARTESIAN_POINT('Origin',(141.308085169807,3.00000000000009,1.0846743599678E-13));
#2442=CARTESIAN_POINT('',(166.,2.37626492754678,-27.6263576323948));
#2443=CARTESIAN_POINT('Origin',(166.,2.3762649275468,1.23903768567099E-13));
#2444=CARTESIAN_POINT('Origin',(166.,2.3762649275468,1.23903768567099E-13));
#2445=CARTESIAN_POINT('Origin',(166.,33.0000000000001,9.92543661284414E-14));
#2446=CARTESIAN_POINT('',(125.102545351308,64.8118675362267,4.89128296853179E-14));
#2447=CARTESIAN_POINT('',(166.,64.8118675362267,-40.8974546486918));
#2448=CARTESIAN_POINT('Origin',(166.,64.8118675362267,7.36486219770343E-14));
#2449=CARTESIAN_POINT('',(166.,33.0000000000001,-34.1356334648892));
#2450=CARTESIAN_POINT('Origin',(166.,64.8118675362267,7.36486219770343E-14));
#2451=CARTESIAN_POINT('Origin',(166.,1.06581410364015E-13,27.1212669297786));
#2452=CARTESIAN_POINT('Origin',(166.,64.5000000000001,7.38996478035645E-14));
#2453=CARTESIAN_POINT('',(123.635323950208,66.,4.7069076173097E-14));
#2454=CARTESIAN_POINT('Origin',(123.635323950208,64.5000000000001,4.82764437123768E-14));
#2455=CARTESIAN_POINT('Origin',(166.,66.,7.32959640339246E-14));
#2456=CARTESIAN_POINT('Origin',(166.,66.,7.29837138082488E-14));
#2457=CARTESIAN_POINT('',(223.5,66.,48.0000000000001));
#2458=CARTESIAN_POINT('',(223.5,66.,37.8533753843705));
#2459=CARTESIAN_POINT('',(223.5,66.,29.));
#2460=CARTESIAN_POINT('',(214.,66.,57.5000000000001));
#2461=CARTESIAN_POINT('Origin',(214.,66.,48.0000000000001));
#2462=CARTESIAN_POINT('',(212.5,66.,57.5000000000001));
#2463=CARTESIAN_POINT('',(137.,66.,57.5000000000001));
#2464=CARTESIAN_POINT('',(210.,66.,55.0000000000001));
#2465=CARTESIAN_POINT('Origin',(212.5,66.,55.0000000000001));
#2466=CARTESIAN_POINT('',(210.,66.,42.9999999999999));
#2467=CARTESIAN_POINT('',(210.,66.,27.5000000000001));
#2468=CARTESIAN_POINT('',(198.,66.,42.9999999999999));
#2469=CARTESIAN_POINT('Origin',(204.,66.,42.9999999999999));
#2470=CARTESIAN_POINT('',(198.,66.,55.0000000000001));
#2471=CARTESIAN_POINT('',(198.,66.,21.5));
#2472=CARTESIAN_POINT('',(195.5,66.,57.5000000000001));
#2473=CARTESIAN_POINT('Origin',(195.5,66.,55.0000000000001));
#2474=CARTESIAN_POINT('',(136.5,66.,57.5000000000001));
#2475=CARTESIAN_POINT('',(137.,66.,57.5000000000001));
#2476=CARTESIAN_POINT('',(134.,66.,55.));
#2477=CARTESIAN_POINT('Origin',(136.5,66.,55.));
#2478=CARTESIAN_POINT('',(134.,66.,43.0000000000002));
#2479=CARTESIAN_POINT('',(134.,66.,27.5));
#2480=CARTESIAN_POINT('',(122.,66.,43.0000000000003));
#2481=CARTESIAN_POINT('Origin',(128.,66.,43.0000000000002));
#2482=CARTESIAN_POINT('',(122.,66.,55.0000000000001));
#2483=CARTESIAN_POINT('',(122.,66.,21.5000000000002));
#2484=CARTESIAN_POINT('',(119.5,66.,57.5000000000001));
#2485=CARTESIAN_POINT('Origin',(119.5,66.,55.0000000000001));
#2486=CARTESIAN_POINT('',(118.,66.,57.5000000000001));
#2487=CARTESIAN_POINT('',(137.,66.,57.5000000000001));
#2488=CARTESIAN_POINT('',(108.5,66.,48.));
#2489=CARTESIAN_POINT('Origin',(118.,66.,48.0000000000001));
#2490=CARTESIAN_POINT('',(108.5,66.,37.8533753843704));
#2491=CARTESIAN_POINT('',(108.5,66.,-29.));
#2492=CARTESIAN_POINT('',(114.,66.,30.2540333075851));
#2493=CARTESIAN_POINT('Origin',(106.,66.,30.2540333075851));
#2494=CARTESIAN_POINT('',(114.,66.,-30.2540333075851));
#2495=CARTESIAN_POINT('',(114.,66.,15.1270166537926));
#2496=CARTESIAN_POINT('',(108.5,66.,-37.8533753843705));
#2497=CARTESIAN_POINT('Origin',(106.,66.,-30.2540333075851));
#2498=CARTESIAN_POINT('',(108.5,66.,-48.));
#2499=CARTESIAN_POINT('',(108.5,66.,-29.));
#2500=CARTESIAN_POINT('',(118.,66.,-57.4999999999999));
#2501=CARTESIAN_POINT('Origin',(118.,66.,-48.));
#2502=CARTESIAN_POINT('',(119.5,66.,-57.4999999999999));
#2503=CARTESIAN_POINT('',(195.,66.,-57.4999999999999));
#2504=CARTESIAN_POINT('',(122.,66.,-54.9999999999999));
#2505=CARTESIAN_POINT('Origin',(119.5,66.,-54.9999999999999));
#2506=CARTESIAN_POINT('',(122.,66.,-43.));
#2507=CARTESIAN_POINT('',(122.,66.,-27.4999999999999));
#2508=CARTESIAN_POINT('',(134.,66.,-43.));
#2509=CARTESIAN_POINT('Origin',(128.,66.,-43.));
#2510=CARTESIAN_POINT('',(134.,66.,-54.9999999999999));
#2511=CARTESIAN_POINT('',(134.,66.,-21.4999999999999));
#2512=CARTESIAN_POINT('',(136.5,66.,-57.4999999999999));
#2513=CARTESIAN_POINT('Origin',(136.5,66.,-54.9999999999999));
#2514=CARTESIAN_POINT('',(195.5,66.,-57.4999999999999));
#2515=CARTESIAN_POINT('',(195.,66.,-57.4999999999999));
#2516=CARTESIAN_POINT('',(198.,66.,-54.9999999999999));
#2517=CARTESIAN_POINT('Origin',(195.5,66.,-54.9999999999999));
#2518=CARTESIAN_POINT('',(198.,66.,-42.9999999999999));
#2519=CARTESIAN_POINT('',(198.,66.,-27.4999999999999));
#2520=CARTESIAN_POINT('',(210.,66.,-42.9999999999999));
#2521=CARTESIAN_POINT('Origin',(204.,66.,-42.9999999999999));
#2522=CARTESIAN_POINT('',(210.,66.,-54.9999999999999));
#2523=CARTESIAN_POINT('',(210.,66.,-21.4999999999999));
#2524=CARTESIAN_POINT('',(212.5,66.,-57.5));
#2525=CARTESIAN_POINT('Origin',(212.5,66.,-54.9999999999999));
#2526=CARTESIAN_POINT('',(214.,66.,-57.4999999999999));
#2527=CARTESIAN_POINT('',(195.,66.,-57.4999999999999));
#2528=CARTESIAN_POINT('',(223.5,66.,-47.9999999999999));
#2529=CARTESIAN_POINT('Origin',(214.,66.,-47.9999999999999));
#2530=CARTESIAN_POINT('',(223.5,66.,-37.8533753843704));
#2531=CARTESIAN_POINT('',(223.5,66.,29.));
#2532=CARTESIAN_POINT('',(218.,66.,-30.2540333075851));
#2533=CARTESIAN_POINT('Origin',(226.,66.,-30.2540333075851));
#2534=CARTESIAN_POINT('',(218.,66.,30.2540333075852));
#2535=CARTESIAN_POINT('',(218.,66.,15.1270166537926));
#2536=CARTESIAN_POINT('Origin',(226.,66.,30.2540333075852));
#2537=CARTESIAN_POINT('',(145.809,66.,49.5000000000001));
#2538=CARTESIAN_POINT('Origin',(141.5,66.,49.5000000000001));
#2539=CARTESIAN_POINT('',(194.809,66.,-49.5));
#2540=CARTESIAN_POINT('Origin',(190.5,66.,-49.5));
#2541=CARTESIAN_POINT('Origin',(190.5,66.4,-49.5));
#2542=CARTESIAN_POINT('',(194.409,66.4,-49.5));
#2543=CARTESIAN_POINT('Origin',(141.5,66.4,49.5000000000001));
#2544=CARTESIAN_POINT('',(145.409,66.4,49.5000000000001));
#2545=CARTESIAN_POINT('Origin',(223.75,66.25,29.));
#2546=CARTESIAN_POINT('',(224.,66.499999999744,38.3263329726117));
#2547=CARTESIAN_POINT('',(224.,66.5,48.0000000000001));
#2548=CARTESIAN_POINT('',(224.,66.5,29.));
#2549=CARTESIAN_POINT('',(224.,66.5,48.0000000000001));
#2550=CARTESIAN_POINT('',(223.518377184318,66.0183771843182,37.8542084161589));
#2551=CARTESIAN_POINT('Origin',(223.478116113516,65.9780408439271,37.6656626684602));
#2552=CARTESIAN_POINT('Ctrl Pts',(223.518377184318,66.018377184318,37.854208416159));
#2553=CARTESIAN_POINT('Ctrl Pts',(223.594166160924,66.0941661609236,37.9364258965499));
#2554=CARTESIAN_POINT('Ctrl Pts',(223.672158471121,66.1721584718172,38.016166807423));
#2555=CARTESIAN_POINT('Ctrl Pts',(223.836007258438,66.3360072591347,38.1755688151661));
#2556=CARTESIAN_POINT('Ctrl Pts',(223.918798399729,66.4187983997288,38.2526326689807));
#2557=CARTESIAN_POINT('Ctrl Pts',(224.,66.5,38.3263329721601));
#2558=CARTESIAN_POINT('Origin',(214.,66.25,48.0000000000001));
#2559=CARTESIAN_POINT('',(214.,66.5,58.0000000000001));
#2560=CARTESIAN_POINT('Origin',(214.,66.5,48.0000000000001));
#2561=CARTESIAN_POINT('',(214.,66.5,58.0000000000001));
#2562=CARTESIAN_POINT('Origin',(137.,66.25,57.7500000000001));
#2563=CARTESIAN_POINT('',(212.5,66.5,58.0000000000001));
#2564=CARTESIAN_POINT('',(212.5,66.5,58.0000000000001));
#2565=CARTESIAN_POINT('',(137.,66.5,58.0000000000001));
#2566=CARTESIAN_POINT('Origin',(212.5,66.25,55.0000000000001));
#2567=CARTESIAN_POINT('',(209.5,66.5,55.0000000000001));
#2568=CARTESIAN_POINT('',(209.5,66.5,55.0000000000001));
#2569=CARTESIAN_POINT('Origin',(212.5,66.5,55.0000000000001));
#2570=CARTESIAN_POINT('Origin',(209.75,66.25,27.5000000000001));
#2571=CARTESIAN_POINT('',(209.5,66.5,42.9999999999999));
#2572=CARTESIAN_POINT('',(209.5,66.5,42.9999999999999));
#2573=CARTESIAN_POINT('',(209.5,66.5,27.5000000000001));
#2574=CARTESIAN_POINT('Origin',(204.,66.25,42.9999999999999));
#2575=CARTESIAN_POINT('',(198.5,66.5,42.9999999999999));
#2576=CARTESIAN_POINT('',(198.5,66.5,42.9999999999999));
#2577=CARTESIAN_POINT('Origin',(204.,66.5,42.9999999999999));
#2578=CARTESIAN_POINT('Origin',(198.25,66.25,21.5));
#2579=CARTESIAN_POINT('',(198.5,66.5,55.0000000000001));
#2580=CARTESIAN_POINT('',(198.5,66.5,55.0000000000001));
#2581=CARTESIAN_POINT('',(198.5,66.5,21.5));
#2582=CARTESIAN_POINT('Origin',(195.5,66.25,55.0000000000001));
#2583=CARTESIAN_POINT('',(195.5,66.5,58.0000000000001));
#2584=CARTESIAN_POINT('',(195.5,66.5,58.0000000000001));
#2585=CARTESIAN_POINT('Origin',(195.5,66.5,55.0000000000001));
#2586=CARTESIAN_POINT('Origin',(137.,66.25,57.7500000000001));
#2587=CARTESIAN_POINT('',(136.5,66.5,58.0000000000001));
#2588=CARTESIAN_POINT('',(136.5,66.5,58.0000000000001));
#2589=CARTESIAN_POINT('',(137.,66.5,58.0000000000001));
#2590=CARTESIAN_POINT('Origin',(136.5,66.25,55.));
#2591=CARTESIAN_POINT('',(133.5,66.5,55.));
#2592=CARTESIAN_POINT('',(133.5,66.5,55.));
#2593=CARTESIAN_POINT('Origin',(136.5,66.5,55.));
#2594=CARTESIAN_POINT('Origin',(133.75,66.25,27.5));
#2595=CARTESIAN_POINT('',(133.5,66.5,43.0000000000002));
#2596=CARTESIAN_POINT('',(133.5,66.5,43.0000000000002));
#2597=CARTESIAN_POINT('',(133.5,66.5,27.5));
#2598=CARTESIAN_POINT('Origin',(128.,66.25,43.0000000000002));
#2599=CARTESIAN_POINT('',(122.5,66.5,43.0000000000003));
#2600=CARTESIAN_POINT('',(122.5,66.5,43.0000000000003));
#2601=CARTESIAN_POINT('Origin',(128.,66.5,43.0000000000002));
#2602=CARTESIAN_POINT('Origin',(122.25,66.25,21.5000000000002));
#2603=CARTESIAN_POINT('',(122.5,66.5,55.0000000000001));
#2604=CARTESIAN_POINT('',(122.5,66.5,55.0000000000001));
#2605=CARTESIAN_POINT('',(122.5,66.5,21.5000000000002));
#2606=CARTESIAN_POINT('Origin',(119.5,66.25,55.0000000000001));
#2607=CARTESIAN_POINT('',(119.5,66.5,58.0000000000001));
#2608=CARTESIAN_POINT('',(119.5,66.5,58.0000000000001));
#2609=CARTESIAN_POINT('Origin',(119.5,66.5,55.0000000000001));
#2610=CARTESIAN_POINT('Origin',(137.,66.25,57.7500000000001));
#2611=CARTESIAN_POINT('',(118.,66.5,58.0000000000001));
#2612=CARTESIAN_POINT('',(118.,66.5,58.0000000000001));
#2613=CARTESIAN_POINT('',(137.,66.5,58.0000000000001));
#2614=CARTESIAN_POINT('Origin',(118.,66.25,48.0000000000001));
#2615=CARTESIAN_POINT('',(108.,66.5,48.));
#2616=CARTESIAN_POINT('Origin',(118.,66.5,48.0000000000001));
#2617=CARTESIAN_POINT('',(108.,66.5,48.));
#2618=CARTESIAN_POINT('Origin',(108.25,66.25,-29.));
#2619=CARTESIAN_POINT('',(108.,66.499999999744,38.3263332141748));
#2620=CARTESIAN_POINT('',(108.,66.5,-29.));
#2621=CARTESIAN_POINT('',(108.481622815682,66.0183771843181,37.8542084161588));
#2622=CARTESIAN_POINT('Ctrl Pts',(108.,66.5,38.3263332137233));
#2623=CARTESIAN_POINT('Ctrl Pts',(108.081207384871,66.4187926151285,38.2526276170604));
#2624=CARTESIAN_POINT('Ctrl Pts',(108.164004835232,66.3359951654571,38.1755576929221));
#2625=CARTESIAN_POINT('Ctrl Pts',(108.327852602267,66.1721473984222,38.0161555247027));
#2626=CARTESIAN_POINT('Ctrl Pts',(108.405839499937,66.0941605000633,37.9364197555294));
#2627=CARTESIAN_POINT('Ctrl Pts',(108.481622815682,66.018377184318,37.8542084161588));
#2628=CARTESIAN_POINT('Origin',(108.520180299704,65.9797436483131,37.6759520527935));
#2629=CARTESIAN_POINT('Ctrl Pts',(224.,66.2113812807022,38.4584971962249));
#2630=CARTESIAN_POINT('Ctrl Pts',(224.,66.2499333117661,38.4457871664845));
#2631=CARTESIAN_POINT('Ctrl Pts',(224.,66.2870218808834,38.4316473612911));
#2632=CARTESIAN_POINT('Ctrl Pts',(224.,66.4952354392532,38.3446516639702));
#2633=CARTESIAN_POINT('Ctrl Pts',(224.,66.6798324867195,38.2181166504194));
#2634=CARTESIAN_POINT('Ctrl Pts',(224.,66.8750462602,38.0174418846894));
#2635=CARTESIAN_POINT('Ctrl Pts',(224.,67.0059091931201,37.8568572938955));
#2636=CARTESIAN_POINT('Ctrl Pts',(224.,67.0994372404907,37.6736707938825));
#2637=CARTESIAN_POINT('Ctrl Pts',(224.,67.2088540018785,37.4066499402419));
#2638=CARTESIAN_POINT('Ctrl Pts',(224.,67.2514814849553,37.1773382873742));
#2639=CARTESIAN_POINT('Ctrl Pts',(224.,67.2499606411685,36.9853895936102));
#2640=CARTESIAN_POINT('Ctrl Pts',(223.83937025098,66.1450117425863,38.2575307915243));
#2641=CARTESIAN_POINT('Ctrl Pts',(223.839292980061,66.1780677411643,38.2468470089599));
#2642=CARTESIAN_POINT('Ctrl Pts',(223.839200227554,66.2100560594137,38.2351259560041));
#2643=CARTESIAN_POINT('Ctrl Pts',(223.838669307573,66.3891697419882,38.1620764171035));
#2644=CARTESIAN_POINT('Ctrl Pts',(223.837888157788,66.5497551276451,38.0560195385136));
#2645=CARTESIAN_POINT('Ctrl Pts',(223.836780067488,66.7226361510364,37.8857589081335));
#2646=CARTESIAN_POINT('Ctrl Pts',(223.835924780744,66.8392857990572,37.7489168104564));
#2647=CARTESIAN_POINT('Ctrl Pts',(223.835108812547,66.9259374177183,37.5910115858324));
#2648=CARTESIAN_POINT('Ctrl Pts',(223.83404831879,67.0289296856451,37.3593913858516));
#2649=CARTESIAN_POINT('Ctrl Pts',(223.833390000609,67.0738259892092,37.1580374242771));
#2650=CARTESIAN_POINT('Ctrl Pts',(223.833264930007,67.0793418897113,36.9864511540429));
#2651=CARTESIAN_POINT('Ctrl Pts',(223.678742324189,66.078604560922,38.0565203708827));
#2652=CARTESIAN_POINT('Ctrl Pts',(223.678579261881,66.1063392853094,38.0480684285097));
#2653=CARTESIAN_POINT('Ctrl Pts',(223.678406237065,66.1329833380438,38.0384669649453));
#2654=CARTESIAN_POINT('Ctrl Pts',(223.677311083739,66.2836349567632,37.9801789771186));
#2655=CARTESIAN_POINT('Ctrl Pts',(223.675779609807,66.4201305614962,37.8940055567356));
#2656=CARTESIAN_POINT('Ctrl Pts',(223.673564131981,66.5701034763965,37.7540146417598));
#2657=CARTESIAN_POINT('Ctrl Pts',(223.671857146403,66.6732485932708,37.6410763653327));
#2658=CARTESIAN_POINT('Ctrl Pts',(223.670220022006,66.7523480339188,37.5083098394319));
#2659=CARTESIAN_POINT('Ctrl Pts',(223.668104770083,66.8494637126701,37.3122040623472));
#2660=CARTESIAN_POINT('Ctrl Pts',(223.666845273377,66.8971506971875,37.138179081694));
#2661=CARTESIAN_POINT('Ctrl Pts',(223.66652641178,66.9086710439596,36.987542034842));
#2662=CARTESIAN_POINT('Ctrl Pts',(223.518112572669,66.0122350744346,37.8555540265505));
#2663=CARTESIAN_POINT('Ctrl Pts',(223.517872251127,66.0344735266533,37.8491280493804));
#2664=CARTESIAN_POINT('Ctrl Pts',(223.517606456689,66.0560176631885,37.8419457483586));
#2665=CARTESIAN_POINT('Ctrl Pts',(223.515980429072,66.1775685313466,37.7976028006327));
#2666=CARTESIAN_POINT('Ctrl Pts',(223.513667763075,66.2900525814115,37.7319083308159));
#2667=CARTESIAN_POINT('Ctrl Pts',(223.510344193986,66.4176935353328,37.6223317492635));
#2668=CARTESIAN_POINT('Ctrl Pts',(223.507781916745,66.5066243952445,37.53313574469));
#2669=CARTESIAN_POINT('Ctrl Pts',(223.505328831266,66.5788483339803,37.4256506897234));
#2670=CARTESIAN_POINT('Ctrl Pts',(223.502153077719,66.6695387678141,37.264945410263));
#2671=CARTESIAN_POINT('Ctrl Pts',(223.500235184465,66.7194938570816,37.1188789831859));
#2672=CARTESIAN_POINT('Ctrl Pts',(223.499791346515,66.7380523639502,36.9886035550615));
#2673=CARTESIAN_POINT('',(223.500158419597,66.7374145123055,36.9953660107805));
#2674=CARTESIAN_POINT('Ctrl Pts',(223.518377184318,66.0183771843182,37.8542084161588));
#2675=CARTESIAN_POINT('Ctrl Pts',(223.518154629569,66.0385034450214,37.8482372765367));
#2676=CARTESIAN_POINT('Ctrl Pts',(223.517900897318,66.0580495153507,37.8417052808047));
#2677=CARTESIAN_POINT('Ctrl Pts',(223.51766679249,66.076791836935,37.834809378029));
#2678=CARTESIAN_POINT('Ctrl Pts',(223.517440124536,66.0949387659207,37.8281325393353));
#2679=CARTESIAN_POINT('Ctrl Pts',(223.517137646062,66.1135163116544,37.8206528700693));
#2680=CARTESIAN_POINT('Ctrl Pts',(223.516803439179,66.1322498843657,37.8123861605258));
#2681=CARTESIAN_POINT('Ctrl Pts',(223.516475941302,66.1506073917104,37.8042854002756));
#2682=CARTESIAN_POINT('Ctrl Pts',(223.516118025369,66.1691141836799,37.7954288491743));
#2683=CARTESIAN_POINT('Ctrl Pts',(223.515756187331,66.187522701589,37.7858779320976));
#2684=CARTESIAN_POINT('Ctrl Pts',(223.51539797316,66.2057468551537,37.7764226690314));
#2685=CARTESIAN_POINT('Ctrl Pts',(223.51503591475,66.2238741912028,37.7662870095065));
#2686=CARTESIAN_POINT('Ctrl Pts',(223.514680500038,66.2416830131403,37.7555759816701));
#2687=CARTESIAN_POINT('Ctrl Pts',(223.514324370611,66.2595276474097,37.7448434146838));
#2688=CARTESIAN_POINT('Ctrl Pts',(223.513974876012,66.2770520282253,37.7335334091682));
#2689=CARTESIAN_POINT('Ctrl Pts',(223.513627437902,66.2940590801064,37.7217947540873));
#2690=CARTESIAN_POINT('Ctrl Pts',(223.51327376029,66.3113715547838,37.7098452892266));
#2691=CARTESIAN_POINT('Ctrl Pts',(223.512922150987,66.3281475336169,37.6974519802738));
#2692=CARTESIAN_POINT('Ctrl Pts',(223.512552803576,66.3442128702778,37.6848121233915));
#2693=CARTESIAN_POINT('Ctrl Pts',(223.512310978668,66.3547314185002,37.6765363588094));
#2694=CARTESIAN_POINT('Ctrl Pts',(223.51206123957,66.3649460566637,37.6681557334309));
#2695=CARTESIAN_POINT('Ctrl Pts',(223.511794932319,66.374816546293,37.6597334275455));
#2696=CARTESIAN_POINT('Ctrl Pts',(223.511382962474,66.39008591686,37.6467043566055));
#2697=CARTESIAN_POINT('Ctrl Pts',(223.510949101697,66.4055164776654,37.6327470234151));
#2698=CARTESIAN_POINT('Ctrl Pts',(223.510512846195,66.4208486493105,37.6179588827621));
#2699=CARTESIAN_POINT('Ctrl Pts',(223.510087339956,66.4358030388116,37.6035351194205));
#2700=CARTESIAN_POINT('Ctrl Pts',(223.509659557637,66.4506633168593,37.5883211525184));
#2701=CARTESIAN_POINT('Ctrl Pts',(223.509233488794,66.4652139562177,37.572447214483));
#2702=CARTESIAN_POINT('Ctrl Pts',(223.508856846476,66.4780766347136,37.5584147478413));
#2703=CARTESIAN_POINT('Ctrl Pts',(223.508481333332,66.4906974805725,37.5438672247396));
#2704=CARTESIAN_POINT('Ctrl Pts',(223.50810040794,66.5029492239291,37.5289191908634));
#2705=CARTESIAN_POINT('Ctrl Pts',(223.507680312148,66.5164608089812,37.5124340568539));
#2706=CARTESIAN_POINT('Ctrl Pts',(223.507255410206,66.5295322771373,37.4954500777768));
#2707=CARTESIAN_POINT('Ctrl Pts',(223.506845898307,66.5420172687585,37.4781741731049));
#2708=CARTESIAN_POINT('Ctrl Pts',(223.50642996134,66.5546981445896,37.4606272168344));
#2709=CARTESIAN_POINT('Ctrl Pts',(223.506029818955,66.5667736706331,37.4427795242079));
#2710=CARTESIAN_POINT('Ctrl Pts',(223.505652682965,66.5781352702585,37.4248759675488));
#2711=CARTESIAN_POINT('Ctrl Pts',(223.505293074478,66.5889688362936,37.4078044838033));
#2712=CARTESIAN_POINT('Ctrl Pts',(223.504954157069,66.5991536309439,37.3906828304806));
#2713=CARTESIAN_POINT('Ctrl Pts',(223.504632109412,66.6086349894904,37.3737404903093));
#2714=CARTESIAN_POINT('Ctrl Pts',(223.504284913974,66.6188567201998,37.3554751712658));
#2715=CARTESIAN_POINT('Ctrl Pts',(223.50390269583,66.6289185175442,37.3362315242378));
#2716=CARTESIAN_POINT('Ctrl Pts',(223.50352606417,66.6386038570702,37.3161968539472));
#2717=CARTESIAN_POINT('Ctrl Pts',(223.50315736441,66.6480852224214,37.2965841157248));
#2718=CARTESIAN_POINT('Ctrl Pts',(223.502793993079,66.6572053460187,37.2762136254108));
#2719=CARTESIAN_POINT('Ctrl Pts',(223.502460212422,66.6657988802799,37.2552904536144));
#2720=CARTESIAN_POINT('Ctrl Pts',(223.502129496128,66.6743135192929,37.2345593726134));
#2721=CARTESIAN_POINT('Ctrl Pts',(223.501827754452,66.6823108305751,37.2132861118709));
#2722=CARTESIAN_POINT('Ctrl Pts',(223.501565583555,66.6896737633283,37.1916940810795));
#2723=CARTESIAN_POINT('Ctrl Pts',(223.501304399406,66.6970089837643,37.1701833175259));
#2724=CARTESIAN_POINT('Ctrl Pts',(223.501082363933,66.7037143807434,37.1483566579734));
#2725=CARTESIAN_POINT('Ctrl Pts',(223.500898479463,66.7097222310579,37.1264522802824));
#2726=CARTESIAN_POINT('Ctrl Pts',(223.500712006986,66.7158146364229,37.1042396183191));
#2727=CARTESIAN_POINT('Ctrl Pts',(223.500564618216,66.7211895646372,37.0819475512967));
#2728=CARTESIAN_POINT('Ctrl Pts',(223.500445483905,66.7258289101296,37.0598347429522));
#2729=CARTESIAN_POINT('Ctrl Pts',(223.500328324946,66.73039133116,37.0380885845779));
#2730=CARTESIAN_POINT('Ctrl Pts',(223.50023828295,66.734242682527,37.0165162957328));
#2731=CARTESIAN_POINT('Ctrl Pts',(223.500158419597,66.7374145123055,36.9953660107805));
#2732=CARTESIAN_POINT('',(224.,67.25,36.9953660107805));
#2733=CARTESIAN_POINT('',(223.500158419597,66.7374145123055,36.9953660107805));
#2734=CARTESIAN_POINT('Ctrl Pts',(224.,67.25,36.9953660107805));
#2735=CARTESIAN_POINT('Ctrl Pts',(224.,67.25,37.1852430225447));
#2736=CARTESIAN_POINT('Ctrl Pts',(224.,67.2075769006942,37.4097665801799));
#2737=CARTESIAN_POINT('Ctrl Pts',(224.,67.0994372404907,37.6736707938825));
#2738=CARTESIAN_POINT('Ctrl Pts',(224.,67.0059091931201,37.8568572938955));
#2739=CARTESIAN_POINT('Ctrl Pts',(224.,66.8750462602,38.0174418846894));
#2740=CARTESIAN_POINT('Ctrl Pts',(224.,66.7237158255341,38.1730057006178));
#2741=CARTESIAN_POINT('Ctrl Pts',(224.,66.6142819367176,38.257942146596));
#2742=CARTESIAN_POINT('Ctrl Pts',(224.,66.4999999996125,38.326332972392));
#2743=CARTESIAN_POINT('Ctrl Pts',(108.481887419221,66.0122352628308,37.8555539860348));
#2744=CARTESIAN_POINT('Ctrl Pts',(108.482127740223,66.0344736496963,37.8491280218973));
#2745=CARTESIAN_POINT('Ctrl Pts',(108.482393534007,66.0560177263979,37.8419457409811));
#2746=CARTESIAN_POINT('Ctrl Pts',(108.484019560945,66.177568603403,37.7976028922928));
#2747=CARTESIAN_POINT('Ctrl Pts',(108.486332229849,66.2900528033777,37.7319085553634));
#2748=CARTESIAN_POINT('Ctrl Pts',(108.489655801817,66.4176938099648,37.6223319906318));
#2749=CARTESIAN_POINT('Ctrl Pts',(108.492218080647,66.5066247210027,37.5331360209732));
#2750=CARTESIAN_POINT('Ctrl Pts',(108.494671165425,66.578848619893,37.4256509248271));
#2751=CARTESIAN_POINT('Ctrl Pts',(108.497846919216,66.6695390239295,37.2649456815728));
#2752=CARTESIAN_POINT('Ctrl Pts',(108.49976480273,66.7194938056524,37.1188791312346));
#2753=CARTESIAN_POINT('Ctrl Pts',(108.500208642303,66.7380523455302,36.9886037616439));
#2754=CARTESIAN_POINT('Ctrl Pts',(108.321257670428,66.0786047934427,38.0565203093791));
#2755=CARTESIAN_POINT('Ctrl Pts',(108.321420732327,66.1063394349953,38.048068383494));
#2756=CARTESIAN_POINT('Ctrl Pts',(108.321593756754,66.1329834132638,38.0384669469266));
#2757=CARTESIAN_POINT('Ctrl Pts',(108.322688909658,66.2836350264677,37.9801790648783));
#2758=CARTESIAN_POINT('Ctrl Pts',(108.324220386521,66.4201307804091,37.8940057778057));
#2759=CARTESIAN_POINT('Ctrl Pts',(108.326435867253,66.5701037474885,37.7540148803299));
#2760=CARTESIAN_POINT('Ctrl Pts',(108.328142854439,66.673248915101,37.6410766393142));
#2761=CARTESIAN_POINT('Ctrl Pts',(108.329779978151,66.7523483158446,37.5083100727826));
#2762=CARTESIAN_POINT('Ctrl Pts',(108.33189523072,66.8494639623588,37.31220434532));
#2763=CARTESIAN_POINT('Ctrl Pts',(108.333154718008,66.8971506444009,37.138179258899));
#2764=CARTESIAN_POINT('Ctrl Pts',(108.333473580732,66.9086710331182,36.9875422737131));
#2765=CARTESIAN_POINT('Ctrl Pts',(108.160629746294,66.1450120178435,38.2575307073312));
#2766=CARTESIAN_POINT('Ctrl Pts',(108.160707017082,66.1780679184662,38.2468469480481));
#2767=CARTESIAN_POINT('Ctrl Pts',(108.160799769323,66.2100561475874,38.2351259268384));
#2768=CARTESIAN_POINT('Ctrl Pts',(108.161330689045,66.3891698866517,38.1620765334174));
#2769=CARTESIAN_POINT('Ctrl Pts',(108.162111838814,66.5497555679709,38.0560198114148));
#2770=CARTESIAN_POINT('Ctrl Pts',(108.163219929091,66.7226366741606,37.8857591732307));
#2771=CARTESIAN_POINT('Ctrl Pts',(108.164075215816,66.8392864165628,37.7489171074074));
#2772=CARTESIAN_POINT('Ctrl Pts',(108.164891183996,66.9259379536527,37.5910118333599));
#2773=CARTESIAN_POINT('Ctrl Pts',(108.165951677353,67.0289301783476,37.3593916684896));
#2774=CARTESIAN_POINT('Ctrl Pts',(108.166609995202,67.0738259268638,37.158037630347));
#2775=CARTESIAN_POINT('Ctrl Pts',(108.166735066299,67.0793418850395,36.9864514261253));
#2776=CARTESIAN_POINT('Ctrl Pts',(108.,66.2113816000802,38.4584970910395));
#2777=CARTESIAN_POINT('Ctrl Pts',(108.,66.249933515718,38.4457870880492));
#2778=CARTESIAN_POINT('Ctrl Pts',(108.,66.2870219810644,38.4316473214777));
#2779=CARTESIAN_POINT('Ctrl Pts',(108.,66.4952355816933,38.3446517764565));
#2780=CARTESIAN_POINT('Ctrl Pts',(108.,66.6798329243183,38.2181169199224));
#2781=CARTESIAN_POINT('Ctrl Pts',(108.,66.8750467801289,38.017442147026));
#2782=CARTESIAN_POINT('Ctrl Pts',(108.,67.0059098071326,37.8568575885835));
#2783=CARTESIAN_POINT('Ctrl Pts',(108.,67.0994377727878,37.6736710396772));
#2784=CARTESIAN_POINT('Ctrl Pts',(108.,67.2088544885153,37.4066502345295));
#2785=CARTESIAN_POINT('Ctrl Pts',(108.,67.2514814212825,37.1773385225764));
#2786=CARTESIAN_POINT('Ctrl Pts',(108.,67.2499606440713,36.9853898979838));
#2787=CARTESIAN_POINT('',(108.,67.25,36.9953660107804));
#2788=CARTESIAN_POINT('Ctrl Pts',(108.,66.4999999996126,38.3263332139552));
#2789=CARTESIAN_POINT('Ctrl Pts',(108.,66.6142821304904,38.2579424413831));
#2790=CARTESIAN_POINT('Ctrl Pts',(108.,66.7237162343222,38.1730060171517));
#2791=CARTESIAN_POINT('Ctrl Pts',(108.,66.8750467801289,38.017442147026));
#2792=CARTESIAN_POINT('Ctrl Pts',(108.,67.0059098071326,37.8568575885835));
#2793=CARTESIAN_POINT('Ctrl Pts',(108.,67.0994377727878,37.6736710396772));
#2794=CARTESIAN_POINT('Ctrl Pts',(108.,67.2075774264766,37.4097667796709));
#2795=CARTESIAN_POINT('Ctrl Pts',(108.,67.25,37.1852430225444));
#2796=CARTESIAN_POINT('Ctrl Pts',(108.,67.25,36.9953660107804));
#2797=CARTESIAN_POINT('',(108.499841580403,66.7374145123055,36.9953660107804));
#2798=CARTESIAN_POINT('',(108.,67.25,36.9953660107804));
#2799=CARTESIAN_POINT('Ctrl Pts',(108.499841580403,66.7374145123055,36.9953660107804));
#2800=CARTESIAN_POINT('Ctrl Pts',(108.499760051942,66.734176551595,37.0169572677125));
#2801=CARTESIAN_POINT('Ctrl Pts',(108.49966789504,66.730230265634,37.0389883144253));
#2802=CARTESIAN_POINT('Ctrl Pts',(108.499547150521,66.7255426147101,37.0611951605995));
#2803=CARTESIAN_POINT('Ctrl Pts',(108.499428051283,66.7209188383516,37.0830994132844));
#2804=CARTESIAN_POINT('Ctrl Pts',(108.49928095869,66.7155736903115,37.1051741964344));
#2805=CARTESIAN_POINT('Ctrl Pts',(108.499095485711,66.7095255532208,37.1271684347644));
#2806=CARTESIAN_POINT('Ctrl Pts',(108.498908899372,66.703441110269,37.1492947004855));
#2807=CARTESIAN_POINT('Ctrl Pts',(108.498683291321,66.6966452012896,37.1713389054771));
#2808=CARTESIAN_POINT('Ctrl Pts',(108.498417808023,66.6892084598001,37.1930557325442));
#2809=CARTESIAN_POINT('Ctrl Pts',(108.498153753921,66.6818117530654,37.2146556498263));
#2810=CARTESIAN_POINT('Ctrl Pts',(108.497850143682,66.6737813905019,37.2359312414992));
#2811=CARTESIAN_POINT('Ctrl Pts',(108.497517874215,66.6652357745214,37.2566588881617));
#2812=CARTESIAN_POINT('Ctrl Pts',(108.49717778027,66.6564889213176,37.2778746417167));
#2813=CARTESIAN_POINT('Ctrl Pts',(108.496807550089,66.6472025483972,37.2985158533008));
#2814=CARTESIAN_POINT('Ctrl Pts',(108.496432989471,66.6375509075263,37.3183688322716));
#2815=CARTESIAN_POINT('Ctrl Pts',(108.496069721732,66.6281902604352,37.3376232504932));
#2816=CARTESIAN_POINT('Ctrl Pts',(108.495702472844,66.618486796301,37.3561362108292));
#2817=CARTESIAN_POINT('Ctrl Pts',(108.495367839413,66.6086349678932,37.3737405465807));
#2818=CARTESIAN_POINT('Ctrl Pts',(108.495028577276,66.5986468673045,37.3915883885247));
#2819=CARTESIAN_POINT('Ctrl Pts',(108.49467050194,66.5878777404267,37.409635079913));
#2820=CARTESIAN_POINT('Ctrl Pts',(108.494289428069,66.5763926916222,37.4276127814564));
#2821=CARTESIAN_POINT('Ctrl Pts',(108.493915133316,66.5651119562726,37.4452706683977));
#2822=CARTESIAN_POINT('Ctrl Pts',(108.493518522744,66.5531406670846,37.4628615112312));
#2823=CARTESIAN_POINT('Ctrl Pts',(108.493107080104,66.5405850743336,37.4801511778456));
#2824=CARTESIAN_POINT('Ctrl Pts',(108.492712170424,66.528534001745,37.4967460954682));
#2825=CARTESIAN_POINT('Ctrl Pts',(108.492303581036,66.5159450781323,37.5130633109788));
#2826=CARTESIAN_POINT('Ctrl Pts',(108.491899518624,66.5029492320996,37.5289192061358));
#2827=CARTESIAN_POINT('Ctrl Pts',(108.491469928567,66.4891323412619,37.5457768367946));
#2828=CARTESIAN_POINT('Ctrl Pts',(108.491046972734,66.4748453867272,37.5621244471083));
#2829=CARTESIAN_POINT('Ctrl Pts',(108.490622063532,66.4602729214358,37.577799792215));
#2830=CARTESIAN_POINT('Ctrl Pts',(108.490187518566,66.4453699929808,37.5938306107459));
#2831=CARTESIAN_POINT('Ctrl Pts',(108.489750869712,66.4301688920625,37.6091579719057));
#2832=CARTESIAN_POINT('Ctrl Pts',(108.489318197968,66.4149017783641,37.6236489504368));
#2833=CARTESIAN_POINT('Ctrl Pts',(108.488939308183,66.4015323972549,37.6363386715231));
#2834=CARTESIAN_POINT('Ctrl Pts',(108.488563736617,66.3881132020364,37.6483876621017));
#2835=CARTESIAN_POINT('Ctrl Pts',(108.488204992221,66.374816591649,37.6597334146085));
#2836=CARTESIAN_POINT('Ctrl Pts',(108.487797186127,66.3597015437273,37.6726308063387));
#2837=CARTESIAN_POINT('Ctrl Pts',(108.487427619196,66.3437776476667,37.6854289437734));
#2838=CARTESIAN_POINT('Ctrl Pts',(108.487067442303,66.3271960081974,37.6979064332808));
#2839=CARTESIAN_POINT('Ctrl Pts',(108.486713163022,66.3108858799335,37.710179613786));
#2840=CARTESIAN_POINT('Ctrl Pts',(108.4863678658,66.2939396472129,37.722142117415));
#2841=CARTESIAN_POINT('Ctrl Pts',(108.486017313912,66.2765359901158,37.7336172481289));
#2842=CARTESIAN_POINT('Ctrl Pts',(108.485668723204,66.2592296985864,37.745028180691));
#2843=CARTESIAN_POINT('Ctrl Pts',(108.485314869057,66.2414714731417,37.7559568378322));
#2844=CARTESIAN_POINT('Ctrl Pts',(108.484956233788,66.2234668971697,37.7662693049416));
#2845=CARTESIAN_POINT('Ctrl Pts',(108.484596004752,66.2053823092178,37.7766276004512));
#2846=CARTESIAN_POINT('Ctrl Pts',(108.484230921634,66.187049647373,37.7863639882945));
#2847=CARTESIAN_POINT('Ctrl Pts',(108.483876903726,66.1687010587506,37.795387478835));
#2848=CARTESIAN_POINT('Ctrl Pts',(108.48351489791,66.1499384605163,37.8046145715104));
#2849=CARTESIAN_POINT('Ctrl Pts',(108.483164455141,66.131159738945,37.8130960758778));
#2850=CARTESIAN_POINT('Ctrl Pts',(108.482859072642,66.1126303492412,37.8207845940375));
#2851=CARTESIAN_POINT('Ctrl Pts',(108.482660021269,66.1005527074203,37.8257960471911));
#2852=CARTESIAN_POINT('Ctrl Pts',(108.482480458902,66.0885813285455,37.8304716473876));
#2853=CARTESIAN_POINT('Ctrl Pts',(108.482333202574,66.0767918436865,37.8348093771888));
#2854=CARTESIAN_POINT('Ctrl Pts',(108.482099101915,66.0580495172468,37.8417052805224));
#2855=CARTESIAN_POINT('Ctrl Pts',(108.481845370431,66.0385034450214,37.8482372765366));
#2856=CARTESIAN_POINT('Ctrl Pts',(108.481622815682,66.0183771843181,37.8542084161588));
#2857=CARTESIAN_POINT('Origin',(223.75,67.,29.0000000000001));
#2858=CARTESIAN_POINT('',(224.,67.25,36.8263667299832));
#2859=CARTESIAN_POINT('',(223.5,66.75,36.8263667299832));
#2860=CARTESIAN_POINT('',(224.,67.25,36.8263667299832));
#2861=CARTESIAN_POINT('',(223.5,66.75,-36.8263667299831));
#2862=CARTESIAN_POINT('',(223.5,66.75,29.0000000000001));
#2863=CARTESIAN_POINT('',(224.,67.25,-36.8263667299831));
#2864=CARTESIAN_POINT('',(223.5,66.75,-36.8263667299831));
#2865=CARTESIAN_POINT('',(224.,67.25,29.0000000000001));
#2866=CARTESIAN_POINT('Ctrl Pts',(224.,67.25,36.9953660107805));
#2867=CARTESIAN_POINT('Ctrl Pts',(224.,67.25,36.9390329171814));
#2868=CARTESIAN_POINT('Ctrl Pts',(224.,67.25,36.8826998235823));
#2869=CARTESIAN_POINT('Ctrl Pts',(224.,67.25,36.8263667299832));
#2870=CARTESIAN_POINT('Ctrl Pts',(223.833386117203,67.0791381475275,36.9953660107805));
#2871=CARTESIAN_POINT('Ctrl Pts',(223.833315212715,67.0819541696048,36.9390329171814));
#2872=CARTESIAN_POINT('Ctrl Pts',(223.833333310664,67.083333310663,36.8826998235823));
#2873=CARTESIAN_POINT('Ctrl Pts',(223.833333310664,67.083333310663,36.8263667299832));
#2874=CARTESIAN_POINT('Ctrl Pts',(223.666772234406,66.908276295055,36.9953660107805));
#2875=CARTESIAN_POINT('Ctrl Pts',(223.66663042543,66.9139083392095,36.9390329171814));
#2876=CARTESIAN_POINT('Ctrl Pts',(223.666666621326,66.916666621326,36.8826998235823));
#2877=CARTESIAN_POINT('Ctrl Pts',(223.666666621326,66.916666621326,36.8263667299832));
#2878=CARTESIAN_POINT('Ctrl Pts',(223.500158351607,66.7374144425825,36.9953660107805));
#2879=CARTESIAN_POINT('Ctrl Pts',(223.499945638145,66.7458625088142,36.9390329171814));
#2880=CARTESIAN_POINT('Ctrl Pts',(223.499999931989,66.7499999319889,36.8826998235823));
#2881=CARTESIAN_POINT('Ctrl Pts',(223.499999931989,66.7499999319889,36.8263667299832));
#2882=CARTESIAN_POINT('',(224.,67.25,36.8263667299832));
#2883=CARTESIAN_POINT('Ctrl Pts',(223.500158419597,66.7374145123055,36.9953660107805));
#2884=CARTESIAN_POINT('Ctrl Pts',(223.500052738202,66.7416117239423,36.9673783102031));
#2885=CARTESIAN_POINT('Ctrl Pts',(223.500012489084,66.7447689302453,36.9392474050143));
#2886=CARTESIAN_POINT('Ctrl Pts',(223.499986490451,66.7489662913606,36.8826920208421));
#2887=CARTESIAN_POINT('Ctrl Pts',(223.5,66.75,36.8544519426079));
#2888=CARTESIAN_POINT('Ctrl Pts',(223.5,66.75,36.8263667299832));
#2889=CARTESIAN_POINT('Origin',(108.25,66.25,-29.));
#2890=CARTESIAN_POINT('',(108.,66.499999999744,-38.3263332141748));
#2891=CARTESIAN_POINT('',(108.,66.5,-48.));
#2892=CARTESIAN_POINT('',(108.,66.5,-29.));
#2893=CARTESIAN_POINT('',(108.,66.5,-48.));
#2894=CARTESIAN_POINT('',(108.481622815682,66.0183771843181,-37.8542084161588));
#2895=CARTESIAN_POINT('Origin',(108.521883945161,65.9780407840998,-37.6656624572258));
#2896=CARTESIAN_POINT('Ctrl Pts',(108.481622815682,66.018377184318,-37.8542084161589));
#2897=CARTESIAN_POINT('Ctrl Pts',(108.405833933316,66.0941660666842,-37.9364257943169));
#2898=CARTESIAN_POINT('Ctrl Pts',(108.327841619378,66.1721583813176,-38.0161667493713));
#2899=CARTESIAN_POINT('Ctrl Pts',(108.163992786439,66.3360072142561,-38.1755689033536));
#2900=CARTESIAN_POINT('Ctrl Pts',(108.081201579252,66.4187984207479,-38.2526328863674));
#2901=CARTESIAN_POINT('Ctrl Pts',(108.,66.5,-38.3263332137234));
#2902=CARTESIAN_POINT('Ctrl Pts',(108.,66.2113816000803,-38.4584970910395));
#2903=CARTESIAN_POINT('Ctrl Pts',(108.,66.249933515718,-38.4457870880491));
#2904=CARTESIAN_POINT('Ctrl Pts',(108.,66.2870219810643,-38.4316473214778));
#2905=CARTESIAN_POINT('Ctrl Pts',(108.,66.4952355816943,-38.344651776456));
#2906=CARTESIAN_POINT('Ctrl Pts',(108.,66.6798329243178,-38.2181169199227));
#2907=CARTESIAN_POINT('Ctrl Pts',(108.,66.8750467801288,-38.0174421470259));
#2908=CARTESIAN_POINT('Ctrl Pts',(108.,67.0059098071324,-37.8568575885834));
#2909=CARTESIAN_POINT('Ctrl Pts',(108.,67.0994377727878,-37.673671039677));
#2910=CARTESIAN_POINT('Ctrl Pts',(108.,67.2088544885151,-37.4066502345294));
#2911=CARTESIAN_POINT('Ctrl Pts',(108.,67.2514814212825,-37.1773385225766));
#2912=CARTESIAN_POINT('Ctrl Pts',(108.,67.2499606440713,-36.9853898979839));
#2913=CARTESIAN_POINT('Ctrl Pts',(108.160629746294,66.1450120178436,-38.2575307073312));
#2914=CARTESIAN_POINT('Ctrl Pts',(108.160707017082,66.1780679184663,-38.246846948048));
#2915=CARTESIAN_POINT('Ctrl Pts',(108.160799769323,66.2100561475873,-38.2351259268385));
#2916=CARTESIAN_POINT('Ctrl Pts',(108.161330689045,66.3891698866529,-38.1620765334169));
#2917=CARTESIAN_POINT('Ctrl Pts',(108.162111838814,66.5497555679703,-38.0560198114151));
#2918=CARTESIAN_POINT('Ctrl Pts',(108.163219929091,66.7226366741603,-37.8857591732306));
#2919=CARTESIAN_POINT('Ctrl Pts',(108.164075215816,66.8392864165627,-37.7489171074073));
#2920=CARTESIAN_POINT('Ctrl Pts',(108.164891183996,66.9259379536526,-37.5910118333597));
#2921=CARTESIAN_POINT('Ctrl Pts',(108.165951677353,67.0289301783475,-37.3593916684896));
#2922=CARTESIAN_POINT('Ctrl Pts',(108.166609995202,67.0738259268638,-37.1580376303471));
#2923=CARTESIAN_POINT('Ctrl Pts',(108.166735066299,67.0793418850395,-36.9864514261254));
#2924=CARTESIAN_POINT('Ctrl Pts',(108.321257670428,66.0786047934427,-38.0565203093791));
#2925=CARTESIAN_POINT('Ctrl Pts',(108.321420732327,66.1063394349953,-38.048068383494));
#2926=CARTESIAN_POINT('Ctrl Pts',(108.321593756754,66.1329834132638,-38.0384669469266));
#2927=CARTESIAN_POINT('Ctrl Pts',(108.322688909658,66.2836350264675,-37.9801790648784));
#2928=CARTESIAN_POINT('Ctrl Pts',(108.324220386521,66.4201307804092,-37.8940057778056));
#2929=CARTESIAN_POINT('Ctrl Pts',(108.326435867253,66.5701037474885,-37.7540148803299));
#2930=CARTESIAN_POINT('Ctrl Pts',(108.328142854439,66.673248915101,-37.6410766393142));
#2931=CARTESIAN_POINT('Ctrl Pts',(108.329779978151,66.7523483158447,-37.5083100727826));
#2932=CARTESIAN_POINT('Ctrl Pts',(108.33189523072,66.8494639623589,-37.3122043453201));
#2933=CARTESIAN_POINT('Ctrl Pts',(108.333154718008,66.8971506444009,-37.138179258899));
#2934=CARTESIAN_POINT('Ctrl Pts',(108.333473580732,66.9086710331182,-36.9875422737132));
#2935=CARTESIAN_POINT('Ctrl Pts',(108.481887419221,66.0122352628309,-37.8555539860349));
#2936=CARTESIAN_POINT('Ctrl Pts',(108.482127740223,66.0344736496963,-37.8491280218973));
#2937=CARTESIAN_POINT('Ctrl Pts',(108.482393534007,66.0560177263979,-37.8419457409811));
#2938=CARTESIAN_POINT('Ctrl Pts',(108.484019560945,66.1775686034027,-37.7976028922929));
#2939=CARTESIAN_POINT('Ctrl Pts',(108.486332229848,66.2900528033778,-37.7319085553633));
#2940=CARTESIAN_POINT('Ctrl Pts',(108.489655801817,66.4176938099649,-37.6223319906318));
#2941=CARTESIAN_POINT('Ctrl Pts',(108.492218080647,66.5066247210027,-37.5331360209732));
#2942=CARTESIAN_POINT('Ctrl Pts',(108.494671165425,66.578848619893,-37.4256509248271));
#2943=CARTESIAN_POINT('Ctrl Pts',(108.497846919216,66.6695390239295,-37.2649456815728));
#2944=CARTESIAN_POINT('Ctrl Pts',(108.49976480273,66.7194938056523,-37.1188791312347));
#2945=CARTESIAN_POINT('Ctrl Pts',(108.500208642303,66.7380523455302,-36.9886037616439));
#2946=CARTESIAN_POINT('',(108.499841580403,66.7374145123055,-36.9953660107804));
#2947=CARTESIAN_POINT('Ctrl Pts',(108.481622815682,66.0183771843181,-37.8542084161588));
#2948=CARTESIAN_POINT('Ctrl Pts',(108.481845370431,66.0385034450214,-37.8482372765366));
#2949=CARTESIAN_POINT('Ctrl Pts',(108.482099101915,66.0580495172469,-37.8417052805224));
#2950=CARTESIAN_POINT('Ctrl Pts',(108.482333202574,66.0767918436865,-37.8348093771888));
#2951=CARTESIAN_POINT('Ctrl Pts',(108.482559866377,66.0949387681661,-37.8281325413427));
#2952=CARTESIAN_POINT('Ctrl Pts',(108.482862339887,66.113516309202,-37.8206528755619));
#2953=CARTESIAN_POINT('Ctrl Pts',(108.48319654141,66.1322498770305,-37.8123861700967));
#2954=CARTESIAN_POINT('Ctrl Pts',(108.483524034041,66.1506073799242,-37.8042854136958));
#2955=CARTESIAN_POINT('Ctrl Pts',(108.483881944349,66.1691141672706,-37.795428866986));
#2956=CARTESIAN_POINT('Ctrl Pts',(108.484243776771,66.1875226803883,-37.7858779548002));
#2957=CARTESIAN_POINT('Ctrl Pts',(108.484601985393,66.2057468298125,-37.7764226962632));
#2958=CARTESIAN_POINT('Ctrl Pts',(108.484964038261,66.2238741615497,-37.7662870417122));
#2959=CARTESIAN_POINT('Ctrl Pts',(108.485319447809,66.241682978994,-37.75557601926));
#2960=CARTESIAN_POINT('Ctrl Pts',(108.48567557207,66.2595276092076,-37.7448434574003));
#2961=CARTESIAN_POINT('Ctrl Pts',(108.48602506188,66.2770519857695,-37.7335334573946));
#2962=CARTESIAN_POINT('Ctrl Pts',(108.486372495944,66.2940590331821,-37.7217948081822));
#2963=CARTESIAN_POINT('Ctrl Pts',(108.486726169462,66.3113715045847,-37.7098453484162));
#2964=CARTESIAN_POINT('Ctrl Pts',(108.487077775438,66.3281474798413,-37.6974520448643));
#2965=CARTESIAN_POINT('Ctrl Pts',(108.487447120668,66.3442128125751,-37.6848121937058));
#2966=CARTESIAN_POINT('Ctrl Pts',(108.487688945057,66.3547313977386,-37.6765364017835));
#2967=CARTESIAN_POINT('Ctrl Pts',(108.487938684185,66.3649460704058,-37.6681557484122));
#2968=CARTESIAN_POINT('Ctrl Pts',(108.48820499222,66.3748165916491,-37.6597334146086));
#2969=CARTESIAN_POINT('Ctrl Pts',(108.488616961967,66.3900859624621,-37.6467043420004));
#2970=CARTESIAN_POINT('Ctrl Pts',(108.489050822409,66.4055165228438,-37.6327470076383));
#2971=CARTESIAN_POINT('Ctrl Pts',(108.489487077753,66.4208486935024,-37.6179588662736));
#2972=CARTESIAN_POINT('Ctrl Pts',(108.48991258386,66.4358030827683,-37.6035351015366));
#2973=CARTESIAN_POINT('Ctrl Pts',(108.490340366215,66.4506633600365,-37.5883211336002));
#2974=CARTESIAN_POINT('Ctrl Pts',(108.490766435635,66.4652139981556,-37.5724471948689));
#2975=CARTESIAN_POINT('Ctrl Pts',(108.491143078162,66.4780766652416,-37.5584147388644));
#2976=CARTESIAN_POINT('Ctrl Pts',(108.49151859194,66.4906974997227,-37.5438672274936));
#2977=CARTESIAN_POINT('Ctrl Pts',(108.491899518624,66.5029492320996,-37.5289192061358));
#2978=CARTESIAN_POINT('Ctrl Pts',(108.492319616162,66.5164608153563,-37.5124340733493));
#2979=CARTESIAN_POINT('Ctrl Pts',(108.492744520517,66.5295322819607,-37.4954500952109));
#2980=CARTESIAN_POINT('Ctrl Pts',(108.493154035096,66.5420172722479,-37.4781741912995));
#2981=CARTESIAN_POINT('Ctrl Pts',(108.493569974777,66.5546981464957,-37.4606272361176));
#2982=CARTESIAN_POINT('Ctrl Pts',(108.493970120154,66.5667736712025,-37.4427795444067));
#2983=CARTESIAN_POINT('Ctrl Pts',(108.494347259004,66.5781352697108,-37.4248759885913));
#2984=CARTESIAN_POINT('Ctrl Pts',(108.494706869986,66.5889688276635,-37.4078045167079));
#2985=CARTESIAN_POINT('Ctrl Pts',(108.495045789798,66.5991536152755,-37.390682875248));
#2986=CARTESIAN_POINT('Ctrl Pts',(108.495367839413,66.6086349678932,-37.3737405465807));
#2987=CARTESIAN_POINT('Ctrl Pts',(108.495715036821,66.6188566880546,-37.3554752473661));
#2988=CARTESIAN_POINT('Ctrl Pts',(108.496097257772,66.6289184769262,-37.3362316189894));
#2989=CARTESIAN_POINT('Ctrl Pts',(108.496473892706,66.638603809777,-37.3161969663697));
#2990=CARTESIAN_POINT('Ctrl Pts',(108.496842595637,66.6480851676736,-37.2965842473493));
#2991=CARTESIAN_POINT('Ctrl Pts',(108.497205970586,66.6572052856086,-37.2762137754441));
#2992=CARTESIAN_POINT('Ctrl Pts',(108.497539754982,66.6657988157751,-37.2552906214018));
#2993=CARTESIAN_POINT('Ctrl Pts',(108.497870475445,66.6743134626968,-37.2345595288584));
#2994=CARTESIAN_POINT('Ctrl Pts',(108.498172221324,66.6823107819608,-37.2132862544013));
#2995=CARTESIAN_POINT('Ctrl Pts',(108.498434396115,66.6896737220799,-37.1916942088341));
#2996=CARTESIAN_POINT('Ctrl Pts',(108.498695583753,66.6970089388935,-37.1701834627023));
#2997=CARTESIAN_POINT('Ctrl Pts',(108.498917622529,66.7037143335316,-37.1483568204685));
#2998=CARTESIAN_POINT('Ctrl Pts',(108.499101509847,66.7097221826481,-37.1264524601309));
#2999=CARTESIAN_POINT('Ctrl Pts',(108.499287985221,66.7158145870526,-37.1042398148383));
#3000=CARTESIAN_POINT('Ctrl Pts',(108.499435376414,66.7211895154213,-37.081947764515));
#3001=CARTESIAN_POINT('Ctrl Pts',(108.499554512415,66.725828862033,-37.0598349730962));
#3002=CARTESIAN_POINT('Ctrl Pts',(108.499671673553,66.7303913043656,-37.0380887350788));
#3003=CARTESIAN_POINT('Ctrl Pts',(108.499761716776,66.7342426716367,-37.0165163683509));
#3004=CARTESIAN_POINT('Ctrl Pts',(108.499841580403,66.7374145123055,-36.9953660107804));
#3005=CARTESIAN_POINT('',(108.,67.25,-36.9953660107804));
#3006=CARTESIAN_POINT('',(108.499841580403,66.7374145123055,-36.9953660107804));
#3007=CARTESIAN_POINT('Ctrl Pts',(108.,67.25,-36.9953660107804));
#3008=CARTESIAN_POINT('Ctrl Pts',(108.,67.25,-37.1852430225445));
#3009=CARTESIAN_POINT('Ctrl Pts',(108.,67.2075774264764,-37.4097667796708));
#3010=CARTESIAN_POINT('Ctrl Pts',(108.,67.0994377727878,-37.673671039677));
#3011=CARTESIAN_POINT('Ctrl Pts',(108.,67.0059098071324,-37.8568575885834));
#3012=CARTESIAN_POINT('Ctrl Pts',(108.,66.8750467801288,-38.0174421470259));
#3013=CARTESIAN_POINT('Ctrl Pts',(108.,66.7237162343216,-38.173006017152));
#3014=CARTESIAN_POINT('Ctrl Pts',(108.,66.6142821304903,-38.2579424413832));
#3015=CARTESIAN_POINT('Ctrl Pts',(108.,66.4999999996126,-38.3263332139552));
#3016=CARTESIAN_POINT('Origin',(118.,66.25,-48.));
#3017=CARTESIAN_POINT('',(118.,66.5,-57.9999999999999));
#3018=CARTESIAN_POINT('Origin',(118.,66.5,-48.));
#3019=CARTESIAN_POINT('',(118.,66.5,-57.9999999999999));
#3020=CARTESIAN_POINT('Origin',(195.,66.25,-57.7499999999999));
#3021=CARTESIAN_POINT('',(119.5,66.5,-57.9999999999999));
#3022=CARTESIAN_POINT('',(119.5,66.5,-57.9999999999999));
#3023=CARTESIAN_POINT('',(195.,66.5,-57.9999999999999));
#3024=CARTESIAN_POINT('Origin',(119.5,66.25,-54.9999999999999));
#3025=CARTESIAN_POINT('',(122.5,66.5,-54.9999999999999));
#3026=CARTESIAN_POINT('',(122.5,66.5,-54.9999999999999));
#3027=CARTESIAN_POINT('Origin',(119.5,66.5,-54.9999999999999));
#3028=CARTESIAN_POINT('Origin',(122.25,66.25,-27.4999999999999));
#3029=CARTESIAN_POINT('',(122.5,66.5,-43.));
#3030=CARTESIAN_POINT('',(122.5,66.5,-43.));
#3031=CARTESIAN_POINT('',(122.5,66.5,-27.4999999999999));
#3032=CARTESIAN_POINT('Origin',(128.,66.25,-43.));
#3033=CARTESIAN_POINT('',(133.5,66.5,-43.));
#3034=CARTESIAN_POINT('',(133.5,66.5,-43.));
#3035=CARTESIAN_POINT('Origin',(128.,66.5,-43.));
#3036=CARTESIAN_POINT('Origin',(133.75,66.25,-21.4999999999999));
#3037=CARTESIAN_POINT('',(133.5,66.5,-54.9999999999999));
#3038=CARTESIAN_POINT('',(133.5,66.5,-54.9999999999999));
#3039=CARTESIAN_POINT('',(133.5,66.5,-21.4999999999999));
#3040=CARTESIAN_POINT('Origin',(136.5,66.25,-54.9999999999999));
#3041=CARTESIAN_POINT('',(136.5,66.5,-57.9999999999999));
#3042=CARTESIAN_POINT('',(136.5,66.5,-57.9999999999999));
#3043=CARTESIAN_POINT('Origin',(136.5,66.5,-54.9999999999999));
#3044=CARTESIAN_POINT('Origin',(195.,66.25,-57.7499999999999));
#3045=CARTESIAN_POINT('',(195.5,66.5,-57.9999999999999));
#3046=CARTESIAN_POINT('',(195.5,66.5,-57.9999999999999));
#3047=CARTESIAN_POINT('',(195.,66.5,-57.9999999999999));
#3048=CARTESIAN_POINT('Origin',(195.5,66.25,-54.9999999999999));
#3049=CARTESIAN_POINT('',(198.5,66.5,-54.9999999999999));
#3050=CARTESIAN_POINT('',(198.5,66.5,-54.9999999999999));
#3051=CARTESIAN_POINT('Origin',(195.5,66.5,-54.9999999999999));
#3052=CARTESIAN_POINT('Origin',(198.25,66.25,-27.4999999999999));
#3053=CARTESIAN_POINT('',(198.5,66.5,-42.9999999999999));
#3054=CARTESIAN_POINT('',(198.5,66.5,-42.9999999999999));
#3055=CARTESIAN_POINT('',(198.5,66.5,-27.4999999999999));
#3056=CARTESIAN_POINT('Origin',(204.,66.25,-42.9999999999999));
#3057=CARTESIAN_POINT('',(209.5,66.5,-42.9999999999999));
#3058=CARTESIAN_POINT('',(209.5,66.5,-42.9999999999999));
#3059=CARTESIAN_POINT('Origin',(204.,66.5,-42.9999999999999));
#3060=CARTESIAN_POINT('Origin',(209.75,66.25,-21.4999999999999));
#3061=CARTESIAN_POINT('',(209.5,66.5,-54.9999999999999));
#3062=CARTESIAN_POINT('',(209.5,66.5,-54.9999999999999));
#3063=CARTESIAN_POINT('',(209.5,66.5,-21.4999999999999));
#3064=CARTESIAN_POINT('Origin',(212.5,66.25,-54.9999999999999));
#3065=CARTESIAN_POINT('',(212.5,66.5,-57.9999999999999));
#3066=CARTESIAN_POINT('',(212.5,66.5,-57.9999999999999));
#3067=CARTESIAN_POINT('Origin',(212.5,66.5,-54.9999999999999));
#3068=CARTESIAN_POINT('Origin',(195.,66.25,-57.7499999999999));
#3069=CARTESIAN_POINT('',(214.,66.5,-57.9999999999999));
#3070=CARTESIAN_POINT('',(214.,66.5,-57.9999999999999));
#3071=CARTESIAN_POINT('',(195.,66.5,-57.9999999999999));
#3072=CARTESIAN_POINT('Origin',(214.,66.25,-47.9999999999999));
#3073=CARTESIAN_POINT('',(224.,66.5,-47.9999999999999));
#3074=CARTESIAN_POINT('Origin',(214.,66.5,-47.9999999999999));
#3075=CARTESIAN_POINT('',(224.,66.5,-47.9999999999999));
#3076=CARTESIAN_POINT('Origin',(223.75,66.25,29.));
#3077=CARTESIAN_POINT('',(224.,66.4999999997441,-38.3263329726114));
#3078=CARTESIAN_POINT('',(224.,66.5,29.));
#3079=CARTESIAN_POINT('',(223.518377184318,66.0183771843182,-37.8542084161587));
#3080=CARTESIAN_POINT('Ctrl Pts',(224.,66.5000000000001,-38.3263329721598));
#3081=CARTESIAN_POINT('Ctrl Pts',(223.918792594099,66.4187925940991,-38.252627399667));
#3082=CARTESIAN_POINT('Ctrl Pts',(223.835995209649,66.3359952103394,-38.1755576047473));
#3083=CARTESIAN_POINT('Ctrl Pts',(223.672147488239,66.1721474889293,-38.0161555827666));
#3084=CARTESIAN_POINT('Ctrl Pts',(223.594160594318,66.0941605943184,-37.9364198577787));
#3085=CARTESIAN_POINT('Ctrl Pts',(223.518377184318,66.0183771843181,-37.8542084161589));
#3086=CARTESIAN_POINT('Origin',(223.479819800644,65.9797437488652,-37.6759526637407));
#3087=CARTESIAN_POINT('Ctrl Pts',(223.518112572669,66.0122350744343,-37.8555540265505));
#3088=CARTESIAN_POINT('Ctrl Pts',(223.517872251127,66.0344735266531,-37.8491280493803));
#3089=CARTESIAN_POINT('Ctrl Pts',(223.517606456689,66.0560176631884,-37.8419457483584));
#3090=CARTESIAN_POINT('Ctrl Pts',(223.515980429072,66.1775685313466,-37.7976028006326));
#3091=CARTESIAN_POINT('Ctrl Pts',(223.513667763075,66.2900525814114,-37.7319083308158));
#3092=CARTESIAN_POINT('Ctrl Pts',(223.510344193986,66.4176935353328,-37.6223317492633));
#3093=CARTESIAN_POINT('Ctrl Pts',(223.507781916745,66.5066243952445,-37.5331357446898));
#3094=CARTESIAN_POINT('Ctrl Pts',(223.505328831266,66.5788483339802,-37.4256506897232));
#3095=CARTESIAN_POINT('Ctrl Pts',(223.502153077719,66.6695387678141,-37.2649454102628));
#3096=CARTESIAN_POINT('Ctrl Pts',(223.500235184465,66.7194938570816,-37.1188789831855));
#3097=CARTESIAN_POINT('Ctrl Pts',(223.499791346515,66.7380523639502,-36.988603555061));
#3098=CARTESIAN_POINT('Ctrl Pts',(223.678742324189,66.0786045609217,-38.0565203708827));
#3099=CARTESIAN_POINT('Ctrl Pts',(223.67857926188,66.1063392853092,-38.0480684285096));
#3100=CARTESIAN_POINT('Ctrl Pts',(223.678406237065,66.1329833380437,-38.0384669649451));
#3101=CARTESIAN_POINT('Ctrl Pts',(223.677311083739,66.2836349567631,-37.9801789771184));
#3102=CARTESIAN_POINT('Ctrl Pts',(223.675779609806,66.420130561496,-37.8940055567355));
#3103=CARTESIAN_POINT('Ctrl Pts',(223.673564131981,66.5701034763966,-37.7540146417596));
#3104=CARTESIAN_POINT('Ctrl Pts',(223.671857146403,66.6732485932708,-37.6410763653325));
#3105=CARTESIAN_POINT('Ctrl Pts',(223.670220022006,66.7523480339188,-37.5083098394316));
#3106=CARTESIAN_POINT('Ctrl Pts',(223.668104770083,66.8494637126702,-37.312204062347));
#3107=CARTESIAN_POINT('Ctrl Pts',(223.666845273377,66.8971506971874,-37.1381790816937));
#3108=CARTESIAN_POINT('Ctrl Pts',(223.66652641178,66.9086710439596,-36.9875420348415));
#3109=CARTESIAN_POINT('Ctrl Pts',(223.839370250979,66.1450117425859,-38.2575307915242));
#3110=CARTESIAN_POINT('Ctrl Pts',(223.839292980061,66.1780677411641,-38.2468470089598));
#3111=CARTESIAN_POINT('Ctrl Pts',(223.839200227554,66.2100560594135,-38.2351259560039));
#3112=CARTESIAN_POINT('Ctrl Pts',(223.838669307573,66.3891697419885,-38.1620764171033));
#3113=CARTESIAN_POINT('Ctrl Pts',(223.837888157788,66.5497551276455,-38.056019538513));
#3114=CARTESIAN_POINT('Ctrl Pts',(223.836780067487,66.7226361510362,-37.8857589081336));
#3115=CARTESIAN_POINT('Ctrl Pts',(223.835924780744,66.8392857990571,-37.7489168104564));
#3116=CARTESIAN_POINT('Ctrl Pts',(223.835108812547,66.9259374177181,-37.5910115858324));
#3117=CARTESIAN_POINT('Ctrl Pts',(223.83404831879,67.0289296856452,-37.3593913858512));
#3118=CARTESIAN_POINT('Ctrl Pts',(223.833390000609,67.0738259892093,-37.1580374242761));
#3119=CARTESIAN_POINT('Ctrl Pts',(223.833264930007,67.0793418897113,-36.9864511540423));
#3120=CARTESIAN_POINT('Ctrl Pts',(224.,66.2113812807019,-38.4584971962248));
#3121=CARTESIAN_POINT('Ctrl Pts',(224.,66.249933311766,-38.4457871664844));
#3122=CARTESIAN_POINT('Ctrl Pts',(224.,66.2870218808832,-38.431647361291));
#3123=CARTESIAN_POINT('Ctrl Pts',(224.,66.4952354392535,-38.3446516639699));
#3124=CARTESIAN_POINT('Ctrl Pts',(224.,66.6798324867199,-38.2181166504188));
#3125=CARTESIAN_POINT('Ctrl Pts',(224.,66.8750462601998,-38.0174418846894));
#3126=CARTESIAN_POINT('Ctrl Pts',(224.,67.00590919312,-37.8568572938954));
#3127=CARTESIAN_POINT('Ctrl Pts',(224.,67.0994372404906,-37.6736707938826));
#3128=CARTESIAN_POINT('Ctrl Pts',(224.,67.2088540018787,-37.4066499402415));
#3129=CARTESIAN_POINT('Ctrl Pts',(224.,67.2514814849554,-37.1773382873733));
#3130=CARTESIAN_POINT('Ctrl Pts',(224.,67.2499606411685,-36.9853895936096));
#3131=CARTESIAN_POINT('',(224.,67.25,-36.9953660107803));
#3132=CARTESIAN_POINT('Ctrl Pts',(224.,66.4999999996126,-38.3263329723918));
#3133=CARTESIAN_POINT('Ctrl Pts',(224.,66.6142819367177,-38.2579421465957));
#3134=CARTESIAN_POINT('Ctrl Pts',(224.,66.7237158255343,-38.1730057006174));
#3135=CARTESIAN_POINT('Ctrl Pts',(224.,66.8750462601998,-38.0174418846894));
#3136=CARTESIAN_POINT('Ctrl Pts',(224.,67.00590919312,-37.8568572938954));
#3137=CARTESIAN_POINT('Ctrl Pts',(224.,67.0994372404906,-37.6736707938826));
#3138=CARTESIAN_POINT('Ctrl Pts',(224.,67.2075769006943,-37.4097665801796));
#3139=CARTESIAN_POINT('Ctrl Pts',(224.,67.25,-37.1852430225441));
#3140=CARTESIAN_POINT('Ctrl Pts',(224.,67.25,-36.9953660107803));
#3141=CARTESIAN_POINT('',(223.500158419597,66.7374145123055,-36.9953660107803));
#3142=CARTESIAN_POINT('',(224.,67.25,-36.9953660107803));
#3143=CARTESIAN_POINT('Ctrl Pts',(223.500158419597,66.7374145123055,-36.9953660107803));
#3144=CARTESIAN_POINT('Ctrl Pts',(223.500239948136,66.7341765484873,-37.0169572884347));
#3145=CARTESIAN_POINT('Ctrl Pts',(223.500332104222,66.7302302583857,-37.0389883542481));
#3146=CARTESIAN_POINT('Ctrl Pts',(223.500452847253,66.7255426023649,-37.0611952181482));
#3147=CARTESIAN_POINT('Ctrl Pts',(223.500571945028,66.7209188207569,-37.0830994893694));
#3148=CARTESIAN_POINT('Ctrl Pts',(223.500719035507,66.7155736664682,-37.1051742897343));
#3149=CARTESIAN_POINT('Ctrl Pts',(223.50090450594,66.7095255222068,-37.1271685441664));
#3150=CARTESIAN_POINT('Ctrl Pts',(223.501091089439,66.703441081168,-37.1492947928964));
#3151=CARTESIAN_POINT('Ctrl Pts',(223.501316694094,66.6966451753163,-37.1713389800204));
#3152=CARTESIAN_POINT('Ctrl Pts',(223.501582173673,66.6892084378877,-37.1930557896607));
#3153=CARTESIAN_POINT('Ctrl Pts',(223.501846224474,66.6818117240507,-37.2146557221449));
#3154=CARTESIAN_POINT('Ctrl Pts',(223.502149831215,66.6737813533856,-37.2359313284768));
#3155=CARTESIAN_POINT('Ctrl Pts',(223.502482097239,66.6652357282983,-37.2566589894552));
#3156=CARTESIAN_POINT('Ctrl Pts',(223.502822187626,66.6564888666584,-37.2778747555162));
#3157=CARTESIAN_POINT('Ctrl Pts',(223.5031924143,66.6472024843586,-37.2985159793634));
#3158=CARTESIAN_POINT('Ctrl Pts',(223.503566971747,66.6375508330972,-37.3183689706432));
#3159=CARTESIAN_POINT('Ctrl Pts',(223.503930234824,66.6281902168457,-37.3376233166387));
#3160=CARTESIAN_POINT('Ctrl Pts',(223.504297479322,66.6184867856181,-37.3561362112943));
#3161=CARTESIAN_POINT('Ctrl Pts',(223.504632109412,66.6086349894905,-37.3737404903091));
#3162=CARTESIAN_POINT('Ctrl Pts',(223.504971369268,66.5986468890643,-37.3915883329209));
#3163=CARTESIAN_POINT('Ctrl Pts',(223.505329441804,66.5878777621242,-37.4096350251216));
#3164=CARTESIAN_POINT('Ctrl Pts',(223.505710512766,66.5763927129713,-37.4276127277126));
#3165=CARTESIAN_POINT('Ctrl Pts',(223.506084804653,66.5651119774996,-37.4452706153385));
#3166=CARTESIAN_POINT('Ctrl Pts',(223.506481412253,66.5531406879406,-37.4628614590858));
#3167=CARTESIAN_POINT('Ctrl Pts',(223.506892852212,66.5405850945124,-37.480151126935));
#3168=CARTESIAN_POINT('Ctrl Pts',(223.507287759578,66.5285340133891,-37.4967460566));
#3169=CARTESIAN_POINT('Ctrl Pts',(223.507696346941,66.5159450802519,-37.5130632840823));
#3170=CARTESIAN_POINT('Ctrl Pts',(223.50810040794,66.5029492239291,-37.5289191908632));
#3171=CARTESIAN_POINT('Ctrl Pts',(223.508529996192,66.4891323319109,-37.5457768219728));
#3172=CARTESIAN_POINT('Ctrl Pts',(223.508952951065,66.4748453764544,-37.5621244325651));
#3173=CARTESIAN_POINT('Ctrl Pts',(223.509377859804,66.4602729105676,-37.5777997777266));
#3174=CARTESIAN_POINT('Ctrl Pts',(223.509812404315,66.4453699808526,-37.5938305970139));
#3175=CARTESIAN_POINT('Ctrl Pts',(223.510249053233,66.4301688789899,-37.6091579586344));
#3176=CARTESIAN_POINT('Ctrl Pts',(223.510681725173,66.4149017647528,-37.6236489372643));
#3177=CARTESIAN_POINT('Ctrl Pts',(223.511060615428,66.4015323726761,-37.6363386683995));
#3178=CARTESIAN_POINT('Ctrl Pts',(223.51143618756,66.3881131667216,-37.6483876677404));
#3179=CARTESIAN_POINT('Ctrl Pts',(223.511794932319,66.374816546293,-37.6597334275454));
#3180=CARTESIAN_POINT('Ctrl Pts',(223.512202738731,66.3597014904567,-37.6726308245854));
#3181=CARTESIAN_POINT('Ctrl Pts',(223.512572307465,66.3437775872336,-37.6854289664179));
#3182=CARTESIAN_POINT('Ctrl Pts',(223.512932487236,66.32719594139,-37.6979064595262));
#3183=CARTESIAN_POINT('Ctrl Pts',(223.513286769372,66.3108858057433,-37.7101796444106));
#3184=CARTESIAN_POINT('Ctrl Pts',(223.513632070488,66.2939395663166,-37.722142151606));
#3185=CARTESIAN_POINT('Ctrl Pts',(223.51398262691,66.2765359032402,-37.7336172851598));
#3186=CARTESIAN_POINT('Ctrl Pts',(223.514331222152,66.2592296045638,-37.7450282213382));
#3187=CARTESIAN_POINT('Ctrl Pts',(223.514685081467,66.2414713726287,-37.7559568813107));
#3188=CARTESIAN_POINT('Ctrl Pts',(223.515043722135,66.2234667908917,-37.7662693505341));
#3189=CARTESIAN_POINT('Ctrl Pts',(223.515403956607,66.2053821965755,-37.7766276484957));
#3190=CARTESIAN_POINT('Ctrl Pts',(223.515769045395,66.1870495290829,-37.7863640380284));
#3191=CARTESIAN_POINT('Ctrl Pts',(223.516123068791,66.1687009355948,-37.7953875295659));
#3192=CARTESIAN_POINT('Ctrl Pts',(223.516485080229,66.1499383318356,-37.804614623531));
#3193=CARTESIAN_POINT('Ctrl Pts',(223.516835528428,66.1311596055568,-37.8130961284209));
#3194=CARTESIAN_POINT('Ctrl Pts',(223.517140915715,66.1126302120239,-37.8207846464116));
#3195=CARTESIAN_POINT('Ctrl Pts',(223.517339969438,66.1005526144306,-37.8257960800678));
#3196=CARTESIAN_POINT('Ctrl Pts',(223.517519534031,66.0885812793345,-37.8304716630771));
#3197=CARTESIAN_POINT('Ctrl Pts',(223.51766679249,66.076791836935,-37.8348093780289));
#3198=CARTESIAN_POINT('Ctrl Pts',(223.517900897318,66.0580495153507,-37.8417052808046));
#3199=CARTESIAN_POINT('Ctrl Pts',(223.518154629569,66.0385034450214,-37.8482372765366));
#3200=CARTESIAN_POINT('Ctrl Pts',(223.518377184318,66.0183771843182,-37.8542084161587));
#3201=CARTESIAN_POINT('Ctrl Pts',(224.,67.25,-36.8263667299831));
#3202=CARTESIAN_POINT('Ctrl Pts',(224.,67.25,-36.8826998235822));
#3203=CARTESIAN_POINT('Ctrl Pts',(224.,67.25,-36.9390329171812));
#3204=CARTESIAN_POINT('Ctrl Pts',(224.,67.25,-36.9953660107803));
#3205=CARTESIAN_POINT('Ctrl Pts',(223.833333310663,67.083333310663,-36.8263667299831));
#3206=CARTESIAN_POINT('Ctrl Pts',(223.833333310663,67.083333310663,-36.8826998235822));
#3207=CARTESIAN_POINT('Ctrl Pts',(223.833315212715,67.0819541696048,-36.9390329171812));
#3208=CARTESIAN_POINT('Ctrl Pts',(223.833386117203,67.0791381475275,-36.9953660107803));
#3209=CARTESIAN_POINT('Ctrl Pts',(223.666666621326,66.916666621326,-36.8263667299831));
#3210=CARTESIAN_POINT('Ctrl Pts',(223.666666621326,66.916666621326,-36.8826998235821));
#3211=CARTESIAN_POINT('Ctrl Pts',(223.666630425429,66.9139083392095,-36.9390329171812));
#3212=CARTESIAN_POINT('Ctrl Pts',(223.666772234406,66.908276295055,-36.9953660107803));
#3213=CARTESIAN_POINT('Ctrl Pts',(223.499999931989,66.7499999319889,-36.8263667299831));
#3214=CARTESIAN_POINT('Ctrl Pts',(223.499999931989,66.7499999319889,-36.8826998235821));
#3215=CARTESIAN_POINT('Ctrl Pts',(223.499945638145,66.7458625088142,-36.9390329171812));
#3216=CARTESIAN_POINT('Ctrl Pts',(223.500158351607,66.7374144425825,-36.9953660107803));
#3217=CARTESIAN_POINT('',(224.,67.25,-36.9953660107803));
#3218=CARTESIAN_POINT('Ctrl Pts',(223.5,66.75,-36.8263667299831));
#3219=CARTESIAN_POINT('Ctrl Pts',(223.5,66.75,-36.8544519426082));
#3220=CARTESIAN_POINT('Ctrl Pts',(223.499986490451,66.7489662913605,-36.8826920208421));
#3221=CARTESIAN_POINT('Ctrl Pts',(223.500012489084,66.7447689302453,-36.9392474050142));
#3222=CARTESIAN_POINT('Ctrl Pts',(223.500052738202,66.7416117239423,-36.9673783102029));
#3223=CARTESIAN_POINT('Ctrl Pts',(223.500158419597,66.7374145123055,-36.9953660107803));
#3224=CARTESIAN_POINT('Origin',(108.25,67.,-29.));
#3225=CARTESIAN_POINT('',(108.,67.25,-36.8263667299832));
#3226=CARTESIAN_POINT('',(108.5,66.75,-36.8263667299832));
#3227=CARTESIAN_POINT('',(108.,67.25,-36.8263667299832));
#3228=CARTESIAN_POINT('',(108.5,66.75,36.8263667299831));
#3229=CARTESIAN_POINT('',(108.5,66.75,-29.));
#3230=CARTESIAN_POINT('',(108.,67.25,36.8263667299831));
#3231=CARTESIAN_POINT('',(108.5,66.75,36.8263667299831));
#3232=CARTESIAN_POINT('',(108.,67.25,-29.));
#3233=CARTESIAN_POINT('Ctrl Pts',(108.,67.25,-36.9953660107804));
#3234=CARTESIAN_POINT('Ctrl Pts',(108.,67.25,-36.9390329171813));
#3235=CARTESIAN_POINT('Ctrl Pts',(108.,67.25,-36.8826998235822));
#3236=CARTESIAN_POINT('Ctrl Pts',(108.,67.25,-36.8263667299832));
#3237=CARTESIAN_POINT('Ctrl Pts',(108.166613882797,67.0791381475275,-36.9953660107804));
#3238=CARTESIAN_POINT('Ctrl Pts',(108.166684787285,67.0819541696048,-36.9390329171813));
#3239=CARTESIAN_POINT('Ctrl Pts',(108.166666689337,67.0833333106629,-36.8826998235822));
#3240=CARTESIAN_POINT('Ctrl Pts',(108.166666689337,67.0833333106629,-36.8263667299832));
#3241=CARTESIAN_POINT('Ctrl Pts',(108.333227765594,66.908276295055,-36.9953660107804));
#3242=CARTESIAN_POINT('Ctrl Pts',(108.333369574571,66.9139083392095,-36.9390329171813));
#3243=CARTESIAN_POINT('Ctrl Pts',(108.333333378674,66.916666621326,-36.8826998235823));
#3244=CARTESIAN_POINT('Ctrl Pts',(108.333333378674,66.916666621326,-36.8263667299832));
#3245=CARTESIAN_POINT('Ctrl Pts',(108.499841648393,66.7374144425825,-36.9953660107804));
#3246=CARTESIAN_POINT('Ctrl Pts',(108.500054361855,66.7458625088142,-36.9390329171813));
#3247=CARTESIAN_POINT('Ctrl Pts',(108.500000068011,66.7499999319889,-36.8826998235823));
#3248=CARTESIAN_POINT('Ctrl Pts',(108.500000068011,66.7499999319889,-36.8263667299832));
#3249=CARTESIAN_POINT('',(108.,67.25,-36.8263667299832));
#3250=CARTESIAN_POINT('Ctrl Pts',(108.499841580403,66.7374145123055,-36.9953660107804));
#3251=CARTESIAN_POINT('Ctrl Pts',(108.499947261798,66.7416117239422,-36.9673783102031));
#3252=CARTESIAN_POINT('Ctrl Pts',(108.499987510916,66.7447689302453,-36.9392474050144));
#3253=CARTESIAN_POINT('Ctrl Pts',(108.500013509549,66.7489662913606,-36.882692020842));
#3254=CARTESIAN_POINT('Ctrl Pts',(108.5,66.75,-36.8544519426078));
#3255=CARTESIAN_POINT('Ctrl Pts',(108.5,66.75,-36.8263667299832));
#3256=CARTESIAN_POINT('Ctrl Pts',(108.,67.25,36.8263667299831));
#3257=CARTESIAN_POINT('Ctrl Pts',(108.,67.25,36.8826998235822));
#3258=CARTESIAN_POINT('Ctrl Pts',(108.,67.25,36.9390329171813));
#3259=CARTESIAN_POINT('Ctrl Pts',(108.,67.25,36.9953660107804));
#3260=CARTESIAN_POINT('Ctrl Pts',(108.166666689337,67.0833333106629,36.8263667299831));
#3261=CARTESIAN_POINT('Ctrl Pts',(108.166666689337,67.0833333106629,36.8826998235822));
#3262=CARTESIAN_POINT('Ctrl Pts',(108.166684787285,67.0819541696048,36.9390329171813));
#3263=CARTESIAN_POINT('Ctrl Pts',(108.166613882797,67.0791381475275,36.9953660107804));
#3264=CARTESIAN_POINT('Ctrl Pts',(108.333333378674,66.916666621326,36.8263667299831));
#3265=CARTESIAN_POINT('Ctrl Pts',(108.333333378674,66.916666621326,36.8826998235822));
#3266=CARTESIAN_POINT('Ctrl Pts',(108.333369574571,66.9139083392095,36.9390329171813));
#3267=CARTESIAN_POINT('Ctrl Pts',(108.333227765594,66.908276295055,36.9953660107804));
#3268=CARTESIAN_POINT('Ctrl Pts',(108.500000068011,66.7499999319889,36.8263667299831));
#3269=CARTESIAN_POINT('Ctrl Pts',(108.500000068011,66.7499999319889,36.8826998235822));
#3270=CARTESIAN_POINT('Ctrl Pts',(108.500054361855,66.7458625088142,36.9390329171813));
#3271=CARTESIAN_POINT('Ctrl Pts',(108.499841648393,66.7374144425825,36.9953660107804));
#3272=CARTESIAN_POINT('',(108.,67.25,36.9953660107804));
#3273=CARTESIAN_POINT('Ctrl Pts',(108.5,66.75,36.8263667299831));
#3274=CARTESIAN_POINT('Ctrl Pts',(108.5,66.75,36.854451942608));
#3275=CARTESIAN_POINT('Ctrl Pts',(108.500013509549,66.7489662913605,36.8826920208421));
#3276=CARTESIAN_POINT('Ctrl Pts',(108.499987510916,66.7447689302453,36.939247405014));
#3277=CARTESIAN_POINT('Ctrl Pts',(108.499947261798,66.7416117239423,36.9673783102029));
#3278=CARTESIAN_POINT('Ctrl Pts',(108.499841580403,66.7374145123055,36.9953660107804));
#3279=CARTESIAN_POINT('Origin',(226.,65.75,30.2540333075852));
#3280=CARTESIAN_POINT('',(218.968245836552,66.75,30.2540333075852));
#3281=CARTESIAN_POINT('Origin',(218.968245836552,65.75,30.2540333075852));
#3282=CARTESIAN_POINT('Origin',(226.,66.75,30.2540333075852));
#3283=CARTESIAN_POINT('Origin',(106.,65.75,30.2540333075851));
#3284=CARTESIAN_POINT('',(113.031754163448,66.75,30.2540333075851));
#3285=CARTESIAN_POINT('Origin',(106.,66.75,30.2540333075851));
#3286=CARTESIAN_POINT('Origin',(113.031754163448,65.75,30.2540333075851));
#3287=CARTESIAN_POINT('Origin',(111.,66.75,-6.83679456704228E-15));
#3288=CARTESIAN_POINT('',(113.031754163448,66.75,-30.2540333075851));
#3289=CARTESIAN_POINT('Origin',(106.,66.75,-30.2540333075851));
#3290=CARTESIAN_POINT('',(113.031754163448,66.75,15.1270166537926));
#3291=CARTESIAN_POINT('Origin',(214.,66.,-47.9999999999999));
#3292=CARTESIAN_POINT('',(214.,80.,-57.9999999999999));
#3293=CARTESIAN_POINT('',(214.,66.,-57.9999999999999));
#3294=CARTESIAN_POINT('',(224.,80.,-47.9999999999999));
#3295=CARTESIAN_POINT('Origin',(214.,80.,-47.9999999999999));
#3296=CARTESIAN_POINT('',(224.,66.,-47.9999999999999));
#3297=CARTESIAN_POINT('Origin',(224.,66.,-57.9999999999999));
#3298=CARTESIAN_POINT('',(212.5,80.,-58.));
#3299=CARTESIAN_POINT('',(212.5,66.,-57.9999999999999));
#3300=CARTESIAN_POINT('',(108.,80.,-58.));
#3301=CARTESIAN_POINT('Origin',(212.5,66.,-54.9999999999999));
#3302=CARTESIAN_POINT('',(209.5,80.,-54.9999999999999));
#3303=CARTESIAN_POINT('',(209.5,66.,-54.9999999999999));
#3304=CARTESIAN_POINT('Origin',(212.5,80.,-54.9999999999999));
#3305=CARTESIAN_POINT('Origin',(209.5,66.,-42.9999999999999));
#3306=CARTESIAN_POINT('',(209.5,80.,-42.9999999999999));
#3307=CARTESIAN_POINT('',(209.5,66.,-42.9999999999999));
#3308=CARTESIAN_POINT('',(209.5,80.,-21.4999999999999));
#3309=CARTESIAN_POINT('Origin',(204.,66.,-42.9999999999999));
#3310=CARTESIAN_POINT('',(198.5,80.,-42.9999999999999));
#3311=CARTESIAN_POINT('',(198.5,66.,-42.9999999999999));
#3312=CARTESIAN_POINT('Origin',(204.,80.,-42.9999999999999));
#3313=CARTESIAN_POINT('Origin',(198.5,66.,-54.9999999999999));
#3314=CARTESIAN_POINT('',(198.5,80.,-54.9999999999999));
#3315=CARTESIAN_POINT('',(198.5,66.,-54.9999999999999));
#3316=CARTESIAN_POINT('',(198.5,80.,-27.4999999999999));
#3317=CARTESIAN_POINT('Origin',(195.5,66.,-54.9999999999999));
#3318=CARTESIAN_POINT('',(195.5,80.,-57.9999999999999));
#3319=CARTESIAN_POINT('',(195.5,66.,-57.9999999999999));
#3320=CARTESIAN_POINT('Origin',(195.5,80.,-54.9999999999999));
#3321=CARTESIAN_POINT('Origin',(224.,66.,-57.9999999999999));
#3322=CARTESIAN_POINT('',(136.5,80.,-57.9999999999999));
#3323=CARTESIAN_POINT('',(136.5,66.,-57.9999999999999));
#3324=CARTESIAN_POINT('',(108.,80.,-58.));
#3325=CARTESIAN_POINT('Origin',(136.5,66.,-54.9999999999999));
#3326=CARTESIAN_POINT('',(133.5,80.,-54.9999999999999));
#3327=CARTESIAN_POINT('',(133.5,66.,-54.9999999999999));
#3328=CARTESIAN_POINT('Origin',(136.5,80.,-54.9999999999999));
#3329=CARTESIAN_POINT('Origin',(133.5,66.,-43.));
#3330=CARTESIAN_POINT('',(133.5,80.,-43.));
#3331=CARTESIAN_POINT('',(133.5,66.,-43.));
#3332=CARTESIAN_POINT('',(133.5,80.,-21.4999999999999));
#3333=CARTESIAN_POINT('Origin',(128.,66.,-43.));
#3334=CARTESIAN_POINT('',(122.5,80.,-43.));
#3335=CARTESIAN_POINT('',(122.5,66.,-43.));
#3336=CARTESIAN_POINT('Origin',(128.,80.,-43.));
#3337=CARTESIAN_POINT('Origin',(122.5,66.,-54.9999999999999));
#3338=CARTESIAN_POINT('',(122.5,80.,-54.9999999999999));
#3339=CARTESIAN_POINT('',(122.5,66.,-54.9999999999999));
#3340=CARTESIAN_POINT('',(122.5,80.,-27.4999999999999));
#3341=CARTESIAN_POINT('Origin',(119.5,66.,-54.9999999999999));
#3342=CARTESIAN_POINT('',(119.5,80.,-57.9999999999999));
#3343=CARTESIAN_POINT('',(119.5,66.,-57.9999999999999));
#3344=CARTESIAN_POINT('Origin',(119.5,80.,-54.9999999999999));
#3345=CARTESIAN_POINT('Origin',(224.,66.,-57.9999999999999));
#3346=CARTESIAN_POINT('',(118.,80.,-57.9999999999999));
#3347=CARTESIAN_POINT('',(118.,66.,-57.9999999999999));
#3348=CARTESIAN_POINT('',(108.,80.,-58.));
#3349=CARTESIAN_POINT('Origin',(118.,66.,-48.));
#3350=CARTESIAN_POINT('',(108.,80.,-48.));
#3351=CARTESIAN_POINT('',(108.,66.,-48.));
#3352=CARTESIAN_POINT('Origin',(118.,80.,-48.));
#3353=CARTESIAN_POINT('Origin',(108.,66.,-58.));
#3354=CARTESIAN_POINT('',(108.,80.,48.));
#3355=CARTESIAN_POINT('',(108.,66.,48.));
#3356=CARTESIAN_POINT('',(108.,80.,58.));
#3357=CARTESIAN_POINT('Origin',(136.5,66.,55.));
#3358=CARTESIAN_POINT('',(136.5,80.,58.0000000000001));
#3359=CARTESIAN_POINT('',(136.5,66.,58.0000000000001));
#3360=CARTESIAN_POINT('',(133.5,80.,55.));
#3361=CARTESIAN_POINT('Origin',(136.5,80.,55.));
#3362=CARTESIAN_POINT('',(133.5,66.,55.));
#3363=CARTESIAN_POINT('Origin',(133.5,66.,55.));
#3364=CARTESIAN_POINT('',(133.5,80.,43.0000000000002));
#3365=CARTESIAN_POINT('',(133.5,80.,27.5));
#3366=CARTESIAN_POINT('',(133.5,66.,43.0000000000002));
#3367=CARTESIAN_POINT('Origin',(119.5,66.,55.0000000000001));
#3368=CARTESIAN_POINT('',(122.5,80.,55.0000000000001));
#3369=CARTESIAN_POINT('',(122.5,66.,55.0000000000001));
#3370=CARTESIAN_POINT('',(119.5,80.,58.0000000000001));
#3371=CARTESIAN_POINT('Origin',(119.5,80.,55.0000000000001));
#3372=CARTESIAN_POINT('',(119.5,66.,58.0000000000001));
#3373=CARTESIAN_POINT('Origin',(122.5,66.,43.0000000000003));
#3374=CARTESIAN_POINT('',(122.5,80.,43.0000000000003));
#3375=CARTESIAN_POINT('',(122.5,66.,43.0000000000003));
#3376=CARTESIAN_POINT('',(122.5,80.,21.5000000000002));
#3377=CARTESIAN_POINT('Origin',(128.,66.,43.0000000000002));
#3378=CARTESIAN_POINT('Origin',(128.,80.,43.0000000000002));
#3379=CARTESIAN_POINT('Origin',(212.5,66.,55.0000000000001));
#3380=CARTESIAN_POINT('',(212.5,80.,58.0000000000001));
#3381=CARTESIAN_POINT('',(212.5,66.,58.0000000000001));
#3382=CARTESIAN_POINT('',(209.5,80.,55.0000000000001));
#3383=CARTESIAN_POINT('Origin',(212.5,80.,55.0000000000001));
#3384=CARTESIAN_POINT('',(209.5,66.,55.0000000000001));
#3385=CARTESIAN_POINT('Origin',(195.5,66.,55.0000000000001));
#3386=CARTESIAN_POINT('',(198.5,80.,55.0000000000001));
#3387=CARTESIAN_POINT('',(198.5,66.,55.0000000000001));
#3388=CARTESIAN_POINT('',(195.5,80.,58.0000000000001));
#3389=CARTESIAN_POINT('Origin',(195.5,80.,55.0000000000001));
#3390=CARTESIAN_POINT('',(195.5,66.,58.0000000000001));
#3391=CARTESIAN_POINT('Origin',(198.5,66.,42.9999999999999));
#3392=CARTESIAN_POINT('',(198.5,80.,42.9999999999999));
#3393=CARTESIAN_POINT('',(198.5,66.,42.9999999999999));
#3394=CARTESIAN_POINT('',(198.5,80.,21.5));
#3395=CARTESIAN_POINT('Origin',(204.,66.,42.9999999999999));
#3396=CARTESIAN_POINT('',(209.5,80.,42.9999999999999));
#3397=CARTESIAN_POINT('',(209.5,66.,42.9999999999999));
#3398=CARTESIAN_POINT('Origin',(204.,80.,42.9999999999999));
#3399=CARTESIAN_POINT('Origin',(209.5,66.,55.0000000000001));
#3400=CARTESIAN_POINT('',(209.5,80.,27.5000000000001));
#3401=CARTESIAN_POINT('Origin',(108.,66.,58.));
#3402=CARTESIAN_POINT('',(214.,80.,58.0000000000001));
#3403=CARTESIAN_POINT('',(214.,66.,58.0000000000001));
#3404=CARTESIAN_POINT('',(224.,80.,58.0000000000001));
#3405=CARTESIAN_POINT('Origin',(108.,66.,58.));
#3406=CARTESIAN_POINT('',(118.,80.,58.0000000000001));
#3407=CARTESIAN_POINT('',(224.,80.,58.0000000000001));
#3408=CARTESIAN_POINT('',(118.,66.,58.0000000000001));
#3409=CARTESIAN_POINT('Origin',(108.,66.,58.));
#3410=CARTESIAN_POINT('',(224.,80.,58.0000000000001));
#3411=CARTESIAN_POINT('Origin',(218.968245836552,65.75,15.1270166537926));
#3412=CARTESIAN_POINT('',(218.968245836552,66.75,-30.2540333075851));
#3413=CARTESIAN_POINT('Origin',(218.968245836552,65.75,-30.254033307585));
#3414=CARTESIAN_POINT('',(218.968245836552,66.75,15.1270166537926));
#3415=CARTESIAN_POINT('Origin',(226.,65.75,-30.2540333075851));
#3416=CARTESIAN_POINT('Origin',(226.,66.75,-30.2540333075851));
#3417=CARTESIAN_POINT('Origin',(221.,66.75,4.62228118195249E-14));
#3418=CARTESIAN_POINT('Origin',(113.031754163448,65.75,15.1270166537926));
#3419=CARTESIAN_POINT('Origin',(113.031754163448,65.75,-30.2540333075851));
#3420=CARTESIAN_POINT('Origin',(106.,65.75,-30.2540333075851));
#3421=CARTESIAN_POINT('Origin',(214.,66.,48.0000000000001));
#3422=CARTESIAN_POINT('',(224.,80.,48.0000000000001));
#3423=CARTESIAN_POINT('',(224.,66.,48.0000000000001));
#3424=CARTESIAN_POINT('Origin',(214.,80.,48.0000000000001));
#3425=CARTESIAN_POINT('Origin',(224.,66.,58.0000000000001));
#3426=CARTESIAN_POINT('',(224.,80.,-57.9999999999999));
#3427=CARTESIAN_POINT('Origin',(118.,66.,48.0000000000001));
#3428=CARTESIAN_POINT('Origin',(118.,80.,48.0000000000001));
#3429=CARTESIAN_POINT('Origin',(166.,80.,7.32612695644052E-14));
#3430=CARTESIAN_POINT('',(4.44089209850063E-14,-5.10702591327572E-14,69.5));
#3431=UNCERTAINTY_MEASURE_WITH_UNIT(LENGTH_MEASURE(0.01),#3437,
'DISTANCE_ACCURACY_VALUE',
'Maximum model space distance between geometric entities at asserted c
onnectivities');
#3432=UNCERTAINTY_MEASURE_WITH_UNIT(LENGTH_MEASURE(0.01),#3437,
'DISTANCE_ACCURACY_VALUE',
'Maximum model space distance between geometric entities at asserted c
onnectivities');
#3433=UNCERTAINTY_MEASURE_WITH_UNIT(LENGTH_MEASURE(0.01),#3437,
'DISTANCE_ACCURACY_VALUE',
'Maximum model space distance between geometric entities at asserted c
onnectivities');
#3434=(
GEOMETRIC_REPRESENTATION_CONTEXT(3)
GLOBAL_UNCERTAINTY_ASSIGNED_CONTEXT((#3431))
GLOBAL_UNIT_ASSIGNED_CONTEXT((#3437,#3439,#3440))
REPRESENTATION_CONTEXT('','3D')
);
#3435=(
GEOMETRIC_REPRESENTATION_CONTEXT(3)
GLOBAL_UNCERTAINTY_ASSIGNED_CONTEXT((#3432))
GLOBAL_UNIT_ASSIGNED_CONTEXT((#3437,#3439,#3440))
REPRESENTATION_CONTEXT('','3D')
);
#3436=(
GEOMETRIC_REPRESENTATION_CONTEXT(3)
GLOBAL_UNCERTAINTY_ASSIGNED_CONTEXT((#3433))
GLOBAL_UNIT_ASSIGNED_CONTEXT((#3437,#3439,#3440))
REPRESENTATION_CONTEXT('','3D')
);
#3437=(
LENGTH_UNIT()
NAMED_UNIT(*)
SI_UNIT(.MILLI.,.METRE.)
);
#3438=(
LENGTH_UNIT()
NAMED_UNIT(*)
SI_UNIT($,.METRE.)
);
#3439=(
NAMED_UNIT(*)
PLANE_ANGLE_UNIT()
SI_UNIT($,.RADIAN.)
);
#3440=(
NAMED_UNIT(*)
SI_UNIT($,.STERADIAN.)
SOLID_ANGLE_UNIT()
);
#3441=SHAPE_DEFINITION_REPRESENTATION(#3443,#3446);
#3442=SHAPE_DEFINITION_REPRESENTATION(#3444,#3447);
#3443=PRODUCT_DEFINITION_SHAPE('',$,#3449);
#3444=PRODUCT_DEFINITION_SHAPE('',$,#3450);
#3445=PRODUCT_DEFINITION_SHAPE($,$,#14);
#3446=SHAPE_REPRESENTATION('',(#1714,#1894),#3434);
#3447=SHAPE_REPRESENTATION('',(#1715),#3435);
#3448=PRODUCT_DEFINITION_CONTEXT('part definition',#3456,'design');
#3449=PRODUCT_DEFINITION('Flowerpot','Flowerpot v4',#3451,#3448);
#3450=PRODUCT_DEFINITION(
'Mould Base - Through Plate Injection - Gate to bottom v11',
'Mould Base - Through Plate Injection - Gate to bottom v11',#3452,#3448);
#3451=PRODUCT_DEFINITION_FORMATION('',$,#3458);
#3452=PRODUCT_DEFINITION_FORMATION('',$,#3459);
#3453=PRODUCT_RELATED_PRODUCT_CATEGORY('Flowerpot v4','Flowerpot v4',(#3458));
#3454=PRODUCT_RELATED_PRODUCT_CATEGORY(
'Mould Base - Through Plate Injection - Gate to bottom v11',
'Mould Base - Through Plate Injection - Gate to bottom v11',(#3459));
#3455=APPLICATION_PROTOCOL_DEFINITION('international standard',
'automotive_design',2009,#3456);
#3456=APPLICATION_CONTEXT(
'Core Data for Automotive Mechanical Design Process');
#3457=PRODUCT_CONTEXT('part definition',#3456,'mechanical');
#3458=PRODUCT('Flowerpot','Flowerpot v4',$,(#3457));
#3459=PRODUCT(
'Mould Base - Through Plate Injection - Gate to bottom v11',
'Mould Base - Through Plate Injection - Gate to bottom v11',$,(#3457));
#3460=PRESENTATION_STYLE_ASSIGNMENT((#3462));
#3461=PRESENTATION_STYLE_ASSIGNMENT((#3463));
#3462=SURFACE_STYLE_USAGE(.BOTH.,#3464);
#3463=SURFACE_STYLE_USAGE(.BOTH.,#3465);
#3464=SURFACE_SIDE_STYLE('',(#3466));
#3465=SURFACE_SIDE_STYLE('',(#3467));
#3466=SURFACE_STYLE_FILL_AREA(#3468);
#3467=SURFACE_STYLE_FILL_AREA(#3469);
#3468=FILL_AREA_STYLE('Steel - Satin',(#3470));
#3469=FILL_AREA_STYLE('Opaque(245,245,246)',(#3471));
#3470=FILL_AREA_STYLE_COLOUR('Steel - Satin',#3472);
#3471=FILL_AREA_STYLE_COLOUR('Opaque(245,245,246)',#3473);
#3472=COLOUR_RGB('Steel - Satin',0.627450980392157,0.627450980392157,0.627450980392157);
#3473=COLOUR_RGB('Opaque(245,245,246)',0.96078431372549,0.96078431372549,
0.964705882352941);
ENDSEC;
END-ISO-10303-21;
