ISO-10303-21;
HEADER;
/* Generated by software containing ST-Developer
 * from STEP Tools, Inc. (www.steptools.com) 
 */

FILE_DESCRIPTION(
/* description */ (''),
/* implementation_level */ '2;1');

FILE_NAME(
/* name */ 'Bottom-bak v2.step',
/* time_stamp */ '2026-03-14T09:21:21+01:00',
/* author */ (''),
/* organization */ (''),
/* preprocessor_version */ 'ST-DEVELOPER v20.1',
/* originating_system */ 'Autodesk Translation Framework v14.24.0.0',
/* authorisation */ '');

FILE_SCHEMA (('AUTOMOTIVE_DESIGN { 1 0 10303 214 3 1 1 }'));
ENDSEC;

DATA;
#10=MECHANICAL_DESIGN_GEOMETRIC_PRESENTATION_REPRESENTATION('',(#13),#4199);
#11=SHAPE_REPRESENTATION_RELATIONSHIP('SRR','None',#4206,#12);
#12=ADVANCED_BREP_SHAPE_REPRESENTATION('',(#14),#4198);
#13=STYLED_ITEM('',(#4216),#14);
#14=MANIFOLD_SOLID_BREP('Top',#2373);
#15=CONICAL_SURFACE('',#2485,10.,0.0366519142918815);
#16=CONICAL_SURFACE('',#2488,10.,0.0366519142918815);
#17=CONICAL_SURFACE('',#2491,10.,0.0366519142918815);
#18=CONICAL_SURFACE('',#2501,7.00000000000001,0.0523598775598306);
#19=CONICAL_SURFACE('',#2504,7.00000000000001,0.0523598775598306);
#20=CONICAL_SURFACE('',#2507,7.,0.0523598775598306);
#21=CONICAL_SURFACE('',#2510,7.,0.0523598775598306);
#22=CONICAL_SURFACE('',#2513,10.,0.0366519142918815);
#23=CONICAL_SURFACE('',#2515,10.,0.0366519142918815);
#24=CONICAL_SURFACE('',#2518,10.,0.0366519142918815);
#25=CONICAL_SURFACE('',#2521,10.,0.0366519142918815);
#26=CONICAL_SURFACE('',#2531,7.00000000000001,0.0523598775598306);
#27=CONICAL_SURFACE('',#2534,7.00000000000001,0.0523598775598306);
#28=CONICAL_SURFACE('',#2537,7.,0.0523598775598306);
#29=CONICAL_SURFACE('',#2540,7.,0.0523598775598306);
#30=CONICAL_SURFACE('',#2543,10.,0.0366519142918815);
#31=CONICAL_SURFACE('',#2545,10.,0.0366519142918815);
#32=CONICAL_SURFACE('',#2548,9.99999999999999,0.0366519142918815);
#33=CONICAL_SURFACE('',#2551,10.,0.0366519142918815);
#34=CONICAL_SURFACE('',#2561,7.,0.0523598775598306);
#35=CONICAL_SURFACE('',#2564,7.,0.0523598775598306);
#36=CONICAL_SURFACE('',#2567,7.,0.0523598775598306);
#37=CONICAL_SURFACE('',#2570,7.,0.0523598775598306);
#38=CONICAL_SURFACE('',#2573,10.,0.0366519142918815);
#39=CONICAL_SURFACE('',#2575,10.,0.0366519142918815);
#40=CONICAL_SURFACE('',#2578,10.,0.0366519142918815);
#41=CONICAL_SURFACE('',#2581,10.,0.0366519142918815);
#42=CONICAL_SURFACE('',#2591,6.99999999999999,0.0523598775598306);
#43=CONICAL_SURFACE('',#2594,7.,0.0523598775598306);
#44=CONICAL_SURFACE('',#2597,7.,0.0523598775598306);
#45=CONICAL_SURFACE('',#2600,7.,0.0523598775598306);
#46=CONICAL_SURFACE('',#2603,10.,0.0366519142918815);
#47=FACE_BOUND('',#690,.T.);
#48=FACE_BOUND('',#709,.T.);
#49=FACE_BOUND('',#718,.T.);
#50=FACE_BOUND('',#737,.T.);
#51=FACE_BOUND('',#756,.T.);
#52=FACE_BOUND('',#775,.T.);
#53=B_SPLINE_CURVE_WITH_KNOTS('',3,(#3369,#3370,#3371,#3372,#3373,#3374,
#3375,#3376,#3377,#3378,#3379,#3380),.UNSPECIFIED.,.F.,.F.,(4,2,2,2,2,4),
(0.452839147883016,0.566047720306786,0.679256292730556,0.792467294248294,
0.905678295766033,0.932790835671057),.UNSPECIFIED.);
#54=B_SPLINE_CURVE_WITH_KNOTS('',3,(#3384,#3385,#3386,#3387,#3388,#3389,
#3390,#3391,#3392,#3393,#3394,#3395,#3396,#3397,#3398,#3399,#3400,#3401,
#3402,#3403,#3404,#3405,#3406),.UNSPECIFIED.,.F.,.F.,(4,3,2,2,2,2,2,2,2,
2,4),(-0.0271125399050244,0.,0.113211001517739,0.226422003035477,0.339630575459247,
0.452839147883016,0.566047720306786,0.679256292730556,0.792467294248294,
0.905678295766033,0.932790835671057),.UNSPECIFIED.);
#55=B_SPLINE_CURVE_WITH_KNOTS('',3,(#3410,#3411,#3412,#3413,#3414,#3415,
#3416,#3417,#3418,#3419,#3420,#3421,#3422,#3423,#3424,#3425,#3426,#3427,
#3428,#3429,#3430,#3431,#3432),.UNSPECIFIED.,.F.,.F.,(4,2,2,2,2,2,2,2,2,
3,4),(-0.932790835671057,-0.905678295766033,-0.792467294248294,-0.679256292730556,
-0.566047720306786,-0.452839147883016,-0.339630575459247,-0.226422003035477,
-0.113211001517739,0.,0.0271125399050244),.UNSPECIFIED.);
#56=B_SPLINE_CURVE_WITH_KNOTS('',3,(#3436,#3437,#3438,#3439,#3440,#3441,
#3442,#3443,#3444,#3445,#3446,#3447,#3448,#3449,#3450,#3451,#3452,#3453,
#3454,#3455,#3456,#3457,#3458),.UNSPECIFIED.,.F.,.F.,(4,2,2,2,2,2,2,2,2,
3,4),(-0.932790835671057,-0.905678295766033,-0.792467294248294,-0.679256292730556,
-0.566047720306786,-0.452839147883016,-0.339630575459247,-0.226422003035477,
-0.113211001517739,0.,0.0271125399050244),.UNSPECIFIED.);
#57=B_SPLINE_CURVE_WITH_KNOTS('',3,(#3461,#3462,#3463,#3464,#3465,#3466,
#3467,#3468,#3469,#3470,#3471,#3472,#3473),.UNSPECIFIED.,.F.,.F.,(4,3,2,
2,2,4),(-0.0271125399050245,0.,0.113211001517739,0.226422003035477,0.339630575459247,
0.452839147883016),.UNSPECIFIED.);
#58=B_SPLINE_CURVE_WITH_KNOTS('',3,(#3487,#3488,#3489,#3490,#3491,#3492,
#3493,#3494,#3495,#3496,#3497,#3498,#3499,#3500,#3501,#3502,#3503,#3504,
#3505,#3506,#3507,#3508,#3509),.UNSPECIFIED.,.F.,.F.,(4,3,2,2,2,2,2,2,2,
2,4),(-0.0287716039203103,0.,0.112444467741202,0.224888935482404,0.33725860928596,
0.449628283089516,0.565330089798555,0.681031896507593,0.793651106331847,
0.906270316156101,0.938037536080684),.UNSPECIFIED.);
#59=B_SPLINE_CURVE_WITH_KNOTS('',3,(#3514,#3515,#3516,#3517,#3518,#3519,
#3520,#3521,#3522,#3523,#3524,#3525,#3526,#3527,#3528,#3529,#3530,#3531,
#3532,#3533,#3534,#3535,#3536),.UNSPECIFIED.,.F.,.F.,(4,2,2,2,2,2,2,2,2,
3,4),(-0.935041920076411,-0.906270316156101,-0.793825848414899,-0.681381380673697,
-0.569011706870141,-0.456642033066585,-0.340940226357546,-0.225238419648508,
-0.112619209824254,0.,0.0317672199245819),.UNSPECIFIED.);
#60=B_SPLINE_CURVE_WITH_KNOTS('',3,(#3543,#3544,#3545,#3546,#3547,#3548,
#3549,#3550,#3551,#3552,#3553,#3554,#3555,#3556,#3557,#3558,#3559,#3560,
#3561,#3562,#3563,#3564,#3565),.UNSPECIFIED.,.F.,.F.,(4,3,2,2,2,2,2,2,2,
2,4),(-0.0287716039203099,0.,0.112444467741202,0.224888935482404,0.337258609285961,
0.449628283089517,0.565330089798556,0.681031896507594,0.793651106331849,
0.906270316156103,0.938037536080685),.UNSPECIFIED.);
#61=B_SPLINE_CURVE_WITH_KNOTS('',3,(#3570,#3571,#3572,#3573,#3574,#3575,
#3576,#3577,#3578,#3579,#3580,#3581,#3582,#3583,#3584,#3585,#3586,#3587,
#3588,#3589,#3590,#3591,#3592),.UNSPECIFIED.,.F.,.F.,(4,2,2,2,2,2,2,2,2,
3,4),(-0.935041920076414,-0.906270316156104,-0.793825848414902,-0.6813813806737,
-0.569011706870143,-0.456642033066587,-0.340940226357548,-0.225238419648508,
-0.112619209824254,0.,0.0317672199245829),.UNSPECIFIED.);
#62=LINE('',#3326,#292);
#63=LINE('',#3334,#293);
#64=LINE('',#3337,#294);
#65=LINE('',#3343,#295);
#66=LINE('',#3346,#296);
#67=LINE('',#3352,#297);
#68=LINE('',#3355,#298);
#69=LINE('',#3361,#299);
#70=LINE('',#3364,#300);
#71=LINE('',#3367,#301);
#72=LINE('',#3479,#302);
#73=LINE('',#3482,#303);
#74=LINE('',#3485,#304);
#75=LINE('',#3510,#305);
#76=LINE('',#3537,#306);
#77=LINE('',#3538,#307);
#78=LINE('',#3541,#308);
#79=LINE('',#3566,#309);
#80=LINE('',#3593,#310);
#81=LINE('',#3594,#311);
#82=LINE('',#3598,#312);
#83=LINE('',#3600,#313);
#84=LINE('',#3602,#314);
#85=LINE('',#3603,#315);
#86=LINE('',#3606,#316);
#87=LINE('',#3608,#317);
#88=LINE('',#3609,#318);
#89=LINE('',#3612,#319);
#90=LINE('',#3614,#320);
#91=LINE('',#3615,#321);
#92=LINE('',#3619,#322);
#93=LINE('',#3621,#323);
#94=LINE('',#3623,#324);
#95=LINE('',#3624,#325);
#96=LINE('',#3628,#326);
#97=LINE('',#3630,#327);
#98=LINE('',#3632,#328);
#99=LINE('',#3633,#329);
#100=LINE('',#3637,#330);
#101=LINE('',#3639,#331);
#102=LINE('',#3641,#332);
#103=LINE('',#3642,#333);
#104=LINE('',#3646,#334);
#105=LINE('',#3648,#335);
#106=LINE('',#3652,#336);
#107=LINE('',#3654,#337);
#108=LINE('',#3659,#338);
#109=LINE('',#3661,#339);
#110=LINE('',#3666,#340);
#111=LINE('',#3669,#341);
#112=LINE('',#3671,#342);
#113=LINE('',#3675,#343);
#114=LINE('',#3680,#344);
#115=LINE('',#3685,#345);
#116=LINE('',#3688,#346);
#117=LINE('',#3693,#347);
#118=LINE('',#3695,#348);
#119=LINE('',#3701,#349);
#120=LINE('',#3703,#350);
#121=LINE('',#3710,#351);
#122=LINE('',#3712,#352);
#123=LINE('',#3716,#353);
#124=LINE('',#3720,#354);
#125=LINE('',#3722,#355);
#126=LINE('',#3723,#356);
#127=LINE('',#3726,#357);
#128=LINE('',#3728,#358);
#129=LINE('',#3729,#359);
#130=LINE('',#3732,#360);
#131=LINE('',#3734,#361);
#132=LINE('',#3735,#362);
#133=LINE('',#3737,#363);
#134=LINE('',#3738,#364);
#135=LINE('',#3741,#365);
#136=LINE('',#3742,#366);
#137=LINE('',#3744,#367);
#138=LINE('',#3745,#368);
#139=LINE('',#3751,#369);
#140=LINE('',#3753,#370);
#141=LINE('',#3754,#371);
#142=LINE('',#3757,#372);
#143=LINE('',#3758,#373);
#144=LINE('',#3761,#374);
#145=LINE('',#3762,#375);
#146=LINE('',#3765,#376);
#147=LINE('',#3766,#377);
#148=LINE('',#3768,#378);
#149=LINE('',#3769,#379);
#150=LINE('',#3770,#380);
#151=LINE('',#3771,#381);
#152=LINE('',#3772,#382);
#153=LINE('',#3773,#383);
#154=LINE('',#3774,#384);
#155=LINE('',#3775,#385);
#156=LINE('',#3779,#386);
#157=LINE('',#3783,#387);
#158=LINE('',#3787,#388);
#159=LINE('',#3791,#389);
#160=LINE('',#3796,#390);
#161=LINE('',#3800,#391);
#162=LINE('',#3804,#392);
#163=LINE('',#3808,#393);
#164=LINE('',#3813,#394);
#165=LINE('',#3817,#395);
#166=LINE('',#3821,#396);
#167=LINE('',#3825,#397);
#168=LINE('',#3830,#398);
#169=LINE('',#3834,#399);
#170=LINE('',#3838,#400);
#171=LINE('',#3842,#401);
#172=LINE('',#3847,#402);
#173=LINE('',#3848,#403);
#174=LINE('',#3849,#404);
#175=LINE('',#3853,#405);
#176=LINE('',#3856,#406);
#177=LINE('',#3857,#407);
#178=LINE('',#3861,#408);
#179=LINE('',#3864,#409);
#180=LINE('',#3865,#410);
#181=LINE('',#3869,#411);
#182=LINE('',#3872,#412);
#183=LINE('',#3873,#413);
#184=LINE('',#3880,#414);
#185=LINE('',#3884,#415);
#186=LINE('',#3888,#416);
#187=LINE('',#3891,#417);
#188=LINE('',#3895,#418);
#189=LINE('',#3896,#419);
#190=LINE('',#3897,#420);
#191=LINE('',#3901,#421);
#192=LINE('',#3904,#422);
#193=LINE('',#3905,#423);
#194=LINE('',#3909,#424);
#195=LINE('',#3912,#425);
#196=LINE('',#3913,#426);
#197=LINE('',#3917,#427);
#198=LINE('',#3920,#428);
#199=LINE('',#3921,#429);
#200=LINE('',#3929,#430);
#201=LINE('',#3930,#431);
#202=LINE('',#3931,#432);
#203=LINE('',#3935,#433);
#204=LINE('',#3938,#434);
#205=LINE('',#3939,#435);
#206=LINE('',#3943,#436);
#207=LINE('',#3946,#437);
#208=LINE('',#3947,#438);
#209=LINE('',#3951,#439);
#210=LINE('',#3954,#440);
#211=LINE('',#3955,#441);
#212=LINE('',#3962,#442);
#213=LINE('',#3966,#443);
#214=LINE('',#3970,#444);
#215=LINE('',#3973,#445);
#216=LINE('',#3977,#446);
#217=LINE('',#3978,#447);
#218=LINE('',#3979,#448);
#219=LINE('',#3983,#449);
#220=LINE('',#3986,#450);
#221=LINE('',#3987,#451);
#222=LINE('',#3991,#452);
#223=LINE('',#3994,#453);
#224=LINE('',#3995,#454);
#225=LINE('',#3999,#455);
#226=LINE('',#4002,#456);
#227=LINE('',#4003,#457);
#228=LINE('',#4011,#458);
#229=LINE('',#4012,#459);
#230=LINE('',#4013,#460);
#231=LINE('',#4017,#461);
#232=LINE('',#4020,#462);
#233=LINE('',#4021,#463);
#234=LINE('',#4025,#464);
#235=LINE('',#4028,#465);
#236=LINE('',#4029,#466);
#237=LINE('',#4033,#467);
#238=LINE('',#4036,#468);
#239=LINE('',#4037,#469);
#240=LINE('',#4044,#470);
#241=LINE('',#4048,#471);
#242=LINE('',#4052,#472);
#243=LINE('',#4055,#473);
#244=LINE('',#4059,#474);
#245=LINE('',#4060,#475);
#246=LINE('',#4061,#476);
#247=LINE('',#4065,#477);
#248=LINE('',#4068,#478);
#249=LINE('',#4069,#479);
#250=LINE('',#4073,#480);
#251=LINE('',#4076,#481);
#252=LINE('',#4077,#482);
#253=LINE('',#4081,#483);
#254=LINE('',#4084,#484);
#255=LINE('',#4085,#485);
#256=LINE('',#4093,#486);
#257=LINE('',#4094,#487);
#258=LINE('',#4095,#488);
#259=LINE('',#4099,#489);
#260=LINE('',#4102,#490);
#261=LINE('',#4103,#491);
#262=LINE('',#4107,#492);
#263=LINE('',#4110,#493);
#264=LINE('',#4111,#494);
#265=LINE('',#4115,#495);
#266=LINE('',#4118,#496);
#267=LINE('',#4119,#497);
#268=LINE('',#4126,#498);
#269=LINE('',#4130,#499);
#270=LINE('',#4134,#500);
#271=LINE('',#4137,#501);
#272=LINE('',#4141,#502);
#273=LINE('',#4142,#503);
#274=LINE('',#4143,#504);
#275=LINE('',#4147,#505);
#276=LINE('',#4150,#506);
#277=LINE('',#4151,#507);
#278=LINE('',#4155,#508);
#279=LINE('',#4158,#509);
#280=LINE('',#4159,#510);
#281=LINE('',#4163,#511);
#282=LINE('',#4166,#512);
#283=LINE('',#4167,#513);
#284=LINE('',#4173,#514);
#285=LINE('',#4175,#515);
#286=LINE('',#4179,#516);
#287=LINE('',#4182,#517);
#288=LINE('',#4185,#518);
#289=LINE('',#4188,#519);
#290=LINE('',#4191,#520);
#291=LINE('',#4194,#521);
#292=VECTOR('',#2630,31.8534907767472);
#293=VECTOR('',#2639,1000.);
#294=VECTOR('',#2642,1000.);
#295=VECTOR('',#2647,1000.);
#296=VECTOR('',#2650,1000.);
#297=VECTOR('',#2655,1000.);
#298=VECTOR('',#2658,1000.);
#299=VECTOR('',#2663,1000.);
#300=VECTOR('',#2666,1000.);
#301=VECTOR('',#2669,19.);
#302=VECTOR('',#2682,1000.);
#303=VECTOR('',#2685,1000.);
#304=VECTOR('',#2688,1000.);
#305=VECTOR('',#2689,1000.);
#306=VECTOR('',#2692,1000.);
#307=VECTOR('',#2693,1000.);
#308=VECTOR('',#2696,1000.);
#309=VECTOR('',#2697,1000.);
#310=VECTOR('',#2700,1000.);
#311=VECTOR('',#2701,1000.);
#312=VECTOR('',#2704,1000.);
#313=VECTOR('',#2705,1000.);
#314=VECTOR('',#2706,1000.);
#315=VECTOR('',#2707,1000.);
#316=VECTOR('',#2710,1000.);
#317=VECTOR('',#2711,1000.);
#318=VECTOR('',#2712,1000.);
#319=VECTOR('',#2715,1000.);
#320=VECTOR('',#2716,1000.);
#321=VECTOR('',#2717,1000.);
#322=VECTOR('',#2720,1000.);
#323=VECTOR('',#2721,1000.);
#324=VECTOR('',#2722,1000.);
#325=VECTOR('',#2723,1000.);
#326=VECTOR('',#2726,1000.);
#327=VECTOR('',#2727,1000.);
#328=VECTOR('',#2728,1000.);
#329=VECTOR('',#2729,1000.);
#330=VECTOR('',#2732,1000.);
#331=VECTOR('',#2733,1000.);
#332=VECTOR('',#2734,1000.);
#333=VECTOR('',#2735,1000.);
#334=VECTOR('',#2740,1000.);
#335=VECTOR('',#2741,1000.);
#336=VECTOR('',#2746,1000.);
#337=VECTOR('',#2747,1000.);
#338=VECTOR('',#2754,1000.);
#339=VECTOR('',#2755,1000.);
#340=VECTOR('',#2760,1000.);
#341=VECTOR('',#2763,1000.);
#342=VECTOR('',#2764,1000.);
#343=VECTOR('',#2767,1000.);
#344=VECTOR('',#2772,1000.);
#345=VECTOR('',#2777,1000.);
#346=VECTOR('',#2780,1000.);
#347=VECTOR('',#2785,1000.);
#348=VECTOR('',#2786,1000.);
#349=VECTOR('',#2793,1000.);
#350=VECTOR('',#2794,1000.);
#351=VECTOR('',#2803,1000.);
#352=VECTOR('',#2804,1000.);
#353=VECTOR('',#2807,1000.);
#354=VECTOR('',#2812,1000.);
#355=VECTOR('',#2813,1000.);
#356=VECTOR('',#2814,1000.);
#357=VECTOR('',#2817,1000.);
#358=VECTOR('',#2818,1000.);
#359=VECTOR('',#2819,1000.);
#360=VECTOR('',#2822,1000.);
#361=VECTOR('',#2823,1000.);
#362=VECTOR('',#2824,1000.);
#363=VECTOR('',#2827,1000.);
#364=VECTOR('',#2828,1000.);
#365=VECTOR('',#2831,1000.);
#366=VECTOR('',#2832,1000.);
#367=VECTOR('',#2835,1000.);
#368=VECTOR('',#2836,1000.);
#369=VECTOR('',#2845,1000.);
#370=VECTOR('',#2846,1000.);
#371=VECTOR('',#2847,1000.);
#372=VECTOR('',#2850,1000.);
#373=VECTOR('',#2851,1000.);
#374=VECTOR('',#2854,1000.);
#375=VECTOR('',#2855,1000.);
#376=VECTOR('',#2858,1000.);
#377=VECTOR('',#2859,1000.);
#378=VECTOR('',#2862,1000.);
#379=VECTOR('',#2863,1000.);
#380=VECTOR('',#2864,1000.);
#381=VECTOR('',#2865,1000.);
#382=VECTOR('',#2866,1000.);
#383=VECTOR('',#2867,1000.);
#384=VECTOR('',#2868,1000.);
#385=VECTOR('',#2869,1000.);
#386=VECTOR('',#2872,1000.);
#387=VECTOR('',#2875,1000.);
#388=VECTOR('',#2878,1000.);
#389=VECTOR('',#2881,1000.);
#390=VECTOR('',#2886,1000.);
#391=VECTOR('',#2889,1000.);
#392=VECTOR('',#2892,1000.);
#393=VECTOR('',#2895,1000.);
#394=VECTOR('',#2900,1000.);
#395=VECTOR('',#2903,1000.);
#396=VECTOR('',#2906,1000.);
#397=VECTOR('',#2909,1000.);
#398=VECTOR('',#2914,1000.);
#399=VECTOR('',#2917,1000.);
#400=VECTOR('',#2920,1000.);
#401=VECTOR('',#2923,1000.);
#402=VECTOR('',#2928,1000.);
#403=VECTOR('',#2929,1000.);
#404=VECTOR('',#2930,1000.);
#405=VECTOR('',#2935,1000.);
#406=VECTOR('',#2938,1000.);
#407=VECTOR('',#2939,1000.);
#408=VECTOR('',#2944,1000.);
#409=VECTOR('',#2947,1000.);
#410=VECTOR('',#2948,1000.);
#411=VECTOR('',#2953,1000.);
#412=VECTOR('',#2956,1000.);
#413=VECTOR('',#2957,1000.);
#414=VECTOR('',#2964,1000.);
#415=VECTOR('',#2967,1000.);
#416=VECTOR('',#2970,1000.);
#417=VECTOR('',#2973,1000.);
#418=VECTOR('',#2976,1000.);
#419=VECTOR('',#2977,1000.);
#420=VECTOR('',#2978,1000.);
#421=VECTOR('',#2983,1000.);
#422=VECTOR('',#2986,1000.);
#423=VECTOR('',#2987,1000.);
#424=VECTOR('',#2992,1000.);
#425=VECTOR('',#2995,1000.);
#426=VECTOR('',#2996,1000.);
#427=VECTOR('',#3001,1000.);
#428=VECTOR('',#3004,1000.);
#429=VECTOR('',#3005,1000.);
#430=VECTOR('',#3016,1000.);
#431=VECTOR('',#3017,1000.);
#432=VECTOR('',#3018,1000.);
#433=VECTOR('',#3023,1000.);
#434=VECTOR('',#3026,1000.);
#435=VECTOR('',#3027,1000.);
#436=VECTOR('',#3032,1000.);
#437=VECTOR('',#3035,1000.);
#438=VECTOR('',#3036,1000.);
#439=VECTOR('',#3041,1000.);
#440=VECTOR('',#3044,1000.);
#441=VECTOR('',#3045,1000.);
#442=VECTOR('',#3052,1000.);
#443=VECTOR('',#3055,1000.);
#444=VECTOR('',#3058,1000.);
#445=VECTOR('',#3061,1000.);
#446=VECTOR('',#3064,1000.);
#447=VECTOR('',#3065,1000.);
#448=VECTOR('',#3066,1000.);
#449=VECTOR('',#3071,1000.);
#450=VECTOR('',#3074,1000.);
#451=VECTOR('',#3075,1000.);
#452=VECTOR('',#3080,1000.);
#453=VECTOR('',#3083,1000.);
#454=VECTOR('',#3084,1000.);
#455=VECTOR('',#3089,1000.);
#456=VECTOR('',#3092,1000.);
#457=VECTOR('',#3093,1000.);
#458=VECTOR('',#3104,1000.);
#459=VECTOR('',#3105,1000.);
#460=VECTOR('',#3106,1000.);
#461=VECTOR('',#3111,1000.);
#462=VECTOR('',#3114,1000.);
#463=VECTOR('',#3115,1000.);
#464=VECTOR('',#3120,1000.);
#465=VECTOR('',#3123,1000.);
#466=VECTOR('',#3124,1000.);
#467=VECTOR('',#3129,1000.);
#468=VECTOR('',#3132,1000.);
#469=VECTOR('',#3133,1000.);
#470=VECTOR('',#3140,1000.);
#471=VECTOR('',#3143,1000.);
#472=VECTOR('',#3146,1000.);
#473=VECTOR('',#3149,1000.);
#474=VECTOR('',#3152,1000.);
#475=VECTOR('',#3153,1000.);
#476=VECTOR('',#3154,1000.);
#477=VECTOR('',#3159,1000.);
#478=VECTOR('',#3162,1000.);
#479=VECTOR('',#3163,1000.);
#480=VECTOR('',#3168,1000.);
#481=VECTOR('',#3171,1000.);
#482=VECTOR('',#3172,1000.);
#483=VECTOR('',#3177,1000.);
#484=VECTOR('',#3180,1000.);
#485=VECTOR('',#3181,1000.);
#486=VECTOR('',#3192,1000.);
#487=VECTOR('',#3193,1000.);
#488=VECTOR('',#3194,1000.);
#489=VECTOR('',#3199,1000.);
#490=VECTOR('',#3202,1000.);
#491=VECTOR('',#3203,1000.);
#492=VECTOR('',#3208,1000.);
#493=VECTOR('',#3211,1000.);
#494=VECTOR('',#3212,1000.);
#495=VECTOR('',#3217,1000.);
#496=VECTOR('',#3220,1000.);
#497=VECTOR('',#3221,1000.);
#498=VECTOR('',#3228,1000.);
#499=VECTOR('',#3231,1000.);
#500=VECTOR('',#3234,1000.);
#501=VECTOR('',#3237,1000.);
#502=VECTOR('',#3240,1000.);
#503=VECTOR('',#3241,1000.);
#504=VECTOR('',#3242,1000.);
#505=VECTOR('',#3247,1000.);
#506=VECTOR('',#3250,1000.);
#507=VECTOR('',#3251,1000.);
#508=VECTOR('',#3256,1000.);
#509=VECTOR('',#3259,1000.);
#510=VECTOR('',#3260,1000.);
#511=VECTOR('',#3265,1000.);
#512=VECTOR('',#3268,1000.);
#513=VECTOR('',#3269,1000.);
#514=VECTOR('',#3280,1000.);
#515=VECTOR('',#3283,1000.);
#516=VECTOR('',#3290,1000.);
#517=VECTOR('',#3295,1000.);
#518=VECTOR('',#3300,1000.);
#519=VECTOR('',#3305,1000.);
#520=VECTOR('',#3310,1000.);
#521=VECTOR('',#3315,1000.);
#522=CYLINDRICAL_SURFACE('',#2389,31.8534907767472);
#523=CYLINDRICAL_SURFACE('',#2393,4.24999999999999);
#524=CYLINDRICAL_SURFACE('',#2396,4.24999999999999);
#525=CYLINDRICAL_SURFACE('',#2399,4.24999999999999);
#526=CYLINDRICAL_SURFACE('',#2402,4.24999999999999);
#527=CYLINDRICAL_SURFACE('',#2405,19.);
#528=CYLINDRICAL_SURFACE('',#2410,8.00000000000001);
#529=CYLINDRICAL_SURFACE('',#2413,3.);
#530=CYLINDRICAL_SURFACE('',#2414,3.);
#531=CYLINDRICAL_SURFACE('',#2415,3.);
#532=CYLINDRICAL_SURFACE('',#2416,3.);
#533=CYLINDRICAL_SURFACE('',#2456,8.);
#534=CYLINDRICAL_SURFACE('',#2457,8.00000000000001);
#535=CYLINDRICAL_SURFACE('',#2458,8.);
#536=CYLINDRICAL_SURFACE('',#2606,8.00000000000001);
#537=CYLINDRICAL_SURFACE('',#2607,8.00000000000001);
#538=CYLINDRICAL_SURFACE('',#2608,8.00000000000001);
#539=CYLINDRICAL_SURFACE('',#2611,8.00000000000001);
#540=CYLINDRICAL_SURFACE('',#2612,7.99999999999999);
#541=CYLINDRICAL_SURFACE('',#2615,7.99999999999999);
#542=CYLINDRICAL_SURFACE('',#2616,7.99999999999999);
#543=CYLINDRICAL_SURFACE('',#2619,8.00000000000001);
#544=FACE_OUTER_BOUND('',#670,.T.);
#545=FACE_OUTER_BOUND('',#671,.T.);
#546=FACE_OUTER_BOUND('',#672,.T.);
#547=FACE_OUTER_BOUND('',#673,.T.);
#548=FACE_OUTER_BOUND('',#674,.T.);
#549=FACE_OUTER_BOUND('',#675,.T.);
#550=FACE_OUTER_BOUND('',#676,.T.);
#551=FACE_OUTER_BOUND('',#677,.T.);
#552=FACE_OUTER_BOUND('',#678,.T.);
#553=FACE_OUTER_BOUND('',#679,.T.);
#554=FACE_OUTER_BOUND('',#680,.T.);
#555=FACE_OUTER_BOUND('',#681,.T.);
#556=FACE_OUTER_BOUND('',#682,.T.);
#557=FACE_OUTER_BOUND('',#683,.T.);
#558=FACE_OUTER_BOUND('',#684,.T.);
#559=FACE_OUTER_BOUND('',#685,.T.);
#560=FACE_OUTER_BOUND('',#686,.T.);
#561=FACE_OUTER_BOUND('',#687,.T.);
#562=FACE_OUTER_BOUND('',#688,.T.);
#563=FACE_OUTER_BOUND('',#689,.T.);
#564=FACE_OUTER_BOUND('',#691,.T.);
#565=FACE_OUTER_BOUND('',#692,.T.);
#566=FACE_OUTER_BOUND('',#693,.T.);
#567=FACE_OUTER_BOUND('',#694,.T.);
#568=FACE_OUTER_BOUND('',#695,.T.);
#569=FACE_OUTER_BOUND('',#696,.T.);
#570=FACE_OUTER_BOUND('',#697,.T.);
#571=FACE_OUTER_BOUND('',#698,.T.);
#572=FACE_OUTER_BOUND('',#699,.T.);
#573=FACE_OUTER_BOUND('',#700,.T.);
#574=FACE_OUTER_BOUND('',#701,.T.);
#575=FACE_OUTER_BOUND('',#702,.T.);
#576=FACE_OUTER_BOUND('',#703,.T.);
#577=FACE_OUTER_BOUND('',#704,.T.);
#578=FACE_OUTER_BOUND('',#705,.T.);
#579=FACE_OUTER_BOUND('',#706,.T.);
#580=FACE_OUTER_BOUND('',#707,.T.);
#581=FACE_OUTER_BOUND('',#708,.T.);
#582=FACE_OUTER_BOUND('',#710,.T.);
#583=FACE_OUTER_BOUND('',#711,.T.);
#584=FACE_OUTER_BOUND('',#712,.T.);
#585=FACE_OUTER_BOUND('',#713,.T.);
#586=FACE_OUTER_BOUND('',#714,.T.);
#587=FACE_OUTER_BOUND('',#715,.T.);
#588=FACE_OUTER_BOUND('',#716,.T.);
#589=FACE_OUTER_BOUND('',#717,.T.);
#590=FACE_OUTER_BOUND('',#719,.T.);
#591=FACE_OUTER_BOUND('',#720,.T.);
#592=FACE_OUTER_BOUND('',#721,.T.);
#593=FACE_OUTER_BOUND('',#722,.T.);
#594=FACE_OUTER_BOUND('',#723,.T.);
#595=FACE_OUTER_BOUND('',#724,.T.);
#596=FACE_OUTER_BOUND('',#725,.T.);
#597=FACE_OUTER_BOUND('',#726,.T.);
#598=FACE_OUTER_BOUND('',#727,.T.);
#599=FACE_OUTER_BOUND('',#728,.T.);
#600=FACE_OUTER_BOUND('',#729,.T.);
#601=FACE_OUTER_BOUND('',#730,.T.);
#602=FACE_OUTER_BOUND('',#731,.T.);
#603=FACE_OUTER_BOUND('',#732,.T.);
#604=FACE_OUTER_BOUND('',#733,.T.);
#605=FACE_OUTER_BOUND('',#734,.T.);
#606=FACE_OUTER_BOUND('',#735,.T.);
#607=FACE_OUTER_BOUND('',#736,.T.);
#608=FACE_OUTER_BOUND('',#738,.T.);
#609=FACE_OUTER_BOUND('',#739,.T.);
#610=FACE_OUTER_BOUND('',#740,.T.);
#611=FACE_OUTER_BOUND('',#741,.T.);
#612=FACE_OUTER_BOUND('',#742,.T.);
#613=FACE_OUTER_BOUND('',#743,.T.);
#614=FACE_OUTER_BOUND('',#744,.T.);
#615=FACE_OUTER_BOUND('',#745,.T.);
#616=FACE_OUTER_BOUND('',#746,.T.);
#617=FACE_OUTER_BOUND('',#747,.T.);
#618=FACE_OUTER_BOUND('',#748,.T.);
#619=FACE_OUTER_BOUND('',#749,.T.);
#620=FACE_OUTER_BOUND('',#750,.T.);
#621=FACE_OUTER_BOUND('',#751,.T.);
#622=FACE_OUTER_BOUND('',#752,.T.);
#623=FACE_OUTER_BOUND('',#753,.T.);
#624=FACE_OUTER_BOUND('',#754,.T.);
#625=FACE_OUTER_BOUND('',#755,.T.);
#626=FACE_OUTER_BOUND('',#757,.T.);
#627=FACE_OUTER_BOUND('',#758,.T.);
#628=FACE_OUTER_BOUND('',#759,.T.);
#629=FACE_OUTER_BOUND('',#760,.T.);
#630=FACE_OUTER_BOUND('',#761,.T.);
#631=FACE_OUTER_BOUND('',#762,.T.);
#632=FACE_OUTER_BOUND('',#763,.T.);
#633=FACE_OUTER_BOUND('',#764,.T.);
#634=FACE_OUTER_BOUND('',#765,.T.);
#635=FACE_OUTER_BOUND('',#766,.T.);
#636=FACE_OUTER_BOUND('',#767,.T.);
#637=FACE_OUTER_BOUND('',#768,.T.);
#638=FACE_OUTER_BOUND('',#769,.T.);
#639=FACE_OUTER_BOUND('',#770,.T.);
#640=FACE_OUTER_BOUND('',#771,.T.);
#641=FACE_OUTER_BOUND('',#772,.T.);
#642=FACE_OUTER_BOUND('',#773,.T.);
#643=FACE_OUTER_BOUND('',#774,.T.);
#644=FACE_OUTER_BOUND('',#776,.T.);
#645=FACE_OUTER_BOUND('',#777,.T.);
#646=FACE_OUTER_BOUND('',#778,.T.);
#647=FACE_OUTER_BOUND('',#779,.T.);
#648=FACE_OUTER_BOUND('',#780,.T.);
#649=FACE_OUTER_BOUND('',#781,.T.);
#650=FACE_OUTER_BOUND('',#782,.T.);
#651=FACE_OUTER_BOUND('',#783,.T.);
#652=FACE_OUTER_BOUND('',#784,.T.);
#653=FACE_OUTER_BOUND('',#785,.T.);
#654=FACE_OUTER_BOUND('',#786,.T.);
#655=FACE_OUTER_BOUND('',#787,.T.);
#656=FACE_OUTER_BOUND('',#788,.T.);
#657=FACE_OUTER_BOUND('',#789,.T.);
#658=FACE_OUTER_BOUND('',#790,.T.);
#659=FACE_OUTER_BOUND('',#791,.T.);
#660=FACE_OUTER_BOUND('',#792,.T.);
#661=FACE_OUTER_BOUND('',#793,.T.);
#662=FACE_OUTER_BOUND('',#794,.T.);
#663=FACE_OUTER_BOUND('',#795,.T.);
#664=FACE_OUTER_BOUND('',#796,.T.);
#665=FACE_OUTER_BOUND('',#797,.T.);
#666=FACE_OUTER_BOUND('',#798,.T.);
#667=FACE_OUTER_BOUND('',#799,.T.);
#668=FACE_OUTER_BOUND('',#800,.T.);
#669=FACE_OUTER_BOUND('',#801,.T.);
#670=EDGE_LOOP('',(#1483));
#671=EDGE_LOOP('',(#1484,#1485,#1486,#1487));
#672=EDGE_LOOP('',(#1488));
#673=EDGE_LOOP('',(#1489,#1490,#1491,#1492));
#674=EDGE_LOOP('',(#1493,#1494,#1495,#1496));
#675=EDGE_LOOP('',(#1497,#1498,#1499,#1500));
#676=EDGE_LOOP('',(#1501,#1502,#1503,#1504));
#677=EDGE_LOOP('',(#1505,#1506,#1507,#1508,#1509,#1510,#1511,#1512,#1513,
#1514,#1515,#1516));
#678=EDGE_LOOP('',(#1517,#1518,#1519,#1520));
#679=EDGE_LOOP('',(#1521,#1522,#1523,#1524));
#680=EDGE_LOOP('',(#1525,#1526,#1527,#1528));
#681=EDGE_LOOP('',(#1529,#1530,#1531,#1532));
#682=EDGE_LOOP('',(#1533,#1534,#1535,#1536,#1537));
#683=EDGE_LOOP('',(#1538,#1539,#1540,#1541));
#684=EDGE_LOOP('',(#1542,#1543,#1544,#1545));
#685=EDGE_LOOP('',(#1546,#1547,#1548,#1549));
#686=EDGE_LOOP('',(#1550,#1551,#1552,#1553));
#687=EDGE_LOOP('',(#1554,#1555,#1556,#1557));
#688=EDGE_LOOP('',(#1558,#1559,#1560,#1561));
#689=EDGE_LOOP('',(#1562,#1563,#1564,#1565,#1566,#1567,#1568,#1569,#1570,
#1571,#1572,#1573,#1574,#1575,#1576,#1577,#1578,#1579,#1580,#1581,#1582,
#1583,#1584,#1585,#1586,#1587,#1588,#1589,#1590,#1591,#1592,#1593));
#690=EDGE_LOOP('',(#1594));
#691=EDGE_LOOP('',(#1595,#1596,#1597,#1598,#1599,#1600,#1601));
#692=EDGE_LOOP('',(#1602,#1603,#1604,#1605,#1606,#1607,#1608));
#693=EDGE_LOOP('',(#1609,#1610,#1611,#1612,#1613,#1614,#1615));
#694=EDGE_LOOP('',(#1616,#1617,#1618,#1619,#1620,#1621,#1622));
#695=EDGE_LOOP('',(#1623,#1624,#1625,#1626));
#696=EDGE_LOOP('',(#1627,#1628,#1629,#1630));
#697=EDGE_LOOP('',(#1631,#1632,#1633,#1634));
#698=EDGE_LOOP('',(#1635,#1636,#1637,#1638));
#699=EDGE_LOOP('',(#1639,#1640,#1641,#1642));
#700=EDGE_LOOP('',(#1643,#1644,#1645,#1646));
#701=EDGE_LOOP('',(#1647,#1648,#1649,#1650));
#702=EDGE_LOOP('',(#1651,#1652,#1653,#1654));
#703=EDGE_LOOP('',(#1655,#1656,#1657,#1658));
#704=EDGE_LOOP('',(#1659,#1660,#1661,#1662));
#705=EDGE_LOOP('',(#1663,#1664,#1665,#1666));
#706=EDGE_LOOP('',(#1667,#1668,#1669,#1670));
#707=EDGE_LOOP('',(#1671,#1672,#1673,#1674));
#708=EDGE_LOOP('',(#1675,#1676,#1677,#1678,#1679,#1680,#1681,#1682,#1683,
#1684,#1685,#1686,#1687,#1688,#1689,#1690,#1691,#1692,#1693,#1694));
#709=EDGE_LOOP('',(#1695,#1696,#1697,#1698,#1699,#1700,#1701,#1702,#1703,
#1704,#1705,#1706,#1707,#1708,#1709,#1710,#1711,#1712,#1713,#1714,#1715,
#1716,#1717,#1718,#1719,#1720,#1721,#1722,#1723,#1724,#1725,#1726,#1727,
#1728,#1729,#1730,#1731,#1732,#1733,#1734,#1735,#1736,#1737,#1738,#1739,
#1740,#1741,#1742));
#710=EDGE_LOOP('',(#1743,#1744,#1745,#1746));
#711=EDGE_LOOP('',(#1747,#1748,#1749,#1750));
#712=EDGE_LOOP('',(#1751,#1752,#1753,#1754));
#713=EDGE_LOOP('',(#1755,#1756,#1757,#1758));
#714=EDGE_LOOP('',(#1759,#1760,#1761,#1762));
#715=EDGE_LOOP('',(#1763,#1764,#1765,#1766));
#716=EDGE_LOOP('',(#1767,#1768,#1769,#1770));
#717=EDGE_LOOP('',(#1771,#1772,#1773,#1774,#1775,#1776,#1777,#1778));
#718=EDGE_LOOP('',(#1779,#1780,#1781,#1782,#1783,#1784,#1785,#1786));
#719=EDGE_LOOP('',(#1787,#1788,#1789,#1790));
#720=EDGE_LOOP('',(#1791,#1792,#1793,#1794));
#721=EDGE_LOOP('',(#1795,#1796,#1797,#1798));
#722=EDGE_LOOP('',(#1799,#1800,#1801,#1802));
#723=EDGE_LOOP('',(#1803,#1804,#1805,#1806));
#724=EDGE_LOOP('',(#1807,#1808,#1809,#1810));
#725=EDGE_LOOP('',(#1811,#1812,#1813,#1814));
#726=EDGE_LOOP('',(#1815,#1816,#1817,#1818));
#727=EDGE_LOOP('',(#1819,#1820,#1821,#1822,#1823,#1824,#1825,#1826));
#728=EDGE_LOOP('',(#1827,#1828,#1829,#1830,#1831,#1832));
#729=EDGE_LOOP('',(#1833,#1834,#1835,#1836));
#730=EDGE_LOOP('',(#1837,#1838,#1839,#1840));
#731=EDGE_LOOP('',(#1841,#1842,#1843,#1844));
#732=EDGE_LOOP('',(#1845,#1846,#1847,#1848));
#733=EDGE_LOOP('',(#1849,#1850,#1851,#1852));
#734=EDGE_LOOP('',(#1853,#1854,#1855,#1856));
#735=EDGE_LOOP('',(#1857,#1858,#1859,#1860));
#736=EDGE_LOOP('',(#1861,#1862,#1863,#1864,#1865,#1866,#1867,#1868));
#737=EDGE_LOOP('',(#1869,#1870,#1871,#1872,#1873,#1874,#1875,#1876));
#738=EDGE_LOOP('',(#1877,#1878,#1879,#1880));
#739=EDGE_LOOP('',(#1881,#1882,#1883,#1884));
#740=EDGE_LOOP('',(#1885,#1886,#1887,#1888));
#741=EDGE_LOOP('',(#1889,#1890,#1891,#1892));
#742=EDGE_LOOP('',(#1893,#1894,#1895,#1896));
#743=EDGE_LOOP('',(#1897,#1898,#1899,#1900));
#744=EDGE_LOOP('',(#1901,#1902,#1903,#1904));
#745=EDGE_LOOP('',(#1905,#1906,#1907,#1908));
#746=EDGE_LOOP('',(#1909,#1910,#1911,#1912,#1913,#1914,#1915,#1916));
#747=EDGE_LOOP('',(#1917,#1918,#1919,#1920,#1921,#1922));
#748=EDGE_LOOP('',(#1923,#1924,#1925,#1926));
#749=EDGE_LOOP('',(#1927,#1928,#1929,#1930));
#750=EDGE_LOOP('',(#1931,#1932,#1933,#1934));
#751=EDGE_LOOP('',(#1935,#1936,#1937,#1938));
#752=EDGE_LOOP('',(#1939,#1940,#1941,#1942));
#753=EDGE_LOOP('',(#1943,#1944,#1945,#1946));
#754=EDGE_LOOP('',(#1947,#1948,#1949,#1950));
#755=EDGE_LOOP('',(#1951,#1952,#1953,#1954,#1955,#1956,#1957,#1958));
#756=EDGE_LOOP('',(#1959,#1960,#1961,#1962,#1963,#1964,#1965,#1966));
#757=EDGE_LOOP('',(#1967,#1968,#1969,#1970));
#758=EDGE_LOOP('',(#1971,#1972,#1973,#1974));
#759=EDGE_LOOP('',(#1975,#1976,#1977,#1978));
#760=EDGE_LOOP('',(#1979,#1980,#1981,#1982));
#761=EDGE_LOOP('',(#1983,#1984,#1985,#1986));
#762=EDGE_LOOP('',(#1987,#1988,#1989,#1990));
#763=EDGE_LOOP('',(#1991,#1992,#1993,#1994));
#764=EDGE_LOOP('',(#1995,#1996,#1997,#1998));
#765=EDGE_LOOP('',(#1999,#2000,#2001,#2002,#2003,#2004,#2005,#2006));
#766=EDGE_LOOP('',(#2007,#2008,#2009,#2010,#2011,#2012));
#767=EDGE_LOOP('',(#2013,#2014,#2015,#2016));
#768=EDGE_LOOP('',(#2017,#2018,#2019,#2020));
#769=EDGE_LOOP('',(#2021,#2022,#2023,#2024));
#770=EDGE_LOOP('',(#2025,#2026,#2027,#2028));
#771=EDGE_LOOP('',(#2029,#2030,#2031,#2032));
#772=EDGE_LOOP('',(#2033,#2034,#2035,#2036));
#773=EDGE_LOOP('',(#2037,#2038,#2039,#2040));
#774=EDGE_LOOP('',(#2041,#2042,#2043,#2044,#2045,#2046,#2047,#2048));
#775=EDGE_LOOP('',(#2049,#2050,#2051,#2052,#2053,#2054,#2055,#2056));
#776=EDGE_LOOP('',(#2057,#2058,#2059,#2060));
#777=EDGE_LOOP('',(#2061,#2062,#2063,#2064));
#778=EDGE_LOOP('',(#2065,#2066,#2067,#2068));
#779=EDGE_LOOP('',(#2069,#2070,#2071,#2072));
#780=EDGE_LOOP('',(#2073,#2074,#2075,#2076));
#781=EDGE_LOOP('',(#2077,#2078,#2079,#2080));
#782=EDGE_LOOP('',(#2081,#2082,#2083,#2084));
#783=EDGE_LOOP('',(#2085,#2086,#2087,#2088));
#784=EDGE_LOOP('',(#2089,#2090,#2091,#2092,#2093,#2094,#2095,#2096));
#785=EDGE_LOOP('',(#2097,#2098,#2099,#2100,#2101,#2102));
#786=EDGE_LOOP('',(#2103,#2104,#2105,#2106,#2107));
#787=EDGE_LOOP('',(#2108,#2109,#2110,#2111,#2112));
#788=EDGE_LOOP('',(#2113,#2114,#2115,#2116));
#789=EDGE_LOOP('',(#2117,#2118,#2119,#2120));
#790=EDGE_LOOP('',(#2121,#2122,#2123,#2124));
#791=EDGE_LOOP('',(#2125,#2126,#2127,#2128,#2129));
#792=EDGE_LOOP('',(#2130,#2131,#2132,#2133,#2134));
#793=EDGE_LOOP('',(#2135,#2136,#2137,#2138));
#794=EDGE_LOOP('',(#2139,#2140,#2141,#2142));
#795=EDGE_LOOP('',(#2143,#2144,#2145,#2146,#2147));
#796=EDGE_LOOP('',(#2148,#2149,#2150,#2151,#2152));
#797=EDGE_LOOP('',(#2153,#2154,#2155,#2156));
#798=EDGE_LOOP('',(#2157,#2158,#2159,#2160));
#799=EDGE_LOOP('',(#2161,#2162,#2163,#2164,#2165));
#800=EDGE_LOOP('',(#2166,#2167,#2168,#2169,#2170));
#801=EDGE_LOOP('',(#2171,#2172,#2173,#2174));
#802=CIRCLE('',#2388,19.);
#803=CIRCLE('',#2390,31.8534907767472);
#804=CIRCLE('',#2391,31.8534907767472);
#805=CIRCLE('',#2394,4.24999999999999);
#806=CIRCLE('',#2395,4.24999999999999);
#807=CIRCLE('',#2397,4.24999999999999);
#808=CIRCLE('',#2398,4.24999999999999);
#809=CIRCLE('',#2400,4.24999999999999);
#810=CIRCLE('',#2401,4.24999999999999);
#811=CIRCLE('',#2403,4.24999999999999);
#812=CIRCLE('',#2404,4.24999999999999);
#813=CIRCLE('',#2406,19.);
#814=CIRCLE('',#2407,19.);
#815=CIRCLE('',#2408,19.);
#816=CIRCLE('',#2409,19.);
#817=CIRCLE('',#2411,8.00000000000001);
#818=CIRCLE('',#2412,8.00000000000001);
#819=CIRCLE('',#2424,7.99999999999999);
#820=CIRCLE('',#2425,7.99999999999999);
#821=CIRCLE('',#2426,8.00000000000001);
#822=CIRCLE('',#2427,8.00000000000001);
#823=CIRCLE('',#2428,8.);
#824=CIRCLE('',#2429,7.99999999999999);
#825=CIRCLE('',#2430,8.00000000000001);
#826=CIRCLE('',#2431,8.00000000000001);
#827=CIRCLE('',#2432,8.00000000000001);
#828=CIRCLE('',#2433,8.00000000000001);
#829=CIRCLE('',#2434,8.);
#830=CIRCLE('',#2436,7.99999999999999);
#831=CIRCLE('',#2437,8.00000000000002);
#832=CIRCLE('',#2438,8.00000000000001);
#833=CIRCLE('',#2440,7.99999999999999);
#834=CIRCLE('',#2441,8.00000000000001);
#835=CIRCLE('',#2443,8.00000000000001);
#836=CIRCLE('',#2444,7.99999999999999);
#837=CIRCLE('',#2445,8.00000000000001);
#838=CIRCLE('',#2447,8.00000000000001);
#839=CIRCLE('',#2448,8.00000000000001);
#840=CIRCLE('',#2449,7.99999999999998);
#841=CIRCLE('',#2464,10.4400200246648);
#842=CIRCLE('',#2465,10.4400200246648);
#843=CIRCLE('',#2466,10.4400200246648);
#844=CIRCLE('',#2467,10.4400200246647);
#845=CIRCLE('',#2468,10.4400200246648);
#846=CIRCLE('',#2469,10.4400200246648);
#847=CIRCLE('',#2470,10.4400200246648);
#848=CIRCLE('',#2471,10.4400200246648);
#849=CIRCLE('',#2472,10.4400200246647);
#850=CIRCLE('',#2473,10.4400200246648);
#851=CIRCLE('',#2474,10.4400200246648);
#852=CIRCLE('',#2475,10.4400200246648);
#853=CIRCLE('',#2476,10.4400200246648);
#854=CIRCLE('',#2477,10.4400200246647);
#855=CIRCLE('',#2478,10.4400200246648);
#856=CIRCLE('',#2479,10.4400200246648);
#857=CIRCLE('',#2480,10.4400200246648);
#858=CIRCLE('',#2481,10.4400200246648);
#859=CIRCLE('',#2482,10.4400200246647);
#860=CIRCLE('',#2483,10.4400200246648);
#861=CIRCLE('',#2486,10.);
#862=CIRCLE('',#2489,10.);
#863=CIRCLE('',#2492,10.);
#864=CIRCLE('',#2495,10.);
#865=CIRCLE('',#2496,7.15722333784913);
#866=CIRCLE('',#2497,7.15722333784914);
#867=CIRCLE('',#2498,7.15722333784913);
#868=CIRCLE('',#2499,7.15722333784913);
#869=CIRCLE('',#2502,7.00000000000001);
#870=CIRCLE('',#2505,7.00000000000001);
#871=CIRCLE('',#2508,7.);
#872=CIRCLE('',#2511,7.);
#873=CIRCLE('',#2516,10.);
#874=CIRCLE('',#2519,10.);
#875=CIRCLE('',#2522,10.);
#876=CIRCLE('',#2525,10.);
#877=CIRCLE('',#2526,7.15722333784913);
#878=CIRCLE('',#2527,7.15722333784914);
#879=CIRCLE('',#2528,7.15722333784913);
#880=CIRCLE('',#2529,7.15722333784913);
#881=CIRCLE('',#2532,7.00000000000001);
#882=CIRCLE('',#2535,7.00000000000001);
#883=CIRCLE('',#2538,7.);
#884=CIRCLE('',#2541,7.);
#885=CIRCLE('',#2546,10.);
#886=CIRCLE('',#2549,9.99999999999999);
#887=CIRCLE('',#2552,10.);
#888=CIRCLE('',#2555,10.);
#889=CIRCLE('',#2556,7.15722333784913);
#890=CIRCLE('',#2557,7.15722333784914);
#891=CIRCLE('',#2558,7.15722333784912);
#892=CIRCLE('',#2559,7.15722333784912);
#893=CIRCLE('',#2562,7.);
#894=CIRCLE('',#2565,7.);
#895=CIRCLE('',#2568,7.);
#896=CIRCLE('',#2571,7.);
#897=CIRCLE('',#2576,10.);
#898=CIRCLE('',#2579,10.);
#899=CIRCLE('',#2582,10.);
#900=CIRCLE('',#2585,10.);
#901=CIRCLE('',#2586,7.15722333784913);
#902=CIRCLE('',#2587,7.15722333784914);
#903=CIRCLE('',#2588,7.15722333784913);
#904=CIRCLE('',#2589,7.15722333784912);
#905=CIRCLE('',#2592,6.99999999999999);
#906=CIRCLE('',#2595,7.);
#907=CIRCLE('',#2598,7.);
#908=CIRCLE('',#2601,7.);
#909=VERTEX_POINT('',#3320);
#910=VERTEX_POINT('',#3323);
#911=VERTEX_POINT('',#3325);
#912=VERTEX_POINT('',#3330);
#913=VERTEX_POINT('',#3331);
#914=VERTEX_POINT('',#3333);
#915=VERTEX_POINT('',#3335);
#916=VERTEX_POINT('',#3339);
#917=VERTEX_POINT('',#3340);
#918=VERTEX_POINT('',#3342);
#919=VERTEX_POINT('',#3344);
#920=VERTEX_POINT('',#3348);
#921=VERTEX_POINT('',#3349);
#922=VERTEX_POINT('',#3351);
#923=VERTEX_POINT('',#3353);
#924=VERTEX_POINT('',#3357);
#925=VERTEX_POINT('',#3358);
#926=VERTEX_POINT('',#3360);
#927=VERTEX_POINT('',#3362);
#928=VERTEX_POINT('',#3366);
#929=VERTEX_POINT('',#3368);
#930=VERTEX_POINT('',#3381);
#931=VERTEX_POINT('',#3383);
#932=VERTEX_POINT('',#3407);
#933=VERTEX_POINT('',#3409);
#934=VERTEX_POINT('',#3433);
#935=VERTEX_POINT('',#3435);
#936=VERTEX_POINT('',#3459);
#937=VERTEX_POINT('',#3475);
#938=VERTEX_POINT('',#3476);
#939=VERTEX_POINT('',#3478);
#940=VERTEX_POINT('',#3480);
#941=VERTEX_POINT('',#3484);
#942=VERTEX_POINT('',#3486);
#943=VERTEX_POINT('',#3512);
#944=VERTEX_POINT('',#3513);
#945=VERTEX_POINT('',#3540);
#946=VERTEX_POINT('',#3542);
#947=VERTEX_POINT('',#3568);
#948=VERTEX_POINT('',#3569);
#949=VERTEX_POINT('',#3596);
#950=VERTEX_POINT('',#3597);
#951=VERTEX_POINT('',#3599);
#952=VERTEX_POINT('',#3601);
#953=VERTEX_POINT('',#3605);
#954=VERTEX_POINT('',#3607);
#955=VERTEX_POINT('',#3611);
#956=VERTEX_POINT('',#3613);
#957=VERTEX_POINT('',#3617);
#958=VERTEX_POINT('',#3618);
#959=VERTEX_POINT('',#3620);
#960=VERTEX_POINT('',#3622);
#961=VERTEX_POINT('',#3626);
#962=VERTEX_POINT('',#3627);
#963=VERTEX_POINT('',#3629);
#964=VERTEX_POINT('',#3631);
#965=VERTEX_POINT('',#3635);
#966=VERTEX_POINT('',#3636);
#967=VERTEX_POINT('',#3638);
#968=VERTEX_POINT('',#3640);
#969=VERTEX_POINT('',#3644);
#970=VERTEX_POINT('',#3647);
#971=VERTEX_POINT('',#3650);
#972=VERTEX_POINT('',#3653);
#973=VERTEX_POINT('',#3657);
#974=VERTEX_POINT('',#3660);
#975=VERTEX_POINT('',#3663);
#976=VERTEX_POINT('',#3665);
#977=VERTEX_POINT('',#3667);
#978=VERTEX_POINT('',#3670);
#979=VERTEX_POINT('',#3672);
#980=VERTEX_POINT('',#3674);
#981=VERTEX_POINT('',#3678);
#982=VERTEX_POINT('',#3679);
#983=VERTEX_POINT('',#3682);
#984=VERTEX_POINT('',#3684);
#985=VERTEX_POINT('',#3686);
#986=VERTEX_POINT('',#3690);
#987=VERTEX_POINT('',#3692);
#988=VERTEX_POINT('',#3694);
#989=VERTEX_POINT('',#3698);
#990=VERTEX_POINT('',#3700);
#991=VERTEX_POINT('',#3702);
#992=VERTEX_POINT('',#3707);
#993=VERTEX_POINT('',#3709);
#994=VERTEX_POINT('',#3711);
#995=VERTEX_POINT('',#3713);
#996=VERTEX_POINT('',#3715);
#997=VERTEX_POINT('',#3719);
#998=VERTEX_POINT('',#3721);
#999=VERTEX_POINT('',#3725);
#1000=VERTEX_POINT('',#3727);
#1001=VERTEX_POINT('',#3731);
#1002=VERTEX_POINT('',#3733);
#1003=VERTEX_POINT('',#3740);
#1004=VERTEX_POINT('',#3750);
#1005=VERTEX_POINT('',#3752);
#1006=VERTEX_POINT('',#3756);
#1007=VERTEX_POINT('',#3760);
#1008=VERTEX_POINT('',#3764);
#1009=VERTEX_POINT('',#3776);
#1010=VERTEX_POINT('',#3778);
#1011=VERTEX_POINT('',#3780);
#1012=VERTEX_POINT('',#3782);
#1013=VERTEX_POINT('',#3784);
#1014=VERTEX_POINT('',#3786);
#1015=VERTEX_POINT('',#3788);
#1016=VERTEX_POINT('',#3790);
#1017=VERTEX_POINT('',#3793);
#1018=VERTEX_POINT('',#3795);
#1019=VERTEX_POINT('',#3797);
#1020=VERTEX_POINT('',#3799);
#1021=VERTEX_POINT('',#3801);
#1022=VERTEX_POINT('',#3803);
#1023=VERTEX_POINT('',#3805);
#1024=VERTEX_POINT('',#3807);
#1025=VERTEX_POINT('',#3810);
#1026=VERTEX_POINT('',#3812);
#1027=VERTEX_POINT('',#3814);
#1028=VERTEX_POINT('',#3816);
#1029=VERTEX_POINT('',#3818);
#1030=VERTEX_POINT('',#3820);
#1031=VERTEX_POINT('',#3822);
#1032=VERTEX_POINT('',#3824);
#1033=VERTEX_POINT('',#3827);
#1034=VERTEX_POINT('',#3829);
#1035=VERTEX_POINT('',#3831);
#1036=VERTEX_POINT('',#3833);
#1037=VERTEX_POINT('',#3835);
#1038=VERTEX_POINT('',#3837);
#1039=VERTEX_POINT('',#3839);
#1040=VERTEX_POINT('',#3841);
#1041=VERTEX_POINT('',#3845);
#1042=VERTEX_POINT('',#3846);
#1043=VERTEX_POINT('',#3851);
#1044=VERTEX_POINT('',#3855);
#1045=VERTEX_POINT('',#3859);
#1046=VERTEX_POINT('',#3863);
#1047=VERTEX_POINT('',#3867);
#1048=VERTEX_POINT('',#3871);
#1049=VERTEX_POINT('',#3876);
#1050=VERTEX_POINT('',#3877);
#1051=VERTEX_POINT('',#3879);
#1052=VERTEX_POINT('',#3881);
#1053=VERTEX_POINT('',#3883);
#1054=VERTEX_POINT('',#3885);
#1055=VERTEX_POINT('',#3887);
#1056=VERTEX_POINT('',#3889);
#1057=VERTEX_POINT('',#3893);
#1058=VERTEX_POINT('',#3894);
#1059=VERTEX_POINT('',#3899);
#1060=VERTEX_POINT('',#3903);
#1061=VERTEX_POINT('',#3907);
#1062=VERTEX_POINT('',#3911);
#1063=VERTEX_POINT('',#3915);
#1064=VERTEX_POINT('',#3919);
#1065=VERTEX_POINT('',#3927);
#1066=VERTEX_POINT('',#3928);
#1067=VERTEX_POINT('',#3933);
#1068=VERTEX_POINT('',#3937);
#1069=VERTEX_POINT('',#3941);
#1070=VERTEX_POINT('',#3945);
#1071=VERTEX_POINT('',#3949);
#1072=VERTEX_POINT('',#3953);
#1073=VERTEX_POINT('',#3958);
#1074=VERTEX_POINT('',#3959);
#1075=VERTEX_POINT('',#3961);
#1076=VERTEX_POINT('',#3963);
#1077=VERTEX_POINT('',#3965);
#1078=VERTEX_POINT('',#3967);
#1079=VERTEX_POINT('',#3969);
#1080=VERTEX_POINT('',#3971);
#1081=VERTEX_POINT('',#3975);
#1082=VERTEX_POINT('',#3976);
#1083=VERTEX_POINT('',#3981);
#1084=VERTEX_POINT('',#3985);
#1085=VERTEX_POINT('',#3989);
#1086=VERTEX_POINT('',#3993);
#1087=VERTEX_POINT('',#3997);
#1088=VERTEX_POINT('',#4001);
#1089=VERTEX_POINT('',#4009);
#1090=VERTEX_POINT('',#4010);
#1091=VERTEX_POINT('',#4015);
#1092=VERTEX_POINT('',#4019);
#1093=VERTEX_POINT('',#4023);
#1094=VERTEX_POINT('',#4027);
#1095=VERTEX_POINT('',#4031);
#1096=VERTEX_POINT('',#4035);
#1097=VERTEX_POINT('',#4040);
#1098=VERTEX_POINT('',#4041);
#1099=VERTEX_POINT('',#4043);
#1100=VERTEX_POINT('',#4045);
#1101=VERTEX_POINT('',#4047);
#1102=VERTEX_POINT('',#4049);
#1103=VERTEX_POINT('',#4051);
#1104=VERTEX_POINT('',#4053);
#1105=VERTEX_POINT('',#4057);
#1106=VERTEX_POINT('',#4058);
#1107=VERTEX_POINT('',#4063);
#1108=VERTEX_POINT('',#4067);
#1109=VERTEX_POINT('',#4071);
#1110=VERTEX_POINT('',#4075);
#1111=VERTEX_POINT('',#4079);
#1112=VERTEX_POINT('',#4083);
#1113=VERTEX_POINT('',#4091);
#1114=VERTEX_POINT('',#4092);
#1115=VERTEX_POINT('',#4097);
#1116=VERTEX_POINT('',#4101);
#1117=VERTEX_POINT('',#4105);
#1118=VERTEX_POINT('',#4109);
#1119=VERTEX_POINT('',#4113);
#1120=VERTEX_POINT('',#4117);
#1121=VERTEX_POINT('',#4122);
#1122=VERTEX_POINT('',#4123);
#1123=VERTEX_POINT('',#4125);
#1124=VERTEX_POINT('',#4127);
#1125=VERTEX_POINT('',#4129);
#1126=VERTEX_POINT('',#4131);
#1127=VERTEX_POINT('',#4133);
#1128=VERTEX_POINT('',#4135);
#1129=VERTEX_POINT('',#4139);
#1130=VERTEX_POINT('',#4140);
#1131=VERTEX_POINT('',#4145);
#1132=VERTEX_POINT('',#4149);
#1133=VERTEX_POINT('',#4153);
#1134=VERTEX_POINT('',#4157);
#1135=VERTEX_POINT('',#4161);
#1136=VERTEX_POINT('',#4165);
#1137=EDGE_CURVE('',#909,#909,#802,.T.);
#1138=EDGE_CURVE('',#910,#910,#803,.T.);
#1139=EDGE_CURVE('',#910,#911,#62,.T.);
#1140=EDGE_CURVE('',#911,#911,#804,.T.);
#1141=EDGE_CURVE('',#912,#913,#805,.T.);
#1142=EDGE_CURVE('',#912,#914,#63,.T.);
#1143=EDGE_CURVE('',#914,#915,#806,.T.);
#1144=EDGE_CURVE('',#913,#915,#64,.T.);
#1145=EDGE_CURVE('',#916,#917,#807,.T.);
#1146=EDGE_CURVE('',#916,#918,#65,.T.);
#1147=EDGE_CURVE('',#918,#919,#808,.T.);
#1148=EDGE_CURVE('',#917,#919,#66,.T.);
#1149=EDGE_CURVE('',#920,#921,#809,.T.);
#1150=EDGE_CURVE('',#920,#922,#67,.T.);
#1151=EDGE_CURVE('',#922,#923,#810,.T.);
#1152=EDGE_CURVE('',#921,#923,#68,.T.);
#1153=EDGE_CURVE('',#924,#925,#811,.T.);
#1154=EDGE_CURVE('',#924,#926,#69,.T.);
#1155=EDGE_CURVE('',#926,#927,#812,.T.);
#1156=EDGE_CURVE('',#925,#927,#70,.T.);
#1157=EDGE_CURVE('',#909,#928,#71,.T.);
#1158=EDGE_CURVE('',#929,#928,#53,.F.);
#1159=EDGE_CURVE('',#929,#930,#813,.T.);
#1160=EDGE_CURVE('',#931,#930,#54,.F.);
#1161=EDGE_CURVE('',#931,#932,#814,.T.);
#1162=EDGE_CURVE('',#933,#932,#55,.F.);
#1163=EDGE_CURVE('',#933,#934,#815,.T.);
#1164=EDGE_CURVE('',#935,#934,#56,.F.);
#1165=EDGE_CURVE('',#935,#936,#816,.T.);
#1166=EDGE_CURVE('',#928,#936,#57,.F.);
#1167=EDGE_CURVE('',#937,#938,#817,.T.);
#1168=EDGE_CURVE('',#939,#937,#72,.T.);
#1169=EDGE_CURVE('',#940,#939,#818,.T.);
#1170=EDGE_CURVE('',#938,#940,#73,.T.);
#1171=EDGE_CURVE('',#941,#934,#74,.T.);
#1172=EDGE_CURVE('',#941,#942,#58,.T.);
#1173=EDGE_CURVE('',#935,#942,#75,.T.);
#1174=EDGE_CURVE('',#943,#944,#59,.T.);
#1175=EDGE_CURVE('',#931,#944,#76,.T.);
#1176=EDGE_CURVE('',#943,#930,#77,.T.);
#1177=EDGE_CURVE('',#945,#932,#78,.T.);
#1178=EDGE_CURVE('',#945,#946,#60,.T.);
#1179=EDGE_CURVE('',#933,#946,#79,.T.);
#1180=EDGE_CURVE('',#947,#948,#61,.T.);
#1181=EDGE_CURVE('',#929,#948,#80,.T.);
#1182=EDGE_CURVE('',#947,#936,#81,.T.);
#1183=EDGE_CURVE('',#949,#950,#82,.T.);
#1184=EDGE_CURVE('',#949,#951,#83,.T.);
#1185=EDGE_CURVE('',#951,#952,#84,.T.);
#1186=EDGE_CURVE('',#952,#950,#85,.T.);
#1187=EDGE_CURVE('',#937,#953,#86,.T.);
#1188=EDGE_CURVE('',#953,#954,#87,.T.);
#1189=EDGE_CURVE('',#939,#954,#88,.T.);
#1190=EDGE_CURVE('',#955,#940,#89,.T.);
#1191=EDGE_CURVE('',#955,#956,#90,.T.);
#1192=EDGE_CURVE('',#956,#938,#91,.T.);
#1193=EDGE_CURVE('',#957,#958,#92,.T.);
#1194=EDGE_CURVE('',#958,#959,#93,.T.);
#1195=EDGE_CURVE('',#960,#959,#94,.T.);
#1196=EDGE_CURVE('',#960,#957,#95,.T.);
#1197=EDGE_CURVE('',#961,#962,#96,.T.);
#1198=EDGE_CURVE('',#961,#963,#97,.T.);
#1199=EDGE_CURVE('',#963,#964,#98,.T.);
#1200=EDGE_CURVE('',#964,#962,#99,.T.);
#1201=EDGE_CURVE('',#965,#966,#100,.T.);
#1202=EDGE_CURVE('',#966,#967,#101,.T.);
#1203=EDGE_CURVE('',#968,#967,#102,.T.);
#1204=EDGE_CURVE('',#968,#965,#103,.T.);
#1205=EDGE_CURVE('',#951,#969,#819,.T.);
#1206=EDGE_CURVE('',#969,#916,#104,.T.);
#1207=EDGE_CURVE('',#917,#970,#105,.T.);
#1208=EDGE_CURVE('',#970,#953,#820,.T.);
#1209=EDGE_CURVE('',#956,#971,#821,.T.);
#1210=EDGE_CURVE('',#971,#920,#106,.T.);
#1211=EDGE_CURVE('',#921,#972,#107,.T.);
#1212=EDGE_CURVE('',#972,#958,#822,.T.);
#1213=EDGE_CURVE('',#957,#964,#823,.T.);
#1214=EDGE_CURVE('',#963,#973,#824,.T.);
#1215=EDGE_CURVE('',#973,#912,#108,.T.);
#1216=EDGE_CURVE('',#913,#974,#109,.T.);
#1217=EDGE_CURVE('',#974,#966,#825,.T.);
#1218=EDGE_CURVE('',#965,#975,#826,.T.);
#1219=EDGE_CURVE('',#976,#975,#110,.T.);
#1220=EDGE_CURVE('',#976,#977,#827,.T.);
#1221=EDGE_CURVE('',#977,#924,#111,.T.);
#1222=EDGE_CURVE('',#925,#978,#112,.T.);
#1223=EDGE_CURVE('',#978,#979,#828,.T.);
#1224=EDGE_CURVE('',#980,#979,#113,.T.);
#1225=EDGE_CURVE('',#980,#952,#829,.T.);
#1226=EDGE_CURVE('',#981,#982,#114,.T.);
#1227=EDGE_CURVE('',#981,#949,#830,.T.);
#1228=EDGE_CURVE('',#950,#983,#831,.T.);
#1229=EDGE_CURVE('',#983,#984,#115,.T.);
#1230=EDGE_CURVE('',#984,#985,#832,.T.);
#1231=EDGE_CURVE('',#982,#985,#116,.T.);
#1232=EDGE_CURVE('',#954,#986,#833,.T.);
#1233=EDGE_CURVE('',#987,#986,#117,.T.);
#1234=EDGE_CURVE('',#988,#987,#118,.T.);
#1235=EDGE_CURVE('',#988,#955,#834,.T.);
#1236=EDGE_CURVE('',#959,#989,#835,.T.);
#1237=EDGE_CURVE('',#990,#989,#119,.T.);
#1238=EDGE_CURVE('',#991,#990,#120,.T.);
#1239=EDGE_CURVE('',#991,#961,#836,.T.);
#1240=EDGE_CURVE('',#962,#960,#837,.T.);
#1241=EDGE_CURVE('',#967,#992,#838,.T.);
#1242=EDGE_CURVE('',#993,#992,#121,.T.);
#1243=EDGE_CURVE('',#994,#993,#122,.T.);
#1244=EDGE_CURVE('',#994,#995,#839,.T.);
#1245=EDGE_CURVE('',#995,#996,#123,.T.);
#1246=EDGE_CURVE('',#996,#968,#840,.T.);
#1247=EDGE_CURVE('',#991,#997,#124,.T.);
#1248=EDGE_CURVE('',#990,#998,#125,.T.);
#1249=EDGE_CURVE('',#997,#998,#126,.T.);
#1250=EDGE_CURVE('',#981,#999,#127,.T.);
#1251=EDGE_CURVE('',#982,#1000,#128,.T.);
#1252=EDGE_CURVE('',#999,#1000,#129,.T.);
#1253=EDGE_CURVE('',#988,#1001,#130,.T.);
#1254=EDGE_CURVE('',#987,#1002,#131,.T.);
#1255=EDGE_CURVE('',#1001,#1002,#132,.T.);
#1256=EDGE_CURVE('',#979,#984,#133,.T.);
#1257=EDGE_CURVE('',#983,#980,#134,.T.);
#1258=EDGE_CURVE('',#1003,#985,#135,.T.);
#1259=EDGE_CURVE('',#1000,#1003,#136,.T.);
#1260=EDGE_CURVE('',#995,#976,#137,.T.);
#1261=EDGE_CURVE('',#975,#996,#138,.T.);
#1262=EDGE_CURVE('',#1004,#992,#139,.T.);
#1263=EDGE_CURVE('',#1005,#1004,#140,.T.);
#1264=EDGE_CURVE('',#993,#1005,#141,.T.);
#1265=EDGE_CURVE('',#994,#1006,#142,.T.);
#1266=EDGE_CURVE('',#1006,#1005,#143,.T.);
#1267=EDGE_CURVE('',#1007,#986,#144,.T.);
#1268=EDGE_CURVE('',#1002,#1007,#145,.T.);
#1269=EDGE_CURVE('',#1008,#989,#146,.T.);
#1270=EDGE_CURVE('',#998,#1008,#147,.T.);
#1271=EDGE_CURVE('',#999,#918,#148,.T.);
#1272=EDGE_CURVE('',#927,#1003,#149,.T.);
#1273=EDGE_CURVE('',#1006,#926,#150,.T.);
#1274=EDGE_CURVE('',#915,#1004,#151,.T.);
#1275=EDGE_CURVE('',#997,#914,#152,.T.);
#1276=EDGE_CURVE('',#923,#1008,#153,.T.);
#1277=EDGE_CURVE('',#1001,#922,#154,.T.);
#1278=EDGE_CURVE('',#919,#1007,#155,.T.);
#1279=EDGE_CURVE('',#1009,#946,#841,.T.);
#1280=EDGE_CURVE('',#1010,#1009,#156,.T.);
#1281=EDGE_CURVE('',#1011,#1010,#842,.T.);
#1282=EDGE_CURVE('',#1012,#1011,#157,.T.);
#1283=EDGE_CURVE('',#1013,#1012,#843,.T.);
#1284=EDGE_CURVE('',#1014,#1013,#158,.T.);
#1285=EDGE_CURVE('',#1015,#1014,#844,.T.);
#1286=EDGE_CURVE('',#1016,#1015,#159,.T.);
#1287=EDGE_CURVE('',#945,#1016,#845,.T.);
#1288=EDGE_CURVE('',#1017,#944,#846,.T.);
#1289=EDGE_CURVE('',#1018,#1017,#160,.T.);
#1290=EDGE_CURVE('',#1019,#1018,#847,.T.);
#1291=EDGE_CURVE('',#1020,#1019,#161,.T.);
#1292=EDGE_CURVE('',#1021,#1020,#848,.T.);
#1293=EDGE_CURVE('',#1022,#1021,#162,.T.);
#1294=EDGE_CURVE('',#1023,#1022,#849,.T.);
#1295=EDGE_CURVE('',#1024,#1023,#163,.T.);
#1296=EDGE_CURVE('',#943,#1024,#850,.T.);
#1297=EDGE_CURVE('',#1025,#948,#851,.T.);
#1298=EDGE_CURVE('',#1026,#1025,#164,.T.);
#1299=EDGE_CURVE('',#1027,#1026,#852,.T.);
#1300=EDGE_CURVE('',#1028,#1027,#165,.T.);
#1301=EDGE_CURVE('',#1029,#1028,#853,.T.);
#1302=EDGE_CURVE('',#1030,#1029,#166,.T.);
#1303=EDGE_CURVE('',#1031,#1030,#854,.T.);
#1304=EDGE_CURVE('',#1032,#1031,#167,.T.);
#1305=EDGE_CURVE('',#947,#1032,#855,.T.);
#1306=EDGE_CURVE('',#1033,#942,#856,.T.);
#1307=EDGE_CURVE('',#1034,#1033,#168,.T.);
#1308=EDGE_CURVE('',#1035,#1034,#857,.T.);
#1309=EDGE_CURVE('',#1036,#1035,#169,.T.);
#1310=EDGE_CURVE('',#1037,#1036,#858,.T.);
#1311=EDGE_CURVE('',#1038,#1037,#170,.T.);
#1312=EDGE_CURVE('',#1039,#1038,#859,.T.);
#1313=EDGE_CURVE('',#1040,#1039,#171,.T.);
#1314=EDGE_CURVE('',#941,#1040,#860,.T.);
#1315=EDGE_CURVE('',#1041,#1042,#172,.T.);
#1316=EDGE_CURVE('',#1042,#1034,#173,.T.);
#1317=EDGE_CURVE('',#1041,#1033,#174,.T.);
#1318=EDGE_CURVE('',#1043,#1042,#861,.T.);
#1319=EDGE_CURVE('',#1043,#1035,#175,.T.);
#1320=EDGE_CURVE('',#1043,#1044,#176,.T.);
#1321=EDGE_CURVE('',#1044,#1036,#177,.T.);
#1322=EDGE_CURVE('',#1045,#1044,#862,.T.);
#1323=EDGE_CURVE('',#1045,#1037,#178,.T.);
#1324=EDGE_CURVE('',#1045,#1046,#179,.T.);
#1325=EDGE_CURVE('',#1046,#1038,#180,.T.);
#1326=EDGE_CURVE('',#1047,#1046,#863,.T.);
#1327=EDGE_CURVE('',#1047,#1039,#181,.T.);
#1328=EDGE_CURVE('',#1047,#1048,#182,.T.);
#1329=EDGE_CURVE('',#1048,#1040,#183,.T.);
#1330=EDGE_CURVE('',#1041,#1048,#864,.T.);
#1331=EDGE_CURVE('',#1049,#1050,#865,.T.);
#1332=EDGE_CURVE('',#1051,#1049,#184,.T.);
#1333=EDGE_CURVE('',#1052,#1051,#866,.T.);
#1334=EDGE_CURVE('',#1053,#1052,#185,.T.);
#1335=EDGE_CURVE('',#1054,#1053,#867,.T.);
#1336=EDGE_CURVE('',#1055,#1054,#186,.T.);
#1337=EDGE_CURVE('',#1056,#1055,#868,.T.);
#1338=EDGE_CURVE('',#1050,#1056,#187,.T.);
#1339=EDGE_CURVE('',#1057,#1058,#188,.T.);
#1340=EDGE_CURVE('',#1058,#1051,#189,.T.);
#1341=EDGE_CURVE('',#1057,#1049,#190,.T.);
#1342=EDGE_CURVE('',#1059,#1058,#869,.T.);
#1343=EDGE_CURVE('',#1059,#1052,#191,.T.);
#1344=EDGE_CURVE('',#1059,#1060,#192,.T.);
#1345=EDGE_CURVE('',#1060,#1053,#193,.T.);
#1346=EDGE_CURVE('',#1061,#1060,#870,.T.);
#1347=EDGE_CURVE('',#1061,#1054,#194,.T.);
#1348=EDGE_CURVE('',#1061,#1062,#195,.T.);
#1349=EDGE_CURVE('',#1062,#1055,#196,.T.);
#1350=EDGE_CURVE('',#1063,#1062,#871,.T.);
#1351=EDGE_CURVE('',#1063,#1056,#197,.T.);
#1352=EDGE_CURVE('',#1063,#1064,#198,.T.);
#1353=EDGE_CURVE('',#1064,#1050,#199,.T.);
#1354=EDGE_CURVE('',#1057,#1064,#872,.T.);
#1355=EDGE_CURVE('',#1065,#1066,#200,.T.);
#1356=EDGE_CURVE('',#1066,#1018,#201,.T.);
#1357=EDGE_CURVE('',#1065,#1017,#202,.T.);
#1358=EDGE_CURVE('',#1067,#1066,#873,.T.);
#1359=EDGE_CURVE('',#1067,#1019,#203,.T.);
#1360=EDGE_CURVE('',#1067,#1068,#204,.T.);
#1361=EDGE_CURVE('',#1068,#1020,#205,.T.);
#1362=EDGE_CURVE('',#1069,#1068,#874,.T.);
#1363=EDGE_CURVE('',#1069,#1021,#206,.T.);
#1364=EDGE_CURVE('',#1069,#1070,#207,.T.);
#1365=EDGE_CURVE('',#1070,#1022,#208,.T.);
#1366=EDGE_CURVE('',#1071,#1070,#875,.T.);
#1367=EDGE_CURVE('',#1071,#1023,#209,.T.);
#1368=EDGE_CURVE('',#1071,#1072,#210,.T.);
#1369=EDGE_CURVE('',#1072,#1024,#211,.T.);
#1370=EDGE_CURVE('',#1065,#1072,#876,.T.);
#1371=EDGE_CURVE('',#1073,#1074,#877,.T.);
#1372=EDGE_CURVE('',#1075,#1073,#212,.T.);
#1373=EDGE_CURVE('',#1076,#1075,#878,.T.);
#1374=EDGE_CURVE('',#1077,#1076,#213,.T.);
#1375=EDGE_CURVE('',#1078,#1077,#879,.T.);
#1376=EDGE_CURVE('',#1079,#1078,#214,.T.);
#1377=EDGE_CURVE('',#1080,#1079,#880,.T.);
#1378=EDGE_CURVE('',#1074,#1080,#215,.T.);
#1379=EDGE_CURVE('',#1081,#1082,#216,.T.);
#1380=EDGE_CURVE('',#1082,#1075,#217,.T.);
#1381=EDGE_CURVE('',#1081,#1073,#218,.T.);
#1382=EDGE_CURVE('',#1083,#1082,#881,.T.);
#1383=EDGE_CURVE('',#1083,#1076,#219,.T.);
#1384=EDGE_CURVE('',#1083,#1084,#220,.T.);
#1385=EDGE_CURVE('',#1084,#1077,#221,.T.);
#1386=EDGE_CURVE('',#1085,#1084,#882,.T.);
#1387=EDGE_CURVE('',#1085,#1078,#222,.T.);
#1388=EDGE_CURVE('',#1085,#1086,#223,.T.);
#1389=EDGE_CURVE('',#1086,#1079,#224,.T.);
#1390=EDGE_CURVE('',#1087,#1086,#883,.T.);
#1391=EDGE_CURVE('',#1087,#1080,#225,.T.);
#1392=EDGE_CURVE('',#1087,#1088,#226,.T.);
#1393=EDGE_CURVE('',#1088,#1074,#227,.T.);
#1394=EDGE_CURVE('',#1081,#1088,#884,.T.);
#1395=EDGE_CURVE('',#1089,#1090,#228,.T.);
#1396=EDGE_CURVE('',#1090,#1010,#229,.T.);
#1397=EDGE_CURVE('',#1089,#1009,#230,.T.);
#1398=EDGE_CURVE('',#1091,#1090,#885,.T.);
#1399=EDGE_CURVE('',#1091,#1011,#231,.T.);
#1400=EDGE_CURVE('',#1091,#1092,#232,.T.);
#1401=EDGE_CURVE('',#1092,#1012,#233,.T.);
#1402=EDGE_CURVE('',#1093,#1092,#886,.T.);
#1403=EDGE_CURVE('',#1093,#1013,#234,.T.);
#1404=EDGE_CURVE('',#1093,#1094,#235,.T.);
#1405=EDGE_CURVE('',#1094,#1014,#236,.T.);
#1406=EDGE_CURVE('',#1095,#1094,#887,.T.);
#1407=EDGE_CURVE('',#1095,#1015,#237,.T.);
#1408=EDGE_CURVE('',#1095,#1096,#238,.T.);
#1409=EDGE_CURVE('',#1096,#1016,#239,.T.);
#1410=EDGE_CURVE('',#1089,#1096,#888,.T.);
#1411=EDGE_CURVE('',#1097,#1098,#889,.T.);
#1412=EDGE_CURVE('',#1099,#1097,#240,.T.);
#1413=EDGE_CURVE('',#1100,#1099,#890,.T.);
#1414=EDGE_CURVE('',#1101,#1100,#241,.T.);
#1415=EDGE_CURVE('',#1102,#1101,#891,.T.);
#1416=EDGE_CURVE('',#1103,#1102,#242,.T.);
#1417=EDGE_CURVE('',#1104,#1103,#892,.T.);
#1418=EDGE_CURVE('',#1098,#1104,#243,.T.);
#1419=EDGE_CURVE('',#1105,#1106,#244,.T.);
#1420=EDGE_CURVE('',#1106,#1099,#245,.T.);
#1421=EDGE_CURVE('',#1105,#1097,#246,.T.);
#1422=EDGE_CURVE('',#1107,#1106,#893,.T.);
#1423=EDGE_CURVE('',#1107,#1100,#247,.T.);
#1424=EDGE_CURVE('',#1107,#1108,#248,.T.);
#1425=EDGE_CURVE('',#1108,#1101,#249,.T.);
#1426=EDGE_CURVE('',#1109,#1108,#894,.T.);
#1427=EDGE_CURVE('',#1109,#1102,#250,.T.);
#1428=EDGE_CURVE('',#1109,#1110,#251,.T.);
#1429=EDGE_CURVE('',#1110,#1103,#252,.T.);
#1430=EDGE_CURVE('',#1111,#1110,#895,.T.);
#1431=EDGE_CURVE('',#1111,#1104,#253,.T.);
#1432=EDGE_CURVE('',#1111,#1112,#254,.T.);
#1433=EDGE_CURVE('',#1112,#1098,#255,.T.);
#1434=EDGE_CURVE('',#1105,#1112,#896,.T.);
#1435=EDGE_CURVE('',#1113,#1114,#256,.T.);
#1436=EDGE_CURVE('',#1114,#1026,#257,.T.);
#1437=EDGE_CURVE('',#1113,#1025,#258,.T.);
#1438=EDGE_CURVE('',#1115,#1114,#897,.T.);
#1439=EDGE_CURVE('',#1115,#1027,#259,.T.);
#1440=EDGE_CURVE('',#1115,#1116,#260,.T.);
#1441=EDGE_CURVE('',#1116,#1028,#261,.T.);
#1442=EDGE_CURVE('',#1117,#1116,#898,.T.);
#1443=EDGE_CURVE('',#1117,#1029,#262,.T.);
#1444=EDGE_CURVE('',#1117,#1118,#263,.T.);
#1445=EDGE_CURVE('',#1118,#1030,#264,.T.);
#1446=EDGE_CURVE('',#1119,#1118,#899,.T.);
#1447=EDGE_CURVE('',#1119,#1031,#265,.T.);
#1448=EDGE_CURVE('',#1119,#1120,#266,.T.);
#1449=EDGE_CURVE('',#1120,#1032,#267,.T.);
#1450=EDGE_CURVE('',#1113,#1120,#900,.T.);
#1451=EDGE_CURVE('',#1121,#1122,#901,.T.);
#1452=EDGE_CURVE('',#1123,#1121,#268,.T.);
#1453=EDGE_CURVE('',#1124,#1123,#902,.T.);
#1454=EDGE_CURVE('',#1125,#1124,#269,.T.);
#1455=EDGE_CURVE('',#1126,#1125,#903,.T.);
#1456=EDGE_CURVE('',#1127,#1126,#270,.T.);
#1457=EDGE_CURVE('',#1128,#1127,#904,.T.);
#1458=EDGE_CURVE('',#1122,#1128,#271,.T.);
#1459=EDGE_CURVE('',#1129,#1130,#272,.T.);
#1460=EDGE_CURVE('',#1130,#1123,#273,.T.);
#1461=EDGE_CURVE('',#1129,#1121,#274,.T.);
#1462=EDGE_CURVE('',#1131,#1130,#905,.T.);
#1463=EDGE_CURVE('',#1131,#1124,#275,.T.);
#1464=EDGE_CURVE('',#1131,#1132,#276,.T.);
#1465=EDGE_CURVE('',#1132,#1125,#277,.T.);
#1466=EDGE_CURVE('',#1133,#1132,#906,.T.);
#1467=EDGE_CURVE('',#1133,#1126,#278,.T.);
#1468=EDGE_CURVE('',#1133,#1134,#279,.T.);
#1469=EDGE_CURVE('',#1134,#1127,#280,.T.);
#1470=EDGE_CURVE('',#1135,#1134,#907,.T.);
#1471=EDGE_CURVE('',#1135,#1128,#281,.T.);
#1472=EDGE_CURVE('',#1135,#1136,#282,.T.);
#1473=EDGE_CURVE('',#1136,#1122,#283,.T.);
#1474=EDGE_CURVE('',#1129,#1136,#908,.T.);
#1475=EDGE_CURVE('',#985,#978,#284,.T.);
#1476=EDGE_CURVE('',#977,#994,#285,.T.);
#1477=EDGE_CURVE('',#971,#988,#286,.T.);
#1478=EDGE_CURVE('',#989,#972,#287,.T.);
#1479=EDGE_CURVE('',#969,#981,#288,.T.);
#1480=EDGE_CURVE('',#986,#970,#289,.T.);
#1481=EDGE_CURVE('',#973,#991,#290,.T.);
#1482=EDGE_CURVE('',#992,#974,#291,.T.);
#1483=ORIENTED_EDGE('',*,*,#1137,.F.);
#1484=ORIENTED_EDGE('',*,*,#1138,.F.);
#1485=ORIENTED_EDGE('',*,*,#1139,.T.);
#1486=ORIENTED_EDGE('',*,*,#1140,.F.);
#1487=ORIENTED_EDGE('',*,*,#1139,.F.);
#1488=ORIENTED_EDGE('',*,*,#1138,.T.);
#1489=ORIENTED_EDGE('',*,*,#1141,.F.);
#1490=ORIENTED_EDGE('',*,*,#1142,.T.);
#1491=ORIENTED_EDGE('',*,*,#1143,.T.);
#1492=ORIENTED_EDGE('',*,*,#1144,.F.);
#1493=ORIENTED_EDGE('',*,*,#1145,.F.);
#1494=ORIENTED_EDGE('',*,*,#1146,.T.);
#1495=ORIENTED_EDGE('',*,*,#1147,.T.);
#1496=ORIENTED_EDGE('',*,*,#1148,.F.);
#1497=ORIENTED_EDGE('',*,*,#1149,.F.);
#1498=ORIENTED_EDGE('',*,*,#1150,.T.);
#1499=ORIENTED_EDGE('',*,*,#1151,.T.);
#1500=ORIENTED_EDGE('',*,*,#1152,.F.);
#1501=ORIENTED_EDGE('',*,*,#1153,.F.);
#1502=ORIENTED_EDGE('',*,*,#1154,.T.);
#1503=ORIENTED_EDGE('',*,*,#1155,.T.);
#1504=ORIENTED_EDGE('',*,*,#1156,.F.);
#1505=ORIENTED_EDGE('',*,*,#1137,.T.);
#1506=ORIENTED_EDGE('',*,*,#1157,.T.);
#1507=ORIENTED_EDGE('',*,*,#1158,.F.);
#1508=ORIENTED_EDGE('',*,*,#1159,.T.);
#1509=ORIENTED_EDGE('',*,*,#1160,.F.);
#1510=ORIENTED_EDGE('',*,*,#1161,.T.);
#1511=ORIENTED_EDGE('',*,*,#1162,.F.);
#1512=ORIENTED_EDGE('',*,*,#1163,.T.);
#1513=ORIENTED_EDGE('',*,*,#1164,.F.);
#1514=ORIENTED_EDGE('',*,*,#1165,.T.);
#1515=ORIENTED_EDGE('',*,*,#1166,.F.);
#1516=ORIENTED_EDGE('',*,*,#1157,.F.);
#1517=ORIENTED_EDGE('',*,*,#1167,.F.);
#1518=ORIENTED_EDGE('',*,*,#1168,.F.);
#1519=ORIENTED_EDGE('',*,*,#1169,.F.);
#1520=ORIENTED_EDGE('',*,*,#1170,.F.);
#1521=ORIENTED_EDGE('',*,*,#1164,.T.);
#1522=ORIENTED_EDGE('',*,*,#1171,.F.);
#1523=ORIENTED_EDGE('',*,*,#1172,.T.);
#1524=ORIENTED_EDGE('',*,*,#1173,.F.);
#1525=ORIENTED_EDGE('',*,*,#1174,.T.);
#1526=ORIENTED_EDGE('',*,*,#1175,.F.);
#1527=ORIENTED_EDGE('',*,*,#1160,.T.);
#1528=ORIENTED_EDGE('',*,*,#1176,.F.);
#1529=ORIENTED_EDGE('',*,*,#1162,.T.);
#1530=ORIENTED_EDGE('',*,*,#1177,.F.);
#1531=ORIENTED_EDGE('',*,*,#1178,.T.);
#1532=ORIENTED_EDGE('',*,*,#1179,.F.);
#1533=ORIENTED_EDGE('',*,*,#1180,.T.);
#1534=ORIENTED_EDGE('',*,*,#1181,.F.);
#1535=ORIENTED_EDGE('',*,*,#1158,.T.);
#1536=ORIENTED_EDGE('',*,*,#1166,.T.);
#1537=ORIENTED_EDGE('',*,*,#1182,.F.);
#1538=ORIENTED_EDGE('',*,*,#1183,.F.);
#1539=ORIENTED_EDGE('',*,*,#1184,.T.);
#1540=ORIENTED_EDGE('',*,*,#1185,.T.);
#1541=ORIENTED_EDGE('',*,*,#1186,.T.);
#1542=ORIENTED_EDGE('',*,*,#1187,.T.);
#1543=ORIENTED_EDGE('',*,*,#1188,.T.);
#1544=ORIENTED_EDGE('',*,*,#1189,.F.);
#1545=ORIENTED_EDGE('',*,*,#1168,.T.);
#1546=ORIENTED_EDGE('',*,*,#1190,.F.);
#1547=ORIENTED_EDGE('',*,*,#1191,.T.);
#1548=ORIENTED_EDGE('',*,*,#1192,.T.);
#1549=ORIENTED_EDGE('',*,*,#1170,.T.);
#1550=ORIENTED_EDGE('',*,*,#1193,.T.);
#1551=ORIENTED_EDGE('',*,*,#1194,.T.);
#1552=ORIENTED_EDGE('',*,*,#1195,.F.);
#1553=ORIENTED_EDGE('',*,*,#1196,.T.);
#1554=ORIENTED_EDGE('',*,*,#1197,.F.);
#1555=ORIENTED_EDGE('',*,*,#1198,.T.);
#1556=ORIENTED_EDGE('',*,*,#1199,.T.);
#1557=ORIENTED_EDGE('',*,*,#1200,.T.);
#1558=ORIENTED_EDGE('',*,*,#1201,.T.);
#1559=ORIENTED_EDGE('',*,*,#1202,.T.);
#1560=ORIENTED_EDGE('',*,*,#1203,.F.);
#1561=ORIENTED_EDGE('',*,*,#1204,.T.);
#1562=ORIENTED_EDGE('',*,*,#1185,.F.);
#1563=ORIENTED_EDGE('',*,*,#1205,.T.);
#1564=ORIENTED_EDGE('',*,*,#1206,.T.);
#1565=ORIENTED_EDGE('',*,*,#1145,.T.);
#1566=ORIENTED_EDGE('',*,*,#1207,.T.);
#1567=ORIENTED_EDGE('',*,*,#1208,.T.);
#1568=ORIENTED_EDGE('',*,*,#1187,.F.);
#1569=ORIENTED_EDGE('',*,*,#1167,.T.);
#1570=ORIENTED_EDGE('',*,*,#1192,.F.);
#1571=ORIENTED_EDGE('',*,*,#1209,.T.);
#1572=ORIENTED_EDGE('',*,*,#1210,.T.);
#1573=ORIENTED_EDGE('',*,*,#1149,.T.);
#1574=ORIENTED_EDGE('',*,*,#1211,.T.);
#1575=ORIENTED_EDGE('',*,*,#1212,.T.);
#1576=ORIENTED_EDGE('',*,*,#1193,.F.);
#1577=ORIENTED_EDGE('',*,*,#1213,.T.);
#1578=ORIENTED_EDGE('',*,*,#1199,.F.);
#1579=ORIENTED_EDGE('',*,*,#1214,.T.);
#1580=ORIENTED_EDGE('',*,*,#1215,.T.);
#1581=ORIENTED_EDGE('',*,*,#1141,.T.);
#1582=ORIENTED_EDGE('',*,*,#1216,.T.);
#1583=ORIENTED_EDGE('',*,*,#1217,.T.);
#1584=ORIENTED_EDGE('',*,*,#1201,.F.);
#1585=ORIENTED_EDGE('',*,*,#1218,.T.);
#1586=ORIENTED_EDGE('',*,*,#1219,.F.);
#1587=ORIENTED_EDGE('',*,*,#1220,.T.);
#1588=ORIENTED_EDGE('',*,*,#1221,.T.);
#1589=ORIENTED_EDGE('',*,*,#1153,.T.);
#1590=ORIENTED_EDGE('',*,*,#1222,.T.);
#1591=ORIENTED_EDGE('',*,*,#1223,.T.);
#1592=ORIENTED_EDGE('',*,*,#1224,.F.);
#1593=ORIENTED_EDGE('',*,*,#1225,.T.);
#1594=ORIENTED_EDGE('',*,*,#1140,.T.);
#1595=ORIENTED_EDGE('',*,*,#1226,.F.);
#1596=ORIENTED_EDGE('',*,*,#1227,.T.);
#1597=ORIENTED_EDGE('',*,*,#1183,.T.);
#1598=ORIENTED_EDGE('',*,*,#1228,.T.);
#1599=ORIENTED_EDGE('',*,*,#1229,.T.);
#1600=ORIENTED_EDGE('',*,*,#1230,.T.);
#1601=ORIENTED_EDGE('',*,*,#1231,.F.);
#1602=ORIENTED_EDGE('',*,*,#1189,.T.);
#1603=ORIENTED_EDGE('',*,*,#1232,.T.);
#1604=ORIENTED_EDGE('',*,*,#1233,.F.);
#1605=ORIENTED_EDGE('',*,*,#1234,.F.);
#1606=ORIENTED_EDGE('',*,*,#1235,.T.);
#1607=ORIENTED_EDGE('',*,*,#1190,.T.);
#1608=ORIENTED_EDGE('',*,*,#1169,.T.);
#1609=ORIENTED_EDGE('',*,*,#1195,.T.);
#1610=ORIENTED_EDGE('',*,*,#1236,.T.);
#1611=ORIENTED_EDGE('',*,*,#1237,.F.);
#1612=ORIENTED_EDGE('',*,*,#1238,.F.);
#1613=ORIENTED_EDGE('',*,*,#1239,.T.);
#1614=ORIENTED_EDGE('',*,*,#1197,.T.);
#1615=ORIENTED_EDGE('',*,*,#1240,.T.);
#1616=ORIENTED_EDGE('',*,*,#1203,.T.);
#1617=ORIENTED_EDGE('',*,*,#1241,.T.);
#1618=ORIENTED_EDGE('',*,*,#1242,.F.);
#1619=ORIENTED_EDGE('',*,*,#1243,.F.);
#1620=ORIENTED_EDGE('',*,*,#1244,.T.);
#1621=ORIENTED_EDGE('',*,*,#1245,.T.);
#1622=ORIENTED_EDGE('',*,*,#1246,.T.);
#1623=ORIENTED_EDGE('',*,*,#1247,.F.);
#1624=ORIENTED_EDGE('',*,*,#1238,.T.);
#1625=ORIENTED_EDGE('',*,*,#1248,.T.);
#1626=ORIENTED_EDGE('',*,*,#1249,.F.);
#1627=ORIENTED_EDGE('',*,*,#1250,.F.);
#1628=ORIENTED_EDGE('',*,*,#1226,.T.);
#1629=ORIENTED_EDGE('',*,*,#1251,.T.);
#1630=ORIENTED_EDGE('',*,*,#1252,.F.);
#1631=ORIENTED_EDGE('',*,*,#1253,.F.);
#1632=ORIENTED_EDGE('',*,*,#1234,.T.);
#1633=ORIENTED_EDGE('',*,*,#1254,.T.);
#1634=ORIENTED_EDGE('',*,*,#1255,.F.);
#1635=ORIENTED_EDGE('',*,*,#1224,.T.);
#1636=ORIENTED_EDGE('',*,*,#1256,.T.);
#1637=ORIENTED_EDGE('',*,*,#1229,.F.);
#1638=ORIENTED_EDGE('',*,*,#1257,.T.);
#1639=ORIENTED_EDGE('',*,*,#1258,.F.);
#1640=ORIENTED_EDGE('',*,*,#1259,.F.);
#1641=ORIENTED_EDGE('',*,*,#1251,.F.);
#1642=ORIENTED_EDGE('',*,*,#1231,.T.);
#1643=ORIENTED_EDGE('',*,*,#1245,.F.);
#1644=ORIENTED_EDGE('',*,*,#1260,.T.);
#1645=ORIENTED_EDGE('',*,*,#1219,.T.);
#1646=ORIENTED_EDGE('',*,*,#1261,.T.);
#1647=ORIENTED_EDGE('',*,*,#1196,.F.);
#1648=ORIENTED_EDGE('',*,*,#1240,.F.);
#1649=ORIENTED_EDGE('',*,*,#1200,.F.);
#1650=ORIENTED_EDGE('',*,*,#1213,.F.);
#1651=ORIENTED_EDGE('',*,*,#1204,.F.);
#1652=ORIENTED_EDGE('',*,*,#1246,.F.);
#1653=ORIENTED_EDGE('',*,*,#1261,.F.);
#1654=ORIENTED_EDGE('',*,*,#1218,.F.);
#1655=ORIENTED_EDGE('',*,*,#1257,.F.);
#1656=ORIENTED_EDGE('',*,*,#1228,.F.);
#1657=ORIENTED_EDGE('',*,*,#1186,.F.);
#1658=ORIENTED_EDGE('',*,*,#1225,.F.);
#1659=ORIENTED_EDGE('',*,*,#1262,.F.);
#1660=ORIENTED_EDGE('',*,*,#1263,.F.);
#1661=ORIENTED_EDGE('',*,*,#1264,.F.);
#1662=ORIENTED_EDGE('',*,*,#1242,.T.);
#1663=ORIENTED_EDGE('',*,*,#1265,.F.);
#1664=ORIENTED_EDGE('',*,*,#1243,.T.);
#1665=ORIENTED_EDGE('',*,*,#1264,.T.);
#1666=ORIENTED_EDGE('',*,*,#1266,.F.);
#1667=ORIENTED_EDGE('',*,*,#1267,.F.);
#1668=ORIENTED_EDGE('',*,*,#1268,.F.);
#1669=ORIENTED_EDGE('',*,*,#1254,.F.);
#1670=ORIENTED_EDGE('',*,*,#1233,.T.);
#1671=ORIENTED_EDGE('',*,*,#1269,.F.);
#1672=ORIENTED_EDGE('',*,*,#1270,.F.);
#1673=ORIENTED_EDGE('',*,*,#1248,.F.);
#1674=ORIENTED_EDGE('',*,*,#1237,.T.);
#1675=ORIENTED_EDGE('',*,*,#1271,.F.);
#1676=ORIENTED_EDGE('',*,*,#1252,.T.);
#1677=ORIENTED_EDGE('',*,*,#1259,.T.);
#1678=ORIENTED_EDGE('',*,*,#1272,.F.);
#1679=ORIENTED_EDGE('',*,*,#1155,.F.);
#1680=ORIENTED_EDGE('',*,*,#1273,.F.);
#1681=ORIENTED_EDGE('',*,*,#1266,.T.);
#1682=ORIENTED_EDGE('',*,*,#1263,.T.);
#1683=ORIENTED_EDGE('',*,*,#1274,.F.);
#1684=ORIENTED_EDGE('',*,*,#1143,.F.);
#1685=ORIENTED_EDGE('',*,*,#1275,.F.);
#1686=ORIENTED_EDGE('',*,*,#1249,.T.);
#1687=ORIENTED_EDGE('',*,*,#1270,.T.);
#1688=ORIENTED_EDGE('',*,*,#1276,.F.);
#1689=ORIENTED_EDGE('',*,*,#1151,.F.);
#1690=ORIENTED_EDGE('',*,*,#1277,.F.);
#1691=ORIENTED_EDGE('',*,*,#1255,.T.);
#1692=ORIENTED_EDGE('',*,*,#1268,.T.);
#1693=ORIENTED_EDGE('',*,*,#1278,.F.);
#1694=ORIENTED_EDGE('',*,*,#1147,.F.);
#1695=ORIENTED_EDGE('',*,*,#1163,.F.);
#1696=ORIENTED_EDGE('',*,*,#1179,.T.);
#1697=ORIENTED_EDGE('',*,*,#1279,.F.);
#1698=ORIENTED_EDGE('',*,*,#1280,.F.);
#1699=ORIENTED_EDGE('',*,*,#1281,.F.);
#1700=ORIENTED_EDGE('',*,*,#1282,.F.);
#1701=ORIENTED_EDGE('',*,*,#1283,.F.);
#1702=ORIENTED_EDGE('',*,*,#1284,.F.);
#1703=ORIENTED_EDGE('',*,*,#1285,.F.);
#1704=ORIENTED_EDGE('',*,*,#1286,.F.);
#1705=ORIENTED_EDGE('',*,*,#1287,.F.);
#1706=ORIENTED_EDGE('',*,*,#1177,.T.);
#1707=ORIENTED_EDGE('',*,*,#1161,.F.);
#1708=ORIENTED_EDGE('',*,*,#1175,.T.);
#1709=ORIENTED_EDGE('',*,*,#1288,.F.);
#1710=ORIENTED_EDGE('',*,*,#1289,.F.);
#1711=ORIENTED_EDGE('',*,*,#1290,.F.);
#1712=ORIENTED_EDGE('',*,*,#1291,.F.);
#1713=ORIENTED_EDGE('',*,*,#1292,.F.);
#1714=ORIENTED_EDGE('',*,*,#1293,.F.);
#1715=ORIENTED_EDGE('',*,*,#1294,.F.);
#1716=ORIENTED_EDGE('',*,*,#1295,.F.);
#1717=ORIENTED_EDGE('',*,*,#1296,.F.);
#1718=ORIENTED_EDGE('',*,*,#1176,.T.);
#1719=ORIENTED_EDGE('',*,*,#1159,.F.);
#1720=ORIENTED_EDGE('',*,*,#1181,.T.);
#1721=ORIENTED_EDGE('',*,*,#1297,.F.);
#1722=ORIENTED_EDGE('',*,*,#1298,.F.);
#1723=ORIENTED_EDGE('',*,*,#1299,.F.);
#1724=ORIENTED_EDGE('',*,*,#1300,.F.);
#1725=ORIENTED_EDGE('',*,*,#1301,.F.);
#1726=ORIENTED_EDGE('',*,*,#1302,.F.);
#1727=ORIENTED_EDGE('',*,*,#1303,.F.);
#1728=ORIENTED_EDGE('',*,*,#1304,.F.);
#1729=ORIENTED_EDGE('',*,*,#1305,.F.);
#1730=ORIENTED_EDGE('',*,*,#1182,.T.);
#1731=ORIENTED_EDGE('',*,*,#1165,.F.);
#1732=ORIENTED_EDGE('',*,*,#1173,.T.);
#1733=ORIENTED_EDGE('',*,*,#1306,.F.);
#1734=ORIENTED_EDGE('',*,*,#1307,.F.);
#1735=ORIENTED_EDGE('',*,*,#1308,.F.);
#1736=ORIENTED_EDGE('',*,*,#1309,.F.);
#1737=ORIENTED_EDGE('',*,*,#1310,.F.);
#1738=ORIENTED_EDGE('',*,*,#1311,.F.);
#1739=ORIENTED_EDGE('',*,*,#1312,.F.);
#1740=ORIENTED_EDGE('',*,*,#1313,.F.);
#1741=ORIENTED_EDGE('',*,*,#1314,.F.);
#1742=ORIENTED_EDGE('',*,*,#1171,.T.);
#1743=ORIENTED_EDGE('',*,*,#1315,.T.);
#1744=ORIENTED_EDGE('',*,*,#1316,.T.);
#1745=ORIENTED_EDGE('',*,*,#1307,.T.);
#1746=ORIENTED_EDGE('',*,*,#1317,.F.);
#1747=ORIENTED_EDGE('',*,*,#1318,.F.);
#1748=ORIENTED_EDGE('',*,*,#1319,.T.);
#1749=ORIENTED_EDGE('',*,*,#1308,.T.);
#1750=ORIENTED_EDGE('',*,*,#1316,.F.);
#1751=ORIENTED_EDGE('',*,*,#1320,.T.);
#1752=ORIENTED_EDGE('',*,*,#1321,.T.);
#1753=ORIENTED_EDGE('',*,*,#1309,.T.);
#1754=ORIENTED_EDGE('',*,*,#1319,.F.);
#1755=ORIENTED_EDGE('',*,*,#1322,.F.);
#1756=ORIENTED_EDGE('',*,*,#1323,.T.);
#1757=ORIENTED_EDGE('',*,*,#1310,.T.);
#1758=ORIENTED_EDGE('',*,*,#1321,.F.);
#1759=ORIENTED_EDGE('',*,*,#1324,.T.);
#1760=ORIENTED_EDGE('',*,*,#1325,.T.);
#1761=ORIENTED_EDGE('',*,*,#1311,.T.);
#1762=ORIENTED_EDGE('',*,*,#1323,.F.);
#1763=ORIENTED_EDGE('',*,*,#1326,.F.);
#1764=ORIENTED_EDGE('',*,*,#1327,.T.);
#1765=ORIENTED_EDGE('',*,*,#1312,.T.);
#1766=ORIENTED_EDGE('',*,*,#1325,.F.);
#1767=ORIENTED_EDGE('',*,*,#1328,.T.);
#1768=ORIENTED_EDGE('',*,*,#1329,.T.);
#1769=ORIENTED_EDGE('',*,*,#1313,.T.);
#1770=ORIENTED_EDGE('',*,*,#1327,.F.);
#1771=ORIENTED_EDGE('',*,*,#1330,.T.);
#1772=ORIENTED_EDGE('',*,*,#1328,.F.);
#1773=ORIENTED_EDGE('',*,*,#1326,.T.);
#1774=ORIENTED_EDGE('',*,*,#1324,.F.);
#1775=ORIENTED_EDGE('',*,*,#1322,.T.);
#1776=ORIENTED_EDGE('',*,*,#1320,.F.);
#1777=ORIENTED_EDGE('',*,*,#1318,.T.);
#1778=ORIENTED_EDGE('',*,*,#1315,.F.);
#1779=ORIENTED_EDGE('',*,*,#1331,.F.);
#1780=ORIENTED_EDGE('',*,*,#1332,.F.);
#1781=ORIENTED_EDGE('',*,*,#1333,.F.);
#1782=ORIENTED_EDGE('',*,*,#1334,.F.);
#1783=ORIENTED_EDGE('',*,*,#1335,.F.);
#1784=ORIENTED_EDGE('',*,*,#1336,.F.);
#1785=ORIENTED_EDGE('',*,*,#1337,.F.);
#1786=ORIENTED_EDGE('',*,*,#1338,.F.);
#1787=ORIENTED_EDGE('',*,*,#1339,.T.);
#1788=ORIENTED_EDGE('',*,*,#1340,.T.);
#1789=ORIENTED_EDGE('',*,*,#1332,.T.);
#1790=ORIENTED_EDGE('',*,*,#1341,.F.);
#1791=ORIENTED_EDGE('',*,*,#1342,.F.);
#1792=ORIENTED_EDGE('',*,*,#1343,.T.);
#1793=ORIENTED_EDGE('',*,*,#1333,.T.);
#1794=ORIENTED_EDGE('',*,*,#1340,.F.);
#1795=ORIENTED_EDGE('',*,*,#1344,.T.);
#1796=ORIENTED_EDGE('',*,*,#1345,.T.);
#1797=ORIENTED_EDGE('',*,*,#1334,.T.);
#1798=ORIENTED_EDGE('',*,*,#1343,.F.);
#1799=ORIENTED_EDGE('',*,*,#1346,.F.);
#1800=ORIENTED_EDGE('',*,*,#1347,.T.);
#1801=ORIENTED_EDGE('',*,*,#1335,.T.);
#1802=ORIENTED_EDGE('',*,*,#1345,.F.);
#1803=ORIENTED_EDGE('',*,*,#1348,.T.);
#1804=ORIENTED_EDGE('',*,*,#1349,.T.);
#1805=ORIENTED_EDGE('',*,*,#1336,.T.);
#1806=ORIENTED_EDGE('',*,*,#1347,.F.);
#1807=ORIENTED_EDGE('',*,*,#1350,.F.);
#1808=ORIENTED_EDGE('',*,*,#1351,.T.);
#1809=ORIENTED_EDGE('',*,*,#1337,.T.);
#1810=ORIENTED_EDGE('',*,*,#1349,.F.);
#1811=ORIENTED_EDGE('',*,*,#1352,.T.);
#1812=ORIENTED_EDGE('',*,*,#1353,.T.);
#1813=ORIENTED_EDGE('',*,*,#1338,.T.);
#1814=ORIENTED_EDGE('',*,*,#1351,.F.);
#1815=ORIENTED_EDGE('',*,*,#1354,.F.);
#1816=ORIENTED_EDGE('',*,*,#1341,.T.);
#1817=ORIENTED_EDGE('',*,*,#1331,.T.);
#1818=ORIENTED_EDGE('',*,*,#1353,.F.);
#1819=ORIENTED_EDGE('',*,*,#1354,.T.);
#1820=ORIENTED_EDGE('',*,*,#1352,.F.);
#1821=ORIENTED_EDGE('',*,*,#1350,.T.);
#1822=ORIENTED_EDGE('',*,*,#1348,.F.);
#1823=ORIENTED_EDGE('',*,*,#1346,.T.);
#1824=ORIENTED_EDGE('',*,*,#1344,.F.);
#1825=ORIENTED_EDGE('',*,*,#1342,.T.);
#1826=ORIENTED_EDGE('',*,*,#1339,.F.);
#1827=ORIENTED_EDGE('',*,*,#1314,.T.);
#1828=ORIENTED_EDGE('',*,*,#1329,.F.);
#1829=ORIENTED_EDGE('',*,*,#1330,.F.);
#1830=ORIENTED_EDGE('',*,*,#1317,.T.);
#1831=ORIENTED_EDGE('',*,*,#1306,.T.);
#1832=ORIENTED_EDGE('',*,*,#1172,.F.);
#1833=ORIENTED_EDGE('',*,*,#1355,.T.);
#1834=ORIENTED_EDGE('',*,*,#1356,.T.);
#1835=ORIENTED_EDGE('',*,*,#1289,.T.);
#1836=ORIENTED_EDGE('',*,*,#1357,.F.);
#1837=ORIENTED_EDGE('',*,*,#1358,.F.);
#1838=ORIENTED_EDGE('',*,*,#1359,.T.);
#1839=ORIENTED_EDGE('',*,*,#1290,.T.);
#1840=ORIENTED_EDGE('',*,*,#1356,.F.);
#1841=ORIENTED_EDGE('',*,*,#1360,.T.);
#1842=ORIENTED_EDGE('',*,*,#1361,.T.);
#1843=ORIENTED_EDGE('',*,*,#1291,.T.);
#1844=ORIENTED_EDGE('',*,*,#1359,.F.);
#1845=ORIENTED_EDGE('',*,*,#1362,.F.);
#1846=ORIENTED_EDGE('',*,*,#1363,.T.);
#1847=ORIENTED_EDGE('',*,*,#1292,.T.);
#1848=ORIENTED_EDGE('',*,*,#1361,.F.);
#1849=ORIENTED_EDGE('',*,*,#1364,.T.);
#1850=ORIENTED_EDGE('',*,*,#1365,.T.);
#1851=ORIENTED_EDGE('',*,*,#1293,.T.);
#1852=ORIENTED_EDGE('',*,*,#1363,.F.);
#1853=ORIENTED_EDGE('',*,*,#1366,.F.);
#1854=ORIENTED_EDGE('',*,*,#1367,.T.);
#1855=ORIENTED_EDGE('',*,*,#1294,.T.);
#1856=ORIENTED_EDGE('',*,*,#1365,.F.);
#1857=ORIENTED_EDGE('',*,*,#1368,.T.);
#1858=ORIENTED_EDGE('',*,*,#1369,.T.);
#1859=ORIENTED_EDGE('',*,*,#1295,.T.);
#1860=ORIENTED_EDGE('',*,*,#1367,.F.);
#1861=ORIENTED_EDGE('',*,*,#1370,.T.);
#1862=ORIENTED_EDGE('',*,*,#1368,.F.);
#1863=ORIENTED_EDGE('',*,*,#1366,.T.);
#1864=ORIENTED_EDGE('',*,*,#1364,.F.);
#1865=ORIENTED_EDGE('',*,*,#1362,.T.);
#1866=ORIENTED_EDGE('',*,*,#1360,.F.);
#1867=ORIENTED_EDGE('',*,*,#1358,.T.);
#1868=ORIENTED_EDGE('',*,*,#1355,.F.);
#1869=ORIENTED_EDGE('',*,*,#1371,.F.);
#1870=ORIENTED_EDGE('',*,*,#1372,.F.);
#1871=ORIENTED_EDGE('',*,*,#1373,.F.);
#1872=ORIENTED_EDGE('',*,*,#1374,.F.);
#1873=ORIENTED_EDGE('',*,*,#1375,.F.);
#1874=ORIENTED_EDGE('',*,*,#1376,.F.);
#1875=ORIENTED_EDGE('',*,*,#1377,.F.);
#1876=ORIENTED_EDGE('',*,*,#1378,.F.);
#1877=ORIENTED_EDGE('',*,*,#1379,.T.);
#1878=ORIENTED_EDGE('',*,*,#1380,.T.);
#1879=ORIENTED_EDGE('',*,*,#1372,.T.);
#1880=ORIENTED_EDGE('',*,*,#1381,.F.);
#1881=ORIENTED_EDGE('',*,*,#1382,.F.);
#1882=ORIENTED_EDGE('',*,*,#1383,.T.);
#1883=ORIENTED_EDGE('',*,*,#1373,.T.);
#1884=ORIENTED_EDGE('',*,*,#1380,.F.);
#1885=ORIENTED_EDGE('',*,*,#1384,.T.);
#1886=ORIENTED_EDGE('',*,*,#1385,.T.);
#1887=ORIENTED_EDGE('',*,*,#1374,.T.);
#1888=ORIENTED_EDGE('',*,*,#1383,.F.);
#1889=ORIENTED_EDGE('',*,*,#1386,.F.);
#1890=ORIENTED_EDGE('',*,*,#1387,.T.);
#1891=ORIENTED_EDGE('',*,*,#1375,.T.);
#1892=ORIENTED_EDGE('',*,*,#1385,.F.);
#1893=ORIENTED_EDGE('',*,*,#1388,.T.);
#1894=ORIENTED_EDGE('',*,*,#1389,.T.);
#1895=ORIENTED_EDGE('',*,*,#1376,.T.);
#1896=ORIENTED_EDGE('',*,*,#1387,.F.);
#1897=ORIENTED_EDGE('',*,*,#1390,.F.);
#1898=ORIENTED_EDGE('',*,*,#1391,.T.);
#1899=ORIENTED_EDGE('',*,*,#1377,.T.);
#1900=ORIENTED_EDGE('',*,*,#1389,.F.);
#1901=ORIENTED_EDGE('',*,*,#1392,.T.);
#1902=ORIENTED_EDGE('',*,*,#1393,.T.);
#1903=ORIENTED_EDGE('',*,*,#1378,.T.);
#1904=ORIENTED_EDGE('',*,*,#1391,.F.);
#1905=ORIENTED_EDGE('',*,*,#1394,.F.);
#1906=ORIENTED_EDGE('',*,*,#1381,.T.);
#1907=ORIENTED_EDGE('',*,*,#1371,.T.);
#1908=ORIENTED_EDGE('',*,*,#1393,.F.);
#1909=ORIENTED_EDGE('',*,*,#1394,.T.);
#1910=ORIENTED_EDGE('',*,*,#1392,.F.);
#1911=ORIENTED_EDGE('',*,*,#1390,.T.);
#1912=ORIENTED_EDGE('',*,*,#1388,.F.);
#1913=ORIENTED_EDGE('',*,*,#1386,.T.);
#1914=ORIENTED_EDGE('',*,*,#1384,.F.);
#1915=ORIENTED_EDGE('',*,*,#1382,.T.);
#1916=ORIENTED_EDGE('',*,*,#1379,.F.);
#1917=ORIENTED_EDGE('',*,*,#1296,.T.);
#1918=ORIENTED_EDGE('',*,*,#1369,.F.);
#1919=ORIENTED_EDGE('',*,*,#1370,.F.);
#1920=ORIENTED_EDGE('',*,*,#1357,.T.);
#1921=ORIENTED_EDGE('',*,*,#1288,.T.);
#1922=ORIENTED_EDGE('',*,*,#1174,.F.);
#1923=ORIENTED_EDGE('',*,*,#1395,.T.);
#1924=ORIENTED_EDGE('',*,*,#1396,.T.);
#1925=ORIENTED_EDGE('',*,*,#1280,.T.);
#1926=ORIENTED_EDGE('',*,*,#1397,.F.);
#1927=ORIENTED_EDGE('',*,*,#1398,.F.);
#1928=ORIENTED_EDGE('',*,*,#1399,.T.);
#1929=ORIENTED_EDGE('',*,*,#1281,.T.);
#1930=ORIENTED_EDGE('',*,*,#1396,.F.);
#1931=ORIENTED_EDGE('',*,*,#1400,.T.);
#1932=ORIENTED_EDGE('',*,*,#1401,.T.);
#1933=ORIENTED_EDGE('',*,*,#1282,.T.);
#1934=ORIENTED_EDGE('',*,*,#1399,.F.);
#1935=ORIENTED_EDGE('',*,*,#1402,.F.);
#1936=ORIENTED_EDGE('',*,*,#1403,.T.);
#1937=ORIENTED_EDGE('',*,*,#1283,.T.);
#1938=ORIENTED_EDGE('',*,*,#1401,.F.);
#1939=ORIENTED_EDGE('',*,*,#1404,.T.);
#1940=ORIENTED_EDGE('',*,*,#1405,.T.);
#1941=ORIENTED_EDGE('',*,*,#1284,.T.);
#1942=ORIENTED_EDGE('',*,*,#1403,.F.);
#1943=ORIENTED_EDGE('',*,*,#1406,.F.);
#1944=ORIENTED_EDGE('',*,*,#1407,.T.);
#1945=ORIENTED_EDGE('',*,*,#1285,.T.);
#1946=ORIENTED_EDGE('',*,*,#1405,.F.);
#1947=ORIENTED_EDGE('',*,*,#1408,.T.);
#1948=ORIENTED_EDGE('',*,*,#1409,.T.);
#1949=ORIENTED_EDGE('',*,*,#1286,.T.);
#1950=ORIENTED_EDGE('',*,*,#1407,.F.);
#1951=ORIENTED_EDGE('',*,*,#1410,.T.);
#1952=ORIENTED_EDGE('',*,*,#1408,.F.);
#1953=ORIENTED_EDGE('',*,*,#1406,.T.);
#1954=ORIENTED_EDGE('',*,*,#1404,.F.);
#1955=ORIENTED_EDGE('',*,*,#1402,.T.);
#1956=ORIENTED_EDGE('',*,*,#1400,.F.);
#1957=ORIENTED_EDGE('',*,*,#1398,.T.);
#1958=ORIENTED_EDGE('',*,*,#1395,.F.);
#1959=ORIENTED_EDGE('',*,*,#1411,.F.);
#1960=ORIENTED_EDGE('',*,*,#1412,.F.);
#1961=ORIENTED_EDGE('',*,*,#1413,.F.);
#1962=ORIENTED_EDGE('',*,*,#1414,.F.);
#1963=ORIENTED_EDGE('',*,*,#1415,.F.);
#1964=ORIENTED_EDGE('',*,*,#1416,.F.);
#1965=ORIENTED_EDGE('',*,*,#1417,.F.);
#1966=ORIENTED_EDGE('',*,*,#1418,.F.);
#1967=ORIENTED_EDGE('',*,*,#1419,.T.);
#1968=ORIENTED_EDGE('',*,*,#1420,.T.);
#1969=ORIENTED_EDGE('',*,*,#1412,.T.);
#1970=ORIENTED_EDGE('',*,*,#1421,.F.);
#1971=ORIENTED_EDGE('',*,*,#1422,.F.);
#1972=ORIENTED_EDGE('',*,*,#1423,.T.);
#1973=ORIENTED_EDGE('',*,*,#1413,.T.);
#1974=ORIENTED_EDGE('',*,*,#1420,.F.);
#1975=ORIENTED_EDGE('',*,*,#1424,.T.);
#1976=ORIENTED_EDGE('',*,*,#1425,.T.);
#1977=ORIENTED_EDGE('',*,*,#1414,.T.);
#1978=ORIENTED_EDGE('',*,*,#1423,.F.);
#1979=ORIENTED_EDGE('',*,*,#1426,.F.);
#1980=ORIENTED_EDGE('',*,*,#1427,.T.);
#1981=ORIENTED_EDGE('',*,*,#1415,.T.);
#1982=ORIENTED_EDGE('',*,*,#1425,.F.);
#1983=ORIENTED_EDGE('',*,*,#1428,.T.);
#1984=ORIENTED_EDGE('',*,*,#1429,.T.);
#1985=ORIENTED_EDGE('',*,*,#1416,.T.);
#1986=ORIENTED_EDGE('',*,*,#1427,.F.);
#1987=ORIENTED_EDGE('',*,*,#1430,.F.);
#1988=ORIENTED_EDGE('',*,*,#1431,.T.);
#1989=ORIENTED_EDGE('',*,*,#1417,.T.);
#1990=ORIENTED_EDGE('',*,*,#1429,.F.);
#1991=ORIENTED_EDGE('',*,*,#1432,.T.);
#1992=ORIENTED_EDGE('',*,*,#1433,.T.);
#1993=ORIENTED_EDGE('',*,*,#1418,.T.);
#1994=ORIENTED_EDGE('',*,*,#1431,.F.);
#1995=ORIENTED_EDGE('',*,*,#1434,.F.);
#1996=ORIENTED_EDGE('',*,*,#1421,.T.);
#1997=ORIENTED_EDGE('',*,*,#1411,.T.);
#1998=ORIENTED_EDGE('',*,*,#1433,.F.);
#1999=ORIENTED_EDGE('',*,*,#1434,.T.);
#2000=ORIENTED_EDGE('',*,*,#1432,.F.);
#2001=ORIENTED_EDGE('',*,*,#1430,.T.);
#2002=ORIENTED_EDGE('',*,*,#1428,.F.);
#2003=ORIENTED_EDGE('',*,*,#1426,.T.);
#2004=ORIENTED_EDGE('',*,*,#1424,.F.);
#2005=ORIENTED_EDGE('',*,*,#1422,.T.);
#2006=ORIENTED_EDGE('',*,*,#1419,.F.);
#2007=ORIENTED_EDGE('',*,*,#1287,.T.);
#2008=ORIENTED_EDGE('',*,*,#1409,.F.);
#2009=ORIENTED_EDGE('',*,*,#1410,.F.);
#2010=ORIENTED_EDGE('',*,*,#1397,.T.);
#2011=ORIENTED_EDGE('',*,*,#1279,.T.);
#2012=ORIENTED_EDGE('',*,*,#1178,.F.);
#2013=ORIENTED_EDGE('',*,*,#1435,.T.);
#2014=ORIENTED_EDGE('',*,*,#1436,.T.);
#2015=ORIENTED_EDGE('',*,*,#1298,.T.);
#2016=ORIENTED_EDGE('',*,*,#1437,.F.);
#2017=ORIENTED_EDGE('',*,*,#1438,.F.);
#2018=ORIENTED_EDGE('',*,*,#1439,.T.);
#2019=ORIENTED_EDGE('',*,*,#1299,.T.);
#2020=ORIENTED_EDGE('',*,*,#1436,.F.);
#2021=ORIENTED_EDGE('',*,*,#1440,.T.);
#2022=ORIENTED_EDGE('',*,*,#1441,.T.);
#2023=ORIENTED_EDGE('',*,*,#1300,.T.);
#2024=ORIENTED_EDGE('',*,*,#1439,.F.);
#2025=ORIENTED_EDGE('',*,*,#1442,.F.);
#2026=ORIENTED_EDGE('',*,*,#1443,.T.);
#2027=ORIENTED_EDGE('',*,*,#1301,.T.);
#2028=ORIENTED_EDGE('',*,*,#1441,.F.);
#2029=ORIENTED_EDGE('',*,*,#1444,.T.);
#2030=ORIENTED_EDGE('',*,*,#1445,.T.);
#2031=ORIENTED_EDGE('',*,*,#1302,.T.);
#2032=ORIENTED_EDGE('',*,*,#1443,.F.);
#2033=ORIENTED_EDGE('',*,*,#1446,.F.);
#2034=ORIENTED_EDGE('',*,*,#1447,.T.);
#2035=ORIENTED_EDGE('',*,*,#1303,.T.);
#2036=ORIENTED_EDGE('',*,*,#1445,.F.);
#2037=ORIENTED_EDGE('',*,*,#1448,.T.);
#2038=ORIENTED_EDGE('',*,*,#1449,.T.);
#2039=ORIENTED_EDGE('',*,*,#1304,.T.);
#2040=ORIENTED_EDGE('',*,*,#1447,.F.);
#2041=ORIENTED_EDGE('',*,*,#1450,.T.);
#2042=ORIENTED_EDGE('',*,*,#1448,.F.);
#2043=ORIENTED_EDGE('',*,*,#1446,.T.);
#2044=ORIENTED_EDGE('',*,*,#1444,.F.);
#2045=ORIENTED_EDGE('',*,*,#1442,.T.);
#2046=ORIENTED_EDGE('',*,*,#1440,.F.);
#2047=ORIENTED_EDGE('',*,*,#1438,.T.);
#2048=ORIENTED_EDGE('',*,*,#1435,.F.);
#2049=ORIENTED_EDGE('',*,*,#1451,.F.);
#2050=ORIENTED_EDGE('',*,*,#1452,.F.);
#2051=ORIENTED_EDGE('',*,*,#1453,.F.);
#2052=ORIENTED_EDGE('',*,*,#1454,.F.);
#2053=ORIENTED_EDGE('',*,*,#1455,.F.);
#2054=ORIENTED_EDGE('',*,*,#1456,.F.);
#2055=ORIENTED_EDGE('',*,*,#1457,.F.);
#2056=ORIENTED_EDGE('',*,*,#1458,.F.);
#2057=ORIENTED_EDGE('',*,*,#1459,.T.);
#2058=ORIENTED_EDGE('',*,*,#1460,.T.);
#2059=ORIENTED_EDGE('',*,*,#1452,.T.);
#2060=ORIENTED_EDGE('',*,*,#1461,.F.);
#2061=ORIENTED_EDGE('',*,*,#1462,.F.);
#2062=ORIENTED_EDGE('',*,*,#1463,.T.);
#2063=ORIENTED_EDGE('',*,*,#1453,.T.);
#2064=ORIENTED_EDGE('',*,*,#1460,.F.);
#2065=ORIENTED_EDGE('',*,*,#1464,.T.);
#2066=ORIENTED_EDGE('',*,*,#1465,.T.);
#2067=ORIENTED_EDGE('',*,*,#1454,.T.);
#2068=ORIENTED_EDGE('',*,*,#1463,.F.);
#2069=ORIENTED_EDGE('',*,*,#1466,.F.);
#2070=ORIENTED_EDGE('',*,*,#1467,.T.);
#2071=ORIENTED_EDGE('',*,*,#1455,.T.);
#2072=ORIENTED_EDGE('',*,*,#1465,.F.);
#2073=ORIENTED_EDGE('',*,*,#1468,.T.);
#2074=ORIENTED_EDGE('',*,*,#1469,.T.);
#2075=ORIENTED_EDGE('',*,*,#1456,.T.);
#2076=ORIENTED_EDGE('',*,*,#1467,.F.);
#2077=ORIENTED_EDGE('',*,*,#1470,.F.);
#2078=ORIENTED_EDGE('',*,*,#1471,.T.);
#2079=ORIENTED_EDGE('',*,*,#1457,.T.);
#2080=ORIENTED_EDGE('',*,*,#1469,.F.);
#2081=ORIENTED_EDGE('',*,*,#1472,.T.);
#2082=ORIENTED_EDGE('',*,*,#1473,.T.);
#2083=ORIENTED_EDGE('',*,*,#1458,.T.);
#2084=ORIENTED_EDGE('',*,*,#1471,.F.);
#2085=ORIENTED_EDGE('',*,*,#1474,.F.);
#2086=ORIENTED_EDGE('',*,*,#1461,.T.);
#2087=ORIENTED_EDGE('',*,*,#1451,.T.);
#2088=ORIENTED_EDGE('',*,*,#1473,.F.);
#2089=ORIENTED_EDGE('',*,*,#1474,.T.);
#2090=ORIENTED_EDGE('',*,*,#1472,.F.);
#2091=ORIENTED_EDGE('',*,*,#1470,.T.);
#2092=ORIENTED_EDGE('',*,*,#1468,.F.);
#2093=ORIENTED_EDGE('',*,*,#1466,.T.);
#2094=ORIENTED_EDGE('',*,*,#1464,.F.);
#2095=ORIENTED_EDGE('',*,*,#1462,.T.);
#2096=ORIENTED_EDGE('',*,*,#1459,.F.);
#2097=ORIENTED_EDGE('',*,*,#1305,.T.);
#2098=ORIENTED_EDGE('',*,*,#1449,.F.);
#2099=ORIENTED_EDGE('',*,*,#1450,.F.);
#2100=ORIENTED_EDGE('',*,*,#1437,.T.);
#2101=ORIENTED_EDGE('',*,*,#1297,.T.);
#2102=ORIENTED_EDGE('',*,*,#1180,.F.);
#2103=ORIENTED_EDGE('',*,*,#1258,.T.);
#2104=ORIENTED_EDGE('',*,*,#1475,.T.);
#2105=ORIENTED_EDGE('',*,*,#1222,.F.);
#2106=ORIENTED_EDGE('',*,*,#1156,.T.);
#2107=ORIENTED_EDGE('',*,*,#1272,.T.);
#2108=ORIENTED_EDGE('',*,*,#1221,.F.);
#2109=ORIENTED_EDGE('',*,*,#1476,.T.);
#2110=ORIENTED_EDGE('',*,*,#1265,.T.);
#2111=ORIENTED_EDGE('',*,*,#1273,.T.);
#2112=ORIENTED_EDGE('',*,*,#1154,.F.);
#2113=ORIENTED_EDGE('',*,*,#1220,.F.);
#2114=ORIENTED_EDGE('',*,*,#1260,.F.);
#2115=ORIENTED_EDGE('',*,*,#1244,.F.);
#2116=ORIENTED_EDGE('',*,*,#1476,.F.);
#2117=ORIENTED_EDGE('',*,*,#1230,.F.);
#2118=ORIENTED_EDGE('',*,*,#1256,.F.);
#2119=ORIENTED_EDGE('',*,*,#1223,.F.);
#2120=ORIENTED_EDGE('',*,*,#1475,.F.);
#2121=ORIENTED_EDGE('',*,*,#1209,.F.);
#2122=ORIENTED_EDGE('',*,*,#1191,.F.);
#2123=ORIENTED_EDGE('',*,*,#1235,.F.);
#2124=ORIENTED_EDGE('',*,*,#1477,.F.);
#2125=ORIENTED_EDGE('',*,*,#1210,.F.);
#2126=ORIENTED_EDGE('',*,*,#1477,.T.);
#2127=ORIENTED_EDGE('',*,*,#1253,.T.);
#2128=ORIENTED_EDGE('',*,*,#1277,.T.);
#2129=ORIENTED_EDGE('',*,*,#1150,.F.);
#2130=ORIENTED_EDGE('',*,*,#1269,.T.);
#2131=ORIENTED_EDGE('',*,*,#1478,.T.);
#2132=ORIENTED_EDGE('',*,*,#1211,.F.);
#2133=ORIENTED_EDGE('',*,*,#1152,.T.);
#2134=ORIENTED_EDGE('',*,*,#1276,.T.);
#2135=ORIENTED_EDGE('',*,*,#1236,.F.);
#2136=ORIENTED_EDGE('',*,*,#1194,.F.);
#2137=ORIENTED_EDGE('',*,*,#1212,.F.);
#2138=ORIENTED_EDGE('',*,*,#1478,.F.);
#2139=ORIENTED_EDGE('',*,*,#1205,.F.);
#2140=ORIENTED_EDGE('',*,*,#1184,.F.);
#2141=ORIENTED_EDGE('',*,*,#1227,.F.);
#2142=ORIENTED_EDGE('',*,*,#1479,.F.);
#2143=ORIENTED_EDGE('',*,*,#1206,.F.);
#2144=ORIENTED_EDGE('',*,*,#1479,.T.);
#2145=ORIENTED_EDGE('',*,*,#1250,.T.);
#2146=ORIENTED_EDGE('',*,*,#1271,.T.);
#2147=ORIENTED_EDGE('',*,*,#1146,.F.);
#2148=ORIENTED_EDGE('',*,*,#1267,.T.);
#2149=ORIENTED_EDGE('',*,*,#1480,.T.);
#2150=ORIENTED_EDGE('',*,*,#1207,.F.);
#2151=ORIENTED_EDGE('',*,*,#1148,.T.);
#2152=ORIENTED_EDGE('',*,*,#1278,.T.);
#2153=ORIENTED_EDGE('',*,*,#1232,.F.);
#2154=ORIENTED_EDGE('',*,*,#1188,.F.);
#2155=ORIENTED_EDGE('',*,*,#1208,.F.);
#2156=ORIENTED_EDGE('',*,*,#1480,.F.);
#2157=ORIENTED_EDGE('',*,*,#1214,.F.);
#2158=ORIENTED_EDGE('',*,*,#1198,.F.);
#2159=ORIENTED_EDGE('',*,*,#1239,.F.);
#2160=ORIENTED_EDGE('',*,*,#1481,.F.);
#2161=ORIENTED_EDGE('',*,*,#1215,.F.);
#2162=ORIENTED_EDGE('',*,*,#1481,.T.);
#2163=ORIENTED_EDGE('',*,*,#1247,.T.);
#2164=ORIENTED_EDGE('',*,*,#1275,.T.);
#2165=ORIENTED_EDGE('',*,*,#1142,.F.);
#2166=ORIENTED_EDGE('',*,*,#1262,.T.);
#2167=ORIENTED_EDGE('',*,*,#1482,.T.);
#2168=ORIENTED_EDGE('',*,*,#1216,.F.);
#2169=ORIENTED_EDGE('',*,*,#1144,.T.);
#2170=ORIENTED_EDGE('',*,*,#1274,.T.);
#2171=ORIENTED_EDGE('',*,*,#1241,.F.);
#2172=ORIENTED_EDGE('',*,*,#1202,.F.);
#2173=ORIENTED_EDGE('',*,*,#1217,.F.);
#2174=ORIENTED_EDGE('',*,*,#1482,.F.);
#2175=PLANE('',#2387);
#2176=PLANE('',#2392);
#2177=PLANE('',#2417);
#2178=PLANE('',#2418);
#2179=PLANE('',#2419);
#2180=PLANE('',#2420);
#2181=PLANE('',#2421);
#2182=PLANE('',#2422);
#2183=PLANE('',#2423);
#2184=PLANE('',#2435);
#2185=PLANE('',#2439);
#2186=PLANE('',#2442);
#2187=PLANE('',#2446);
#2188=PLANE('',#2450);
#2189=PLANE('',#2451);
#2190=PLANE('',#2452);
#2191=PLANE('',#2453);
#2192=PLANE('',#2454);
#2193=PLANE('',#2455);
#2194=PLANE('',#2459);
#2195=PLANE('',#2460);
#2196=PLANE('',#2461);
#2197=PLANE('',#2462);
#2198=PLANE('',#2463);
#2199=PLANE('',#2484);
#2200=PLANE('',#2487);
#2201=PLANE('',#2490);
#2202=PLANE('',#2493);
#2203=PLANE('',#2494);
#2204=PLANE('',#2500);
#2205=PLANE('',#2503);
#2206=PLANE('',#2506);
#2207=PLANE('',#2509);
#2208=PLANE('',#2512);
#2209=PLANE('',#2514);
#2210=PLANE('',#2517);
#2211=PLANE('',#2520);
#2212=PLANE('',#2523);
#2213=PLANE('',#2524);
#2214=PLANE('',#2530);
#2215=PLANE('',#2533);
#2216=PLANE('',#2536);
#2217=PLANE('',#2539);
#2218=PLANE('',#2542);
#2219=PLANE('',#2544);
#2220=PLANE('',#2547);
#2221=PLANE('',#2550);
#2222=PLANE('',#2553);
#2223=PLANE('',#2554);
#2224=PLANE('',#2560);
#2225=PLANE('',#2563);
#2226=PLANE('',#2566);
#2227=PLANE('',#2569);
#2228=PLANE('',#2572);
#2229=PLANE('',#2574);
#2230=PLANE('',#2577);
#2231=PLANE('',#2580);
#2232=PLANE('',#2583);
#2233=PLANE('',#2584);
#2234=PLANE('',#2590);
#2235=PLANE('',#2593);
#2236=PLANE('',#2596);
#2237=PLANE('',#2599);
#2238=PLANE('',#2602);
#2239=PLANE('',#2604);
#2240=PLANE('',#2605);
#2241=PLANE('',#2609);
#2242=PLANE('',#2610);
#2243=PLANE('',#2613);
#2244=PLANE('',#2614);
#2245=PLANE('',#2617);
#2246=PLANE('',#2618);
#2247=ADVANCED_FACE('',(#544),#2175,.F.);
#2248=ADVANCED_FACE('',(#545),#522,.T.);
#2249=ADVANCED_FACE('',(#546),#2176,.T.);
#2250=ADVANCED_FACE('',(#547),#523,.F.);
#2251=ADVANCED_FACE('',(#548),#524,.F.);
#2252=ADVANCED_FACE('',(#549),#525,.F.);
#2253=ADVANCED_FACE('',(#550),#526,.F.);
#2254=ADVANCED_FACE('',(#551),#527,.F.);
#2255=ADVANCED_FACE('',(#552),#528,.T.);
#2256=ADVANCED_FACE('',(#553),#529,.F.);
#2257=ADVANCED_FACE('',(#554),#530,.F.);
#2258=ADVANCED_FACE('',(#555),#531,.F.);
#2259=ADVANCED_FACE('',(#556),#532,.F.);
#2260=ADVANCED_FACE('',(#557),#2177,.T.);
#2261=ADVANCED_FACE('',(#558),#2178,.T.);
#2262=ADVANCED_FACE('',(#559),#2179,.T.);
#2263=ADVANCED_FACE('',(#560),#2180,.T.);
#2264=ADVANCED_FACE('',(#561),#2181,.T.);
#2265=ADVANCED_FACE('',(#562),#2182,.T.);
#2266=ADVANCED_FACE('',(#563,#47),#2183,.T.);
#2267=ADVANCED_FACE('',(#564),#2184,.T.);
#2268=ADVANCED_FACE('',(#565),#2185,.T.);
#2269=ADVANCED_FACE('',(#566),#2186,.T.);
#2270=ADVANCED_FACE('',(#567),#2187,.T.);
#2271=ADVANCED_FACE('',(#568),#2188,.T.);
#2272=ADVANCED_FACE('',(#569),#2189,.T.);
#2273=ADVANCED_FACE('',(#570),#2190,.T.);
#2274=ADVANCED_FACE('',(#571),#2191,.T.);
#2275=ADVANCED_FACE('',(#572),#2192,.T.);
#2276=ADVANCED_FACE('',(#573),#2193,.T.);
#2277=ADVANCED_FACE('',(#574),#533,.T.);
#2278=ADVANCED_FACE('',(#575),#534,.T.);
#2279=ADVANCED_FACE('',(#576),#535,.T.);
#2280=ADVANCED_FACE('',(#577),#2194,.T.);
#2281=ADVANCED_FACE('',(#578),#2195,.T.);
#2282=ADVANCED_FACE('',(#579),#2196,.T.);
#2283=ADVANCED_FACE('',(#580),#2197,.T.);
#2284=ADVANCED_FACE('',(#581,#48),#2198,.T.);
#2285=ADVANCED_FACE('',(#582),#2199,.F.);
#2286=ADVANCED_FACE('',(#583),#15,.F.);
#2287=ADVANCED_FACE('',(#584),#2200,.F.);
#2288=ADVANCED_FACE('',(#585),#16,.F.);
#2289=ADVANCED_FACE('',(#586),#2201,.F.);
#2290=ADVANCED_FACE('',(#587),#17,.F.);
#2291=ADVANCED_FACE('',(#588),#2202,.F.);
#2292=ADVANCED_FACE('',(#589,#49),#2203,.T.);
#2293=ADVANCED_FACE('',(#590),#2204,.F.);
#2294=ADVANCED_FACE('',(#591),#18,.F.);
#2295=ADVANCED_FACE('',(#592),#2205,.F.);
#2296=ADVANCED_FACE('',(#593),#19,.F.);
#2297=ADVANCED_FACE('',(#594),#2206,.F.);
#2298=ADVANCED_FACE('',(#595),#20,.F.);
#2299=ADVANCED_FACE('',(#596),#2207,.F.);
#2300=ADVANCED_FACE('',(#597),#21,.F.);
#2301=ADVANCED_FACE('',(#598),#2208,.T.);
#2302=ADVANCED_FACE('',(#599),#22,.F.);
#2303=ADVANCED_FACE('',(#600),#2209,.F.);
#2304=ADVANCED_FACE('',(#601),#23,.F.);
#2305=ADVANCED_FACE('',(#602),#2210,.F.);
#2306=ADVANCED_FACE('',(#603),#24,.F.);
#2307=ADVANCED_FACE('',(#604),#2211,.F.);
#2308=ADVANCED_FACE('',(#605),#25,.F.);
#2309=ADVANCED_FACE('',(#606),#2212,.F.);
#2310=ADVANCED_FACE('',(#607,#50),#2213,.T.);
#2311=ADVANCED_FACE('',(#608),#2214,.F.);
#2312=ADVANCED_FACE('',(#609),#26,.F.);
#2313=ADVANCED_FACE('',(#610),#2215,.F.);
#2314=ADVANCED_FACE('',(#611),#27,.F.);
#2315=ADVANCED_FACE('',(#612),#2216,.F.);
#2316=ADVANCED_FACE('',(#613),#28,.F.);
#2317=ADVANCED_FACE('',(#614),#2217,.F.);
#2318=ADVANCED_FACE('',(#615),#29,.F.);
#2319=ADVANCED_FACE('',(#616),#2218,.T.);
#2320=ADVANCED_FACE('',(#617),#30,.F.);
#2321=ADVANCED_FACE('',(#618),#2219,.F.);
#2322=ADVANCED_FACE('',(#619),#31,.F.);
#2323=ADVANCED_FACE('',(#620),#2220,.F.);
#2324=ADVANCED_FACE('',(#621),#32,.F.);
#2325=ADVANCED_FACE('',(#622),#2221,.F.);
#2326=ADVANCED_FACE('',(#623),#33,.F.);
#2327=ADVANCED_FACE('',(#624),#2222,.F.);
#2328=ADVANCED_FACE('',(#625,#51),#2223,.T.);
#2329=ADVANCED_FACE('',(#626),#2224,.F.);
#2330=ADVANCED_FACE('',(#627),#34,.F.);
#2331=ADVANCED_FACE('',(#628),#2225,.F.);
#2332=ADVANCED_FACE('',(#629),#35,.F.);
#2333=ADVANCED_FACE('',(#630),#2226,.F.);
#2334=ADVANCED_FACE('',(#631),#36,.F.);
#2335=ADVANCED_FACE('',(#632),#2227,.F.);
#2336=ADVANCED_FACE('',(#633),#37,.F.);
#2337=ADVANCED_FACE('',(#634),#2228,.T.);
#2338=ADVANCED_FACE('',(#635),#38,.F.);
#2339=ADVANCED_FACE('',(#636),#2229,.F.);
#2340=ADVANCED_FACE('',(#637),#39,.F.);
#2341=ADVANCED_FACE('',(#638),#2230,.F.);
#2342=ADVANCED_FACE('',(#639),#40,.F.);
#2343=ADVANCED_FACE('',(#640),#2231,.F.);
#2344=ADVANCED_FACE('',(#641),#41,.F.);
#2345=ADVANCED_FACE('',(#642),#2232,.F.);
#2346=ADVANCED_FACE('',(#643,#52),#2233,.T.);
#2347=ADVANCED_FACE('',(#644),#2234,.F.);
#2348=ADVANCED_FACE('',(#645),#42,.F.);
#2349=ADVANCED_FACE('',(#646),#2235,.F.);
#2350=ADVANCED_FACE('',(#647),#43,.F.);
#2351=ADVANCED_FACE('',(#648),#2236,.F.);
#2352=ADVANCED_FACE('',(#649),#44,.F.);
#2353=ADVANCED_FACE('',(#650),#2237,.F.);
#2354=ADVANCED_FACE('',(#651),#45,.F.);
#2355=ADVANCED_FACE('',(#652),#2238,.T.);
#2356=ADVANCED_FACE('',(#653),#46,.F.);
#2357=ADVANCED_FACE('',(#654),#2239,.F.);
#2358=ADVANCED_FACE('',(#655),#2240,.F.);
#2359=ADVANCED_FACE('',(#656),#536,.T.);
#2360=ADVANCED_FACE('',(#657),#537,.T.);
#2361=ADVANCED_FACE('',(#658),#538,.T.);
#2362=ADVANCED_FACE('',(#659),#2241,.F.);
#2363=ADVANCED_FACE('',(#660),#2242,.F.);
#2364=ADVANCED_FACE('',(#661),#539,.T.);
#2365=ADVANCED_FACE('',(#662),#540,.T.);
#2366=ADVANCED_FACE('',(#663),#2243,.F.);
#2367=ADVANCED_FACE('',(#664),#2244,.F.);
#2368=ADVANCED_FACE('',(#665),#541,.T.);
#2369=ADVANCED_FACE('',(#666),#542,.T.);
#2370=ADVANCED_FACE('',(#667),#2245,.F.);
#2371=ADVANCED_FACE('',(#668),#2246,.F.);
#2372=ADVANCED_FACE('',(#669),#543,.T.);
#2373=CLOSED_SHELL('',(#2247,#2248,#2249,#2250,#2251,#2252,#2253,#2254,
#2255,#2256,#2257,#2258,#2259,#2260,#2261,#2262,#2263,#2264,#2265,#2266,
#2267,#2268,#2269,#2270,#2271,#2272,#2273,#2274,#2275,#2276,#2277,#2278,
#2279,#2280,#2281,#2282,#2283,#2284,#2285,#2286,#2287,#2288,#2289,#2290,
#2291,#2292,#2293,#2294,#2295,#2296,#2297,#2298,#2299,#2300,#2301,#2302,
#2303,#2304,#2305,#2306,#2307,#2308,#2309,#2310,#2311,#2312,#2313,#2314,
#2315,#2316,#2317,#2318,#2319,#2320,#2321,#2322,#2323,#2324,#2325,#2326,
#2327,#2328,#2329,#2330,#2331,#2332,#2333,#2334,#2335,#2336,#2337,#2338,
#2339,#2340,#2341,#2342,#2343,#2344,#2345,#2346,#2347,#2348,#2349,#2350,
#2351,#2352,#2353,#2354,#2355,#2356,#2357,#2358,#2359,#2360,#2361,#2362,
#2363,#2364,#2365,#2366,#2367,#2368,#2369,#2370,#2371,#2372));
#2374=DERIVED_UNIT_ELEMENT(#2376,1.);
#2375=DERIVED_UNIT_ELEMENT(#4201,-3.);
#2376=(
MASS_UNIT()
NAMED_UNIT(*)
SI_UNIT(.KILO.,.GRAM.)
);
#2377=DERIVED_UNIT((#2374,#2375));
#2378=MEASURE_REPRESENTATION_ITEM('density measure',
POSITIVE_RATIO_MEASURE(7850.),#2377);
#2379=PROPERTY_DEFINITION_REPRESENTATION(#2384,#2381);
#2380=PROPERTY_DEFINITION_REPRESENTATION(#2385,#2382);
#2381=REPRESENTATION('material name',(#2383),#4198);
#2382=REPRESENTATION('density',(#2378),#4198);
#2383=DESCRIPTIVE_REPRESENTATION_ITEM('Steel','Steel');
#2384=PROPERTY_DEFINITION('material property','material name',#4208);
#2385=PROPERTY_DEFINITION('material property','density of part',#4208);
#2386=AXIS2_PLACEMENT_3D('',#3318,#2620,#2621);
#2387=AXIS2_PLACEMENT_3D('',#3319,#2622,#2623);
#2388=AXIS2_PLACEMENT_3D('',#3321,#2624,#2625);
#2389=AXIS2_PLACEMENT_3D('',#3322,#2626,#2627);
#2390=AXIS2_PLACEMENT_3D('',#3324,#2628,#2629);
#2391=AXIS2_PLACEMENT_3D('',#3327,#2631,#2632);
#2392=AXIS2_PLACEMENT_3D('',#3328,#2633,#2634);
#2393=AXIS2_PLACEMENT_3D('',#3329,#2635,#2636);
#2394=AXIS2_PLACEMENT_3D('',#3332,#2637,#2638);
#2395=AXIS2_PLACEMENT_3D('',#3336,#2640,#2641);
#2396=AXIS2_PLACEMENT_3D('',#3338,#2643,#2644);
#2397=AXIS2_PLACEMENT_3D('',#3341,#2645,#2646);
#2398=AXIS2_PLACEMENT_3D('',#3345,#2648,#2649);
#2399=AXIS2_PLACEMENT_3D('',#3347,#2651,#2652);
#2400=AXIS2_PLACEMENT_3D('',#3350,#2653,#2654);
#2401=AXIS2_PLACEMENT_3D('',#3354,#2656,#2657);
#2402=AXIS2_PLACEMENT_3D('',#3356,#2659,#2660);
#2403=AXIS2_PLACEMENT_3D('',#3359,#2661,#2662);
#2404=AXIS2_PLACEMENT_3D('',#3363,#2664,#2665);
#2405=AXIS2_PLACEMENT_3D('',#3365,#2667,#2668);
#2406=AXIS2_PLACEMENT_3D('',#3382,#2670,#2671);
#2407=AXIS2_PLACEMENT_3D('',#3408,#2672,#2673);
#2408=AXIS2_PLACEMENT_3D('',#3434,#2674,#2675);
#2409=AXIS2_PLACEMENT_3D('',#3460,#2676,#2677);
#2410=AXIS2_PLACEMENT_3D('',#3474,#2678,#2679);
#2411=AXIS2_PLACEMENT_3D('',#3477,#2680,#2681);
#2412=AXIS2_PLACEMENT_3D('',#3481,#2683,#2684);
#2413=AXIS2_PLACEMENT_3D('',#3483,#2686,#2687);
#2414=AXIS2_PLACEMENT_3D('',#3511,#2690,#2691);
#2415=AXIS2_PLACEMENT_3D('',#3539,#2694,#2695);
#2416=AXIS2_PLACEMENT_3D('',#3567,#2698,#2699);
#2417=AXIS2_PLACEMENT_3D('',#3595,#2702,#2703);
#2418=AXIS2_PLACEMENT_3D('',#3604,#2708,#2709);
#2419=AXIS2_PLACEMENT_3D('',#3610,#2713,#2714);
#2420=AXIS2_PLACEMENT_3D('',#3616,#2718,#2719);
#2421=AXIS2_PLACEMENT_3D('',#3625,#2724,#2725);
#2422=AXIS2_PLACEMENT_3D('',#3634,#2730,#2731);
#2423=AXIS2_PLACEMENT_3D('',#3643,#2736,#2737);
#2424=AXIS2_PLACEMENT_3D('',#3645,#2738,#2739);
#2425=AXIS2_PLACEMENT_3D('',#3649,#2742,#2743);
#2426=AXIS2_PLACEMENT_3D('',#3651,#2744,#2745);
#2427=AXIS2_PLACEMENT_3D('',#3655,#2748,#2749);
#2428=AXIS2_PLACEMENT_3D('',#3656,#2750,#2751);
#2429=AXIS2_PLACEMENT_3D('',#3658,#2752,#2753);
#2430=AXIS2_PLACEMENT_3D('',#3662,#2756,#2757);
#2431=AXIS2_PLACEMENT_3D('',#3664,#2758,#2759);
#2432=AXIS2_PLACEMENT_3D('',#3668,#2761,#2762);
#2433=AXIS2_PLACEMENT_3D('',#3673,#2765,#2766);
#2434=AXIS2_PLACEMENT_3D('',#3676,#2768,#2769);
#2435=AXIS2_PLACEMENT_3D('',#3677,#2770,#2771);
#2436=AXIS2_PLACEMENT_3D('',#3681,#2773,#2774);
#2437=AXIS2_PLACEMENT_3D('',#3683,#2775,#2776);
#2438=AXIS2_PLACEMENT_3D('',#3687,#2778,#2779);
#2439=AXIS2_PLACEMENT_3D('',#3689,#2781,#2782);
#2440=AXIS2_PLACEMENT_3D('',#3691,#2783,#2784);
#2441=AXIS2_PLACEMENT_3D('',#3696,#2787,#2788);
#2442=AXIS2_PLACEMENT_3D('',#3697,#2789,#2790);
#2443=AXIS2_PLACEMENT_3D('',#3699,#2791,#2792);
#2444=AXIS2_PLACEMENT_3D('',#3704,#2795,#2796);
#2445=AXIS2_PLACEMENT_3D('',#3705,#2797,#2798);
#2446=AXIS2_PLACEMENT_3D('',#3706,#2799,#2800);
#2447=AXIS2_PLACEMENT_3D('',#3708,#2801,#2802);
#2448=AXIS2_PLACEMENT_3D('',#3714,#2805,#2806);
#2449=AXIS2_PLACEMENT_3D('',#3717,#2808,#2809);
#2450=AXIS2_PLACEMENT_3D('',#3718,#2810,#2811);
#2451=AXIS2_PLACEMENT_3D('',#3724,#2815,#2816);
#2452=AXIS2_PLACEMENT_3D('',#3730,#2820,#2821);
#2453=AXIS2_PLACEMENT_3D('',#3736,#2825,#2826);
#2454=AXIS2_PLACEMENT_3D('',#3739,#2829,#2830);
#2455=AXIS2_PLACEMENT_3D('',#3743,#2833,#2834);
#2456=AXIS2_PLACEMENT_3D('',#3746,#2837,#2838);
#2457=AXIS2_PLACEMENT_3D('',#3747,#2839,#2840);
#2458=AXIS2_PLACEMENT_3D('',#3748,#2841,#2842);
#2459=AXIS2_PLACEMENT_3D('',#3749,#2843,#2844);
#2460=AXIS2_PLACEMENT_3D('',#3755,#2848,#2849);
#2461=AXIS2_PLACEMENT_3D('',#3759,#2852,#2853);
#2462=AXIS2_PLACEMENT_3D('',#3763,#2856,#2857);
#2463=AXIS2_PLACEMENT_3D('',#3767,#2860,#2861);
#2464=AXIS2_PLACEMENT_3D('',#3777,#2870,#2871);
#2465=AXIS2_PLACEMENT_3D('',#3781,#2873,#2874);
#2466=AXIS2_PLACEMENT_3D('',#3785,#2876,#2877);
#2467=AXIS2_PLACEMENT_3D('',#3789,#2879,#2880);
#2468=AXIS2_PLACEMENT_3D('',#3792,#2882,#2883);
#2469=AXIS2_PLACEMENT_3D('',#3794,#2884,#2885);
#2470=AXIS2_PLACEMENT_3D('',#3798,#2887,#2888);
#2471=AXIS2_PLACEMENT_3D('',#3802,#2890,#2891);
#2472=AXIS2_PLACEMENT_3D('',#3806,#2893,#2894);
#2473=AXIS2_PLACEMENT_3D('',#3809,#2896,#2897);
#2474=AXIS2_PLACEMENT_3D('',#3811,#2898,#2899);
#2475=AXIS2_PLACEMENT_3D('',#3815,#2901,#2902);
#2476=AXIS2_PLACEMENT_3D('',#3819,#2904,#2905);
#2477=AXIS2_PLACEMENT_3D('',#3823,#2907,#2908);
#2478=AXIS2_PLACEMENT_3D('',#3826,#2910,#2911);
#2479=AXIS2_PLACEMENT_3D('',#3828,#2912,#2913);
#2480=AXIS2_PLACEMENT_3D('',#3832,#2915,#2916);
#2481=AXIS2_PLACEMENT_3D('',#3836,#2918,#2919);
#2482=AXIS2_PLACEMENT_3D('',#3840,#2921,#2922);
#2483=AXIS2_PLACEMENT_3D('',#3843,#2924,#2925);
#2484=AXIS2_PLACEMENT_3D('',#3844,#2926,#2927);
#2485=AXIS2_PLACEMENT_3D('',#3850,#2931,#2932);
#2486=AXIS2_PLACEMENT_3D('',#3852,#2933,#2934);
#2487=AXIS2_PLACEMENT_3D('',#3854,#2936,#2937);
#2488=AXIS2_PLACEMENT_3D('',#3858,#2940,#2941);
#2489=AXIS2_PLACEMENT_3D('',#3860,#2942,#2943);
#2490=AXIS2_PLACEMENT_3D('',#3862,#2945,#2946);
#2491=AXIS2_PLACEMENT_3D('',#3866,#2949,#2950);
#2492=AXIS2_PLACEMENT_3D('',#3868,#2951,#2952);
#2493=AXIS2_PLACEMENT_3D('',#3870,#2954,#2955);
#2494=AXIS2_PLACEMENT_3D('',#3874,#2958,#2959);
#2495=AXIS2_PLACEMENT_3D('',#3875,#2960,#2961);
#2496=AXIS2_PLACEMENT_3D('',#3878,#2962,#2963);
#2497=AXIS2_PLACEMENT_3D('',#3882,#2965,#2966);
#2498=AXIS2_PLACEMENT_3D('',#3886,#2968,#2969);
#2499=AXIS2_PLACEMENT_3D('',#3890,#2971,#2972);
#2500=AXIS2_PLACEMENT_3D('',#3892,#2974,#2975);
#2501=AXIS2_PLACEMENT_3D('',#3898,#2979,#2980);
#2502=AXIS2_PLACEMENT_3D('',#3900,#2981,#2982);
#2503=AXIS2_PLACEMENT_3D('',#3902,#2984,#2985);
#2504=AXIS2_PLACEMENT_3D('',#3906,#2988,#2989);
#2505=AXIS2_PLACEMENT_3D('',#3908,#2990,#2991);
#2506=AXIS2_PLACEMENT_3D('',#3910,#2993,#2994);
#2507=AXIS2_PLACEMENT_3D('',#3914,#2997,#2998);
#2508=AXIS2_PLACEMENT_3D('',#3916,#2999,#3000);
#2509=AXIS2_PLACEMENT_3D('',#3918,#3002,#3003);
#2510=AXIS2_PLACEMENT_3D('',#3922,#3006,#3007);
#2511=AXIS2_PLACEMENT_3D('',#3923,#3008,#3009);
#2512=AXIS2_PLACEMENT_3D('',#3924,#3010,#3011);
#2513=AXIS2_PLACEMENT_3D('',#3925,#3012,#3013);
#2514=AXIS2_PLACEMENT_3D('',#3926,#3014,#3015);
#2515=AXIS2_PLACEMENT_3D('',#3932,#3019,#3020);
#2516=AXIS2_PLACEMENT_3D('',#3934,#3021,#3022);
#2517=AXIS2_PLACEMENT_3D('',#3936,#3024,#3025);
#2518=AXIS2_PLACEMENT_3D('',#3940,#3028,#3029);
#2519=AXIS2_PLACEMENT_3D('',#3942,#3030,#3031);
#2520=AXIS2_PLACEMENT_3D('',#3944,#3033,#3034);
#2521=AXIS2_PLACEMENT_3D('',#3948,#3037,#3038);
#2522=AXIS2_PLACEMENT_3D('',#3950,#3039,#3040);
#2523=AXIS2_PLACEMENT_3D('',#3952,#3042,#3043);
#2524=AXIS2_PLACEMENT_3D('',#3956,#3046,#3047);
#2525=AXIS2_PLACEMENT_3D('',#3957,#3048,#3049);
#2526=AXIS2_PLACEMENT_3D('',#3960,#3050,#3051);
#2527=AXIS2_PLACEMENT_3D('',#3964,#3053,#3054);
#2528=AXIS2_PLACEMENT_3D('',#3968,#3056,#3057);
#2529=AXIS2_PLACEMENT_3D('',#3972,#3059,#3060);
#2530=AXIS2_PLACEMENT_3D('',#3974,#3062,#3063);
#2531=AXIS2_PLACEMENT_3D('',#3980,#3067,#3068);
#2532=AXIS2_PLACEMENT_3D('',#3982,#3069,#3070);
#2533=AXIS2_PLACEMENT_3D('',#3984,#3072,#3073);
#2534=AXIS2_PLACEMENT_3D('',#3988,#3076,#3077);
#2535=AXIS2_PLACEMENT_3D('',#3990,#3078,#3079);
#2536=AXIS2_PLACEMENT_3D('',#3992,#3081,#3082);
#2537=AXIS2_PLACEMENT_3D('',#3996,#3085,#3086);
#2538=AXIS2_PLACEMENT_3D('',#3998,#3087,#3088);
#2539=AXIS2_PLACEMENT_3D('',#4000,#3090,#3091);
#2540=AXIS2_PLACEMENT_3D('',#4004,#3094,#3095);
#2541=AXIS2_PLACEMENT_3D('',#4005,#3096,#3097);
#2542=AXIS2_PLACEMENT_3D('',#4006,#3098,#3099);
#2543=AXIS2_PLACEMENT_3D('',#4007,#3100,#3101);
#2544=AXIS2_PLACEMENT_3D('',#4008,#3102,#3103);
#2545=AXIS2_PLACEMENT_3D('',#4014,#3107,#3108);
#2546=AXIS2_PLACEMENT_3D('',#4016,#3109,#3110);
#2547=AXIS2_PLACEMENT_3D('',#4018,#3112,#3113);
#2548=AXIS2_PLACEMENT_3D('',#4022,#3116,#3117);
#2549=AXIS2_PLACEMENT_3D('',#4024,#3118,#3119);
#2550=AXIS2_PLACEMENT_3D('',#4026,#3121,#3122);
#2551=AXIS2_PLACEMENT_3D('',#4030,#3125,#3126);
#2552=AXIS2_PLACEMENT_3D('',#4032,#3127,#3128);
#2553=AXIS2_PLACEMENT_3D('',#4034,#3130,#3131);
#2554=AXIS2_PLACEMENT_3D('',#4038,#3134,#3135);
#2555=AXIS2_PLACEMENT_3D('',#4039,#3136,#3137);
#2556=AXIS2_PLACEMENT_3D('',#4042,#3138,#3139);
#2557=AXIS2_PLACEMENT_3D('',#4046,#3141,#3142);
#2558=AXIS2_PLACEMENT_3D('',#4050,#3144,#3145);
#2559=AXIS2_PLACEMENT_3D('',#4054,#3147,#3148);
#2560=AXIS2_PLACEMENT_3D('',#4056,#3150,#3151);
#2561=AXIS2_PLACEMENT_3D('',#4062,#3155,#3156);
#2562=AXIS2_PLACEMENT_3D('',#4064,#3157,#3158);
#2563=AXIS2_PLACEMENT_3D('',#4066,#3160,#3161);
#2564=AXIS2_PLACEMENT_3D('',#4070,#3164,#3165);
#2565=AXIS2_PLACEMENT_3D('',#4072,#3166,#3167);
#2566=AXIS2_PLACEMENT_3D('',#4074,#3169,#3170);
#2567=AXIS2_PLACEMENT_3D('',#4078,#3173,#3174);
#2568=AXIS2_PLACEMENT_3D('',#4080,#3175,#3176);
#2569=AXIS2_PLACEMENT_3D('',#4082,#3178,#3179);
#2570=AXIS2_PLACEMENT_3D('',#4086,#3182,#3183);
#2571=AXIS2_PLACEMENT_3D('',#4087,#3184,#3185);
#2572=AXIS2_PLACEMENT_3D('',#4088,#3186,#3187);
#2573=AXIS2_PLACEMENT_3D('',#4089,#3188,#3189);
#2574=AXIS2_PLACEMENT_3D('',#4090,#3190,#3191);
#2575=AXIS2_PLACEMENT_3D('',#4096,#3195,#3196);
#2576=AXIS2_PLACEMENT_3D('',#4098,#3197,#3198);
#2577=AXIS2_PLACEMENT_3D('',#4100,#3200,#3201);
#2578=AXIS2_PLACEMENT_3D('',#4104,#3204,#3205);
#2579=AXIS2_PLACEMENT_3D('',#4106,#3206,#3207);
#2580=AXIS2_PLACEMENT_3D('',#4108,#3209,#3210);
#2581=AXIS2_PLACEMENT_3D('',#4112,#3213,#3214);
#2582=AXIS2_PLACEMENT_3D('',#4114,#3215,#3216);
#2583=AXIS2_PLACEMENT_3D('',#4116,#3218,#3219);
#2584=AXIS2_PLACEMENT_3D('',#4120,#3222,#3223);
#2585=AXIS2_PLACEMENT_3D('',#4121,#3224,#3225);
#2586=AXIS2_PLACEMENT_3D('',#4124,#3226,#3227);
#2587=AXIS2_PLACEMENT_3D('',#4128,#3229,#3230);
#2588=AXIS2_PLACEMENT_3D('',#4132,#3232,#3233);
#2589=AXIS2_PLACEMENT_3D('',#4136,#3235,#3236);
#2590=AXIS2_PLACEMENT_3D('',#4138,#3238,#3239);
#2591=AXIS2_PLACEMENT_3D('',#4144,#3243,#3244);
#2592=AXIS2_PLACEMENT_3D('',#4146,#3245,#3246);
#2593=AXIS2_PLACEMENT_3D('',#4148,#3248,#3249);
#2594=AXIS2_PLACEMENT_3D('',#4152,#3252,#3253);
#2595=AXIS2_PLACEMENT_3D('',#4154,#3254,#3255);
#2596=AXIS2_PLACEMENT_3D('',#4156,#3257,#3258);
#2597=AXIS2_PLACEMENT_3D('',#4160,#3261,#3262);
#2598=AXIS2_PLACEMENT_3D('',#4162,#3263,#3264);
#2599=AXIS2_PLACEMENT_3D('',#4164,#3266,#3267);
#2600=AXIS2_PLACEMENT_3D('',#4168,#3270,#3271);
#2601=AXIS2_PLACEMENT_3D('',#4169,#3272,#3273);
#2602=AXIS2_PLACEMENT_3D('',#4170,#3274,#3275);
#2603=AXIS2_PLACEMENT_3D('',#4171,#3276,#3277);
#2604=AXIS2_PLACEMENT_3D('',#4172,#3278,#3279);
#2605=AXIS2_PLACEMENT_3D('',#4174,#3281,#3282);
#2606=AXIS2_PLACEMENT_3D('',#4176,#3284,#3285);
#2607=AXIS2_PLACEMENT_3D('',#4177,#3286,#3287);
#2608=AXIS2_PLACEMENT_3D('',#4178,#3288,#3289);
#2609=AXIS2_PLACEMENT_3D('',#4180,#3291,#3292);
#2610=AXIS2_PLACEMENT_3D('',#4181,#3293,#3294);
#2611=AXIS2_PLACEMENT_3D('',#4183,#3296,#3297);
#2612=AXIS2_PLACEMENT_3D('',#4184,#3298,#3299);
#2613=AXIS2_PLACEMENT_3D('',#4186,#3301,#3302);
#2614=AXIS2_PLACEMENT_3D('',#4187,#3303,#3304);
#2615=AXIS2_PLACEMENT_3D('',#4189,#3306,#3307);
#2616=AXIS2_PLACEMENT_3D('',#4190,#3308,#3309);
#2617=AXIS2_PLACEMENT_3D('',#4192,#3311,#3312);
#2618=AXIS2_PLACEMENT_3D('',#4193,#3313,#3314);
#2619=AXIS2_PLACEMENT_3D('',#4195,#3316,#3317);
#2620=DIRECTION('axis',(0.,0.,1.));
#2621=DIRECTION('refdir',(1.,0.,0.));
#2622=DIRECTION('center_axis',(0.,-1.,0.));
#2623=DIRECTION('ref_axis',(0.707106781186547,0.,-0.707106781186548));
#2624=DIRECTION('center_axis',(0.,-1.,0.));
#2625=DIRECTION('ref_axis',(-0.707106781186548,0.,-0.707106781186547));
#2626=DIRECTION('center_axis',(0.,-1.,0.));
#2627=DIRECTION('ref_axis',(0.707106781186547,0.,-0.707106781186548));
#2628=DIRECTION('center_axis',(0.,-1.,0.));
#2629=DIRECTION('ref_axis',(0.707106781186547,0.,-0.707106781186548));
#2630=DIRECTION('',(0.,1.,0.));
#2631=DIRECTION('center_axis',(0.,1.,0.));
#2632=DIRECTION('ref_axis',(0.707106781186547,0.,-0.707106781186548));
#2633=DIRECTION('center_axis',(0.,-1.,0.));
#2634=DIRECTION('ref_axis',(0.707106781186547,0.,-0.707106781186548));
#2635=DIRECTION('center_axis',(0.,1.,0.));
#2636=DIRECTION('ref_axis',(0.707106781186554,0.,-0.707106781186541));
#2637=DIRECTION('center_axis',(0.,1.,0.));
#2638=DIRECTION('ref_axis',(0.707106781186554,0.,-0.707106781186541));
#2639=DIRECTION('',(0.,1.,0.));
#2640=DIRECTION('center_axis',(0.,1.,0.));
#2641=DIRECTION('ref_axis',(0.707106781186554,0.,-0.707106781186541));
#2642=DIRECTION('',(0.,1.,0.));
#2643=DIRECTION('center_axis',(0.,1.,0.));
#2644=DIRECTION('ref_axis',(-0.70710678118655,0.,0.707106781186545));
#2645=DIRECTION('center_axis',(0.,1.,0.));
#2646=DIRECTION('ref_axis',(-0.70710678118655,0.,0.707106781186545));
#2647=DIRECTION('',(0.,1.,0.));
#2648=DIRECTION('center_axis',(0.,1.,0.));
#2649=DIRECTION('ref_axis',(-0.70710678118655,0.,0.707106781186545));
#2650=DIRECTION('',(0.,1.,0.));
#2651=DIRECTION('center_axis',(0.,1.,0.));
#2652=DIRECTION('ref_axis',(-0.707106781186548,0.,-0.707106781186547));
#2653=DIRECTION('center_axis',(0.,1.,0.));
#2654=DIRECTION('ref_axis',(-0.707106781186548,0.,-0.707106781186547));
#2655=DIRECTION('',(0.,1.,0.));
#2656=DIRECTION('center_axis',(0.,1.,0.));
#2657=DIRECTION('ref_axis',(-0.707106781186548,0.,-0.707106781186547));
#2658=DIRECTION('',(0.,1.,0.));
#2659=DIRECTION('center_axis',(0.,1.,0.));
#2660=DIRECTION('ref_axis',(0.707106781186548,0.,0.707106781186547));
#2661=DIRECTION('center_axis',(0.,1.,0.));
#2662=DIRECTION('ref_axis',(0.707106781186548,0.,0.707106781186547));
#2663=DIRECTION('',(0.,1.,0.));
#2664=DIRECTION('center_axis',(0.,1.,0.));
#2665=DIRECTION('ref_axis',(0.707106781186548,0.,0.707106781186547));
#2666=DIRECTION('',(0.,1.,0.));
#2667=DIRECTION('center_axis',(0.,1.,0.));
#2668=DIRECTION('ref_axis',(0.707106781186548,0.,0.707106781186547));
#2669=DIRECTION('',(0.,1.,0.));
#2670=DIRECTION('center_axis',(0.,1.,0.));
#2671=DIRECTION('ref_axis',(0.707106781186548,0.,0.707106781186547));
#2672=DIRECTION('center_axis',(0.,1.,0.));
#2673=DIRECTION('ref_axis',(0.707106781186548,0.,0.707106781186547));
#2674=DIRECTION('center_axis',(0.,1.,0.));
#2675=DIRECTION('ref_axis',(0.707106781186548,0.,0.707106781186547));
#2676=DIRECTION('center_axis',(0.,1.,0.));
#2677=DIRECTION('ref_axis',(0.707106781186548,0.,0.707106781186547));
#2678=DIRECTION('center_axis',(0.,1.,0.));
#2679=DIRECTION('ref_axis',(0.707106781186548,0.,0.707106781186547));
#2680=DIRECTION('center_axis',(0.,-1.,0.));
#2681=DIRECTION('ref_axis',(-0.707106781186548,0.,-0.707106781186547));
#2682=DIRECTION('',(0.,-1.,0.));
#2683=DIRECTION('center_axis',(0.,1.,0.));
#2684=DIRECTION('ref_axis',(0.707106781186548,0.,0.707106781186547));
#2685=DIRECTION('',(0.,1.,0.));
#2686=DIRECTION('center_axis',(0.707106781186547,0.,-0.707106781186548));
#2687=DIRECTION('ref_axis',(-6.93889390390723E-16,-1.,-7.40148683083438E-16));
#2688=DIRECTION('',(-0.707106781186547,0.,0.707106781186548));
#2689=DIRECTION('',(0.707106781186547,0.,-0.707106781186548));
#2690=DIRECTION('center_axis',(0.707106781186547,0.,-0.707106781186548));
#2691=DIRECTION('ref_axis',(-6.93889390390723E-16,-1.,-7.40148683083438E-16));
#2692=DIRECTION('',(-0.707106781186547,0.,0.707106781186548));
#2693=DIRECTION('',(0.707106781186547,0.,-0.707106781186548));
#2694=DIRECTION('center_axis',(0.707106781186548,0.,0.707106781186547));
#2695=DIRECTION('ref_axis',(4.62592926927149E-17,-1.,0.));
#2696=DIRECTION('',(-0.707106781186548,0.,-0.707106781186547));
#2697=DIRECTION('',(0.707106781186548,0.,0.707106781186547));
#2698=DIRECTION('center_axis',(0.707106781186548,0.,0.707106781186547));
#2699=DIRECTION('ref_axis',(7.40148683083438E-16,-1.,-6.93889390390723E-16));
#2700=DIRECTION('',(-0.707106781186548,0.,-0.707106781186547));
#2701=DIRECTION('',(0.707106781186548,0.,0.707106781186547));
#2702=DIRECTION('center_axis',(1.,0.,-1.88737914186277E-15));
#2703=DIRECTION('ref_axis',(-1.80411241501588E-15,0.,-1.));
#2704=DIRECTION('',(-1.77635683940025E-15,0.,-1.));
#2705=DIRECTION('',(0.,-1.,0.));
#2706=DIRECTION('',(-1.84741111297626E-15,0.,-1.));
#2707=DIRECTION('',(0.,1.,0.));
#2708=DIRECTION('center_axis',(1.,0.,-1.88737914186277E-15));
#2709=DIRECTION('ref_axis',(-1.80411241501588E-15,0.,-1.));
#2710=DIRECTION('',(-1.84741111297626E-15,0.,-1.));
#2711=DIRECTION('',(0.,1.,0.));
#2712=DIRECTION('',(-1.77635683940025E-15,0.,-1.));
#2713=DIRECTION('center_axis',(2.05391259555654E-15,0.,1.));
#2714=DIRECTION('ref_axis',(1.,0.,-2.0122792321331E-15));
#2715=DIRECTION('',(1.,0.,-1.98951966012828E-15));
#2716=DIRECTION('',(0.,-1.,0.));
#2717=DIRECTION('',(1.,0.,-1.98951966012828E-15));
#2718=DIRECTION('center_axis',(2.05391259555654E-15,0.,1.));
#2719=DIRECTION('ref_axis',(1.,0.,-2.0122792321331E-15));
#2720=DIRECTION('',(1.,0.,-1.98951966012828E-15));
#2721=DIRECTION('',(0.,1.,0.));
#2722=DIRECTION('',(1.,0.,-1.98951966012828E-15));
#2723=DIRECTION('',(0.,-1.,0.));
#2724=DIRECTION('center_axis',(-1.,0.,1.88737914186277E-15));
#2725=DIRECTION('ref_axis',(1.80411241501588E-15,0.,1.));
#2726=DIRECTION('',(1.98951966012828E-15,0.,1.));
#2727=DIRECTION('',(0.,-1.,0.));
#2728=DIRECTION('',(1.84741111297626E-15,0.,1.));
#2729=DIRECTION('',(0.,1.,0.));
#2730=DIRECTION('center_axis',(-1.,0.,1.88737914186277E-15));
#2731=DIRECTION('ref_axis',(1.80411241501588E-15,0.,1.));
#2732=DIRECTION('',(1.84741111297626E-15,0.,1.));
#2733=DIRECTION('',(0.,1.,0.));
#2734=DIRECTION('',(1.98951966012828E-15,0.,1.));
#2735=DIRECTION('',(0.,-1.,0.));
#2736=DIRECTION('center_axis',(0.,-1.,0.));
#2737=DIRECTION('ref_axis',(-0.707106781186548,0.,-0.707106781186547));
#2738=DIRECTION('center_axis',(0.,-1.,0.));
#2739=DIRECTION('ref_axis',(0.70710678118655,0.,-0.707106781186545));
#2740=DIRECTION('',(-1.,0.,-2.8421709430404E-15));
#2741=DIRECTION('',(1.,0.,2.8421709430404E-15));
#2742=DIRECTION('center_axis',(0.,-1.,0.));
#2743=DIRECTION('ref_axis',(0.70710678118655,0.,-0.707106781186545));
#2744=DIRECTION('center_axis',(0.,-1.,0.));
#2745=DIRECTION('ref_axis',(0.707106781186548,0.,0.707106781186547));
#2746=DIRECTION('',(-5.6843418860808E-16,0.,-1.));
#2747=DIRECTION('',(5.6843418860808E-16,0.,1.));
#2748=DIRECTION('center_axis',(0.,-1.,0.));
#2749=DIRECTION('ref_axis',(0.707106781186548,0.,0.707106781186547));
#2750=DIRECTION('center_axis',(0.,-1.,0.));
#2751=DIRECTION('ref_axis',(-0.707106781186548,0.,-0.707106781186547));
#2752=DIRECTION('center_axis',(0.,-1.,0.));
#2753=DIRECTION('ref_axis',(-0.707106781186555,0.,0.70710678118654));
#2754=DIRECTION('',(1.,0.,1.00186525742174E-14));
#2755=DIRECTION('',(-1.,0.,-1.00186525742174E-14));
#2756=DIRECTION('center_axis',(0.,-1.,0.));
#2757=DIRECTION('ref_axis',(-0.707106781186555,0.,0.70710678118654));
#2758=DIRECTION('center_axis',(0.,-1.,0.));
#2759=DIRECTION('ref_axis',(-0.707106781186548,0.,-0.707106781186547));
#2760=DIRECTION('',(-1.,0.,1.98951966012828E-15));
#2761=DIRECTION('center_axis',(0.,-1.,0.));
#2762=DIRECTION('ref_axis',(-0.707106781186548,0.,-0.707106781186547));
#2763=DIRECTION('',(5.6843418860808E-16,0.,1.));
#2764=DIRECTION('',(-5.6843418860808E-16,0.,-1.));
#2765=DIRECTION('center_axis',(0.,-1.,0.));
#2766=DIRECTION('ref_axis',(-0.707106781186548,0.,-0.707106781186547));
#2767=DIRECTION('',(-1.,0.,1.98951966012828E-15));
#2768=DIRECTION('center_axis',(0.,-1.,0.));
#2769=DIRECTION('ref_axis',(-0.707106781186548,0.,-0.707106781186547));
#2770=DIRECTION('center_axis',(0.,1.,0.));
#2771=DIRECTION('ref_axis',(0.707106781186548,0.,0.707106781186547));
#2772=DIRECTION('',(-4.9737991503207E-16,0.,-1.));
#2773=DIRECTION('center_axis',(0.,1.,0.));
#2774=DIRECTION('ref_axis',(-0.70710678118655,0.,0.707106781186545));
#2775=DIRECTION('center_axis',(0.,1.,0.));
#2776=DIRECTION('ref_axis',(0.707106781186548,0.,0.707106781186547));
#2777=DIRECTION('',(-1.,0.,2.06057393370429E-15));
#2778=DIRECTION('center_axis',(0.,1.,0.));
#2779=DIRECTION('ref_axis',(0.707106781186548,0.,0.707106781186547));
#2780=DIRECTION('',(-1.,0.,3.5527136788005E-16));
#2781=DIRECTION('center_axis',(0.,1.,0.));
#2782=DIRECTION('ref_axis',(0.707106781186548,0.,0.707106781186547));
#2783=DIRECTION('center_axis',(0.,1.,0.));
#2784=DIRECTION('ref_axis',(-0.70710678118655,0.,0.707106781186545));
#2785=DIRECTION('',(-4.9737991503207E-16,0.,-1.));
#2786=DIRECTION('',(1.,0.,-1.4210854715202E-16));
#2787=DIRECTION('center_axis',(0.,1.,0.));
#2788=DIRECTION('ref_axis',(-0.707106781186548,0.,-0.707106781186547));
#2789=DIRECTION('center_axis',(0.,1.,0.));
#2790=DIRECTION('ref_axis',(0.707106781186548,0.,0.707106781186547));
#2791=DIRECTION('center_axis',(0.,1.,0.));
#2792=DIRECTION('ref_axis',(-0.707106781186548,0.,-0.707106781186547));
#2793=DIRECTION('',(1.,0.,-1.4210854715202E-16));
#2794=DIRECTION('',(6.3948846218409E-16,0.,1.));
#2795=DIRECTION('center_axis',(0.,1.,0.));
#2796=DIRECTION('ref_axis',(0.707106781186555,0.,-0.70710678118654));
#2797=DIRECTION('center_axis',(0.,1.,0.));
#2798=DIRECTION('ref_axis',(0.707106781186548,0.,0.707106781186547));
#2799=DIRECTION('center_axis',(0.,1.,0.));
#2800=DIRECTION('ref_axis',(0.707106781186548,0.,0.707106781186547));
#2801=DIRECTION('center_axis',(0.,1.,0.));
#2802=DIRECTION('ref_axis',(0.707106781186555,0.,-0.70710678118654));
#2803=DIRECTION('',(6.3948846218409E-16,0.,1.));
#2804=DIRECTION('',(-1.,0.,3.5527136788005E-16));
#2805=DIRECTION('center_axis',(0.,1.,0.));
#2806=DIRECTION('ref_axis',(0.707106781186548,0.,0.707106781186547));
#2807=DIRECTION('',(-1.,0.,2.06057393370429E-15));
#2808=DIRECTION('center_axis',(0.,1.,0.));
#2809=DIRECTION('ref_axis',(0.707106781186548,0.,0.707106781186547));
#2810=DIRECTION('center_axis',(-1.,0.,6.66133814775094E-16));
#2811=DIRECTION('ref_axis',(6.93889390390723E-16,0.,1.));
#2812=DIRECTION('',(0.,1.,0.));
#2813=DIRECTION('',(0.,1.,0.));
#2814=DIRECTION('',(6.3948846218409E-16,0.,1.));
#2815=DIRECTION('center_axis',(1.,0.,-4.9960036108132E-16));
#2816=DIRECTION('ref_axis',(-4.85722573273506E-16,0.,-1.));
#2817=DIRECTION('',(0.,1.,0.));
#2818=DIRECTION('',(0.,1.,0.));
#2819=DIRECTION('',(-4.9737991503207E-16,0.,-1.));
#2820=DIRECTION('center_axis',(1.11022302462516E-16,0.,1.));
#2821=DIRECTION('ref_axis',(1.,0.,-2.08166817117217E-16));
#2822=DIRECTION('',(0.,1.,0.));
#2823=DIRECTION('',(0.,1.,0.));
#2824=DIRECTION('',(1.,0.,-1.4210854715202E-16));
#2825=DIRECTION('center_axis',(-2.05391259555654E-15,0.,-1.));
#2826=DIRECTION('ref_axis',(-1.,0.,2.0122792321331E-15));
#2827=DIRECTION('',(0.,1.,0.));
#2828=DIRECTION('',(0.,-1.,0.));
#2829=DIRECTION('center_axis',(-3.33066907387547E-16,0.,-1.));
#2830=DIRECTION('ref_axis',(-1.,0.,2.77555756156289E-16));
#2831=DIRECTION('',(0.,-1.,0.));
#2832=DIRECTION('',(-1.,0.,3.5527136788005E-16));
#2833=DIRECTION('center_axis',(-2.05391259555654E-15,0.,-1.));
#2834=DIRECTION('ref_axis',(-1.,0.,2.0122792321331E-15));
#2835=DIRECTION('',(0.,-1.,0.));
#2836=DIRECTION('',(0.,1.,0.));
#2837=DIRECTION('center_axis',(0.,1.,0.));
#2838=DIRECTION('ref_axis',(0.707106781186548,0.,0.707106781186547));
#2839=DIRECTION('center_axis',(0.,1.,0.));
#2840=DIRECTION('ref_axis',(-0.707106781186548,0.,-0.707106781186547));
#2841=DIRECTION('center_axis',(0.,1.,0.));
#2842=DIRECTION('ref_axis',(0.707106781186548,0.,0.707106781186547));
#2843=DIRECTION('center_axis',(-1.,0.,6.66133814775094E-16));
#2844=DIRECTION('ref_axis',(6.93889390390723E-16,0.,1.));
#2845=DIRECTION('',(0.,-1.,0.));
#2846=DIRECTION('',(6.3948846218409E-16,0.,1.));
#2847=DIRECTION('',(0.,1.,0.));
#2848=DIRECTION('center_axis',(-3.33066907387547E-16,0.,-1.));
#2849=DIRECTION('ref_axis',(-1.,0.,2.77555756156289E-16));
#2850=DIRECTION('',(0.,1.,0.));
#2851=DIRECTION('',(-1.,0.,3.5527136788005E-16));
#2852=DIRECTION('center_axis',(1.,0.,-4.9960036108132E-16));
#2853=DIRECTION('ref_axis',(-4.85722573273506E-16,0.,-1.));
#2854=DIRECTION('',(0.,-1.,0.));
#2855=DIRECTION('',(-4.9737991503207E-16,0.,-1.));
#2856=DIRECTION('center_axis',(1.11022302462516E-16,0.,1.));
#2857=DIRECTION('ref_axis',(1.,0.,-2.08166817117217E-16));
#2858=DIRECTION('',(0.,-1.,0.));
#2859=DIRECTION('',(1.,0.,-1.4210854715202E-16));
#2860=DIRECTION('center_axis',(0.,1.,0.));
#2861=DIRECTION('ref_axis',(0.707106781186548,0.,0.707106781186547));
#2862=DIRECTION('',(-1.,0.,-2.8421709430404E-15));
#2863=DIRECTION('',(-5.6843418860808E-16,0.,-1.));
#2864=DIRECTION('',(5.6843418860808E-16,0.,1.));
#2865=DIRECTION('',(-1.,0.,-1.00186525742174E-14));
#2866=DIRECTION('',(1.,0.,1.00186525742174E-14));
#2867=DIRECTION('',(5.6843418860808E-16,0.,1.));
#2868=DIRECTION('',(-5.6843418860808E-16,0.,-1.));
#2869=DIRECTION('',(1.,0.,2.8421709430404E-15));
#2870=DIRECTION('center_axis',(0.,1.,0.));
#2871=DIRECTION('ref_axis',(-2.21831493033217E-13,0.,-1.));
#2872=DIRECTION('',(-1.,0.,2.21831442104303E-13));
#2873=DIRECTION('center_axis',(0.,1.,0.));
#2874=DIRECTION('ref_axis',(1.,0.,-2.22363208021312E-13));
#2875=DIRECTION('',(-2.21618279283575E-13,0.,-1.));
#2876=DIRECTION('center_axis',(0.,1.,0.));
#2877=DIRECTION('ref_axis',(2.22788580011788E-13,0.,1.));
#2878=DIRECTION('',(1.,0.,-2.21831442104303E-13));
#2879=DIRECTION('center_axis',(0.,1.,0.));
#2880=DIRECTION('ref_axis',(-1.,0.,2.21618807037981E-13));
#2881=DIRECTION('',(2.21831442104303E-13,0.,1.));
#2882=DIRECTION('center_axis',(0.,1.,0.));
#2883=DIRECTION('ref_axis',(-2.21831493033217E-13,0.,-1.));
#2884=DIRECTION('center_axis',(0.,1.,0.));
#2885=DIRECTION('ref_axis',(1.,0.,-2.25340811954644E-13));
#2886=DIRECTION('',(-2.25242047235952E-13,0.,-1.));
#2887=DIRECTION('center_axis',(0.,1.,0.));
#2888=DIRECTION('ref_axis',(2.26191555935596E-13,0.,1.));
#2889=DIRECTION('',(1.,0.,-2.25028884415224E-13));
#2890=DIRECTION('center_axis',(0.,1.,0.));
#2891=DIRECTION('ref_axis',(-1.,0.,2.24596410971311E-13));
#2892=DIRECTION('',(2.25242047235952E-13,0.,1.));
#2893=DIRECTION('center_axis',(0.,1.,0.));
#2894=DIRECTION('ref_axis',(-2.24277381978456E-13,0.,-1.));
#2895=DIRECTION('',(-1.,0.,2.25242047235952E-13));
#2896=DIRECTION('center_axis',(0.,1.,0.));
#2897=DIRECTION('ref_axis',(1.,0.,-2.25340811954644E-13));
#2898=DIRECTION('center_axis',(0.,1.,0.));
#2899=DIRECTION('ref_axis',(2.14600169195126E-13,0.,1.));
#2900=DIRECTION('',(1.,0.,-2.14726014746702E-13));
#2901=DIRECTION('center_axis',(0.,1.,0.));
#2902=DIRECTION('ref_axis',(-1.,0.,2.16408000154649E-13));
#2903=DIRECTION('',(2.1458390619955E-13,0.,1.));
#2904=DIRECTION('center_axis',(0.,1.,0.));
#2905=DIRECTION('ref_axis',(-2.15344570178458E-13,0.,-1.));
#2906=DIRECTION('',(-1.,0.,2.14726014746702E-13));
#2907=DIRECTION('center_axis',(0.,1.,0.));
#2908=DIRECTION('ref_axis',(1.,0.,-2.14493826197509E-13));
#2909=DIRECTION('',(-2.14726014746702E-13,0.,-1.));
#2910=DIRECTION('center_axis',(0.,1.,0.));
#2911=DIRECTION('ref_axis',(2.14600169195126E-13,0.,1.));
#2912=DIRECTION('center_axis',(0.,1.,0.));
#2913=DIRECTION('ref_axis',(-1.,0.,2.25340811954644E-13));
#2914=DIRECTION('',(2.25242047235952E-13,0.,1.));
#2915=DIRECTION('center_axis',(0.,1.,0.));
#2916=DIRECTION('ref_axis',(-2.26191555935596E-13,0.,-1.));
#2917=DIRECTION('',(-1.,0.,2.25028884415224E-13));
#2918=DIRECTION('center_axis',(0.,1.,0.));
#2919=DIRECTION('ref_axis',(1.,0.,-2.24596410971311E-13));
#2920=DIRECTION('',(-2.25242047235952E-13,0.,-1.));
#2921=DIRECTION('center_axis',(0.,1.,0.));
#2922=DIRECTION('ref_axis',(2.24277381978456E-13,0.,1.));
#2923=DIRECTION('',(1.,0.,-2.25242047235952E-13));
#2924=DIRECTION('center_axis',(0.,1.,0.));
#2925=DIRECTION('ref_axis',(-1.,0.,2.25340811954644E-13));
#2926=DIRECTION('center_axis',(-0.999328393778656,-0.0366437087065563,2.25042207091519E-13));
#2927=DIRECTION('ref_axis',(0.0366437087065563,-0.999328393778656,-8.2572837456496E-15));
#2928=DIRECTION('',(-2.25242047235952E-13,0.,-1.));
#2929=DIRECTION('',(-0.0366437087065563,0.999328393778656,8.2045481519799E-15));
#2930=DIRECTION('',(-0.0366437087065563,0.999328393778656,8.25117751901416E-15));
#2931=DIRECTION('center_axis',(0.,1.,0.));
#2932=DIRECTION('ref_axis',(-2.26874075082151E-13,0.,-1.));
#2933=DIRECTION('center_axis',(0.,1.,0.));
#2934=DIRECTION('ref_axis',(-2.26874075082151E-13,0.,-1.));
#2935=DIRECTION('',(-8.24895707296491E-15,0.999328393778656,-0.0366437087065563));
#2936=DIRECTION('center_axis',(-2.24986695940288E-13,-0.0366437087065563,
-0.999328393778656));
#2937=DIRECTION('ref_axis',(-1.,-3.23352455922077E-15,2.25236496120829E-13));
#2938=DIRECTION('',(1.,0.,-2.25028884415224E-13));
#2939=DIRECTION('',(-8.24895707296491E-15,0.999328393778656,-0.0366437087065563));
#2940=DIRECTION('center_axis',(0.,1.,0.));
#2941=DIRECTION('ref_axis',(1.,0.,-2.24764651335363E-13));
#2942=DIRECTION('center_axis',(0.,1.,0.));
#2943=DIRECTION('ref_axis',(1.,0.,-2.24764651335363E-13));
#2944=DIRECTION('',(0.0366437087065563,0.999328393778656,-8.28892510185142E-15));
#2945=DIRECTION('center_axis',(0.999328393778656,-0.0366437087065563,-2.25153229393982E-13));
#2946=DIRECTION('ref_axis',(2.25375273998907E-13,0.,1.));
#2947=DIRECTION('',(2.25242047235952E-13,0.,1.));
#2948=DIRECTION('',(0.0366437087065563,0.999328393778656,-8.25117751901416E-15));
#2949=DIRECTION('center_axis',(0.,1.,0.));
#2950=DIRECTION('ref_axis',(2.24820162486594E-13,0.,1.));
#2951=DIRECTION('center_axis',(0.,1.,0.));
#2952=DIRECTION('ref_axis',(2.24820162486594E-13,0.,1.));
#2953=DIRECTION('',(8.23785484271866E-15,0.999328393778656,0.0366437087065563));
#2954=DIRECTION('center_axis',(2.25042207091519E-13,-0.0366437087065563,
0.999328393778656));
#2955=DIRECTION('ref_axis',(8.2572837456496E-15,0.999328393778656,0.0366437087065563));
#2956=DIRECTION('',(-1.,0.,2.25242047235952E-13));
#2957=DIRECTION('',(8.25117751901416E-15,0.999328393778656,0.0366437087065563));
#2958=DIRECTION('center_axis',(0.,1.,0.));
#2959=DIRECTION('ref_axis',(-2.25375273998907E-13,0.,-1.));
#2960=DIRECTION('center_axis',(0.,1.,0.));
#2961=DIRECTION('ref_axis',(-1.,0.,2.25208740545213E-13));
#2962=DIRECTION('center_axis',(0.,1.,0.));
#2963=DIRECTION('ref_axis',(-1.,0.,2.25233132411958E-13));
#2964=DIRECTION('',(2.25242047235952E-13,0.,1.));
#2965=DIRECTION('center_axis',(0.,1.,0.));
#2966=DIRECTION('ref_axis',(-2.26318967072346E-13,0.,-1.));
#2967=DIRECTION('',(-1.,0.,2.25028884415224E-13));
#2968=DIRECTION('center_axis',(0.,1.,0.));
#2969=DIRECTION('ref_axis',(1.,0.,-2.25233132411958E-13));
#2970=DIRECTION('',(-2.25242047235952E-13,0.,-1.));
#2971=DIRECTION('center_axis',(0.,1.,0.));
#2972=DIRECTION('ref_axis',(2.24302416988768E-13,0.,1.));
#2973=DIRECTION('',(1.,0.,-2.25242047235952E-13));
#2974=DIRECTION('center_axis',(-0.998629534754574,-0.0523359562429438,2.24931184789057E-13));
#2975=DIRECTION('ref_axis',(0.0523359562429438,-0.998629534754574,-1.17917828279523E-14));
#2976=DIRECTION('',(-2.25242047235952E-13,0.,-1.));
#2977=DIRECTION('',(-0.0523359562429438,0.998629534754574,1.16884280032536E-14));
#2978=DIRECTION('',(-0.0523359562429438,0.998629534754574,1.17861276294207E-14));
#2979=DIRECTION('center_axis',(0.,1.,0.));
#2980=DIRECTION('ref_axis',(-2.25771782221987E-13,0.,-1.));
#2981=DIRECTION('center_axis',(0.,1.,0.));
#2982=DIRECTION('ref_axis',(-2.25771782221987E-13,0.,-1.));
#2983=DIRECTION('',(-1.17861276294207E-14,0.998629534754574,-0.0523359562429438));
#2984=DIRECTION('center_axis',(-2.24820162486594E-13,-0.0523359562429438,
-0.998629534754574));
#2985=DIRECTION('ref_axis',(-1.,-2.2586099657218E-15,2.25375273998907E-13));
#2986=DIRECTION('',(1.,0.,-2.25028884415224E-13));
#2987=DIRECTION('',(-1.17861276294207E-14,0.998629534754574,-0.0523359562429438));
#2988=DIRECTION('center_axis',(0.,1.,0.));
#2989=DIRECTION('ref_axis',(1.,0.,-2.25771782221987E-13));
#2990=DIRECTION('center_axis',(0.,1.,0.));
#2991=DIRECTION('ref_axis',(1.,0.,-2.25771782221987E-13));
#2992=DIRECTION('',(0.0523359562429438,0.998629534754574,-1.17861276294207E-14));
#2993=DIRECTION('center_axis',(0.998629534754574,-0.0523359562429438,-2.24986695940288E-13));
#2994=DIRECTION('ref_axis',(2.25375273998907E-13,-3.46944695195362E-18,
1.));
#2995=DIRECTION('',(2.25242047235952E-13,0.,1.));
#2996=DIRECTION('',(0.0523359562429438,0.998629534754574,-1.17861276294207E-14));
#2997=DIRECTION('center_axis',(0.,1.,0.));
#2998=DIRECTION('ref_axis',(2.25137369065058E-13,0.,1.));
#2999=DIRECTION('center_axis',(0.,1.,0.));
#3000=DIRECTION('ref_axis',(2.25137369065058E-13,0.,1.));
#3001=DIRECTION('',(1.17861276294207E-14,0.998629534754574,0.0523359562429438));
#3002=DIRECTION('center_axis',(2.24931184789057E-13,-0.0523359562429438,
0.998629534754574));
#3003=DIRECTION('ref_axis',(1.17917828279523E-14,0.998629534754574,0.0523359562429438));
#3004=DIRECTION('',(-1.,0.,2.25242047235952E-13));
#3005=DIRECTION('',(1.18260956583072E-14,0.998629534754574,0.0523359562429438));
#3006=DIRECTION('center_axis',(0.,1.,0.));
#3007=DIRECTION('ref_axis',(-1.,0.,2.25137369065058E-13));
#3008=DIRECTION('center_axis',(0.,1.,0.));
#3009=DIRECTION('ref_axis',(-1.,0.,2.25137369065058E-13));
#3010=DIRECTION('center_axis',(0.,1.,0.));
#3011=DIRECTION('ref_axis',(-2.25375273998907E-13,0.,-1.));
#3012=DIRECTION('center_axis',(0.,1.,0.));
#3013=DIRECTION('ref_axis',(-1.,0.,2.25208740545213E-13));
#3014=DIRECTION('center_axis',(0.999328393778656,-0.0366437087065563,-2.25042207091519E-13));
#3015=DIRECTION('ref_axis',(-0.0366437087065563,-0.999328393778656,8.2572837456496E-15));
#3016=DIRECTION('',(2.25242047235952E-13,0.,1.));
#3017=DIRECTION('',(0.0366437087065563,0.999328393778656,-8.2045481519799E-15));
#3018=DIRECTION('',(0.0366437087065563,0.999328393778656,-8.25117751901416E-15));
#3019=DIRECTION('center_axis',(0.,1.,0.));
#3020=DIRECTION('ref_axis',(2.26874075082151E-13,0.,1.));
#3021=DIRECTION('center_axis',(0.,1.,0.));
#3022=DIRECTION('ref_axis',(2.26874075082151E-13,0.,1.));
#3023=DIRECTION('',(8.24895707296491E-15,0.999328393778656,0.0366437087065563));
#3024=DIRECTION('center_axis',(2.24986695940288E-13,-0.0366437087065563,
0.999328393778656));
#3025=DIRECTION('ref_axis',(1.,-3.23352455922077E-15,-2.25236496120829E-13));
#3026=DIRECTION('',(-1.,0.,2.25028884415224E-13));
#3027=DIRECTION('',(8.24895707296491E-15,0.999328393778656,0.0366437087065563));
#3028=DIRECTION('center_axis',(0.,1.,0.));
#3029=DIRECTION('ref_axis',(-1.,0.,2.24764651335363E-13));
#3030=DIRECTION('center_axis',(0.,1.,0.));
#3031=DIRECTION('ref_axis',(-1.,0.,2.24764651335363E-13));
#3032=DIRECTION('',(-0.0366437087065563,0.999328393778656,8.28892510185142E-15));
#3033=DIRECTION('center_axis',(-0.999328393778656,-0.0366437087065563,2.25153229393982E-13));
#3034=DIRECTION('ref_axis',(-2.25375273998907E-13,0.,-1.));
#3035=DIRECTION('',(-2.25242047235952E-13,0.,-1.));
#3036=DIRECTION('',(-0.0366437087065563,0.999328393778656,8.25117751901416E-15));
#3037=DIRECTION('center_axis',(0.,1.,0.));
#3038=DIRECTION('ref_axis',(-2.24820162486594E-13,0.,-1.));
#3039=DIRECTION('center_axis',(0.,1.,0.));
#3040=DIRECTION('ref_axis',(-2.24820162486594E-13,0.,-1.));
#3041=DIRECTION('',(-8.23785484271866E-15,0.999328393778656,-0.0366437087065563));
#3042=DIRECTION('center_axis',(-2.25042207091519E-13,-0.0366437087065563,
-0.999328393778656));
#3043=DIRECTION('ref_axis',(-8.2572837456496E-15,0.999328393778656,-0.0366437087065563));
#3044=DIRECTION('',(1.,0.,-2.25242047235952E-13));
#3045=DIRECTION('',(-8.25117751901416E-15,0.999328393778656,-0.0366437087065563));
#3046=DIRECTION('center_axis',(0.,1.,0.));
#3047=DIRECTION('ref_axis',(2.25375273998907E-13,0.,1.));
#3048=DIRECTION('center_axis',(0.,1.,0.));
#3049=DIRECTION('ref_axis',(1.,0.,-2.25208740545213E-13));
#3050=DIRECTION('center_axis',(0.,1.,0.));
#3051=DIRECTION('ref_axis',(1.,0.,-2.25233132411958E-13));
#3052=DIRECTION('',(-2.25242047235952E-13,0.,-1.));
#3053=DIRECTION('center_axis',(0.,1.,0.));
#3054=DIRECTION('ref_axis',(2.26318967072346E-13,0.,1.));
#3055=DIRECTION('',(1.,0.,-2.25028884415224E-13));
#3056=DIRECTION('center_axis',(0.,1.,0.));
#3057=DIRECTION('ref_axis',(-1.,0.,2.25233132411958E-13));
#3058=DIRECTION('',(2.25242047235952E-13,0.,1.));
#3059=DIRECTION('center_axis',(0.,1.,0.));
#3060=DIRECTION('ref_axis',(-2.24302416988768E-13,0.,-1.));
#3061=DIRECTION('',(-1.,0.,2.25242047235952E-13));
#3062=DIRECTION('center_axis',(0.998629534754574,-0.0523359562429438,-2.24931184789057E-13));
#3063=DIRECTION('ref_axis',(-0.0523359562429438,-0.998629534754574,1.17917828279523E-14));
#3064=DIRECTION('',(2.25242047235952E-13,0.,1.));
#3065=DIRECTION('',(0.0523359562429438,0.998629534754574,-1.16884280032536E-14));
#3066=DIRECTION('',(0.0523359562429438,0.998629534754574,-1.17861276294207E-14));
#3067=DIRECTION('center_axis',(0.,1.,0.));
#3068=DIRECTION('ref_axis',(2.25771782221987E-13,0.,1.));
#3069=DIRECTION('center_axis',(0.,1.,0.));
#3070=DIRECTION('ref_axis',(2.25771782221987E-13,0.,1.));
#3071=DIRECTION('',(1.17861276294207E-14,0.998629534754574,0.0523359562429438));
#3072=DIRECTION('center_axis',(2.24820162486594E-13,-0.0523359562429438,
0.998629534754574));
#3073=DIRECTION('ref_axis',(1.,-2.2586099657218E-15,-2.25375273998907E-13));
#3074=DIRECTION('',(-1.,0.,2.25028884415224E-13));
#3075=DIRECTION('',(1.17861276294207E-14,0.998629534754574,0.0523359562429438));
#3076=DIRECTION('center_axis',(0.,1.,0.));
#3077=DIRECTION('ref_axis',(-1.,0.,2.25771782221987E-13));
#3078=DIRECTION('center_axis',(0.,1.,0.));
#3079=DIRECTION('ref_axis',(-1.,0.,2.25771782221987E-13));
#3080=DIRECTION('',(-0.0523359562429438,0.998629534754574,1.17861276294207E-14));
#3081=DIRECTION('center_axis',(-0.998629534754574,-0.0523359562429438,2.24986695940288E-13));
#3082=DIRECTION('ref_axis',(-2.25375273998907E-13,-3.46944695195362E-18,
-1.));
#3083=DIRECTION('',(-2.25242047235952E-13,0.,-1.));
#3084=DIRECTION('',(-0.0523359562429438,0.998629534754574,1.17861276294207E-14));
#3085=DIRECTION('center_axis',(0.,1.,0.));
#3086=DIRECTION('ref_axis',(-2.25137369065058E-13,0.,-1.));
#3087=DIRECTION('center_axis',(0.,1.,0.));
#3088=DIRECTION('ref_axis',(-2.25137369065058E-13,0.,-1.));
#3089=DIRECTION('',(-1.17861276294207E-14,0.998629534754574,-0.0523359562429438));
#3090=DIRECTION('center_axis',(-2.24931184789057E-13,-0.0523359562429438,
-0.998629534754574));
#3091=DIRECTION('ref_axis',(-1.17917828279523E-14,0.998629534754574,-0.0523359562429438));
#3092=DIRECTION('',(1.,0.,-2.25242047235952E-13));
#3093=DIRECTION('',(-1.18260956583072E-14,0.998629534754574,-0.0523359562429438));
#3094=DIRECTION('center_axis',(0.,1.,0.));
#3095=DIRECTION('ref_axis',(1.,0.,-2.25137369065058E-13));
#3096=DIRECTION('center_axis',(0.,1.,0.));
#3097=DIRECTION('ref_axis',(1.,0.,-2.25137369065058E-13));
#3098=DIRECTION('center_axis',(0.,1.,0.));
#3099=DIRECTION('ref_axis',(2.25375273998907E-13,0.,1.));
#3100=DIRECTION('center_axis',(0.,1.,0.));
#3101=DIRECTION('ref_axis',(1.,0.,-2.25208740545213E-13));
#3102=DIRECTION('center_axis',(-2.2154500456395E-13,-0.0366437087065563,
-0.999328393778656));
#3103=DIRECTION('ref_axis',(8.1228426762614E-15,-0.999328393778656,0.0366437087065563));
#3104=DIRECTION('',(1.,0.,-2.21831442104303E-13));
#3105=DIRECTION('',(-8.07576228112338E-15,0.999328393778656,-0.0366437087065563));
#3106=DIRECTION('',(-8.12239164815764E-15,0.999328393778656,-0.0366437087065563));
#3107=DIRECTION('center_axis',(0.,1.,0.));
#3108=DIRECTION('ref_axis',(1.,0.,-2.2332136140335E-13));
#3109=DIRECTION('center_axis',(0.,1.,0.));
#3110=DIRECTION('ref_axis',(1.,0.,-2.2332136140335E-13));
#3111=DIRECTION('',(0.0366437087065563,0.999328393778656,-8.12017120210839E-15));
#3112=DIRECTION('center_axis',(0.999328393778656,-0.0366437087065563,-2.21489493412719E-13));
#3113=DIRECTION('ref_axis',(-2.21628271290797E-13,-3.23352455922077E-15,
-1.));
#3114=DIRECTION('',(2.21618279283575E-13,0.,1.));
#3115=DIRECTION('',(0.0366437087065563,0.999328393778656,-8.12017120210839E-15));
#3116=DIRECTION('center_axis',(0.,1.,0.));
#3117=DIRECTION('ref_axis',(2.211009153541E-13,0.,1.));
#3118=DIRECTION('center_axis',(0.,1.,0.));
#3119=DIRECTION('ref_axis',(2.211009153541E-13,0.,1.));
#3120=DIRECTION('',(8.16235967704415E-15,0.999328393778656,0.0366437087065563));
#3121=DIRECTION('center_axis',(2.21600515715181E-13,-0.0366437087065563,
0.999328393778656));
#3122=DIRECTION('ref_axis',(-1.,0.,2.21628271290797E-13));
#3123=DIRECTION('',(-1.,0.,2.21831442104303E-13));
#3124=DIRECTION('',(8.12239164815764E-15,0.999328393778656,0.0366437087065563));
#3125=DIRECTION('center_axis',(0.,1.,0.));
#3126=DIRECTION('ref_axis',(-1.,0.,2.2154500456395E-13));
#3127=DIRECTION('center_axis',(0.,1.,0.));
#3128=DIRECTION('ref_axis',(-1.,0.,2.2154500456395E-13));
#3129=DIRECTION('',(-0.0366437087065563,0.999328393778656,8.11350986396064E-15));
#3130=DIRECTION('center_axis',(-0.999328393778656,-0.0366437087065563,2.2154500456395E-13));
#3131=DIRECTION('ref_axis',(-0.0366437087065563,0.999328393778656,8.1228426762614E-15));
#3132=DIRECTION('',(-2.21831442104303E-13,0.,-1.));
#3133=DIRECTION('',(-0.0366437087065563,0.999328393778656,8.12239164815764E-15));
#3134=DIRECTION('center_axis',(0.,1.,0.));
#3135=DIRECTION('ref_axis',(1.,0.,-2.21767049168875E-13));
#3136=DIRECTION('center_axis',(0.,1.,0.));
#3137=DIRECTION('ref_axis',(-2.21656026866413E-13,0.,-1.));
#3138=DIRECTION('center_axis',(0.,1.,0.));
#3139=DIRECTION('ref_axis',(-2.2220830728659E-13,0.,-1.));
#3140=DIRECTION('',(-1.,0.,2.21831442104303E-13));
#3141=DIRECTION('center_axis',(0.,1.,0.));
#3142=DIRECTION('ref_axis',(1.,0.,-2.22983903472582E-13));
#3143=DIRECTION('',(-2.21618279283575E-13,0.,-1.));
#3144=DIRECTION('center_axis',(0.,1.,0.));
#3145=DIRECTION('ref_axis',(2.20734674533207E-13,0.,1.));
#3146=DIRECTION('',(1.,0.,-2.21831442104303E-13));
#3147=DIRECTION('center_axis',(0.,1.,0.));
#3148=DIRECTION('ref_axis',(-1.,0.,2.20812234151806E-13));
#3149=DIRECTION('',(2.21831442104303E-13,0.,1.));
#3150=DIRECTION('center_axis',(-2.21489493412719E-13,-0.0523359562429438,
-0.998629534754574));
#3151=DIRECTION('ref_axis',(1.1596626436905E-14,-0.998629534754574,0.0523359562429438));
#3152=DIRECTION('',(1.,0.,-2.21831442104303E-13));
#3153=DIRECTION('',(-1.15019105351166E-14,0.998629534754574,-0.0523359562429438));
#3154=DIRECTION('',(-1.15951692691851E-14,0.998629534754574,-0.0523359562429438));
#3155=DIRECTION('center_axis',(0.,1.,0.));
#3156=DIRECTION('ref_axis',(1.,0.,-2.22361811503496E-13));
#3157=DIRECTION('center_axis',(0.,1.,0.));
#3158=DIRECTION('ref_axis',(1.,0.,-2.22361811503496E-13));
#3159=DIRECTION('',(0.0523359562429438,0.998629534754574,-1.15907283770866E-14));
#3160=DIRECTION('center_axis',(0.998629534754574,-0.0523359562429438,-2.21267448807794E-13));
#3161=DIRECTION('ref_axis',(-2.21697660229836E-13,-2.26554885962571E-15,
-1.));
#3162=DIRECTION('',(2.21618279283575E-13,0.,1.));
#3163=DIRECTION('',(0.0523359562429438,0.998629534754574,-1.15907283770866E-14));
#3164=DIRECTION('center_axis',(0.,1.,0.));
#3165=DIRECTION('ref_axis',(2.21330890123487E-13,0.,1.));
#3166=DIRECTION('center_axis',(0.,1.,0.));
#3167=DIRECTION('ref_axis',(2.21330890123487E-13,0.,1.));
#3168=DIRECTION('',(1.15951692691851E-14,0.998629534754574,0.0523359562429438));
#3169=DIRECTION('center_axis',(2.21489493412719E-13,-0.0523359562429438,
0.998629534754574));
#3170=DIRECTION('ref_axis',(-1.,3.46944695195361E-18,2.21697660229836E-13));
#3171=DIRECTION('',(-1.,0.,2.21831442104303E-13));
#3172=DIRECTION('',(1.15951692691851E-14,0.998629534754574,0.0523359562429438));
#3173=DIRECTION('center_axis',(0.,1.,0.));
#3174=DIRECTION('ref_axis',(-1.,0.,2.21727398346567E-13));
#3175=DIRECTION('center_axis',(0.,1.,0.));
#3176=DIRECTION('ref_axis',(-1.,0.,2.21727398346567E-13));
#3177=DIRECTION('',(-0.0523359562429438,0.998629534754574,1.15951692691851E-14));
#3178=DIRECTION('center_axis',(-0.998629534754574,-0.0523359562429438,2.21489493412719E-13));
#3179=DIRECTION('ref_axis',(-0.0523359562429438,0.998629534754574,1.1596626436905E-14));
#3180=DIRECTION('',(-2.21831442104303E-13,0.,-1.));
#3181=DIRECTION('',(-0.0523359562429438,0.998629534754574,1.16262555138746E-14));
#3182=DIRECTION('center_axis',(0.,1.,0.));
#3183=DIRECTION('ref_axis',(-2.22044604925031E-13,0.,-1.));
#3184=DIRECTION('center_axis',(0.,1.,0.));
#3185=DIRECTION('ref_axis',(-2.22044604925031E-13,0.,-1.));
#3186=DIRECTION('center_axis',(0.,1.,0.));
#3187=DIRECTION('ref_axis',(1.,0.,-2.21767049168875E-13));
#3188=DIRECTION('center_axis',(0.,1.,0.));
#3189=DIRECTION('ref_axis',(-2.21656026866413E-13,0.,-1.));
#3190=DIRECTION('center_axis',(2.14439577206349E-13,-0.0366437087065563,
0.999328393778656));
#3191=DIRECTION('ref_axis',(-7.86480255920985E-15,-0.999328393778656,-0.0366437087065563));
#3192=DIRECTION('',(-1.,0.,2.14726014746702E-13));
#3193=DIRECTION('',(7.8204109854596E-15,0.999328393778656,0.0366437087065563));
#3194=DIRECTION('',(7.87148124459235E-15,0.999328393778656,0.0366437087065563));
#3195=DIRECTION('center_axis',(0.,1.,0.));
#3196=DIRECTION('ref_axis',(-1.,0.,2.16160422894518E-13));
#3197=DIRECTION('center_axis',(0.,1.,0.));
#3198=DIRECTION('ref_axis',(-1.,0.,2.16160422894518E-13));
#3199=DIRECTION('',(-0.0366437087065563,0.999328393778656,7.86481990644461E-15));
#3200=DIRECTION('center_axis',(-0.999328393778656,-0.0366437087065563,2.14439577206349E-13));
#3201=DIRECTION('ref_axis',(2.1468937738689E-13,-3.23352455922077E-15,1.));
#3202=DIRECTION('',(-2.1458390619955E-13,0.,-1.));
#3203=DIRECTION('',(-0.0366437087065563,0.999328393778656,7.86481990644461E-15));
#3204=DIRECTION('center_axis',(0.,1.,0.));
#3205=DIRECTION('ref_axis',(-2.15605311382205E-13,0.,-1.));
#3206=DIRECTION('center_axis',(0.,1.,0.));
#3207=DIRECTION('ref_axis',(-2.15605311382205E-13,0.,-1.));
#3208=DIRECTION('',(-7.90478793533111E-15,0.999328393778656,-0.0366437087065563));
#3209=DIRECTION('center_axis',(-2.14661621811274E-13,-0.0366437087065563,
-0.999328393778656));
#3210=DIRECTION('ref_axis',(1.,0.,-2.1468937738689E-13));
#3211=DIRECTION('',(1.,0.,-2.14726014746702E-13));
#3212=DIRECTION('',(-7.87148124459235E-15,0.999328393778656,-0.0366437087065563));
#3213=DIRECTION('center_axis',(0.,1.,0.));
#3214=DIRECTION('ref_axis',(1.,0.,-2.1405099914773E-13));
#3215=DIRECTION('center_axis',(0.,1.,0.));
#3216=DIRECTION('ref_axis',(1.,0.,-2.1405099914773E-13));
#3217=DIRECTION('',(0.0366437087065563,0.999328393778656,-7.85593812224761E-15));
#3218=DIRECTION('center_axis',(0.999328393778656,-0.0366437087065563,-2.14439577206349E-13));
#3219=DIRECTION('ref_axis',(0.0366437087065563,0.999328393778656,-7.86480255920985E-15));
#3220=DIRECTION('',(2.14726014746702E-13,0.,1.));
#3221=DIRECTION('',(0.0366437087065563,0.999328393778656,-7.87148124459235E-15));
#3222=DIRECTION('center_axis',(0.,1.,0.));
#3223=DIRECTION('ref_axis',(-1.,0.,2.14758766325929E-13));
#3224=DIRECTION('center_axis',(0.,1.,0.));
#3225=DIRECTION('ref_axis',(2.14550599508812E-13,0.,1.));
#3226=DIRECTION('center_axis',(0.,1.,0.));
#3227=DIRECTION('ref_axis',(2.14374785808076E-13,0.,1.));
#3228=DIRECTION('',(1.,0.,-2.14726014746702E-13));
#3229=DIRECTION('center_axis',(0.,1.,0.));
#3230=DIRECTION('ref_axis',(-1.,0.,2.15460620468463E-13));
#3231=DIRECTION('',(2.1458390619955E-13,0.,1.));
#3232=DIRECTION('center_axis',(0.,1.,0.));
#3233=DIRECTION('ref_axis',(-2.14374785808076E-13,0.,-1.));
#3234=DIRECTION('',(-1.,0.,2.14726014746702E-13));
#3235=DIRECTION('center_axis',(0.,1.,0.));
#3236=DIRECTION('ref_axis',(1.,0.,-2.14685024282473E-13));
#3237=DIRECTION('',(-2.14726014746702E-13,0.,-1.));
#3238=DIRECTION('center_axis',(2.14384066055118E-13,-0.0523359562429438,
0.998629534754574));
#3239=DIRECTION('ref_axis',(-1.12323345069498E-14,-0.998629534754574,-0.0523359562429438));
#3240=DIRECTION('',(-1.,0.,2.14726014746702E-13));
#3241=DIRECTION('',(1.11377573830396E-14,0.998629534754574,0.0523359562429438));
#3242=DIRECTION('',(1.12398979013051E-14,0.998629534754574,0.0523359562429438));
#3243=DIRECTION('center_axis',(0.,1.,0.));
#3244=DIRECTION('ref_axis',(-1.,0.,2.15938378289593E-13));
#3245=DIRECTION('center_axis',(0.,1.,0.));
#3246=DIRECTION('ref_axis',(-1.,0.,2.15938378289593E-13));
#3247=DIRECTION('',(-0.0523359562429438,0.998629534754574,1.12221343329111E-14));
#3248=DIRECTION('center_axis',(-0.998629534754574,-0.0523359562429438,2.14328554903886E-13));
#3249=DIRECTION('ref_axis',(2.1468937738689E-13,-2.26207941267376E-15,1.));
#3250=DIRECTION('',(-2.1458390619955E-13,0.,-1.));
#3251=DIRECTION('',(-0.0523359562429438,0.998629534754574,1.12221343329111E-14));
#3252=DIRECTION('center_axis',(0.,1.,0.));
#3253=DIRECTION('ref_axis',(-2.149867585542E-13,0.,-1.));
#3254=DIRECTION('center_axis',(0.,1.,0.));
#3255=DIRECTION('ref_axis',(-2.149867585542E-13,0.,-1.));
#3256=DIRECTION('',(-1.12398979013051E-14,0.998629534754574,-0.0523359562429438));
#3257=DIRECTION('center_axis',(-2.1449508835758E-13,-0.0523359562429438,
-0.998629534754574));
#3258=DIRECTION('ref_axis',(1.,0.,-2.14758766325929E-13));
#3259=DIRECTION('',(1.,0.,-2.14726014746702E-13));
#3260=DIRECTION('',(-1.12398979013051E-14,0.998629534754574,-0.0523359562429438));
#3261=DIRECTION('center_axis',(0.,1.,0.));
#3262=DIRECTION('ref_axis',(1.,0.,-2.13955837174191E-13));
#3263=DIRECTION('center_axis',(0.,1.,0.));
#3264=DIRECTION('ref_axis',(1.,0.,-2.13955837174191E-13));
#3265=DIRECTION('',(0.0523359562429438,0.998629534754574,-1.12398979013051E-14));
#3266=DIRECTION('center_axis',(0.998629534754574,-0.0523359562429438,-2.14384066055118E-13));
#3267=DIRECTION('ref_axis',(0.0523359562429438,0.998629534754574,-1.12323345069498E-14));
#3268=DIRECTION('',(2.14726014746702E-13,0.,1.));
#3269=DIRECTION('',(0.0523359562429438,0.998629534754574,-1.12709841459946E-14));
#3270=DIRECTION('center_axis',(0.,1.,0.));
#3271=DIRECTION('ref_axis',(2.149867585542E-13,0.,1.));
#3272=DIRECTION('center_axis',(0.,1.,0.));
#3273=DIRECTION('ref_axis',(2.149867585542E-13,0.,1.));
#3274=DIRECTION('center_axis',(0.,1.,0.));
#3275=DIRECTION('ref_axis',(-1.,0.,2.14758766325929E-13));
#3276=DIRECTION('center_axis',(0.,1.,0.));
#3277=DIRECTION('ref_axis',(2.14550599508812E-13,0.,1.));
#3278=DIRECTION('center_axis',(1.,0.,-5.55111512312578E-16));
#3279=DIRECTION('ref_axis',(-6.24500451351651E-16,0.,-1.));
#3280=DIRECTION('',(0.,-1.,0.));
#3281=DIRECTION('center_axis',(-1.,0.,5.55111512312578E-16));
#3282=DIRECTION('ref_axis',(6.24500451351651E-16,0.,1.));
#3283=DIRECTION('',(0.,1.,0.));
#3284=DIRECTION('center_axis',(0.,-1.,0.));
#3285=DIRECTION('ref_axis',(-0.707106781186548,0.,-0.707106781186547));
#3286=DIRECTION('center_axis',(0.,1.,0.));
#3287=DIRECTION('ref_axis',(-0.707106781186548,0.,-0.707106781186548));
#3288=DIRECTION('center_axis',(0.,-1.,0.));
#3289=DIRECTION('ref_axis',(0.707106781186548,0.,0.707106781186547));
#3290=DIRECTION('',(0.,1.,0.));
#3291=DIRECTION('center_axis',(1.,0.,-5.55111512312578E-16));
#3292=DIRECTION('ref_axis',(-6.24500451351651E-16,0.,-1.));
#3293=DIRECTION('center_axis',(-1.,0.,5.55111512312578E-16));
#3294=DIRECTION('ref_axis',(6.24500451351651E-16,0.,1.));
#3295=DIRECTION('',(0.,-1.,0.));
#3296=DIRECTION('center_axis',(0.,1.,0.));
#3297=DIRECTION('ref_axis',(0.707106781186548,0.,0.707106781186548));
#3298=DIRECTION('center_axis',(0.,-1.,0.));
#3299=DIRECTION('ref_axis',(0.70710678118655,0.,-0.707106781186545));
#3300=DIRECTION('',(0.,1.,0.));
#3301=DIRECTION('center_axis',(2.88657986402541E-15,0.,-1.));
#3302=DIRECTION('ref_axis',(-1.,0.,-2.91433543964104E-15));
#3303=DIRECTION('center_axis',(-2.88657986402541E-15,0.,1.));
#3304=DIRECTION('ref_axis',(1.,0.,2.91433543964104E-15));
#3305=DIRECTION('',(0.,-1.,0.));
#3306=DIRECTION('center_axis',(0.,1.,0.));
#3307=DIRECTION('ref_axis',(0.707106781186551,0.,-0.707106781186544));
#3308=DIRECTION('center_axis',(0.,-1.,0.));
#3309=DIRECTION('ref_axis',(-0.707106781186555,0.,0.70710678118654));
#3310=DIRECTION('',(0.,1.,0.));
#3311=DIRECTION('center_axis',(-9.93649607039515E-15,0.,1.));
#3312=DIRECTION('ref_axis',(1.,0.,9.92261828258734E-15));
#3313=DIRECTION('center_axis',(9.93649607039515E-15,0.,-1.));
#3314=DIRECTION('ref_axis',(-1.,0.,-9.92261828258734E-15));
#3315=DIRECTION('',(0.,-1.,0.));
#3316=DIRECTION('center_axis',(0.,1.,0.));
#3317=DIRECTION('ref_axis',(-0.707106781186558,0.,0.707106781186537));
#3318=CARTESIAN_POINT('',(0.,0.,0.));
#3319=CARTESIAN_POINT('Origin',(-3.18686183293428E-6,-30.725367408049,-7.69376505033246E-6));
#3320=CARTESIAN_POINT('',(-13.4350320294063,-30.725367408049,-13.4350365363095));
#3321=CARTESIAN_POINT('Origin',(-3.18686188317724E-6,-30.725367408049,-7.69376510057541E-6));
#3322=CARTESIAN_POINT('Origin',(-3.18686188317724E-6,-30.725367408049,-7.69376510057542E-6));
#3323=CARTESIAN_POINT('',(-22.523822519563,-50.725367408049,22.523811638936));
#3324=CARTESIAN_POINT('Origin',(-3.18686188317724E-6,-50.725367408049,-7.69376510057542E-6));
#3325=CARTESIAN_POINT('',(-22.523822519563,-30.725367408049,22.523811638936));
#3326=CARTESIAN_POINT('',(-22.523822519563,-30.725367408049,22.523811638936));
#3327=CARTESIAN_POINT('Origin',(-3.18686188317724E-6,-30.725367408049,-7.69376510057542E-6));
#3328=CARTESIAN_POINT('Origin',(-3.18686183293428E-6,-50.725367408049,-7.69376505033246E-6));
#3329=CARTESIAN_POINT('Origin',(-105.000003186862,-30.725367408049,-7.69376594434491E-6));
#3330=CARTESIAN_POINT('',(-105.000003186862,-30.725367408049,4.24999230623405));
#3331=CARTESIAN_POINT('',(-105.000003186862,-30.725367408049,-4.25000769376593));
#3332=CARTESIAN_POINT('Origin',(-105.000003186862,-30.725367408049,-7.69376594434491E-6));
#3333=CARTESIAN_POINT('',(-105.000003186862,-5.725367408049,4.24999230623405));
#3334=CARTESIAN_POINT('',(-105.000003186862,-30.725367408049,4.24999230623405));
#3335=CARTESIAN_POINT('',(-105.000003186862,-5.725367408049,-4.25000769376593));
#3336=CARTESIAN_POINT('Origin',(-105.000003186862,-5.725367408049,-7.69376594434491E-6));
#3337=CARTESIAN_POINT('',(-105.000003186862,-30.725367408049,-4.25000769376593));
#3338=CARTESIAN_POINT('Origin',(104.999996813138,-30.725367408049,-7.69376498511221E-6));
#3339=CARTESIAN_POINT('',(104.999996813138,-30.725367408049,-4.25000769376498));
#3340=CARTESIAN_POINT('',(104.999996813138,-30.725367408049,4.249992306235));
#3341=CARTESIAN_POINT('Origin',(104.999996813138,-30.725367408049,-7.69376498511221E-6));
#3342=CARTESIAN_POINT('',(104.999996813138,-5.725367408049,-4.25000769376498));
#3343=CARTESIAN_POINT('',(104.999996813138,-30.725367408049,-4.25000769376498));
#3344=CARTESIAN_POINT('',(104.999996813138,-5.725367408049,4.249992306235));
#3345=CARTESIAN_POINT('Origin',(104.999996813138,-5.725367408049,-7.69376498511221E-6));
#3346=CARTESIAN_POINT('',(104.999996813138,-30.725367408049,4.249992306235));
#3347=CARTESIAN_POINT('Origin',(-3.18686160784193E-6,-30.725367408049,104.999992306235));
#3348=CARTESIAN_POINT('',(4.24999681313838,-30.725367408049,104.999992306235));
#3349=CARTESIAN_POINT('',(-4.25000318686162,-30.725367408049,104.999992306235));
#3350=CARTESIAN_POINT('Origin',(-3.18686160784193E-6,-30.725367408049,104.999992306235));
#3351=CARTESIAN_POINT('',(4.24999681313838,-5.725367408049,104.999992306235));
#3352=CARTESIAN_POINT('',(4.24999681313838,-30.725367408049,104.999992306235));
#3353=CARTESIAN_POINT('',(-4.25000318686162,-5.725367408049,104.999992306235));
#3354=CARTESIAN_POINT('Origin',(-3.18686160784193E-6,-5.725367408049,104.999992306235));
#3355=CARTESIAN_POINT('',(-4.25000318686162,-30.725367408049,104.999992306235));
#3356=CARTESIAN_POINT('Origin',(-3.18686215851255E-6,-30.725367408049,-105.000007693765));
#3357=CARTESIAN_POINT('',(-4.25000318686215,-30.725367408049,-105.000007693765));
#3358=CARTESIAN_POINT('',(4.24999681313785,-30.725367408049,-105.000007693765));
#3359=CARTESIAN_POINT('Origin',(-3.18686215851255E-6,-30.725367408049,-105.000007693765));
#3360=CARTESIAN_POINT('',(-4.25000318686215,-5.725367408049,-105.000007693765));
#3361=CARTESIAN_POINT('',(-4.25000318686215,-30.725367408049,-105.000007693765));
#3362=CARTESIAN_POINT('',(4.24999681313785,-5.725367408049,-105.000007693765));
#3363=CARTESIAN_POINT('Origin',(-3.18686215851255E-6,-5.725367408049,-105.000007693765));
#3364=CARTESIAN_POINT('',(4.24999681313785,-30.725367408049,-105.000007693765));
#3365=CARTESIAN_POINT('Origin',(-3.18686188317724E-6,-50.,-7.69376510057541E-6));
#3366=CARTESIAN_POINT('',(-13.4350320294063,-9.,-13.4350365363095));
#3367=CARTESIAN_POINT('',(-13.4350320294063,-50.,-13.4350365363095));
#3368=CARTESIAN_POINT('',(-15.3803365285502,-5.725367408049,-11.1555151362149));
#3369=CARTESIAN_POINT('Ctrl Pts',(-13.4350320294063,-9.,-13.4350365363095));
#3370=CARTESIAN_POINT('Ctrl Pts',(-13.7018671935706,-9.,-13.1682013721452));
#3371=CARTESIAN_POINT('Ctrl Pts',(-13.9774270572359,-8.92445501454024,-12.8751246420802));
#3372=CARTESIAN_POINT('Ctrl Pts',(-14.4682922868249,-8.61809639388528,-12.320950231195));
#3373=CARTESIAN_POINT('Ctrl Pts',(-14.6840766598987,-8.38731742626893,-12.0602578487211));
#3374=CARTESIAN_POINT('Ctrl Pts',(-15.017993141814,-7.85531755340351,-11.6418128952493));
#3375=CARTESIAN_POINT('Ctrl Pts',(-15.1585979013154,-7.51840006534849,-11.4560532405186));
#3376=CARTESIAN_POINT('Ctrl Pts',(-15.3432859869944,-6.77945386415488,-11.2074894118746));
#3377=CARTESIAN_POINT('Ctrl Pts',(-15.3878226918431,-6.37737000505913,-11.1451865116271));
#3378=CARTESIAN_POINT('Ctrl Pts',(-15.3878226918431,-5.90962486698325,-11.1451865116271));
#3379=CARTESIAN_POINT('Ctrl Pts',(-15.3853889260687,-5.81780907771533,-11.1485492892186));
#3380=CARTESIAN_POINT('Ctrl Pts',(-15.3803365285502,-5.725367408049,-11.1555151362149));
#3381=CARTESIAN_POINT('',(-15.3803365285502,-5.725367408049,11.1554997486847));
#3382=CARTESIAN_POINT('Origin',(-3.18686188317724E-6,-5.725367408049,-7.69376510057541E-6));
#3383=CARTESIAN_POINT('',(-11.1555106293116,-5.725367408049,15.3803256479232));
#3384=CARTESIAN_POINT('Ctrl Pts',(-15.3803365285502,-5.725367408049,11.1554997486847));
#3385=CARTESIAN_POINT('Ctrl Pts',(-15.3853889260687,-5.81780907771532,11.1485339016884));
#3386=CARTESIAN_POINT('Ctrl Pts',(-15.3878226918431,-5.90962486698325,11.1451711240969));
#3387=CARTESIAN_POINT('Ctrl Pts',(-15.3878226918431,-6.,11.1451711240969));
#3388=CARTESIAN_POINT('Ctrl Pts',(-15.3878226918431,-6.37737000505913,11.1451711240969));
#3389=CARTESIAN_POINT('Ctrl Pts',(-15.3432859869944,-6.77945386415488,11.2074740243444));
#3390=CARTESIAN_POINT('Ctrl Pts',(-15.1585979013154,-7.51840006534849,11.4560378529884));
#3391=CARTESIAN_POINT('Ctrl Pts',(-15.017993141814,-7.85531755340351,11.6417975077191));
#3392=CARTESIAN_POINT('Ctrl Pts',(-14.6840766598987,-8.38731742626893,12.0602424611909));
#3393=CARTESIAN_POINT('Ctrl Pts',(-14.4682922868249,-8.61809639388528,12.3209348436648));
#3394=CARTESIAN_POINT('Ctrl Pts',(-13.9774270572359,-8.92445501454024,12.87510925455));
#3395=CARTESIAN_POINT('Ctrl Pts',(-13.7018671935706,-9.,13.168185984615));
#3396=CARTESIAN_POINT('Ctrl Pts',(-13.168196865242,-9.,13.7018563129436));
#3397=CARTESIAN_POINT('Ctrl Pts',(-12.875120135177,-8.92445501454024,13.9774161766089));
#3398=CARTESIAN_POINT('Ctrl Pts',(-12.3209457242918,-8.61809639388528,14.4682814061979));
#3399=CARTESIAN_POINT('Ctrl Pts',(-12.0602533418179,-8.38731742626893,14.6840657792717));
#3400=CARTESIAN_POINT('Ctrl Pts',(-11.6418083883461,-7.85531755340351,15.017982261187));
#3401=CARTESIAN_POINT('Ctrl Pts',(-11.4560487336154,-7.51840006534849,15.1585870206884));
#3402=CARTESIAN_POINT('Ctrl Pts',(-11.2074849049714,-6.77945386415488,15.3432751063674));
#3403=CARTESIAN_POINT('Ctrl Pts',(-11.1451820047238,-6.37737000505913,15.3878118112161));
#3404=CARTESIAN_POINT('Ctrl Pts',(-11.1451820047238,-5.90962486698325,15.3878118112161));
#3405=CARTESIAN_POINT('Ctrl Pts',(-11.1485447823154,-5.81780907771532,15.3853780454417));
#3406=CARTESIAN_POINT('Ctrl Pts',(-11.1555106293116,-5.725367408049,15.3803256479232));
#3407=CARTESIAN_POINT('',(11.1555042555879,-5.725367408049,15.3803256479232));
#3408=CARTESIAN_POINT('Origin',(-3.18686188317724E-6,-5.725367408049,-7.69376510057541E-6));
#3409=CARTESIAN_POINT('',(15.3803301548264,-5.725367408049,11.1554997486847));
#3410=CARTESIAN_POINT('Ctrl Pts',(11.1555042555879,-5.725367408049,15.3803256479232));
#3411=CARTESIAN_POINT('Ctrl Pts',(11.1485384085916,-5.81780907771533,15.3853780454417));
#3412=CARTESIAN_POINT('Ctrl Pts',(11.1451756310001,-5.90962486698325,15.3878118112161));
#3413=CARTESIAN_POINT('Ctrl Pts',(11.1451756310001,-6.37737000505913,15.3878118112161));
#3414=CARTESIAN_POINT('Ctrl Pts',(11.2074785312477,-6.77945386415488,15.3432751063674));
#3415=CARTESIAN_POINT('Ctrl Pts',(11.4560423598916,-7.51840006534849,15.1585870206884));
#3416=CARTESIAN_POINT('Ctrl Pts',(11.6418020146223,-7.85531755340351,15.017982261187));
#3417=CARTESIAN_POINT('Ctrl Pts',(12.0602469680941,-8.38731742626893,14.6840657792717));
#3418=CARTESIAN_POINT('Ctrl Pts',(12.3209393505681,-8.61809639388528,14.4682814061979));
#3419=CARTESIAN_POINT('Ctrl Pts',(12.8751137614532,-8.92445501454024,13.9774161766089));
#3420=CARTESIAN_POINT('Ctrl Pts',(13.1681904915182,-9.,13.7018563129436));
#3421=CARTESIAN_POINT('Ctrl Pts',(13.7018608198468,-9.,13.168185984615));
#3422=CARTESIAN_POINT('Ctrl Pts',(13.9774206835121,-8.92445501454024,12.87510925455));
#3423=CARTESIAN_POINT('Ctrl Pts',(14.4682859131011,-8.61809639388528,12.3209348436648));
#3424=CARTESIAN_POINT('Ctrl Pts',(14.6840702861749,-8.38731742626893,12.0602424611909));
#3425=CARTESIAN_POINT('Ctrl Pts',(15.0179867680902,-7.85531755340351,11.6417975077191));
#3426=CARTESIAN_POINT('Ctrl Pts',(15.1585915275916,-7.51840006534849,11.4560378529884));
#3427=CARTESIAN_POINT('Ctrl Pts',(15.3432796132707,-6.77945386415488,11.2074740243444));
#3428=CARTESIAN_POINT('Ctrl Pts',(15.3878163181194,-6.37737000505913,11.1451711240969));
#3429=CARTESIAN_POINT('Ctrl Pts',(15.3878163181194,-6.,11.1451711240969));
#3430=CARTESIAN_POINT('Ctrl Pts',(15.3878163181194,-5.90962486698325,11.1451711240969));
#3431=CARTESIAN_POINT('Ctrl Pts',(15.3853825523449,-5.81780907771532,11.1485339016884));
#3432=CARTESIAN_POINT('Ctrl Pts',(15.3803301548264,-5.725367408049,11.1554997486846));
#3433=CARTESIAN_POINT('',(15.3803301548264,-5.725367408049,-11.1555151362149));
#3434=CARTESIAN_POINT('Origin',(-3.18686188317724E-6,-5.725367408049,-7.69376510057541E-6));
#3435=CARTESIAN_POINT('',(11.1555042555879,-5.725367408049,-15.3803410354534));
#3436=CARTESIAN_POINT('Ctrl Pts',(15.3803301548264,-5.725367408049,-11.1555151362149));
#3437=CARTESIAN_POINT('Ctrl Pts',(15.3853825523449,-5.81780907771533,-11.1485492892186));
#3438=CARTESIAN_POINT('Ctrl Pts',(15.3878163181194,-5.90962486698325,-11.1451865116271));
#3439=CARTESIAN_POINT('Ctrl Pts',(15.3878163181194,-6.37737000505912,-11.1451865116271));
#3440=CARTESIAN_POINT('Ctrl Pts',(15.3432796132707,-6.77945386415488,-11.2074894118746));
#3441=CARTESIAN_POINT('Ctrl Pts',(15.1585915275916,-7.51840006534849,-11.4560532405186));
#3442=CARTESIAN_POINT('Ctrl Pts',(15.0179867680902,-7.85531755340351,-11.6418128952493));
#3443=CARTESIAN_POINT('Ctrl Pts',(14.6840702861749,-8.38731742626893,-12.0602578487211));
#3444=CARTESIAN_POINT('Ctrl Pts',(14.4682859131011,-8.61809639388528,-12.320950231195));
#3445=CARTESIAN_POINT('Ctrl Pts',(13.9774206835121,-8.92445501454024,-12.8751246420802));
#3446=CARTESIAN_POINT('Ctrl Pts',(13.7018608198468,-9.,-13.1682013721452));
#3447=CARTESIAN_POINT('Ctrl Pts',(13.1681904915182,-9.,-13.7018717004738));
#3448=CARTESIAN_POINT('Ctrl Pts',(12.8751137614532,-8.92445501454024,-13.9774315641391));
#3449=CARTESIAN_POINT('Ctrl Pts',(12.3209393505681,-8.61809639388528,-14.4682967937281));
#3450=CARTESIAN_POINT('Ctrl Pts',(12.0602469680941,-8.38731742626893,-14.6840811668019));
#3451=CARTESIAN_POINT('Ctrl Pts',(11.6418020146223,-7.85531755340351,-15.0179976487172));
#3452=CARTESIAN_POINT('Ctrl Pts',(11.4560423598916,-7.51840006534849,-15.1586024082186));
#3453=CARTESIAN_POINT('Ctrl Pts',(11.2074785312477,-6.77945386415488,-15.3432904938976));
#3454=CARTESIAN_POINT('Ctrl Pts',(11.1451756310001,-6.37737000505913,-15.3878271987463));
#3455=CARTESIAN_POINT('Ctrl Pts',(11.1451756310001,-6.,-15.3878271987463));
#3456=CARTESIAN_POINT('Ctrl Pts',(11.1451756310001,-5.90962486698325,-15.3878271987463));
#3457=CARTESIAN_POINT('Ctrl Pts',(11.1485384085916,-5.81780907771533,-15.3853934329719));
#3458=CARTESIAN_POINT('Ctrl Pts',(11.1555042555879,-5.725367408049,-15.3803410354534));
#3459=CARTESIAN_POINT('',(-11.1555106293116,-5.725367408049,-15.3803410354534));
#3460=CARTESIAN_POINT('Origin',(-3.18686188317724E-6,-5.725367408049,-7.69376510057541E-6));
#3461=CARTESIAN_POINT('Ctrl Pts',(-11.1555106293116,-5.725367408049,-15.3803410354534));
#3462=CARTESIAN_POINT('Ctrl Pts',(-11.1485447823154,-5.81780907771532,-15.3853934329719));
#3463=CARTESIAN_POINT('Ctrl Pts',(-11.1451820047238,-5.90962486698325,-15.3878271987463));
#3464=CARTESIAN_POINT('Ctrl Pts',(-11.1451820047238,-6.,-15.3878271987463));
#3465=CARTESIAN_POINT('Ctrl Pts',(-11.1451820047238,-6.37737000505913,-15.3878271987463));
#3466=CARTESIAN_POINT('Ctrl Pts',(-11.2074849049714,-6.77945386415488,-15.3432904938976));
#3467=CARTESIAN_POINT('Ctrl Pts',(-11.4560487336154,-7.51840006534849,-15.1586024082186));
#3468=CARTESIAN_POINT('Ctrl Pts',(-11.6418083883461,-7.85531755340351,-15.0179976487172));
#3469=CARTESIAN_POINT('Ctrl Pts',(-12.0602533418179,-8.38731742626893,-14.6840811668019));
#3470=CARTESIAN_POINT('Ctrl Pts',(-12.3209457242918,-8.61809639388528,-14.4682967937281));
#3471=CARTESIAN_POINT('Ctrl Pts',(-12.875120135177,-8.92445501454024,-13.9774315641391));
#3472=CARTESIAN_POINT('Ctrl Pts',(-13.168196865242,-9.00000000000001,-13.7018717004738));
#3473=CARTESIAN_POINT('Ctrl Pts',(-13.4350320294063,-9.,-13.4350365363095));
#3474=CARTESIAN_POINT('Origin',(141.999996813138,-30.725367408049,141.999992306235));
#3475=CARTESIAN_POINT('',(149.999996813138,-30.725367408049,141.999992306235));
#3476=CARTESIAN_POINT('',(141.999996813138,-30.725367408049,149.999992306235));
#3477=CARTESIAN_POINT('Origin',(141.999996813138,-30.725367408049,141.999992306235));
#3478=CARTESIAN_POINT('',(149.999996813138,-13.725367408049,141.999992306235));
#3479=CARTESIAN_POINT('',(149.999996813138,-30.725367408049,141.999992306235));
#3480=CARTESIAN_POINT('',(141.999996813138,-13.725367408049,149.999992306235));
#3481=CARTESIAN_POINT('Origin',(141.999996813138,-13.725367408049,141.999992306235));
#3482=CARTESIAN_POINT('',(141.999996813138,-30.725367408049,149.999992306235));
#3483=CARTESIAN_POINT('Origin',(-147.657564543135,-6.,147.657553662509));
#3484=CARTESIAN_POINT('',(21.9813954980288,-5.725367408049,-17.7565804794173));
#3485=CARTESIAN_POINT('',(-145.545151593516,-5.725367408049,149.769966612128));
#3486=CARTESIAN_POINT('',(18.360464121265,-5.725367408049,-22.5853009011305));
#3487=CARTESIAN_POINT('Ctrl Pts',(21.9813954980289,-5.725367408049,-17.7565804794173));
#3488=CARTESIAN_POINT('Ctrl Pts',(21.9913153383207,-5.82344677161692,-17.7537491245234));
#3489=CARTESIAN_POINT('Ctrl Pts',(21.9971931196832,-5.92088463525842,-17.7538735796263));
#3490=CARTESIAN_POINT('Ctrl Pts',(21.9992713971272,-6.01672557103215,-17.7567075276116));
#3491=CARTESIAN_POINT('Ctrl Pts',(22.0073936694085,-6.39128873548918,-17.7677830927314));
#3492=CARTESIAN_POINT('Ctrl Pts',(21.9546943503424,-6.79061452212571,-17.8235297965613));
#3493=CARTESIAN_POINT('Ctrl Pts',(21.7281573336779,-7.5248877655786,-18.0313874460205));
#3494=CARTESIAN_POINT('Ctrl Pts',(21.5551776211426,-7.85986265357651,-18.1843348499472));
#3495=CARTESIAN_POINT('Ctrl Pts',(21.1682063265245,-8.38884239183984,-18.5476594227295));
#3496=CARTESIAN_POINT('Ctrl Pts',(20.9283776235676,-8.61827790721498,-18.7825380263924));
#3497=CARTESIAN_POINT('Ctrl Pts',(20.4308368467485,-8.92290152010668,-19.3223686108596));
#3498=CARTESIAN_POINT('Ctrl Pts',(20.1739741210972,-8.99811787809041,-19.6280868491517));
#3499=CARTESIAN_POINT('Ctrl Pts',(19.7143739181849,-9.001862674995,-20.2336575342756));
#3500=CARTESIAN_POINT('Ctrl Pts',(19.4828072253679,-8.92667175204814,-20.5733336651855));
#3501=CARTESIAN_POINT('Ctrl Pts',(19.0850609278963,-8.62236797481313,-21.2219880796633));
#3502=CARTESIAN_POINT('Ctrl Pts',(18.9179534956526,-8.39345699769261,-21.5304917041113));
#3503=CARTESIAN_POINT('Ctrl Pts',(18.6663109708479,-7.87076515198393,-22.0231344782653));
#3504=CARTESIAN_POINT('Ctrl Pts',(18.562720918658,-7.5431369402752,-22.2434819186757));
#3505=CARTESIAN_POINT('Ctrl Pts',(18.419076349125,-6.81877046038586,-22.538515753278));
#3506=CARTESIAN_POINT('Ctrl Pts',(18.3779621430514,-6.42170029944683,-22.6118687978569));
#3507=CARTESIAN_POINT('Ctrl Pts',(18.3613852899581,-5.9407354363657,-22.6058485969798));
#3508=CARTESIAN_POINT('Ctrl Pts',(18.3597966457083,-5.83326276856065,-22.5986607882266));
#3509=CARTESIAN_POINT('Ctrl Pts',(18.360464121265,-5.72536740804899,-22.5853009011305));
#3510=CARTESIAN_POINT('',(-149.769977492755,-5.725367408049,145.545140712889));
#3511=CARTESIAN_POINT('Origin',(-147.657564543135,-6.,147.657553662509));
#3512=CARTESIAN_POINT('',(-21.9814018717526,-5.725367408049,17.7565650918871));
#3513=CARTESIAN_POINT('',(-18.3604704949888,-5.725367408049,22.5852855136003));
#3514=CARTESIAN_POINT('Ctrl Pts',(-21.9814018717526,-5.725367408049,17.7565650918871));
#3515=CARTESIAN_POINT('Ctrl Pts',(-21.9913217120444,-5.82344677161691,17.7537337369931));
#3516=CARTESIAN_POINT('Ctrl Pts',(-21.997199493407,-5.92088463525841,17.7538581920961));
#3517=CARTESIAN_POINT('Ctrl Pts',(-22.0074000431322,-6.39128873548918,17.7677677052012));
#3518=CARTESIAN_POINT('Ctrl Pts',(-21.9547007240662,-6.79061452212571,17.8235144090311));
#3519=CARTESIAN_POINT('Ctrl Pts',(-21.7281637074017,-7.5248877655786,18.0313720584903));
#3520=CARTESIAN_POINT('Ctrl Pts',(-21.5551839948664,-7.85986265357651,18.184319462417));
#3521=CARTESIAN_POINT('Ctrl Pts',(-21.1682127002482,-8.38884239183984,18.5476440351993));
#3522=CARTESIAN_POINT('Ctrl Pts',(-20.9283839972913,-8.61827790721498,18.7825226388622));
#3523=CARTESIAN_POINT('Ctrl Pts',(-20.4308432204723,-8.92290152010668,19.3223532233294));
#3524=CARTESIAN_POINT('Ctrl Pts',(-20.1739804948209,-8.99811787809041,19.6280714616215));
#3525=CARTESIAN_POINT('Ctrl Pts',(-19.7143802919087,-9.00186267499501,20.2336421467454));
#3526=CARTESIAN_POINT('Ctrl Pts',(-19.4828135990917,-8.92667175204814,20.5733182776553));
#3527=CARTESIAN_POINT('Ctrl Pts',(-19.0850673016201,-8.62236797481313,21.2219726921331));
#3528=CARTESIAN_POINT('Ctrl Pts',(-18.9179598693764,-8.39345699769261,21.5304763165811));
#3529=CARTESIAN_POINT('Ctrl Pts',(-18.6663173445717,-7.87076515198393,22.0231190907351));
#3530=CARTESIAN_POINT('Ctrl Pts',(-18.5627272923818,-7.5431369402752,22.2434665311455));
#3531=CARTESIAN_POINT('Ctrl Pts',(-18.4190827228487,-6.81877046038586,22.5385003657478));
#3532=CARTESIAN_POINT('Ctrl Pts',(-18.3779685167752,-6.42170029944683,22.6118534103267));
#3533=CARTESIAN_POINT('Ctrl Pts',(-18.3650388245597,-6.04655505257252,22.607157745596));
#3534=CARTESIAN_POINT('Ctrl Pts',(-18.3613916636818,-5.9407354363657,22.6058332094496));
#3535=CARTESIAN_POINT('Ctrl Pts',(-18.359803019432,-5.83326276856065,22.5986454006964));
#3536=CARTESIAN_POINT('Ctrl Pts',(-18.3604704949888,-5.725367408049,22.5852855136003));
#3537=CARTESIAN_POINT('',(-145.545151593516,-5.725367408049,149.769966612128));
#3538=CARTESIAN_POINT('',(-149.769977492755,-5.725367408049,145.545140712889));
#3539=CARTESIAN_POINT('Origin',(-147.657564543135,-6.,-147.657569050039));
#3540=CARTESIAN_POINT('',(17.7565695987903,-5.725367408049,21.9813909911256));
#3541=CARTESIAN_POINT('',(-149.769977492755,-5.725367408049,-145.545156100419));
#3542=CARTESIAN_POINT('',(22.5852900205035,-5.725367408049,18.3604596143618));
#3543=CARTESIAN_POINT('Ctrl Pts',(17.7565695987903,-5.725367408049,21.9813909911256));
#3544=CARTESIAN_POINT('Ctrl Pts',(17.7537382438964,-5.82344677161692,21.9913108314174));
#3545=CARTESIAN_POINT('Ctrl Pts',(17.7538626989993,-5.92088463525841,21.99718861278));
#3546=CARTESIAN_POINT('Ctrl Pts',(17.7566966469846,-6.01672557103214,21.999266890224));
#3547=CARTESIAN_POINT('Ctrl Pts',(17.7677722121044,-6.39128873548918,22.0073891625052));
#3548=CARTESIAN_POINT('Ctrl Pts',(17.8235189159343,-6.7906145221257,21.9546898434392));
#3549=CARTESIAN_POINT('Ctrl Pts',(18.0313765653935,-7.5248877655786,21.7281528267747));
#3550=CARTESIAN_POINT('Ctrl Pts',(18.1843239693202,-7.8598626535765,21.5551731142394));
#3551=CARTESIAN_POINT('Ctrl Pts',(18.5476485421025,-8.38884239183984,21.1682018196213));
#3552=CARTESIAN_POINT('Ctrl Pts',(18.7825271457654,-8.61827790721498,20.9283731166643));
#3553=CARTESIAN_POINT('Ctrl Pts',(19.3223577302326,-8.92290152010668,20.4308323398453));
#3554=CARTESIAN_POINT('Ctrl Pts',(19.6280759685247,-8.99811787809041,20.1739696141939));
#3555=CARTESIAN_POINT('Ctrl Pts',(20.2336466536487,-9.001862674995,19.7143694112817));
#3556=CARTESIAN_POINT('Ctrl Pts',(20.5733227845585,-8.92667175204814,19.4828027184647));
#3557=CARTESIAN_POINT('Ctrl Pts',(21.2219771990364,-8.62236797481313,19.0850564209931));
#3558=CARTESIAN_POINT('Ctrl Pts',(21.5304808234843,-8.39345699769261,18.9179489887494));
#3559=CARTESIAN_POINT('Ctrl Pts',(22.0231235976384,-7.87076515198393,18.6663064639447));
#3560=CARTESIAN_POINT('Ctrl Pts',(22.2434710380487,-7.5431369402752,18.5627164117548));
#3561=CARTESIAN_POINT('Ctrl Pts',(22.538504872651,-6.81877046038586,18.4190718422218));
#3562=CARTESIAN_POINT('Ctrl Pts',(22.6118579172299,-6.42170029944683,18.3779576361482));
#3563=CARTESIAN_POINT('Ctrl Pts',(22.6058377163529,-5.9407354363657,18.3613807830549));
#3564=CARTESIAN_POINT('Ctrl Pts',(22.5986499075997,-5.83326276856065,18.3597921388051));
#3565=CARTESIAN_POINT('Ctrl Pts',(22.5852900205036,-5.725367408049,18.3604596143618));
#3566=CARTESIAN_POINT('',(-145.545151593516,-5.725367408049,-149.769981999658));
#3567=CARTESIAN_POINT('Origin',(-147.657564543135,-6.,-147.657569050039));
#3568=CARTESIAN_POINT('',(-17.756575972514,-5.725367408049,-21.9814063786558));
#3569=CARTESIAN_POINT('',(-22.5852963942274,-5.725367408049,-18.3604750018921));
#3570=CARTESIAN_POINT('Ctrl Pts',(-17.7565759725141,-5.725367408049,-21.9814063786558));
#3571=CARTESIAN_POINT('Ctrl Pts',(-17.7537446176201,-5.82344677161691,-21.9913262189476));
#3572=CARTESIAN_POINT('Ctrl Pts',(-17.753869072723,-5.92088463525841,-21.9972040003101));
#3573=CARTESIAN_POINT('Ctrl Pts',(-17.7677785858281,-6.39128873548918,-22.0074045500354));
#3574=CARTESIAN_POINT('Ctrl Pts',(-17.823525289658,-6.7906145221257,-21.9547052309694));
#3575=CARTESIAN_POINT('Ctrl Pts',(-18.0313829391173,-7.52488776557859,-21.7281682143049));
#3576=CARTESIAN_POINT('Ctrl Pts',(-18.184330343044,-7.85986265357651,-21.5551885017696));
#3577=CARTESIAN_POINT('Ctrl Pts',(-18.5476549158262,-8.38884239183984,-21.1682172071514));
#3578=CARTESIAN_POINT('Ctrl Pts',(-18.7825335194892,-8.61827790721498,-20.9283885041945));
#3579=CARTESIAN_POINT('Ctrl Pts',(-19.3223641039564,-8.92290152010668,-20.4308477273755));
#3580=CARTESIAN_POINT('Ctrl Pts',(-19.6280823422485,-8.99811787809041,-20.1739850017242));
#3581=CARTESIAN_POINT('Ctrl Pts',(-20.2336530273725,-9.001862674995,-19.7143847988119));
#3582=CARTESIAN_POINT('Ctrl Pts',(-20.5733291582824,-8.92667175204814,-19.482818105995));
#3583=CARTESIAN_POINT('Ctrl Pts',(-21.2219835727602,-8.62236797481313,-19.0850718085234));
#3584=CARTESIAN_POINT('Ctrl Pts',(-21.5304871972081,-8.3934569976926,-18.9179643762797));
#3585=CARTESIAN_POINT('Ctrl Pts',(-22.0231299713622,-7.87076515198393,-18.666321851475));
#3586=CARTESIAN_POINT('Ctrl Pts',(-22.2434774117726,-7.5431369402752,-18.5627317992851));
#3587=CARTESIAN_POINT('Ctrl Pts',(-22.5385112463748,-6.81877046038586,-18.4190872297521));
#3588=CARTESIAN_POINT('Ctrl Pts',(-22.6118642909538,-6.42170029944683,-18.3779730236785));
#3589=CARTESIAN_POINT('Ctrl Pts',(-22.6071686262231,-6.04655505257252,-18.365043331463));
#3590=CARTESIAN_POINT('Ctrl Pts',(-22.6058440900767,-5.9407354363657,-18.3613961705852));
#3591=CARTESIAN_POINT('Ctrl Pts',(-22.5986562813235,-5.83326276856065,-18.3598075263354));
#3592=CARTESIAN_POINT('Ctrl Pts',(-22.5852963942274,-5.725367408049,-18.3604750018921));
#3593=CARTESIAN_POINT('',(-149.769977492755,-5.725367408049,-145.545156100419));
#3594=CARTESIAN_POINT('',(-145.545151593516,-5.725367408049,-149.769981999658));
#3595=CARTESIAN_POINT('Origin',(149.999996813138,-30.725367408049,149.999992306235));
#3596=CARTESIAN_POINT('',(149.999996813138,-13.725367408049,-12.2500076937648));
#3597=CARTESIAN_POINT('',(149.999996813138,-13.725367408049,-142.000007693765));
#3598=CARTESIAN_POINT('',(149.999996813138,-13.725367408049,141.999992306235));
#3599=CARTESIAN_POINT('',(149.999996813138,-30.725367408049,-12.2500076937649));
#3600=CARTESIAN_POINT('',(149.999996813138,-30.725367408049,-12.2500076937649));
#3601=CARTESIAN_POINT('',(149.999996813138,-30.725367408049,-142.000007693765));
#3602=CARTESIAN_POINT('',(149.999996813138,-30.725367408049,149.999992306235));
#3603=CARTESIAN_POINT('',(149.999996813138,-30.725367408049,-142.000007693765));
#3604=CARTESIAN_POINT('Origin',(149.999996813138,-30.725367408049,149.999992306235));
#3605=CARTESIAN_POINT('',(149.999996813138,-30.725367408049,12.2499923062351));
#3606=CARTESIAN_POINT('',(149.999996813138,-30.725367408049,149.999992306235));
#3607=CARTESIAN_POINT('',(149.999996813138,-13.725367408049,12.2499923062351));
#3608=CARTESIAN_POINT('',(149.999996813138,-13.725367408049,12.2499923062351));
#3609=CARTESIAN_POINT('',(149.999996813138,-13.725367408049,141.999992306235));
#3610=CARTESIAN_POINT('Origin',(149.999996813138,-30.725367408049,149.999992306235));
#3611=CARTESIAN_POINT('',(12.2499968131384,-13.725367408049,149.999992306235));
#3612=CARTESIAN_POINT('',(-142.000003186862,-13.725367408049,149.999992306235));
#3613=CARTESIAN_POINT('',(12.2499968131384,-30.725367408049,149.999992306235));
#3614=CARTESIAN_POINT('',(12.2499968131384,-30.725367408049,149.999992306235));
#3615=CARTESIAN_POINT('',(149.999996813138,-30.725367408049,149.999992306235));
#3616=CARTESIAN_POINT('Origin',(149.999996813138,-30.725367408049,149.999992306235));
#3617=CARTESIAN_POINT('',(-142.000003186862,-30.725367408049,149.999992306235));
#3618=CARTESIAN_POINT('',(-12.2500031868616,-30.725367408049,149.999992306235));
#3619=CARTESIAN_POINT('',(149.999996813138,-30.725367408049,149.999992306235));
#3620=CARTESIAN_POINT('',(-12.2500031868616,-13.725367408049,149.999992306235));
#3621=CARTESIAN_POINT('',(-12.2500031868616,-13.725367408049,149.999992306235));
#3622=CARTESIAN_POINT('',(-142.000003186862,-13.725367408049,149.999992306235));
#3623=CARTESIAN_POINT('',(-142.000003186862,-13.725367408049,149.999992306235));
#3624=CARTESIAN_POINT('',(-142.000003186862,-30.725367408049,149.999992306235));
#3625=CARTESIAN_POINT('Origin',(-150.000003186862,-30.725367408049,149.999992306235));
#3626=CARTESIAN_POINT('',(-150.000003186862,-13.725367408049,12.2499923062336));
#3627=CARTESIAN_POINT('',(-150.000003186862,-13.725367408049,141.999992306235));
#3628=CARTESIAN_POINT('',(-150.000003186862,-13.725367408049,-142.000007693765));
#3629=CARTESIAN_POINT('',(-150.000003186862,-30.725367408049,12.2499923062336));
#3630=CARTESIAN_POINT('',(-150.000003186862,-30.725367408049,12.2499923062336));
#3631=CARTESIAN_POINT('',(-150.000003186862,-30.725367408049,141.999992306235));
#3632=CARTESIAN_POINT('',(-150.000003186862,-30.725367408049,149.999992306235));
#3633=CARTESIAN_POINT('',(-150.000003186862,-30.725367408049,141.999992306235));
#3634=CARTESIAN_POINT('Origin',(-150.000003186862,-30.725367408049,149.999992306235));
#3635=CARTESIAN_POINT('',(-150.000003186862,-30.725367408049,-142.000007693765));
#3636=CARTESIAN_POINT('',(-150.000003186862,-30.725367408049,-12.2500076937664));
#3637=CARTESIAN_POINT('',(-150.000003186862,-30.725367408049,149.999992306235));
#3638=CARTESIAN_POINT('',(-150.000003186862,-13.725367408049,-12.2500076937664));
#3639=CARTESIAN_POINT('',(-150.000003186862,-13.725367408049,-12.2500076937664));
#3640=CARTESIAN_POINT('',(-150.000003186862,-13.725367408049,-142.000007693765));
#3641=CARTESIAN_POINT('',(-150.000003186862,-13.725367408049,-142.000007693765));
#3642=CARTESIAN_POINT('',(-150.000003186862,-30.725367408049,-142.000007693765));
#3643=CARTESIAN_POINT('Origin',(-3.18686188317724E-6,-30.725367408049,-7.69376510057541E-6));
#3644=CARTESIAN_POINT('',(141.999996813138,-30.725367408049,-4.25000769376489));
#3645=CARTESIAN_POINT('Origin',(141.999996813138,-30.725367408049,-12.2500076937649));
#3646=CARTESIAN_POINT('',(154.999996813138,-30.725367408049,-4.25000769376485));
#3647=CARTESIAN_POINT('',(141.999996813138,-30.725367408049,4.24999230623512));
#3648=CARTESIAN_POINT('',(154.999996813138,-30.725367408049,4.24999230623514));
#3649=CARTESIAN_POINT('Origin',(141.999996813138,-30.725367408049,12.2499923062351));
#3650=CARTESIAN_POINT('',(4.2499968131384,-30.725367408049,141.999992306235));
#3651=CARTESIAN_POINT('Origin',(12.2499968131384,-30.725367408049,141.999992306235));
#3652=CARTESIAN_POINT('',(4.2499968131384,-30.725367408049,154.999992306235));
#3653=CARTESIAN_POINT('',(-4.25000318686162,-30.725367408049,141.999992306235));
#3654=CARTESIAN_POINT('',(-4.25000318686159,-30.725367408049,154.999992306235));
#3655=CARTESIAN_POINT('Origin',(-12.2500031868616,-30.725367408049,141.999992306235));
#3656=CARTESIAN_POINT('Origin',(-142.000003186862,-30.725367408049,141.999992306235));
#3657=CARTESIAN_POINT('',(-142.000003186862,-30.725367408049,4.24999230623369));
#3658=CARTESIAN_POINT('Origin',(-142.000003186862,-30.725367408049,12.2499923062337));
#3659=CARTESIAN_POINT('',(-155.000003186862,-30.725367408049,4.24999230623356));
#3660=CARTESIAN_POINT('',(-142.000003186862,-30.725367408049,-4.2500076937663));
#3661=CARTESIAN_POINT('',(-155.000003186862,-30.725367408049,-4.25000769376642));
#3662=CARTESIAN_POINT('Origin',(-142.000003186862,-30.725367408049,-12.2500076937663));
#3663=CARTESIAN_POINT('',(-142.000003186862,-30.725367408049,-150.000007693765));
#3664=CARTESIAN_POINT('Origin',(-142.000003186862,-30.725367408049,-142.000007693765));
#3665=CARTESIAN_POINT('',(-12.2500031868622,-30.725367408049,-150.000007693765));
#3666=CARTESIAN_POINT('',(149.999996813138,-30.725367408049,-150.000007693765));
#3667=CARTESIAN_POINT('',(-4.25000318686217,-30.725367408049,-142.000007693765));
#3668=CARTESIAN_POINT('Origin',(-12.2500031868622,-30.725367408049,-142.000007693765));
#3669=CARTESIAN_POINT('',(-4.25000318686217,-30.725367408049,-155.000007693765));
#3670=CARTESIAN_POINT('',(4.24999681313785,-30.725367408049,-142.000007693765));
#3671=CARTESIAN_POINT('',(4.24999681313782,-30.725367408049,-155.000007693765));
#3672=CARTESIAN_POINT('',(12.2499968131378,-30.725367408049,-150.000007693765));
#3673=CARTESIAN_POINT('Origin',(12.2499968131378,-30.725367408049,-142.000007693765));
#3674=CARTESIAN_POINT('',(141.999996813138,-30.725367408049,-150.000007693765));
#3675=CARTESIAN_POINT('',(149.999996813138,-30.725367408049,-150.000007693765));
#3676=CARTESIAN_POINT('Origin',(141.999996813138,-30.725367408049,-142.000007693765));
#3677=CARTESIAN_POINT('Origin',(-142.000003186862,-13.725367408049,141.999992306235));
#3678=CARTESIAN_POINT('',(141.999996813138,-13.725367408049,-4.25000769376489));
#3679=CARTESIAN_POINT('',(141.999996813138,-13.725367408049,-142.000007693765));
#3680=CARTESIAN_POINT('',(141.999996813138,-13.725367408049,141.999992306235));
#3681=CARTESIAN_POINT('Origin',(141.999996813138,-13.725367408049,-12.2500076937649));
#3682=CARTESIAN_POINT('',(141.999996813138,-13.725367408049,-150.000007693765));
#3683=CARTESIAN_POINT('Origin',(141.999996813138,-13.725367408049,-142.000007693765));
#3684=CARTESIAN_POINT('',(12.2499968131378,-13.725367408049,-150.000007693765));
#3685=CARTESIAN_POINT('',(141.999996813138,-13.725367408049,-150.000007693765));
#3686=CARTESIAN_POINT('',(4.24999681313781,-13.725367408049,-142.000007693765));
#3687=CARTESIAN_POINT('Origin',(12.2499968131378,-13.725367408049,-142.000007693765));
#3688=CARTESIAN_POINT('',(141.999996813138,-13.725367408049,-142.000007693765));
#3689=CARTESIAN_POINT('Origin',(-142.000003186862,-13.725367408049,141.999992306235));
#3690=CARTESIAN_POINT('',(141.999996813138,-13.725367408049,4.2499923062351));
#3691=CARTESIAN_POINT('Origin',(141.999996813138,-13.725367408049,12.2499923062351));
#3692=CARTESIAN_POINT('',(141.999996813138,-13.725367408049,141.999992306235));
#3693=CARTESIAN_POINT('',(141.999996813138,-13.725367408049,141.999992306235));
#3694=CARTESIAN_POINT('',(4.24999681313843,-13.725367408049,141.999992306235));
#3695=CARTESIAN_POINT('',(-142.000003186862,-13.725367408049,141.999992306235));
#3696=CARTESIAN_POINT('Origin',(12.2499968131384,-13.725367408049,141.999992306235));
#3697=CARTESIAN_POINT('Origin',(-142.000003186862,-13.725367408049,141.999992306235));
#3698=CARTESIAN_POINT('',(-4.25000318686158,-13.725367408049,141.999992306235));
#3699=CARTESIAN_POINT('Origin',(-12.2500031868616,-13.725367408049,141.999992306235));
#3700=CARTESIAN_POINT('',(-142.000003186862,-13.725367408049,141.999992306235));
#3701=CARTESIAN_POINT('',(-142.000003186862,-13.725367408049,141.999992306235));
#3702=CARTESIAN_POINT('',(-142.000003186862,-13.725367408049,4.24999230623371));
#3703=CARTESIAN_POINT('',(-142.000003186862,-13.725367408049,-142.000007693765));
#3704=CARTESIAN_POINT('Origin',(-142.000003186862,-13.725367408049,12.2499923062337));
#3705=CARTESIAN_POINT('Origin',(-142.000003186862,-13.725367408049,141.999992306235));
#3706=CARTESIAN_POINT('Origin',(-142.000003186862,-13.725367408049,141.999992306235));
#3707=CARTESIAN_POINT('',(-142.000003186862,-13.725367408049,-4.2500076937663));
#3708=CARTESIAN_POINT('Origin',(-142.000003186862,-13.725367408049,-12.2500076937663));
#3709=CARTESIAN_POINT('',(-142.000003186862,-13.725367408049,-142.000007693765));
#3710=CARTESIAN_POINT('',(-142.000003186862,-13.725367408049,-142.000007693765));
#3711=CARTESIAN_POINT('',(-4.25000318686219,-13.725367408049,-142.000007693765));
#3712=CARTESIAN_POINT('',(141.999996813138,-13.725367408049,-142.000007693765));
#3713=CARTESIAN_POINT('',(-12.2500031868621,-13.725367408049,-150.000007693765));
#3714=CARTESIAN_POINT('Origin',(-12.2500031868622,-13.725367408049,-142.000007693765));
#3715=CARTESIAN_POINT('',(-142.000003186862,-13.725367408049,-150.000007693765));
#3716=CARTESIAN_POINT('',(141.999996813138,-13.725367408049,-150.000007693765));
#3717=CARTESIAN_POINT('Origin',(-142.000003186862,-13.725367408049,-142.000007693765));
#3718=CARTESIAN_POINT('Origin',(-142.000003186862,-13.725367408049,-142.000007693765));
#3719=CARTESIAN_POINT('',(-142.000003186862,-5.725367408049,4.24999230623367));
#3720=CARTESIAN_POINT('',(-142.000003186862,-13.725367408049,4.24999230623367));
#3721=CARTESIAN_POINT('',(-142.000003186862,-5.725367408049,141.999992306235));
#3722=CARTESIAN_POINT('',(-142.000003186862,-13.725367408049,141.999992306235));
#3723=CARTESIAN_POINT('',(-142.000003186862,-5.725367408049,-142.000007693765));
#3724=CARTESIAN_POINT('Origin',(141.999996813138,-13.725367408049,141.999992306235));
#3725=CARTESIAN_POINT('',(141.999996813138,-5.725367408049,-4.25000769376485));
#3726=CARTESIAN_POINT('',(141.999996813138,-13.725367408049,-4.25000769376485));
#3727=CARTESIAN_POINT('',(141.999996813138,-5.725367408049,-142.000007693765));
#3728=CARTESIAN_POINT('',(141.999996813138,-13.725367408049,-142.000007693765));
#3729=CARTESIAN_POINT('',(141.999996813138,-5.725367408049,141.999992306235));
#3730=CARTESIAN_POINT('Origin',(-142.000003186862,-13.725367408049,141.999992306235));
#3731=CARTESIAN_POINT('',(4.24999681313838,-5.725367408049,141.999992306235));
#3732=CARTESIAN_POINT('',(4.24999681313838,-13.725367408049,141.999992306235));
#3733=CARTESIAN_POINT('',(141.999996813138,-5.725367408049,141.999992306235));
#3734=CARTESIAN_POINT('',(141.999996813138,-13.725367408049,141.999992306235));
#3735=CARTESIAN_POINT('',(-142.000003186862,-5.725367408049,141.999992306235));
#3736=CARTESIAN_POINT('Origin',(149.999996813138,-30.725367408049,-150.000007693765));
#3737=CARTESIAN_POINT('',(12.2499968131378,-13.725367408049,-150.000007693765));
#3738=CARTESIAN_POINT('',(141.999996813138,-30.725367408049,-150.000007693765));
#3739=CARTESIAN_POINT('Origin',(141.999996813138,-13.725367408049,-142.000007693765));
#3740=CARTESIAN_POINT('',(4.24999681313781,-5.725367408049,-142.000007693765));
#3741=CARTESIAN_POINT('',(4.24999681313781,-13.725367408049,-142.000007693765));
#3742=CARTESIAN_POINT('',(141.999996813138,-5.725367408049,-142.000007693765));
#3743=CARTESIAN_POINT('Origin',(149.999996813138,-30.725367408049,-150.000007693765));
#3744=CARTESIAN_POINT('',(-12.2500031868622,-30.725367408049,-150.000007693765));
#3745=CARTESIAN_POINT('',(-142.000003186862,-30.725367408049,-150.000007693765));
#3746=CARTESIAN_POINT('Origin',(-142.000003186862,-30.725367408049,141.999992306235));
#3747=CARTESIAN_POINT('Origin',(-142.000003186862,-30.725367408049,-142.000007693765));
#3748=CARTESIAN_POINT('Origin',(141.999996813138,-30.725367408049,-142.000007693765));
#3749=CARTESIAN_POINT('Origin',(-142.000003186862,-13.725367408049,-142.000007693765));
#3750=CARTESIAN_POINT('',(-142.000003186862,-5.725367408049,-4.25000769376629));
#3751=CARTESIAN_POINT('',(-142.000003186862,-13.725367408049,-4.2500076937663));
#3752=CARTESIAN_POINT('',(-142.000003186862,-5.725367408049,-142.000007693765));
#3753=CARTESIAN_POINT('',(-142.000003186862,-5.725367408049,-142.000007693765));
#3754=CARTESIAN_POINT('',(-142.000003186862,-13.725367408049,-142.000007693765));
#3755=CARTESIAN_POINT('Origin',(141.999996813138,-13.725367408049,-142.000007693765));
#3756=CARTESIAN_POINT('',(-4.25000318686215,-5.725367408049,-142.000007693765));
#3757=CARTESIAN_POINT('',(-4.25000318686215,-13.725367408049,-142.000007693765));
#3758=CARTESIAN_POINT('',(141.999996813138,-5.725367408049,-142.000007693765));
#3759=CARTESIAN_POINT('Origin',(141.999996813138,-13.725367408049,141.999992306235));
#3760=CARTESIAN_POINT('',(141.999996813138,-5.725367408049,4.24999230623506));
#3761=CARTESIAN_POINT('',(141.999996813138,-13.725367408049,4.2499923062351));
#3762=CARTESIAN_POINT('',(141.999996813138,-5.725367408049,141.999992306235));
#3763=CARTESIAN_POINT('Origin',(-142.000003186862,-13.725367408049,141.999992306235));
#3764=CARTESIAN_POINT('',(-4.25000318686155,-5.725367408049,141.999992306235));
#3765=CARTESIAN_POINT('',(-4.25000318686158,-13.725367408049,141.999992306235));
#3766=CARTESIAN_POINT('',(-142.000003186862,-5.725367408049,141.999992306235));
#3767=CARTESIAN_POINT('Origin',(-3.18686188317724E-6,-5.725367408049,-7.69376510057541E-6));
#3768=CARTESIAN_POINT('',(-3.18686187096479E-6,-5.725367408049,-4.2500076937653));
#3769=CARTESIAN_POINT('',(4.24999681313791,-5.725367408049,-7.69376510307341E-6));
#3770=CARTESIAN_POINT('',(-4.25000318686208,-5.725367408049,-7.69376509835496E-6));
#3771=CARTESIAN_POINT('',(-3.18686184071121E-6,-5.725367408049,-4.2500076937649));
#3772=CARTESIAN_POINT('',(-3.18686192619838E-6,-5.725367408049,4.2499923062351));
#3773=CARTESIAN_POINT('',(-4.25000318686168,-5.725367408049,-7.69376509807741E-6));
#3774=CARTESIAN_POINT('',(4.24999681313832,-5.725367408049,-7.69376510279585E-6));
#3775=CARTESIAN_POINT('',(-3.18686189566725E-6,-5.725367408049,4.2499923062347));
#3776=CARTESIAN_POINT('',(26.1668963932749,-5.725367408049,17.7268718617268));
#3777=CARTESIAN_POINT('Origin',(26.1668963932772,-5.725367408049,28.1668918863916));
#3778=CARTESIAN_POINT('',(105.166896393275,-5.725367408049,17.7268718617093));
#3779=CARTESIAN_POINT('',(85.4168963932749,-5.725367408049,17.7268718617137));
#3780=CARTESIAN_POINT('',(115.606916417942,-5.725367408049,28.1668918863718));
#3781=CARTESIAN_POINT('Origin',(105.166896393277,-5.725367408049,28.1668918863741));
#3782=CARTESIAN_POINT('',(115.606916417959,-5.725367408049,103.166891886372));
#3783=CARTESIAN_POINT('',(115.606916417954,-5.725367408049,84.4168918863718));
#3784=CARTESIAN_POINT('',(105.166896393296,-5.725367408049,113.606911911039));
#3785=CARTESIAN_POINT('Origin',(105.166896393294,-5.725367408049,103.166891886374));
#3786=CARTESIAN_POINT('',(26.1668963932962,-5.725367408049,113.606911911056));
#3787=CARTESIAN_POINT('',(45.9168963932962,-5.725367408049,113.606911911052));
#3788=CARTESIAN_POINT('',(15.7268763686291,-5.725367408049,103.166891886394));
#3789=CARTESIAN_POINT('Origin',(26.1668963932939,-5.725367408049,103.166891886392));
#3790=CARTESIAN_POINT('',(15.7268763686125,-5.725367408049,28.166891886394));
#3791=CARTESIAN_POINT('',(15.7268763686166,-5.725367408049,46.916891886394));
#3792=CARTESIAN_POINT('Origin',(26.1668963932772,-5.725367408049,28.1668918863916));
#3793=CARTESIAN_POINT('',(-17.7268827423537,-5.725367408049,26.1668918863718));
#3794=CARTESIAN_POINT('Origin',(-28.1669027670185,-5.725367408049,26.1668918863741));
#3795=CARTESIAN_POINT('',(-17.7268827423359,-5.725367408049,105.166891886372));
#3796=CARTESIAN_POINT('',(-17.7268827423404,-5.725367408049,85.4168918863718));
#3797=CARTESIAN_POINT('',(-28.1669027669984,-5.725367408049,115.606911911039));
#3798=CARTESIAN_POINT('Origin',(-28.1669027670007,-5.725367408049,105.166891886374));
#3799=CARTESIAN_POINT('',(-103.166902766998,-5.725367408049,115.606911911056));
#3800=CARTESIAN_POINT('',(-84.4169027669984,-5.725367408049,115.606911911051));
#3801=CARTESIAN_POINT('',(-113.606922791665,-5.725367408049,105.166891886393));
#3802=CARTESIAN_POINT('Origin',(-103.166902767001,-5.725367408049,105.166891886391));
#3803=CARTESIAN_POINT('',(-113.606922791683,-5.725367408049,26.1668918863934));
#3804=CARTESIAN_POINT('',(-113.606922791679,-5.725367408049,45.9168918863934));
#3805=CARTESIAN_POINT('',(-103.166902767021,-5.725367408049,15.7268718617262));
#3806=CARTESIAN_POINT('Origin',(-103.166902767019,-5.725367408049,26.166891886391));
#3807=CARTESIAN_POINT('',(-28.1669027670209,-5.725367408049,15.7268718617093));
#3808=CARTESIAN_POINT('',(-46.9169027670209,-5.725367408049,15.7268718617136));
#3809=CARTESIAN_POINT('Origin',(-28.1669027670185,-5.725367408049,26.1668918863741));
#3810=CARTESIAN_POINT('',(-26.1669027669986,-5.725367408049,-17.7268872492572));
#3811=CARTESIAN_POINT('Origin',(-26.1669027670008,-5.725367408049,-28.166907273922));
#3812=CARTESIAN_POINT('',(-105.166902766999,-5.725367408049,-17.7268872492403));
#3813=CARTESIAN_POINT('',(-85.4169027669986,-5.725367408049,-17.7268872492445));
#3814=CARTESIAN_POINT('',(-115.606922791666,-5.725367408049,-28.1669072739028));
#3815=CARTESIAN_POINT('Origin',(-105.166902767001,-5.725367408049,-28.166907273905));
#3816=CARTESIAN_POINT('',(-115.606922791682,-5.725367408049,-103.166907273903));
#3817=CARTESIAN_POINT('',(-115.606922791678,-5.725367408049,-84.4169072739028));
#3818=CARTESIAN_POINT('',(-105.166902767019,-5.725367408049,-113.60692729857));
#3819=CARTESIAN_POINT('Origin',(-105.166902767017,-5.725367408049,-103.166907273905));
#3820=CARTESIAN_POINT('',(-26.1669027670192,-5.725367408049,-113.606927298587));
#3821=CARTESIAN_POINT('',(-45.9169027670192,-5.725367408049,-113.606927298583));
#3822=CARTESIAN_POINT('',(-15.7268827423521,-5.725367408049,-103.166907273924));
#3823=CARTESIAN_POINT('Origin',(-26.1669027670169,-5.725367408049,-103.166907273922));
#3824=CARTESIAN_POINT('',(-15.726882742336,-5.725367408049,-28.1669072739243));
#3825=CARTESIAN_POINT('',(-15.72688274234,-5.725367408049,-46.9169072739243));
#3826=CARTESIAN_POINT('Origin',(-26.1669027670008,-5.725367408049,-28.166907273922));
#3827=CARTESIAN_POINT('',(17.72687636863,-5.725367408049,-26.166907273902));
#3828=CARTESIAN_POINT('Origin',(28.1668963932948,-5.725367408049,-26.1669072739043));
#3829=CARTESIAN_POINT('',(17.7268763686122,-5.725367408049,-105.166907273902));
#3830=CARTESIAN_POINT('',(17.7268763686166,-5.725367408049,-85.416907273902));
#3831=CARTESIAN_POINT('',(28.1668963932746,-5.725367408049,-115.606927298569));
#3832=CARTESIAN_POINT('Origin',(28.166896393277,-5.725367408049,-105.166907273904));
#3833=CARTESIAN_POINT('',(103.166896393275,-5.725367408049,-115.606927298586));
#3834=CARTESIAN_POINT('',(84.4168963932746,-5.725367408049,-115.606927298582));
#3835=CARTESIAN_POINT('',(113.606916417942,-5.725367408049,-105.166907273924));
#3836=CARTESIAN_POINT('Origin',(103.166896393277,-5.725367408049,-105.166907273921));
#3837=CARTESIAN_POINT('',(113.606916417959,-5.725367408049,-26.1669072739236));
#3838=CARTESIAN_POINT('',(113.606916417955,-5.725367408049,-45.9169072739236));
#3839=CARTESIAN_POINT('',(103.166896393297,-5.725367408049,-15.7268872492564));
#3840=CARTESIAN_POINT('Origin',(103.166896393295,-5.725367408049,-26.1669072739212));
#3841=CARTESIAN_POINT('',(28.1668963932971,-5.725367408049,-15.7268872492395));
#3842=CARTESIAN_POINT('',(46.9168963932971,-5.725367408049,-15.7268872492438));
#3843=CARTESIAN_POINT('Origin',(28.1668963932948,-5.725367408049,-26.1669072739043));
#3844=CARTESIAN_POINT('Origin',(18.166896393277,-17.725367408049,-105.166907273902));
#3845=CARTESIAN_POINT('',(18.1668963932948,-17.725367408049,-26.1669072739021));
#3846=CARTESIAN_POINT('',(18.166896393277,-17.725367408049,-105.166907273902));
#3847=CARTESIAN_POINT('',(18.1668963932948,-17.725367408049,-26.1669072739021));
#3848=CARTESIAN_POINT('',(18.166896393277,-17.725367408049,-105.166907273902));
#3849=CARTESIAN_POINT('',(18.1668963932948,-17.725367408049,-26.1669072739021));
#3850=CARTESIAN_POINT('Origin',(28.166896393277,-17.725367408049,-105.166907273904));
#3851=CARTESIAN_POINT('',(28.1668963932747,-17.725367408049,-115.166907273904));
#3852=CARTESIAN_POINT('Origin',(28.166896393277,-17.725367408049,-105.166907273904));
#3853=CARTESIAN_POINT('',(28.1668963932747,-17.725367408049,-115.166907273904));
#3854=CARTESIAN_POINT('Origin',(103.166896393275,-17.725367408049,-115.166907273921));
#3855=CARTESIAN_POINT('',(103.166896393275,-17.725367408049,-115.166907273921));
#3856=CARTESIAN_POINT('',(28.1668963932747,-17.725367408049,-115.166907273904));
#3857=CARTESIAN_POINT('',(103.166896393275,-17.725367408049,-115.166907273921));
#3858=CARTESIAN_POINT('Origin',(103.166896393277,-17.725367408049,-105.166907273921));
#3859=CARTESIAN_POINT('',(113.166896393277,-17.725367408049,-105.166907273924));
#3860=CARTESIAN_POINT('Origin',(103.166896393277,-17.725367408049,-105.166907273921));
#3861=CARTESIAN_POINT('',(113.166896393277,-17.725367408049,-105.166907273924));
#3862=CARTESIAN_POINT('Origin',(113.166896393295,-17.725367408049,-26.1669072739235));
#3863=CARTESIAN_POINT('',(113.166896393295,-17.725367408049,-26.1669072739235));
#3864=CARTESIAN_POINT('',(113.166896393277,-17.725367408049,-105.166907273924));
#3865=CARTESIAN_POINT('',(113.166896393295,-17.725367408049,-26.1669072739235));
#3866=CARTESIAN_POINT('Origin',(103.166896393295,-17.725367408049,-26.1669072739212));
#3867=CARTESIAN_POINT('',(103.166896393297,-17.725367408049,-16.1669072739212));
#3868=CARTESIAN_POINT('Origin',(103.166896393295,-17.725367408049,-26.1669072739212));
#3869=CARTESIAN_POINT('',(103.166896393297,-17.725367408049,-16.1669072739212));
#3870=CARTESIAN_POINT('Origin',(28.166896393297,-17.725367408049,-16.1669072739043));
#3871=CARTESIAN_POINT('',(28.166896393297,-17.725367408049,-16.1669072739043));
#3872=CARTESIAN_POINT('',(103.166896393297,-17.725367408049,-16.1669072739212));
#3873=CARTESIAN_POINT('',(28.166896393297,-17.725367408049,-16.1669072739043));
#3874=CARTESIAN_POINT('Origin',(65.6668963932859,-17.725367408049,-65.6669072739128));
#3875=CARTESIAN_POINT('Origin',(28.1668963932948,-17.725367408049,-26.1669072739043));
#3876=CARTESIAN_POINT('',(21.0096730554457,-17.725367408049,-26.1669072739027));
#3877=CARTESIAN_POINT('',(28.1668963932964,-17.725367408049,-19.0096839360552));
#3878=CARTESIAN_POINT('Origin',(28.1668963932948,-17.725367408049,-26.1669072739043));
#3879=CARTESIAN_POINT('',(21.0096730554279,-17.725367408049,-105.166907273903));
#3880=CARTESIAN_POINT('',(21.0096730554323,-17.725367408049,-85.4169072739028));
#3881=CARTESIAN_POINT('',(28.1668963932754,-17.725367408049,-112.324130611753));
#3882=CARTESIAN_POINT('Origin',(28.166896393277,-17.725367408049,-105.166907273904));
#3883=CARTESIAN_POINT('',(103.166896393275,-17.725367408049,-112.32413061177));
#3884=CARTESIAN_POINT('',(84.4168963932754,-17.725367408049,-112.324130611766));
#3885=CARTESIAN_POINT('',(110.324119731126,-17.725367408049,-105.166907273923));
#3886=CARTESIAN_POINT('Origin',(103.166896393277,-17.725367408049,-105.166907273921));
#3887=CARTESIAN_POINT('',(110.324119731144,-17.725367408049,-26.1669072739228));
#3888=CARTESIAN_POINT('',(110.324119731139,-17.725367408049,-45.9169072739229));
#3889=CARTESIAN_POINT('',(103.166896393296,-17.725367408049,-19.0096839360721));
#3890=CARTESIAN_POINT('Origin',(103.166896393295,-17.725367408049,-26.1669072739212));
#3891=CARTESIAN_POINT('',(46.9168963932964,-17.725367408049,-19.0096839360595));
#3892=CARTESIAN_POINT('Origin',(21.166896393277,-20.725367408049,-105.166907273903));
#3893=CARTESIAN_POINT('',(21.1668963932948,-20.725367408049,-26.1669072739027));
#3894=CARTESIAN_POINT('',(21.166896393277,-20.725367408049,-105.166907273903));
#3895=CARTESIAN_POINT('',(21.1668963932948,-20.725367408049,-26.1669072739027));
#3896=CARTESIAN_POINT('',(21.166896393277,-20.725367408049,-105.166907273903));
#3897=CARTESIAN_POINT('',(21.1668963932948,-20.725367408049,-26.1669072739027));
#3898=CARTESIAN_POINT('Origin',(28.166896393277,-20.725367408049,-105.166907273904));
#3899=CARTESIAN_POINT('',(28.1668963932754,-20.725367408049,-112.166907273904));
#3900=CARTESIAN_POINT('Origin',(28.166896393277,-20.725367408049,-105.166907273904));
#3901=CARTESIAN_POINT('',(28.1668963932754,-20.725367408049,-112.166907273904));
#3902=CARTESIAN_POINT('Origin',(103.166896393275,-20.725367408049,-112.166907273921));
#3903=CARTESIAN_POINT('',(103.166896393275,-20.725367408049,-112.166907273921));
#3904=CARTESIAN_POINT('',(28.1668963932754,-20.725367408049,-112.166907273904));
#3905=CARTESIAN_POINT('',(103.166896393275,-20.725367408049,-112.166907273921));
#3906=CARTESIAN_POINT('Origin',(103.166896393277,-20.725367408049,-105.166907273921));
#3907=CARTESIAN_POINT('',(110.166896393277,-20.725367408049,-105.166907273923));
#3908=CARTESIAN_POINT('Origin',(103.166896393277,-20.725367408049,-105.166907273921));
#3909=CARTESIAN_POINT('',(110.166896393277,-20.725367408049,-105.166907273923));
#3910=CARTESIAN_POINT('Origin',(110.166896393295,-20.725367408049,-26.1669072739228));
#3911=CARTESIAN_POINT('',(110.166896393295,-20.725367408049,-26.1669072739228));
#3912=CARTESIAN_POINT('',(110.166896393277,-20.725367408049,-105.166907273923));
#3913=CARTESIAN_POINT('',(110.166896393295,-20.725367408049,-26.1669072739228));
#3914=CARTESIAN_POINT('Origin',(103.166896393295,-20.725367408049,-26.1669072739212));
#3915=CARTESIAN_POINT('',(103.166896393296,-20.725367408049,-19.1669072739212));
#3916=CARTESIAN_POINT('Origin',(103.166896393295,-20.725367408049,-26.1669072739212));
#3917=CARTESIAN_POINT('',(103.166896393296,-20.725367408049,-19.1669072739212));
#3918=CARTESIAN_POINT('Origin',(28.1668963932963,-20.725367408049,-19.1669072739043));
#3919=CARTESIAN_POINT('',(28.1668963932963,-20.725367408049,-19.1669072739043));
#3920=CARTESIAN_POINT('',(103.166896393296,-20.725367408049,-19.1669072739212));
#3921=CARTESIAN_POINT('',(28.1668963932963,-20.725367408049,-19.1669072739043));
#3922=CARTESIAN_POINT('Origin',(28.1668963932948,-20.725367408049,-26.1669072739043));
#3923=CARTESIAN_POINT('Origin',(28.1668963932948,-20.725367408049,-26.1669072739043));
#3924=CARTESIAN_POINT('Origin',(65.6668963932859,-20.725367408049,-65.6669072739128));
#3925=CARTESIAN_POINT('Origin',(28.1668963932948,-17.725367408049,-26.1669072739043));
#3926=CARTESIAN_POINT('Origin',(-18.1669027670007,-17.725367408049,105.166891886372));
#3927=CARTESIAN_POINT('',(-18.1669027670185,-17.725367408049,26.1668918863719));
#3928=CARTESIAN_POINT('',(-18.1669027670007,-17.725367408049,105.166891886372));
#3929=CARTESIAN_POINT('',(-18.1669027670185,-17.725367408049,26.1668918863719));
#3930=CARTESIAN_POINT('',(-18.1669027670007,-17.725367408049,105.166891886372));
#3931=CARTESIAN_POINT('',(-18.1669027670185,-17.725367408049,26.1668918863719));
#3932=CARTESIAN_POINT('Origin',(-28.1669027670007,-17.725367408049,105.166891886374));
#3933=CARTESIAN_POINT('',(-28.1669027669985,-17.725367408049,115.166891886374));
#3934=CARTESIAN_POINT('Origin',(-28.1669027670007,-17.725367408049,105.166891886374));
#3935=CARTESIAN_POINT('',(-28.1669027669985,-17.725367408049,115.166891886374));
#3936=CARTESIAN_POINT('Origin',(-103.166902766998,-17.725367408049,115.166891886391));
#3937=CARTESIAN_POINT('',(-103.166902766998,-17.725367408049,115.166891886391));
#3938=CARTESIAN_POINT('',(-28.1669027669985,-17.725367408049,115.166891886374));
#3939=CARTESIAN_POINT('',(-103.166902766998,-17.725367408049,115.166891886391));
#3940=CARTESIAN_POINT('Origin',(-103.166902767001,-17.725367408049,105.166891886391));
#3941=CARTESIAN_POINT('',(-113.166902767001,-17.725367408049,105.166891886393));
#3942=CARTESIAN_POINT('Origin',(-103.166902767001,-17.725367408049,105.166891886391));
#3943=CARTESIAN_POINT('',(-113.166902767001,-17.725367408049,105.166891886393));
#3944=CARTESIAN_POINT('Origin',(-113.166902767019,-17.725367408049,26.1668918863933));
#3945=CARTESIAN_POINT('',(-113.166902767019,-17.725367408049,26.1668918863933));
#3946=CARTESIAN_POINT('',(-113.166902767001,-17.725367408049,105.166891886393));
#3947=CARTESIAN_POINT('',(-113.166902767019,-17.725367408049,26.1668918863933));
#3948=CARTESIAN_POINT('Origin',(-103.166902767019,-17.725367408049,26.166891886391));
#3949=CARTESIAN_POINT('',(-103.166902767021,-17.725367408049,16.166891886391));
#3950=CARTESIAN_POINT('Origin',(-103.166902767019,-17.725367408049,26.166891886391));
#3951=CARTESIAN_POINT('',(-103.166902767021,-17.725367408049,16.166891886391));
#3952=CARTESIAN_POINT('Origin',(-28.1669027670208,-17.725367408049,16.1668918863741));
#3953=CARTESIAN_POINT('',(-28.1669027670208,-17.725367408049,16.1668918863741));
#3954=CARTESIAN_POINT('',(-103.166902767021,-17.725367408049,16.166891886391));
#3955=CARTESIAN_POINT('',(-28.1669027670208,-17.725367408049,16.1668918863741));
#3956=CARTESIAN_POINT('Origin',(-65.6669027670096,-17.725367408049,65.6668918863826));
#3957=CARTESIAN_POINT('Origin',(-28.1669027670185,-17.725367408049,26.1668918863741));
#3958=CARTESIAN_POINT('',(-21.0096794291694,-17.725367408049,26.1668918863725));
#3959=CARTESIAN_POINT('',(-28.1669027670202,-17.725367408049,19.009668548525));
#3960=CARTESIAN_POINT('Origin',(-28.1669027670185,-17.725367408049,26.1668918863741));
#3961=CARTESIAN_POINT('',(-21.0096794291516,-17.725367408049,105.166891886373));
#3962=CARTESIAN_POINT('',(-21.0096794291561,-17.725367408049,85.4168918863725));
#3963=CARTESIAN_POINT('',(-28.1669027669991,-17.725367408049,112.324115224223));
#3964=CARTESIAN_POINT('Origin',(-28.1669027670007,-17.725367408049,105.166891886374));
#3965=CARTESIAN_POINT('',(-103.166902766999,-17.725367408049,112.32411522424));
#3966=CARTESIAN_POINT('',(-84.4169027669991,-17.725367408049,112.324115224236));
#3967=CARTESIAN_POINT('',(-110.32412610485,-17.725367408049,105.166891886393));
#3968=CARTESIAN_POINT('Origin',(-103.166902767001,-17.725367408049,105.166891886391));
#3969=CARTESIAN_POINT('',(-110.324126104868,-17.725367408049,26.1668918863926));
#3970=CARTESIAN_POINT('',(-110.324126104863,-17.725367408049,45.9168918863927));
#3971=CARTESIAN_POINT('',(-103.16690276702,-17.725367408049,19.0096685485419));
#3972=CARTESIAN_POINT('Origin',(-103.166902767019,-17.725367408049,26.166891886391));
#3973=CARTESIAN_POINT('',(-46.9169027670202,-17.725367408049,19.0096685485293));
#3974=CARTESIAN_POINT('Origin',(-21.1669027670007,-20.725367408049,105.166891886373));
#3975=CARTESIAN_POINT('',(-21.1669027670185,-20.725367408049,26.1668918863725));
#3976=CARTESIAN_POINT('',(-21.1669027670007,-20.725367408049,105.166891886373));
#3977=CARTESIAN_POINT('',(-21.1669027670185,-20.725367408049,26.1668918863725));
#3978=CARTESIAN_POINT('',(-21.1669027670007,-20.725367408049,105.166891886373));
#3979=CARTESIAN_POINT('',(-21.1669027670185,-20.725367408049,26.1668918863725));
#3980=CARTESIAN_POINT('Origin',(-28.1669027670007,-20.725367408049,105.166891886374));
#3981=CARTESIAN_POINT('',(-28.1669027669992,-20.725367408049,112.166891886374));
#3982=CARTESIAN_POINT('Origin',(-28.1669027670007,-20.725367408049,105.166891886374));
#3983=CARTESIAN_POINT('',(-28.1669027669992,-20.725367408049,112.166891886374));
#3984=CARTESIAN_POINT('Origin',(-103.166902766999,-20.725367408049,112.166891886391));
#3985=CARTESIAN_POINT('',(-103.166902766999,-20.725367408049,112.166891886391));
#3986=CARTESIAN_POINT('',(-28.1669027669992,-20.725367408049,112.166891886374));
#3987=CARTESIAN_POINT('',(-103.166902766999,-20.725367408049,112.166891886391));
#3988=CARTESIAN_POINT('Origin',(-103.166902767001,-20.725367408049,105.166891886391));
#3989=CARTESIAN_POINT('',(-110.166902767001,-20.725367408049,105.166891886393));
#3990=CARTESIAN_POINT('Origin',(-103.166902767001,-20.725367408049,105.166891886391));
#3991=CARTESIAN_POINT('',(-110.166902767001,-20.725367408049,105.166891886393));
#3992=CARTESIAN_POINT('Origin',(-110.166902767019,-20.725367408049,26.1668918863926));
#3993=CARTESIAN_POINT('',(-110.166902767019,-20.725367408049,26.1668918863926));
#3994=CARTESIAN_POINT('',(-110.166902767001,-20.725367408049,105.166891886393));
#3995=CARTESIAN_POINT('',(-110.166902767019,-20.725367408049,26.1668918863926));
#3996=CARTESIAN_POINT('Origin',(-103.166902767019,-20.725367408049,26.166891886391));
#3997=CARTESIAN_POINT('',(-103.16690276702,-20.725367408049,19.166891886391));
#3998=CARTESIAN_POINT('Origin',(-103.166902767019,-20.725367408049,26.166891886391));
#3999=CARTESIAN_POINT('',(-103.16690276702,-20.725367408049,19.166891886391));
#4000=CARTESIAN_POINT('Origin',(-28.1669027670201,-20.725367408049,19.1668918863741));
#4001=CARTESIAN_POINT('',(-28.1669027670201,-20.725367408049,19.1668918863741));
#4002=CARTESIAN_POINT('',(-103.16690276702,-20.725367408049,19.166891886391));
#4003=CARTESIAN_POINT('',(-28.1669027670201,-20.725367408049,19.1668918863741));
#4004=CARTESIAN_POINT('Origin',(-28.1669027670185,-20.725367408049,26.1668918863741));
#4005=CARTESIAN_POINT('Origin',(-28.1669027670185,-20.725367408049,26.1668918863741));
#4006=CARTESIAN_POINT('Origin',(-65.6669027670096,-20.725367408049,65.6668918863826));
#4007=CARTESIAN_POINT('Origin',(-28.1669027670185,-17.725367408049,26.1668918863741));
#4008=CARTESIAN_POINT('Origin',(105.166896393275,-17.725367408049,18.1668918863741));
#4009=CARTESIAN_POINT('',(26.166896393275,-17.725367408049,18.1668918863916));
#4010=CARTESIAN_POINT('',(105.166896393275,-17.725367408049,18.1668918863741));
#4011=CARTESIAN_POINT('',(26.166896393275,-17.725367408049,18.1668918863916));
#4012=CARTESIAN_POINT('',(105.166896393275,-17.725367408049,18.1668918863741));
#4013=CARTESIAN_POINT('',(26.166896393275,-17.725367408049,18.1668918863916));
#4014=CARTESIAN_POINT('Origin',(105.166896393277,-17.725367408049,28.1668918863741));
#4015=CARTESIAN_POINT('',(115.166896393277,-17.725367408049,28.1668918863719));
#4016=CARTESIAN_POINT('Origin',(105.166896393277,-17.725367408049,28.1668918863741));
#4017=CARTESIAN_POINT('',(115.166896393277,-17.725367408049,28.1668918863719));
#4018=CARTESIAN_POINT('Origin',(115.166896393294,-17.725367408049,103.166891886372));
#4019=CARTESIAN_POINT('',(115.166896393294,-17.725367408049,103.166891886372));
#4020=CARTESIAN_POINT('',(115.166896393277,-17.725367408049,28.1668918863719));
#4021=CARTESIAN_POINT('',(115.166896393294,-17.725367408049,103.166891886372));
#4022=CARTESIAN_POINT('Origin',(105.166896393294,-17.725367408049,103.166891886374));
#4023=CARTESIAN_POINT('',(105.166896393296,-17.725367408049,113.166891886374));
#4024=CARTESIAN_POINT('Origin',(105.166896393294,-17.725367408049,103.166891886374));
#4025=CARTESIAN_POINT('',(105.166896393296,-17.725367408049,113.166891886374));
#4026=CARTESIAN_POINT('Origin',(26.1668963932961,-17.725367408049,113.166891886392));
#4027=CARTESIAN_POINT('',(26.1668963932961,-17.725367408049,113.166891886392));
#4028=CARTESIAN_POINT('',(105.166896393296,-17.725367408049,113.166891886374));
#4029=CARTESIAN_POINT('',(26.1668963932961,-17.725367408049,113.166891886392));
#4030=CARTESIAN_POINT('Origin',(26.1668963932939,-17.725367408049,103.166891886392));
#4031=CARTESIAN_POINT('',(16.1668963932939,-17.725367408049,103.166891886394));
#4032=CARTESIAN_POINT('Origin',(26.1668963932939,-17.725367408049,103.166891886392));
#4033=CARTESIAN_POINT('',(16.1668963932939,-17.725367408049,103.166891886394));
#4034=CARTESIAN_POINT('Origin',(16.1668963932773,-17.725367408049,28.1668918863939));
#4035=CARTESIAN_POINT('',(16.1668963932773,-17.725367408049,28.1668918863939));
#4036=CARTESIAN_POINT('',(16.1668963932939,-17.725367408049,103.166891886394));
#4037=CARTESIAN_POINT('',(16.1668963932773,-17.725367408049,28.1668918863939));
#4038=CARTESIAN_POINT('Origin',(65.6668963932856,-17.725367408049,65.6668918863829));
#4039=CARTESIAN_POINT('Origin',(26.1668963932772,-17.725367408049,28.1668918863916));
#4040=CARTESIAN_POINT('',(26.1668963932757,-17.725367408049,21.0096685485425));
#4041=CARTESIAN_POINT('',(19.0096730554282,-17.725367408049,28.1668918863932));
#4042=CARTESIAN_POINT('Origin',(26.1668963932772,-17.725367408049,28.1668918863916));
#4043=CARTESIAN_POINT('',(105.166896393276,-17.725367408049,21.009668548525));
#4044=CARTESIAN_POINT('',(85.4168963932757,-17.725367408049,21.0096685485294));
#4045=CARTESIAN_POINT('',(112.324119731126,-17.725367408049,28.1668918863725));
#4046=CARTESIAN_POINT('Origin',(105.166896393277,-17.725367408049,28.1668918863741));
#4047=CARTESIAN_POINT('',(112.324119731143,-17.725367408049,103.166891886373));
#4048=CARTESIAN_POINT('',(112.324119731139,-17.725367408049,84.4168918863725));
#4049=CARTESIAN_POINT('',(105.166896393295,-17.725367408049,110.324115224223));
#4050=CARTESIAN_POINT('Origin',(105.166896393294,-17.725367408049,103.166891886374));
#4051=CARTESIAN_POINT('',(26.1668963932955,-17.725367408049,110.324115224241));
#4052=CARTESIAN_POINT('',(45.9168963932955,-17.725367408049,110.324115224236));
#4053=CARTESIAN_POINT('',(19.0096730554448,-17.725367408049,103.166891886393));
#4054=CARTESIAN_POINT('Origin',(26.1668963932939,-17.725367408049,103.166891886392));
#4055=CARTESIAN_POINT('',(19.0096730554323,-17.725367408049,46.9168918863932));
#4056=CARTESIAN_POINT('Origin',(105.166896393276,-20.725367408049,21.1668918863741));
#4057=CARTESIAN_POINT('',(26.1668963932757,-20.725367408049,21.1668918863916));
#4058=CARTESIAN_POINT('',(105.166896393276,-20.725367408049,21.1668918863741));
#4059=CARTESIAN_POINT('',(26.1668963932757,-20.725367408049,21.1668918863916));
#4060=CARTESIAN_POINT('',(105.166896393276,-20.725367408049,21.1668918863741));
#4061=CARTESIAN_POINT('',(26.1668963932757,-20.725367408049,21.1668918863916));
#4062=CARTESIAN_POINT('Origin',(105.166896393277,-20.725367408049,28.1668918863741));
#4063=CARTESIAN_POINT('',(112.166896393277,-20.725367408049,28.1668918863726));
#4064=CARTESIAN_POINT('Origin',(105.166896393277,-20.725367408049,28.1668918863741));
#4065=CARTESIAN_POINT('',(112.166896393277,-20.725367408049,28.1668918863726));
#4066=CARTESIAN_POINT('Origin',(112.166896393294,-20.725367408049,103.166891886373));
#4067=CARTESIAN_POINT('',(112.166896393294,-20.725367408049,103.166891886373));
#4068=CARTESIAN_POINT('',(112.166896393277,-20.725367408049,28.1668918863726));
#4069=CARTESIAN_POINT('',(112.166896393294,-20.725367408049,103.166891886373));
#4070=CARTESIAN_POINT('Origin',(105.166896393294,-20.725367408049,103.166891886374));
#4071=CARTESIAN_POINT('',(105.166896393295,-20.725367408049,110.166891886374));
#4072=CARTESIAN_POINT('Origin',(105.166896393294,-20.725367408049,103.166891886374));
#4073=CARTESIAN_POINT('',(105.166896393295,-20.725367408049,110.166891886374));
#4074=CARTESIAN_POINT('Origin',(26.1668963932954,-20.725367408049,110.166891886392));
#4075=CARTESIAN_POINT('',(26.1668963932954,-20.725367408049,110.166891886392));
#4076=CARTESIAN_POINT('',(105.166896393295,-20.725367408049,110.166891886374));
#4077=CARTESIAN_POINT('',(26.1668963932954,-20.725367408049,110.166891886392));
#4078=CARTESIAN_POINT('Origin',(26.1668963932939,-20.725367408049,103.166891886392));
#4079=CARTESIAN_POINT('',(19.1668963932939,-20.725367408049,103.166891886393));
#4080=CARTESIAN_POINT('Origin',(26.1668963932939,-20.725367408049,103.166891886392));
#4081=CARTESIAN_POINT('',(19.1668963932939,-20.725367408049,103.166891886393));
#4082=CARTESIAN_POINT('Origin',(19.1668963932773,-20.725367408049,28.1668918863932));
#4083=CARTESIAN_POINT('',(19.1668963932773,-20.725367408049,28.1668918863932));
#4084=CARTESIAN_POINT('',(19.1668963932939,-20.725367408049,103.166891886393));
#4085=CARTESIAN_POINT('',(19.1668963932773,-20.725367408049,28.1668918863932));
#4086=CARTESIAN_POINT('Origin',(26.1668963932772,-20.725367408049,28.1668918863916));
#4087=CARTESIAN_POINT('Origin',(26.1668963932772,-20.725367408049,28.1668918863916));
#4088=CARTESIAN_POINT('Origin',(65.6668963932856,-20.725367408049,65.6668918863829));
#4089=CARTESIAN_POINT('Origin',(26.1668963932772,-17.725367408049,28.1668918863916));
#4090=CARTESIAN_POINT('Origin',(-105.166902766999,-17.725367408049,-18.166907273905));
#4091=CARTESIAN_POINT('',(-26.1669027669987,-17.725367408049,-18.166907273922));
#4092=CARTESIAN_POINT('',(-105.166902766999,-17.725367408049,-18.166907273905));
#4093=CARTESIAN_POINT('',(-26.1669027669987,-17.725367408049,-18.166907273922));
#4094=CARTESIAN_POINT('',(-105.166902766999,-17.725367408049,-18.166907273905));
#4095=CARTESIAN_POINT('',(-26.1669027669987,-17.725367408049,-18.166907273922));
#4096=CARTESIAN_POINT('Origin',(-105.166902767001,-17.725367408049,-28.166907273905));
#4097=CARTESIAN_POINT('',(-115.166902767001,-17.725367408049,-28.1669072739029));
#4098=CARTESIAN_POINT('Origin',(-105.166902767001,-17.725367408049,-28.166907273905));
#4099=CARTESIAN_POINT('',(-115.166902767001,-17.725367408049,-28.1669072739029));
#4100=CARTESIAN_POINT('Origin',(-115.166902767017,-17.725367408049,-103.166907273903));
#4101=CARTESIAN_POINT('',(-115.166902767017,-17.725367408049,-103.166907273903));
#4102=CARTESIAN_POINT('',(-115.166902767001,-17.725367408049,-28.1669072739029));
#4103=CARTESIAN_POINT('',(-115.166902767017,-17.725367408049,-103.166907273903));
#4104=CARTESIAN_POINT('Origin',(-105.166902767017,-17.725367408049,-103.166907273905));
#4105=CARTESIAN_POINT('',(-105.166902767019,-17.725367408049,-113.166907273905));
#4106=CARTESIAN_POINT('Origin',(-105.166902767017,-17.725367408049,-103.166907273905));
#4107=CARTESIAN_POINT('',(-105.166902767019,-17.725367408049,-113.166907273905));
#4108=CARTESIAN_POINT('Origin',(-26.1669027670191,-17.725367408049,-113.166907273922));
#4109=CARTESIAN_POINT('',(-26.1669027670191,-17.725367408049,-113.166907273922));
#4110=CARTESIAN_POINT('',(-105.166902767019,-17.725367408049,-113.166907273905));
#4111=CARTESIAN_POINT('',(-26.1669027670191,-17.725367408049,-113.166907273922));
#4112=CARTESIAN_POINT('Origin',(-26.1669027670169,-17.725367408049,-103.166907273922));
#4113=CARTESIAN_POINT('',(-16.1669027670169,-17.725367408049,-103.166907273924));
#4114=CARTESIAN_POINT('Origin',(-26.1669027670169,-17.725367408049,-103.166907273922));
#4115=CARTESIAN_POINT('',(-16.1669027670169,-17.725367408049,-103.166907273924));
#4116=CARTESIAN_POINT('Origin',(-16.1669027670008,-17.725367408049,-28.1669072739242));
#4117=CARTESIAN_POINT('',(-16.1669027670008,-17.725367408049,-28.1669072739242));
#4118=CARTESIAN_POINT('',(-16.1669027670169,-17.725367408049,-103.166907273924));
#4119=CARTESIAN_POINT('',(-16.1669027670008,-17.725367408049,-28.1669072739242));
#4120=CARTESIAN_POINT('Origin',(-65.6669027670089,-17.725367408049,-65.6669072739136));
#4121=CARTESIAN_POINT('Origin',(-26.1669027670008,-17.725367408049,-28.166907273922));
#4122=CARTESIAN_POINT('',(-26.1669027669993,-17.725367408049,-21.0096839360729));
#4123=CARTESIAN_POINT('',(-19.0096794291517,-17.725367408049,-28.1669072739236));
#4124=CARTESIAN_POINT('Origin',(-26.1669027670008,-17.725367408049,-28.166907273922));
#4125=CARTESIAN_POINT('',(-105.166902766999,-17.725367408049,-21.009683936056));
#4126=CARTESIAN_POINT('',(-85.4169027669993,-17.725367408049,-21.0096839360602));
#4127=CARTESIAN_POINT('',(-112.32412610485,-17.725367408049,-28.1669072739035));
#4128=CARTESIAN_POINT('Origin',(-105.166902767001,-17.725367408049,-28.166907273905));
#4129=CARTESIAN_POINT('',(-112.324126104866,-17.725367408049,-103.166907273904));
#4130=CARTESIAN_POINT('',(-112.324126104862,-17.725367408049,-84.4169072739035));
#4131=CARTESIAN_POINT('',(-105.166902767018,-17.725367408049,-110.324130611754));
#4132=CARTESIAN_POINT('Origin',(-105.166902767017,-17.725367408049,-103.166907273905));
#4133=CARTESIAN_POINT('',(-26.1669027670185,-17.725367408049,-110.324130611771));
#4134=CARTESIAN_POINT('',(-45.9169027670185,-17.725367408049,-110.324130611767));
#4135=CARTESIAN_POINT('',(-19.0096794291678,-17.725367408049,-103.166907273924));
#4136=CARTESIAN_POINT('Origin',(-26.1669027670169,-17.725367408049,-103.166907273922));
#4137=CARTESIAN_POINT('',(-19.0096794291557,-17.725367408049,-46.9169072739236));
#4138=CARTESIAN_POINT('Origin',(-105.166902766999,-20.725367408049,-21.1669072739051));
#4139=CARTESIAN_POINT('',(-26.1669027669993,-20.725367408049,-21.166907273922));
#4140=CARTESIAN_POINT('',(-105.166902766999,-20.725367408049,-21.1669072739051));
#4141=CARTESIAN_POINT('',(-26.1669027669993,-20.725367408049,-21.166907273922));
#4142=CARTESIAN_POINT('',(-105.166902766999,-20.725367408049,-21.1669072739051));
#4143=CARTESIAN_POINT('',(-26.1669027669993,-20.725367408049,-21.166907273922));
#4144=CARTESIAN_POINT('Origin',(-105.166902767001,-20.725367408049,-28.166907273905));
#4145=CARTESIAN_POINT('',(-112.166902767001,-20.725367408049,-28.1669072739036));
#4146=CARTESIAN_POINT('Origin',(-105.166902767001,-20.725367408049,-28.166907273905));
#4147=CARTESIAN_POINT('',(-112.166902767001,-20.725367408049,-28.1669072739036));
#4148=CARTESIAN_POINT('Origin',(-112.166902767017,-20.725367408049,-103.166907273904));
#4149=CARTESIAN_POINT('',(-112.166902767017,-20.725367408049,-103.166907273904));
#4150=CARTESIAN_POINT('',(-112.166902767001,-20.725367408049,-28.1669072739036));
#4151=CARTESIAN_POINT('',(-112.166902767017,-20.725367408049,-103.166907273904));
#4152=CARTESIAN_POINT('Origin',(-105.166902767017,-20.725367408049,-103.166907273905));
#4153=CARTESIAN_POINT('',(-105.166902767018,-20.725367408049,-110.166907273905));
#4154=CARTESIAN_POINT('Origin',(-105.166902767017,-20.725367408049,-103.166907273905));
#4155=CARTESIAN_POINT('',(-105.166902767018,-20.725367408049,-110.166907273905));
#4156=CARTESIAN_POINT('Origin',(-26.1669027670184,-20.725367408049,-110.166907273922));
#4157=CARTESIAN_POINT('',(-26.1669027670184,-20.725367408049,-110.166907273922));
#4158=CARTESIAN_POINT('',(-105.166902767018,-20.725367408049,-110.166907273905));
#4159=CARTESIAN_POINT('',(-26.1669027670184,-20.725367408049,-110.166907273922));
#4160=CARTESIAN_POINT('Origin',(-26.1669027670169,-20.725367408049,-103.166907273922));
#4161=CARTESIAN_POINT('',(-19.1669027670169,-20.725367408049,-103.166907273924));
#4162=CARTESIAN_POINT('Origin',(-26.1669027670169,-20.725367408049,-103.166907273922));
#4163=CARTESIAN_POINT('',(-19.1669027670169,-20.725367408049,-103.166907273924));
#4164=CARTESIAN_POINT('Origin',(-19.1669027670008,-20.725367408049,-28.1669072739235));
#4165=CARTESIAN_POINT('',(-19.1669027670008,-20.725367408049,-28.1669072739235));
#4166=CARTESIAN_POINT('',(-19.1669027670169,-20.725367408049,-103.166907273924));
#4167=CARTESIAN_POINT('',(-19.1669027670008,-20.725367408049,-28.1669072739235));
#4168=CARTESIAN_POINT('Origin',(-26.1669027670008,-20.725367408049,-28.166907273922));
#4169=CARTESIAN_POINT('Origin',(-26.1669027670008,-20.725367408049,-28.166907273922));
#4170=CARTESIAN_POINT('Origin',(-65.6669027670089,-20.725367408049,-65.6669072739136));
#4171=CARTESIAN_POINT('Origin',(-26.1669027670008,-17.725367408049,-28.166907273922));
#4172=CARTESIAN_POINT('Origin',(4.24999681313782,-30.725367408049,-155.000007693765));
#4173=CARTESIAN_POINT('',(4.24999681313785,-30.725367408049,-142.000007693765));
#4174=CARTESIAN_POINT('Origin',(-4.25000318686217,-30.725367408049,-155.000007693765));
#4175=CARTESIAN_POINT('',(-4.25000318686217,-13.725367408049,-142.000007693765));
#4176=CARTESIAN_POINT('Origin',(-12.2500031868622,-30.725367408049,-142.000007693765));
#4177=CARTESIAN_POINT('Origin',(12.2499968131378,-30.725367408049,-142.000007693765));
#4178=CARTESIAN_POINT('Origin',(12.2499968131384,-30.725367408049,141.999992306235));
#4179=CARTESIAN_POINT('',(4.2499968131384,-13.725367408049,141.999992306235));
#4180=CARTESIAN_POINT('Origin',(4.2499968131384,-30.725367408049,154.999992306235));
#4181=CARTESIAN_POINT('Origin',(-4.25000318686159,-30.725367408049,154.999992306235));
#4182=CARTESIAN_POINT('',(-4.25000318686162,-30.725367408049,141.999992306235));
#4183=CARTESIAN_POINT('Origin',(-12.2500031868616,-30.725367408049,141.999992306235));
#4184=CARTESIAN_POINT('Origin',(141.999996813138,-30.725367408049,-12.2500076937649));
#4185=CARTESIAN_POINT('',(141.999996813138,-13.725367408049,-4.25000769376489));
#4186=CARTESIAN_POINT('Origin',(154.999996813138,-30.725367408049,-4.25000769376485));
#4187=CARTESIAN_POINT('Origin',(154.999996813138,-30.725367408049,4.24999230623514));
#4188=CARTESIAN_POINT('',(141.999996813138,-30.725367408049,4.24999230623512));
#4189=CARTESIAN_POINT('Origin',(141.999996813138,-30.725367408049,12.2499923062351));
#4190=CARTESIAN_POINT('Origin',(-142.000003186862,-30.725367408049,12.2499923062337));
#4191=CARTESIAN_POINT('',(-142.000003186862,-13.725367408049,4.24999230623369));
#4192=CARTESIAN_POINT('Origin',(-155.000003186862,-30.725367408049,4.24999230623356));
#4193=CARTESIAN_POINT('Origin',(-155.000003186862,-30.725367408049,-4.25000769376642));
#4194=CARTESIAN_POINT('',(-142.000003186862,-30.725367408049,-4.2500076937663));
#4195=CARTESIAN_POINT('Origin',(-142.000003186862,-30.725367408049,-12.2500076937663));
#4196=UNCERTAINTY_MEASURE_WITH_UNIT(LENGTH_MEASURE(0.01),#4200,
'DISTANCE_ACCURACY_VALUE',
'Maximum model space distance between geometric entities at asserted c
onnectivities');
#4197=UNCERTAINTY_MEASURE_WITH_UNIT(LENGTH_MEASURE(0.01),#4200,
'DISTANCE_ACCURACY_VALUE',
'Maximum model space distance between geometric entities at asserted c
onnectivities');
#4198=(
GEOMETRIC_REPRESENTATION_CONTEXT(3)
GLOBAL_UNCERTAINTY_ASSIGNED_CONTEXT((#4196))
GLOBAL_UNIT_ASSIGNED_CONTEXT((#4200,#4202,#4203))
REPRESENTATION_CONTEXT('','3D')
);
#4199=(
GEOMETRIC_REPRESENTATION_CONTEXT(3)
GLOBAL_UNCERTAINTY_ASSIGNED_CONTEXT((#4197))
GLOBAL_UNIT_ASSIGNED_CONTEXT((#4200,#4202,#4203))
REPRESENTATION_CONTEXT('','3D')
);
#4200=(
LENGTH_UNIT()
NAMED_UNIT(*)
SI_UNIT(.MILLI.,.METRE.)
);
#4201=(
LENGTH_UNIT()
NAMED_UNIT(*)
SI_UNIT($,.METRE.)
);
#4202=(
NAMED_UNIT(*)
PLANE_ANGLE_UNIT()
SI_UNIT($,.RADIAN.)
);
#4203=(
NAMED_UNIT(*)
SI_UNIT($,.STERADIAN.)
SOLID_ANGLE_UNIT()
);
#4204=SHAPE_DEFINITION_REPRESENTATION(#4205,#4206);
#4205=PRODUCT_DEFINITION_SHAPE('',$,#4208);
#4206=SHAPE_REPRESENTATION('',(#2386),#4198);
#4207=PRODUCT_DEFINITION_CONTEXT('part definition',#4212,'design');
#4208=PRODUCT_DEFINITION('Bottom-bak','Bottom-bak v2',#4209,#4207);
#4209=PRODUCT_DEFINITION_FORMATION('',$,#4214);
#4210=PRODUCT_RELATED_PRODUCT_CATEGORY('Bottom-bak v2','Bottom-bak v2',
(#4214));
#4211=APPLICATION_PROTOCOL_DEFINITION('international standard',
'automotive_design',2009,#4212);
#4212=APPLICATION_CONTEXT(
'Core Data for Automotive Mechanical Design Process');
#4213=PRODUCT_CONTEXT('part definition',#4212,'mechanical');
#4214=PRODUCT('Bottom-bak','Bottom-bak v2',$,(#4213));
#4215=PRESENTATION_STYLE_ASSIGNMENT((#4218));
#4216=PRESENTATION_STYLE_ASSIGNMENT((#4219));
#4217=PRESENTATION_STYLE_ASSIGNMENT((#4220));
#4218=SURFACE_STYLE_USAGE(.BOTH.,#4221);
#4219=SURFACE_STYLE_USAGE(.BOTH.,#4222);
#4220=SURFACE_STYLE_USAGE(.BOTH.,#4223);
#4221=SURFACE_SIDE_STYLE('',(#4224));
#4222=SURFACE_SIDE_STYLE('',(#4225));
#4223=SURFACE_SIDE_STYLE('',(#4226));
#4224=SURFACE_STYLE_FILL_AREA(#4227);
#4225=SURFACE_STYLE_FILL_AREA(#4228);
#4226=SURFACE_STYLE_FILL_AREA(#4229);
#4227=FILL_AREA_STYLE('Steel - Satin',(#4230));
#4228=FILL_AREA_STYLE('Opaque(202,209,238)',(#4231));
#4229=FILL_AREA_STYLE('Steel - Satin',(#4232));
#4230=FILL_AREA_STYLE_COLOUR('Steel - Satin',#4233);
#4231=FILL_AREA_STYLE_COLOUR('Opaque(202,209,238)',#4234);
#4232=FILL_AREA_STYLE_COLOUR('Steel - Satin',#4235);
#4233=COLOUR_RGB('Steel - Satin',0.627450980392157,0.627450980392157,0.627450980392157);
#4234=COLOUR_RGB('Opaque(202,209,238)',0.792156862745098,0.819607843137255,
0.933333333333333);
#4235=COLOUR_RGB('Steel - Satin',0.627450980392157,0.627450980392157,0.627450980392157);
ENDSEC;
END-ISO-10303-21;
