ISO-10303-21;
HEADER;
/* Generated by software containing ST-Developer
 * from STEP Tools, Inc. (www.steptools.com) 
 */

FILE_DESCRIPTION(
/* description */ (''),
/* implementation_level */ '2;1');

FILE_NAME(
/* name */ 'coupling to screw v1.step',
/* time_stamp */ '2026-03-14T10:14:21+01:00',
/* author */ (''),
/* organization */ (''),
/* preprocessor_version */ 'ST-DEVELOPER v20.1',
/* originating_system */ 'Autodesk Translation Framework v14.24.0.0',
/* authorisation */ '');

FILE_SCHEMA (('AUTOMOTIVE_DESIGN { 1 0 10303 214 3 1 1 }'));
ENDSEC;

DATA;
#10=MECHANICAL_DESIGN_GEOMETRIC_PRESENTATION_REPRESENTATION('',(#17,#18),
#2920);
#11=ITEM_DEFINED_TRANSFORMATION($,$,#1533,#1720);
#12=(
REPRESENTATION_RELATIONSHIP($,$,#2931,#2930)
REPRESENTATION_RELATIONSHIP_WITH_TRANSFORMATION(#11)
SHAPE_REPRESENTATION_RELATIONSHIP()
);
#13=CONTEXT_DEPENDENT_SHAPE_REPRESENTATION(#12,#2929);
#14=NEXT_ASSEMBLY_USAGE_OCCURRENCE(
'6133N129_Set Screw Flexible Shaft Coupling:1',
'6133N129_Set Screw Flexible Shaft Coupling:1',
'6133N129_Set Screw Flexible Shaft Coupling:1',#2933,#2934,
'6133N129_Set Screw Flexible Shaft Coupling:1');
#15=SHAPE_REPRESENTATION_RELATIONSHIP('SRR','None',#2931,#16);
#16=ADVANCED_BREP_SHAPE_REPRESENTATION('',(#19,#20),#2919);
#17=STYLED_ITEM('',(#2945),#19);
#18=STYLED_ITEM('',(#2944),#20);
#19=MANIFOLD_SOLID_BREP('Body1',#1518);
#20=MANIFOLD_SOLID_BREP('Body2',#1519);
#21=(
BOUNDED_SURFACE()
B_SPLINE_SURFACE(3,3,((#2637,#2638,#2639,#2640),(#2641,#2642,#2643,#2644),
(#2645,#2646,#2647,#2648),(#2649,#2650,#2651,#2652),(#2653,#2654,#2655,
#2656),(#2657,#2658,#2659,#2660),(#2661,#2662,#2663,#2664)),
 .UNSPECIFIED.,.F.,.F.,.F.)
B_SPLINE_SURFACE_WITH_KNOTS((4,3,4),(4,4),(0.,1.,1.01),(0.,1.),
 .UNSPECIFIED.)
GEOMETRIC_REPRESENTATION_ITEM()
RATIONAL_B_SPLINE_SURFACE(((1.,0.910683602522959,0.910683602522959,1.),
(0.80473785412436,0.732861568080567,0.732861568080567,0.80473785412436),
(0.80473785412436,0.732861568080567,0.732861568080567,0.80473785412436),
(1.,0.910683602522959,0.910683602522959,1.),(1.,0.910683602522959,0.910683602522959,
1.),(1.,0.910683602522959,0.910683602522959,1.),(1.,0.910683602522959,0.910683602522959,
1.)))
REPRESENTATION_ITEM('')
SURFACE()
);
#22=(
BOUNDED_SURFACE()
B_SPLINE_SURFACE(3,3,((#2666,#2667,#2668,#2669,#2670,#2671,#2672),(#2673,
#2674,#2675,#2676,#2677,#2678,#2679),(#2680,#2681,#2682,#2683,#2684,#2685,
#2686),(#2687,#2688,#2689,#2690,#2691,#2692,#2693),(#2694,#2695,#2696,#2697,
#2698,#2699,#2700),(#2701,#2702,#2703,#2704,#2705,#2706,#2707),(#2708,#2709,
#2710,#2711,#2712,#2713,#2714)),.UNSPECIFIED.,.F.,.F.,.F.)
B_SPLINE_SURFACE_WITH_KNOTS((4,3,4),(4,3,4),(0.,1.,1.01),(-0.01,0.,1.00052622999854),
 .UNSPECIFIED.)
GEOMETRIC_REPRESENTATION_ITEM()
RATIONAL_B_SPLINE_SURFACE(((1.,1.,1.,1.,0.998088981052557,0.998089986688055,
1.00000301690649),(0.804737854124365,0.804737854124365,0.804737854124365,
0.804737854124365,0.803199984837409,0.803200794110361,0.804740281943223),
(0.804737854124365,0.804737854124365,0.804737854124365,0.804737854124365,
0.803199984837409,0.803200794110361,0.804740281943223),(1.,1.,1.,1.,0.998088981052557,
0.998089986688055,1.00000301690649),(1.,1.,1.,1.,0.998088981052557,0.998089986688055,
1.00000301690649),(1.,1.,1.,1.,0.998088981052557,0.998089986688055,1.00000301690649),
(1.,1.,1.,1.,0.998088981052557,0.998089986688055,1.00000301690649)))
REPRESENTATION_ITEM('')
SURFACE()
);
#23=(
BOUNDED_SURFACE()
B_SPLINE_SURFACE(3,3,((#2718,#2719,#2720,#2721),(#2722,#2723,#2724,#2725),
(#2726,#2727,#2728,#2729),(#2730,#2731,#2732,#2733),(#2734,#2735,#2736,
#2737),(#2738,#2739,#2740,#2741),(#2742,#2743,#2744,#2745)),
 .UNSPECIFIED.,.F.,.F.,.F.)
B_SPLINE_SURFACE_WITH_KNOTS((4,3,4),(4,4),(0.,1.,1.01),(0.,1.),
 .UNSPECIFIED.)
GEOMETRIC_REPRESENTATION_ITEM()
RATIONAL_B_SPLINE_SURFACE(((1.,0.998089986228723,0.998089986228723,1.),
(0.804737854124365,0.803200793740719,0.803200793740719,0.804737854124365),
(0.804737854124365,0.803200793740719,0.803200793740719,0.804737854124365),
(1.,0.998089986228723,0.998089986228723,1.),(1.,0.998089986228723,0.998089986228723,
1.),(1.,0.998089986228723,0.998089986228723,1.),(1.,0.998089986228723,0.998089986228723,
1.)))
REPRESENTATION_ITEM('')
SURFACE()
);
#24=(
BOUNDED_SURFACE()
B_SPLINE_SURFACE(3,3,((#2747,#2748,#2749,#2750),(#2751,#2752,#2753,#2754),
(#2755,#2756,#2757,#2758),(#2759,#2760,#2761,#2762),(#2763,#2764,#2765,
#2766),(#2767,#2768,#2769,#2770),(#2771,#2772,#2773,#2774)),
 .UNSPECIFIED.,.F.,.F.,.F.)
B_SPLINE_SURFACE_WITH_KNOTS((4,3,4),(4,4),(0.,1.,1.01),(0.,1.),
 .UNSPECIFIED.)
GEOMETRIC_REPRESENTATION_ITEM()
RATIONAL_B_SPLINE_SURFACE(((1.,0.910683602488829,0.910683602488829,1.),
(0.804737854124365,0.732861568053106,0.732861568053106,0.804737854124365),
(0.804737854124365,0.732861568053106,0.732861568053106,0.804737854124365),
(1.,0.910683602488829,0.910683602488829,1.),(1.,0.910683602488829,0.910683602488829,
1.),(1.,0.910683602488829,0.910683602488829,1.),(1.,0.910683602488829,0.910683602488829,
1.)))
REPRESENTATION_ITEM('')
SURFACE()
);
#25=TOROIDAL_SURFACE('',#1622,1.80974999999998,0.793749999999999);
#26=TOROIDAL_SURFACE('',#1624,1.80974999999993,0.793749999999997);
#27=TOROIDAL_SURFACE('',#1629,2.06375000000001,0.793750000000001);
#28=TOROIDAL_SURFACE('',#1632,14.0017500000001,0.793750000000002);
#29=TOROIDAL_SURFACE('',#1635,2.06374999999999,0.793749999999998);
#30=TOROIDAL_SURFACE('',#1640,1.80974999999993,0.79375);
#31=TOROIDAL_SURFACE('',#1642,1.80975000000006,0.79375);
#32=TOROIDAL_SURFACE('',#1649,14.0017500000001,0.79375);
#33=TOROIDAL_SURFACE('',#1654,1.80974999999998,0.793749999999999);
#34=TOROIDAL_SURFACE('',#1659,2.06374999999999,0.79375);
#35=TOROIDAL_SURFACE('',#1662,14.0017499999998,0.79375);
#36=TOROIDAL_SURFACE('',#1665,2.06374999999999,0.79375);
#37=TOROIDAL_SURFACE('',#1670,1.80975000000009,0.793750000000003);
#38=FACE_BOUND('',#196,.T.);
#39=FACE_BOUND('',#242,.T.);
#40=FACE_BOUND('',#260,.T.);
#41=(
BOUNDED_CURVE()
B_SPLINE_CURVE(2,(#2428,#2429,#2430),.UNSPECIFIED.,.F.,.F.)
B_SPLINE_CURVE_WITH_KNOTS((3,3),(2.51346869540051,2.58336639694748),
 .UNSPECIFIED.)
CURVE()
GEOMETRIC_REPRESENTATION_ITEM()
RATIONAL_B_SPLINE_CURVE((1.24642857142857,1.16688662324512,1.08273009307201))
REPRESENTATION_ITEM('')
);
#42=(
BOUNDED_CURVE()
B_SPLINE_CURVE(2,(#2449,#2450,#2451),.UNSPECIFIED.,.F.,.F.)
B_SPLINE_CURVE_WITH_KNOTS((3,3),(0.0339055606450131,0.103803262191983),
 .UNSPECIFIED.)
CURVE()
GEOMETRIC_REPRESENTATION_ITEM()
RATIONAL_B_SPLINE_CURVE((1.08273009307201,1.16688662324512,1.24642857142857))
REPRESENTATION_ITEM('')
);
#43=(
BOUNDED_CURVE()
B_SPLINE_CURVE(2,(#2866,#2867,#2868),.UNSPECIFIED.,.F.,.F.)
B_SPLINE_CURVE_WITH_KNOTS((3,3),(-0.45323387245921,-0.13555018529598),
 .UNSPECIFIED.)
CURVE()
GEOMETRIC_REPRESENTATION_ITEM()
RATIONAL_B_SPLINE_CURVE((1.23205080756801,1.42264973081124,1.23205080756801))
REPRESENTATION_ITEM('')
);
#44=(
BOUNDED_CURVE()
B_SPLINE_CURVE(2,(#2870,#2871,#2872),.UNSPECIFIED.,.F.,.F.)
B_SPLINE_CURVE_WITH_KNOTS((3,3),(-0.45323387245921,-0.135550185295979),
 .UNSPECIFIED.)
CURVE()
GEOMETRIC_REPRESENTATION_ITEM()
RATIONAL_B_SPLINE_CURVE((1.23205080756802,1.42264973081126,1.23205080756802))
REPRESENTATION_ITEM('')
);
#45=(
BOUNDED_CURVE()
B_SPLINE_CURVE(2,(#2874,#2875,#2876),.UNSPECIFIED.,.F.,.F.)
B_SPLINE_CURVE_WITH_KNOTS((3,3),(-0.453233872459208,-0.13555018529598),
 .UNSPECIFIED.)
CURVE()
GEOMETRIC_REPRESENTATION_ITEM()
RATIONAL_B_SPLINE_CURVE((1.23205080756801,1.42264973081124,1.23205080756801))
REPRESENTATION_ITEM('')
);
#46=(
BOUNDED_CURVE()
B_SPLINE_CURVE(2,(#2878,#2879,#2880),.UNSPECIFIED.,.F.,.F.)
B_SPLINE_CURVE_WITH_KNOTS((3,3),(-0.453233872459209,-0.13555018529598),
 .UNSPECIFIED.)
CURVE()
GEOMETRIC_REPRESENTATION_ITEM()
RATIONAL_B_SPLINE_CURVE((1.23205080756801,1.42264973081124,1.23205080756801))
REPRESENTATION_ITEM('')
);
#47=(
BOUNDED_CURVE()
B_SPLINE_CURVE(2,(#2882,#2883,#2884),.UNSPECIFIED.,.F.,.F.)
B_SPLINE_CURVE_WITH_KNOTS((3,3),(-0.453233872459209,-0.135550185295981),
 .UNSPECIFIED.)
CURVE()
GEOMETRIC_REPRESENTATION_ITEM()
RATIONAL_B_SPLINE_CURVE((1.23205080756801,1.42264973081123,1.23205080756801))
REPRESENTATION_ITEM('')
);
#48=(
BOUNDED_CURVE()
B_SPLINE_CURVE(2,(#2886,#2887,#2888),.UNSPECIFIED.,.F.,.F.)
B_SPLINE_CURVE_WITH_KNOTS((3,3),(-0.453233872459208,-0.13555018529598),
 .UNSPECIFIED.)
CURVE()
GEOMETRIC_REPRESENTATION_ITEM()
RATIONAL_B_SPLINE_CURVE((1.23205080756801,1.42264973081124,1.23205080756801))
REPRESENTATION_ITEM('')
);
#49=PLANE('',#1559);
#50=PLANE('',#1560);
#51=PLANE('',#1561);
#52=PLANE('',#1562);
#53=PLANE('',#1563);
#54=PLANE('',#1564);
#55=PLANE('',#1568);
#56=PLANE('',#1571);
#57=PLANE('',#1591);
#58=PLANE('',#1592);
#59=PLANE('',#1598);
#60=PLANE('',#1603);
#61=PLANE('',#1604);
#62=PLANE('',#1610);
#63=PLANE('',#1615);
#64=PLANE('',#1616);
#65=PLANE('',#1619);
#66=PLANE('',#1673);
#67=PLANE('',#1675);
#68=PLANE('',#1677);
#69=PLANE('',#1680);
#70=PLANE('',#1682);
#71=PLANE('',#1690);
#72=PLANE('',#1699);
#73=PLANE('',#1700);
#74=PLANE('',#1713);
#75=PLANE('',#1714);
#76=PLANE('',#1715);
#77=PLANE('',#1716);
#78=PLANE('',#1717);
#79=PLANE('',#1718);
#80=PLANE('',#1719);
#81=CONICAL_SURFACE('',#1537,26.7843,0.785398163397447);
#82=CONICAL_SURFACE('',#1689,9.5875,0.785398163397445);
#83=CONICAL_SURFACE('',#1691,4.,0.78539816339745);
#84=CONICAL_SURFACE('',#1694,3.36,0.785398163397448);
#85=CONICAL_SURFACE('',#1707,2.30940107675851,0.78539816339745);
#86=CONICAL_SURFACE('',#1708,2.30940107675851,0.78539816339745);
#87=CONICAL_SURFACE('',#1709,2.30940107675851,0.78539816339745);
#88=CONICAL_SURFACE('',#1710,2.30940107675851,0.78539816339745);
#89=CONICAL_SURFACE('',#1711,2.30940107675851,0.78539816339745);
#90=CONICAL_SURFACE('',#1712,2.30940107675851,0.78539816339745);
#91=FACE_OUTER_BOUND('',#181,.T.);
#92=FACE_OUTER_BOUND('',#182,.T.);
#93=FACE_OUTER_BOUND('',#183,.T.);
#94=FACE_OUTER_BOUND('',#184,.T.);
#95=FACE_OUTER_BOUND('',#185,.T.);
#96=FACE_OUTER_BOUND('',#186,.T.);
#97=FACE_OUTER_BOUND('',#187,.T.);
#98=FACE_OUTER_BOUND('',#188,.T.);
#99=FACE_OUTER_BOUND('',#189,.T.);
#100=FACE_OUTER_BOUND('',#190,.T.);
#101=FACE_OUTER_BOUND('',#191,.T.);
#102=FACE_OUTER_BOUND('',#192,.T.);
#103=FACE_OUTER_BOUND('',#193,.T.);
#104=FACE_OUTER_BOUND('',#194,.T.);
#105=FACE_OUTER_BOUND('',#195,.T.);
#106=FACE_OUTER_BOUND('',#197,.T.);
#107=FACE_OUTER_BOUND('',#198,.T.);
#108=FACE_OUTER_BOUND('',#199,.T.);
#109=FACE_OUTER_BOUND('',#200,.T.);
#110=FACE_OUTER_BOUND('',#201,.T.);
#111=FACE_OUTER_BOUND('',#202,.T.);
#112=FACE_OUTER_BOUND('',#203,.T.);
#113=FACE_OUTER_BOUND('',#204,.T.);
#114=FACE_OUTER_BOUND('',#205,.T.);
#115=FACE_OUTER_BOUND('',#206,.T.);
#116=FACE_OUTER_BOUND('',#207,.T.);
#117=FACE_OUTER_BOUND('',#208,.T.);
#118=FACE_OUTER_BOUND('',#209,.T.);
#119=FACE_OUTER_BOUND('',#210,.T.);
#120=FACE_OUTER_BOUND('',#211,.T.);
#121=FACE_OUTER_BOUND('',#212,.T.);
#122=FACE_OUTER_BOUND('',#213,.T.);
#123=FACE_OUTER_BOUND('',#214,.T.);
#124=FACE_OUTER_BOUND('',#215,.T.);
#125=FACE_OUTER_BOUND('',#216,.T.);
#126=FACE_OUTER_BOUND('',#217,.T.);
#127=FACE_OUTER_BOUND('',#218,.T.);
#128=FACE_OUTER_BOUND('',#219,.T.);
#129=FACE_OUTER_BOUND('',#220,.T.);
#130=FACE_OUTER_BOUND('',#221,.T.);
#131=FACE_OUTER_BOUND('',#222,.T.);
#132=FACE_OUTER_BOUND('',#223,.T.);
#133=FACE_OUTER_BOUND('',#224,.T.);
#134=FACE_OUTER_BOUND('',#225,.T.);
#135=FACE_OUTER_BOUND('',#226,.T.);
#136=FACE_OUTER_BOUND('',#227,.T.);
#137=FACE_OUTER_BOUND('',#228,.T.);
#138=FACE_OUTER_BOUND('',#229,.T.);
#139=FACE_OUTER_BOUND('',#230,.T.);
#140=FACE_OUTER_BOUND('',#231,.T.);
#141=FACE_OUTER_BOUND('',#232,.T.);
#142=FACE_OUTER_BOUND('',#233,.T.);
#143=FACE_OUTER_BOUND('',#234,.T.);
#144=FACE_OUTER_BOUND('',#235,.T.);
#145=FACE_OUTER_BOUND('',#236,.T.);
#146=FACE_OUTER_BOUND('',#237,.T.);
#147=FACE_OUTER_BOUND('',#238,.T.);
#148=FACE_OUTER_BOUND('',#239,.T.);
#149=FACE_OUTER_BOUND('',#240,.T.);
#150=FACE_OUTER_BOUND('',#241,.T.);
#151=FACE_OUTER_BOUND('',#243,.T.);
#152=FACE_OUTER_BOUND('',#244,.T.);
#153=FACE_OUTER_BOUND('',#245,.T.);
#154=FACE_OUTER_BOUND('',#246,.T.);
#155=FACE_OUTER_BOUND('',#247,.T.);
#156=FACE_OUTER_BOUND('',#248,.T.);
#157=FACE_OUTER_BOUND('',#249,.T.);
#158=FACE_OUTER_BOUND('',#250,.T.);
#159=FACE_OUTER_BOUND('',#251,.T.);
#160=FACE_OUTER_BOUND('',#252,.T.);
#161=FACE_OUTER_BOUND('',#253,.T.);
#162=FACE_OUTER_BOUND('',#254,.T.);
#163=FACE_OUTER_BOUND('',#255,.T.);
#164=FACE_OUTER_BOUND('',#256,.T.);
#165=FACE_OUTER_BOUND('',#257,.T.);
#166=FACE_OUTER_BOUND('',#258,.T.);
#167=FACE_OUTER_BOUND('',#259,.T.);
#168=FACE_OUTER_BOUND('',#261,.T.);
#169=FACE_OUTER_BOUND('',#262,.T.);
#170=FACE_OUTER_BOUND('',#263,.T.);
#171=FACE_OUTER_BOUND('',#264,.T.);
#172=FACE_OUTER_BOUND('',#265,.T.);
#173=FACE_OUTER_BOUND('',#266,.T.);
#174=FACE_OUTER_BOUND('',#267,.T.);
#175=FACE_OUTER_BOUND('',#268,.T.);
#176=FACE_OUTER_BOUND('',#269,.T.);
#177=FACE_OUTER_BOUND('',#270,.T.);
#178=FACE_OUTER_BOUND('',#271,.T.);
#179=FACE_OUTER_BOUND('',#272,.T.);
#180=FACE_OUTER_BOUND('',#273,.T.);
#181=EDGE_LOOP('',(#951,#952,#953,#954,#955,#956,#957,#958,#959,#960,#961,
#962,#963,#964));
#182=EDGE_LOOP('',(#965,#966,#967,#968));
#183=EDGE_LOOP('',(#969,#970,#971,#972,#973));
#184=EDGE_LOOP('',(#974,#975,#976,#977,#978));
#185=EDGE_LOOP('',(#979,#980,#981,#982,#983,#984,#985,#986,#987));
#186=EDGE_LOOP('',(#988,#989,#990,#991,#992,#993,#994,#995,#996,#997,#998,
#999,#1000,#1001,#1002,#1003,#1004,#1005,#1006,#1007,#1008,#1009,#1010,
#1011,#1012,#1013,#1014));
#187=EDGE_LOOP('',(#1015,#1016,#1017,#1018,#1019));
#188=EDGE_LOOP('',(#1020,#1021,#1022,#1023));
#189=EDGE_LOOP('',(#1024,#1025,#1026,#1027));
#190=EDGE_LOOP('',(#1028,#1029,#1030,#1031));
#191=EDGE_LOOP('',(#1032,#1033,#1034,#1035,#1036));
#192=EDGE_LOOP('',(#1037,#1038,#1039,#1040,#1041,#1042,#1043,#1044,#1045,
#1046));
#193=EDGE_LOOP('',(#1047,#1048,#1049,#1050));
#194=EDGE_LOOP('',(#1051,#1052,#1053,#1054));
#195=EDGE_LOOP('',(#1055,#1056,#1057,#1058,#1059,#1060,#1061,#1062,#1063,
#1064,#1065,#1066,#1067,#1068,#1069,#1070,#1071,#1072,#1073,#1074,#1075,
#1076,#1077,#1078,#1079,#1080,#1081,#1082,#1083,#1084,#1085,#1086,#1087));
#196=EDGE_LOOP('',(#1088,#1089,#1090,#1091));
#197=EDGE_LOOP('',(#1092,#1093,#1094,#1095));
#198=EDGE_LOOP('',(#1096,#1097,#1098,#1099));
#199=EDGE_LOOP('',(#1100,#1101,#1102,#1103,#1104,#1105,#1106,#1107,#1108,
#1109));
#200=EDGE_LOOP('',(#1110,#1111,#1112,#1113));
#201=EDGE_LOOP('',(#1114,#1115,#1116,#1117));
#202=EDGE_LOOP('',(#1118,#1119,#1120,#1121));
#203=EDGE_LOOP('',(#1122,#1123,#1124,#1125));
#204=EDGE_LOOP('',(#1126,#1127,#1128,#1129,#1130,#1131,#1132,#1133,#1134,
#1135));
#205=EDGE_LOOP('',(#1136,#1137,#1138,#1139));
#206=EDGE_LOOP('',(#1140,#1141,#1142,#1143));
#207=EDGE_LOOP('',(#1144,#1145,#1146,#1147));
#208=EDGE_LOOP('',(#1148,#1149,#1150,#1151));
#209=EDGE_LOOP('',(#1152,#1153,#1154,#1155));
#210=EDGE_LOOP('',(#1156,#1157,#1158,#1159));
#211=EDGE_LOOP('',(#1160,#1161,#1162,#1163));
#212=EDGE_LOOP('',(#1164,#1165,#1166,#1167));
#213=EDGE_LOOP('',(#1168,#1169,#1170,#1171));
#214=EDGE_LOOP('',(#1172,#1173,#1174,#1175));
#215=EDGE_LOOP('',(#1176,#1177,#1178,#1179));
#216=EDGE_LOOP('',(#1180,#1181,#1182,#1183));
#217=EDGE_LOOP('',(#1184,#1185,#1186,#1187));
#218=EDGE_LOOP('',(#1188,#1189,#1190,#1191));
#219=EDGE_LOOP('',(#1192,#1193,#1194,#1195));
#220=EDGE_LOOP('',(#1196,#1197,#1198,#1199));
#221=EDGE_LOOP('',(#1200,#1201,#1202,#1203));
#222=EDGE_LOOP('',(#1204,#1205,#1206,#1207));
#223=EDGE_LOOP('',(#1208,#1209,#1210,#1211));
#224=EDGE_LOOP('',(#1212,#1213,#1214,#1215));
#225=EDGE_LOOP('',(#1216,#1217,#1218,#1219));
#226=EDGE_LOOP('',(#1220,#1221,#1222,#1223));
#227=EDGE_LOOP('',(#1224,#1225,#1226,#1227));
#228=EDGE_LOOP('',(#1228,#1229,#1230,#1231));
#229=EDGE_LOOP('',(#1232,#1233,#1234,#1235));
#230=EDGE_LOOP('',(#1236,#1237,#1238,#1239));
#231=EDGE_LOOP('',(#1240,#1241,#1242,#1243));
#232=EDGE_LOOP('',(#1244,#1245,#1246,#1247));
#233=EDGE_LOOP('',(#1248,#1249,#1250,#1251));
#234=EDGE_LOOP('',(#1252,#1253,#1254,#1255));
#235=EDGE_LOOP('',(#1256,#1257,#1258,#1259));
#236=EDGE_LOOP('',(#1260,#1261,#1262,#1263));
#237=EDGE_LOOP('',(#1264,#1265,#1266,#1267));
#238=EDGE_LOOP('',(#1268,#1269,#1270,#1271));
#239=EDGE_LOOP('',(#1272,#1273,#1274,#1275));
#240=EDGE_LOOP('',(#1276,#1277,#1278,#1279));
#241=EDGE_LOOP('',(#1280));
#242=EDGE_LOOP('',(#1281,#1282,#1283,#1284));
#243=EDGE_LOOP('',(#1285,#1286,#1287,#1288));
#244=EDGE_LOOP('',(#1289,#1290,#1291,#1292));
#245=EDGE_LOOP('',(#1293,#1294,#1295,#1296));
#246=EDGE_LOOP('',(#1297,#1298,#1299,#1300));
#247=EDGE_LOOP('',(#1301,#1302,#1303,#1304));
#248=EDGE_LOOP('',(#1305,#1306,#1307,#1308));
#249=EDGE_LOOP('',(#1309,#1310,#1311,#1312));
#250=EDGE_LOOP('',(#1313,#1314,#1315,#1316));
#251=EDGE_LOOP('',(#1317,#1318,#1319,#1320));
#252=EDGE_LOOP('',(#1321,#1322,#1323,#1324));
#253=EDGE_LOOP('',(#1325,#1326,#1327,#1328));
#254=EDGE_LOOP('',(#1329,#1330,#1331,#1332));
#255=EDGE_LOOP('',(#1333,#1334,#1335,#1336));
#256=EDGE_LOOP('',(#1337,#1338,#1339,#1340,#1341));
#257=EDGE_LOOP('',(#1342,#1343,#1344,#1345,#1346));
#258=EDGE_LOOP('',(#1347));
#259=EDGE_LOOP('',(#1348));
#260=EDGE_LOOP('',(#1349,#1350,#1351,#1352,#1353,#1354));
#261=EDGE_LOOP('',(#1355,#1356));
#262=EDGE_LOOP('',(#1357,#1358));
#263=EDGE_LOOP('',(#1359,#1360));
#264=EDGE_LOOP('',(#1361,#1362));
#265=EDGE_LOOP('',(#1363,#1364));
#266=EDGE_LOOP('',(#1365,#1366));
#267=EDGE_LOOP('',(#1367,#1368,#1369,#1370,#1371,#1372));
#268=EDGE_LOOP('',(#1373,#1374,#1375,#1376));
#269=EDGE_LOOP('',(#1377,#1378,#1379,#1380));
#270=EDGE_LOOP('',(#1381,#1382,#1383,#1384));
#271=EDGE_LOOP('',(#1385,#1386,#1387,#1388));
#272=EDGE_LOOP('',(#1389,#1390,#1391,#1392));
#273=EDGE_LOOP('',(#1393,#1394,#1395,#1396));
#274=CIRCLE('',#1535,4.);
#275=CIRCLE('',#1536,4.);
#276=CIRCLE('',#1538,26.7843);
#277=CIRCLE('',#1539,25.1968);
#278=CIRCLE('',#1541,1.27);
#279=CIRCLE('',#1542,1.27000000000001);
#280=CIRCLE('',#1543,1.27000000000066);
#281=CIRCLE('',#1545,1.27);
#282=CIRCLE('',#1546,1.27);
#283=CIRCLE('',#1547,1.27);
#284=CIRCLE('',#1549,8.);
#285=CIRCLE('',#1550,8.);
#286=CIRCLE('',#1552,26.7843);
#287=CIRCLE('',#1553,26.7843);
#288=CIRCLE('',#1554,26.7843);
#289=CIRCLE('',#1555,26.7843);
#290=CIRCLE('',#1556,26.7843);
#291=CIRCLE('',#1557,26.7843);
#292=CIRCLE('',#1558,26.7843);
#293=CIRCLE('',#1565,14.7955);
#294=CIRCLE('',#1566,1.016);
#295=CIRCLE('',#1567,1.016);
#296=CIRCLE('',#1570,0.79375);
#297=CIRCLE('',#1572,1.80974999999994);
#298=CIRCLE('',#1573,2.06375000000003);
#299=CIRCLE('',#1574,14.0017500000001);
#300=CIRCLE('',#1575,2.06375);
#301=CIRCLE('',#1576,1.80974999999995);
#302=CIRCLE('',#1577,1.80975000000007);
#303=CIRCLE('',#1578,2.06377465094049);
#304=CIRCLE('',#1579,2.06672680676928);
#305=CIRCLE('',#1580,14.00175);
#306=CIRCLE('',#1581,2.06673696227427);
#307=CIRCLE('',#1582,2.0637848545829);
#308=CIRCLE('',#1583,1.80974999999997);
#309=CIRCLE('',#1584,1.80974999999998);
#310=CIRCLE('',#1585,2.06374999999997);
#311=CIRCLE('',#1586,14.0017499999999);
#312=CIRCLE('',#1587,2.06375000000004);
#313=CIRCLE('',#1588,1.8097500000001);
#314=CIRCLE('',#1590,0.793750000000002);
#315=CIRCLE('',#1593,1.27);
#316=CIRCLE('',#1594,14.7955);
#317=CIRCLE('',#1595,1.27);
#318=CIRCLE('',#1596,1.016);
#319=CIRCLE('',#1597,1.016);
#320=CIRCLE('',#1600,0.793749999999999);
#321=CIRCLE('',#1602,0.793750000000002);
#322=CIRCLE('',#1605,1.27);
#323=CIRCLE('',#1606,14.7955);
#324=CIRCLE('',#1607,1.27);
#325=CIRCLE('',#1608,1.016);
#326=CIRCLE('',#1609,1.016);
#327=CIRCLE('',#1612,0.793750000000002);
#328=CIRCLE('',#1614,0.79375);
#329=CIRCLE('',#1618,14.7955);
#330=CIRCLE('',#1621,1.016);
#331=CIRCLE('',#1623,0.793749999999998);
#332=CIRCLE('',#1625,0.79375);
#333=CIRCLE('',#1626,1.01599999999993);
#334=CIRCLE('',#1628,0.79375);
#335=CIRCLE('',#1630,0.793750000000004);
#336=CIRCLE('',#1631,1.27);
#337=CIRCLE('',#1633,0.793750000000002);
#338=CIRCLE('',#1634,14.7955);
#339=CIRCLE('',#1636,0.79375);
#340=CIRCLE('',#1637,1.27);
#341=CIRCLE('',#1639,0.79375);
#342=CIRCLE('',#1641,1.01599999999994);
#343=CIRCLE('',#1643,0.793749999999998);
#344=CIRCLE('',#1644,1.01600000000007);
#345=CIRCLE('',#1646,0.79375);
#346=CIRCLE('',#1647,0.79375000261374);
#347=CIRCLE('',#1648,0.793749999999998);
#348=CIRCLE('',#1650,0.793749999999999);
#349=CIRCLE('',#1651,0.793750005225278);
#350=CIRCLE('',#1652,0.79375);
#351=CIRCLE('',#1655,0.79375);
#352=CIRCLE('',#1656,1.01599999999998);
#353=CIRCLE('',#1658,0.79375);
#354=CIRCLE('',#1660,0.793750000000001);
#355=CIRCLE('',#1661,1.27);
#356=CIRCLE('',#1663,0.793750000000001);
#357=CIRCLE('',#1664,14.7954999999998);
#358=CIRCLE('',#1666,0.793750000000001);
#359=CIRCLE('',#1667,1.27);
#360=CIRCLE('',#1669,0.793750000000002);
#361=CIRCLE('',#1671,1.01600000000009);
#362=CIRCLE('',#1678,9.5875);
#363=CIRCLE('',#1692,4.);
#364=CIRCLE('',#1693,2.63999999999999);
#365=CIRCLE('',#1695,4.);
#366=CIRCLE('',#1696,4.);
#367=CIRCLE('',#1697,3.36);
#368=CIRCLE('',#1701,2.30940107675851);
#369=CIRCLE('',#1702,2.30940107675851);
#370=CIRCLE('',#1703,2.30940107675851);
#371=CIRCLE('',#1704,2.30940107675851);
#372=CIRCLE('',#1705,2.30940107675851);
#373=CIRCLE('',#1706,2.30940107675851);
#374=LINE('',#2247,#477);
#375=LINE('',#2258,#478);
#376=LINE('',#2262,#479);
#377=LINE('',#2279,#480);
#378=LINE('',#2283,#481);
#379=LINE('',#2296,#482);
#380=LINE('',#2303,#483);
#381=LINE('',#2308,#484);
#382=LINE('',#2314,#485);
#383=LINE('',#2319,#486);
#384=LINE('',#2324,#487);
#385=LINE('',#2326,#488);
#386=LINE('',#2329,#489);
#387=LINE('',#2330,#490);
#388=LINE('',#2336,#491);
#389=LINE('',#2362,#492);
#390=LINE('',#2366,#493);
#391=LINE('',#2380,#494);
#392=LINE('',#2381,#495);
#393=LINE('',#2396,#496);
#394=LINE('',#2400,#497);
#395=LINE('',#2425,#498);
#396=LINE('',#2432,#499);
#397=LINE('',#2433,#500);
#398=LINE('',#2436,#501);
#399=LINE('',#2437,#502);
#400=LINE('',#2440,#503);
#401=LINE('',#2441,#504);
#402=LINE('',#2443,#505);
#403=LINE('',#2446,#506);
#404=LINE('',#2448,#507);
#405=LINE('',#2455,#508);
#406=LINE('',#2458,#509);
#407=LINE('',#2460,#510);
#408=LINE('',#2463,#511);
#409=LINE('',#2466,#512);
#410=LINE('',#2467,#513);
#411=LINE('',#2470,#514);
#412=LINE('',#2474,#515);
#413=LINE('',#2478,#516);
#414=LINE('',#2486,#517);
#415=LINE('',#2489,#518);
#416=LINE('',#2491,#519);
#417=LINE('',#2495,#520);
#418=LINE('',#2507,#521);
#419=LINE('',#2510,#522);
#420=LINE('',#2514,#523);
#421=LINE('',#2522,#524);
#422=LINE('',#2525,#525);
#423=LINE('',#2529,#526);
#424=LINE('',#2532,#527);
#425=LINE('',#2533,#528);
#426=LINE('',#2543,#529);
#427=LINE('',#2546,#530);
#428=LINE('',#2549,#531);
#429=LINE('',#2552,#532);
#430=LINE('',#2553,#533);
#431=LINE('',#2559,#534);
#432=LINE('',#2562,#535);
#433=LINE('',#2563,#536);
#434=LINE('',#2573,#537);
#435=LINE('',#2576,#538);
#436=LINE('',#2579,#539);
#437=LINE('',#2582,#540);
#438=LINE('',#2583,#541);
#439=LINE('',#2589,#542);
#440=LINE('',#2591,#543);
#441=LINE('',#2594,#544);
#442=LINE('',#2595,#545);
#443=LINE('',#2600,#546);
#444=LINE('',#2601,#547);
#445=LINE('',#2613,#548);
#446=LINE('',#2629,#549);
#447=LINE('',#2784,#550);
#448=LINE('',#2800,#551);
#449=LINE('',#2804,#552);
#450=LINE('',#2806,#553);
#451=LINE('',#2807,#554);
#452=LINE('',#2809,#555);
#453=LINE('',#2810,#556);
#454=LINE('',#2812,#557);
#455=LINE('',#2816,#558);
#456=LINE('',#2818,#559);
#457=LINE('',#2820,#560);
#458=LINE('',#2821,#561);
#459=LINE('',#2823,#562);
#460=LINE('',#2824,#563);
#461=LINE('',#2826,#564);
#462=LINE('',#2839,#565);
#463=LINE('',#2847,#566);
#464=LINE('',#2850,#567);
#465=LINE('',#2892,#568);
#466=LINE('',#2894,#569);
#467=LINE('',#2896,#570);
#468=LINE('',#2898,#571);
#469=LINE('',#2900,#572);
#470=LINE('',#2901,#573);
#471=LINE('',#2903,#574);
#472=LINE('',#2904,#575);
#473=LINE('',#2906,#576);
#474=LINE('',#2908,#577);
#475=LINE('',#2910,#578);
#476=LINE('',#2912,#579);
#477=VECTOR('',#1727,4.);
#478=VECTOR('',#1728,1000.);
#479=VECTOR('',#1731,1000.);
#480=VECTOR('',#1732,1000.);
#481=VECTOR('',#1735,1000.);
#482=VECTOR('',#1740,26.7843);
#483=VECTOR('',#1747,1000.);
#484=VECTOR('',#1752,1000.);
#485=VECTOR('',#1757,1000.);
#486=VECTOR('',#1762,1000.);
#487=VECTOR('',#1767,1000.);
#488=VECTOR('',#1768,1000.);
#489=VECTOR('',#1771,1000.);
#490=VECTOR('',#1772,1000.);
#491=VECTOR('',#1777,1000.);
#492=VECTOR('',#1780,1000.);
#493=VECTOR('',#1783,1000.);
#494=VECTOR('',#1786,26.7843);
#495=VECTOR('',#1787,26.7843);
#496=VECTOR('',#1790,1000.);
#497=VECTOR('',#1793,1000.);
#498=VECTOR('',#1796,1000.);
#499=VECTOR('',#1799,1000.);
#500=VECTOR('',#1800,1000.);
#501=VECTOR('',#1803,1000.);
#502=VECTOR('',#1804,1000.);
#503=VECTOR('',#1807,1000.);
#504=VECTOR('',#1808,1000.);
#505=VECTOR('',#1811,1000.);
#506=VECTOR('',#1814,1000.);
#507=VECTOR('',#1815,1000.);
#508=VECTOR('',#1820,1000.);
#509=VECTOR('',#1823,1000.);
#510=VECTOR('',#1824,1000.);
#511=VECTOR('',#1827,1000.);
#512=VECTOR('',#1830,1000.);
#513=VECTOR('',#1831,1000.);
#514=VECTOR('',#1834,1000.);
#515=VECTOR('',#1839,1000.);
#516=VECTOR('',#1842,1000.);
#517=VECTOR('',#1849,1000.);
#518=VECTOR('',#1852,1000.);
#519=VECTOR('',#1853,1000.);
#520=VECTOR('',#1856,1000.);
#521=VECTOR('',#1867,1000.);
#522=VECTOR('',#1870,1000.);
#523=VECTOR('',#1873,1000.);
#524=VECTOR('',#1880,1000.);
#525=VECTOR('',#1883,1000.);
#526=VECTOR('',#1888,1000.);
#527=VECTOR('',#1891,1000.);
#528=VECTOR('',#1892,1000.);
#529=VECTOR('',#1901,1000.);
#530=VECTOR('',#1904,1000.);
#531=VECTOR('',#1907,1000.);
#532=VECTOR('',#1910,1000.);
#533=VECTOR('',#1911,1000.);
#534=VECTOR('',#1920,1000.);
#535=VECTOR('',#1923,1000.);
#536=VECTOR('',#1924,1000.);
#537=VECTOR('',#1933,1000.);
#538=VECTOR('',#1936,1000.);
#539=VECTOR('',#1939,1000.);
#540=VECTOR('',#1942,1000.);
#541=VECTOR('',#1943,1000.);
#542=VECTOR('',#1952,1000.);
#543=VECTOR('',#1955,1000.);
#544=VECTOR('',#1958,1000.);
#545=VECTOR('',#1959,1000.);
#546=VECTOR('',#1966,1000.);
#547=VECTOR('',#1967,1000.);
#548=VECTOR('',#1986,1000.);
#549=VECTOR('',#2009,1000.);
#550=VECTOR('',#2048,1000.);
#551=VECTOR('',#2071,1000.);
#552=VECTOR('',#2078,1000.);
#553=VECTOR('',#2081,1000.);
#554=VECTOR('',#2082,1000.);
#555=VECTOR('',#2085,1000.);
#556=VECTOR('',#2086,1000.);
#557=VECTOR('',#2089,1000.);
#558=VECTOR('',#2096,1000.);
#559=VECTOR('',#2099,1000.);
#560=VECTOR('',#2102,1000.);
#561=VECTOR('',#2103,1000.);
#562=VECTOR('',#2106,1000.);
#563=VECTOR('',#2107,1000.);
#564=VECTOR('',#2110,1000.);
#565=VECTOR('',#2131,4.);
#566=VECTOR('',#2140,3.36);
#567=VECTOR('',#2145,4.);
#568=VECTOR('',#2176,1000.);
#569=VECTOR('',#2177,1000.);
#570=VECTOR('',#2178,1000.);
#571=VECTOR('',#2179,1000.);
#572=VECTOR('',#2180,1000.);
#573=VECTOR('',#2181,1000.);
#574=VECTOR('',#2184,1000.);
#575=VECTOR('',#2185,1000.);
#576=VECTOR('',#2188,1000.);
#577=VECTOR('',#2191,1000.);
#578=VECTOR('',#2194,1000.);
#579=VECTOR('',#2197,1000.);
#580=B_SPLINE_CURVE_WITH_KNOTS('',3,(#2207,#2208,#2209,#2210,#2211,#2212,
#2213,#2214,#2215,#2216),.UNSPECIFIED.,.F.,.F.,(4,2,2,2,4),(0.,0.150918722102751,
0.301837444205503,0.452753581288917,0.603669718372331),.UNSPECIFIED.);
#581=B_SPLINE_CURVE_WITH_KNOTS('',3,(#2218,#2219,#2220,#2221,#2222,#2223,
#2224,#2225,#2226,#2227,#2228,#2229,#2230,#2231,#2232,#2233,#2234,#2235),
 .UNSPECIFIED.,.F.,.F.,(4,2,2,2,2,2,2,2,4),(-1.81100915511699,-1.66009301803358,
-1.50917688095016,-1.35825815884741,-1.20733943674466,-1.05642071464191,
-0.905501992539159,-0.754585855455745,-0.60366971837233),.UNSPECIFIED.);
#582=B_SPLINE_CURVE_WITH_KNOTS('',3,(#2236,#2237,#2238,#2239,#2240,#2241,
#2242,#2243,#2244,#2245),.UNSPECIFIED.,.F.,.F.,(4,2,2,2,4),(-0.60366971837233,
-0.452753581288916,-0.301837444205502,-0.150918722102751,0.),
 .UNSPECIFIED.);
#583=B_SPLINE_CURVE_WITH_KNOTS('',3,(#2249,#2250,#2251,#2252,#2253,#2254,
#2255,#2256),.UNSPECIFIED.,.F.,.F.,(4,2,2,4),(0.,0.15396608035259,0.307932160705179,
0.352724243399781),.UNSPECIFIED.);
#584=B_SPLINE_CURVE_WITH_KNOTS('',3,(#2264,#2265,#2266,#2267,#2268,#2269,
#2270,#2271,#2272,#2273,#2274,#2275,#2276,#2277),.UNSPECIFIED.,.F.,.F.,
(4,2,2,2,2,2,4),(0.877325523332283,0.922117606026885,1.07608368637947,1.23004976673206,
1.38401584708465,1.53798192743724,1.58277401013184),.UNSPECIFIED.);
#585=B_SPLINE_CURVE_WITH_KNOTS('',3,(#2284,#2285,#2286,#2287,#2288,#2289,
#2290,#2291),.UNSPECIFIED.,.F.,.F.,(4,2,2,4),(-0.352724243399781,-0.307932160705179,
-0.153966080352589,0.),.UNSPECIFIED.);
#586=B_SPLINE_CURVE_WITH_KNOTS('',3,(#2338,#2339,#2340,#2341,#2342,#2343,
#2344,#2345,#2346,#2347),.UNSPECIFIED.,.F.,.F.,(4,2,2,2,4),(-0.24765703633629,
-0.21737540520885,-0.18709377408141,-0.155630754625695,-0.12416773516998),
 .UNSPECIFIED.);
#587=B_SPLINE_CURVE_WITH_KNOTS('',3,(#2351,#2352,#2353,#2354,#2355,#2356,
#2357,#2358,#2359,#2360),.UNSPECIFIED.,.F.,.F.,(4,2,2,2,4),(-0.371140171354224,
-0.339677151898508,-0.308214132442791,-0.27793250131535,-0.247650870187909),
 .UNSPECIFIED.);
#588=B_SPLINE_CURVE_WITH_KNOTS('',3,(#2368,#2369,#2370,#2371,#2372,#2373,
#2374,#2375,#2376,#2377),.UNSPECIFIED.,.F.,.F.,(4,2,2,2,4),(-0.247657036336289,
-0.217375405208849,-0.187093774081408,-0.155630754625692,-0.124167735169977),
 .UNSPECIFIED.);
#589=B_SPLINE_CURVE_WITH_KNOTS('',3,(#2385,#2386,#2387,#2388,#2389,#2390,
#2391,#2392,#2393,#2394),.UNSPECIFIED.,.F.,.F.,(4,2,2,2,4),(-0.371140171354222,
-0.339677151898506,-0.30821413244279,-0.277932501315349,-0.247650870187908),
 .UNSPECIFIED.);
#590=B_SPLINE_CURVE_WITH_KNOTS('',3,(#2402,#2403,#2404,#2405,#2406,#2407,
#2408,#2409,#2410,#2411),.UNSPECIFIED.,.F.,.F.,(4,2,2,2,4),(-0.24765703633629,
-0.217375405208849,-0.187093774081408,-0.155630754625691,-0.124167735169975),
 .UNSPECIFIED.);
#591=B_SPLINE_CURVE_WITH_KNOTS('',3,(#2415,#2416,#2417,#2418,#2419,#2420,
#2421,#2422,#2423,#2424),.UNSPECIFIED.,.F.,.F.,(4,2,2,2,4),(-0.371140171354214,
-0.3396771518985,-0.308214132442786,-0.277932501315347,-0.247650870187908),
 .UNSPECIFIED.);
#592=VERTEX_POINT('',#2205);
#593=VERTEX_POINT('',#2206);
#594=VERTEX_POINT('',#2217);
#595=VERTEX_POINT('',#2246);
#596=VERTEX_POINT('',#2248);
#597=VERTEX_POINT('',#2257);
#598=VERTEX_POINT('',#2259);
#599=VERTEX_POINT('',#2261);
#600=VERTEX_POINT('',#2263);
#601=VERTEX_POINT('',#2278);
#602=VERTEX_POINT('',#2280);
#603=VERTEX_POINT('',#2282);
#604=VERTEX_POINT('',#2293);
#605=VERTEX_POINT('',#2295);
#606=VERTEX_POINT('',#2299);
#607=VERTEX_POINT('',#2300);
#608=VERTEX_POINT('',#2302);
#609=VERTEX_POINT('',#2304);
#610=VERTEX_POINT('',#2306);
#611=VERTEX_POINT('',#2310);
#612=VERTEX_POINT('',#2311);
#613=VERTEX_POINT('',#2313);
#614=VERTEX_POINT('',#2315);
#615=VERTEX_POINT('',#2317);
#616=VERTEX_POINT('',#2321);
#617=VERTEX_POINT('',#2322);
#618=VERTEX_POINT('',#2325);
#619=VERTEX_POINT('',#2327);
#620=VERTEX_POINT('',#2332);
#621=VERTEX_POINT('',#2333);
#622=VERTEX_POINT('',#2335);
#623=VERTEX_POINT('',#2337);
#624=VERTEX_POINT('',#2348);
#625=VERTEX_POINT('',#2350);
#626=VERTEX_POINT('',#2361);
#627=VERTEX_POINT('',#2363);
#628=VERTEX_POINT('',#2365);
#629=VERTEX_POINT('',#2367);
#630=VERTEX_POINT('',#2378);
#631=VERTEX_POINT('',#2382);
#632=VERTEX_POINT('',#2384);
#633=VERTEX_POINT('',#2395);
#634=VERTEX_POINT('',#2397);
#635=VERTEX_POINT('',#2399);
#636=VERTEX_POINT('',#2401);
#637=VERTEX_POINT('',#2412);
#638=VERTEX_POINT('',#2414);
#639=VERTEX_POINT('',#2427);
#640=VERTEX_POINT('',#2431);
#641=VERTEX_POINT('',#2435);
#642=VERTEX_POINT('',#2439);
#643=VERTEX_POINT('',#2445);
#644=VERTEX_POINT('',#2447);
#645=VERTEX_POINT('',#2454);
#646=VERTEX_POINT('',#2456);
#647=VERTEX_POINT('',#2459);
#648=VERTEX_POINT('',#2461);
#649=VERTEX_POINT('',#2465);
#650=VERTEX_POINT('',#2469);
#651=VERTEX_POINT('',#2473);
#652=VERTEX_POINT('',#2475);
#653=VERTEX_POINT('',#2477);
#654=VERTEX_POINT('',#2479);
#655=VERTEX_POINT('',#2481);
#656=VERTEX_POINT('',#2483);
#657=VERTEX_POINT('',#2485);
#658=VERTEX_POINT('',#2487);
#659=VERTEX_POINT('',#2490);
#660=VERTEX_POINT('',#2492);
#661=VERTEX_POINT('',#2494);
#662=VERTEX_POINT('',#2496);
#663=VERTEX_POINT('',#2498);
#664=VERTEX_POINT('',#2500);
#665=VERTEX_POINT('',#2502);
#666=VERTEX_POINT('',#2504);
#667=VERTEX_POINT('',#2506);
#668=VERTEX_POINT('',#2509);
#669=VERTEX_POINT('',#2511);
#670=VERTEX_POINT('',#2513);
#671=VERTEX_POINT('',#2515);
#672=VERTEX_POINT('',#2517);
#673=VERTEX_POINT('',#2519);
#674=VERTEX_POINT('',#2521);
#675=VERTEX_POINT('',#2523);
#676=VERTEX_POINT('',#2527);
#677=VERTEX_POINT('',#2531);
#678=VERTEX_POINT('',#2535);
#679=VERTEX_POINT('',#2536);
#680=VERTEX_POINT('',#2538);
#681=VERTEX_POINT('',#2540);
#682=VERTEX_POINT('',#2542);
#683=VERTEX_POINT('',#2545);
#684=VERTEX_POINT('',#2547);
#685=VERTEX_POINT('',#2551);
#686=VERTEX_POINT('',#2557);
#687=VERTEX_POINT('',#2561);
#688=VERTEX_POINT('',#2565);
#689=VERTEX_POINT('',#2566);
#690=VERTEX_POINT('',#2568);
#691=VERTEX_POINT('',#2570);
#692=VERTEX_POINT('',#2572);
#693=VERTEX_POINT('',#2575);
#694=VERTEX_POINT('',#2577);
#695=VERTEX_POINT('',#2581);
#696=VERTEX_POINT('',#2587);
#697=VERTEX_POINT('',#2593);
#698=VERTEX_POINT('',#2599);
#699=VERTEX_POINT('',#2607);
#700=VERTEX_POINT('',#2611);
#701=VERTEX_POINT('',#2615);
#702=VERTEX_POINT('',#2619);
#703=VERTEX_POINT('',#2623);
#704=VERTEX_POINT('',#2627);
#705=VERTEX_POINT('',#2778);
#706=VERTEX_POINT('',#2782);
#707=VERTEX_POINT('',#2786);
#708=VERTEX_POINT('',#2790);
#709=VERTEX_POINT('',#2794);
#710=VERTEX_POINT('',#2798);
#711=VERTEX_POINT('',#2836);
#712=VERTEX_POINT('',#2838);
#713=VERTEX_POINT('',#2842);
#714=VERTEX_POINT('',#2843);
#715=VERTEX_POINT('',#2846);
#716=VERTEX_POINT('',#2853);
#717=VERTEX_POINT('',#2854);
#718=VERTEX_POINT('',#2856);
#719=VERTEX_POINT('',#2858);
#720=VERTEX_POINT('',#2860);
#721=VERTEX_POINT('',#2862);
#722=VERTEX_POINT('',#2890);
#723=VERTEX_POINT('',#2891);
#724=VERTEX_POINT('',#2893);
#725=VERTEX_POINT('',#2895);
#726=VERTEX_POINT('',#2897);
#727=VERTEX_POINT('',#2899);
#728=EDGE_CURVE('',#592,#593,#580,.F.);
#729=EDGE_CURVE('',#594,#592,#581,.F.);
#730=EDGE_CURVE('',#593,#594,#582,.F.);
#731=EDGE_CURVE('',#593,#595,#374,.T.);
#732=EDGE_CURVE('',#595,#596,#583,.T.);
#733=EDGE_CURVE('',#596,#597,#375,.T.);
#734=EDGE_CURVE('',#597,#598,#274,.T.);
#735=EDGE_CURVE('',#598,#599,#376,.T.);
#736=EDGE_CURVE('',#599,#600,#584,.F.);
#737=EDGE_CURVE('',#600,#601,#377,.T.);
#738=EDGE_CURVE('',#601,#602,#275,.T.);
#739=EDGE_CURVE('',#602,#603,#378,.T.);
#740=EDGE_CURVE('',#603,#595,#585,.T.);
#741=EDGE_CURVE('',#604,#604,#276,.T.);
#742=EDGE_CURVE('',#604,#605,#379,.T.);
#743=EDGE_CURVE('',#605,#605,#277,.T.);
#744=EDGE_CURVE('',#606,#607,#278,.T.);
#745=EDGE_CURVE('',#608,#607,#380,.T.);
#746=EDGE_CURVE('',#608,#609,#279,.T.);
#747=EDGE_CURVE('',#609,#610,#280,.T.);
#748=EDGE_CURVE('',#610,#606,#381,.T.);
#749=EDGE_CURVE('',#611,#612,#281,.T.);
#750=EDGE_CURVE('',#612,#613,#382,.T.);
#751=EDGE_CURVE('',#613,#614,#282,.T.);
#752=EDGE_CURVE('',#614,#615,#283,.T.);
#753=EDGE_CURVE('',#611,#615,#383,.T.);
#754=EDGE_CURVE('',#616,#617,#284,.T.);
#755=EDGE_CURVE('',#617,#600,#384,.T.);
#756=EDGE_CURVE('',#599,#618,#385,.T.);
#757=EDGE_CURVE('',#619,#618,#285,.T.);
#758=EDGE_CURVE('',#596,#619,#386,.T.);
#759=EDGE_CURVE('',#616,#603,#387,.T.);
#760=EDGE_CURVE('',#620,#621,#286,.T.);
#761=EDGE_CURVE('',#621,#622,#388,.T.);
#762=EDGE_CURVE('',#622,#623,#586,.T.);
#763=EDGE_CURVE('',#623,#624,#287,.T.);
#764=EDGE_CURVE('',#624,#625,#587,.T.);
#765=EDGE_CURVE('',#625,#626,#389,.T.);
#766=EDGE_CURVE('',#626,#627,#288,.T.);
#767=EDGE_CURVE('',#627,#628,#390,.T.);
#768=EDGE_CURVE('',#628,#629,#588,.T.);
#769=EDGE_CURVE('',#629,#630,#289,.T.);
#770=EDGE_CURVE('',#630,#594,#391,.T.);
#771=EDGE_CURVE('',#592,#604,#392,.T.);
#772=EDGE_CURVE('',#630,#631,#290,.T.);
#773=EDGE_CURVE('',#631,#632,#589,.T.);
#774=EDGE_CURVE('',#632,#633,#393,.T.);
#775=EDGE_CURVE('',#633,#634,#291,.T.);
#776=EDGE_CURVE('',#634,#635,#394,.T.);
#777=EDGE_CURVE('',#635,#636,#590,.T.);
#778=EDGE_CURVE('',#636,#637,#292,.T.);
#779=EDGE_CURVE('',#637,#638,#591,.T.);
#780=EDGE_CURVE('',#638,#620,#395,.T.);
#781=EDGE_CURVE('',#617,#639,#41,.T.);
#782=EDGE_CURVE('',#640,#639,#396,.T.);
#783=EDGE_CURVE('',#640,#601,#397,.T.);
#784=EDGE_CURVE('',#598,#641,#398,.T.);
#785=EDGE_CURVE('',#641,#618,#399,.T.);
#786=EDGE_CURVE('',#597,#642,#400,.T.);
#787=EDGE_CURVE('',#642,#641,#401,.T.);
#788=EDGE_CURVE('',#619,#642,#402,.T.);
#789=EDGE_CURVE('',#643,#602,#403,.T.);
#790=EDGE_CURVE('',#644,#643,#404,.T.);
#791=EDGE_CURVE('',#644,#616,#42,.T.);
#792=EDGE_CURVE('',#612,#606,#293,.T.);
#793=EDGE_CURVE('',#645,#611,#405,.T.);
#794=EDGE_CURVE('',#646,#645,#294,.T.);
#795=EDGE_CURVE('',#621,#646,#406,.T.);
#796=EDGE_CURVE('',#647,#620,#407,.T.);
#797=EDGE_CURVE('',#648,#647,#295,.T.);
#798=EDGE_CURVE('',#607,#648,#408,.T.);
#799=EDGE_CURVE('',#638,#649,#409,.T.);
#800=EDGE_CURVE('',#649,#647,#410,.T.);
#801=EDGE_CURVE('',#650,#637,#411,.T.);
#802=EDGE_CURVE('',#649,#650,#296,.T.);
#803=EDGE_CURVE('',#651,#629,#412,.T.);
#804=EDGE_CURVE('',#652,#651,#297,.T.);
#805=EDGE_CURVE('',#653,#652,#413,.T.);
#806=EDGE_CURVE('',#654,#653,#298,.T.);
#807=EDGE_CURVE('',#655,#654,#299,.T.);
#808=EDGE_CURVE('',#656,#655,#300,.T.);
#809=EDGE_CURVE('',#657,#656,#414,.T.);
#810=EDGE_CURVE('',#658,#657,#301,.T.);
#811=EDGE_CURVE('',#624,#658,#415,.T.);
#812=EDGE_CURVE('',#659,#623,#416,.T.);
#813=EDGE_CURVE('',#660,#659,#302,.T.);
#814=EDGE_CURVE('',#661,#660,#417,.T.);
#815=EDGE_CURVE('',#662,#661,#303,.T.);
#816=EDGE_CURVE('',#663,#662,#304,.T.);
#817=EDGE_CURVE('',#664,#663,#305,.T.);
#818=EDGE_CURVE('',#665,#664,#306,.T.);
#819=EDGE_CURVE('',#666,#665,#307,.T.);
#820=EDGE_CURVE('',#667,#666,#418,.T.);
#821=EDGE_CURVE('',#650,#667,#308,.T.);
#822=EDGE_CURVE('',#668,#636,#419,.T.);
#823=EDGE_CURVE('',#669,#668,#309,.T.);
#824=EDGE_CURVE('',#670,#669,#420,.T.);
#825=EDGE_CURVE('',#671,#670,#310,.T.);
#826=EDGE_CURVE('',#672,#671,#311,.T.);
#827=EDGE_CURVE('',#673,#672,#312,.T.);
#828=EDGE_CURVE('',#674,#673,#421,.T.);
#829=EDGE_CURVE('',#675,#674,#313,.T.);
#830=EDGE_CURVE('',#631,#675,#422,.T.);
#831=EDGE_CURVE('',#668,#676,#314,.T.);
#832=EDGE_CURVE('',#676,#635,#423,.T.);
#833=EDGE_CURVE('',#677,#676,#424,.T.);
#834=EDGE_CURVE('',#634,#677,#425,.T.);
#835=EDGE_CURVE('',#678,#679,#315,.T.);
#836=EDGE_CURVE('',#680,#678,#316,.T.);
#837=EDGE_CURVE('',#681,#680,#317,.T.);
#838=EDGE_CURVE('',#682,#681,#426,.T.);
#839=EDGE_CURVE('',#677,#682,#318,.T.);
#840=EDGE_CURVE('',#683,#633,#427,.T.);
#841=EDGE_CURVE('',#684,#683,#319,.T.);
#842=EDGE_CURVE('',#679,#684,#428,.T.);
#843=EDGE_CURVE('',#632,#685,#429,.T.);
#844=EDGE_CURVE('',#685,#683,#430,.T.);
#845=EDGE_CURVE('',#685,#675,#320,.T.);
#846=EDGE_CURVE('',#651,#686,#321,.T.);
#847=EDGE_CURVE('',#686,#628,#431,.T.);
#848=EDGE_CURVE('',#687,#686,#432,.T.);
#849=EDGE_CURVE('',#627,#687,#433,.T.);
#850=EDGE_CURVE('',#688,#689,#322,.T.);
#851=EDGE_CURVE('',#690,#688,#323,.T.);
#852=EDGE_CURVE('',#691,#690,#324,.T.);
#853=EDGE_CURVE('',#692,#691,#434,.T.);
#854=EDGE_CURVE('',#687,#692,#325,.T.);
#855=EDGE_CURVE('',#693,#626,#435,.T.);
#856=EDGE_CURVE('',#694,#693,#326,.T.);
#857=EDGE_CURVE('',#689,#694,#436,.T.);
#858=EDGE_CURVE('',#625,#695,#437,.T.);
#859=EDGE_CURVE('',#695,#693,#438,.T.);
#860=EDGE_CURVE('',#695,#658,#327,.T.);
#861=EDGE_CURVE('',#659,#696,#328,.T.);
#862=EDGE_CURVE('',#696,#622,#439,.T.);
#863=EDGE_CURVE('',#646,#696,#440,.T.);
#864=EDGE_CURVE('',#648,#697,#441,.T.);
#865=EDGE_CURVE('',#697,#608,#442,.T.);
#866=EDGE_CURVE('',#613,#610,#329,.T.);
#867=EDGE_CURVE('',#615,#698,#443,.T.);
#868=EDGE_CURVE('',#698,#645,#444,.T.);
#869=EDGE_CURVE('',#649,#697,#330,.T.);
#870=EDGE_CURVE('',#697,#667,#331,.T.);
#871=EDGE_CURVE('',#652,#699,#332,.T.);
#872=EDGE_CURVE('',#699,#686,#333,.T.);
#873=EDGE_CURVE('',#653,#700,#334,.T.);
#874=EDGE_CURVE('',#700,#699,#445,.T.);
#875=EDGE_CURVE('',#654,#701,#335,.T.);
#876=EDGE_CURVE('',#701,#700,#336,.T.);
#877=EDGE_CURVE('',#655,#702,#337,.T.);
#878=EDGE_CURVE('',#702,#701,#338,.T.);
#879=EDGE_CURVE('',#656,#703,#339,.T.);
#880=EDGE_CURVE('',#703,#702,#340,.T.);
#881=EDGE_CURVE('',#657,#704,#341,.T.);
#882=EDGE_CURVE('',#704,#703,#446,.T.);
#883=EDGE_CURVE('',#695,#704,#342,.T.);
#884=EDGE_CURVE('',#660,#698,#343,.T.);
#885=EDGE_CURVE('',#698,#696,#344,.T.);
#886=EDGE_CURVE('',#661,#615,#345,.T.);
#887=EDGE_CURVE('',#662,#614,#346,.T.);
#888=EDGE_CURVE('',#663,#613,#347,.T.);
#889=EDGE_CURVE('',#664,#610,#348,.T.);
#890=EDGE_CURVE('',#665,#609,#349,.T.);
#891=EDGE_CURVE('',#666,#608,#350,.T.);
#892=EDGE_CURVE('',#669,#705,#351,.T.);
#893=EDGE_CURVE('',#705,#676,#352,.T.);
#894=EDGE_CURVE('',#670,#706,#353,.T.);
#895=EDGE_CURVE('',#706,#705,#447,.T.);
#896=EDGE_CURVE('',#671,#707,#354,.T.);
#897=EDGE_CURVE('',#707,#706,#355,.T.);
#898=EDGE_CURVE('',#672,#708,#356,.T.);
#899=EDGE_CURVE('',#708,#707,#357,.T.);
#900=EDGE_CURVE('',#673,#709,#358,.T.);
#901=EDGE_CURVE('',#709,#708,#359,.T.);
#902=EDGE_CURVE('',#674,#710,#360,.T.);
#903=EDGE_CURVE('',#710,#709,#448,.T.);
#904=EDGE_CURVE('',#685,#710,#361,.T.);
#905=EDGE_CURVE('',#682,#705,#449,.T.);
#906=EDGE_CURVE('',#684,#710,#450,.T.);
#907=EDGE_CURVE('',#709,#679,#451,.T.);
#908=EDGE_CURVE('',#680,#707,#452,.T.);
#909=EDGE_CURVE('',#708,#678,#453,.T.);
#910=EDGE_CURVE('',#681,#706,#454,.T.);
#911=EDGE_CURVE('',#639,#644,#362,.T.);
#912=EDGE_CURVE('',#643,#640,#455,.T.);
#913=EDGE_CURVE('',#692,#699,#456,.T.);
#914=EDGE_CURVE('',#694,#704,#457,.T.);
#915=EDGE_CURVE('',#703,#689,#458,.T.);
#916=EDGE_CURVE('',#690,#701,#459,.T.);
#917=EDGE_CURVE('',#702,#688,#460,.T.);
#918=EDGE_CURVE('',#691,#700,#461,.T.);
#919=EDGE_CURVE('',#711,#711,#363,.T.);
#920=EDGE_CURVE('',#711,#712,#462,.T.);
#921=EDGE_CURVE('',#712,#712,#364,.T.);
#922=EDGE_CURVE('',#713,#714,#365,.T.);
#923=EDGE_CURVE('',#714,#713,#366,.T.);
#924=EDGE_CURVE('',#714,#715,#463,.T.);
#925=EDGE_CURVE('',#715,#715,#367,.T.);
#926=EDGE_CURVE('',#713,#711,#464,.T.);
#927=EDGE_CURVE('',#716,#717,#368,.T.);
#928=EDGE_CURVE('',#718,#716,#369,.T.);
#929=EDGE_CURVE('',#719,#718,#370,.T.);
#930=EDGE_CURVE('',#720,#719,#371,.T.);
#931=EDGE_CURVE('',#721,#720,#372,.T.);
#932=EDGE_CURVE('',#717,#721,#373,.T.);
#933=EDGE_CURVE('',#717,#721,#43,.T.);
#934=EDGE_CURVE('',#721,#720,#44,.T.);
#935=EDGE_CURVE('',#720,#719,#45,.T.);
#936=EDGE_CURVE('',#719,#718,#46,.T.);
#937=EDGE_CURVE('',#718,#716,#47,.T.);
#938=EDGE_CURVE('',#716,#717,#48,.T.);
#939=EDGE_CURVE('',#722,#723,#465,.T.);
#940=EDGE_CURVE('',#723,#724,#466,.T.);
#941=EDGE_CURVE('',#724,#725,#467,.T.);
#942=EDGE_CURVE('',#725,#726,#468,.T.);
#943=EDGE_CURVE('',#726,#727,#469,.T.);
#944=EDGE_CURVE('',#727,#722,#470,.T.);
#945=EDGE_CURVE('',#723,#717,#471,.T.);
#946=EDGE_CURVE('',#724,#721,#472,.T.);
#947=EDGE_CURVE('',#725,#720,#473,.T.);
#948=EDGE_CURVE('',#726,#719,#474,.T.);
#949=EDGE_CURVE('',#727,#718,#475,.T.);
#950=EDGE_CURVE('',#722,#716,#476,.T.);
#951=ORIENTED_EDGE('',*,*,#728,.F.);
#952=ORIENTED_EDGE('',*,*,#729,.F.);
#953=ORIENTED_EDGE('',*,*,#730,.F.);
#954=ORIENTED_EDGE('',*,*,#731,.T.);
#955=ORIENTED_EDGE('',*,*,#732,.T.);
#956=ORIENTED_EDGE('',*,*,#733,.T.);
#957=ORIENTED_EDGE('',*,*,#734,.T.);
#958=ORIENTED_EDGE('',*,*,#735,.T.);
#959=ORIENTED_EDGE('',*,*,#736,.T.);
#960=ORIENTED_EDGE('',*,*,#737,.T.);
#961=ORIENTED_EDGE('',*,*,#738,.T.);
#962=ORIENTED_EDGE('',*,*,#739,.T.);
#963=ORIENTED_EDGE('',*,*,#740,.T.);
#964=ORIENTED_EDGE('',*,*,#731,.F.);
#965=ORIENTED_EDGE('',*,*,#741,.F.);
#966=ORIENTED_EDGE('',*,*,#742,.T.);
#967=ORIENTED_EDGE('',*,*,#743,.T.);
#968=ORIENTED_EDGE('',*,*,#742,.F.);
#969=ORIENTED_EDGE('',*,*,#744,.T.);
#970=ORIENTED_EDGE('',*,*,#745,.F.);
#971=ORIENTED_EDGE('',*,*,#746,.T.);
#972=ORIENTED_EDGE('',*,*,#747,.T.);
#973=ORIENTED_EDGE('',*,*,#748,.T.);
#974=ORIENTED_EDGE('',*,*,#749,.T.);
#975=ORIENTED_EDGE('',*,*,#750,.T.);
#976=ORIENTED_EDGE('',*,*,#751,.T.);
#977=ORIENTED_EDGE('',*,*,#752,.T.);
#978=ORIENTED_EDGE('',*,*,#753,.F.);
#979=ORIENTED_EDGE('',*,*,#754,.T.);
#980=ORIENTED_EDGE('',*,*,#755,.T.);
#981=ORIENTED_EDGE('',*,*,#736,.F.);
#982=ORIENTED_EDGE('',*,*,#756,.T.);
#983=ORIENTED_EDGE('',*,*,#757,.F.);
#984=ORIENTED_EDGE('',*,*,#758,.F.);
#985=ORIENTED_EDGE('',*,*,#732,.F.);
#986=ORIENTED_EDGE('',*,*,#740,.F.);
#987=ORIENTED_EDGE('',*,*,#759,.F.);
#988=ORIENTED_EDGE('',*,*,#760,.T.);
#989=ORIENTED_EDGE('',*,*,#761,.T.);
#990=ORIENTED_EDGE('',*,*,#762,.T.);
#991=ORIENTED_EDGE('',*,*,#763,.T.);
#992=ORIENTED_EDGE('',*,*,#764,.T.);
#993=ORIENTED_EDGE('',*,*,#765,.T.);
#994=ORIENTED_EDGE('',*,*,#766,.T.);
#995=ORIENTED_EDGE('',*,*,#767,.T.);
#996=ORIENTED_EDGE('',*,*,#768,.T.);
#997=ORIENTED_EDGE('',*,*,#769,.T.);
#998=ORIENTED_EDGE('',*,*,#770,.T.);
#999=ORIENTED_EDGE('',*,*,#729,.T.);
#1000=ORIENTED_EDGE('',*,*,#771,.T.);
#1001=ORIENTED_EDGE('',*,*,#741,.T.);
#1002=ORIENTED_EDGE('',*,*,#771,.F.);
#1003=ORIENTED_EDGE('',*,*,#728,.T.);
#1004=ORIENTED_EDGE('',*,*,#730,.T.);
#1005=ORIENTED_EDGE('',*,*,#770,.F.);
#1006=ORIENTED_EDGE('',*,*,#772,.T.);
#1007=ORIENTED_EDGE('',*,*,#773,.T.);
#1008=ORIENTED_EDGE('',*,*,#774,.T.);
#1009=ORIENTED_EDGE('',*,*,#775,.T.);
#1010=ORIENTED_EDGE('',*,*,#776,.T.);
#1011=ORIENTED_EDGE('',*,*,#777,.T.);
#1012=ORIENTED_EDGE('',*,*,#778,.T.);
#1013=ORIENTED_EDGE('',*,*,#779,.T.);
#1014=ORIENTED_EDGE('',*,*,#780,.T.);
#1015=ORIENTED_EDGE('',*,*,#737,.F.);
#1016=ORIENTED_EDGE('',*,*,#755,.F.);
#1017=ORIENTED_EDGE('',*,*,#781,.T.);
#1018=ORIENTED_EDGE('',*,*,#782,.F.);
#1019=ORIENTED_EDGE('',*,*,#783,.T.);
#1020=ORIENTED_EDGE('',*,*,#735,.F.);
#1021=ORIENTED_EDGE('',*,*,#784,.T.);
#1022=ORIENTED_EDGE('',*,*,#785,.T.);
#1023=ORIENTED_EDGE('',*,*,#756,.F.);
#1024=ORIENTED_EDGE('',*,*,#734,.F.);
#1025=ORIENTED_EDGE('',*,*,#786,.T.);
#1026=ORIENTED_EDGE('',*,*,#787,.T.);
#1027=ORIENTED_EDGE('',*,*,#784,.F.);
#1028=ORIENTED_EDGE('',*,*,#733,.F.);
#1029=ORIENTED_EDGE('',*,*,#758,.T.);
#1030=ORIENTED_EDGE('',*,*,#788,.T.);
#1031=ORIENTED_EDGE('',*,*,#786,.F.);
#1032=ORIENTED_EDGE('',*,*,#739,.F.);
#1033=ORIENTED_EDGE('',*,*,#789,.F.);
#1034=ORIENTED_EDGE('',*,*,#790,.F.);
#1035=ORIENTED_EDGE('',*,*,#791,.T.);
#1036=ORIENTED_EDGE('',*,*,#759,.T.);
#1037=ORIENTED_EDGE('',*,*,#744,.F.);
#1038=ORIENTED_EDGE('',*,*,#792,.F.);
#1039=ORIENTED_EDGE('',*,*,#749,.F.);
#1040=ORIENTED_EDGE('',*,*,#793,.F.);
#1041=ORIENTED_EDGE('',*,*,#794,.F.);
#1042=ORIENTED_EDGE('',*,*,#795,.F.);
#1043=ORIENTED_EDGE('',*,*,#760,.F.);
#1044=ORIENTED_EDGE('',*,*,#796,.F.);
#1045=ORIENTED_EDGE('',*,*,#797,.F.);
#1046=ORIENTED_EDGE('',*,*,#798,.F.);
#1047=ORIENTED_EDGE('',*,*,#780,.F.);
#1048=ORIENTED_EDGE('',*,*,#799,.T.);
#1049=ORIENTED_EDGE('',*,*,#800,.T.);
#1050=ORIENTED_EDGE('',*,*,#796,.T.);
#1051=ORIENTED_EDGE('',*,*,#779,.F.);
#1052=ORIENTED_EDGE('',*,*,#801,.F.);
#1053=ORIENTED_EDGE('',*,*,#802,.F.);
#1054=ORIENTED_EDGE('',*,*,#799,.F.);
#1055=ORIENTED_EDGE('',*,*,#769,.F.);
#1056=ORIENTED_EDGE('',*,*,#803,.F.);
#1057=ORIENTED_EDGE('',*,*,#804,.F.);
#1058=ORIENTED_EDGE('',*,*,#805,.F.);
#1059=ORIENTED_EDGE('',*,*,#806,.F.);
#1060=ORIENTED_EDGE('',*,*,#807,.F.);
#1061=ORIENTED_EDGE('',*,*,#808,.F.);
#1062=ORIENTED_EDGE('',*,*,#809,.F.);
#1063=ORIENTED_EDGE('',*,*,#810,.F.);
#1064=ORIENTED_EDGE('',*,*,#811,.F.);
#1065=ORIENTED_EDGE('',*,*,#763,.F.);
#1066=ORIENTED_EDGE('',*,*,#812,.F.);
#1067=ORIENTED_EDGE('',*,*,#813,.F.);
#1068=ORIENTED_EDGE('',*,*,#814,.F.);
#1069=ORIENTED_EDGE('',*,*,#815,.F.);
#1070=ORIENTED_EDGE('',*,*,#816,.F.);
#1071=ORIENTED_EDGE('',*,*,#817,.F.);
#1072=ORIENTED_EDGE('',*,*,#818,.F.);
#1073=ORIENTED_EDGE('',*,*,#819,.F.);
#1074=ORIENTED_EDGE('',*,*,#820,.F.);
#1075=ORIENTED_EDGE('',*,*,#821,.F.);
#1076=ORIENTED_EDGE('',*,*,#801,.T.);
#1077=ORIENTED_EDGE('',*,*,#778,.F.);
#1078=ORIENTED_EDGE('',*,*,#822,.F.);
#1079=ORIENTED_EDGE('',*,*,#823,.F.);
#1080=ORIENTED_EDGE('',*,*,#824,.F.);
#1081=ORIENTED_EDGE('',*,*,#825,.F.);
#1082=ORIENTED_EDGE('',*,*,#826,.F.);
#1083=ORIENTED_EDGE('',*,*,#827,.F.);
#1084=ORIENTED_EDGE('',*,*,#828,.F.);
#1085=ORIENTED_EDGE('',*,*,#829,.F.);
#1086=ORIENTED_EDGE('',*,*,#830,.F.);
#1087=ORIENTED_EDGE('',*,*,#772,.F.);
#1088=ORIENTED_EDGE('',*,*,#757,.T.);
#1089=ORIENTED_EDGE('',*,*,#785,.F.);
#1090=ORIENTED_EDGE('',*,*,#787,.F.);
#1091=ORIENTED_EDGE('',*,*,#788,.F.);
#1092=ORIENTED_EDGE('',*,*,#831,.F.);
#1093=ORIENTED_EDGE('',*,*,#822,.T.);
#1094=ORIENTED_EDGE('',*,*,#777,.F.);
#1095=ORIENTED_EDGE('',*,*,#832,.F.);
#1096=ORIENTED_EDGE('',*,*,#833,.T.);
#1097=ORIENTED_EDGE('',*,*,#832,.T.);
#1098=ORIENTED_EDGE('',*,*,#776,.F.);
#1099=ORIENTED_EDGE('',*,*,#834,.T.);
#1100=ORIENTED_EDGE('',*,*,#835,.F.);
#1101=ORIENTED_EDGE('',*,*,#836,.F.);
#1102=ORIENTED_EDGE('',*,*,#837,.F.);
#1103=ORIENTED_EDGE('',*,*,#838,.F.);
#1104=ORIENTED_EDGE('',*,*,#839,.F.);
#1105=ORIENTED_EDGE('',*,*,#834,.F.);
#1106=ORIENTED_EDGE('',*,*,#775,.F.);
#1107=ORIENTED_EDGE('',*,*,#840,.F.);
#1108=ORIENTED_EDGE('',*,*,#841,.F.);
#1109=ORIENTED_EDGE('',*,*,#842,.F.);
#1110=ORIENTED_EDGE('',*,*,#774,.F.);
#1111=ORIENTED_EDGE('',*,*,#843,.T.);
#1112=ORIENTED_EDGE('',*,*,#844,.T.);
#1113=ORIENTED_EDGE('',*,*,#840,.T.);
#1114=ORIENTED_EDGE('',*,*,#773,.F.);
#1115=ORIENTED_EDGE('',*,*,#830,.T.);
#1116=ORIENTED_EDGE('',*,*,#845,.F.);
#1117=ORIENTED_EDGE('',*,*,#843,.F.);
#1118=ORIENTED_EDGE('',*,*,#846,.F.);
#1119=ORIENTED_EDGE('',*,*,#803,.T.);
#1120=ORIENTED_EDGE('',*,*,#768,.F.);
#1121=ORIENTED_EDGE('',*,*,#847,.F.);
#1122=ORIENTED_EDGE('',*,*,#848,.T.);
#1123=ORIENTED_EDGE('',*,*,#847,.T.);
#1124=ORIENTED_EDGE('',*,*,#767,.F.);
#1125=ORIENTED_EDGE('',*,*,#849,.T.);
#1126=ORIENTED_EDGE('',*,*,#850,.F.);
#1127=ORIENTED_EDGE('',*,*,#851,.F.);
#1128=ORIENTED_EDGE('',*,*,#852,.F.);
#1129=ORIENTED_EDGE('',*,*,#853,.F.);
#1130=ORIENTED_EDGE('',*,*,#854,.F.);
#1131=ORIENTED_EDGE('',*,*,#849,.F.);
#1132=ORIENTED_EDGE('',*,*,#766,.F.);
#1133=ORIENTED_EDGE('',*,*,#855,.F.);
#1134=ORIENTED_EDGE('',*,*,#856,.F.);
#1135=ORIENTED_EDGE('',*,*,#857,.F.);
#1136=ORIENTED_EDGE('',*,*,#765,.F.);
#1137=ORIENTED_EDGE('',*,*,#858,.T.);
#1138=ORIENTED_EDGE('',*,*,#859,.T.);
#1139=ORIENTED_EDGE('',*,*,#855,.T.);
#1140=ORIENTED_EDGE('',*,*,#764,.F.);
#1141=ORIENTED_EDGE('',*,*,#811,.T.);
#1142=ORIENTED_EDGE('',*,*,#860,.F.);
#1143=ORIENTED_EDGE('',*,*,#858,.F.);
#1144=ORIENTED_EDGE('',*,*,#861,.F.);
#1145=ORIENTED_EDGE('',*,*,#812,.T.);
#1146=ORIENTED_EDGE('',*,*,#762,.F.);
#1147=ORIENTED_EDGE('',*,*,#862,.F.);
#1148=ORIENTED_EDGE('',*,*,#863,.T.);
#1149=ORIENTED_EDGE('',*,*,#862,.T.);
#1150=ORIENTED_EDGE('',*,*,#761,.F.);
#1151=ORIENTED_EDGE('',*,*,#795,.T.);
#1152=ORIENTED_EDGE('',*,*,#864,.T.);
#1153=ORIENTED_EDGE('',*,*,#865,.T.);
#1154=ORIENTED_EDGE('',*,*,#745,.T.);
#1155=ORIENTED_EDGE('',*,*,#798,.T.);
#1156=ORIENTED_EDGE('',*,*,#750,.F.);
#1157=ORIENTED_EDGE('',*,*,#792,.T.);
#1158=ORIENTED_EDGE('',*,*,#748,.F.);
#1159=ORIENTED_EDGE('',*,*,#866,.F.);
#1160=ORIENTED_EDGE('',*,*,#753,.T.);
#1161=ORIENTED_EDGE('',*,*,#867,.T.);
#1162=ORIENTED_EDGE('',*,*,#868,.T.);
#1163=ORIENTED_EDGE('',*,*,#793,.T.);
#1164=ORIENTED_EDGE('',*,*,#800,.F.);
#1165=ORIENTED_EDGE('',*,*,#869,.T.);
#1166=ORIENTED_EDGE('',*,*,#864,.F.);
#1167=ORIENTED_EDGE('',*,*,#797,.T.);
#1168=ORIENTED_EDGE('',*,*,#802,.T.);
#1169=ORIENTED_EDGE('',*,*,#821,.T.);
#1170=ORIENTED_EDGE('',*,*,#870,.F.);
#1171=ORIENTED_EDGE('',*,*,#869,.F.);
#1172=ORIENTED_EDGE('',*,*,#871,.F.);
#1173=ORIENTED_EDGE('',*,*,#804,.T.);
#1174=ORIENTED_EDGE('',*,*,#846,.T.);
#1175=ORIENTED_EDGE('',*,*,#872,.F.);
#1176=ORIENTED_EDGE('',*,*,#873,.F.);
#1177=ORIENTED_EDGE('',*,*,#805,.T.);
#1178=ORIENTED_EDGE('',*,*,#871,.T.);
#1179=ORIENTED_EDGE('',*,*,#874,.F.);
#1180=ORIENTED_EDGE('',*,*,#875,.F.);
#1181=ORIENTED_EDGE('',*,*,#806,.T.);
#1182=ORIENTED_EDGE('',*,*,#873,.T.);
#1183=ORIENTED_EDGE('',*,*,#876,.F.);
#1184=ORIENTED_EDGE('',*,*,#877,.F.);
#1185=ORIENTED_EDGE('',*,*,#807,.T.);
#1186=ORIENTED_EDGE('',*,*,#875,.T.);
#1187=ORIENTED_EDGE('',*,*,#878,.F.);
#1188=ORIENTED_EDGE('',*,*,#879,.F.);
#1189=ORIENTED_EDGE('',*,*,#808,.T.);
#1190=ORIENTED_EDGE('',*,*,#877,.T.);
#1191=ORIENTED_EDGE('',*,*,#880,.F.);
#1192=ORIENTED_EDGE('',*,*,#881,.F.);
#1193=ORIENTED_EDGE('',*,*,#809,.T.);
#1194=ORIENTED_EDGE('',*,*,#879,.T.);
#1195=ORIENTED_EDGE('',*,*,#882,.F.);
#1196=ORIENTED_EDGE('',*,*,#860,.T.);
#1197=ORIENTED_EDGE('',*,*,#810,.T.);
#1198=ORIENTED_EDGE('',*,*,#881,.T.);
#1199=ORIENTED_EDGE('',*,*,#883,.F.);
#1200=ORIENTED_EDGE('',*,*,#884,.F.);
#1201=ORIENTED_EDGE('',*,*,#813,.T.);
#1202=ORIENTED_EDGE('',*,*,#861,.T.);
#1203=ORIENTED_EDGE('',*,*,#885,.F.);
#1204=ORIENTED_EDGE('',*,*,#886,.F.);
#1205=ORIENTED_EDGE('',*,*,#814,.T.);
#1206=ORIENTED_EDGE('',*,*,#884,.T.);
#1207=ORIENTED_EDGE('',*,*,#867,.F.);
#1208=ORIENTED_EDGE('',*,*,#887,.F.);
#1209=ORIENTED_EDGE('',*,*,#815,.T.);
#1210=ORIENTED_EDGE('',*,*,#886,.T.);
#1211=ORIENTED_EDGE('',*,*,#752,.F.);
#1212=ORIENTED_EDGE('',*,*,#751,.F.);
#1213=ORIENTED_EDGE('',*,*,#888,.F.);
#1214=ORIENTED_EDGE('',*,*,#816,.T.);
#1215=ORIENTED_EDGE('',*,*,#887,.T.);
#1216=ORIENTED_EDGE('',*,*,#889,.F.);
#1217=ORIENTED_EDGE('',*,*,#817,.T.);
#1218=ORIENTED_EDGE('',*,*,#888,.T.);
#1219=ORIENTED_EDGE('',*,*,#866,.T.);
#1220=ORIENTED_EDGE('',*,*,#890,.F.);
#1221=ORIENTED_EDGE('',*,*,#818,.T.);
#1222=ORIENTED_EDGE('',*,*,#889,.T.);
#1223=ORIENTED_EDGE('',*,*,#747,.F.);
#1224=ORIENTED_EDGE('',*,*,#746,.F.);
#1225=ORIENTED_EDGE('',*,*,#891,.F.);
#1226=ORIENTED_EDGE('',*,*,#819,.T.);
#1227=ORIENTED_EDGE('',*,*,#890,.T.);
#1228=ORIENTED_EDGE('',*,*,#870,.T.);
#1229=ORIENTED_EDGE('',*,*,#820,.T.);
#1230=ORIENTED_EDGE('',*,*,#891,.T.);
#1231=ORIENTED_EDGE('',*,*,#865,.F.);
#1232=ORIENTED_EDGE('',*,*,#892,.F.);
#1233=ORIENTED_EDGE('',*,*,#823,.T.);
#1234=ORIENTED_EDGE('',*,*,#831,.T.);
#1235=ORIENTED_EDGE('',*,*,#893,.F.);
#1236=ORIENTED_EDGE('',*,*,#894,.F.);
#1237=ORIENTED_EDGE('',*,*,#824,.T.);
#1238=ORIENTED_EDGE('',*,*,#892,.T.);
#1239=ORIENTED_EDGE('',*,*,#895,.F.);
#1240=ORIENTED_EDGE('',*,*,#896,.F.);
#1241=ORIENTED_EDGE('',*,*,#825,.T.);
#1242=ORIENTED_EDGE('',*,*,#894,.T.);
#1243=ORIENTED_EDGE('',*,*,#897,.F.);
#1244=ORIENTED_EDGE('',*,*,#898,.F.);
#1245=ORIENTED_EDGE('',*,*,#826,.T.);
#1246=ORIENTED_EDGE('',*,*,#896,.T.);
#1247=ORIENTED_EDGE('',*,*,#899,.F.);
#1248=ORIENTED_EDGE('',*,*,#900,.F.);
#1249=ORIENTED_EDGE('',*,*,#827,.T.);
#1250=ORIENTED_EDGE('',*,*,#898,.T.);
#1251=ORIENTED_EDGE('',*,*,#901,.F.);
#1252=ORIENTED_EDGE('',*,*,#902,.F.);
#1253=ORIENTED_EDGE('',*,*,#828,.T.);
#1254=ORIENTED_EDGE('',*,*,#900,.T.);
#1255=ORIENTED_EDGE('',*,*,#903,.F.);
#1256=ORIENTED_EDGE('',*,*,#845,.T.);
#1257=ORIENTED_EDGE('',*,*,#829,.T.);
#1258=ORIENTED_EDGE('',*,*,#902,.T.);
#1259=ORIENTED_EDGE('',*,*,#904,.F.);
#1260=ORIENTED_EDGE('',*,*,#905,.T.);
#1261=ORIENTED_EDGE('',*,*,#893,.T.);
#1262=ORIENTED_EDGE('',*,*,#833,.F.);
#1263=ORIENTED_EDGE('',*,*,#839,.T.);
#1264=ORIENTED_EDGE('',*,*,#906,.T.);
#1265=ORIENTED_EDGE('',*,*,#903,.T.);
#1266=ORIENTED_EDGE('',*,*,#907,.T.);
#1267=ORIENTED_EDGE('',*,*,#842,.T.);
#1268=ORIENTED_EDGE('',*,*,#908,.F.);
#1269=ORIENTED_EDGE('',*,*,#836,.T.);
#1270=ORIENTED_EDGE('',*,*,#909,.F.);
#1271=ORIENTED_EDGE('',*,*,#899,.T.);
#1272=ORIENTED_EDGE('',*,*,#910,.T.);
#1273=ORIENTED_EDGE('',*,*,#895,.T.);
#1274=ORIENTED_EDGE('',*,*,#905,.F.);
#1275=ORIENTED_EDGE('',*,*,#838,.T.);
#1276=ORIENTED_EDGE('',*,*,#844,.F.);
#1277=ORIENTED_EDGE('',*,*,#904,.T.);
#1278=ORIENTED_EDGE('',*,*,#906,.F.);
#1279=ORIENTED_EDGE('',*,*,#841,.T.);
#1280=ORIENTED_EDGE('',*,*,#743,.F.);
#1281=ORIENTED_EDGE('',*,*,#782,.T.);
#1282=ORIENTED_EDGE('',*,*,#911,.T.);
#1283=ORIENTED_EDGE('',*,*,#790,.T.);
#1284=ORIENTED_EDGE('',*,*,#912,.T.);
#1285=ORIENTED_EDGE('',*,*,#913,.T.);
#1286=ORIENTED_EDGE('',*,*,#872,.T.);
#1287=ORIENTED_EDGE('',*,*,#848,.F.);
#1288=ORIENTED_EDGE('',*,*,#854,.T.);
#1289=ORIENTED_EDGE('',*,*,#914,.T.);
#1290=ORIENTED_EDGE('',*,*,#882,.T.);
#1291=ORIENTED_EDGE('',*,*,#915,.T.);
#1292=ORIENTED_EDGE('',*,*,#857,.T.);
#1293=ORIENTED_EDGE('',*,*,#916,.F.);
#1294=ORIENTED_EDGE('',*,*,#851,.T.);
#1295=ORIENTED_EDGE('',*,*,#917,.F.);
#1296=ORIENTED_EDGE('',*,*,#878,.T.);
#1297=ORIENTED_EDGE('',*,*,#918,.T.);
#1298=ORIENTED_EDGE('',*,*,#874,.T.);
#1299=ORIENTED_EDGE('',*,*,#913,.F.);
#1300=ORIENTED_EDGE('',*,*,#853,.T.);
#1301=ORIENTED_EDGE('',*,*,#859,.F.);
#1302=ORIENTED_EDGE('',*,*,#883,.T.);
#1303=ORIENTED_EDGE('',*,*,#914,.F.);
#1304=ORIENTED_EDGE('',*,*,#856,.T.);
#1305=ORIENTED_EDGE('',*,*,#868,.F.);
#1306=ORIENTED_EDGE('',*,*,#885,.T.);
#1307=ORIENTED_EDGE('',*,*,#863,.F.);
#1308=ORIENTED_EDGE('',*,*,#794,.T.);
#1309=ORIENTED_EDGE('',*,*,#907,.F.);
#1310=ORIENTED_EDGE('',*,*,#901,.T.);
#1311=ORIENTED_EDGE('',*,*,#909,.T.);
#1312=ORIENTED_EDGE('',*,*,#835,.T.);
#1313=ORIENTED_EDGE('',*,*,#908,.T.);
#1314=ORIENTED_EDGE('',*,*,#897,.T.);
#1315=ORIENTED_EDGE('',*,*,#910,.F.);
#1316=ORIENTED_EDGE('',*,*,#837,.T.);
#1317=ORIENTED_EDGE('',*,*,#915,.F.);
#1318=ORIENTED_EDGE('',*,*,#880,.T.);
#1319=ORIENTED_EDGE('',*,*,#917,.T.);
#1320=ORIENTED_EDGE('',*,*,#850,.T.);
#1321=ORIENTED_EDGE('',*,*,#916,.T.);
#1322=ORIENTED_EDGE('',*,*,#876,.T.);
#1323=ORIENTED_EDGE('',*,*,#918,.F.);
#1324=ORIENTED_EDGE('',*,*,#852,.T.);
#1325=ORIENTED_EDGE('',*,*,#781,.F.);
#1326=ORIENTED_EDGE('',*,*,#754,.F.);
#1327=ORIENTED_EDGE('',*,*,#791,.F.);
#1328=ORIENTED_EDGE('',*,*,#911,.F.);
#1329=ORIENTED_EDGE('',*,*,#738,.F.);
#1330=ORIENTED_EDGE('',*,*,#783,.F.);
#1331=ORIENTED_EDGE('',*,*,#912,.F.);
#1332=ORIENTED_EDGE('',*,*,#789,.T.);
#1333=ORIENTED_EDGE('',*,*,#919,.F.);
#1334=ORIENTED_EDGE('',*,*,#920,.T.);
#1335=ORIENTED_EDGE('',*,*,#921,.F.);
#1336=ORIENTED_EDGE('',*,*,#920,.F.);
#1337=ORIENTED_EDGE('',*,*,#922,.F.);
#1338=ORIENTED_EDGE('',*,*,#923,.F.);
#1339=ORIENTED_EDGE('',*,*,#924,.T.);
#1340=ORIENTED_EDGE('',*,*,#925,.F.);
#1341=ORIENTED_EDGE('',*,*,#924,.F.);
#1342=ORIENTED_EDGE('',*,*,#922,.T.);
#1343=ORIENTED_EDGE('',*,*,#923,.T.);
#1344=ORIENTED_EDGE('',*,*,#926,.T.);
#1345=ORIENTED_EDGE('',*,*,#919,.T.);
#1346=ORIENTED_EDGE('',*,*,#926,.F.);
#1347=ORIENTED_EDGE('',*,*,#921,.T.);
#1348=ORIENTED_EDGE('',*,*,#925,.T.);
#1349=ORIENTED_EDGE('',*,*,#927,.F.);
#1350=ORIENTED_EDGE('',*,*,#928,.F.);
#1351=ORIENTED_EDGE('',*,*,#929,.F.);
#1352=ORIENTED_EDGE('',*,*,#930,.F.);
#1353=ORIENTED_EDGE('',*,*,#931,.F.);
#1354=ORIENTED_EDGE('',*,*,#932,.F.);
#1355=ORIENTED_EDGE('',*,*,#932,.T.);
#1356=ORIENTED_EDGE('',*,*,#933,.F.);
#1357=ORIENTED_EDGE('',*,*,#931,.T.);
#1358=ORIENTED_EDGE('',*,*,#934,.F.);
#1359=ORIENTED_EDGE('',*,*,#930,.T.);
#1360=ORIENTED_EDGE('',*,*,#935,.F.);
#1361=ORIENTED_EDGE('',*,*,#929,.T.);
#1362=ORIENTED_EDGE('',*,*,#936,.F.);
#1363=ORIENTED_EDGE('',*,*,#928,.T.);
#1364=ORIENTED_EDGE('',*,*,#937,.F.);
#1365=ORIENTED_EDGE('',*,*,#927,.T.);
#1366=ORIENTED_EDGE('',*,*,#938,.F.);
#1367=ORIENTED_EDGE('',*,*,#939,.T.);
#1368=ORIENTED_EDGE('',*,*,#940,.T.);
#1369=ORIENTED_EDGE('',*,*,#941,.T.);
#1370=ORIENTED_EDGE('',*,*,#942,.T.);
#1371=ORIENTED_EDGE('',*,*,#943,.T.);
#1372=ORIENTED_EDGE('',*,*,#944,.T.);
#1373=ORIENTED_EDGE('',*,*,#945,.T.);
#1374=ORIENTED_EDGE('',*,*,#933,.T.);
#1375=ORIENTED_EDGE('',*,*,#946,.F.);
#1376=ORIENTED_EDGE('',*,*,#940,.F.);
#1377=ORIENTED_EDGE('',*,*,#946,.T.);
#1378=ORIENTED_EDGE('',*,*,#934,.T.);
#1379=ORIENTED_EDGE('',*,*,#947,.F.);
#1380=ORIENTED_EDGE('',*,*,#941,.F.);
#1381=ORIENTED_EDGE('',*,*,#947,.T.);
#1382=ORIENTED_EDGE('',*,*,#935,.T.);
#1383=ORIENTED_EDGE('',*,*,#948,.F.);
#1384=ORIENTED_EDGE('',*,*,#942,.F.);
#1385=ORIENTED_EDGE('',*,*,#948,.T.);
#1386=ORIENTED_EDGE('',*,*,#936,.T.);
#1387=ORIENTED_EDGE('',*,*,#949,.F.);
#1388=ORIENTED_EDGE('',*,*,#943,.F.);
#1389=ORIENTED_EDGE('',*,*,#949,.T.);
#1390=ORIENTED_EDGE('',*,*,#937,.T.);
#1391=ORIENTED_EDGE('',*,*,#950,.F.);
#1392=ORIENTED_EDGE('',*,*,#944,.F.);
#1393=ORIENTED_EDGE('',*,*,#950,.T.);
#1394=ORIENTED_EDGE('',*,*,#938,.T.);
#1395=ORIENTED_EDGE('',*,*,#945,.F.);
#1396=ORIENTED_EDGE('',*,*,#939,.F.);
#1397=CYLINDRICAL_SURFACE('',#1534,4.);
#1398=CYLINDRICAL_SURFACE('',#1540,1.27);
#1399=CYLINDRICAL_SURFACE('',#1544,1.27);
#1400=CYLINDRICAL_SURFACE('',#1548,8.);
#1401=CYLINDRICAL_SURFACE('',#1551,26.7843);
#1402=CYLINDRICAL_SURFACE('',#1569,0.79375);
#1403=CYLINDRICAL_SURFACE('',#1589,0.793750000000001);
#1404=CYLINDRICAL_SURFACE('',#1599,0.793749999999999);
#1405=CYLINDRICAL_SURFACE('',#1601,0.79375);
#1406=CYLINDRICAL_SURFACE('',#1611,0.793750000000001);
#1407=CYLINDRICAL_SURFACE('',#1613,0.79375);
#1408=CYLINDRICAL_SURFACE('',#1617,14.7955);
#1409=CYLINDRICAL_SURFACE('',#1620,1.016);
#1410=CYLINDRICAL_SURFACE('',#1627,0.79375);
#1411=CYLINDRICAL_SURFACE('',#1638,0.79375);
#1412=CYLINDRICAL_SURFACE('',#1645,0.79375);
#1413=CYLINDRICAL_SURFACE('',#1653,0.79375);
#1414=CYLINDRICAL_SURFACE('',#1657,0.79375);
#1415=CYLINDRICAL_SURFACE('',#1668,0.79375);
#1416=CYLINDRICAL_SURFACE('',#1672,1.016);
#1417=CYLINDRICAL_SURFACE('',#1674,14.7955);
#1418=CYLINDRICAL_SURFACE('',#1676,1.016);
#1419=CYLINDRICAL_SURFACE('',#1679,1.016);
#1420=CYLINDRICAL_SURFACE('',#1681,14.7955);
#1421=CYLINDRICAL_SURFACE('',#1683,1.016);
#1422=CYLINDRICAL_SURFACE('',#1684,1.016);
#1423=CYLINDRICAL_SURFACE('',#1685,1.27);
#1424=CYLINDRICAL_SURFACE('',#1686,1.27);
#1425=CYLINDRICAL_SURFACE('',#1687,1.27);
#1426=CYLINDRICAL_SURFACE('',#1688,1.27);
#1427=CYLINDRICAL_SURFACE('',#1698,4.);
#1428=ADVANCED_FACE('',(#91),#1397,.F.);
#1429=ADVANCED_FACE('',(#92),#81,.T.);
#1430=ADVANCED_FACE('',(#93),#1398,.T.);
#1431=ADVANCED_FACE('',(#94),#1399,.T.);
#1432=ADVANCED_FACE('',(#95),#1400,.F.);
#1433=ADVANCED_FACE('',(#96),#1401,.T.);
#1434=ADVANCED_FACE('',(#97),#49,.F.);
#1435=ADVANCED_FACE('',(#98),#50,.F.);
#1436=ADVANCED_FACE('',(#99),#51,.F.);
#1437=ADVANCED_FACE('',(#100),#52,.F.);
#1438=ADVANCED_FACE('',(#101),#53,.F.);
#1439=ADVANCED_FACE('',(#102),#54,.F.);
#1440=ADVANCED_FACE('',(#103),#55,.T.);
#1441=ADVANCED_FACE('',(#104),#1402,.F.);
#1442=ADVANCED_FACE('',(#105,#38),#56,.F.);
#1443=ADVANCED_FACE('',(#106),#1403,.F.);
#1444=ADVANCED_FACE('',(#107),#57,.T.);
#1445=ADVANCED_FACE('',(#108),#58,.F.);
#1446=ADVANCED_FACE('',(#109),#59,.T.);
#1447=ADVANCED_FACE('',(#110),#1404,.F.);
#1448=ADVANCED_FACE('',(#111),#1405,.F.);
#1449=ADVANCED_FACE('',(#112),#60,.T.);
#1450=ADVANCED_FACE('',(#113),#61,.F.);
#1451=ADVANCED_FACE('',(#114),#62,.T.);
#1452=ADVANCED_FACE('',(#115),#1406,.F.);
#1453=ADVANCED_FACE('',(#116),#1407,.F.);
#1454=ADVANCED_FACE('',(#117),#63,.T.);
#1455=ADVANCED_FACE('',(#118),#64,.T.);
#1456=ADVANCED_FACE('',(#119),#1408,.F.);
#1457=ADVANCED_FACE('',(#120),#65,.T.);
#1458=ADVANCED_FACE('',(#121),#1409,.T.);
#1459=ADVANCED_FACE('',(#122),#25,.F.);
#1460=ADVANCED_FACE('',(#123),#26,.F.);
#1461=ADVANCED_FACE('',(#124),#1410,.F.);
#1462=ADVANCED_FACE('',(#125),#27,.F.);
#1463=ADVANCED_FACE('',(#126),#28,.F.);
#1464=ADVANCED_FACE('',(#127),#29,.F.);
#1465=ADVANCED_FACE('',(#128),#1411,.F.);
#1466=ADVANCED_FACE('',(#129),#30,.F.);
#1467=ADVANCED_FACE('',(#130),#31,.F.);
#1468=ADVANCED_FACE('',(#131),#1412,.F.);
#1469=ADVANCED_FACE('',(#132),#21,.F.);
#1470=ADVANCED_FACE('',(#133),#22,.F.);
#1471=ADVANCED_FACE('',(#134),#32,.F.);
#1472=ADVANCED_FACE('',(#135),#23,.F.);
#1473=ADVANCED_FACE('',(#136),#24,.F.);
#1474=ADVANCED_FACE('',(#137),#1413,.F.);
#1475=ADVANCED_FACE('',(#138),#33,.F.);
#1476=ADVANCED_FACE('',(#139),#1414,.F.);
#1477=ADVANCED_FACE('',(#140),#34,.F.);
#1478=ADVANCED_FACE('',(#141),#35,.F.);
#1479=ADVANCED_FACE('',(#142),#36,.F.);
#1480=ADVANCED_FACE('',(#143),#1415,.F.);
#1481=ADVANCED_FACE('',(#144),#37,.F.);
#1482=ADVANCED_FACE('',(#145),#1416,.T.);
#1483=ADVANCED_FACE('',(#146),#66,.T.);
#1484=ADVANCED_FACE('',(#147),#1417,.F.);
#1485=ADVANCED_FACE('',(#148),#67,.T.);
#1486=ADVANCED_FACE('',(#149),#1418,.T.);
#1487=ADVANCED_FACE('',(#150,#39),#68,.T.);
#1488=ADVANCED_FACE('',(#151),#1419,.T.);
#1489=ADVANCED_FACE('',(#152),#69,.T.);
#1490=ADVANCED_FACE('',(#153),#1420,.F.);
#1491=ADVANCED_FACE('',(#154),#70,.T.);
#1492=ADVANCED_FACE('',(#155),#1421,.T.);
#1493=ADVANCED_FACE('',(#156),#1422,.T.);
#1494=ADVANCED_FACE('',(#157),#1423,.T.);
#1495=ADVANCED_FACE('',(#158),#1424,.T.);
#1496=ADVANCED_FACE('',(#159),#1425,.T.);
#1497=ADVANCED_FACE('',(#160),#1426,.T.);
#1498=ADVANCED_FACE('',(#161),#82,.F.);
#1499=ADVANCED_FACE('',(#162),#71,.F.);
#1500=ADVANCED_FACE('',(#163),#83,.T.);
#1501=ADVANCED_FACE('',(#164),#84,.T.);
#1502=ADVANCED_FACE('',(#165),#1427,.T.);
#1503=ADVANCED_FACE('',(#166),#72,.F.);
#1504=ADVANCED_FACE('',(#167,#40),#73,.T.);
#1505=ADVANCED_FACE('',(#168),#85,.F.);
#1506=ADVANCED_FACE('',(#169),#86,.F.);
#1507=ADVANCED_FACE('',(#170),#87,.F.);
#1508=ADVANCED_FACE('',(#171),#88,.F.);
#1509=ADVANCED_FACE('',(#172),#89,.F.);
#1510=ADVANCED_FACE('',(#173),#90,.F.);
#1511=ADVANCED_FACE('',(#174),#74,.T.);
#1512=ADVANCED_FACE('',(#175),#75,.F.);
#1513=ADVANCED_FACE('',(#176),#76,.F.);
#1514=ADVANCED_FACE('',(#177),#77,.F.);
#1515=ADVANCED_FACE('',(#178),#78,.F.);
#1516=ADVANCED_FACE('',(#179),#79,.F.);
#1517=ADVANCED_FACE('',(#180),#80,.F.);
#1518=CLOSED_SHELL('',(#1428,#1429,#1430,#1431,#1432,#1433,#1434,#1435,
#1436,#1437,#1438,#1439,#1440,#1441,#1442,#1443,#1444,#1445,#1446,#1447,
#1448,#1449,#1450,#1451,#1452,#1453,#1454,#1455,#1456,#1457,#1458,#1459,
#1460,#1461,#1462,#1463,#1464,#1465,#1466,#1467,#1468,#1469,#1470,#1471,
#1472,#1473,#1474,#1475,#1476,#1477,#1478,#1479,#1480,#1481,#1482,#1483,
#1484,#1485,#1486,#1487,#1488,#1489,#1490,#1491,#1492,#1493,#1494,#1495,
#1496,#1497,#1498,#1499));
#1519=CLOSED_SHELL('',(#1500,#1501,#1502,#1503,#1504,#1505,#1506,#1507,
#1508,#1509,#1510,#1511,#1512,#1513,#1514,#1515,#1516,#1517));
#1520=DERIVED_UNIT_ELEMENT(#1522,1.);
#1521=DERIVED_UNIT_ELEMENT(#2922,-3.);
#1522=(
MASS_UNIT()
NAMED_UNIT(*)
SI_UNIT(.KILO.,.GRAM.)
);
#1523=DERIVED_UNIT((#1520,#1521));
#1524=MEASURE_REPRESENTATION_ITEM('density measure',
POSITIVE_RATIO_MEASURE(7850.),#1523);
#1525=PROPERTY_DEFINITION_REPRESENTATION(#1530,#1527);
#1526=PROPERTY_DEFINITION_REPRESENTATION(#1531,#1528);
#1527=REPRESENTATION('material name',(#1529),#2919);
#1528=REPRESENTATION('density',(#1524),#2919);
#1529=DESCRIPTIVE_REPRESENTATION_ITEM('Steel','Steel');
#1530=PROPERTY_DEFINITION('material property','material name',#2934);
#1531=PROPERTY_DEFINITION('material property','density of part',#2934);
#1532=AXIS2_PLACEMENT_3D('',#2202,#1721,#1722);
#1533=AXIS2_PLACEMENT_3D('',#2203,#1723,#1724);
#1534=AXIS2_PLACEMENT_3D('',#2204,#1725,#1726);
#1535=AXIS2_PLACEMENT_3D('',#2260,#1729,#1730);
#1536=AXIS2_PLACEMENT_3D('',#2281,#1733,#1734);
#1537=AXIS2_PLACEMENT_3D('',#2292,#1736,#1737);
#1538=AXIS2_PLACEMENT_3D('',#2294,#1738,#1739);
#1539=AXIS2_PLACEMENT_3D('',#2297,#1741,#1742);
#1540=AXIS2_PLACEMENT_3D('',#2298,#1743,#1744);
#1541=AXIS2_PLACEMENT_3D('',#2301,#1745,#1746);
#1542=AXIS2_PLACEMENT_3D('',#2305,#1748,#1749);
#1543=AXIS2_PLACEMENT_3D('',#2307,#1750,#1751);
#1544=AXIS2_PLACEMENT_3D('',#2309,#1753,#1754);
#1545=AXIS2_PLACEMENT_3D('',#2312,#1755,#1756);
#1546=AXIS2_PLACEMENT_3D('',#2316,#1758,#1759);
#1547=AXIS2_PLACEMENT_3D('',#2318,#1760,#1761);
#1548=AXIS2_PLACEMENT_3D('',#2320,#1763,#1764);
#1549=AXIS2_PLACEMENT_3D('',#2323,#1765,#1766);
#1550=AXIS2_PLACEMENT_3D('',#2328,#1769,#1770);
#1551=AXIS2_PLACEMENT_3D('',#2331,#1773,#1774);
#1552=AXIS2_PLACEMENT_3D('',#2334,#1775,#1776);
#1553=AXIS2_PLACEMENT_3D('',#2349,#1778,#1779);
#1554=AXIS2_PLACEMENT_3D('',#2364,#1781,#1782);
#1555=AXIS2_PLACEMENT_3D('',#2379,#1784,#1785);
#1556=AXIS2_PLACEMENT_3D('',#2383,#1788,#1789);
#1557=AXIS2_PLACEMENT_3D('',#2398,#1791,#1792);
#1558=AXIS2_PLACEMENT_3D('',#2413,#1794,#1795);
#1559=AXIS2_PLACEMENT_3D('',#2426,#1797,#1798);
#1560=AXIS2_PLACEMENT_3D('',#2434,#1801,#1802);
#1561=AXIS2_PLACEMENT_3D('',#2438,#1805,#1806);
#1562=AXIS2_PLACEMENT_3D('',#2442,#1809,#1810);
#1563=AXIS2_PLACEMENT_3D('',#2444,#1812,#1813);
#1564=AXIS2_PLACEMENT_3D('',#2452,#1816,#1817);
#1565=AXIS2_PLACEMENT_3D('',#2453,#1818,#1819);
#1566=AXIS2_PLACEMENT_3D('',#2457,#1821,#1822);
#1567=AXIS2_PLACEMENT_3D('',#2462,#1825,#1826);
#1568=AXIS2_PLACEMENT_3D('',#2464,#1828,#1829);
#1569=AXIS2_PLACEMENT_3D('',#2468,#1832,#1833);
#1570=AXIS2_PLACEMENT_3D('',#2471,#1835,#1836);
#1571=AXIS2_PLACEMENT_3D('',#2472,#1837,#1838);
#1572=AXIS2_PLACEMENT_3D('',#2476,#1840,#1841);
#1573=AXIS2_PLACEMENT_3D('',#2480,#1843,#1844);
#1574=AXIS2_PLACEMENT_3D('',#2482,#1845,#1846);
#1575=AXIS2_PLACEMENT_3D('',#2484,#1847,#1848);
#1576=AXIS2_PLACEMENT_3D('',#2488,#1850,#1851);
#1577=AXIS2_PLACEMENT_3D('',#2493,#1854,#1855);
#1578=AXIS2_PLACEMENT_3D('',#2497,#1857,#1858);
#1579=AXIS2_PLACEMENT_3D('',#2499,#1859,#1860);
#1580=AXIS2_PLACEMENT_3D('',#2501,#1861,#1862);
#1581=AXIS2_PLACEMENT_3D('',#2503,#1863,#1864);
#1582=AXIS2_PLACEMENT_3D('',#2505,#1865,#1866);
#1583=AXIS2_PLACEMENT_3D('',#2508,#1868,#1869);
#1584=AXIS2_PLACEMENT_3D('',#2512,#1871,#1872);
#1585=AXIS2_PLACEMENT_3D('',#2516,#1874,#1875);
#1586=AXIS2_PLACEMENT_3D('',#2518,#1876,#1877);
#1587=AXIS2_PLACEMENT_3D('',#2520,#1878,#1879);
#1588=AXIS2_PLACEMENT_3D('',#2524,#1881,#1882);
#1589=AXIS2_PLACEMENT_3D('',#2526,#1884,#1885);
#1590=AXIS2_PLACEMENT_3D('',#2528,#1886,#1887);
#1591=AXIS2_PLACEMENT_3D('',#2530,#1889,#1890);
#1592=AXIS2_PLACEMENT_3D('',#2534,#1893,#1894);
#1593=AXIS2_PLACEMENT_3D('',#2537,#1895,#1896);
#1594=AXIS2_PLACEMENT_3D('',#2539,#1897,#1898);
#1595=AXIS2_PLACEMENT_3D('',#2541,#1899,#1900);
#1596=AXIS2_PLACEMENT_3D('',#2544,#1902,#1903);
#1597=AXIS2_PLACEMENT_3D('',#2548,#1905,#1906);
#1598=AXIS2_PLACEMENT_3D('',#2550,#1908,#1909);
#1599=AXIS2_PLACEMENT_3D('',#2554,#1912,#1913);
#1600=AXIS2_PLACEMENT_3D('',#2555,#1914,#1915);
#1601=AXIS2_PLACEMENT_3D('',#2556,#1916,#1917);
#1602=AXIS2_PLACEMENT_3D('',#2558,#1918,#1919);
#1603=AXIS2_PLACEMENT_3D('',#2560,#1921,#1922);
#1604=AXIS2_PLACEMENT_3D('',#2564,#1925,#1926);
#1605=AXIS2_PLACEMENT_3D('',#2567,#1927,#1928);
#1606=AXIS2_PLACEMENT_3D('',#2569,#1929,#1930);
#1607=AXIS2_PLACEMENT_3D('',#2571,#1931,#1932);
#1608=AXIS2_PLACEMENT_3D('',#2574,#1934,#1935);
#1609=AXIS2_PLACEMENT_3D('',#2578,#1937,#1938);
#1610=AXIS2_PLACEMENT_3D('',#2580,#1940,#1941);
#1611=AXIS2_PLACEMENT_3D('',#2584,#1944,#1945);
#1612=AXIS2_PLACEMENT_3D('',#2585,#1946,#1947);
#1613=AXIS2_PLACEMENT_3D('',#2586,#1948,#1949);
#1614=AXIS2_PLACEMENT_3D('',#2588,#1950,#1951);
#1615=AXIS2_PLACEMENT_3D('',#2590,#1953,#1954);
#1616=AXIS2_PLACEMENT_3D('',#2592,#1956,#1957);
#1617=AXIS2_PLACEMENT_3D('',#2596,#1960,#1961);
#1618=AXIS2_PLACEMENT_3D('',#2597,#1962,#1963);
#1619=AXIS2_PLACEMENT_3D('',#2598,#1964,#1965);
#1620=AXIS2_PLACEMENT_3D('',#2602,#1968,#1969);
#1621=AXIS2_PLACEMENT_3D('',#2603,#1970,#1971);
#1622=AXIS2_PLACEMENT_3D('',#2604,#1972,#1973);
#1623=AXIS2_PLACEMENT_3D('',#2605,#1974,#1975);
#1624=AXIS2_PLACEMENT_3D('',#2606,#1976,#1977);
#1625=AXIS2_PLACEMENT_3D('',#2608,#1978,#1979);
#1626=AXIS2_PLACEMENT_3D('',#2609,#1980,#1981);
#1627=AXIS2_PLACEMENT_3D('',#2610,#1982,#1983);
#1628=AXIS2_PLACEMENT_3D('',#2612,#1984,#1985);
#1629=AXIS2_PLACEMENT_3D('',#2614,#1987,#1988);
#1630=AXIS2_PLACEMENT_3D('',#2616,#1989,#1990);
#1631=AXIS2_PLACEMENT_3D('',#2617,#1991,#1992);
#1632=AXIS2_PLACEMENT_3D('',#2618,#1993,#1994);
#1633=AXIS2_PLACEMENT_3D('',#2620,#1995,#1996);
#1634=AXIS2_PLACEMENT_3D('',#2621,#1997,#1998);
#1635=AXIS2_PLACEMENT_3D('',#2622,#1999,#2000);
#1636=AXIS2_PLACEMENT_3D('',#2624,#2001,#2002);
#1637=AXIS2_PLACEMENT_3D('',#2625,#2003,#2004);
#1638=AXIS2_PLACEMENT_3D('',#2626,#2005,#2006);
#1639=AXIS2_PLACEMENT_3D('',#2628,#2007,#2008);
#1640=AXIS2_PLACEMENT_3D('',#2630,#2010,#2011);
#1641=AXIS2_PLACEMENT_3D('',#2631,#2012,#2013);
#1642=AXIS2_PLACEMENT_3D('',#2632,#2014,#2015);
#1643=AXIS2_PLACEMENT_3D('',#2633,#2016,#2017);
#1644=AXIS2_PLACEMENT_3D('',#2634,#2018,#2019);
#1645=AXIS2_PLACEMENT_3D('',#2635,#2020,#2021);
#1646=AXIS2_PLACEMENT_3D('',#2636,#2022,#2023);
#1647=AXIS2_PLACEMENT_3D('',#2665,#2024,#2025);
#1648=AXIS2_PLACEMENT_3D('',#2715,#2026,#2027);
#1649=AXIS2_PLACEMENT_3D('',#2716,#2028,#2029);
#1650=AXIS2_PLACEMENT_3D('',#2717,#2030,#2031);
#1651=AXIS2_PLACEMENT_3D('',#2746,#2032,#2033);
#1652=AXIS2_PLACEMENT_3D('',#2775,#2034,#2035);
#1653=AXIS2_PLACEMENT_3D('',#2776,#2036,#2037);
#1654=AXIS2_PLACEMENT_3D('',#2777,#2038,#2039);
#1655=AXIS2_PLACEMENT_3D('',#2779,#2040,#2041);
#1656=AXIS2_PLACEMENT_3D('',#2780,#2042,#2043);
#1657=AXIS2_PLACEMENT_3D('',#2781,#2044,#2045);
#1658=AXIS2_PLACEMENT_3D('',#2783,#2046,#2047);
#1659=AXIS2_PLACEMENT_3D('',#2785,#2049,#2050);
#1660=AXIS2_PLACEMENT_3D('',#2787,#2051,#2052);
#1661=AXIS2_PLACEMENT_3D('',#2788,#2053,#2054);
#1662=AXIS2_PLACEMENT_3D('',#2789,#2055,#2056);
#1663=AXIS2_PLACEMENT_3D('',#2791,#2057,#2058);
#1664=AXIS2_PLACEMENT_3D('',#2792,#2059,#2060);
#1665=AXIS2_PLACEMENT_3D('',#2793,#2061,#2062);
#1666=AXIS2_PLACEMENT_3D('',#2795,#2063,#2064);
#1667=AXIS2_PLACEMENT_3D('',#2796,#2065,#2066);
#1668=AXIS2_PLACEMENT_3D('',#2797,#2067,#2068);
#1669=AXIS2_PLACEMENT_3D('',#2799,#2069,#2070);
#1670=AXIS2_PLACEMENT_3D('',#2801,#2072,#2073);
#1671=AXIS2_PLACEMENT_3D('',#2802,#2074,#2075);
#1672=AXIS2_PLACEMENT_3D('',#2803,#2076,#2077);
#1673=AXIS2_PLACEMENT_3D('',#2805,#2079,#2080);
#1674=AXIS2_PLACEMENT_3D('',#2808,#2083,#2084);
#1675=AXIS2_PLACEMENT_3D('',#2811,#2087,#2088);
#1676=AXIS2_PLACEMENT_3D('',#2813,#2090,#2091);
#1677=AXIS2_PLACEMENT_3D('',#2814,#2092,#2093);
#1678=AXIS2_PLACEMENT_3D('',#2815,#2094,#2095);
#1679=AXIS2_PLACEMENT_3D('',#2817,#2097,#2098);
#1680=AXIS2_PLACEMENT_3D('',#2819,#2100,#2101);
#1681=AXIS2_PLACEMENT_3D('',#2822,#2104,#2105);
#1682=AXIS2_PLACEMENT_3D('',#2825,#2108,#2109);
#1683=AXIS2_PLACEMENT_3D('',#2827,#2111,#2112);
#1684=AXIS2_PLACEMENT_3D('',#2828,#2113,#2114);
#1685=AXIS2_PLACEMENT_3D('',#2829,#2115,#2116);
#1686=AXIS2_PLACEMENT_3D('',#2830,#2117,#2118);
#1687=AXIS2_PLACEMENT_3D('',#2831,#2119,#2120);
#1688=AXIS2_PLACEMENT_3D('',#2832,#2121,#2122);
#1689=AXIS2_PLACEMENT_3D('',#2833,#2123,#2124);
#1690=AXIS2_PLACEMENT_3D('',#2834,#2125,#2126);
#1691=AXIS2_PLACEMENT_3D('',#2835,#2127,#2128);
#1692=AXIS2_PLACEMENT_3D('',#2837,#2129,#2130);
#1693=AXIS2_PLACEMENT_3D('',#2840,#2132,#2133);
#1694=AXIS2_PLACEMENT_3D('',#2841,#2134,#2135);
#1695=AXIS2_PLACEMENT_3D('',#2844,#2136,#2137);
#1696=AXIS2_PLACEMENT_3D('',#2845,#2138,#2139);
#1697=AXIS2_PLACEMENT_3D('',#2848,#2141,#2142);
#1698=AXIS2_PLACEMENT_3D('',#2849,#2143,#2144);
#1699=AXIS2_PLACEMENT_3D('',#2851,#2146,#2147);
#1700=AXIS2_PLACEMENT_3D('',#2852,#2148,#2149);
#1701=AXIS2_PLACEMENT_3D('',#2855,#2150,#2151);
#1702=AXIS2_PLACEMENT_3D('',#2857,#2152,#2153);
#1703=AXIS2_PLACEMENT_3D('',#2859,#2154,#2155);
#1704=AXIS2_PLACEMENT_3D('',#2861,#2156,#2157);
#1705=AXIS2_PLACEMENT_3D('',#2863,#2158,#2159);
#1706=AXIS2_PLACEMENT_3D('',#2864,#2160,#2161);
#1707=AXIS2_PLACEMENT_3D('',#2865,#2162,#2163);
#1708=AXIS2_PLACEMENT_3D('',#2869,#2164,#2165);
#1709=AXIS2_PLACEMENT_3D('',#2873,#2166,#2167);
#1710=AXIS2_PLACEMENT_3D('',#2877,#2168,#2169);
#1711=AXIS2_PLACEMENT_3D('',#2881,#2170,#2171);
#1712=AXIS2_PLACEMENT_3D('',#2885,#2172,#2173);
#1713=AXIS2_PLACEMENT_3D('',#2889,#2174,#2175);
#1714=AXIS2_PLACEMENT_3D('',#2902,#2182,#2183);
#1715=AXIS2_PLACEMENT_3D('',#2905,#2186,#2187);
#1716=AXIS2_PLACEMENT_3D('',#2907,#2189,#2190);
#1717=AXIS2_PLACEMENT_3D('',#2909,#2192,#2193);
#1718=AXIS2_PLACEMENT_3D('',#2911,#2195,#2196);
#1719=AXIS2_PLACEMENT_3D('',#2913,#2198,#2199);
#1720=AXIS2_PLACEMENT_3D('',#2914,#2200,#2201);
#1721=DIRECTION('axis',(0.,0.,1.));
#1722=DIRECTION('refdir',(1.,0.,0.));
#1723=DIRECTION('axis',(0.,0.,1.));
#1724=DIRECTION('refdir',(1.,0.,0.));
#1725=DIRECTION('center_axis',(0.,0.,-1.));
#1726=DIRECTION('ref_axis',(-1.,0.,0.));
#1727=DIRECTION('',(0.,0.,-1.));
#1728=DIRECTION('',(0.,0.,1.));
#1729=DIRECTION('center_axis',(-3.46944695195361E-16,0.,-1.));
#1730=DIRECTION('ref_axis',(1.,0.,-3.46944695195361E-16));
#1731=DIRECTION('',(0.,0.,-1.));
#1732=DIRECTION('',(0.,0.,1.));
#1733=DIRECTION('center_axis',(-3.46944695195361E-16,0.,-1.));
#1734=DIRECTION('ref_axis',(1.,-3.46944695195361E-15,-3.46944695195361E-16));
#1735=DIRECTION('',(0.,0.,-1.));
#1736=DIRECTION('center_axis',(-6.47664294372751E-17,-1.,-6.47664294372751E-17));
#1737=DIRECTION('ref_axis',(-4.19469038205353E-33,6.47664294372751E-17,
-1.));
#1738=DIRECTION('center_axis',(0.,-1.,0.));
#1739=DIRECTION('ref_axis',(0.,0.,-1.));
#1740=DIRECTION('',(1.32392387071887E-16,0.707106781186548,-0.707106781186547));
#1741=DIRECTION('center_axis',(-6.47664294372751E-17,-1.,-6.47664294372751E-17));
#1742=DIRECTION('ref_axis',(4.19469038205353E-33,6.47664294372751E-17,-1.));
#1743=DIRECTION('center_axis',(0.,1.,0.));
#1744=DIRECTION('ref_axis',(0.,0.,1.));
#1745=DIRECTION('center_axis',(0.,1.,0.));
#1746=DIRECTION('ref_axis',(0.,0.,1.));
#1747=DIRECTION('',(0.,-1.,0.));
#1748=DIRECTION('center_axis',(-2.33235859781105E-16,-1.,-4.03976359383409E-16));
#1749=DIRECTION('ref_axis',(-5.33524454946491E-33,4.03976359383409E-16,
-1.));
#1750=DIRECTION('center_axis',(0.,-1.,0.));
#1751=DIRECTION('ref_axis',(0.,0.,-1.));
#1752=DIRECTION('',(0.,-1.,0.));
#1753=DIRECTION('center_axis',(0.,1.,0.));
#1754=DIRECTION('ref_axis',(0.,0.,1.));
#1755=DIRECTION('center_axis',(0.,1.,0.));
#1756=DIRECTION('ref_axis',(0.,0.,1.));
#1757=DIRECTION('',(0.,1.,0.));
#1758=DIRECTION('center_axis',(0.,-1.,0.));
#1759=DIRECTION('ref_axis',(0.,0.,1.));
#1760=DIRECTION('center_axis',(0.,-1.,0.));
#1761=DIRECTION('ref_axis',(0.,0.,-1.));
#1762=DIRECTION('',(0.,1.,0.));
#1763=DIRECTION('center_axis',(0.,-1.,0.));
#1764=DIRECTION('ref_axis',(0.,0.,-1.));
#1765=DIRECTION('center_axis',(0.,1.,0.));
#1766=DIRECTION('ref_axis',(0.,0.,1.));
#1767=DIRECTION('',(0.,-1.,0.));
#1768=DIRECTION('',(0.,-1.,0.));
#1769=DIRECTION('center_axis',(0.,1.,0.));
#1770=DIRECTION('ref_axis',(0.,0.,1.));
#1771=DIRECTION('',(0.,-1.,0.));
#1772=DIRECTION('',(0.,-1.,0.));
#1773=DIRECTION('center_axis',(0.,-1.,0.));
#1774=DIRECTION('ref_axis',(0.,0.,-1.));
#1775=DIRECTION('center_axis',(0.,1.,0.));
#1776=DIRECTION('ref_axis',(-8.88178419700125E-15,0.,-1.));
#1777=DIRECTION('',(0.,1.,0.));
#1778=DIRECTION('center_axis',(0.,1.,0.));
#1779=DIRECTION('ref_axis',(0.,0.,-1.));
#1780=DIRECTION('',(0.,-1.,0.));
#1781=DIRECTION('center_axis',(0.,1.,0.));
#1782=DIRECTION('ref_axis',(0.,0.,-1.));
#1783=DIRECTION('',(0.,1.,0.));
#1784=DIRECTION('center_axis',(0.,1.,0.));
#1785=DIRECTION('ref_axis',(0.,0.,-1.));
#1786=DIRECTION('',(0.,1.,0.));
#1787=DIRECTION('',(0.,1.,0.));
#1788=DIRECTION('center_axis',(0.,1.,0.));
#1789=DIRECTION('ref_axis',(0.,0.,-1.));
#1790=DIRECTION('',(0.,-1.,0.));
#1791=DIRECTION('center_axis',(0.,1.,0.));
#1792=DIRECTION('ref_axis',(2.66453525910037E-15,0.,-1.));
#1793=DIRECTION('',(0.,1.,0.));
#1794=DIRECTION('center_axis',(0.,1.,0.));
#1795=DIRECTION('ref_axis',(-1.77635683940025E-15,0.,-1.));
#1796=DIRECTION('',(0.,-1.,0.));
#1797=DIRECTION('center_axis',(-1.,0.,0.));
#1798=DIRECTION('ref_axis',(0.,0.,1.));
#1799=DIRECTION('',(0.,0.,-1.));
#1800=DIRECTION('',(0.,-1.,0.));
#1801=DIRECTION('center_axis',(-1.,0.,0.));
#1802=DIRECTION('ref_axis',(0.,0.,1.));
#1803=DIRECTION('',(0.,-1.,0.));
#1804=DIRECTION('',(0.,0.,-1.));
#1805=DIRECTION('center_axis',(3.46944695195361E-16,0.,1.));
#1806=DIRECTION('ref_axis',(1.,0.,-3.46944695195361E-16));
#1807=DIRECTION('',(0.,-1.,0.));
#1808=DIRECTION('',(-1.,0.,3.46944695195361E-16));
#1809=DIRECTION('center_axis',(1.,0.,0.));
#1810=DIRECTION('ref_axis',(0.,0.,-1.));
#1811=DIRECTION('',(0.,0.,1.));
#1812=DIRECTION('center_axis',(1.,0.,0.));
#1813=DIRECTION('ref_axis',(0.,0.,-1.));
#1814=DIRECTION('',(0.,-1.,0.));
#1815=DIRECTION('',(0.,0.,1.));
#1816=DIRECTION('center_axis',(0.,1.,0.));
#1817=DIRECTION('ref_axis',(0.,0.,1.));
#1818=DIRECTION('center_axis',(0.,-1.,0.));
#1819=DIRECTION('ref_axis',(5.32907051820075E-15,0.,1.));
#1820=DIRECTION('',(0.500000000000001,0.,0.866025403784438));
#1821=DIRECTION('center_axis',(0.,1.,0.));
#1822=DIRECTION('ref_axis',(0.,0.,1.));
#1823=DIRECTION('',(0.,0.,1.));
#1824=DIRECTION('',(0.,0.,-1.));
#1825=DIRECTION('center_axis',(0.,1.,0.));
#1826=DIRECTION('ref_axis',(0.,0.,1.));
#1827=DIRECTION('',(0.499999999999998,0.,-0.866025403784439));
#1828=DIRECTION('center_axis',(1.,0.,2.18149703080902E-15));
#1829=DIRECTION('ref_axis',(2.18149703080902E-15,0.,-1.));
#1830=DIRECTION('',(-2.18149703080902E-15,0.,1.));
#1831=DIRECTION('',(0.,-1.,0.));
#1832=DIRECTION('center_axis',(2.18149703080902E-15,0.,-1.));
#1833=DIRECTION('ref_axis',(-1.,0.,-2.18149703080902E-15));
#1834=DIRECTION('',(2.18149703080902E-15,0.,-1.));
#1835=DIRECTION('center_axis',(2.18149703080902E-15,0.,-1.));
#1836=DIRECTION('ref_axis',(-1.,0.,-2.18149703080902E-15));
#1837=DIRECTION('center_axis',(0.,1.,0.));
#1838=DIRECTION('ref_axis',(0.,0.,1.));
#1839=DIRECTION('',(-0.866025403784442,0.,0.499999999999994));
#1840=DIRECTION('center_axis',(1.65128145095112E-15,-1.,1.65128145095117E-15));
#1841=DIRECTION('ref_axis',(-3.83417262268681E-15,1.65128145095116E-15,
1.));
#1842=DIRECTION('',(-0.499999999999998,0.,0.86602540378444));
#1843=DIRECTION('center_axis',(0.,-1.,0.));
#1844=DIRECTION('ref_axis',(0.,0.,1.));
#1845=DIRECTION('center_axis',(0.,1.,0.));
#1846=DIRECTION('ref_axis',(0.,0.,1.));
#1847=DIRECTION('center_axis',(0.,-1.,0.));
#1848=DIRECTION('ref_axis',(0.,0.,1.));
#1849=DIRECTION('',(1.,0.,0.));
#1850=DIRECTION('center_axis',(-1.81323287953866E-15,-1.,-6.76707723239226E-15));
#1851=DIRECTION('ref_axis',(-2.80259692864963E-45,-6.76707723239226E-15,
1.));
#1852=DIRECTION('',(0.866025403784454,0.,-0.499999999999974));
#1853=DIRECTION('',(0.,0.,-1.));
#1854=DIRECTION('center_axis',(-2.25569241079757E-15,-1.,6.04410959846217E-16));
#1855=DIRECTION('ref_axis',(-1.,2.25569241079753E-15,-7.8600538765074E-14));
#1856=DIRECTION('',(-0.500000000000002,0.,-0.866025403784438));
#1857=DIRECTION('center_axis',(-4.37202142104306E-19,-1.,-2.52444764138212E-19));
#1858=DIRECTION('ref_axis',(-0.866035748264038,2.52414825413196E-19,0.499982082407708));
#1859=DIRECTION('center_axis',(3.36646562824703E-18,-1.,2.67514463677422E-17));
#1860=DIRECTION('ref_axis',(0.000265811949021352,2.67523402694572E-17,0.999999964672003));
#1861=DIRECTION('center_axis',(0.,1.,0.));
#1862=DIRECTION('ref_axis',(0.,0.,1.));
#1863=DIRECTION('center_axis',(-1.76361259798112E-16,-1.,6.89454306635008E-15));
#1864=DIRECTION('ref_axis',(-0.150965131952995,6.84214971734465E-15,0.988539088217767));
#1865=DIRECTION('center_axis',(4.65882093592917E-20,-1.,-2.69016306993283E-20));
#1866=DIRECTION('ref_axis',(2.92521544389474E-5,-2.69002678823234E-20,0.999999999572156));
#1867=DIRECTION('',(-0.499999999999998,0.,0.86602540378444));
#1868=DIRECTION('center_axis',(0.,-1.,0.));
#1869=DIRECTION('ref_axis',(-1.05439747123885E-14,0.,1.));
#1870=DIRECTION('',(0.866025403784454,0.,0.499999999999973));
#1871=DIRECTION('center_axis',(0.,-1.,0.));
#1872=DIRECTION('ref_axis',(1.91708631134337E-15,0.,1.));
#1873=DIRECTION('',(1.,0.,0.));
#1874=DIRECTION('center_axis',(-2.00641888022669E-16,-1.,-2.9370964973678E-16));
#1875=DIRECTION('ref_axis',(8.40568613435171E-16,-2.9370964973678E-16,1.));
#1876=DIRECTION('center_axis',(0.,1.,0.));
#1877=DIRECTION('ref_axis',(0.,0.,1.));
#1878=DIRECTION('center_axis',(0.,-1.,0.));
#1879=DIRECTION('ref_axis',(8.40568613435143E-16,0.,1.));
#1880=DIRECTION('',(-0.500000000000001,0.,-0.866025403784438));
#1881=DIRECTION('center_axis',(-4.95384435285412E-15,-1.,4.95384435285405E-15));
#1882=DIRECTION('ref_axis',(-1.,4.95384435285412E-15,-1.40129846432482E-44));
#1883=DIRECTION('',(-0.866025403784466,0.,-0.499999999999953));
#1884=DIRECTION('center_axis',(-0.866025403784439,0.,-0.5));
#1885=DIRECTION('ref_axis',(-0.499999999999999,0.,0.866025403784439));
#1886=DIRECTION('center_axis',(0.866025403784439,0.,0.5));
#1887=DIRECTION('ref_axis',(-0.499999999999999,0.,0.866025403784439));
#1888=DIRECTION('',(0.866025403784439,0.,0.499999999999999));
#1889=DIRECTION('center_axis',(0.5,0.,-0.866025403784439));
#1890=DIRECTION('ref_axis',(-0.866025403784439,0.,-0.499999999999999));
#1891=DIRECTION('',(0.,1.,0.));
#1892=DIRECTION('',(-0.866025403784439,0.,-0.499999999999999));
#1893=DIRECTION('center_axis',(0.,1.,0.));
#1894=DIRECTION('ref_axis',(0.,0.,1.));
#1895=DIRECTION('center_axis',(0.,1.,0.));
#1896=DIRECTION('ref_axis',(0.,0.,1.));
#1897=DIRECTION('center_axis',(0.,-1.,0.));
#1898=DIRECTION('ref_axis',(-7.105427357601E-15,0.,1.));
#1899=DIRECTION('center_axis',(0.,1.,0.));
#1900=DIRECTION('ref_axis',(0.,0.,1.));
#1901=DIRECTION('',(-1.,0.,0.));
#1902=DIRECTION('center_axis',(0.,1.,0.));
#1903=DIRECTION('ref_axis',(0.,0.,1.));
#1904=DIRECTION('',(0.866025403784454,0.,0.499999999999973));
#1905=DIRECTION('center_axis',(0.,1.,0.));
#1906=DIRECTION('ref_axis',(0.,0.,1.));
#1907=DIRECTION('',(0.500000000000001,0.,0.866025403784438));
#1908=DIRECTION('center_axis',(-0.5,0.,0.866025403784438));
#1909=DIRECTION('ref_axis',(0.866025403784438,0.,0.5));
#1910=DIRECTION('',(-0.866025403784438,0.,-0.5));
#1911=DIRECTION('',(0.,-1.,0.));
#1912=DIRECTION('center_axis',(0.866025403784438,0.,0.5));
#1913=DIRECTION('ref_axis',(0.5,0.,-0.866025403784438));
#1914=DIRECTION('center_axis',(0.866025403784438,0.,0.5));
#1915=DIRECTION('ref_axis',(0.5,0.,-0.866025403784439));
#1916=DIRECTION('center_axis',(0.866025403784439,0.,-0.5));
#1917=DIRECTION('ref_axis',(-0.5,0.,-0.866025403784439));
#1918=DIRECTION('center_axis',(-0.866025403784439,0.,0.5));
#1919=DIRECTION('ref_axis',(-0.5,-6.28325038542779E-15,-0.866025403784439));
#1920=DIRECTION('',(-0.866025403784439,0.,0.5));
#1921=DIRECTION('center_axis',(0.5,0.,0.866025403784439));
#1922=DIRECTION('ref_axis',(0.866025403784439,0.,-0.5));
#1923=DIRECTION('',(0.,1.,0.));
#1924=DIRECTION('',(0.866025403784439,0.,-0.5));
#1925=DIRECTION('center_axis',(0.,1.,0.));
#1926=DIRECTION('ref_axis',(0.,0.,1.));
#1927=DIRECTION('center_axis',(0.,1.,0.));
#1928=DIRECTION('ref_axis',(0.,0.,1.));
#1929=DIRECTION('center_axis',(0.,-1.,0.));
#1930=DIRECTION('ref_axis',(0.,0.,1.));
#1931=DIRECTION('center_axis',(0.,1.,0.));
#1932=DIRECTION('ref_axis',(0.,0.,1.));
#1933=DIRECTION('',(0.499999999999998,0.,-0.86602540378444));
#1934=DIRECTION('center_axis',(0.,1.,0.));
#1935=DIRECTION('ref_axis',(0.,0.,1.));
#1936=DIRECTION('',(-0.866025403784429,0.,0.500000000000016));
#1937=DIRECTION('center_axis',(0.,1.,0.));
#1938=DIRECTION('ref_axis',(0.,0.,1.));
#1939=DIRECTION('',(-1.,0.,0.));
#1940=DIRECTION('center_axis',(-0.5,0.,-0.866025403784439));
#1941=DIRECTION('ref_axis',(-0.866025403784439,0.,0.499999999999999));
#1942=DIRECTION('',(0.866025403784439,0.,-0.499999999999999));
#1943=DIRECTION('',(0.,-1.,0.));
#1944=DIRECTION('center_axis',(-0.866025403784439,0.,0.5));
#1945=DIRECTION('ref_axis',(0.499999999999999,0.,0.866025403784439));
#1946=DIRECTION('center_axis',(-0.866025403784439,0.,0.5));
#1947=DIRECTION('ref_axis',(0.499999999999999,0.,0.866025403784439));
#1948=DIRECTION('center_axis',(2.18149703079384E-15,0.,1.));
#1949=DIRECTION('ref_axis',(1.,0.,-2.18149703079384E-15));
#1950=DIRECTION('center_axis',(-2.18149703079384E-15,0.,-1.));
#1951=DIRECTION('ref_axis',(1.,-1.77570119588177E-15,-2.18149703079384E-15));
#1952=DIRECTION('',(-2.18149703079384E-15,0.,-1.));
#1953=DIRECTION('center_axis',(-1.,0.,2.18149703079384E-15));
#1954=DIRECTION('ref_axis',(2.18149703079384E-15,0.,1.));
#1955=DIRECTION('',(0.,1.,0.));
#1956=DIRECTION('center_axis',(0.866025403784439,0.,0.5));
#1957=DIRECTION('ref_axis',(0.5,0.,-0.866025403784439));
#1958=DIRECTION('',(0.,1.,0.));
#1959=DIRECTION('',(-0.5,0.,0.866025403784439));
#1960=DIRECTION('center_axis',(0.,1.,0.));
#1961=DIRECTION('ref_axis',(-9.24930203287278E-14,0.,-1.));
#1962=DIRECTION('center_axis',(0.,-1.,0.));
#1963=DIRECTION('ref_axis',(5.32907051820075E-15,0.,1.));
#1964=DIRECTION('center_axis',(-0.866025403784439,0.,0.5));
#1965=DIRECTION('ref_axis',(0.5,0.,0.866025403784439));
#1966=DIRECTION('',(-0.5,0.,-0.866025403784439));
#1967=DIRECTION('',(0.,-1.,0.));
#1968=DIRECTION('center_axis',(0.,1.,0.));
#1969=DIRECTION('ref_axis',(0.,0.,1.));
#1970=DIRECTION('center_axis',(0.,-1.,0.));
#1971=DIRECTION('ref_axis',(4.26851249010041E-15,0.,1.));
#1972=DIRECTION('center_axis',(0.,1.,0.));
#1973=DIRECTION('ref_axis',(0.,0.,1.));
#1974=DIRECTION('center_axis',(0.499999999999996,-1.47894486432512E-14,
-0.866025403784441));
#1975=DIRECTION('ref_axis',(-0.866025403784441,-3.15544362088405E-29,-0.499999999999996));
#1976=DIRECTION('center_axis',(-1.65128145095112E-15,1.,-1.65128145095117E-15));
#1977=DIRECTION('ref_axis',(0.,1.66309575419176E-15,1.));
#1978=DIRECTION('center_axis',(-0.499999999999998,-6.4620130745946E-15,
0.86602540378444));
#1979=DIRECTION('ref_axis',(0.86602540378444,-1.57772181044202E-30,0.499999999999998));
#1980=DIRECTION('center_axis',(1.65128145095112E-15,-1.,1.65128145095117E-15));
#1981=DIRECTION('ref_axis',(8.35371184841381E-32,-1.65128145095117E-15,
-1.));
#1982=DIRECTION('center_axis',(0.5,0.,-0.866025403784439));
#1983=DIRECTION('ref_axis',(-0.866025403784439,0.,-0.5));
#1984=DIRECTION('center_axis',(-0.5,0.,0.866025403784439));
#1985=DIRECTION('ref_axis',(-0.866025403784439,9.56146797782493E-16,-0.5));
#1986=DIRECTION('',(-0.5,0.,0.866025403784439));
#1987=DIRECTION('center_axis',(0.,1.,0.));
#1988=DIRECTION('ref_axis',(0.,0.,1.));
#1989=DIRECTION('center_axis',(0.624919970422667,-4.6629590792602E-15,0.780688818010693));
#1990=DIRECTION('ref_axis',(0.780688818010694,-5.12759588393658E-30,-0.624919970422666));
#1991=DIRECTION('center_axis',(0.,-1.,0.));
#1992=DIRECTION('ref_axis',(1.36592399683213E-15,0.,1.));
#1993=DIRECTION('center_axis',(0.,1.,0.));
#1994=DIRECTION('ref_axis',(0.,0.,1.));
#1995=DIRECTION('center_axis',(0.363636363636533,-1.35667090477301E-15,
0.931540978723534));
#1996=DIRECTION('ref_axis',(0.931540978723534,4.93038065763132E-31,-0.363636363636533));
#1997=DIRECTION('center_axis',(0.,1.,0.));
#1998=DIRECTION('ref_axis',(0.,0.,1.));
#1999=DIRECTION('center_axis',(0.,1.,0.));
#2000=DIRECTION('ref_axis',(0.,0.,1.));
#2001=DIRECTION('center_axis',(1.,0.,0.));
#2002=DIRECTION('ref_axis',(0.,0.,-1.));
#2003=DIRECTION('center_axis',(0.,-1.,0.));
#2004=DIRECTION('ref_axis',(0.,0.,1.));
#2005=DIRECTION('center_axis',(-1.,0.,-2.56848219318926E-16));
#2006=DIRECTION('ref_axis',(-2.56848219318926E-16,0.,1.));
#2007=DIRECTION('center_axis',(1.,0.,2.56848219318926E-16));
#2008=DIRECTION('ref_axis',(-2.56848219318926E-16,0.,1.));
#2009=DIRECTION('',(1.,0.,2.56848219318926E-16));
#2010=DIRECTION('center_axis',(1.81323287953866E-15,1.,6.76707723239226E-15));
#2011=DIRECTION('ref_axis',(0.,-6.73766997852042E-15,1.));
#2012=DIRECTION('center_axis',(-1.81323287953866E-15,-1.,-6.76707723239226E-15));
#2013=DIRECTION('ref_axis',(8.00906059602549E-32,6.76707723239226E-15,-1.));
#2014=DIRECTION('center_axis',(2.25569241079757E-15,1.,-6.04410959846217E-16));
#2015=DIRECTION('ref_axis',(-1.,2.2601044864656E-15,0.));
#2016=DIRECTION('center_axis',(-0.499999999999987,8.32743556865671E-15,
-0.866025403784446));
#2017=DIRECTION('ref_axis',(-0.866025403784446,-1.65660790096412E-29,0.499999999999987));
#2018=DIRECTION('center_axis',(-2.25569241079757E-15,-1.,6.04410959846217E-16));
#2019=DIRECTION('ref_axis',(1.,-2.25569241079757E-15,8.89895621806982E-33));
#2020=DIRECTION('center_axis',(0.5,0.,0.866025403784439));
#2021=DIRECTION('ref_axis',(0.866025403784439,0.,-0.5));
#2022=DIRECTION('center_axis',(-0.5,0.,-0.866025403784439));
#2023=DIRECTION('ref_axis',(0.866025403784439,9.56146797782492E-16,-0.5));
#2024=DIRECTION('center_axis',(-1.,-5.03756842092421E-9,-4.89692999859533E-9));
#2025=DIRECTION('ref_axis',(4.8969300893829E-9,1.36403591384555E-9,-1.));
#2026=DIRECTION('center_axis',(-0.988556334059039,0.,0.150852160712912));
#2027=DIRECTION('ref_axis',(-0.150852160712912,-1.77570119588177E-15,-0.988556334059039));
#2028=DIRECTION('center_axis',(0.,1.,0.));
#2029=DIRECTION('ref_axis',(-9.31362693885984E-14,0.,-1.));
#2030=DIRECTION('center_axis',(-0.988556334059067,0.,-0.15085216071273));
#2031=DIRECTION('ref_axis',(-0.15085216071273,0.,0.988556334059067));
#2032=DIRECTION('center_axis',(-1.,-5.54349769379058E-10,-2.64788686858681E-10));
#2033=DIRECTION('ref_axis',(2.64788714144803E-10,2.72697838017204E-9,-1.));
#2034=DIRECTION('center_axis',(-0.5,0.,0.866025403784439));
#2035=DIRECTION('ref_axis',(-0.866025403784439,9.56146797782492E-16,-0.5));
#2036=DIRECTION('center_axis',(0.5,0.,-0.866025403784439));
#2037=DIRECTION('ref_axis',(-0.866025403784439,0.,-0.5));
#2038=DIRECTION('center_axis',(0.,1.,0.));
#2039=DIRECTION('ref_axis',(0.,0.,1.));
#2040=DIRECTION('center_axis',(1.,0.,0.));
#2041=DIRECTION('ref_axis',(0.,0.,-1.));
#2042=DIRECTION('center_axis',(0.,-1.,0.));
#2043=DIRECTION('ref_axis',(0.,0.,-1.));
#2044=DIRECTION('center_axis',(-1.,0.,0.));
#2045=DIRECTION('ref_axis',(0.,0.,1.));
#2046=DIRECTION('center_axis',(1.,0.,0.));
#2047=DIRECTION('ref_axis',(0.,-1.77570119588177E-15,1.));
#2048=DIRECTION('',(1.,0.,0.));
#2049=DIRECTION('center_axis',(2.00641888022669E-16,1.,2.9370964973678E-16));
#2050=DIRECTION('ref_axis',(0.,-2.71970644702576E-16,1.));
#2051=DIRECTION('center_axis',(0.363636363636366,-1.73771749585158E-15,
-0.931540978723599));
#2052=DIRECTION('ref_axis',(-0.931540978723599,-1.08468374467889E-30,-0.363636363636366));
#2053=DIRECTION('center_axis',(0.,-1.,0.));
#2054=DIRECTION('ref_axis',(0.,0.,1.));
#2055=DIRECTION('center_axis',(0.,1.,0.));
#2056=DIRECTION('ref_axis',(0.,0.,1.));
#2057=DIRECTION('center_axis',(0.62491997042253,2.33147953962959E-15,-0.780688818010803));
#2058=DIRECTION('ref_axis',(-0.780688818010803,-9.86076131526264E-31,-0.62491997042253));
#2059=DIRECTION('center_axis',(8.30239628526561E-16,1.,4.79339073021602E-16));
#2060=DIRECTION('ref_axis',(-1.,8.30239628526561E-16,1.04728159581465E-33));
#2061=DIRECTION('center_axis',(0.,1.,0.));
#2062=DIRECTION('ref_axis',(0.,0.,1.));
#2063=DIRECTION('center_axis',(-0.499999999999989,0.,-0.866025403784445));
#2064=DIRECTION('ref_axis',(-0.866025403784445,0.,0.499999999999989));
#2065=DIRECTION('center_axis',(0.,-1.,0.));
#2066=DIRECTION('ref_axis',(0.,0.,1.));
#2067=DIRECTION('center_axis',(0.5,0.,0.866025403784439));
#2068=DIRECTION('ref_axis',(0.866025403784439,0.,-0.5));
#2069=DIRECTION('center_axis',(-0.5,0.,-0.866025403784439));
#2070=DIRECTION('ref_axis',(0.866025403784439,5.3271035876453E-15,-0.5));
#2071=DIRECTION('',(-0.5,0.,-0.866025403784439));
#2072=DIRECTION('center_axis',(4.95384435285412E-15,1.,-4.95384435285405E-15));
#2073=DIRECTION('ref_axis',(-1.,4.94664378169824E-15,0.));
#2074=DIRECTION('center_axis',(-4.95384435285412E-15,-1.,4.95384435285405E-15));
#2075=DIRECTION('ref_axis',(1.,-4.95384435285412E-15,2.23195404009858E-31));
#2076=DIRECTION('center_axis',(0.,1.,0.));
#2077=DIRECTION('ref_axis',(0.,0.,1.));
#2078=DIRECTION('',(0.,1.,0.));
#2079=DIRECTION('center_axis',(-0.866025403784439,0.,0.5));
#2080=DIRECTION('ref_axis',(0.5,0.,0.866025403784439));
#2081=DIRECTION('',(0.,1.,0.));
#2082=DIRECTION('',(0.,-1.,0.));
#2083=DIRECTION('center_axis',(0.,1.,0.));
#2084=DIRECTION('ref_axis',(0.,0.,1.));
#2085=DIRECTION('',(0.,1.,0.));
#2086=DIRECTION('',(0.,-1.,0.));
#2087=DIRECTION('center_axis',(0.,0.,-1.));
#2088=DIRECTION('ref_axis',(-1.,0.,0.));
#2089=DIRECTION('',(0.,1.,0.));
#2090=DIRECTION('center_axis',(0.,1.,0.));
#2091=DIRECTION('ref_axis',(0.,0.,1.));
#2092=DIRECTION('center_axis',(0.,1.,0.));
#2093=DIRECTION('ref_axis',(0.,0.,1.));
#2094=DIRECTION('center_axis',(0.,-1.,0.));
#2095=DIRECTION('ref_axis',(0.,0.,1.));
#2096=DIRECTION('',(-1.,0.,3.46944695195361E-16));
#2097=DIRECTION('center_axis',(0.,1.,0.));
#2098=DIRECTION('ref_axis',(0.,0.,1.));
#2099=DIRECTION('',(0.,1.,0.));
#2100=DIRECTION('center_axis',(2.56848219318926E-16,0.,-1.));
#2101=DIRECTION('ref_axis',(-1.,0.,-2.56848219318926E-16));
#2102=DIRECTION('',(0.,1.,0.));
#2103=DIRECTION('',(0.,-1.,0.));
#2104=DIRECTION('center_axis',(0.,1.,0.));
#2105=DIRECTION('ref_axis',(0.,0.,1.));
#2106=DIRECTION('',(0.,1.,0.));
#2107=DIRECTION('',(0.,-1.,0.));
#2108=DIRECTION('center_axis',(0.866025403784439,0.,0.5));
#2109=DIRECTION('ref_axis',(0.5,0.,-0.866025403784439));
#2110=DIRECTION('',(0.,1.,0.));
#2111=DIRECTION('center_axis',(0.,1.,0.));
#2112=DIRECTION('ref_axis',(0.,0.,1.));
#2113=DIRECTION('center_axis',(0.,1.,0.));
#2114=DIRECTION('ref_axis',(0.,0.,1.));
#2115=DIRECTION('center_axis',(0.,1.,0.));
#2116=DIRECTION('ref_axis',(0.,0.,1.));
#2117=DIRECTION('center_axis',(0.,1.,0.));
#2118=DIRECTION('ref_axis',(0.,0.,1.));
#2119=DIRECTION('center_axis',(0.,1.,0.));
#2120=DIRECTION('ref_axis',(0.,0.,1.));
#2121=DIRECTION('center_axis',(0.,1.,0.));
#2122=DIRECTION('ref_axis',(0.,0.,1.));
#2123=DIRECTION('center_axis',(0.,1.,0.));
#2124=DIRECTION('ref_axis',(-1.22464679914735E-16,0.,-1.));
#2125=DIRECTION('center_axis',(3.46944695195361E-16,0.,1.));
#2126=DIRECTION('ref_axis',(1.,0.,-3.46944695195361E-16));
#2127=DIRECTION('center_axis',(0.,0.,1.));
#2128=DIRECTION('ref_axis',(1.,0.,0.));
#2129=DIRECTION('center_axis',(0.,0.,1.));
#2130=DIRECTION('ref_axis',(1.,0.,0.));
#2131=DIRECTION('',(0.707106781186548,8.65956056235495E-17,-0.707106781186547));
#2132=DIRECTION('center_axis',(0.,0.,-1.));
#2133=DIRECTION('ref_axis',(1.,0.,0.));
#2134=DIRECTION('center_axis',(0.,0.,-1.));
#2135=DIRECTION('ref_axis',(-1.,0.,0.));
#2136=DIRECTION('center_axis',(0.,0.,-1.));
#2137=DIRECTION('ref_axis',(1.,0.,0.));
#2138=DIRECTION('center_axis',(0.,0.,-1.));
#2139=DIRECTION('ref_axis',(1.,0.,0.));
#2140=DIRECTION('',(-0.707106781186548,8.65956056235493E-17,0.707106781186548));
#2141=DIRECTION('center_axis',(0.,0.,1.));
#2142=DIRECTION('ref_axis',(1.,0.,0.));
#2143=DIRECTION('center_axis',(0.,0.,1.));
#2144=DIRECTION('ref_axis',(1.,0.,0.));
#2145=DIRECTION('',(0.,0.,-1.));
#2146=DIRECTION('center_axis',(0.,0.,1.));
#2147=DIRECTION('ref_axis',(1.,0.,0.));
#2148=DIRECTION('center_axis',(0.,0.,1.));
#2149=DIRECTION('ref_axis',(1.,0.,0.));
#2150=DIRECTION('center_axis',(0.,0.,1.));
#2151=DIRECTION('ref_axis',(1.,0.,0.));
#2152=DIRECTION('center_axis',(0.,0.,1.));
#2153=DIRECTION('ref_axis',(1.,0.,0.));
#2154=DIRECTION('center_axis',(0.,0.,1.));
#2155=DIRECTION('ref_axis',(1.,0.,0.));
#2156=DIRECTION('center_axis',(0.,0.,1.));
#2157=DIRECTION('ref_axis',(1.,0.,0.));
#2158=DIRECTION('center_axis',(0.,0.,1.));
#2159=DIRECTION('ref_axis',(1.,0.,0.));
#2160=DIRECTION('center_axis',(0.,0.,1.));
#2161=DIRECTION('ref_axis',(1.,0.,0.));
#2162=DIRECTION('center_axis',(0.,0.,1.));
#2163=DIRECTION('ref_axis',(1.,0.,0.));
#2164=DIRECTION('center_axis',(0.,0.,1.));
#2165=DIRECTION('ref_axis',(1.,0.,0.));
#2166=DIRECTION('center_axis',(0.,0.,1.));
#2167=DIRECTION('ref_axis',(1.,0.,0.));
#2168=DIRECTION('center_axis',(0.,0.,1.));
#2169=DIRECTION('ref_axis',(1.,0.,0.));
#2170=DIRECTION('center_axis',(0.,0.,1.));
#2171=DIRECTION('ref_axis',(1.,0.,0.));
#2172=DIRECTION('center_axis',(0.,0.,1.));
#2173=DIRECTION('ref_axis',(1.,0.,0.));
#2174=DIRECTION('center_axis',(0.,0.,1.));
#2175=DIRECTION('ref_axis',(1.,0.,0.));
#2176=DIRECTION('',(-0.5,0.866025403784439,0.));
#2177=DIRECTION('',(-1.,0.,0.));
#2178=DIRECTION('',(-0.5,-0.866025403784438,0.));
#2179=DIRECTION('',(0.5,-0.866025403784439,0.));
#2180=DIRECTION('',(1.,0.,0.));
#2181=DIRECTION('',(0.5,0.866025403784438,0.));
#2182=DIRECTION('center_axis',(0.,1.,0.));
#2183=DIRECTION('ref_axis',(0.,0.,1.));
#2184=DIRECTION('',(0.,0.,1.));
#2185=DIRECTION('',(0.,0.,1.));
#2186=DIRECTION('center_axis',(-0.866025403784439,0.5,0.));
#2187=DIRECTION('ref_axis',(-0.5,-0.866025403784439,0.));
#2188=DIRECTION('',(0.,0.,1.));
#2189=DIRECTION('center_axis',(-0.866025403784439,-0.5,0.));
#2190=DIRECTION('ref_axis',(0.5,-0.866025403784439,0.));
#2191=DIRECTION('',(0.,0.,1.));
#2192=DIRECTION('center_axis',(0.,-1.,0.));
#2193=DIRECTION('ref_axis',(0.,0.,-1.));
#2194=DIRECTION('',(0.,0.,1.));
#2195=DIRECTION('center_axis',(0.866025403784439,-0.5,0.));
#2196=DIRECTION('ref_axis',(0.5,0.866025403784439,0.));
#2197=DIRECTION('',(0.,0.,1.));
#2198=DIRECTION('center_axis',(0.866025403784439,0.5,0.));
#2199=DIRECTION('ref_axis',(-0.5,0.866025403784439,0.));
#2200=DIRECTION('',(0.,0.,1.));
#2201=DIRECTION('',(1.,0.,0.));
#2202=CARTESIAN_POINT('',(0.,0.,0.));
#2203=CARTESIAN_POINT('',(0.,0.,0.));
#2204=CARTESIAN_POINT('Origin',(0.,12.7,26.7843));
#2205=CARTESIAN_POINT('',(3.28013083196299E-15,16.7,26.7843));
#2206=CARTESIAN_POINT('',(4.,12.7,26.4839333651556));
#2207=CARTESIAN_POINT('Ctrl Pts',(4.,12.7,26.4839333651556));
#2208=CARTESIAN_POINT('Ctrl Pts',(4.,13.2030624070092,26.4839333651556));
#2209=CARTESIAN_POINT('Ctrl Pts',(3.89930853599772,13.7391336358344,26.499747847277));
#2210=CARTESIAN_POINT('Ctrl Pts',(3.4908619469498,14.7244231586402,26.5566399509228));
#2211=CARTESIAN_POINT('Ctrl Pts',(3.18314731116262,15.1737069383298,26.596870963708));
#2212=CARTESIAN_POINT('Ctrl Pts',(2.47371301417328,15.8831412353191,26.672208596762));
#2213=CARTESIAN_POINT('Ctrl Pts',(2.0244266123116,16.1908606370059,26.7122429431711));
#2214=CARTESIAN_POINT('Ctrl Pts',(1.03912813401348,16.5993106949911,26.7686839212379));
#2215=CARTESIAN_POINT('Ctrl Pts',(0.503053790278046,16.7,26.7843));
#2216=CARTESIAN_POINT('Ctrl Pts',(-1.11022302462516E-15,16.7,26.7843));
#2217=CARTESIAN_POINT('',(-1.36250960696383E-15,8.7,26.7843));
#2218=CARTESIAN_POINT('Ctrl Pts',(-9.71445146547012E-16,16.7,26.7843));
#2219=CARTESIAN_POINT('Ctrl Pts',(-0.503053790278048,16.7,26.7843));
#2220=CARTESIAN_POINT('Ctrl Pts',(-1.03912813401349,16.5993106949911,26.7686839212379));
#2221=CARTESIAN_POINT('Ctrl Pts',(-2.0244266123116,16.1908606370059,26.7122429431711));
#2222=CARTESIAN_POINT('Ctrl Pts',(-2.47371301417329,15.8831412353191,26.672208596762));
#2223=CARTESIAN_POINT('Ctrl Pts',(-3.18314731116262,15.1737069383298,26.596870963708));
#2224=CARTESIAN_POINT('Ctrl Pts',(-3.4908619469498,14.7244231586402,26.5566399509228));
#2225=CARTESIAN_POINT('Ctrl Pts',(-3.89930853599772,13.7391336358344,26.499747847277));
#2226=CARTESIAN_POINT('Ctrl Pts',(-4.,13.2030624070092,26.4839333651556));
#2227=CARTESIAN_POINT('Ctrl Pts',(-4.,12.1969375929908,26.4839333651556));
#2228=CARTESIAN_POINT('Ctrl Pts',(-3.89930853599772,11.6608663641656,26.499747847277));
#2229=CARTESIAN_POINT('Ctrl Pts',(-3.4908619469498,10.6755768413598,26.5566399509228));
#2230=CARTESIAN_POINT('Ctrl Pts',(-3.18314731116262,10.2262930616702,26.596870963708));
#2231=CARTESIAN_POINT('Ctrl Pts',(-2.47371301417328,9.5168587646809,26.672208596762));
#2232=CARTESIAN_POINT('Ctrl Pts',(-2.0244266123116,9.20913936299413,26.7122429431711));
#2233=CARTESIAN_POINT('Ctrl Pts',(-1.03912813401348,8.80068930500895,26.7686839212379));
#2234=CARTESIAN_POINT('Ctrl Pts',(-0.503053790278046,8.7,26.7843));
#2235=CARTESIAN_POINT('Ctrl Pts',(8.32667268468867E-16,8.7,26.7843));
#2236=CARTESIAN_POINT('Ctrl Pts',(8.32667268468867E-16,8.7,26.7843));
#2237=CARTESIAN_POINT('Ctrl Pts',(0.503053790278048,8.7,26.7843));
#2238=CARTESIAN_POINT('Ctrl Pts',(1.03912813401348,8.80068930500895,26.7686839212379));
#2239=CARTESIAN_POINT('Ctrl Pts',(2.0244266123116,9.20913936299413,26.7122429431711));
#2240=CARTESIAN_POINT('Ctrl Pts',(2.47371301417329,9.5168587646809,26.672208596762));
#2241=CARTESIAN_POINT('Ctrl Pts',(3.18314731116262,10.2262930616702,26.596870963708));
#2242=CARTESIAN_POINT('Ctrl Pts',(3.4908619469498,10.6755768413598,26.5566399509228));
#2243=CARTESIAN_POINT('Ctrl Pts',(3.89930853599772,11.6608663641656,26.499747847277));
#2244=CARTESIAN_POINT('Ctrl Pts',(4.,12.1969375929908,26.4839333651556));
#2245=CARTESIAN_POINT('Ctrl Pts',(4.,12.7,26.4839333651556));
#2246=CARTESIAN_POINT('',(4.,12.7,6.92820323027551));
#2247=CARTESIAN_POINT('',(4.,12.7,26.7843));
#2248=CARTESIAN_POINT('',(2.5,9.57750100080079,7.59934207678533));
#2249=CARTESIAN_POINT('Ctrl Pts',(4.,12.7,6.92820323027551));
#2250=CARTESIAN_POINT('Ctrl Pts',(4.,12.186779732158,6.92820323027551));
#2251=CARTESIAN_POINT('Ctrl Pts',(3.89554233790704,11.6474455949469,6.99130174381174));
#2252=CARTESIAN_POINT('Ctrl Pts',(3.4849148389449,10.6656705619687,7.20478404984272));
#2253=CARTESIAN_POINT('Ctrl Pts',(3.17902331252414,10.2221690630318,7.35080187019535));
#2254=CARTESIAN_POINT('Ctrl Pts',(2.72643106561811,9.76957681612572,7.52186566028525));
#2255=CARTESIAN_POINT('Ctrl Pts',(2.61669370740691,9.6709307404395,7.56095266549557));
#2256=CARTESIAN_POINT('Ctrl Pts',(2.5,9.5775010008008,7.59934207678533));
#2257=CARTESIAN_POINT('',(2.5,9.5775010008008,9.89934207678533));
#2258=CARTESIAN_POINT('',(2.5,9.5775010008008,26.7843));
#2259=CARTESIAN_POINT('',(-2.5,9.5775010008008,9.89934207678533));
#2260=CARTESIAN_POINT('Origin',(0.,12.7,9.89934207678533));
#2261=CARTESIAN_POINT('',(-2.5,9.5775010008008,7.59934207678533));
#2262=CARTESIAN_POINT('',(-2.5,9.5775010008008,26.7843));
#2263=CARTESIAN_POINT('',(-2.5,15.8224989991992,7.59934207678533));
#2264=CARTESIAN_POINT('Ctrl Pts',(-2.5,15.8224989991992,7.59934207678533));
#2265=CARTESIAN_POINT('Ctrl Pts',(-2.61669370740691,15.7290692595605,7.56095266549557));
#2266=CARTESIAN_POINT('Ctrl Pts',(-2.72643106561811,15.6304231838743,7.52186566028525));
#2267=CARTESIAN_POINT('Ctrl Pts',(-3.17902331252414,15.1778309369682,7.35080187019535));
#2268=CARTESIAN_POINT('Ctrl Pts',(-3.4849148389449,14.7343294380313,7.20478404984272));
#2269=CARTESIAN_POINT('Ctrl Pts',(-3.89554233790704,13.7525544050531,6.99130174381174));
#2270=CARTESIAN_POINT('Ctrl Pts',(-4.,13.213220267842,6.92820323027551));
#2271=CARTESIAN_POINT('Ctrl Pts',(-4.,12.186779732158,6.92820323027551));
#2272=CARTESIAN_POINT('Ctrl Pts',(-3.89554233790704,11.6474455949469,6.99130174381174));
#2273=CARTESIAN_POINT('Ctrl Pts',(-3.48491483894491,10.6656705619687,7.20478404984272));
#2274=CARTESIAN_POINT('Ctrl Pts',(-3.17902331252414,10.2221690630318,7.35080187019535));
#2275=CARTESIAN_POINT('Ctrl Pts',(-2.72643106561811,9.76957681612573,7.52186566028525));
#2276=CARTESIAN_POINT('Ctrl Pts',(-2.61669370740691,9.6709307404395,7.56095266549557));
#2277=CARTESIAN_POINT('Ctrl Pts',(-2.5,9.5775010008008,7.59934207678533));
#2278=CARTESIAN_POINT('',(-2.5,15.8224989991992,9.89934207678533));
#2279=CARTESIAN_POINT('',(-2.5,15.8224989991992,26.7843));
#2280=CARTESIAN_POINT('',(2.5,15.8224989991992,9.89934207678533));
#2281=CARTESIAN_POINT('Origin',(0.,12.7,9.89934207678533));
#2282=CARTESIAN_POINT('',(2.5,15.8224989991992,7.59934207678533));
#2283=CARTESIAN_POINT('',(2.5,15.8224989991992,26.7843));
#2284=CARTESIAN_POINT('Ctrl Pts',(2.5,15.8224989991992,7.59934207678533));
#2285=CARTESIAN_POINT('Ctrl Pts',(2.61669370740691,15.7290692595605,7.56095266549557));
#2286=CARTESIAN_POINT('Ctrl Pts',(2.72643106561811,15.6304231838743,7.52186566028525));
#2287=CARTESIAN_POINT('Ctrl Pts',(3.17902331252414,15.1778309369682,7.35080187019535));
#2288=CARTESIAN_POINT('Ctrl Pts',(3.4849148389449,14.7343294380313,7.20478404984272));
#2289=CARTESIAN_POINT('Ctrl Pts',(3.89554233790704,13.7525544050531,6.99130174381174));
#2290=CARTESIAN_POINT('Ctrl Pts',(4.,13.213220267842,6.92820323027551));
#2291=CARTESIAN_POINT('Ctrl Pts',(4.,12.7,6.92820323027551));
#2292=CARTESIAN_POINT('Origin',(1.12351845600036E-31,23.8125,1.12351845600036E-31));
#2293=CARTESIAN_POINT('',(-3.28013072624025E-15,23.8125,26.7843));
#2294=CARTESIAN_POINT('Origin',(0.,23.8125,0.));
#2295=CARTESIAN_POINT('',(-2.98290134014393E-15,25.4,25.1968));
#2296=CARTESIAN_POINT('',(-3.28013072624025E-15,23.8125,26.7843));
#2297=CARTESIAN_POINT('Origin',(1.02816706731675E-16,25.4,1.02816706731675E-16));
#2298=CARTESIAN_POINT('Origin',(2.42351538793036,-11.811,-15.8816517848259));
#2299=CARTESIAN_POINT('',(2.2319331438252,-11.811,-14.6261852405709));
#2300=CARTESIAN_POINT('',(3.52336765073658,-11.811,-15.2466517848259));
#2301=CARTESIAN_POINT('Origin',(2.42351538793036,-11.811,-15.8816517848259));
#2302=CARTESIAN_POINT('',(3.52336765073658,-0.79375,-15.2466517848259));
#2303=CARTESIAN_POINT('',(3.52336765073657,-11.811,-15.2466517848259));
#2304=CARTESIAN_POINT('',(2.42351538773531,-0.79375,-14.6116517848259));
#2305=CARTESIAN_POINT('Origin',(2.42351538793035,-0.79375,-15.8816517848259));
#2306=CARTESIAN_POINT('',(2.23193314382519,-0.79375,-14.6261852405709));
#2307=CARTESIAN_POINT('Origin',(2.42351538793043,-0.79375,-15.8816517848266));
#2308=CARTESIAN_POINT('',(2.2319331438252,-11.811,-14.6261852405709));
#2309=CARTESIAN_POINT('Origin',(-2.4235153879333,-11.811,-15.8816517848255));
#2310=CARTESIAN_POINT('',(-3.52336765073955,-11.811,-15.2466517848255));
#2311=CARTESIAN_POINT('',(-2.2319331438279,-11.811,-14.6261852405705));
#2312=CARTESIAN_POINT('Origin',(-2.4235153879333,-11.811,-15.8816517848255));
#2313=CARTESIAN_POINT('',(-2.23193314382789,-0.79375,-14.6261852405705));
#2314=CARTESIAN_POINT('',(-2.2319331438279,-11.811,-14.6261852405705));
#2315=CARTESIAN_POINT('',(-2.42351539143796,-0.79375,-14.6116517848255));
#2316=CARTESIAN_POINT('Origin',(-2.4235153879333,-0.79375,-15.8816517848255));
#2317=CARTESIAN_POINT('',(-3.52336765073955,-0.793749999999998,-15.2466517848255));
#2318=CARTESIAN_POINT('Origin',(-2.4235153879333,-0.79375,-15.8816517848255));
#2319=CARTESIAN_POINT('',(-3.52336765073956,-11.811,-15.2466517848255));
#2320=CARTESIAN_POINT('Origin',(0.,25.4,0.));
#2321=CARTESIAN_POINT('',(2.5,23.8125,7.59934207678533));
#2322=CARTESIAN_POINT('',(-2.5,23.8125,7.59934207678533));
#2323=CARTESIAN_POINT('Origin',(0.,23.8125,0.));
#2324=CARTESIAN_POINT('',(-2.5,25.4,7.59934207678533));
#2325=CARTESIAN_POINT('',(-2.5,0.,7.59934207678533));
#2326=CARTESIAN_POINT('',(-2.5,25.4,7.59934207678533));
#2327=CARTESIAN_POINT('',(2.5,0.,7.59934207678533));
#2328=CARTESIAN_POINT('Origin',(0.,0.,0.));
#2329=CARTESIAN_POINT('',(2.5,25.4,7.59934207678533));
#2330=CARTESIAN_POINT('',(2.5,25.4,7.59934207678533));
#2331=CARTESIAN_POINT('Origin',(0.,25.4,0.));
#2332=CARTESIAN_POINT('',(8.7249,-11.811,-25.3234051122672));
#2333=CARTESIAN_POINT('',(-8.7249,-11.811,-25.3234051122672));
#2334=CARTESIAN_POINT('Origin',(0.,-11.811,0.));
#2335=CARTESIAN_POINT('',(-8.72490000000004,-0.79375,-25.3234051122672));
#2336=CARTESIAN_POINT('',(-8.72489999999999,25.4,-25.3234051122672));
#2337=CARTESIAN_POINT('',(-9.51865000000003,0.,-25.0358548619275));
#2338=CARTESIAN_POINT('Ctrl Pts',(-8.72490000000006,-0.793750000000002,
-25.3234051122672));
#2339=CARTESIAN_POINT('Ctrl Pts',(-8.72490000000006,-0.6928112295752,-25.3234051122672));
#2340=CARTESIAN_POINT('Ctrl Pts',(-8.74536094167514,-0.585689992988133,
-25.3163831537524));
#2341=CARTESIAN_POINT('Ctrl Pts',(-8.82700767718546,-0.390146456885924,
-25.288031348175));
#2342=CARTESIAN_POINT('Ctrl Pts',(-8.88815562909191,-0.301712355774506,
-25.2666739416197));
#2343=CARTESIAN_POINT('Ctrl Pts',(-9.02931318718265,-0.160554797683763,
-25.2165829401512));
#2344=CARTESIAN_POINT('Ctrl Pts',(-9.1196002855143,-0.0995022200780074,
-25.1841711053741));
#2345=CARTESIAN_POINT('Ctrl Pts',(-9.31526672915462,-0.0192463550086599,
-25.1124548660712));
#2346=CARTESIAN_POINT('Ctrl Pts',(-9.42061948851742,-2.65179280588761E-17,
-25.0731261328016));
#2347=CARTESIAN_POINT('Ctrl Pts',(-9.51865000000005,1.92592994438724E-33,
-25.0358548619275));
#2348=CARTESIAN_POINT('',(-26.4410113158894,4.98732999343375E-16,4.274534721231));
#2349=CARTESIAN_POINT('Origin',(0.,0.,0.));
#2350=CARTESIAN_POINT('',(-26.2931621375481,-0.793749999999994,5.10571751065474));
#2351=CARTESIAN_POINT('Ctrl Pts',(-26.4410113158894,7.70371977754894E-32,
4.27453472123103));
#2352=CARTESIAN_POINT('Ctrl Pts',(-26.4242739275564,3.33008567548468E-15,
4.37806726995804));
#2353=CARTESIAN_POINT('Ctrl Pts',(-26.4056572299851,-0.0192463550086579,
4.48896980255982));
#2354=CARTESIAN_POINT('Ctrl Pts',(-26.3699320932651,-0.0995022200780057,
4.69428003307193));
#2355=CARTESIAN_POINT('Ctrl Pts',(-26.3528580163996,-0.160554797683763,
4.78867687124969));
#2356=CARTESIAN_POINT('Ctrl Pts',(-26.3256593171269,-0.301712355774506,
4.9359684032267));
#2357=CARTESIAN_POINT('Ctrl Pts',(-26.3135813978095,-0.390146456885924,
4.99960278624472));
#2358=CARTESIAN_POINT('Ctrl Pts',(-26.2973114139275,-0.585689992988134,
5.0844868361214));
#2359=CARTESIAN_POINT('Ctrl Pts',(-26.2931621375481,-0.6928112295752,5.10571751065477));
#2360=CARTESIAN_POINT('Ctrl Pts',(-26.2931621375481,-0.793750000000002,
5.10571751065477));
#2361=CARTESIAN_POINT('',(-26.2931621375481,-11.811,5.10571751065475));
#2362=CARTESIAN_POINT('',(-26.2931621375481,25.4,5.10571751065475));
#2363=CARTESIAN_POINT('',(-17.5682621375481,-11.811,20.2176876016124));
#2364=CARTESIAN_POINT('Origin',(0.,-11.811,0.));
#2365=CARTESIAN_POINT('',(-17.5682621375481,-0.79375,20.2176876016124));
#2366=CARTESIAN_POINT('',(-17.5682621375481,25.4,20.2176876016124));
#2367=CARTESIAN_POINT('',(-16.9223613158894,0.,20.7613201406965));
#2368=CARTESIAN_POINT('Ctrl Pts',(-17.5682621375481,-0.793750000000002,
20.2176876016124));
#2369=CARTESIAN_POINT('Ctrl Pts',(-17.5682621375481,-0.6928112295752,20.2176876016124));
#2370=CARTESIAN_POINT('Ctrl Pts',(-17.5519504722525,-0.585689992988129,
20.231896317631));
#2371=CARTESIAN_POINT('Ctrl Pts',(-17.4865737206242,-0.39014645688592,20.2884285619304));
#2372=CARTESIAN_POINT('Ctrl Pts',(-17.4375036880351,-0.301712355774506,
20.3307055383931));
#2373=CARTESIAN_POINT('Ctrl Pts',(-17.323544829217,-0.160554797683763,20.4279060689016));
#2374=CARTESIAN_POINT('Ctrl Pts',(-17.2503318077509,-0.099502220078004,
20.4898910723022));
#2375=CARTESIAN_POINT('Ctrl Pts',(-17.0903905008306,-0.0192463550086571,
20.6234850635115));
#2376=CARTESIAN_POINT('Ctrl Pts',(-17.003654439039,3.70720233390128E-16,
20.6950588628436));
#2377=CARTESIAN_POINT('Ctrl Pts',(-16.9223613158894,-6.16297582203915E-32,
20.7613201406965));
#2378=CARTESIAN_POINT('',(-3.28013072624025E-15,0.,26.7843));
#2379=CARTESIAN_POINT('Origin',(0.,0.,0.));
#2380=CARTESIAN_POINT('',(-3.28013072624025E-15,25.4,26.7843));
#2381=CARTESIAN_POINT('',(-3.28013072624025E-15,25.4,26.7843));
#2382=CARTESIAN_POINT('',(16.9223613158894,-2.71050543121369E-16,20.7613201406965));
#2383=CARTESIAN_POINT('Origin',(0.,0.,0.));
#2384=CARTESIAN_POINT('',(17.5682621375481,-0.79375,20.2176876016124));
#2385=CARTESIAN_POINT('Ctrl Pts',(16.9223613158894,3.08148791101958E-32,
20.7613201406965));
#2386=CARTESIAN_POINT('Ctrl Pts',(17.0036544390391,1.85134133707015E-15,
20.6950588628436));
#2387=CARTESIAN_POINT('Ctrl Pts',(17.0903905008306,-0.0192463550086595,
20.6234850635114));
#2388=CARTESIAN_POINT('Ctrl Pts',(17.2503318077509,-0.099502220078009,20.4898910723022));
#2389=CARTESIAN_POINT('Ctrl Pts',(17.323544829217,-0.160554797683763,20.4279060689016));
#2390=CARTESIAN_POINT('Ctrl Pts',(17.4375036880351,-0.301712355774506,20.3307055383931));
#2391=CARTESIAN_POINT('Ctrl Pts',(17.4865737206242,-0.390146456885926,20.2884285619303));
#2392=CARTESIAN_POINT('Ctrl Pts',(17.5519504722525,-0.585689992988135,20.231896317631));
#2393=CARTESIAN_POINT('Ctrl Pts',(17.5682621375481,-0.6928112295752,20.2176876016124));
#2394=CARTESIAN_POINT('Ctrl Pts',(17.5682621375481,-0.793750000000002,20.2176876016124));
#2395=CARTESIAN_POINT('',(17.5682621375481,-11.811,20.2176876016124));
#2396=CARTESIAN_POINT('',(17.5682621375481,25.4,20.2176876016124));
#2397=CARTESIAN_POINT('',(26.2931621375481,-11.811,5.10571751065475));
#2398=CARTESIAN_POINT('Origin',(0.,-11.811,0.));
#2399=CARTESIAN_POINT('',(26.2931621375481,-0.79375,5.10571751065476));
#2400=CARTESIAN_POINT('',(26.2931621375481,25.4,5.10571751065476));
#2401=CARTESIAN_POINT('',(26.4410113158894,0.,4.27453472123101));
#2402=CARTESIAN_POINT('Ctrl Pts',(26.2931621375481,-0.793750000000002,5.10571751065477));
#2403=CARTESIAN_POINT('Ctrl Pts',(26.2931621375481,-0.6928112295752,5.10571751065477));
#2404=CARTESIAN_POINT('Ctrl Pts',(26.2973114139275,-0.585689992988134,5.0844868361214));
#2405=CARTESIAN_POINT('Ctrl Pts',(26.3135813978095,-0.390146456885924,4.99960278624472));
#2406=CARTESIAN_POINT('Ctrl Pts',(26.3256593171269,-0.301712355774506,4.9359684032267));
#2407=CARTESIAN_POINT('Ctrl Pts',(26.3528580163996,-0.160554797683763,4.78867687124969));
#2408=CARTESIAN_POINT('Ctrl Pts',(26.3699320932651,-0.0995022200780057,
4.69428003307193));
#2409=CARTESIAN_POINT('Ctrl Pts',(26.4056572299851,-0.0192463550086581,
4.48896980255982));
#2410=CARTESIAN_POINT('Ctrl Pts',(26.4242739275564,1.95980476462572E-16,
4.37806726995804));
#2411=CARTESIAN_POINT('Ctrl Pts',(26.4410113158894,4.62223186652937E-32,
4.27453472123103));
#2412=CARTESIAN_POINT('',(9.51864999999999,-3.19839640883478E-16,-25.0358548619275));
#2413=CARTESIAN_POINT('Origin',(0.,0.,0.));
#2414=CARTESIAN_POINT('',(8.7249,-0.79375,-25.3234051122672));
#2415=CARTESIAN_POINT('Ctrl Pts',(9.51865000000005,-1.34815096107107E-32,
-25.0358548619275));
#2416=CARTESIAN_POINT('Ctrl Pts',(9.42061948851742,-7.4897818557882E-15,
-25.0731261328016));
#2417=CARTESIAN_POINT('Ctrl Pts',(9.31526672915462,-0.0192463550086599,
-25.1124548660712));
#2418=CARTESIAN_POINT('Ctrl Pts',(9.1196002855143,-0.0995022200780074,-25.1841711053741));
#2419=CARTESIAN_POINT('Ctrl Pts',(9.02931318718265,-0.160554797683763,-25.2165829401512));
#2420=CARTESIAN_POINT('Ctrl Pts',(8.88815562909191,-0.301712355774506,-25.2666739416197));
#2421=CARTESIAN_POINT('Ctrl Pts',(8.82700767718546,-0.390146456885924,-25.288031348175));
#2422=CARTESIAN_POINT('Ctrl Pts',(8.74536094167514,-0.585689992988134,-25.3163831537524));
#2423=CARTESIAN_POINT('Ctrl Pts',(8.72490000000006,-0.6928112295752,-25.3234051122672));
#2424=CARTESIAN_POINT('Ctrl Pts',(8.72490000000006,-0.793750000000002,-25.3234051122672));
#2425=CARTESIAN_POINT('',(8.7249,25.4,-25.3234051122672));
#2426=CARTESIAN_POINT('Origin',(-2.5,25.4,9.89934207678533));
#2427=CARTESIAN_POINT('',(-2.5,25.4,9.25581742743449));
#2428=CARTESIAN_POINT('Ctrl Pts',(-2.5,23.8125,7.59934207678536));
#2429=CARTESIAN_POINT('Ctrl Pts',(-2.5,24.5282425916869,8.35282055895384));
#2430=CARTESIAN_POINT('Ctrl Pts',(-2.5,25.3999999999927,9.25581742742694));
#2431=CARTESIAN_POINT('',(-2.5,25.4,9.89934207678533));
#2432=CARTESIAN_POINT('',(-2.5,25.4,9.89934207678533));
#2433=CARTESIAN_POINT('',(-2.5,25.4,9.89934207678533));
#2434=CARTESIAN_POINT('Origin',(-2.5,25.4,9.89934207678533));
#2435=CARTESIAN_POINT('',(-2.5,0.,9.89934207678533));
#2436=CARTESIAN_POINT('',(-2.5,25.4,9.89934207678533));
#2437=CARTESIAN_POINT('',(-2.5,0.,9.89934207678533));
#2438=CARTESIAN_POINT('Origin',(-2.5,25.4,9.89934207678533));
#2439=CARTESIAN_POINT('',(2.5,0.,9.89934207678533));
#2440=CARTESIAN_POINT('',(2.5,25.4,9.89934207678533));
#2441=CARTESIAN_POINT('',(-2.5,0.,9.89934207678533));
#2442=CARTESIAN_POINT('Origin',(2.5,25.4,9.89934207678533));
#2443=CARTESIAN_POINT('',(2.5,0.,9.89934207678533));
#2444=CARTESIAN_POINT('Origin',(2.5,25.4,9.89934207678533));
#2445=CARTESIAN_POINT('',(2.5,25.4,9.89934207678533));
#2446=CARTESIAN_POINT('',(2.5,25.4,9.89934207678533));
#2447=CARTESIAN_POINT('',(2.5,25.4,9.25581742743449));
#2448=CARTESIAN_POINT('',(2.5,25.4,9.89934207678533));
#2449=CARTESIAN_POINT('Ctrl Pts',(2.5,25.3999999999927,9.2558174274269));
#2450=CARTESIAN_POINT('Ctrl Pts',(2.5,24.5282425916869,8.35282055895381));
#2451=CARTESIAN_POINT('Ctrl Pts',(2.5,23.8125,7.59934207678533));
#2452=CARTESIAN_POINT('Origin',(7.7089,-11.811,-24.5282064704733));
#2453=CARTESIAN_POINT('Origin',(0.,-11.811,0.));
#2454=CARTESIAN_POINT('',(-8.58878181024499,-11.811,-24.0202064704677));
#2455=CARTESIAN_POINT('',(-8.58878181024499,-11.811,-24.0202064704677));
#2456=CARTESIAN_POINT('',(-8.7249,-11.811,-24.5282064704677));
#2457=CARTESIAN_POINT('Origin',(-7.7089,-11.811,-24.5282064704677));
#2458=CARTESIAN_POINT('',(-8.7249,-11.811,-24.5282064704733));
#2459=CARTESIAN_POINT('',(8.7249,-11.811,-24.5282064704733));
#2460=CARTESIAN_POINT('',(8.7249,-11.811,-24.5282064704733));
#2461=CARTESIAN_POINT('',(8.58878181024499,-11.811,-24.0202064704733));
#2462=CARTESIAN_POINT('Origin',(7.7089,-11.811,-24.5282064704733));
#2463=CARTESIAN_POINT('',(3.52336765073658,-11.811,-15.2466517848259));
#2464=CARTESIAN_POINT('Origin',(8.7249,-11.811,-24.5282064704733));
#2465=CARTESIAN_POINT('',(8.72490000000002,-0.79375,-24.5282064704733));
#2466=CARTESIAN_POINT('',(8.7249,-0.79375,-24.5282064704733));
#2467=CARTESIAN_POINT('',(8.7249,-11.811,-24.5282064704733));
#2468=CARTESIAN_POINT('Origin',(9.51865,-0.79375,2.07649067123101E-14));
#2469=CARTESIAN_POINT('',(9.51865000000002,-2.71050543121376E-17,-24.5282064704733));
#2470=CARTESIAN_POINT('',(9.51864999999995,-6.50521303491303E-16,2.076490671231E-14));
#2471=CARTESIAN_POINT('Origin',(9.51865000000005,-0.79375,-24.5282064704733));
#2472=CARTESIAN_POINT('Origin',(0.,0.,0.));
#2473=CARTESIAN_POINT('',(-16.4827249126949,7.94287171861801E-16,20.5074959449666));
#2474=CARTESIAN_POINT('',(-16.4827249126949,0.,20.5074959449666));
#2475=CARTESIAN_POINT('',(-15.820310438196,2.15648802555726E-16,19.8450814704677));
#2476=CARTESIAN_POINT('Origin',(-17.3875999126948,-2.49366499671666E-15,
18.9402064704678));
#2477=CARTESIAN_POINT('',(-10.7548962786906,2.98155597433514E-16,11.0715267848255));
#2478=CARTESIAN_POINT('',(-10.7548962786906,0.,11.0715267848255));
#2479=CARTESIAN_POINT('',(-10.9310096575811,6.58877802449181E-17,8.74997319586569));
#2480=CARTESIAN_POINT('Origin',(-12.5421562057507,4.33680868994202E-16,
10.0396517848255));
#2481=CARTESIAN_POINT('',(-13.0432038988422,4.5746475064359E-17,5.09154545454786));
#2482=CARTESIAN_POINT('Origin',(6.41847686111419E-14,-6.50521303491303E-16,
-4.16333634234434E-14));
#2483=CARTESIAN_POINT('',(-14.9656715936829,2.71050543121376E-16,3.77825000000277));
#2484=CARTESIAN_POINT('Origin',(-14.9656715936829,3.25260651745651E-16,
5.84200000000276));
#2485=CARTESIAN_POINT('',(-25.0964999126997,1.04845321425069E-16,3.77825000000277));
#2486=CARTESIAN_POINT('',(0.,0.,3.77825000000277));
#2487=CARTESIAN_POINT('',(-26.0013749126997,1.06036953366328E-16,4.02071052550387));
#2488=CARTESIAN_POINT('Origin',(-25.0964999126997,-1.20346441145891E-14,
5.58800000000272));
#2489=CARTESIAN_POINT('',(-26.4410113158894,0.,4.274534721231));
#2490=CARTESIAN_POINT('',(-9.51865000000002,-5.16187663871368E-16,-24.5282064704677));
#2491=CARTESIAN_POINT('',(-9.51865,0.,0.));
#2492=CARTESIAN_POINT('',(-9.27618947449889,-2.3570489199903E-16,-23.6233314704677));
#2493=CARTESIAN_POINT('Origin',(-7.70889999999994,-4.55364912443912E-15,
-24.5282064704677));
#2494=CARTESIAN_POINT('',(-4.21077531499345,-2.71050543121376E-17,-14.8497767848255));
#2495=CARTESIAN_POINT('',(-4.21077531499344,0.,-14.8497767848255));
#2496=CARTESIAN_POINT('',(-2.42351539932371,-4.14947740957506E-19,-13.8178524819244));
#2497=CARTESIAN_POINT('Origin',(-2.42347269091785,-5.20927318075005E-19,
-15.881627132423));
#2498=CARTESIAN_POINT('',(-2.11219424126202,0.,-13.8415186504111));
#2499=CARTESIAN_POINT('Origin',(-2.42406476000431,-5.57047265196579E-17,
-15.8845792156804));
#2500=CARTESIAN_POINT('',(2.11219424125946,-1.0842021724855E-16,-13.8415186504115));
#2501=CARTESIAN_POINT('Origin',(1.47451495458029E-14,-5.42101086242752E-16,
6.41847686111419E-14));
#2502=CARTESIAN_POINT('',(2.4235153870851,-1.7082950796981E-20,-13.8178320736209));
#2503=CARTESIAN_POINT('Origin',(2.42419945948133,-1.42493439394992E-14,
-15.8845689226841));
#2504=CARTESIAN_POINT('',(4.21077531499049,-2.16840434497101E-17,-14.8497767848259));
#2505=CARTESIAN_POINT('Origin',(2.42345501735443,-5.55098697572931E-20,
-15.8816169273208));
#2506=CARTESIAN_POINT('',(9.27618947449889,1.8702487475375E-15,-23.6233314704733));
#2507=CARTESIAN_POINT('',(9.27618947449889,0.,-23.6233314704733));
#2508=CARTESIAN_POINT('Origin',(7.70890000000002,1.84314369322536E-15,-24.5282064704733));
#2509=CARTESIAN_POINT('',(26.0013749126949,-6.23416249179165E-16,4.02071052550111));
#2510=CARTESIAN_POINT('',(26.0013749126949,0.,4.02071052550112));
#2511=CARTESIAN_POINT('',(25.0964999126949,-5.96311194867027E-16,3.77825));
#2512=CARTESIAN_POINT('Origin',(25.0964999126949,-1.19262238973405E-15,
5.58799999999998));
#2513=CARTESIAN_POINT('',(14.965671593684,-6.53046120860333E-17,3.77825000000001));
#2514=CARTESIAN_POINT('',(0.,0.,3.77825));
#2515=CARTESIAN_POINT('',(13.0432038988432,-6.36760579283431E-16,5.09154545454546));
#2516=CARTESIAN_POINT('Origin',(14.965671593684,-6.50521303491303E-16,5.842));
#2517=CARTESIAN_POINT('',(10.9310096575828,-7.0773118097226E-16,8.74997319586366));
#2518=CARTESIAN_POINT('Origin',(1.50920942409982E-13,-1.95156391047391E-15,
7.28583859910259E-14));
#2519=CARTESIAN_POINT('',(10.7548962786924,2.16840434497101E-16,11.0715267848232));
#2520=CARTESIAN_POINT('Origin',(12.5421562057526,-2.16840434497101E-16,
10.0396517848232));
#2521=CARTESIAN_POINT('',(15.8203104382008,-1.30342587086394E-15,19.8450814704705));
#2522=CARTESIAN_POINT('',(15.8203104382008,0.,19.8450814704705));
#2523=CARTESIAN_POINT('',(16.4827249126998,-2.06355902354461E-15,20.5074959449694));
#2524=CARTESIAN_POINT('Origin',(17.3875999126998,-1.48535697630514E-14,
18.9402064704704));
#2525=CARTESIAN_POINT('',(16.9223613158894,0.,20.7613201406965));
#2526=CARTESIAN_POINT('Origin',(4.759325,-0.79375,-8.24339270973271));
#2527=CARTESIAN_POINT('',(25.6044999126949,-0.793749999999999,4.70811818975503));
#2528=CARTESIAN_POINT('Origin',(26.0013749126949,-0.79375,4.02071052550114));
#2529=CARTESIAN_POINT('',(4.36245,-0.79375,-7.55598504547881));
#2530=CARTESIAN_POINT('Origin',(26.2931621375481,-11.811,5.10571751065474));
#2531=CARTESIAN_POINT('',(25.6044999126949,-11.811,4.70811818975502));
#2532=CARTESIAN_POINT('',(25.6044999126949,-11.811,4.70811818975502));
#2533=CARTESIAN_POINT('',(26.2931621375481,-11.811,5.10571751065474));
#2534=CARTESIAN_POINT('Origin',(17.3875999126997,-11.811,18.9402064704705));
#2535=CARTESIAN_POINT('',(11.5506814068789,-11.811,9.24600342238657));
#2536=CARTESIAN_POINT('',(11.4423039429463,-11.811,10.6746517848232));
#2537=CARTESIAN_POINT('Origin',(12.5421562057526,-11.811,10.0396517848232));
#2538=CARTESIAN_POINT('',(13.782614550705,-11.811,5.38018181818182));
#2539=CARTESIAN_POINT('Origin',(0.,-11.811,0.));
#2540=CARTESIAN_POINT('',(14.965671593684,-11.811,4.572));
#2541=CARTESIAN_POINT('Origin',(14.965671593684,-11.811,5.842));
#2542=CARTESIAN_POINT('',(25.0964999126949,-11.811,4.572));
#2543=CARTESIAN_POINT('',(17.3875999126997,-11.811,4.572));
#2544=CARTESIAN_POINT('Origin',(25.0964999126949,-11.811,5.588));
#2545=CARTESIAN_POINT('',(16.8795999126997,-11.811,19.8200882807155));
#2546=CARTESIAN_POINT('',(16.8795999126997,-11.811,19.8200882807155));
#2547=CARTESIAN_POINT('',(16.5077181024547,-11.811,19.4482064704705));
#2548=CARTESIAN_POINT('Origin',(17.3875999126997,-11.811,18.9402064704705));
#2549=CARTESIAN_POINT('',(11.4423039429463,-11.811,10.6746517848232));
#2550=CARTESIAN_POINT('Origin',(16.8795999126997,-11.811,19.8200882807155));
#2551=CARTESIAN_POINT('',(16.8795999126997,-0.79375,19.8200882807155));
#2552=CARTESIAN_POINT('',(16.8795999126997,-0.79375,19.8200882807155));
#2553=CARTESIAN_POINT('',(16.8795999126997,-11.811,19.8200882807155));
#2554=CARTESIAN_POINT('Origin',(-4.759325,-0.79375,8.2433927097327));
#2555=CARTESIAN_POINT('Origin',(16.4827249126997,-0.79375,20.5074959449694));
#2556=CARTESIAN_POINT('Origin',(4.759325,-0.79375,8.24339270973274));
#2557=CARTESIAN_POINT('',(-16.8795999126949,-0.793749999999999,19.8200882807127));
#2558=CARTESIAN_POINT('Origin',(-16.4827249126949,-0.79375,20.5074959449666));
#2559=CARTESIAN_POINT('',(4.36245,-0.79375,7.55598504547884));
#2560=CARTESIAN_POINT('Origin',(-17.5682621375481,-11.811,20.2176876016124));
#2561=CARTESIAN_POINT('',(-16.8795999126949,-11.811,19.8200882807127));
#2562=CARTESIAN_POINT('',(-16.8795999126949,-11.811,19.8200882807127));
#2563=CARTESIAN_POINT('',(-17.5682621375481,-11.811,20.2176876016124));
#2564=CARTESIAN_POINT('Origin',(-25.0964999126997,-11.811,5.58800000000278));
#2565=CARTESIAN_POINT('',(-13.782614550704,-11.811,5.38018181818437));
#2566=CARTESIAN_POINT('',(-14.9656715936829,-11.811,4.57200000000277));
#2567=CARTESIAN_POINT('Origin',(-14.9656715936829,-11.811,5.84200000000277));
#2568=CARTESIAN_POINT('',(-11.5506814068771,-11.811,9.2460034223887));
#2569=CARTESIAN_POINT('Origin',(0.,-11.811,0.));
#2570=CARTESIAN_POINT('',(-11.4423039429445,-11.811,10.6746517848255));
#2571=CARTESIAN_POINT('Origin',(-12.5421562057507,-11.811,10.0396517848255));
#2572=CARTESIAN_POINT('',(-16.5077181024499,-11.811,19.4482064704677));
#2573=CARTESIAN_POINT('',(-16.5077181024499,-11.811,19.4482064704677));
#2574=CARTESIAN_POINT('Origin',(-17.3875999126949,-11.811,18.9402064704677));
#2575=CARTESIAN_POINT('',(-25.6044999126997,-11.811,4.70811818975779));
#2576=CARTESIAN_POINT('',(-25.6044999126997,-11.811,4.70811818975778));
#2577=CARTESIAN_POINT('',(-25.0964999126997,-11.811,4.57200000000277));
#2578=CARTESIAN_POINT('Origin',(-25.0964999126997,-11.811,5.58800000000278));
#2579=CARTESIAN_POINT('',(-25.0964999126997,-11.811,4.57200000000277));
#2580=CARTESIAN_POINT('Origin',(-25.6044999126997,-11.811,4.70811818975778));
#2581=CARTESIAN_POINT('',(-25.6044999126997,-0.793749999999998,4.70811818975779));
#2582=CARTESIAN_POINT('',(-25.6044999126997,-0.793749999999996,4.70811818975778));
#2583=CARTESIAN_POINT('',(-25.6044999126997,-11.811,4.70811818975778));
#2584=CARTESIAN_POINT('Origin',(-4.759325,-0.79375,-8.24339270973271));
#2585=CARTESIAN_POINT('Origin',(-26.0013749126997,-0.79375,4.02071052550391));
#2586=CARTESIAN_POINT('Origin',(-9.51865,-0.79375,2.07649067121657E-14));
#2587=CARTESIAN_POINT('',(-8.72490000000003,-0.79375,-24.5282064704677));
#2588=CARTESIAN_POINT('Origin',(-9.51865000000005,-0.79375,-24.5282064704677));
#2589=CARTESIAN_POINT('',(-8.7249,-0.79375,1.90333434439731E-14));
#2590=CARTESIAN_POINT('Origin',(-8.7249,-11.811,-25.3234051122672));
#2591=CARTESIAN_POINT('',(-8.7249,-11.811,-24.5282064704677));
#2592=CARTESIAN_POINT('Origin',(8.58878181024499,-11.811,-24.0202064704733));
#2593=CARTESIAN_POINT('',(8.58878181024499,-0.793749999999997,-24.0202064704733));
#2594=CARTESIAN_POINT('',(8.58878181024499,-11.811,-24.0202064704733));
#2595=CARTESIAN_POINT('',(8.58878181024499,-0.793749999999996,-24.0202064704733));
#2596=CARTESIAN_POINT('Origin',(0.,-11.811,0.));
#2597=CARTESIAN_POINT('Origin',(0.,-0.79375,0.));
#2598=CARTESIAN_POINT('Origin',(-8.58878181024499,-11.811,-24.0202064704677));
#2599=CARTESIAN_POINT('',(-8.58878181024499,-0.793749999999998,-24.0202064704677));
#2600=CARTESIAN_POINT('',(-8.58878181024499,-0.793749999999996,-24.0202064704677));
#2601=CARTESIAN_POINT('',(-8.58878181024499,-11.811,-24.0202064704677));
#2602=CARTESIAN_POINT('Origin',(7.7089,-11.811,-24.5282064704733));
#2603=CARTESIAN_POINT('Origin',(7.7089,-0.79375,-24.5282064704733));
#2604=CARTESIAN_POINT('Origin',(7.70890000000002,-0.793749999999997,-24.5282064704733));
#2605=CARTESIAN_POINT('Origin',(9.27618947449888,-0.793749999999997,-23.6233314704733));
#2606=CARTESIAN_POINT('Origin',(-17.3875999126948,-0.793749999999999,18.9402064704678));
#2607=CARTESIAN_POINT('',(-16.5077181024499,-0.79375,19.4482064704677));
#2608=CARTESIAN_POINT('Origin',(-15.820310438196,-0.793750000000003,19.8450814704677));
#2609=CARTESIAN_POINT('Origin',(-17.3875999126948,-0.793750000000003,18.9402064704678));
#2610=CARTESIAN_POINT('Origin',(-3.27206048184856,-0.79375,-1.889125));
#2611=CARTESIAN_POINT('',(-11.4423039429445,-0.793749999999999,10.6746517848255));
#2612=CARTESIAN_POINT('Origin',(-10.7548962786906,-0.79375,11.0715267848255));
#2613=CARTESIAN_POINT('',(-3.95946814610246,-0.79375,-2.286));
#2614=CARTESIAN_POINT('Origin',(-12.5421562057507,-0.79375,10.0396517848255));
#2615=CARTESIAN_POINT('',(-11.5506814068771,-0.79375,9.2460034223887));
#2616=CARTESIAN_POINT('Origin',(-10.9310096575811,-0.793750000000005,8.74997319586571));
#2617=CARTESIAN_POINT('Origin',(-12.5421562057507,-0.79375,10.0396517848255));
#2618=CARTESIAN_POINT('Origin',(6.41847686111419E-14,-0.793750000000003,
-4.16333634234434E-14));
#2619=CARTESIAN_POINT('',(-13.782614550704,-0.79375,5.38018181818437));
#2620=CARTESIAN_POINT('Origin',(-13.0432038988422,-0.793750000000003,5.09154545454786));
#2621=CARTESIAN_POINT('Origin',(1.90819582357449E-14,-0.79375,-1.43114686768087E-14));
#2622=CARTESIAN_POINT('Origin',(-14.9656715936829,-0.793749999999997,5.84200000000276));
#2623=CARTESIAN_POINT('',(-14.9656715936829,-0.79375,4.57200000000277));
#2624=CARTESIAN_POINT('Origin',(-14.9656715936829,-0.79375,3.77825000000277));
#2625=CARTESIAN_POINT('Origin',(-14.9656715936829,-0.79375,5.84200000000277));
#2626=CARTESIAN_POINT('Origin',(-9.70436784642447E-16,-0.79375,3.77825000000278));
#2627=CARTESIAN_POINT('',(-25.0964999126997,-0.79375,4.57200000000277));
#2628=CARTESIAN_POINT('Origin',(-25.0964999126997,-0.79375,3.77825000000277));
#2629=CARTESIAN_POINT('',(-1.17431005872684E-15,-0.79375,4.57200000000278));
#2630=CARTESIAN_POINT('Origin',(-25.0964999126997,-0.793750000000013,5.58800000000271));
#2631=CARTESIAN_POINT('Origin',(-25.0964999126997,-0.793750000000007,5.58800000000271));
#2632=CARTESIAN_POINT('Origin',(-7.70889999999994,-0.793750000000004,-24.5282064704677));
#2633=CARTESIAN_POINT('Origin',(-9.27618947449889,-0.793750000000001,-23.6233314704677));
#2634=CARTESIAN_POINT('Origin',(-7.70889999999994,-0.793750000000003,-24.5282064704677));
#2635=CARTESIAN_POINT('Origin',(3.27206048184856,-0.79375,-1.889125));
#2636=CARTESIAN_POINT('Origin',(-4.21077531499344,-0.79375,-14.8497767848255));
#2637=CARTESIAN_POINT('Ctrl Pts',(-3.52336765073954,-0.79375,-15.2466517848255));
#2638=CARTESIAN_POINT('Ctrl Pts',(-3.29094151933642,-0.79375,-14.8440779162286));
#2639=CARTESIAN_POINT('Ctrl Pts',(-2.88836765073954,-0.79375,-14.6116517848255));
#2640=CARTESIAN_POINT('Ctrl Pts',(-2.4235153879333,-0.79375,-14.6116517848255));
#2641=CARTESIAN_POINT('Ctrl Pts',(-3.52336765073954,-0.328782015133636,
-15.2466517848255));
#2642=CARTESIAN_POINT('Ctrl Pts',(-3.29094151933642,-0.328782015133636,
-14.8440779162286));
#2643=CARTESIAN_POINT('Ctrl Pts',(-2.88836765073954,-0.328782015133636,
-14.6116517848255));
#2644=CARTESIAN_POINT('Ctrl Pts',(-2.4235153879333,-0.328782015133636,-14.6116517848255));
#2645=CARTESIAN_POINT('Ctrl Pts',(-3.80810122815272,9.82597548707832E-15,
-15.0822607772587));
#2646=CARTESIAN_POINT('Ctrl Pts',(-3.51550381182643,9.82597548707832E-15,
-14.5754671860181));
#2647=CARTESIAN_POINT('Ctrl Pts',(-3.00871022058589,9.82597548707832E-15,
-14.2828697696918));
#2648=CARTESIAN_POINT('Ctrl Pts',(-2.4235153879333,9.82597548707832E-15,
-14.2828697696918));
#2649=CARTESIAN_POINT('Ctrl Pts',(-4.21077531499345,0.,-14.8497767848255));
#2650=CARTESIAN_POINT('Ctrl Pts',(-3.83308285146338,0.,-14.1955942483556));
#2651=CARTESIAN_POINT('Ctrl Pts',(-3.17890031499344,0.,-13.8179017848255));
#2652=CARTESIAN_POINT('Ctrl Pts',(-2.4235153879333,0.,-13.8179017848255));
#2653=CARTESIAN_POINT('Ctrl Pts',(-4.21401578579901,-7.90733442814997E-17,
-14.8479058981336));
#2654=CARTESIAN_POINT('Ctrl Pts',(-3.83563853021211,-7.90733442814997E-17,
-14.1925372670286));
#2655=CARTESIAN_POINT('Ctrl Pts',(-3.18026989910711,-7.90733442814997E-17,
-13.8141600114417));
#2656=CARTESIAN_POINT('Ctrl Pts',(-2.4235153879333,-7.90733442814997E-17,
-13.8141600114417));
#2657=CARTESIAN_POINT('Ctrl Pts',(-4.21725625660457,-1.58146688562999E-16,
-14.8460350114417));
#2658=CARTESIAN_POINT('Ctrl Pts',(-3.83819420896083,-1.58146688562999E-16,
-14.1894802857017));
#2659=CARTESIAN_POINT('Ctrl Pts',(-3.18163948322078,-1.58146688562999E-16,
-13.8104182380579));
#2660=CARTESIAN_POINT('Ctrl Pts',(-2.4235153879333,-1.58146688562999E-16,
-13.8104182380579));
#2661=CARTESIAN_POINT('Ctrl Pts',(-4.22049672741012,-2.37220032844499E-16,
-14.8441641247498));
#2662=CARTESIAN_POINT('Ctrl Pts',(-3.84074988770955,-2.37220032844499E-16,
-14.1864233043747));
#2663=CARTESIAN_POINT('Ctrl Pts',(-3.18300906733444,-2.37220032844499E-16,
-13.8066764646742));
#2664=CARTESIAN_POINT('Ctrl Pts',(-2.4235153879333,-2.37220032844499E-16,
-13.8066764646742));
#2665=CARTESIAN_POINT('Origin',(-2.4235153953249,-0.793750001082703,-13.8179017822118));
#2666=CARTESIAN_POINT('Ctrl Pts',(-2.42543671855574,-0.79375,-14.6116517848308));
#2667=CARTESIAN_POINT('Ctrl Pts',(-2.42479627618314,-0.79375,-14.611651784829));
#2668=CARTESIAN_POINT('Ctrl Pts',(-2.42415583381055,-0.79375,-14.6116517848273));
#2669=CARTESIAN_POINT('Ctrl Pts',(-2.42351539143796,-0.79375,-14.6116517848255));
#2670=CARTESIAN_POINT('Ctrl Pts',(-2.3593147635634,-0.79375,-14.6116517846483));
#2671=CARTESIAN_POINT('Ctrl Pts',(-2.29529829778643,-0.79375,-14.6165106503634));
#2672=CARTESIAN_POINT('Ctrl Pts',(-2.23183319561247,-0.79375,-14.6262004965841));
#2673=CARTESIAN_POINT('Ctrl Pts',(-2.42543671855574,-0.328782015133644,
-14.6116517848308));
#2674=CARTESIAN_POINT('Ctrl Pts',(-2.42479627618314,-0.328782015133644,
-14.611651784829));
#2675=CARTESIAN_POINT('Ctrl Pts',(-2.42415583381055,-0.328782015133644,
-14.6116517848273));
#2676=CARTESIAN_POINT('Ctrl Pts',(-2.42351539143796,-0.328782015133644,
-14.6116517848255));
#2677=CARTESIAN_POINT('Ctrl Pts',(-2.3593147635634,-0.328782015133644,-14.6116517846483));
#2678=CARTESIAN_POINT('Ctrl Pts',(-2.29529829778643,-0.328782015133644,
-14.6165106503634));
#2679=CARTESIAN_POINT('Ctrl Pts',(-2.23183319561247,-0.328782015133644,
-14.6262004965841));
#2680=CARTESIAN_POINT('Ctrl Pts',(-2.42593411930675,-8.54132331558866E-17,
-14.2828697696985));
#2681=CARTESIAN_POINT('Ctrl Pts',(-2.42512787698625,-8.54132331558866E-17,
-14.2828697696963));
#2682=CARTESIAN_POINT('Ctrl Pts',(-2.42432163466575,-8.54132331558866E-17,
-14.2828697696941));
#2683=CARTESIAN_POINT('Ctrl Pts',(-2.42351539234525,-8.54132331558866E-17,
-14.2828697696919));
#2684=CARTESIAN_POINT('Ctrl Pts',(-2.34269428273413,-8.54132331558867E-17,
-14.2828697694688));
#2685=CARTESIAN_POINT('Ctrl Pts',(-2.26210501174465,-8.54132331558867E-17,
-14.288986515232));
#2686=CARTESIAN_POINT('Ctrl Pts',(-2.18220984328454,-8.54132331558866E-17,
-14.3011849025288));
#2687=CARTESIAN_POINT('Ctrl Pts',(-2.42663755019476,0.,-13.8179017848341));
#2688=CARTESIAN_POINT('Ctrl Pts',(-2.4255968313393,0.,-13.8179017848312));
#2689=CARTESIAN_POINT('Ctrl Pts',(-2.42455611248383,0.,-13.8179017848284));
#2690=CARTESIAN_POINT('Ctrl Pts',(-2.42351539362837,0.,-13.8179017848255));
#2691=CARTESIAN_POINT('Ctrl Pts',(-2.31918937333221,0.,-13.8179017845376));
#2692=CARTESIAN_POINT('Ctrl Pts',(-2.21516261644464,0.,-13.8257974413246));
#2693=CARTESIAN_POINT('Ctrl Pts',(-2.11203182541196,0.,-13.8415434414332));
#2694=CARTESIAN_POINT('Ctrl Pts',(-2.42664321096939,6.87352619636923E-19,
-13.8141600114504));
#2695=CARTESIAN_POINT('Ctrl Pts',(-2.42560060519249,6.87352619636923E-19,
-13.8141600114475));
#2696=CARTESIAN_POINT('Ctrl Pts',(-2.42455799941559,6.87352619636923E-19,
-13.8141600114446));
#2697=CARTESIAN_POINT('Ctrl Pts',(-2.42351539363869,6.87352619636923E-19,
-13.8141600114417));
#2698=CARTESIAN_POINT('Ctrl Pts',(-2.31900022042867,6.87352619636923E-19,
-13.8141600111533));
#2699=CARTESIAN_POINT('Ctrl Pts',(-2.21478485322002,6.87352619636923E-19,
-13.8220699835107));
#2700=CARTESIAN_POINT('Ctrl Pts',(-2.11146707633686,6.87352619636923E-19,
-13.8378445326025));
#2701=CARTESIAN_POINT('Ctrl Pts',(-2.42664887174403,1.37470523927385E-18,
-13.8104182380666));
#2702=CARTESIAN_POINT('Ctrl Pts',(-2.42560437904569,1.37470523927385E-18,
-13.8104182380637));
#2703=CARTESIAN_POINT('Ctrl Pts',(-2.42455988634735,1.37470523927385E-18,
-13.8104182380608));
#2704=CARTESIAN_POINT('Ctrl Pts',(-2.42351539364902,1.37470523927385E-18,
-13.8104182380579));
#2705=CARTESIAN_POINT('Ctrl Pts',(-2.31881106752514,1.37470523927385E-18,
-13.810418237769));
#2706=CARTESIAN_POINT('Ctrl Pts',(-2.21440708999541,1.37470523927385E-18,
-13.8183425256968));
#2707=CARTESIAN_POINT('Ctrl Pts',(-2.11090232726177,1.37470523927385E-18,
-13.8341456237718));
#2708=CARTESIAN_POINT('Ctrl Pts',(-2.42665453251866,2.06205785891077E-18,
-13.8066764646828));
#2709=CARTESIAN_POINT('Ctrl Pts',(-2.42560815289889,2.06205785891077E-18,
-13.8066764646799));
#2710=CARTESIAN_POINT('Ctrl Pts',(-2.42456177327912,2.06205785891077E-18,
-13.8066764646771));
#2711=CARTESIAN_POINT('Ctrl Pts',(-2.42351539365934,2.06205785891077E-18,
-13.8066764646742));
#2712=CARTESIAN_POINT('Ctrl Pts',(-2.3186219146216,2.06205785891077E-18,
-13.8066764643847));
#2713=CARTESIAN_POINT('Ctrl Pts',(-2.2140293267708,2.06205785891077E-18,
-13.8146150678829));
#2714=CARTESIAN_POINT('Ctrl Pts',(-2.11033757818667,2.06205785891077E-18,
-13.8304467149411));
#2715=CARTESIAN_POINT('Origin',(-2.11219424126202,-0.79375,-13.8415186504111));
#2716=CARTESIAN_POINT('Origin',(1.47451495458029E-14,-0.79375,6.41847686111419E-14));
#2717=CARTESIAN_POINT('Origin',(2.11219424125947,-0.79375,-13.8415186504115));
#2718=CARTESIAN_POINT('Ctrl Pts',(2.23193314382518,-0.79375,-14.6261852405709));
#2719=CARTESIAN_POINT('Ctrl Pts',(2.29536563600992,-0.79375,-14.616505540815));
#2720=CARTESIAN_POINT('Ctrl Pts',(2.35934859237276,-0.79375,-14.6116517848259));
#2721=CARTESIAN_POINT('Ctrl Pts',(2.42351538793036,-0.79375,-14.6116517848259));
#2722=CARTESIAN_POINT('Ctrl Pts',(2.23193314382518,-0.328782015133644,-14.6261852405709));
#2723=CARTESIAN_POINT('Ctrl Pts',(2.29536563600992,-0.328782015133644,-14.616505540815));
#2724=CARTESIAN_POINT('Ctrl Pts',(2.35934859237276,-0.328782015133644,-14.6116517848259));
#2725=CARTESIAN_POINT('Ctrl Pts',(2.42351538793036,-0.328782015133644,-14.6116517848259));
#2726=CARTESIAN_POINT('Ctrl Pts',(2.18233566643878,-8.54132331558866E-17,
-14.3011656969858));
#2727=CARTESIAN_POINT('Ctrl Pts',(2.2621897827223,-8.54132331558867E-17,
-14.2889800829058));
#2728=CARTESIAN_POINT('Ctrl Pts',(2.34273686926402,-8.54132331558867E-17,
-14.2828697696923));
#2729=CARTESIAN_POINT('Ctrl Pts',(2.42351538793036,-8.54132331558866E-17,
-14.2828697696923));
#2730=CARTESIAN_POINT('Ctrl Pts',(2.11219424125944,0.,-13.8415186504115));
#2731=CARTESIAN_POINT('Ctrl Pts',(2.21527204105965,0.,-13.8257891383082));
#2732=CARTESIAN_POINT('Ctrl Pts',(2.31924434514926,0.,-13.8179017848259));
#2733=CARTESIAN_POINT('Ctrl Pts',(2.42351538793036,0.,-13.8179017848259));
#2734=CARTESIAN_POINT('Ctrl Pts',(2.1116297866596,6.87352619636923E-19,
-13.8378196966324));
#2735=CARTESIAN_POINT('Ctrl Pts',(2.21489447623219,6.87352619636923E-19,
-13.8220616654402));
#2736=CARTESIAN_POINT('Ctrl Pts',(2.31905529191482,6.87352619636923E-19,
-13.8141600114421));
#2737=CARTESIAN_POINT('Ctrl Pts',(2.42351538793036,6.87352619636923E-19,
-13.8141600114421));
#2738=CARTESIAN_POINT('Ctrl Pts',(2.11106533205976,1.37470523927385E-18,
-13.8341207428532));
#2739=CARTESIAN_POINT('Ctrl Pts',(2.21451691140473,1.37470523927385E-18,
-13.8183341925721));
#2740=CARTESIAN_POINT('Ctrl Pts',(2.31886623868038,1.37470523927385E-18,
-13.8104182380583));
#2741=CARTESIAN_POINT('Ctrl Pts',(2.42351538793036,1.37470523927385E-18,
-13.8104182380583));
#2742=CARTESIAN_POINT('Ctrl Pts',(2.11050087745992,2.06205785891077E-18,
-13.8304217890741));
#2743=CARTESIAN_POINT('Ctrl Pts',(2.21413934657727,2.06205785891077E-18,
-13.814606719704));
#2744=CARTESIAN_POINT('Ctrl Pts',(2.31867718544594,2.06205785891077E-18,
-13.8066764646746));
#2745=CARTESIAN_POINT('Ctrl Pts',(2.42351538793036,2.06205785891077E-18,
-13.8066764646746));
#2746=CARTESIAN_POINT('Origin',(2.42351538752513,-0.793750002164539,-13.8179017796006));
#2747=CARTESIAN_POINT('Ctrl Pts',(2.42351538767029,-0.79375,-14.6116517848259));
#2748=CARTESIAN_POINT('Ctrl Pts',(2.88836765057639,-0.79375,-14.6116517847307));
#2749=CARTESIAN_POINT('Ctrl Pts',(3.29094151928355,-0.79375,-14.8440779161425));
#2750=CARTESIAN_POINT('Ctrl Pts',(3.5233676507366,-0.79375,-15.2466517848259));
#2751=CARTESIAN_POINT('Ctrl Pts',(2.42351538767029,-0.328782015133644,-14.6116517848259));
#2752=CARTESIAN_POINT('Ctrl Pts',(2.88836765057639,-0.328782015133644,-14.6116517847307));
#2753=CARTESIAN_POINT('Ctrl Pts',(3.29094151928355,-0.328782015133644,-14.8440779161425));
#2754=CARTESIAN_POINT('Ctrl Pts',(3.5233676507366,-0.328782015133644,-15.2466517848259));
#2755=CARTESIAN_POINT('Ctrl Pts',(2.42351538760296,7.40535826863618E-16,
-14.2828697696923));
#2756=CARTESIAN_POINT('Ctrl Pts',(3.00871022038126,7.40535826863618E-16,
-14.2828697695724));
#2757=CARTESIAN_POINT('Ctrl Pts',(3.51550381176062,7.40535826863618E-16,
-14.5754671859097));
#2758=CARTESIAN_POINT('Ctrl Pts',(3.80810122814977,7.40535826863618E-16,
-15.0822607772591));
#2759=CARTESIAN_POINT('Ctrl Pts',(2.42351538750774,0.,-13.8179017848259));
#2760=CARTESIAN_POINT('Ctrl Pts',(3.17890031473015,0.,-13.8179017846712));
#2761=CARTESIAN_POINT('Ctrl Pts',(3.83308285137929,0.,-14.1955942482154));
#2762=CARTESIAN_POINT('Ctrl Pts',(4.2107753149905,0.,-14.8497767848259));
#2763=CARTESIAN_POINT('Ctrl Pts',(2.42351538750698,-5.9593721221244E-18,
-13.8141600114421));
#2764=CARTESIAN_POINT('Ctrl Pts',(3.18026989884335,-5.9593721221244E-18,
-13.8141600112872));
#2765=CARTESIAN_POINT('Ctrl Pts',(3.83563853012787,-5.9593721221244E-18,
-14.1925372668882));
#2766=CARTESIAN_POINT('Ctrl Pts',(4.21401578579605,-5.9593721221244E-18,
-14.847905898134));
#2767=CARTESIAN_POINT('Ctrl Pts',(2.42351538750621,-1.19187442442488E-17,
-13.8104182380583));
#2768=CARTESIAN_POINT('Ctrl Pts',(3.18163948295654,-1.19187442442488E-17,
-13.8104182379031));
#2769=CARTESIAN_POINT('Ctrl Pts',(3.83819420887644,-1.19187442442488E-17,
-14.189480285561));
#2770=CARTESIAN_POINT('Ctrl Pts',(4.21725625660161,-1.19187442442488E-17,
-14.8460350114421));
#2771=CARTESIAN_POINT('Ctrl Pts',(2.42351538750544,-1.78781163663732E-17,
-13.8066764646746));
#2772=CARTESIAN_POINT('Ctrl Pts',(3.18300906706974,-1.78781163663732E-17,
-13.806676464519));
#2773=CARTESIAN_POINT('Ctrl Pts',(3.84074988762502,-1.78781163663732E-17,
-14.1864233042338));
#2774=CARTESIAN_POINT('Ctrl Pts',(4.22049672740717,-1.78781163663732E-17,
-14.8441641247502));
#2775=CARTESIAN_POINT('Origin',(4.21077531499047,-0.79375,-14.8497767848259));
#2776=CARTESIAN_POINT('Origin',(-3.27206048185096,-0.79375,-1.88912500000139));
#2777=CARTESIAN_POINT('Origin',(25.0964999126949,-0.79375,5.58799999999998));
#2778=CARTESIAN_POINT('',(25.0964999126949,-0.79375,4.572));
#2779=CARTESIAN_POINT('Origin',(25.0964999126949,-0.79375,3.77825));
#2780=CARTESIAN_POINT('Origin',(25.0964999126949,-0.79375,5.58799999999998));
#2781=CARTESIAN_POINT('Origin',(0.,-0.79375,3.77825));
#2782=CARTESIAN_POINT('',(14.965671593684,-0.79375,4.572));
#2783=CARTESIAN_POINT('Origin',(14.965671593684,-0.79375,3.77825));
#2784=CARTESIAN_POINT('',(0.,-0.79375,4.572));
#2785=CARTESIAN_POINT('Origin',(14.965671593684,-0.793750000000001,5.842));
#2786=CARTESIAN_POINT('',(13.782614550705,-0.79375,5.38018181818182));
#2787=CARTESIAN_POINT('Origin',(13.0432038988432,-0.793750000000001,5.09154545454545));
#2788=CARTESIAN_POINT('Origin',(14.965671593684,-0.79375,5.842));
#2789=CARTESIAN_POINT('Origin',(1.50920942409982E-13,-0.793750000000002,
7.28583859910259E-14));
#2790=CARTESIAN_POINT('',(11.5506814068789,-0.79375,9.24600342238654));
#2791=CARTESIAN_POINT('Origin',(10.9310096575828,-0.793750000000002,8.74997319586363));
#2792=CARTESIAN_POINT('Origin',(1.80411241501588E-13,-0.793749999999986,
8.8037216405823E-14));
#2793=CARTESIAN_POINT('Origin',(12.5421562057526,-0.79375,10.0396517848232));
#2794=CARTESIAN_POINT('',(11.4423039429463,-0.793749999999999,10.6746517848232));
#2795=CARTESIAN_POINT('Origin',(10.7548962786925,-0.79375,11.0715267848232));
#2796=CARTESIAN_POINT('Origin',(12.5421562057526,-0.79375,10.0396517848232));
#2797=CARTESIAN_POINT('Origin',(3.27206048185096,-0.79375,-1.88912500000139));
#2798=CARTESIAN_POINT('',(16.5077181024547,-0.793749999999999,19.4482064704705));
#2799=CARTESIAN_POINT('Origin',(15.8203104382008,-0.79375,19.8450814704705));
#2800=CARTESIAN_POINT('',(3.95946814610486,-0.79375,-2.28600000000139));
#2801=CARTESIAN_POINT('Origin',(17.3875999126998,-0.793750000000018,18.9402064704704));
#2802=CARTESIAN_POINT('Origin',(17.3875999126998,-0.793750000000007,18.9402064704704));
#2803=CARTESIAN_POINT('Origin',(25.0964999126949,-11.811,5.588));
#2804=CARTESIAN_POINT('',(25.0964999126949,-11.811,4.572));
#2805=CARTESIAN_POINT('Origin',(16.5077181024547,-11.811,19.4482064704705));
#2806=CARTESIAN_POINT('',(16.5077181024547,-11.811,19.4482064704705));
#2807=CARTESIAN_POINT('',(11.4423039429463,-11.811,10.6746517848232));
#2808=CARTESIAN_POINT('Origin',(0.,-11.811,0.));
#2809=CARTESIAN_POINT('',(13.782614550705,-11.811,5.38018181818183));
#2810=CARTESIAN_POINT('',(11.5506814068788,-11.811,9.24600342238655));
#2811=CARTESIAN_POINT('Origin',(25.0964999126949,-11.811,4.572));
#2812=CARTESIAN_POINT('',(14.965671593684,-11.811,4.572));
#2813=CARTESIAN_POINT('Origin',(17.3875999126997,-11.811,18.9402064704705));
#2814=CARTESIAN_POINT('Origin',(0.,25.4,0.));
#2815=CARTESIAN_POINT('Origin',(0.,25.4,0.));
#2816=CARTESIAN_POINT('',(-2.5,25.4,9.89934207678533));
#2817=CARTESIAN_POINT('Origin',(-17.3875999126949,-11.811,18.9402064704677));
#2818=CARTESIAN_POINT('',(-16.5077181024499,-11.811,19.4482064704677));
#2819=CARTESIAN_POINT('Origin',(-25.0964999126997,-11.811,4.57200000000277));
#2820=CARTESIAN_POINT('',(-25.0964999126997,-11.811,4.57200000000277));
#2821=CARTESIAN_POINT('',(-14.9656715936829,-11.811,4.57200000000277));
#2822=CARTESIAN_POINT('Origin',(0.,-11.811,0.));
#2823=CARTESIAN_POINT('',(-11.5506814068771,-11.811,9.24600342238869));
#2824=CARTESIAN_POINT('',(-13.782614550704,-11.811,5.38018181818437));
#2825=CARTESIAN_POINT('Origin',(-16.5077181024499,-11.811,19.4482064704677));
#2826=CARTESIAN_POINT('',(-11.4423039429445,-11.811,10.6746517848255));
#2827=CARTESIAN_POINT('Origin',(-25.0964999126997,-11.811,5.58800000000278));
#2828=CARTESIAN_POINT('Origin',(-7.7089,-11.811,-24.5282064704677));
#2829=CARTESIAN_POINT('Origin',(12.5421562057526,-11.811,10.0396517848232));
#2830=CARTESIAN_POINT('Origin',(14.965671593684,-11.811,5.842));
#2831=CARTESIAN_POINT('Origin',(-14.9656715936829,-11.811,5.84200000000277));
#2832=CARTESIAN_POINT('Origin',(-12.5421562057507,-11.811,10.0396517848255));
#2833=CARTESIAN_POINT('Origin',(0.,25.4,0.));
#2834=CARTESIAN_POINT('Origin',(-2.5,25.4,9.89934207678533));
#2835=CARTESIAN_POINT('Origin',(0.,12.7,16.1443));
#2836=CARTESIAN_POINT('',(-4.,12.7,16.1443));
#2837=CARTESIAN_POINT('Origin',(0.,12.7,16.1443));
#2838=CARTESIAN_POINT('',(-2.63999999999999,12.7,14.7843));
#2839=CARTESIAN_POINT('',(-4.,12.7,16.1443));
#2840=CARTESIAN_POINT('Origin',(0.,12.7,14.7843));
#2841=CARTESIAN_POINT('Origin',(0.,12.7,26.7843));
#2842=CARTESIAN_POINT('',(-4.,12.7,26.1443));
#2843=CARTESIAN_POINT('',(4.,12.7,26.1443));
#2844=CARTESIAN_POINT('Origin',(0.,12.7,26.1443));
#2845=CARTESIAN_POINT('Origin',(0.,12.7,26.1443));
#2846=CARTESIAN_POINT('',(3.36,12.7,26.7843));
#2847=CARTESIAN_POINT('',(3.36,12.7,26.7843));
#2848=CARTESIAN_POINT('Origin',(0.,12.7,26.7843));
#2849=CARTESIAN_POINT('Origin',(0.,12.7,14.7843));
#2850=CARTESIAN_POINT('',(-4.,12.7,14.7843));
#2851=CARTESIAN_POINT('Origin',(0.,12.7,14.7843));
#2852=CARTESIAN_POINT('Origin',(0.,12.7,26.7843));
#2853=CARTESIAN_POINT('',(2.30940107675851,12.7,26.7843));
#2854=CARTESIAN_POINT('',(1.15470053837925,14.7,26.7843));
#2855=CARTESIAN_POINT('Origin',(0.,12.7,26.7843));
#2856=CARTESIAN_POINT('',(1.15470053837925,10.7,26.7843));
#2857=CARTESIAN_POINT('Origin',(0.,12.7,26.7843));
#2858=CARTESIAN_POINT('',(-1.15470053837925,10.7,26.7843));
#2859=CARTESIAN_POINT('Origin',(0.,12.7,26.7843));
#2860=CARTESIAN_POINT('',(-2.30940107675851,12.7,26.7843));
#2861=CARTESIAN_POINT('Origin',(0.,12.7,26.7843));
#2862=CARTESIAN_POINT('',(-1.15470053837925,14.7,26.7843));
#2863=CARTESIAN_POINT('Origin',(0.,12.7,26.7843));
#2864=CARTESIAN_POINT('Origin',(0.,12.7,26.7843));
#2865=CARTESIAN_POINT('Origin',(0.,12.7,26.7843));
#2866=CARTESIAN_POINT('Ctrl Pts',(1.15470053838532,14.7,26.784300000003));
#2867=CARTESIAN_POINT('Ctrl Pts',(2.99760216648792E-15,14.7,26.2069497308081));
#2868=CARTESIAN_POINT('Ctrl Pts',(-1.15470053838531,14.7,26.784300000003));
#2869=CARTESIAN_POINT('Origin',(0.,12.7,26.7843));
#2870=CARTESIAN_POINT('Ctrl Pts',(-1.15470053837622,14.7000000000052,26.784300000003));
#2871=CARTESIAN_POINT('Ctrl Pts',(-1.73205080756888,13.7,26.2069497308081));
#2872=CARTESIAN_POINT('Ctrl Pts',(-2.30940107676153,12.6999999999948,26.784300000003));
#2873=CARTESIAN_POINT('Origin',(0.,12.7,26.7843));
#2874=CARTESIAN_POINT('Ctrl Pts',(-2.30940107676153,12.7000000000052,26.784300000003));
#2875=CARTESIAN_POINT('Ctrl Pts',(-1.73205080756888,11.7,26.2069497308081));
#2876=CARTESIAN_POINT('Ctrl Pts',(-1.15470053837622,10.6999999999948,26.784300000003));
#2877=CARTESIAN_POINT('Origin',(0.,12.7,26.7843));
#2878=CARTESIAN_POINT('Ctrl Pts',(-1.15470053838531,10.7,26.784300000003));
#2879=CARTESIAN_POINT('Ctrl Pts',(-1.38777878078145E-15,10.7,26.2069497308081));
#2880=CARTESIAN_POINT('Ctrl Pts',(1.15470053838531,10.7,26.784300000003));
#2881=CARTESIAN_POINT('Origin',(0.,12.7,26.7843));
#2882=CARTESIAN_POINT('Ctrl Pts',(1.15470053837622,10.6999999999948,26.784300000003));
#2883=CARTESIAN_POINT('Ctrl Pts',(1.73205080756888,11.7,26.2069497308081));
#2884=CARTESIAN_POINT('Ctrl Pts',(2.30940107676153,12.7000000000052,26.784300000003));
#2885=CARTESIAN_POINT('Origin',(0.,12.7,26.7843));
#2886=CARTESIAN_POINT('Ctrl Pts',(2.30940107676153,12.6999999999948,26.784300000003));
#2887=CARTESIAN_POINT('Ctrl Pts',(1.73205080756888,13.7,26.2069497308081));
#2888=CARTESIAN_POINT('Ctrl Pts',(1.15470053837622,14.7000000000052,26.784300000003));
#2889=CARTESIAN_POINT('Origin',(0.,0.,24.7843));
#2890=CARTESIAN_POINT('',(2.3094010767585,12.7,24.7843));
#2891=CARTESIAN_POINT('',(1.15470053837925,14.7,24.7843));
#2892=CARTESIAN_POINT('',(2.3094010767585,12.7,24.7843));
#2893=CARTESIAN_POINT('',(-1.15470053837925,14.7,24.7843));
#2894=CARTESIAN_POINT('',(1.15470053837925,14.7,24.7843));
#2895=CARTESIAN_POINT('',(-2.3094010767585,12.7,24.7843));
#2896=CARTESIAN_POINT('',(-1.15470053837925,14.7,24.7843));
#2897=CARTESIAN_POINT('',(-1.15470053837925,10.7,24.7843));
#2898=CARTESIAN_POINT('',(-2.3094010767585,12.7,24.7843));
#2899=CARTESIAN_POINT('',(1.15470053837925,10.7,24.7843));
#2900=CARTESIAN_POINT('',(-1.15470053837925,10.7,24.7843));
#2901=CARTESIAN_POINT('',(1.15470053837925,10.7,24.7843));
#2902=CARTESIAN_POINT('Origin',(1.15470053837925,14.7,24.7843));
#2903=CARTESIAN_POINT('',(1.15470053837925,14.7,24.7843));
#2904=CARTESIAN_POINT('',(-1.15470053837925,14.7,24.7843));
#2905=CARTESIAN_POINT('Origin',(-1.15470053837925,14.7,24.7843));
#2906=CARTESIAN_POINT('',(-2.3094010767585,12.7,24.7843));
#2907=CARTESIAN_POINT('Origin',(-2.3094010767585,12.7,24.7843));
#2908=CARTESIAN_POINT('',(-1.15470053837925,10.7,24.7843));
#2909=CARTESIAN_POINT('Origin',(-1.15470053837925,10.7,24.7843));
#2910=CARTESIAN_POINT('',(1.15470053837925,10.7,24.7843));
#2911=CARTESIAN_POINT('Origin',(1.15470053837925,10.7,24.7843));
#2912=CARTESIAN_POINT('',(2.3094010767585,12.7,24.7843));
#2913=CARTESIAN_POINT('Origin',(2.3094010767585,12.7,24.7843));
#2914=CARTESIAN_POINT('',(0.,0.,0.));
#2915=UNCERTAINTY_MEASURE_WITH_UNIT(LENGTH_MEASURE(0.01),#2921,
'DISTANCE_ACCURACY_VALUE',
'Maximum model space distance between geometric entities at asserted c
onnectivities');
#2916=UNCERTAINTY_MEASURE_WITH_UNIT(LENGTH_MEASURE(0.01),#2921,
'DISTANCE_ACCURACY_VALUE',
'Maximum model space distance between geometric entities at asserted c
onnectivities');
#2917=UNCERTAINTY_MEASURE_WITH_UNIT(LENGTH_MEASURE(0.01),#2921,
'DISTANCE_ACCURACY_VALUE',
'Maximum model space distance between geometric entities at asserted c
onnectivities');
#2918=(
GEOMETRIC_REPRESENTATION_CONTEXT(3)
GLOBAL_UNCERTAINTY_ASSIGNED_CONTEXT((#2915))
GLOBAL_UNIT_ASSIGNED_CONTEXT((#2921,#2923,#2924))
REPRESENTATION_CONTEXT('','3D')
);
#2919=(
GEOMETRIC_REPRESENTATION_CONTEXT(3)
GLOBAL_UNCERTAINTY_ASSIGNED_CONTEXT((#2916))
GLOBAL_UNIT_ASSIGNED_CONTEXT((#2921,#2923,#2924))
REPRESENTATION_CONTEXT('','3D')
);
#2920=(
GEOMETRIC_REPRESENTATION_CONTEXT(3)
GLOBAL_UNCERTAINTY_ASSIGNED_CONTEXT((#2917))
GLOBAL_UNIT_ASSIGNED_CONTEXT((#2921,#2923,#2924))
REPRESENTATION_CONTEXT('','3D')
);
#2921=(
LENGTH_UNIT()
NAMED_UNIT(*)
SI_UNIT(.MILLI.,.METRE.)
);
#2922=(
LENGTH_UNIT()
NAMED_UNIT(*)
SI_UNIT($,.METRE.)
);
#2923=(
NAMED_UNIT(*)
PLANE_ANGLE_UNIT()
SI_UNIT($,.RADIAN.)
);
#2924=(
NAMED_UNIT(*)
SI_UNIT($,.STERADIAN.)
SOLID_ANGLE_UNIT()
);
#2925=SHAPE_DEFINITION_REPRESENTATION(#2927,#2930);
#2926=SHAPE_DEFINITION_REPRESENTATION(#2928,#2931);
#2927=PRODUCT_DEFINITION_SHAPE('',$,#2933);
#2928=PRODUCT_DEFINITION_SHAPE('',$,#2934);
#2929=PRODUCT_DEFINITION_SHAPE($,$,#14);
#2930=SHAPE_REPRESENTATION('',(#1532,#1720),#2918);
#2931=SHAPE_REPRESENTATION('',(#1533),#2919);
#2932=PRODUCT_DEFINITION_CONTEXT('part definition',#2940,'design');
#2933=PRODUCT_DEFINITION('coupling to screw','coupling to screw v1',#2935,
#2932);
#2934=PRODUCT_DEFINITION('6133N129_Set Screw Flexible Shaft Coupling',
'6133N129_Set Screw Flexible Shaft Coupling',#2936,#2932);
#2935=PRODUCT_DEFINITION_FORMATION('',$,#2942);
#2936=PRODUCT_DEFINITION_FORMATION('',$,#2943);
#2937=PRODUCT_RELATED_PRODUCT_CATEGORY('coupling to screw v1',
'coupling to screw v1',(#2942));
#2938=PRODUCT_RELATED_PRODUCT_CATEGORY(
'6133N129_Set Screw Flexible Shaft Coupling',
'6133N129_Set Screw Flexible Shaft Coupling',(#2943));
#2939=APPLICATION_PROTOCOL_DEFINITION('international standard',
'automotive_design',2009,#2940);
#2940=APPLICATION_CONTEXT(
'Core Data for Automotive Mechanical Design Process');
#2941=PRODUCT_CONTEXT('part definition',#2940,'mechanical');
#2942=PRODUCT('coupling to screw','coupling to screw v1',$,(#2941));
#2943=PRODUCT('6133N129_Set Screw Flexible Shaft Coupling',
'6133N129_Set Screw Flexible Shaft Coupling',$,(#2941));
#2944=PRESENTATION_STYLE_ASSIGNMENT((#2946));
#2945=PRESENTATION_STYLE_ASSIGNMENT((#2947));
#2946=SURFACE_STYLE_USAGE(.BOTH.,#2948);
#2947=SURFACE_STYLE_USAGE(.BOTH.,#2949);
#2948=SURFACE_SIDE_STYLE('',(#2950));
#2949=SURFACE_SIDE_STYLE('',(#2951));
#2950=SURFACE_STYLE_FILL_AREA(#2952);
#2951=SURFACE_STYLE_FILL_AREA(#2953);
#2952=FILL_AREA_STYLE('Steel - Satin',(#2954));
#2953=FILL_AREA_STYLE('Aluminum - Anodized Rough (Grey)',(#2955));
#2954=FILL_AREA_STYLE_COLOUR('Steel - Satin',#2956);
#2955=FILL_AREA_STYLE_COLOUR('Aluminum - Anodized Rough (Grey)',#2957);
#2956=COLOUR_RGB('Steel - Satin',0.627450980392157,0.627450980392157,0.627450980392157);
#2957=COLOUR_RGB('Aluminum - Anodized Rough (Grey)',0.537254901960784,0.537254901960784,
0.537254901960784);
ENDSEC;
END-ISO-10303-21;
