ISO-10303-21;
HEADER;
/* Generated by software containing ST-Developer
 * from STEP Tools, Inc. (www.steptools.com) 
 */

FILE_DESCRIPTION(
/* description */ (''),
/* implementation_level */ '2;1');

FILE_NAME(
/* name */ 'tie rods v1.step',
/* time_stamp */ '2026-03-14T10:15:08+01:00',
/* author */ (''),
/* organization */ (''),
/* preprocessor_version */ 'ST-DEVELOPER v20.1',
/* originating_system */ 'Autodesk Translation Framework v14.24.0.0',
/* authorisation */ '');

FILE_SCHEMA (('AUTOMOTIVE_DESIGN { 1 0 10303 214 3 1 1 }'));
ENDSEC;

DATA;
#10=MECHANICAL_DESIGN_GEOMETRIC_PRESENTATION_REPRESENTATION('',(#13),#8587);
#11=SHAPE_REPRESENTATION_RELATIONSHIP('SRR','None',#8594,#12);
#12=ADVANCED_BREP_SHAPE_REPRESENTATION('',(#14),#8586);
#13=STYLED_ITEM('',(#8603),#14);
#14=MANIFOLD_SOLID_BREP('Body1',#1129);
#15=CONICAL_SURFACE('',#1206,14.,0.785398163397441);
#16=B_SPLINE_SURFACE_WITH_KNOTS('',3,3,((#5633,#5634,#5635,#5636,#5637,
#5638,#5639,#5640,#5641,#5642,#5643,#5644,#5645,#5646,#5647,#5648,#5649,
#5650,#5651,#5652,#5653,#5654,#5655,#5656,#5657,#5658,#5659,#5660,#5661,
#5662,#5663,#5664,#5665,#5666,#5667,#5668,#5669,#5670,#5671,#5672,#5673,
#5674,#5675,#5676,#5677,#5678,#5679,#5680,#5681,#5682,#5683,#5684,#5685,
#5686,#5687,#5688,#5689,#5690,#5691,#5692,#5693,#5694,#5695,#5696,#5697,
#5698,#5699,#5700,#5701,#5702,#5703,#5704,#5705,#5706,#5707,#5708,#5709,
#5710,#5711,#5712,#5713,#5714,#5715,#5716,#5717,#5718,#5719,#5720,#5721,
#5722,#5723,#5724,#5725,#5726,#5727,#5728,#5729,#5730,#5731,#5732,#5733,
#5734,#5735,#5736,#5737,#5738,#5739,#5740,#5741,#5742,#5743,#5744,#5745,
#5746,#5747,#5748,#5749,#5750,#5751,#5752,#5753,#5754,#5755,#5756,#5757,
#5758,#5759,#5760,#5761,#5762,#5763,#5764,#5765,#5766,#5767,#5768,#5769,
#5770,#5771,#5772,#5773,#5774,#5775,#5776,#5777,#5778,#5779,#5780,#5781,
#5782,#5783,#5784,#5785,#5786,#5787,#5788,#5789,#5790,#5791,#5792,#5793,
#5794,#5795,#5796,#5797,#5798,#5799,#5800,#5801,#5802,#5803,#5804,#5805,
#5806,#5807,#5808,#5809,#5810,#5811,#5812,#5813,#5814,#5815,#5816,#5817,
#5818,#5819,#5820,#5821,#5822,#5823,#5824,#5825,#5826,#5827,#5828,#5829,
#5830,#5831,#5832,#5833,#5834,#5835,#5836,#5837,#5838,#5839,#5840,#5841,
#5842,#5843,#5844,#5845,#5846,#5847,#5848,#5849,#5850,#5851,#5852,#5853,
#5854,#5855,#5856,#5857,#5858,#5859,#5860,#5861,#5862,#5863,#5864,#5865,
#5866,#5867,#5868,#5869,#5870,#5871,#5872,#5873,#5874,#5875,#5876,#5877,
#5878,#5879,#5880,#5881,#5882,#5883,#5884,#5885,#5886,#5887,#5888,#5889,
#5890,#5891,#5892,#5893,#5894,#5895,#5896,#5897,#5898,#5899,#5900,#5901,
#5902,#5903,#5904,#5905,#5906,#5907,#5908,#5909,#5910,#5911,#5912,#5913,
#5914,#5915,#5916,#5917,#5918,#5919,#5920,#5921,#5922,#5923,#5924,#5925,
#5926,#5927,#5928,#5929,#5930,#5931,#5932,#5933,#5934,#5935,#5936,#5937,
#5938,#5939,#5940,#5941,#5942,#5943,#5944,#5945,#5946,#5947,#5948,#5949,
#5950,#5951,#5952,#5953,#5954,#5955,#5956,#5957,#5958,#5959,#5960,#5961,
#5962,#5963),(#5964,#5965,#5966,#5967,#5968,#5969,#5970,#5971,#5972,#5973,
#5974,#5975,#5976,#5977,#5978,#5979,#5980,#5981,#5982,#5983,#5984,#5985,
#5986,#5987,#5988,#5989,#5990,#5991,#5992,#5993,#5994,#5995,#5996,#5997,
#5998,#5999,#6000,#6001,#6002,#6003,#6004,#6005,#6006,#6007,#6008,#6009,
#6010,#6011,#6012,#6013,#6014,#6015,#6016,#6017,#6018,#6019,#6020,#6021,
#6022,#6023,#6024,#6025,#6026,#6027,#6028,#6029,#6030,#6031,#6032,#6033,
#6034,#6035,#6036,#6037,#6038,#6039,#6040,#6041,#6042,#6043,#6044,#6045,
#6046,#6047,#6048,#6049,#6050,#6051,#6052,#6053,#6054,#6055,#6056,#6057,
#6058,#6059,#6060,#6061,#6062,#6063,#6064,#6065,#6066,#6067,#6068,#6069,
#6070,#6071,#6072,#6073,#6074,#6075,#6076,#6077,#6078,#6079,#6080,#6081,
#6082,#6083,#6084,#6085,#6086,#6087,#6088,#6089,#6090,#6091,#6092,#6093,
#6094,#6095,#6096,#6097,#6098,#6099,#6100,#6101,#6102,#6103,#6104,#6105,
#6106,#6107,#6108,#6109,#6110,#6111,#6112,#6113,#6114,#6115,#6116,#6117,
#6118,#6119,#6120,#6121,#6122,#6123,#6124,#6125,#6126,#6127,#6128,#6129,
#6130,#6131,#6132,#6133,#6134,#6135,#6136,#6137,#6138,#6139,#6140,#6141,
#6142,#6143,#6144,#6145,#6146,#6147,#6148,#6149,#6150,#6151,#6152,#6153,
#6154,#6155,#6156,#6157,#6158,#6159,#6160,#6161,#6162,#6163,#6164,#6165,
#6166,#6167,#6168,#6169,#6170,#6171,#6172,#6173,#6174,#6175,#6176,#6177,
#6178,#6179,#6180,#6181,#6182,#6183,#6184,#6185,#6186,#6187,#6188,#6189,
#6190,#6191,#6192,#6193,#6194,#6195,#6196,#6197,#6198,#6199,#6200,#6201,
#6202,#6203,#6204,#6205,#6206,#6207,#6208,#6209,#6210,#6211,#6212,#6213,
#6214,#6215,#6216,#6217,#6218,#6219,#6220,#6221,#6222,#6223,#6224,#6225,
#6226,#6227,#6228,#6229,#6230,#6231,#6232,#6233,#6234,#6235,#6236,#6237,
#6238,#6239,#6240,#6241,#6242,#6243,#6244,#6245,#6246,#6247,#6248,#6249,
#6250,#6251,#6252,#6253,#6254,#6255,#6256,#6257,#6258,#6259,#6260,#6261,
#6262,#6263,#6264,#6265,#6266,#6267,#6268,#6269,#6270,#6271,#6272,#6273,
#6274,#6275,#6276,#6277,#6278,#6279,#6280,#6281,#6282,#6283,#6284,#6285,
#6286,#6287,#6288,#6289,#6290,#6291,#6292,#6293,#6294),(#6295,#6296,#6297,
#6298,#6299,#6300,#6301,#6302,#6303,#6304,#6305,#6306,#6307,#6308,#6309,
#6310,#6311,#6312,#6313,#6314,#6315,#6316,#6317,#6318,#6319,#6320,#6321,
#6322,#6323,#6324,#6325,#6326,#6327,#6328,#6329,#6330,#6331,#6332,#6333,
#6334,#6335,#6336,#6337,#6338,#6339,#6340,#6341,#6342,#6343,#6344,#6345,
#6346,#6347,#6348,#6349,#6350,#6351,#6352,#6353,#6354,#6355,#6356,#6357,
#6358,#6359,#6360,#6361,#6362,#6363,#6364,#6365,#6366,#6367,#6368,#6369,
#6370,#6371,#6372,#6373,#6374,#6375,#6376,#6377,#6378,#6379,#6380,#6381,
#6382,#6383,#6384,#6385,#6386,#6387,#6388,#6389,#6390,#6391,#6392,#6393,
#6394,#6395,#6396,#6397,#6398,#6399,#6400,#6401,#6402,#6403,#6404,#6405,
#6406,#6407,#6408,#6409,#6410,#6411,#6412,#6413,#6414,#6415,#6416,#6417,
#6418,#6419,#6420,#6421,#6422,#6423,#6424,#6425,#6426,#6427,#6428,#6429,
#6430,#6431,#6432,#6433,#6434,#6435,#6436,#6437,#6438,#6439,#6440,#6441,
#6442,#6443,#6444,#6445,#6446,#6447,#6448,#6449,#6450,#6451,#6452,#6453,
#6454,#6455,#6456,#6457,#6458,#6459,#6460,#6461,#6462,#6463,#6464,#6465,
#6466,#6467,#6468,#6469,#6470,#6471,#6472,#6473,#6474,#6475,#6476,#6477,
#6478,#6479,#6480,#6481,#6482,#6483,#6484,#6485,#6486,#6487,#6488,#6489,
#6490,#6491,#6492,#6493,#6494,#6495,#6496,#6497,#6498,#6499,#6500,#6501,
#6502,#6503,#6504,#6505,#6506,#6507,#6508,#6509,#6510,#6511,#6512,#6513,
#6514,#6515,#6516,#6517,#6518,#6519,#6520,#6521,#6522,#6523,#6524,#6525,
#6526,#6527,#6528,#6529,#6530,#6531,#6532,#6533,#6534,#6535,#6536,#6537,
#6538,#6539,#6540,#6541,#6542,#6543,#6544,#6545,#6546,#6547,#6548,#6549,
#6550,#6551,#6552,#6553,#6554,#6555,#6556,#6557,#6558,#6559,#6560,#6561,
#6562,#6563,#6564,#6565,#6566,#6567,#6568,#6569,#6570,#6571,#6572,#6573,
#6574,#6575,#6576,#6577,#6578,#6579,#6580,#6581,#6582,#6583,#6584,#6585,
#6586,#6587,#6588,#6589,#6590,#6591,#6592,#6593,#6594,#6595,#6596,#6597,
#6598,#6599,#6600,#6601,#6602,#6603,#6604,#6605,#6606,#6607,#6608,#6609,
#6610,#6611,#6612,#6613,#6614,#6615,#6616,#6617,#6618,#6619,#6620,#6621,
#6622,#6623,#6624,#6625),(#6626,#6627,#6628,#6629,#6630,#6631,#6632,#6633,
#6634,#6635,#6636,#6637,#6638,#6639,#6640,#6641,#6642,#6643,#6644,#6645,
#6646,#6647,#6648,#6649,#6650,#6651,#6652,#6653,#6654,#6655,#6656,#6657,
#6658,#6659,#6660,#6661,#6662,#6663,#6664,#6665,#6666,#6667,#6668,#6669,
#6670,#6671,#6672,#6673,#6674,#6675,#6676,#6677,#6678,#6679,#6680,#6681,
#6682,#6683,#6684,#6685,#6686,#6687,#6688,#6689,#6690,#6691,#6692,#6693,
#6694,#6695,#6696,#6697,#6698,#6699,#6700,#6701,#6702,#6703,#6704,#6705,
#6706,#6707,#6708,#6709,#6710,#6711,#6712,#6713,#6714,#6715,#6716,#6717,
#6718,#6719,#6720,#6721,#6722,#6723,#6724,#6725,#6726,#6727,#6728,#6729,
#6730,#6731,#6732,#6733,#6734,#6735,#6736,#6737,#6738,#6739,#6740,#6741,
#6742,#6743,#6744,#6745,#6746,#6747,#6748,#6749,#6750,#6751,#6752,#6753,
#6754,#6755,#6756,#6757,#6758,#6759,#6760,#6761,#6762,#6763,#6764,#6765,
#6766,#6767,#6768,#6769,#6770,#6771,#6772,#6773,#6774,#6775,#6776,#6777,
#6778,#6779,#6780,#6781,#6782,#6783,#6784,#6785,#6786,#6787,#6788,#6789,
#6790,#6791,#6792,#6793,#6794,#6795,#6796,#6797,#6798,#6799,#6800,#6801,
#6802,#6803,#6804,#6805,#6806,#6807,#6808,#6809,#6810,#6811,#6812,#6813,
#6814,#6815,#6816,#6817,#6818,#6819,#6820,#6821,#6822,#6823,#6824,#6825,
#6826,#6827,#6828,#6829,#6830,#6831,#6832,#6833,#6834,#6835,#6836,#6837,
#6838,#6839,#6840,#6841,#6842,#6843,#6844,#6845,#6846,#6847,#6848,#6849,
#6850,#6851,#6852,#6853,#6854,#6855,#6856,#6857,#6858,#6859,#6860,#6861,
#6862,#6863,#6864,#6865,#6866,#6867,#6868,#6869,#6870,#6871,#6872,#6873,
#6874,#6875,#6876,#6877,#6878,#6879,#6880,#6881,#6882,#6883,#6884,#6885,
#6886,#6887,#6888,#6889,#6890,#6891,#6892,#6893,#6894,#6895,#6896,#6897,
#6898,#6899,#6900,#6901,#6902,#6903,#6904,#6905,#6906,#6907,#6908,#6909,
#6910,#6911,#6912,#6913,#6914,#6915,#6916,#6917,#6918,#6919,#6920,#6921,
#6922,#6923,#6924,#6925,#6926,#6927,#6928,#6929,#6930,#6931,#6932,#6933,
#6934,#6935,#6936,#6937,#6938,#6939,#6940,#6941,#6942,#6943,#6944,#6945,
#6946,#6947,#6948,#6949,#6950,#6951,#6952,#6953,#6954,#6955,#6956)),
 .UNSPECIFIED.,.F.,.F.,.F.,(4,4),(4,1,1,1,1,1,1,1,1,1,1,1,1,1,1,1,1,1,1,
1,1,1,1,1,1,1,1,1,1,1,1,1,1,1,1,1,1,1,1,1,1,1,1,1,1,1,1,1,1,1,1,1,1,1,1,
1,1,1,1,1,1,1,1,1,1,1,1,1,1,1,1,1,1,1,1,1,1,1,1,1,1,1,1,1,1,1,1,1,1,1,1,
1,1,1,1,1,1,1,1,1,1,1,1,1,1,1,1,1,1,1,1,1,1,1,1,1,1,1,1,1,1,1,1,1,1,1,1,
1,1,1,1,1,1,1,1,1,1,1,1,1,1,1,1,1,1,1,1,1,1,1,1,1,1,1,1,1,1,1,1,1,1,1,1,
1,1,1,1,1,1,1,1,1,1,1,1,1,1,1,1,1,1,1,1,1,1,1,1,1,1,1,1,1,1,1,1,1,1,1,1,
1,1,1,1,1,1,1,1,1,1,1,1,1,1,1,1,1,1,1,1,1,1,1,1,1,1,1,1,1,1,1,1,1,1,1,1,
1,1,1,1,1,1,1,1,1,1,1,1,1,1,1,1,1,1,1,1,1,1,1,1,1,1,1,1,1,1,1,1,1,1,1,1,
1,1,1,1,1,1,1,1,1,1,1,1,1,1,1,1,1,1,1,1,1,1,1,1,1,1,1,1,1,1,1,1,1,1,1,1,
1,1,1,1,1,1,1,1,1,1,1,1,1,1,1,1,1,1,1,1,1,4),(0.,0.231084445243146),(1557.79432556729,
1558.29323358959,1558.79214161189,1559.29104963419,1559.7899576565,1560.2888656788,
1560.7877737011,1561.2866817234,1561.7855897457,1562.284497768,1562.7834057903,
1563.2823138126,1563.7812218349,1564.2801298572,1564.77903787951,1565.27794590181,
1565.77685392411,1566.27576194641,1566.77466996871,1567.27357799101,1567.77248601331,
1568.27139403561,1568.77030205791,1569.26921008021,1569.76811810251,1570.26702612482,
1570.76593414712,1571.26484216942,1571.76375019172,1572.26265821402,1572.76156623632,
1573.26047425862,1573.75938228092,1574.25829030322,1574.75719832552,1575.25610634783,
1575.75501437013,1576.25392239243,1576.75283041473,1577.25173843703,1577.75064645933,
1578.24955448163,1578.74846250393,1579.24737052623,1579.74627854853,1580.24518657083,
1580.74409459314,1581.24300261544,1581.74191063774,1582.24081866004,1582.73972668234,
1583.23863470464,1583.73754272694,1584.23645074924,1584.73535877154,1585.23426679384,
1585.73317481615,1586.23208283845,1586.73099086075,1587.22989888305,1587.72880690535,
1588.22771492765,1588.72662294995,1589.22553097225,1589.72443899455,1590.22334701685,
1590.72225503916,1591.22116306146,1591.72007108376,1592.21897910606,1592.71788712836,
1593.21679515066,1593.71570317296,1594.21461119526,1594.71351921756,1595.21242723986,
1595.71133526216,1596.21024328447,1596.70915130677,1597.20805932907,1597.70696735137,
1598.20587537367,1598.70478339597,1599.20369141827,1599.70259944057,1600.20150746287,
1600.70041548517,1601.19932350748,1601.69823152978,1602.19713955208,1602.69604757438,
1603.19495559668,1603.69386361898,1604.19277164128,1604.69167966358,1605.19058768588,
1605.68949570818,1606.18840373049,1606.68731175279,1607.18621977509,1607.68512779739,
1608.18403581969,1608.68294384199,1609.18185186429,1609.68075988659,1610.17966790889,
1610.67857593119,1611.1774839535,1611.6763919758,1612.1752999981,1612.6742080204,
1613.1731160427,1613.672024065,1614.1709320873,1614.6698401096,1615.1687481319,
1615.6676561542,1616.1665641765,1616.66547219881,1617.16438022111,1617.66328824341,
1618.16219626571,1618.66110428801,1619.16001231031,1619.65892033261,1620.15782835491,
1620.65673637721,1621.15564439951,1621.65455242182,1622.15346044412,1622.65236846642,
1623.15127648872,1623.65018451102,1624.14909253332,1624.64800055562,1625.14690857792,
1625.64581660022,1626.14472462252,1626.64363264482,1627.14254066713,1627.64144868943,
1628.14035671173,1628.63926473403,1629.13817275633,1629.63708077863,1630.13598880093,
1630.63489682323,1631.13380484553,1631.63271286783,1632.13162089014,1632.63052891244,
1633.12943693474,1633.62834495704,1634.12725297934,1634.62616100164,1635.12506902394,
1635.62397704624,1636.12288506854,1636.62179309084,1637.12070111315,1637.61960913545,
1638.11851715775,1638.61742518005,1639.11633320235,1639.61524122465,1640.11414924695,
1640.61305726925,1641.11196529155,1641.61087331385,1642.10978133615,1642.60868935846,
1643.10759738076,1643.60650540306,1644.10541342536,1644.60432144766,1645.10322946996,
1645.60213749226,1646.10104551456,1646.59995353686,1647.09886155916,1647.59776958147,
1648.09667760377,1648.59558562607,1649.09449364837,1649.59340167067,1650.09230969297,
1650.59121771527,1651.09012573757,1651.58903375987,1652.08794178217,1652.58684980448,
1653.08575782678,1653.58466584908,1654.08357387138,1654.58248189368,1655.08138991598,
1655.58029793828,1656.07920596058,1656.57811398288,1657.07702200518,1657.57593002748,
1658.07483804979,1658.57374607209,1659.07265409439,1659.57156211669,1660.07047013899,
1660.56937816129,1661.06828618359,1661.56719420589,1662.06610222819,1662.56501025049,
1663.0639182728,1663.5628262951,1664.0617343174,1664.5606423397,1665.059550362,
1665.5584583843,1666.0573664066,1666.5562744289,1667.0551824512,1667.5540904735,
1668.05299849581,1668.55190651811,1669.05081454041,1669.54972256271,1670.04863058501,
1670.54753860731,1671.04644662961,1671.54535465191,1672.04426267421,1672.54317069651,
1673.04207871881,1673.54098674112,1674.03989476342,1674.53880278572,1675.03771080802,
1675.53661883032,1676.03552685262,1676.53443487492,1677.03334289722,1677.53225091952,
1678.03115894182,1678.53006696413,1679.02897498643,1679.52788300873,1680.02679103103,
1680.52569905333,1681.02460707563,1681.52351509793,1682.02242312023,1682.52133114253,
1683.02023916483,1683.51914718714,1684.01805520944,1684.51696323174,1685.01587125404,
1685.51477927634,1686.01368729864,1686.51259532094,1687.01150334324,1687.51041136554,
1688.00931938784,1688.50822741015,1689.00713543245,1689.50604345475,1690.00495147705,
1690.50385949935,1691.00276752165,1691.50167554395,1692.00058356625,1692.49949158855,
1692.99839961085,1693.49730763315,1693.99621565546,1694.49512367776,1694.99403170006,
1695.49293972236,1695.99184774466,1696.49075576696,1696.98966378926,1697.48857181156,
1697.98747983386,1698.48638785616,1698.98529587847,1699.48420390077,1699.98311192307,
1700.48201994537,1700.98092796767,1701.47983598997,1701.97874401227,1702.47765203457,
1702.97656005687,1703.47546807917,1703.97437610148,1704.47328412378,1704.97219214608,
1705.47110016838,1705.97000819068,1706.46891621298,1706.96782423528,1707.46673225758,
1707.96564027988,1708.46454830218,1708.96345632448,1709.46236434679,1709.96127236909,
1710.46018039139,1710.95908841369,1711.45799643599,1711.95690445829,1712.45581248059,
1712.95472050289,1713.45362852519,1713.95253654749,1714.4514445698,1714.9503525921,
1715.4492606144,1715.9481686367,1716.447076659,1716.9459846813,1717.4448927036,
1717.9438007259,1718.4427087482,1718.9416167705,1719.44052479281,1719.93943281511,
1720.43834083741,1720.93724885971,1721.43615688201),.UNSPECIFIED.);
#17=B_SPLINE_SURFACE_WITH_KNOTS('',3,3,((#7249,#7250,#7251,#7252,#7253,
#7254,#7255,#7256,#7257,#7258,#7259,#7260,#7261,#7262,#7263,#7264,#7265,
#7266,#7267,#7268,#7269,#7270,#7271,#7272,#7273,#7274,#7275,#7276,#7277,
#7278,#7279,#7280,#7281,#7282,#7283,#7284,#7285,#7286,#7287,#7288,#7289,
#7290,#7291,#7292,#7293,#7294,#7295,#7296,#7297,#7298,#7299,#7300,#7301,
#7302,#7303,#7304,#7305,#7306,#7307,#7308,#7309,#7310,#7311,#7312,#7313,
#7314,#7315,#7316,#7317,#7318,#7319,#7320,#7321,#7322,#7323,#7324,#7325,
#7326,#7327,#7328,#7329,#7330,#7331,#7332,#7333,#7334,#7335,#7336,#7337,
#7338,#7339,#7340,#7341,#7342,#7343,#7344,#7345,#7346,#7347,#7348,#7349,
#7350,#7351,#7352,#7353,#7354,#7355,#7356,#7357,#7358,#7359,#7360,#7361,
#7362,#7363,#7364,#7365,#7366,#7367,#7368,#7369,#7370,#7371,#7372,#7373,
#7374,#7375,#7376,#7377,#7378,#7379,#7380,#7381,#7382,#7383,#7384,#7385,
#7386,#7387,#7388,#7389,#7390,#7391,#7392,#7393,#7394,#7395,#7396,#7397,
#7398,#7399,#7400,#7401,#7402,#7403,#7404,#7405,#7406,#7407,#7408,#7409,
#7410,#7411,#7412,#7413,#7414,#7415,#7416,#7417,#7418,#7419,#7420,#7421,
#7422,#7423,#7424,#7425,#7426,#7427,#7428,#7429,#7430,#7431,#7432,#7433,
#7434,#7435,#7436,#7437,#7438,#7439,#7440,#7441,#7442,#7443,#7444,#7445,
#7446,#7447,#7448,#7449,#7450,#7451,#7452,#7453,#7454,#7455,#7456,#7457,
#7458,#7459,#7460,#7461,#7462,#7463,#7464,#7465,#7466,#7467,#7468,#7469,
#7470,#7471,#7472,#7473,#7474,#7475,#7476,#7477,#7478,#7479,#7480,#7481,
#7482,#7483,#7484,#7485,#7486,#7487,#7488,#7489,#7490,#7491,#7492,#7493,
#7494,#7495,#7496,#7497,#7498,#7499,#7500,#7501,#7502,#7503,#7504,#7505,
#7506,#7507,#7508,#7509,#7510,#7511,#7512,#7513,#7514,#7515,#7516,#7517,
#7518,#7519,#7520,#7521,#7522,#7523,#7524,#7525,#7526,#7527,#7528,#7529,
#7530,#7531,#7532,#7533,#7534,#7535,#7536,#7537,#7538,#7539,#7540,#7541,
#7542,#7543,#7544,#7545,#7546,#7547,#7548,#7549,#7550,#7551,#7552,#7553,
#7554,#7555,#7556,#7557,#7558,#7559,#7560,#7561,#7562,#7563,#7564,#7565,
#7566,#7567,#7568,#7569,#7570,#7571,#7572,#7573,#7574,#7575,#7576,#7577,
#7578,#7579),(#7580,#7581,#7582,#7583,#7584,#7585,#7586,#7587,#7588,#7589,
#7590,#7591,#7592,#7593,#7594,#7595,#7596,#7597,#7598,#7599,#7600,#7601,
#7602,#7603,#7604,#7605,#7606,#7607,#7608,#7609,#7610,#7611,#7612,#7613,
#7614,#7615,#7616,#7617,#7618,#7619,#7620,#7621,#7622,#7623,#7624,#7625,
#7626,#7627,#7628,#7629,#7630,#7631,#7632,#7633,#7634,#7635,#7636,#7637,
#7638,#7639,#7640,#7641,#7642,#7643,#7644,#7645,#7646,#7647,#7648,#7649,
#7650,#7651,#7652,#7653,#7654,#7655,#7656,#7657,#7658,#7659,#7660,#7661,
#7662,#7663,#7664,#7665,#7666,#7667,#7668,#7669,#7670,#7671,#7672,#7673,
#7674,#7675,#7676,#7677,#7678,#7679,#7680,#7681,#7682,#7683,#7684,#7685,
#7686,#7687,#7688,#7689,#7690,#7691,#7692,#7693,#7694,#7695,#7696,#7697,
#7698,#7699,#7700,#7701,#7702,#7703,#7704,#7705,#7706,#7707,#7708,#7709,
#7710,#7711,#7712,#7713,#7714,#7715,#7716,#7717,#7718,#7719,#7720,#7721,
#7722,#7723,#7724,#7725,#7726,#7727,#7728,#7729,#7730,#7731,#7732,#7733,
#7734,#7735,#7736,#7737,#7738,#7739,#7740,#7741,#7742,#7743,#7744,#7745,
#7746,#7747,#7748,#7749,#7750,#7751,#7752,#7753,#7754,#7755,#7756,#7757,
#7758,#7759,#7760,#7761,#7762,#7763,#7764,#7765,#7766,#7767,#7768,#7769,
#7770,#7771,#7772,#7773,#7774,#7775,#7776,#7777,#7778,#7779,#7780,#7781,
#7782,#7783,#7784,#7785,#7786,#7787,#7788,#7789,#7790,#7791,#7792,#7793,
#7794,#7795,#7796,#7797,#7798,#7799,#7800,#7801,#7802,#7803,#7804,#7805,
#7806,#7807,#7808,#7809,#7810,#7811,#7812,#7813,#7814,#7815,#7816,#7817,
#7818,#7819,#7820,#7821,#7822,#7823,#7824,#7825,#7826,#7827,#7828,#7829,
#7830,#7831,#7832,#7833,#7834,#7835,#7836,#7837,#7838,#7839,#7840,#7841,
#7842,#7843,#7844,#7845,#7846,#7847,#7848,#7849,#7850,#7851,#7852,#7853,
#7854,#7855,#7856,#7857,#7858,#7859,#7860,#7861,#7862,#7863,#7864,#7865,
#7866,#7867,#7868,#7869,#7870,#7871,#7872,#7873,#7874,#7875,#7876,#7877,
#7878,#7879,#7880,#7881,#7882,#7883,#7884,#7885,#7886,#7887,#7888,#7889,
#7890,#7891,#7892,#7893,#7894,#7895,#7896,#7897,#7898,#7899,#7900,#7901,
#7902,#7903,#7904,#7905,#7906,#7907,#7908,#7909,#7910),(#7911,#7912,#7913,
#7914,#7915,#7916,#7917,#7918,#7919,#7920,#7921,#7922,#7923,#7924,#7925,
#7926,#7927,#7928,#7929,#7930,#7931,#7932,#7933,#7934,#7935,#7936,#7937,
#7938,#7939,#7940,#7941,#7942,#7943,#7944,#7945,#7946,#7947,#7948,#7949,
#7950,#7951,#7952,#7953,#7954,#7955,#7956,#7957,#7958,#7959,#7960,#7961,
#7962,#7963,#7964,#7965,#7966,#7967,#7968,#7969,#7970,#7971,#7972,#7973,
#7974,#7975,#7976,#7977,#7978,#7979,#7980,#7981,#7982,#7983,#7984,#7985,
#7986,#7987,#7988,#7989,#7990,#7991,#7992,#7993,#7994,#7995,#7996,#7997,
#7998,#7999,#8000,#8001,#8002,#8003,#8004,#8005,#8006,#8007,#8008,#8009,
#8010,#8011,#8012,#8013,#8014,#8015,#8016,#8017,#8018,#8019,#8020,#8021,
#8022,#8023,#8024,#8025,#8026,#8027,#8028,#8029,#8030,#8031,#8032,#8033,
#8034,#8035,#8036,#8037,#8038,#8039,#8040,#8041,#8042,#8043,#8044,#8045,
#8046,#8047,#8048,#8049,#8050,#8051,#8052,#8053,#8054,#8055,#8056,#8057,
#8058,#8059,#8060,#8061,#8062,#8063,#8064,#8065,#8066,#8067,#8068,#8069,
#8070,#8071,#8072,#8073,#8074,#8075,#8076,#8077,#8078,#8079,#8080,#8081,
#8082,#8083,#8084,#8085,#8086,#8087,#8088,#8089,#8090,#8091,#8092,#8093,
#8094,#8095,#8096,#8097,#8098,#8099,#8100,#8101,#8102,#8103,#8104,#8105,
#8106,#8107,#8108,#8109,#8110,#8111,#8112,#8113,#8114,#8115,#8116,#8117,
#8118,#8119,#8120,#8121,#8122,#8123,#8124,#8125,#8126,#8127,#8128,#8129,
#8130,#8131,#8132,#8133,#8134,#8135,#8136,#8137,#8138,#8139,#8140,#8141,
#8142,#8143,#8144,#8145,#8146,#8147,#8148,#8149,#8150,#8151,#8152,#8153,
#8154,#8155,#8156,#8157,#8158,#8159,#8160,#8161,#8162,#8163,#8164,#8165,
#8166,#8167,#8168,#8169,#8170,#8171,#8172,#8173,#8174,#8175,#8176,#8177,
#8178,#8179,#8180,#8181,#8182,#8183,#8184,#8185,#8186,#8187,#8188,#8189,
#8190,#8191,#8192,#8193,#8194,#8195,#8196,#8197,#8198,#8199,#8200,#8201,
#8202,#8203,#8204,#8205,#8206,#8207,#8208,#8209,#8210,#8211,#8212,#8213,
#8214,#8215,#8216,#8217,#8218,#8219,#8220,#8221,#8222,#8223,#8224,#8225,
#8226,#8227,#8228,#8229,#8230,#8231,#8232,#8233,#8234,#8235,#8236,#8237,
#8238,#8239,#8240,#8241),(#8242,#8243,#8244,#8245,#8246,#8247,#8248,#8249,
#8250,#8251,#8252,#8253,#8254,#8255,#8256,#8257,#8258,#8259,#8260,#8261,
#8262,#8263,#8264,#8265,#8266,#8267,#8268,#8269,#8270,#8271,#8272,#8273,
#8274,#8275,#8276,#8277,#8278,#8279,#8280,#8281,#8282,#8283,#8284,#8285,
#8286,#8287,#8288,#8289,#8290,#8291,#8292,#8293,#8294,#8295,#8296,#8297,
#8298,#8299,#8300,#8301,#8302,#8303,#8304,#8305,#8306,#8307,#8308,#8309,
#8310,#8311,#8312,#8313,#8314,#8315,#8316,#8317,#8318,#8319,#8320,#8321,
#8322,#8323,#8324,#8325,#8326,#8327,#8328,#8329,#8330,#8331,#8332,#8333,
#8334,#8335,#8336,#8337,#8338,#8339,#8340,#8341,#8342,#8343,#8344,#8345,
#8346,#8347,#8348,#8349,#8350,#8351,#8352,#8353,#8354,#8355,#8356,#8357,
#8358,#8359,#8360,#8361,#8362,#8363,#8364,#8365,#8366,#8367,#8368,#8369,
#8370,#8371,#8372,#8373,#8374,#8375,#8376,#8377,#8378,#8379,#8380,#8381,
#8382,#8383,#8384,#8385,#8386,#8387,#8388,#8389,#8390,#8391,#8392,#8393,
#8394,#8395,#8396,#8397,#8398,#8399,#8400,#8401,#8402,#8403,#8404,#8405,
#8406,#8407,#8408,#8409,#8410,#8411,#8412,#8413,#8414,#8415,#8416,#8417,
#8418,#8419,#8420,#8421,#8422,#8423,#8424,#8425,#8426,#8427,#8428,#8429,
#8430,#8431,#8432,#8433,#8434,#8435,#8436,#8437,#8438,#8439,#8440,#8441,
#8442,#8443,#8444,#8445,#8446,#8447,#8448,#8449,#8450,#8451,#8452,#8453,
#8454,#8455,#8456,#8457,#8458,#8459,#8460,#8461,#8462,#8463,#8464,#8465,
#8466,#8467,#8468,#8469,#8470,#8471,#8472,#8473,#8474,#8475,#8476,#8477,
#8478,#8479,#8480,#8481,#8482,#8483,#8484,#8485,#8486,#8487,#8488,#8489,
#8490,#8491,#8492,#8493,#8494,#8495,#8496,#8497,#8498,#8499,#8500,#8501,
#8502,#8503,#8504,#8505,#8506,#8507,#8508,#8509,#8510,#8511,#8512,#8513,
#8514,#8515,#8516,#8517,#8518,#8519,#8520,#8521,#8522,#8523,#8524,#8525,
#8526,#8527,#8528,#8529,#8530,#8531,#8532,#8533,#8534,#8535,#8536,#8537,
#8538,#8539,#8540,#8541,#8542,#8543,#8544,#8545,#8546,#8547,#8548,#8549,
#8550,#8551,#8552,#8553,#8554,#8555,#8556,#8557,#8558,#8559,#8560,#8561,
#8562,#8563,#8564,#8565,#8566,#8567,#8568,#8569,#8570,#8571,#8572)),
 .UNSPECIFIED.,.F.,.F.,.F.,(4,4),(4,1,1,1,1,1,1,1,1,1,1,1,1,1,1,1,1,1,1,
1,1,1,1,1,1,1,1,1,1,1,1,1,1,1,1,1,1,1,1,1,1,1,1,1,1,1,1,1,1,1,1,1,1,1,1,
1,1,1,1,1,1,1,1,1,1,1,1,1,1,1,1,1,1,1,1,1,1,1,1,1,1,1,1,1,1,1,1,1,1,1,1,
1,1,1,1,1,1,1,1,1,1,1,1,1,1,1,1,1,1,1,1,1,1,1,1,1,1,1,1,1,1,1,1,1,1,1,1,
1,1,1,1,1,1,1,1,1,1,1,1,1,1,1,1,1,1,1,1,1,1,1,1,1,1,1,1,1,1,1,1,1,1,1,1,
1,1,1,1,1,1,1,1,1,1,1,1,1,1,1,1,1,1,1,1,1,1,1,1,1,1,1,1,1,1,1,1,1,1,1,1,
1,1,1,1,1,1,1,1,1,1,1,1,1,1,1,1,1,1,1,1,1,1,1,1,1,1,1,1,1,1,1,1,1,1,1,1,
1,1,1,1,1,1,1,1,1,1,1,1,1,1,1,1,1,1,1,1,1,1,1,1,1,1,1,1,1,1,1,1,1,1,1,1,
1,1,1,1,1,1,1,1,1,1,1,1,1,1,1,1,1,1,1,1,1,1,1,1,1,1,1,1,1,1,1,1,1,1,1,1,
1,1,1,1,1,1,1,1,1,1,1,1,1,1,1,1,1,1,1,1,1,4),(0.,0.231084445243146),(1561.1071927037,
1561.606100726,1562.1050087483,1562.6039167706,1563.1028247929,1563.60173281521,
1564.10064083751,1564.59954885981,1565.09845688211,1565.59736490441,1566.09627292671,
1566.59518094901,1567.09408897131,1567.59299699361,1568.09190501591,1568.59081303822,
1569.08972106052,1569.58862908282,1570.08753710512,1570.58644512742,1571.08535314972,
1571.58426117202,1572.08316919432,1572.58207721662,1573.08098523892,1573.57989326123,
1574.07880128353,1574.57770930583,1575.07661732813,1575.57552535043,1576.07443337273,
1576.57334139503,1577.07224941733,1577.57115743963,1578.07006546193,1578.56897348424,
1579.06788150654,1579.56678952884,1580.06569755114,1580.56460557344,1581.06351359574,
1581.56242161804,1582.06132964034,1582.56023766264,1583.05914568494,1583.55805370725,
1584.05696172955,1584.55586975185,1585.05477777415,1585.55368579645,1586.05259381875,
1586.55150184105,1587.05040986335,1587.54931788565,1588.04822590795,1588.54713393025,
1589.04604195256,1589.54494997486,1590.04385799716,1590.54276601946,1591.04167404176,
1591.54058206406,1592.03949008636,1592.53839810866,1593.03730613096,1593.53621415326,
1594.03512217557,1594.53403019787,1595.03293822017,1595.53184624247,1596.03075426477,
1596.52966228707,1597.02857030937,1597.52747833167,1598.02638635397,1598.52529437627,
1599.02420239858,1599.52311042088,1600.02201844318,1600.52092646548,1601.01983448778,
1601.51874251008,1602.01765053238,1602.51655855468,1603.01546657698,1603.51437459928,
1604.01328262158,1604.51219064389,1605.01109866619,1605.51000668849,1606.00891471079,
1606.50782273309,1607.00673075539,1607.50563877769,1608.00454679999,1608.50345482229,
1609.00236284459,1609.5012708669,1610.0001788892,1610.4990869115,1610.9979949338,
1611.4969029561,1611.9958109784,1612.4947190007,1612.993627023,1613.4925350453,
1613.9914430676,1614.49035108991,1614.98925911221,1615.48816713451,1615.98707515681,
1616.48598317911,1616.98489120141,1617.48379922371,1617.98270724601,1618.48161526831,
1618.98052329061,1619.47943131292,1619.97833933522,1620.47724735752,1620.97615537982,
1621.47506340212,1621.97397142442,1622.47287944672,1622.97178746902,1623.47069549132,
1623.96960351362,1624.46851153593,1624.96741955823,1625.46632758053,1625.96523560283,
1626.46414362513,1626.96305164743,1627.46195966973,1627.96086769203,1628.45977571433,
1628.95868373663,1629.45759175893,1629.95649978124,1630.45540780354,1630.95431582584,
1631.45322384814,1631.95213187044,1632.45103989274,1632.94994791504,1633.44885593734,
1633.94776395964,1634.44667198194,1634.94558000425,1635.44448802655,1635.94339604885,
1636.44230407115,1636.94121209345,1637.44012011575,1637.93902813805,1638.43793616035,
1638.93684418265,1639.43575220495,1639.93466022726,1640.43356824956,1640.93247627186,
1641.43138429416,1641.93029231646,1642.42920033876,1642.92810836106,1643.42701638336,
1643.92592440566,1644.42483242796,1644.92374045027,1645.42264847257,1645.92155649487,
1646.42046451717,1646.91937253947,1647.41828056177,1647.91718858407,1648.41609660637,
1648.91500462867,1649.41391265097,1649.91282067328,1650.41172869558,1650.91063671788,
1651.40954474018,1651.90845276248,1652.40736078478,1652.90626880708,1653.40517682938,
1653.90408485168,1654.40299287398,1654.90190089628,1655.40080891859,1655.89971694089,
1656.39862496319,1656.89753298549,1657.39644100779,1657.89534903009,1658.39425705239,
1658.89316507469,1659.39207309699,1659.89098111929,1660.3898891416,1660.8887971639,
1661.3877051862,1661.8866132085,1662.3855212308,1662.8844292531,1663.3833372754,
1663.8822452977,1664.38115332,1664.8800613423,1665.37896936461,1665.87787738691,
1666.37678540921,1666.87569343151,1667.37460145381,1667.87350947611,1668.37241749841,
1668.87132552071,1669.37023354301,1669.86914156531,1670.36804958762,1670.86695760992,
1671.36586563222,1671.86477365452,1672.36368167682,1672.86258969912,1673.36149772142,
1673.86040574372,1674.35931376602,1674.85822178832,1675.35712981062,1675.85603783293,
1676.35494585523,1676.85385387753,1677.35276189983,1677.85166992213,1678.35057794443,
1678.84948596673,1679.34839398903,1679.84730201133,1680.34621003363,1680.84511805594,
1681.34402607824,1681.84293410054,1682.34184212284,1682.84075014514,1683.33965816744,
1683.83856618974,1684.33747421204,1684.83638223434,1685.33529025664,1685.83419827895,
1686.33310630125,1686.83201432355,1687.33092234585,1687.82983036815,1688.32873839045,
1688.82764641275,1689.32655443505,1689.82546245735,1690.32437047965,1690.82327850196,
1691.32218652426,1691.82109454656,1692.32000256886,1692.81891059116,1693.31781861346,
1693.81672663576,1694.31563465806,1694.81454268036,1695.31345070266,1695.81235872496,
1696.31126674727,1696.81017476957,1697.30908279187,1697.80799081417,1698.30689883647,
1698.80580685877,1699.30471488107,1699.80362290337,1700.30253092567,1700.80143894797,
1701.30034697028,1701.79925499258,1702.29816301488,1702.79707103718,1703.29597905948,
1703.79488708178,1704.29379510408,1704.79270312638,1705.29161114868,1705.79051917098,
1706.28942719329,1706.78833521559,1707.28724323789,1707.78615126019,1708.28505928249,
1708.78396730479,1709.28287532709,1709.78178334939,1710.28069137169,1710.77959939399,
1711.2785074163,1711.7774154386,1712.2763234609,1712.7752314832,1713.2741395055,
1713.7730475278,1714.2719555501,1714.7708635724,1715.2697715947,1715.768679617,
1716.26758763931,1716.76649566161,1717.26540368391,1717.76431170621,1718.26321972851,
1718.76212775081,1719.26103577311,1719.75994379541,1720.25885181771,1720.75775984001,
1721.25666786231,1721.75557588462,1722.25448390692,1722.75339192922,1723.25229995152,
1723.75120797382,1724.25011599612,1724.74902401842),.UNSPECIFIED.);
#18=PLANE('',#1199);
#19=PLANE('',#1200);
#20=PLANE('',#1203);
#21=PLANE('',#1210);
#22=FACE_OUTER_BOUND('',#83,.T.);
#23=FACE_OUTER_BOUND('',#84,.T.);
#24=FACE_OUTER_BOUND('',#85,.T.);
#25=FACE_OUTER_BOUND('',#86,.T.);
#26=FACE_OUTER_BOUND('',#87,.T.);
#27=FACE_OUTER_BOUND('',#88,.T.);
#28=FACE_OUTER_BOUND('',#89,.T.);
#29=FACE_OUTER_BOUND('',#90,.T.);
#30=FACE_OUTER_BOUND('',#91,.T.);
#31=FACE_OUTER_BOUND('',#92,.T.);
#32=FACE_OUTER_BOUND('',#93,.T.);
#33=FACE_OUTER_BOUND('',#94,.T.);
#34=FACE_OUTER_BOUND('',#95,.T.);
#35=FACE_OUTER_BOUND('',#96,.T.);
#36=FACE_OUTER_BOUND('',#97,.T.);
#37=FACE_OUTER_BOUND('',#98,.T.);
#38=FACE_OUTER_BOUND('',#99,.T.);
#39=FACE_OUTER_BOUND('',#100,.T.);
#40=FACE_OUTER_BOUND('',#101,.T.);
#41=FACE_OUTER_BOUND('',#102,.T.);
#42=FACE_OUTER_BOUND('',#103,.T.);
#43=FACE_OUTER_BOUND('',#104,.T.);
#44=FACE_OUTER_BOUND('',#105,.T.);
#45=FACE_OUTER_BOUND('',#106,.T.);
#46=FACE_OUTER_BOUND('',#107,.T.);
#47=FACE_OUTER_BOUND('',#108,.T.);
#48=FACE_OUTER_BOUND('',#109,.T.);
#49=FACE_OUTER_BOUND('',#110,.T.);
#50=FACE_OUTER_BOUND('',#111,.T.);
#51=FACE_OUTER_BOUND('',#112,.T.);
#52=FACE_OUTER_BOUND('',#113,.T.);
#53=FACE_OUTER_BOUND('',#114,.T.);
#54=FACE_OUTER_BOUND('',#115,.T.);
#55=FACE_OUTER_BOUND('',#116,.T.);
#56=FACE_OUTER_BOUND('',#117,.T.);
#57=FACE_OUTER_BOUND('',#118,.T.);
#58=FACE_OUTER_BOUND('',#119,.T.);
#59=FACE_OUTER_BOUND('',#120,.T.);
#60=FACE_OUTER_BOUND('',#121,.T.);
#61=FACE_OUTER_BOUND('',#122,.T.);
#62=FACE_OUTER_BOUND('',#123,.T.);
#63=FACE_OUTER_BOUND('',#124,.T.);
#64=FACE_OUTER_BOUND('',#125,.T.);
#65=FACE_OUTER_BOUND('',#126,.T.);
#66=FACE_OUTER_BOUND('',#127,.T.);
#67=FACE_OUTER_BOUND('',#128,.T.);
#68=FACE_OUTER_BOUND('',#129,.T.);
#69=FACE_OUTER_BOUND('',#130,.T.);
#70=FACE_OUTER_BOUND('',#131,.T.);
#71=FACE_OUTER_BOUND('',#132,.T.);
#72=FACE_OUTER_BOUND('',#133,.T.);
#73=FACE_OUTER_BOUND('',#134,.T.);
#74=FACE_OUTER_BOUND('',#135,.T.);
#75=FACE_OUTER_BOUND('',#136,.T.);
#76=FACE_OUTER_BOUND('',#137,.T.);
#77=FACE_OUTER_BOUND('',#138,.T.);
#78=FACE_OUTER_BOUND('',#139,.T.);
#79=FACE_OUTER_BOUND('',#140,.T.);
#80=FACE_OUTER_BOUND('',#141,.T.);
#81=FACE_OUTER_BOUND('',#142,.T.);
#82=FACE_OUTER_BOUND('',#143,.T.);
#83=EDGE_LOOP('',(#664,#665,#666,#667,#668,#669,#670,#671));
#84=EDGE_LOOP('',(#672,#673,#674,#675));
#85=EDGE_LOOP('',(#676,#677,#678,#679));
#86=EDGE_LOOP('',(#680,#681,#682,#683));
#87=EDGE_LOOP('',(#684,#685,#686,#687));
#88=EDGE_LOOP('',(#688,#689,#690,#691));
#89=EDGE_LOOP('',(#692,#693,#694,#695));
#90=EDGE_LOOP('',(#696,#697,#698,#699));
#91=EDGE_LOOP('',(#700,#701,#702,#703));
#92=EDGE_LOOP('',(#704,#705,#706,#707));
#93=EDGE_LOOP('',(#708,#709,#710,#711));
#94=EDGE_LOOP('',(#712,#713,#714,#715));
#95=EDGE_LOOP('',(#716,#717,#718,#719));
#96=EDGE_LOOP('',(#720,#721,#722,#723));
#97=EDGE_LOOP('',(#724,#725,#726,#727));
#98=EDGE_LOOP('',(#728,#729,#730,#731));
#99=EDGE_LOOP('',(#732,#733,#734,#735));
#100=EDGE_LOOP('',(#736,#737,#738,#739));
#101=EDGE_LOOP('',(#740,#741,#742,#743));
#102=EDGE_LOOP('',(#744,#745,#746,#747));
#103=EDGE_LOOP('',(#748,#749,#750,#751));
#104=EDGE_LOOP('',(#752,#753,#754,#755));
#105=EDGE_LOOP('',(#756,#757,#758,#759));
#106=EDGE_LOOP('',(#760,#761,#762,#763));
#107=EDGE_LOOP('',(#764,#765,#766,#767));
#108=EDGE_LOOP('',(#768,#769,#770,#771));
#109=EDGE_LOOP('',(#772,#773,#774,#775));
#110=EDGE_LOOP('',(#776,#777,#778,#779));
#111=EDGE_LOOP('',(#780,#781,#782,#783));
#112=EDGE_LOOP('',(#784,#785,#786,#787));
#113=EDGE_LOOP('',(#788,#789,#790,#791));
#114=EDGE_LOOP('',(#792,#793,#794,#795));
#115=EDGE_LOOP('',(#796,#797,#798,#799));
#116=EDGE_LOOP('',(#800,#801,#802,#803));
#117=EDGE_LOOP('',(#804,#805,#806,#807));
#118=EDGE_LOOP('',(#808,#809,#810,#811));
#119=EDGE_LOOP('',(#812,#813,#814,#815));
#120=EDGE_LOOP('',(#816,#817,#818,#819));
#121=EDGE_LOOP('',(#820,#821,#822,#823));
#122=EDGE_LOOP('',(#824,#825,#826,#827));
#123=EDGE_LOOP('',(#828,#829,#830,#831));
#124=EDGE_LOOP('',(#832,#833,#834,#835));
#125=EDGE_LOOP('',(#836,#837,#838,#839));
#126=EDGE_LOOP('',(#840,#841,#842,#843));
#127=EDGE_LOOP('',(#844,#845,#846,#847));
#128=EDGE_LOOP('',(#848,#849,#850,#851));
#129=EDGE_LOOP('',(#852,#853,#854,#855));
#130=EDGE_LOOP('',(#856,#857,#858,#859));
#131=EDGE_LOOP('',(#860,#861,#862,#863));
#132=EDGE_LOOP('',(#864,#865,#866,#867));
#133=EDGE_LOOP('',(#868,#869,#870,#871));
#134=EDGE_LOOP('',(#872,#873,#874,#875));
#135=EDGE_LOOP('',(#876));
#136=EDGE_LOOP('',(#877,#878,#879,#880,#881));
#137=EDGE_LOOP('',(#882,#883,#884,#885,#886,#887,#888,#889,#890,#891,#892,
#893,#894,#895,#896,#897,#898,#899,#900,#901,#902,#903,#904,#905,#906,#907,
#908,#909,#910,#911,#912,#913,#914,#915,#916,#917,#918,#919,#920,#921,#922,
#923,#924,#925,#926,#927,#928,#929,#930,#931,#932,#933,#934,#935,#936,#937));
#138=EDGE_LOOP('',(#938,#939,#940,#941,#942));
#139=EDGE_LOOP('',(#943,#944,#945,#946));
#140=EDGE_LOOP('',(#947,#948,#949,#950,#951,#952,#953,#954,#955,#956,#957,
#958,#959,#960,#961,#962,#963,#964,#965,#966,#967,#968,#969,#970,#971,#972,
#973,#974,#975,#976,#977,#978,#979,#980,#981,#982,#983,#984,#985,#986,#987,
#988,#989,#990,#991,#992,#993,#994,#995,#996,#997,#998,#999,#1000,#1001,
#1002));
#141=EDGE_LOOP('',(#1003,#1004,#1005,#1006,#1007,#1008));
#142=EDGE_LOOP('',(#1009,#1010,#1011,#1012));
#143=EDGE_LOOP('',(#1013));
#144=CIRCLE('',#1144,14.86725);
#145=CIRCLE('',#1145,14.86725);
#146=CIRCLE('',#1146,14.86725);
#147=CIRCLE('',#1173,12.866);
#148=CIRCLE('',#1201,14.86725);
#149=CIRCLE('',#1202,14.86725);
#150=CIRCLE('',#1204,12.866);
#151=CIRCLE('',#1207,13.);
#152=CIRCLE('',#1208,14.86725);
#153=B_SPLINE_CURVE_WITH_KNOTS('',3,(#1409,#1410,#1411,#1412,#1413,#1414,
#1415,#1416,#1417,#1418,#1419,#1420,#1421,#1422,#1423,#1424,#1425,#1426,
#1427,#1428,#1429,#1430,#1431,#1432,#1433,#1434,#1435,#1436,#1437,#1438,
#1439),.UNSPECIFIED.,.F.,.F.,(4,3,3,3,3,3,3,3,3,3,4),(-6.54754143758604,
-6.48580428991276,-5.9868962676117,-5.48798824531065,-4.98908022300981,
-4.49017220070898,-3.99126417840793,-3.49235615610687,-2.99344813380604,
-2.49454011150498,-2.07420913010253),.UNSPECIFIED.);
#154=B_SPLINE_CURVE_WITH_KNOTS('',3,(#1447,#1448,#1449,#1450,#1451,#1452,
#1453,#1454,#1455,#1456,#1457,#1458,#1459,#1460,#1461,#1462,#1463,#1464,
#1465,#1466,#1467,#1468,#1469,#1470,#1471),.UNSPECIFIED.,.F.,.F.,(4,3,3,
3,3,3,3,3,4),(0.,0.498908022298348,0.997816044599651,1.49672406690095,1.99563208920226,
2.49454011150402,2.99344813380532,3.49235615610662,3.57722326681293),
 .UNSPECIFIED.);
#155=B_SPLINE_CURVE_WITH_KNOTS('',3,(#1476,#1477,#1478,#1479,#1480,#1481,
#1482,#1483,#1484,#1485,#1486,#1487,#1488,#1489,#1490,#1491,#1492,#1493,
#1494,#1495,#1496,#1497,#1498,#1499,#1500,#1501,#1502,#1503,#1504,#1505,
#1506,#1507,#1508,#1509,#1510,#1511,#1512,#1513,#1514,#1515),
 .UNSPECIFIED.,.F.,.F.,(4,3,3,3,3,3,3,3,3,3,3,3,3,4),(-12.8307267447655,
-12.4727005575248,-11.9737925352237,-11.4748845129226,-10.9759764906215,
-10.4770684683205,-9.97816044601962,-9.47925242371877,-8.98034440141769,
-8.48143637911661,-7.98252835681576,-7.48362033451491,-6.98471231221384,
-6.54754143758604),.UNSPECIFIED.);
#156=B_SPLINE_CURVE_WITH_KNOTS('',3,(#1516,#1517,#1518,#1519,#1520,#1521,
#1522,#1523,#1524,#1525,#1526,#1527,#1528,#1529,#1530,#1531,#1532,#1533,
#1534,#1535,#1536,#1537,#1538,#1539,#1540,#1541,#1542,#1543,#1544,#1545,
#1546,#1547,#1548,#1549,#1550,#1551,#1552,#1553,#1554,#1555),
 .UNSPECIFIED.,.F.,.F.,(4,3,3,3,3,3,3,3,3,3,3,3,3,4),(3.57722326681293,
3.99126417840799,4.49017220070882,4.98908022300988,5.48798824531071,5.98689626761177,
6.4858042899126,6.98471231221366,7.48362033451472,7.98252835681556,8.48143637911639,
8.98034440141767,9.47925242371851,9.86040857399241),.UNSPECIFIED.);
#157=B_SPLINE_CURVE_WITH_KNOTS('',3,(#1560,#1561,#1562,#1563,#1564,#1565,
#1566,#1567,#1568,#1569,#1570,#1571,#1572,#1573,#1574,#1575,#1576,#1577,
#1578,#1579,#1580,#1581,#1582,#1583,#1584,#1585,#1586,#1587,#1588,#1589,
#1590,#1591,#1592,#1593,#1594,#1595,#1596,#1597,#1598,#1599,#1600,#1601,
#1602),.UNSPECIFIED.,.F.,.F.,(4,3,3,3,3,3,3,3,3,3,3,3,3,3,4),(-19.1139120519451,
-18.9585048474371,-18.4595968251361,-17.9606888028352,-17.4617807805344,
-16.9628727582336,-16.4639647359323,-15.9650567136315,-15.4661486913304,
-14.9672406690294,-14.4683326467286,-13.9694246244277,-13.4705166021264,
-12.9716085798256,-12.8307267447655),.UNSPECIFIED.);
#158=B_SPLINE_CURVE_WITH_KNOTS('',3,(#1603,#1604,#1605,#1606,#1607,#1608,
#1609,#1610,#1611,#1612,#1613,#1614,#1615,#1616,#1617,#1618,#1619,#1620,
#1621,#1622,#1623,#1624,#1625,#1626,#1627,#1628,#1629,#1630,#1631,#1632,
#1633,#1634,#1635,#1636,#1637,#1638,#1639,#1640,#1641,#1642,#1643,#1644,
#1645),.UNSPECIFIED.,.F.,.F.,(4,3,3,3,3,3,3,3,3,3,3,3,3,3,4),(9.86040857399241,
9.97816044601911,10.4770684683202,10.9759764906215,11.4748845129223,11.9737925352234,
12.4727005575245,12.9716085798253,13.4705166021261,13.9694246244272,14.4683326467283,
14.9672406690291,15.46614869133,15.9650567136313,16.143593881172),
 .UNSPECIFIED.);
#159=B_SPLINE_CURVE_WITH_KNOTS('',3,(#1650,#1651,#1652,#1653,#1654,#1655,
#1656,#1657,#1658,#1659,#1660,#1661,#1662,#1663,#1664,#1665,#1666,#1667,
#1668,#1669,#1670,#1671,#1672,#1673,#1674,#1675,#1676,#1677,#1678,#1679,
#1680,#1681,#1682,#1683,#1684,#1685,#1686,#1687,#1688,#1689),
 .UNSPECIFIED.,.F.,.F.,(4,3,3,3,3,3,3,3,3,3,3,3,3,4),(-25.3970973591247,
-24.9454011150488,-24.446493092748,-23.9475850704469,-23.4486770481458,
-22.949769025845,-22.4508610035441,-21.9519529812431,-21.453044958942,-20.9541369366414,
-20.4552289143401,-19.956320892039,-19.4574128697382,-19.1139120519451),
 .UNSPECIFIED.);
#160=B_SPLINE_CURVE_WITH_KNOTS('',3,(#1690,#1691,#1692,#1693,#1694,#1695,
#1696,#1697,#1698,#1699,#1700,#1701,#1702,#1703,#1704,#1705,#1706,#1707,
#1708,#1709,#1710,#1711,#1712,#1713,#1714,#1715,#1716,#1717,#1718,#1719,
#1720,#1721,#1722,#1723,#1724,#1725,#1726,#1727,#1728,#1729),
 .UNSPECIFIED.,.F.,.F.,(4,3,3,3,3,3,3,3,3,3,3,3,3,4),(16.143593881172,16.4639647359321,
16.9628727582329,17.4617807805337,17.9606888028347,18.4595968251358,18.9585048474368,
19.4574128697378,19.9563208920386,20.4552289143394,20.9541369366403,21.4530449589415,
21.9519529812423,22.4267791883516),.UNSPECIFIED.);
#161=B_SPLINE_CURVE_WITH_KNOTS('',3,(#1734,#1735,#1736,#1737,#1738,#1739,
#1740,#1741,#1742,#1743,#1744,#1745,#1746,#1747,#1748,#1749,#1750,#1751,
#1752,#1753,#1754,#1755,#1756,#1757,#1758,#1759,#1760,#1761,#1762,#1763,
#1764,#1765,#1766,#1767,#1768,#1769,#1770,#1771,#1772,#1773,#1774,#1775,
#1776),.UNSPECIFIED.,.F.,.F.,(4,3,3,3,3,3,3,3,3,3,3,3,3,3,4),(-31.6802826663044,
-31.4312054049616,-30.9322973826607,-30.4333893603601,-29.934481338059,
-29.4355733157577,-28.9366652934567,-28.4377572711556,-27.9388492488548,
-27.4399412265539,-26.9410332042528,-26.4421251819515,-25.9432171596509,
-25.4443091373499,-25.3970973591247),.UNSPECIFIED.);
#162=B_SPLINE_CURVE_WITH_KNOTS('',3,(#1777,#1778,#1779,#1780,#1781,#1782,
#1783,#1784,#1785,#1786,#1787,#1788,#1789,#1790,#1791,#1792,#1793,#1794,
#1795,#1796,#1797,#1798,#1799,#1800,#1801,#1802,#1803,#1804,#1805,#1806,
#1807,#1808,#1809,#1810,#1811,#1812,#1813,#1814,#1815,#1816,#1817,#1818,
#1819),.UNSPECIFIED.,.F.,.F.,(4,3,3,3,3,3,3,3,3,3,3,3,3,3,4),(22.4267791883516,
22.4508610035431,22.9497690258444,23.4486770481453,23.9475850704461,24.446493092747,
24.945401115048,25.4443091373491,25.9432171596499,26.442125181951,26.9410332042521,
27.4399412265529,27.938849248854,28.4377572711551,28.7099644955312),
 .UNSPECIFIED.);
#163=B_SPLINE_CURVE_WITH_KNOTS('',3,(#1824,#1825,#1826,#1827,#1828,#1829,
#1830,#1831,#1832,#1833,#1834,#1835,#1836,#1837,#1838,#1839,#1840,#1841,
#1842,#1843,#1844,#1845,#1846,#1847,#1848,#1849,#1850,#1851,#1852,#1853,
#1854,#1855,#1856,#1857,#1858,#1859,#1860,#1861,#1862,#1863,#1864,#1865,
#1866),.UNSPECIFIED.,.F.,.F.,(4,3,3,3,3,3,3,3,3,3,3,3,3,3,4),(-37.963467973484,
-37.9170096948741,-37.4181016725733,-36.9191936502722,-36.4202856279714,
-35.9213776056706,-35.4224695833695,-34.9235615610687,-34.4246535387674,
-33.9257455164666,-33.4268374941653,-32.9279294718645,-32.4290214495637,
-31.9301134272626,-31.6802826663044),.UNSPECIFIED.);
#164=B_SPLINE_CURVE_WITH_KNOTS('',3,(#1867,#1868,#1869,#1870,#1871,#1872,
#1873,#1874,#1875,#1876,#1877,#1878,#1879,#1880,#1881,#1882,#1883,#1884,
#1885,#1886,#1887,#1888,#1889,#1890,#1891,#1892,#1893,#1894,#1895,#1896,
#1897,#1898,#1899,#1900,#1901,#1902,#1903,#1904,#1905,#1906,#1907,#1908,
#1909),.UNSPECIFIED.,.F.,.F.,(4,3,3,3,3,3,3,3,3,3,3,3,3,3,4),(28.7099644955312,
28.9366652934559,29.4355733157567,29.9344813380578,30.4333893603589,30.9322973826597,
31.4312054049606,31.9301134272616,32.4290214495627,32.9279294718635,33.4268374941644,
33.9257455164657,34.4246535387665,34.9235615610676,34.9931498027109),
 .UNSPECIFIED.);
#165=B_SPLINE_CURVE_WITH_KNOTS('',3,(#1914,#1915,#1916,#1917,#1918,#1919,
#1920,#1921,#1922,#1923,#1924,#1925,#1926,#1927,#1928,#1929,#1930,#1931,
#1932,#1933,#1934,#1935,#1936,#1937,#1938,#1939,#1940,#1941,#1942,#1943,
#1944,#1945,#1946,#1947,#1948,#1949,#1950,#1951,#1952,#1953),
 .UNSPECIFIED.,.F.,.F.,(4,3,3,3,3,3,3,3,3,3,3,3,3,4),(-44.2466532806636,
-43.903905962486,-43.404997940185,-42.9060899178839,-42.4071818955831,-41.908273873282,
-41.4093658509809,-40.9104578286801,-40.4115498063792,-39.9126417840782,
-39.4137337617769,-38.9148257394762,-38.4159177171752,-37.963467973484),
 .UNSPECIFIED.);
#166=B_SPLINE_CURVE_WITH_KNOTS('',3,(#1954,#1955,#1956,#1957,#1958,#1959,
#1960,#1961,#1962,#1963,#1964,#1965,#1966,#1967,#1968,#1969,#1970,#1971,
#1972,#1973,#1974,#1975,#1976,#1977,#1978,#1979,#1980,#1981,#1982,#1983,
#1984,#1985,#1986,#1987,#1988,#1989,#1990,#1991,#1992,#1993),
 .UNSPECIFIED.,.F.,.F.,(4,3,3,3,3,3,3,3,3,3,3,3,3,4),(34.9931498027109,
35.4224695833687,35.9213776056696,36.4202856279704,36.9191936502715,37.4181016725726,
37.9170096948735,38.4159177171744,38.9148257394754,39.4137337617768,39.9126417840774,
40.4115498063785,40.9104578286796,41.2763351098903),.UNSPECIFIED.);
#167=B_SPLINE_CURVE_WITH_KNOTS('',3,(#1998,#1999,#2000,#2001,#2002,#2003,
#2004,#2005,#2006,#2007,#2008,#2009,#2010,#2011,#2012,#2013,#2014,#2015,
#2016,#2017,#2018,#2019,#2020,#2021,#2022,#2023,#2024,#2025,#2026,#2027,
#2028,#2029,#2030,#2031,#2032,#2033,#2034,#2035,#2036,#2037,#2038,#2039,
#2040),.UNSPECIFIED.,.F.,.F.,(4,3,3,3,3,3,3,3,3,3,3,3,3,3,4),(-50.5298385878431,
-50.3897102523991,-49.8908022300978,-49.3918942077967,-48.8929861854961,
-48.394078163195,-47.8951701408937,-47.3962621185929,-46.8973540962916,
-46.3984460739907,-45.8995380516901,-45.400630029389,-44.9017220070877,
-44.4028139847871,-44.2466532806636),.UNSPECIFIED.);
#168=B_SPLINE_CURVE_WITH_KNOTS('',3,(#2041,#2042,#2043,#2044,#2045,#2046,
#2047,#2048,#2049,#2050,#2051,#2052,#2053,#2054,#2055,#2056,#2057,#2058,
#2059,#2060,#2061,#2062,#2063,#2064,#2065,#2066,#2067,#2068,#2069,#2070,
#2071,#2072,#2073,#2074,#2075,#2076,#2077,#2078,#2079,#2080,#2081,#2082,
#2083),.UNSPECIFIED.,.F.,.F.,(4,3,3,3,3,3,3,3,3,3,3,3,3,3,4),(41.2763351098903,
41.4093658509805,41.9082738732815,42.4071818955823,42.9060899178834,43.404997940184,
43.9039059624853,44.4028139847863,44.9017220070871,45.4006300293882,45.899538051689,
46.3984460739901,46.8973540962909,47.3962621185917,47.55952041707),
 .UNSPECIFIED.);
#169=B_SPLINE_CURVE_WITH_KNOTS('',3,(#2088,#2089,#2090,#2091,#2092,#2093,
#2094,#2095,#2096,#2097,#2098,#2099,#2100,#2101,#2102,#2103,#2104,#2105,
#2106,#2107,#2108,#2109,#2110,#2111,#2112,#2113,#2114,#2115,#2116,#2117,
#2118,#2119,#2120,#2121,#2122,#2123,#2124,#2125,#2126,#2127),
 .UNSPECIFIED.,.F.,.F.,(4,3,3,3,3,3,3,3,3,3,3,3,3,4),(-56.8130238950227,
-56.3766065200106,-55.8776984977095,-55.3787904754087,-54.8798824531078,
-54.3809744308066,-53.8820664085057,-53.3831583862049,-52.884250363904,
-52.3853423416027,-51.8864343193017,-51.3875262970006,-50.8886182746997,
-50.5298385878431),.UNSPECIFIED.);
#170=B_SPLINE_CURVE_WITH_KNOTS('',3,(#2128,#2129,#2130,#2131,#2132,#2133,
#2134,#2135,#2136,#2137,#2138,#2139,#2140,#2141,#2142,#2143,#2144,#2145,
#2146,#2147,#2148,#2149,#2150,#2151,#2152,#2153,#2154,#2155,#2156,#2157,
#2158,#2159,#2160,#2161,#2162,#2163,#2164,#2165,#2166,#2167),
 .UNSPECIFIED.,.F.,.F.,(4,3,3,3,3,3,3,3,3,3,3,3,3,4),(47.55952041707,47.8951701408928,
48.3940781631938,48.8929861854949,49.3918942077959,49.8908022300967,50.3897102523976,
50.8886182746986,51.3875262969997,51.8864343193005,52.3853423416013,52.8842503639024,
53.3831583862034,53.8427057242496),.UNSPECIFIED.);
#171=B_SPLINE_CURVE_WITH_KNOTS('',3,(#2172,#2173,#2174,#2175,#2176,#2177,
#2178,#2179,#2180,#2181,#2182,#2183,#2184,#2185,#2186,#2187,#2188,#2189,
#2190,#2191,#2192,#2193,#2194,#2195,#2196,#2197,#2198,#2199,#2200,#2201,
#2202,#2203,#2204,#2205,#2206,#2207,#2208,#2209,#2210,#2211,#2212,#2213,
#2214),.UNSPECIFIED.,.F.,.F.,(4,3,3,3,3,3,3,3,3,3,3,3,3,3,4),(-63.0962092022023,
-62.8624108099234,-62.3635027876223,-61.8645947653215,-61.3656867430204,
-60.8667787207193,-60.3678706984185,-59.8689626761176,-59.3700546538163,
-58.8711466315155,-58.3722386092147,-57.8733305869138,-57.3744225646127,
-56.8755145423114,-56.8130238950227),.UNSPECIFIED.);
#172=B_SPLINE_CURVE_WITH_KNOTS('',3,(#2215,#2216,#2217,#2218,#2219,#2220,
#2221,#2222,#2223,#2224,#2225,#2226,#2227,#2228,#2229,#2230,#2231,#2232,
#2233,#2234,#2235,#2236,#2237,#2238,#2239,#2240,#2241,#2242,#2243,#2244,
#2245,#2246,#2247,#2248,#2249,#2250,#2251,#2252,#2253,#2254,#2255,#2256,
#2257),.UNSPECIFIED.,.F.,.F.,(4,3,3,3,3,3,3,3,3,3,3,3,3,3,4),(53.8427057242496,
53.8820664085043,54.3809744308051,54.8798824531062,55.3787904754073,55.8776984977086,
56.3766065200095,56.8755145423103,57.3744225646112,57.8733305869123,58.3722386092134,
58.8711466315142,59.3700546538151,59.8689626761159,60.1258910314292),
 .UNSPECIFIED.);
#173=B_SPLINE_CURVE_WITH_KNOTS('',3,(#2262,#2263,#2264,#2265,#2266,#2267,
#2268,#2269,#2270,#2271,#2272,#2273,#2274,#2275,#2276,#2277,#2278,#2279,
#2280,#2281,#2282,#2283,#2284,#2285,#2286,#2287,#2288,#2289,#2290,#2291,
#2292,#2293,#2294,#2295,#2296,#2297,#2298,#2299,#2300,#2301,#2302,#2303,
#2304),.UNSPECIFIED.,.F.,.F.,(4,3,3,3,3,3,3,3,3,3,3,3,3,3,4),(-69.3793945093819,
-69.3482150998357,-68.8493070775349,-68.350399055234,-67.8514910329328,
-67.3525830106319,-66.8536749883311,-66.3547669660301,-65.855858943729,
-65.3569509214282,-64.8580428991271,-64.3591348768261,-63.8602268545253,
-63.3613188322242,-63.0962092022023),.UNSPECIFIED.);
#174=B_SPLINE_CURVE_WITH_KNOTS('',3,(#2305,#2306,#2307,#2308,#2309,#2310,
#2311,#2312,#2313,#2314,#2315,#2316,#2317,#2318,#2319,#2320,#2321,#2322,
#2323,#2324,#2325,#2326,#2327,#2328,#2329,#2330,#2331,#2332,#2333,#2334,
#2335,#2336,#2337,#2338,#2339,#2340,#2341,#2342,#2343,#2344,#2345,#2346,
#2347),.UNSPECIFIED.,.F.,.F.,(4,3,3,3,3,3,3,3,3,3,3,3,3,3,4),(60.1258910314292,
60.3678706984172,60.8667787207178,61.3656867430189,61.8645947653199,62.363502787621,
62.8624108099218,63.3613188322229,63.8602268545239,64.3591348768247,64.8580428991258,
65.3569509214268,65.8558589437279,66.3547669660285,66.4090763386088),
 .UNSPECIFIED.);
#175=B_SPLINE_CURVE_WITH_KNOTS('',3,(#2352,#2353,#2354,#2355,#2356,#2357,
#2358,#2359,#2360,#2361,#2362,#2363,#2364,#2365,#2366,#2367,#2368,#2369,
#2370,#2371,#2372,#2373,#2374,#2375,#2376,#2377,#2378,#2379,#2380,#2381,
#2382,#2383,#2384,#2385,#2386,#2387,#2388,#2389,#2390,#2391),
 .UNSPECIFIED.,.F.,.F.,(4,3,3,3,3,3,3,3,3,3,3,3,3,4),(-75.6625798165615,
-75.3351113674478,-74.8362033451468,-74.3372953228457,-73.8383873005446,
-73.3394792782438,-72.8405712559429,-72.3416632336416,-71.8427552113408,
-71.34384718904,-70.8449391667391,-70.3460311444378,-69.8471231221368,-69.3793945093819),
 .UNSPECIFIED.);
#176=B_SPLINE_CURVE_WITH_KNOTS('',3,(#2392,#2393,#2394,#2395,#2396,#2397,
#2398,#2399,#2400,#2401,#2402,#2403,#2404,#2405,#2406,#2407,#2408,#2409,
#2410,#2411,#2412,#2413,#2414,#2415,#2416,#2417,#2418,#2419,#2420,#2421,
#2422,#2423,#2424,#2425,#2426,#2427,#2428,#2429,#2430,#2431),
 .UNSPECIFIED.,.F.,.F.,(4,3,3,3,3,3,3,3,3,3,3,3,3,4),(66.4090763386088,
66.8536749883298,67.3525830106307,67.8514910329313,68.3503990552324,68.8493070775335,
69.3482150998346,69.8471231221354,70.3460311444363,70.8449391667378,71.3438471890385,
71.8427552113395,72.3416632336404,72.6922616457884),.UNSPECIFIED.);
#177=B_SPLINE_CURVE_WITH_KNOTS('',3,(#2436,#2437,#2438,#2439,#2440,#2441,
#2442,#2443,#2444,#2445,#2446,#2447,#2448,#2449,#2450,#2451,#2452,#2453,
#2454,#2455,#2456,#2457,#2458,#2459,#2460,#2461,#2462,#2463,#2464,#2465,
#2466,#2467,#2468,#2469,#2470,#2471,#2472,#2473,#2474,#2475,#2476,#2477,
#2478),.UNSPECIFIED.,.F.,.F.,(4,3,3,3,3,3,3,3,3,3,3,3,3,3,4),(-81.9457651237411,
-81.8209156573606,-81.3220076350595,-80.8230996127585,-80.3241915904574,
-79.8252835681566,-79.3263755458557,-78.8274675235544,-78.3285595012536,
-77.8296514789525,-77.3307434566514,-76.8318354343506,-76.3329274120497,
-75.8340193897487,-75.6625798165615),.UNSPECIFIED.);
#178=B_SPLINE_CURVE_WITH_KNOTS('',3,(#2479,#2480,#2481,#2482,#2483,#2484,
#2485,#2486,#2487,#2488,#2489,#2490,#2491,#2492,#2493,#2494,#2495,#2496,
#2497,#2498,#2499,#2500,#2501,#2502,#2503,#2504,#2505,#2506,#2507,#2508,
#2509,#2510,#2511,#2512,#2513,#2514,#2515,#2516,#2517,#2518,#2519,#2520,
#2521),.UNSPECIFIED.,.F.,.F.,(4,3,3,3,3,3,3,3,3,3,3,3,3,3,4),(72.6922616457884,
72.8405712559415,73.3394792782423,73.8383873005436,74.3372953228445,74.8362033451453,
75.3351113674462,75.8340193897475,76.3329274120483,76.8318354343491,77.3307434566502,
77.8296514789513,78.3285595012521,78.8274675235532,78.975446952968),
 .UNSPECIFIED.);
#179=B_SPLINE_CURVE_WITH_KNOTS('',3,(#2526,#2527,#2528,#2529,#2530,#2531,
#2532,#2533,#2534,#2535,#2536,#2537,#2538,#2539,#2540,#2541,#2542,#2543,
#2544,#2545,#2546,#2547,#2548,#2549,#2550,#2551,#2552,#2553,#2554,#2555,
#2556,#2557,#2558,#2559,#2560,#2561,#2562,#2563,#2564,#2565),
 .UNSPECIFIED.,.F.,.F.,(4,3,3,3,3,3,3,3,3,3,3,3,3,4),(-88.2289504309207,
-87.8078119249719,-87.3089039026708,-86.80999588037,-86.3110878580692,-85.8121798357681,
-85.3132718134671,-84.8143637911662,-84.315455768865,-83.8165477465641,
-83.3176397242633,-82.818731701962,-82.3198236796612,-81.9457651237411),
 .UNSPECIFIED.);
#180=B_SPLINE_CURVE_WITH_KNOTS('',3,(#2566,#2567,#2568,#2569,#2570,#2571,
#2572,#2573,#2574,#2575,#2576,#2577,#2578,#2579,#2580,#2581,#2582,#2583,
#2584,#2585,#2586,#2587,#2588,#2589,#2590,#2591,#2592,#2593,#2594,#2595,
#2596,#2597,#2598,#2599,#2600,#2601,#2602,#2603,#2604,#2605),
 .UNSPECIFIED.,.F.,.F.,(4,3,3,3,3,3,3,3,3,3,3,3,3,4),(78.975446952968,79.3263755458543,
79.8252835681551,80.3241915904562,80.823099612757,81.3220076350581,81.8209156573589,
82.3198236796598,82.8187317019606,83.3176397242619,83.8165477465627,84.3154557688636,
84.8143637911649,85.2586322601476),.UNSPECIFIED.);
#181=B_SPLINE_CURVE_WITH_KNOTS('',3,(#2610,#2611,#2612,#2613,#2614,#2615,
#2616,#2617,#2618,#2619,#2620,#2621,#2622,#2623,#2624,#2625,#2626,#2627,
#2628,#2629,#2630,#2631,#2632,#2633,#2634,#2635,#2636,#2637,#2638,#2639,
#2640,#2641,#2642,#2643,#2644,#2645,#2646,#2647,#2648,#2649,#2650,#2651,
#2652),.UNSPECIFIED.,.F.,.F.,(4,3,3,3,3,3,3,3,3,3,3,3,3,3,4),(-94.5121357381002,
-94.2936162148847,-93.7947081925839,-93.2958001702828,-92.7968921479819,
-92.2979841256806,-91.7990761033798,-91.3001680810789,-90.8012600587779,
-90.3023520364768,-89.8034440141759,-89.3045359918751,-88.8056279695738,
-88.3067199472729,-88.2289504309207),.UNSPECIFIED.);
#182=B_SPLINE_CURVE_WITH_KNOTS('',3,(#2653,#2654,#2655,#2656,#2657,#2658,
#2659,#2660,#2661,#2662,#2663,#2664,#2665,#2666,#2667,#2668,#2669,#2670,
#2671,#2672,#2673,#2674,#2675,#2676,#2677,#2678,#2679,#2680,#2681,#2682,
#2683,#2684,#2685,#2686,#2687,#2688,#2689,#2690,#2691,#2692,#2693,#2694,
#2695),.UNSPECIFIED.,.F.,.F.,(4,3,3,3,3,3,3,3,3,3,3,3,3,3,4),(85.2586322601476,
85.3132718134657,85.8121798357668,86.3110878580678,86.8099958803686,87.3089039026694,
87.8078119249706,88.3067199472714,88.8056279695722,89.304535991873,89.803444014174,
90.302352036475,90.8012600587758,91.3001680810769,91.5418175673271),
 .UNSPECIFIED.);
#183=B_SPLINE_CURVE_WITH_KNOTS('',3,(#2700,#2701,#2702,#2703,#2704,#2705,
#2706,#2707,#2708,#2709,#2710,#2711,#2712,#2713,#2714,#2715,#2716,#2717,
#2718,#2719,#2720,#2721,#2722,#2723,#2724,#2725,#2726,#2727,#2728,#2729,
#2730,#2731,#2732,#2733,#2734,#2735,#2736,#2737,#2738,#2739,#2740,#2741,
#2742),.UNSPECIFIED.,.F.,.F.,(4,3,3,3,3,3,3,3,3,3,3,3,3,3,4),(-100.79532104528,
-100.779420504797,-100.280512482496,-99.7816044601956,-99.2826964378947,
-98.7837884155937,-98.2848803932926,-97.7859723709918,-97.2870643486904,
-96.7881563263896,-96.2892483040888,-95.7903402817875,-95.2914322594864,
-94.7925242371858,-94.5121357381002),.UNSPECIFIED.);
#184=B_SPLINE_CURVE_WITH_KNOTS('',3,(#2743,#2744,#2745,#2746,#2747,#2748,
#2749,#2750,#2751,#2752,#2753,#2754,#2755,#2756,#2757,#2758,#2759,#2760,
#2761,#2762,#2763,#2764,#2765,#2766,#2767,#2768,#2769,#2770,#2771,#2772,
#2773,#2774,#2775,#2776,#2777,#2778,#2779,#2780,#2781,#2782,#2783,#2784,
#2785),.UNSPECIFIED.,.F.,.F.,(4,3,3,3,3,3,3,3,3,3,3,3,3,3,4),(91.5418175673271,
91.7990761033777,92.2979841256788,92.7968921479796,93.295800170281,93.7947081925818,
94.2936162148827,94.7925242371838,95.2914322594848,95.7903402817857,96.2892483040866,
96.7881563263877,97.2870643486887,97.7859723709896,97.8250028745067),
 .UNSPECIFIED.);
#185=B_SPLINE_CURVE_WITH_KNOTS('',3,(#2790,#2791,#2792,#2793,#2794,#2795,
#2796,#2797,#2798,#2799,#2800,#2801,#2802,#2803,#2804,#2805,#2806,#2807,
#2808,#2809,#2810,#2811,#2812,#2813,#2814,#2815,#2816,#2817,#2818,#2819,
#2820,#2821,#2822,#2823,#2824,#2825,#2826,#2827,#2828,#2829),
 .UNSPECIFIED.,.F.,.F.,(4,3,3,3,3,3,3,3,3,3,3,3,3,4),(-107.078506352459,
-106.766316772409,-106.267408750108,-105.768500727807,-105.269592705506,
-104.770684683205,-104.271776660904,-103.772868638603,-103.273960616302,
-102.775052594001,-102.2761445717,-101.777236549399,-101.278328527099,-100.79532104528),
 .UNSPECIFIED.);
#186=B_SPLINE_CURVE_WITH_KNOTS('',3,(#2830,#2831,#2832,#2833,#2834,#2835,
#2836,#2837,#2838,#2839,#2840,#2841,#2842,#2843,#2844,#2845,#2846,#2847,
#2848,#2849,#2850,#2851,#2852,#2853,#2854,#2855,#2856,#2857,#2858,#2859,
#2860,#2861,#2862,#2863,#2864,#2865,#2866,#2867,#2868,#2869),
 .UNSPECIFIED.,.F.,.F.,(4,3,3,3,3,3,3,3,3,3,3,3,3,4),(97.8250028745067,
98.2848803932905,98.7837884155918,99.2826964378924,99.7816044601934,100.280512482495,
100.779420504796,101.278328527096,101.777236549398,102.276144571698,102.775052593999,
103.2739606163,103.772868638602,104.108188181686),.UNSPECIFIED.);
#187=B_SPLINE_CURVE_WITH_KNOTS('',3,(#2874,#2875,#2876,#2877,#2878,#2879,
#2880,#2881,#2882,#2883,#2884,#2885,#2886,#2887,#2888,#2889,#2890,#2891,
#2892,#2893,#2894,#2895,#2896,#2897,#2898,#2899,#2900,#2901,#2902,#2903,
#2904,#2905,#2906,#2907,#2908,#2909,#2910,#2911,#2912,#2913,#2914,#2915,
#2916),.UNSPECIFIED.,.F.,.F.,(4,3,3,3,3,3,3,3,3,3,3,3,3,3,4),(-113.361691659639,
-113.252121062322,-112.753213040021,-112.25430501772,-111.755396995419,
-111.256488973118,-110.757580950817,-110.258672928516,-109.759764906215,
-109.260856883914,-108.761948861613,-108.263040839312,-107.764132817011,
-107.26522479471,-107.078506352459),.UNSPECIFIED.);
#188=B_SPLINE_CURVE_WITH_KNOTS('',3,(#2917,#2918,#2919,#2920,#2921,#2922,
#2923,#2924,#2925,#2926,#2927,#2928,#2929,#2930,#2931,#2932,#2933,#2934,
#2935,#2936,#2937,#2938,#2939,#2940,#2941,#2942,#2943,#2944,#2945,#2946,
#2947,#2948,#2949,#2950,#2951,#2952,#2953,#2954,#2955,#2956,#2957,#2958,
#2959),.UNSPECIFIED.,.F.,.F.,(4,3,3,3,3,3,3,3,3,3,3,3,3,3,4),(104.108188181686,
104.271776660902,104.770684683203,105.269592705504,105.768500727805,106.267408750106,
106.766316772407,107.265224794708,107.764132817009,108.26304083931,108.761948861611,
109.260856883912,109.759764906213,110.258672928514,110.391373488866),
 .UNSPECIFIED.);
#189=B_SPLINE_CURVE_WITH_KNOTS('',3,(#2964,#2965,#2966,#2967,#2968,#2969,
#2970,#2971,#2972,#2973,#2974,#2975,#2976,#2977,#2978,#2979,#2980,#2981,
#2982,#2983,#2984,#2985,#2986,#2987,#2988,#2989,#2990,#2991,#2992,#2993,
#2994,#2995,#2996,#2997,#2998,#2999,#3000,#3001,#3002,#3003),
 .UNSPECIFIED.,.F.,.F.,(4,3,3,3,3,3,3,3,3,3,3,3,3,4),(-119.644876966819,
-119.239017329934,-118.740109307633,-118.241201285332,-117.742293263031,
-117.24338524073,-116.744477218429,-116.245569196128,-115.746661173827,
-115.247753151526,-114.748845129225,-114.249937106924,-113.751029084623,
-113.361691659639),.UNSPECIFIED.);
#190=B_SPLINE_CURVE_WITH_KNOTS('',3,(#3004,#3005,#3006,#3007,#3008,#3009,
#3010,#3011,#3012,#3013,#3014,#3015,#3016,#3017,#3018,#3019,#3020,#3021,
#3022,#3023,#3024,#3025,#3026,#3027,#3028,#3029,#3030,#3031,#3032,#3033,
#3034,#3035,#3036,#3037,#3038,#3039,#3040,#3041,#3042,#3043),
 .UNSPECIFIED.,.F.,.F.,(4,3,3,3,3,3,3,3,3,3,3,3,3,4),(110.391373488866,
110.757580950815,111.256488973116,111.755396995417,112.254305017718,112.753213040019,
113.25212106232,113.751029084621,114.249937106922,114.748845129223,115.247753151524,
115.746661173825,116.245569196126,116.674558796046),.UNSPECIFIED.);
#191=B_SPLINE_CURVE_WITH_KNOTS('',3,(#3048,#3049,#3050,#3051,#3052,#3053,
#3054,#3055,#3056,#3057,#3058,#3059,#3060,#3061,#3062,#3063,#3064,#3065,
#3066,#3067,#3068,#3069,#3070,#3071,#3072,#3073,#3074,#3075,#3076,#3077,
#3078,#3079,#3080,#3081,#3082,#3083,#3084,#3085,#3086,#3087,#3088,#3089,
#3090),.UNSPECIFIED.,.F.,.F.,(4,3,3,3,3,3,3,3,3,3,3,3,3,3,4),(-125.928062273998,
-125.724821619846,-125.225913597546,-124.727005575244,-124.228097552943,
-123.729189530642,-123.230281508341,-122.73137348604,-122.23246546374,-121.733557441439,
-121.234649419137,-120.735741396837,-120.236833374536,-119.737925352235,
-119.644876966819),.UNSPECIFIED.);
#192=B_SPLINE_CURVE_WITH_KNOTS('',3,(#3091,#3092,#3093,#3094,#3095,#3096,
#3097,#3098,#3099,#3100,#3101,#3102,#3103,#3104,#3105,#3106,#3107,#3108,
#3109,#3110,#3111,#3112,#3113,#3114,#3115,#3116,#3117,#3118,#3119,#3120,
#3121,#3122,#3123,#3124,#3125,#3126,#3127,#3128,#3129,#3130,#3131,#3132,
#3133),.UNSPECIFIED.,.F.,.F.,(4,3,3,3,3,3,3,3,3,3,3,3,3,3,4),(116.674558796046,
116.744477218427,117.243385240727,117.742293263028,118.24120128533,118.74010930763,
119.239017329931,119.737925352232,120.236833374533,120.735741396834,121.234649419135,
121.733557441436,122.232465463737,122.731373486038,122.957744103225),
 .UNSPECIFIED.);
#193=B_SPLINE_CURVE_WITH_KNOTS('',3,(#3138,#3139,#3140,#3141,#3142,#3143,
#3144,#3145,#3146,#3147,#3148,#3149,#3150,#3151,#3152,#3153,#3154,#3155,
#3156,#3157,#3158,#3159,#3160,#3161,#3162,#3163,#3164,#3165,#3166,#3167,
#3168,#3169,#3170,#3171,#3172,#3173,#3174,#3175,#3176,#3177),
 .UNSPECIFIED.,.F.,.F.,(4,3,3,3,3,3,3,3,3,3,3,3,3,4),(-132.211247581178,
-131.711717887458,-131.212809865157,-130.713901842856,-130.214993820555,
-129.716085798254,-129.217177775953,-128.718269753652,-128.219361731351,
-127.72045370905,-127.221545686749,-126.722637664449,-126.223729642147,
-125.928062273998),.UNSPECIFIED.);
#194=B_SPLINE_CURVE_WITH_KNOTS('',3,(#3178,#3179,#3180,#3181,#3182,#3183,
#3184,#3185,#3186,#3187,#3188,#3189,#3190,#3191,#3192,#3193,#3194,#3195,
#3196,#3197,#3198,#3199,#3200,#3201,#3202,#3203,#3204,#3205,#3206,#3207,
#3208,#3209,#3210,#3211,#3212,#3213,#3214,#3215,#3216,#3217,#3218,#3219,
#3220),.UNSPECIFIED.,.F.,.F.,(4,3,3,3,3,3,3,3,3,3,3,3,3,3,4),(122.957744103225,
123.230281508339,123.72918953064,124.228097552941,124.727005575242,125.225913597543,
125.724821619844,126.223729642145,126.722637664446,127.221545686747,127.720453709048,
128.219361731348,128.71826975365,129.21717777595,129.240929410405),
 .UNSPECIFIED.);
#195=B_SPLINE_CURVE_WITH_KNOTS('',3,(#3225,#3226,#3227,#3228,#3229,#3230,
#3231,#3232,#3233,#3234,#3235,#3236,#3237,#3238,#3239,#3240,#3241,#3242,
#3243,#3244,#3245,#3246,#3247,#3248,#3249,#3250,#3251,#3252,#3253,#3254,
#3255,#3256,#3257,#3258,#3259,#3260,#3261,#3262,#3263,#3264),
 .UNSPECIFIED.,.F.,.F.,(4,3,3,3,3,3,3,3,3,3,3,3,3,4),(-138.494432888357,
-138.197522177371,-137.69861415507,-137.199706132769,-136.700798110468,
-136.201890088167,-135.702982065866,-135.204074043565,-134.705166021264,
-134.206257998963,-133.707349976662,-133.208441954361,-132.70953393206,
-132.211247581178),.UNSPECIFIED.);
#196=B_SPLINE_CURVE_WITH_KNOTS('',3,(#3265,#3266,#3267,#3268,#3269,#3270,
#3271,#3272,#3273,#3274,#3275,#3276,#3277,#3278,#3279,#3280,#3281,#3282,
#3283,#3284,#3285,#3286,#3287,#3288,#3289,#3290,#3291,#3292,#3293,#3294,
#3295,#3296,#3297,#3298,#3299,#3300,#3301,#3302,#3303,#3304),
 .UNSPECIFIED.,.F.,.F.,(4,3,3,3,3,3,3,3,3,3,3,3,3,4),(129.240929410405,
129.716085798251,130.214993820553,130.713901842854,131.212809865154,131.711717887456,
132.210625909757,132.709533932057,133.208441954358,133.70734997666,134.206257998961,
134.705166021261,135.204074043562,135.524114717584),.UNSPECIFIED.);
#197=B_SPLINE_CURVE_WITH_KNOTS('',3,(#3309,#3310,#3311,#3312,#3313,#3314,
#3315,#3316,#3317,#3318,#3319,#3320,#3321,#3322,#3323,#3324,#3325,#3326,
#3327,#3328,#3329,#3330,#3331,#3332,#3333,#3334,#3335,#3336,#3337,#3338,
#3339,#3340,#3341,#3342,#3343,#3344,#3345,#3346,#3347,#3348,#3349,#3350,
#3351),.UNSPECIFIED.,.F.,.F.,(4,3,3,3,3,3,3,3,3,3,3,3,3,3,4),(-144.777618195537,
-144.683326467284,-144.184418444982,-143.685510422682,-143.186602400381,
-142.687694378079,-142.188786355779,-141.689878333477,-141.190970311176,
-140.692062288876,-140.193154266575,-139.694246244274,-139.195338221973,
-138.696430199672,-138.494432888357),.UNSPECIFIED.);
#198=B_SPLINE_CURVE_WITH_KNOTS('',3,(#3352,#3353,#3354,#3355,#3356,#3357,
#3358,#3359,#3360,#3361,#3362,#3363,#3364,#3365,#3366,#3367,#3368,#3369,
#3370,#3371,#3372,#3373,#3374,#3375,#3376,#3377,#3378,#3379,#3380,#3381,
#3382,#3383,#3384,#3385,#3386,#3387,#3388,#3389,#3390,#3391,#3392,#3393,
#3394),.UNSPECIFIED.,.F.,.F.,(4,3,3,3,3,3,3,3,3,3,3,3,3,3,4),(135.524114717584,
135.702982065863,136.201890088164,136.700798110465,137.199706132766,137.698614155067,
138.197522177368,138.696430199669,139.19533822197,139.694246244271,140.193154266572,
140.692062288873,141.190970311174,141.689878333475,141.807300024764),
 .UNSPECIFIED.);
#199=B_SPLINE_CURVE_WITH_KNOTS('',3,(#3399,#3400,#3401,#3402,#3403,#3404,
#3405,#3406,#3407,#3408,#3409,#3410,#3411,#3412,#3413,#3414,#3415,#3416,
#3417,#3418,#3419,#3420,#3421,#3422,#3423,#3424,#3425,#3426,#3427,#3428,
#3429,#3430,#3431,#3432,#3433,#3434,#3435,#3436,#3437,#3438),
 .UNSPECIFIED.,.F.,.F.,(4,3,3,3,3,3,3,3,3,3,3,3,3,4),(-151.060803502716,
-150.670222734895,-150.171314712594,-149.672406690293,-149.173498667992,
-148.674590645691,-148.17568262339,-147.676774601089,-147.177866578788,
-146.678958556487,-146.180050534186,-145.681142511885,-145.182234489585,
-144.777618195537),.UNSPECIFIED.);
#200=B_SPLINE_CURVE_WITH_KNOTS('',3,(#3439,#3440,#3441,#3442,#3443,#3444,
#3445,#3446,#3447,#3448,#3449,#3450,#3451,#3452,#3453,#3454,#3455,#3456,
#3457,#3458,#3459,#3460,#3461,#3462,#3463,#3464,#3465,#3466,#3467,#3468,
#3469,#3470,#3471,#3472,#3473,#3474,#3475,#3476,#3477,#3478),
 .UNSPECIFIED.,.F.,.F.,(4,3,3,3,3,3,3,3,3,3,3,3,3,4),(141.807300024764,
142.188786355776,142.687694378077,143.186602400378,143.685510422679,144.18441844498,
144.683326467281,145.182234489582,145.681142511883,146.180050534184,146.678958556485,
147.177866578785,147.676774601087,148.090485331943),.UNSPECIFIED.);
#201=B_SPLINE_CURVE_WITH_KNOTS('',3,(#3483,#3484,#3485,#3486,#3487,#3488,
#3489,#3490,#3491,#3492,#3493,#3494,#3495,#3496,#3497,#3498,#3499,#3500,
#3501,#3502,#3503,#3504,#3505,#3506,#3507,#3508,#3509,#3510,#3511,#3512,
#3513,#3514,#3515,#3516,#3517,#3518,#3519,#3520,#3521,#3522,#3523,#3524,
#3525),.UNSPECIFIED.,.F.,.F.,(4,3,3,3,3,3,3,3,3,3,3,3,3,3,4),(-157.343988809896,
-157.156027024808,-156.657119002507,-156.158210980206,-155.659302957905,
-155.160394935604,-154.661486913303,-154.162578891002,-153.663670868701,
-153.1647628464,-152.665854824099,-152.166946801798,-151.668038779497,-151.169130757196,
-151.060803502716),.UNSPECIFIED.);
#202=B_SPLINE_CURVE_WITH_KNOTS('',3,(#3526,#3527,#3528,#3529,#3530,#3531,
#3532,#3533,#3534,#3535,#3536,#3537,#3538,#3539,#3540,#3541,#3542,#3543,
#3544,#3545,#3546,#3547,#3548,#3549,#3550,#3551,#3552,#3553,#3554,#3555,
#3556,#3557,#3558,#3559,#3560,#3561,#3562,#3563,#3564,#3565,#3566,#3567,
#3568),.UNSPECIFIED.,.F.,.F.,(4,3,3,3,3,3,3,3,3,3,3,3,3,3,4),(148.090485331943,
148.175682623388,148.674590645688,149.173498667989,149.672406690291,150.171314712591,
150.670222734892,151.169130757193,151.668038779494,152.166946801795,152.665854824096,
153.164762846397,153.663670868698,154.162578890999,154.373670639123),
 .UNSPECIFIED.);
#203=B_SPLINE_CURVE_WITH_KNOTS('',3,(#3573,#3574,#3575,#3576,#3577,#3578,
#3579,#3580,#3581,#3582,#3583,#3584,#3585,#3586,#3587,#3588,#3589,#3590,
#3591,#3592,#3593,#3594,#3595,#3596,#3597,#3598,#3599,#3600,#3601,#3602,
#3603,#3604,#3605,#3606,#3607,#3608,#3609,#3610,#3611,#3612),
 .UNSPECIFIED.,.F.,.F.,(4,3,3,3,3,3,3,3,3,3,3,3,3,4),(-163.627174117076,
-163.14292329242,-162.644015270119,-162.145107247817,-161.646199225517,
-161.147291203216,-160.648383180915,-160.149475158614,-159.650567136312,
-159.151659114012,-158.652751091711,-158.15384306941,-157.654935047109,
-157.343988809896),.UNSPECIFIED.);
#204=B_SPLINE_CURVE_WITH_KNOTS('',3,(#3613,#3614,#3615,#3616,#3617,#3618,
#3619,#3620,#3621,#3622,#3623,#3624,#3625,#3626,#3627,#3628,#3629,#3630,
#3631,#3632,#3633,#3634,#3635,#3636,#3637,#3638,#3639,#3640,#3641,#3642,
#3643,#3644,#3645,#3646,#3647,#3648,#3649,#3650,#3651,#3652,#3653,#3654,
#3655),.UNSPECIFIED.,.F.,.F.,(4,3,3,3,3,3,3,3,3,3,3,3,3,3,4),(154.373670639123,
154.6614869133,155.160394935601,155.659302957902,156.158210980203,156.657119002504,
157.156027024805,157.654935047106,158.153843069407,158.652751091707,159.151659114009,
159.650567136309,160.149475158611,160.648383180912,160.656855946303),
 .UNSPECIFIED.);
#205=B_SPLINE_CURVE_WITH_KNOTS('',3,(#3661,#3662,#3663,#3664,#3665,#3666,
#3667,#3668,#3669,#3670,#3671,#3672),.UNSPECIFIED.,.F.,.F.,(4,1,1,1,1,1,
1,1,1,4),(1718.45118151362,1718.76212775081,1719.26103577311,1719.75994379541,
1720.25885181771,1720.75775984001,1721.25666786231,1721.75557588462,1722.25448390692,
1722.67481488832),.UNSPECIFIED.);
#206=B_SPLINE_CURVE_WITH_KNOTS('',3,(#3675,#3676,#3677,#3678,#3679,#3680,
#3681,#3682,#3683),.UNSPECIFIED.,.F.,.F.,(4,1,1,1,1,1,4),(1718.45118151362,
1718.9416167705,1719.44052479281,1719.93943281511,1720.43834083741,1720.93724885971,
1721.43615688201),.UNSPECIFIED.);
#207=B_SPLINE_CURVE_WITH_KNOTS('',3,(#3688,#3689,#3690,#3691,#3692,#3693,
#3694,#3695,#3696,#3697,#3698,#3699,#3700,#3701,#3702,#3703,#3704,#3705,
#3706,#3707,#3708,#3709,#3710,#3711,#3712,#3713,#3714,#3715,#3716,#3717,
#3718,#3719,#3720,#3721,#3722,#3723,#3724,#3725,#3726,#3727,#3728,#3729,
#3730),.UNSPECIFIED.,.F.,.F.,(4,3,3,3,3,3,3,3,3,3,3,3,3,3,4),(1712.16799620644,
1712.2763234609,1712.7752314832,1713.2741395055,1713.7730475278,1714.2719555501,
1714.7708635724,1715.2697715947,1715.768679617,1716.26758763931,1716.76649566161,
1717.26540368391,1717.76431170621,1718.26321972851,1718.45118151362),
 .UNSPECIFIED.);
#208=B_SPLINE_CURVE_WITH_KNOTS('',3,(#3731,#3732,#3733,#3734,#3735,#3736,
#3737,#3738,#3739,#3740,#3741,#3742,#3743,#3744,#3745,#3746,#3747),
 .UNSPECIFIED.,.F.,.F.,(4,1,1,1,1,1,1,1,1,1,1,1,1,1,4),(1712.16799620644,
1712.45581248059,1712.95472050289,1713.45362852519,1713.95253654749,1714.4514445698,
1714.9503525921,1715.4492606144,1715.9481686367,1716.447076659,1716.9459846813,
1717.4448927036,1717.9438007259,1718.4427087482,1718.45118151362),
 .UNSPECIFIED.);
#209=B_SPLINE_CURVE_WITH_KNOTS('',3,(#3752,#3753,#3754,#3755,#3756,#3757,
#3758,#3759,#3760,#3761,#3762,#3763,#3764,#3765,#3766,#3767,#3768,#3769,
#3770,#3771,#3772,#3773,#3774,#3775,#3776,#3777,#3778,#3779,#3780,#3781,
#3782,#3783,#3784,#3785,#3786,#3787,#3788,#3789,#3790,#3791),
 .UNSPECIFIED.,.F.,.F.,(4,3,3,3,3,3,3,3,3,3,3,3,3,4),(1705.88481089926,
1706.28942719329,1706.78833521559,1707.28724323789,1707.78615126019,1708.28505928249,
1708.78396730479,1709.28287532709,1709.78178334939,1710.28069137169,1710.77959939399,
1711.2785074163,1711.7774154386,1712.16799620644),.UNSPECIFIED.);
#210=B_SPLINE_CURVE_WITH_KNOTS('',3,(#3792,#3793,#3794,#3795,#3796,#3797,
#3798,#3799,#3800,#3801,#3802,#3803,#3804,#3805,#3806,#3807,#3808,#3809,
#3810,#3811,#3812,#3813,#3814,#3815,#3816,#3817,#3818,#3819,#3820,#3821,
#3822,#3823,#3824,#3825,#3826,#3827,#3828,#3829,#3830,#3831,#3832,#3833,
#3834),.UNSPECIFIED.,.F.,.F.,(4,3,3,3,3,3,3,3,3,3,3,3,3,3,4),(1705.88481089926,
1705.97000819068,1706.46891621298,1706.96782423528,1707.46673225758,1707.96564027988,
1708.46454830218,1708.96345632448,1709.46236434679,1709.96127236909,1710.46018039139,
1710.95908841369,1711.45799643599,1711.95690445829,1712.16799620644),
 .UNSPECIFIED.);
#211=B_SPLINE_CURVE_WITH_KNOTS('',3,(#3839,#3840,#3841,#3842,#3843,#3844,
#3845,#3846,#3847,#3848,#3849,#3850,#3851,#3852,#3853,#3854,#3855,#3856,
#3857,#3858,#3859,#3860,#3861,#3862,#3863,#3864,#3865,#3866,#3867,#3868,
#3869,#3870,#3871,#3872,#3873,#3874,#3875,#3876,#3877,#3878,#3879,#3880,
#3881),.UNSPECIFIED.,.F.,.F.,(4,3,3,3,3,3,3,3,3,3,3,3,3,3,4),(1699.60162559208,
1699.80362290337,1700.30253092567,1700.80143894797,1701.30034697028,1701.79925499258,
1702.29816301488,1702.79707103718,1703.29597905948,1703.79488708178,1704.29379510408,
1704.79270312638,1705.29161114868,1705.79051917098,1705.88481089926),
 .UNSPECIFIED.);
#212=B_SPLINE_CURVE_WITH_KNOTS('',3,(#3882,#3883,#3884,#3885,#3886,#3887,
#3888,#3889,#3890,#3891,#3892,#3893,#3894,#3895,#3896,#3897,#3898,#3899,
#3900,#3901,#3902,#3903,#3904,#3905,#3906,#3907,#3908,#3909,#3910,#3911,
#3912,#3913,#3914,#3915,#3916,#3917,#3918,#3919,#3920,#3921),
 .UNSPECIFIED.,.F.,.F.,(4,3,3,3,3,3,3,3,3,3,3,3,3,4),(1699.60162559208,
1699.98311192307,1700.48201994537,1700.98092796767,1701.47983598997,1701.97874401227,
1702.47765203457,1702.97656005687,1703.47546807917,1703.97437610148,1704.47328412378,
1704.97219214608,1705.47110016838,1705.88481089926),.UNSPECIFIED.);
#213=B_SPLINE_CURVE_WITH_KNOTS('',3,(#3926,#3927,#3928,#3929,#3930,#3931,
#3932,#3933,#3934,#3935,#3936,#3937,#3938,#3939,#3940,#3941,#3942,#3943,
#3944,#3945,#3946,#3947,#3948,#3949,#3950,#3951,#3952,#3953,#3954,#3955,
#3956,#3957,#3958,#3959,#3960,#3961,#3962,#3963,#3964,#3965),
 .UNSPECIFIED.,.F.,.F.,(4,3,3,3,3,3,3,3,3,3,3,3,3,4),(1693.3184402849,1693.81672663576,
1694.31563465806,1694.81454268036,1695.31345070266,1695.81235872497,1696.31126674727,
1696.81017476957,1697.30908279187,1697.80799081417,1698.30689883647,1698.80580685877,
1699.30471488107,1699.60162559208),.UNSPECIFIED.);
#214=B_SPLINE_CURVE_WITH_KNOTS('',3,(#3966,#3967,#3968,#3969,#3970,#3971,
#3972,#3973,#3974,#3975,#3976,#3977,#3978,#3979,#3980,#3981,#3982,#3983,
#3984,#3985,#3986,#3987,#3988,#3989,#3990,#3991,#3992,#3993,#3994,#3995,
#3996,#3997,#3998,#3999,#4000,#4001,#4002,#4003,#4004,#4005,#4006,#4007,
#4008),.UNSPECIFIED.,.F.,.F.,(4,3,3,3,3,3,3,3,3,3,3,3,3,3,4),(1693.3184402849,
1693.49730763315,1693.99621565546,1694.49512367776,1694.99403170006,1695.49293972236,
1695.99184774466,1696.49075576696,1696.98966378926,1697.48857181156,1697.98747983386,
1698.48638785616,1698.98529587847,1699.48420390077,1699.60162559208),
 .UNSPECIFIED.);
#215=B_SPLINE_CURVE_WITH_KNOTS('',3,(#4013,#4014,#4015,#4016,#4017,#4018,
#4019,#4020,#4021,#4022,#4023,#4024,#4025,#4026,#4027,#4028,#4029,#4030,
#4031,#4032,#4033,#4034,#4035,#4036,#4037,#4038,#4039,#4040,#4041,#4042,
#4043,#4044,#4045,#4046,#4047,#4048,#4049,#4050,#4051,#4052),
 .UNSPECIFIED.,.F.,.F.,(4,3,3,3,3,3,3,3,3,3,3,3,3,4),(1687.03525497772,
1687.33092234585,1687.82983036815,1688.32873839045,1688.82764641275,1689.32655443505,
1689.82546245735,1690.32437047965,1690.82327850196,1691.32218652426,1691.82109454656,
1692.32000256886,1692.81891059116,1693.3184402849),.UNSPECIFIED.);
#216=B_SPLINE_CURVE_WITH_KNOTS('',3,(#4053,#4054,#4055,#4056,#4057,#4058,
#4059,#4060,#4061,#4062,#4063,#4064,#4065,#4066,#4067,#4068,#4069,#4070,
#4071,#4072,#4073,#4074,#4075,#4076,#4077,#4078,#4079,#4080,#4081,#4082,
#4083,#4084,#4085,#4086,#4087,#4088,#4089,#4090,#4091,#4092),
 .UNSPECIFIED.,.F.,.F.,(4,3,3,3,3,3,3,3,3,3,3,3,3,4),(1687.03525497772,
1687.51041136554,1688.00931938784,1688.50822741015,1689.00713543245,1689.50604345475,
1690.00495147705,1690.50385949935,1691.00276752165,1691.50167554395,1692.00058356625,
1692.49949158855,1692.99839961085,1693.3184402849),.UNSPECIFIED.);
#217=B_SPLINE_CURVE_WITH_KNOTS('',3,(#4097,#4098,#4099,#4100,#4101,#4102,
#4103,#4104,#4105,#4106,#4107,#4108,#4109,#4110,#4111,#4112,#4113,#4114,
#4115,#4116,#4117,#4118,#4119,#4120,#4121,#4122,#4123,#4124,#4125,#4126,
#4127,#4128,#4129,#4130,#4131,#4132,#4133,#4134,#4135,#4136,#4137,#4138,
#4139),.UNSPECIFIED.,.F.,.F.,(4,3,3,3,3,3,3,3,3,3,3,3,3,3,4),(1680.75206967054,
1680.84511805594,1681.34402607824,1681.84293410054,1682.34184212284,1682.84075014514,
1683.33965816744,1683.83856618974,1684.33747421204,1684.83638223434,1685.33529025664,
1685.83419827895,1686.33310630125,1686.83201432355,1687.03525497772),
 .UNSPECIFIED.);
#218=B_SPLINE_CURVE_WITH_KNOTS('',3,(#4140,#4141,#4142,#4143,#4144,#4145,
#4146,#4147,#4148,#4149,#4150,#4151,#4152,#4153,#4154,#4155,#4156),
 .UNSPECIFIED.,.F.,.F.,(4,1,1,1,1,1,1,1,1,1,1,1,1,1,4),(1680.75206967054,
1681.02460707563,1681.52351509793,1682.02242312023,1682.52133114253,1683.02023916483,
1683.51914718714,1684.01805520944,1684.51696323174,1685.01587125404,1685.51477927634,
1686.01368729864,1686.51259532094,1687.01150334324,1687.03525497772),
 .UNSPECIFIED.);
#219=B_SPLINE_CURVE_WITH_KNOTS('',3,(#4161,#4162,#4163,#4164,#4165,#4166,
#4167,#4168,#4169,#4170,#4171,#4172,#4173,#4174,#4175,#4176),
 .UNSPECIFIED.,.F.,.F.,(4,1,1,1,1,1,1,1,1,1,1,1,1,4),(1674.46888436336,
1674.85822178832,1675.35712981062,1675.85603783293,1676.35494585523,1676.85385387753,
1677.35276189983,1677.85166992213,1678.35057794443,1678.84948596673,1679.34839398903,
1679.84730201133,1680.34621003363,1680.75206967054),.UNSPECIFIED.);
#220=B_SPLINE_CURVE_WITH_KNOTS('',3,(#4177,#4178,#4179,#4180,#4181,#4182,
#4183,#4184,#4185,#4186,#4187,#4188,#4189,#4190,#4191,#4192,#4193),
 .UNSPECIFIED.,.F.,.F.,(4,1,1,1,1,1,1,1,1,1,1,1,1,1,4),(1674.46888436336,
1674.53880278572,1675.03771080802,1675.53661883032,1676.03552685262,1676.53443487492,
1677.03334289722,1677.53225091952,1678.03115894182,1678.53006696413,1679.02897498643,
1679.52788300873,1680.02679103103,1680.52569905333,1680.75206967054),
 .UNSPECIFIED.);
#221=B_SPLINE_CURVE_WITH_KNOTS('',3,(#4198,#4199,#4200,#4201,#4202,#4203,
#4204,#4205,#4206,#4207,#4208,#4209,#4210,#4211,#4212,#4213,#4214,#4215,
#4216,#4217,#4218,#4219,#4220,#4221,#4222,#4223,#4224,#4225,#4226,#4227,
#4228,#4229,#4230,#4231,#4232,#4233,#4234,#4235,#4236,#4237,#4238,#4239,
#4240),.UNSPECIFIED.,.F.,.F.,(4,3,3,3,3,3,3,3,3,3,3,3,3,3,4),(1668.18569905618,
1668.37241749841,1668.87132552071,1669.37023354301,1669.86914156531,1670.36804958761,
1670.86695760992,1671.36586563222,1671.86477365452,1672.36368167682,1672.86258969912,
1673.36149772142,1673.86040574372,1674.35931376602,1674.46888436336),
 .UNSPECIFIED.);
#222=B_SPLINE_CURVE_WITH_KNOTS('',3,(#4241,#4242,#4243,#4244,#4245,#4246,
#4247,#4248,#4249,#4250,#4251,#4252,#4253,#4254,#4255,#4256),
 .UNSPECIFIED.,.F.,.F.,(4,1,1,1,1,1,1,1,1,1,1,1,1,4),(1668.18569905618,
1668.55190651811,1669.05081454041,1669.54972256271,1670.04863058501,1670.54753860731,
1671.04644662961,1671.54535465191,1672.04426267421,1672.54317069651,1673.04207871881,
1673.54098674112,1674.03989476342,1674.46888436336),.UNSPECIFIED.);
#223=B_SPLINE_CURVE_WITH_KNOTS('',3,(#4261,#4262,#4263,#4264,#4265,#4266,
#4267,#4268,#4269,#4270,#4271,#4272,#4273,#4274,#4275,#4276,#4277,#4278,
#4279,#4280,#4281,#4282,#4283,#4284,#4285,#4286,#4287,#4288,#4289,#4290,
#4291,#4292,#4293,#4294,#4295,#4296,#4297,#4298,#4299,#4300),
 .UNSPECIFIED.,.F.,.F.,(4,3,3,3,3,3,3,3,3,3,3,3,3,4),(1661.902513749,1662.3855212308,
1662.8844292531,1663.3833372754,1663.8822452977,1664.38115332,1664.8800613423,
1665.37896936461,1665.87787738691,1666.37678540921,1666.87569343151,1667.37460145381,
1667.87350947611,1668.18569905618),.UNSPECIFIED.);
#224=B_SPLINE_CURVE_WITH_KNOTS('',3,(#4301,#4302,#4303,#4304,#4305,#4306,
#4307,#4308,#4309,#4310,#4311,#4312,#4313,#4314,#4315,#4316,#4317),
 .UNSPECIFIED.,.F.,.F.,(4,1,1,1,1,1,1,1,1,1,1,1,1,1,4),(1661.902513749,
1662.06610222819,1662.56501025049,1663.0639182728,1663.5628262951,1664.0617343174,
1664.5606423397,1665.059550362,1665.5584583843,1666.0573664066,1666.5562744289,
1667.0551824512,1667.5540904735,1668.05299849581,1668.18569905618),
 .UNSPECIFIED.);
#225=B_SPLINE_CURVE_WITH_KNOTS('',3,(#4322,#4323,#4324,#4325,#4326,#4327,
#4328,#4329,#4330,#4331,#4332,#4333,#4334,#4335,#4336,#4337,#4338),
 .UNSPECIFIED.,.F.,.F.,(4,1,1,1,1,1,1,1,1,1,1,1,1,1,4),(1655.61932844182,
1655.89971694089,1656.39862496319,1656.89753298549,1657.39644100779,1657.89534903009,
1658.39425705239,1658.89316507469,1659.39207309699,1659.89098111929,1660.3898891416,
1660.8887971639,1661.3877051862,1661.8866132085,1661.902513749),
 .UNSPECIFIED.);
#226=B_SPLINE_CURVE_WITH_KNOTS('',3,(#4339,#4340,#4341,#4342,#4343,#4344,
#4345,#4346,#4347,#4348,#4349,#4350,#4351,#4352,#4353,#4354),
 .UNSPECIFIED.,.F.,.F.,(4,1,1,1,1,1,1,1,1,1,1,1,1,4),(1655.61932844182,
1656.07920596058,1656.57811398288,1657.07702200518,1657.57593002748,1658.07483804979,
1658.57374607209,1659.07265409439,1659.57156211669,1660.07047013899,1660.56937816129,
1661.06828618359,1661.56719420589,1661.902513749),.UNSPECIFIED.);
#227=B_SPLINE_CURVE_WITH_KNOTS('',3,(#4359,#4360,#4361,#4362,#4363,#4364,
#4365,#4366,#4367,#4368,#4369,#4370,#4371,#4372,#4373,#4374,#4375,#4376,
#4377,#4378,#4379,#4380,#4381,#4382,#4383,#4384,#4385,#4386,#4387,#4388,
#4389,#4390,#4391,#4392,#4393,#4394,#4395,#4396,#4397,#4398,#4399,#4400,
#4401),.UNSPECIFIED.,.F.,.F.,(4,3,3,3,3,3,3,3,3,3,3,3,3,3,4),(1649.33614313464,
1649.41391265097,1649.91282067328,1650.41172869558,1650.91063671788,1651.40954474018,
1651.90845276248,1652.40736078478,1652.90626880708,1653.40517682938,1653.90408485168,
1654.40299287398,1654.90190089628,1655.40080891859,1655.61932844182),
 .UNSPECIFIED.);
#228=B_SPLINE_CURVE_WITH_KNOTS('',3,(#4402,#4403,#4404,#4405,#4406,#4407,
#4408,#4409,#4410,#4411,#4412,#4413,#4414,#4415,#4416,#4417,#4418),
 .UNSPECIFIED.,.F.,.F.,(4,1,1,1,1,1,1,1,1,1,1,1,1,1,4),(1649.33614313464,
1649.59340167067,1650.09230969297,1650.59121771527,1651.09012573757,1651.58903375987,
1652.08794178217,1652.58684980448,1653.08575782678,1653.58466584908,1654.08357387138,
1654.58248189368,1655.08138991598,1655.58029793828,1655.61932844182),
 .UNSPECIFIED.);
#229=B_SPLINE_CURVE_WITH_KNOTS('',3,(#4423,#4424,#4425,#4426,#4427,#4428,
#4429,#4430,#4431,#4432,#4433,#4434,#4435,#4436,#4437,#4438,#4439,#4440,
#4441,#4442,#4443,#4444,#4445,#4446,#4447,#4448,#4449,#4450,#4451,#4452,
#4453,#4454,#4455,#4456,#4457,#4458,#4459,#4460,#4461,#4462),
 .UNSPECIFIED.,.F.,.F.,(4,3,3,3,3,3,3,3,3,3,3,3,3,4),(1643.05295782746,
1643.42701638336,1643.92592440566,1644.42483242796,1644.92374045027,1645.42264847257,
1645.92155649487,1646.42046451717,1646.91937253947,1647.41828056177,1647.91718858407,
1648.41609660637,1648.91500462867,1649.33614313464),.UNSPECIFIED.);
#230=B_SPLINE_CURVE_WITH_KNOTS('',3,(#4463,#4464,#4465,#4466,#4467,#4468,
#4469,#4470,#4471,#4472,#4473,#4474,#4475,#4476,#4477,#4478,#4479,#4480,
#4481,#4482,#4483,#4484,#4485,#4486,#4487,#4488,#4489,#4490,#4491,#4492,
#4493,#4494,#4495,#4496,#4497,#4498,#4499,#4500,#4501,#4502,#4503,#4504,
#4505),.UNSPECIFIED.,.F.,.F.,(4,3,3,3,3,3,3,3,3,3,3,3,3,3,4),(1643.05295782746,
1643.10759738076,1643.60650540306,1644.10541342536,1644.60432144766,1645.10322946996,
1645.60213749226,1646.10104551456,1646.59995353686,1647.09886155916,1647.59776958147,
1648.09667760377,1648.59558562607,1649.09449364837,1649.33614313464),
 .UNSPECIFIED.);
#231=B_SPLINE_CURVE_WITH_KNOTS('',3,(#4510,#4511,#4512,#4513,#4514,#4515,
#4516,#4517,#4518,#4519,#4520,#4521,#4522,#4523,#4524,#4525,#4526),
 .UNSPECIFIED.,.F.,.F.,(4,1,1,1,1,1,1,1,1,1,1,1,1,1,4),(1636.76977252028,
1636.94121209345,1637.44012011575,1637.93902813805,1638.43793616035,1638.93684418265,
1639.43575220495,1639.93466022726,1640.43356824956,1640.93247627186,1641.43138429416,
1641.93029231646,1642.42920033876,1642.92810836106,1643.05295782746),
 .UNSPECIFIED.);
#232=B_SPLINE_CURVE_WITH_KNOTS('',3,(#4527,#4528,#4529,#4530,#4531,#4532,
#4533,#4534,#4535,#4536,#4537,#4538,#4539,#4540,#4541,#4542,#4543,#4544,
#4545,#4546,#4547,#4548,#4549,#4550,#4551,#4552,#4553,#4554,#4555,#4556,
#4557,#4558,#4559,#4560,#4561,#4562,#4563,#4564,#4565,#4566),
 .UNSPECIFIED.,.F.,.F.,(4,3,3,3,3,3,3,3,3,3,3,3,3,4),(1636.76977252028,
1637.12070111315,1637.61960913545,1638.11851715775,1638.61742518005,1639.11633320235,
1639.61524122465,1640.11414924695,1640.61305726925,1641.11196529155,1641.61087331385,
1642.10978133616,1642.60868935846,1643.05295782746),.UNSPECIFIED.);
#233=B_SPLINE_CURVE_WITH_KNOTS('',3,(#4571,#4572,#4573,#4574,#4575,#4576,
#4577,#4578,#4579,#4580,#4581,#4582,#4583,#4584,#4585,#4586,#4587,#4588,
#4589,#4590,#4591,#4592,#4593,#4594,#4595,#4596,#4597,#4598,#4599,#4600,
#4601,#4602,#4603,#4604,#4605,#4606,#4607,#4608,#4609,#4610),
 .UNSPECIFIED.,.F.,.F.,(4,3,3,3,3,3,3,3,3,3,3,3,3,4),(1630.4865872131,1630.95431582584,
1631.45322384814,1631.95213187044,1632.45103989274,1632.94994791504,1633.44885593734,
1633.94776395964,1634.44667198194,1634.94558000425,1635.44448802655,1635.94339604885,
1636.44230407115,1636.76977252028),.UNSPECIFIED.);
#234=B_SPLINE_CURVE_WITH_KNOTS('',3,(#4611,#4612,#4613,#4614,#4615,#4616,
#4617,#4618,#4619,#4620,#4621,#4622,#4623,#4624,#4625,#4626,#4627,#4628,
#4629,#4630,#4631,#4632,#4633,#4634,#4635,#4636,#4637,#4638,#4639,#4640,
#4641,#4642,#4643,#4644,#4645,#4646,#4647,#4648,#4649,#4650,#4651,#4652,
#4653),.UNSPECIFIED.,.F.,.F.,(4,3,3,3,3,3,3,3,3,3,3,3,3,3,4),(1630.4865872131,
1630.63489682323,1631.13380484553,1631.63271286783,1632.13162089014,1632.63052891244,
1633.12943693474,1633.62834495704,1634.12725297934,1634.62616100164,1635.12506902394,
1635.62397704624,1636.12288506854,1636.62179309084,1636.76977252028),
 .UNSPECIFIED.);
#235=B_SPLINE_CURVE_WITH_KNOTS('',3,(#4658,#4659,#4660,#4661,#4662,#4663,
#4664,#4665,#4666,#4667,#4668,#4669,#4670,#4671,#4672,#4673,#4674,#4675,
#4676,#4677,#4678,#4679,#4680,#4681,#4682,#4683,#4684,#4685,#4686,#4687,
#4688,#4689,#4690,#4691,#4692,#4693,#4694,#4695,#4696,#4697,#4698,#4699,
#4700),.UNSPECIFIED.,.F.,.F.,(4,3,3,3,3,3,3,3,3,3,3,3,3,3,4),(1624.20340190592,
1624.46851153593,1624.96741955823,1625.46632758053,1625.96523560283,1626.46414362513,
1626.96305164743,1627.46195966973,1627.96086769203,1628.45977571433,1628.95868373663,
1629.45759175894,1629.95649978124,1630.45540780354,1630.4865872131),
 .UNSPECIFIED.);
#236=B_SPLINE_CURVE_WITH_KNOTS('',3,(#4701,#4702,#4703,#4704,#4705,#4706,
#4707,#4708,#4709,#4710,#4711,#4712,#4713,#4714,#4715,#4716,#4717,#4718,
#4719,#4720,#4721,#4722,#4723,#4724,#4725,#4726,#4727,#4728,#4729,#4730,
#4731,#4732,#4733,#4734,#4735,#4736,#4737,#4738,#4739,#4740),
 .UNSPECIFIED.,.F.,.F.,(4,3,3,3,3,3,3,3,3,3,3,3,3,4),(1624.20340190592,
1624.64800055562,1625.14690857792,1625.64581660022,1626.14472462252,1626.64363264483,
1627.14254066713,1627.64144868943,1628.14035671173,1628.63926473403,1629.13817275633,
1629.63708077863,1630.13598880093,1630.4865872131),.UNSPECIFIED.);
#237=B_SPLINE_CURVE_WITH_KNOTS('',3,(#4745,#4746,#4747,#4748,#4749,#4750,
#4751,#4752,#4753,#4754,#4755,#4756,#4757,#4758,#4759,#4760,#4761,#4762,
#4763,#4764,#4765,#4766,#4767,#4768,#4769,#4770,#4771,#4772,#4773,#4774,
#4775,#4776,#4777,#4778,#4779,#4780,#4781,#4782,#4783,#4784,#4785,#4786,
#4787),.UNSPECIFIED.,.F.,.F.,(4,3,3,3,3,3,3,3,3,3,3,3,3,3,4),(1617.92021659874,
1617.98270724601,1618.48161526831,1618.98052329061,1619.47943131292,1619.97833933522,
1620.47724735752,1620.97615537982,1621.47506340212,1621.97397142442,1622.47287944672,
1622.97178746902,1623.47069549132,1623.96960351362,1624.20340190592),
 .UNSPECIFIED.);
#238=B_SPLINE_CURVE_WITH_KNOTS('',3,(#4788,#4789,#4790,#4791,#4792,#4793,
#4794,#4795,#4796,#4797,#4798,#4799,#4800,#4801,#4802,#4803,#4804),
 .UNSPECIFIED.,.F.,.F.,(4,1,1,1,1,1,1,1,1,1,1,1,1,1,4),(1617.92021659874,
1618.16219626571,1618.66110428801,1619.16001231031,1619.65892033261,1620.15782835491,
1620.65673637721,1621.15564439951,1621.65455242182,1622.15346044412,1622.65236846642,
1623.15127648872,1623.65018451102,1624.14909253332,1624.20340190592),
 .UNSPECIFIED.);
#239=B_SPLINE_CURVE_WITH_KNOTS('',3,(#4809,#4810,#4811,#4812,#4813,#4814,
#4815,#4816,#4817,#4818,#4819,#4820,#4821,#4822,#4823,#4824,#4825,#4826,
#4827,#4828,#4829,#4830,#4831,#4832,#4833,#4834,#4835,#4836,#4837,#4838,
#4839,#4840,#4841,#4842,#4843,#4844,#4845,#4846,#4847,#4848),
 .UNSPECIFIED.,.F.,.F.,(4,3,3,3,3,3,3,3,3,3,3,3,3,4),(1611.63703129156,
1611.9958109784,1612.4947190007,1612.993627023,1613.4925350453,1613.9914430676,
1614.49035108991,1614.98925911221,1615.48816713451,1615.98707515681,1616.48598317911,
1616.98489120141,1617.48379922371,1617.92021659874),.UNSPECIFIED.);
#240=B_SPLINE_CURVE_WITH_KNOTS('',3,(#4849,#4850,#4851,#4852,#4853,#4854,
#4855,#4856,#4857,#4858,#4859,#4860,#4861,#4862,#4863,#4864,#4865),
 .UNSPECIFIED.,.F.,.F.,(4,1,1,1,1,1,1,1,1,1,1,1,1,1,4),(1611.63703129156,
1611.6763919758,1612.1752999981,1612.6742080204,1613.1731160427,1613.672024065,
1614.1709320873,1614.6698401096,1615.1687481319,1615.6676561542,1616.1665641765,
1616.66547219881,1617.16438022111,1617.66328824341,1617.92021659874),
 .UNSPECIFIED.);
#241=B_SPLINE_CURVE_WITH_KNOTS('',3,(#4870,#4871,#4872,#4873,#4874,#4875,
#4876,#4877,#4878,#4879,#4880,#4881,#4882,#4883,#4884,#4885,#4886,#4887,
#4888,#4889,#4890,#4891,#4892,#4893,#4894,#4895,#4896,#4897,#4898,#4899,
#4900,#4901,#4902,#4903,#4904,#4905,#4906,#4907,#4908,#4909,#4910,#4911,
#4912),.UNSPECIFIED.,.F.,.F.,(4,3,3,3,3,3,3,3,3,3,3,3,3,3,4),(1605.35384598438,
1605.51000668849,1606.00891471079,1606.50782273309,1607.00673075539,1607.50563877769,
1608.00454679999,1608.50345482229,1609.00236284459,1609.5012708669,1610.0001788892,
1610.4990869115,1610.9979949338,1611.4969029561,1611.63703129156),
 .UNSPECIFIED.);
#242=B_SPLINE_CURVE_WITH_KNOTS('',3,(#4913,#4914,#4915,#4916,#4917,#4918,
#4919,#4920,#4921,#4922,#4923,#4924,#4925,#4926,#4927,#4928),
 .UNSPECIFIED.,.F.,.F.,(4,1,1,1,1,1,1,1,1,1,1,1,1,4),(1605.35384598438,
1605.68949570818,1606.18840373049,1606.68731175279,1607.18621977509,1607.68512779739,
1608.18403581969,1608.68294384199,1609.18185186429,1609.68075988659,1610.17966790889,
1610.67857593119,1611.1774839535,1611.63703129156),.UNSPECIFIED.);
#243=B_SPLINE_CURVE_WITH_KNOTS('',3,(#4933,#4934,#4935,#4936,#4937,#4938,
#4939,#4940,#4941,#4942,#4943,#4944,#4945,#4946,#4947,#4948),
 .UNSPECIFIED.,.F.,.F.,(4,1,1,1,1,1,1,1,1,1,1,1,1,4),(1599.0706606772,1599.52311042088,
1600.02201844318,1600.52092646548,1601.01983448778,1601.51874251008,1602.01765053238,
1602.51655855468,1603.01546657698,1603.51437459928,1604.01328262158,1604.51219064389,
1605.01109866619,1605.35384598438),.UNSPECIFIED.);
#244=B_SPLINE_CURVE_WITH_KNOTS('',3,(#4949,#4950,#4951,#4952,#4953,#4954,
#4955,#4956,#4957,#4958,#4959,#4960,#4961,#4962,#4963,#4964,#4965),
 .UNSPECIFIED.,.F.,.F.,(4,1,1,1,1,1,1,1,1,1,1,1,1,1,4),(1599.0706606772,
1599.20369141827,1599.70259944057,1600.20150746287,1600.70041548517,1601.19932350748,
1601.69823152978,1602.19713955208,1602.69604757438,1603.19495559668,1603.69386361898,
1604.19277164128,1604.69167966358,1605.19058768588,1605.35384598438),
 .UNSPECIFIED.);
#245=B_SPLINE_CURVE_WITH_KNOTS('',3,(#4970,#4971,#4972,#4973,#4974,#4975,
#4976,#4977,#4978,#4979,#4980,#4981,#4982,#4983,#4984,#4985,#4986),
 .UNSPECIFIED.,.F.,.F.,(4,1,1,1,1,1,1,1,1,1,1,1,1,1,4),(1592.78747537002,
1593.03730613096,1593.53621415326,1594.03512217557,1594.53403019787,1595.03293822017,
1595.53184624247,1596.03075426477,1596.52966228707,1597.02857030937,1597.52747833167,
1598.02638635397,1598.52529437627,1599.02420239858,1599.0706606772),
 .UNSPECIFIED.);
#246=B_SPLINE_CURVE_WITH_KNOTS('',3,(#4987,#4988,#4989,#4990,#4991,#4992,
#4993,#4994,#4995,#4996,#4997,#4998,#4999,#5000,#5001,#5002),
 .UNSPECIFIED.,.F.,.F.,(4,1,1,1,1,1,1,1,1,1,1,1,1,4),(1592.78747537002,
1593.21679515066,1593.71570317296,1594.21461119526,1594.71351921756,1595.21242723986,
1595.71133526216,1596.21024328447,1596.70915130677,1597.20805932907,1597.70696735137,
1598.20587537367,1598.70478339597,1599.0706606772),.UNSPECIFIED.);
#247=B_SPLINE_CURVE_WITH_KNOTS('',3,(#5007,#5008,#5009,#5010,#5011,#5012,
#5013,#5014,#5015,#5016,#5017,#5018,#5019,#5020,#5021,#5022,#5023),
 .UNSPECIFIED.,.F.,.F.,(4,1,1,1,1,1,1,1,1,1,1,1,1,1,4),(1586.50429006284,
1586.55150184105,1587.05040986335,1587.54931788565,1588.04822590795,1588.54713393025,
1589.04604195256,1589.54494997486,1590.04385799716,1590.54276601946,1591.04167404176,
1591.54058206406,1592.03949008636,1592.53839810866,1592.78747537002),
 .UNSPECIFIED.);
#248=B_SPLINE_CURVE_WITH_KNOTS('',3,(#5024,#5025,#5026,#5027,#5028,#5029,
#5030,#5031,#5032,#5033,#5034,#5035,#5036,#5037,#5038,#5039,#5040),
 .UNSPECIFIED.,.F.,.F.,(4,1,1,1,1,1,1,1,1,1,1,1,1,1,4),(1586.50429006284,
1586.73099086075,1587.22989888305,1587.72880690535,1588.22771492765,1588.72662294995,
1589.22553097225,1589.72443899455,1590.22334701685,1590.72225503916,1591.22116306146,
1591.72007108376,1592.21897910606,1592.71788712836,1592.78747537002),
 .UNSPECIFIED.);
#249=B_SPLINE_CURVE_WITH_KNOTS('',3,(#5045,#5046,#5047,#5048,#5049,#5050,
#5051,#5052,#5053,#5054,#5055,#5056,#5057,#5058,#5059,#5060,#5061,#5062,
#5063,#5064,#5065,#5066,#5067,#5068,#5069,#5070,#5071,#5072,#5073,#5074,
#5075,#5076,#5077,#5078,#5079,#5080,#5081,#5082,#5083,#5084),
 .UNSPECIFIED.,.F.,.F.,(4,3,3,3,3,3,3,3,3,3,3,3,3,4),(1580.22110475566,
1580.56460557344,1581.06351359574,1581.56242161804,1582.06132964034,1582.56023766264,
1583.05914568494,1583.55805370725,1584.05696172955,1584.55586975185,1585.05477777415,
1585.55368579645,1586.05259381875,1586.50429006284),.UNSPECIFIED.);
#250=B_SPLINE_CURVE_WITH_KNOTS('',3,(#5085,#5086,#5087,#5088,#5089,#5090,
#5091,#5092,#5093,#5094,#5095,#5096,#5097,#5098,#5099,#5100,#5101),
 .UNSPECIFIED.,.F.,.F.,(4,1,1,1,1,1,1,1,1,1,1,1,1,1,4),(1580.22110475566,
1580.24518657083,1580.74409459314,1581.24300261544,1581.74191063774,1582.24081866004,
1582.73972668234,1583.23863470464,1583.73754272694,1584.23645074924,1584.73535877154,
1585.23426679384,1585.73317481615,1586.23208283845,1586.50429006284),
 .UNSPECIFIED.);
#251=B_SPLINE_CURVE_WITH_KNOTS('',3,(#5106,#5107,#5108,#5109,#5110,#5111,
#5112,#5113,#5114,#5115,#5116,#5117,#5118,#5119,#5120,#5121,#5122,#5123,
#5124,#5125,#5126,#5127,#5128,#5129,#5130,#5131,#5132,#5133,#5134,#5135,
#5136,#5137,#5138,#5139,#5140,#5141,#5142,#5143,#5144,#5145,#5146,#5147,
#5148),.UNSPECIFIED.,.F.,.F.,(4,3,3,3,3,3,3,3,3,3,3,3,3,3,4),(1573.93791944848,
1574.07880128353,1574.57770930583,1575.07661732813,1575.57552535043,1576.07443337273,
1576.57334139503,1577.07224941733,1577.57115743963,1578.07006546193,1578.56897348424,
1579.06788150654,1579.56678952884,1580.06569755114,1580.22110475566),
 .UNSPECIFIED.);
#252=B_SPLINE_CURVE_WITH_KNOTS('',3,(#5149,#5150,#5151,#5152,#5153,#5154,
#5155,#5156,#5157,#5158,#5159,#5160,#5161,#5162,#5163,#5164,#5165,#5166,
#5167,#5168,#5169,#5170,#5171,#5172,#5173,#5174,#5175,#5176,#5177,#5178,
#5179,#5180,#5181,#5182,#5183,#5184,#5185,#5186,#5187,#5188),
 .UNSPECIFIED.,.F.,.F.,(4,3,3,3,3,3,3,3,3,3,3,3,3,4),(1573.93791944848,
1574.25829030322,1574.75719832552,1575.25610634783,1575.75501437013,1576.25392239243,
1576.75283041473,1577.25173843703,1577.75064645933,1578.24955448163,1578.74846250393,
1579.24737052623,1579.74627854853,1580.22110475566),.UNSPECIFIED.);
#253=B_SPLINE_CURVE_WITH_KNOTS('',3,(#5193,#5194,#5195,#5196,#5197,#5198,
#5199,#5200,#5201,#5202,#5203,#5204,#5205,#5206,#5207,#5208,#5209,#5210,
#5211,#5212,#5213,#5214,#5215,#5216,#5217,#5218,#5219,#5220,#5221,#5222,
#5223,#5224,#5225,#5226,#5227,#5228,#5229,#5230,#5231,#5232),
 .UNSPECIFIED.,.F.,.F.,(4,3,3,3,3,3,3,3,3,3,3,3,3,4),(1567.6547341413,1568.09190501591,
1568.59081303822,1569.08972106052,1569.58862908282,1570.08753710512,1570.58644512742,
1571.08535314972,1571.58426117202,1572.08316919432,1572.58207721662,1573.08098523892,
1573.57989326123,1573.93791944848),.UNSPECIFIED.);
#254=B_SPLINE_CURVE_WITH_KNOTS('',3,(#5233,#5234,#5235,#5236,#5237,#5238,
#5239,#5240,#5241,#5242,#5243,#5244,#5245,#5246,#5247,#5248,#5249,#5250,
#5251,#5252,#5253,#5254,#5255,#5256,#5257,#5258,#5259,#5260,#5261,#5262,
#5263,#5264,#5265,#5266,#5267,#5268,#5269,#5270,#5271,#5272,#5273,#5274,
#5275),.UNSPECIFIED.,.F.,.F.,(4,3,3,3,3,3,3,3,3,3,3,3,3,3,4),(1567.6547341413,
1567.77248601331,1568.27139403561,1568.77030205791,1569.26921008021,1569.76811810252,
1570.26702612482,1570.76593414712,1571.26484216942,1571.76375019172,1572.26265821402,
1572.76156623632,1573.26047425862,1573.75938228092,1573.93791944848),
 .UNSPECIFIED.);
#255=B_SPLINE_CURVE_WITH_KNOTS('',3,(#5280,#5281,#5282,#5283,#5284,#5285,
#5286,#5287,#5288,#5289,#5290,#5291,#5292,#5293,#5294,#5295,#5296,#5297,
#5298,#5299,#5300,#5301,#5302,#5303,#5304,#5305,#5306,#5307,#5308,#5309,
#5310,#5311,#5312,#5313,#5314,#5315,#5316,#5317,#5318,#5319,#5320,#5321,
#5322),.UNSPECIFIED.,.F.,.F.,(4,3,3,3,3,3,3,3,3,3,3,3,3,3,4),(1561.37154883413,
1561.606100726,1562.1050087483,1562.6039167706,1563.1028247929,1563.60173281521,
1564.10064083751,1564.59954885981,1565.09845688211,1565.59736490441,1566.09627292671,
1566.59518094901,1567.09408897131,1567.59299699361,1567.6547341413),
 .UNSPECIFIED.);
#256=B_SPLINE_CURVE_WITH_KNOTS('',3,(#5323,#5324,#5325,#5326,#5327,#5328,
#5329,#5330,#5331,#5332,#5333,#5334,#5335,#5336,#5337,#5338,#5339,#5340,
#5341,#5342,#5343,#5344,#5345,#5346,#5347,#5348,#5349,#5350,#5351,#5352,
#5353,#5354,#5355,#5356,#5357,#5358,#5359,#5360,#5361,#5362),
 .UNSPECIFIED.,.F.,.F.,(4,3,3,3,3,3,3,3,3,3,3,3,3,4),(1561.37154883412,
1561.7855897457,1562.284497768,1562.7834057903,1563.2823138126,1563.7812218349,
1564.2801298572,1564.77903787951,1565.27794590181,1565.77685392411,1566.27576194641,
1566.77466996871,1567.27357799101,1567.6547341413),.UNSPECIFIED.);
#257=B_SPLINE_CURVE_WITH_KNOTS('',3,(#5366,#5367,#5368,#5369,#5370,#5371,
#5372,#5373,#5374,#5375,#5376,#5377,#5378,#5379,#5380,#5381,#5382,#5383,
#5384,#5385,#5386,#5387,#5388,#5389,#5390,#5391,#5392,#5393,#5394,#5395,
#5396,#5397,#5398,#5399,#5400,#5401,#5402,#5403,#5404,#5405,#5406,#5407,
#5408,#5409,#5410,#5411,#5412,#5413,#5414,#5415,#5416,#5417,#5418,#5419,
#5420,#5421,#5422,#5423,#5424,#5425,#5426,#5427,#5428,#5429,#5430,#5431,
#5432,#5433,#5434,#5435,#5436,#5437,#5438,#5439,#5440,#5441,#5442,#5443,
#5444,#5445,#5446,#5447,#5448,#5449,#5450,#5451,#5452,#5453,#5454,#5455,
#5456,#5457,#5458,#5459,#5460,#5461,#5462,#5463,#5464,#5465,#5466,#5467,
#5468,#5469,#5470,#5471,#5472,#5473,#5474,#5475,#5476,#5477,#5478,#5479,
#5480,#5481,#5482,#5483,#5484,#5485,#5486,#5487,#5488,#5489,#5490,#5491,
#5492,#5493,#5494,#5495,#5496,#5497,#5498),.UNSPECIFIED.,.F.,.F.,(4,3,3,
3,3,3,3,3,3,3,3,3,3,3,3,3,3,3,3,3,3,3,3,3,3,3,3,3,3,3,3,3,3,3,3,3,3,3,3,
3,3,3,3,3,4),(-2.89533449800768,-2.80438583282492,-2.79328416331172,-2.70323080085257,
-2.61245720609389,-2.57488795075272,-2.55635185714479,-2.54503922566065,
-2.4536553643892,-2.36128683510939,-2.2689307305187,-2.23451475769667,-2.21614074860217,
-2.20523555362517,-2.19400436878947,-2.1312668392306,-2.03926577409706,
-1.94615322353591,-1.85234288927184,-1.75837590050124,-1.67987288048955,
-1.66784428783118,-1.5727290412698,-1.47685321095454,-1.44436382045451,
-1.34922593532548,-1.25350254439598,-1.18853523382277,-1.1560901349564,
-1.13233079510563,-1.12357350018364,-1.0261211400903,-0.928562680205334,
-0.830792747840243,-0.733764059810288,-0.642043552334002,-0.601915830313127,
-0.580942945236905,-0.571026531831453,-0.473594340912068,-0.374934816386413,
-0.275258675963364,-0.175608168441368,-0.0769263213602454,0.),
 .UNSPECIFIED.);
#258=B_SPLINE_CURVE_WITH_KNOTS('',3,(#5503,#5504,#5505,#5506,#5507,#5508,
#5509,#5510,#5511,#5512,#5513,#5514,#5515,#5516,#5517,#5518,#5519,#5520,
#5521,#5522,#5523,#5524,#5525,#5526,#5527,#5528,#5529,#5530,#5531,#5532,
#5533,#5534,#5535,#5536,#5537,#5538,#5539,#5540,#5541,#5542,#5543,#5544,
#5545,#5546,#5547,#5548,#5549,#5550,#5551,#5552,#5553,#5554,#5555,#5556,
#5557,#5558,#5559,#5560,#5561,#5562,#5563,#5564,#5565,#5566,#5567,#5568,
#5569,#5570,#5571,#5572,#5573,#5574,#5575,#5576,#5577,#5578,#5579,#5580,
#5581,#5582,#5583,#5584,#5585,#5586,#5587,#5588,#5589,#5590,#5591,#5592,
#5593,#5594,#5595,#5596,#5597,#5598,#5599,#5600,#5601,#5602,#5603,#5604,
#5605,#5606,#5607,#5608,#5609,#5610,#5611,#5612,#5613,#5614,#5615,#5616,
#5617,#5618,#5619,#5620,#5621,#5622,#5623,#5624,#5625,#5626,#5627,#5628,
#5629,#5630,#5631,#5632),.UNSPECIFIED.,.F.,.F.,(4,3,3,3,3,3,3,3,3,3,3,3,
3,3,3,3,3,3,3,3,3,3,3,3,3,3,3,3,3,3,3,3,3,3,3,3,3,3,3,3,3,3,3,4),(-2.8865514029923,
-2.78737457326825,-2.76996905048182,-2.67027376838955,-2.57073930573157,
-2.5017087469672,-2.48976442886905,-2.39138202747621,-2.29344184619755,
-2.19629517648757,-2.15748254380621,-2.1270437258032,-2.11181234705422,
-2.04314695459072,-1.94671312025076,-1.84984516376171,-1.75316463072765,
-1.65724662353969,-1.57757710061872,-1.56831344516391,-1.5587272925412,
-1.46392986822841,-1.36955568102721,-1.33856853185583,-1.2435948927669,
-1.14896117332004,-1.08751092095874,-1.05774639560505,-1.0337278685084,
-1.02445509059869,-0.931489458502701,-0.838634528298126,-0.746825032023229,
-0.657359154429693,-0.575189260125981,-0.539239931368107,-0.515932969111474,
-0.506778292272857,-0.416118546903337,-0.325005864050501,-0.234319457092903,
-0.144391900577296,-0.0561307616026332,0.),.UNSPECIFIED.);
#259=B_SPLINE_CURVE_WITH_KNOTS('',3,(#6957,#6958,#6959,#6960,#6961,#6962,
#6963),.UNSPECIFIED.,.F.,.F.,(4,3,4),(160.656855946303,161.147291203211,
161.567622184618),.UNSPECIFIED.);
#260=B_SPLINE_CURVE_WITH_KNOTS('',3,(#6965,#6966,#6967,#6968,#6969,#6970,
#6971,#6972,#6973,#6974,#6975,#6976,#6977,#6978,#6979,#6980,#6981,#6982,
#6983,#6984,#6985,#6986,#6987,#6988,#6989,#6990,#6991,#6992,#6993,#6994,
#6995,#6996,#6997,#6998,#6999,#7000,#7001,#7002,#7003,#7004,#7005,#7006,
#7007,#7008,#7009,#7010,#7011,#7012,#7013,#7014,#7015,#7016,#7017,#7018,
#7019,#7020,#7021,#7022,#7023,#7024,#7025,#7026,#7027,#7028,#7029,#7030,
#7031,#7032,#7033,#7034,#7035,#7036,#7037,#7038,#7039,#7040,#7041,#7042,
#7043,#7044,#7045,#7046,#7047,#7048,#7049,#7050,#7051,#7052,#7053,#7054,
#7055,#7056,#7057,#7058,#7059,#7060,#7061,#7062,#7063,#7064,#7065,#7066,
#7067,#7068,#7069,#7070,#7071,#7072,#7073,#7074,#7075,#7076,#7077,#7078,
#7079,#7080,#7081,#7082,#7083,#7084,#7085,#7086,#7087,#7088,#7089,#7090,
#7091,#7092,#7093,#7094,#7095,#7096,#7097),.UNSPECIFIED.,.F.,.F.,(4,3,3,
3,3,3,3,3,3,3,3,3,3,3,3,3,3,3,3,3,3,3,3,3,3,3,3,3,3,3,3,3,3,3,3,3,3,3,3,
3,3,3,3,3,4),(-2.89533449801608,-2.80438583145106,-2.79328416331966,-2.70323079917742,
-2.61245720387217,-2.57488794920889,-2.55635185525009,-2.54503921058749,
-2.45365534670501,-2.36128681734235,-2.2689307130226,-2.23451474457585,
-2.21614072353123,-2.20523551705563,-2.19400436540919,-2.13126683923558,
-2.03926577642356,-1.94615322668881,-1.85234289234814,-1.75837590339886,
-1.67987288266362,-1.66784428523769,-1.57272903909616,-1.47685320838427,
-1.44436382045789,-1.34922593854898,-1.25350254888903,-1.18853523775447,
-1.15609014263863,-1.13233067009743,-1.12357324346821,-1.02612094755428,
-0.928562488709657,-0.830792552882139,-0.733764059812502,-0.642043552335939,
-0.601915830314943,-0.580942945425571,-0.571026555830835,-0.473594350843812,
-0.374934813965365,-0.275258670926535,-0.175608167265216,-0.0769263356004588,
0.),.UNSPECIFIED.);
#261=B_SPLINE_CURVE_WITH_KNOTS('',3,(#7098,#7099,#7100,#7101,#7102,#7103,
#7104,#7105,#7106,#7107,#7108,#7109,#7110),.UNSPECIFIED.,.F.,.F.,(4,3,3,
3,4),(1559.86853469739,1560.2888656788,1560.7877737011,1561.2866817234,
1561.37154883412),.UNSPECIFIED.);
#262=B_SPLINE_CURVE_WITH_KNOTS('',3,(#7113,#7114,#7115,#7116,#7117,#7118,
#7119,#7120,#7121,#7122,#7123,#7124,#7125,#7126,#7127,#7128,#7129,#7130,
#7131,#7132,#7133,#7134,#7135,#7136,#7137,#7138,#7139,#7140,#7141,#7142,
#7143,#7144,#7145,#7146,#7147,#7148,#7149,#7150,#7151,#7152,#7153,#7154,
#7155,#7156,#7157,#7158,#7159,#7160,#7161,#7162,#7163,#7164,#7165,#7166,
#7167,#7168,#7169,#7170,#7171,#7172,#7173,#7174,#7175,#7176,#7177,#7178,
#7179,#7180,#7181,#7182,#7183,#7184,#7185,#7186,#7187,#7188,#7189,#7190,
#7191,#7192,#7193,#7194,#7195,#7196,#7197,#7198,#7199,#7200,#7201,#7202,
#7203,#7204,#7205,#7206,#7207,#7208,#7209,#7210,#7211,#7212,#7213,#7214,
#7215,#7216,#7217,#7218,#7219,#7220,#7221,#7222,#7223,#7224,#7225,#7226,
#7227,#7228,#7229,#7230,#7231,#7232,#7233,#7234,#7235,#7236,#7237,#7238,
#7239,#7240,#7241,#7242),.UNSPECIFIED.,.F.,.F.,(4,3,3,3,3,3,3,3,3,3,3,3,
3,3,3,3,3,3,3,3,3,3,3,3,3,3,3,3,3,3,3,3,3,3,3,3,3,3,3,3,3,3,3,4),(-2.8865514029835,
-2.78737457322812,-2.76996905046821,-2.67027376842135,-2.57073930496071,
-2.50170874535875,-2.48976443590413,-2.39138203529804,-2.29344185404799,
-2.19629518724551,-2.15748255347127,-2.1270437392322,-2.11181233886926,
-2.04314695458033,-1.94671312049502,-1.84984516316874,-1.75316462797047,
-1.65724661637144,-1.57757709524041,-1.56831344402809,-1.55872729227348,
-1.46392986598191,-1.36955567450598,-1.33856853184733,-1.24359489453625,
-1.14896118332796,-1.08751092971481,-1.05774641496931,-1.0337279883223,
-1.02445515725083,-0.931489526926274,-0.838634603678386,-0.746825121759269,
-0.657359154422739,-0.575189260119896,-0.539239931362403,-0.51593296925923,
-0.506778293746383,-0.416118556625895,-0.325005874335224,-0.234319455951268,
-0.144391883292152,-0.0561307211825795,0.),.UNSPECIFIED.);
#263=B_SPLINE_CURVE_WITH_KNOTS('',3,(#7245,#7246,#7247,#7248),
 .UNSPECIFIED.,.F.,.F.,(4,4),(1561.1071927037,1561.37154883413),
 .UNSPECIFIED.);
#264=B_SPLINE_CURVE_WITH_KNOTS('',3,(#8573,#8574,#8575,#8576),
 .UNSPECIFIED.,.F.,.F.,(4,4),(-163.641831314721,-163.627174117076),
 .UNSPECIFIED.);
#265=LINE('',#1407,#319);
#266=LINE('',#1443,#320);
#267=LINE('',#1475,#321);
#268=LINE('',#1559,#322);
#269=LINE('',#1649,#323);
#270=LINE('',#1733,#324);
#271=LINE('',#1823,#325);
#272=LINE('',#1913,#326);
#273=LINE('',#1997,#327);
#274=LINE('',#2087,#328);
#275=LINE('',#2171,#329);
#276=LINE('',#2261,#330);
#277=LINE('',#2351,#331);
#278=LINE('',#2435,#332);
#279=LINE('',#2525,#333);
#280=LINE('',#2609,#334);
#281=LINE('',#2699,#335);
#282=LINE('',#2789,#336);
#283=LINE('',#2873,#337);
#284=LINE('',#2963,#338);
#285=LINE('',#3047,#339);
#286=LINE('',#3137,#340);
#287=LINE('',#3224,#341);
#288=LINE('',#3308,#342);
#289=LINE('',#3398,#343);
#290=LINE('',#3482,#344);
#291=LINE('',#3572,#345);
#292=LINE('',#3659,#346);
#293=LINE('',#3687,#347);
#294=LINE('',#3751,#348);
#295=LINE('',#3838,#349);
#296=LINE('',#3925,#350);
#297=LINE('',#4012,#351);
#298=LINE('',#4096,#352);
#299=LINE('',#4160,#353);
#300=LINE('',#4197,#354);
#301=LINE('',#4260,#355);
#302=LINE('',#4321,#356);
#303=LINE('',#4358,#357);
#304=LINE('',#4422,#358);
#305=LINE('',#4509,#359);
#306=LINE('',#4570,#360);
#307=LINE('',#4657,#361);
#308=LINE('',#4744,#362);
#309=LINE('',#4808,#363);
#310=LINE('',#4869,#364);
#311=LINE('',#4932,#365);
#312=LINE('',#4969,#366);
#313=LINE('',#5006,#367);
#314=LINE('',#5044,#368);
#315=LINE('',#5105,#369);
#316=LINE('',#5192,#370);
#317=LINE('',#5279,#371);
#318=LINE('',#8580,#372);
#319=VECTOR('',#1215,15.);
#320=VECTOR('',#1218,15.);
#321=VECTOR('',#1225,15.);
#322=VECTOR('',#1228,15.);
#323=VECTOR('',#1231,15.);
#324=VECTOR('',#1234,15.);
#325=VECTOR('',#1237,15.);
#326=VECTOR('',#1240,15.);
#327=VECTOR('',#1243,15.);
#328=VECTOR('',#1246,15.);
#329=VECTOR('',#1249,15.);
#330=VECTOR('',#1252,15.);
#331=VECTOR('',#1255,15.);
#332=VECTOR('',#1258,15.);
#333=VECTOR('',#1261,15.);
#334=VECTOR('',#1264,15.);
#335=VECTOR('',#1267,15.);
#336=VECTOR('',#1270,15.);
#337=VECTOR('',#1273,15.);
#338=VECTOR('',#1276,15.);
#339=VECTOR('',#1279,15.);
#340=VECTOR('',#1282,15.);
#341=VECTOR('',#1285,15.);
#342=VECTOR('',#1288,15.);
#343=VECTOR('',#1291,15.);
#344=VECTOR('',#1294,15.);
#345=VECTOR('',#1297,15.);
#346=VECTOR('',#1300,12.866);
#347=VECTOR('',#1305,12.866);
#348=VECTOR('',#1308,12.866);
#349=VECTOR('',#1311,12.866);
#350=VECTOR('',#1314,12.866);
#351=VECTOR('',#1317,12.866);
#352=VECTOR('',#1320,12.866);
#353=VECTOR('',#1323,12.866);
#354=VECTOR('',#1326,12.866);
#355=VECTOR('',#1329,12.866);
#356=VECTOR('',#1332,12.866);
#357=VECTOR('',#1335,12.866);
#358=VECTOR('',#1338,12.866);
#359=VECTOR('',#1341,12.866);
#360=VECTOR('',#1344,12.866);
#361=VECTOR('',#1347,12.866);
#362=VECTOR('',#1350,12.866);
#363=VECTOR('',#1353,12.866);
#364=VECTOR('',#1356,12.866);
#365=VECTOR('',#1359,12.866);
#366=VECTOR('',#1362,12.866);
#367=VECTOR('',#1365,12.866);
#368=VECTOR('',#1368,12.866);
#369=VECTOR('',#1371,12.866);
#370=VECTOR('',#1374,12.866);
#371=VECTOR('',#1377,12.866);
#372=VECTOR('',#1396,14.);
#373=VERTEX_POINT('',#1405);
#374=VERTEX_POINT('',#1406);
#375=VERTEX_POINT('',#1408);
#376=VERTEX_POINT('',#1440);
#377=VERTEX_POINT('',#1442);
#378=VERTEX_POINT('',#1445);
#379=VERTEX_POINT('',#1473);
#380=VERTEX_POINT('',#1474);
#381=VERTEX_POINT('',#1557);
#382=VERTEX_POINT('',#1558);
#383=VERTEX_POINT('',#1647);
#384=VERTEX_POINT('',#1648);
#385=VERTEX_POINT('',#1731);
#386=VERTEX_POINT('',#1732);
#387=VERTEX_POINT('',#1821);
#388=VERTEX_POINT('',#1822);
#389=VERTEX_POINT('',#1911);
#390=VERTEX_POINT('',#1912);
#391=VERTEX_POINT('',#1995);
#392=VERTEX_POINT('',#1996);
#393=VERTEX_POINT('',#2085);
#394=VERTEX_POINT('',#2086);
#395=VERTEX_POINT('',#2169);
#396=VERTEX_POINT('',#2170);
#397=VERTEX_POINT('',#2259);
#398=VERTEX_POINT('',#2260);
#399=VERTEX_POINT('',#2349);
#400=VERTEX_POINT('',#2350);
#401=VERTEX_POINT('',#2433);
#402=VERTEX_POINT('',#2434);
#403=VERTEX_POINT('',#2523);
#404=VERTEX_POINT('',#2524);
#405=VERTEX_POINT('',#2607);
#406=VERTEX_POINT('',#2608);
#407=VERTEX_POINT('',#2697);
#408=VERTEX_POINT('',#2698);
#409=VERTEX_POINT('',#2787);
#410=VERTEX_POINT('',#2788);
#411=VERTEX_POINT('',#2871);
#412=VERTEX_POINT('',#2872);
#413=VERTEX_POINT('',#2961);
#414=VERTEX_POINT('',#2962);
#415=VERTEX_POINT('',#3045);
#416=VERTEX_POINT('',#3046);
#417=VERTEX_POINT('',#3135);
#418=VERTEX_POINT('',#3136);
#419=VERTEX_POINT('',#3222);
#420=VERTEX_POINT('',#3223);
#421=VERTEX_POINT('',#3306);
#422=VERTEX_POINT('',#3307);
#423=VERTEX_POINT('',#3396);
#424=VERTEX_POINT('',#3397);
#425=VERTEX_POINT('',#3480);
#426=VERTEX_POINT('',#3481);
#427=VERTEX_POINT('',#3570);
#428=VERTEX_POINT('',#3571);
#429=VERTEX_POINT('',#3657);
#430=VERTEX_POINT('',#3658);
#431=VERTEX_POINT('',#3660);
#432=VERTEX_POINT('',#3673);
#433=VERTEX_POINT('',#3685);
#434=VERTEX_POINT('',#3686);
#435=VERTEX_POINT('',#3749);
#436=VERTEX_POINT('',#3750);
#437=VERTEX_POINT('',#3836);
#438=VERTEX_POINT('',#3837);
#439=VERTEX_POINT('',#3923);
#440=VERTEX_POINT('',#3924);
#441=VERTEX_POINT('',#4010);
#442=VERTEX_POINT('',#4011);
#443=VERTEX_POINT('',#4094);
#444=VERTEX_POINT('',#4095);
#445=VERTEX_POINT('',#4158);
#446=VERTEX_POINT('',#4159);
#447=VERTEX_POINT('',#4195);
#448=VERTEX_POINT('',#4196);
#449=VERTEX_POINT('',#4258);
#450=VERTEX_POINT('',#4259);
#451=VERTEX_POINT('',#4319);
#452=VERTEX_POINT('',#4320);
#453=VERTEX_POINT('',#4356);
#454=VERTEX_POINT('',#4357);
#455=VERTEX_POINT('',#4420);
#456=VERTEX_POINT('',#4421);
#457=VERTEX_POINT('',#4507);
#458=VERTEX_POINT('',#4508);
#459=VERTEX_POINT('',#4568);
#460=VERTEX_POINT('',#4569);
#461=VERTEX_POINT('',#4655);
#462=VERTEX_POINT('',#4656);
#463=VERTEX_POINT('',#4742);
#464=VERTEX_POINT('',#4743);
#465=VERTEX_POINT('',#4806);
#466=VERTEX_POINT('',#4807);
#467=VERTEX_POINT('',#4867);
#468=VERTEX_POINT('',#4868);
#469=VERTEX_POINT('',#4930);
#470=VERTEX_POINT('',#4931);
#471=VERTEX_POINT('',#4967);
#472=VERTEX_POINT('',#4968);
#473=VERTEX_POINT('',#5004);
#474=VERTEX_POINT('',#5005);
#475=VERTEX_POINT('',#5042);
#476=VERTEX_POINT('',#5043);
#477=VERTEX_POINT('',#5103);
#478=VERTEX_POINT('',#5104);
#479=VERTEX_POINT('',#5190);
#480=VERTEX_POINT('',#5191);
#481=VERTEX_POINT('',#5277);
#482=VERTEX_POINT('',#5278);
#483=VERTEX_POINT('',#5365);
#484=VERTEX_POINT('',#5499);
#485=VERTEX_POINT('',#5501);
#486=VERTEX_POINT('',#6964);
#487=VERTEX_POINT('',#7112);
#488=VERTEX_POINT('',#8578);
#489=EDGE_CURVE('',#373,#374,#265,.T.);
#490=EDGE_CURVE('',#373,#375,#153,.T.);
#491=EDGE_CURVE('',#375,#376,#144,.T.);
#492=EDGE_CURVE('',#376,#377,#266,.T.);
#493=EDGE_CURVE('',#377,#377,#145,.T.);
#494=EDGE_CURVE('',#376,#378,#146,.T.);
#495=EDGE_CURVE('',#378,#374,#154,.T.);
#496=EDGE_CURVE('',#379,#380,#267,.T.);
#497=EDGE_CURVE('',#379,#373,#155,.T.);
#498=EDGE_CURVE('',#374,#380,#156,.T.);
#499=EDGE_CURVE('',#381,#382,#268,.T.);
#500=EDGE_CURVE('',#381,#379,#157,.T.);
#501=EDGE_CURVE('',#380,#382,#158,.T.);
#502=EDGE_CURVE('',#383,#384,#269,.T.);
#503=EDGE_CURVE('',#383,#381,#159,.T.);
#504=EDGE_CURVE('',#382,#384,#160,.T.);
#505=EDGE_CURVE('',#385,#386,#270,.T.);
#506=EDGE_CURVE('',#385,#383,#161,.T.);
#507=EDGE_CURVE('',#384,#386,#162,.T.);
#508=EDGE_CURVE('',#387,#388,#271,.T.);
#509=EDGE_CURVE('',#387,#385,#163,.T.);
#510=EDGE_CURVE('',#386,#388,#164,.T.);
#511=EDGE_CURVE('',#389,#390,#272,.T.);
#512=EDGE_CURVE('',#389,#387,#165,.T.);
#513=EDGE_CURVE('',#388,#390,#166,.T.);
#514=EDGE_CURVE('',#391,#392,#273,.T.);
#515=EDGE_CURVE('',#391,#389,#167,.T.);
#516=EDGE_CURVE('',#390,#392,#168,.T.);
#517=EDGE_CURVE('',#393,#394,#274,.T.);
#518=EDGE_CURVE('',#393,#391,#169,.T.);
#519=EDGE_CURVE('',#392,#394,#170,.T.);
#520=EDGE_CURVE('',#395,#396,#275,.T.);
#521=EDGE_CURVE('',#395,#393,#171,.T.);
#522=EDGE_CURVE('',#394,#396,#172,.T.);
#523=EDGE_CURVE('',#397,#398,#276,.T.);
#524=EDGE_CURVE('',#397,#395,#173,.T.);
#525=EDGE_CURVE('',#396,#398,#174,.T.);
#526=EDGE_CURVE('',#399,#400,#277,.T.);
#527=EDGE_CURVE('',#399,#397,#175,.T.);
#528=EDGE_CURVE('',#398,#400,#176,.T.);
#529=EDGE_CURVE('',#401,#402,#278,.T.);
#530=EDGE_CURVE('',#401,#399,#177,.T.);
#531=EDGE_CURVE('',#400,#402,#178,.T.);
#532=EDGE_CURVE('',#403,#404,#279,.T.);
#533=EDGE_CURVE('',#403,#401,#179,.T.);
#534=EDGE_CURVE('',#402,#404,#180,.T.);
#535=EDGE_CURVE('',#405,#406,#280,.T.);
#536=EDGE_CURVE('',#405,#403,#181,.T.);
#537=EDGE_CURVE('',#404,#406,#182,.T.);
#538=EDGE_CURVE('',#407,#408,#281,.T.);
#539=EDGE_CURVE('',#407,#405,#183,.T.);
#540=EDGE_CURVE('',#406,#408,#184,.T.);
#541=EDGE_CURVE('',#409,#410,#282,.T.);
#542=EDGE_CURVE('',#409,#407,#185,.T.);
#543=EDGE_CURVE('',#408,#410,#186,.T.);
#544=EDGE_CURVE('',#411,#412,#283,.T.);
#545=EDGE_CURVE('',#411,#409,#187,.T.);
#546=EDGE_CURVE('',#410,#412,#188,.T.);
#547=EDGE_CURVE('',#413,#414,#284,.T.);
#548=EDGE_CURVE('',#413,#411,#189,.T.);
#549=EDGE_CURVE('',#412,#414,#190,.T.);
#550=EDGE_CURVE('',#415,#416,#285,.T.);
#551=EDGE_CURVE('',#415,#413,#191,.T.);
#552=EDGE_CURVE('',#414,#416,#192,.T.);
#553=EDGE_CURVE('',#417,#418,#286,.T.);
#554=EDGE_CURVE('',#417,#415,#193,.T.);
#555=EDGE_CURVE('',#416,#418,#194,.T.);
#556=EDGE_CURVE('',#419,#420,#287,.T.);
#557=EDGE_CURVE('',#419,#417,#195,.T.);
#558=EDGE_CURVE('',#418,#420,#196,.T.);
#559=EDGE_CURVE('',#421,#422,#288,.T.);
#560=EDGE_CURVE('',#421,#419,#197,.T.);
#561=EDGE_CURVE('',#420,#422,#198,.T.);
#562=EDGE_CURVE('',#423,#424,#289,.T.);
#563=EDGE_CURVE('',#423,#421,#199,.T.);
#564=EDGE_CURVE('',#422,#424,#200,.T.);
#565=EDGE_CURVE('',#425,#426,#290,.T.);
#566=EDGE_CURVE('',#425,#423,#201,.T.);
#567=EDGE_CURVE('',#424,#426,#202,.T.);
#568=EDGE_CURVE('',#427,#428,#291,.T.);
#569=EDGE_CURVE('',#427,#425,#203,.T.);
#570=EDGE_CURVE('',#426,#428,#204,.T.);
#571=EDGE_CURVE('',#429,#430,#292,.T.);
#572=EDGE_CURVE('',#429,#431,#205,.T.);
#573=EDGE_CURVE('',#432,#431,#147,.T.);
#574=EDGE_CURVE('',#430,#432,#206,.T.);
#575=EDGE_CURVE('',#433,#434,#293,.T.);
#576=EDGE_CURVE('',#433,#429,#207,.T.);
#577=EDGE_CURVE('',#434,#430,#208,.T.);
#578=EDGE_CURVE('',#435,#436,#294,.T.);
#579=EDGE_CURVE('',#435,#433,#209,.T.);
#580=EDGE_CURVE('',#436,#434,#210,.T.);
#581=EDGE_CURVE('',#437,#438,#295,.T.);
#582=EDGE_CURVE('',#437,#435,#211,.T.);
#583=EDGE_CURVE('',#438,#436,#212,.T.);
#584=EDGE_CURVE('',#439,#440,#296,.T.);
#585=EDGE_CURVE('',#439,#437,#213,.T.);
#586=EDGE_CURVE('',#440,#438,#214,.T.);
#587=EDGE_CURVE('',#441,#442,#297,.T.);
#588=EDGE_CURVE('',#441,#439,#215,.T.);
#589=EDGE_CURVE('',#442,#440,#216,.T.);
#590=EDGE_CURVE('',#443,#444,#298,.T.);
#591=EDGE_CURVE('',#443,#441,#217,.T.);
#592=EDGE_CURVE('',#444,#442,#218,.T.);
#593=EDGE_CURVE('',#445,#446,#299,.T.);
#594=EDGE_CURVE('',#445,#443,#219,.T.);
#595=EDGE_CURVE('',#446,#444,#220,.T.);
#596=EDGE_CURVE('',#447,#448,#300,.T.);
#597=EDGE_CURVE('',#447,#445,#221,.T.);
#598=EDGE_CURVE('',#448,#446,#222,.T.);
#599=EDGE_CURVE('',#449,#450,#301,.T.);
#600=EDGE_CURVE('',#449,#447,#223,.T.);
#601=EDGE_CURVE('',#450,#448,#224,.T.);
#602=EDGE_CURVE('',#451,#452,#302,.T.);
#603=EDGE_CURVE('',#451,#449,#225,.T.);
#604=EDGE_CURVE('',#452,#450,#226,.T.);
#605=EDGE_CURVE('',#453,#454,#303,.T.);
#606=EDGE_CURVE('',#453,#451,#227,.T.);
#607=EDGE_CURVE('',#454,#452,#228,.T.);
#608=EDGE_CURVE('',#455,#456,#304,.T.);
#609=EDGE_CURVE('',#455,#453,#229,.T.);
#610=EDGE_CURVE('',#456,#454,#230,.T.);
#611=EDGE_CURVE('',#457,#458,#305,.T.);
#612=EDGE_CURVE('',#457,#455,#231,.T.);
#613=EDGE_CURVE('',#458,#456,#232,.T.);
#614=EDGE_CURVE('',#459,#460,#306,.T.);
#615=EDGE_CURVE('',#459,#457,#233,.T.);
#616=EDGE_CURVE('',#460,#458,#234,.T.);
#617=EDGE_CURVE('',#461,#462,#307,.T.);
#618=EDGE_CURVE('',#461,#459,#235,.T.);
#619=EDGE_CURVE('',#462,#460,#236,.T.);
#620=EDGE_CURVE('',#463,#464,#308,.T.);
#621=EDGE_CURVE('',#463,#461,#237,.T.);
#622=EDGE_CURVE('',#464,#462,#238,.T.);
#623=EDGE_CURVE('',#465,#466,#309,.T.);
#624=EDGE_CURVE('',#465,#463,#239,.T.);
#625=EDGE_CURVE('',#466,#464,#240,.T.);
#626=EDGE_CURVE('',#467,#468,#310,.T.);
#627=EDGE_CURVE('',#467,#465,#241,.T.);
#628=EDGE_CURVE('',#468,#466,#242,.T.);
#629=EDGE_CURVE('',#469,#470,#311,.T.);
#630=EDGE_CURVE('',#469,#467,#243,.T.);
#631=EDGE_CURVE('',#470,#468,#244,.T.);
#632=EDGE_CURVE('',#471,#472,#312,.T.);
#633=EDGE_CURVE('',#471,#469,#245,.T.);
#634=EDGE_CURVE('',#472,#470,#246,.T.);
#635=EDGE_CURVE('',#473,#474,#313,.T.);
#636=EDGE_CURVE('',#473,#471,#247,.T.);
#637=EDGE_CURVE('',#474,#472,#248,.T.);
#638=EDGE_CURVE('',#475,#476,#314,.T.);
#639=EDGE_CURVE('',#475,#473,#249,.T.);
#640=EDGE_CURVE('',#476,#474,#250,.T.);
#641=EDGE_CURVE('',#477,#478,#315,.T.);
#642=EDGE_CURVE('',#477,#475,#251,.T.);
#643=EDGE_CURVE('',#478,#476,#252,.T.);
#644=EDGE_CURVE('',#479,#480,#316,.T.);
#645=EDGE_CURVE('',#479,#477,#253,.T.);
#646=EDGE_CURVE('',#480,#478,#254,.T.);
#647=EDGE_CURVE('',#481,#482,#317,.T.);
#648=EDGE_CURVE('',#481,#479,#255,.T.);
#649=EDGE_CURVE('',#482,#480,#256,.T.);
#650=EDGE_CURVE('',#431,#483,#257,.T.);
#651=EDGE_CURVE('',#484,#483,#148,.F.);
#652=EDGE_CURVE('',#485,#484,#149,.F.);
#653=EDGE_CURVE('',#485,#432,#258,.T.);
#654=EDGE_CURVE('',#428,#485,#259,.T.);
#655=EDGE_CURVE('',#486,#378,#260,.T.);
#656=EDGE_CURVE('',#486,#482,#261,.T.);
#657=EDGE_CURVE('',#375,#487,#262,.T.);
#658=EDGE_CURVE('',#487,#486,#150,.T.);
#659=EDGE_CURVE('',#487,#481,#263,.T.);
#660=EDGE_CURVE('',#483,#427,#264,.T.);
#661=EDGE_CURVE('',#488,#488,#151,.T.);
#662=EDGE_CURVE('',#488,#484,#318,.T.);
#663=EDGE_CURVE('',#483,#485,#152,.F.);
#664=ORIENTED_EDGE('',*,*,#489,.F.);
#665=ORIENTED_EDGE('',*,*,#490,.T.);
#666=ORIENTED_EDGE('',*,*,#491,.T.);
#667=ORIENTED_EDGE('',*,*,#492,.T.);
#668=ORIENTED_EDGE('',*,*,#493,.T.);
#669=ORIENTED_EDGE('',*,*,#492,.F.);
#670=ORIENTED_EDGE('',*,*,#494,.T.);
#671=ORIENTED_EDGE('',*,*,#495,.T.);
#672=ORIENTED_EDGE('',*,*,#496,.F.);
#673=ORIENTED_EDGE('',*,*,#497,.T.);
#674=ORIENTED_EDGE('',*,*,#489,.T.);
#675=ORIENTED_EDGE('',*,*,#498,.T.);
#676=ORIENTED_EDGE('',*,*,#499,.F.);
#677=ORIENTED_EDGE('',*,*,#500,.T.);
#678=ORIENTED_EDGE('',*,*,#496,.T.);
#679=ORIENTED_EDGE('',*,*,#501,.T.);
#680=ORIENTED_EDGE('',*,*,#502,.F.);
#681=ORIENTED_EDGE('',*,*,#503,.T.);
#682=ORIENTED_EDGE('',*,*,#499,.T.);
#683=ORIENTED_EDGE('',*,*,#504,.T.);
#684=ORIENTED_EDGE('',*,*,#505,.F.);
#685=ORIENTED_EDGE('',*,*,#506,.T.);
#686=ORIENTED_EDGE('',*,*,#502,.T.);
#687=ORIENTED_EDGE('',*,*,#507,.T.);
#688=ORIENTED_EDGE('',*,*,#508,.F.);
#689=ORIENTED_EDGE('',*,*,#509,.T.);
#690=ORIENTED_EDGE('',*,*,#505,.T.);
#691=ORIENTED_EDGE('',*,*,#510,.T.);
#692=ORIENTED_EDGE('',*,*,#511,.F.);
#693=ORIENTED_EDGE('',*,*,#512,.T.);
#694=ORIENTED_EDGE('',*,*,#508,.T.);
#695=ORIENTED_EDGE('',*,*,#513,.T.);
#696=ORIENTED_EDGE('',*,*,#514,.F.);
#697=ORIENTED_EDGE('',*,*,#515,.T.);
#698=ORIENTED_EDGE('',*,*,#511,.T.);
#699=ORIENTED_EDGE('',*,*,#516,.T.);
#700=ORIENTED_EDGE('',*,*,#517,.F.);
#701=ORIENTED_EDGE('',*,*,#518,.T.);
#702=ORIENTED_EDGE('',*,*,#514,.T.);
#703=ORIENTED_EDGE('',*,*,#519,.T.);
#704=ORIENTED_EDGE('',*,*,#520,.F.);
#705=ORIENTED_EDGE('',*,*,#521,.T.);
#706=ORIENTED_EDGE('',*,*,#517,.T.);
#707=ORIENTED_EDGE('',*,*,#522,.T.);
#708=ORIENTED_EDGE('',*,*,#523,.F.);
#709=ORIENTED_EDGE('',*,*,#524,.T.);
#710=ORIENTED_EDGE('',*,*,#520,.T.);
#711=ORIENTED_EDGE('',*,*,#525,.T.);
#712=ORIENTED_EDGE('',*,*,#526,.F.);
#713=ORIENTED_EDGE('',*,*,#527,.T.);
#714=ORIENTED_EDGE('',*,*,#523,.T.);
#715=ORIENTED_EDGE('',*,*,#528,.T.);
#716=ORIENTED_EDGE('',*,*,#529,.F.);
#717=ORIENTED_EDGE('',*,*,#530,.T.);
#718=ORIENTED_EDGE('',*,*,#526,.T.);
#719=ORIENTED_EDGE('',*,*,#531,.T.);
#720=ORIENTED_EDGE('',*,*,#532,.F.);
#721=ORIENTED_EDGE('',*,*,#533,.T.);
#722=ORIENTED_EDGE('',*,*,#529,.T.);
#723=ORIENTED_EDGE('',*,*,#534,.T.);
#724=ORIENTED_EDGE('',*,*,#535,.F.);
#725=ORIENTED_EDGE('',*,*,#536,.T.);
#726=ORIENTED_EDGE('',*,*,#532,.T.);
#727=ORIENTED_EDGE('',*,*,#537,.T.);
#728=ORIENTED_EDGE('',*,*,#538,.F.);
#729=ORIENTED_EDGE('',*,*,#539,.T.);
#730=ORIENTED_EDGE('',*,*,#535,.T.);
#731=ORIENTED_EDGE('',*,*,#540,.T.);
#732=ORIENTED_EDGE('',*,*,#541,.F.);
#733=ORIENTED_EDGE('',*,*,#542,.T.);
#734=ORIENTED_EDGE('',*,*,#538,.T.);
#735=ORIENTED_EDGE('',*,*,#543,.T.);
#736=ORIENTED_EDGE('',*,*,#544,.F.);
#737=ORIENTED_EDGE('',*,*,#545,.T.);
#738=ORIENTED_EDGE('',*,*,#541,.T.);
#739=ORIENTED_EDGE('',*,*,#546,.T.);
#740=ORIENTED_EDGE('',*,*,#547,.F.);
#741=ORIENTED_EDGE('',*,*,#548,.T.);
#742=ORIENTED_EDGE('',*,*,#544,.T.);
#743=ORIENTED_EDGE('',*,*,#549,.T.);
#744=ORIENTED_EDGE('',*,*,#550,.F.);
#745=ORIENTED_EDGE('',*,*,#551,.T.);
#746=ORIENTED_EDGE('',*,*,#547,.T.);
#747=ORIENTED_EDGE('',*,*,#552,.T.);
#748=ORIENTED_EDGE('',*,*,#553,.F.);
#749=ORIENTED_EDGE('',*,*,#554,.T.);
#750=ORIENTED_EDGE('',*,*,#550,.T.);
#751=ORIENTED_EDGE('',*,*,#555,.T.);
#752=ORIENTED_EDGE('',*,*,#556,.F.);
#753=ORIENTED_EDGE('',*,*,#557,.T.);
#754=ORIENTED_EDGE('',*,*,#553,.T.);
#755=ORIENTED_EDGE('',*,*,#558,.T.);
#756=ORIENTED_EDGE('',*,*,#559,.F.);
#757=ORIENTED_EDGE('',*,*,#560,.T.);
#758=ORIENTED_EDGE('',*,*,#556,.T.);
#759=ORIENTED_EDGE('',*,*,#561,.T.);
#760=ORIENTED_EDGE('',*,*,#562,.F.);
#761=ORIENTED_EDGE('',*,*,#563,.T.);
#762=ORIENTED_EDGE('',*,*,#559,.T.);
#763=ORIENTED_EDGE('',*,*,#564,.T.);
#764=ORIENTED_EDGE('',*,*,#565,.F.);
#765=ORIENTED_EDGE('',*,*,#566,.T.);
#766=ORIENTED_EDGE('',*,*,#562,.T.);
#767=ORIENTED_EDGE('',*,*,#567,.T.);
#768=ORIENTED_EDGE('',*,*,#568,.F.);
#769=ORIENTED_EDGE('',*,*,#569,.T.);
#770=ORIENTED_EDGE('',*,*,#565,.T.);
#771=ORIENTED_EDGE('',*,*,#570,.T.);
#772=ORIENTED_EDGE('',*,*,#571,.F.);
#773=ORIENTED_EDGE('',*,*,#572,.T.);
#774=ORIENTED_EDGE('',*,*,#573,.F.);
#775=ORIENTED_EDGE('',*,*,#574,.F.);
#776=ORIENTED_EDGE('',*,*,#575,.F.);
#777=ORIENTED_EDGE('',*,*,#576,.T.);
#778=ORIENTED_EDGE('',*,*,#571,.T.);
#779=ORIENTED_EDGE('',*,*,#577,.F.);
#780=ORIENTED_EDGE('',*,*,#578,.F.);
#781=ORIENTED_EDGE('',*,*,#579,.T.);
#782=ORIENTED_EDGE('',*,*,#575,.T.);
#783=ORIENTED_EDGE('',*,*,#580,.F.);
#784=ORIENTED_EDGE('',*,*,#581,.F.);
#785=ORIENTED_EDGE('',*,*,#582,.T.);
#786=ORIENTED_EDGE('',*,*,#578,.T.);
#787=ORIENTED_EDGE('',*,*,#583,.F.);
#788=ORIENTED_EDGE('',*,*,#584,.F.);
#789=ORIENTED_EDGE('',*,*,#585,.T.);
#790=ORIENTED_EDGE('',*,*,#581,.T.);
#791=ORIENTED_EDGE('',*,*,#586,.F.);
#792=ORIENTED_EDGE('',*,*,#587,.F.);
#793=ORIENTED_EDGE('',*,*,#588,.T.);
#794=ORIENTED_EDGE('',*,*,#584,.T.);
#795=ORIENTED_EDGE('',*,*,#589,.F.);
#796=ORIENTED_EDGE('',*,*,#590,.F.);
#797=ORIENTED_EDGE('',*,*,#591,.T.);
#798=ORIENTED_EDGE('',*,*,#587,.T.);
#799=ORIENTED_EDGE('',*,*,#592,.F.);
#800=ORIENTED_EDGE('',*,*,#593,.F.);
#801=ORIENTED_EDGE('',*,*,#594,.T.);
#802=ORIENTED_EDGE('',*,*,#590,.T.);
#803=ORIENTED_EDGE('',*,*,#595,.F.);
#804=ORIENTED_EDGE('',*,*,#596,.F.);
#805=ORIENTED_EDGE('',*,*,#597,.T.);
#806=ORIENTED_EDGE('',*,*,#593,.T.);
#807=ORIENTED_EDGE('',*,*,#598,.F.);
#808=ORIENTED_EDGE('',*,*,#599,.F.);
#809=ORIENTED_EDGE('',*,*,#600,.T.);
#810=ORIENTED_EDGE('',*,*,#596,.T.);
#811=ORIENTED_EDGE('',*,*,#601,.F.);
#812=ORIENTED_EDGE('',*,*,#602,.F.);
#813=ORIENTED_EDGE('',*,*,#603,.T.);
#814=ORIENTED_EDGE('',*,*,#599,.T.);
#815=ORIENTED_EDGE('',*,*,#604,.F.);
#816=ORIENTED_EDGE('',*,*,#605,.F.);
#817=ORIENTED_EDGE('',*,*,#606,.T.);
#818=ORIENTED_EDGE('',*,*,#602,.T.);
#819=ORIENTED_EDGE('',*,*,#607,.F.);
#820=ORIENTED_EDGE('',*,*,#608,.F.);
#821=ORIENTED_EDGE('',*,*,#609,.T.);
#822=ORIENTED_EDGE('',*,*,#605,.T.);
#823=ORIENTED_EDGE('',*,*,#610,.F.);
#824=ORIENTED_EDGE('',*,*,#611,.F.);
#825=ORIENTED_EDGE('',*,*,#612,.T.);
#826=ORIENTED_EDGE('',*,*,#608,.T.);
#827=ORIENTED_EDGE('',*,*,#613,.F.);
#828=ORIENTED_EDGE('',*,*,#614,.F.);
#829=ORIENTED_EDGE('',*,*,#615,.T.);
#830=ORIENTED_EDGE('',*,*,#611,.T.);
#831=ORIENTED_EDGE('',*,*,#616,.F.);
#832=ORIENTED_EDGE('',*,*,#617,.F.);
#833=ORIENTED_EDGE('',*,*,#618,.T.);
#834=ORIENTED_EDGE('',*,*,#614,.T.);
#835=ORIENTED_EDGE('',*,*,#619,.F.);
#836=ORIENTED_EDGE('',*,*,#620,.F.);
#837=ORIENTED_EDGE('',*,*,#621,.T.);
#838=ORIENTED_EDGE('',*,*,#617,.T.);
#839=ORIENTED_EDGE('',*,*,#622,.F.);
#840=ORIENTED_EDGE('',*,*,#623,.F.);
#841=ORIENTED_EDGE('',*,*,#624,.T.);
#842=ORIENTED_EDGE('',*,*,#620,.T.);
#843=ORIENTED_EDGE('',*,*,#625,.F.);
#844=ORIENTED_EDGE('',*,*,#626,.F.);
#845=ORIENTED_EDGE('',*,*,#627,.T.);
#846=ORIENTED_EDGE('',*,*,#623,.T.);
#847=ORIENTED_EDGE('',*,*,#628,.F.);
#848=ORIENTED_EDGE('',*,*,#629,.F.);
#849=ORIENTED_EDGE('',*,*,#630,.T.);
#850=ORIENTED_EDGE('',*,*,#626,.T.);
#851=ORIENTED_EDGE('',*,*,#631,.F.);
#852=ORIENTED_EDGE('',*,*,#632,.F.);
#853=ORIENTED_EDGE('',*,*,#633,.T.);
#854=ORIENTED_EDGE('',*,*,#629,.T.);
#855=ORIENTED_EDGE('',*,*,#634,.F.);
#856=ORIENTED_EDGE('',*,*,#635,.F.);
#857=ORIENTED_EDGE('',*,*,#636,.T.);
#858=ORIENTED_EDGE('',*,*,#632,.T.);
#859=ORIENTED_EDGE('',*,*,#637,.F.);
#860=ORIENTED_EDGE('',*,*,#638,.F.);
#861=ORIENTED_EDGE('',*,*,#639,.T.);
#862=ORIENTED_EDGE('',*,*,#635,.T.);
#863=ORIENTED_EDGE('',*,*,#640,.F.);
#864=ORIENTED_EDGE('',*,*,#641,.F.);
#865=ORIENTED_EDGE('',*,*,#642,.T.);
#866=ORIENTED_EDGE('',*,*,#638,.T.);
#867=ORIENTED_EDGE('',*,*,#643,.F.);
#868=ORIENTED_EDGE('',*,*,#644,.F.);
#869=ORIENTED_EDGE('',*,*,#645,.T.);
#870=ORIENTED_EDGE('',*,*,#641,.T.);
#871=ORIENTED_EDGE('',*,*,#646,.F.);
#872=ORIENTED_EDGE('',*,*,#647,.F.);
#873=ORIENTED_EDGE('',*,*,#648,.T.);
#874=ORIENTED_EDGE('',*,*,#644,.T.);
#875=ORIENTED_EDGE('',*,*,#649,.F.);
#876=ORIENTED_EDGE('',*,*,#493,.F.);
#877=ORIENTED_EDGE('',*,*,#573,.T.);
#878=ORIENTED_EDGE('',*,*,#650,.T.);
#879=ORIENTED_EDGE('',*,*,#651,.F.);
#880=ORIENTED_EDGE('',*,*,#652,.F.);
#881=ORIENTED_EDGE('',*,*,#653,.T.);
#882=ORIENTED_EDGE('',*,*,#653,.F.);
#883=ORIENTED_EDGE('',*,*,#654,.F.);
#884=ORIENTED_EDGE('',*,*,#570,.F.);
#885=ORIENTED_EDGE('',*,*,#567,.F.);
#886=ORIENTED_EDGE('',*,*,#564,.F.);
#887=ORIENTED_EDGE('',*,*,#561,.F.);
#888=ORIENTED_EDGE('',*,*,#558,.F.);
#889=ORIENTED_EDGE('',*,*,#555,.F.);
#890=ORIENTED_EDGE('',*,*,#552,.F.);
#891=ORIENTED_EDGE('',*,*,#549,.F.);
#892=ORIENTED_EDGE('',*,*,#546,.F.);
#893=ORIENTED_EDGE('',*,*,#543,.F.);
#894=ORIENTED_EDGE('',*,*,#540,.F.);
#895=ORIENTED_EDGE('',*,*,#537,.F.);
#896=ORIENTED_EDGE('',*,*,#534,.F.);
#897=ORIENTED_EDGE('',*,*,#531,.F.);
#898=ORIENTED_EDGE('',*,*,#528,.F.);
#899=ORIENTED_EDGE('',*,*,#525,.F.);
#900=ORIENTED_EDGE('',*,*,#522,.F.);
#901=ORIENTED_EDGE('',*,*,#519,.F.);
#902=ORIENTED_EDGE('',*,*,#516,.F.);
#903=ORIENTED_EDGE('',*,*,#513,.F.);
#904=ORIENTED_EDGE('',*,*,#510,.F.);
#905=ORIENTED_EDGE('',*,*,#507,.F.);
#906=ORIENTED_EDGE('',*,*,#504,.F.);
#907=ORIENTED_EDGE('',*,*,#501,.F.);
#908=ORIENTED_EDGE('',*,*,#498,.F.);
#909=ORIENTED_EDGE('',*,*,#495,.F.);
#910=ORIENTED_EDGE('',*,*,#655,.F.);
#911=ORIENTED_EDGE('',*,*,#656,.T.);
#912=ORIENTED_EDGE('',*,*,#649,.T.);
#913=ORIENTED_EDGE('',*,*,#646,.T.);
#914=ORIENTED_EDGE('',*,*,#643,.T.);
#915=ORIENTED_EDGE('',*,*,#640,.T.);
#916=ORIENTED_EDGE('',*,*,#637,.T.);
#917=ORIENTED_EDGE('',*,*,#634,.T.);
#918=ORIENTED_EDGE('',*,*,#631,.T.);
#919=ORIENTED_EDGE('',*,*,#628,.T.);
#920=ORIENTED_EDGE('',*,*,#625,.T.);
#921=ORIENTED_EDGE('',*,*,#622,.T.);
#922=ORIENTED_EDGE('',*,*,#619,.T.);
#923=ORIENTED_EDGE('',*,*,#616,.T.);
#924=ORIENTED_EDGE('',*,*,#613,.T.);
#925=ORIENTED_EDGE('',*,*,#610,.T.);
#926=ORIENTED_EDGE('',*,*,#607,.T.);
#927=ORIENTED_EDGE('',*,*,#604,.T.);
#928=ORIENTED_EDGE('',*,*,#601,.T.);
#929=ORIENTED_EDGE('',*,*,#598,.T.);
#930=ORIENTED_EDGE('',*,*,#595,.T.);
#931=ORIENTED_EDGE('',*,*,#592,.T.);
#932=ORIENTED_EDGE('',*,*,#589,.T.);
#933=ORIENTED_EDGE('',*,*,#586,.T.);
#934=ORIENTED_EDGE('',*,*,#583,.T.);
#935=ORIENTED_EDGE('',*,*,#580,.T.);
#936=ORIENTED_EDGE('',*,*,#577,.T.);
#937=ORIENTED_EDGE('',*,*,#574,.T.);
#938=ORIENTED_EDGE('',*,*,#491,.F.);
#939=ORIENTED_EDGE('',*,*,#657,.T.);
#940=ORIENTED_EDGE('',*,*,#658,.T.);
#941=ORIENTED_EDGE('',*,*,#655,.T.);
#942=ORIENTED_EDGE('',*,*,#494,.F.);
#943=ORIENTED_EDGE('',*,*,#647,.T.);
#944=ORIENTED_EDGE('',*,*,#656,.F.);
#945=ORIENTED_EDGE('',*,*,#658,.F.);
#946=ORIENTED_EDGE('',*,*,#659,.T.);
#947=ORIENTED_EDGE('',*,*,#650,.F.);
#948=ORIENTED_EDGE('',*,*,#572,.F.);
#949=ORIENTED_EDGE('',*,*,#576,.F.);
#950=ORIENTED_EDGE('',*,*,#579,.F.);
#951=ORIENTED_EDGE('',*,*,#582,.F.);
#952=ORIENTED_EDGE('',*,*,#585,.F.);
#953=ORIENTED_EDGE('',*,*,#588,.F.);
#954=ORIENTED_EDGE('',*,*,#591,.F.);
#955=ORIENTED_EDGE('',*,*,#594,.F.);
#956=ORIENTED_EDGE('',*,*,#597,.F.);
#957=ORIENTED_EDGE('',*,*,#600,.F.);
#958=ORIENTED_EDGE('',*,*,#603,.F.);
#959=ORIENTED_EDGE('',*,*,#606,.F.);
#960=ORIENTED_EDGE('',*,*,#609,.F.);
#961=ORIENTED_EDGE('',*,*,#612,.F.);
#962=ORIENTED_EDGE('',*,*,#615,.F.);
#963=ORIENTED_EDGE('',*,*,#618,.F.);
#964=ORIENTED_EDGE('',*,*,#621,.F.);
#965=ORIENTED_EDGE('',*,*,#624,.F.);
#966=ORIENTED_EDGE('',*,*,#627,.F.);
#967=ORIENTED_EDGE('',*,*,#630,.F.);
#968=ORIENTED_EDGE('',*,*,#633,.F.);
#969=ORIENTED_EDGE('',*,*,#636,.F.);
#970=ORIENTED_EDGE('',*,*,#639,.F.);
#971=ORIENTED_EDGE('',*,*,#642,.F.);
#972=ORIENTED_EDGE('',*,*,#645,.F.);
#973=ORIENTED_EDGE('',*,*,#648,.F.);
#974=ORIENTED_EDGE('',*,*,#659,.F.);
#975=ORIENTED_EDGE('',*,*,#657,.F.);
#976=ORIENTED_EDGE('',*,*,#490,.F.);
#977=ORIENTED_EDGE('',*,*,#497,.F.);
#978=ORIENTED_EDGE('',*,*,#500,.F.);
#979=ORIENTED_EDGE('',*,*,#503,.F.);
#980=ORIENTED_EDGE('',*,*,#506,.F.);
#981=ORIENTED_EDGE('',*,*,#509,.F.);
#982=ORIENTED_EDGE('',*,*,#512,.F.);
#983=ORIENTED_EDGE('',*,*,#515,.F.);
#984=ORIENTED_EDGE('',*,*,#518,.F.);
#985=ORIENTED_EDGE('',*,*,#521,.F.);
#986=ORIENTED_EDGE('',*,*,#524,.F.);
#987=ORIENTED_EDGE('',*,*,#527,.F.);
#988=ORIENTED_EDGE('',*,*,#530,.F.);
#989=ORIENTED_EDGE('',*,*,#533,.F.);
#990=ORIENTED_EDGE('',*,*,#536,.F.);
#991=ORIENTED_EDGE('',*,*,#539,.F.);
#992=ORIENTED_EDGE('',*,*,#542,.F.);
#993=ORIENTED_EDGE('',*,*,#545,.F.);
#994=ORIENTED_EDGE('',*,*,#548,.F.);
#995=ORIENTED_EDGE('',*,*,#551,.F.);
#996=ORIENTED_EDGE('',*,*,#554,.F.);
#997=ORIENTED_EDGE('',*,*,#557,.F.);
#998=ORIENTED_EDGE('',*,*,#560,.F.);
#999=ORIENTED_EDGE('',*,*,#563,.F.);
#1000=ORIENTED_EDGE('',*,*,#566,.F.);
#1001=ORIENTED_EDGE('',*,*,#569,.F.);
#1002=ORIENTED_EDGE('',*,*,#660,.F.);
#1003=ORIENTED_EDGE('',*,*,#661,.T.);
#1004=ORIENTED_EDGE('',*,*,#662,.T.);
#1005=ORIENTED_EDGE('',*,*,#651,.T.);
#1006=ORIENTED_EDGE('',*,*,#663,.T.);
#1007=ORIENTED_EDGE('',*,*,#652,.T.);
#1008=ORIENTED_EDGE('',*,*,#662,.F.);
#1009=ORIENTED_EDGE('',*,*,#568,.T.);
#1010=ORIENTED_EDGE('',*,*,#654,.T.);
#1011=ORIENTED_EDGE('',*,*,#663,.F.);
#1012=ORIENTED_EDGE('',*,*,#660,.T.);
#1013=ORIENTED_EDGE('',*,*,#661,.F.);
#1014=CYLINDRICAL_SURFACE('',#1143,14.86725);
#1015=CYLINDRICAL_SURFACE('',#1147,14.86725);
#1016=CYLINDRICAL_SURFACE('',#1148,14.86725);
#1017=CYLINDRICAL_SURFACE('',#1149,14.86725);
#1018=CYLINDRICAL_SURFACE('',#1150,14.86725);
#1019=CYLINDRICAL_SURFACE('',#1151,14.86725);
#1020=CYLINDRICAL_SURFACE('',#1152,14.86725);
#1021=CYLINDRICAL_SURFACE('',#1153,14.86725);
#1022=CYLINDRICAL_SURFACE('',#1154,14.86725);
#1023=CYLINDRICAL_SURFACE('',#1155,14.86725);
#1024=CYLINDRICAL_SURFACE('',#1156,14.86725);
#1025=CYLINDRICAL_SURFACE('',#1157,14.86725);
#1026=CYLINDRICAL_SURFACE('',#1158,14.86725);
#1027=CYLINDRICAL_SURFACE('',#1159,14.86725);
#1028=CYLINDRICAL_SURFACE('',#1160,14.86725);
#1029=CYLINDRICAL_SURFACE('',#1161,14.86725);
#1030=CYLINDRICAL_SURFACE('',#1162,14.86725);
#1031=CYLINDRICAL_SURFACE('',#1163,14.86725);
#1032=CYLINDRICAL_SURFACE('',#1164,14.86725);
#1033=CYLINDRICAL_SURFACE('',#1165,14.86725);
#1034=CYLINDRICAL_SURFACE('',#1166,14.86725);
#1035=CYLINDRICAL_SURFACE('',#1167,14.86725);
#1036=CYLINDRICAL_SURFACE('',#1168,14.86725);
#1037=CYLINDRICAL_SURFACE('',#1169,14.86725);
#1038=CYLINDRICAL_SURFACE('',#1170,14.86725);
#1039=CYLINDRICAL_SURFACE('',#1171,14.86725);
#1040=CYLINDRICAL_SURFACE('',#1172,12.866);
#1041=CYLINDRICAL_SURFACE('',#1174,12.866);
#1042=CYLINDRICAL_SURFACE('',#1175,12.866);
#1043=CYLINDRICAL_SURFACE('',#1176,12.866);
#1044=CYLINDRICAL_SURFACE('',#1177,12.866);
#1045=CYLINDRICAL_SURFACE('',#1178,12.866);
#1046=CYLINDRICAL_SURFACE('',#1179,12.866);
#1047=CYLINDRICAL_SURFACE('',#1180,12.866);
#1048=CYLINDRICAL_SURFACE('',#1181,12.866);
#1049=CYLINDRICAL_SURFACE('',#1182,12.866);
#1050=CYLINDRICAL_SURFACE('',#1183,12.866);
#1051=CYLINDRICAL_SURFACE('',#1184,12.866);
#1052=CYLINDRICAL_SURFACE('',#1185,12.866);
#1053=CYLINDRICAL_SURFACE('',#1186,12.866);
#1054=CYLINDRICAL_SURFACE('',#1187,12.866);
#1055=CYLINDRICAL_SURFACE('',#1188,12.866);
#1056=CYLINDRICAL_SURFACE('',#1189,12.866);
#1057=CYLINDRICAL_SURFACE('',#1190,12.866);
#1058=CYLINDRICAL_SURFACE('',#1191,12.866);
#1059=CYLINDRICAL_SURFACE('',#1192,12.866);
#1060=CYLINDRICAL_SURFACE('',#1193,12.866);
#1061=CYLINDRICAL_SURFACE('',#1194,12.866);
#1062=CYLINDRICAL_SURFACE('',#1195,12.866);
#1063=CYLINDRICAL_SURFACE('',#1196,12.866);
#1064=CYLINDRICAL_SURFACE('',#1197,12.866);
#1065=CYLINDRICAL_SURFACE('',#1198,12.866);
#1066=CYLINDRICAL_SURFACE('',#1205,12.866);
#1067=CYLINDRICAL_SURFACE('',#1209,14.86725);
#1068=ADVANCED_FACE('',(#22),#1014,.T.);
#1069=ADVANCED_FACE('',(#23),#1015,.T.);
#1070=ADVANCED_FACE('',(#24),#1016,.T.);
#1071=ADVANCED_FACE('',(#25),#1017,.T.);
#1072=ADVANCED_FACE('',(#26),#1018,.T.);
#1073=ADVANCED_FACE('',(#27),#1019,.T.);
#1074=ADVANCED_FACE('',(#28),#1020,.T.);
#1075=ADVANCED_FACE('',(#29),#1021,.T.);
#1076=ADVANCED_FACE('',(#30),#1022,.T.);
#1077=ADVANCED_FACE('',(#31),#1023,.T.);
#1078=ADVANCED_FACE('',(#32),#1024,.T.);
#1079=ADVANCED_FACE('',(#33),#1025,.T.);
#1080=ADVANCED_FACE('',(#34),#1026,.T.);
#1081=ADVANCED_FACE('',(#35),#1027,.T.);
#1082=ADVANCED_FACE('',(#36),#1028,.T.);
#1083=ADVANCED_FACE('',(#37),#1029,.T.);
#1084=ADVANCED_FACE('',(#38),#1030,.T.);
#1085=ADVANCED_FACE('',(#39),#1031,.T.);
#1086=ADVANCED_FACE('',(#40),#1032,.T.);
#1087=ADVANCED_FACE('',(#41),#1033,.T.);
#1088=ADVANCED_FACE('',(#42),#1034,.T.);
#1089=ADVANCED_FACE('',(#43),#1035,.T.);
#1090=ADVANCED_FACE('',(#44),#1036,.T.);
#1091=ADVANCED_FACE('',(#45),#1037,.T.);
#1092=ADVANCED_FACE('',(#46),#1038,.T.);
#1093=ADVANCED_FACE('',(#47),#1039,.T.);
#1094=ADVANCED_FACE('',(#48),#1040,.T.);
#1095=ADVANCED_FACE('',(#49),#1041,.T.);
#1096=ADVANCED_FACE('',(#50),#1042,.T.);
#1097=ADVANCED_FACE('',(#51),#1043,.T.);
#1098=ADVANCED_FACE('',(#52),#1044,.T.);
#1099=ADVANCED_FACE('',(#53),#1045,.T.);
#1100=ADVANCED_FACE('',(#54),#1046,.T.);
#1101=ADVANCED_FACE('',(#55),#1047,.T.);
#1102=ADVANCED_FACE('',(#56),#1048,.T.);
#1103=ADVANCED_FACE('',(#57),#1049,.T.);
#1104=ADVANCED_FACE('',(#58),#1050,.T.);
#1105=ADVANCED_FACE('',(#59),#1051,.T.);
#1106=ADVANCED_FACE('',(#60),#1052,.T.);
#1107=ADVANCED_FACE('',(#61),#1053,.T.);
#1108=ADVANCED_FACE('',(#62),#1054,.T.);
#1109=ADVANCED_FACE('',(#63),#1055,.T.);
#1110=ADVANCED_FACE('',(#64),#1056,.T.);
#1111=ADVANCED_FACE('',(#65),#1057,.T.);
#1112=ADVANCED_FACE('',(#66),#1058,.T.);
#1113=ADVANCED_FACE('',(#67),#1059,.T.);
#1114=ADVANCED_FACE('',(#68),#1060,.T.);
#1115=ADVANCED_FACE('',(#69),#1061,.T.);
#1116=ADVANCED_FACE('',(#70),#1062,.T.);
#1117=ADVANCED_FACE('',(#71),#1063,.T.);
#1118=ADVANCED_FACE('',(#72),#1064,.T.);
#1119=ADVANCED_FACE('',(#73),#1065,.T.);
#1120=ADVANCED_FACE('',(#74),#18,.F.);
#1121=ADVANCED_FACE('',(#75),#19,.F.);
#1122=ADVANCED_FACE('',(#76),#16,.F.);
#1123=ADVANCED_FACE('',(#77),#20,.T.);
#1124=ADVANCED_FACE('',(#78),#1066,.T.);
#1125=ADVANCED_FACE('',(#79),#17,.F.);
#1126=ADVANCED_FACE('',(#80),#15,.T.);
#1127=ADVANCED_FACE('',(#81),#1067,.T.);
#1128=ADVANCED_FACE('',(#82),#21,.T.);
#1129=CLOSED_SHELL('',(#1068,#1069,#1070,#1071,#1072,#1073,#1074,#1075,
#1076,#1077,#1078,#1079,#1080,#1081,#1082,#1083,#1084,#1085,#1086,#1087,
#1088,#1089,#1090,#1091,#1092,#1093,#1094,#1095,#1096,#1097,#1098,#1099,
#1100,#1101,#1102,#1103,#1104,#1105,#1106,#1107,#1108,#1109,#1110,#1111,
#1112,#1113,#1114,#1115,#1116,#1117,#1118,#1119,#1120,#1121,#1122,#1123,
#1124,#1125,#1126,#1127,#1128));
#1130=DERIVED_UNIT_ELEMENT(#1132,1.);
#1131=DERIVED_UNIT_ELEMENT(#8589,-3.);
#1132=(
MASS_UNIT()
NAMED_UNIT(*)
SI_UNIT(.KILO.,.GRAM.)
);
#1133=DERIVED_UNIT((#1130,#1131));
#1134=MEASURE_REPRESENTATION_ITEM('density measure',
POSITIVE_RATIO_MEASURE(7850.),#1133);
#1135=PROPERTY_DEFINITION_REPRESENTATION(#1140,#1137);
#1136=PROPERTY_DEFINITION_REPRESENTATION(#1141,#1138);
#1137=REPRESENTATION('material name',(#1139),#8586);
#1138=REPRESENTATION('density',(#1134),#8586);
#1139=DESCRIPTIVE_REPRESENTATION_ITEM('Steel','Steel');
#1140=PROPERTY_DEFINITION('material property','material name',#8596);
#1141=PROPERTY_DEFINITION('material property','density of part',#8596);
#1142=AXIS2_PLACEMENT_3D('',#1403,#1211,#1212);
#1143=AXIS2_PLACEMENT_3D('',#1404,#1213,#1214);
#1144=AXIS2_PLACEMENT_3D('',#1441,#1216,#1217);
#1145=AXIS2_PLACEMENT_3D('',#1444,#1219,#1220);
#1146=AXIS2_PLACEMENT_3D('',#1446,#1221,#1222);
#1147=AXIS2_PLACEMENT_3D('',#1472,#1223,#1224);
#1148=AXIS2_PLACEMENT_3D('',#1556,#1226,#1227);
#1149=AXIS2_PLACEMENT_3D('',#1646,#1229,#1230);
#1150=AXIS2_PLACEMENT_3D('',#1730,#1232,#1233);
#1151=AXIS2_PLACEMENT_3D('',#1820,#1235,#1236);
#1152=AXIS2_PLACEMENT_3D('',#1910,#1238,#1239);
#1153=AXIS2_PLACEMENT_3D('',#1994,#1241,#1242);
#1154=AXIS2_PLACEMENT_3D('',#2084,#1244,#1245);
#1155=AXIS2_PLACEMENT_3D('',#2168,#1247,#1248);
#1156=AXIS2_PLACEMENT_3D('',#2258,#1250,#1251);
#1157=AXIS2_PLACEMENT_3D('',#2348,#1253,#1254);
#1158=AXIS2_PLACEMENT_3D('',#2432,#1256,#1257);
#1159=AXIS2_PLACEMENT_3D('',#2522,#1259,#1260);
#1160=AXIS2_PLACEMENT_3D('',#2606,#1262,#1263);
#1161=AXIS2_PLACEMENT_3D('',#2696,#1265,#1266);
#1162=AXIS2_PLACEMENT_3D('',#2786,#1268,#1269);
#1163=AXIS2_PLACEMENT_3D('',#2870,#1271,#1272);
#1164=AXIS2_PLACEMENT_3D('',#2960,#1274,#1275);
#1165=AXIS2_PLACEMENT_3D('',#3044,#1277,#1278);
#1166=AXIS2_PLACEMENT_3D('',#3134,#1280,#1281);
#1167=AXIS2_PLACEMENT_3D('',#3221,#1283,#1284);
#1168=AXIS2_PLACEMENT_3D('',#3305,#1286,#1287);
#1169=AXIS2_PLACEMENT_3D('',#3395,#1289,#1290);
#1170=AXIS2_PLACEMENT_3D('',#3479,#1292,#1293);
#1171=AXIS2_PLACEMENT_3D('',#3569,#1295,#1296);
#1172=AXIS2_PLACEMENT_3D('',#3656,#1298,#1299);
#1173=AXIS2_PLACEMENT_3D('',#3674,#1301,#1302);
#1174=AXIS2_PLACEMENT_3D('',#3684,#1303,#1304);
#1175=AXIS2_PLACEMENT_3D('',#3748,#1306,#1307);
#1176=AXIS2_PLACEMENT_3D('',#3835,#1309,#1310);
#1177=AXIS2_PLACEMENT_3D('',#3922,#1312,#1313);
#1178=AXIS2_PLACEMENT_3D('',#4009,#1315,#1316);
#1179=AXIS2_PLACEMENT_3D('',#4093,#1318,#1319);
#1180=AXIS2_PLACEMENT_3D('',#4157,#1321,#1322);
#1181=AXIS2_PLACEMENT_3D('',#4194,#1324,#1325);
#1182=AXIS2_PLACEMENT_3D('',#4257,#1327,#1328);
#1183=AXIS2_PLACEMENT_3D('',#4318,#1330,#1331);
#1184=AXIS2_PLACEMENT_3D('',#4355,#1333,#1334);
#1185=AXIS2_PLACEMENT_3D('',#4419,#1336,#1337);
#1186=AXIS2_PLACEMENT_3D('',#4506,#1339,#1340);
#1187=AXIS2_PLACEMENT_3D('',#4567,#1342,#1343);
#1188=AXIS2_PLACEMENT_3D('',#4654,#1345,#1346);
#1189=AXIS2_PLACEMENT_3D('',#4741,#1348,#1349);
#1190=AXIS2_PLACEMENT_3D('',#4805,#1351,#1352);
#1191=AXIS2_PLACEMENT_3D('',#4866,#1354,#1355);
#1192=AXIS2_PLACEMENT_3D('',#4929,#1357,#1358);
#1193=AXIS2_PLACEMENT_3D('',#4966,#1360,#1361);
#1194=AXIS2_PLACEMENT_3D('',#5003,#1363,#1364);
#1195=AXIS2_PLACEMENT_3D('',#5041,#1366,#1367);
#1196=AXIS2_PLACEMENT_3D('',#5102,#1369,#1370);
#1197=AXIS2_PLACEMENT_3D('',#5189,#1372,#1373);
#1198=AXIS2_PLACEMENT_3D('',#5276,#1375,#1376);
#1199=AXIS2_PLACEMENT_3D('',#5363,#1378,#1379);
#1200=AXIS2_PLACEMENT_3D('',#5364,#1380,#1381);
#1201=AXIS2_PLACEMENT_3D('',#5500,#1382,#1383);
#1202=AXIS2_PLACEMENT_3D('',#5502,#1384,#1385);
#1203=AXIS2_PLACEMENT_3D('',#7111,#1386,#1387);
#1204=AXIS2_PLACEMENT_3D('',#7243,#1388,#1389);
#1205=AXIS2_PLACEMENT_3D('',#7244,#1390,#1391);
#1206=AXIS2_PLACEMENT_3D('',#8577,#1392,#1393);
#1207=AXIS2_PLACEMENT_3D('',#8579,#1394,#1395);
#1208=AXIS2_PLACEMENT_3D('',#8581,#1397,#1398);
#1209=AXIS2_PLACEMENT_3D('',#8582,#1399,#1400);
#1210=AXIS2_PLACEMENT_3D('',#8583,#1401,#1402);
#1211=DIRECTION('axis',(0.,0.,1.));
#1212=DIRECTION('refdir',(1.,0.,0.));
#1213=DIRECTION('center_axis',(0.,0.,1.));
#1214=DIRECTION('ref_axis',(1.,0.,0.));
#1215=DIRECTION('',(0.,0.,-1.));
#1216=DIRECTION('center_axis',(0.,0.,-1.));
#1217=DIRECTION('ref_axis',(1.,0.,0.));
#1218=DIRECTION('',(0.,0.,-1.));
#1219=DIRECTION('center_axis',(0.,0.,1.));
#1220=DIRECTION('ref_axis',(1.,0.,0.));
#1221=DIRECTION('center_axis',(0.,0.,-1.));
#1222=DIRECTION('ref_axis',(1.,0.,0.));
#1223=DIRECTION('center_axis',(0.,0.,1.));
#1224=DIRECTION('ref_axis',(1.,0.,0.));
#1225=DIRECTION('',(0.,0.,-1.));
#1226=DIRECTION('center_axis',(0.,0.,1.));
#1227=DIRECTION('ref_axis',(1.,0.,0.));
#1228=DIRECTION('',(0.,0.,-1.));
#1229=DIRECTION('center_axis',(0.,0.,1.));
#1230=DIRECTION('ref_axis',(1.,0.,0.));
#1231=DIRECTION('',(0.,0.,-1.));
#1232=DIRECTION('center_axis',(0.,0.,1.));
#1233=DIRECTION('ref_axis',(1.,0.,0.));
#1234=DIRECTION('',(0.,0.,-1.));
#1235=DIRECTION('center_axis',(0.,0.,1.));
#1236=DIRECTION('ref_axis',(1.,0.,0.));
#1237=DIRECTION('',(0.,0.,-1.));
#1238=DIRECTION('center_axis',(0.,0.,1.));
#1239=DIRECTION('ref_axis',(1.,0.,0.));
#1240=DIRECTION('',(0.,0.,-1.));
#1241=DIRECTION('center_axis',(0.,0.,1.));
#1242=DIRECTION('ref_axis',(1.,0.,0.));
#1243=DIRECTION('',(0.,0.,-1.));
#1244=DIRECTION('center_axis',(0.,0.,1.));
#1245=DIRECTION('ref_axis',(1.,0.,0.));
#1246=DIRECTION('',(0.,0.,-1.));
#1247=DIRECTION('center_axis',(0.,0.,1.));
#1248=DIRECTION('ref_axis',(1.,0.,0.));
#1249=DIRECTION('',(0.,0.,-1.));
#1250=DIRECTION('center_axis',(0.,0.,1.));
#1251=DIRECTION('ref_axis',(1.,0.,0.));
#1252=DIRECTION('',(0.,0.,-1.));
#1253=DIRECTION('center_axis',(0.,0.,1.));
#1254=DIRECTION('ref_axis',(1.,0.,0.));
#1255=DIRECTION('',(0.,0.,-1.));
#1256=DIRECTION('center_axis',(0.,0.,1.));
#1257=DIRECTION('ref_axis',(1.,0.,0.));
#1258=DIRECTION('',(0.,0.,-1.));
#1259=DIRECTION('center_axis',(0.,0.,1.));
#1260=DIRECTION('ref_axis',(1.,0.,0.));
#1261=DIRECTION('',(0.,0.,-1.));
#1262=DIRECTION('center_axis',(0.,0.,1.));
#1263=DIRECTION('ref_axis',(1.,0.,0.));
#1264=DIRECTION('',(0.,0.,-1.));
#1265=DIRECTION('center_axis',(0.,0.,1.));
#1266=DIRECTION('ref_axis',(1.,0.,0.));
#1267=DIRECTION('',(0.,0.,-1.));
#1268=DIRECTION('center_axis',(0.,0.,1.));
#1269=DIRECTION('ref_axis',(1.,0.,0.));
#1270=DIRECTION('',(0.,0.,-1.));
#1271=DIRECTION('center_axis',(0.,0.,1.));
#1272=DIRECTION('ref_axis',(1.,0.,0.));
#1273=DIRECTION('',(0.,0.,-1.));
#1274=DIRECTION('center_axis',(0.,0.,1.));
#1275=DIRECTION('ref_axis',(1.,0.,0.));
#1276=DIRECTION('',(0.,0.,-1.));
#1277=DIRECTION('center_axis',(0.,0.,1.));
#1278=DIRECTION('ref_axis',(1.,0.,0.));
#1279=DIRECTION('',(0.,0.,-1.));
#1280=DIRECTION('center_axis',(0.,0.,1.));
#1281=DIRECTION('ref_axis',(1.,0.,0.));
#1282=DIRECTION('',(0.,0.,-1.));
#1283=DIRECTION('center_axis',(0.,0.,1.));
#1284=DIRECTION('ref_axis',(1.,0.,0.));
#1285=DIRECTION('',(0.,0.,-1.));
#1286=DIRECTION('center_axis',(0.,0.,1.));
#1287=DIRECTION('ref_axis',(1.,0.,0.));
#1288=DIRECTION('',(0.,0.,-1.));
#1289=DIRECTION('center_axis',(0.,0.,1.));
#1290=DIRECTION('ref_axis',(1.,0.,0.));
#1291=DIRECTION('',(0.,0.,-1.));
#1292=DIRECTION('center_axis',(0.,0.,1.));
#1293=DIRECTION('ref_axis',(1.,0.,0.));
#1294=DIRECTION('',(0.,0.,-1.));
#1295=DIRECTION('center_axis',(0.,0.,1.));
#1296=DIRECTION('ref_axis',(1.,0.,0.));
#1297=DIRECTION('',(0.,0.,-1.));
#1298=DIRECTION('center_axis',(0.,0.,1.));
#1299=DIRECTION('ref_axis',(0.515012828666932,-0.857182469669373,0.));
#1300=DIRECTION('',(0.,0.,1.));
#1301=DIRECTION('center_axis',(0.,0.,1.));
#1302=DIRECTION('ref_axis',(1.,2.29038786231294E-11,0.));
#1303=DIRECTION('center_axis',(0.,0.,1.));
#1304=DIRECTION('ref_axis',(1.,2.29038786231294E-11,0.));
#1305=DIRECTION('',(0.,0.,1.));
#1306=DIRECTION('center_axis',(0.,0.,1.));
#1307=DIRECTION('ref_axis',(1.,2.29038786231294E-11,0.));
#1308=DIRECTION('',(0.,0.,1.));
#1309=DIRECTION('center_axis',(0.,0.,1.));
#1310=DIRECTION('ref_axis',(1.,2.29038786231294E-11,0.));
#1311=DIRECTION('',(0.,0.,1.));
#1312=DIRECTION('center_axis',(0.,0.,1.));
#1313=DIRECTION('ref_axis',(1.,2.29038786231294E-11,0.));
#1314=DIRECTION('',(0.,0.,1.));
#1315=DIRECTION('center_axis',(0.,0.,1.));
#1316=DIRECTION('ref_axis',(1.,2.29038786231294E-11,0.));
#1317=DIRECTION('',(0.,0.,1.));
#1318=DIRECTION('center_axis',(0.,0.,1.));
#1319=DIRECTION('ref_axis',(1.,2.29038786231294E-11,0.));
#1320=DIRECTION('',(0.,0.,1.));
#1321=DIRECTION('center_axis',(0.,0.,1.));
#1322=DIRECTION('ref_axis',(1.,2.29038786231294E-11,0.));
#1323=DIRECTION('',(0.,0.,1.));
#1324=DIRECTION('center_axis',(0.,0.,1.));
#1325=DIRECTION('ref_axis',(1.,2.29038786231294E-11,0.));
#1326=DIRECTION('',(0.,0.,1.));
#1327=DIRECTION('center_axis',(0.,0.,1.));
#1328=DIRECTION('ref_axis',(1.,2.29038786231294E-11,0.));
#1329=DIRECTION('',(0.,0.,1.));
#1330=DIRECTION('center_axis',(0.,0.,1.));
#1331=DIRECTION('ref_axis',(1.,2.29038786231294E-11,0.));
#1332=DIRECTION('',(0.,0.,1.));
#1333=DIRECTION('center_axis',(0.,0.,1.));
#1334=DIRECTION('ref_axis',(1.,2.29038786231294E-11,0.));
#1335=DIRECTION('',(0.,0.,1.));
#1336=DIRECTION('center_axis',(0.,0.,1.));
#1337=DIRECTION('ref_axis',(1.,2.29038786231294E-11,0.));
#1338=DIRECTION('',(0.,0.,1.));
#1339=DIRECTION('center_axis',(0.,0.,1.));
#1340=DIRECTION('ref_axis',(1.,2.29038786231294E-11,0.));
#1341=DIRECTION('',(0.,0.,1.));
#1342=DIRECTION('center_axis',(0.,0.,1.));
#1343=DIRECTION('ref_axis',(1.,2.29038786231294E-11,0.));
#1344=DIRECTION('',(0.,0.,1.));
#1345=DIRECTION('center_axis',(0.,0.,1.));
#1346=DIRECTION('ref_axis',(1.,2.29038786231294E-11,0.));
#1347=DIRECTION('',(0.,0.,1.));
#1348=DIRECTION('center_axis',(0.,0.,1.));
#1349=DIRECTION('ref_axis',(1.,2.29038786231294E-11,0.));
#1350=DIRECTION('',(0.,0.,1.));
#1351=DIRECTION('center_axis',(0.,0.,1.));
#1352=DIRECTION('ref_axis',(1.,2.29038786231294E-11,0.));
#1353=DIRECTION('',(0.,0.,1.));
#1354=DIRECTION('center_axis',(0.,0.,1.));
#1355=DIRECTION('ref_axis',(1.,2.29038786231294E-11,0.));
#1356=DIRECTION('',(0.,0.,1.));
#1357=DIRECTION('center_axis',(0.,0.,1.));
#1358=DIRECTION('ref_axis',(1.,2.29038786231294E-11,0.));
#1359=DIRECTION('',(0.,0.,1.));
#1360=DIRECTION('center_axis',(0.,0.,1.));
#1361=DIRECTION('ref_axis',(1.,2.29038786231294E-11,0.));
#1362=DIRECTION('',(0.,0.,1.));
#1363=DIRECTION('center_axis',(0.,0.,1.));
#1364=DIRECTION('ref_axis',(1.,2.29038786231294E-11,0.));
#1365=DIRECTION('',(0.,0.,1.));
#1366=DIRECTION('center_axis',(0.,0.,1.));
#1367=DIRECTION('ref_axis',(1.,2.29038786231294E-11,0.));
#1368=DIRECTION('',(0.,0.,1.));
#1369=DIRECTION('center_axis',(0.,0.,1.));
#1370=DIRECTION('ref_axis',(1.,2.29038786231294E-11,0.));
#1371=DIRECTION('',(0.,0.,1.));
#1372=DIRECTION('center_axis',(0.,0.,1.));
#1373=DIRECTION('ref_axis',(1.,2.29038786231294E-11,0.));
#1374=DIRECTION('',(0.,0.,1.));
#1375=DIRECTION('center_axis',(0.,0.,1.));
#1376=DIRECTION('ref_axis',(1.,2.29038786231294E-11,0.));
#1377=DIRECTION('',(0.,0.,1.));
#1378=DIRECTION('center_axis',(0.,0.,1.));
#1379=DIRECTION('ref_axis',(1.,0.,0.));
#1380=DIRECTION('center_axis',(0.,0.,1.));
#1381=DIRECTION('ref_axis',(1.,0.,0.));
#1382=DIRECTION('center_axis',(0.,0.,-1.));
#1383=DIRECTION('ref_axis',(1.,0.,0.));
#1384=DIRECTION('center_axis',(0.,0.,-1.));
#1385=DIRECTION('ref_axis',(1.,0.,0.));
#1386=DIRECTION('center_axis',(0.,0.,1.));
#1387=DIRECTION('ref_axis',(1.,0.,0.));
#1388=DIRECTION('center_axis',(0.,0.,-1.));
#1389=DIRECTION('ref_axis',(1.,2.29038786231294E-11,0.));
#1390=DIRECTION('center_axis',(0.,0.,1.));
#1391=DIRECTION('ref_axis',(-0.730664984748725,0.682736171637438,0.));
#1392=DIRECTION('center_axis',(0.,0.,-1.));
#1393=DIRECTION('ref_axis',(1.,0.,0.));
#1394=DIRECTION('center_axis',(0.,0.,-1.));
#1395=DIRECTION('ref_axis',(1.,0.,0.));
#1396=DIRECTION('',(-0.707106781186542,-8.65956056235487E-17,-0.707106781186553));
#1397=DIRECTION('center_axis',(0.,0.,-1.));
#1398=DIRECTION('ref_axis',(1.,0.,0.));
#1399=DIRECTION('center_axis',(0.,0.,1.));
#1400=DIRECTION('ref_axis',(-0.898088376908228,-0.439815037558228,0.));
#1401=DIRECTION('center_axis',(0.,0.,1.));
#1402=DIRECTION('ref_axis',(1.,0.,0.));
#1403=CARTESIAN_POINT('',(0.,0.,0.));
#1404=CARTESIAN_POINT('Origin',(0.,0.,0.));
#1405=CARTESIAN_POINT('',(-14.868061926588,0.000284662448983425,388.124585320901));
#1406=CARTESIAN_POINT('',(-14.8677290040257,0.000346466565609678,387.625414679098));
#1407=CARTESIAN_POINT('',(-14.86725,-1.82071301246235E-15,0.));
#1408=CARTESIAN_POINT('',(3.52018379672089,-14.4451106605825,385.63275));
#1409=CARTESIAN_POINT('Ctrl Pts',(-14.868061926588,0.000284662448983425,
388.124585320901));
#1410=CARTESIAN_POINT('Ctrl Pts',(-14.8683289265423,0.306184853447669,388.113121919972));
#1411=CARTESIAN_POINT('Ctrl Pts',(-14.8590815673978,0.612068916875478,388.101658519043));
#1412=CARTESIAN_POINT('Ctrl Pts',(-14.8402099028168,0.917358045956399,388.090195118114));
#1413=CARTESIAN_POINT('Ctrl Pts',(-14.6877048842261,3.3844496003932,387.997557493901));
#1414=CARTESIAN_POINT('Ctrl Pts',(-13.9066825448582,5.81268884032157,387.904919869687));
#1415=CARTESIAN_POINT('Ctrl Pts',(-12.5923452962604,7.9060871270193,387.812282245473));
#1416=CARTESIAN_POINT('Ctrl Pts',(-11.2780080476627,9.99948541371704,387.719644621259));
#1417=CARTESIAN_POINT('Ctrl Pts',(-9.43035588983515,11.7580427471841,387.627006997046));
#1418=CARTESIAN_POINT('Ctrl Pts',(-7.27460707590511,12.9674003084401,387.534369372832));
#1419=CARTESIAN_POINT('Ctrl Pts',(-5.11885826197605,14.1767578696954,387.441731748619));
#1420=CARTESIAN_POINT('Ctrl Pts',(-2.65501279194475,14.8369156587401,387.349094124405));
#1421=CARTESIAN_POINT('Ctrl Pts',(-0.183400287281393,14.8674050582124,387.256456500192));
#1422=CARTESIAN_POINT('Ctrl Pts',(2.28821221738196,14.8978944576847,387.163818875978));
#1423=CARTESIAN_POINT('Ctrl Pts',(4.76759175667737,14.2987154675846,387.071181251764));
#1424=CARTESIAN_POINT('Ctrl Pts',(6.9525169050327,13.142902722478,386.978543627551));
#1425=CARTESIAN_POINT('Ctrl Pts',(9.13744205338904,11.9870899773708,386.885906003337));
#1426=CARTESIAN_POINT('Ctrl Pts',(11.027912810805,10.2746434772566,386.793268379124));
#1427=CARTESIAN_POINT('Ctrl Pts',(12.3934889238315,8.21430495726381,386.70063075491));
#1428=CARTESIAN_POINT('Ctrl Pts',(13.7590650368579,6.153966437271,386.607993130696));
#1429=CARTESIAN_POINT('Ctrl Pts',(14.5997465054948,3.74573589739958,386.515355506482));
#1430=CARTESIAN_POINT('Ctrl Pts',(14.8130638447216,1.2831549359981,386.422717882269));
#1431=CARTESIAN_POINT('Ctrl Pts',(15.0263811839482,-1.17942602540226,386.330080258055));
#1432=CARTESIAN_POINT('Ctrl Pts',(14.6123343937652,-3.69635740833263,386.237442633842));
#1433=CARTESIAN_POINT('Ctrl Pts',(13.6213833415322,-5.96082211891682,386.144805009628));
#1434=CARTESIAN_POINT('Ctrl Pts',(12.6304322892987,-8.22528682950205,386.052167385414));
#1435=CARTESIAN_POINT('Ctrl Pts',(11.0625769750146,-10.2372848677409,385.959529761201));
#1436=CARTESIAN_POINT('Ctrl Pts',(9.10895115689002,-11.7516002573856,385.866892136987));
#1437=CARTESIAN_POINT('Ctrl Pts',(7.46301759655545,-13.0274139252967,385.788844757991));
#1438=CARTESIAN_POINT('Ctrl Pts',(5.54326045431701,-13.9499677038883,385.710797378996));
#1439=CARTESIAN_POINT('Ctrl Pts',(3.52018379672089,-14.4451106605825,385.63275));
#1440=CARTESIAN_POINT('',(-14.86725,-1.82071301246235E-15,385.63275));
#1441=CARTESIAN_POINT('Origin',(0.,0.,385.63275));
#1442=CARTESIAN_POINT('',(-14.86725,1.82071301246235E-15,-227.5));
#1443=CARTESIAN_POINT('',(-14.86725,-1.82071301246235E-15,0.));
#1444=CARTESIAN_POINT('Origin',(0.,0.,-227.5));
#1445=CARTESIAN_POINT('',(13.4787100291312,-6.27371488936965,385.63275));
#1446=CARTESIAN_POINT('Origin',(0.,0.,385.63275));
#1447=CARTESIAN_POINT('Ctrl Pts',(13.4787100291297,-6.27371488937102,385.632750000001));
#1448=CARTESIAN_POINT('Ctrl Pts',(14.5220455917685,-4.03216936811775,385.725387624214));
#1449=CARTESIAN_POINT('Ctrl Pts',(14.9947545666202,-1.52639328595743,385.818025248427));
#1450=CARTESIAN_POINT('Ctrl Pts',(14.8386697555067,0.940173483453549,385.91066287264));
#1451=CARTESIAN_POINT('Ctrl Pts',(14.6825849443922,3.40674025287914,386.003300496854));
#1452=CARTESIAN_POINT('Ctrl Pts',(13.897706347305,5.83409770955493,386.095938121068));
#1453=CARTESIAN_POINT('Ctrl Pts',(12.5801179956269,7.92555214576934,386.188575745281));
#1454=CARTESIAN_POINT('Ctrl Pts',(11.2625296439489,10.0170065819837,386.281213369495));
#1455=CARTESIAN_POINT('Ctrl Pts',(9.41223153768011,11.7725579977368,386.373850993709));
#1456=CARTESIAN_POINT('Ctrl Pts',(7.25463856120304,12.9785529487515,386.466488617922));
#1457=CARTESIAN_POINT('Ctrl Pts',(5.09704558472597,14.1845478997663,386.559126242136));
#1458=CARTESIAN_POINT('Ctrl Pts',(2.63215773804063,14.8409863860428,386.651763866349));
#1459=CARTESIAN_POINT('Ctrl Pts',(0.160493666587513,14.8676881703344,386.744401490563));
#1460=CARTESIAN_POINT('Ctrl Pts',(-2.31117040486786,14.8943899546259,386.837039114777));
#1461=CARTESIAN_POINT('Ctrl Pts',(-4.78961070109104,14.2913550369314,386.929676738991));
#1462=CARTESIAN_POINT('Ctrl Pts',(-6.97274912787508,13.1321692948869,387.022314363204));
#1463=CARTESIAN_POINT('Ctrl Pts',(-9.15588755465713,11.9729835528434,387.114951987418));
#1464=CARTESIAN_POINT('Ctrl Pts',(-11.0437241120006,10.2576469864511,387.207589611631));
#1465=CARTESIAN_POINT('Ctrl Pts',(-12.4061274764485,8.19521116733891,387.300227235845));
#1466=CARTESIAN_POINT('Ctrl Pts',(-13.7685308408965,6.13277534822672,387.392864860059));
#1467=CARTESIAN_POINT('Ctrl Pts',(-14.605501012449,3.72324027639469,387.485502484273));
#1468=CARTESIAN_POINT('Ctrl Pts',(-14.8150230280205,1.26033349446289,387.578140108486));
#1469=CARTESIAN_POINT('Ctrl Pts',(-14.8506639223258,0.841378951384233,387.59389829869));
#1470=CARTESIAN_POINT('Ctrl Pts',(-14.8681490034027,0.420880046765874,387.609656488894));
#1471=CARTESIAN_POINT('Ctrl Pts',(-14.8677290040257,0.000346466565609678,
387.625414679098));
#1472=CARTESIAN_POINT('Origin',(0.,0.,0.));
#1473=CARTESIAN_POINT('',(-14.8668665198606,-0.000373818361538714,391.6245853209));
#1474=CARTESIAN_POINT('',(-14.8672166329571,-0.000386533091483114,391.125414679098));
#1475=CARTESIAN_POINT('',(-14.86725,-1.82071301246235E-15,0.));
#1476=CARTESIAN_POINT('Ctrl Pts',(-14.8668665198606,-0.000373818361538714,
391.6245853209));
#1477=CARTESIAN_POINT('Ctrl Pts',(-14.8651812411738,1.77401422096742,391.558106743869));
#1478=CARTESIAN_POINT('Ctrl Pts',(-14.5473178846748,3.54898986432721,391.491628166837));
#1479=CARTESIAN_POINT('Ctrl Pts',(-13.9257273355828,5.21032565635045,391.425149589805));
#1480=CARTESIAN_POINT('Ctrl Pts',(-13.059543456916,7.5253902631161,391.332511965592));
#1481=CARTESIAN_POINT('Ctrl Pts',(-11.6035727578393,9.61978550531335,391.239874341378));
#1482=CARTESIAN_POINT('Ctrl Pts',(-9.73528997057788,11.238216248969,391.147236717164));
#1483=CARTESIAN_POINT('Ctrl Pts',(-7.86700718331646,12.8566469926246,391.054599092951));
#1484=CARTESIAN_POINT('Ctrl Pts',(-5.58641230787027,13.9991132377386,390.961961468737));
#1485=CARTESIAN_POINT('Ctrl Pts',(-3.17149717812289,14.5263547017084,390.869323844523));
#1486=CARTESIAN_POINT('Ctrl Pts',(-0.756582048375513,15.0535961656781,390.77668622031));
#1487=CARTESIAN_POINT('Ctrl Pts',(1.79265333567307,14.9656128485036,390.684048596096));
#1488=CARTESIAN_POINT('Ctrl Pts',(4.16547135579334,14.2731294274705,390.591410971882));
#1489=CARTESIAN_POINT('Ctrl Pts',(6.53828937591363,13.5806460064375,390.498773347669));
#1490=CARTESIAN_POINT('Ctrl Pts',(8.73469003210561,12.2836624815459,390.406135723455));
#1491=CARTESIAN_POINT('Ctrl Pts',(10.4869442977939,10.5402739321959,390.313498099241));
#1492=CARTESIAN_POINT('Ctrl Pts',(12.2391985634813,8.79688538284663,390.220860475028));
#1493=CARTESIAN_POINT('Ctrl Pts',(13.5473064386655,6.60709180903928,390.128222850814));
#1494=CARTESIAN_POINT('Ctrl Pts',(14.2518168467761,4.23781687161539,390.035585226601));
#1495=CARTESIAN_POINT('Ctrl Pts',(14.9563272548867,1.86854193419151,389.942947602387));
#1496=CARTESIAN_POINT('Ctrl Pts',(15.0572401959237,-0.680214366848901,389.850309978173));
#1497=CARTESIAN_POINT('Ctrl Pts',(14.5422549443319,-3.09777281232073,389.75767235396));
#1498=CARTESIAN_POINT('Ctrl Pts',(14.0272696927399,-5.51533125779365,389.665034729746));
#1499=CARTESIAN_POINT('Ctrl Pts',(12.8963862485184,-7.8016918476979,389.572397105533));
#1500=CARTESIAN_POINT('Ctrl Pts',(11.28745301347,-9.67815993669298,389.479759481319));
#1501=CARTESIAN_POINT('Ctrl Pts',(9.67851977842168,-11.5546280256881,389.387121857105));
#1502=CARTESIAN_POINT('Ctrl Pts',(7.59153675254646,-13.021203613774,389.294484232891));
#1503=CARTESIAN_POINT('Ctrl Pts',(5.28089556541154,-13.8991192976885,389.201846608678));
#1504=CARTESIAN_POINT('Ctrl Pts',(2.97025437827768,-14.7770349816026,389.109208984464));
#1505=CARTESIAN_POINT('Ctrl Pts',(0.435955029884333,-15.0662907613457,389.016571360251));
#1506=CARTESIAN_POINT('Ctrl Pts',(-2.01308548856986,-14.7316279535315,388.923933736037));
#1507=CARTESIAN_POINT('Ctrl Pts',(-4.46212600702404,-14.3969651457174,388.831296111824));
#1508=CARTESIAN_POINT('Ctrl Pts',(-6.82590769553908,-13.4383837503459,388.73865848761));
#1509=CARTESIAN_POINT('Ctrl Pts',(-8.81629869529295,-11.97272953456,388.646020863396));
#1510=CARTESIAN_POINT('Ctrl Pts',(-10.8066896950477,-10.5070753187735,388.553383239182));
#1511=CARTESIAN_POINT('Ctrl Pts',(-12.423690006041,-8.53434828257218,388.460745614969));
#1512=CARTESIAN_POINT('Ctrl Pts',(-13.4701963126309,-6.2950128299989,388.368107990755));
#1513=CARTESIAN_POINT('Ctrl Pts',(-14.3872031694165,-4.33278293064544,388.28693376747));
#1514=CARTESIAN_POINT('Ctrl Pts',(-14.8661712560932,-2.16584479263063,388.205759544185));
#1515=CARTESIAN_POINT('Ctrl Pts',(-14.868061926588,0.000284662448983425,
388.124585320901));
#1516=CARTESIAN_POINT('Ctrl Pts',(-14.8677290040257,0.000346466565609678,
387.625414679098));
#1517=CARTESIAN_POINT('Ctrl Pts',(-14.865679954359,-2.05130941583122,387.702294113108));
#1518=CARTESIAN_POINT('Ctrl Pts',(-14.4374598442658,-4.10379063545841,387.779173547117));
#1519=CARTESIAN_POINT('Ctrl Pts',(-13.6121840645757,-5.98179064631062,387.856052981127));
#1520=CARTESIAN_POINT('Ctrl Pts',(-12.6177492259705,-8.24472951311413,387.948690605341));
#1521=CARTESIAN_POINT('Ctrl Pts',(-11.0468056891708,-10.2543287546898,388.041328229554));
#1522=CARTESIAN_POINT('Ctrl Pts',(-9.09084439075329,-11.7656250265827,388.133965853768));
#1523=CARTESIAN_POINT('Ctrl Pts',(-7.13488309233488,-13.2769212984762,388.226603477982));
#1524=CARTESIAN_POINT('Ctrl Pts',(-4.7939040322983,-14.2899146006866,388.319241102195));
#1525=CARTESIAN_POINT('Ctrl Pts',(-2.3532587390271,-14.6811288008056,388.411878726409));
#1526=CARTESIAN_POINT('Ctrl Pts',(0.0873865542429786,-15.0723430009246,
388.504516350623));
#1527=CARTESIAN_POINT('Ctrl Pts',(2.62769808074758,-14.8417780989528,388.597153974836));
#1528=CARTESIAN_POINT('Ctrl Pts',(4.95802560238643,-14.0175376478636,388.68979159905));
#1529=CARTESIAN_POINT('Ctrl Pts',(7.28835312402632,-13.193297196774,388.782429223264));
#1530=CARTESIAN_POINT('Ctrl Pts',(9.40869664080025,-11.7753811965664,388.875066847477));
#1531=CARTESIAN_POINT('Ctrl Pts',(11.060598256613,-9.93662622068728,388.967704471691));
#1532=CARTESIAN_POINT('Ctrl Pts',(12.7124998724249,-8.09787124480901,389.060342095904));
#1533=CARTESIAN_POINT('Ctrl Pts',(13.8959595872761,-5.83827729325963,389.152979720118));
#1534=CARTESIAN_POINT('Ctrl Pts',(14.4667201513796,-3.43327606307445,389.245617344331));
#1535=CARTESIAN_POINT('Ctrl Pts',(15.0374807154834,-1.02827483288819,389.338254968545));
#1536=CARTESIAN_POINT('Ctrl Pts',(14.995542128839,1.522133675934,389.430892592759));
#1537=CARTESIAN_POINT('Ctrl Pts',(14.3460165161732,3.90706873106177,389.523530216973));
#1538=CARTESIAN_POINT('Ctrl Pts',(13.6964909035074,6.29200378618954,389.616167841186));
#1539=CARTESIAN_POINT('Ctrl Pts',(12.4393782648203,8.51146538762288,389.7088054654));
#1540=CARTESIAN_POINT('Ctrl Pts',(10.7279136190889,10.2949135642031,389.801443089614));
#1541=CARTESIAN_POINT('Ctrl Pts',(9.01644897335819,12.0783617407824,389.894080713827));
#1542=CARTESIAN_POINT('Ctrl Pts',(6.85063232058363,13.425796492509,389.986718338041));
#1543=CARTESIAN_POINT('Ctrl Pts',(4.49446467796485,14.172972988212,390.079355962254));
#1544=CARTESIAN_POINT('Ctrl Pts',(2.13829703534606,14.920149483915,390.171993586468));
#1545=CARTESIAN_POINT('Ctrl Pts',(-0.408221597116958,15.0670677235943,390.264631210682));
#1546=CARTESIAN_POINT('Ctrl Pts',(-2.83468476323198,14.5958192040728,390.357268834895));
#1547=CARTESIAN_POINT('Ctrl Pts',(-5.26114792934922,14.1245706845509,390.449906459109));
#1548=CARTESIAN_POINT('Ctrl Pts',(-7.56755562911826,13.0351554058271,390.542544083322));
#1549=CARTESIAN_POINT('Ctrl Pts',(-9.47276958642041,11.4603670261762,390.635181707536));
#1550=CARTESIAN_POINT('Ctrl Pts',(-11.3779835437208,9.88557864652671,390.72781933175));
#1551=CARTESIAN_POINT('Ctrl Pts',(-12.8820037585551,7.82541716595119,390.820456955964));
#1552=CARTESIAN_POINT('Ctrl Pts',(-13.8014985311134,5.53100481639832,390.913094580177));
#1553=CARTESIAN_POINT('Ctrl Pts',(-14.5039748835461,3.7781178328149,390.983867946484));
#1554=CARTESIAN_POINT('Ctrl Pts',(-14.8652832212987,1.88850642609105,391.054641312791));
#1555=CARTESIAN_POINT('Ctrl Pts',(-14.8672166329571,-0.000386533091483114,
391.125414679098));
#1556=CARTESIAN_POINT('Origin',(0.,0.,0.));
#1557=CARTESIAN_POINT('',(-14.8666641788332,0.000350336767142856,395.124585320901));
#1558=CARTESIAN_POINT('',(-14.866384344783,0.000291061659228043,394.625414679098));
#1559=CARTESIAN_POINT('',(-14.86725,-1.82071301246235E-15,0.));
#1560=CARTESIAN_POINT('Ctrl Pts',(-14.8666641788332,0.000350336767142856,
395.124585320901));
#1561=CARTESIAN_POINT('Ctrl Pts',(-14.8673353895243,0.770582980228355,395.095729191979));
#1562=CARTESIAN_POINT('Ctrl Pts',(-14.8085246623429,1.54071409709465,395.066873063058));
#1563=CARTESIAN_POINT('Ctrl Pts',(-14.689349510969,2.30138788879847,395.038016934137));
#1564=CARTESIAN_POINT('Ctrl Pts',(-14.3067582452191,4.74339988069153,394.945379309923));
#1565=CARTESIAN_POINT('Ctrl Pts',(-13.3020389905265,7.08794276287578,394.85274168571));
#1566=CARTESIAN_POINT('Ctrl Pts',(-11.7976614372349,9.04922979498763,394.760104061496));
#1567=CARTESIAN_POINT('Ctrl Pts',(-10.2932838839441,11.0105168270986,394.667466437282));
#1568=CARTESIAN_POINT('Ctrl Pts',(-8.28924803205482,12.5885480091375,394.574828813069));
#1569=CARTESIAN_POINT('Ctrl Pts',(-6.0298347083478,13.5909701147533,394.482191188855));
#1570=CARTESIAN_POINT('Ctrl Pts',(-3.77042138464078,14.5933922203691,394.389553564642));
#1571=CARTESIAN_POINT('Ctrl Pts',(-1.25563058911601,15.0202052495617,394.296915940428));
#1572=CARTESIAN_POINT('Ctrl Pts',(1.20799866390094,14.8193830673927,394.204278316214));
#1573=CARTESIAN_POINT('Ctrl Pts',(3.6716279169179,14.6185608852237,394.111640692001));
#1574=CARTESIAN_POINT('Ctrl Pts',(6.08409562742704,13.7901034916931,394.019003067787));
#1575=CARTESIAN_POINT('Ctrl Pts',(8.1513353961924,12.434995236384,393.926365443574));
#1576=CARTESIAN_POINT('Ctrl Pts',(10.2185751649596,11.0798869810737,393.83372781936));
#1577=CARTESIAN_POINT('Ctrl Pts',(11.9405869919824,9.19812786398383,393.741090195146));
#1578=CARTESIAN_POINT('Ctrl Pts',(13.1074672108991,7.01909385785078,393.648452570932));
#1579=CARTESIAN_POINT('Ctrl Pts',(14.2743474298146,4.84005985171972,393.555814946719));
#1580=CARTESIAN_POINT('Ctrl Pts',(14.8860960406251,2.36375095654598,393.463177322505));
#1581=CARTESIAN_POINT('Ctrl Pts',(14.8681442893383,-0.107984543016532,393.370539698292));
#1582=CARTESIAN_POINT('Ctrl Pts',(14.8501925380515,-2.57972004258018,393.277902074078));
#1583=CARTESIAN_POINT('Ctrl Pts',(14.2025404246669,-5.04688214653261,393.185264449864));
#1584=CARTESIAN_POINT('Ctrl Pts',(13.0041331404969,-7.20873751320864,393.092626825651));
#1585=CARTESIAN_POINT('Ctrl Pts',(11.8057258563269,-9.37059287988467,392.999989201437));
#1586=CARTESIAN_POINT('Ctrl Pts',(10.0565634013714,-11.2271415092843,392.907351577223));
#1587=CARTESIAN_POINT('Ctrl Pts',(7.96985895256412,-12.5520804469359,392.81471395301));
#1588=CARTESIAN_POINT('Ctrl Pts',(5.88315450375775,-13.8770193845868,392.722076328796));
#1589=CARTESIAN_POINT('Ctrl Pts',(3.45890806109982,-14.6703486304903,392.629438704583));
#1590=CARTESIAN_POINT('Ctrl Pts',(0.992621785779462,-14.8353657609276,392.536801080369));
#1591=CARTESIAN_POINT('Ctrl Pts',(-1.47366448954089,-15.0003828913648,392.444163456155));
#1592=CARTESIAN_POINT('Ctrl Pts',(-3.9819905975237,-14.537087906336,392.351525831942));
#1593=CARTESIAN_POINT('Ctrl Pts',(-6.22660553330866,-13.5019538883338,392.258888207728));
#1594=CARTESIAN_POINT('Ctrl Pts',(-8.47122046909566,-12.4668198703306,392.166250583514));
#1595=CARTESIAN_POINT('Ctrl Pts',(-10.4521242326843,-10.8598468193529,392.073612959301));
#1596=CARTESIAN_POINT('Ctrl Pts',(-11.9278556702275,-8.87691581464704,391.980975335087));
#1597=CARTESIAN_POINT('Ctrl Pts',(-13.4035871077693,-6.89398480994296,391.888337710873));
#1598=CARTESIAN_POINT('Ctrl Pts',(-14.3741462192666,-4.53509585151138,391.79570008666));
#1599=CARTESIAN_POINT('Ctrl Pts',(-14.7212272458866,-2.08778438662917,391.703062462446));
#1600=CARTESIAN_POINT('Ctrl Pts',(-14.8192361167788,-1.39671165433239,391.676903415264));
#1601=CARTESIAN_POINT('Ctrl Pts',(-14.8675296701062,-0.698588228362976,
391.650744368082));
#1602=CARTESIAN_POINT('Ctrl Pts',(-14.8668665198606,-0.000373818361538714,
391.6245853209));
#1603=CARTESIAN_POINT('Ctrl Pts',(-14.8672166329571,-0.000386533091483114,
391.125414679098));
#1604=CARTESIAN_POINT('Ctrl Pts',(-14.8678139284277,-0.583928689874105,
391.147278937004));
#1605=CARTESIAN_POINT('Ctrl Pts',(-14.8341125325866,-1.16740227812662,391.169143194911));
#1606=CARTESIAN_POINT('Ctrl Pts',(-14.7655756226443,-1.74675485514998,391.191007452818));
#1607=CARTESIAN_POINT('Ctrl Pts',(-14.4751886113347,-4.20143895861976,391.283645077031));
#1608=CARTESIAN_POINT('Ctrl Pts',(-13.559445258432,-6.58214394702796,391.376282701245));
#1609=CARTESIAN_POINT('Ctrl Pts',(-12.1299695868855,-8.598675119611,391.468920325459));
#1610=CARTESIAN_POINT('Ctrl Pts',(-10.7004939153384,-10.615206292195,391.561557949673));
#1611=CARTESIAN_POINT('Ctrl Pts',(-8.75728592514694,-12.2675636489534,391.654195573886));
#1612=CARTESIAN_POINT('Ctrl Pts',(-6.5372118648539,-13.354334016487,391.7468331981));
#1613=CARTESIAN_POINT('Ctrl Pts',(-4.31713780456288,-14.4411043840196,391.839470822314));
#1614=CARTESIAN_POINT('Ctrl Pts',(-1.82019767417081,-14.9622877623284,391.932108446527));
#1615=CARTESIAN_POINT('Ctrl Pts',(0.649245408751548,-14.8543547954977,392.024746070741));
#1616=CARTESIAN_POINT('Ctrl Pts',(3.11868849167504,-14.746421828667,392.117383694954));
#1617=CARTESIAN_POINT('Ctrl Pts',(5.56063452712879,-14.0093725166961,392.210021319168));
#1618=CARTESIAN_POINT('Ctrl Pts',(7.67742387201345,-12.7330490723899,392.302658943382));
#1619=CARTESIAN_POINT('Ctrl Pts',(9.79421321689811,-11.4567256280837,392.395296567595));
#1620=CARTESIAN_POINT('Ctrl Pts',(11.5858458712137,-9.64112805144203,392.487934191809));
#1621=CARTESIAN_POINT('Ctrl Pts',(12.8339317768672,-7.50756759127538,392.580571816023));
#1622=CARTESIAN_POINT('Ctrl Pts',(14.0820176825201,-5.37400713110971,392.673209440236));
#1623=CARTESIAN_POINT('Ctrl Pts',(14.7865568395114,-2.92248378741931,392.76584706445));
#1624=CARTESIAN_POINT('Ctrl Pts',(14.8616698422446,-0.451824623973296,392.858484688663));
#1625=CARTESIAN_POINT('Ctrl Pts',(14.9367828449779,2.01883453947272,392.951122312877));
#1626=CARTESIAN_POINT('Ctrl Pts',(14.3824696934531,4.50862952267435,393.043759937091));
#1627=CARTESIAN_POINT('Ctrl Pts',(13.2662980785451,6.71406816184697,393.136397561304));
#1628=CARTESIAN_POINT('Ctrl Pts',(12.1501264636365,8.91950680102059,393.229035185518));
#1629=CARTESIAN_POINT('Ctrl Pts',(10.4720963853443,10.8405890961649,393.321672809731));
#1630=CARTESIAN_POINT('Ctrl Pts',(8.43675037942467,12.2431457977934,393.414310433945));
#1631=CARTESIAN_POINT('Ctrl Pts',(6.40140437350504,13.6457024994218,393.506948058159));
#1632=CARTESIAN_POINT('Ctrl Pts',(4.00874243995797,14.5297336075343,393.599585682373));
#1633=CARTESIAN_POINT('Ctrl Pts',(1.55041676393843,14.7874806457635,393.692223306586));
#1634=CARTESIAN_POINT('Ctrl Pts',(-0.907908912079982,15.0452276839926,393.7848609308));
#1635=CARTESIAN_POINT('Ctrl Pts',(-3.43189833057082,14.6766906523389,393.877498555013));
#1636=CARTESIAN_POINT('Ctrl Pts',(-5.71389121621804,13.7267921656871,393.970136179227));
#1637=CARTESIAN_POINT('Ctrl Pts',(-7.99588410186527,12.7768936790353,394.062773803441));
#1638=CARTESIAN_POINT('Ctrl Pts',(-10.0358804546689,11.2456337373855,394.155411427654));
#1639=CARTESIAN_POINT('Ctrl Pts',(-11.5852160627475,9.31966441296004,394.248049051868));
#1640=CARTESIAN_POINT('Ctrl Pts',(-13.1345516708276,7.39369508853288,394.340686676082));
#1641=CARTESIAN_POINT('Ctrl Pts',(-14.1932265341818,5.07301638132946,394.433324300295));
#1642=CARTESIAN_POINT('Ctrl Pts',(-14.6321940737935,2.6405061214814,394.525961924509));
#1643=CARTESIAN_POINT('Ctrl Pts',(-14.7892811873723,1.77001803070297,394.559112842705));
#1644=CARTESIAN_POINT('Ctrl Pts',(-14.8670080678055,0.885208698669376,394.592263760902));
#1645=CARTESIAN_POINT('Ctrl Pts',(-14.866384344783,0.000291061659228043,
394.625414679098));
#1646=CARTESIAN_POINT('Origin',(0.,0.,0.));
#1647=CARTESIAN_POINT('',(-14.8682407237603,-0.000229755552358935,398.6245853209));
#1648=CARTESIAN_POINT('',(-14.8684517015281,-0.000124221672162734,398.125414679098));
#1649=CARTESIAN_POINT('',(-14.86725,-1.82071301246235E-15,0.));
#1650=CARTESIAN_POINT('Ctrl Pts',(-14.8682407237603,-0.000229755552358935,
398.6245853209));
#1651=CARTESIAN_POINT('Ctrl Pts',(-14.8665805544888,2.23779321605886,398.540714015876));
#1652=CARTESIAN_POINT('Ctrl Pts',(-14.3541644668293,4.47655064173587,398.456842710852));
#1653=CARTESIAN_POINT('Ctrl Pts',(-13.377341159235,6.49000144680654,398.372971405828));
#1654=CARTESIAN_POINT('Ctrl Pts',(-12.2984192268061,8.71390029992373,398.280333781614));
#1655=CARTESIAN_POINT('Ctrl Pts',(-10.6529358992267,10.6629325535826,398.187696157401));
#1656=CARTESIAN_POINT('Ctrl Pts',(-8.64146644431731,12.099522013776,398.095058533187));
#1657=CARTESIAN_POINT('Ctrl Pts',(-6.62999698940704,13.53611147397,398.002420908973));
#1658=CARTESIAN_POINT('Ctrl Pts',(-4.25254140716654,14.4602581406981,397.90978328476));
#1659=CARTESIAN_POINT('Ctrl Pts',(-1.79889831308316,14.7593136740602,397.817145660546));
#1660=CARTESIAN_POINT('Ctrl Pts',(0.654744781000215,15.0583692074223,397.724508036332));
#1661=CARTESIAN_POINT('Ctrl Pts',(3.18457538692646,14.7323336074185,397.631870412119));
#1662=CARTESIAN_POINT('Ctrl Pts',(5.4822212211116,13.8209488007483,397.539232787905));
#1663=CARTESIAN_POINT('Ctrl Pts',(7.77986705529569,12.9095639940785,397.446595163691));
#1664=CARTESIAN_POINT('Ctrl Pts',(9.84532811773888,11.4128299807429,397.353957539478));
#1665=CARTESIAN_POINT('Ctrl Pts',(11.4268361900526,9.51319031428553,397.261319915264));
#1666=CARTESIAN_POINT('Ctrl Pts',(13.0083442623664,7.61355064782812,397.168682291051));
#1667=CARTESIAN_POINT('Ctrl Pts',(14.1058993445507,5.31100532824892,397.076044666837));
#1668=CARTESIAN_POINT('Ctrl Pts',(14.5857155751099,2.88622182655975,396.983407042623));
#1669=CARTESIAN_POINT('Ctrl Pts',(15.0655318056692,0.461438324869477,396.89076941841));
#1670=CARTESIAN_POINT('Ctrl Pts',(14.9276091846029,-2.08558335893087,396.798131794196));
#1671=CARTESIAN_POINT('Ctrl Pts',(14.1887597124916,-4.44437544445651,396.705494169983));
#1672=CARTESIAN_POINT('Ctrl Pts',(13.4499102403803,-6.80316752998213,396.612856545769));
#1673=CARTESIAN_POINT('Ctrl Pts',(12.110133917224,-8.97373001723308,396.520218921555));
#1674=CARTESIAN_POINT('Ctrl Pts',(10.3327420269071,-10.6914834085594,396.427581297341));
#1675=CARTESIAN_POINT('Ctrl Pts',(8.55535013659174,-12.4092367998841,396.334943673128));
#1676=CARTESIAN_POINT('Ctrl Pts',(6.3403426791165,-13.6741810952851,396.242306048914));
#1677=CARTESIAN_POINT('Ctrl Pts',(3.95771674686214,-14.3321266189536,396.149668424701));
#1678=CARTESIAN_POINT('Ctrl Pts',(1.57509081460452,-14.9900721426231,396.057030800487));
#1679=CARTESIAN_POINT('Ctrl Pts',(-0.975153592432675,-15.0410188945584,
395.964393176273));
#1680=CARTESIAN_POINT('Ctrl Pts',(-3.38215586182198,-14.4787567489911,395.87175555206));
#1681=CARTESIAN_POINT('Ctrl Pts',(-5.78915813121018,-13.9164946034241,395.779117927846));
#1682=CARTESIAN_POINT('Ctrl Pts',(-8.0529182629506,-12.7410235603552,395.686480303632));
#1683=CARTESIAN_POINT('Ctrl Pts',(-9.89749648476132,-11.0956270036555,395.593842679419));
#1684=CARTESIAN_POINT('Ctrl Pts',(-11.7420747065712,-9.45023044695659,395.501205055205));
#1685=CARTESIAN_POINT('Ctrl Pts',(-13.1674710184517,-7.33490837662734,395.408567430992));
#1686=CARTESIAN_POINT('Ctrl Pts',(-13.9999375359886,-5.00750679066242,395.315929806778));
#1687=CARTESIAN_POINT('Ctrl Pts',(-14.573095145763,-3.40507846244108,395.252148311485));
#1688=CARTESIAN_POINT('Ctrl Pts',(-14.8651805833845,-1.70211605632809,395.188366816193));
#1689=CARTESIAN_POINT('Ctrl Pts',(-14.8666641788332,0.000350336767142856,
395.124585320901));
#1690=CARTESIAN_POINT('Ctrl Pts',(-14.866384344783,0.000291061659228043,
394.625414679098));
#1691=CARTESIAN_POINT('Ctrl Pts',(-14.865265123051,-1.58762378916029,394.684901385115));
#1692=CARTESIAN_POINT('Ctrl Pts',(-14.6118611133314,-3.1758873762606,394.744388091133));
#1693=CARTESIAN_POINT('Ctrl Pts',(-14.1120058960748,-4.68237819701585,394.80387479715));
#1694=CARTESIAN_POINT('Ctrl Pts',(-13.3335899628745,-7.028410443177,394.896512421364));
#1695=CARTESIAN_POINT('Ctrl Pts',(-11.9574978806038,-9.17613312300902,394.989150045577));
#1696=CARTESIAN_POINT('Ctrl Pts',(-10.1514676222467,-10.8637507843845,395.08178766979));
#1697=CARTESIAN_POINT('Ctrl Pts',(-8.34543736388962,-12.5513684457601,395.174425294004));
#1698=CARTESIAN_POINT('Ctrl Pts',(-6.10946892944622,-13.7788810886791,395.267062918218));
#1699=CARTESIAN_POINT('Ctrl Pts',(-3.71611443783513,-14.3966617476293,395.359700542431));
#1700=CARTESIAN_POINT('Ctrl Pts',(-1.32275994622295,-15.0144424065798,395.452338166645));
#1701=CARTESIAN_POINT('Ctrl Pts',(1.22798060255705,-15.0224910815609,395.544975790858));
#1702=CARTESIAN_POINT('Ctrl Pts',(3.62518611915807,-14.4198266838476,395.637613415072));
#1703=CARTESIAN_POINT('Ctrl Pts',(6.02239163575909,-13.8171622861343,395.730251039286));
#1704=CARTESIAN_POINT('Ctrl Pts',(8.2660621201811,-12.6037848157266,395.8228886635));
#1705=CARTESIAN_POINT('Ctrl Pts',(10.0827066164406,-10.9275982392072,395.915526287713));
#1706=CARTESIAN_POINT('Ctrl Pts',(11.8993511127,-9.25141166268787,396.008163911927));
#1707=CARTESIAN_POINT('Ctrl Pts',(13.2889696207969,-7.11241598005685,396.10080153614));
#1708=CARTESIAN_POINT('Ctrl Pts',(14.0821753716533,-4.77134287101011,396.193439160354));
#1709=CARTESIAN_POINT('Ctrl Pts',(14.8753811225097,-2.43026976196336,396.286076784568));
#1710=CARTESIAN_POINT('Ctrl Pts',(15.0721741161256,0.112880773499136,396.378714408782));
#1711=CARTESIAN_POINT('Ctrl Pts',(14.6485663808587,2.54811282644923,396.471352032995));
#1712=CARTESIAN_POINT('Ctrl Pts',(14.224958645592,4.98334487939821,396.563989657209));
#1713=CARTESIAN_POINT('Ctrl Pts',(13.1809501814431,7.31065844983488,396.656627281423));
#1714=CARTESIAN_POINT('Ctrl Pts',(11.6437998149184,9.24636695469327,396.749264905636));
#1715=CARTESIAN_POINT('Ctrl Pts',(10.1066494483938,11.1820754595517,396.84190252985));
#1716=CARTESIAN_POINT('Ctrl Pts',(8.07635717949347,12.7261788988318,396.934540154063));
#1717=CARTESIAN_POINT('Ctrl Pts',(5.80040434623129,13.6904596493675,397.027177778277));
#1718=CARTESIAN_POINT('Ctrl Pts',(3.52445151296911,14.6547403999032,397.11981540249));
#1719=CARTESIAN_POINT('Ctrl Pts',(1.00283811534511,15.0391984616946,397.212453026704));
#1720=CARTESIAN_POINT('Ctrl Pts',(-1.45706519505675,14.7969705348119,397.305090650918));
#1721=CARTESIAN_POINT('Ctrl Pts',(-3.91696850546086,14.5547426079291,397.397728275131));
#1722=CARTESIAN_POINT('Ctrl Pts',(-6.31516172864269,13.685828692371,397.490365899345));
#1723=CARTESIAN_POINT('Ctrl Pts',(-8.35931844599683,12.2961445627951,397.583003523559));
#1724=CARTESIAN_POINT('Ctrl Pts',(-10.4034751633491,10.9064604332205,397.675641147772));
#1725=CARTESIAN_POINT('Ctrl Pts',(-12.0935953748743,8.99600608962916,397.768278771986));
#1726=CARTESIAN_POINT('Ctrl Pts',(-13.223662824805,6.79765529330588,397.8609163962));
#1727=CARTESIAN_POINT('Ctrl Pts',(-14.2991829949432,4.70541679671872,397.949082490499));
#1728=CARTESIAN_POINT('Ctrl Pts',(-14.8674119630836,2.35240405246706,398.037248584799));
#1729=CARTESIAN_POINT('Ctrl Pts',(-14.8684517015281,-0.000124221672162734,
398.125414679098));
#1730=CARTESIAN_POINT('Origin',(0.,0.,0.));
#1731=CARTESIAN_POINT('',(-14.8659851071725,1.74327792201723E-6,402.1245853209));
#1732=CARTESIAN_POINT('',(-14.8660278141232,-0.000104030308002511,401.625414679098));
#1733=CARTESIAN_POINT('',(-14.86725,-1.82071301246235E-15,0.));
#1734=CARTESIAN_POINT('Ctrl Pts',(-14.8659851071725,1.74327792201723E-6,
402.1245853209));
#1735=CARTESIAN_POINT('Ctrl Pts',(-14.8659901438142,1.23464553233994,402.078336463987));
#1736=CARTESIAN_POINT('Ctrl Pts',(-14.7138992410319,2.46928810246999,402.032087607073));
#1737=CARTESIAN_POINT('Ctrl Pts',(-14.4096978225641,3.66523995565162,401.98583875016));
#1738=CARTESIAN_POINT('Ctrl Pts',(-13.8003747263862,6.06076161275184,401.893201125946));
#1739=CARTESIAN_POINT('Ctrl Pts',(-12.5807675382597,8.3010518648877,401.800563501733));
#1740=CARTESIAN_POINT('Ctrl Pts',(-10.8995395927165,10.1130317875956,401.707925877519));
#1741=CARTESIAN_POINT('Ctrl Pts',(-9.218311647174,11.9250117103026,401.615288253305));
#1742=CARTESIAN_POINT('Ctrl Pts',(-7.0754629442152,13.3086813035821,401.522650629092));
#1743=CARTESIAN_POINT('Ctrl Pts',(-4.73219482528851,14.0953789379933,401.430013004878));
#1744=CARTESIAN_POINT('Ctrl Pts',(-2.38892670635968,14.8820765724052,401.337375380664));
#1745=CARTESIAN_POINT('Ctrl Pts',(0.15476082853744,15.0718022479477,401.244737756451));
#1746=CARTESIAN_POINT('Ctrl Pts',(2.5888064132296,14.6414294597534,401.152100132237));
#1747=CARTESIAN_POINT('Ctrl Pts',(5.02285199792287,14.2110566715589,401.059462508024));
#1748=CARTESIAN_POINT('Ctrl Pts',(7.34725563241108,13.160585419627,400.96682488381));
#1749=CARTESIAN_POINT('Ctrl Pts',(9.27868543863901,11.6180623083585,400.874187259596));
#1750=CARTESIAN_POINT('Ctrl Pts',(11.2101152448661,10.0755391970907,400.781549635382));
#1751=CARTESIAN_POINT('Ctrl Pts',(12.7485712228332,8.04096422648674,400.688912011169));
#1752=CARTESIAN_POINT('Ctrl Pts',(13.7065241435051,5.76234077208414,400.596274386955));
#1753=CARTESIAN_POINT('Ctrl Pts',(14.6644770641771,3.48371731768155,400.503636762742));
#1754=CARTESIAN_POINT('Ctrl Pts',(15.0419269275538,0.961045379480333,400.410999138528));
#1755=CARTESIAN_POINT('Ctrl Pts',(14.7928646941229,-1.49817536072498,400.318361514314));
#1756=CARTESIAN_POINT('Ctrl Pts',(14.5438024606922,-3.95739610092917,400.2257238901));
#1757=CARTESIAN_POINT('Ctrl Pts',(13.6682281304543,-6.35316564313751,400.133086265887));
#1758=CARTESIAN_POINT('Ctrl Pts',(12.2728693455804,-8.39345300197873,400.040448641673));
#1759=CARTESIAN_POINT('Ctrl Pts',(10.8775105607065,-10.4337403608199,399.94781101746));
#1760=CARTESIAN_POINT('Ctrl Pts',(8.9623673211966,-12.118545536294,399.855173393246));
#1761=CARTESIAN_POINT('Ctrl Pts',(6.76088493867517,-13.2425001459735,399.762535769032));
#1762=CARTESIAN_POINT('Ctrl Pts',(4.55940255615272,-14.3664547556535,399.669898144819));
#1763=CARTESIAN_POINT('Ctrl Pts',(2.0715810306185,-14.9295587995383,399.577260520605));
#1764=CARTESIAN_POINT('Ctrl Pts',(-0.399328027649287,-14.8631730258531,
399.484622896391));
#1765=CARTESIAN_POINT('Ctrl Pts',(-2.87023708591819,-14.7967872521678,399.391985272178));
#1766=CARTESIAN_POINT('Ctrl Pts',(-5.32423367692062,-14.1009116609119,399.299347647964));
#1767=CARTESIAN_POINT('Ctrl Pts',(-7.46218926181181,-12.8603696172005,399.20671002375));
#1768=CARTESIAN_POINT('Ctrl Pts',(-9.60014484670008,-11.6198275734908,399.114072399537));
#1769=CARTESIAN_POINT('Ctrl Pts',(-11.4220594254802,-9.83461907732465,399.021434775323));
#1770=CARTESIAN_POINT('Ctrl Pts',(-12.7058517418627,-7.72235111762722,398.92879715111));
#1771=CARTESIAN_POINT('Ctrl Pts',(-13.9896440582462,-5.61008315792786,398.836159526896));
#1772=CARTESIAN_POINT('Ctrl Pts',(-14.7353141122329,-3.17075573469811,398.743521902683));
#1773=CARTESIAN_POINT('Ctrl Pts',(-14.8519688705877,-0.701709296793249,
398.650884278469));
#1774=CARTESIAN_POINT('Ctrl Pts',(-14.8630079365762,-0.468062877727371,
398.642117959279));
#1775=CARTESIAN_POINT('Ctrl Pts',(-14.8684142464418,-0.234150328468754,
398.63335164009));
#1776=CARTESIAN_POINT('Ctrl Pts',(-14.8682407237603,-0.000229755552358935,
398.6245853209));
#1777=CARTESIAN_POINT('Ctrl Pts',(-14.8684517015281,-0.000124221672162734,
398.125414679098));
#1778=CARTESIAN_POINT('Ctrl Pts',(-14.868504434062,-0.119437667902264,398.129886209012));
#1779=CARTESIAN_POINT('Ctrl Pts',(-14.8670982278713,-0.238749867965884,
398.134357738926));
#1780=CARTESIAN_POINT('Ctrl Pts',(-14.8642252689068,-0.358026739130538,
398.13882926884));
#1781=CARTESIAN_POINT('Ctrl Pts',(-14.8047055747418,-2.82911072619078,398.231466893054));
#1782=CARTESIAN_POINT('Ctrl Pts',(-14.1156514980746,-5.28503145125383,398.324104517268));
#1783=CARTESIAN_POINT('Ctrl Pts',(-12.8810548993236,-7.4264258342322,398.416742141482));
#1784=CARTESIAN_POINT('Ctrl Pts',(-11.6464583005736,-9.56782021720863,398.509379765695));
#1785=CARTESIAN_POINT('Ctrl Pts',(-9.86631917974084,-11.394688258101,398.602017389909));
#1786=CARTESIAN_POINT('Ctrl Pts',(-7.75762659708163,-12.6843449011366,398.694655014123));
#1787=CARTESIAN_POINT('Ctrl Pts',(-5.64893401442241,-13.9740015441722,398.787292638336));
#1788=CARTESIAN_POINT('Ctrl Pts',(-3.21168796993676,-14.7264467893511,398.87993026255));
#1789=CARTESIAN_POINT('Ctrl Pts',(-0.742975203990942,-14.849961745304,398.972567886763));
#1790=CARTESIAN_POINT('Ctrl Pts',(1.72573756195489,-14.973476701257,399.065205510977));
#1791=CARTESIAN_POINT('Ctrl Pts',(4.22591704936086,-14.4680613679839,399.15784313519));
#1792=CARTESIAN_POINT('Ctrl Pts',(6.45280528111408,-13.3953230642178,399.250480759404));
#1793=CARTESIAN_POINT('Ctrl Pts',(8.6796935128683,-12.3225847604512,399.343118383618));
#1794=CARTESIAN_POINT('Ctrl Pts',(10.6332904889695,-10.682523486191,399.435756007831));
#1795=CARTESIAN_POINT('Ctrl Pts',(12.0754636011268,-8.67505359110822,399.528393632045));
#1796=CARTESIAN_POINT('Ctrl Pts',(13.5176367132842,-6.66758369602539,399.621031256259));
#1797=CARTESIAN_POINT('Ctrl Pts',(14.4483859614977,-4.2927051801199,399.713668880472));
#1798=CARTESIAN_POINT('Ctrl Pts',(14.7542581878985,-1.8399025288228,399.806306504686));
#1799=CARTESIAN_POINT('Ctrl Pts',(15.0601304142992,0.612900122473182,399.8989441289));
#1800=CARTESIAN_POINT('Ctrl Pts',(14.7411256188877,3.14362690916071,399.991581753113));
#1801=CARTESIAN_POINT('Ctrl Pts',(13.836128712379,5.44379630820451,400.084219377327));
#1802=CARTESIAN_POINT('Ctrl Pts',(12.9311318058698,7.74396570724936,400.17685700154));
#1803=CARTESIAN_POINT('Ctrl Pts',(11.4401427882629,9.81357771865028,400.269494625754));
#1804=CARTESIAN_POINT('Ctrl Pts',(9.54490493006842,11.4003581464222,400.362132249968));
#1805=CARTESIAN_POINT('Ctrl Pts',(7.64966707187396,12.9871385741941,400.454769874181));
#1806=CARTESIAN_POINT('Ctrl Pts',(5.350180373092,14.0910874183369,400.547407498395));
#1807=CARTESIAN_POINT('Ctrl Pts',(2.92673947586707,14.5776394533251,400.640045122609));
#1808=CARTESIAN_POINT('Ctrl Pts',(0.503298578643253,15.064191488313,400.732682746822));
#1809=CARTESIAN_POINT('Ctrl Pts',(-2.04409651702343,14.9333467141468,400.825320371036));
#1810=CARTESIAN_POINT('Ctrl Pts',(-4.40493251391831,14.2010543812269,400.917957995249));
#1811=CARTESIAN_POINT('Ctrl Pts',(-6.76576851081426,13.4687620483067,401.010595619463));
#1812=CARTESIAN_POINT('Ctrl Pts',(-8.94004540893824,12.1350221566322,401.103233243677));
#1813=CARTESIAN_POINT('Ctrl Pts',(-10.6627309446091,10.362410182656,401.19587086789));
#1814=CARTESIAN_POINT('Ctrl Pts',(-12.38541648028,8.58979820867985,401.288508492104));
#1815=CARTESIAN_POINT('Ctrl Pts',(-13.6565106534979,6.37831415240198,401.381146116318));
#1816=CARTESIAN_POINT('Ctrl Pts',(-14.3210741525446,3.99752562318979,401.473783740532));
#1817=CARTESIAN_POINT('Ctrl Pts',(-14.6836640036014,2.69855305030051,401.524327386721));
#1818=CARTESIAN_POINT('Ctrl Pts',(-14.865698202131,1.34918091661704,401.574871032909));
#1819=CARTESIAN_POINT('Ctrl Pts',(-14.8660278141232,-0.000104030308002511,
401.625414679098));
#1820=CARTESIAN_POINT('Origin',(0.,0.,0.));
#1821=CARTESIAN_POINT('',(-14.8682491594844,0.000226641076637307,405.6245853209));
#1822=CARTESIAN_POINT('',(-14.8679544859844,0.00030985899180203,405.125414679098));
#1823=CARTESIAN_POINT('',(-14.86725,-1.82071301246235E-15,0.));
#1824=CARTESIAN_POINT('Ctrl Pts',(-14.8682491594844,0.000226641076637307,
405.6245853209));
#1825=CARTESIAN_POINT('Ctrl Pts',(-14.8684180796306,0.230413464799814,405.615958912097));
#1826=CARTESIAN_POINT('Ctrl Pts',(-14.8631830288565,0.46059260188676,405.607332503294));
#1827=CARTESIAN_POINT('Ctrl Pts',(-14.8524933920338,0.690518145819696,405.598706094491));
#1828=CARTESIAN_POINT('Ctrl Pts',(-14.7376990921601,3.15965178211574,405.506068470278));
#1829=CARTESIAN_POINT('Ctrl Pts',(-13.9938672819554,5.59954037491505,405.413430846064));
#1830=CARTESIAN_POINT('Ctrl Pts',(-12.7116669229609,7.712775071906,405.320793221851));
#1831=CARTESIAN_POINT('Ctrl Pts',(-11.4294665639658,9.82600976889791,405.228155597637));
#1832=CARTESIAN_POINT('Ctrl Pts',(-9.60889765618057,11.6125905700812,405.135517973423));
#1833=CARTESIAN_POINT('Ctrl Pts',(-7.47187742607892,12.8547432101837,405.04288034921));
#1834=CARTESIAN_POINT('Ctrl Pts',(-5.33485719597824,14.0968958502858,404.950242724996));
#1835=CARTESIAN_POINT('Ctrl Pts',(-2.88138564356146,14.7946203293076,404.857605100782));
#1836=CARTESIAN_POINT('Ctrl Pts',(-0.41052730838872,14.8628679129965,404.764967476569));
#1837=CARTESIAN_POINT('Ctrl Pts',(2.06033102678402,14.9311154966853,404.672329852355));
#1838=CARTESIAN_POINT('Ctrl Pts',(4.54857614471612,14.36988618504,404.579692228141));
#1839=CARTESIAN_POINT('Ctrl Pts',(6.75090480156495,13.2475907104016,404.487054603928));
#1840=CARTESIAN_POINT('Ctrl Pts',(8.95323345841479,12.1252952357628,404.394416979714));
#1841=CARTESIAN_POINT('Ctrl Pts',(10.8696456541826,10.4419335981321,404.301779355501));
#1842=CARTESIAN_POINT('Ctrl Pts',(12.2665413985365,8.40269822069686,404.209141731287));
#1843=CARTESIAN_POINT('Ctrl Pts',(13.6634371428898,6.36346284326256,404.116504107073));
#1844=CARTESIAN_POINT('Ctrl Pts',(14.5408164358271,3.96835372602602,404.02386648286));
#1845=CARTESIAN_POINT('Ctrl Pts',(14.7917316202609,1.50932135222681,403.931228858646));
#1846=CARTESIAN_POINT('Ctrl Pts',(15.0426468046948,-0.949711021574637,403.838591234432));
#1847=CARTESIAN_POINT('Ctrl Pts',(14.6670978806241,-3.47266665193887,403.745953610219));
#1848=CARTESIAN_POINT('Ctrl Pts',(13.71086217363,-5.75201127657392,403.653315986005));
#1849=CARTESIAN_POINT('Ctrl Pts',(12.7546264666369,-8.0313559012069,403.560678361792));
#1850=CARTESIAN_POINT('Ctrl Pts',(11.2177039767215,-10.0670895201111,403.468040737578));
#1851=CARTESIAN_POINT('Ctrl Pts',(9.28743700925251,-11.6110675249642,403.375403113364));
#1852=CARTESIAN_POINT('Ctrl Pts',(7.3571700417818,-13.1550455298188,403.282765489151));
#1853=CARTESIAN_POINT('Ctrl Pts',(5.03355859675676,-14.2072679206212,403.190127864937));
#1854=CARTESIAN_POINT('Ctrl Pts',(2.59983798874211,-14.6394746388798,403.097490240723));
#1855=CARTESIAN_POINT('Ctrl Pts',(0.166117380729682,-15.0716813571381,403.004852616509));
#1856=CARTESIAN_POINT('Ctrl Pts',(-2.37771239027216,-14.8838724028537,402.912214992296));
#1857=CARTESIAN_POINT('Ctrl Pts',(-4.72157262030022,-14.0989406432308,402.819577368082));
#1858=CARTESIAN_POINT('Ctrl Pts',(-7.06543285032827,-13.3140088836078,402.726939743869));
#1859=CARTESIAN_POINT('Ctrl Pts',(-9.20932353938253,-11.9319543186462,402.634302119655));
#1860=CARTESIAN_POINT('Ctrl Pts',(-10.8919163337033,-10.1212417148154,402.541664495442));
#1861=CARTESIAN_POINT('Ctrl Pts',(-12.5745091280249,-8.31052911098378,402.449026871228));
#1862=CARTESIAN_POINT('Ctrl Pts',(-13.7958040276126,-6.07115846828252,402.356389247014));
#1863=CARTESIAN_POINT('Ctrl Pts',(-14.4069319752919,-3.67609661589902,402.263751622801));
#1864=CARTESIAN_POINT('Ctrl Pts',(-14.7129574416843,-2.47675706155922,402.217362855501));
#1865=CARTESIAN_POINT('Ctrl Pts',(-14.8659800552942,-1.23837704598163,402.1709740882));
#1866=CARTESIAN_POINT('Ctrl Pts',(-14.8659851071725,1.74327792201723E-6,
402.1245853209));
#1867=CARTESIAN_POINT('Ctrl Pts',(-14.8660278141232,-0.000104030308002511,
401.625414679098));
#1868=CARTESIAN_POINT('Ctrl Pts',(-14.8663023230081,-1.12382135557962,401.667508657123));
#1869=CARTESIAN_POINT('Ctrl Pts',(-14.7405471927194,-2.24747820843327,401.709602635148));
#1870=CARTESIAN_POINT('Ctrl Pts',(-14.4880987485147,-3.34191122623344,401.751696613172));
#1871=CARTESIAN_POINT('Ctrl Pts',(-13.9325270205627,-5.75046654430033,401.844334237386));
#1872=CARTESIAN_POINT('Ctrl Pts',(-12.7633507397828,-8.01748417828887,401.936971861599));
#1873=CARTESIAN_POINT('Ctrl Pts',(-11.1230859935255,-9.86662728450684,402.029609485813));
#1874=CARTESIAN_POINT('Ctrl Pts',(-9.4828212472675,-11.7157703907257,402.122247110027));
#1875=CARTESIAN_POINT('Ctrl Pts',(-7.37146803553167,-13.1470389691735,402.21488473424));
#1876=CARTESIAN_POINT('Ctrl Pts',(-5.04638857451937,-13.9859693387945,402.307522358454));
#1877=CARTESIAN_POINT('Ctrl Pts',(-2.7213091135071,-14.8248997084154,402.400159982668));
#1878=CARTESIAN_POINT('Ctrl Pts',(-0.18250340321841,-15.0714918692094,402.492797606881));
#1879=CARTESIAN_POINT('Ctrl Pts',(2.26056225744755,-14.6956876079666,402.585435231095));
#1880=CARTESIAN_POINT('Ctrl Pts',(4.70362791811239,-14.3198833467239,402.678072855309));
#1881=CARTESIAN_POINT('Ctrl Pts',(7.05095352915458,-13.3216826634449,402.770710479522));
#1882=CARTESIAN_POINT('Ctrl Pts',(9.01641315103654,-11.8227606708651,402.863348103736));
#1883=CARTESIAN_POINT('Ctrl Pts',(10.9818727729185,-10.3238386782852,402.955985727949));
#1884=CARTESIAN_POINT('Ctrl Pts',(12.5654664056402,-8.3241953764045,403.048623352163));
#1885=CARTESIAN_POINT('Ctrl Pts',(13.5741627910427,-6.06757616458256,403.141260976377));
#1886=CARTESIAN_POINT('Ctrl Pts',(14.5828591764457,-3.8109569527596,403.23389860059));
#1887=CARTESIAN_POINT('Ctrl Pts',(15.0166583145289,-1.2973618309952,403.326536224804));
#1888=CARTESIAN_POINT('Ctrl Pts',(14.8226825025267,1.16681593236758,403.419173849018));
#1889=CARTESIAN_POINT('Ctrl Pts',(14.6287066905246,3.63099369573033,403.511811473231));
#1890=CARTESIAN_POINT('Ctrl Pts',(13.8069559284371,6.04575410069152,403.604449097445));
#1891=CARTESIAN_POINT('Ctrl Pts',(12.4575970647671,8.11675128130977,403.697086721659));
#1892=CARTESIAN_POINT('Ctrl Pts',(11.1082382010978,10.1877484619271,403.789724345872));
#1893=CARTESIAN_POINT('Ctrl Pts',(9.23127123584652,11.9149824182018,403.882361970086));
#1894=CARTESIAN_POINT('Ctrl Pts',(7.05548800508712,13.0879129352548,403.974999594299));
#1895=CARTESIAN_POINT('Ctrl Pts',(4.87970477432774,14.2608434523078,404.067637218513));
#1896=CARTESIAN_POINT('Ctrl Pts',(2.40510527806022,14.8794705301389,404.160274842727));
#1897=CARTESIAN_POINT('Ctrl Pts',(-0.06667056528305,14.8683869678746,404.25291246694));
#1898=CARTESIAN_POINT('Ctrl Pts',(-2.53844640862861,14.8573034056103,404.345550091154));
#1899=CARTESIAN_POINT('Ctrl Pts',(-5.00739859904991,14.2165092032493,404.438187715367));
#1900=CARTESIAN_POINT('Ctrl Pts',(-7.1725755932947,13.0241136108839,404.530825339581));
#1901=CARTESIAN_POINT('Ctrl Pts',(-9.33775258753747,11.8317180185197,404.623462963795));
#1902=CARTESIAN_POINT('Ctrl Pts',(-11.1991543856043,10.0877210361522,404.716100588009));
#1903=CARTESIAN_POINT('Ctrl Pts',(-12.5298864587499,8.0047061983295,404.808738212222));
#1904=CARTESIAN_POINT('Ctrl Pts',(-13.8606185318961,5.92169136050586,404.901375836436));
#1905=CARTESIAN_POINT('Ctrl Pts',(-14.6606808801207,3.49965866722677,404.994013460649));
#1906=CARTESIAN_POINT('Ctrl Pts',(-14.8325503519709,1.03384043594137,405.086651084863));
#1907=CARTESIAN_POINT('Ctrl Pts',(-14.8565228956134,0.689905387281246,405.099572282941));
#1908=CARTESIAN_POINT('Ctrl Pts',(-14.8682739604676,0.345118491928644,405.11249348102));
#1909=CARTESIAN_POINT('Ctrl Pts',(-14.8679544859844,0.00030985899180203,
405.125414679098));
#1910=CARTESIAN_POINT('Origin',(0.,0.,0.));
#1911=CARTESIAN_POINT('',(-14.8666541782829,-0.000348813260611647,409.124585320901));
#1912=CARTESIAN_POINT('',(-14.866982348364,-0.000381641510879582,408.625414679098));
#1913=CARTESIAN_POINT('',(-14.86725,-1.82071301246235E-15,0.));
#1914=CARTESIAN_POINT('Ctrl Pts',(-14.8666541782829,-0.000348813260611647,
409.124585320901));
#1915=CARTESIAN_POINT('Ctrl Pts',(-14.8651817533839,1.69838634624168,409.060943735994));
#1916=CARTESIAN_POINT('Ctrl Pts',(-14.574402110542,3.39761269076472,408.997302151088));
#1917=CARTESIAN_POINT('Ctrl Pts',(-14.0037067157594,4.99695642257446,408.933660566182));
#1918=CARTESIAN_POINT('Ctrl Pts',(-13.1729941305777,7.32498461097735,408.841022941969));
#1919=CARTESIAN_POINT('Ctrl Pts',(-11.7491921175549,9.44138011627945,408.748385317755));
#1920=CARTESIAN_POINT('Ctrl Pts',(-9.90585422493972,11.0881660947316,408.655747693542));
#1921=CARTESIAN_POINT('Ctrl Pts',(-8.06251633232461,12.7349520731838,408.563110069328));
#1922=CARTESIAN_POINT('Ctrl Pts',(-5.79964256011718,13.9121285247861,408.470472445114));
#1923=CARTESIAN_POINT('Ctrl Pts',(-3.39306463830109,14.4762041858501,408.3778348209));
#1924=CARTESIAN_POINT('Ctrl Pts',(-0.986486716486051,15.0402798469138,408.285197196687));
#1925=CARTESIAN_POINT('Ctrl Pts',(1.56379535493754,14.9912547174398,408.192559572473));
#1926=CARTESIAN_POINT('Ctrl Pts',(3.94691637246357,14.3351046881037,408.09992194826));
#1927=CARTESIAN_POINT('Ctrl Pts',(6.33003738999068,13.6789546587672,408.007284324046));
#1928=CARTESIAN_POINT('Ctrl Pts',(8.54599735361998,12.4156797295682,407.914646699832));
#1929=CARTESIAN_POINT('Ctrl Pts',(10.3246830657666,10.699266089858,407.822009075619));
#1930=CARTESIAN_POINT('Ctrl Pts',(12.1033687779131,8.98285245014784,407.729371451405));
#1931=CARTESIAN_POINT('Ctrl Pts',(13.444780238577,6.81330009992653,407.636733827191));
#1932=CARTESIAN_POINT('Ctrl Pts',(14.185406849704,4.45506540675708,407.544096202978));
#1933=CARTESIAN_POINT('Ctrl Pts',(14.9260334608306,2.09683071358868,407.451458578764));
#1934=CARTESIAN_POINT('Ctrl Pts',(15.065875222421,-0.450086322527711,407.358820954551));
#1935=CARTESIAN_POINT('Ctrl Pts',(14.5878862013358,-2.87523067717841,407.266183330337));
#1936=CARTESIAN_POINT('Ctrl Pts',(14.1098971802507,-5.30037503182907,407.173545706123));
#1937=CARTESIAN_POINT('Ctrl Pts',(13.0140773764901,-7.60374670501405,407.08090808191));
#1938=CARTESIAN_POINT('Ctrl Pts',(11.4340011307591,-9.50457749781188,406.988270457696));
#1939=CARTESIAN_POINT('Ctrl Pts',(9.85392488502733,-11.4054082906106,406.895632833483));
#1940=CARTESIAN_POINT('Ctrl Pts',(7.78959219732469,-12.9036982030218,406.802995209269));
#1941=CARTESIAN_POINT('Ctrl Pts',(5.49263374343338,-13.8168140260557,406.710357585055));
#1942=CARTESIAN_POINT('Ctrl Pts',(3.19567528954105,-14.72992984909,406.617719960842));
#1943=CARTESIAN_POINT('Ctrl Pts',(0.666091069459837,-15.0578715827464,406.525082336628));
#1944=CARTESIAN_POINT('Ctrl Pts',(-1.78777666629038,-14.7606649532323,406.432444712414));
#1945=CARTESIAN_POINT('Ctrl Pts',(-4.24164440203728,-14.4634583237186,406.3398070882));
#1946=CARTESIAN_POINT('Ctrl Pts',(-6.6197956534534,-13.5411033310362,406.247169463987));
#1947=CARTESIAN_POINT('Ctrl Pts',(-8.63234700684776,-12.1060299199812,406.154531839773));
#1948=CARTESIAN_POINT('Ctrl Pts',(-10.6448983602439,-10.6709565089249,406.06189421556));
#1949=CARTESIAN_POINT('Ctrl Pts',(-12.2918498156176,-8.7231646794951,405.969256591346));
#1950=CARTESIAN_POINT('Ctrl Pts',(-13.3724471485335,-6.50007942488324,405.876618967133));
#1951=CARTESIAN_POINT('Ctrl Pts',(-14.352419336706,-4.48400770686655,405.792607751722));
#1952=CARTESIAN_POINT('Ctrl Pts',(-14.8666040732013,-2.24152601336916,405.708596536311));
#1953=CARTESIAN_POINT('Ctrl Pts',(-14.8682491594844,0.000226641076637307,
405.6245853209));
#1954=CARTESIAN_POINT('Ctrl Pts',(-14.8679544859844,0.00030985899180203,
405.125414679098));
#1955=CARTESIAN_POINT('Ctrl Pts',(-14.8659835105459,-2.12696284061526,405.205131105233));
#1956=CARTESIAN_POINT('Ctrl Pts',(-14.4045852886241,-4.25506291323329,405.284847531369));
#1957=CARTESIAN_POINT('Ctrl Pts',(-13.5192034239953,-6.18906412726283,405.364563957504));
#1958=CARTESIAN_POINT('Ctrl Pts',(-12.4903104286943,-8.43654668988894,405.457201581718));
#1959=CARTESIAN_POINT('Ctrl Pts',(-10.8888478426167,-10.4219080458508,405.549839205931));
#1960=CARTESIAN_POINT('Ctrl Pts',(-8.91002504997394,-11.9031436855805,405.642476830145));
#1961=CARTESIAN_POINT('Ctrl Pts',(-6.93120225733123,-13.3843793253103,405.735114454359));
#1962=CARTESIAN_POINT('Ctrl Pts',(-4.57501925812348,-14.3614892488079,405.827752078572));
#1963=CARTESIAN_POINT('Ctrl Pts',(-2.12868165825363,-14.715369189679,405.920389702786));
#1964=CARTESIAN_POINT('Ctrl Pts',(0.317655941617341,-15.0692491305502,406.013027326999));
#1965=CARTESIAN_POINT('Ctrl Pts',(2.85414814215051,-14.7998990887942,406.105664951213));
#1966=CARTESIAN_POINT('Ctrl Pts',(5.1716106484215,-13.9401513367636,406.198302575427));
#1967=CARTESIAN_POINT('Ctrl Pts',(7.48907315469249,-13.080403584733,406.29094019964));
#1968=CARTESIAN_POINT('Ctrl Pts',(9.58750596670131,-11.6302581224278,406.383577823854));
#1969=CARTESIAN_POINT('Ctrl Pts',(11.2111217931286,-9.76647961808021,406.476215448068));
#1970=CARTESIAN_POINT('Ctrl Pts',(12.8347376195551,-7.90270111373341,406.568853072281));
#1971=CARTESIAN_POINT('Ctrl Pts',(13.9835364604006,-5.62528956734451,406.661490696495));
#1972=CARTESIAN_POINT('Ctrl Pts',(14.5174861249324,-3.21184878273136,406.754128320708));
#1973=CARTESIAN_POINT('Ctrl Pts',(15.0514357894643,-0.7984079981182,406.846765944922));
#1974=CARTESIAN_POINT('Ctrl Pts',(14.9705362776827,1.75106202471924,406.939403569136));
#1975=CARTESIAN_POINT('Ctrl Pts',(14.2846487902269,4.12579506648195,407.032041193349));
#1976=CARTESIAN_POINT('Ctrl Pts',(13.5987613027709,6.50052810824574,407.124678817563));
#1977=CARTESIAN_POINT('Ctrl Pts',(12.3078858396402,8.70052416893465,407.217316441777));
#1978=CARTESIAN_POINT('Ctrl Pts',(10.5693729417983,10.4576159619639,407.30995406599));
#1979=CARTESIAN_POINT('Ctrl Pts',(8.83086004395549,12.2147077549939,407.402591690204));
#1980=CARTESIAN_POINT('Ctrl Pts',(6.64470971140111,13.5288952803638,407.495229314418));
#1981=CARTESIAN_POINT('Ctrl Pts',(4.2774015134504,14.2399863863513,407.587866938631));
#1982=CARTESIAN_POINT('Ctrl Pts',(1.91009331550297,14.9510774923379,407.680504562845));
#1983=CARTESIAN_POINT('Ctrl Pts',(-0.63837274784022,15.0590721789437,407.773142187058));
#1984=CARTESIAN_POINT('Ctrl Pts',(-3.05735283436016,14.5508064943827,407.865779811272));
#1985=CARTESIAN_POINT('Ctrl Pts',(-5.4763329208823,14.0425408098212,407.958417435486));
#1986=CARTESIAN_POINT('Ctrl Pts',(-7.765827030581,12.9180147540917,408.051055059699));
#1987=CARTESIAN_POINT('Ctrl Pts',(-9.64675856235652,11.3143018003914,408.143692683913));
#1988=CARTESIAN_POINT('Ctrl Pts',(-11.527690094132,9.71058884669113,408.236330308127));
#1989=CARTESIAN_POINT('Ctrl Pts',(-13.0000590479844,7.62768899502009,408.32896793234));
#1990=CARTESIAN_POINT('Ctrl Pts',(-13.884391835637,5.31949615520448,408.421605556554));
#1991=CARTESIAN_POINT('Ctrl Pts',(-14.5329227502924,3.62676867239774,408.489541930735));
#1992=CARTESIAN_POINT('Ctrl Pts',(-14.8652011780895,1.81287607787189,408.557478304917));
#1993=CARTESIAN_POINT('Ctrl Pts',(-14.866982348364,-0.000381641510879582,
408.625414679098));
#1994=CARTESIAN_POINT('Origin',(0.,0.,0.));
#1995=CARTESIAN_POINT('',(-14.8668774616418,0.000374721244158771,412.6245853209));
#1996=CARTESIAN_POINT('',(-14.8665627241097,0.000333058056080882,412.125414679098));
#1997=CARTESIAN_POINT('',(-14.86725,-1.82071301246235E-15,0.));
#1998=CARTESIAN_POINT('Ctrl Pts',(-14.8668774616418,0.000374721244158771,
412.6245853209));
#1999=CARTESIAN_POINT('Ctrl Pts',(-14.8675394487822,0.694853297839366,412.598566184105));
#2000=CARTESIAN_POINT('Ctrl Pts',(-14.8197629210276,1.38924153286647,412.57254704731));
#2001=CARTESIAN_POINT('Ctrl Pts',(-14.722796211398,2.07669135592139,412.546527910514));
#2002=CARTESIAN_POINT('Ctrl Pts',(-14.3775593313825,4.52426365145434,412.453890286301));
#2003=CARTESIAN_POINT('Ctrl Pts',(-13.4087779171601,6.8838832560971,412.361252662087));
#2004=CARTESIAN_POINT('Ctrl Pts',(-11.9345410361561,8.86792566085324,412.268615037873));
#2005=CARTESIAN_POINT('Ctrl Pts',(-10.4603041551527,10.8519680656085,412.17597741366));
#2006=CARTESIAN_POINT('Ctrl Pts',(-8.48061180736806,12.4604332704774,412.083339789446));
#2007=CARTESIAN_POINT('Ctrl Pts',(-6.2367774817963,13.497258310956,411.990702165232));
#2008=CARTESIAN_POINT('Ctrl Pts',(-3.99294315622661,14.5340833514337,411.898064541019));
#2009=CARTESIAN_POINT('Ctrl Pts',(-1.48496685287022,14.9992682275221,411.805426916805));
#2010=CARTESIAN_POINT('Ctrl Pts',(0.981443062650381,14.8361094895154,411.712789292592));
#2011=CARTESIAN_POINT('Ctrl Pts',(3.44785297817327,14.6729507515084,411.620151668378));
#2012=CARTESIAN_POINT('Ctrl Pts',(5.8726965058603,13.8814483994051,411.527514044164));
#2013=CARTESIAN_POINT('Ctrl Pts',(7.96039870317786,12.5580821687293,411.434876419951));
#2014=CARTESIAN_POINT('Ctrl Pts',(10.0481009004963,11.2347159380529,411.342238795737));
#2015=CARTESIAN_POINT('Ctrl Pts',(11.798661767445,9.37948582880357,411.249601171523));
#2016=CARTESIAN_POINT('Ctrl Pts',(12.9986976684438,7.21853407517807,411.15696354731));
#2017=CARTESIAN_POINT('Ctrl Pts',(14.1987335694415,5.05758232155452,411.064325923096));
#2018=CARTESIAN_POINT('Ctrl Pts',(14.8482445044903,2.59090892355538,410.971688298882));
#2019=CARTESIAN_POINT('Ctrl Pts',(14.8680587022533,0.119187652307538,410.879050674669));
#2020=CARTESIAN_POINT('Ctrl Pts',(14.8878729000163,-2.35253361894256,410.786413050455));
#2021=CARTESIAN_POINT('Ctrl Pts',(14.2779903604924,-4.8293027634413,410.693775426241));
#2022=CARTESIAN_POINT('Ctrl Pts',(13.1127523739602,-7.00921539470099,410.601137802028));
#2023=CARTESIAN_POINT('Ctrl Pts',(11.9475143874291,-9.18912802595866,410.508500177814));
#2024=CARTESIAN_POINT('Ctrl Pts',(10.2269209538907,-11.0721841439779,410.4158625536));
#2025=CARTESIAN_POINT('Ctrl Pts',(8.16070284542789,-12.4288496788213,410.323224929387));
#2026=CARTESIAN_POINT('Ctrl Pts',(6.09448473696597,-13.7855152136642,410.230587305173));
#2027=CARTESIAN_POINT('Ctrl Pts',(3.68264195357988,-14.6157901653319,410.13794968096));
#2028=CARTESIAN_POINT('Ctrl Pts',(1.21916471936392,-14.8184686340111,410.045312056746));
#2029=CARTESIAN_POINT('Ctrl Pts',(-1.24431251485425,-15.0211471026905,409.952674432532));
#2030=CARTESIAN_POINT('Ctrl Pts',(-3.75942419990242,-14.5962290883803,409.860036808319));
#2031=CARTESIAN_POINT('Ctrl Pts',(-6.01959220680606,-13.5955097342421,409.767399184105));
#2032=CARTESIAN_POINT('Ctrl Pts',(-8.27976021371077,-12.5947903801035,409.674761559891));
#2033=CARTESIAN_POINT('Ctrl Pts',(-10.2849845424707,-11.0182696861365,409.582123935678));
#2034=CARTESIAN_POINT('Ctrl Pts',(-11.790839497583,-9.05811675859559,409.489486311464));
#2035=CARTESIAN_POINT('Ctrl Pts',(-13.2966944526931,-7.09796383105737,409.396848687251));
#2036=CARTESIAN_POINT('Ctrl Pts',(-14.3031800341569,-4.75417866994644,409.304211063037));
#2037=CARTESIAN_POINT('Ctrl Pts',(-14.687611246219,-2.31245565364035,409.211573438823));
#2038=CARTESIAN_POINT('Ctrl Pts',(-14.8079401366743,-1.54818414775702,409.182577399516));
#2039=CARTESIAN_POINT('Ctrl Pts',(-14.8673250366581,-0.774317461761734,
409.153581360208));
#2040=CARTESIAN_POINT('Ctrl Pts',(-14.8666541782829,-0.000348813260611647,
409.124585320901));
#2041=CARTESIAN_POINT('Ctrl Pts',(-14.866982348364,-0.000381641510879582,
408.625414679098));
#2042=CARTESIAN_POINT('Ctrl Pts',(-14.867629970979,-0.659671055159798,408.65011592913));
#2043=CARTESIAN_POINT('Ctrl Pts',(-14.8245856872043,-1.31887653799031,408.674817179163));
#2044=CARTESIAN_POINT('Ctrl Pts',(-14.7371647894163,-1.97214349384793,408.699518429195));
#2045=CARTESIAN_POINT('Ctrl Pts',(-14.4093083340903,-4.42210447512795,408.792156053408));
#2046=CARTESIAN_POINT('Ctrl Pts',(-13.457298801985,-6.78854060972786,408.884793677622));
#2047=CARTESIAN_POINT('Ctrl Pts',(-11.9971808613566,-8.78299649155335,408.977431301836));
#2048=CARTESIAN_POINT('Ctrl Pts',(-10.5370629207287,-10.777452373378,409.070068926049));
#2049=CARTESIAN_POINT('Ctrl Pts',(-8.56883657157827,-12.3999280024284,409.162706550263));
#2050=CARTESIAN_POINT('Ctrl Pts',(-6.33241766142281,-13.4526526213992,409.255344174476));
#2051=CARTESIAN_POINT('Ctrl Pts',(-4.09599875126637,-14.5053772403704,409.34798179869));
#2052=CARTESIAN_POINT('Ctrl Pts',(-1.59138728010474,-14.9883508492613,409.440619422904));
#2053=CARTESIAN_POINT('Ctrl Pts',(0.876118540773346,-14.8427016507525,409.533257047118));
#2054=CARTESIAN_POINT('Ctrl Pts',(3.34362436164918,-14.6970524522439,409.625894671331));
#2055=CARTESIAN_POINT('Ctrl Pts',(5.77402453224482,-13.9227804463353,409.718532295545));
#2056=CARTESIAN_POINT('Ctrl Pts',(7.87106678614798,-12.614265085162,409.811169919758));
#2057=CARTESIAN_POINT('Ctrl Pts',(9.96810904005401,-11.3057497239869,409.903807543972));
#2058=CARTESIAN_POINT('Ctrl Pts',(11.7317933772683,-9.46299100754734,409.996445168186));
#2059=CARTESIAN_POINT('Ctrl Pts',(12.9471364841634,-7.31061097659987,410.089082792399));
#2060=CARTESIAN_POINT('Ctrl Pts',(14.1624795910581,-5.15823094565338,410.181720416613));
#2061=CARTESIAN_POINT('Ctrl Pts',(14.8294814676316,-2.6962296002015,410.274358040827));
#2062=CARTESIAN_POINT('Ctrl Pts',(14.8668382940347,-0.224711214145148,410.36699566504));
#2063=CARTESIAN_POINT('Ctrl Pts',(14.9041951204377,2.24680717191007,410.459633289254));
#2064=CARTESIAN_POINT('Ctrl Pts',(14.3119068966709,4.72784259856974,410.552270913468));
#2065=CARTESIAN_POINT('Ctrl Pts',(13.1621702637562,6.91597064327416,410.644908537681));
#2066=CARTESIAN_POINT('Ctrl Pts',(12.012433630841,9.10409868797957,410.737546161895));
#2067=CARTESIAN_POINT('Ctrl Pts',(10.3052485887799,10.9993193507272,410.830183786108));
#2068=CARTESIAN_POINT('Ctrl Pts',(8.24871150128876,12.3706157712236,410.922821410322));
#2069=CARTESIAN_POINT('Ctrl Pts',(6.19217441379855,13.7419121917193,411.015459034535));
#2070=CARTESIAN_POINT('Ctrl Pts',(3.78628528087695,14.5892843699628,411.108096658749));
#2071=CARTESIAN_POINT('Ctrl Pts',(1.3243086097391,14.8094423492888,411.200734282963));
#2072=CARTESIAN_POINT('Ctrl Pts',(-1.13766806139986,15.029600328615,411.293371907177));
#2073=CARTESIAN_POINT('Ctrl Pts',(-3.65573227075837,14.6225441090245,411.38600953139));
#2074=CARTESIAN_POINT('Ctrl Pts',(-5.92294599306626,13.6378915802245,411.478647155604));
#2075=CARTESIAN_POINT('Ctrl Pts',(-8.19015971537312,12.653239051425,411.571284779818));
#2076=CARTESIAN_POINT('Ctrl Pts',(-10.2065229506296,11.0909902134164,411.663922404031));
#2077=CARTESIAN_POINT('Ctrl Pts',(-11.7262522325697,9.14157451257121,411.756560028245));
#2078=CARTESIAN_POINT('Ctrl Pts',(-13.2459815145099,7.19215881172606,411.849197652458));
#2079=CARTESIAN_POINT('Ctrl Pts',(-14.2690768431337,4.85557624804435,411.941835276672));
#2080=CARTESIAN_POINT('Ctrl Pts',(-14.6708285868664,2.41664324332781,412.034472900885));
#2081=CARTESIAN_POINT('Ctrl Pts',(-14.8022943143365,1.61854813430121,412.064786826956));
#2082=CARTESIAN_POINT('Ctrl Pts',(-14.8672263877348,0.809493309903699,412.095100753027));
#2083=CARTESIAN_POINT('Ctrl Pts',(-14.8665627241097,0.000333058056080882,
412.125414679098));
#2084=CARTESIAN_POINT('Origin',(0.,0.,0.));
#2085=CARTESIAN_POINT('',(-14.8680518847931,-0.000287193879930925,416.1245853209));
#2086=CARTESIAN_POINT('',(-14.8683239335731,-0.000196133095662627,415.625414679098));
#2087=CARTESIAN_POINT('',(-14.86725,-1.82071301246235E-15,0.));
#2088=CARTESIAN_POINT('Ctrl Pts',(-14.8680518847931,-0.000287193879930925,
416.1245853209));
#2089=CARTESIAN_POINT('Ctrl Pts',(-14.8661522220148,2.16211298729794,416.043551008002));
#2090=CARTESIAN_POINT('Ctrl Pts',(-14.3888858482826,4.32532420209467,415.962516695104));
#2091=CARTESIAN_POINT('Ctrl Pts',(-13.474935784997,6.28486124431713,415.881482382205));
#2092=CARTESIAN_POINT('Ctrl Pts',(-12.4301171213424,8.52498459030872,415.788844757992));
#2093=CARTESIAN_POINT('Ctrl Pts',(-10.8146037039961,10.498929499754,415.696207133778));
#2094=CARTESIAN_POINT('Ctrl Pts',(-8.82531763537099,11.9660830644335,415.603569509564));
#2095=CARTESIAN_POINT('Ctrl Pts',(-6.83603156674684,13.4332366291123,415.510931885351));
#2096=CARTESIAN_POINT('Ctrl Pts',(-4.47297284684426,14.3935988490259,415.418294261137));
#2097=CARTESIAN_POINT('Ctrl Pts',(-2.02418519368609,14.7301069097198,415.325656636923));
#2098=CARTESIAN_POINT('Ctrl Pts',(0.424602459472116,15.0666149704137,415.23301901271));
#2099=CARTESIAN_POINT('Ctrl Pts',(2.95911904588591,14.7792688718881,415.140381388496));
#2100=CARTESIAN_POINT('Ctrl Pts',(5.27042108700693,13.9030945057475,415.047743764282));
#2101=CARTESIAN_POINT('Ctrl Pts',(7.58172312813001,13.0269201396061,414.955106140069));
#2102=CARTESIAN_POINT('Ctrl Pts',(9.66981062395989,11.5619175058486,414.862468515855));
#2103=CARTESIAN_POINT('Ctrl Pts',(11.2801573196933,9.68666227929318,414.769830891641));
#2104=CARTESIAN_POINT('Ctrl Pts',(12.8905040154253,7.81140705273945,414.677193267428));
#2105=CARTESIAN_POINT('Ctrl Pts',(14.0231099110618,5.52589923338857,414.584555643214));
#2106=CARTESIAN_POINT('Ctrl Pts',(14.5399166458495,3.1087295157125,414.491918019001));
#2107=CARTESIAN_POINT('Ctrl Pts',(15.0567233806371,0.691559798036464,414.399280394787));
#2108=CARTESIAN_POINT('Ctrl Pts',(14.9577309545759,-1.85727181796475,414.306642770573));
#2109=CARTESIAN_POINT('Ctrl Pts',(14.2550059939493,-4.2270769312355,414.21400514636));
#2110=CARTESIAN_POINT('Ctrl Pts',(13.5522810333226,-6.59688204450628,414.121367522146));
#2111=CARTESIAN_POINT('Ctrl Pts',(12.2458235381305,-8.78766065504658,414.028729897933));
#2112=CARTESIAN_POINT('Ctrl Pts',(10.4948834123996,-10.5323690321909,413.936092273719));
#2113=CARTESIAN_POINT('Ctrl Pts',(8.74394328666708,-12.2770774093367,413.843454649505));
#2114=CARTESIAN_POINT('Ctrl Pts',(6.5485205303949,-13.5757155530857,413.750817025291));
#2115=CARTESIAN_POINT('Ctrl Pts',(4.17622496978991,-14.2699866948717,413.658179401078));
#2116=CARTESIAN_POINT('Ctrl Pts',(1.80392940918597,-14.9642578366575,413.565541776864));
#2117=CARTESIAN_POINT('Ctrl Pts',(-0.745238955750609,-15.0541619764809,
413.472904152651));
#2118=CARTESIAN_POINT('Ctrl Pts',(-3.16055067614138,-14.5287402996149,413.380266528437));
#2119=CARTESIAN_POINT('Ctrl Pts',(-5.57586239653211,-14.003318622749,413.287628904223));
#2120=CARTESIAN_POINT('Ctrl Pts',(-7.85731747237704,-12.8625711291937,413.19499128001));
#2121=CARTESIAN_POINT('Ctrl Pts',(-9.7268192161016,-11.2455485952171,413.102353655796));
#2122=CARTESIAN_POINT('Ctrl Pts',(-11.5963209598253,-9.62852606124115,413.009716031582));
#2123=CARTESIAN_POINT('Ctrl Pts',(-13.0538693714291,-7.53522848684427,412.917078407369));
#2124=CARTESIAN_POINT('Ctrl Pts',(-13.9217974043261,-5.22081720643544,412.824440783155));
#2125=CARTESIAN_POINT('Ctrl Pts',(-14.5459504223931,-3.55645480429725,412.757822295737));
#2126=CARTESIAN_POINT('Ctrl Pts',(-14.865182532931,-1.77774392585272,412.691203808319));
#2127=CARTESIAN_POINT('Ctrl Pts',(-14.8668774616418,0.000374721244158771,
412.6245853209));
#2128=CARTESIAN_POINT('Ctrl Pts',(-14.8665627241097,0.000333058056080882,
412.125414679098));
#2129=CARTESIAN_POINT('Ctrl Pts',(-14.8651982696558,-1.66325413838445,412.187738377241));
#2130=CARTESIAN_POINT('Ctrl Pts',(-14.586567141238,-3.32728696619601,412.250062075383));
#2131=CARTESIAN_POINT('Ctrl Pts',(-14.0388200877746,-4.89743877285209,412.312385773526));
#2132=CARTESIAN_POINT('Ctrl Pts',(-13.224651686108,-7.23130433856527,412.40502339774));
#2133=CARTESIAN_POINT('Ctrl Pts',(-11.815906723931,-9.35775202424139,412.497661021954));
#2134=CARTESIAN_POINT('Ctrl Pts',(-9.98430337872362,-11.0175796812343,412.590298646168));
#2135=CARTESIAN_POINT('Ctrl Pts',(-8.15270003351623,-12.6774073382272,412.682936270381));
#2136=CARTESIAN_POINT('Ctrl Pts',(-5.89823830527683,-13.8706149665398,412.775573894595));
#2137=CARTESIAN_POINT('Ctrl Pts',(-3.49572454260494,-14.451757191185,412.868211518808));
#2138=CARTESIAN_POINT('Ctrl Pts',(-1.09321077993308,-15.0328994158303,412.960849143022));
#2139=CARTESIAN_POINT('Ctrl Pts',(1.45735501717136,-15.0019762368082,413.053486767236));
#2140=CARTESIAN_POINT('Ctrl Pts',(3.8450730606189,-14.3627570176913,413.14612439145));
#2141=CARTESIAN_POINT('Ctrl Pts',(6.23279110406538,-13.7235377985748,413.238762015663));
#2142=CARTESIAN_POINT('Ctrl Pts',(8.4576613938552,-12.476022539364,413.331399639877));
#2143=CARTESIAN_POINT('Ctrl Pts',(10.2484846131911,-10.7722764132714,413.42403726409));
#2144=CARTESIAN_POINT('Ctrl Pts',(12.039307832527,-9.06853028717889,413.516674888304));
#2145=CARTESIAN_POINT('Ctrl Pts',(13.396083981409,-6.9085532942046,413.609312512517));
#2146=CARTESIAN_POINT('Ctrl Pts',(14.1534295917255,-4.55563461910719,413.701950136731));
#2147=CARTESIAN_POINT('Ctrl Pts',(14.9107752020424,-2.2027159440087,413.794587760945));
#2148=CARTESIAN_POINT('Ctrl Pts',(15.0686902737933,0.34314441321308,413.887225385158));
#2149=CARTESIAN_POINT('Ctrl Pts',(14.6079258378283,2.77162023142567,413.979863009372));
#2150=CARTESIAN_POINT('Ctrl Pts',(14.1471614018632,5.20009604963826,414.072500633585));
#2151=CARTESIAN_POINT('Ctrl Pts',(13.0677174581822,7.51118732884164,414.165138257799));
#2152=CARTESIAN_POINT('Ctrl Pts',(11.5011722212057,9.42318489306591,414.257775882013));
#2153=CARTESIAN_POINT('Ctrl Pts',(9.93462698422984,11.3351824572893,414.350413506227));
#2154=CARTESIAN_POINT('Ctrl Pts',(7.88098045395887,12.8480863065339,414.44305113044));
#2155=CARTESIAN_POINT('Ctrl Pts',(5.59056072300496,13.7774818741718,414.535688754654));
#2156=CARTESIAN_POINT('Ctrl Pts',(3.30014099205105,14.7068774418097,414.628326378867));
#2157=CARTESIAN_POINT('Ctrl Pts',(0.772948060414199,15.0527647278408,414.720964003081));
#2158=CARTESIAN_POINT('Ctrl Pts',(-1.68296730615081,14.7729819954255,414.813601627294));
#2159=CARTESIAN_POINT('Ctrl Pts',(-4.13888267271693,14.4931992630101,414.906239251508));
#2160=CARTESIAN_POINT('Ctrl Pts',(-6.52352047421114,13.5877465121476,414.998876875722));
#2161=CARTESIAN_POINT('Ctrl Pts',(-8.54620662255622,12.1669933983427,415.091514499936));
#2162=CARTESIAN_POINT('Ctrl Pts',(-10.5688927709013,10.7462402845378,415.184152124149));
#2163=CARTESIAN_POINT('Ctrl Pts',(-12.2296272660973,8.81018680779034,415.276789748363));
#2164=CARTESIAN_POINT('Ctrl Pts',(-13.3259758077958,6.59482712137169,415.369427372577));
#2165=CARTESIAN_POINT('Ctrl Pts',(-14.3358293907962,4.55424528824557,415.45475647475));
#2166=CARTESIAN_POINT('Ctrl Pts',(-14.8668371199956,2.27668976785255,415.540085576924));
#2167=CARTESIAN_POINT('Ctrl Pts',(-14.8683239335731,-0.000196133095662627,
415.625414679098));
#2168=CARTESIAN_POINT('Origin',(0.,0.,0.));
#2169=CARTESIAN_POINT('',(-14.8660053540103,7.2032556453494E-5,419.6245853209));
#2170=CARTESIAN_POINT('',(-14.8659897444766,-3.45404572122843E-5,419.125414679098));
#2171=CARTESIAN_POINT('',(-14.86725,-1.82071301246235E-15,0.));
#2172=CARTESIAN_POINT('Ctrl Pts',(-14.8660053540103,7.2032556453494E-5,
419.6245853209));
#2173=CARTESIAN_POINT('Ctrl Pts',(-14.8662010227657,1.15897592798059,419.581173456113));
#2174=CARTESIAN_POINT('Ctrl Pts',(-14.7323710346783,2.3178353717496,419.537761591325));
#2175=CARTESIAN_POINT('Ctrl Pts',(-14.4640144702458,3.44465682973387,419.494349726537));
#2176=CARTESIAN_POINT('Ctrl Pts',(-13.8913619317597,5.8492082879778,419.401712102323));
#2177=CARTESIAN_POINT('Ctrl Pts',(-12.7061248654363,8.10787054775989,419.30907447811));
#2178=CARTESIAN_POINT('Ctrl Pts',(-11.0527770790769,9.94532523904296,419.216436853896));
#2179=CARTESIAN_POINT('Ctrl Pts',(-9.3994292927183,11.7827799303252,419.123799229682));
#2180=CARTESIAN_POINT('Ctrl Pts',(-7.27797078632414,13.1990270531088,419.031161605469));
#2181=CARTESIAN_POINT('Ctrl Pts',(-4.94699555532345,14.0214339582556,418.938523981255));
#2182=CARTESIAN_POINT('Ctrl Pts',(-2.61602032432167,14.8438408634028,418.845886357042));
#2183=CARTESIAN_POINT('Ctrl Pts',(-0.0755283687131511,15.0724075509127,
418.753248732828));
#2184=CARTESIAN_POINT('Ctrl Pts',(2.36480846867502,14.6792730125369,418.660611108614));
#2185=CARTESIAN_POINT('Ctrl Pts',(4.80514530606316,14.2861384741612,418.5679734844));
#2186=CARTESIAN_POINT('Ctrl Pts',(7.14532702523097,13.2713027098998,418.475335860187));
#2187=CARTESIAN_POINT('Ctrl Pts',(9.10009848733592,11.7584685563597,418.382698235973));
#2188=CARTESIAN_POINT('Ctrl Pts',(11.05486994944,10.2456344028202,418.29006061176));
#2189=CARTESIAN_POINT('Ctrl Pts',(12.6242311544816,8.23480186000246,418.197422987546));
#2190=CARTESIAN_POINT('Ctrl Pts',(13.6168856980958,5.97108023351782,418.104785363332));
#2191=CARTESIAN_POINT('Ctrl Pts',(14.6095402417099,3.70735860703319,418.012147739119));
#2192=CARTESIAN_POINT('Ctrl Pts',(15.0254881238965,1.19074789688173,417.919510114905));
#2193=CARTESIAN_POINT('Ctrl Pts',(14.8140276107209,-1.27199104513781,417.826872490692));
#2194=CARTESIAN_POINT('Ctrl Pts',(14.6025670975451,-3.73472998715957,417.734234866478));
#2195=CARTESIAN_POINT('Ctrl Pts',(13.7636981890058,-6.14359716104932,417.641597242264));
#2196=CARTESIAN_POINT('Ctrl Pts',(12.3996743404721,-8.20496505296339,417.54895961805));
#2197=CARTESIAN_POINT('Ctrl Pts',(11.0356504919396,-10.2663329448756,417.456321993837));
#2198=CARTESIAN_POINT('Ctrl Pts',(9.1464717034136,-11.9802015548128,417.363684369623));
#2199=CARTESIAN_POINT('Ctrl Pts',(6.96241836432054,-13.1376598292955,417.27104674541));
#2200=CARTESIAN_POINT('Ctrl Pts',(4.7783650252275,-14.2951181037782,417.178409121196));
#2201=CARTESIAN_POINT('Ctrl Pts',(2.29943713556736,-14.8961660428064,417.085771496982));
#2202=CARTESIAN_POINT('Ctrl Pts',(-0.172197779141207,-14.8675392447766,
416.993133872769));
#2203=CARTESIAN_POINT('Ctrl Pts',(-2.64383269384981,-14.8389124467467,416.900496248555));
#2204=CARTESIAN_POINT('Ctrl Pts',(-5.10817463360686,-14.1806109116589,416.807858624342));
#2205=CARTESIAN_POINT('Ctrl Pts',(-7.26483401908101,-12.9728779361141,416.715221000128));
#2206=CARTESIAN_POINT('Ctrl Pts',(-9.42149340455611,-11.7651449605687,416.622583375914));
#2207=CARTESIAN_POINT('Ctrl Pts',(-11.270470235748,-10.0079805445658,416.529945751701));
#2208=CARTESIAN_POINT('Ctrl Pts',(-12.5863845182835,-7.91557325959563,416.437308127487));
#2209=CARTESIAN_POINT('Ctrl Pts',(-13.9022988008197,-5.82316597462443,416.344670503273));
#2210=CARTESIAN_POINT('Ctrl Pts',(-14.685150534699,-3.39551582068558,416.25203287906));
#2211=CARTESIAN_POINT('Ctrl Pts',(-14.8395144466566,-0.92853985244667,416.159395254846));
#2212=CARTESIAN_POINT('Ctrl Pts',(-14.858849274611,-0.619539158511176,416.147791943531));
#2213=CARTESIAN_POINT('Ctrl Pts',(-14.8683238976951,-0.309921490670746,
416.136188632216));
#2214=CARTESIAN_POINT('Ctrl Pts',(-14.8680518847931,-0.000287193879930925,
416.1245853209));
#2215=CARTESIAN_POINT('Ctrl Pts',(-14.8683239335731,-0.000196133095662627,
415.625414679098));
#2216=CARTESIAN_POINT('Ctrl Pts',(-14.8684512806273,-0.195213663633879,
415.632723201138));
#2217=CARTESIAN_POINT('Ctrl Pts',(-14.8646940135216,-0.390226281782261,
415.640031723178));
#2218=CARTESIAN_POINT('Ctrl Pts',(-14.8570202909083,-0.585084665904053,
415.647340245217));
#2219=CARTESIAN_POINT('Ctrl Pts',(-14.7597536441216,-3.05497087067357,415.739977869431));
#2220=CARTESIAN_POINT('Ctrl Pts',(-14.0332577623484,-5.50007738412074,415.832615493644));
#2221=CARTESIAN_POINT('Ctrl Pts',(-12.7660884538496,-7.62235931842804,415.925253117858));
#2222=CARTESIAN_POINT('Ctrl Pts',(-11.4989191453503,-9.74464125273631,416.017890742071));
#2223=CARTESIAN_POINT('Ctrl Pts',(-9.69107641012318,-11.5440986079029,416.110528366285));
#2224=CARTESIAN_POINT('Ctrl Pts',(-7.56292622497656,-12.8013875383218,416.203165990499));
#2225=CARTESIAN_POINT('Ctrl Pts',(-5.43477603982991,-14.0586764687407,416.295803614713));
#2226=CARTESIAN_POINT('Ctrl Pts',(-2.9863184047616,-14.7737969744143,416.388441238927));
#2227=CARTESIAN_POINT('Ctrl Pts',(-0.516006690687288,-14.8595798421727,
416.48107886314));
#2228=CARTESIAN_POINT('Ctrl Pts',(1.95430502338812,-14.9453627099311,416.573716487354));
#2229=CARTESIAN_POINT('Ctrl Pts',(4.44647081646947,-14.4018079397735,416.666354111567));
#2230=CARTESIAN_POINT('Ctrl Pts',(6.65670953622078,-13.2951718357126,416.758991735781));
#2231=CARTESIAN_POINT('Ctrl Pts',(8.86694825597009,-12.1885357316527,416.851629359994));
#2232=CARTESIAN_POINT('Ctrl Pts',(10.7952599023899,-10.5188182936906,416.944266984208));
#2233=CARTESIAN_POINT('Ctrl Pts',(12.2065940082772,-8.48954879294718,417.036904608422));
#2234=CARTESIAN_POINT('Ctrl Pts',(13.6179281141644,-6.46027929220379,417.129542232636));
#2235=CARTESIAN_POINT('Ctrl Pts',(14.5122846795191,-4.07145772867917,417.222179856849));
#2236=CARTESIAN_POINT('Ctrl Pts',(14.7806466121492,-1.61426816777774,417.314817481063));
#2237=CARTESIAN_POINT('Ctrl Pts',(15.0490085447793,0.842921393123684,417.407455105276));
#2238=CARTESIAN_POINT('Ctrl Pts',(14.6913758446848,3.36847895140193,417.50009272949));
#2239=CARTESIAN_POINT('Ctrl Pts',(13.7513419493686,5.65455308422101,417.592730353704));
#2240=CARTESIAN_POINT('Ctrl Pts',(12.811308054052,7.94062721704114,417.685367977917));
#2241=CARTESIAN_POINT('Ctrl Pts',(11.2888729635131,9.9872179244019,417.778005602131));
#2242=CARTESIAN_POINT('Ctrl Pts',(9.36961304969488,11.5448571792693,417.870643226344));
#2243=CARTESIAN_POINT('Ctrl Pts',(7.45035313587665,13.1024964341367,417.963280850558));
#2244=CARTESIAN_POINT('Ctrl Pts',(5.13426839877905,14.1711842365108,418.055918474772));
#2245=CARTESIAN_POINT('Ctrl Pts',(2.70367668912289,14.6206534857862,418.148556098986));
#2246=CARTESIAN_POINT('Ctrl Pts',(0.27308497946785,15.0701227350614,418.241193723199));
#2247=CARTESIAN_POINT('Ctrl Pts',(-2.27201370274566,14.9003734312386,418.333831347413));
#2248=CARTESIAN_POINT('Ctrl Pts',(-4.62138598033356,14.1320970705524,418.426468971626));
#2249=CARTESIAN_POINT('Ctrl Pts',(-6.97075825792146,13.3638207098661,418.51910659584));
#2250=CARTESIAN_POINT('Ctrl Pts',(-9.12440413088377,11.9970172923164,418.611744220054));
#2251=CARTESIAN_POINT('Ctrl Pts',(-10.8198061427867,10.198292554308,418.704381844267));
#2252=CARTESIAN_POINT('Ctrl Pts',(-12.5152081546897,8.39956781629959,418.797019468481));
#2253=CARTESIAN_POINT('Ctrl Pts',(-13.7523663055333,6.16892175783256,418.889657092694));
#2254=CARTESIAN_POINT('Ctrl Pts',(-14.3804778960237,3.77825772978941,418.982294716908));
#2255=CARTESIAN_POINT('Ctrl Pts',(-14.7039436866791,2.54711020484295,419.030001370971));
#2256=CARTESIAN_POINT('Ctrl Pts',(-14.8658867668454,1.2735249783226,419.077708025035));
#2257=CARTESIAN_POINT('Ctrl Pts',(-14.8659897444766,-3.45404572122843E-5,
419.125414679098));
#2258=CARTESIAN_POINT('Origin',(0.,0.,0.));
#2259=CARTESIAN_POINT('',(-14.8683984377119,0.000158572696110845,423.1245853209));
#2260=CARTESIAN_POINT('',(-14.8681570103738,0.000257834584306621,422.625414679098));
#2261=CARTESIAN_POINT('',(-14.86725,-1.82071301246235E-15,0.));
#2262=CARTESIAN_POINT('Ctrl Pts',(-14.8683984377119,0.000158572696110845,
423.1245853209));
#2263=CARTESIAN_POINT('Ctrl Pts',(-14.8684828495394,0.154638685304192,423.118795904223));
#2264=CARTESIAN_POINT('Ctrl Pts',(-14.8661254283303,0.309116216775741,423.113006487546));
#2265=CARTESIAN_POINT('Ctrl Pts',(-14.8613097400697,0.463517076084764,423.107217070868));
#2266=CARTESIAN_POINT('Ctrl Pts',(-14.7842529406927,2.93411637480598,423.014579446655));
#2267=CARTESIAN_POINT('Ctrl Pts',(-14.0777852382166,5.38508465132503,422.921941822441));
#2268=CARTESIAN_POINT('Ctrl Pts',(-12.8280211172161,7.51766250149414,422.829304198228));
#2269=CARTESIAN_POINT('Ctrl Pts',(-11.5782569962156,9.65024035166324,422.736666574014));
#2270=CARTESIAN_POINT('Ctrl Pts',(-9.78519645669073,11.4644277754824,422.6440289498));
#2271=CARTESIAN_POINT('Ctrl Pts',(-7.66740360798615,12.7390854138888,422.551391325587));
#2272=CARTESIAN_POINT('Ctrl Pts',(-5.54961075927964,14.0137430522963,422.458753701373));
#2273=CARTESIAN_POINT('Ctrl Pts',(-3.10708560139283,14.7488709052901,422.36611607716));
#2274=CARTESIAN_POINT('Ctrl Pts',(-0.637558369261245,14.8548609753137,422.273478452946));
#2275=CARTESIAN_POINT('Ctrl Pts',(1.83196886286809,14.9608510453372,422.180840828732));
#2276=CARTESIAN_POINT('Ctrl Pts',(4.32849816924214,14.4377033323916,422.088203204519));
#2277=CARTESIAN_POINT('Ctrl Pts',(6.5477165095187,13.34918663369,421.995565580305));
#2278=CARTESIAN_POINT('Ctrl Pts',(8.76693484979526,12.2606699349885,421.902927956091));
#2279=CARTESIAN_POINT('Ctrl Pts',(10.7088422239743,10.6067842505309,421.810290331878));
#2280=CARTESIAN_POINT('Ctrl Pts',(12.1367309212388,8.58912904871957,421.717652707664));
#2281=CARTESIAN_POINT('Ctrl Pts',(13.564619618504,6.57147384690734,421.625015083451));
#2282=CARTESIAN_POINT('Ctrl Pts',(14.4784896388541,4.19004912774106,421.532377459237));
#2283=CARTESIAN_POINT('Ctrl Pts',(14.766945308439,1.73513732242871,421.439739835023));
#2284=CARTESIAN_POINT('Ctrl Pts',(15.0554009780238,-0.719774482883633,421.34710221081));
#2285=CARTESIAN_POINT('Ctrl Pts',(14.7184422968433,-3.24817337434203,421.254464586596));
#2286=CARTESIAN_POINT('Ctrl Pts',(13.7971426544539,-5.54186158639501,421.161826962382));
#2287=CARTESIAN_POINT('Ctrl Pts',(12.875843012065,-7.83554979844694,421.069189338169));
#2288=CARTESIAN_POINT('Ctrl Pts',(11.3702024084677,-9.89452733109366,420.976551713955));
#2289=CARTESIAN_POINT('Ctrl Pts',(9.46375006103346,-11.4678162721767,420.883914089741));
#2290=CARTESIAN_POINT('Ctrl Pts',(7.55729771359832,-13.0411052132606,420.791276465528));
#2291=CARTESIAN_POINT('Ctrl Pts',(5.25003362232581,-14.1287055627803,420.698638841314));
#2292=CARTESIAN_POINT('Ctrl Pts',(2.82320045025839,-14.598044885798,420.606001217101));
#2293=CARTESIAN_POINT('Ctrl Pts',(0.396367278190972,-15.0673842088157,420.513363592887));
#2294=CARTESIAN_POINT('Ctrl Pts',(-2.15003497467135,-14.9184625053314,420.420725968673));
#2295=CARTESIAN_POINT('Ctrl Pts',(-4.50561403313075,-14.1694325029116,420.328088344459));
#2296=CARTESIAN_POINT('Ctrl Pts',(-6.86119309158905,-13.4204025004921,420.235450720246));
#2297=CARTESIAN_POINT('Ctrl Pts',(-9.02594895564469,-12.0712641991376,420.142813096032));
#2298=CARTESIAN_POINT('Ctrl Pts',(-10.7360099227273,-10.2864700558167,420.050175471819));
#2299=CARTESIAN_POINT('Ctrl Pts',(-12.4460708898106,-8.50167591249503,419.957537847605));
#2300=CARTESIAN_POINT('Ctrl Pts',(-13.7014369599206,-6.28122592720656,419.864900223391));
#2301=CARTESIAN_POINT('Ctrl Pts',(-14.3490859896509,-3.89578060620945,419.772262599178));
#2302=CARTESIAN_POINT('Ctrl Pts',(-14.6932335819544,-2.62820322076213,419.723036839752));
#2303=CARTESIAN_POINT('Ctrl Pts',(-14.8657834804943,-1.3140370164927,419.673811080326));
#2304=CARTESIAN_POINT('Ctrl Pts',(-14.8660053540103,7.2032556453494E-5,
419.6245853209));
#2305=CARTESIAN_POINT('Ctrl Pts',(-14.8659897444766,-3.45404572122843E-5,
419.125414679098));
#2306=CARTESIAN_POINT('Ctrl Pts',(-14.86608673063,-1.19949540910337,419.170345649248));
#2307=CARTESIAN_POINT('Ctrl Pts',(-14.7226282218968,-2.39893347445565,419.215276619399));
#2308=CARTESIAN_POINT('Ctrl Pts',(-14.4353490652722,-3.56287431078935,419.260207589549));
#2309=CARTESIAN_POINT('Ctrl Pts',(-13.843043613894,-5.96266032569776,419.352845213763));
#2310=CARTESIAN_POINT('Ctrl Pts',(-12.6393676810017,-8.21155035789649,419.445482837976));
#2311=CARTESIAN_POINT('Ctrl Pts',(-10.9710426697008,-10.0354172175522,419.53812046219));
#2312=CARTESIAN_POINT('Ctrl Pts',(-9.30271765839842,-11.8592840772095,419.630758086403));
#2313=CARTESIAN_POINT('Ctrl Pts',(-7.16974356868651,-13.2581277643229,419.723395710617));
#2314=CARTESIAN_POINT('Ctrl Pts',(-4.83211808156757,-14.0614370117896,419.816033334831));
#2315=CARTESIAN_POINT('Ctrl Pts',(-2.49449259444864,-14.8647462592563,419.908670959044));
#2316=CARTESIAN_POINT('Ctrl Pts',(0.0477842900772993,-15.0725210670761,
420.001308583258));
#2317=CARTESIAN_POINT('Ctrl Pts',(2.48482315627327,-14.6594348415206,420.093946207472));
#2318=CARTESIAN_POINT('Ctrl Pts',(4.92186202246923,-14.246348615965,420.186583831685));
#2319=CARTESIAN_POINT('Ctrl Pts',(7.25366287033521,-13.2124013570339,420.279221455899));
#2320=CARTESIAN_POINT('Ctrl Pts',(9.19599214263815,-11.6836254862639,420.371859080113));
#2321=CARTESIAN_POINT('Ctrl Pts',(11.1383214149402,-10.1548496154946,420.464496704326));
#2322=CARTESIAN_POINT('Ctrl Pts',(12.6911791116796,-8.13124513288678,420.55713432854));
#2323=CARTESIAN_POINT('Ctrl Pts',(13.6652805143845,-5.85947817249311,420.649771952753));
#2324=CARTESIAN_POINT('Ctrl Pts',(14.6393819170898,-3.58771121209841,420.742409576967));
#2325=CARTESIAN_POINT('Ctrl Pts',(15.0347270257601,-1.06778177391765,420.835047201181));
#2326=CARTESIAN_POINT('Ctrl Pts',(14.8031254699893,1.39314475575729,420.927684825395));
#2327=CARTESIAN_POINT('Ctrl Pts',(14.5715239142184,3.85407128543221,421.020322449608));
#2328=CARTESIAN_POINT('Ctrl Pts',(13.7129756940064,6.2559949066014,421.112960073822));
#2329=CARTESIAN_POINT('Ctrl Pts',(12.3321330633869,8.30613448588798,421.205597698035));
#2330=CARTESIAN_POINT('Ctrl Pts',(10.9512904327681,10.3562740651737,421.298235322249));
#2331=CARTESIAN_POINT('Ctrl Pts',(9.04815339174236,12.0546296025771,421.390872946463));
#2332=CARTESIAN_POINT('Ctrl Pts',(6.85470376310012,13.1941810018993,421.483510570676));
#2333=CARTESIAN_POINT('Ctrl Pts',(4.66125413445688,14.333732401222,421.57614819489));
#2334=CARTESIAN_POINT('Ctrl Pts',(2.17749191819691,14.9144796624629,421.668785819103));
#2335=CARTESIAN_POINT('Ctrl Pts',(-0.293826082630048,14.8656329237576,421.761423443317));
#2336=CARTESIAN_POINT('Ctrl Pts',(-2.765144083457,14.8167861850522,421.854061067531));
#2337=CARTESIAN_POINT('Ctrl Pts',(-5.22401786885092,14.1383454464007,421.946698691745));
#2338=CARTESIAN_POINT('Ctrl Pts',(-7.37072439709096,12.9130088613331,422.039336315958));
#2339=CARTESIAN_POINT('Ctrl Pts',(-9.517430925331,11.6876722762655,422.131973940172));
#2340=CARTESIAN_POINT('Ctrl Pts',(-11.3519701964172,9.91543984478194,422.224611564386));
#2341=CARTESIAN_POINT('Ctrl Pts',(-12.6507220742723,7.81233684567293,422.317249188599));
#2342=CARTESIAN_POINT('Ctrl Pts',(-13.9494739521262,5.70923384656584,422.409886812813));
#2343=CARTESIAN_POINT('Ctrl Pts',(-14.7124384367501,3.27526027983398,422.502524437026));
#2344=CARTESIAN_POINT('Ctrl Pts',(-14.8466143999794,0.807103989001924,422.59516206124));
#2345=CARTESIAN_POINT('Ctrl Pts',(-14.8612203234214,0.538429176023218,422.605246267193));
#2346=CARTESIAN_POINT('Ctrl Pts',(-14.8683752702298,0.269349306861286,422.615330473145));
#2347=CARTESIAN_POINT('Ctrl Pts',(-14.8681570103738,0.000257834584306621,
422.625414679098));
#2348=CARTESIAN_POINT('Origin',(0.,0.,0.));
#2349=CARTESIAN_POINT('',(-14.8664638370045,-0.000311879488262279,426.6245853209));
#2350=CARTESIAN_POINT('',(-14.866760914177,-0.000363232078122364,426.125414679098));
#2351=CARTESIAN_POINT('',(-14.86725,-1.82071301246235E-15,0.));
#2352=CARTESIAN_POINT('Ctrl Pts',(-14.8664638370045,-0.000311879488262279,
426.6245853209));
#2353=CARTESIAN_POINT('Ctrl Pts',(-14.865228964553,1.62275724557497,426.56378072812));
#2354=CARTESIAN_POINT('Ctrl Pts',(-14.6002626267974,3.24621974738265,426.50297613534));
#2355=CARTESIAN_POINT('Ctrl Pts',(-14.0784170804665,4.78242070279716,426.44217154256));
#2356=CARTESIAN_POINT('Ctrl Pts',(-13.2833697097311,7.12286901956562,426.349533918346));
#2357=CARTESIAN_POINT('Ctrl Pts',(-11.8920687540955,9.26077073807338,426.256896294133));
#2358=CARTESIAN_POINT('Ctrl Pts',(-10.0741060636371,10.9355275267681,426.164258669919));
#2359=CARTESIAN_POINT('Ctrl Pts',(-8.25614337317874,12.6102843154628,426.071621045705));
#2360=CARTESIAN_POINT('Ctrl Pts',(-6.01151894789777,13.8218961743444,425.978983421491));
#2361=CARTESIAN_POINT('Ctrl Pts',(-3.61384002386376,14.4226743550575,425.886345797278));
#2362=CARTESIAN_POINT('Ctrl Pts',(-1.21616109982982,15.0234525357706,425.793708173064));
#2363=CARTESIAN_POINT('Ctrl Pts',(1.33457232295706,15.013397038315,425.701070548851));
#2364=CARTESIAN_POINT('Ctrl Pts',(3.72744002376889,14.3937335719166,425.608432924637));
#2365=CARTESIAN_POINT('Ctrl Pts',(6.12030772457963,13.7740701055184,425.515795300423));
#2366=CARTESIAN_POINT('Ctrl Pts',(8.35530970341556,12.5447986701778,425.423157676209));
#2367=CARTESIAN_POINT('Ctrl Pts',(10.1600116469225,10.8557606184234,425.330520051996));
#2368=CARTESIAN_POINT('Ctrl Pts',(11.9647135904294,9.166722566669,425.237882427782));
#2369=CARTESIAN_POINT('Ctrl Pts',(13.3391154986074,7.01791789850075,425.145244803569));
#2370=CARTESIAN_POINT('Ctrl Pts',(14.1156854212958,4.67127395440793,425.052607179355));
#2371=CARTESIAN_POINT('Ctrl Pts',(14.892255343985,2.32463001031289,424.959969555141));
#2372=CARTESIAN_POINT('Ctrl Pts',(15.0709932811835,-0.219853209706997,424.867331930928));
#2373=CARTESIAN_POINT('Ctrl Pts',(14.6301120722301,-2.65201734988652,424.774694306714));
#2374=CARTESIAN_POINT('Ctrl Pts',(14.1892308632772,-5.08418149006375,424.6820566825));
#2375=CARTESIAN_POINT('Ctrl Pts',(13.1287305081735,-7.40402655040073,424.589419058287));
#2376=CARTESIAN_POINT('Ctrl Pts',(11.5778801032288,-9.32877631768342,424.496781434073));
#2377=CARTESIAN_POINT('Ctrl Pts',(10.0270296982841,-11.2535260849661,424.40414380986));
#2378=CARTESIAN_POINT('Ctrl Pts',(7.98582924349835,-12.7831805591946,424.311506185646));
#2379=CARTESIAN_POINT('Ctrl Pts',(5.70308972408928,-13.7312833656982,424.218868561432));
#2380=CARTESIAN_POINT('Ctrl Pts',(3.42035020468022,-14.6793861722018,424.126230937219));
#2381=CARTESIAN_POINT('Ctrl Pts',(0.896071620647758,-15.0459373109805,424.033593313005));
#2382=CARTESIAN_POINT('Ctrl Pts',(-1.56205050502078,-14.7862562364473,423.940955688792));
#2383=CARTESIAN_POINT('Ctrl Pts',(-4.02017263069163,-14.5265751619139,423.848318064578));
#2384=CARTESIAN_POINT('Ctrl Pts',(-6.41213829799832,-13.6406618740675,423.755680440364));
#2385=CARTESIAN_POINT('Ctrl Pts',(-8.44638019276817,-12.2365042765214,423.66304281615));
#2386=CARTESIAN_POINT('Ctrl Pts',(-10.480622087537,-10.8323466789759,423.570405191937));
#2387=CARTESIAN_POINT('Ctrl Pts',(-12.1571402097693,-8.90994477173124,423.477767567723));
#2388=CARTESIAN_POINT('Ctrl Pts',(-13.2715763227467,-6.70362865764667,423.38512994351));
#2389=CARTESIAN_POINT('Ctrl Pts',(-14.3163654097666,-4.63519694436241,423.298281735973));
#2390=CARTESIAN_POINT('Ctrl Pts',(-14.8671321588596,-2.31722876144497,423.211433528437));
#2391=CARTESIAN_POINT('Ctrl Pts',(-14.8683984377119,0.000158572696110845,
423.1245853209));
#2392=CARTESIAN_POINT('Ctrl Pts',(-14.8681570103738,0.000257834584306621,
422.625414679098));
#2393=CARTESIAN_POINT('Ctrl Pts',(-14.8663702462729,-2.20263458603613,422.707968097359));
#2394=CARTESIAN_POINT('Ctrl Pts',(-14.3704513286887,-4.40630461570446,422.79052151562));
#2395=CARTESIAN_POINT('Ctrl Pts',(-13.4230672459956,-6.39489184429398,422.873074933881));
#2396=CARTESIAN_POINT('Ctrl Pts',(-12.3599566869503,-8.62639237181675,422.965712558094));
#2397=CARTESIAN_POINT('Ctrl Pts',(-10.7283481270268,-10.587054411929,423.058350182308));
#2398=CARTESIAN_POINT('Ctrl Pts',(-8.72712557701996,-12.0378841643232,423.150987806522));
#2399=CARTESIAN_POINT('Ctrl Pts',(-6.72590302701405,-13.4887139167166,423.243625430735));
#2400=CARTESIAN_POINT('Ctrl Pts',(-4.35506648692504,-14.4297113813923,423.336263054949));
#2401=CARTESIAN_POINT('Ctrl Pts',(-1.90360774780734,-14.7461741998807,423.428900679162));
#2402=CARTESIAN_POINT('Ctrl Pts',(0.547850991312669,-15.0626370183693,423.521538303376));
#2403=CARTESIAN_POINT('Ctrl Pts',(3.07993192946154,-14.7545651906695,423.61417592759));
#2404=CARTESIAN_POINT('Ctrl Pts',(5.38398848007065,-13.8595109595254,423.706813551804));
#2405=CARTESIAN_POINT('Ctrl Pts',(7.68804503067969,-12.9644567283814,423.799451176017));
#2406=CARTESIAN_POINT('Ctrl Pts',(9.76407719374897,-11.4824200937931,423.89208880023));
#2407=CARTESIAN_POINT('Ctrl Pts',(11.3590281925045,-9.59405308056127,423.984726424444));
#2408=CARTESIAN_POINT('Ctrl Pts',(12.95397919126,-7.7056860673294,424.077364048658));
#2409=CARTESIAN_POINT('Ctrl Pts',(14.0678490257019,-5.410988675454,424.170001672872));
#2410=CARTESIAN_POINT('Ctrl Pts',(14.5648631567532,-2.98967175719879,424.262639297085));
#2411=CARTESIAN_POINT('Ctrl Pts',(15.0618772878043,-0.568354838944744,424.355276921299));
#2412=CARTESIAN_POINT('Ctrl Pts',(14.9420357154654,1.97958160568901,424.447914545513));
#2413=CARTESIAN_POINT('Ctrl Pts',(14.2199464610183,4.34355829205876,424.540552169726));
#2414=CARTESIAN_POINT('Ctrl Pts',(13.4978572065711,6.70753497842859,424.63318979394));
#2415=CARTESIAN_POINT('Ctrl Pts',(12.1735202700157,8.8875519065344,424.725827418154));
#2416=CARTESIAN_POINT('Ctrl Pts',(10.4083649598611,10.6178771349585,424.818465042367));
#2417=CARTESIAN_POINT('Ctrl Pts',(8.64320964970408,12.348202363385,424.911102666581));
#2418=CARTESIAN_POINT('Ctrl Pts',(6.43723596594957,13.6288358921269,425.003740290794));
#2419=CARTESIAN_POINT('Ctrl Pts',(4.05933983419042,14.3036756150751,425.096377915008));
#2420=CARTESIAN_POINT('Ctrl Pts',(1.68144370243555,14.978515338022,425.189015539222));
#2421=CARTESIAN_POINT('Ctrl Pts',(-0.868374877324415,15.0475612551753,425.281653163435));
#2422=CARTESIAN_POINT('Ctrl Pts',(-3.27930719863334,14.5023970531678,425.374290787649));
#2423=CARTESIAN_POINT('Ctrl Pts',(-5.69023951994439,13.9572328511598,425.466928411863));
#2424=CARTESIAN_POINT('Ctrl Pts',(-7.96228558280767,12.7978585299903,425.559566036076));
#2425=CARTESIAN_POINT('Ctrl Pts',(-9.81849560601162,11.1655953726377,425.65220366029));
#2426=CARTESIAN_POINT('Ctrl Pts',(-11.6747056292148,9.5333322152859,425.744841284503));
#2427=CARTESIAN_POINT('Ctrl Pts',(-13.115079612759,7.42818022175149,425.837478908717));
#2428=CARTESIAN_POINT('Ctrl Pts',(-13.9640439773385,5.1067457142191,425.930116532931));
#2429=CARTESIAN_POINT('Ctrl Pts',(-14.5606380285208,3.4754004243741,425.995215914986));
#2430=CARTESIAN_POINT('Ctrl Pts',(-14.865175295552,1.73724798516804,426.060315297042));
#2431=CARTESIAN_POINT('Ctrl Pts',(-14.866760914177,-0.000363232078122364,
426.125414679098));
#2432=CARTESIAN_POINT('Origin',(0.,0.,0.));
#2433=CARTESIAN_POINT('',(-14.867106609443,0.00038598787970745,430.124585320901));
#2434=CARTESIAN_POINT('',(-14.8667655184116,0.000363766866945208,429.625414679098));
#2435=CARTESIAN_POINT('',(-14.86725,-1.82071301246235E-15,0.));
#2436=CARTESIAN_POINT('Ctrl Pts',(-14.867106609443,0.00038598787970745,
430.124585320901));
#2437=CARTESIAN_POINT('Ctrl Pts',(-14.8677303979921,0.619114809516849,430.101403176231));
#2438=CARTESIAN_POINT('Ctrl Pts',(-14.8298320605527,1.23776773178516,430.078221031561));
#2439=CARTESIAN_POINT('Ctrl Pts',(-14.7528060326055,1.85151004167754,430.055038886892));
#2440=CARTESIAN_POINT('Ctrl Pts',(-14.4450041301788,4.30407128128808,429.962401262678));
#2441=CARTESIAN_POINT('Ctrl Pts',(-13.5123867080808,6.67821678044153,429.869763638464));
#2442=CARTESIAN_POINT('Ctrl Pts',(-12.068634644189,8.68455140437282,429.777126014251));
#2443=CARTESIAN_POINT('Ctrl Pts',(-10.6248825802971,10.6908860283042,429.684488390037));
#2444=CARTESIAN_POINT('Ctrl Pts',(-8.66999587461143,12.3294097770133,429.591850765823));
#2445=CARTESIAN_POINT('Ctrl Pts',(-6.44226434628722,13.4003957166447,429.49921314161));
#2446=CARTESIAN_POINT('Ctrl Pts',(-4.21453281796307,14.471381656276,429.406575517396));
#2447=CARTESIAN_POINT('Ctrl Pts',(-1.7139564670005,14.9748297868295,429.313937893182));
#2448=CARTESIAN_POINT('Ctrl Pts',(0.754658354026436,14.849372580645,429.221300268969));
#2449=CARTESIAN_POINT('Ctrl Pts',(3.22327317505224,14.7239153744605,429.128662644755));
#2450=CARTESIAN_POINT('Ctrl Pts',(5.65992646614253,13.9695528315385,429.036025020541));
#2451=CARTESIAN_POINT('Ctrl Pts',(7.76760374027379,12.6782375511818,428.943387396328));
#2452=CARTESIAN_POINT('Ctrl Pts',(9.87528101440506,11.3869222708252,428.850749772114));
#2453=CARTESIAN_POINT('Ctrl Pts',(11.6539822715774,9.55865425303394,428.758112147901));
#2454=CARTESIAN_POINT('Ctrl Pts',(12.8868937191192,7.41628920298009,428.665474523687));
#2455=CARTESIAN_POINT('Ctrl Pts',(14.1198051666621,5.27392415292428,428.572836899473));
#2456=CARTESIAN_POINT('Ctrl Pts',(14.8069268045735,2.81746207060518,428.480199275259));
#2457=CARTESIAN_POINT('Ctrl Pts',(14.8645023259739,0.34633202454963,428.387561651046));
#2458=CARTESIAN_POINT('Ctrl Pts',(14.9220778473743,-2.12479802150373,428.294924026832));
#2459=CARTESIAN_POINT('Ctrl Pts',(14.3501072522649,-4.61059603129344,428.202286402619));
#2460=CARTESIAN_POINT('Ctrl Pts',(13.2183105757119,-6.80805704985911,428.109648778405));
#2461=CARTESIAN_POINT('Ctrl Pts',(12.0865138991583,-9.00551806842573,428.017011154191));
#2462=CARTESIAN_POINT('Ctrl Pts',(10.3948911411606,-10.914642095768,427.924373529978));
#2463=CARTESIAN_POINT('Ctrl Pts',(8.34964170954654,-12.3027175287541,427.831735905764));
#2464=CARTESIAN_POINT('Ctrl Pts',(6.30439227793243,-13.6907929617402,427.73909828155));
#2465=CARTESIAN_POINT('Ctrl Pts',(3.90551617270185,-14.5578198003703,427.646460657337));
#2466=CARTESIAN_POINT('Ctrl Pts',(1.44542305198459,-14.7981122941713,427.553823033123));
#2467=CARTESIAN_POINT('Ctrl Pts',(-1.01467006873154,-15.0384047879722,427.46118540891));
#2468=CARTESIAN_POINT('Ctrl Pts',(-3.53598020493438,-14.6519629369445,427.368547784696));
#2469=CARTESIAN_POINT('Ctrl Pts',(-5.81117367092082,-13.685891853895,427.275910160482));
#2470=CARTESIAN_POINT('Ctrl Pts',(-8.08636713690732,-12.7198207708454,427.183272536269));
#2471=CARTESIAN_POINT('Ctrl Pts',(-10.1154439326773,-11.174120455774,427.090634912055));
#2472=CARTESIAN_POINT('Ctrl Pts',(-11.651070879633,-9.23720318212605,426.997997287841));
#2473=CARTESIAN_POINT('Ctrl Pts',(-13.1866978265894,-7.3002859084773,426.905359663628));
#2474=CARTESIAN_POINT('Ctrl Pts',(-14.2288749247309,-4.97215167625175,426.812722039414));
#2475=CARTESIAN_POINT('Ctrl Pts',(-14.6505665808839,-2.53658710262443,426.720084415201));
#2476=CARTESIAN_POINT('Ctrl Pts',(-14.7954723236579,-1.69965497824882,426.688251383767));
#2477=CARTESIAN_POINT('Ctrl Pts',(-14.8671103298394,-0.850037337947719,
426.656418352334));
#2478=CARTESIAN_POINT('Ctrl Pts',(-14.8664638370045,-0.000311879488262279,
426.6245853209));
#2479=CARTESIAN_POINT('Ctrl Pts',(-14.866760914177,-0.000363232078122364,
426.125414679098));
#2480=CARTESIAN_POINT('Ctrl Pts',(-14.8674316601701,-0.735404901686849,
426.152952921256));
#2481=CARTESIAN_POINT('Ctrl Pts',(-14.8138908321771,-1.47034972252624,426.180491163414));
#2482=CARTESIAN_POINT('Ctrl Pts',(-14.7053137228407,-2.19707175658217,426.208029405572));
#2483=CARTESIAN_POINT('Ctrl Pts',(-14.3400643581487,-4.64173769831733,426.300667029785));
#2484=CARTESIAN_POINT('Ctrl Pts',(-13.3520108831504,-6.99335256025739,426.393304653999));
#2485=CARTESIAN_POINT('Ctrl Pts',(-11.8615915223162,-8.96526756703082,426.485942278212));
#2486=CARTESIAN_POINT('Ctrl Pts',(-10.3711721614806,-10.9371825738061,426.578579902426));
#2487=CARTESIAN_POINT('Ctrl Pts',(-8.37838691480812,-12.529397725414,426.67121752664));
#2488=CARTESIAN_POINT('Ctrl Pts',(-6.12614522286343,-13.5478308484837,426.763855150854));
#2489=CARTESIAN_POINT('Ctrl Pts',(-3.87390353092086,-14.5662639715524,426.856492775067));
#2490=CARTESIAN_POINT('Ctrl Pts',(-1.36220539370663,-15.0109150660839,426.949130399281));
#2491=CARTESIAN_POINT('Ctrl Pts',(1.10278715230471,-14.8275836361644,427.041768023494));
#2492=CARTESIAN_POINT('Ctrl Pts',(3.56777969831606,-14.644252206245,427.134405647708));
#2493=CARTESIAN_POINT('Ctrl Pts',(5.98606665312465,-13.8329382518746,427.227043271922));
#2494=CARTESIAN_POINT('Ctrl Pts',(8.06287228397255,-12.49253643273,427.319680896135));
#2495=CARTESIAN_POINT('Ctrl Pts',(10.1396779148205,-11.1521346135853,427.412318520349));
#2496=CARTESIAN_POINT('Ctrl Pts',(11.8750022217078,-9.28264492966646,427.504956144563));
#2497=CARTESIAN_POINT('Ctrl Pts',(13.0573188210025,-7.11194777803053,427.597593768776));
#2498=CARTESIAN_POINT('Ctrl Pts',(14.2396354202982,-4.94125062639268,427.69023139299));
#2499=CARTESIAN_POINT('Ctrl Pts',(14.8689443120003,-2.46934600703725,427.782869017203));
#2500=CARTESIAN_POINT('Ctrl Pts',(14.8685362415209,0.00245465211336129,
427.875506641417));
#2501=CARTESIAN_POINT('Ctrl Pts',(14.8681281710416,2.47425531126172,427.968144265631));
#2502=CARTESIAN_POINT('Ctrl Pts',(14.2380031383819,4.94595201020539,428.060781889845));
#2503=CARTESIAN_POINT('Ctrl Pts',(13.0549698811741,7.11625866536456,428.153419514058));
#2504=CARTESIAN_POINT('Ctrl Pts',(11.8719366239663,9.28656532052379,428.246057138272));
#2505=CARTESIAN_POINT('Ctrl Pts',(10.1359951422105,11.1554819318985,428.338694762485));
#2506=CARTESIAN_POINT('Ctrl Pts',(8.05874704972309,12.495197956788,428.431332386699));
#2507=CARTESIAN_POINT('Ctrl Pts',(5.98149895723484,13.834913981678,428.523970010912));
#2508=CARTESIAN_POINT('Ctrl Pts',(3.56294425401477,14.6454294200824,428.616607635126));
#2509=CARTESIAN_POINT('Ctrl Pts',(1.09789130986359,14.8279469469804,428.70924525934));
#2510=CARTESIAN_POINT('Ctrl Pts',(-1.36716163428759,15.0104644738784,428.801882883554));
#2511=CARTESIAN_POINT('Ctrl Pts',(-3.87871281937,14.5649840892699,428.894520507767));
#2512=CARTESIAN_POINT('Ctrl Pts',(-6.13061812155657,13.5458073749179,428.987158131981));
#2513=CARTESIAN_POINT('Ctrl Pts',(-8.38252342374218,12.5266306605663,429.079795756194));
#2514=CARTESIAN_POINT('Ctrl Pts',(-10.3747828430321,10.9337576164717,429.172433380408));
#2515=CARTESIAN_POINT('Ctrl Pts',(-11.8645510342962,8.96135060944049,429.265071004621));
#2516=CARTESIAN_POINT('Ctrl Pts',(-13.3543192255609,6.98894360240843,429.357708628835));
#2517=CARTESIAN_POINT('Ctrl Pts',(-14.3415961887993,4.63700263243945,429.450346253049));
#2518=CARTESIAN_POINT('Ctrl Pts',(-14.7060383520066,2.1922162256607,429.542983877262));
#2519=CARTESIAN_POINT('Ctrl Pts',(-14.8141343155018,1.46707635749898,429.570460811208));
#2520=CARTESIAN_POINT('Ctrl Pts',(-14.8674360787727,0.733768366017508,429.597937745153));
#2521=CARTESIAN_POINT('Ctrl Pts',(-14.8667655184116,0.000363766866945208,
429.625414679098));
#2522=CARTESIAN_POINT('Origin',(0.,0.,0.));
#2523=CARTESIAN_POINT('',(-14.8678363647997,-0.000332555516446842,433.624585320901));
#2524=CARTESIAN_POINT('',(-14.8681529369067,-0.000259083438054216,433.125414679098));
#2525=CARTESIAN_POINT('',(-14.86725,-1.82071301246235E-15,0.));
#2526=CARTESIAN_POINT('Ctrl Pts',(-14.8678363647997,-0.000332555516446842,
433.624585320901));
#2527=CARTESIAN_POINT('Ctrl Pts',(-14.8658115079523,2.08644995222351,433.546388000128));
#2528=CARTESIAN_POINT('Ctrl Pts',(-14.4223445670727,4.17406578507455,433.468190679355));
#2529=CARTESIAN_POINT('Ctrl Pts',(-13.5693848311998,6.07825390823034,433.389993358582));
#2530=CARTESIAN_POINT('Ctrl Pts',(-12.5589133380554,8.33407881427247,433.297355734369));
#2531=CARTESIAN_POINT('Ctrl Pts',(-10.9737469552617,10.3324755831879,433.204718110155));
#2532=CARTESIAN_POINT('Ctrl Pts',(-9.00710865046629,11.8298507610539,433.112080485941));
#2533=CARTESIAN_POINT('Ctrl Pts',(-7.04047034567182,13.3272259389192,433.019442861727));
#2534=CARTESIAN_POINT('Ctrl Pts',(-4.69236011887599,14.3235795257354,432.926805237514));
#2535=CARTESIAN_POINT('Ctrl Pts',(-2.24899954991389,14.6974615595551,432.834167613301));
#2536=CARTESIAN_POINT('Ctrl Pts',(0.194361019048213,15.0713435933748,432.741529989087));
#2537=CARTESIAN_POINT('Ctrl Pts',(2.73297193017662,14.8227540741979,432.648892364873));
#2538=CARTESIAN_POINT('Ctrl Pts',(5.05739062950686,13.9819946821149,432.556254740659));
#2539=CARTESIAN_POINT('Ctrl Pts',(7.38180932883816,13.1412352900314,432.463617116446));
#2540=CARTESIAN_POINT('Ctrl Pts',(9.49203581637114,11.7083060250413,432.370979492232));
#2541=CARTESIAN_POINT('Ctrl Pts',(11.1308452173194,9.85787299665549,432.278341868019));
#2542=CARTESIAN_POINT('Ctrl Pts',(12.7696546182677,8.00743996826971,432.185704243805));
#2543=CARTESIAN_POINT('Ctrl Pts',(13.9370469326314,5.73950317648831,432.093066619591));
#2544=CARTESIAN_POINT('Ctrl Pts',(14.4907235286461,3.33051150522768,432.000428995377));
#2545=CARTESIAN_POINT('Ctrl Pts',(15.0444001246606,0.921519833968155,431.907791371164));
#2546=CARTESIAN_POINT('Ctrl Pts',(14.9843610023267,-1.6285267167705,431.815153746951));
#2547=CARTESIAN_POINT('Ctrl Pts',(14.3179245968057,-4.00879165214392,431.722516122737));
#2548=CARTESIAN_POINT('Ctrl Pts',(13.6514881912841,-6.38905658751958,431.629878498523));
#2549=CARTESIAN_POINT('Ctrl Pts',(12.3786545025743,-8.59953990752951,431.537240874309));
#2550=CARTESIAN_POINT('Ctrl Pts',(10.6545748796602,-10.3707959869928,431.444603250096));
#2551=CARTESIAN_POINT('Ctrl Pts',(8.9304952567477,-12.1420520664545,431.351965625882));
#2552=CARTESIAN_POINT('Ctrl Pts',(6.75516969963179,-13.4740809053702,431.259328001669));
#2553=CARTESIAN_POINT('Ctrl Pts',(4.39375829769336,-14.2045155951044,431.166690377455));
#2554=CARTESIAN_POINT('Ctrl Pts',(2.03234689575492,-14.9349502848386,431.074052753242));
#2555=CARTESIAN_POINT('Ctrl Pts',(-0.515150351006073,-15.0637908253913,
430.981415129028));
#2556=CARTESIAN_POINT('Ctrl Pts',(-2.93820769372457,-14.5753322712949,430.888777504814));
#2557=CARTESIAN_POINT('Ctrl Pts',(-5.36126503644527,-14.086873717198,430.796139880601));
#2558=CARTESIAN_POINT('Ctrl Pts',(-7.65988247512327,-12.9811160684509,430.703502256387));
#2559=CARTESIAN_POINT('Ctrl Pts',(-9.55387132558685,-11.3928450338027,430.610864632173));
#2560=CARTESIAN_POINT('Ctrl Pts',(-11.4478601760487,-9.80457399915582,430.518227007959));
#2561=CARTESIAN_POINT('Ctrl Pts',(-12.9372204382969,-7.73378957860871,430.425589383745));
#2562=CARTESIAN_POINT('Ctrl Pts',(-13.8404073780428,-5.43290887830187,430.332951759532));
#2563=CARTESIAN_POINT('Ctrl Pts',(-14.5175758886816,-3.70781312190969,430.263496279988));
#2564=CARTESIAN_POINT('Ctrl Pts',(-14.8652376912117,-1.85337291263781,430.194040800444));
#2565=CARTESIAN_POINT('Ctrl Pts',(-14.867106609443,0.00038598787970745,
430.124585320901));
#2566=CARTESIAN_POINT('Ctrl Pts',(-14.8667655184116,0.000363766866945208,
429.625414679098));
#2567=CARTESIAN_POINT('Ctrl Pts',(-14.8651753054685,-1.73888232303884,429.690575369366));
#2568=CARTESIAN_POINT('Ctrl Pts',(-14.5600520822476,-3.4786717213414,429.755736059635));
#2569=CARTESIAN_POINT('Ctrl Pts',(-13.9623570671563,-5.11135609402931,429.820896749903));
#2570=CARTESIAN_POINT('Ctrl Pts',(-13.1126262559227,-7.43251016335089,429.913534374117));
#2571=CARTESIAN_POINT('Ctrl Pts',(-11.6715572702793,-9.53718645840677,430.006171998331));
#2572=CARTESIAN_POINT('Ctrl Pts',(-9.81480840642336,-11.1688366420116,430.098809622544));
#2573=CARTESIAN_POINT('Ctrl Pts',(-7.95805954256654,-12.8004868256171,430.191447246758));
#2574=CARTESIAN_POINT('Ctrl Pts',(-5.6856308004969,-13.9591108977712,430.284084870971));
#2575=CARTESIAN_POINT('Ctrl Pts',(-3.27451860789288,-14.5034790266785,430.376722495185));
#2576=CARTESIAN_POINT('Ctrl Pts',(-0.863406415290038,-15.0478471555855,
430.469360119399));
#2577=CARTESIAN_POINT('Ctrl Pts',(1.68638922784693,-14.9779593412463,430.561997743613));
#2578=CARTESIAN_POINT('Ctrl Pts',(4.06406241091506,-14.3023345196134,430.654635367826));
#2579=CARTESIAN_POINT('Ctrl Pts',(6.44173559398427,-13.6267096979802,430.74727299204));
#2580=CARTESIAN_POINT('Ctrl Pts',(8.64728631698457,-12.3453478690527,430.839910616253));
#2581=CARTESIAN_POINT('Ctrl Pts',(10.4118702108824,-10.614439914686,430.932548240467));
#2582=CARTESIAN_POINT('Ctrl Pts',(12.1764541047794,-8.8835319603201,431.025185864681));
#2583=CARTESIAN_POINT('Ctrl Pts',(13.5000711695743,-6.70307788051539,431.117823488894));
#2584=CARTESIAN_POINT('Ctrl Pts',(14.2213798451228,-4.33886290305113,431.210461113108));
#2585=CARTESIAN_POINT('Ctrl Pts',(14.9426885206713,-1.97464792558681,431.303098737321));
#2586=CARTESIAN_POINT('Ctrl Pts',(15.0616888069734,0.573327949536962,431.395736361535));
#2587=CARTESIAN_POINT('Ctrl Pts',(14.5638752308371,2.99448063131946,431.488373985749));
#2588=CARTESIAN_POINT('Ctrl Pts',(14.0660616547009,5.4156333131019,431.581011609962));
#2589=CARTESIAN_POINT('Ctrl Pts',(12.9514342161264,7.70996280154297,431.673649234176));
#2590=CARTESIAN_POINT('Ctrl Pts',(11.3558598019215,9.59780308976187,431.766286858389));
#2591=CARTESIAN_POINT('Ctrl Pts',(9.76028538771511,11.4856433779825,431.858924482603));
#2592=CARTESIAN_POINT('Ctrl Pts',(7.68376399787732,12.9669944659802,431.951562106817));
#2593=CARTESIAN_POINT('Ctrl Pts',(5.37941204320497,13.8612878932717,432.044199731031));
#2594=CARTESIAN_POINT('Ctrl Pts',(3.07506008853472,14.7555813205623,432.136837355244));
#2595=CARTESIAN_POINT('Ctrl Pts',(0.542877569030243,15.0628170871478,432.229474979458));
#2596=CARTESIAN_POINT('Ctrl Pts',(-1.90847654653743,14.7455448614846,432.322112603671));
#2597=CARTESIAN_POINT('Ctrl Pts',(-4.35983066210518,14.4282726358215,432.414750227885));
#2598=CARTESIAN_POINT('Ctrl Pts',(-6.73035637373603,13.4864924179098,432.507387852099));
#2599=CARTESIAN_POINT('Ctrl Pts',(-8.73109977863647,12.035001979486,432.600025476312));
#2600=CARTESIAN_POINT('Ctrl Pts',(-10.7318431835387,10.583511541061,432.692663100526));
#2601=CARTESIAN_POINT('Ctrl Pts',(-12.3628042817097,8.62231088212306,432.785300724739));
#2602=CARTESIAN_POINT('Ctrl Pts',(-13.4251779843416,6.39045945762026,432.877938348953));
#2603=CARTESIAN_POINT('Ctrl Pts',(-14.3712023360421,4.40303658398689,432.960430459001));
#2604=CARTESIAN_POINT('Ctrl Pts',(-14.8663609477547,2.20099910817959,433.04292256905));
#2605=CARTESIAN_POINT('Ctrl Pts',(-14.8681529369067,-0.000259083438054216,
433.125414679098));
#2606=CARTESIAN_POINT('Origin',(0.,0.,0.));
#2607=CARTESIAN_POINT('',(-14.8660637247503,0.000139998195750612,437.1245853209));
#2608=CARTESIAN_POINT('',(-14.8659901618969,3.60621845783115E-5,436.625414679098));
#2609=CARTESIAN_POINT('',(-14.86725,-1.82071301246235E-15,0.));
#2610=CARTESIAN_POINT('Ctrl Pts',(-14.8660637247503,0.000139998195750612,
437.1245853209));
#2611=CARTESIAN_POINT('Ctrl Pts',(-14.8664208622822,1.08329664293419,437.084010448238));
#2612=CARTESIAN_POINT('Ctrl Pts',(-14.7496538517088,2.16637744552677,437.043435575576));
#2613=CARTESIAN_POINT('Ctrl Pts',(-14.5149546485344,3.22326958554528,437.002860702914));
#2614=CARTESIAN_POINT('Ctrl Pts',(-13.9791063473469,5.63628952812481,436.9102230787));
#2615=CARTESIAN_POINT('Ctrl Pts',(-12.8285160837371,7.91279653501737,436.817585454487));
#2616=CARTESIAN_POINT('Ctrl Pts',(-11.2034344129111,9.77529706074004,436.724947830273));
#2617=CARTESIAN_POINT('Ctrl Pts',(-9.57835274208427,11.6377975864636,436.63231020606));
#2618=CARTESIAN_POINT('Ctrl Pts',(-7.47877966404084,13.0862916310168,436.539672581846));
#2619=CARTESIAN_POINT('Ctrl Pts',(-5.16064146218918,13.9442158248087,436.447034957632));
#2620=CARTESIAN_POINT('Ctrl Pts',(-2.84250326033859,14.8021400186003,436.354397333418));
#2621=CARTESIAN_POINT('Ctrl Pts',(-0.305799934680048,15.0694943616312,436.261759709205));
#2622=CARTESIAN_POINT('Ctrl Pts',(2.14025848488361,14.7136898461262,436.169122084991));
#2623=CARTESIAN_POINT('Ctrl Pts',(4.58631690444951,14.3578853306208,436.076484460778));
#2624=CARTESIAN_POINT('Ctrl Pts',(6.94173041792025,13.3789219565784,435.983846836564));
#2625=CARTESIAN_POINT('Ctrl Pts',(8.9193872154251,11.8961299157089,435.89120921235));
#2626=CARTESIAN_POINT('Ctrl Pts',(10.8970440129281,10.4133378748407,435.798571588137));
#2627=CARTESIAN_POINT('Ctrl Pts',(12.4969440944659,8.42671716714625,435.705933963923));
#2628=CARTESIAN_POINT('Ctrl Pts',(13.5240685364418,6.17842581016703,435.61329633971));
#2629=CARTESIAN_POINT('Ctrl Pts',(14.5511929784177,3.93013445318774,435.520658715496));
#2630=CARTESIAN_POINT('Ctrl Pts',(15.0055417808316,1.42017244692359,435.428021091282));
#2631=CARTESIAN_POINT('Ctrl Pts',(14.8317323511039,-1.04550979686002,435.335383467069));
#2632=CARTESIAN_POINT('Ctrl Pts',(14.6579229213761,-3.51119204064476,435.242745842855));
#2633=CARTESIAN_POINT('Ctrl Pts',(13.855955259506,-5.93259452194883,435.150108218641));
#2634=CARTESIAN_POINT('Ctrl Pts',(12.5235847640852,-8.01456174265852,435.057470594428));
#2635=CARTESIAN_POINT('Ctrl Pts',(11.1912142686644,-10.0965289633682,434.964832970214));
#2636=CARTESIAN_POINT('Ctrl Pts',(9.32844093969281,-11.8390609234835,434.872195346));
#2637=CARTESIAN_POINT('Ctrl Pts',(7.16232648790664,-13.0297526665222,434.779557721787));
#2638=CARTESIAN_POINT('Ctrl Pts',(4.99621203612152,-14.2204444095604,434.686920097573));
#2639=CARTESIAN_POINT('Ctrl Pts',(2.52675646152194,-14.8592959355227,434.59428247336));
#2640=CARTESIAN_POINT('Ctrl Pts',(0.0549726670922716,-14.8684347957673,
434.501644849146));
#2641=CARTESIAN_POINT('Ctrl Pts',(-2.41681112733747,-14.877573656012,434.409007224933));
#2642=CARTESIAN_POINT('Ctrl Pts',(-4.89092314159741,-14.2569998505391,434.316369600719));
#2643=CARTESIAN_POINT('Ctrl Pts',(-7.0657828786014,-13.0823578754969,434.223731976505));
#2644=CARTESIAN_POINT('Ctrl Pts',(-9.24064261560737,-11.9077159004536,434.131094352291));
#2645=CARTESIAN_POINT('Ctrl Pts',(-11.1162500753568,-10.1790057558402,434.038456728078));
#2646=CARTESIAN_POINT('Ctrl Pts',(-12.4639791379364,-8.106947595686,433.945819103864));
#2647=CARTESIAN_POINT('Ctrl Pts',(-13.8117082005148,-6.03488943553374,433.853181479651));
#2648=CARTESIAN_POINT('Ctrl Pts',(-14.6315588659244,-3.61948325984155,433.760543855437));
#2649=CARTESIAN_POINT('Ctrl Pts',(-14.8235958968819,-1.15515365041162,433.667906231223));
#2650=CARTESIAN_POINT('Ctrl Pts',(-14.8535305268171,-0.771015265596912,
433.653465927782));
#2651=CARTESIAN_POINT('Ctrl Pts',(-14.8682102848651,-0.385688119224619,
433.639025624341));
#2652=CARTESIAN_POINT('Ctrl Pts',(-14.8678363647997,-0.000332555516446842,
433.624585320901));
#2653=CARTESIAN_POINT('Ctrl Pts',(-14.8681529369067,-0.000259083438054216,
433.125414679098));
#2654=CARTESIAN_POINT('Ctrl Pts',(-14.8683733295153,-0.270986746383022,
433.135560193263));
#2655=CARTESIAN_POINT('Ctrl Pts',(-14.861131072301,-0.541702621896923,433.145705707429));
#2656=CARTESIAN_POINT('Ctrl Pts',(-14.8463471005148,-0.812006010923573,
433.155851221594));
#2657=CARTESIAN_POINT('Ctrl Pts',(-14.711356206964,-3.28011786490261,433.248488845808));
#2658=CARTESIAN_POINT('Ctrl Pts',(-13.9475881127692,-5.71383938279439,433.341126470021));
#2659=CARTESIAN_POINT('Ctrl Pts',(-12.6481419016332,-7.81651344442585,433.433764094235));
#2660=CARTESIAN_POINT('Ctrl Pts',(-11.3486956904972,-9.91918750605731,433.526401718449));
#2661=CARTESIAN_POINT('Ctrl Pts',(-9.51357136241999,-11.6908141114284,433.619039342663));
#2662=CARTESIAN_POINT('Ctrl Pts',(-7.36646036867276,-12.915441828583,433.711676966876));
#2663=CARTESIAN_POINT('Ctrl Pts',(-5.21934937492651,-14.1400695457371,433.80431459109));
#2664=CARTESIAN_POINT('Ctrl Pts',(-2.7602517155105,-14.8176983746751,433.896952215303));
#2665=CARTESIAN_POINT('Ctrl Pts',(-0.288917721143716,-14.8657291291463,
433.989589839517));
#2666=CARTESIAN_POINT('Ctrl Pts',(2.18241627322306,-14.9137598836175,434.08222746373));
#2667=CARTESIAN_POINT('Ctrl Pts',(4.66598660254058,-14.3321925636219,434.174865087944));
#2668=CARTESIAN_POINT('Ctrl Pts',(6.85905985371065,-13.1919169916261,434.267502712158));
#2669=CARTESIAN_POINT('Ctrl Pts',(9.0521331048827,-12.0516414196293,434.360140336372));
#2670=CARTESIAN_POINT('Ctrl Pts',(10.9547092779068,-10.3526575956313,434.452777960585));
#2671=CARTESIAN_POINT('Ctrl Pts',(12.3348749166826,-8.30206220047367,434.545415584799));
#2672=CARTESIAN_POINT('Ctrl Pts',(13.7150405554571,-6.25146680531793,434.638053209012));
#2673=CARTESIAN_POINT('Ctrl Pts',(14.5727956599845,-3.84925983900331,434.730690833226));
#2674=CARTESIAN_POINT('Ctrl Pts',(14.8035846526227,-1.38825697310394,434.82332845744));
#2675=CARTESIAN_POINT('Ctrl Pts',(15.034373645261,1.07274589279544,434.915966081653));
#2676=CARTESIAN_POINT('Ctrl Pts',(14.6381965260101,3.59254465827956,435.008603705867));
#2677=CARTESIAN_POINT('Ctrl Pts',(13.6633450827395,5.86398986533195,435.101241330081));
#2678=CARTESIAN_POINT('Ctrl Pts',(12.688493639469,8.13543507238433,435.193878954294));
#2679=CARTESIAN_POINT('Ctrl Pts',(11.1349678721788,10.158526721005,435.286516578508));
#2680=CARTESIAN_POINT('Ctrl Pts',(9.19213393342604,11.6866611887526,435.379154202721));
#2681=CARTESIAN_POINT('Ctrl Pts',(7.24929999467238,13.2147956565009,435.471791826935));
#2682=CARTESIAN_POINT('Ctrl Pts',(4.91715788445578,14.2479729433757,435.564429451148));
#2683=CARTESIAN_POINT('Ctrl Pts',(2.47998275799224,14.6602544831527,435.657067075362));
#2684=CARTESIAN_POINT('Ctrl Pts',(0.0428076315287773,15.0725360229297,435.749704699576));
#2685=CARTESIAN_POINT('Ctrl Pts',(-2.49940051118184,14.863921815609,435.842342323789));
#2686=CARTESIAN_POINT('Ctrl Pts',(-4.83676063364726,14.0598407730507,435.934979948003));
#2687=CARTESIAN_POINT('Ctrl Pts',(-7.17412075611168,13.2557597304928,436.027617572217));
#2688=CARTESIAN_POINT('Ctrl Pts',(-9.30663285833128,11.8562118526979,436.12025519643));
#2689=CARTESIAN_POINT('Ctrl Pts',(-10.9743555730102,10.0317942436973,436.212892820644));
#2690=CARTESIAN_POINT('Ctrl Pts',(-12.64207828769,8.20737663469575,436.305530444858));
#2691=CARTESIAN_POINT('Ctrl Pts',(-13.8450116148286,5.95808929448805,436.398168069071));
#2692=CARTESIAN_POINT('Ctrl Pts',(-14.4365246708326,3.55810784254507,436.490805693285));
#2693=CARTESIAN_POINT('Ctrl Pts',(-14.7230280335855,2.39566053973902,436.535675355223));
#2694=CARTESIAN_POINT('Ctrl Pts',(-14.8660912858875,1.19786017284262,436.58054501716));
#2695=CARTESIAN_POINT('Ctrl Pts',(-14.8659901618969,3.60621845783115E-5,
436.625414679098));
#2696=CARTESIAN_POINT('Origin',(0.,0.,0.));
#2697=CARTESIAN_POINT('',(-14.8684982383061,8.3016112227309E-5,440.6245853209));
#2698=CARTESIAN_POINT('',(-14.8683271930206,0.000194664654152467,440.125414679098));
#2699=CARTESIAN_POINT('',(-14.86725,-1.82071301246235E-15,0.));
#2700=CARTESIAN_POINT('Ctrl Pts',(-14.8684982383061,8.3016112227309E-5,
440.6245853209));
#2701=CARTESIAN_POINT('Ctrl Pts',(-14.8685224455688,0.0788615871597793,
440.621632896349));
#2702=CARTESIAN_POINT('Ctrl Pts',(-14.8679094340854,0.157639780212272,440.618680471797));
#2703=CARTESIAN_POINT('Ctrl Pts',(-14.8666568743843,0.236407803245338,440.615728047246));
#2704=CARTESIAN_POINT('Ctrl Pts',(-14.8273555635896,2.70789602942552,440.523090423032));
#2705=CARTESIAN_POINT('Ctrl Pts',(-14.158416886167,5.16937183735037,440.430452798818));
#2706=CARTESIAN_POINT('Ctrl Pts',(-12.9413807472197,7.32079501322112,440.337815174605));
#2707=CARTESIAN_POINT('Ctrl Pts',(-11.724344608273,9.47221818909088,440.245177550391));
#2708=CARTESIAN_POINT('Ctrl Pts',(-9.95921100780207,11.3135887329069,440.152539926178));
#2709=CARTESIAN_POINT('Ctrl Pts',(-7.86113991657044,12.6204538144322,440.059902301964));
#2710=CARTESIAN_POINT('Ctrl Pts',(-5.76306882533874,13.9273188959574,439.967264677751));
#2711=CARTESIAN_POINT('Ctrl Pts',(-3.33206024334645,14.6996785151919,439.874627053537));
#2712=CARTESIAN_POINT('Ctrl Pts',(-0.864440598965384,14.8433863293041,439.781989429323));
#2713=CARTESIAN_POINT('Ctrl Pts',(1.60317904541674,14.9870941434164,439.68935180511));
#2714=CARTESIAN_POINT('Ctrl Pts',(4.10740975218756,14.5021501524058,439.596714180896));
#2715=CARTESIAN_POINT('Ctrl Pts',(6.34299972312024,13.4476663322158,439.504076556682));
#2716=CARTESIAN_POINT('Ctrl Pts',(8.57858969405292,12.3931825120257,439.411438932469));
#2717=CARTESIAN_POINT('Ctrl Pts',(10.5455389291476,10.7691588626561,439.318801308255));
#2718=CARTESIAN_POINT('Ctrl Pts',(12.004087253988,8.77355483648189,439.226163684041));
#2719=CARTESIAN_POINT('Ctrl Pts',(13.4626355788278,6.77795081030865,439.133526059828));
#2720=CARTESIAN_POINT('Ctrl Pts',(14.412782993414,4.41076640733111,439.040888435614));
#2721=CARTESIAN_POINT('Ctrl Pts',(14.7387118112616,1.96054824339788,438.9482508114));
#2722=CARTESIAN_POINT('Ctrl Pts',(15.0646406291095,-0.489669920537658,438.855613187187));
#2723=CARTESIAN_POINT('Ctrl Pts',(14.7663508502177,-3.02292184542896,438.762975562973));
#2724=CARTESIAN_POINT('Ctrl Pts',(13.8802023399744,-5.33041820793465,438.670337938759));
#2725=CARTESIAN_POINT('Ctrl Pts',(12.994053829732,-7.63791457043817,438.577700314546));
#2726=CARTESIAN_POINT('Ctrl Pts',(11.5200465881392,-9.71965537055642,438.485062690332));
#2727=CARTESIAN_POINT('Ctrl Pts',(9.63785390163839,-11.3218879804027,438.392425066119));
#2728=CARTESIAN_POINT('Ctrl Pts',(7.75566121513756,-12.9241205902489,438.299787441905));
#2729=CARTESIAN_POINT('Ctrl Pts',(5.46528308372859,-14.0468450098232,438.207149817691));
#2730=CARTESIAN_POINT('Ctrl Pts',(3.04590386584184,-14.5532073753576,438.114512193478));
#2731=CARTESIAN_POINT('Ctrl Pts',(0.626524647952883,-15.0595697408924,438.021874569264));
#2732=CARTESIAN_POINT('Ctrl Pts',(-1.92185565641418,-14.9495700523863,437.929236945051));
#2733=CARTESIAN_POINT('Ctrl Pts',(-4.28860365858182,-14.236616660208,437.836599320837));
#2734=CARTESIAN_POINT('Ctrl Pts',(-6.65535166074843,-13.52366326803,437.743961696623));
#2735=CARTESIAN_POINT('Ctrl Pts',(-8.8404673607157,-12.2077561721805,437.651324072409));
#2736=CARTESIAN_POINT('Ctrl Pts',(-10.5775973051279,-10.4492971304612,437.558686448195));
#2737=CARTESIAN_POINT('Ctrl Pts',(-12.3147272495384,-8.69083808874351,437.466048823982));
#2738=CARTESIAN_POINT('Ctrl Pts',(-13.6038714383946,-6.48982710115692,437.373411199768));
#2739=CARTESIAN_POINT('Ctrl Pts',(-14.2878903634405,-4.11455516823106,437.280773575555));
#2740=CARTESIAN_POINT('Ctrl Pts',(-14.6723120026343,-2.77964191283369,437.228710824004));
#2741=CARTESIAN_POINT('Ctrl Pts',(-14.8656054716154,-1.38968852341093,437.176648072452));
#2742=CARTESIAN_POINT('Ctrl Pts',(-14.8660637247503,0.000139998195750612,
437.1245853209));
#2743=CARTESIAN_POINT('Ctrl Pts',(-14.8659901618969,3.60621845783115E-5,
436.625414679098));
#2744=CARTESIAN_POINT('Ctrl Pts',(-14.8658825059271,-1.27516001596828,436.673182641374));
#2745=CARTESIAN_POINT('Ctrl Pts',(-14.7035180893937,-2.55038300434787,436.72095060365));
#2746=CARTESIAN_POINT('Ctrl Pts',(-14.3792296042705,-3.78300568046207,436.768718565926));
#2747=CARTESIAN_POINT('Ctrl Pts',(-13.7503286968349,-6.17346218785138,436.86135619014));
#2748=CARTESIAN_POINT('Ctrl Pts',(-12.5124340970936,-8.4036996389519,436.953993814353));
#2749=CARTESIAN_POINT('Ctrl Pts',(-10.8164382733664,-10.2018644898466,437.046631438567));
#2750=CARTESIAN_POINT('Ctrl Pts',(-9.12044244963992,-12.0000293407405,437.13926906278));
#2751=CARTESIAN_POINT('Ctrl Pts',(-6.96634540192789,-13.366121591429,437.231906686994));
#2752=CARTESIAN_POINT('Ctrl Pts',(-4.61671958235713,-14.1336221927933,437.324544311207));
#2753=CARTESIAN_POINT('Ctrl Pts',(-2.26709376278429,-14.9011227941582,437.417181935421));
#2754=CARTESIAN_POINT('Ctrl Pts',(0.278060828647639,-15.0700317461978,437.509819559635));
#2755=CARTESIAN_POINT('Ctrl Pts',(2.70850399973103,-14.6197599868869,437.602457183849));
#2756=CARTESIAN_POINT('Ctrl Pts',(5.13894717081229,-14.1694882275764,437.695094808062));
#2757=CARTESIAN_POINT('Ctrl Pts',(7.45467892154523,-13.1000357569167,437.787732432276));
#2758=CARTESIAN_POINT('Ctrl Pts',(9.37342442828454,-11.5417628843248,437.88037005649));
#2759=CARTESIAN_POINT('Ctrl Pts',(11.2921699350238,-9.98349001173294,437.973007680703));
#2760=CARTESIAN_POINT('Ctrl Pts',(12.8139291977694,-7.93639673720889,438.065645304917));
#2761=CARTESIAN_POINT('Ctrl Pts',(13.7532082242285,-5.65001234792922,438.15828292913));
#2762=CARTESIAN_POINT('Ctrl Pts',(14.692487250688,-3.36362795864845,438.250920553344));
#2763=CARTESIAN_POINT('Ctrl Pts',(15.0492860408606,-0.837952454611841,438.343558177557));
#2764=CARTESIAN_POINT('Ctrl Pts',(14.7801128062258,1.61914836441245,438.436195801771));
#2765=CARTESIAN_POINT('Ctrl Pts',(14.5109395715909,4.07624918343667,438.528833425985));
#2766=CARTESIAN_POINT('Ctrl Pts',(13.6157943121487,6.46477531744858,438.621471050199));
#2767=CARTESIAN_POINT('Ctrl Pts',(12.2037902575148,8.49357871225817,438.714108674412));
#2768=CARTESIAN_POINT('Ctrl Pts',(10.7917862028816,10.5223821070669,438.806746298626));
#2769=CARTESIAN_POINT('Ctrl Pts',(8.86292335305732,12.1914627626736,438.89938392284));
#2770=CARTESIAN_POINT('Ctrl Pts',(6.65231936387491,13.2973690281857,438.992021547053));
#2771=CARTESIAN_POINT('Ctrl Pts',(4.44171537469257,14.4032752936978,439.084659171267));
#2772=CARTESIAN_POINT('Ctrl Pts',(1.94937024615209,14.9460071691152,439.17729679548));
#2773=CARTESIAN_POINT('Ctrl Pts',(-0.520913009415664,14.8594086567185,439.269934419694));
#2774=CARTESIAN_POINT('Ctrl Pts',(-2.99119626498461,14.7728101443217,439.362572043908));
#2775=CARTESIAN_POINT('Ctrl Pts',(-5.4394176475808,14.0568812441103,439.455209668121));
#2776=CARTESIAN_POINT('Ctrl Pts',(-7.56715258415127,12.7988897080533,439.547847292335));
#2777=CARTESIAN_POINT('Ctrl Pts',(-9.69488752072168,11.5408981719963,439.640484916549));
#2778=CARTESIAN_POINT('Ctrl Pts',(-11.5021360112664,9.7408440000937,439.733122540762));
#2779=CARTESIAN_POINT('Ctrl Pts',(-12.768604514104,7.61814378658885,439.825760164976));
#2780=CARTESIAN_POINT('Ctrl Pts',(-14.035073016941,5.4954435730849,439.91839778919));
#2781=CARTESIAN_POINT('Ctrl Pts',(-14.7607615320716,3.05009731797899,440.011035413403));
#2782=CARTESIAN_POINT('Ctrl Pts',(-14.8572126647369,0.580179132270062,440.103673037617));
#2783=CARTESIAN_POINT('Ctrl Pts',(-14.8647582164306,0.38695283378389,440.110920251444));
#2784=CARTESIAN_POINT('Ctrl Pts',(-14.8684526942554,0.193576149572853,440.118167465271));
#2785=CARTESIAN_POINT('Ctrl Pts',(-14.8683271930206,0.000194664654152467,
440.125414679098));
#2786=CARTESIAN_POINT('Origin',(0.,0.,0.));
#2787=CARTESIAN_POINT('',(-14.8663004623848,-0.000264475023147859,444.1245853209));
#2788=CARTESIAN_POINT('',(-14.8665585931993,-0.000332264508040383,443.625414679098));
#2789=CARTESIAN_POINT('',(-14.86725,-1.82071301246235E-15,0.));
#2790=CARTESIAN_POINT('Ctrl Pts',(-14.8663004623848,-0.000264475023147859,
444.1245853209));
#2791=CARTESIAN_POINT('Ctrl Pts',(-14.8653168826689,1.54712497160274,444.066617720246));
#2792=CARTESIAN_POINT('Ctrl Pts',(-14.6249050191175,3.09481300034782,444.008650119591));
#2793=CARTESIAN_POINT('Ctrl Pts',(-14.1498409893632,4.56676857809197,443.950682518937));
#2794=CARTESIAN_POINT('Ctrl Pts',(-13.3906444283741,6.91909067061122,443.858044894723));
#2795=CARTESIAN_POINT('Ctrl Pts',(-12.0321693144448,9.07799953204552,443.76540727051));
#2796=CARTESIAN_POINT('Ctrl Pts',(-10.2400062100789,10.7803361769315,443.672769646296));
#2797=CARTESIAN_POINT('Ctrl Pts',(-8.44784310571217,12.4826728218183,443.580132022082));
#2798=CARTESIAN_POINT('Ctrl Pts',(-6.22199201090865,13.7284372501563,443.487494397868));
#2799=CARTESIAN_POINT('Ctrl Pts',(-3.83377179714286,14.3657777052809,443.394856773655));
#2800=CARTESIAN_POINT('Ctrl Pts',(-1.44555158337823,15.0031181604051,443.302219149441));
#2801=CARTESIAN_POINT('Ctrl Pts',(1.10503774934834,15.0320346423164,443.209581525227));
#2802=CARTESIAN_POINT('Ctrl Pts',(3.50709354408636,14.4490023926616,443.116943901014));
#2803=CARTESIAN_POINT('Ctrl Pts',(5.90914933882547,13.8659701430065,443.0243062768));
#2804=CARTESIAN_POINT('Ctrl Pts',(8.16267159557586,12.6709891617848,442.931668652587));
#2805=CARTESIAN_POINT('Ctrl Pts',(9.99296848208858,11.0097209858423,442.839031028373));
#2806=CARTESIAN_POINT('Ctrl Pts',(11.8232653686005,9.34845280990054,442.74639340416));
#2807=CARTESIAN_POINT('Ctrl Pts',(13.230336884875,7.22089743923838,442.653755779946));
#2808=CARTESIAN_POINT('Ctrl Pts',(14.0426688371862,4.88639204313702,442.561118155732));
#2809=CARTESIAN_POINT('Ctrl Pts',(14.8550007894977,2.5518866470346,442.468480531518));
#2810=CARTESIAN_POINT('Ctrl Pts',(15.0725931778452,0.0104312254927855,442.375842907305));
#2811=CARTESIAN_POINT('Ctrl Pts',(14.6689227000249,-2.42818493752137,442.283205283091));
#2812=CARTESIAN_POINT('Ctrl Pts',(14.2652522222047,-4.86680110053553,442.190567658878));
#2813=CARTESIAN_POINT('Ctrl Pts',(13.2403188782167,-7.20257800502206,442.097930034664));
#2814=CARTESIAN_POINT('Ctrl Pts',(11.7190563434884,-9.15079743455493,442.00529241045));
#2815=CARTESIAN_POINT('Ctrl Pts',(10.1977938087607,-11.0990168640869,441.912654786237));
#2816=CARTESIAN_POINT('Ctrl Pts',(8.18020208329313,-12.6596788186656,441.820017162023));
#2817=CARTESIAN_POINT('Ctrl Pts',(5.91221437947723,-13.6425472841847,441.72737953781));
#2818=CARTESIAN_POINT('Ctrl Pts',(3.64422667565925,-14.6254157497047,441.634741913596));
#2819=CARTESIAN_POINT('Ctrl Pts',(1.12584299349248,-15.0304907261639,441.542104289382));
#2820=CARTESIAN_POINT('Ctrl Pts',(-1.33595969979377,-14.8083958263763,441.449466665168));
#2821=CARTESIAN_POINT('Ctrl Pts',(-3.79776239307777,-14.5863009265889,441.356829040955));
#2822=CARTESIAN_POINT('Ctrl Pts',(-6.20298409748137,-13.7370361505558,441.264191416741));
#2823=CARTESIAN_POINT('Ctrl Pts',(-8.258441661621,-12.3641221520865,441.171553792528));
#2824=CARTESIAN_POINT('Ctrl Pts',(-10.3138992257606,-10.9912081536171,441.078916168314));
#2825=CARTESIAN_POINT('Ctrl Pts',(-12.0195926496363,-9.09464493271142,440.9862785441));
#2826=CARTESIAN_POINT('Ctrl Pts',(-13.1676073894907,-6.90561300004143,440.893640919887));
#2827=CARTESIAN_POINT('Ctrl Pts',(-14.2790341130593,-4.78634701481307,440.803955720224));
#2828=CARTESIAN_POINT('Ctrl Pts',(-14.8677628992143,-2.392957601924,440.714270520563));
#2829=CARTESIAN_POINT('Ctrl Pts',(-14.8684982383061,8.3016112227309E-5,
440.6245853209));
#2830=CARTESIAN_POINT('Ctrl Pts',(-14.8683271930206,0.000194664654152467,
440.125414679098));
#2831=CARTESIAN_POINT('Ctrl Pts',(-14.8668484727575,-2.27832570913951,440.210805089484));
#2832=CARTESIAN_POINT('Ctrl Pts',(-14.3350509403474,-4.55751255402097,440.296195499871));
#2833=CARTESIAN_POINT('Ctrl Pts',(-13.3237975965967,-6.59922674225266,440.381585910258));
#2834=CARTESIAN_POINT('Ctrl Pts',(-12.2267176455903,-8.81422431475676,440.474223534471));
#2835=CARTESIAN_POINT('Ctrl Pts',(-10.5653439933775,-10.7497293434505,440.566861158685));
#2836=CARTESIAN_POINT('Ctrl Pts',(-8.54218884999295,-12.1698145278305,440.659498782899));
#2837=CARTESIAN_POINT('Ctrl Pts',(-6.51903370661119,-13.5898997122086,440.752136407112));
#2838=CARTESIAN_POINT('Ctrl Pts',(-4.13409707205867,-14.4945650522745,440.844774031326));
#2839=CARTESIAN_POINT('Ctrl Pts',(-1.67808946050035,-14.7735368735214,440.937411655539));
#2840=CARTESIAN_POINT('Ctrl Pts',(0.777918151060204,-15.0525086947686,441.030049279753));
#2841=CARTESIAN_POINT('Ctrl Pts',(3.30499673962683,-14.7057869971956,441.122686903967));
#2842=CARTESIAN_POINT('Ctrl Pts',(5.59510947722879,-13.7756352277695,441.21532452818));
#2843=CARTESIAN_POINT('Ctrl Pts',(7.88522221483081,-12.8454834583433,441.307962152394));
#2844=CARTESIAN_POINT('Ctrl Pts',(9.93836910146811,-11.3319016170639,441.400599776608));
#2845=CARTESIAN_POINT('Ctrl Pts',(11.5042829483092,-9.41938691401844,441.493237400821));
#2846=CARTESIAN_POINT('Ctrl Pts',(13.0701967951502,-7.506872210973,441.585875025035));
#2847=CARTESIAN_POINT('Ctrl Pts',(14.1488776021948,-5.19542464616146,441.678512649248));
#2848=CARTESIAN_POINT('Ctrl Pts',(14.6088401771352,-2.76679682478833,441.771150273462));
#2849=CARTESIAN_POINT('Ctrl Pts',(15.0688027520754,-0.338169003416315,441.863787897676));
#2850=CARTESIAN_POINT('Ctrl Pts',(14.9100470949119,2.2076390745173,441.95642552189));
#2851=CARTESIAN_POINT('Ctrl Pts',(14.1519246374824,4.56030756043469,442.049063146103));
#2852=CARTESIAN_POINT('Ctrl Pts',(13.3938021800522,6.91297604635422,442.141700770317));
#2853=CARTESIAN_POINT('Ctrl Pts',(12.0363129223548,9.07250494025729,442.23433839453));
#2854=CARTESIAN_POINT('Ctrl Pts',(10.2449272565014,10.7756596781698,442.326976018744));
#2855=CARTESIAN_POINT('Ctrl Pts',(8.45354159065032,12.47881441608,442.419613642957));
#2856=CARTESIAN_POINT('Ctrl Pts',(6.22825951664455,13.7255949980009,442.512251267171));
#2857=CARTESIAN_POINT('Ctrl Pts',(3.84033054548702,14.3640258037967,442.604888891385));
#2858=CARTESIAN_POINT('Ctrl Pts',(1.45240157432738,15.0024566095931,442.697526515598));
#2859=CARTESIAN_POINT('Ctrl Pts',(-1.09817429398427,15.0325376392632,442.790164139812));
#2860=CARTESIAN_POINT('Ctrl Pts',(-3.50049604373435,14.4506021825576,442.882801764026));
#2861=CARTESIAN_POINT('Ctrl Pts',(-5.90281779348333,13.8686667258523,442.975439388239));
#2862=CARTESIAN_POINT('Ctrl Pts',(-8.15688542467099,12.6747147827719,443.068077012453));
#2863=CARTESIAN_POINT('Ctrl Pts',(-9.98794062693716,11.0142824561347,443.160714636666));
#2864=CARTESIAN_POINT('Ctrl Pts',(-11.8189958292051,9.35385012949596,443.25335226088));
#2865=CARTESIAN_POINT('Ctrl Pts',(-13.2270386025506,7.22693741929966,443.345989885094));
#2866=CARTESIAN_POINT('Ctrl Pts',(-14.0404363624114,4.89280315808999,443.438627509308));
#2867=CARTESIAN_POINT('Ctrl Pts',(-14.5871266399591,3.32401532750532,443.500889899238));
#2868=CARTESIAN_POINT('Ctrl Pts',(-14.8651992719823,1.66161977488001,443.563152289168));
#2869=CARTESIAN_POINT('Ctrl Pts',(-14.8665585931993,-0.000332264508040383,
443.625414679098));
#2870=CARTESIAN_POINT('Origin',(0.,0.,0.));
#2871=CARTESIAN_POINT('',(-14.8673449081482,0.000383381003524474,447.6245853209));
#2872=CARTESIAN_POINT('',(-14.8669872995556,0.000381892996124354,447.125414679098));
#2873=CARTESIAN_POINT('',(-14.86725,-1.82071301246235E-15,0.));
#2874=CARTESIAN_POINT('Ctrl Pts',(-14.8673449081482,0.000383381003524475,
447.6245853209));
#2875=CARTESIAN_POINT('Ctrl Pts',(-14.8679056382279,0.543368164094046,447.604240168356));
#2876=CARTESIAN_POINT('Ctrl Pts',(-14.8387343989529,1.08629302278396,447.583895015812));
#2877=CARTESIAN_POINT('Ctrl Pts',(-14.7793719691202,1.625896512235,447.563549863268));
#2878=CARTESIAN_POINT('Ctrl Pts',(-14.5090768973413,4.08287417174646,447.470912239055));
#2879=CARTESIAN_POINT('Ctrl Pts',(-13.6128411769243,6.47099134654906,447.378274614841));
#2880=CARTESIAN_POINT('Ctrl Pts',(-12.199910958614,8.49914983230697,447.285636990628));
#2881=CARTESIAN_POINT('Ctrl Pts',(-10.7869807403029,10.5273083180659,447.192999366414));
#2882=CARTESIAN_POINT('Ctrl Pts',(-8.85735602409819,12.1955081147797,447.1003617422));
#2883=CARTESIAN_POINT('Ctrl Pts',(-6.64624733310795,13.3004049433567,447.007724117987));
#2884=CARTESIAN_POINT('Ctrl Pts',(-4.43513864211676,14.4053017719343,446.915086493773));
#2885=CARTESIAN_POINT('Ctrl Pts',(-1.9425459763399,14.9468956323745,446.82244886956));
#2886=CARTESIAN_POINT('Ctrl Pts',(0.527697478478924,14.8591692446556,446.729811245346));
#2887=CARTESIAN_POINT('Ctrl Pts',(2.99794093329775,14.7714428569368,446.637173621132));
#2888=CARTESIAN_POINT('Ctrl Pts',(5.44583517715864,14.0543962210588,446.544535996919));
#2889=CARTESIAN_POINT('Ctrl Pts',(7.5729955134011,12.7954333347534,446.451898372705));
#2890=CARTESIAN_POINT('Ctrl Pts',(9.70015584964453,11.5364704484475,446.359260748491));
#2891=CARTESIAN_POINT('Ctrl Pts',(11.5065822782693,9.73559131171364,446.266623124277));
#2892=CARTESIAN_POINT('Ctrl Pts',(12.7720814623709,7.61231307742092,446.173985500064));
#2893=CARTESIAN_POINT('Ctrl Pts',(14.0375806464714,5.48903484313013,446.08134787585));
#2894=CARTESIAN_POINT('Ctrl Pts',(14.7621525860497,3.04335751128102,445.988710251637));
#2895=CARTESIAN_POINT('Ctrl Pts',(14.8574759906981,0.573395549286842,445.896072627423));
#2896=CARTESIAN_POINT('Ctrl Pts',(14.9527993953465,-1.8965664127074,445.803435003209));
#2897=CARTESIAN_POINT('Ctrl Pts',(14.418874265065,-4.39081300484662,445.710797378996));
#2898=CARTESIAN_POINT('Ctrl Pts',(13.3207831043114,-6.60530943696092,445.618159754782));
#2899=CARTESIAN_POINT('Ctrl Pts',(12.2226919435578,-8.81980586907515,445.525522130569));
#2900=CARTESIAN_POINT('Ctrl Pts',(10.560434752332,-10.7545521411644,445.432884506355));
#2901=CARTESIAN_POINT('Ctrl Pts',(8.53663143916121,-12.1737134409365,445.340246882141));
#2902=CARTESIAN_POINT('Ctrl Pts',(6.5128281259895,-13.5928747407092,445.247609257928));
#2903=CARTESIAN_POINT('Ctrl Pts',(4.12747869087234,-14.4964510681644,445.154971633714));
#2904=CARTESIAN_POINT('Ctrl Pts',(1.67134396606861,-14.7743014933769,445.062334009501));
#2905=CARTESIAN_POINT('Ctrl Pts',(-0.784790758735119,-15.0521519185894,
444.969696385287));
#2906=CARTESIAN_POINT('Ctrl Pts',(-3.31171077322551,-14.7042764415592,444.877058761073));
#2907=CARTESIAN_POINT('Ctrl Pts',(-5.60139857873002,-13.7730791485533,444.784421136859));
#2908=CARTESIAN_POINT('Ctrl Pts',(-7.89108638423354,-12.8418818555478,444.691783512646));
#2909=CARTESIAN_POINT('Ctrl Pts',(-9.9435419807513,-11.3273627465673,444.599145888432));
#2910=CARTESIAN_POINT('Ctrl Pts',(-11.5085824438736,-9.41413327941966,444.506508264219));
#2911=CARTESIAN_POINT('Ctrl Pts',(-13.0736229069966,-7.50090381227117,444.413870640005));
#2912=CARTESIAN_POINT('Ctrl Pts',(-14.1512482367236,-5.18896398695522,444.321233015791));
#2913=CARTESIAN_POINT('Ctrl Pts',(-14.6101018975626,-2.76012641249453,444.228595391577));
#2914=CARTESIAN_POINT('Ctrl Pts',(-14.7818298252429,-1.85112365424796,444.193925368018));
#2915=CARTESIAN_POINT('Ctrl Pts',(-14.8668887346532,-0.925747468344984,
444.159255344459));
#2916=CARTESIAN_POINT('Ctrl Pts',(-14.8663004623848,-0.000264475023147859,
444.1245853209));
#2917=CARTESIAN_POINT('Ctrl Pts',(-14.8665585931993,-0.000332264508040383,
443.625414679098));
#2918=CARTESIAN_POINT('Ctrl Pts',(-14.8672217495683,-0.811129643486881,
443.655789913382));
#2919=CARTESIAN_POINT('Ctrl Pts',(-14.8020255090509,-1.62182146370448,443.686165147665));
#2920=CARTESIAN_POINT('Ctrl Pts',(-14.6700298581448,-2.42148713642669,443.716540381948));
#2921=CARTESIAN_POINT('Ctrl Pts',(-14.2674728476418,-4.86028735751662,443.809178006162));
#2922=CARTESIAN_POINT('Ctrl Pts',(-13.2436060802593,-7.19653198747501,443.901815630376));
#2923=CARTESIAN_POINT('Ctrl Pts',(-11.7232332216672,-9.14544579674155,443.994453254589));
#2924=CARTESIAN_POINT('Ctrl Pts',(-10.2028603630764,-11.0943596060064,444.087090878803));
#2925=CARTESIAN_POINT('Ctrl Pts',(-8.18598141327406,-12.6559425945819,444.179728503017));
#2926=CARTESIAN_POINT('Ctrl Pts',(-5.91844270126658,-13.6398464794353,444.27236612723));
#2927=CARTESIAN_POINT('Ctrl Pts',(-3.6509039892571,-14.6237503642895,444.365003751444));
#2928=CARTESIAN_POINT('Ctrl Pts',(-1.13270551504263,-15.0299751454227,444.457641375657));
#2929=CARTESIAN_POINT('Ctrl Pts',(1.32919832997344,-14.8090042808534,444.550278999871));
#2930=CARTESIAN_POINT('Ctrl Pts',(3.7911021749895,-14.5880334162841,444.642916624085));
#2931=CARTESIAN_POINT('Ctrl Pts',(6.19671139080402,-13.7398669060116,444.735554248299));
#2932=CARTESIAN_POINT('Ctrl Pts',(8.25279559054689,-12.3678915313561,444.828191872512));
#2933=CARTESIAN_POINT('Ctrl Pts',(10.3088797902888,-10.9959161567012,444.920829496726));
#2934=CARTESIAN_POINT('Ctrl Pts',(12.0154389739595,-9.10013191766373,445.013467120939));
#2935=CARTESIAN_POINT('Ctrl Pts',(13.1644530664967,-6.91162437135763,445.106104745153));
#2936=CARTESIAN_POINT('Ctrl Pts',(14.3134671590339,-4.72311682505148,445.198742369366));
#2937=CARTESIAN_POINT('Ctrl Pts',(14.9049361604377,-2.24188597147675,445.29137999358));
#2938=CARTESIAN_POINT('Ctrl Pts',(14.8667632883367,0.229619945352844,445.384017617794));
#2939=CARTESIAN_POINT('Ctrl Pts',(14.8285904162356,2.70112586218462,445.476655242007));
#2940=CARTESIAN_POINT('Ctrl Pts',(14.1607756706286,5.16290684227116,445.569292866221));
#2941=CARTESIAN_POINT('Ctrl Pts',(12.9447219555803,7.31488547302385,445.661930490435));
#2942=CARTESIAN_POINT('Ctrl Pts',(11.7286682405332,9.46686410377458,445.754568114648));
#2943=CARTESIAN_POINT('Ctrl Pts',(9.96437555604567,11.3090403851921,445.847205738862));
#2944=CARTESIAN_POINT('Ctrl Pts',(7.86690136989897,12.6168632721061,445.939843363076));
#2945=CARTESIAN_POINT('Ctrl Pts',(5.76942718375228,13.9246861590201,446.032480987289));
#2946=CARTESIAN_POINT('Ctrl Pts',(3.33877149594629,14.6981556514306,446.125118611503));
#2947=CARTESIAN_POINT('Ctrl Pts',(0.871217719014191,14.8429901191375,446.217756235716));
#2948=CARTESIAN_POINT('Ctrl Pts',(-1.59633605792016,14.9878245868445,446.31039385993));
#2949=CARTESIAN_POINT('Ctrl Pts',(-4.10078792398079,14.5040240298467,446.403031484144));
#2950=CARTESIAN_POINT('Ctrl Pts',(-6.33685912285294,13.4505610458395,446.495669108358));
#2951=CARTESIAN_POINT('Ctrl Pts',(-8.57293032172311,12.3970980618332,446.588306732571));
#2952=CARTESIAN_POINT('Ctrl Pts',(-10.5406208534052,10.7739726508186,446.680944356785));
#2953=CARTESIAN_POINT('Ctrl Pts',(-12.0000801835516,8.77903477490947,446.773581980998));
#2954=CARTESIAN_POINT('Ctrl Pts',(-13.4595395136987,6.78409689899953,446.866219605212));
#2955=CARTESIAN_POINT('Ctrl Pts',(-14.4107676423096,4.41734655819484,446.958857229426));
#2956=CARTESIAN_POINT('Ctrl Pts',(-14.7378151498689,1.96727745857895,447.051494853639));
#2957=CARTESIAN_POINT('Ctrl Pts',(-14.8248039044587,1.31560314610701,447.076134795459));
#2958=CARTESIAN_POINT('Ctrl Pts',(-14.8676341074749,0.658034328769126,447.100774737278));
#2959=CARTESIAN_POINT('Ctrl Pts',(-14.8669872995556,0.000381892996124354,
447.125414679098));
#2960=CARTESIAN_POINT('Origin',(0.,0.,0.));
#2961=CARTESIAN_POINT('',(-14.8676041562158,-0.000364571603773678,451.124585320901));
#2962=CARTESIAN_POINT('',(-14.8679498310763,-0.000310847150192162,450.625414679098));
#2963=CARTESIAN_POINT('',(-14.86725,-1.82071301246235E-15,0.));
#2964=CARTESIAN_POINT('Ctrl Pts',(-14.8676041562158,-0.000364571603773678,
451.124585320901));
#2965=CARTESIAN_POINT('Ctrl Pts',(-14.8655512957778,2.01080029232394,451.049224992254));
#2966=CARTESIAN_POINT('Ctrl Pts',(-14.4545475058675,4.02277855884467,450.973864663607));
#2967=CARTESIAN_POINT('Ctrl Pts',(-13.660666249727,5.87022766881164,450.89850433496));
#2968=CARTESIAN_POINT('Ctrl Pts',(-12.6847778108503,8.14122753671975,450.805866710746));
#2969=CARTESIAN_POINT('Ctrl Pts',(-11.1303285027392,10.163609660765,450.713229086532));
#2970=CARTESIAN_POINT('Ctrl Pts',(-9.1867970524415,11.6908569056064,450.620591462319));
#2971=CARTESIAN_POINT('Ctrl Pts',(-7.24326560214198,13.2181041504492,450.527953838105));
#2972=CARTESIAN_POINT('Ctrl Pts',(-4.91065200965524,14.2502165160872,450.435316213891));
#2973=CARTESIAN_POINT('Ctrl Pts',(-2.47328890126429,14.6613852442733,450.342678589677));
#2974=CARTESIAN_POINT('Ctrl Pts',(-0.0359257928756257,15.072553972459,450.250040965464));
#2975=CARTESIAN_POINT('Ctrl Pts',(2.50618683141694,14.862779063194,450.15740334125));
#2976=CARTESIAN_POINT('Ctrl Pts',(4.8431795782857,14.0576309114512,450.064765717037));
#2977=CARTESIAN_POINT('Ctrl Pts',(7.18017232515445,13.2524827597085,449.972128092823));
#2978=CARTESIAN_POINT('Ctrl Pts',(9.31204519459948,11.8519613654881,449.879490468609));
#2979=CARTESIAN_POINT('Ctrl Pts',(10.9789347382456,10.0267824990601,449.786852844396));
#2980=CARTESIAN_POINT('Ctrl Pts',(12.6458242818924,8.2016036326313,449.694215220182));
#2981=CARTESIAN_POINT('Ctrl Pts',(13.8477304997399,5.95176729399451,449.601577595969));
#2982=CARTESIAN_POINT('Ctrl Pts',(14.4381477071058,3.55151602247652,449.508939971755));
#2983=CARTESIAN_POINT('Ctrl Pts',(15.0285649144717,1.15126475095847,449.416302347541));
#2984=CARTESIAN_POINT('Ctrl Pts',(15.007493111356,-1.39940145344068,449.323664723328));
#2985=CARTESIAN_POINT('Ctrl Pts',(14.3775008333874,-3.78957056354099,449.231027099114));
#2986=CARTESIAN_POINT('Ctrl Pts',(13.7475085554191,-6.17973967364015,449.1383894749));
#2987=CARTESIAN_POINT('Ctrl Pts',(12.5085958025985,-8.40941168944054,449.045751850687));
#2988=CARTESIAN_POINT('Ctrl Pts',(10.8117791504439,-10.2068019904444,448.953114226473));
#2989=CARTESIAN_POINT('Ctrl Pts',(9.1149624982885,-12.004192291449,448.860476602259));
#2990=CARTESIAN_POINT('Ctrl Pts',(6.9602419467986,-13.3693008776568,448.767838978046));
#2991=CARTESIAN_POINT('Ctrl Pts',(4.61026594974496,-14.1357286031791,448.675201353832));
#2992=CARTESIAN_POINT('Ctrl Pts',(2.26028995269132,-14.9021563287013,448.582563729619));
#2993=CARTESIAN_POINT('Ctrl Pts',(-0.284941489926142,-15.0699031935381,
448.489926105405));
#2994=CARTESIAN_POINT('Ctrl Pts',(-2.715178818168,-14.6185217876324,448.397288481191));
#2995=CARTESIAN_POINT('Ctrl Pts',(-5.14541614640883,-14.167140381727,448.304650856977));
#2996=CARTESIAN_POINT('Ctrl Pts',(-7.46065936027405,-13.0966307050798,448.212013232764));
#2997=CARTESIAN_POINT('Ctrl Pts',(-9.37869318604607,-11.5374819346392,448.11937560855));
#2998=CARTESIAN_POINT('Ctrl Pts',(-11.2967270118189,-9.97833316419787,448.026737984337));
#2999=CARTESIAN_POINT('Ctrl Pts',(-12.8175514494981,-7.93054529996266,447.934100360123));
#3000=CARTESIAN_POINT('Ctrl Pts',(-13.7557864567681,-5.64373229573375,447.841462735909));
#3001=CARTESIAN_POINT('Ctrl Pts',(-14.4879655066766,-3.85915107697643,447.76917026424));
#3002=CARTESIAN_POINT('Ctrl Pts',(-14.8653524648223,-1.92900554658588,447.69687779257));
#3003=CARTESIAN_POINT('Ctrl Pts',(-14.8673449081482,0.000383381003524475,
447.6245853209));
#3004=CARTESIAN_POINT('Ctrl Pts',(-14.8669872995556,0.000381892996124354,
447.125414679098));
#3005=CARTESIAN_POINT('Ctrl Pts',(-14.8652023343235,-1.81451043835825,447.193412361492));
#3006=CARTESIAN_POINT('Ctrl Pts',(-14.5323102308213,-3.63003958121759,447.261410043886));
#3007=CARTESIAN_POINT('Ctrl Pts',(-13.8826346837015,-5.32408022381577,447.32940772628));
#3008=CARTESIAN_POINT('Ctrl Pts',(-12.9975398234662,-7.63198094817079,447.422045350494));
#3009=CARTESIAN_POINT('Ctrl Pts',(-11.5244832164871,-9.71439453845368,447.514682974708));
#3010=CARTESIAN_POINT('Ctrl Pts',(-9.64302227213333,-11.3174863573975,447.607320598921));
#3011=CARTESIAN_POINT('Ctrl Pts',(-7.76156132778034,-12.9205781763407,447.699958223135));
#3012=CARTESIAN_POINT('Ctrl Pts',(-5.47169604605313,-14.0443482239452,447.792595847348));
#3013=CARTESIAN_POINT('Ctrl Pts',(-3.05254827185723,-14.5518151802007,447.885233471562));
#3014=CARTESIAN_POINT('Ctrl Pts',(-0.633400497661396,-15.0592821364562,
447.977871095776));
#3015=CARTESIAN_POINT('Ctrl Pts',(1.91502976900302,-14.9504460013626,448.070508719989));
#3016=CARTESIAN_POINT('Ctrl Pts',(4.2821030493328,-14.2385732945978,448.163146344203));
#3017=CARTESIAN_POINT('Ctrl Pts',(6.64917632966365,-13.5267005878327,448.255783968416));
#3018=CARTESIAN_POINT('Ctrl Pts',(8.8348926236598,-12.2117913093958,448.34842159263));
#3019=CARTESIAN_POINT('Ctrl Pts',(10.5728252688927,-10.4541255886948,448.441059216844));
#3020=CARTESIAN_POINT('Ctrl Pts',(12.3107579141255,-8.69645986799384,448.533696841058));
#3021=CARTESIAN_POINT('Ctrl Pts',(13.6009069105952,-6.49603770502874,448.626334465271));
#3022=CARTESIAN_POINT('Ctrl Pts',(14.2860102695847,-4.1210783258825,448.718972089485));
#3023=CARTESIAN_POINT('Ctrl Pts',(14.9711136285739,-1.74611894673728,448.811609713698));
#3024=CARTESIAN_POINT('Ctrl Pts',(15.0511713500835,0.803377648588826,448.904247337912));
#3025=CARTESIAN_POINT('Ctrl Pts',(14.5164248430274,3.21664200175849,448.996884962125));
#3026=CARTESIAN_POINT('Ctrl Pts',(13.9816783359712,5.62990635492809,449.089522586339));
#3027=CARTESIAN_POINT('Ctrl Pts',(12.8321276003493,7.90693846594115,449.182160210553));
#3028=CARTESIAN_POINT('Ctrl Pts',(11.2078964786865,9.77018078204219,449.274797834766));
#3029=CARTESIAN_POINT('Ctrl Pts',(9.58366535702284,11.6334230981441,449.36743545898));
#3030=CARTESIAN_POINT('Ctrl Pts',(7.48475384931775,13.0828756193337,449.460073083194));
#3031=CARTESIAN_POINT('Ctrl Pts',(5.16700759723419,13.9418581430476,449.552710707407));
#3032=CARTESIAN_POINT('Ctrl Pts',(2.84926134515062,14.8008406667615,449.645348331621));
#3033=CARTESIAN_POINT('Ctrl Pts',(0.3126803486885,15.0693531929999,449.737985955835));
#3034=CARTESIAN_POINT('Ctrl Pts',(-2.13354027349775,14.7146655378946,449.830623580048));
#3035=CARTESIAN_POINT('Ctrl Pts',(-4.57976089568407,14.3599778827892,449.923261204262));
#3036=CARTESIAN_POINT('Ctrl Pts',(-6.9356211435944,13.3820900463402,450.015898828476));
#3037=CARTESIAN_POINT('Ctrl Pts',(-8.91395475291432,11.9002011182053,450.108536452689));
#3038=CARTESIAN_POINT('Ctrl Pts',(-10.8922883622342,10.4183121900704,450.201174076903));
#3039=CARTESIAN_POINT('Ctrl Pts',(-12.4930953329636,8.43242217024957,450.293811701117));
#3040=CARTESIAN_POINT('Ctrl Pts',(-13.5212461967559,6.18460000949564,450.38644932533));
#3041=CARTESIAN_POINT('Ctrl Pts',(-14.4053090059309,4.25179418892558,450.466104443253));
#3042=CARTESIAN_POINT('Ctrl Pts',(-14.8659761091879,2.12532773613733,450.545759561175));
#3043=CARTESIAN_POINT('Ctrl Pts',(-14.8679498310763,-0.000310847150192162,
450.625414679098));
#3044=CARTESIAN_POINT('Origin',(0.,0.,0.));
#3045=CARTESIAN_POINT('',(-14.866158854222,0.000203426107351357,454.6245853209));
#3046=CARTESIAN_POINT('',(-14.866029056701,0.000105502969669585,454.125414679098));
#3047=CARTESIAN_POINT('',(-14.86725,-1.82071301246235E-15,0.));
#3048=CARTESIAN_POINT('Ctrl Pts',(-14.866158854222,0.000203426107351357,
454.6245853209));
#3049=CARTESIAN_POINT('Ctrl Pts',(-14.8666453662078,1.00760738986446,454.586847440364));
#3050=CARTESIAN_POINT('Ctrl Pts',(-14.7657515822966,2.01491523926023,454.549109559828));
#3051=CARTESIAN_POINT('Ctrl Pts',(-14.5625064659919,3.00112990356226,454.511371679291));
#3052=CARTESIAN_POINT('Ctrl Pts',(-14.0635874901549,5.42205503679576,454.418734055078));
#3053=CARTESIAN_POINT('Ctrl Pts',(-12.9479126222424,7.71587536460117,454.326096430864));
#3054=CARTESIAN_POINT('Ctrl Pts',(-11.3514764248743,9.60298694394796,454.233458806651));
#3055=CARTESIAN_POINT('Ctrl Pts',(-9.75504022750471,11.4900985232965,454.140821182437));
#3056=CARTESIAN_POINT('Ctrl Pts',(-7.67784270067866,12.9705013541856,454.048183558223));
#3057=CARTESIAN_POINT('Ctrl Pts',(-5.37308267253186,13.8637425634008,453.955545934009));
#3058=CARTESIAN_POINT('Ctrl Pts',(-3.06832264438722,14.7569837726151,453.862908309796));
#3059=CARTESIAN_POINT('Ctrl Pts',(-0.536000114922354,15.0630633601564,453.770270685582));
#3060=CARTESIAN_POINT('Ctrl Pts',(1.91520888065609,14.7446719262779,453.677633061369));
#3061=CARTESIAN_POINT('Ctrl Pts',(4.36641787623677,14.4262804923991,453.584995437155));
#3062=CARTESIAN_POINT('Ctrl Pts',(6.73651333793096,13.4834180370993,453.492357812941));
#3063=CARTESIAN_POINT('Ctrl Pts',(8.73659380801914,12.031014250835,453.399720188728));
#3064=CARTESIAN_POINT('Ctrl Pts',(10.7366742781055,10.578610464572,453.307082564514));
#3065=CARTESIAN_POINT('Ctrl Pts',(12.3667397565866,8.61666534734548,453.2144449403));
#3066=CARTESIAN_POINT('Ctrl Pts',(13.4280943257149,6.38432909942889,453.121807316086));
#3067=CARTESIAN_POINT('Ctrl Pts',(14.4894488948433,4.15199285151225,453.029169691873));
#3068=CARTESIAN_POINT('Ctrl Pts',(14.9820925546189,1.64926547290563,452.93653206766));
#3069=CARTESIAN_POINT('Ctrl Pts',(14.8459747822904,-0.818784485508617,452.843894443446));
#3070=CARTESIAN_POINT('Ctrl Pts',(14.709857009962,-3.28683444392279,452.751256819232));
#3071=CARTESIAN_POINT('Ctrl Pts',(13.9449778055295,-5.72020698214451,452.658619195018));
#3072=CARTESIAN_POINT('Ctrl Pts',(12.6445716908554,-7.82228751868212,452.565981570805));
#3073=CARTESIAN_POINT('Ctrl Pts',(11.3441655761808,-9.92436805522068,452.473343946591));
#3074=CARTESIAN_POINT('Ctrl Pts',(9.50823255126404,-11.6951565900749,452.380706322378));
#3075=CARTESIAN_POINT('Ctrl Pts',(7.36056264302429,-12.9188038474244,452.288068698164));
#3076=CARTESIAN_POINT('Ctrl Pts',(5.21289273478454,-14.1424511047739,452.19543107395));
#3077=CARTESIAN_POINT('Ctrl Pts',(2.75348594322171,-14.8189570846187,452.102793449737));
#3078=CARTESIAN_POINT('Ctrl Pts',(0.282130280544903,-14.8658594697687,452.010155825523));
#3079=CARTESIAN_POINT('Ctrl Pts',(-2.18922538213078,-14.9127618549187,451.917518201309));
#3080=CARTESIAN_POINT('Ctrl Pts',(-4.6725299159205,-14.3300606453745,451.824880577096));
#3081=CARTESIAN_POINT('Ctrl Pts',(-6.86508230672284,-13.1887838784337,451.732242952882));
#3082=CARTESIAN_POINT('Ctrl Pts',(-9.05763469752623,-12.0475071114924,451.639605328669));
#3083=CARTESIAN_POINT('Ctrl Pts',(-10.9594349453419,-10.3476547871539,451.546967704455));
#3084=CARTESIAN_POINT('Ctrl Pts',(-12.3386641750383,-8.29642945162184,451.454330080241));
#3085=CARTESIAN_POINT('Ctrl Pts',(-13.7178934047341,-6.24520411609075,451.361692456028));
#3086=CARTESIAN_POINT('Ctrl Pts',(-14.5745516163111,-3.84260576936638,451.269054831814));
#3087=CARTESIAN_POINT('Ctrl Pts',(-14.8042169372787,-1.38149779011868,451.1764172076));
#3088=CARTESIAN_POINT('Ctrl Pts',(-14.8470504583826,-0.922491092356027,
451.159139912034));
#3089=CARTESIAN_POINT('Ctrl Pts',(-14.8680748000835,-0.461449208721868,
451.141862616467));
#3090=CARTESIAN_POINT('Ctrl Pts',(-14.8676041562158,-0.000364571603773678,
451.124585320901));
#3091=CARTESIAN_POINT('Ctrl Pts',(-14.8679498310763,-0.000310847150192162,
450.625414679098));
#3092=CARTESIAN_POINT('Ctrl Pts',(-14.8682715160791,-0.346755833983485,
450.638397185389));
#3093=CARTESIAN_POINT('Ctrl Pts',(-14.8564085755327,-0.69317882948162,450.65137969168));
#3094=CARTESIAN_POINT('Ctrl Pts',(-14.832208189268,-1.03873780182948,450.664362197971));
#3095=CARTESIAN_POINT('Ctrl Pts',(-14.6595245611329,-3.50449915071587,450.756999822184));
#3096=CARTESIAN_POINT('Ctrl Pts',(-13.8586625480072,-5.92626754680282,450.849637446398));
#3097=CARTESIAN_POINT('Ctrl Pts',(-12.5272427760486,-8.00884288899946,450.942275070612));
#3098=CARTESIAN_POINT('Ctrl Pts',(-11.1958230040899,-10.0914182311961,451.034912694825));
#3099=CARTESIAN_POINT('Ctrl Pts',(-9.33384547329828,-11.8348005195024,451.127550319039));
#3100=CARTESIAN_POINT('Ctrl Pts',(-7.16827489103656,-13.0264811471584,451.220187943253));
#3101=CARTESIAN_POINT('Ctrl Pts',(-5.00270430877286,-14.2181617748155,451.312825567466));
#3102=CARTESIAN_POINT('Ctrl Pts',(-2.53354067503851,-14.8581407418211,451.40546319168));
#3103=CARTESIAN_POINT('Ctrl Pts',(-0.0617613068499828,-14.8684081707396,
451.498100815894));
#3104=CARTESIAN_POINT('Ctrl Pts',(2.41001806133629,-14.878675599658,451.590738440107));
#3105=CARTESIAN_POINT('Ctrl Pts',(4.88441316397671,-14.2592314904906,451.683376064321));
#3106=CARTESIAN_POINT('Ctrl Pts',(7.05980899708561,-13.0855826356876,451.776013688535));
#3107=CARTESIAN_POINT('Ctrl Pts',(9.2352048301945,-11.9119337808846,451.868651312748));
#3108=CARTESIAN_POINT('Ctrl Pts',(11.1116013937718,-10.1840801804461,451.961288936962));
#3109=CARTESIAN_POINT('Ctrl Pts',(12.4602763805361,-8.11263758042926,452.053926561175));
#3110=CARTESIAN_POINT('Ctrl Pts',(13.808951367301,-6.04119498041151,452.146564185389));
#3111=CARTESIAN_POINT('Ctrl Pts',(14.6299047772522,-3.62616338081517,452.239201809602));
#3112=CARTESIAN_POINT('Ctrl Pts',(14.8230669546787,-1.1619217046995,452.331839433816));
#3113=CARTESIAN_POINT('Ctrl Pts',(15.0162291321051,1.30231997141617,452.42447705803));
#3114=CARTESIAN_POINT('Ctrl Pts',(14.5816000770068,3.81577172405115,452.517114682244));
#3115=CARTESIAN_POINT('Ctrl Pts',(13.5721586544186,6.07205776076203,452.609752306457));
#3116=CARTESIAN_POINT('Ctrl Pts',(12.5627172318308,8.3283437974719,452.702389930671));
#3117=CARTESIAN_POINT('Ctrl Pts',(10.9784634417537,10.3274641182579,452.795027554885));
#3118=CARTESIAN_POINT('Ctrl Pts',(9.01250901185699,11.8257370722478,452.887665179098));
#3119=CARTESIAN_POINT('Ctrl Pts',(7.04655458196031,13.3240100262376,452.980302803312));
#3120=CARTESIAN_POINT('Ctrl Pts',(4.69889951224404,14.3214356134313,453.072940427525));
#3121=CARTESIAN_POINT('Ctrl Pts',(2.25570990142617,14.6964332009963,453.165578051739));
#3122=CARTESIAN_POINT('Ctrl Pts',(-0.18747970939169,15.0714307885613,453.258215675952));
#3123=CARTESIAN_POINT('Ctrl Pts',(-2.72620386131115,14.8240003764975,453.350853300166));
#3124=CARTESIAN_POINT('Ctrl Pts',(-5.05100619694503,13.9843023561836,453.44349092438));
#3125=CARTESIAN_POINT('Ctrl Pts',(-7.37580853258097,13.1446043358689,453.536128548594));
#3126=CARTESIAN_POINT('Ctrl Pts',(-9.48668905193109,11.7126387073028,453.628766172807));
#3127=CARTESIAN_POINT('Ctrl Pts',(-11.1263431573668,9.86295411807512,453.721403797021));
#3128=CARTESIAN_POINT('Ctrl Pts',(-12.7659972628011,8.01326952884906,453.814041421234));
#3129=CARTESIAN_POINT('Ctrl Pts',(-13.9344249543221,5.74586597896204,453.906679045448));
#3130=CARTESIAN_POINT('Ctrl Pts',(-14.4892013934473,3.33712735310837,453.999316669662));
#3131=CARTESIAN_POINT('Ctrl Pts',(-14.7409213083658,2.2442051610323,454.041349339474));
#3132=CARTESIAN_POINT('Ctrl Pts',(-14.8663070740344,1.12218591014367,454.083382009286));
#3133=CARTESIAN_POINT('Ctrl Pts',(-14.866029056701,0.000105502969669585,
454.125414679098));
#3134=CARTESIAN_POINT('Origin',(0.,0.,0.));
#3135=CARTESIAN_POINT('',(-14.8685363868368,3.27721324500907E-6,458.1245853209));
#3136=CARTESIAN_POINT('',(-14.8684538986939,0.000122589199599238,457.625414679098));
#3137=CARTESIAN_POINT('',(-14.86725,-1.82071301246235E-15,0.));
#3138=CARTESIAN_POINT('Ctrl Pts',(-14.8685363579407,3.27713962917486E-6,
458.1245853209));
#3139=CARTESIAN_POINT('Ctrl Pts',(-14.8685689671137,2.47488401836803,458.031832264261));
#3140=CARTESIAN_POINT('Ctrl Pts',(-14.2372187731789,4.94974862079069,457.939079207621));
#3141=CARTESIAN_POINT('Ctrl Pts',(-13.051719350381,7.12221856369233,457.846326150982));
#3142=CARTESIAN_POINT('Ctrl Pts',(-11.8676952975506,9.29198483854694,457.753688526768));
#3143=CARTESIAN_POINT('Ctrl Pts',(-10.1309006876825,11.1601086541128,457.661050902555));
#3144=CARTESIAN_POINT('Ctrl Pts',(-8.05304112616671,12.4988761050896,457.568413278341));
#3145=CARTESIAN_POINT('Ctrl Pts',(-5.97518156465175,13.8376435560659,457.475775654127));
#3146=CARTESIAN_POINT('Ctrl Pts',(-3.55625705148965,14.6470546424534,457.383138029914));
#3147=CARTESIAN_POINT('Ctrl Pts',(-1.0911210342557,14.8284466536019,457.2905004057));
#3148=CARTESIAN_POINT('Ctrl Pts',(1.37401498297811,15.0098386647504,457.197862781487));
#3149=CARTESIAN_POINT('Ctrl Pts',(3.8853625042835,14.5632116006598,457.105225157273));
#3150=CARTESIAN_POINT('Ctrl Pts',(6.13680223131559,13.5430068169455,457.012587533059));
#3151=CARTESIAN_POINT('Ctrl Pts',(8.38824195834871,12.5228020332308,456.919949908846));
#3152=CARTESIAN_POINT('Ctrl Pts',(10.3797738911084,10.9290195298917,456.827312284632));
#3153=CARTESIAN_POINT('Ctrl Pts',(11.8686413610268,8.95593253176002,456.734674660419));
#3154=CARTESIAN_POINT('Ctrl Pts',(13.3575088309451,6.98284553362833,456.642037036205));
#3155=CARTESIAN_POINT('Ctrl Pts',(14.3437118380222,4.63045404070387,456.549399411991));
#3156=CARTESIAN_POINT('Ctrl Pts',(14.7070377195377,2.18550149535695,456.456761787777));
#3157=CARTESIAN_POINT('Ctrl Pts',(15.0703636010532,-0.25945104998997,456.364124163564));
#3158=CARTESIAN_POINT('Ctrl Pts',(14.8108123570071,-2.79696464775952,456.271486539351));
#3159=CARTESIAN_POINT('Ctrl Pts',(13.960021840798,-5.11773050038362,456.178848915137));
#3160=CARTESIAN_POINT('Ctrl Pts',(13.1092313245888,-7.43849635300784,456.086211290923));
#3161=CARTESIAN_POINT('Ctrl Pts',(11.6672015362168,-9.54251446048639,455.993573666709));
#3162=CARTESIAN_POINT('Ctrl Pts',(9.8097078883889,-11.17331671504,455.900936042495));
#3163=CARTESIAN_POINT('Ctrl Pts',(7.95221424056115,-12.8041189695936,455.808298418282));
#3164=CARTESIAN_POINT('Ctrl Pts',(5.6792567332777,-13.961705371222,455.715660794068));
#3165=CARTESIAN_POINT('Ctrl Pts',(3.26789624775675,-14.504972574397,455.623023169855));
#3166=CARTESIAN_POINT('Ctrl Pts',(0.856535762238002,-15.0482397775715,455.530385545641));
#3167=CARTESIAN_POINT('Ctrl Pts',(-1.69322770151815,-14.9771877822938,455.437747921428));
#3168=CARTESIAN_POINT('Ctrl Pts',(-4.07059215539651,-14.3004774316992,455.345110297214));
#3169=CARTESIAN_POINT('Ctrl Pts',(-6.44795660927595,-13.6237670811042,455.252472673));
#3170=CARTESIAN_POINT('Ctrl Pts',(-8.65292205327761,-12.3413983751918,455.159835048787));
#3171=CARTESIAN_POINT('Ctrl Pts',(-10.4167154606235,-10.6096849285226,455.067197424573));
#3172=CARTESIAN_POINT('Ctrl Pts',(-12.1805088679711,-8.87797148185176,454.97455980036));
#3173=CARTESIAN_POINT('Ctrl Pts',(-13.5031302386621,-6.69691329442339,454.881922176146));
#3174=CARTESIAN_POINT('Ctrl Pts',(-14.2233593821266,-4.33236923137705,454.789284551932));
#3175=CARTESIAN_POINT('Ctrl Pts',(-14.6501880675627,-2.9310718203464,454.734384808255));
#3176=CARTESIAN_POINT('Ctrl Pts',(-14.865451093666,-1.46533249174303,454.679485064578));
#3177=CARTESIAN_POINT('Ctrl Pts',(-14.866158854222,0.000203426107351357,
454.6245853209));
#3178=CARTESIAN_POINT('Ctrl Pts',(-14.866029056701,0.000105502969669585,
454.125414679098));
#3179=CARTESIAN_POINT('Ctrl Pts',(-14.865694339574,-1.35081577073496,454.1760196335));
#3180=CARTESIAN_POINT('Ctrl Pts',(-14.6832125258751,-2.70182568923078,454.226624587901));
#3181=CARTESIAN_POINT('Ctrl Pts',(-14.3197534659965,-4.00225394794238,454.277229542303));
#3182=CARTESIAN_POINT('Ctrl Pts',(-13.6544039126904,-6.38282292132128,454.369867166516));
#3183=CARTESIAN_POINT('Ctrl Pts',(-12.382579619348,-8.59388716625633,454.46250479073));
#3184=CARTESIAN_POINT('Ctrl Pts',(-10.659308895271,-10.3659302460481,454.555142414943));
#3185=CARTESIAN_POINT('Ctrl Pts',(-8.93603817119549,-12.1379733258384,454.647780039157));
#3186=CARTESIAN_POINT('Ctrl Pts',(-6.76132101638627,-13.4709952404861,454.740417663371));
#3187=CARTESIAN_POINT('Ctrl Pts',(-4.4002433593658,-14.2025080309464,454.833055287585));
#3188=CARTESIAN_POINT('Ctrl Pts',(-2.03916570234432,-14.9340208214069,454.925692911798));
#3189=CARTESIAN_POINT('Ctrl Pts',(0.508272456888485,-15.0640244876793,455.018330536012));
#3190=CARTESIAN_POINT('Ctrl Pts',(2.93155257190835,-14.5766723057382,455.110968160225));
#3191=CARTESIAN_POINT('Ctrl Pts',(5.35483268692933,-14.089320123797,455.203605784439));
#3192=CARTESIAN_POINT('Ctrl Pts',(7.65395475773427,-12.9846120936436,455.296243408653));
#3193=CARTESIAN_POINT('Ctrl Pts',(9.54866858830741,-11.3972059813539,455.388881032866));
#3194=CARTESIAN_POINT('Ctrl Pts',(11.443382418878,-9.80979986906647,455.48151865708));
#3195=CARTESIAN_POINT('Ctrl Pts',(12.933688009216,-7.73969567464268,455.574156281294));
#3196=CARTESIAN_POINT('Ctrl Pts',(13.8379253947919,-5.43922758844605,455.666793905507));
#3197=CARTESIAN_POINT('Ctrl Pts',(14.7421627803682,-3.13875950224831,455.759431529721));
#3198=CARTESIAN_POINT('Ctrl Pts',(15.0603319611838,-0.607927524275094,455.852069153935));
#3199=CARTESIAN_POINT('Ctrl Pts',(14.7536498832968,1.84477400020582,455.944706778148));
#3200=CARTESIAN_POINT('Ctrl Pts',(14.4469678054096,4.29747552468779,456.037344402362));
#3201=CARTESIAN_POINT('Ctrl Pts',(13.5154344688191,6.6720465956773,456.129982026575));
#3202=CARTESIAN_POINT('Ctrl Pts',(12.0725986074074,8.67904020356887,456.222619650789));
#3203=CARTESIAN_POINT('Ctrl Pts',(10.6297627459956,10.6860338114604,456.315257275003));
#3204=CARTESIAN_POINT('Ctrl Pts',(8.6756243597626,12.3254499562542,456.407894899217));
#3205=CARTESIAN_POINT('Ctrl Pts',(6.44838205188369,13.3974529259738,456.50053252343));
#3206=CARTESIAN_POINT('Ctrl Pts',(4.2211397440058,14.4694558956929,456.593170147644));
#3207=CARTESIAN_POINT('Ctrl Pts',(1.72079351448219,14.9740456903384,456.685807771857));
#3208=CARTESIAN_POINT('Ctrl Pts',(-0.747878334637136,14.8497156197457,456.778445396071));
#3209=CARTESIAN_POINT('Ctrl Pts',(-3.21655018375654,14.725385549153,456.871083020284));
#3210=CARTESIAN_POINT('Ctrl Pts',(-5.65354765247154,13.972135613322,456.963720644498));
#3211=CARTESIAN_POINT('Ctrl Pts',(-7.7618143004204,12.6817827909379,457.056358268712));
#3212=CARTESIAN_POINT('Ctrl Pts',(-9.87008094837016,11.3914299685532,457.148995892925));
#3213=CARTESIAN_POINT('Ctrl Pts',(-11.6496167755534,9.56397425961495,457.241633517139));
#3214=CARTESIAN_POINT('Ctrl Pts',(-12.8835062598546,7.42217235336305,457.334271141352));
#3215=CARTESIAN_POINT('Ctrl Pts',(-14.1173957441552,5.28037044711211,457.426908765566));
#3216=CARTESIAN_POINT('Ctrl Pts',(-14.8056388855744,2.82422234354774,457.51954638978));
#3217=CARTESIAN_POINT('Ctrl Pts',(-14.8643426721914,0.35311883893191,457.612184013993));
#3218=CARTESIAN_POINT('Ctrl Pts',(-14.8671373975085,0.235476418852478,457.616594235695));
#3219=CARTESIAN_POINT('Ctrl Pts',(-14.8685053037353,0.117800103113368,457.621004457397));
#3220=CARTESIAN_POINT('Ctrl Pts',(-14.8684538986939,0.000122589199599238,
457.625414679098));
#3221=CARTESIAN_POINT('Origin',(0.,0.,0.));
#3222=CARTESIAN_POINT('',(-14.8661681502296,-0.000208322667535898,461.624585320901));
#3223=CARTESIAN_POINT('',(-14.8663807949922,-0.000290040743209914,461.125414679098));
#3224=CARTESIAN_POINT('',(-14.86725,-1.82071301246235E-15,0.));
#3225=CARTESIAN_POINT('Ctrl Pts',(-14.8661681502296,-0.000208322667535898,
461.624585320901));
#3226=CARTESIAN_POINT('Ctrl Pts',(-14.8654397309161,1.47148784475478,461.569454712372));
#3227=CARTESIAN_POINT('Ctrl Pts',(-14.6483346462748,2.94339424536925,461.514324103843));
#3228=CARTESIAN_POINT('Ctrl Pts',(-14.2179617693068,4.35005039012679,461.459193495314));
#3229=CARTESIAN_POINT('Ctrl Pts',(-13.4947932443768,6.71369713398008,461.3665558711));
#3230=CARTESIAN_POINT('Ctrl Pts',(-12.1694610936308,8.89310916417297,461.273918246886));
#3231=CARTESIAN_POINT('Ctrl Pts',(-10.4035159366537,10.6226282729795,461.181280622673));
#3232=CARTESIAN_POINT('Ctrl Pts',(-8.6375707796776,12.3521473817852,461.088642998459));
#3233=CARTESIAN_POINT('Ctrl Pts',(-6.43101261647069,13.6317735692051,460.996005374246));
#3234=CARTESIAN_POINT('Ctrl Pts',(-4.05280861742605,14.3055275184325,460.903367750032));
#3235=CARTESIAN_POINT('Ctrl Pts',(-1.6746046183802,14.9792814676603,460.810730125819));
#3236=CARTESIAN_POINT('Ctrl Pts',(0.875245216503753,15.0471631786951,460.718092501605));
#3237=CARTESIAN_POINT('Ctrl Pts',(3.28592837095018,14.5008982484223,460.625454877391));
#3238=CARTESIAN_POINT('Ctrl Pts',(5.6966115253966,13.9546333181495,460.532817253177));
#3239=CARTESIAN_POINT('Ctrl Pts',(7.96812799940533,12.7942217465692,460.440179628964));
#3240=CARTESIAN_POINT('Ctrl Pts',(9.82359256570169,11.161111251717,460.34754200475));
#3241=CARTESIAN_POINT('Ctrl Pts',(11.6790571319972,9.52800075686552,460.254904380537));
#3242=CARTESIAN_POINT('Ctrl Pts',(13.1184697905806,7.42219133874283,460.162266756323));
#3243=CARTESIAN_POINT('Ctrl Pts',(13.9663741423133,5.10036945593507,460.06962913211));
#3244=CARTESIAN_POINT('Ctrl Pts',(14.8142784940459,2.77854757312745,459.976991507896));
#3245=CARTESIAN_POINT('Ctrl Pts',(15.0706745389279,0.240713225634574,459.884353883682));
#3246=CARTESIAN_POINT('Ctrl Pts',(14.7043090247939,-2.20378569136761,459.791716259468));
#3247=CARTESIAN_POINT('Ctrl Pts',(14.3379435106596,-4.64828460837217,459.699078635255));
#3248=CARTESIAN_POINT('Ctrl Pts',(13.3488164375083,-6.99944809488604,459.606441011041));
#3249=CARTESIAN_POINT('Ctrl Pts',(11.8574968954554,-8.97068239569206,459.513803386828));
#3250=CARTESIAN_POINT('Ctrl Pts',(10.3661773534037,-10.9419166964963,459.421165762614));
#3251=CARTESIAN_POINT('Ctrl Pts',(8.37266534245153,-12.5332218115932,459.3285281384));
#3252=CARTESIAN_POINT('Ctrl Pts',(6.11995889168749,-13.5506264960026,459.235890514186));
#3253=CARTESIAN_POINT('Ctrl Pts',(3.86725244092344,-14.568031180412,459.143252889973));
#3254=CARTESIAN_POINT('Ctrl Pts',(1.35535155034772,-15.0115354341338,459.050615265759));
#3255=CARTESIAN_POINT('Ctrl Pts',(-1.10955702905807,-14.827078554772,458.957977641546));
#3256=CARTESIAN_POINT('Ctrl Pts',(-3.57446560846483,-14.6426216754102,458.865340017332));
#3257=CARTESIAN_POINT('Ctrl Pts',(-5.99238187670184,-13.8302036629641,458.772702393119));
#3258=CARTESIAN_POINT('Ctrl Pts',(-8.06857528564231,-12.4888537556509,458.680064768905));
#3259=CARTESIAN_POINT('Ctrl Pts',(-10.1447686945829,-11.1475038483376,458.587427144691));
#3260=CARTESIAN_POINT('Ctrl Pts',(-11.8792392442272,-9.27722204615711,458.494789520478));
#3261=CARTESIAN_POINT('Ctrl Pts',(-13.0605646192036,-7.10598530097833,458.402151896264));
#3262=CARTESIAN_POINT('Ctrl Pts',(-14.2404179869377,-4.93745405614798,458.309629704476));
#3263=CARTESIAN_POINT('Ctrl Pts',(-14.8685038299328,-2.46871741938639,458.217107512688));
#3264=CARTESIAN_POINT('Ctrl Pts',(-14.8685363579407,3.27713962917486E-6,
458.1245853209));
#3265=CARTESIAN_POINT('Ctrl Pts',(-14.8684538986939,0.000122589199599238,
457.625414679098));
#3266=CARTESIAN_POINT('Ctrl Pts',(-14.8674255301469,-2.35404055479365,457.71364208161));
#3267=CARTESIAN_POINT('Ctrl Pts',(-14.2983769442589,-4.70868321828845,457.801869484122));
#3268=CARTESIAN_POINT('Ctrl Pts',(-13.2214176492299,-6.80202112135579,457.890096886634));
#3269=CARTESIAN_POINT('Ctrl Pts',(-12.0906244078371,-8.99999867135807,457.982734510848));
#3270=CARTESIAN_POINT('Ctrl Pts',(-10.3998734932372,-10.9098948656939,458.075372135062));
#3271=CARTESIAN_POINT('Ctrl Pts',(-8.35525804039553,-12.2989039783692,458.168009759275));
#3272=CARTESIAN_POINT('Ctrl Pts',(-6.31064258755397,-13.6879130910443,458.260647383489));
#3273=CARTESIAN_POINT('Ctrl Pts',(-3.91216259647055,-14.5560351220588,458.353285007703));
#3274=CARTESIAN_POINT('Ctrl Pts',(-1.45217944116344,-14.7974508230776,458.445922631916));
#3275=CARTESIAN_POINT('Ctrl Pts',(1.00780371414268,-15.0388665240964,458.53856025613));
#3276=CARTESIAN_POINT('Ctrl Pts',(3.52929003367242,-14.6535758951202,458.631197880343));
#3277=CARTESIAN_POINT('Ctrl Pts',(5.80492435595528,-13.6885437213889,458.723835504557));
#3278=CARTESIAN_POINT('Ctrl Pts',(8.08055867823904,-12.7235115476573,458.816473128771));
#3279=CARTESIAN_POINT('Ctrl Pts',(10.1103410032757,-11.1787378291699,458.909110752984));
#3280=CARTESIAN_POINT('Ctrl Pts',(11.6468521523721,-9.24252189240167,459.001748377198));
#3281=CARTESIAN_POINT('Ctrl Pts',(13.1833633014686,-7.30630595563329,459.094386001412));
#3282=CARTESIAN_POINT('Ctrl Pts',(14.2266032746251,-4.97864780058401,459.187023625625));
#3283=CARTESIAN_POINT('Ctrl Pts',(14.6494069201137,-2.54327601326788,459.279661249839));
#3284=CARTESIAN_POINT('Ctrl Pts',(15.0722105656021,-0.107904225952992,459.372298874053));
#3285=CARTESIAN_POINT('Ctrl Pts',(14.8745778834232,2.43518119362863,459.464936498266));
#3286=CARTESIAN_POINT('Ctrl Pts',(14.080599198586,4.77599227381255,459.55757412248));
#3287=CARTESIAN_POINT('Ctrl Pts',(13.2866205137488,7.11680335399659,459.650211746693));
#3288=CARTESIAN_POINT('Ctrl Pts',(11.8962958262533,9.25534009478291,459.742849370907));
#3289=CARTESIAN_POINT('Ctrl Pts',(10.079097984519,10.9309267589351,459.835486995121));
#3290=CARTESIAN_POINT('Ctrl Pts',(8.26190014278322,12.6065134230887,459.928124619334));
#3291=CARTESIAN_POINT('Ctrl Pts',(6.01782914680787,13.8191500106073,460.020762243548));
#3292=CARTESIAN_POINT('Ctrl Pts',(3.62042477270836,14.4210228644122,460.113399867762));
#3293=CARTESIAN_POINT('Ctrl Pts',(1.22302039861089,15.0228957182165,460.206037491975));
#3294=CARTESIAN_POINT('Ctrl Pts',(-1.32771735361041,15.0140048383084,460.298675116189));
#3295=CARTESIAN_POINT('Ctrl Pts',(-3.72086773549434,14.3954339735104,460.391312740403));
#3296=CARTESIAN_POINT('Ctrl Pts',(-6.11401811737814,13.7768631087123,460.483950364616));
#3297=CARTESIAN_POINT('Ctrl Pts',(-8.34958112892454,12.5486122590242,460.57658798883));
#3298=CARTESIAN_POINT('Ctrl Pts',(-10.1550540700114,10.8603983732589,460.669225613044));
#3299=CARTESIAN_POINT('Ctrl Pts',(-11.9605270110983,9.17218448749346,460.761863237257));
#3300=CARTESIAN_POINT('Ctrl Pts',(-13.3359098817256,7.02400756565081,460.854500861471));
#3301=CARTESIAN_POINT('Ctrl Pts',(-14.1135511578652,4.67771842943331,460.947138485684));
#3302=CARTESIAN_POINT('Ctrl Pts',(-14.6123942853325,3.17261543841987,461.006563883489));
#3303=CARTESIAN_POINT('Ctrl Pts',(-14.8652670080105,1.58598935780906,461.065989281293));
#3304=CARTESIAN_POINT('Ctrl Pts',(-14.8663807949922,-0.000290040743209914,
461.125414679098));
#3305=CARTESIAN_POINT('Origin',(0.,0.,0.));
#3306=CARTESIAN_POINT('',(-14.8675848125168,0.00036656468942492,465.124585320901));
#3307=CARTESIAN_POINT('',(-14.8672217864566,0.000386484659625499,464.625414679098));
#3308=CARTESIAN_POINT('',(-14.86725,-1.82071301246235E-15,0.));
#3309=CARTESIAN_POINT('Ctrl Pts',(-14.8675848125168,0.00036656468942492,
465.124585320901));
#3310=CARTESIAN_POINT('Ctrl Pts',(-14.8680628619858,0.467614117803536,465.107077160482));
#3311=CARTESIAN_POINT('Ctrl Pts',(-14.8464719908826,0.934817667755649,465.089569000064));
#3312=CARTESIAN_POINT('Ctrl Pts',(-14.8024878194107,1.39990343463768,465.072060839646));
#3313=CARTESIAN_POINT('Ctrl Pts',(-14.5697626757735,3.86072395891337,464.979423215432));
#3314=CARTESIAN_POINT('Ctrl Pts',(-13.7101178736746,6.26225532897197,464.886785591218));
#3315=CARTESIAN_POINT('Ctrl Pts',(-12.3283393343823,8.3117642246659,464.794147967005));
#3316=CARTESIAN_POINT('Ctrl Pts',(-10.9465607950905,10.3612731203589,464.701510342791));
#3317=CARTESIAN_POINT('Ctrl Pts',(-9.04264851860574,12.0587595416876,464.608872718578));
#3318=CARTESIAN_POINT('Ctrl Pts',(-6.84867882461014,13.1973093328697,464.516235094364));
#3319=CARTESIAN_POINT('Ctrl Pts',(-4.65470913061453,14.3358591240518,464.423597470151));
#3320=CARTESIAN_POINT('Ctrl Pts',(-2.17068201910803,14.9154722850872,464.330959845937));
#3321=CARTESIAN_POINT('Ctrl Pts',(0.300613417602182,14.8654971946205,464.238322221723));
#3322=CARTESIAN_POINT('Ctrl Pts',(2.77190885431465,14.8155221041537,464.145684597509));
#3323=CARTESIAN_POINT('Ctrl Pts',(5.23047261623089,14.1359587621836,464.053046973296));
#3324=CARTESIAN_POINT('Ctrl Pts',(7.37661945176776,12.9096421613426,463.960409349082));
#3325=CARTESIAN_POINT('Ctrl Pts',(9.52276628730266,11.6833255605027,463.867771724868));
#3326=CARTESIAN_POINT('Ctrl Pts',(11.3564961964588,9.91025570079303,463.775134100655));
#3327=CARTESIAN_POINT('Ctrl Pts',(12.654287699878,7.80655993884814,463.682496476441));
#3328=CARTESIAN_POINT('Ctrl Pts',(13.9520792032984,5.70286417690122,463.589858852228));
#3329=CARTESIAN_POINT('Ctrl Pts',(14.7139323009808,3.26854251271882,463.497221228014));
#3330=CARTESIAN_POINT('Ctrl Pts',(14.8469813366486,0.80032522096923,463.4045836038));
#3331=CARTESIAN_POINT('Ctrl Pts',(14.9800303723163,-1.66789207077796,463.311945979586));
#3332=CARTESIAN_POINT('Ctrl Pts',(14.4842753459706,-4.17000499009191,463.219308355373));
#3333=CARTESIAN_POINT('Ctrl Pts',(13.4201460386467,-6.40101988526098,463.126670731159));
#3334=CARTESIAN_POINT('Ctrl Pts',(12.3560167313229,-8.63203478043005,463.034033106946));
#3335=CARTESIAN_POINT('Ctrl Pts',(10.7235131430207,-10.5919516514543,462.941395482732));
#3336=CARTESIAN_POINT('Ctrl Pts',(8.72162838351786,-12.0418675299942,462.848757858518));
#3337=CARTESIAN_POINT('Ctrl Pts',(6.71974362401498,-13.491783408534,462.756120234305));
#3338=CARTESIAN_POINT('Ctrl Pts',(4.34847769331127,-14.4316982945895,462.663482610091));
#3339=CARTESIAN_POINT('Ctrl Pts',(1.89687472278953,-14.747041790005,462.570844985877));
#3340=CARTESIAN_POINT('Ctrl Pts',(-0.554728247733334,-15.0623852854206,
462.478207361664));
#3341=CARTESIAN_POINT('Ctrl Pts',(-3.0866682580744,-14.7531573901957,462.38556973745));
#3342=CARTESIAN_POINT('Ctrl Pts',(-5.39031589998089,-13.8570512652774,462.292932113237));
#3343=CARTESIAN_POINT('Ctrl Pts',(-7.69396354188739,-12.9609451403591,462.200294489023));
#3344=CARTESIAN_POINT('Ctrl Pts',(-9.76931881535939,-11.4779607857474,462.107656864809));
#3345=CARTESIAN_POINT('Ctrl Pts',(-11.363407452701,-9.58886574804396,462.015019240596));
#3346=CARTESIAN_POINT('Ctrl Pts',(-12.9574960900413,-7.69977071034226,461.922381616382));
#3347=CARTESIAN_POINT('Ctrl Pts',(-14.070318091252,-5.40456498954951,461.829743992169));
#3348=CARTESIAN_POINT('Ctrl Pts',(-14.5662266423011,-2.98302140039759,461.737106367955));
#3349=CARTESIAN_POINT('Ctrl Pts',(-14.7670095311149,-2.0025895925777,461.69959935227));
#3350=CARTESIAN_POINT('Ctrl Pts',(-14.8666637158572,-1.00144761074722,461.662092336585));
#3351=CARTESIAN_POINT('Ctrl Pts',(-14.8661681502296,-0.000208322667535898,
461.624585320901));
#3352=CARTESIAN_POINT('Ctrl Pts',(-14.8663807949922,-0.000290040743209914,
461.125414679098));
#3353=CARTESIAN_POINT('Ctrl Pts',(-14.867003278758,-0.886844821680717,461.158626905507));
#3354=CARTESIAN_POINT('Ctrl Pts',(-14.7889869986189,-1.77329131391553,461.191839131916));
#3355=CARTESIAN_POINT('Ctrl Pts',(-14.6313214319697,-2.64533724600932,461.225051358325));
#3356=CARTESIAN_POINT('Ctrl Pts',(-14.1915507482827,-5.07770243464011,461.317688982539));
#3357=CARTESIAN_POINT('Ctrl Pts',(-13.1321096992571,-7.39803146130838,461.410326606753));
#3358=CARTESIAN_POINT('Ctrl Pts',(-11.5821382576823,-9.32348911999526,461.502964230966));
#3359=CARTESIAN_POINT('Ctrl Pts',(-10.0321668161089,-11.2489467786804,461.59560185518));
#3360=CARTESIAN_POINT('Ctrl Pts',(-7.99166498198712,-12.7795330693849,461.688239479393));
#3361=CARTESIAN_POINT('Ctrl Pts',(-5.70935858256022,-13.7286780341912,461.780877103607));
#3362=CARTESIAN_POINT('Ctrl Pts',(-3.42705218312915,-14.6778229989993,461.873514727821));
#3363=CARTESIAN_POINT('Ctrl Pts',(-0.902941218392018,-15.0455266379071,
461.966152352034));
#3364=CARTESIAN_POINT('Ctrl Pts',(1.55529922052311,-14.7869679219703,462.058789976248));
#3365=CARTESIAN_POINT('Ctrl Pts',(4.01353965943487,-14.5284092060339,462.151427600462));
#3366=CARTESIAN_POINT('Ctrl Pts',(6.40590957252491,-13.6435881352546,462.244065224675));
#3367=CARTESIAN_POINT('Ctrl Pts',(8.4407923703075,-12.2403594780585,462.336702848889));
#3368=CARTESIAN_POINT('Ctrl Pts',(10.4756751680901,-10.8371308208625,462.429340473103));
#3369=CARTESIAN_POINT('Ctrl Pts',(12.1530708505653,-8.91549457724952,462.521978097316));
#3370=CARTESIAN_POINT('Ctrl Pts',(13.2685142113013,-6.70968751993968,462.61461572153));
#3371=CARTESIAN_POINT('Ctrl Pts',(14.3839575720383,-4.50388046262783,462.707253345743));
#3372=CARTESIAN_POINT('Ctrl Pts',(14.937448611035,-2.01390259161848,462.799890969957));
#3373=CARTESIAN_POINT('Ctrl Pts',(14.8615198483585,0.456731636286866,462.892528594171));
#3374=CARTESIAN_POINT('Ctrl Pts',(14.7855910856821,2.9273658641901,462.985166218384));
#3375=CARTESIAN_POINT('Ctrl Pts',(14.0802425213338,5.378656448989,463.077803842598));
#3376=CARTESIAN_POINT('Ctrl Pts',(12.8314522231734,7.51180469894936,463.170441466812));
#3377=CARTESIAN_POINT('Ctrl Pts',(11.5826619250136,9.64495294890862,463.263079091025));
#3378=CARTESIAN_POINT('Ctrl Pts',(9.79042989303982,11.4599588640315,463.355716715239));
#3379=CARTESIAN_POINT('Ctrl Pts',(7.67321924613733,12.7355833157122,463.448354339453));
#3380=CARTESIAN_POINT('Ctrl Pts',(5.5560085992329,14.011207767394,463.540991963666));
#3381=CARTESIAN_POINT('Ctrl Pts',(3.11381933740071,14.7474507556344,463.63362958788));
#3382=CARTESIAN_POINT('Ctrl Pts',(0.644340751708218,14.8545683540932,463.726267212093));
#3383=CARTESIAN_POINT('Ctrl Pts',(-1.82513783398428,14.961685952552,463.818904836307));
#3384=CARTESIAN_POINT('Ctrl Pts',(-4.32190574353386,14.4396781612279,463.911542460521));
#3385=CARTESIAN_POINT('Ctrl Pts',(-6.54162085219763,13.3521748272269,464.004180084734));
#3386=CARTESIAN_POINT('Ctrl Pts',(-8.76133596086038,12.2646714932264,464.096817708948));
#3387=CARTESIAN_POINT('Ctrl Pts',(-10.7039982686376,10.6116726165496,464.189455333162));
#3388=CARTESIAN_POINT('Ctrl Pts',(-12.1328080425046,8.59466956866143,464.282092957375));
#3389=CARTESIAN_POINT('Ctrl Pts',(-13.5616178163722,6.57766652077235,464.374730581589));
#3390=CARTESIAN_POINT('Ctrl Pts',(-14.476575056329,4.19665930167152,464.467368205802));
#3391=CARTESIAN_POINT('Ctrl Pts',(-14.7661515625002,1.74187945163057,464.560005830016));
#3392=CARTESIAN_POINT('Ctrl Pts',(-14.8343055339583,1.16412886665453,464.58180877971));
#3393=CARTESIAN_POINT('Ctrl Pts',(-14.8678177264762,0.58229178678856,464.603611729404));
#3394=CARTESIAN_POINT('Ctrl Pts',(-14.8672217864566,0.000386484659625499,
464.625414679098));
#3395=CARTESIAN_POINT('Origin',(0.,0.,0.));
#3396=CARTESIAN_POINT('',(-14.8673644781594,-0.000382545030328529,468.6245853209));
#3397=CARTESIAN_POINT('',(-14.8677249972221,-0.000349842860720267,468.125414679098));
#3398=CARTESIAN_POINT('',(-14.86725,-1.82071301246235E-15,0.));
#3399=CARTESIAN_POINT('Ctrl Pts',(-14.8673644781594,-0.000382545030328529,
468.6245853209));
#3400=CARTESIAN_POINT('Ctrl Pts',(-14.8653646278026,1.93516051998511,468.552061984379));
#3401=CARTESIAN_POINT('Ctrl Pts',(-14.4855013477029,3.8714654775665,468.479538647858));
#3402=CARTESIAN_POINT('Ctrl Pts',(-13.748758731904,5.66083108756826,468.407015311337));
#3403=CARTESIAN_POINT('Ctrl Pts',(-12.8076811580049,7.94647577672881,468.314377687123));
#3404=CARTESIAN_POINT('Ctrl Pts',(-11.2843117941345,9.99237115243634,468.221740062909));
#3405=CARTESIAN_POINT('Ctrl Pts',(-9.36434089495217,11.5491339447266,468.129102438696));
#3406=CARTESIAN_POINT('Ctrl Pts',(-7.4443699957691,13.1058967370174,468.036464814482));
#3407=CARTESIAN_POINT('Ctrl Pts',(-5.12779756127358,14.1735269458906,467.943827190268));
#3408=CARTESIAN_POINT('Ctrl Pts',(-2.69700088979138,14.621886385504,467.851189566055));
#3409=CARTESIAN_POINT('Ctrl Pts',(-0.266204218309049,15.0702458251174,467.758551941841));
#3410=CARTESIAN_POINT('Ctrl Pts',(2.27881669016018,14.8993344954712,467.665914317628));
#3411=CARTESIAN_POINT('Ctrl Pts',(4.6278379386208,14.129985537288,467.573276693414));
#3412=CARTESIAN_POINT('Ctrl Pts',(6.97685918708034,13.3606365791051,467.4806390692));
#3413=CARTESIAN_POINT('Ctrl Pts',(9.12988077553127,11.9928499923858,467.388001444987));
#3414=CARTESIAN_POINT('Ctrl Pts',(10.8244613443497,10.1933513563889,467.295363820773));
#3415=CARTESIAN_POINT('Ctrl Pts',(12.519041913169,8.39385272039105,467.202726196559));
#3416=CARTESIAN_POINT('Ctrl Pts',(13.7551814623552,6.1626420351153,467.110088572346));
#3417=CARTESIAN_POINT('Ctrl Pts',(14.382201454493,3.77169147631291,467.017450948132));
#3418=CARTESIAN_POINT('Ctrl Pts',(15.0092214466307,1.38074091751065,466.924813323918));
#3419=CARTESIAN_POINT('Ctrl Pts',(15.0271218817199,-1.16994951481843,466.832175699705));
#3420=CARTESIAN_POINT('Ctrl Pts',(14.4337207962596,-3.56946484024384,466.739538075491));
#3421=CARTESIAN_POINT('Ctrl Pts',(13.8403197107995,-5.9689801656683,466.646900451277));
#3422=CARTESIAN_POINT('Ctrl Pts',(12.6356171047903,-8.21732038418939,466.554262827064));
#3423=CARTESIAN_POINT('Ctrl Pts',(10.9664595270818,-10.0404253252036,466.46162520285));
#3424=CARTESIAN_POINT('Ctrl Pts',(9.29730194937249,-11.8635302662186,466.368987578636));
#3425=CARTESIAN_POINT('Ctrl Pts',(7.16368939996345,-13.2613999297262,466.276349954423));
#3426=CARTESIAN_POINT('Ctrl Pts',(4.82569738454386,-14.063641776685,466.183712330209));
#3427=CARTESIAN_POINT('Ctrl Pts',(2.48770536912426,-14.8658836236438,466.091074705996));
#3428=CARTESIAN_POINT('Ctrl Pts',(-0.0546661123057307,-15.0724976540537,
465.998437081782));
#3429=CARTESIAN_POINT('Ctrl Pts',(-2.49151611317267,-14.6582987664979,465.905799457568));
#3430=CARTESIAN_POINT('Ctrl Pts',(-4.92836611403836,-14.2440998789422,465.813161833355));
#3431=CARTESIAN_POINT('Ctrl Pts',(-7.2596946343413,-13.2090880734213,465.720524209141));
#3432=CARTESIAN_POINT('Ctrl Pts',(-9.20132569095169,-11.6794255337814,465.627886584928));
#3433=CARTESIAN_POINT('Ctrl Pts',(-11.1429567475622,-10.1497629941414,465.535248960714));
#3434=CARTESIAN_POINT('Ctrl Pts',(-12.6948903404803,-8.12544972038251,465.4426113365));
#3435=CARTESIAN_POINT('Ctrl Pts',(-13.6679543943517,-5.8532382442572,465.349973712287));
#3436=CARTESIAN_POINT('Ctrl Pts',(-14.4571130242985,-4.01046613864464,465.274844248491));
#3437=CARTESIAN_POINT('Ctrl Pts',(-14.8655334490717,-2.00464465788262,465.199714784696));
#3438=CARTESIAN_POINT('Ctrl Pts',(-14.8675848125168,0.00036656468942492,
465.124585320901));
#3439=CARTESIAN_POINT('Ctrl Pts',(-14.8672217864566,0.000386484659625499,
464.625414679098));
#3440=CARTESIAN_POINT('Ctrl Pts',(-14.8652856623122,-1.89014086398361,464.696249353618));
#3441=CARTESIAN_POINT('Ctrl Pts',(-14.5033356607451,-3.78138830368987,464.767084028137));
#3442=CARTESIAN_POINT('Ctrl Pts',(-13.7996715477443,-5.53556150404941,464.837918702657));
#3443=CARTESIAN_POINT('Ctrl Pts',(-12.8794192544314,-7.82967012870962,464.93055632687));
#3444=CARTESIAN_POINT('Ctrl Pts',(-11.3747188954196,-9.88933489704998,465.023193951084));
#3445=CARTESIAN_POINT('Ctrl Pts',(-9.46898507749342,-11.4634941267026,465.115831575298));
#3446=CARTESIAN_POINT('Ctrl Pts',(-7.56325125956562,-13.0376533563566,465.208469199511));
#3447=CARTESIAN_POINT('Ctrl Pts',(-5.25648398272248,-14.126307047322,465.301106823725));
#3448=CARTESIAN_POINT('Ctrl Pts',(-2.82986535109091,-14.5967543681955,465.393744447939));
#3449=CARTESIAN_POINT('Ctrl Pts',(-0.40324671946142,-15.0672016890686,465.486382072152));
#3450=CARTESIAN_POINT('Ctrl Pts',(2.14322326695649,-14.919442639851,465.579019696366));
#3451=CARTESIAN_POINT('Ctrl Pts',(4.49914407662164,-14.171488227019,465.67165732058));
#3452=CARTESIAN_POINT('Ctrl Pts',(6.85506488628894,-13.4235338141864,465.764294944793));
#3453=CARTESIAN_POINT('Ctrl Pts',(9.02043651920296,-12.0753840377384,465.856932569007));
#3454=CARTESIAN_POINT('Ctrl Pts',(10.7313122139933,-10.2913708589545,465.949570193221));
#3455=CARTESIAN_POINT('Ctrl Pts',(12.4421879087821,-8.50735768017212,466.042207817434));
#3456=CARTESIAN_POINT('Ctrl Pts',(13.6985676654479,-6.2874810990548,466.134845441648));
#3457=CARTESIAN_POINT('Ctrl Pts',(14.3473057778303,-3.90233172708022,466.227483065862));
#3458=CARTESIAN_POINT('Ctrl Pts',(14.9960438902126,-1.51718235510579,466.320120690075));
#3459=CARTESIAN_POINT('Ctrl Pts',(15.0371403583114,1.03323980772609,466.412758314289));
#3460=CARTESIAN_POINT('Ctrl Pts',(14.4655857511848,3.43805248154495,466.505395938502));
#3461=CARTESIAN_POINT('Ctrl Pts',(13.8940311440577,5.84286515536615,466.598033562716));
#3462=CARTESIAN_POINT('Ctrl Pts',(12.7098254617042,8.10206834017425,466.69067118693));
#3463=CARTESIAN_POINT('Ctrl Pts',(11.0573167919547,9.9402777301791,466.783308811143));
#3464=CARTESIAN_POINT('Ctrl Pts',(9.40480812220677,11.7784871201823,466.875946435357));
#3465=CARTESIAN_POINT('Ctrl Pts',(7.2839964650639,13.1957027153829,466.968584059571));
#3466=CARTESIAN_POINT('Ctrl Pts',(4.95339696862799,14.0191738152405,467.061221683784));
#3467=CARTESIAN_POINT('Ctrl Pts',(2.62279747219208,14.8426449150982,467.153859307998));
#3468=CARTESIAN_POINT('Ctrl Pts',(0.082410136463299,15.0723715196128,467.246496932212));
#3469=CARTESIAN_POINT('Ctrl Pts',(-2.3581059483132,14.680351233103,467.339134556425));
#3470=CARTESIAN_POINT('Ctrl Pts',(-4.79862203308845,14.2883309465934,467.431772180639));
#3471=CARTESIAN_POINT('Ctrl Pts',(-7.13926686691171,13.2745637690599,467.524409804852));
#3472=CARTESIAN_POINT('Ctrl Pts',(-9.09472885983929,11.7626222823291,467.617047429066));
#3473=CARTESIAN_POINT('Ctrl Pts',(-11.0501908527696,10.2506807955962,467.709685053279));
#3474=CARTESIAN_POINT('Ctrl Pts',(-12.6204700048034,8.24056499966455,467.802322677493));
#3475=CARTESIAN_POINT('Ctrl Pts',(-13.6141580189412,5.97729683268609,467.894960301707));
#3476=CARTESIAN_POINT('Ctrl Pts',(-14.4381563837626,4.10052138384372,467.971778427504));
#3477=CARTESIAN_POINT('Ctrl Pts',(-14.8656754101627,2.04967165949551,468.048596553301));
#3478=CARTESIAN_POINT('Ctrl Pts',(-14.8677249972221,-0.000349842860720267,
468.125414679098));
#3479=CARTESIAN_POINT('Origin',(0.,0.,0.));
#3480=CARTESIAN_POINT('',(-14.8662884641476,0.000260228800443296,472.1245853209));
#3481=CARTESIAN_POINT('',(-14.8661055237899,0.000171533568003003,471.625414679098));
#3482=CARTESIAN_POINT('',(-14.86725,-1.82071301246235E-15,0.));
#3483=CARTESIAN_POINT('Ctrl Pts',(-14.8662884641476,0.000260228800443296,
472.1245853209));
#3484=CARTESIAN_POINT('Ctrl Pts',(-14.8668704974317,0.931908071460576,472.08968443249));
#3485=CARTESIAN_POINT('Ctrl Pts',(-14.7806678779801,1.86344954046895,472.054783544079));
#3486=CARTESIAN_POINT('Ctrl Pts',(-14.6066588422122,2.77828961977809,472.019882655669));
#3487=CARTESIAN_POINT('Ctrl Pts',(-14.1447856808308,5.20655478270083,471.927245031455));
#3488=CARTESIAN_POINT('Ctrl Pts',(-13.0642866099554,7.51715300480149,471.834607407241));
#3489=CARTESIAN_POINT('Ctrl Pts',(-11.4968685464205,9.42843512238343,471.741969783028));
#3490=CARTESIAN_POINT('Ctrl Pts',(-9.92945048288564,11.3397172399654,471.649332158814));
#3491=CARTESIAN_POINT('Ctrl Pts',(-7.8751134266912,12.8516832530287,471.5566945346));
#3492=CARTESIAN_POINT('Ctrl Pts',(-5.58426959893842,13.7800329549215,471.464056910386));
#3493=CARTESIAN_POINT('Ctrl Pts',(-3.29342577118654,14.7083826568139,471.371419286173));
#3494=CARTESIAN_POINT('Ctrl Pts',(-0.766075171876816,15.0531160475363,471.278781661959));
#3495=CARTESIAN_POINT('Ctrl Pts',(1.68971219369059,14.7722120228507,471.186144037746));
#3496=CARTESIAN_POINT('Ctrl Pts',(4.14549955925898,14.4913079981651,471.093506413532));
#3497=CARTESIAN_POINT('Ctrl Pts',(6.52972369108466,13.5847665580707,471.000868789318));
#3498=CARTESIAN_POINT('Ctrl Pts',(8.55176093517082,12.1630900733262,470.908231165105));
#3499=CARTESIAN_POINT('Ctrl Pts',(10.5737981792561,10.7414135885823,470.815593540891));
#3500=CARTESIAN_POINT('Ctrl Pts',(12.2336485356022,8.80460205918857,470.722955916678));
#3501=CARTESIAN_POINT('Ctrl Pts',(13.3289854706009,6.58874203592854,470.630318292464));
#3502=CARTESIAN_POINT('Ctrl Pts',(14.4243224056007,4.37288201266649,470.53768066825));
#3503=CARTESIAN_POINT('Ctrl Pts',(14.955145919252,1.87797349553748,470.445043044036));
#3504=CARTESIAN_POINT('Ctrl Pts',(14.8567515792774,-0.591868037942203,470.352405419823));
#3505=CARTESIAN_POINT('Ctrl Pts',(14.758357239303,-3.06170957141963,470.259767795609));
#3506=CARTESIAN_POINT('Ctrl Pts',(14.0307450457038,-5.50648412124789,470.167130171396));
#3507=CARTESIAN_POINT('Ctrl Pts',(12.7626068778037,-7.6281872652706,470.074492547182));
#3508=CARTESIAN_POINT('Ctrl Pts',(11.4944687099035,-9.7498904092933,469.981854922969));
#3509=CARTESIAN_POINT('Ctrl Pts',(9.68580456770227,-11.5485221475106,469.889217298755));
#3510=CARTESIAN_POINT('Ctrl Pts',(7.55708055350045,-12.8048392718794,469.796579674541));
#3511=CARTESIAN_POINT('Ctrl Pts',(5.42835653929766,-14.0611563962488,469.703942050327));
#3512=CARTESIAN_POINT('Ctrl Pts',(2.9795726530939,-14.7751589067694,469.611304426114));
#3513=CARTESIAN_POINT('Ctrl Pts',(0.509222033735702,-14.8598138679331,469.5186668019));
#3514=CARTESIAN_POINT('Ctrl Pts',(-1.96112858562264,-14.9444688290969,469.426029177687));
#3515=CARTESIAN_POINT('Ctrl Pts',(-4.45304593813511,-14.3997762409039,469.333391553473));
#3516=CARTESIAN_POINT('Ctrl Pts',(-6.66277915486036,-13.2921311009275,469.240753929259));
#3517=CARTESIAN_POINT('Ctrl Pts',(-8.87251237158649,-12.1844859609506,469.148116305046));
#3518=CARTESIAN_POINT('Ctrl Pts',(-10.8000614525249,-10.5138882691899,469.055478680832));
#3519=CARTESIAN_POINT('Ctrl Pts',(-12.2104688830269,-8.48397459487335,468.962841056618));
#3520=CARTESIAN_POINT('Ctrl Pts',(-13.6208763135276,-6.45406092055869,468.870203432405));
#3521=CARTESIAN_POINT('Ctrl Pts',(-14.5141420935931,-4.06483126368888,468.777565808191));
#3522=CARTESIAN_POINT('Ctrl Pts',(-14.7813820916619,-1.6075194339473,468.684928183977));
#3523=CARTESIAN_POINT('Ctrl Pts',(-14.8394075672685,-1.07396649028394,468.664813896285));
#3524=CARTESIAN_POINT('Ctrl Pts',(-14.8679191350099,-0.537203821022701,
468.644699608593));
#3525=CARTESIAN_POINT('Ctrl Pts',(-14.8673644781594,-0.000382545030328529,
468.6245853209));
#3526=CARTESIAN_POINT('Ctrl Pts',(-14.8677249972221,-0.000349842860720267,
468.125414679098));
#3527=CARTESIAN_POINT('Ctrl Pts',(-14.8681470778041,-0.422519891584287,
468.141234177515));
#3528=CARTESIAN_POINT('Ctrl Pts',(-14.8505254260713,-0.844654816243573,
468.157053675931));
#3529=CARTESIAN_POINT('Ctrl Pts',(-14.8146068577456,-1.26522711051153,468.172873174348));
#3530=CARTESIAN_POINT('Ctrl Pts',(-14.6042708061711,-3.72806234870667,468.265510798562));
#3531=CARTESIAN_POINT('Ctrl Pts',(-13.7665018267808,-6.13731228707454,468.358148422775));
#3532=CARTESIAN_POINT('Ctrl Pts',(-12.403419299696,-8.19930275490984,468.450786046989));
#3533=CARTESIAN_POINT('Ctrl Pts',(-11.0403367726111,-10.2612932227453,468.543423671202));
#3534=CARTESIAN_POINT('Ctrl Pts',(-9.15194069783184,-11.9760242200482,468.636061295416));
#3535=CARTESIAN_POINT('Ctrl Pts',(-6.96841605633192,-13.1344795731155,468.728698919629));
#3536=CARTESIAN_POINT('Ctrl Pts',(-4.78489141483013,-14.2929349261837,468.821336543843));
#3537=CARTESIAN_POINT('Ctrl Pts',(-2.30623820660709,-14.8951146350153,468.913974168057));
#3538=CARTESIAN_POINT('Ctrl Pts',(0.165409524959457,-14.8676163415593,469.006611792271));
#3539=CARTESIAN_POINT('Ctrl Pts',(2.63705725652389,-14.8401180481033,469.099249416484));
#3540=CARTESIAN_POINT('Ctrl Pts',(5.10169951143188,-14.182941752361,469.191887040698));
#3541=CARTESIAN_POINT('Ctrl Pts',(7.25891010360132,-12.9761935905168,469.284524664911));
#3542=CARTESIAN_POINT('Ctrl Pts',(9.41612069577077,-11.7694454286727,469.377162289125));
#3543=CARTESIAN_POINT('Ctrl Pts',(11.2658996252013,-10.0131254007269,469.469799913339));
#3544=CARTESIAN_POINT('Ctrl Pts',(12.5827691262135,-7.92131915195443,469.562437537552));
#3545=CARTESIAN_POINT('Ctrl Pts',(13.8996386272257,-5.82951290318206,469.655075161766));
#3546=CARTESIAN_POINT('Ctrl Pts',(14.6835986998193,-3.40222043358294,469.747712785979));
#3547=CARTESIAN_POINT('Ctrl Pts',(14.8390889703864,-0.935315198104602,469.840350410193));
#3548=CARTESIAN_POINT('Ctrl Pts',(14.9945792409536,1.53159003737612,469.932988034407));
#3549=CARTESIAN_POINT('Ctrl Pts',(14.5215997094931,4.03810803873616,470.025625658621));
#3550=CARTESIAN_POINT('Ctrl Pts',(13.4778039508935,6.27870819928203,470.118263282834));
#3551=CARTESIAN_POINT('Ctrl Pts',(12.4340081922948,8.51930835982573,470.210900907048));
#3552=CARTESIAN_POINT('Ctrl Pts',(10.819396206558,10.4939906795558,470.303538531261));
#3553=CARTESIAN_POINT('Ctrl Pts',(8.83078021652261,11.9620523639877,470.396176155475));
#3554=CARTESIAN_POINT('Ctrl Pts',(6.84216422648708,13.4301140484197,470.488813779689));
#3555=CARTESIAN_POINT('Ctrl Pts',(4.47954423215295,14.3915550975536,470.581451403902));
#3556=CARTESIAN_POINT('Ctrl Pts',(2.03091047348555,14.7291811937587,470.674089028116));
#3557=CARTESIAN_POINT('Ctrl Pts',(-0.417723285182824,15.0668072899639,470.766726652329));
#3558=CARTESIAN_POINT('Ctrl Pts',(-2.95237080818459,14.7806184332396,470.859364276543));
#3559=CARTESIAN_POINT('Ctrl Pts',(-5.26407265683841,13.9054994536303,470.952001900757));
#3560=CARTESIAN_POINT('Ctrl Pts',(-7.57577450549237,13.0303804740209,471.04463952497));
#3561=CARTESIAN_POINT('Ctrl Pts',(-9.66453067979842,11.5663313715264,471.137277149184));
#3562=CARTESIAN_POINT('Ctrl Pts',(-11.2757334161266,9.69181159125909,471.229914773398));
#3563=CARTESIAN_POINT('Ctrl Pts',(-12.886936152454,7.81729181099274,471.322552397611));
#3564=CARTESIAN_POINT('Ctrl Pts',(-14.0205854508039,5.53230135295383,471.415190021825));
#3565=CARTESIAN_POINT('Ctrl Pts',(-14.5384957667533,3.1153678472124,471.507827646039));
#3566=CARTESIAN_POINT('Ctrl Pts',(-14.7576275286782,2.09274504697402,471.547023323725));
#3567=CARTESIAN_POINT('Ctrl Pts',(-14.8665297016656,1.04650180312708,471.586219001412));
#3568=CARTESIAN_POINT('Ctrl Pts',(-14.8661055237899,0.000171533568003003,
471.625414679098));
#3569=CARTESIAN_POINT('Origin',(0.,0.,0.));
#3570=CARTESIAN_POINT('',(-14.8672205957277,-2.58022642474209E-6,475.624585320901));
#3571=CARTESIAN_POINT('',(-14.8685287548216,4.20770184030967E-5,475.125414679098));
#3572=CARTESIAN_POINT('',(-14.86725,-1.82071301246235E-15,0.));
#3573=CARTESIAN_POINT('Ctrl Pts',(-14.8672205957277,-2.58022642474209E-6,
475.624585320901));
#3574=CARTESIAN_POINT('Ctrl Pts',(-14.8665933798101,2.39976856289665,475.534669256387));
#3575=CARTESIAN_POINT('Ctrl Pts',(-14.2755483151425,4.79872980441437,475.444753191873));
#3576=CARTESIAN_POINT('Ctrl Pts',(-13.1589284210265,6.92189706631363,475.354837127359));
#3577=CARTESIAN_POINT('Ctrl Pts',(-12.0085109211059,9.10932788876132,475.262199503146));
#3578=CARTESIAN_POINT('Ctrl Pts',(-10.3002211252843,11.0040167228477,475.169561878932));
#3579=CARTESIAN_POINT('Ctrl Pts',(-8.24299829948707,12.3744383316724,475.076924254718));
#3580=CARTESIAN_POINT('Ctrl Pts',(-6.18577547368971,13.7448599404972,474.984286630505));
#3581=CARTESIAN_POINT('Ctrl Pts',(-3.77961961791671,14.5910143240606,474.891649006291));
#3582=CARTESIAN_POINT('Ctrl Pts',(-1.31757396798921,14.8100173957155,474.799011382077));
#3583=CARTESIAN_POINT('Ctrl Pts',(1.14447168193702,15.0290204673703,474.706373757864));
#3584=CARTESIAN_POINT('Ctrl Pts',(3.66240712601769,14.6208722271171,474.61373613365));
#3585=CARTESIAN_POINT('Ctrl Pts',(5.92918580267246,13.6351994887042,474.521098509437));
#3586=CARTESIAN_POINT('Ctrl Pts',(8.19596447932839,12.6495267502908,474.428460885223));
#3587=CARTESIAN_POINT('Ctrl Pts',(10.2115863885582,11.0863295137172,474.335823261009));
#3588=CARTESIAN_POINT('Ctrl Pts',(11.7304182731922,9.13621294213042,474.243185636796));
#3589=CARTESIAN_POINT('Ctrl Pts',(13.2492501578261,7.1860963705438,474.150548012582));
#3590=CARTESIAN_POINT('Ctrl Pts',(14.2712920178641,4.84906046394405,474.057910388368));
#3591=CARTESIAN_POINT('Ctrl Pts',(14.6719336217579,2.40994777309978,473.965272764155));
#3592=CARTESIAN_POINT('Ctrl Pts',(15.0725752256515,-0.0291649177435155,
473.872635139941));
#3593=CARTESIAN_POINT('Ctrl Pts',(14.8518165734014,-2.57035439283126,473.779997515728));
#3594=CARTESIAN_POINT('Ctrl Pts',(14.036580975844,-4.90384966798004,473.687359891514));
#3595=CARTESIAN_POINT('Ctrl Pts',(13.2213453782858,-7.23734494313081,473.5947222673));
#3596=CARTESIAN_POINT('Ctrl Pts',(11.8116328354191,-9.36314601834227,473.502084643086));
#3597=CARTESIAN_POINT('Ctrl Pts',(9.97927265406737,-11.0221364050644,473.409447018873));
#3598=CARTESIAN_POINT('Ctrl Pts',(8.14691247271718,-12.6811267917851,473.316809394659));
#3599=CARTESIAN_POINT('Ctrl Pts',(5.89190465288282,-13.8733064900174,473.224171770445));
#3600=CARTESIAN_POINT('Ctrl Pts',(3.48912541067108,-14.4533521079331,473.131534146232));
#3601=CARTESIAN_POINT('Ctrl Pts',(1.08634616845948,-15.0333977258487,473.038896522018));
#3602=CARTESIAN_POINT('Ctrl Pts',(-1.46420449612955,-15.0013092634477,472.946258897805));
#3603=CARTESIAN_POINT('Ctrl Pts',(-3.85163023982757,-14.3609997328174,472.853621273591));
#3604=CARTESIAN_POINT('Ctrl Pts',(-6.23905598352572,-13.720690202187,472.760983649377));
#3605=CARTESIAN_POINT('Ctrl Pts',(-8.4633568063329,-12.4721596033273,472.668346025164));
#3606=CARTESIAN_POINT('Ctrl Pts',(-10.2534020307745,-10.7675960949252,472.57570840095));
#3607=CARTESIAN_POINT('Ctrl Pts',(-12.0434472552169,-9.06303258652244,472.483070776737));
#3608=CARTESIAN_POINT('Ctrl Pts',(-13.3992368812932,-6.90243616857667,472.390433152523));
#3609=CARTESIAN_POINT('Ctrl Pts',(-14.1555080683873,-4.54917190773145,472.297795528309));
#3610=CARTESIAN_POINT('Ctrl Pts',(-14.6268568329449,-3.08249140878403,472.240058792506));
#3611=CARTESIAN_POINT('Ctrl Pts',(-14.8653256032154,-1.54097003216509,472.182322056703));
#3612=CARTESIAN_POINT('Ctrl Pts',(-14.8662884641476,0.000260228800443296,
472.1245853209));
#3613=CARTESIAN_POINT('Ctrl Pts',(-14.8661055237899,0.000171533568003003,
471.625414679098));
#3614=CARTESIAN_POINT('Ctrl Pts',(-14.8655271719743,-1.42646348376013,471.678856625625));
#3615=CARTESIAN_POINT('Ctrl Pts',(-14.6617070198797,-2.85326028516182,471.732298572152));
#3616=CARTESIAN_POINT('Ctrl Pts',(-14.2569345351357,-4.22056793251023,471.785740518679));
#3617=CARTESIAN_POINT('Ctrl Pts',(-13.5552916540187,-6.59069365305034,471.878378142893));
#3618=CARTESIAN_POINT('Ctrl Pts',(-12.2498345582351,-8.78206854068263,471.971015767107));
#3619=CARTESIAN_POINT('Ctrl Pts',(-10.4996912143052,-10.5275761858618,472.063653391321));
#3620=CARTESIAN_POINT('Ctrl Pts',(-8.74954787037853,-12.2730838310377,472.156291015534));
#3621=CARTESIAN_POINT('Ctrl Pts',(-6.55471827830727,-13.5727242337623,472.248928639748));
#3622=CARTESIAN_POINT('Ctrl Pts',(-4.18273994928534,-14.2680784474544,472.341566263961));
#3623=CARTESIAN_POINT('Ctrl Pts',(-1.81076162026125,-14.9634326611472,472.434203888175));
#3624=CARTESIAN_POINT('Ctrl Pts',(0.738365445713927,-15.0545006858066,472.526841512388));
#3625=CARTESIAN_POINT('Ctrl Pts',(3.15391680994878,-14.5301818525773,472.619479136602));
#3626=CARTESIAN_POINT('Ctrl Pts',(5.56946817418252,-14.0058630193483,472.712116760816));
#3627=CARTESIAN_POINT('Ctrl Pts',(7.85144383667617,-12.8661573282313,472.80475438503));
#3628=CARTESIAN_POINT('Ctrl Pts',(9.72168370261294,-11.2499885305677,472.897392009243));
#3629=CARTESIAN_POINT('Ctrl Pts',(11.5919235685506,-9.63381973290339,472.990029633457));
#3630=CARTESIAN_POINT('Ctrl Pts',(13.050427637931,-7.54118782869202,473.082667257671));
#3631=CARTESIAN_POINT('Ctrl Pts',(13.9194122729064,-5.22717308307995,473.175304881884));
#3632=CARTESIAN_POINT('Ctrl Pts',(14.7883969078814,-2.9131583374688,473.267942506098));
#3633=CARTESIAN_POINT('Ctrl Pts',(15.067862108452,-0.377760750457442,473.360580130311));
#3634=CARTESIAN_POINT('Ctrl Pts',(14.7237428309178,2.06996895938986,473.453217754525));
#3635=CARTESIAN_POINT('Ctrl Pts',(14.3796235533836,4.51769866923703,473.545855378739));
#3636=CARTESIAN_POINT('Ctrl Pts',(13.4119197977446,6.87776050191984,473.638493002952));
#3637=CARTESIAN_POINT('Ctrl Pts',(11.9385888369284,8.8624757357051,473.731130627166));
#3638=CARTESIAN_POINT('Ctrl Pts',(10.4652578761121,10.8471909694904,473.823768251379));
#3639=CARTESIAN_POINT('Ctrl Pts',(8.48629971011842,12.4565596043781,473.916405875593));
#3640=CARTESIAN_POINT('Ctrl Pts',(6.24293923068618,13.4944091875344,474.009043499806));
#3641=CARTESIAN_POINT('Ctrl Pts',(3.99957875125189,14.5322587706915,474.10168112402));
#3642=CARTESIAN_POINT('Ctrl Pts',(1.49181595837844,14.9985893021161,474.194318748234));
#3643=CARTESIAN_POINT('Ctrl Pts',(-0.97466865586374,14.8365563731722,474.286956372447));
#3644=CARTESIAN_POINT('Ctrl Pts',(-3.44115327010367,14.6745234442284,474.379593996661));
#3645=CARTESIAN_POINT('Ctrl Pts',(-5.86635970571248,13.8841270549173,474.472231620875));
#3646=CARTESIAN_POINT('Ctrl Pts',(-7.95466497051748,12.5617148332144,474.564869245089));
#3647=CARTESIAN_POINT('Ctrl Pts',(-10.0429702353234,11.2393026115109,474.657506869302));
#3648=CARTESIAN_POINT('Ctrl Pts',(-11.7943743293253,9.38487455741499,474.750144493516));
#3649=CARTESIAN_POINT('Ctrl Pts',(-12.995398701225,7.22446956075271,474.842782117729));
#3650=CARTESIAN_POINT('Ctrl Pts',(-14.1964230731247,5.06406456409042,474.935419741943));
#3651=CARTESIAN_POINT('Ctrl Pts',(-14.8470677229221,2.59768262486171,475.028057366157));
#3652=CARTESIAN_POINT('Ctrl Pts',(-14.8680064472962,0.125973498519524,475.12069499037));
#3653=CARTESIAN_POINT('Ctrl Pts',(-14.868362041697,0.0839974015116263,475.122268219946));
#3654=CARTESIAN_POINT('Ctrl Pts',(-14.8685360229994,0.0420197680929727,
475.123841449522));
#3655=CARTESIAN_POINT('Ctrl Pts',(-14.8685287548216,4.20770184030967E-5,
475.125414679098));
#3656=CARTESIAN_POINT('Origin',(0.,0.,-483.969992452873));
#3657=CARTESIAN_POINT('',(-12.8651678945145,0.000225199603614241,473.280007547129));
#3658=CARTESIAN_POINT('',(-12.8671066242603,3.64127822843549E-5,473.969992452895));
#3659=CARTESIAN_POINT('',(-12.866,-2.94682877995754E-10,-483.969992452873));
#3660=CARTESIAN_POINT('',(6.04093457216879,11.3602108708482,475.63275));
#3661=CARTESIAN_POINT('Ctrl Pts',(-12.8651678945145,0.000225199603614279,
473.280007547129));
#3662=CARTESIAN_POINT('Ctrl Pts',(-12.8643346422815,-1.33354321998525,473.337744282927));
#3663=CARTESIAN_POINT('Ctrl Pts',(-12.3268500985698,-4.80797684378812,473.48811864294));
#3664=CARTESIAN_POINT('Ctrl Pts',(-9.24901397743941,-9.7128393463416,473.731130627166));
#3665=CARTESIAN_POINT('Ctrl Pts',(-3.47433721079612,-12.9542447208748,474.009043499807));
#3666=CARTESIAN_POINT('Ctrl Pts',(3.1473416169508,-13.0375520219192,474.286956372447));
#3667=CARTESIAN_POINT('Ctrl Pts',(9.00173915717196,-9.94244351209613,474.564869245089));
#3668=CARTESIAN_POINT('Ctrl Pts',(12.6616012519958,-4.4234894418324,474.842782117729));
#3669=CARTESIAN_POINT('Ctrl Pts',(13.2347296018418,2.17388608891454,475.120694990371));
#3670=CARTESIAN_POINT('Ctrl Pts',(10.7206307043286,7.92271069768676,475.384017617794));
#3671=CARTESIAN_POINT('Ctrl Pts',(7.63150683558495,10.512374139029,475.554702621004));
#3672=CARTESIAN_POINT('Ctrl Pts',(6.04093457216879,11.3602108708482,475.63275));
#3673=CARTESIAN_POINT('',(12.7085273921123,-2.00681028598389,475.63275));
#3674=CARTESIAN_POINT('Origin',(0.,0.,475.63275));
#3675=CARTESIAN_POINT('Ctrl Pts',(-12.8671066242603,3.64127822839516E-5,
473.969992452895));
#3676=CARTESIAN_POINT('Ctrl Pts',(-12.8667425457739,-2.1027150917994,474.061056847529));
#3677=CARTESIAN_POINT('Ctrl Pts',(-11.8058564283029,-6.34488249821343,474.244758866376));
#3678=CARTESIAN_POINT('Ctrl Pts',(-7.36648258239186,-11.2080396157757,474.521098509437));
#3679=CARTESIAN_POINT('Ctrl Pts',(-1.10572661646833,-13.3663162803017,474.799011382077));
#3680=CARTESIAN_POINT('Ctrl Pts',(5.42409017471354,-12.2663876453885,475.076924254719));
#3681=CARTESIAN_POINT('Ctrl Pts',(10.6325957839684,-8.1753114556989,475.354837127359));
#3682=CARTESIAN_POINT('Ctrl Pts',(12.3747894751411,-4.12027237516978,475.540112375786));
#3683=CARTESIAN_POINT('Ctrl Pts',(12.7085273921123,-2.00681028598389,475.63275));
#3684=CARTESIAN_POINT('Origin',(0.,0.,-483.969992452873));
#3685=CARTESIAN_POINT('',(-12.8660990684897,-0.000331051758431773,469.780007547128));
#3686=CARTESIAN_POINT('',(-12.8650095793828,0.000148443457236858,470.469992452895));
#3687=CARTESIAN_POINT('',(-12.866,-2.94682877995754E-10,-483.969992452873));
#3688=CARTESIAN_POINT('Ctrl Pts',(-12.8660990684897,-0.000331051758431773,
469.780007547128));
#3689=CARTESIAN_POINT('Ctrl Pts',(-12.8665790641082,-0.464891917788309,
469.800121834817));
#3690=CARTESIAN_POINT('Ctrl Pts',(-12.8419053799646,-0.929402066018121,
469.820236122505));
#3691=CARTESIAN_POINT('Ctrl Pts',(-12.791690594512,-1.39113454322436,469.840350410193));
#3692=CARTESIAN_POINT('Ctrl Pts',(-12.5604232239322,-3.51767267243187,469.932988034407));
#3693=CARTESIAN_POINT('Ctrl Pts',(-11.7873981166376,-5.58529303028301,470.025625658621));
#3694=CARTESIAN_POINT('Ctrl Pts',(-10.5668427347803,-7.34196419231267,470.118263282834));
#3695=CARTESIAN_POINT('Ctrl Pts',(-9.34628735292301,-9.09863535434233,470.210900907048));
#3696=CARTESIAN_POINT('Ctrl Pts',(-7.6782016965032,-10.5443573205501,470.303538531261));
#3697=CARTESIAN_POINT('Ctrl Pts',(-5.76591613149077,-11.5029046222266,470.396176155475));
#3698=CARTESIAN_POINT('Ctrl Pts',(-3.85363056647835,-12.461451923903,470.488813779688));
#3699=CARTESIAN_POINT('Ctrl Pts',(-1.6971450928738,-12.9328245610478,470.581451403902));
#3700=CARTESIAN_POINT('Ctrl Pts',(0.440676701248244,-12.8595648304029,470.674089028116));
#3701=CARTESIAN_POINT('Ctrl Pts',(2.57849849537029,-12.7863050997579,470.76672665233));
#3702=CARTESIAN_POINT('Ctrl Pts',(4.69765661000923,-12.1684130013232,470.859364276543));
#3703=CARTESIAN_POINT('Ctrl Pts',(6.53983745493247,-11.0812061458374,470.952001900757));
#3704=CARTESIAN_POINT('Ctrl Pts',(8.38201829985486,-9.99399929035199,471.04463952497));
#3705=CARTESIAN_POINT('Ctrl Pts',(9.94722187506122,-8.43747767781625,471.137277149184));
#3706=CARTESIAN_POINT('Ctrl Pts',(11.0446585676655,-6.60137263814527,471.229914773398));
#3707=CARTESIAN_POINT('Ctrl Pts',(12.1420952602697,-4.76526759847429,471.322552397611));
#3708=CARTESIAN_POINT('Ctrl Pts',(12.7717650702715,-2.64957913166874,471.415190021825));
#3709=CARTESIAN_POINT('Ctrl Pts',(12.8569147501392,-0.51219789642167,471.507827646038));
#3710=CARTESIAN_POINT('Ctrl Pts',(12.9420644300069,1.6251833388254,471.600465270252));
#3711=CARTESIAN_POINT('Ctrl Pts',(12.4826939797397,3.784257342516,471.693102894466));
#3712=CARTESIAN_POINT('Ctrl Pts',(11.5347981008263,5.70184499720838,471.785740518679));
#3713=CARTESIAN_POINT('Ctrl Pts',(10.5869022219124,7.61943265190165,471.878378142893));
#3714=CARTESIAN_POINT('Ctrl Pts',(9.15048091435174,9.29553395759872,471.971015767107));
#3715=CARTESIAN_POINT('Ctrl Pts',(7.40062595244079,10.5258414894317,472.06365339132));
#3716=CARTESIAN_POINT('Ctrl Pts',(5.65077099052984,11.7561490212647,472.156291015534));
#3717=CARTESIAN_POINT('Ctrl Pts',(3.58748237427189,12.5406627792325,472.248928639748));
#3718=CARTESIAN_POINT('Ctrl Pts',(1.46226350424459,12.7837548898458,472.341566263961));
#3719=CARTESIAN_POINT('Ctrl Pts',(-0.66295536578271,13.0268470004591,472.434203888175));
#3720=CARTESIAN_POINT('Ctrl Pts',(-2.85010448957939,12.7285174637161,472.526841512389));
#3721=CARTESIAN_POINT('Ctrl Pts',(-4.8325825327837,11.9251310092843,472.619479136602));
#3722=CARTESIAN_POINT('Ctrl Pts',(-6.81506057598711,11.1217445548529,472.712116760816));
#3723=CARTESIAN_POINT('Ctrl Pts',(-8.59286753860093,9.81330118273323,472.80475438503));
#3724=CARTESIAN_POINT('Ctrl Pts',(-9.94929867451079,8.1592928271287,472.897392009243));
#3725=CARTESIAN_POINT('Ctrl Pts',(-11.3057298104207,6.50528447152417,472.990029633457));
#3726=CARTESIAN_POINT('Ctrl Pts',(-12.2407851196262,4.50571113243514,473.08266725767));
#3727=CARTESIAN_POINT('Ctrl Pts',(-12.6404864829746,2.40430975785893,473.175304881884));
#3728=CARTESIAN_POINT('Ctrl Pts',(-12.7910725196949,1.61261442335952,473.210205770299));
#3729=CARTESIAN_POINT('Ctrl Pts',(-12.8656715815139,0.806465838937089,473.245106658714));
#3730=CARTESIAN_POINT('Ctrl Pts',(-12.8651678945145,0.000225199603614241,
473.280007547129));
#3731=CARTESIAN_POINT('Ctrl Pts',(-12.8650095793828,0.000148443457236927,
470.469992452895));
#3732=CARTESIAN_POINT('Ctrl Pts',(-12.8645090782865,-1.23445016297792,470.523434399418));
#3733=CARTESIAN_POINT('Ctrl Pts',(-12.3823756544684,-4.60951597375332,470.669513970155));
#3734=CARTESIAN_POINT('Ctrl Pts',(-9.47117728103675,-9.49633073696064,470.908231165105));
#3735=CARTESIAN_POINT('Ctrl Pts',(-3.77301302100423,-12.8704261657818,471.186144037746));
#3736=CARTESIAN_POINT('Ctrl Pts',(2.84496989395895,-13.1068548002305,471.464056910387));
#3737=CARTESIAN_POINT('Ctrl Pts',(8.76938070435275,-10.1479780566491,471.741969783027));
#3738=CARTESIAN_POINT('Ctrl Pts',(12.5559141970758,-4.71513699734688,472.019882655669));
#3739=CARTESIAN_POINT('Ctrl Pts',(13.2814550880491,1.86720177166026,472.297795528309));
#3740=CARTESIAN_POINT('Ctrl Pts',(10.7691256686583,7.99433803544735,472.57570840095));
#3741=CARTESIAN_POINT('Ctrl Pts',(5.63140165841793,12.1725425163819,472.853621273591));
#3742=CARTESIAN_POINT('Ctrl Pts',(-0.879192316885145,13.3832187242619,473.131534146232));
#3743=CARTESIAN_POINT('Ctrl Pts',(-7.1754554456791,11.3312104621471,473.409447018873));
#3744=CARTESIAN_POINT('Ctrl Pts',(-11.7224089992989,6.51678855949596,473.687359891514));
#3745=CARTESIAN_POINT('Ctrl Pts',(-12.8580966979031,2.21176641054154,473.874208369521));
#3746=CARTESIAN_POINT('Ctrl Pts',(-12.8671129140846,0.0363635731400687,
473.968419223315));
#3747=CARTESIAN_POINT('Ctrl Pts',(-12.8671066242603,3.64127822839516E-5,
473.969992452895));
#3748=CARTESIAN_POINT('Origin',(0.,0.,-483.969992452873));
#3749=CARTESIAN_POINT('',(-12.866289744091,0.000317221839880889,466.280007547129));
#3750=CARTESIAN_POINT('',(-12.8664110588215,-0.000302751554864811,466.969992452895));
#3751=CARTESIAN_POINT('',(-12.866,-2.94682877995754E-10,-483.969992452873));
#3752=CARTESIAN_POINT('Ctrl Pts',(-12.866289744091,0.000317221839880889,
466.280007547129));
#3753=CARTESIAN_POINT('Ctrl Pts',(-12.8645145104234,-1.73480355625806,466.35513701092));
#3754=CARTESIAN_POINT('Ctrl Pts',(-12.5110707205367,-3.47062552534568,466.430266474711));
#3755=CARTESIAN_POINT('Ctrl Pts',(-11.8281391136556,-5.06534586094639,466.505395938502));
#3756=CARTESIAN_POINT('Ctrl Pts',(-10.986057214367,-7.0316996151234,466.598033562716));
#3757=CARTESIAN_POINT('Ctrl Pts',(-9.64302621626266,-8.78352423501769,466.69067118693));
#3758=CARTESIAN_POINT('Ctrl Pts',(-7.96275413000529,-10.1072820405923,466.783308811143));
#3759=CARTESIAN_POINT('Ctrl Pts',(-6.28248204374792,-11.431039846167,466.875946435357));
#3760=CARTESIAN_POINT('Ctrl Pts',(-4.26496886933713,-12.3267308374223,466.96858405957));
#3761=CARTESIAN_POINT('Ctrl Pts',(-2.15613824422796,-12.6851752630689,467.061221683784));
#3762=CARTESIAN_POINT('Ctrl Pts',(-0.0473076191178257,-13.0436196887156,
467.153859307997));
#3763=CARTESIAN_POINT('Ctrl Pts',(2.15284045669134,-12.8648175487532,467.246496932211));
#3764=CARTESIAN_POINT('Ctrl Pts',(4.17612016681626,-12.1705638298029,467.339134556425));
#3765=CARTESIAN_POINT('Ctrl Pts',(6.19939987694119,-11.4763101108526,467.431772180639));
#3766=CARTESIAN_POINT('Ctrl Pts',(8.04581122138247,-10.2666048129142,467.524409804852));
#3767=CARTESIAN_POINT('Ctrl Pts',(9.49028692433588,-8.688904285166,467.617047429066));
#3768=CARTESIAN_POINT('Ctrl Pts',(10.9347626272893,-7.11120375741785,467.709685053279));
#3769=CARTESIAN_POINT('Ctrl Pts',(11.9773026887541,-5.1655079998623,467.802322677493));
#3770=CARTESIAN_POINT('Ctrl Pts',(12.4908272723481,-3.08898650618001,467.894960301707));
#3771=CARTESIAN_POINT('Ctrl Pts',(13.0043518559419,-1.01246501249866,467.98759792592));
#3772=CARTESIAN_POINT('Ctrl Pts',(12.9888609616638,1.19488221730706,468.080235550134));
#3773=CARTESIAN_POINT('Ctrl Pts',(12.4462428433885,3.26399183001364,468.172873174348));
#3774=CARTESIAN_POINT('Ctrl Pts',(11.9036247251128,5.33310144272211,468.265510798561));
#3775=CARTESIAN_POINT('Ctrl Pts',(10.8338793828386,7.26397343833183,468.358148422775));
#3776=CARTESIAN_POINT('Ctrl Pts',(9.3674028254048,8.82124525730907,468.450786046989));
#3777=CARTESIAN_POINT('Ctrl Pts',(7.9009262679723,10.3785170762849,468.543423671202));
#3778=CARTESIAN_POINT('Ctrl Pts',(6.03771849538036,11.5621887186295,468.636061295416));
#3779=CARTESIAN_POINT('Ctrl Pts',(4.00489417462777,12.2279771930203,468.728698919629));
#3780=CARTESIAN_POINT('Ctrl Pts',(1.97206985387424,12.8937656674114,468.821336543843));
#3781=CARTESIAN_POINT('Ctrl Pts',(-0.230371015040698,13.0416709738485,468.913974168057));
#3782=CARTESIAN_POINT('Ctrl Pts',(-2.33396313700489,12.653664277912,469.006611792271));
#3783=CARTESIAN_POINT('Ctrl Pts',(-4.43755525896812,12.2656575819756,469.099249416484));
#3784=CARTESIAN_POINT('Ctrl Pts',(-6.44229863398126,11.341738883666,469.191887040698));
#3785=CARTESIAN_POINT('Ctrl Pts',(-8.10382619212558,9.99452873480353,469.284524664911));
#3786=CARTESIAN_POINT('Ctrl Pts',(-9.76535375027141,8.64731858593986,469.377162289125));
#3787=CARTESIAN_POINT('Ctrl Pts',(-11.0836654915482,6.87681698652223,469.469799913339));
#3788=CARTESIAN_POINT('Ctrl Pts',(-11.8980665452534,4.89883823653114,469.562437537553));
#3789=CARTESIAN_POINT('Ctrl Pts',(-12.5356377501051,3.35033545762944,469.634960874078));
#3790=CARTESIAN_POINT('Ctrl Pts',(-12.8643684139264,1.67467253504525,469.707484210603));
#3791=CARTESIAN_POINT('Ctrl Pts',(-12.8660990684897,-0.000331051758431773,
469.780007547128));
#3792=CARTESIAN_POINT('Ctrl Pts',(-12.8664110588215,-0.000302751554864811,
466.969992452895));
#3793=CARTESIAN_POINT('Ctrl Pts',(-12.8667763239935,-0.365645356641289,
466.985811951307));
#3794=CARTESIAN_POINT('Ctrl Pts',(-12.8515266866219,-0.730957565641232,
467.00163144972));
#3795=CARTESIAN_POINT('Ctrl Pts',(-12.8204430430446,-1.0949174867194,467.017450948132));
#3796=CARTESIAN_POINT('Ctrl Pts',(-12.6384198955456,-3.22623552970734,467.110088572346));
#3797=CARTESIAN_POINT('Ctrl Pts',(-11.9134212785229,-5.31118128006492,467.202726196559));
#3798=CARTESIAN_POINT('Ctrl Pts',(-10.7338204919917,-7.09561144429279,467.295363820773));
#3799=CARTESIAN_POINT('Ctrl Pts',(-9.55421970546046,-8.88004160852066,467.388001444987));
#3800=CARTESIAN_POINT('Ctrl Pts',(-7.92001674942103,-10.3639561866184,467.4806390692));
#3801=CARTESIAN_POINT('Ctrl Pts',(-6.03041187712895,-11.3664742429151,467.573276693414));
#3802=CARTESIAN_POINT('Ctrl Pts',(-4.14080700483602,-12.3689922992123,467.665914317627));
#3803=CARTESIAN_POINT('Ctrl Pts',(-1.99580021629068,-12.8901138337077,467.758551941841));
#3804=CARTESIAN_POINT('Ctrl Pts',(0.143144088427559,-12.8663170290737,467.851189566055));
#3805=CARTESIAN_POINT('Ctrl Pts',(2.2820883931458,-12.8425202244396,467.943827190268));
#3806=CARTESIAN_POINT('Ctrl Pts',(4.41497021403634,-12.2738050806761,468.036464814482));
#3807=CARTESIAN_POINT('Ctrl Pts',(6.28180311715007,-11.2294948114346,468.129102438696));
#3808=CARTESIAN_POINT('Ctrl Pts',(8.14863602026295,-10.1851845421937,468.221740062909));
#3809=CARTESIAN_POINT('Ctrl Pts',(9.74942000559869,-8.66527914747559,468.314377687123));
#3810=CARTESIAN_POINT('Ctrl Pts',(10.8890284066103,-6.85504664336354,468.407015311337));
#3811=CARTESIAN_POINT('Ctrl Pts',(12.028636807622,-5.04481413925148,468.49965293555));
#3812=CARTESIAN_POINT('Ctrl Pts',(12.7070696243092,-2.94425452574611,468.592290559764));
#3813=CARTESIAN_POINT('Ctrl Pts',(12.8416296687705,-0.809414339452501,468.684928183977));
#3814=CARTESIAN_POINT('Ctrl Pts',(12.9761897132319,1.32542584684111,468.777565808191));
#3815=CARTESIAN_POINT('Ctrl Pts',(12.5668769854666,3.49454660592498,468.870203432405));
#3816=CARTESIAN_POINT('Ctrl Pts',(11.6635844310121,5.43354417881302,468.962841056619));
#3817=CARTESIAN_POINT('Ctrl Pts',(10.7602918765572,7.37254175170194,469.055478680832));
#3818=CARTESIAN_POINT('Ctrl Pts',(9.36301949541262,9.08141613839707,469.148116305046));
#3819=CARTESIAN_POINT('Ctrl Pts',(7.64208702115761,10.3518650534171,469.240753929259));
#3820=CARTESIAN_POINT('Ctrl Pts',(5.92115454690338,11.6223139684367,469.333391553473));
#3821=CARTESIAN_POINT('Ctrl Pts',(3.87656197953957,12.4543374117811,469.426029177687));
#3822=CARTESIAN_POINT('Ctrl Pts',(1.75753378407445,12.7465163523167,469.5186668019));
#3823=CARTESIAN_POINT('Ctrl Pts',(-0.361494411392609,13.0386952928525,469.611304426114));
#3824=CARTESIAN_POINT('Ctrl Pts',(-2.55495823496052,12.7910297305784,469.703942050327));
#3825=CARTESIAN_POINT('Ctrl Pts',(-4.55548664369505,12.0337087201858,469.796579674541));
#3826=CARTESIAN_POINT('Ctrl Pts',(-6.55601505242776,11.276387709794,469.889217298755));
#3827=CARTESIAN_POINT('Ctrl Pts',(-8.36360804632695,10.0094112512849,469.981854922968));
#3828=CARTESIAN_POINT('Ctrl Pts',(-9.75793009011548,8.38721673024213,470.074492547182));
#3829=CARTESIAN_POINT('Ctrl Pts',(-11.152252133904,6.7650222091994,470.167130171396));
#3830=CARTESIAN_POINT('Ctrl Pts',(-12.1333032275815,4.78760962562343,470.259767795609));
#3831=CARTESIAN_POINT('Ctrl Pts',(-12.5814986991657,2.69601457711803,470.352405419823));
#3832=CARTESIAN_POINT('Ctrl Pts',(-12.7711335845134,1.81104493247771,470.391601097514));
#3833=CARTESIAN_POINT('Ctrl Pts',(-12.8653766595685,0.905634343646107,470.430796775204));
#3834=CARTESIAN_POINT('Ctrl Pts',(-12.8650095793828,0.000148443457236858,
470.469992452895));
#3835=CARTESIAN_POINT('Origin',(0.,0.,-483.969992452873));
#3836=CARTESIAN_POINT('',(-12.8650637758063,-0.000180281104427774,462.780007547128));
#3837=CARTESIAN_POINT('',(-12.8659755842234,0.000334460429620986,463.469992452895));
#3838=CARTESIAN_POINT('',(-12.866,-2.94682877995754E-10,-483.969992452873));
#3839=CARTESIAN_POINT('Ctrl Pts',(-12.8650637758063,-0.000180281104427774,
462.780007547128));
#3840=CARTESIAN_POINT('Ctrl Pts',(-12.8654926343405,-0.866644804066805,
462.817514562809));
#3841=CARTESIAN_POINT('Ctrl Pts',(-12.7792526948135,-1.73302511897212,462.85502157849));
#3842=CARTESIAN_POINT('Ctrl Pts',(-12.6054967784719,-2.58148301387618,462.89252859417));
#3843=CARTESIAN_POINT('Ctrl Pts',(-12.1763414593719,-4.67706759192699,462.985166218384));
#3844=CARTESIAN_POINT('Ctrl Pts',(-11.2133141431116,-6.66332038270462,463.077803842598));
#3845=CARTESIAN_POINT('Ctrl Pts',(-9.8338025045702,-8.29812821569452,463.170441466812));
#3846=CARTESIAN_POINT('Ctrl Pts',(-8.4542908660282,-9.93293604868517,463.263079091025));
#3847=CARTESIAN_POINT('Ctrl Pts',(-6.6582949052051,-11.2162989238874,463.355716715239));
#3848=CARTESIAN_POINT('Ctrl Pts',(-4.664736542979,-11.9917820430324,463.448354339452));
#3849=CARTESIAN_POINT('Ctrl Pts',(-2.6711781807538,-12.767265162177,463.540991963666));
#3850=CARTESIAN_POINT('Ctrl Pts',(-0.480057417126306,-13.0348685252646,
463.63362958788));
#3851=CARTESIAN_POINT('Ctrl Pts',(1.64154031067964,-12.76197277036,463.726267212093));
#3852=CARTESIAN_POINT('Ctrl Pts',(3.76313803848656,-12.4890770154553,463.818904836307));
#3853=CARTESIAN_POINT('Ctrl Pts',(5.81521273047124,-11.6756821425578,463.91154246052));
#3854=CARTESIAN_POINT('Ctrl Pts',(7.54762789236869,-10.4209364637414,464.004180084734));
#3855=CARTESIAN_POINT('Ctrl Pts',(9.28004305426535,-9.16619078492558,464.096817708948));
#3856=CARTESIAN_POINT('Ctrl Pts',(10.6927986860745,-7.47009430019169,464.189455333161));
#3857=CARTESIAN_POINT('Ctrl Pts',(11.6136877319937,-5.53939173977941,464.282092957375));
#3858=CARTESIAN_POINT('Ctrl Pts',(12.5345767779128,-3.60868917936713,464.374730581588));
#3859=CARTESIAN_POINT('Ctrl Pts',(12.963599237942,-1.44338054327421,464.467368205802));
#3860=CARTESIAN_POINT('Ctrl Pts',(12.8484596598085,0.6925950860867,464.560005830016));
#3861=CARTESIAN_POINT('Ctrl Pts',(12.7333200816749,2.82857071544858,464.65264345423));
#3862=CARTESIAN_POINT('Ctrl Pts',(12.0740184653789,4.93521333808045,464.745281078443));
#3863=CARTESIAN_POINT('Ctrl Pts',(10.9509200118597,6.75573493239988,464.837918702657));
#3864=CARTESIAN_POINT('Ctrl Pts',(9.82782155834047,8.57625652671932,464.930556326871));
#3865=CARTESIAN_POINT('Ctrl Pts',(8.24092626760062,10.1106570927238,465.023193951084));
#3866=CARTESIAN_POINT('Ctrl Pts',(6.38366785154833,11.1719017335503,465.115831575298));
#3867=CARTESIAN_POINT('Ctrl Pts',(4.52640943549603,12.2331463743768,465.208469199511));
#3868=CARTESIAN_POINT('Ctrl Pts',(2.39878789413332,12.821235090023,465.301106823725));
#3869=CARTESIAN_POINT('Ctrl Pts',(0.260148462582084,12.8644831361549,465.393744447939));
#3870=CARTESIAN_POINT('Ctrl Pts',(-1.87849096896818,12.9077311822867,465.486382072152));
#3871=CARTESIAN_POINT('Ctrl Pts',(-4.0281482907097,12.406138558904,465.579019696366));
#3872=CARTESIAN_POINT('Ctrl Pts',(-5.92679222841867,11.4208466176616,465.67165732058));
#3873=CARTESIAN_POINT('Ctrl Pts',(-7.82543616612764,10.4355546764192,465.764294944793));
#3874=CARTESIAN_POINT('Ctrl Pts',(-9.47306671980661,8.96656341731689,465.856932569007));
#3875=CARTESIAN_POINT('Ctrl Pts',(-10.6688468867135,7.19293470642267,465.949570193221));
#3876=CARTESIAN_POINT('Ctrl Pts',(-11.8646270536215,5.41930599552683,466.042207817434));
#3877=CARTESIAN_POINT('Ctrl Pts',(-12.6085568337564,3.34103983283894,466.134845441648));
#3878=CARTESIAN_POINT('Ctrl Pts',(-12.8099553235869,1.21146530726381,466.227483065862));
#3879=CARTESIAN_POINT('Ctrl Pts',(-12.8480188760442,0.808983780544318,466.244991226284));
#3880=CARTESIAN_POINT('Ctrl Pts',(-12.8667034443128,0.40466954118524,466.262499386706));
#3881=CARTESIAN_POINT('Ctrl Pts',(-12.866289744091,0.000317221839880889,
466.280007547129));
#3882=CARTESIAN_POINT('Ctrl Pts',(-12.8659755842234,0.000334460429620986,
463.469992452895));
#3883=CARTESIAN_POINT('Ctrl Pts',(-12.8643000777343,-1.63571288297637,463.54082712741));
#3884=CARTESIAN_POINT('Ctrl Pts',(-12.5510714227895,-3.27238338745789,463.611661801926));
#3885=CARTESIAN_POINT('Ctrl Pts',(-11.9421260914455,-4.79043093454993,463.682496476441));
#3886=CARTESIAN_POINT('Ctrl Pts',(-11.145747070049,-6.77573430705158,463.775134100655));
#3887=CARTESIAN_POINT('Ctrl Pts',(-9.84359133720525,-8.5581518294174,463.867771724868));
#3888=CARTESIAN_POINT('Ctrl Pts',(-8.19438443603058,-9.92041671691346,463.960409349082));
#3889=CARTESIAN_POINT('Ctrl Pts',(-6.54517753485366,-11.2826816044114,464.053046973296));
#3890=CARTESIAN_POINT('Ctrl Pts',(-4.54891946534487,-12.2247938570383,464.14568459751));
#3891=CARTESIAN_POINT('Ctrl Pts',(-2.44894298586199,-12.6319152298721,464.238322221723));
#3892=CARTESIAN_POINT('Ctrl Pts',(-0.348966506381029,-13.0390366027054,
464.330959845937));
#3893=CARTESIAN_POINT('Ctrl Pts',(1.85472838307383,-12.9111670957465,464.42359747015));
#3894=CARTESIAN_POINT('Ctrl Pts',(3.89352352925902,-12.2638932908674,464.516235094364));
#3895=CARTESIAN_POINT('Ctrl Pts',(5.93231867544514,-11.616619485988,464.608872718577));
#3896=CARTESIAN_POINT('Ctrl Pts',(7.80621407836144,-10.4499413831879,464.701510342791));
#3897=CARTESIAN_POINT('Ctrl Pts',(9.28679230830287,-8.9060705558132,464.794147967005));
#3898=CARTESIAN_POINT('Ctrl Pts',(10.7673705382443,-7.3621997284385,464.886785591219));
#3899=CARTESIAN_POINT('Ctrl Pts',(11.8546315952109,-5.44113617648921,464.979423215432));
#3900=CARTESIAN_POINT('Ctrl Pts',(12.4160444021402,-3.3770468647561,465.072060839646));
#3901=CARTESIAN_POINT('Ctrl Pts',(12.9774572090693,-1.31295755302393,465.16469846386));
#3902=CARTESIAN_POINT('Ctrl Pts',(13.0130217659616,0.894157518491927,465.257336088073));
#3903=CARTESIAN_POINT('Ctrl Pts',(12.518402951091,2.97526329537279,465.349973712287));
#3904=CARTESIAN_POINT('Ctrl Pts',(12.0237841362201,5.05636907225461,465.4426113365));
#3905=CARTESIAN_POINT('Ctrl Pts',(10.9989819495857,7.01146555450132,465.535248960714));
#3906=CARTESIAN_POINT('Ctrl Pts',(9.5689140792631,8.6022373523611,465.627886584928));
#3907=CARTESIAN_POINT('Ctrl Pts',(8.13884620894047,10.1930091502209,465.720524209141));
#3908=CARTESIAN_POINT('Ctrl Pts',(6.30351265492959,11.4194562636937,465.813161833355));
#3909=CARTESIAN_POINT('Ctrl Pts',(4.28663037197946,12.1320816093818,465.905799457569));
#3910=CARTESIAN_POINT('Ctrl Pts',(2.26974808902933,12.8447069550698,465.998437081782));
#3911=CARTESIAN_POINT('Ctrl Pts',(0.0713170771399396,13.0435105329731,466.091074705996));
#3912=CARTESIAN_POINT('Ctrl Pts',(-2.04068614785,12.7042592924046,466.18371233021));
#3913=CARTESIAN_POINT('Ctrl Pts',(-4.15268937283801,12.3650080518365,466.276349954423));
#3914=CARTESIAN_POINT('Ctrl Pts',(-6.17826481092674,11.4877019927977,466.368987578637));
#3915=CARTESIAN_POINT('Ctrl Pts',(-7.87050607955023,10.1792798455706,466.46162520285));
#3916=CARTESIAN_POINT('Ctrl Pts',(-9.56274734817527,8.87085769834226,466.554262827064));
#3917=CARTESIAN_POINT('Ctrl Pts',(-10.9216544473345,7.13131946292487,466.646900451278));
#3918=CARTESIAN_POINT('Ctrl Pts',(-11.7815841579266,5.17270517740666,466.739538075491));
#3919=CARTESIAN_POINT('Ctrl Pts',(-12.494665794563,3.5485586186197,466.816356201292));
#3920=CARTESIAN_POINT('Ctrl Pts',(-12.864637362513,1.77376956516275,466.893174327094));
#3921=CARTESIAN_POINT('Ctrl Pts',(-12.8664110588215,-0.000302751554864811,
466.969992452895));
#3922=CARTESIAN_POINT('Origin',(0.,0.,-483.969992452873));
#3923=CARTESIAN_POINT('',(-12.8671132289456,2.83575386483765E-6,459.280007547129));
#3924=CARTESIAN_POINT('',(-12.865247796894,-0.000250999274764574,459.969992452894));
#3925=CARTESIAN_POINT('',(-12.866,-2.94682877995754E-10,-483.969992452873));
#3926=CARTESIAN_POINT('Ctrl Pts',(-12.8671132039392,2.83569015876395E-6,
459.280007547128));
#3927=CARTESIAN_POINT('Ctrl Pts',(-12.8670850544055,-2.13640843607232,459.372529738912));
#3928=CARTESIAN_POINT('Ctrl Pts',(-12.3235445572705,-4.27283350237525,459.465051930696));
#3929=CARTESIAN_POINT('Ctrl Pts',(-11.3025088291642,-6.14946320825339,459.557574122479));
#3930=CARTESIAN_POINT('Ctrl Pts',(-10.2801992376433,-8.02843423271552,459.650211746693));
#3931=CARTESIAN_POINT('Ctrl Pts',(-8.77920220780841,-9.64696124119367,459.742849370907));
#3932=CARTESIAN_POINT('Ctrl Pts',(-6.98248093121069,-10.8077547912726,459.835486995121));
#3933=CARTESIAN_POINT('Ctrl Pts',(-5.1857596546146,-11.9685483413505,459.928124619334));
#3934=CARTESIAN_POINT('Ctrl Pts',(-3.09331413125583,-12.6716084330303,460.020762243548));
#3935=CARTESIAN_POINT('Ctrl Pts',(-0.960201835260248,-12.831235950545,460.113399867761));
#3936=CARTESIAN_POINT('Ctrl Pts',(1.17291046073533,-12.9908634680598,460.206037491975));
#3937=CARTESIAN_POINT('Ctrl Pts',(3.34668952936829,-12.6070584114094,460.298675116189));
#3938=CARTESIAN_POINT('Ctrl Pts',(5.29616378960391,-11.7266044828281,460.391312740402));
#3939=CARTESIAN_POINT('Ctrl Pts',(7.2456380498413,-10.8461505542461,460.483950364616));
#3940=CARTESIAN_POINT('Ctrl Pts',(8.97080750168152,-9.4690477537319,460.576587988829));
#3941=CARTESIAN_POINT('Ctrl Pts',(10.2613835818552,-7.76315725520417,460.669225613043));
#3942=CARTESIAN_POINT('Ctrl Pts',(11.5519596620277,-6.057266756678,460.761863237257));
#3943=CARTESIAN_POINT('Ctrl Pts',(12.4079423705349,-4.0225885601383,460.854500861471));
#3944=CARTESIAN_POINT('Ctrl Pts',(12.7249921749541,-1.90713862379071,460.947138485684));
#3945=CARTESIAN_POINT('Ctrl Pts',(13.0420419793733,0.208311312557845,461.039776109898));
#3946=CARTESIAN_POINT('Ctrl Pts',(12.8201588797047,2.40453298871227,461.132413734111));
#3947=CARTESIAN_POINT('Ctrl Pts',(12.0863891920026,4.41381919457967,461.225051358325));
#3948=CARTESIAN_POINT('Ctrl Pts',(11.3526195043008,6.42310540044616,461.317688982539));
#3949=CARTESIAN_POINT('Ctrl Pts',(10.1069632285659,8.24545613602357,461.410326606752));
#3950=CARTESIAN_POINT('Ctrl Pts',(8.50125893826197,9.65873697993779,461.502964230966));
#3951=CARTESIAN_POINT('Ctrl Pts',(6.89555464795803,11.072017823852,461.59560185518));
#3952=CARTESIAN_POINT('Ctrl Pts',(4.92980234308455,12.0762287761035,461.688239479393));
#3953=CARTESIAN_POINT('Ctrl Pts',(2.84361629891958,12.5489621055893,461.780877103607));
#3954=CARTESIAN_POINT('Ctrl Pts',(0.757430254752712,13.0216954350755,461.87351472782));
#3955=CARTESIAN_POINT('Ctrl Pts',(-1.44918952870649,12.9629511417951,461.966152352034));
#3956=CARTESIAN_POINT('Ctrl Pts',(-3.50726836989833,12.3798898284479,462.058789976248));
#3957=CARTESIAN_POINT('Ctrl Pts',(-5.5653472110883,11.7968285151012,462.151427600462));
#3958=CARTESIAN_POINT('Ctrl Pts',(-7.47488511001173,10.6894501816884,462.244065224675));
#3959=CARTESIAN_POINT('Ctrl Pts',(-9.00312001489234,9.1927380894074,462.336702848889));
#3960=CARTESIAN_POINT('Ctrl Pts',(-10.5313549197737,7.69602599712576,462.429340473102));
#3961=CARTESIAN_POINT('Ctrl Pts',(-11.6782868306122,5.80998014597527,462.521978097316));
#3962=CARTESIAN_POINT('Ctrl Pts',(-12.3041111250617,3.7644990377378,462.61461572153));
#3963=CARTESIAN_POINT('Ctrl Pts',(-12.6765523926415,2.54718998866611,462.669746330063));
#3964=CARTESIAN_POINT('Ctrl Pts',(-12.8644334075528,1.27341388671146,462.724876938596));
#3965=CARTESIAN_POINT('Ctrl Pts',(-12.8650637758063,-0.000180281104427774,
462.780007547128));
#3966=CARTESIAN_POINT('Ctrl Pts',(-12.865247796894,-0.000250999274764574,
459.969992452894));
#3967=CARTESIAN_POINT('Ctrl Pts',(-12.865786489379,-0.767468461155727,460.003204679299));
#3968=CARTESIAN_POINT('Ctrl Pts',(-12.7982718205393,-1.53459221085224,460.036416905705));
#3969=CARTESIAN_POINT('Ctrl Pts',(-12.6618292921432,-2.28925383024677,460.06962913211));
#3970=CARTESIAN_POINT('Ctrl Pts',(-12.2812552373306,-4.39420333448638,460.162266756323));
#3971=CARTESIAN_POINT('Ctrl Pts',(-11.3644233728732,-6.40219763451307,460.254904380537));
#3972=CARTESIAN_POINT('Ctrl Pts',(-10.0230904049485,-8.06847339072918,460.347542004751));
#3973=CARTESIAN_POINT('Ctrl Pts',(-8.68175743702449,-9.73474914694453,460.440179628964));
#3974=CARTESIAN_POINT('Ctrl Pts',(-6.91592336563357,-11.0593063593496,460.532817253178));
#3975=CARTESIAN_POINT('Ctrl Pts',(-4.94083354504935,-11.8806888690341,460.625454877391));
#3976=CARTESIAN_POINT('Ctrl Pts',(-2.96574372446424,-12.702071378719,460.718092501605));
#3977=CARTESIAN_POINT('Ctrl Pts',(-0.781398154685653,-13.0202791856828,
460.810730125818));
#3978=CARTESIAN_POINT('Ctrl Pts',(1.34594358551808,-12.7965245276707,460.903367750032));
#3979=CARTESIAN_POINT('Ctrl Pts',(3.4732853257218,-12.5727698696587,460.996005374246));
#3980=CARTESIAN_POINT('Ctrl Pts',(5.54362323635067,-11.8070527466707,461.08864299846));
#3981=CARTESIAN_POINT('Ctrl Pts',(7.3045946383401,-10.592709818182,461.181280622673));
#3982=CARTESIAN_POINT('Ctrl Pts',(9.06556604032873,-9.37836688969384,461.273918246887));
#3983=CARTESIAN_POINT('Ctrl Pts',(10.5171709336782,-7.71539815570535,461.3665558711));
#3984=CARTESIAN_POINT('Ctrl Pts',(11.4824667536275,-5.80651025784981,461.459193495314));
#3985=CARTESIAN_POINT('Ctrl Pts',(12.4477625735773,-3.8976223599934,461.551831119528));
#3986=CARTESIAN_POINT('Ctrl Pts',(12.9267493201264,-1.74281529826969,461.644468743741));
#3987=CARTESIAN_POINT('Ctrl Pts',(12.8610411723058,0.395251928434167,461.737106367955));
#3988=CARTESIAN_POINT('Ctrl Pts',(12.7953330244852,2.53331915513802,461.829743992169));
#3989=CARTESIAN_POINT('Ctrl Pts',(12.1849299822949,4.65464654682203,461.922381616382));
#3990=CARTESIAN_POINT('Ctrl Pts',(11.1042367823942,6.50065609021113,462.015019240596));
#3991=CARTESIAN_POINT('Ctrl Pts',(10.0235435824941,8.34666563359939,462.10765686481));
#3992=CARTESIAN_POINT('Ctrl Pts',(8.47256022488401,9.91735732869299,462.200294489023));
#3993=CARTESIAN_POINT('Ctrl Pts',(6.64034295651837,11.0212725917878,462.292932113237));
#3994=CARTESIAN_POINT('Ctrl Pts',(4.80812568815272,12.1251878548826,462.38556973745));
#3995=CARTESIAN_POINT('Ctrl Pts',(2.69467450903148,12.7623266859787,462.478207361664));
#3996=CARTESIAN_POINT('Ctrl Pts',(0.557607365914254,12.855025404415,462.570844985878));
#3997=CARTESIAN_POINT('Ctrl Pts',(-1.57945977720297,12.9477241228513,462.663482610091));
#3998=CARTESIAN_POINT('Ctrl Pts',(-3.7401428843162,12.4959827286279,462.756120234305));
#3999=CARTESIAN_POINT('Ctrl Pts',(-5.66106669927964,11.5548659857648,462.848757858518));
#4000=CARTESIAN_POINT('Ctrl Pts',(-7.58199051424396,10.6137492429012,462.941395482732));
#4001=CARTESIAN_POINT('Ctrl Pts',(-9.26315503705825,9.1832571513975,463.034033106946));
#4002=CARTESIAN_POINT('Ctrl Pts',(-10.4996356606101,7.43775874286884,463.126670731159));
#4003=CARTESIAN_POINT('Ctrl Pts',(-11.7361162841619,5.69226033434018,463.219308355373));
#4004=CARTESIAN_POINT('Ctrl Pts',(-12.5279130084511,3.63175560878654,463.311945979587));
#4005=CARTESIAN_POINT('Ctrl Pts',(-12.7785102156213,1.50740863468988,463.404583603801));
#4006=CARTESIAN_POINT('Ctrl Pts',(-12.8374901209113,1.00742786974003,463.426386553499));
#4007=CARTESIAN_POINT('Ctrl Pts',(-12.8664913059932,0.503910684586573,463.448189503197));
#4008=CARTESIAN_POINT('Ctrl Pts',(-12.8659755842234,0.000334460429620986,
463.469992452895));
#4009=CARTESIAN_POINT('Origin',(0.,0.,-483.969992452873));
#4010=CARTESIAN_POINT('',(-12.8650557311149,0.0001760430190456,455.780007547128));
#4011=CARTESIAN_POINT('',(-12.8670418443622,0.000106087401603935,456.469992452895));
#4012=CARTESIAN_POINT('',(-12.866,-2.94682877995754E-10,-483.969992452873));
#4013=CARTESIAN_POINT('Ctrl Pts',(-12.8650557311149,0.0001760430190456,
455.780007547128));
#4014=CARTESIAN_POINT('Ctrl Pts',(-12.8644432407233,-1.26808709358471,455.834907290801));
#4015=CARTESIAN_POINT('Ctrl Pts',(-12.6781563286249,-2.53652626023274,455.889807034475));
#4016=CARTESIAN_POINT('Ctrl Pts',(-12.3087821762789,-3.74919790354099,455.944706778148));
#4017=CARTESIAN_POINT('Ctrl Pts',(-11.6855015991781,-5.79545554467357,456.037344402362));
#4018=CARTESIAN_POINT('Ctrl Pts',(-10.5409155758456,-7.68292596720656,456.129982026575));
#4019=CARTESIAN_POINT('Ctrl Pts',(-9.01454277798467,-9.18153702202857,456.222619650789));
#4020=CARTESIAN_POINT('Ctrl Pts',(-7.48816998012442,-10.6801480768499,456.315257275002));
#4021=CARTESIAN_POINT('Ctrl Pts',(-5.58001040773645,-11.7898997639603,456.407894899216));
#4022=CARTESIAN_POINT('Ctrl Pts',(-3.52265810225591,-12.3755195235435,456.50053252343));
#4023=CARTESIAN_POINT('Ctrl Pts',(-1.46530579677632,-12.9611392831266,456.593170147643));
#4024=CARTESIAN_POINT('Ctrl Pts',(0.741239241795152,-13.0226271151829,456.685807771857));
#4025=CARTESIAN_POINT('Ctrl Pts',(2.82801144288662,-12.5524879948917,456.77844539607));
#4026=CARTESIAN_POINT('Ctrl Pts',(4.91478364397809,-12.0823488746004,456.871083020284));
#4027=CARTESIAN_POINT('Ctrl Pts',(6.88178300758895,-11.0805828019619,456.963720644498));
#4028=CARTESIAN_POINT('Ctrl Pts',(8.48924324891656,-9.66929949084841,457.056358268711));
#4029=CARTESIAN_POINT('Ctrl Pts',(10.0967034902442,-8.25801617973495,457.148995892925));
#4030=CARTESIAN_POINT('Ctrl Pts',(11.344624609288,-6.43721563014707,457.241633517138));
#4031=CARTESIAN_POINT('Ctrl Pts',(12.0808919607792,-4.4288433044055,457.334271141352));
#4032=CARTESIAN_POINT('Ctrl Pts',(12.8171593122711,-2.4204709786621,457.426908765566));
#4033=CARTESIAN_POINT('Ctrl Pts',(13.041772896209,-0.224526876765236,457.51954638978));
#4034=CARTESIAN_POINT('Ctrl Pts',(12.7273535656887,1.89131562594601,457.612184013993));
#4035=CARTESIAN_POINT('Ctrl Pts',(12.4129342351686,4.0071581286563,457.704821638207));
#4036=CARTESIAN_POINT('Ctrl Pts',(11.5594819901894,6.04289903218345,457.797459262421));
#4037=CARTESIAN_POINT('Ctrl Pts',(10.2710279137426,7.75039284024483,457.890096886634));
#4038=CARTESIAN_POINT('Ctrl Pts',(8.98257383729624,9.45788664830543,457.982734510848));
#4039=CARTESIAN_POINT('Ctrl Pts',(7.25911792938212,10.837133360903,458.075372135062));
#4040=CARTESIAN_POINT('Ctrl Pts',(5.3107398817918,11.7200104731584,458.168009759275));
#4041=CARTESIAN_POINT('Ctrl Pts',(3.36236183420149,12.6028875854138,458.260647383489));
#4042=CARTESIAN_POINT('Ctrl Pts',(1.18906164693557,12.9893950973269,458.353285007702));
#4043=CARTESIAN_POINT('Ctrl Pts',(-0.944247471948208,12.8324198923943,458.445922631916));
#4044=CARTESIAN_POINT('Ctrl Pts',(-3.07755659083198,12.6754446874616,458.53856025613));
#4045=CARTESIAN_POINT('Ctrl Pts',(-5.17087464133302,11.9749867656834,458.631197880343));
#4046=CARTESIAN_POINT('Ctrl Pts',(-6.96903779311955,10.8164280527847,458.723835504557));
#4047=CARTESIAN_POINT('Ctrl Pts',(-8.76720094490771,9.65786933988499,458.81647312877));
#4048=CARTESIAN_POINT('Ctrl Pts',(-10.2702091979804,8.04120983586431,458.909110752984));
#4049=CARTESIAN_POINT('Ctrl Pts',(-11.2948542038578,6.16351134472816,459.001748377198));
#4050=CARTESIAN_POINT('Ctrl Pts',(-12.3207759832243,4.28347312066969,459.094501433841));
#4051=CARTESIAN_POINT('Ctrl Pts',(-12.8671414237127,2.14174496137063,459.187254490485));
#4052=CARTESIAN_POINT('Ctrl Pts',(-12.8671132039392,2.83569015876395E-6,
459.280007547128));
#4053=CARTESIAN_POINT('Ctrl Pts',(-12.8670418443622,0.000106087401603935,
456.469992452895));
#4054=CARTESIAN_POINT('Ctrl Pts',(-12.8661519023431,-2.03716798878773,456.558219855403));
#4055=CARTESIAN_POINT('Ctrl Pts',(-12.37370177834,-4.07485703733118,456.646447257911));
#4056=CARTESIAN_POINT('Ctrl Pts',(-11.4417097630525,-5.88641502280847,456.734674660419));
#4057=CARTESIAN_POINT('Ctrl Pts',(-10.4631302783561,-7.78852732725696,456.827312284632));
#4058=CARTESIAN_POINT('Ctrl Pts',(-8.99996787324808,-9.44133631589205,456.919949908846));
#4059=CARTESIAN_POINT('Ctrl Pts',(-7.23057390890751,-10.6433737635443,457.01258753306));
#4060=CARTESIAN_POINT('Ctrl Pts',(-5.46117994456935,-11.8454112111948,457.105225157273));
#4061=CARTESIAN_POINT('Ctrl Pts',(-3.38555442100198,-12.5966771178633,457.197862781487));
#4062=CARTESIAN_POINT('Ctrl Pts',(-1.25670454787975,-12.8055963469889,457.2905004057));
#4063=CARTESIAN_POINT('Ctrl Pts',(0.872145325242485,-13.0145155761144,457.383138029914));
#4064=CARTESIAN_POINT('Ctrl Pts',(3.05421954791996,-12.6810881276951,457.475775654128));
#4065=CARTESIAN_POINT('Ctrl Pts',(5.02353540596032,-11.8459569536504,457.568413278341));
#4066=CARTESIAN_POINT('Ctrl Pts',(6.99285126400247,-11.010825779605,457.661050902555));
#4067=CARTESIAN_POINT('Ctrl Pts',(8.74940875741057,-9.67399087993277,457.753688526769));
#4068=CARTESIAN_POINT('Ctrl Pts',(10.0790932951832,-7.99840499535178,457.846326150982));
#4069=CARTESIAN_POINT('Ctrl Pts',(11.4087778329553,-6.32281911077156,457.938963775196));
#4070=CARTESIAN_POINT('Ctrl Pts',(12.3115894150918,-4.30848224128528,458.03160139941));
#4071=CARTESIAN_POINT('Ctrl Pts',(12.6774803298716,-2.20093085043457,458.124239023623));
#4072=CARTESIAN_POINT('Ctrl Pts',(13.0433712446512,-0.09337945958483,458.216876647837));
#4073=CARTESIAN_POINT('Ctrl Pts',(12.8723414920733,2.10738645262689,458.309514272051));
#4074=CARTESIAN_POINT('Ctrl Pts',(12.1852386479556,4.13310575899582,458.402151896264));
#4075=CARTESIAN_POINT('Ctrl Pts',(11.498135803838,6.15882506536476,458.494789520478));
#4076=CARTESIAN_POINT('Ctrl Pts',(10.2949598681804,8.00949776589152,458.587427144691));
#4077=CARTESIAN_POINT('Ctrl Pts',(8.72237129720615,9.45953714916066,458.680064768905));
#4078=CARTESIAN_POINT('Ctrl Pts',(7.14978272623116,10.9095765324305,458.772702393119));
#4079=CARTESIAN_POINT('Ctrl Pts',(5.20778151993862,11.9589825984428,458.865340017332));
#4080=CARTESIAN_POINT('Ctrl Pts',(3.13308682675921,12.4798385830372,458.957977641546));
#4081=CARTESIAN_POINT('Ctrl Pts',(1.0583921335798,13.0006945676317,459.05061526576));
#4082=CARTESIAN_POINT('Ctrl Pts',(-1.1489960464871,12.9930004708084,459.143252889973));
#4083=CARTESIAN_POINT('Ctrl Pts',(-3.22000936860826,12.4576941601868,459.235890514187));
#4084=CARTESIAN_POINT('Ctrl Pts',(-5.29102269072754,11.9223878495656,459.3285281384));
#4085=CARTESIAN_POINT('Ctrl Pts',(-7.22566115490188,10.8594693251468,459.421165762614));
#4086=CARTESIAN_POINT('Ctrl Pts',(-8.78810309002439,9.39850244463339,459.513803386828));
#4087=CARTESIAN_POINT('Ctrl Pts',(-10.3505450251483,7.93753556411866,459.606441011041));
#4088=CARTESIAN_POINT('Ctrl Pts',(-11.5407904312201,6.07852032750818,459.699078635255));
#4089=CARTESIAN_POINT('Ctrl Pts',(-12.2137550116719,4.04806035497682,459.791716259468));
#4090=CARTESIAN_POINT('Ctrl Pts',(-12.6454498899024,2.74555618751349,459.851141657277));
#4091=CARTESIAN_POINT('Ctrl Pts',(-12.8642839345252,1.37250258616738,459.910567055086));
#4092=CARTESIAN_POINT('Ctrl Pts',(-12.865247796894,-0.000250999274764574,
459.969992452894));
#4093=CARTESIAN_POINT('Origin',(0.,0.,-483.969992452873));
#4094=CARTESIAN_POINT('',(-12.866306483975,-0.000315497686212922,452.280007547128));
#4095=CARTESIAN_POINT('',(-12.8649434053718,9.13011168107714E-5,452.969992452894));
#4096=CARTESIAN_POINT('',(-12.866,-2.94682877995754E-10,-483.969992452873));
#4097=CARTESIAN_POINT('Ctrl Pts',(-12.866306483975,-0.000315497686212923,
452.280007547128));
#4098=CARTESIAN_POINT('Ctrl Pts',(-12.8667137754279,-0.399334478316078,
452.297284842691));
#4099=CARTESIAN_POINT('Ctrl Pts',(-12.848519477199,-0.798316460420301,452.314562138253));
#4100=CARTESIAN_POINT('Ctrl Pts',(-12.8114516884412,-1.19553720884567,452.331839433816));
#4101=CARTESIAN_POINT('Ctrl Pts',(-12.6127011448194,-3.32536049566779,452.42447705803));
#4102=CARTESIAN_POINT('Ctrl Pts',(-11.8713559363748,-5.40455001147869,452.517114682243));
#4103=CARTESIAN_POINT('Ctrl Pts',(-10.6777819217215,-7.17966411576156,452.609752306457));
#4104=CARTESIAN_POINT('Ctrl Pts',(-9.48420790706817,-8.95477822004443,452.702389930671));
#4105=CARTESIAN_POINT('Ctrl Pts',(-7.83840508620577,-10.4258169127997,452.795027554884));
#4106=CARTESIAN_POINT('Ctrl Pts',(-5.94098767141017,-11.4134687571811,452.887665179098));
#4107=CARTESIAN_POINT('Ctrl Pts',(-4.04357025661457,-12.4011206015625,452.980302803312));
#4108=CARTESIAN_POINT('Ctrl Pts',(-1.89453824788529,-12.9053855975704,453.072940427525));
#4109=CARTESIAN_POINT('Ctrl Pts',(0.244153302737483,-12.8647966461876,453.165578051739));
#4110=CARTESIAN_POINT('Ctrl Pts',(2.38284485335928,-12.8242076948048,453.258215675952));
#4111=CARTESIAN_POINT('Ctrl Pts',(4.51119594587518,-12.238764796032,453.350853300166));
#4112=CARTESIAN_POINT('Ctrl Pts',(6.36977241693406,-11.1798301838383,453.443490924379));
#4113=CARTESIAN_POINT('Ctrl Pts',(8.22834888799379,-10.1208955716442,453.536128548593));
#4114=CARTESIAN_POINT('Ctrl Pts',(9.81715073759683,-8.58846924602855,453.628766172807));
#4115=CARTESIAN_POINT('Ctrl Pts',(10.9425118549063,-6.76934545493367,453.721403797021));
#4116=CARTESIAN_POINT('Ctrl Pts',(12.0678729722153,-4.95022166383962,453.814041421234));
#4117=CARTESIAN_POINT('Ctrl Pts',(12.7297933572316,-2.84440040726598,453.906679045448));
#4118=CARTESIAN_POINT('Ctrl Pts',(12.8475885956704,-0.70856958684121,453.999316669661));
#4119=CARTESIAN_POINT('Ctrl Pts',(12.9653838341093,1.42726123358454,454.091954293875));
#4120=CARTESIAN_POINT('Ctrl Pts',(12.5390539259711,3.59310161785943,454.184591918089));
#4121=CARTESIAN_POINT('Ctrl Pts',(11.6205661164234,5.52494766643359,454.277229542303));
#4122=CARTESIAN_POINT('Ctrl Pts',(10.702078306876,7.45679371500686,454.369867166516));
#4123=CARTESIAN_POINT('Ctrl Pts',(9.29143259591951,9.15464542787739,454.462504790729));
#4124=CARTESIAN_POINT('Ctrl Pts',(7.56057885173767,10.4115441222546,454.555142414943));
#4125=CARTESIAN_POINT('Ctrl Pts',(5.82972510755426,11.6684428166329,454.647780039157));
#4126=CARTESIAN_POINT('Ctrl Pts',(3.77866333014435,12.4843884925175,454.740417663371));
#4127=CARTESIAN_POINT('Ctrl Pts',(1.65740654512007,12.7599219091337,454.833055287584));
#4128=CARTESIAN_POINT('Ctrl Pts',(-0.463850239902276,13.0354553257496,454.925692911798));
#4129=CARTESIAN_POINT('Ctrl Pts',(-2.65530203253947,12.7705764830983,455.018330536011));
#4130=CARTESIAN_POINT('Ctrl Pts',(-4.64982304497098,11.9975726392239,455.110968160225));
#4131=CARTESIAN_POINT('Ctrl Pts',(-6.64434405740339,11.2245687953491,455.203605784438));
#4132=CARTESIAN_POINT('Ctrl Pts',(-8.44193428963046,9.94343995025051,455.296243408652));
#4133=CARTESIAN_POINT('Ctrl Pts',(-9.82347748795412,8.31034858635036,455.388881032866));
#4134=CARTESIAN_POINT('Ctrl Pts',(-11.2050206862784,6.67725722244946,455.48151865708));
#4135=CARTESIAN_POINT('Ctrl Pts',(-12.1705168506993,4.69220333974627,455.574156281293));
#4136=CARTESIAN_POINT('Ctrl Pts',(-12.6022773674741,2.59715396852894,455.666793905507));
#4137=CARTESIAN_POINT('Ctrl Pts',(-12.7781640759514,1.74369163539722,455.704531786047));
#4138=CARTESIAN_POINT('Ctrl Pts',(-12.8654767547425,0.871975427509238,455.742269666588));
#4139=CARTESIAN_POINT('Ctrl Pts',(-12.8650557311149,0.0001760430190456,
455.780007547128));
#4140=CARTESIAN_POINT('Ctrl Pts',(-12.8649434053718,9.13011168113959E-5,
452.969992452894));
#4141=CARTESIAN_POINT('Ctrl Pts',(-12.8646537438018,-1.16898523328837,453.020597407292));
#4142=CARTESIAN_POINT('Ctrl Pts',(-12.4176495640011,-4.47839491206878,453.163839985903));
#4143=CARTESIAN_POINT('Ctrl Pts',(-9.61515936195076,-9.35051908435052,453.399720188727));
#4144=CARTESIAN_POINT('Ctrl Pts',(-3.96921053203843,-12.811278798577,453.677633061369));
#4145=CARTESIAN_POINT('Ctrl Pts',(2.64438768350694,-13.1487912175164,453.955545934009));
#4146=CARTESIAN_POINT('Ctrl Pts',(8.61331359037362,-10.2807745669477,454.233458806651));
#4147=CARTESIAN_POINT('Ctrl Pts',(12.4824094336254,-4.90641941071549,454.511371679291));
#4148=CARTESIAN_POINT('Ctrl Pts',(13.3084326753698,1.66406623295544,454.789284551933));
#4149=CARTESIAN_POINT('Ctrl Pts',(10.8900080355745,7.82887103531814,455.067197424573));
#4150=CARTESIAN_POINT('Ctrl Pts',(5.81672054582318,12.0850841451068,455.345110297214));
#4151=CARTESIAN_POINT('Ctrl Pts',(-0.674618724534554,13.3950881400241,455.623023169855));
#4152=CARTESIAN_POINT('Ctrl Pts',(-7.00149345236856,11.4395186148261,455.900936042496));
#4153=CARTESIAN_POINT('Ctrl Pts',(-11.6214819409854,6.6951216716255,456.178848915137));
#4154=CARTESIAN_POINT('Ctrl Pts',(-12.8410371108808,2.34286890294428,456.36853438527));
#4155=CARTESIAN_POINT('Ctrl Pts',(-12.8670863298791,0.1019432728513,456.465582231189));
#4156=CARTESIAN_POINT('Ctrl Pts',(-12.8670418443622,0.000106087401603554,
456.469992452895));
#4157=CARTESIAN_POINT('Origin',(0.,0.,-483.969992452873));
#4158=CARTESIAN_POINT('',(-12.8660821327569,0.000331774559078202,448.780007547128));
#4159=CARTESIAN_POINT('',(-12.8666056282521,-0.000269004968088682,449.469992452894));
#4160=CARTESIAN_POINT('',(-12.866,-2.94682877995754E-10,-483.969992452873));
#4161=CARTESIAN_POINT('Ctrl Pts',(-12.8660821327569,0.000331774559078277,
448.780007547128));
#4162=CARTESIAN_POINT('Ctrl Pts',(-12.8643578880959,-1.66934607043604,448.852300018794));
#4163=CARTESIAN_POINT('Ctrl Pts',(-12.1192715018431,-5.48009026028106,449.017230114673));
#4164=CARTESIAN_POINT('Ctrl Pts',(-8.45998839855482,-10.4073095664763,449.274797834766));
#4165=CARTESIAN_POINT('Ctrl Pts',(-2.44920916440405,-13.1865412669567,449.552710707407));
#4166=CARTESIAN_POINT('Ctrl Pts',(4.15866002607252,-12.751040855699,449.830623580048));
#4167=CARTESIAN_POINT('Ctrl Pts',(9.75269415116163,-9.20697848971364,450.108536452689));
#4168=CARTESIAN_POINT('Ctrl Pts',(12.9691299031076,-3.41835715987554,450.38644932533));
#4169=CARTESIAN_POINT('Ctrl Pts',(13.0238360159635,3.20362162957036,450.664362197971));
#4170=CARTESIAN_POINT('Ctrl Pts',(9.90347574780769,9.04459309359668,450.942275070612));
#4171=CARTESIAN_POINT('Ctrl Pts',(4.36875823010825,12.6805933474348,451.220187943252));
#4172=CARTESIAN_POINT('Ctrl Pts',(-2.23101395859399,13.2252059656064,451.498100815893));
#4173=CARTESIAN_POINT('Ctrl Pts',(-8.28688975557268,10.5456604485041,451.776013688534));
#4174=CARTESIAN_POINT('Ctrl Pts',(-12.0716271847098,5.62161095972405,452.036649265613));
#4175=CARTESIAN_POINT('Ctrl Pts',(-12.8645299549089,1.74013059292707,452.204647218477));
#4176=CARTESIAN_POINT('Ctrl Pts',(-12.866306483975,-0.000315497686213181,
452.280007547128));
#4177=CARTESIAN_POINT('Ctrl Pts',(-12.8666056282521,-0.000269004968088231,
449.469992452894));
#4178=CARTESIAN_POINT('Ctrl Pts',(-12.8668840118897,-0.300079743284474,
449.482974959181));
#4179=CARTESIAN_POINT('Ctrl Pts',(-12.7833634485853,-2.7390571284148,449.588595089682));
#4180=CARTESIAN_POINT('Ctrl Pts',(-11.3001168125545,-7.22432396319103,449.786852844396));
#4181=CARTESIAN_POINT('Ctrl Pts',(-6.46609513849003,-11.7504514961135,450.064765717037));
#4182=CARTESIAN_POINT('Ctrl Pts',(-0.0557113799000392,-13.411949632498,
450.342678589678));
#4183=CARTESIAN_POINT('Ctrl Pts',(6.36825419353527,-11.8037636044198,450.620591462319));
#4184=CARTESIAN_POINT('Ctrl Pts',(11.2397102167248,-7.3179512806909,450.89850433496));
#4185=CARTESIAN_POINT('Ctrl Pts',(13.3710498872763,-1.04810381856418,451.176417207601));
#4186=CARTESIAN_POINT('Ctrl Pts',(12.2426762963981,5.47725969843717,451.454330080241));
#4187=CARTESIAN_POINT('Ctrl Pts',(8.12967437676651,10.6673282142368,451.732242952883));
#4188=CARTESIAN_POINT('Ctrl Pts',(2.0347482551878,13.2568207440744,452.010155825523));
#4189=CARTESIAN_POINT('Ctrl Pts',(-4.55622686232145,12.6144478072399,452.288068698165));
#4190=CARTESIAN_POINT('Ctrl Pts',(-10.0364445411553,8.89681278182393,452.565981570805));
#4191=CARTESIAN_POINT('Ctrl Pts',(-12.5175310076304,4.08211667137657,452.793289489048));
#4192=CARTESIAN_POINT('Ctrl Pts',(-12.8651839993863,0.971130768406559,452.927959783078));
#4193=CARTESIAN_POINT('Ctrl Pts',(-12.8649434053718,9.13011168113959E-5,
452.969992452894));
#4194=CARTESIAN_POINT('Origin',(0.,0.,-483.969992452873));
#4195=CARTESIAN_POINT('',(-12.865178277694,-0.000228874897943334,445.280007547128));
#4196=CARTESIAN_POINT('',(-12.8657726611228,0.00033048685220749,445.969992452894));
#4197=CARTESIAN_POINT('',(-12.866,-2.94682877995754E-10,-483.969992452873));
#4198=CARTESIAN_POINT('Ctrl Pts',(-12.865178277694,-0.000228874897943334,
445.280007547128));
#4199=CARTESIAN_POINT('Ctrl Pts',(-12.8656873638205,-0.801134502415818,
445.314677570683));
#4200=CARTESIAN_POINT('Ctrl Pts',(-12.7920780595772,-1.60194769964047,445.349347594238));
#4201=CARTESIAN_POINT('Ctrl Pts',(-12.6434660756987,-2.38859146269379,445.384017617793));
#4202=CARTESIAN_POINT('Ctrl Pts',(-12.246377764111,-4.49048819766441,445.476655242007));
#4203=CARTESIAN_POINT('Ctrl Pts',(-11.313809367645,-6.49122254950985,445.569292866221));
#4204=CARTESIAN_POINT('Ctrl Pts',(-9.95943578822609,-8.14691612594594,445.661930490434));
#4205=CARTESIAN_POINT('Ctrl Pts',(-8.60506220880782,-9.80260970238129,445.754568114648));
#4206=CARTESIAN_POINT('Ctrl Pts',(-6.82888344643679,-11.113262503408,445.847205738862));
#4207=CARTESIAN_POINT('Ctrl Pts',(-4.84740581569518,-11.9191132405461,445.939843363075));
#4208=CARTESIAN_POINT('Ctrl Pts',(-2.86592818495266,-12.7249639776846,446.032480987289));
#4209=CARTESIAN_POINT('Ctrl Pts',(-0.679151685838846,-13.0260126509342,
446.125118611502));
#4210=CARTESIAN_POINT('Ctrl Pts',(1.44636778610872,-12.7855631010255,446.217756235716));
#4211=CARTESIAN_POINT('Ctrl Pts',(3.57188725805628,-12.5451135511167,446.310393859929));
#4212=CARTESIAN_POINT('Ctrl Pts',(5.6361497028382,-11.7631657780494,446.403031484143));
#4213=CARTESIAN_POINT('Ctrl Pts',(7.38753300689307,-10.5350348672922,446.495669108357));
#4214=CARTESIAN_POINT('Ctrl Pts',(9.13891631094714,-9.30690395653552,446.588306732571));
#4215=CARTESIAN_POINT('Ctrl Pts',(10.577420474275,-7.63258990808888,446.680944356784));
#4216=CARTESIAN_POINT('Ctrl Pts',(11.5276998382574,-5.71618229433222,446.773581980998));
#4217=CARTESIAN_POINT('Ctrl Pts',(12.4779792022402,-3.79977468057469,446.866219605211));
#4218=CARTESIAN_POINT('Ctrl Pts',(12.9400337668771,-1.64127350150915,446.958857229425));
#4219=CARTESIAN_POINT('Ctrl Pts',(12.8575416500226,0.496211951619422,447.051494853639));
#4220=CARTESIAN_POINT('Ctrl Pts',(12.7750495331681,2.63369740474799,447.144132477852));
#4221=CARTESIAN_POINT('Ctrl Pts',(12.1480107348214,4.75016713193759,447.236770102066));
#4222=CARTESIAN_POINT('Ctrl Pts',(11.0528577978133,6.58763524220292,447.32940772628));
#4223=CARTESIAN_POINT('Ctrl Pts',(9.95770486080525,8.42510335246826,447.422045350493));
#4224=CARTESIAN_POINT('Ctrl Pts',(8.39443778513546,9.98356984580998,447.514682974707));
#4225=CARTESIAN_POINT('Ctrl Pts',(6.55361013468604,11.0730663226379,447.607320598921));
#4226=CARTESIAN_POINT('Ctrl Pts',(4.71278248423662,12.1625627994658,447.699958223134));
#4227=CARTESIAN_POINT('Ctrl Pts',(2.59439425900698,12.7830892597802,447.792595847348));
#4228=CARTESIAN_POINT('Ctrl Pts',(0.456665204225424,12.8590069785441,447.885233471562));
#4229=CARTESIAN_POINT('Ctrl Pts',(-1.68106385055614,12.9349246973081,447.977871095775));
#4230=CARTESIAN_POINT('Ctrl Pts',(-3.83813373489023,12.4662336745215,448.070508719989));
#4231=CARTESIAN_POINT('Ctrl Pts',(-5.75160962439553,11.5100647396771,448.163146344202));
#4232=CARTESIAN_POINT('Ctrl Pts',(-7.66508551389996,10.5538958048331,448.255783968416));
#4233=CARTESIAN_POINT('Ctrl Pts',(-9.33496740857631,9.11024895793141,448.34842159263));
#4234=CARTESIAN_POINT('Ctrl Pts',(-10.5577059909441,7.35509672212262,448.441059216843));
#4235=CARTESIAN_POINT('Ctrl Pts',(-11.780444573312,5.59994448631382,448.533696841057));
#4236=CARTESIAN_POINT('Ctrl Pts',(-12.5560398433716,3.53328686159751,448.62633446527));
#4237=CARTESIAN_POINT('Ctrl Pts',(-12.7899510504477,1.40703792065016,448.718972089484));
#4238=CARTESIAN_POINT('Ctrl Pts',(-12.8413228254802,0.940069349016584,448.739317242032));
#4239=CARTESIAN_POINT('Ctrl Pts',(-12.8665673841234,0.470226490837539,448.75966239458));
#4240=CARTESIAN_POINT('Ctrl Pts',(-12.8660821327569,0.000331774559078202,
448.780007547128));
#4241=CARTESIAN_POINT('Ctrl Pts',(-12.8657726611228,0.000330486852207143,
445.969992452894));
#4242=CARTESIAN_POINT('Ctrl Pts',(-12.8642279663583,-1.57026291366626,446.037990135284));
#4243=CARTESIAN_POINT('Ctrl Pts',(-12.1836728676184,-5.28187878556754,446.198625441888));
#4244=CARTESIAN_POINT('Ctrl Pts',(-8.69842470917428,-10.2088640054288,446.451898372706));
#4245=CARTESIAN_POINT('Ctrl Pts',(-2.75353105740562,-13.1263690112083,446.729811245346));
#4246=CARTESIAN_POINT('Ctrl Pts',(3.86264284380099,-12.8438112320193,447.007724117987));
#4247=CARTESIAN_POINT('Ctrl Pts',(9.53714737661592,-9.43007511206712,447.285636990628));
#4248=CARTESIAN_POINT('Ctrl Pts',(12.8866014427994,-3.71739155281668,447.563549863269));
#4249=CARTESIAN_POINT('Ctrl Pts',(13.0944453907067,2.90155072544093,447.84146273591));
#4250=CARTESIAN_POINT('Ctrl Pts',(10.1100091772973,8.81312720533851,448.119375608551));
#4251=CARTESIAN_POINT('Ctrl Pts',(4.66086516111673,12.5761612844464,448.397288481191));
#4252=CARTESIAN_POINT('Ctrl Pts',(-1.92454594729108,13.2732671034409,448.675201353833));
#4253=CARTESIAN_POINT('Ctrl Pts',(-8.04077415686114,10.7344980162499,448.953114226473));
#4254=CARTESIAN_POINT('Ctrl Pts',(-12.002607483408,5.81962357648655,449.218044592828));
#4255=CARTESIAN_POINT('Ctrl Pts',(-12.8648975850602,1.83924173265582,449.390337334968));
#4256=CARTESIAN_POINT('Ctrl Pts',(-12.8666056282521,-0.000269004968088231,
449.469992452894));
#4257=CARTESIAN_POINT('Origin',(0.,0.,-483.969992452873));
#4258=CARTESIAN_POINT('',(-12.8670802155103,7.18411750583751E-5,441.780007547128));
#4259=CARTESIAN_POINT('',(-12.8654016620495,-0.000287539373585166,442.469992452894));
#4260=CARTESIAN_POINT('',(-12.866,-2.94682877995754E-10,-483.969992452873));
#4261=CARTESIAN_POINT('Ctrl Pts',(-12.8670802155103,7.18411750583751E-5,
441.780007547128));
#4262=CARTESIAN_POINT('Ctrl Pts',(-12.8664438588535,-2.07084649209587,441.869692746786));
#4263=CARTESIAN_POINT('Ctrl Pts',(-12.3569626459374,-4.14206666964847,441.959377946444));
#4264=CARTESIAN_POINT('Ctrl Pts',(-11.3951427919026,-5.97606261138109,442.049063146103));
#4265=CARTESIAN_POINT('Ctrl Pts',(-10.4016599592971,-7.8704334496792,442.141700770316));
#4266=CARTESIAN_POINT('Ctrl Pts',(-8.92556642541166,-9.51170418906293,442.23433839453));
#4267=CARTESIAN_POINT('Ctrl Pts',(-7.1467897841178,-10.6998130527886,442.326976018743));
#4268=CARTESIAN_POINT('Ctrl Pts',(-5.36801314282314,-11.8879219165149,442.419613642957));
#4269=CARTESIAN_POINT('Ctrl Pts',(-3.28655339412018,-12.6228689045824,442.512251267171));
#4270=CARTESIAN_POINT('Ctrl Pts',(-1.15612890729058,-12.8150680658639,442.604888891384));
#4271=CARTESIAN_POINT('Ctrl Pts',(0.974295579539024,-13.0072672271453,442.697526515598));
#4272=CARTESIAN_POINT('Ctrl Pts',(3.15368480449469,-12.6567185616406,442.790164139811));
#4273=CARTESIAN_POINT('Ctrl Pts',(5.11638333968253,-11.8061520024272,442.882801764025));
#4274=CARTESIAN_POINT('Ctrl Pts',(7.07908187486947,-10.9555854432142,442.975439388239));
#4275=CARTESIAN_POINT('Ctrl Pts',(8.82508972028819,-9.60500099029339,443.068077012453));
#4276=CARTESIAN_POINT('Ctrl Pts',(10.1415782283667,-7.91902737846737,443.160714636666));
#4277=CARTESIAN_POINT('Ctrl Pts',(11.4580667364452,-6.23305376664134,443.25335226088));
#4278=CARTESIAN_POINT('Ctrl Pts',(12.345035907183,-4.21169099591074,443.345989885093));
#4279=CARTESIAN_POINT('Ctrl Pts',(12.6943691307142,-2.10133194811488,443.438627509307));
#4280=CARTESIAN_POINT('Ctrl Pts',(13.0437023542456,0.00902709968289256,
443.53126513352));
#4281=CARTESIAN_POINT('Ctrl Pts',(12.8553996305692,2.20838242454541,443.623902757734));
#4282=CARTESIAN_POINT('Ctrl Pts',(12.1524140146324,4.22864484202243,443.716540381948));
#4283=CARTESIAN_POINT('Ctrl Pts',(11.4494283986965,6.24890725949669,443.809178006161));
#4284=CARTESIAN_POINT('Ctrl Pts',(10.2317598904998,8.09007676958806,443.901815630375));
#4285=CARTESIAN_POINT('Ctrl Pts',(8.64783551027358,9.52772504694841,443.994453254589));
#4286=CARTESIAN_POINT('Ctrl Pts',(7.06391113004664,10.9653733243094,444.087090878802));
#4287=CARTESIAN_POINT('Ctrl Pts',(5.11373087778886,11.9995003689413,444.179728503016));
#4288=CARTESIAN_POINT('Ctrl Pts',(3.03501088215266,12.5040518444307,444.272366127229));
#4289=CARTESIAN_POINT('Ctrl Pts',(0.956290886514571,13.0086033199206,444.365003751443));
#4290=CARTESIAN_POINT('Ctrl Pts',(-1.25096885250157,12.983579226267,444.457641375657));
#4291=CARTESIAN_POINT('Ctrl Pts',(-3.31771564631333,12.4320298613382,444.550278999871));
#4292=CARTESIAN_POINT('Ctrl Pts',(-5.38446244012322,11.8804804964099,444.642916624084));
#4293=CARTESIAN_POINT('Ctrl Pts',(-7.31069628872845,10.8024058602075,444.735554248298));
#4294=CARTESIAN_POINT('Ctrl Pts',(-8.86161999692631,9.32921725618352,444.828191872512));
#4295=CARTESIAN_POINT('Ctrl Pts',(-10.4125437051242,7.85602865215957,444.920829496725));
#4296=CARTESIAN_POINT('Ctrl Pts',(-11.5881572729143,5.98772608031438,445.013467120939));
#4297=CARTESIAN_POINT('Ctrl Pts',(-12.2451599434548,3.95204523534413,445.106104745152));
#4298=CARTESIAN_POINT('Ctrl Pts',(-12.6562765794957,2.67822657590324,445.164072345811));
#4299=CARTESIAN_POINT('Ctrl Pts',(-12.8643270956567,1.3388696552036,445.22203994647));
#4300=CARTESIAN_POINT('Ctrl Pts',(-12.865178277694,-0.000228874897943334,
445.280007547128));
#4301=CARTESIAN_POINT('Ctrl Pts',(-12.8654016620495,-0.000287539373583987,
442.469992452894));
#4302=CARTESIAN_POINT('Ctrl Pts',(-12.8659755522844,-0.701945147647312,
442.500367687173));
#4303=CARTESIAN_POINT('Ctrl Pts',(-12.6374860086854,-3.54313050586983,442.623380545667));
#4304=CARTESIAN_POINT('Ctrl Pts',(-10.5748652911007,-8.24958912780385,442.839031028373));
#4305=CARTESIAN_POINT('Ctrl Pts',(-5.33869224601248,-12.3037336530371,443.116943901015));
#4306=CARTESIAN_POINT('Ctrl Pts',(1.19899459640204,-13.3583647449947,443.394856773655));
#4307=CARTESIAN_POINT('Ctrl Pts',(7.44437989037991,-11.1563750721379,443.672769646297));
#4308=CARTESIAN_POINT('Ctrl Pts',(11.8749081569466,-6.23458522811221,443.950682518937));
#4309=CARTESIAN_POINT('Ctrl Pts',(13.4104658771629,0.207127158938913,444.228595391578));
#4310=CARTESIAN_POINT('Ctrl Pts',(11.6767011559652,6.59834424812729,444.506508264219));
#4311=CARTESIAN_POINT('Ctrl Pts',(7.09628655097184,11.3809583906193,444.78442113686));
#4312=CARTESIAN_POINT('Ctrl Pts',(0.785876203526227,13.3890214465154,445.062334009501));
#4313=CARTESIAN_POINT('Ctrl Pts',(-5.71612202251327,12.1329899747033,445.340246882142));
#4314=CARTESIAN_POINT('Ctrl Pts',(-10.8245932691586,7.91907047953186,445.618159754783));
#4315=CARTESIAN_POINT('Ctrl Pts',(-12.6899162691721,3.27796104085506,445.828074945033));
#4316=CARTESIAN_POINT('Ctrl Pts',(-12.8663324035698,0.569457678499527,445.94535251107));
#4317=CARTESIAN_POINT('Ctrl Pts',(-12.8657726611228,0.000330486852207143,
445.969992452894));
#4318=CARTESIAN_POINT('Origin',(0.,0.,-483.969992452873));
#4319=CARTESIAN_POINT('',(-12.8649734068262,0.000121153017182143,438.280007547128));
#4320=CARTESIAN_POINT('',(-12.8669321942794,0.000168460938884882,438.969992452894));
#4321=CARTESIAN_POINT('',(-12.866,-2.94682877995754E-10,-483.969992452873));
#4322=CARTESIAN_POINT('Ctrl Pts',(-12.8649734068262,0.000121153017181783,
438.280007547128));
#4323=CARTESIAN_POINT('Ctrl Pts',(-12.8645768381764,-1.20262540452761,438.332070298675));
#4324=CARTESIAN_POINT('Ctrl Pts',(-12.3996628376674,-4.54577400721776,438.476770674437));
#4325=CARTESIAN_POINT('Ctrl Pts',(-9.541451960401,-9.42571963319044,438.714108674411));
#4326=CARTESIAN_POINT('Ctrl Pts',(-3.86850667546296,-12.8420462628842,438.992021547053));
#4327=CARTESIAN_POINT('Ctrl Pts',(2.74753751481499,-13.1276248316608,439.269934419693));
#4328=CARTESIAN_POINT('Ctrl Pts',(8.69376261468319,-10.2128344604076,439.547847292334));
#4329=CARTESIAN_POINT('Ctrl Pts',(12.5205450734943,-4.80826862589406,439.825760164975));
#4330=CARTESIAN_POINT('Ctrl Pts',(13.2949578859073,1.76849962626642,440.103673037616));
#4331=CARTESIAN_POINT('Ctrl Pts',(10.8282078205966,7.91412733724458,440.381585910257));
#4332=CARTESIAN_POINT('Ctrl Pts',(5.72166111045431,12.1303788173855,440.659498782898));
#4333=CARTESIAN_POINT('Ctrl Pts',(-0.77976294712069,13.3893788452807,440.937411655539));
#4334=CARTESIAN_POINT('Ctrl Pts',(-7.09108947002605,11.3841972156244,441.21532452818));
#4335=CARTESIAN_POINT('Ctrl Pts',(-11.6736872410171,6.60367490985627,441.493237400821));
#4336=CARTESIAN_POINT('Ctrl Pts',(-12.8499254270588,2.27550263180883,441.681465073803));
#4337=CARTESIAN_POINT('Ctrl Pts',(-12.8671011642848,0.0682461905961851,
441.777055122572));
#4338=CARTESIAN_POINT('Ctrl Pts',(-12.8670802155103,7.18411750584048E-5,
441.780007547128));
#4339=CARTESIAN_POINT('Ctrl Pts',(-12.8669321942794,0.000168460938884292,
438.969992452894));
#4340=CARTESIAN_POINT('Ctrl Pts',(-12.8656525214678,-1.97164496305757,439.055382863277));
#4341=CARTESIAN_POINT('Ctrl Pts',(-11.9061667979971,-6.08382507932396,439.233410897873));
#4342=CARTESIAN_POINT('Ctrl Pts',(-7.70542517338137,-10.9777010161482,439.504076556683));
#4343=CARTESIAN_POINT('Ctrl Pts',(-1.51370954200103,-13.3263716038901,439.781989429324));
#4344=CARTESIAN_POINT('Ctrl Pts',(5.04703164156907,-12.4262209988199,440.059902301965));
#4345=CARTESIAN_POINT('Ctrl Pts',(10.377362639584,-8.49669590776826,440.337815174605));
#4346=CARTESIAN_POINT('Ctrl Pts',(13.177808033993,-2.49577084720162,440.615728047246));
#4347=CARTESIAN_POINT('Ctrl Pts',(12.7656503817372,4.11359539013824,440.893640919887));
#4348=CARTESIAN_POINT('Ctrl Pts',(9.24136913478044,9.72011281916248,441.171553792528));
#4349=CARTESIAN_POINT('Ctrl Pts',(3.46414486716563,12.9569748414436,441.449466665169));
#4350=CARTESIAN_POINT('Ctrl Pts',(-3.15759939388215,13.0350704934903,441.72737953781));
#4351=CARTESIAN_POINT('Ctrl Pts',(-9.00955603875264,9.93536092384612,442.005292410451));
#4352=CARTESIAN_POINT('Ctrl Pts',(-12.2655424617767,5.01704520326154,442.252830048812));
#4353=CARTESIAN_POINT('Ctrl Pts',(-12.864225316305,1.43795254807464,442.40773006296));
#4354=CARTESIAN_POINT('Ctrl Pts',(-12.8654016620495,-0.000287539373583987,
442.469992452894));
#4355=CARTESIAN_POINT('Origin',(0.,0.,-483.969992452873));
#4356=CARTESIAN_POINT('',(-12.8665074354381,-0.000287791204034608,434.780007547128));
#4357=CARTESIAN_POINT('',(-12.8649097461175,3.12076278680129E-5,435.469992452894));
#4358=CARTESIAN_POINT('',(-12.866,-2.94682877995754E-10,-483.969992452873));
#4359=CARTESIAN_POINT('Ctrl Pts',(-12.8665074354381,-0.000287791204034608,
434.780007547128));
#4360=CARTESIAN_POINT('Ctrl Pts',(-12.8668310228832,-0.333771433529582,
434.794447850565));
#4361=CARTESIAN_POINT('Ctrl Pts',(-12.8541272769272,-0.667230483718213,
434.808888154002));
#4362=CARTESIAN_POINT('Ctrl Pts',(-12.8282220860775,-0.999660789102483,
434.823328457439));
#4363=CARTESIAN_POINT('Ctrl Pts',(-12.6620347655981,-3.13227204908301,434.915966081652));
#4364=CARTESIAN_POINT('Ctrl Pts',(-11.9525425150962,-5.22254535829981,435.008603705866));
#4365=CARTESIAN_POINT('Ctrl Pts',(-10.7862284947331,-7.01568802345178,435.10124133008));
#4366=CARTESIAN_POINT('Ctrl Pts',(-9.61991447437106,-8.80883068860211,435.193878954294));
#4367=CARTESIAN_POINT('Ctrl Pts',(-7.99677868414839,-10.3048427096886,435.286516578507));
#4368=CARTESIAN_POINT('Ctrl Pts',(-6.1146723513472,-11.3213685400073,435.379154202721));
#4369=CARTESIAN_POINT('Ctrl Pts',(-4.23256601854601,-12.337894370326,435.471791826934));
#4370=CARTESIAN_POINT('Ctrl Pts',(-2.09148914316582,-12.8749340098772,435.564429451148));
#4371=CARTESIAN_POINT('Ctrl Pts',(0.0475729092736671,-12.8670253128413,
435.657067075362));
#4372=CARTESIAN_POINT('Ctrl Pts',(2.18663496171315,-12.8591166158055,435.749704699575));
#4373=CARTESIAN_POINT('Ctrl Pts',(4.32368219121252,-12.3062595821827,435.842342323789));
#4374=CARTESIAN_POINT('Ctrl Pts',(6.19822042367779,-11.2758444101761,435.934979948002));
#4375=CARTESIAN_POINT('Ctrl Pts',(8.07275865614392,-10.2454292381691,436.027617572216));
#4376=CARTESIAN_POINT('Ctrl Pts',(9.68478789157628,-8.73745592777748,436.12025519643));
#4377=CARTESIAN_POINT('Ctrl Pts',(10.8378107299627,-6.93573804036037,436.212892820643));
#4378=CARTESIAN_POINT('Ctrl Pts',(11.9908335683491,-5.13402015294327,436.305530444857));
#4379=CARTESIAN_POINT('Ctrl Pts',(12.6848500096901,-3.03855768849999,436.398168069071));
#4380=CARTESIAN_POINT('Ctrl Pts',(12.8352633089068,-0.90477586949925,436.490805693284));
#4381=CARTESIAN_POINT('Ctrl Pts',(12.9856766081235,1.22900594950149,436.583443317498));
#4382=CARTESIAN_POINT('Ctrl Pts',(12.5924867652169,3.40110712305768,436.676080941712));
#4383=CARTESIAN_POINT('Ctrl Pts',(11.7036214356801,5.34676059621957,436.768718565925));
#4384=CARTESIAN_POINT('Ctrl Pts',(10.8147561061437,7.29241406938056,436.861356190139));
#4385=CARTESIAN_POINT('Ctrl Pts',(9.43021528997756,9.01161984214523,436.953993814352));
#4386=CARTESIAN_POINT('Ctrl Pts',(7.71876681384839,10.2948162905624,437.046631438566));
#4387=CARTESIAN_POINT('Ctrl Pts',(6.00731833771845,11.5780127389802,437.139269062779));
#4388=CARTESIAN_POINT('Ctrl Pts',(3.96896220162462,12.4251998630505,437.231906686993));
#4389=CARTESIAN_POINT('Ctrl Pts',(1.85216268415288,12.733110263185,437.324544311207));
#4390=CARTESIAN_POINT('Ctrl Pts',(-0.264636833318856,13.0410206633195,437.417181935421));
#4391=CARTESIAN_POINT('Ctrl Pts',(-2.45987973216912,12.8096543395183,437.509819559634));
#4392=CARTESIAN_POINT('Ctrl Pts',(-4.46597810981043,12.0672135601261,437.602457183848));
#4393=CARTESIAN_POINT('Ctrl Pts',(-6.47207648745174,11.3247727807339,437.695094808062));
#4394=CARTESIAN_POINT('Ctrl Pts',(-8.28903034388463,10.0712575457505,437.787732432275));
#4395=CARTESIAN_POINT('Ctrl Pts',(-9.69536310729297,8.4594643920723,437.880370056489));
#4396=CARTESIAN_POINT('Ctrl Pts',(-11.1016958707013,6.8476712383941,437.973007680702));
#4397=CARTESIAN_POINT('Ctrl Pts',(-12.0974075410855,4.8776001660207,438.065645304916));
#4398=CARTESIAN_POINT('Ctrl Pts',(-12.5611264025412,2.78939188397366,438.15828292913));
#4399=CARTESIAN_POINT('Ctrl Pts',(-12.7642332278306,1.87476582503367,438.198857801796));
#4400=CARTESIAN_POINT('Ctrl Pts',(-12.8652824708305,0.937476305619329,438.239432674462));
#4401=CARTESIAN_POINT('Ctrl Pts',(-12.8649734068262,0.000121153017182143,
438.280007547128));
#4402=CARTESIAN_POINT('Ctrl Pts',(-12.8649097461175,3.12076278674578E-5,
435.469992452894));
#4403=CARTESIAN_POINT('Ctrl Pts',(-12.8648165814713,-1.10351334433864,435.517760415166));
#4404=CARTESIAN_POINT('Ctrl Pts',(-12.4518152690978,-4.34725836531392,435.658166001652));
#4405=CARTESIAN_POINT('Ctrl Pts',(-9.75689688224265,-9.202524649888,435.891209212351));
#4406=CARTESIAN_POINT('Ctrl Pts',(-4.16448148277207,-12.749140782114,436.169122084992));
#4407=CARTESIAN_POINT('Ctrl Pts',(2.44318818848819,-13.187658176422,436.447034957633));
#4408=CARTESIAN_POINT('Ctrl Pts',(8.45523575039099,-10.411171168885,436.724947830274));
#4409=CARTESIAN_POINT('Ctrl Pts',(12.4059908680642,-5.09655641428802,437.002860702915));
#4410=CARTESIAN_POINT('Ctrl Pts',(13.3323033806525,1.46054211468236,437.280773575555));
#4411=CARTESIAN_POINT('Ctrl Pts',(11.0083485992214,7.66157671896148,437.558686448197));
#4412=CARTESIAN_POINT('Ctrl Pts',(6.00068085449867,11.9948041244932,437.836599320837));
#4413=CARTESIAN_POINT('Ctrl Pts',(-0.469886148241055,13.4038316801653,438.114512193478));
#4414=CARTESIAN_POINT('Ctrl Pts',(-6.82590013370244,11.5451541378728,438.392425066119));
#4415=CARTESIAN_POINT('Ctrl Pts',(-11.5178355782411,6.8718964118442,438.67033793876));
#4416=CARTESIAN_POINT('Ctrl Pts',(-12.8229757323894,2.4739770265594,438.862860401019));
#4417=CARTESIAN_POINT('Ctrl Pts',(-12.8670408020547,0.16751926127406,438.962745239063));
#4418=CARTESIAN_POINT('Ctrl Pts',(-12.8669321942794,0.000168460938884292,
438.969992452894));
#4419=CARTESIAN_POINT('Origin',(0.,0.,-483.969992452873));
#4420=CARTESIAN_POINT('',(-12.8658759109512,0.00033403054070016,431.280007547127));
#4421=CARTESIAN_POINT('',(-12.8667813944236,-0.000224209048333979,431.969992452894));
#4422=CARTESIAN_POINT('',(-12.866,-2.94682877995754E-10,-483.969992452873));
#4423=CARTESIAN_POINT('Ctrl Pts',(-12.8658759109512,0.00033403054070016,
431.280007547127));
#4424=CARTESIAN_POINT('Ctrl Pts',(-12.8642585639286,-1.60389419006201,431.349463026667));
#4425=CARTESIAN_POINT('Ctrl Pts',(-12.5633948028825,-3.20871200983901,431.418918506207));
#4426=CARTESIAN_POINT('Ctrl Pts',(-11.9773785552596,-4.70159616800558,431.488373985748));
#4427=CARTESIAN_POINT('Ctrl Pts',(-11.1957677552214,-6.6927600409563,431.581011609961));
#4428=CARTESIAN_POINT('Ctrl Pts',(-9.90688722020799,-8.48480042197557,431.673649234175));
#4429=CARTESIAN_POINT('Ctrl Pts',(-8.26784432053777,-9.8592775533681,431.766286858389));
#4430=CARTESIAN_POINT('Ctrl Pts',(-6.6288014208683,-11.23375468476,431.858924482602));
#4431=CARTESIAN_POINT('Ctrl Pts',(-4.63959615654276,-12.1906685665252,431.951562106816));
#4432=CARTESIAN_POINT('Ctrl Pts',(-2.54270158818374,-12.6133767174553,432.04419973103));
#4433=CARTESIAN_POINT('Ctrl Pts',(-0.445807019823769,-13.0360848683857,
432.136837355243));
#4434=CARTESIAN_POINT('Ctrl Pts',(1.75877685256922,-12.9245872884802,432.229474979457));
#4435=CARTESIAN_POINT('Ctrl Pts',(3.8023235136751,-12.2924749127403,432.322112603671));
#4436=CARTESIAN_POINT('Ctrl Pts',(5.84587017478098,-11.6603625370004,432.414750227884));
#4437=CARTESIAN_POINT('Ctrl Pts',(7.72837962459915,-10.5076353654263,432.507387852098));
#4438=CARTESIAN_POINT('Ctrl Pts',(9.2203844290067,-8.97480443042229,432.600025476312));
#4439=CARTESIAN_POINT('Ctrl Pts',(10.7123892334142,-7.44197349541826,432.692663100525));
#4440=CARTESIAN_POINT('Ctrl Pts',(11.8138893924107,-5.52903879698482,432.785300724739));
#4441=CARTESIAN_POINT('Ctrl Pts',(12.390618161574,-3.46917643786953,432.877938348953));
#4442=CARTESIAN_POINT('Ctrl Pts',(12.9673469307371,-1.40931407875517,432.970575973166));
#4443=CARTESIAN_POINT('Ctrl Pts',(13.0193043100672,0.797475941040271,433.06321359738));
#4444=CARTESIAN_POINT('Ctrl Pts',(12.5401569839364,2.88219818909577,433.155851221593));
#4445=CARTESIAN_POINT('Ctrl Pts',(12.0610096578054,4.96692043715223,433.248488845807));
#4446=CARTESIAN_POINT('Ctrl Pts',(11.0507576262115,6.92957491347092,433.341126470021));
#4447=CARTESIAN_POINT('Ctrl Pts',(9.63254499423983,8.53092495084454,433.433764094235));
#4448=CARTESIAN_POINT('Ctrl Pts',(8.21433236226878,10.1322749882174,433.526401718448));
#4449=CARTESIAN_POINT('Ctrl Pts',(6.38815912991969,11.3723205866479,433.619039342662));
#4450=CARTESIAN_POINT('Ctrl Pts',(4.37662565966676,12.0999070830376,433.711676966875));
#4451=CARTESIAN_POINT('Ctrl Pts',(2.36509218941383,12.8274935794272,433.804314591089));
#4452=CARTESIAN_POINT('Ctrl Pts',(0.168198481257668,13.0426209737758,433.896952215303));
#4453=CARTESIAN_POINT('Ctrl Pts',(-1.94626633774068,12.7190664329413,433.989589839516));
#4454=CARTESIAN_POINT('Ctrl Pts',(-4.06073115673902,12.3955118921068,434.08222746373));
#4455=CARTESIAN_POINT('Ctrl Pts',(-6.09276708657897,11.5332754160894,434.174865087943));
#4456=CARTESIAN_POINT('Ctrl Pts',(-7.79468024667431,10.2374588367965,434.267502712157));
#4457=CARTESIAN_POINT('Ctrl Pts',(-9.49659340677042,8.9416422575029,434.36014033637));
#4458=CARTESIAN_POINT('Ctrl Pts',(-10.8683837971212,7.21224557493367,434.452777960584));
#4459=CARTESIAN_POINT('Ctrl Pts',(-11.7428377970679,5.26007262827714,434.545415584798));
#4460=CARTESIAN_POINT('Ctrl Pts',(-12.4809823740541,3.61220335899413,434.623612905575));
#4461=CARTESIAN_POINT('Ctrl Pts',(-12.8647551404565,1.80559720742631,434.701810226351));
#4462=CARTESIAN_POINT('Ctrl Pts',(-12.8665074354381,-0.000287791204034608,
434.780007547128));
#4463=CARTESIAN_POINT('Ctrl Pts',(-12.8667813944236,-0.000224209048333979,
431.969992452894));
#4464=CARTESIAN_POINT('Ctrl Pts',(-12.8669721204301,-0.234509777002034,
431.980137967055));
#4465=CARTESIAN_POINT('Ctrl Pts',(-12.8607047285902,-0.468785144206459,
431.990283481217));
#4466=CARTESIAN_POINT('Ctrl Pts',(-12.8479107968986,-0.702703548883055,
432.000428995379));
#4467=CARTESIAN_POINT('Ctrl Pts',(-12.7310907503855,-2.83858793323726,432.093066619592));
#4468=CARTESIAN_POINT('Ctrl Pts',(-12.070131911326,-4.94471119403957,432.185704243806));
#4469=CARTESIAN_POINT('Ctrl Pts',(-10.9456014868992,-6.76434861702633,432.278341868019));
#4470=CARTESIAN_POINT('Ctrl Pts',(-9.82107106247236,-8.58398604001309,432.370979492233));
#4471=CARTESIAN_POINT('Ctrl Pts',(-8.2329690526784,-10.1171376251839,432.463617116447));
#4472=CARTESIAN_POINT('Ctrl Pts',(-6.37487626177211,-11.1769207194903,432.556254740661));
#4473=CARTESIAN_POINT('Ctrl Pts',(-4.51678347086751,-12.2367038137957,432.648892364874));
#4474=CARTESIAN_POINT('Ctrl Pts',(-2.38869989885154,-12.8231184172373,432.741529989088));
#4475=CARTESIAN_POINT('Ctrl Pts',(-0.250027099812598,-12.8646838504502,
432.834167613301));
#4476=CARTESIAN_POINT('Ctrl Pts',(1.88864569922829,-12.9062492836633,432.926805237515));
#4477=CARTESIAN_POINT('Ctrl Pts',(4.03790772529159,-12.4029655466466,433.019442861728));
#4478=CARTESIAN_POINT('Ctrl Pts',(5.93577588850422,-11.4161801284023,433.112080485942));
#4479=CARTESIAN_POINT('Ctrl Pts',(7.83364405171686,-10.4293947101581,433.204718110156));
#4480=CARTESIAN_POINT('Ctrl Pts',(9.48011835207827,-8.9591076106865,433.297355734369));
#4481=CARTESIAN_POINT('Ctrl Pts',(10.6745027276963,-7.18453865179109,433.389993358583));
#4482=CARTESIAN_POINT('Ctrl Pts',(11.8688871033144,-5.40996969289567,433.482630982797));
#4483=CARTESIAN_POINT('Ctrl Pts',(12.6111815541887,-3.33111887457702,433.575268607011));
#4484=CARTESIAN_POINT('Ctrl Pts',(12.8109045143318,-1.20138655200982,433.667906231224));
#4485=CARTESIAN_POINT('Ctrl Pts',(13.0106274744747,0.928345770555432,433.760543855438));
#4486=CARTESIAN_POINT('Ctrl Pts',(12.6677789438866,3.10895959737119,433.853181479651));
#4487=CARTESIAN_POINT('Ctrl Pts',(11.8241502520166,5.07465022838136,433.945819103865));
#4488=CARTESIAN_POINT('Ctrl Pts',(10.9805215601463,7.04034085939242,434.038456728078));
#4489=CARTESIAN_POINT('Ctrl Pts',(9.63611270699363,8.79110829459993,434.131094352292));
#4490=CARTESIAN_POINT('Ctrl Pts',(7.95479965608944,10.1135437189027,434.223731976506));
#4491=CARTESIAN_POINT('Ctrl Pts',(6.27348660518373,11.4359791432066,434.316369600719));
#4492=CARTESIAN_POINT('Ctrl Pts',(4.2552693565264,12.3300825566045,434.409007224933));
#4493=CARTESIAN_POINT('Ctrl Pts',(2.14615737030748,12.6868677247204,434.501644849147));
#4494=CARTESIAN_POINT('Ctrl Pts',(0.0370453840904744,13.0436528928358,434.59428247336));
#4495=CARTESIAN_POINT('Ctrl Pts',(-2.16296133968734,12.8631198156701,434.686920097574));
#4496=CARTESIAN_POINT('Ctrl Pts',(-4.18569421467072,12.1672744714644,434.779557721787));
#4497=CARTESIAN_POINT('Ctrl Pts',(-6.20842708965411,11.4714291272586,434.872195346001));
#4498=CARTESIAN_POINT('Ctrl Pts',(-8.05388611584253,10.2602715160129,434.964832970215));
#4499=CARTESIAN_POINT('Ctrl Pts',(-9.49712009973249,8.6814350158216,435.057470594428));
#4500=CARTESIAN_POINT('Ctrl Pts',(-10.9403540836225,7.10259851563025,435.150108218642));
#4501=CARTESIAN_POINT('Ctrl Pts',(-11.9813630252136,5.15608312649357,435.242745842855));
#4502=CARTESIAN_POINT('Ctrl Pts',(-12.4932537231205,3.07915825062835,435.335383467069));
#4503=CARTESIAN_POINT('Ctrl Pts',(-12.7411914564235,2.07318559266002,435.380253129011));
#4504=CARTESIAN_POINT('Ctrl Pts',(-12.8649972580392,1.0366186739738,435.425122790952));
#4505=CARTESIAN_POINT('Ctrl Pts',(-12.8649097461175,3.12076278680129E-5,
435.469992452894));
#4506=CARTESIAN_POINT('Origin',(0.,0.,-483.969992452873));
#4507=CARTESIAN_POINT('',(-12.8653196607915,-0.000269898333622686,427.780007547128));
#4508=CARTESIAN_POINT('',(-12.8655807334833,0.000314800661607717,428.469992452893));
#4509=CARTESIAN_POINT('',(-12.866,-2.94682877995754E-10,-483.969992452873));
#4510=CARTESIAN_POINT('Ctrl Pts',(-12.8653196607915,-0.000269898333622176,
427.780007547127));
#4511=CARTESIAN_POINT('Ctrl Pts',(-12.8658791305359,-0.735615557230472,
427.811840578557));
#4512=CARTESIAN_POINT('Ctrl Pts',(-12.6234720104413,-3.61053316468187,427.9363112342));
#4513=CARTESIAN_POINT('Ctrl Pts',(-10.5097717258965,-8.33235827276398,428.153419514057));
#4514=CARTESIAN_POINT('Ctrl Pts',(-5.24193092391027,-12.3452685797069,428.431332386698));
#4515=CARTESIAN_POINT('Ctrl Pts',(1.30383434116677,-13.3485397001674,428.709245259339));
#4516=CARTESIAN_POINT('Ctrl Pts',(7.53173929397055,-11.0975852924778,428.98715813198));
#4517=CARTESIAN_POINT('Ctrl Pts',(11.9234899683022,-6.1411630080913,429.265071004621));
#4518=CARTESIAN_POINT('Ctrl Pts',(13.4084263909589,0.312406521039076,429.542983877261));
#4519=CARTESIAN_POINT('Ctrl Pts',(11.6245375762576,6.68981481465168,429.820896749902));
#4520=CARTESIAN_POINT('Ctrl Pts',(7.00671577837507,11.4363206547045,430.098809622543));
#4521=CARTESIAN_POINT('Ctrl Pts',(0.680734596272138,13.3947787038678,430.376722495185));
#4522=CARTESIAN_POINT('Ctrl Pts',(-5.81120210986907,12.0877386700082,430.654635367825));
#4523=CARTESIAN_POINT('Ctrl Pts',(-10.8864323687167,7.83384237762727,430.932548240466));
#4524=CARTESIAN_POINT('Ctrl Pts',(-12.7025598101915,3.21056311118953,431.141005633567));
#4525=CARTESIAN_POINT('Ctrl Pts',(-12.866415732617,0.535777035837786,431.256825402454));
#4526=CARTESIAN_POINT('Ctrl Pts',(-12.8658759109512,0.000334030540700414,
431.280007547127));
#4527=CARTESIAN_POINT('Ctrl Pts',(-12.8655807334833,0.000314800661607717,
428.469992452893));
#4528=CARTESIAN_POINT('Ctrl Pts',(-12.8642045758056,-1.50481494367358,428.535153143158));
#4529=CARTESIAN_POINT('Ctrl Pts',(-12.6001533632397,-3.01041486277152,428.600313833423));
#4530=CARTESIAN_POINT('Ctrl Pts',(-12.0829128470853,-4.42332694387563,428.665474523688));
#4531=CARTESIAN_POINT('Ctrl Pts',(-11.3475625558463,-6.43203522925846,428.758112147901));
#4532=CARTESIAN_POINT('Ctrl Pts',(-10.1004729078367,-8.25340536913849,428.850749772115));
#4533=CARTESIAN_POINT('Ctrl Pts',(-8.49365719663017,-9.66542247130506,428.943387396329));
#4534=CARTESIAN_POINT('Ctrl Pts',(-6.88684148542365,-11.0774395734716,429.036025020542));
#4535=CARTESIAN_POINT('Ctrl Pts',(-4.92029971102022,-12.0801036379247,429.128662644756));
#4536=CARTESIAN_POINT('Ctrl Pts',(-2.83374238064316,-12.5511954905827,429.221300268969));
#4537=CARTESIAN_POINT('Ctrl Pts',(-0.747185050266096,-13.0222873432407,
429.313937893183));
#4538=CARTESIAN_POINT('Ctrl Pts',(1.45938783608459,-12.9618069841035,429.406575517397));
#4539=CARTESIAN_POINT('Ctrl Pts',(3.51700731334703,-12.3771266326454,429.49921314161));
#4540=CARTESIAN_POINT('Ctrl Pts',(5.57462679061134,-11.7924462811867,429.591850765824));
#4541=CARTESIAN_POINT('Ctrl Pts',(7.48329285878711,-10.683565937406,429.684488390038));
#4542=CARTESIAN_POINT('Ctrl Pts',(9.01034973741839,-9.185651949213,429.777126014251));
#4543=CARTESIAN_POINT('Ctrl Pts',(10.5374066160483,-7.68773796102139,429.869763638465));
#4544=CARTESIAN_POINT('Ctrl Pts',(11.6828543051344,-5.80079032841821,429.962401262679));
#4545=CARTESIAN_POINT('Ctrl Pts',(12.3070691007094,-3.75481747532945,430.055038886892));
#4546=CARTESIAN_POINT('Ctrl Pts',(12.9312838962845,-1.70884462224068,430.147676511106));
#4547=CARTESIAN_POINT('Ctrl Pts',(13.0342657983485,0.496153451333676,430.240314135319));
#4548=CARTESIAN_POINT('Ctrl Pts',(12.603461885677,2.59139974125234,430.332951759533));
#4549=CARTESIAN_POINT('Ctrl Pts',(12.1726579730056,4.68664603117101,430.425589383747));
#4550=CARTESIAN_POINT('Ctrl Pts',(11.2080682455987,6.67214053743398,430.51822700796));
#4551=CARTESIAN_POINT('Ctrl Pts',(9.82727082756671,8.30586252019214,430.610864632174));
#4552=CARTESIAN_POINT('Ctrl Pts',(8.4464734095335,9.93958450295179,430.703502256387));
#4553=CARTESIAN_POINT('Ctrl Pts',(6.64946830087443,11.2215339622059,430.796139880601));
#4554=CARTESIAN_POINT('Ctrl Pts',(4.65530043197802,11.9954483872301,430.888777504815));
#4555=CARTESIAN_POINT('Ctrl Pts',(2.66113256308343,12.7693628122536,430.981415129028));
#4556=CARTESIAN_POINT('Ctrl Pts',(0.469801933951864,13.035242203048,431.074052753242));
#4557=CARTESIAN_POINT('Ctrl Pts',(-1.65158043675431,12.7606773403141,431.166690377456));
#4558=CARTESIAN_POINT('Ctrl Pts',(-3.77296280746048,12.4861124775803,431.259328001669));
#4559=CARTESIAN_POINT('Ctrl Pts',(-5.82439691974126,11.6711033613183,431.351965625883));
#4560=CARTESIAN_POINT('Ctrl Pts',(-7.55582436243517,10.4149950708921,431.444603250096));
#4561=CARTESIAN_POINT('Ctrl Pts',(-9.28725180512987,9.15888678046537,431.53724087431));
#4562=CARTESIAN_POINT('Ctrl Pts',(-10.6986725782374,7.46167931587402,431.629878498524));
#4563=CARTESIAN_POINT('Ctrl Pts',(-11.6180423378079,5.53025282962545,431.722516122737));
#4564=CARTESIAN_POINT('Ctrl Pts',(-12.4367242937491,3.81035286874636,431.80500823279));
#4565=CARTESIAN_POINT('Ctrl Pts',(-12.8652306212972,1.90472713667172,431.887500342842));
#4566=CARTESIAN_POINT('Ctrl Pts',(-12.8667813944236,-0.000224209048333979,
431.969992452894));
#4567=CARTESIAN_POINT('Origin',(0.,0.,-483.969992452873));
#4568=CARTESIAN_POINT('',(-12.8669938488691,0.000137227256920346,424.280007547127));
#4569=CARTESIAN_POINT('',(-12.8655767490158,-0.000314338447994778,424.969992452893));
#4570=CARTESIAN_POINT('',(-12.866,-2.94682877995754E-10,-483.969992452873));
#4571=CARTESIAN_POINT('Ctrl Pts',(-12.8669938488691,0.000137227256920346,
424.280007547127));
#4572=CARTESIAN_POINT('Ctrl Pts',(-12.865898021167,-2.00531135535251,424.36685575466));
#4573=CARTESIAN_POINT('Ctrl Pts',(-12.38926885344,-4.01126259986607,424.453703962193));
#4574=CARTESIAN_POINT('Ctrl Pts',(-11.485116680502,-5.80126696664201,424.540552169725));
#4575=CARTESIAN_POINT('Ctrl Pts',(-10.5206925247465,-7.71059539817906,424.633189793939));
#4576=CARTESIAN_POINT('Ctrl Pts',(-9.06984706504721,-9.37422673138066,424.725827418152));
#4577=CARTESIAN_POINT('Ctrl Pts',(-7.30943029542584,-10.5893735574541,424.818465042366));
#4578=CARTESIAN_POINT('Ctrl Pts',(-5.54901352580528,-11.8045203835269,424.91110266658));
#4579=CARTESIAN_POINT('Ctrl Pts',(-3.47902544626337,-12.5711827024717,425.003740290794));
#4580=CARTESIAN_POINT('Ctrl Pts',(-1.35178609339974,-12.7959086406823,425.096377915007));
#4581=CARTESIAN_POINT('Ctrl Pts',(0.775453259465829,-13.0206345788931,425.189015539221));
#4582=CARTESIAN_POINT('Ctrl Pts',(2.95994388565266,-12.7034241363685,425.281653163434));
#4583=CARTESIAN_POINT('Ctrl Pts',(4.93540852482318,-11.8829435021841,425.374290787648));
#4584=CARTESIAN_POINT('Ctrl Pts',(6.9108731639919,-11.0624628680005,425.466928411862));
#4585=CARTESIAN_POINT('Ctrl Pts',(8.6773118161441,-9.73871204215829,425.559566036075));
#4586=CARTESIAN_POINT('Ctrl Pts',(10.0194054319738,-8.07304888952937,425.652203660289));
#4587=CARTESIAN_POINT('Ctrl Pts',(11.3614990478034,-6.40738573690046,425.744841284503));
#4588=CARTESIAN_POINT('Ctrl Pts',(12.2792476273101,-4.3998102574854,425.837478908716));
#4589=CARTESIAN_POINT('Ctrl Pts',(12.6607827218496,-2.29503473897726,425.93011653293));
#4590=CARTESIAN_POINT('Ctrl Pts',(13.0423178163892,-0.190259220468157,426.022754157143));
#4591=CARTESIAN_POINT('Ctrl Pts',(12.8876394259607,2.01171633713625,426.115391781357));
#4592=CARTESIAN_POINT('Ctrl Pts',(12.2156019862588,4.0424833575794,426.208029405571));
#4593=CARTESIAN_POINT('Ctrl Pts',(11.5435645465572,6.07325037802163,426.300667029784));
#4594=CARTESIAN_POINT('Ctrl Pts',(10.3541680575831,7.93280886130498,426.393304653998));
#4595=CARTESIAN_POINT('Ctrl Pts',(8.79239333762962,9.39448896850717,426.485942278212));
#4596=CARTESIAN_POINT('Ctrl Pts',(7.23061861767614,10.8561690757094,426.578579902425));
#4597=CARTESIAN_POINT('Ctrl Pts',(5.29646566674381,11.9199708068299,426.671217526639));
#4598=CARTESIAN_POINT('Ctrl Pts',(3.22569697457429,12.4562226461805,426.763855150853));
#4599=CARTESIAN_POINT('Ctrl Pts',(1.15492828240288,12.9924744855315,426.856492775066));
#4600=CARTESIAN_POINT('Ctrl Pts',(-1.05245615100538,13.0011764331115,426.94913039928));
#4601=CARTESIAN_POINT('Ctrl Pts',(-3.12738843751504,12.481267769898,427.041768023494));
#4602=CARTESIAN_POINT('Ctrl Pts',(-5.2023207240228,11.961359106685,427.134405647707));
#4603=CARTESIAN_POINT('Ctrl Pts',(-7.14480086363168,10.9128398326797,427.227043271921));
#4604=CARTESIAN_POINT('Ctrl Pts',(-8.71805132860409,9.46351861702725,427.319680896134));
#4605=CARTESIAN_POINT('Ctrl Pts',(-10.2913017935765,8.01419740137478,427.412318520348));
#4606=CARTESIAN_POINT('Ctrl Pts',(-11.4953225839121,6.16407424407545,427.504956144562));
#4607=CARTESIAN_POINT('Ctrl Pts',(-12.1833502603008,4.13866887028004,427.597593768775));
#4608=CARTESIAN_POINT('Ctrl Pts',(-12.6349512490151,2.80925277156428,427.658398361559));
#4609=CARTESIAN_POINT('Ctrl Pts',(-12.8642510120183,1.40432122405844,427.719202954343));
#4610=CARTESIAN_POINT('Ctrl Pts',(-12.8653196607915,-0.000269898333622686,
427.780007547128));
#4611=CARTESIAN_POINT('Ctrl Pts',(-12.8655767490158,-0.000314338447994778,
424.969992452893));
#4612=CARTESIAN_POINT('Ctrl Pts',(-12.8661572072532,-0.636413557868148,
424.997530695047));
#4613=CARTESIAN_POINT('Ctrl Pts',(-12.8198234001951,-1.27242896512896,425.025068937202));
#4614=CARTESIAN_POINT('Ctrl Pts',(-12.7258616326481,-1.90132843805858,425.052607179356));
#4615=CARTESIAN_POINT('Ctrl Pts',(-12.4097777350734,-4.01692291628103,425.145244803569));
#4616=CARTESIAN_POINT('Ctrl Pts',(-11.5547241098614,-6.05199172952638,425.237882427783));
#4617=CARTESIAN_POINT('Ctrl Pts',(-10.2649270393492,-7.75847130558033,425.330520051997));
#4618=CARTESIAN_POINT('Ctrl Pts',(-8.9751299688365,-9.46495088163505,425.42315767621));
#4619=CARTESIAN_POINT('Ctrl Pts',(-7.25058945302238,-10.8428412205008,425.515795300424));
#4620=CARTESIAN_POINT('Ctrl Pts',(-5.30151739137118,-11.7241851517137,425.608432924638));
#4621=CARTESIAN_POINT('Ctrl Pts',(-3.35244532971997,-12.6055290829267,425.701070548851));
#4622=CARTESIAN_POINT('Ctrl Pts',(-1.17884172223167,-12.9903266064867,425.793708173065));
#4623=CARTESIAN_POINT('Ctrl Pts',(0.954343237797213,-12.8316730439622,425.886345797279));
#4624=CARTESIAN_POINT('Ctrl Pts',(3.08752819782512,-12.6730194814378,425.978983421493));
#4625=CARTESIAN_POINT('Ctrl Pts',(5.18029451039366,-11.9709148328293,426.071621045706));
#4626=CARTESIAN_POINT('Ctrl Pts',(6.97754559895653,-10.810941750706,426.16425866992));
#4627=CARTESIAN_POINT('Ctrl Pts',(8.77479668751939,-9.65096866858274,426.256896294133));
#4628=CARTESIAN_POINT('Ctrl Pts',(10.2765325520766,-8.0331271529447,426.349533918347));
#4629=CARTESIAN_POINT('Ctrl Pts',(11.2996999412332,-6.15462308844089,426.44217154256));
#4630=CARTESIAN_POINT('Ctrl Pts',(12.3228673303904,-4.27611902393623,426.534809166774));
#4631=CARTESIAN_POINT('Ctrl Pts',(12.8674662441465,-2.13695241056555,426.627446790988));
#4632=CARTESIAN_POINT('Ctrl Pts',(12.8671131031905,0.00212423646853477,
426.720084415201));
#4633=CARTESIAN_POINT('Ctrl Pts',(12.8667599622344,2.14120088350262,426.812722039415));
#4634=CARTESIAN_POINT('Ctrl Pts',(12.3214547665662,4.28018756420013,426.905359663629));
#4635=CARTESIAN_POINT('Ctrl Pts',(11.2976671873348,6.15835369615082,426.997997287842));
#4636=CARTESIAN_POINT('Ctrl Pts',(10.2738796081039,8.03651982810065,427.090634912056));
#4637=CARTESIAN_POINT('Ctrl Pts',(8.77160964531011,9.6538654113039,427.183272536269));
#4638=CARTESIAN_POINT('Ctrl Pts',(6.9739756539536,10.8132450125177,427.275910160483));
#4639=CARTESIAN_POINT('Ctrl Pts',(5.17634166259709,11.9726246137315,427.368547784697));
#4640=CARTESIAN_POINT('Ctrl Pts',(3.08334364267782,12.6740382329558,427.46118540891));
#4641=CARTESIAN_POINT('Ctrl Pts',(0.950106414579708,12.8319874502608,427.553823033124));
#4642=CARTESIAN_POINT('Ctrl Pts',(-1.18313081352035,12.989936667566,427.646460657338));
#4643=CARTESIAN_POINT('Ctrl Pts',(-3.35660724979931,12.6044214829507,427.739098281551));
#4644=CARTESIAN_POINT('Ctrl Pts',(-5.30538820242373,11.722434053739,427.831735905765));
#4645=CARTESIAN_POINT('Ctrl Pts',(-7.25416915504638,10.840446624528,427.924373529979));
#4646=CARTESIAN_POINT('Ctrl Pts',(-8.97825462401489,9.46198695072142,428.017011154192));
#4647=CARTESIAN_POINT('Ctrl Pts',(-10.2674881775453,7.7550816015464,428.109648778406));
#4648=CARTESIAN_POINT('Ctrl Pts',(-11.5567217310763,6.0481762523706,428.202286402619));
#4649=CARTESIAN_POINT('Ctrl Pts',(-12.4111033691688,4.01282522782608,428.294924026833));
#4650=CARTESIAN_POINT('Ctrl Pts',(-12.7264887209809,1.89712650011046,428.387561651047));
#4651=CARTESIAN_POINT('Ctrl Pts',(-12.8200341087619,1.26959622080391,428.415038584996));
#4652=CARTESIAN_POINT('Ctrl Pts',(-12.8661610311054,0.634997312486787,428.442515518944));
#4653=CARTESIAN_POINT('Ctrl Pts',(-12.8655807334833,0.000314800661607717,
428.469992452893));
#4654=CARTESIAN_POINT('Origin',(0.,0.,-483.969992452873));
#4655=CARTESIAN_POINT('',(-12.8649228932517,6.2336104758806E-5,420.780007547127));
#4656=CARTESIAN_POINT('',(-12.8667849195692,0.000223127706120013,421.469992452893));
#4657=CARTESIAN_POINT('',(-12.866,-2.94682877995754E-10,-483.969992452873));
#4658=CARTESIAN_POINT('Ctrl Pts',(-12.8649228932517,6.2336104758806E-5,
420.780007547127));
#4659=CARTESIAN_POINT('Ctrl Pts',(-12.8647308856482,-1.13715719163599,420.829233306549));
#4660=CARTESIAN_POINT('Ctrl Pts',(-12.7154075747017,-2.2744261810469,420.878459065971));
#4661=CARTESIAN_POINT('Ctrl Pts',(-12.4175849832808,-3.37137757689565,420.927684825394));
#4662=CARTESIAN_POINT('Ctrl Pts',(-11.8571146598108,-5.43572300055631,421.020322449607));
#4663=CARTESIAN_POINT('Ctrl Pts',(-10.7707308391222,-7.35728277191097,421.112960073821));
#4664=CARTESIAN_POINT('Ctrl Pts',(-9.29085766805366,-8.90182943978176,421.205597698035));
#4665=CARTESIAN_POINT('Ctrl Pts',(-7.81098449698578,-10.4463761076518,421.298235322248));
#4666=CARTESIAN_POINT('Ctrl Pts',(-5.93762197553757,-11.6139096720392,421.390872946462));
#4667=CARTESIAN_POINT('Ctrl Pts',(-3.89912257812688,-12.2621142835866,421.483510570675));
#4668=CARTESIAN_POINT('Ctrl Pts',(-1.86062318071619,-12.910318895134,421.576148194889));
#4669=CARTESIAN_POINT('Ctrl Pts',(0.343013092654961,-13.0391945538419,421.668785819103));
#4670=CARTESIAN_POINT('Ctrl Pts',(2.4431752337225,-12.633032033535,421.761423443316));
#4671=CARTESIAN_POINT('Ctrl Pts',(4.54333737479195,-12.2268695132278,421.85406106753));
#4672=CARTESIAN_POINT('Ctrl Pts',(6.54002538355536,-11.2856688139043,421.946698691743));
#4673=CARTESIAN_POINT('Ctrl Pts',(8.18985409444997,-9.92415706720817,422.039336315957));
#4674=CARTESIAN_POINT('Ctrl Pts',(9.83968280534307,-8.56264532051328,422.131973940171));
#4675=CARTESIAN_POINT('Ctrl Pts',(11.1426522183685,-6.78082252644609,422.224611564384));
#4676=CARTESIAN_POINT('Ctrl Pts',(11.9399376073197,-4.79588297566873,422.317249188598));
#4677=CARTESIAN_POINT('Ctrl Pts',(12.7372229962716,-2.81094342488955,422.409886812812));
#4678=CARTESIAN_POINT('Ctrl Pts',(13.0288243611486,-0.622887117399096,422.502524437025));
#4679=CARTESIAN_POINT('Ctrl Pts',(12.7791971170392,1.50157404973998,422.595162061239));
#4680=CARTESIAN_POINT('Ctrl Pts',(12.5295698729301,3.62603521687713,422.687799685453));
#4681=CARTESIAN_POINT('Ctrl Pts',(11.7387140198357,5.68690124366384,422.780437309666));
#4682=CARTESIAN_POINT('Ctrl Pts',(10.5030304886457,7.4329640210064,422.87307493388));
#4683=CARTESIAN_POINT('Ctrl Pts',(9.26734695745573,9.17902679834895,422.965712558093));
#4684=CARTESIAN_POINT('Ctrl Pts',(7.58683574816983,10.610286326248,423.058350182307));
#4685=CARTESIAN_POINT('Ctrl Pts',(5.66634183261451,11.5522800268587,423.150987806521));
#4686=CARTESIAN_POINT('Ctrl Pts',(3.74584791705832,12.49427372747,423.243625430734));
#4687=CARTESIAN_POINT('Ctrl Pts',(1.58537129523475,12.9470016007924,423.336263054948));
#4688=CARTESIAN_POINT('Ctrl Pts',(-0.551737946123487,12.8552786364903,423.428900679162));
#4689=CARTESIAN_POINT('Ctrl Pts',(-2.6888471874827,12.7635556721882,423.521538303375));
#4690=CARTESIAN_POINT('Ctrl Pts',(-4.8025890483748,12.12738187026,423.614175927589));
#4691=CARTESIAN_POINT('Ctrl Pts',(-6.63531014954717,11.0243032796777,423.706813551803));
#4692=CARTESIAN_POINT('Ctrl Pts',(-8.46803125071787,9.92122468909647,423.799451176016));
#4693=CARTESIAN_POINT('Ctrl Pts',(-10.0197315921703,8.35124130986146,423.89208880023));
#4694=CARTESIAN_POINT('Ctrl Pts',(-11.1012675306059,6.50572538591298,423.984726424443));
#4695=CARTESIAN_POINT('Ctrl Pts',(-12.1828034690414,4.6602094619645,424.077364048657));
#4696=CARTESIAN_POINT('Ctrl Pts',(-12.7941750044607,2.53916099330172,424.170001672871));
#4697=CARTESIAN_POINT('Ctrl Pts',(-12.8608593462648,0.401123994035015,424.262639297084));
#4698=CARTESIAN_POINT('Ctrl Pts',(-12.8650268046174,0.267506717327472,424.268428713765));
#4699=CARTESIAN_POINT('Ctrl Pts',(-12.8670668981969,0.133823089139675,424.274218130446));
#4700=CARTESIAN_POINT('Ctrl Pts',(-12.8669938488691,0.000137227256920346,
424.280007547127));
#4701=CARTESIAN_POINT('Ctrl Pts',(-12.8667849195692,0.000223127706120013,
421.469992452893));
#4702=CARTESIAN_POINT('Ctrl Pts',(-12.8652386680719,-1.90614246663225,421.552545871151));
#4703=CARTESIAN_POINT('Ctrl Pts',(-12.4360743778572,-3.81318099765146,421.635099289408));
#4704=CARTESIAN_POINT('Ctrl Pts',(-11.6162157215857,-5.53408858189507,421.717652707665));
#4705=CARTESIAN_POINT('Ctrl Pts',(-10.6962082923191,-7.46521140468211,421.810290331879));
#4706=CARTESIAN_POINT('Ctrl Pts',(-9.28422721094471,-9.16195275281557,421.902927956093));
#4707=CARTESIAN_POINT('Ctrl Pts',(-7.55238511987498,-10.4174892907921,421.995565580306));
#4708=CARTESIAN_POINT('Ctrl Pts',(-5.82054302880604,-11.673025828768,422.08820320452));
#4709=CARTESIAN_POINT('Ctrl Pts',(-3.76883992804159,-12.4873575565876,422.180840828733));
#4710=CARTESIAN_POINT('Ctrl Pts',(-1.64736701694403,-12.7612219647713,422.273478452947));
#4711=CARTESIAN_POINT('Ctrl Pts',(0.474105894154494,-13.0350863729551,422.366116077161));
#4712=CARTESIAN_POINT('Ctrl Pts',(2.66534861558377,-12.7684834615031,422.458753701374));
#4713=CARTESIAN_POINT('Ctrl Pts',(4.65926084414661,-11.9939106428587,422.551391325588));
#4714=CARTESIAN_POINT('Ctrl Pts',(6.65317307270945,-11.2193378242143,422.644028949801));
#4715=CARTESIAN_POINT('Ctrl Pts',(8.44975480840534,-9.93679509837563,422.736666574015));
#4716=CARTESIAN_POINT('Ctrl Pts',(9.83001272765113,-8.30261729196842,422.829304198229));
#4717=CARTESIAN_POINT('Ctrl Pts',(11.2102706468963,-6.66843948556196,422.921941822442));
#4718=CARTESIAN_POINT('Ctrl Pts',(12.1742047496947,-4.68262659858524,423.014579446656));
#4719=CARTESIAN_POINT('Ctrl Pts',(12.6043168289297,-2.58723817972671,423.10721707087));
#4720=CARTESIAN_POINT('Ctrl Pts',(13.0344289081649,-0.491849760867215,423.199854695083));
#4721=CARTESIAN_POINT('Ctrl Pts',(12.9307189638368,1.71311418987206,423.292492319297));
#4722=CARTESIAN_POINT('Ctrl Pts',(12.3058286614733,3.75888082773829,423.38512994351));
#4723=CARTESIAN_POINT('Ctrl Pts',(11.6809383591098,5.80464746560453,423.477767567724));
#4724=CARTESIAN_POINT('Ctrl Pts',(10.5348676987104,7.69121679059554,423.570405191938));
#4725=CARTESIAN_POINT('Ctrl Pts',(9.00731632098205,9.18862649237886,423.663042816151));
#4726=CARTESIAN_POINT('Ctrl Pts',(7.47976494325369,10.6860361941622,423.755680440365));
#4727=CARTESIAN_POINT('Ctrl Pts',(5.5707328481958,11.7942862727383,423.848318064579));
#4728=CARTESIAN_POINT('Ctrl Pts',(3.51292043290633,12.3782872060211,423.940955688793));
#4729=CARTESIAN_POINT('Ctrl Pts',(1.45510801761779,12.9622881393036,424.033593313006));
#4730=CARTESIAN_POINT('Ctrl Pts',(-0.751484717902807,13.0220399272935,424.12623093722));
#4731=CARTESIAN_POINT('Ctrl Pts',(-2.83788638908956,12.5502591592882,424.218868561433));
#4732=CARTESIAN_POINT('Ctrl Pts',(-4.92428806027726,12.0784783912826,424.311506185647));
#4733=CARTESIAN_POINT('Ctrl Pts',(-6.89049866713157,11.0751650672813,424.40414380986));
#4734=CARTESIAN_POINT('Ctrl Pts',(-8.49684806991127,9.66261750249493,424.496781434074));
#4735=CARTESIAN_POINT('Ctrl Pts',(-10.103197472691,8.25006993770851,424.589419058288));
#4736=CARTESIAN_POINT('Ctrl Pts',(-11.3496856713965,6.42828813213662,424.682056682501));
#4737=CARTESIAN_POINT('Ctrl Pts',(-12.0843726857795,4.41933715774929,424.774694306715));
#4738=CARTESIAN_POINT('Ctrl Pts',(-12.6006604365652,3.00758390813412,424.839793688774));
#4739=CARTESIAN_POINT('Ctrl Pts',(-12.8642045672927,1.50340060024843,424.904893070834));
#4740=CARTESIAN_POINT('Ctrl Pts',(-12.8655767490158,-0.000314338447994778,
424.969992452893));
#4741=CARTESIAN_POINT('Origin',(0.,0.,-483.969992452873));
#4742=CARTESIAN_POINT('',(-12.8666939447276,-0.000248535595496128,417.280007547127));
#4743=CARTESIAN_POINT('',(-12.8649093848853,-2.98913284818569E-5,417.969992452893));
#4744=CARTESIAN_POINT('',(-12.866,-2.94682877995754E-10,-483.969992452873));
#4745=CARTESIAN_POINT('Ctrl Pts',(-12.8666939447276,-0.000248535595496128,
417.280007547127));
#4746=CARTESIAN_POINT('Ctrl Pts',(-12.866929342525,-0.268203595291412,417.291610858439));
#4747=CARTESIAN_POINT('Ctrl Pts',(-12.8587300790019,-0.536144264425598,
417.30321416975));
#4748=CARTESIAN_POINT('Ctrl Pts',(-12.8419978725484,-0.803551009245884,
417.314817481062));
#4749=CARTESIAN_POINT('Ctrl Pts',(-12.7084125698629,-2.93845240710543,417.407455105275));
#4750=CARTESIAN_POINT('Ctrl Pts',(-12.0309389006788,-5.03932155778993,417.500092729489));
#4751=CARTESIAN_POINT('Ctrl Pts',(-10.8921571381355,-6.8500741938435,417.592730353703));
#4752=CARTESIAN_POINT('Ctrl Pts',(-9.75337537559166,-8.6608268298979,417.685367977916));
#4753=CARTESIAN_POINT('Ctrl Pts',(-8.15328551968844,-10.1814629513207,417.77800560213));
#4754=CARTESIAN_POINT('Ctrl Pts',(-6.28692962646217,-11.2266254705013,417.870643226344));
#4755=CARTESIAN_POINT('Ctrl Pts',(-4.42057373323674,-12.2717879896815,417.963280850557));
#4756=CARTESIAN_POINT('Ctrl Pts',(-2.28795180268898,-12.8414769066196,418.055918474771));
#4757=CARTESIAN_POINT('Ctrl Pts',(-0.149018589576719,-12.8662503101314,
418.148556098984));
#4758=CARTESIAN_POINT('Ctrl Pts',(1.98991462353652,-12.8910237136433,418.241193723198));
#4759=CARTESIAN_POINT('Ctrl Pts',(4.13515911921367,-12.3708816037282,418.333831347412));
#4760=CARTESIAN_POINT('Ctrl Pts',(6.02522152219604,-11.3692264113027,418.426468971625));
#4761=CARTESIAN_POINT('Ctrl Pts',(7.91528392517755,-10.3675712188776,418.519106595839));
#4762=CARTESIAN_POINT('Ctrl Pts',(9.55016423546392,-8.88440294394277,418.611744220053));
#4763=CARTESIAN_POINT('Ctrl Pts',(10.7305796340843,-7.10051155196388,418.704381844266));
#4764=CARTESIAN_POINT('Ctrl Pts',(11.9109950327046,-5.31662015998499,418.79701946848));
#4765=CARTESIAN_POINT('Ctrl Pts',(12.6369455196586,-3.23200565096267,418.889657092693));
#4766=CARTESIAN_POINT('Ctrl Pts',(12.819941767279,-1.10077094191879,418.982294716907));
#4767=CARTESIAN_POINT('Ctrl Pts',(13.0029380148995,1.03046376712606,419.074932341121));
#4768=CARTESIAN_POINT('Ctrl Pts',(12.6429800231851,3.20831867619456,419.167569965335));
#4769=CARTESIAN_POINT('Ctrl Pts',(11.7839446697583,5.1673253819624,419.260207589548));
#4770=CARTESIAN_POINT('Ctrl Pts',(10.9249093163318,7.12633208772935,419.352845213762));
#4771=CARTESIAN_POINT('Ctrl Pts',(9.56679660119323,8.86649059019807,419.445482837975));
#4772=CARTESIAN_POINT('Ctrl Pts',(7.87515291244833,10.1756852441766,419.538120462189));
#4773=CARTESIAN_POINT('Ctrl Pts',(6.1835092237019,11.4848798981563,419.630758086403));
#4774=CARTESIAN_POINT('Ctrl Pts',(4.15833456135173,12.3631107036437,419.723395710616));
#4775=CARTESIAN_POINT('Ctrl Pts',(2.04648645562498,12.7033262089085,419.81603333483));
#4776=CARTESIAN_POINT('Ctrl Pts',(-0.0653616500998339,13.0435417141729,
419.908670959044));
#4777=CARTESIAN_POINT('Ctrl Pts',(-2.26388319920119,12.8457419192138,420.001308583257));
#4778=CARTESIAN_POINT('Ctrl Pts',(-4.28109063985254,12.1340375191592,420.093946207471));
#4779=CARTESIAN_POINT('Ctrl Pts',(-6.2982980805039,11.4223331191046,420.186583831685));
#4780=CARTESIAN_POINT('Ctrl Pts',(-8.13419141270779,10.1967241139546,420.279221455898));
#4781=CARTESIAN_POINT('Ctrl Pts',(-9.56498544786681,8.60660542636253,420.371859080112));
#4782=CARTESIAN_POINT('Ctrl Pts',(-10.9957794830265,7.0164867387697,420.464496704325));
#4783=CARTESIAN_POINT('Ctrl Pts',(-12.0214742211406,5.06185836873479,420.557134328539));
#4784=CARTESIAN_POINT('Ctrl Pts',(-12.5170431770717,2.98097864573356,420.649771952753));
#4785=CARTESIAN_POINT('Ctrl Pts',(-12.7492768153194,2.00583631075717,420.693183817544));
#4786=CARTESIAN_POINT('Ctrl Pts',(-12.8650922234606,1.00296855748421,420.736595682336));
#4787=CARTESIAN_POINT('Ctrl Pts',(-12.8649228932517,6.2336104758806E-5,
420.780007547127));
#4788=CARTESIAN_POINT('Ctrl Pts',(-12.8649093848853,-2.9891328482412E-5,
417.969992452893));
#4789=CARTESIAN_POINT('Ctrl Pts',(-12.8649933159084,-1.03803379485835,418.01492342304));
#4790=CARTESIAN_POINT('Ctrl Pts',(-12.4848803197091,-4.21610946811392,418.1524920174));
#4791=CARTESIAN_POINT('Ctrl Pts',(-9.89635675936951,-9.05238198452689,418.382698235974));
#4792=CARTESIAN_POINT('Ctrl Pts',(-4.35878027986956,-12.6840266151697,418.660611108615));
#4793=CARTESIAN_POINT('Ctrl Pts',(2.24141835733249,-13.2234466176535,418.938523981256));
#4794=CARTESIAN_POINT('Ctrl Pts',(8.29518412610577,-10.5391373943277,419.216436853897));
#4795=CARTESIAN_POINT('Ctrl Pts',(12.3266762566964,-5.28550368130703,419.494349726538));
#4796=CARTESIAN_POINT('Ctrl Pts',(13.3530618023861,1.25667704848046,419.772262599178));
#4797=CARTESIAN_POINT('Ctrl Pts',(11.1241193816947,7.49249388950824,420.05017547182));
#4798=CARTESIAN_POINT('Ctrl Pts',(6.18324036844493,11.9017240452191,420.328088344461));
#4799=CARTESIAN_POINT('Ctrl Pts',(-0.265043882055803,13.4094462392414,420.606001217102));
#4800=CARTESIAN_POINT('Ctrl Pts',(-6.64871338169693,11.6480945682355,420.883914089743));
#4801=CARTESIAN_POINT('Ctrl Pts',(-11.411500500038,7.04706698138579,421.161826962383));
#4802=CARTESIAN_POINT('Ctrl Pts',(-12.8039012551596,2.60509530301967,421.357186416767));
#4803=CARTESIAN_POINT('Ctrl Pts',(-12.8669737999195,0.233092749430154,421.459908246937));
#4804=CARTESIAN_POINT('Ctrl Pts',(-12.8667849195692,0.000223127706120013,
421.469992452893));
#4805=CARTESIAN_POINT('Origin',(0.,0.,-483.969992452873));
#4806=CARTESIAN_POINT('',(-12.8656776082651,0.00032428049845195,413.780007547127));
#4807=CARTESIAN_POINT('',(-12.8669293735798,-0.000169732304740045,414.469992452893));
#4808=CARTESIAN_POINT('',(-12.866,-2.94682877995754E-10,-483.969992452873));
#4809=CARTESIAN_POINT('Ctrl Pts',(-12.8656776082651,0.00032428049845195,
413.780007547127));
#4810=CARTESIAN_POINT('Ctrl Pts',(-12.8642108303941,-1.53844546591083,413.846626034541));
#4811=CARTESIAN_POINT('Ctrl Pts',(-12.5879498988677,-3.07772772461544,413.913244521956));
#4812=CARTESIAN_POINT('Ctrl Pts',(-12.0478128372004,-4.51805372066185,413.979863009371));
#4813=CARTESIAN_POINT('Ctrl Pts',(-11.2967148149473,-6.52092685010561,414.072500633584));
#4814=CARTESIAN_POINT('Ctrl Pts',(-10.0353640026732,-8.33244993555489,414.165138257798));
#4815=CARTESIAN_POINT('Ctrl Pts',(-8.4175120505754,-9.73180838597918,414.257775882012));
#4816=CARTESIAN_POINT('Ctrl Pts',(-6.79966009847763,-11.1311668364035,414.350413506225));
#4817=CARTESIAN_POINT('Ctrl Pts',(-4.82530700655658,-12.1183606518024,414.443051130439));
#4818=CARTESIAN_POINT('Ctrl Pts',(-2.73511543820536,-12.573056395431,414.535688754653));
#4819=CARTESIAN_POINT('Ctrl Pts',(-0.644923869855094,-13.0277521390593,
414.628326378866));
#4820=CARTESIAN_POINT('Ctrl Pts',(1.56110617492773,-12.9499498109172,414.72096400308));
#4821=CARTESIAN_POINT('Ctrl Pts',(3.61407190044447,-12.3491330821809,414.813601627294));
#4822=CARTESIAN_POINT('Ctrl Pts',(5.66703762596213,-11.7483163534443,414.906239251507));
#4823=CARTESIAN_POINT('Ctrl Pts',(7.56693903221392,-10.6244852241148,414.998876875721));
#4824=CARTESIAN_POINT('Ctrl Pts',(9.0821887023013,-9.11462845972273,415.091514499935));
#4825=CARTESIAN_POINT('Ctrl Pts',(10.5974383723894,-7.60477169532992,415.184152124148));
#4826=CARTESIAN_POINT('Ctrl Pts',(11.7280363063096,-5.70888929587582,415.276789748362));
#4827=CARTESIAN_POINT('Ctrl Pts',(12.3361689026766,-3.65807878368296,415.369427372575));
#4828=CARTESIAN_POINT('Ctrl Pts',(12.9443014990428,-1.6072682714929,415.462064996789));
#4829=CARTESIAN_POINT('Ctrl Pts',(13.0299687578568,0.598470353437676,415.554702621003));
#4830=CARTESIAN_POINT('Ctrl Pts',(12.5827283166272,2.6902698178704,415.647340245216));
#4831=CARTESIAN_POINT('Ctrl Pts',(12.1354878753974,4.78206928230409,415.73997786943));
#4832=CARTESIAN_POINT('Ctrl Pts',(11.1553397341239,6.75992958624196,415.832615493644));
#4833=CARTESIAN_POINT('Ctrl Pts',(9.76175850105367,8.38276055664856,415.925253117857));
#4834=CARTESIAN_POINT('Ctrl Pts',(8.36817726798216,10.0055915270566,416.017890742071));
#4835=CARTESIAN_POINT('Ctrl Pts',(6.56116294311606,11.2733931639308,416.110528366284));
#4836=CARTESIAN_POINT('Ctrl Pts',(4.56098052463773,12.0316274974283,416.203165990498));
#4837=CARTESIAN_POINT('Ctrl Pts',(2.56079810616122,12.7898618309251,416.295803614712));
#4838=CARTESIAN_POINT('Ctrl Pts',(0.367447594072331,13.0385288610442,416.388441238925));
#4839=CARTESIAN_POINT('Ctrl Pts',(-1.75171378046038,12.7473174595419,416.481078863139));
#4840=CARTESIAN_POINT('Ctrl Pts',(-3.87087515499308,12.4561060580396,416.573716487353));
#4841=CARTESIAN_POINT('Ctrl Pts',(-5.91584739197205,11.6250162249164,416.666354111566));
#4842=CARTESIAN_POINT('Ctrl Pts',(-7.63735974690395,10.3553531895039,416.75899173578));
#4843=CARTESIAN_POINT('Ctrl Pts',(-9.35887210183585,9.08569015409129,416.851629359993));
#4844=CARTESIAN_POINT('Ctrl Pts',(-10.7569245747203,7.37745391638958,416.944266984207));
#4845=CARTESIAN_POINT('Ctrl Pts',(-11.6611023430697,5.43886897502155,417.036904608421));
#4846=CARTESIAN_POINT('Ctrl Pts',(-12.4520274647096,3.74310119103831,417.117938921323));
#4847=CARTESIAN_POINT('Ctrl Pts',(-12.8650499916989,1.87107539669261,417.198973234225));
#4848=CARTESIAN_POINT('Ctrl Pts',(-12.8666939447276,-0.000248535595496128,
417.280007547127));
#4849=CARTESIAN_POINT('Ctrl Pts',(-12.8669293735798,-0.000169732304740686,
414.469992452893));
#4850=CARTESIAN_POINT('Ctrl Pts',(-12.8670395787047,-0.168936353347754,
414.477300974929));
#4851=CARTESIAN_POINT('Ctrl Pts',(-12.8225742542636,-2.47681042417918,414.577247121179));
#4852=CARTESIAN_POINT('Ctrl Pts',(-11.5155659826213,-6.87569900464008,414.769830891642));
#4853=CARTESIAN_POINT('Ctrl Pts',(-6.82208777418232,-11.5474072892521,415.047743764283));
#4854=CARTESIAN_POINT('Ctrl Pts',(-0.465460435672941,-13.4039860968796,
415.325656636924));
#4855=CARTESIAN_POINT('Ctrl Pts',(6.00464098061085,-11.9928221614634,415.603569509565));
#4856=CARTESIAN_POINT('Ctrl Pts',(11.0108777041707,-7.65794155673113,415.881482382206));
#4857=CARTESIAN_POINT('Ctrl Pts',(13.3327848967774,-1.45613996537809,416.159395254847));
#4858=CARTESIAN_POINT('Ctrl Pts',(12.4043074070903,5.10065235562248,416.437308127488));
#4859=CARTESIAN_POINT('Ctrl Pts',(8.45179772138152,10.4139623573052,416.715221000129));
#4860=CARTESIAN_POINT('Ctrl Pts',(2.4388337446806,13.1884641512316,416.99313387277));
#4861=CARTESIAN_POINT('Ctrl Pts',(-4.16869077640241,12.7477650556183,417.271046745411));
#4862=CARTESIAN_POINT('Ctrl Pts',(-9.75993484672135,9.1993026089083,417.548959618052));
#4863=CARTESIAN_POINT('Ctrl Pts',(-12.4525414232358,4.34442431961751,417.781941520545));
#4864=CARTESIAN_POINT('Ctrl Pts',(-12.8648202688864,1.10209839533202,417.922285798826));
#4865=CARTESIAN_POINT('Ctrl Pts',(-12.8649093848853,-2.9891328482412E-5,
417.969992452893));
#4866=CARTESIAN_POINT('Origin',(0.,0.,-483.969992452873));
#4867=CARTESIAN_POINT('',(-12.8654843806212,-0.000301860509137345,410.280007547127));
#4868=CARTESIAN_POINT('',(-12.8654052369061,0.000288225509494644,410.969992452893));
#4869=CARTESIAN_POINT('',(-12.866,-2.94682877995754E-10,-483.969992452873));
#4870=CARTESIAN_POINT('Ctrl Pts',(-12.8654843806212,-0.000301860509137345,
410.280007547127));
#4871=CARTESIAN_POINT('Ctrl Pts',(-12.866064936113,-0.670088178112098,410.309003586431));
#4872=CARTESIAN_POINT('Ctrl Pts',(-12.8146737155966,-1.33978625817169,410.337999625735));
#4873=CARTESIAN_POINT('Ctrl Pts',(-12.710542050061,-2.00118074561714,410.366995665039));
#4874=CARTESIAN_POINT('Ctrl Pts',(-12.3778583342099,-4.11422843956334,410.459633289253));
#4875=CARTESIAN_POINT('Ctrl Pts',(-11.5068537105418,-6.14252149193403,410.552270913466));
#4876=CARTESIAN_POINT('Ctrl Pts',(-10.2036987994074,-7.83882225809261,410.64490853768));
#4877=CARTESIAN_POINT('Ctrl Pts',(-8.90054388827425,-9.53512302424966,410.737546161894));
#4878=CARTESIAN_POINT('Ctrl Pts',(-7.1652386896753,-10.8994315041956,410.830183786107));
#4879=CARTESIAN_POINT('Ctrl Pts',(-5.2093072580489,-11.765446080546,410.922821410321));
#4880=CARTESIAN_POINT('Ctrl Pts',(-3.2533758264225,-12.6314606568964,411.015459034534));
#4881=CARTESIAN_POINT('Ctrl Pts',(-1.07681816176813,-12.9991813296514,411.108096658748));
#4882=CARTESIAN_POINT('Ctrl Pts',(1.05505545947506,-12.8237849935356,411.200734282962));
#4883=CARTESIAN_POINT('Ctrl Pts',(3.18692908071826,-12.6483886574197,411.293371907175));
#4884=CARTESIAN_POINT('Ctrl Pts',(5.27411865855087,-11.929875312433,411.386009531389));
#4885=CARTESIAN_POINT('Ctrl Pts',(7.06220738938057,-10.7558277399917,411.478647155602));
#4886=CARTESIAN_POINT('Ctrl Pts',(8.85029612021189,-9.58178016754938,411.571284779816));
#4887=CARTESIAN_POINT('Ctrl Pts',(10.3392840040403,-7.95219836765135,411.66392240403));
#4888=CARTESIAN_POINT('Ctrl Pts',(11.347671697435,-6.0657193003162,411.756560028244));
#4889=CARTESIAN_POINT('Ctrl Pts',(12.3560593908289,-4.17924023298278,411.849197652457));
#4890=CARTESIAN_POINT('Ctrl Pts',(12.8838468937903,-2.03586389821219,411.941835276671));
#4891=CARTESIAN_POINT('Ctrl Pts',(12.8666998445029,0.103144047162627,412.034472900884));
#4892=CARTESIAN_POINT('Ctrl Pts',(12.8495527952156,2.24215199253842,412.127110525098));
#4893=CARTESIAN_POINT('Ctrl Pts',(12.2874711936791,4.37679154851856,412.219748149312));
#4894=CARTESIAN_POINT('Ctrl Pts',(11.2489696616315,6.2468620230234,412.312385773525));
#4895=CARTESIAN_POINT('Ctrl Pts',(10.2104681295833,8.11693249752909,412.405023397739));
#4896=CARTESIAN_POINT('Ctrl Pts',(8.69554666702577,9.72243389055731,412.497661021953));
#4897=CARTESIAN_POINT('Ctrl Pts',(6.88886577642726,10.8676645097908,412.590298646166));
#4898=CARTESIAN_POINT('Ctrl Pts',(5.08218488583039,12.0128951290232,412.68293627038));
#4899=CARTESIAN_POINT('Ctrl Pts',(2.98374456719447,12.6978549744596,412.775573894594));
#4900=CARTESIAN_POINT('Ctrl Pts',(0.849333026855315,12.8390512497026,412.868211518807));
#4901=CARTESIAN_POINT('Ctrl Pts',(-1.28507851348384,12.9802475249455,412.960849143021));
#4902=CARTESIAN_POINT('Ctrl Pts',(-3.45546127552681,12.577680229995,413.053486767234));
#4903=CARTESIAN_POINT('Ctrl Pts',(-5.39725766912688,11.6804200796054,413.146124391448));
#4904=CARTESIAN_POINT('Ctrl Pts',(-7.33905406272783,10.7831599292153,413.238762015662));
#4905=CARTESIAN_POINT('Ctrl Pts',(-9.05226408788615,9.39120692338546,413.331399639875));
#4906=CARTESIAN_POINT('Ctrl Pts',(-10.3280569689442,7.67423239348664,413.424037264089));
#4907=CARTESIAN_POINT('Ctrl Pts',(-11.6038498500023,5.95725786358782,413.516674888303));
#4908=CARTESIAN_POINT('Ctrl Pts',(-12.4422255869603,3.91526180961964,413.609312512516));
#4909=CARTESIAN_POINT('Ctrl Pts',(-12.7409908393228,1.79715219591678,413.70195013673));
#4910=CARTESIAN_POINT('Ctrl Pts',(-12.8249050592522,1.20223858212389,413.727969273529));
#4911=CARTESIAN_POINT('Ctrl Pts',(-12.8662504866891,0.601320521748243,413.753988410328));
#4912=CARTESIAN_POINT('Ctrl Pts',(-12.8656776082651,0.00032428049845195,
413.780007547127));
#4913=CARTESIAN_POINT('Ctrl Pts',(-12.8654052369061,0.000288225509494297,
410.969992452893));
#4914=CARTESIAN_POINT('Ctrl Pts',(-12.8642244488334,-1.4393669136848,411.032316151032));
#4915=CARTESIAN_POINT('Ctrl Pts',(-12.2646920811894,-5.01987691155323,411.187277473385));
#4916=CARTESIAN_POINT('Ctrl Pts',(-9.00627508290319,-9.9383351640804,411.434876419951));
#4917=CARTESIAN_POINT('Ctrl Pts',(-3.1532952926443,-13.036112361433,411.712789292593));
#4918=CARTESIAN_POINT('Ctrl Pts',(3.46842282177605,-12.9558303412748,411.990702165234));
#4919=CARTESIAN_POINT('Ctrl Pts',(9.24457802500277,-9.7170609672957,412.268615037874));
#4920=CARTESIAN_POINT('Ctrl Pts',(12.767007915823,-4.10938019412005,412.546527910515));
#4921=CARTESIAN_POINT('Ctrl Pts',(13.1769832602302,2.50012176946099,412.824440783156));
#4922=CARTESIAN_POINT('Ctrl Pts',(10.3745566286428,8.50012184980877,413.102353655797));
#4923=CARTESIAN_POINT('Ctrl Pts',(5.04292846771251,12.4278867540721,413.380266528438));
#4924=CARTESIAN_POINT('Ctrl Pts',(-1.51810957061839,13.3258710797497,413.658179401079));
#4925=CARTESIAN_POINT('Ctrl Pts',(-7.70904937871686,10.9751562348344,413.93609227372));
#4926=CARTESIAN_POINT('Ctrl Pts',(-11.9072237711264,6.08100238183809,414.206696624325));
#4927=CARTESIAN_POINT('Ctrl Pts',(-12.8656426969692,1.97022923204994,414.384663350716));
#4928=CARTESIAN_POINT('Ctrl Pts',(-12.8669293735798,-0.000169732304740686,
414.469992452893));
#4929=CARTESIAN_POINT('Origin',(0.,0.,-483.969992452873));
#4930=CARTESIAN_POINT('',(-12.8668646646773,0.000196133107105385,406.780007547127));
#4931=CARTESIAN_POINT('',(-12.8657683764015,-0.000330269816017359,407.469992452893));
#4932=CARTESIAN_POINT('',(-12.866,-2.94682877995754E-10,-483.969992452873));
#4933=CARTESIAN_POINT('Ctrl Pts',(-12.8668646646773,0.000196133107105353,
406.780007547127));
#4934=CARTESIAN_POINT('Ctrl Pts',(-12.8654410200389,-1.93979879876745,406.864018762534));
#4935=CARTESIAN_POINT('Ctrl Pts',(-11.9298078620343,-6.02031710205035,407.040667602155));
#4936=CARTESIAN_POINT('Ctrl Pts',(-7.78675174477925,-10.9201645308727,407.309954065989));
#4937=CARTESIAN_POINT('Ctrl Pts',(-1.61265216332698,-13.3147605729982,407.58786693863));
#4938=CARTESIAN_POINT('Ctrl Pts',(4.95459408104175,-12.4633660625156,407.865779811271));
#4939=CARTESIAN_POINT('Ctrl Pts',(10.3139653891019,-8.57354151261658,408.143692683912));
#4940=CARTESIAN_POINT('Ctrl Pts',(13.1589066381751,-2.59358288935159,408.421605556553));
#4941=CARTESIAN_POINT('Ctrl Pts',(12.7958527906802,4.01866239878305,408.699518429193));
#4942=CARTESIAN_POINT('Ctrl Pts',(9.31331233706888,9.65120248613401,408.977431301835));
#4943=CARTESIAN_POINT('Ctrl Pts',(3.56028991017069,12.9308867395739,409.255344174475));
#4944=CARTESIAN_POINT('Ctrl Pts',(-3.06069160240525,13.0581646118862,409.533257047116));
#4945=CARTESIAN_POINT('Ctrl Pts',(-8.93551054064248,10.0020071732741,409.811169919757));
#4946=CARTESIAN_POINT('Ctrl Pts',(-12.2462832302977,5.08074398118624,410.060086753094));
#4947=CARTESIAN_POINT('Ctrl Pts',(-12.8642101558474,1.46977004676181,410.216365962217));
#4948=CARTESIAN_POINT('Ctrl Pts',(-12.8654843806212,-0.000301860509137608,
410.280007547127));
#4949=CARTESIAN_POINT('Ctrl Pts',(-12.8657683764015,-0.000330269816018053,
407.469992452893));
#4950=CARTESIAN_POINT('Ctrl Pts',(-12.8663288238532,-0.570874088934488,
407.494693702922));
#4951=CARTESIAN_POINT('Ctrl Pts',(-12.689378494966,-3.28079551726156,407.612032577164));
#4952=CARTESIAN_POINT('Ctrl Pts',(-10.8219779546257,-7.92264411999644,407.82200907562));
#4953=CARTESIAN_POINT('Ctrl Pts',(-5.71211563141622,-12.1348766666927,408.099921948261));
#4954=CARTESIAN_POINT('Ctrl Pts',(0.790296957591433,-13.3887612355037,408.377834820902));
#4955=CARTESIAN_POINT('Ctrl Pts',(7.10004393732796,-11.3786147131593,408.655747693543));
#4956=CARTESIAN_POINT('Ctrl Pts',(11.6788791656063,-6.59448846671879,408.933660566184));
#4957=CARTESIAN_POINT('Ctrl Pts',(13.4105335355596,-0.202699270208563,409.211573438825));
#4958=CARTESIAN_POINT('Ctrl Pts',(11.8728489697353,6.23850575413381,409.489486311465));
#4959=CARTESIAN_POINT('Ctrl Pts',(7.44069586450313,11.1588324548081,409.767399184106));
#4960=CARTESIAN_POINT('Ctrl Pts',(1.19458385639736,13.3587599017482,410.045312056747));
#4961=CARTESIAN_POINT('Ctrl Pts',(-5.34275441078429,12.3019702490519,410.323224929388));
#4962=CARTESIAN_POINT('Ctrl Pts',(-10.5775885700441,8.24609706136048,410.601137802029));
#4963=CARTESIAN_POINT('Ctrl Pts',(-12.6380692437301,3.5402958713048,410.81672697653));
#4964=CARTESIAN_POINT('Ctrl Pts',(-12.8659795661486,0.700529077145797,410.939678526818));
#4965=CARTESIAN_POINT('Ctrl Pts',(-12.8654052369061,0.000288225509494297,
410.969992452893));
#4966=CARTESIAN_POINT('Origin',(0.,0.,-483.969992452873));
#4967=CARTESIAN_POINT('',(-12.8649053717992,1.50833633299593E-6,403.280007547127));
#4968=CARTESIAN_POINT('',(-12.8666096565721,0.000268149229544351,403.969992452893));
#4969=CARTESIAN_POINT('',(-12.866,-2.94682877995754E-10,-483.969992452873));
#4970=CARTESIAN_POINT('Ctrl Pts',(-12.8649053717992,1.50833633333347E-6,
403.280007547127));
#4971=CARTESIAN_POINT('Ctrl Pts',(-12.8649009999205,-1.07168165441467,403.326396314423));
#4972=CARTESIAN_POINT('Ctrl Pts',(-12.4680267364239,-4.28350208386868,403.465422705933));
#4973=CARTESIAN_POINT('Ctrl Pts',(-9.82498136929572,-9.12979940684042,403.697086721657));
#4974=CARTESIAN_POINT('Ctrl Pts',(-4.2590634748436,-12.7178565188242,403.974999594298));
#4975=CARTESIAN_POINT('Ctrl Pts',(2.34516672920668,-13.205441648365,404.252912466938));
#4976=CARTESIAN_POINT('Ctrl Pts',(8.37767136556502,-10.473686963374,404.53082533958));
#4977=CARTESIAN_POINT('Ctrl Pts',(12.3677928921116,-5.18856387587092,404.808738212221));
#4978=CARTESIAN_POINT('Ctrl Pts',(13.3427840553049,1.36147338191345,405.086651084862));
#4979=CARTESIAN_POINT('Ctrl Pts',(11.0649528525553,7.57959857029905,405.364563957502));
#4980=CARTESIAN_POINT('Ctrl Pts',(6.08960919905413,11.9499019208921,405.642476830144));
#4981=CARTESIAN_POINT('Ctrl Pts',(-0.370313453883633,13.4069520795006,405.920389702784));
#4982=CARTESIAN_POINT('Ctrl Pts',(-6.73995780506721,11.5955364214888,406.198302575426));
#4983=CARTESIAN_POINT('Ctrl Pts',(-11.4664753992741,6.95725793930295,406.476215448066));
#4984=CARTESIAN_POINT('Ctrl Pts',(-12.8138295424364,2.53771852286672,406.6701171053));
#4985=CARTESIAN_POINT('Ctrl Pts',(-12.8670108468339,0.19939798114295,406.77138113832));
#4986=CARTESIAN_POINT('Ctrl Pts',(-12.8668646646773,0.000196133107105353,
406.780007547127));
#4987=CARTESIAN_POINT('Ctrl Pts',(-12.8666096565721,0.00026814922954442,
403.969992452893));
#4988=CARTESIAN_POINT('Ctrl Pts',(-12.8649039900509,-1.84065673949947,404.049708879025));
#4989=CARTESIAN_POINT('Ctrl Pts',(-12.0016024949184,-5.82244922825787,404.22206292937));
#4990=CARTESIAN_POINT('Ctrl Pts',(-8.03722939414742,-10.7371523398133,404.487054603929));
#4991=CARTESIAN_POINT('Ctrl Pts',(-1.92016326533741,-13.2739018279088,404.76496747657));
#4992=CARTESIAN_POINT('Ctrl Pts',(4.66501731319138,-12.5746216710541,405.042880349211));
#4993=CARTESIAN_POINT('Ctrl Pts',(10.1129185509947,-8.80978859470873,405.320793221852));
#4994=CARTESIAN_POINT('Ctrl Pts',(13.0954027130749,-2.89722703371604,405.598706094493));
#4995=CARTESIAN_POINT('Ctrl Pts',(12.8853733292917,3.72164625767844,405.876618967133));
#4996=CARTESIAN_POINT('Ctrl Pts',(9.53403322764731,9.43322358033756,406.154531839775));
#4997=CARTESIAN_POINT('Ctrl Pts',(3.85840185425725,12.8450859021486,406.432444712415));
#4998=CARTESIAN_POINT('Ctrl Pts',(-2.75786498143931,13.1254591327947,406.710357585056));
#4999=CARTESIAN_POINT('Ctrl Pts',(-8.70179500521657,10.2059913967095,406.988270457697));
#5000=CARTESIAN_POINT('Ctrl Pts',(-12.1845729195548,5.27904860682976,407.24148208031));
#5001=CARTESIAN_POINT('Ctrl Pts',(-12.8642269658355,1.56884855066496,407.402056078708));
#5002=CARTESIAN_POINT('Ctrl Pts',(-12.8657683764015,-0.000330269816018053,
407.469992452893));
#5003=CARTESIAN_POINT('Origin',(0.,0.,-483.969992452873));
#5004=CARTESIAN_POINT('',(-12.8668573644691,-0.000198828908645992,399.780007547127));
#5005=CARTESIAN_POINT('',(-12.864942330055,-9.00272726345186E-5,400.469992452893));
#5006=CARTESIAN_POINT('',(-12.866,-2.94682877995754E-10,-483.969992452873));
#5007=CARTESIAN_POINT('Ctrl Pts',(-12.8668573644691,-0.000198828908645754,
399.780007547127));
#5008=CARTESIAN_POINT('Ctrl Pts',(-12.8670075296141,-0.202631833664316,
399.788773866313));
#5009=CARTESIAN_POINT('Ctrl Pts',(-12.8128883254746,-2.54418481747802,399.890177809712));
#5010=CARTESIAN_POINT('Ctrl Pts',(-11.4612298534332,-6.96589594832728,400.084219377325));
#5011=CARTESIAN_POINT('Ctrl Pts',(-6.73121866024372,-11.6006116849129,400.362132249966));
#5012=CARTESIAN_POINT('Ctrl Pts',(-0.360211216396546,-13.4072273045451,
400.640045122607));
#5013=CARTESIAN_POINT('Ctrl Pts',(6.09861171605492,-11.9453100107511,400.917957995248));
#5014=CARTESIAN_POINT('Ctrl Pts',(11.0706609355416,-7.57125898159729,401.195870867889));
#5015=CARTESIAN_POINT('Ctrl Pts',(13.3438061371251,-1.35141921363241,401.47378374053));
#5016=CARTESIAN_POINT('Ctrl Pts',(12.3638798005858,5.19788152931809,401.751696613171));
#5017=CARTESIAN_POINT('Ctrl Pts',(8.36977706888909,10.4799965617006,402.029609485812));
#5018=CARTESIAN_POINT('Ctrl Pts',(2.33521576911589,13.2072049816693,402.307522358453));
#5019=CARTESIAN_POINT('Ctrl Pts',(-4.26864516494541,12.7146437060556,402.585435231093));
#5020=CARTESIAN_POINT('Ctrl Pts',(-9.83185787991943,9.12239369602142,402.863348103735));
#5021=CARTESIAN_POINT('Ctrl Pts',(-12.4696567878721,4.27703427361403,403.094872209079));
#5022=CARTESIAN_POINT('Ctrl Pts',(-12.8649097304921,1.06845243176033,403.233758690209));
#5023=CARTESIAN_POINT('Ctrl Pts',(-12.8649053717992,1.50833633333347E-6,
403.280007547127));
#5024=CARTESIAN_POINT('Ctrl Pts',(-12.864942330055,-9.00272726350737E-5,
400.469992452893));
#5025=CARTESIAN_POINT('Ctrl Pts',(-12.8651798878421,-0.972546070306761,
400.512086430914));
#5026=CARTESIAN_POINT('Ctrl Pts',(-12.5168521023676,-4.08495112484785,400.646818033149));
#5027=CARTESIAN_POINT('Ctrl Pts',(-10.0335064379167,-8.90012613746552,400.874187259597));
#5028=CARTESIAN_POINT('Ctrl Pts',(-4.55206156635412,-12.6159514979506,401.152100132238));
#5029=CARTESIAN_POINT('Ctrl Pts',(2.03912529104972,-13.2561481867816,401.430013004879));
#5030=CARTESIAN_POINT('Ctrl Pts',(8.13319607985745,-10.6646433709289,401.70792587752));
#5031=CARTESIAN_POINT('Ctrl Pts',(12.2444841146698,-5.4732171040542,401.985838750161));
#5032=CARTESIAN_POINT('Ctrl Pts',(13.370703094739,1.05251862446985,402.263751622802));
#5033=CARTESIAN_POINT('Ctrl Pts',(11.2372933575425,7.32166201753707,402.541664495443));
#5034=CARTESIAN_POINT('Ctrl Pts',(6.3643564710976,11.8058656358316,402.819577368084));
#5035=CARTESIAN_POINT('Ctrl Pts',(-0.0601397442105649,13.4119305065932,
403.097490240725));
#5036=CARTESIAN_POINT('Ctrl Pts',(-6.46997455870169,11.7483158755741,403.375403113366));
#5037=CARTESIAN_POINT('Ctrl Pts',(-11.3025015291633,7.22059248855473,403.653315986007));
#5038=CARTESIAN_POINT('Ctrl Pts',(-12.7838089221051,2.73622331095282,403.851512432516));
#5039=CARTESIAN_POINT('Ctrl Pts',(-12.8668861272577,0.29866280005967,403.957071254811));
#5040=CARTESIAN_POINT('Ctrl Pts',(-12.8666096565721,0.00026814922954442,
403.969992452893));
#5041=CARTESIAN_POINT('Origin',(0.,0.,-483.969992452873));
#5042=CARTESIAN_POINT('',(-12.8654930350176,0.000303178371664881,396.280007547127));
#5043=CARTESIAN_POINT('',(-12.8670399429526,-0.000107500718616871,396.969992452893));
#5044=CARTESIAN_POINT('',(-12.866,-2.94682877995754E-10,-483.969992452873));
#5045=CARTESIAN_POINT('Ctrl Pts',(-12.8654930350176,0.000303178371664881,
396.280007547127));
#5046=CARTESIAN_POINT('Ctrl Pts',(-12.8642091432743,-1.47299770863566,396.343789042416));
#5047=CARTESIAN_POINT('Ctrl Pts',(-12.6114407267549,-2.94672784136129,396.407570537705));
#5048=CARTESIAN_POINT('Ctrl Pts',(-12.1154346861612,-4.33345658203219,396.471352032994));
#5049=CARTESIAN_POINT('Ctrl Pts',(-11.3950247774881,-6.34757141866913,396.563989657207));
#5050=CARTESIAN_POINT('Ctrl Pts',(-10.161498136802,-8.17815432786899,396.656627281421));
#5051=CARTESIAN_POINT('Ctrl Pts',(-8.56521480250208,-9.60206743206878,396.749264905635));
#5052=CARTESIAN_POINT('Ctrl Pts',(-6.96893146820145,-11.0259805362692,396.841902529848));
#5053=CARTESIAN_POINT('Ctrl Pts',(-5.00989144028631,-12.0432238354696,396.934540154062));
#5054=CARTESIAN_POINT('Ctrl Pts',(-2.92689080479761,-12.5298010279409,397.027177778276));
#5055=CARTESIAN_POINT('Ctrl Pts',(-0.843890169307952,-13.0163782204124,
397.119815402489));
#5056=CARTESIAN_POINT('Ctrl Pts',(1.36307107375288,-12.9722893061548,397.212453026703));
#5057=CARTESIAN_POINT('Ctrl Pts',(3.42497662080445,-12.4029084786569,397.305090650916));
#5058=CARTESIAN_POINT('Ctrl Pts',(5.48688216785319,-11.8335276511598,397.39772827513));
#5059=CARTESIAN_POINT('Ctrl Pts',(7.40373201889273,-10.7388549104218,397.490365899344));
#5060=CARTESIAN_POINT('Ctrl Pts',(8.94187283583788,-9.25232477654678,397.583003523557));
#5061=CARTESIAN_POINT('Ctrl Pts',(10.4800136527844,-7.7657946426704,397.675641147771));
#5062=CARTESIAN_POINT('Ctrl Pts',(11.639445435639,-5.88740711565453,397.768278771985));
#5063=CARTESIAN_POINT('Ctrl Pts',(12.2788398971628,-3.84612719015384,397.860916396198));
#5064=CARTESIAN_POINT('Ctrl Pts',(12.9182343586869,-1.80484726465222,397.953554020412));
#5065=CARTESIAN_POINT('Ctrl Pts',(13.0375914988801,0.399325059332172,398.046191644626));
#5066=CARTESIAN_POINT('Ctrl Pts',(12.6223623460458,2.49771343194581,398.138829268839));
#5067=CARTESIAN_POINT('Ctrl Pts',(12.2071331932119,4.59610180455754,398.231466893053));
#5068=CARTESIAN_POINT('Ctrl Pts',(11.2573177473509,6.58870622579657,398.324104517266));
#5069=CARTESIAN_POINT('Ctrl Pts',(9.88869322980644,8.23263929671263,398.41674214148));
#5070=CARTESIAN_POINT('Ctrl Pts',(8.52006871226198,9.87657236762869,398.509379765694));
#5071=CARTESIAN_POINT('Ctrl Pts',(6.73263512303356,11.1718340882224,398.602017389907));
#5072=CARTESIAN_POINT('Ctrl Pts',(4.74427067751424,11.9605392571353,398.694655014121));
#5073=CARTESIAN_POINT('Ctrl Pts',(2.75590623199311,12.749244426049,398.787292638335));
#5074=CARTESIAN_POINT('Ctrl Pts',(0.566610930180113,13.0313930432813,398.879930262548));
#5075=CARTESIAN_POINT('Ctrl Pts',(-1.55675230434388,12.7725927612962,398.972567886762));
#5076=CARTESIAN_POINT('Ctrl Pts',(-3.68011553886594,12.5137924793114,399.065205510975));
#5077=CARTESIAN_POINT('Ctrl Pts',(-5.7375467060997,11.71404329811,399.157843135189));
#5078=CARTESIAN_POINT('Ctrl Pts',(-7.47825638723142,10.4708301958264,399.250480759403));
#5079=CARTESIAN_POINT('Ctrl Pts',(-9.21896606836314,9.2276170935427,399.343118383617));
#5080=CARTESIAN_POINT('Ctrl Pts',(-10.6429542633933,7.54094007017638,399.43575600783));
#5081=CARTESIAN_POINT('Ctrl Pts',(-11.5766447295212,5.61639567600479,399.528393632044));
#5082=CARTESIAN_POINT('Ctrl Pts',(-12.4219798571304,3.87397135011088,399.612264937071));
#5083=CARTESIAN_POINT('Ctrl Pts',(-12.8654206672172,1.93656846524035,399.696136242099));
#5084=CARTESIAN_POINT('Ctrl Pts',(-12.8668573644691,-0.000198828908645992,
399.780007547127));
#5085=CARTESIAN_POINT('Ctrl Pts',(-12.8670399429526,-0.000107500718617374,
396.969992452893));
#5086=CARTESIAN_POINT('Ctrl Pts',(-12.8670855772661,-0.10336040882546,396.974463982803));
#5087=CARTESIAN_POINT('Ctrl Pts',(-12.8406574773894,-2.34570207769066,397.071573136928));
#5088=CARTESIAN_POINT('Ctrl Pts',(-11.619270707329,-6.69895849608921,397.261319915266));
#5089=CARTESIAN_POINT('Ctrl Pts',(-6.99771596209123,-11.441829749494,397.539232787907));
#5090=CARTESIAN_POINT('Ctrl Pts',(-0.670195887755979,-13.3953101559666,
397.817145660547));
#5091=CARTESIAN_POINT('Ctrl Pts',(5.82071049068328,-12.0831629173061,398.095058533188));
#5092=CARTESIAN_POINT('Ctrl Pts',(10.8925923843319,-7.82527493774595,398.37297140583));
#5093=CARTESIAN_POINT('Ctrl Pts',(13.3089813925383,-1.65967195420716,398.65088427847));
#5094=CARTESIAN_POINT('Ctrl Pts',(12.4807887480616,4.91054059435135,398.928797151111));
#5095=CARTESIAN_POINT('Ctrl Pts',(8.60991860719284,10.2836179567326,399.206710023752));
#5096=CARTESIAN_POINT('Ctrl Pts',(2.64004606185298,13.1496636266411,399.484622896393));
#5097=CARTESIAN_POINT('Ctrl Pts',(-3.97344035308971,12.8099675433996,399.762535769034));
#5098=CARTESIAN_POINT('Ctrl Pts',(-9.61824619906782,9.34734383430057,400.040448641675));
#5099=CARTESIAN_POINT('Ctrl Pts',(-12.4183995828456,4.47556116557456,400.276267536295));
#5100=CARTESIAN_POINT('Ctrl Pts',(-12.8646570864807,1.1675704431091,400.4194488067));
#5101=CARTESIAN_POINT('Ctrl Pts',(-12.864942330055,-9.00272726350737E-5,
400.469992452893));
#5102=CARTESIAN_POINT('Origin',(0.,0.,-483.969992452873));
#5103=CARTESIAN_POINT('',(-12.8656681393351,-0.000323499710127588,392.780007547126));
#5104=CARTESIAN_POINT('',(-12.8652508688544,0.000251882176023066,393.469992452892));
#5105=CARTESIAN_POINT('',(-12.866,-2.94682877995754E-10,-483.969992452873));
#5106=CARTESIAN_POINT('Ctrl Pts',(-12.8656681393351,-0.000323499710127588,
392.780007547126));
#5107=CARTESIAN_POINT('Ctrl Pts',(-12.8662420242748,-0.604552701340118,
392.806166594305));
#5108=CARTESIAN_POINT('Ctrl Pts',(-12.8244491670121,-1.20870316611084,392.832325641483));
#5109=CARTESIAN_POINT('Ctrl Pts',(-12.7396330690272,-1.80675201661066,392.858484688662));
#5110=CARTESIAN_POINT('Ctrl Pts',(-12.4392719068359,-3.92463590953966,392.951122312876));
#5111=CARTESIAN_POINT('Ctrl Pts',(-11.5993577647715,-5.96599966807769,393.043759937089));
#5112=CARTESIAN_POINT('Ctrl Pts',(-10.3222715063526,-7.68201240119639,393.136397561302));
#5113=CARTESIAN_POINT('Ctrl Pts',(-9.04518524793252,-9.39802513431665,393.229035185516));
#5114=CARTESIAN_POINT('Ctrl Pts',(-7.3309268731576,-10.7886868420162,393.32167280973));
#5115=CARTESIAN_POINT('Ctrl Pts',(-5.3884549456754,-11.6844835949831,393.414310433944));
#5116=CARTESIAN_POINT('Ctrl Pts',(-3.44598301819319,-12.5802803479501,393.506948058157));
#5117=CARTESIAN_POINT('Ctrl Pts',(-1.2752975380016,-12.9812121461844,393.599585682371));
#5118=CARTESIAN_POINT('Ctrl Pts',(0.859007005090183,-12.838407632888,393.692223306585));
#5119=CARTESIAN_POINT('Ctrl Pts',(2.99331154818099,-12.6956031195917,393.784860930798));
#5120=CARTESIAN_POINT('Ctrl Pts',(5.09123515417419,-12.0090622947661,393.877498555012));
#5121=CARTESIAN_POINT('Ctrl Pts',(6.89705260113255,-10.8624706674039,393.970136179225));
#5122=CARTESIAN_POINT('Ctrl Pts',(8.70287004809255,-9.71587904004064,394.062773803439));
#5123=CARTESIAN_POINT('Ctrl Pts',(10.2165813360166,-8.10923661014027,394.155411427653));
#5124=CARTESIAN_POINT('Ctrl Pts',(11.2536734759919,-6.23838415607382,394.248049051866));
#5125=CARTESIAN_POINT('Ctrl Pts',(12.2907656159662,-4.36753170200909,394.34068667608));
#5126=CARTESIAN_POINT('Ctrl Pts',(12.8512386079923,-2.23246922377947,394.433324300294));
#5127=CARTESIAN_POINT('Ctrl Pts',(12.8667739108867,-0.0934489653339335,
394.525961924507));
#5128=CARTESIAN_POINT('Ctrl Pts',(12.8823092137812,2.0455712931116,394.618599548721));
#5129=CARTESIAN_POINT('Ctrl Pts',(12.352906827544,4.1885493317722,394.711237172935));
#5130=CARTESIAN_POINT('Ctrl Pts',(11.3430979592829,6.07426804389703,394.803874797148));
#5131=CARTESIAN_POINT('Ctrl Pts',(10.3332890910213,7.95998675602271,394.896512421362));
#5132=CARTESIAN_POINT('Ctrl Pts',(8.8430737407357,9.58844614161169,394.989150045576));
#5133=CARTESIAN_POINT('Ctrl Pts',(7.05410087319138,10.7611460567096,395.081787669789));
#5134=CARTESIAN_POINT('Ctrl Pts',(5.26512800564787,11.9338459718071,395.174425294003));
#5135=CARTESIAN_POINT('Ctrl Pts',(3.17739762084373,12.6507864164142,395.267062918216));
#5136=CARTESIAN_POINT('Ctrl Pts',(1.04539244373786,12.8245763369233,395.35970054243));
#5137=CARTESIAN_POINT('Ctrl Pts',(-1.08661273336801,12.9983662574324,395.452338166644));
#5138=CARTESIAN_POINT('Ctrl Pts',(-3.26289270277721,12.6290056538445,395.544975790857));
#5139=CARTESIAN_POINT('Ctrl Pts',(-5.21817103755852,11.7615175298846,395.637613415071));
#5140=CARTESIAN_POINT('Ctrl Pts',(-7.17344937233982,10.8940294059246,395.730251039284));
#5141=CARTESIAN_POINT('Ctrl Pts',(-8.90772607249222,9.52841376159304,395.822888663498));
#5142=CARTESIAN_POINT('Ctrl Pts',(-10.2096024518202,7.8311315503434,395.915526287712));
#5143=CARTESIAN_POINT('Ctrl Pts',(-11.5114788311488,6.13384933909298,396.008163911925));
#5144=CARTESIAN_POINT('Ctrl Pts',(-12.3809548896519,4.10490056092499,396.100801536139));
#5145=CARTESIAN_POINT('Ctrl Pts',(-12.7120463305734,1.99160278980299,396.193439160353));
#5146=CARTESIAN_POINT('Ctrl Pts',(-12.8151795594983,1.333321735455,396.222295289277));
#5147=CARTESIAN_POINT('Ctrl Pts',(-12.8660738954302,0.66685638706704,396.251151418202));
#5148=CARTESIAN_POINT('Ctrl Pts',(-12.8654930350176,0.000303178371664881,
396.280007547127));
#5149=CARTESIAN_POINT('Ctrl Pts',(-12.8652508688544,0.000251882176023066,
393.469992452892));
#5150=CARTESIAN_POINT('Ctrl Pts',(-12.8642823032333,-1.37391701049073,393.529479158906));
#5151=CARTESIAN_POINT('Ctrl Pts',(-12.6449884870191,-2.74838769675862,393.58896586492));
#5152=CARTESIAN_POINT('Ctrl Pts',(-12.2124177543737,-4.0520928808869,393.648452570934));
#5153=CARTESIAN_POINT('Ctrl Pts',(-11.5387827918454,-6.08233054280013,393.741090195148));
#5154=CARTESIAN_POINT('Ctrl Pts',(-10.3479236396432,-7.94095268197599,393.833727819361));
#5155=CARTESIAN_POINT('Ctrl Pts',(-8.78499940657452,-9.40140359463211,393.926365443575));
#5156=CARTESIAN_POINT('Ctrl Pts',(-7.22207517350586,-10.8618545072882,394.019003067788));
#5157=CARTESIAN_POINT('Ctrl Pts',(-5.2870858595712,-11.9241341934243,394.111640692002));
#5158=CARTESIAN_POINT('Ctrl Pts',(-3.21589590251161,-12.458756666172,394.204278316216));
#5159=CARTESIAN_POINT('Ctrl Pts',(-1.14470594545202,-12.9933791389197,394.296915940429));
#5160=CARTESIAN_POINT('Ctrl Pts',(1.06268465473194,-13.000344398279,394.389553564643));
#5161=CARTESIAN_POINT('Ctrl Pts',(3.13720725820966,-12.4788034178647,394.482191188856));
#5162=CARTESIAN_POINT('Ctrl Pts',(5.21172986168832,-11.9572624374502,394.57482881307));
#5163=CARTESIAN_POINT('Ctrl Pts',(7.15338446846256,-10.9072152172601,394.667466437284));
#5164=CARTESIAN_POINT('Ctrl Pts',(8.72549417865159,-9.45665667458609,394.760104061498));
#5165=CARTESIAN_POINT('Ctrl Pts',(10.2976038888406,-8.00609813191209,394.852741685711));
#5166=CARTESIAN_POINT('Ctrl Pts',(11.500168702447,-6.15502826675306,394.945379309925));
#5167=CARTESIAN_POINT('Ctrl Pts',(12.1866026556277,-4.12908220268426,395.038016934138));
#5168=CARTESIAN_POINT('Ctrl Pts',(12.8730366088084,-2.10313613861545,395.130654558352));
#5169=CARTESIAN_POINT('Ctrl Pts',(13.0433397015634,0.0976861243629892,395.223292182566));
#5170=CARTESIAN_POINT('Ctrl Pts',(12.6767529338665,2.20511659020174,395.31592980678));
#5171=CARTESIAN_POINT('Ctrl Pts',(12.3101661661698,4.31254705603954,395.408567430993));
#5172=CARTESIAN_POINT('Ctrl Pts',(11.406689538022,6.32658572473705,395.501205055207));
#5173=CARTESIAN_POINT('Ctrl Pts',(10.0764518265566,8.00173248176667,395.59384267942));
#5174=CARTESIAN_POINT('Ctrl Pts',(8.74621411509123,9.67687923879628,395.686480303634));
#5175=CARTESIAN_POINT('Ctrl Pts',(6.98921532030871,11.0131340841574,395.779117927848));
#5176=CARTESIAN_POINT('Ctrl Pts',(5.01962382539264,11.8476149825282,395.871755552061));
#5177=CARTESIAN_POINT('Ctrl Pts',(3.05003233047567,12.6820958808994,395.964393176275));
#5178=CARTESIAN_POINT('Ctrl Pts',(0.86784813542555,13.0148028322795,396.057030800488));
#5179=CARTESIAN_POINT('Ctrl Pts',(-1.2609326405509,12.8051807093328,396.149668424702));
#5180=CARTESIAN_POINT('Ctrl Pts',(-3.38971341652735,12.5955585863862,396.242306048916));
#5181=CARTESIAN_POINT('Ctrl Pts',(-5.46509077342956,11.8436073891128,396.334943673129));
#5182=CARTESIAN_POINT('Ctrl Pts',(-7.23408775171488,10.6409857871893,396.427581297343));
#5183=CARTESIAN_POINT('Ctrl Pts',(-9.00308472999939,9.4383641852664,396.520218921557));
#5184=CARTESIAN_POINT('Ctrl Pts',(-10.4657013296668,7.78507217869411,396.61285654577));
#5185=CARTESIAN_POINT('Ctrl Pts',(-11.4436527201877,5.88263686984136,396.705494169984));
#5186=CARTESIAN_POINT('Ctrl Pts',(-12.3743993282987,4.07203030183769,396.793660264287));
#5187=CARTESIAN_POINT('Ctrl Pts',(-12.8661401616089,2.03575177226199,396.88182635859));
#5188=CARTESIAN_POINT('Ctrl Pts',(-12.8670399429526,-0.000107500718616871,
396.969992452893));
#5189=CARTESIAN_POINT('Origin',(0.,0.,-483.969992452873));
#5190=CARTESIAN_POINT('',(-12.8667026348167,0.000246344356254458,389.280007547126));
#5191=CARTESIAN_POINT('',(-12.8659711244265,-0.000334502936361614,389.969992452892));
#5192=CARTESIAN_POINT('',(-12.866,-2.94682877995754E-10,-483.969992452873));
#5193=CARTESIAN_POINT('Ctrl Pts',(-12.8667026348167,0.000246344356254458,
389.280007547126));
#5194=CARTESIAN_POINT('Ctrl Pts',(-12.8650664635568,-1.87430487176808,389.361181770408));
#5195=CARTESIAN_POINT('Ctrl Pts',(-12.4505712877012,-3.74955591566947,389.442355993689));
#5196=CARTESIAN_POINT('Ctrl Pts',(-11.6570008413176,-5.44765407666252,389.523530216971));
#5197=CARTESIAN_POINT('Ctrl Pts',(-10.7513626001718,-7.38555718132427,389.616167841185));
#5198=CARTESIAN_POINT('Ctrl Pts',(-9.35202338133004,-9.09273948119254,389.708805465398));
#5199=CARTESIAN_POINT('Ctrl Pts',(-7.62955482777004,-10.3611049919789,389.801443089612));
#5200=CARTESIAN_POINT('Ctrl Pts',(-5.90708627421162,-11.6294705027642,389.894080713826));
#5201=CARTESIAN_POINT('Ctrl Pts',(-3.86148838593555,-12.4590192244683,389.986718338039));
#5202=CARTESIAN_POINT('Ctrl Pts',(-1.74210818378351,-12.7486337587796,390.079355962253));
#5203=CARTESIAN_POINT('Ctrl Pts',(0.377272018368526,-13.038248293091,390.171993586466));
#5204=CARTESIAN_POINT('Ctrl Pts',(2.57043453439653,-12.7879286400095,390.26463121068));
#5205=CARTESIAN_POINT('Ctrl Pts',(4.57004505507987,-12.0281873839379,390.357268834893));
#5206=CARTESIAN_POINT('Ctrl Pts',(6.56965557576412,-11.268446127866,390.449906459107));
#5207=CARTESIAN_POINT('Ctrl Pts',(8.37571410110355,-9.9992832688035,390.542544083321));
#5208=CARTESIAN_POINT('Ctrl Pts',(9.76807213652084,-8.37540269687025,390.635181707535));
#5209=CARTESIAN_POINT('Ctrl Pts',(11.1604301719381,-6.751522124937,390.727819331748));
#5210=CARTESIAN_POINT('Ctrl Pts',(12.1390877174333,-4.77292384013296,390.820456955962));
#5211=CARTESIAN_POINT('Ctrl Pts',(12.584751861568,-2.68078797375047,390.913094580176));
#5212=CARTESIAN_POINT('Ctrl Pts',(13.0304160057026,-0.588652107368922,391.005732204389));
#5213=CARTESIAN_POINT('Ctrl Pts',(12.9430867484772,1.61702134059098,391.098369828603));
#5214=CARTESIAN_POINT('Ctrl Pts',(12.3334090400345,3.6673730428135,391.191007452817));
#5215=CARTESIAN_POINT('Ctrl Pts',(11.7237313315918,5.71772474503601,391.28364507703));
#5216=CARTESIAN_POINT('Ctrl Pts',(10.5917051719317,7.61275470152114,391.376282701243));
#5217=CARTESIAN_POINT('Ctrl Pts',(9.07531825556158,9.12146929741871,391.468920325457));
#5218=CARTESIAN_POINT('Ctrl Pts',(7.55893133919005,10.6301838933176,391.561557949671));
#5219=CARTESIAN_POINT('Ctrl Pts',(5.65818366610774,11.7525831286283,391.654195573885));
#5220=CARTESIAN_POINT('Ctrl Pts',(3.60476580827182,12.3518527780197,391.746833198098));
#5221=CARTESIAN_POINT('Ctrl Pts',(1.55134795043778,12.9511224274105,391.839470822312));
#5222=CARTESIAN_POINT('Ctrl Pts',(-0.65474009214956,13.0272624908831,391.932108446525));
#5223=CARTESIAN_POINT('Ctrl Pts',(-2.74458845410586,12.5709919179441,392.024746070739));
#5224=CARTESIAN_POINT('Ctrl Pts',(-4.8344368160631,12.1147213450049,392.117383694953));
#5225=CARTESIAN_POINT('Ctrl Pts',(-6.8080454973892,11.1260401356536,392.210021319166));
#5226=CARTESIAN_POINT('Ctrl Pts',(-8.4248425742421,9.72546303175427,392.30265894338));
#5227=CARTESIAN_POINT('Ctrl Pts',(-10.041639651095,8.32488592785493,392.395296567594));
#5228=CARTESIAN_POINT('Ctrl Pts',(-11.3016251234747,6.51241292940751,392.487934191807));
#5229=CARTESIAN_POINT('Ctrl Pts',(-12.0512137685056,4.50897441652306,392.580571816021));
#5230=CARTESIAN_POINT('Ctrl Pts',(-12.5891332899338,3.07126762466391,392.647050393056));
#5231=CARTESIAN_POINT('Ctrl Pts',(-12.8642097125846,1.53521780854466,392.713528970091));
#5232=CARTESIAN_POINT('Ctrl Pts',(-12.8656681393351,-0.000323499710127588,
392.780007547126));
#5233=CARTESIAN_POINT('Ctrl Pts',(-12.8659711244265,-0.000334502936361614,
389.969992452892));
#5234=CARTESIAN_POINT('Ctrl Pts',(-12.8664880191694,-0.505327247931853,
389.991856710795));
#5235=CARTESIAN_POINT('Ctrl Pts',(-12.8373230990316,-1.01026065426569,390.013720968699));
#5236=CARTESIAN_POINT('Ctrl Pts',(-12.7780118018374,-1.51162777023246,390.035585226602));
#5237=CARTESIAN_POINT('Ctrl Pts',(-12.5267131899481,-3.63589188600376,390.128222850816));
#5238=CARTESIAN_POINT('Ctrl Pts',(-11.7342361697508,-5.69613506351098,390.22086047503));
#5239=CARTESIAN_POINT('Ctrl Pts',(-10.4971792836304,-7.44122511489084,390.313498099243));
#5240=CARTESIAN_POINT('Ctrl Pts',(-9.26012239750821,-9.18631516627308,390.406135723457));
#5241=CARTESIAN_POINT('Ctrl Pts',(-7.57848564546165,-10.6162520915271,390.49877334767));
#5242=CARTESIAN_POINT('Ctrl Pts',(-5.65725119660459,-11.5567345310237,390.591410971884));
#5243=CARTESIAN_POINT('Ctrl Pts',(-3.73601674774841,-12.4972169705198,390.684048596098));
#5244=CARTESIAN_POINT('Ctrl Pts',(-1.57518460208194,-12.948244924259,390.776686220311));
#5245=CARTESIAN_POINT('Ctrl Pts',(0.561851817221519,-12.8548405925002,390.869323844525));
#5246=CARTESIAN_POINT('Ctrl Pts',(2.69888823652498,-12.7614362607413,390.961961468739));
#5247=CARTESIAN_POINT('Ctrl Pts',(4.81212892946256,-12.1235996434854,391.054599092952));
#5248=CARTESIAN_POINT('Ctrl Pts',(6.64398160640286,-11.0190794777169,391.147236717166));
#5249=CARTESIAN_POINT('Ctrl Pts',(8.47583428334316,-9.91455931194833,391.239874341379));
#5250=CARTESIAN_POINT('Ctrl Pts',(10.0262989442848,-8.34335559766558,391.332511965593));
#5251=CARTESIAN_POINT('Ctrl Pts',(11.1063825684959,-6.49698933083388,391.425149589807));
#5252=CARTESIAN_POINT('Ctrl Pts',(12.1864661927065,-4.65062306400302,391.517787214021));
#5253=CARTESIAN_POINT('Ctrl Pts',(12.7961687801893,-2.52909424462159,391.610424838234));
#5254=CARTESIAN_POINT('Ctrl Pts',(12.8611709758252,-0.391005438897638,391.703062462448));
#5255=CARTESIAN_POINT('Ctrl Pts',(12.9261731714611,1.74708336682631,391.795700086661));
#5256=CARTESIAN_POINT('Ctrl Pts',(12.4464749752502,3.90173215889278,391.888337710875));
#5257=CARTESIAN_POINT('Ctrl Pts',(11.480548929916,5.81030123061423,391.980975335089));
#5258=CARTESIAN_POINT('Ctrl Pts',(10.5146228845815,7.71887030233654,392.073612959302));
#5259=CARTESIAN_POINT('Ctrl Pts',(9.06246899012325,9.3813596537136,392.166250583516));
#5260=CARTESIAN_POINT('Ctrl Pts',(7.30109673148647,10.5951210771827,392.25888820773));
#5261=CARTESIAN_POINT('Ctrl Pts',(5.53972447284968,11.8088825006518,392.351525831943));
#5262=CARTESIAN_POINT('Ctrl Pts',(3.46913385003433,12.5739159962129,392.444163456157));
#5263=CARTESIAN_POINT('Ctrl Pts',(1.34171834631457,12.7969682347747,392.536801080371));
#5264=CARTESIAN_POINT('Ctrl Pts',(-0.785697157404215,13.0200204733365,392.629438704584));
#5265=CARTESIAN_POINT('Ctrl Pts',(-2.96993754202736,12.7010914548996,392.722076328798));
#5266=CARTESIAN_POINT('Ctrl Pts',(-4.94475605027196,11.879056853386,392.814713953011));
#5267=CARTESIAN_POINT('Ctrl Pts',(-6.91957455851656,11.0570222518725,392.907351577225));
#5268=CARTESIAN_POINT('Ctrl Pts',(-8.68497119038261,9.73188206728233,392.999989201439));
#5269=CARTESIAN_POINT('Ctrl Pts',(-10.0257539130424,8.06516351959404,393.092626825652));
#5270=CARTESIAN_POINT('Ctrl Pts',(-11.3665366357028,6.39844497190499,393.185264449866));
#5271=CARTESIAN_POINT('Ctrl Pts',(-12.2827054491565,4.3901480611175,393.277902074079));
#5272=CARTESIAN_POINT('Ctrl Pts',(-12.6625844694563,2.28507301339804,393.370539698293));
#5273=CARTESIAN_POINT('Ctrl Pts',(-12.7985264091882,1.53175953732802,393.403690616493));
#5274=CARTESIAN_POINT('Ctrl Pts',(-12.8657906338175,0.766052572884309,393.436841534692));
#5275=CARTESIAN_POINT('Ctrl Pts',(-12.8652508688544,0.000251882176023066,
393.469992452892));
#5276=CARTESIAN_POINT('Origin',(0.,0.,-483.969992452873));
#5277=CARTESIAN_POINT('',(-12.8643462455962,-0.000442337302973134,385.780007547126));
#5278=CARTESIAN_POINT('',(-12.866414526277,0.00029982914761098,386.469992452892));
#5279=CARTESIAN_POINT('',(-12.866,-2.94682877995754E-10,-483.969992452873));
#5280=CARTESIAN_POINT('Ctrl Pts',(-12.8643462455962,-0.000442337302973134,
385.780007547126));
#5281=CARTESIAN_POINT('Ctrl Pts',(-12.8646962856419,-1.0064505313205,385.823559322297));
#5282=CARTESIAN_POINT('Ctrl Pts',(-12.7483175090794,-2.01234849842207,385.867111097468));
#5283=CARTESIAN_POINT('Ctrl Pts',(-12.5147064386033,-2.99035794938314,385.910662872639));
#5284=CARTESIAN_POINT('Ctrl Pts',(-12.0177996081947,-5.07065138494769,386.003300496853));
#5285=CARTESIAN_POINT('Ctrl Pts',(-10.9904844219944,-7.02476540784598,386.095938121067));
#5286=CARTESIAN_POINT('Ctrl Pts',(-9.55845620596177,-8.61387226663904,386.18857574528));
#5287=CARTESIAN_POINT('Ctrl Pts',(-8.1264279899291,-10.2029791254321,386.281213369494));
#5288=CARTESIAN_POINT('Ctrl Pts',(-6.289686744064,-11.42707882012,386.373850993708));
#5289=CARTESIAN_POINT('Ctrl Pts',(-4.27196325257246,-12.1372305427606,386.466488617921));
#5290=CARTESIAN_POINT('Ctrl Pts',(-2.25423976108275,-12.8473822654005,386.559126242135));
#5291=CARTESIAN_POINT('Ctrl Pts',(-0.0555340239669244,-13.0435860159941,
386.651763866348));
#5292=CARTESIAN_POINT('Ctrl Pts',(2.05606633751463,-12.7017949438251,386.744401490562));
#5293=CARTESIAN_POINT('Ctrl Pts',(4.16766669899907,-12.3600038716555,386.837039114775));
#5294=CARTESIAN_POINT('Ctrl Pts',(6.19216168484899,-11.4802179767218,386.929676738989));
#5295=CARTESIAN_POINT('Ctrl Pts',(7.88281394239103,-10.1697414727782,387.022314363203));
#5296=CARTESIAN_POINT('Ctrl Pts',(9.57346619993231,-8.8592649688352,387.114951987416));
#5297=CARTESIAN_POINT('Ctrl Pts',(10.930275729166,-7.11809785588271,387.20758961163));
#5298=CARTESIAN_POINT('Ctrl Pts',(11.7878368946772,-5.15844809103523,387.300227235844));
#5299=CARTESIAN_POINT('Ctrl Pts',(12.645398060188,-3.19879832618863,387.392864860057));
#5300=CARTESIAN_POINT('Ctrl Pts',(13.0037108619768,-1.02066590944724,387.485502484271));
#5301=CARTESIAN_POINT('Ctrl Pts',(12.8191077318358,1.11043208442309,387.578140108485));
#5302=CARTESIAN_POINT('Ctrl Pts',(12.6345046016948,3.24153007829535,387.670777732698));
#5303=CARTESIAN_POINT('Ctrl Pts',(11.906985539623,5.32559364929646,387.763415356912));
#5304=CARTESIAN_POINT('Ctrl Pts',(10.7252268236336,7.10859423098987,387.856052981126));
#5305=CARTESIAN_POINT('Ctrl Pts',(9.54346810764518,8.89159481268165,387.948690605339));
#5306=CARTESIAN_POINT('Ctrl Pts',(7.90746973774,10.3735324050663,388.041328229553));
#5307=CARTESIAN_POINT('Ctrl Pts',(6.0166528779451,11.3737635694347,388.133965853767));
#5308=CARTESIAN_POINT('Ctrl Pts',(4.12583601815021,12.373994733803,388.22660347798));
#5309=CARTESIAN_POINT('Ctrl Pts',(1.98020066846561,12.892519470155,388.319241102194));
#5310=CARTESIAN_POINT('Ctrl Pts',(-0.158713151171343,12.8661341861443,388.411878726407));
#5311=CARTESIAN_POINT('Ctrl Pts',(-2.29762697080829,12.8397489021335,388.504516350621));
#5312=CARTESIAN_POINT('Ctrl Pts',(-4.4298192603976,12.2684535977601,388.597153974834));
#5313=CARTESIAN_POINT('Ctrl Pts',(-6.29538715223794,11.2218851750056,388.689791599048));
#5314=CARTESIAN_POINT('Ctrl Pts',(-8.16095504407913,10.1753167522506,388.782429223262));
#5315=CARTESIAN_POINT('Ctrl Pts',(-9.75989853817112,8.6534752111141,388.875066847475));
#5316=CARTESIAN_POINT('Ctrl Pts',(-10.8973155480671,6.84186497003352,388.967704471689));
#5317=CARTESIAN_POINT('Ctrl Pts',(-12.034732557963,5.03025472895294,389.060342095903));
#5318=CARTESIAN_POINT('Ctrl Pts',(-12.7106230836629,2.92887578792825,389.152979720116));
#5319=CARTESIAN_POINT('Ctrl Pts',(-12.8425997147877,0.793874362688889,389.24561734433));
#5320=CARTESIAN_POINT('Ctrl Pts',(-12.8589311033469,0.529679576439262,389.257080745262));
#5321=CARTESIAN_POINT('Ctrl Pts',(-12.8669336944609,0.264969938733513,389.268544146194));
#5322=CARTESIAN_POINT('Ctrl Pts',(-12.8667026348167,0.000246344356254458,
389.280007547126));
#5323=CARTESIAN_POINT('Ctrl Pts',(-12.866414526277,0.00029982914761098,
386.469992452892));
#5324=CARTESIAN_POINT('Ctrl Pts',(-12.8646412949426,-1.77518686689922,386.546871886898));
#5325=CARTESIAN_POINT('Ctrl Pts',(-12.4940630147278,-3.55138780321864,386.623751320905));
#5326=CARTESIAN_POINT('Ctrl Pts',(-11.7798759134738,-5.17659408807765,386.700630754911));
#5327=CARTESIAN_POINT('Ctrl Pts',(-10.9192999069101,-7.13492339983702,386.793268379125));
#5328=CARTESIAN_POINT('Ctrl Pts',(-9.55981785444281,-8.87401461321206,386.885906003339));
#5329=CARTESIAN_POINT('Ctrl Pts',(-7.867144490808,-10.1818783966351,386.978543627552));
#5330=CARTESIAN_POINT('Ctrl Pts',(-6.17447112717318,-11.4897421800581,387.071181251766));
#5331=CARTESIAN_POINT('Ctrl Pts',(-4.14860645237085,-12.3663785335292,387.16381887598));
#5332=CARTESIAN_POINT('Ctrl Pts',(-2.03649141137623,-12.7049321933277,387.256456500193));
#5333=CARTESIAN_POINT('Ctrl Pts',(0.0756236296193469,-13.0434858531265,
387.349094124407));
#5334=CARTESIAN_POINT('Ctrl Pts',(2.27398903680731,-12.8439568192522,387.44173174862));
#5335=CARTESIAN_POINT('Ctrl Pts',(4.29063595492507,-12.1306656831099,387.534369372834));
#5336=CARTESIAN_POINT('Ctrl Pts',(6.30728287304283,-11.4173745469677,387.627006997048));
#5337=CARTESIAN_POINT('Ctrl Pts',(8.14221130209038,-10.1903213085574,387.719644621262));
#5338=CARTESIAN_POINT('Ctrl Pts',(9.57175383275161,-8.59907736500858,387.812282245475));
#5339=CARTESIAN_POINT('Ctrl Pts',(11.0012963634122,-7.00783342146049,387.904919869689));
#5340=CARTESIAN_POINT('Ctrl Pts',(12.0254529956869,-5.05239877277419,387.997557493902));
#5341=CARTESIAN_POINT('Ctrl Pts',(12.5193846520228,-2.97112982070942,388.090195118116));
#5342=CARTESIAN_POINT('Ctrl Pts',(13.0133163083587,-0.88986086864464,388.182832742329));
#5343=CARTESIAN_POINT('Ctrl Pts',(12.977022988756,1.31724238679862,388.275470366543));
#5344=CARTESIAN_POINT('Ctrl Pts',(12.4149286853279,3.3811462304305,388.368107990757));
#5345=CARTESIAN_POINT('Ctrl Pts',(11.8528343818993,5.44505007406426,388.46074561497));
#5346=CARTESIAN_POINT('Ctrl Pts',(10.7649390946443,7.36575450588636,388.553383239184));
#5347=CARTESIAN_POINT('Ctrl Pts',(9.28385119122829,8.90913638483661,388.646020863398));
#5348=CARTESIAN_POINT('Ctrl Pts',(7.80276328781432,10.4525182637848,388.738658487611));
#5349=CARTESIAN_POINT('Ctrl Pts',(5.92848276824039,11.6185775898621,388.831296111825));
#5350=CARTESIAN_POINT('Ctrl Pts',(3.88947401477577,12.2651781914275,388.923933736039));
#5351=CARTESIAN_POINT('Ctrl Pts',(1.85046526130928,12.9117787929935,389.016571360252));
#5352=CARTESIAN_POINT('Ctrl Pts',(-0.353271726048207,13.0389206700467,389.109208984466));
#5353=CARTESIAN_POINT('Ctrl Pts',(-2.45311366690691,12.631105946257,389.201846608679));
#5354=CARTESIAN_POINT('Ctrl Pts',(-4.5529556077656,12.2232912224673,389.294484232893));
#5355=CARTESIAN_POINT('Ctrl Pts',(-6.54890250212551,11.2805198978347,389.387121857107));
#5356=CARTESIAN_POINT('Ctrl Pts',(-8.19765952003942,9.91771054892025,389.47975948132));
#5357=CARTESIAN_POINT('Ctrl Pts',(-9.84641653795332,8.55490120000575,389.572397105534));
#5358=CARTESIAN_POINT('Ctrl Pts',(-11.1479836794212,6.77205382680929,389.665034729748));
#5359=CARTESIAN_POINT('Ctrl Pts',(-11.9437071483647,4.78648761319231,389.757672353961));
#5360=CARTESIAN_POINT('Ctrl Pts',(-12.551624601206,3.2695531477145,389.828445720272));
#5361=CARTESIAN_POINT('Ctrl Pts',(-12.8642979653764,1.63429845298938,389.899219086582));
#5362=CARTESIAN_POINT('Ctrl Pts',(-12.8659711244265,-0.000334502936361614,
389.969992452892));
#5363=CARTESIAN_POINT('Origin',(0.,0.,-227.5));
#5364=CARTESIAN_POINT('Origin',(3.0492791559526E-15,4.52580295055751E-16,
475.63275));
#5365=CARTESIAN_POINT('',(-14.8656530373391,-0.217904419297574,475.63275));
#5366=CARTESIAN_POINT('Ctrl Pts',(6.04093457217137,11.3602108708468,475.63275));
#5367=CARTESIAN_POINT('Ctrl Pts',(5.78551230807528,11.5219839593683,475.63275));
#5368=CARTESIAN_POINT('Ctrl Pts',(5.5246636913782,11.6744947562266,475.63275));
#5369=CARTESIAN_POINT('Ctrl Pts',(5.25886154743185,11.817416022529,475.63275));
#5370=CARTESIAN_POINT('Ctrl Pts',(5.22641634824105,11.8348617394256,475.63275));
#5371=CARTESIAN_POINT('Ctrl Pts',(5.19389729222157,11.8521645331653,475.63275));
#5372=CARTESIAN_POINT('Ctrl Pts',(5.16130519889773,11.8693237742605,475.63275));
#5373=CARTESIAN_POINT('Ctrl Pts',(4.89692806265661,12.0085143127676,475.63275));
#5374=CARTESIAN_POINT('Ctrl Pts',(4.62774793289449,12.1382625160218,475.63275));
#5375=CARTESIAN_POINT('Ctrl Pts',(4.3543242862524,12.2585357588439,475.63275));
#5376=CARTESIAN_POINT('Ctrl Pts',(4.07871384128994,12.379770927705,475.63275));
#5377=CARTESIAN_POINT('Ctrl Pts',(3.79879121070065,12.4913792200023,475.63275));
#5378=CARTESIAN_POINT('Ctrl Pts',(3.51509893924278,12.5932833722594,475.63275));
#5379=CARTESIAN_POINT('Ctrl Pts',(3.39768475714446,12.6354593280166,475.63275));
#5380=CARTESIAN_POINT('Ctrl Pts',(3.27962453881702,12.6759724704257,475.63275));
#5381=CARTESIAN_POINT('Ctrl Pts',(3.16095556661429,12.7148149943917,475.63275));
#5382=CARTESIAN_POINT('Ctrl Pts',(3.10240611821208,12.7339792991846,475.63275));
#5383=CARTESIAN_POINT('Ctrl Pts',(3.04370847253663,12.7527369066152,475.63275));
#5384=CARTESIAN_POINT('Ctrl Pts',(2.9848670572124,12.7710867528602,475.63275));
#5385=CARTESIAN_POINT('Ctrl Pts',(2.94895597143308,12.7822857170407,475.63275));
#5386=CARTESIAN_POINT('Ctrl Pts',(2.91299193276024,12.793332573914,475.63275));
#5387=CARTESIAN_POINT('Ctrl Pts',(2.87698902701263,12.8042232468689,475.63275));
#5388=CARTESIAN_POINT('Ctrl Pts',(2.58615620453255,12.8921985113204,475.63275));
#5389=CARTESIAN_POINT('Ctrl Pts',(2.29256947345167,12.9700547726047,475.63275));
#5390=CARTESIAN_POINT('Ctrl Pts',(1.99680231254616,13.0377645889463,475.63275));
#5391=CARTESIAN_POINT('Ctrl Pts',(1.69784823813957,13.1062039836739,475.63275));
#5392=CARTESIAN_POINT('Ctrl Pts',(1.39666595450658,13.1642773629591,475.63275));
#5393=CARTESIAN_POINT('Ctrl Pts',(1.09382067021753,13.2119107193023,475.63275));
#5394=CARTESIAN_POINT('Ctrl Pts',(0.791016122297657,13.2595376683805,475.63275));
#5395=CARTESIAN_POINT('Ctrl Pts',(0.486548422030483,13.2967275965232,475.63275));
#5396=CARTESIAN_POINT('Ctrl Pts',(0.180964327435642,13.3233577848356,475.63275));
#5397=CARTESIAN_POINT('Ctrl Pts',(0.0670901667504486,13.3332813718174,475.63275));
#5398=CARTESIAN_POINT('Ctrl Pts',(-0.0469391564055346,13.3417380931036,
475.63275));
#5399=CARTESIAN_POINT('Ctrl Pts',(-0.161095736203563,13.3487197817821,475.63275));
#5400=CARTESIAN_POINT('Ctrl Pts',(-0.222041682617856,13.352447167666,475.63275));
#5401=CARTESIAN_POINT('Ctrl Pts',(-0.283023903380403,13.3557541106649,475.63275));
#5402=CARTESIAN_POINT('Ctrl Pts',(-0.344038166133583,13.3586392493849,475.63275));
#5403=CARTESIAN_POINT('Ctrl Pts',(-0.380250863551919,13.3603516138511,475.63275));
#5404=CARTESIAN_POINT('Ctrl Pts',(-0.416474848131347,13.3619153934387,475.63275));
#5405=CARTESIAN_POINT('Ctrl Pts',(-0.452709236114015,13.3633302895813,475.63275));
#5406=CARTESIAN_POINT('Ctrl Pts',(-0.490026781531616,13.3647874813266,475.63275));
#5407=CARTESIAN_POINT('Ctrl Pts',(-0.527348132005858,13.3660864509726,475.63275));
#5408=CARTESIAN_POINT('Ctrl Pts',(-0.564664484497325,13.3672268719293,475.63275));
#5409=CARTESIAN_POINT('Ctrl Pts',(-0.773114064992203,13.3735972767025,475.63275));
#5410=CARTESIAN_POINT('Ctrl Pts',(-0.98148288889928,13.3750241539447,475.63275));
#5411=CARTESIAN_POINT('Ctrl Pts',(-1.18959608947292,13.3714988354514,475.63275));
#5412=CARTESIAN_POINT('Ctrl Pts',(-1.49478241503839,13.3663291537856,475.63275));
#5413=CARTESIAN_POINT('Ctrl Pts',(-1.79941856632194,13.3505126053031,475.63275));
#5414=CARTESIAN_POINT('Ctrl Pts',(-2.10300085935303,13.3243306480068,475.63275));
#5415=CARTESIAN_POINT('Ctrl Pts',(-2.41025079790862,13.2978323806335,475.63275));
#5416=CARTESIAN_POINT('Ctrl Pts',(-2.71642179117051,13.2607167341168,475.63275));
#5417=CARTESIAN_POINT('Ctrl Pts',(-3.02100322146673,13.213222610618,475.63275));
#5418=CARTESIAN_POINT('Ctrl Pts',(-3.32786717927387,13.1653725670508,475.63275));
#5419=CARTESIAN_POINT('Ctrl Pts',(-3.63311823955652,13.1069878686129,475.63275));
#5420=CARTESIAN_POINT('Ctrl Pts',(-3.93623744304035,13.0382598869762,475.63275));
#5421=CARTESIAN_POINT('Ctrl Pts',(-4.23986282731564,12.9694171360218,475.63275));
#5422=CARTESIAN_POINT('Ctrl Pts',(-4.5413498325729,12.8901964377865,475.63275));
#5423=CARTESIAN_POINT('Ctrl Pts',(-4.84017120683345,12.8007382852085,475.63275));
#5424=CARTESIAN_POINT('Ctrl Pts',(-5.08981611543812,12.7260020907861,475.63275));
#5425=CARTESIAN_POINT('Ctrl Pts',(-5.33760063633189,12.6441197613617,475.63275));
#5426=CARTESIAN_POINT('Ctrl Pts',(-5.5832096387604,12.555146239092,475.63275));
#5427=CARTESIAN_POINT('Ctrl Pts',(-5.62084297621677,12.5415133080709,475.63275));
#5428=CARTESIAN_POINT('Ctrl Pts',(-5.65842830720088,12.5277126479847,475.63275));
#5429=CARTESIAN_POINT('Ctrl Pts',(-5.69594055209339,12.5137534548207,475.63275));
#5430=CARTESIAN_POINT('Ctrl Pts',(-5.9925659781391,12.4033721211682,475.63275));
#5431=CARTESIAN_POINT('Ctrl Pts',(-6.28491749938252,12.282977093343,475.63275));
#5432=CARTESIAN_POINT('Ctrl Pts',(-6.57247389650964,12.1528309670598,475.63275));
#5433=CARTESIAN_POINT('Ctrl Pts',(-6.86232972229712,12.0216441345506,475.63275));
#5434=CARTESIAN_POINT('Ctrl Pts',(-7.14731403663635,11.8805495672894,475.63275));
#5435=CARTESIAN_POINT('Ctrl Pts',(-7.42689160682016,11.7297635007505,475.63275));
#5436=CARTESIAN_POINT('Ctrl Pts',(-7.52163190604766,11.6786667083511,475.63275));
#5437=CARTESIAN_POINT('Ctrl Pts',(-7.6157512821711,11.6264565775811,475.63275));
#5438=CARTESIAN_POINT('Ctrl Pts',(-7.7092286790611,11.5731401860779,475.63275));
#5439=CARTESIAN_POINT('Ctrl Pts',(-7.98295624706431,11.4170151048664,475.63275));
#5440=CARTESIAN_POINT('Ctrl Pts',(-8.25118038349724,11.2514077684324,475.63275));
#5441=CARTESIAN_POINT('Ctrl Pts',(-8.51355920943273,11.0767646891863,475.63275));
#5442=CARTESIAN_POINT('Ctrl Pts',(-8.77755278983013,10.9010468063982,475.63275));
#5443=CARTESIAN_POINT('Ctrl Pts',(-9.03562937153613,10.7161813025061,475.63275));
#5444=CARTESIAN_POINT('Ctrl Pts',(-9.28741788306341,10.5225750299721,475.63275));
#5445=CARTESIAN_POINT('Ctrl Pts',(-9.45830633852155,10.3911747659979,475.63275));
#5446=CARTESIAN_POINT('Ctrl Pts',(-9.6262978344015,10.255747235564,475.63275));
#5447=CARTESIAN_POINT('Ctrl Pts',(-9.79126869499168,10.1164083285036,475.63275));
#5448=CARTESIAN_POINT('Ctrl Pts',(-9.87365621934343,10.0468215690145,475.63275));
#5449=CARTESIAN_POINT('Ctrl Pts',(-9.95529027112502,9.97625914948799,475.63275));
#5450=CARTESIAN_POINT('Ctrl Pts',(-10.0361547715787,9.90473472554369,475.63275));
#5451=CARTESIAN_POINT('Ctrl Pts',(-10.0953713317147,9.85235784411939,475.63275));
#5452=CARTESIAN_POINT('Ctrl Pts',(-10.1541752075084,9.79946507328785,475.63275));
#5453=CARTESIAN_POINT('Ctrl Pts',(-10.2125599186242,9.74606160943491,475.63275));
#5454=CARTESIAN_POINT('Ctrl Pts',(-10.234079545743,9.72637798666791,475.63275));
#5455=CARTESIAN_POINT('Ctrl Pts',(-10.2555399646091,9.70662702891724,475.63275));
#5456=CARTESIAN_POINT('Ctrl Pts',(-10.2769348430905,9.68681469627876,475.63275));
#5457=CARTESIAN_POINT('Ctrl Pts',(-10.5150199390592,9.46634038408823,475.63275));
#5458=CARTESIAN_POINT('Ctrl Pts',(-10.745212151326,9.23806742638473,475.63275));
#5459=CARTESIAN_POINT('Ctrl Pts',(-10.9671775655085,9.00250684022366,475.63275));
#5460=CARTESIAN_POINT('Ctrl Pts',(-11.189384641198,8.7666897910166,475.63275));
#5461=CARTESIAN_POINT('Ctrl Pts',(-11.4033474581991,8.52356884333755,475.63275));
#5462=CARTESIAN_POINT('Ctrl Pts',(-11.6087087697293,8.27360788384724,475.63275));
#5463=CARTESIAN_POINT('Ctrl Pts',(-11.8145152324635,8.0231050967789,475.63275));
#5464=CARTESIAN_POINT('Ctrl Pts',(-12.0116833383251,7.76573222621622,475.63275));
#5465=CARTESIAN_POINT('Ctrl Pts',(-12.1998241056909,7.50191303440733,475.63275));
#5466=CARTESIAN_POINT('Ctrl Pts',(-12.3865384807636,7.24009399209938,475.63275));
#5467=CARTESIAN_POINT('Ctrl Pts',(-12.5643623017246,6.97192556656008,475.63275));
#5468=CARTESIAN_POINT('Ctrl Pts',(-12.732879793245,6.69778575173442,475.63275));
#5469=CARTESIAN_POINT('Ctrl Pts',(-12.8921781425756,6.43864339450186,475.63275));
#5470=CARTESIAN_POINT('Ctrl Pts',(-13.0431605133682,6.17416452454166,475.63275));
#5471=CARTESIAN_POINT('Ctrl Pts',(-13.1857143707851,5.9047805875901,475.63275));
#5472=CARTESIAN_POINT('Ctrl Pts',(-13.248081683405,5.7869251151738,475.63275));
#5473=CARTESIAN_POINT('Ctrl Pts',(-13.3088352741336,5.66813050599496,475.63275));
#5474=CARTESIAN_POINT('Ctrl Pts',(-13.3679635545129,5.5484317306782,475.63275));
#5475=CARTESIAN_POINT('Ctrl Pts',(-13.3988671435207,5.48587077450988,475.63275));
#5476=CARTESIAN_POINT('Ctrl Pts',(-13.4293267299687,5.42306282002021,475.63275));
#5477=CARTESIAN_POINT('Ctrl Pts',(-13.459340510531,5.36001279617236,475.63275));
#5478=CARTESIAN_POINT('Ctrl Pts',(-13.4735316461251,5.33020144215851,475.63275));
#5479=CARTESIAN_POINT('Ctrl Pts',(-13.4876241986059,5.3003336520263,475.63275));
#5480=CARTESIAN_POINT('Ctrl Pts',(-13.5016144122212,5.27041756174547,475.63275));
#5481=CARTESIAN_POINT('Ctrl Pts',(-13.6390730989704,4.97648162940513,475.63275));
#5482=CARTESIAN_POINT('Ctrl Pts',(-13.766441869293,4.67834677225103,475.63275));
#5483=CARTESIAN_POINT('Ctrl Pts',(-13.8836953344535,4.37660213813917,475.63275));
#5484=CARTESIAN_POINT('Ctrl Pts',(-14.0024258178037,4.07105648789021,475.63275));
#5485=CARTESIAN_POINT('Ctrl Pts',(-14.1107848225207,3.76180909355433,475.63275));
#5486=CARTESIAN_POINT('Ctrl Pts',(-14.2087066342603,3.44943534618435,475.63275));
#5487=CARTESIAN_POINT('Ctrl Pts',(-14.3076374602942,3.13384281057236,475.63275));
#5488=CARTESIAN_POINT('Ctrl Pts',(-14.3959151722054,2.815058656461,475.63275));
#5489=CARTESIAN_POINT('Ctrl Pts',(-14.4734278892831,2.49364669682758,475.63275));
#5490=CARTESIAN_POINT('Ctrl Pts',(-14.5509206730468,2.17231739208953,475.63275));
#5491=CARTESIAN_POINT('Ctrl Pts',(-14.6176542147877,1.84836106824689,475.63275));
#5492=CARTESIAN_POINT('Ctrl Pts',(-14.6734692099868,1.52231984569203,475.63275));
#5493=CARTESIAN_POINT('Ctrl Pts',(-14.7287416512221,1.199447931977,475.63275));
#5494=CARTESIAN_POINT('Ctrl Pts',(-14.7733069242385,0.874530884518618,475.63275));
#5495=CARTESIAN_POINT('Ctrl Pts',(-14.8069611832519,0.548082815902147,475.63275));
#5496=CARTESIAN_POINT('Ctrl Pts',(-14.8331959814503,0.293603904363554,475.63275));
#5497=CARTESIAN_POINT('Ctrl Pts',(-14.8527994319096,0.0381942932821075,
475.63275));
#5498=CARTESIAN_POINT('Ctrl Pts',(-14.8656530373392,-0.217904419294193,
475.63275));
#5499=CARTESIAN_POINT('',(-14.86725,-1.82071301246235E-15,475.63275));
#5500=CARTESIAN_POINT('Origin',(0.,0.,475.63275));
#5501=CARTESIAN_POINT('',(-9.11582323600495,-11.7454111449527,475.632750000001));
#5502=CARTESIAN_POINT('Origin',(0.,0.,475.63275));
#5503=CARTESIAN_POINT('Ctrl Pts',(-9.11582323604277,-11.7454111449242,475.63275));
#5504=CARTESIAN_POINT('Ctrl Pts',(-8.841578843557,-11.9314988000252,475.63275));
#5505=CARTESIAN_POINT('Ctrl Pts',(-8.56140928462312,-12.108125518358,475.63275));
#5506=CARTESIAN_POINT('Ctrl Pts',(-8.27569090623589,-12.2748875640207,475.63275));
#5507=CARTESIAN_POINT('Ctrl Pts',(-8.22554736202945,-12.304154284824,475.63275));
#5508=CARTESIAN_POINT('Ctrl Pts',(-8.17523285075147,-12.3331170578815,475.63275));
#5509=CARTESIAN_POINT('Ctrl Pts',(-8.12474933076295,-12.3617735527409,475.63275));
#5510=CARTESIAN_POINT('Ctrl Pts',(-7.83559003184271,-12.5259121065687,475.63275));
#5511=CARTESIAN_POINT('Ctrl Pts',(-7.54088733156376,-12.68000640586,475.63275));
#5512=CARTESIAN_POINT('Ctrl Pts',(-7.24120484786125,-12.8239033007514,475.63275));
#5513=CARTESIAN_POINT('Ctrl Pts',(-6.94200578490325,-12.9675680741547,475.63275));
#5514=CARTESIAN_POINT('Ctrl Pts',(-6.63784238388102,-13.1010684261911,475.63275));
#5515=CARTESIAN_POINT('Ctrl Pts',(-6.32926390291569,-13.2242014643869,475.63275));
#5516=CARTESIAN_POINT('Ctrl Pts',(-6.1152541580006,-13.3095984435037,475.63275));
#5517=CARTESIAN_POINT('Ctrl Pts',(-5.89912055857996,-13.3900078033988,475.63275));
#5518=CARTESIAN_POINT('Ctrl Pts',(-5.68104535408686,-13.4653471283942,475.63275));
#5519=CARTESIAN_POINT('Ctrl Pts',(-5.64331192619042,-13.4783830487048,475.63275));
#5520=CARTESIAN_POINT('Ctrl Pts',(-5.60552428700874,-13.4912657657382,475.63275));
#5521=CARTESIAN_POINT('Ctrl Pts',(-5.56769241333666,-13.5039919653997,475.63275));
#5522=CARTESIAN_POINT('Ctrl Pts',(-5.25608060339792,-13.6088145323318,475.63275));
#5523=CARTESIAN_POINT('Ctrl Pts',(-4.94128767844869,-13.7030852454574,475.63275));
#5524=CARTESIAN_POINT('Ctrl Pts',(-4.62386241528,-13.7866625957686,475.63275));
#5525=CARTESIAN_POINT('Ctrl Pts',(-4.30786395034085,-13.8698642733489,475.63275));
#5526=CARTESIAN_POINT('Ctrl Pts',(-3.98925616360538,-13.9424685726828,475.63275));
#5527=CARTESIAN_POINT('Ctrl Pts',(-3.66857316133875,-14.0042851015038,475.63275));
#5528=CARTESIAN_POINT('Ctrl Pts',(-3.35048833347666,-14.0656007926694,475.63275));
#5529=CARTESIAN_POINT('Ctrl Pts',(-3.03036122167065,-14.1163028500473,475.63275));
#5530=CARTESIAN_POINT('Ctrl Pts',(-2.70871443135302,-14.156154632088,475.63275));
#5531=CARTESIAN_POINT('Ctrl Pts',(-2.58020813501775,-14.172076460213,475.63275));
#5532=CARTESIAN_POINT('Ctrl Pts',(-2.45145932724199,-14.1862657801776,475.63275));
#5533=CARTESIAN_POINT('Ctrl Pts',(-2.32250170125042,-14.1987051807679,475.63275));
#5534=CARTESIAN_POINT('Ctrl Pts',(-2.22136664710751,-14.2084607841495,475.63275));
#5535=CARTESIAN_POINT('Ctrl Pts',(-2.12010316360852,-14.2171400761492,475.63275));
#5536=CARTESIAN_POINT('Ctrl Pts',(-2.01872764256111,-14.2247340781243,475.63275));
#5537=CARTESIAN_POINT('Ctrl Pts',(-1.96800001717187,-14.2285340653739,475.63275));
#5538=CARTESIAN_POINT('Ctrl Pts',(-1.91723832101584,-14.2320626240638,475.63275));
#5539=CARTESIAN_POINT('Ctrl Pts',(-1.86647848342555,-14.2353165809884,475.63275));
#5540=CARTESIAN_POINT('Ctrl Pts',(-1.63764534711118,-14.2499859180832,475.63275));
#5541=CARTESIAN_POINT('Ctrl Pts',(-1.40874341175434,-14.2590847727332,475.63275));
#5542=CARTESIAN_POINT('Ctrl Pts',(-1.17995648901479,-14.2625650563159,475.63275));
#5543=CARTESIAN_POINT('Ctrl Pts',(-0.858647611062275,-14.2674527745453,
475.63275));
#5544=CARTESIAN_POINT('Ctrl Pts',(-0.537565255025525,-14.2612609758097,
475.63275));
#5545=CARTESIAN_POINT('Ctrl Pts',(-0.217246582782065,-14.2441708395282,
475.63275));
#5546=CARTESIAN_POINT('Ctrl Pts',(0.104514087815404,-14.2270037675244,475.63275));
#5547=CARTESIAN_POINT('Ctrl Pts',(0.425504783199867,-14.1988398563788,475.63275));
#5548=CARTESIAN_POINT('Ctrl Pts',(0.745173791580578,-14.159810448934,475.63275));
#5549=CARTESIAN_POINT('Ctrl Pts',(1.06422429336552,-14.1208565569296,475.63275));
#5550=CARTESIAN_POINT('Ctrl Pts',(1.38195879963216,-14.0710789714882,475.63275));
#5551=CARTESIAN_POINT('Ctrl Pts',(1.69781272455235,-14.0105590801955,475.63275));
#5552=CARTESIAN_POINT('Ctrl Pts',(2.01117548838993,-13.9505165133431,475.63275));
#5553=CARTESIAN_POINT('Ctrl Pts',(2.32268775305039,-13.879900190125,475.63275));
#5554=CARTESIAN_POINT('Ctrl Pts',(2.63177406957383,-13.7987444312219,475.63275));
#5555=CARTESIAN_POINT('Ctrl Pts',(2.88850124834606,-13.7313364357511,475.63275));
#5556=CARTESIAN_POINT('Ctrl Pts',(3.1435544990604,-13.6566564706467,475.63275));
#5557=CARTESIAN_POINT('Ctrl Pts',(3.3965872813423,-13.5747018706351,475.63275));
#5558=CARTESIAN_POINT('Ctrl Pts',(3.42600892751128,-13.5651725154989,475.63275));
#5559=CARTESIAN_POINT('Ctrl Pts',(3.45540323736203,-13.5555447846536,475.63275));
#5560=CARTESIAN_POINT('Ctrl Pts',(3.48476965040487,-13.545818656809,475.63275));
#5561=CARTESIAN_POINT('Ctrl Pts',(3.5151584012369,-13.5357539316689,475.63275));
#5562=CARTESIAN_POINT('Ctrl Pts',(3.54550870181224,-13.5255866737935,475.63275));
#5563=CARTESIAN_POINT('Ctrl Pts',(3.57581753100779,-13.5153178820548,475.63275));
#5564=CARTESIAN_POINT('Ctrl Pts',(3.87554141969995,-13.4137698422996,475.63275));
#5565=CARTESIAN_POINT('Ctrl Pts',(4.17129068563335,-13.3022703110913,475.63275));
#5566=CARTESIAN_POINT('Ctrl Pts',(4.46255074087788,-13.1809581886425,475.63275));
#5567=CARTESIAN_POINT('Ctrl Pts',(4.75251042255849,-13.0601876820938,475.63275));
#5568=CARTESIAN_POINT('Ctrl Pts',(5.03802142842711,-12.9296917744606,475.63275));
#5569=CARTESIAN_POINT('Ctrl Pts',(5.31855505552636,-12.7895605228767,475.63275));
#5570=CARTESIAN_POINT('Ctrl Pts',(5.41066644327248,-12.7435493398913,475.63275));
#5571=CARTESIAN_POINT('Ctrl Pts',(5.50224101934853,-12.6964990126766,475.63275));
#5572=CARTESIAN_POINT('Ctrl Pts',(5.59325942181101,-12.6484116814392,475.63275));
#5573=CARTESIAN_POINT('Ctrl Pts',(5.87222502971873,-12.50102707318,475.63275));
#5574=CARTESIAN_POINT('Ctrl Pts',(6.145968622869,-12.3439039083742,475.63275));
#5575=CARTESIAN_POINT('Ctrl Pts',(6.41405609715138,-12.177413158185,475.63275));
#5576=CARTESIAN_POINT('Ctrl Pts',(6.68118406099305,-12.0115182941464,475.63275));
#5577=CARTESIAN_POINT('Ctrl Pts',(6.9426967338068,-11.8363223108305,475.63275));
#5578=CARTESIAN_POINT('Ctrl Pts',(7.19812675815974,-11.6521573481179,475.63275));
#5579=CARTESIAN_POINT('Ctrl Pts',(7.36398983052849,-11.5325701280345,475.63275));
#5580=CARTESIAN_POINT('Ctrl Pts',(7.52728734959422,-11.4092004177531,475.63275));
#5581=CARTESIAN_POINT('Ctrl Pts',(7.68788149480607,-11.2821326418854,475.63275));
#5582=CARTESIAN_POINT('Ctrl Pts',(7.76566813234025,-11.2205850990988,475.63275));
#5583=CARTESIAN_POINT('Ctrl Pts',(7.84282040270762,-11.1581698748648,475.63275));
#5584=CARTESIAN_POINT('Ctrl Pts',(7.91932192534909,-11.094896194839,475.63275));
#5585=CARTESIAN_POINT('Ctrl Pts',(7.98105494049597,-11.0438374065619,475.63275));
#5586=CARTESIAN_POINT('Ctrl Pts',(8.04236419910385,-10.9922196123561,475.63275));
#5587=CARTESIAN_POINT('Ctrl Pts',(8.10324085895793,-10.940047557927,475.63275));
#5588=CARTESIAN_POINT('Ctrl Pts',(8.12674337201547,-10.9199056120089,475.63275));
#5589=CARTESIAN_POINT('Ctrl Pts',(8.15018081060005,-10.899681524095,475.63275));
#5590=CARTESIAN_POINT('Ctrl Pts',(8.17354289079313,-10.8793841863203,475.63275));
#5591=CARTESIAN_POINT('Ctrl Pts',(8.40776294581585,-10.6758901681883,475.63275));
#5592=CARTESIAN_POINT('Ctrl Pts',(8.6346731012651,-10.4648132766822,475.63275));
#5593=CARTESIAN_POINT('Ctrl Pts',(8.8538962231968,-10.2465427769189,475.63275));
#5594=CARTESIAN_POINT('Ctrl Pts',(9.07285829796846,-10.0285321899493,475.63275));
#5595=CARTESIAN_POINT('Ctrl Pts',(9.2841520384471,-9.80334464896932,475.63275));
#5596=CARTESIAN_POINT('Ctrl Pts',(9.48736401567476,-9.57133229186741,475.63275));
#5597=CARTESIAN_POINT('Ctrl Pts',(9.68828807242861,-9.34193211259693,475.63275));
#5598=CARTESIAN_POINT('Ctrl Pts',(9.88131163471465,-9.10585944853956,475.63275));
#5599=CARTESIAN_POINT('Ctrl Pts',(10.0659930566585,-8.86342685555857,475.63275));
#5600=CARTESIAN_POINT('Ctrl Pts',(10.2459601206315,-8.62718283322588,475.63275));
#5601=CARTESIAN_POINT('Ctrl Pts',(10.4180056696035,-8.38489897439833,475.63275));
#5602=CARTESIAN_POINT('Ctrl Pts',(10.5816776013768,-8.13684492470979,475.63275));
#5603=CARTESIAN_POINT('Ctrl Pts',(10.7320020121582,-7.90901979637295,475.63275));
#5604=CARTESIAN_POINT('Ctrl Pts',(10.8752622489482,-7.6763265544932,475.63275));
#5605=CARTESIAN_POINT('Ctrl Pts',(11.0112803837963,-7.43911719168906,475.63275));
#5606=CARTESIAN_POINT('Ctrl Pts',(11.0707883177923,-7.33533809546224,475.63275));
#5607=CARTESIAN_POINT('Ctrl Pts',(11.1289096620443,-7.23069451906969,475.63275));
#5608=CARTESIAN_POINT('Ctrl Pts',(11.1856275900571,-7.12521573759264,475.63275));
#5609=CARTESIAN_POINT('Ctrl Pts',(11.2223994201062,-7.05683087301508,475.63275));
#5610=CARTESIAN_POINT('Ctrl Pts',(11.2585813289931,-6.9880949455154,475.63275));
#5611=CARTESIAN_POINT('Ctrl Pts',(11.2941684613348,-6.91901592811823,475.63275));
#5612=CARTESIAN_POINT('Ctrl Pts',(11.3081466320039,-6.89188257313026,475.63275));
#5613=CARTESIAN_POINT('Ctrl Pts',(11.3220342159333,-6.8646939534665,475.63275));
#5614=CARTESIAN_POINT('Ctrl Pts',(11.3358269748912,-6.83745833606675,475.63275));
#5615=CARTESIAN_POINT('Ctrl Pts',(11.4724181443136,-6.56774109951419,475.63275));
#5616=CARTESIAN_POINT('Ctrl Pts',(11.599525831682,-6.29379179154082,475.63275));
#5617=CARTESIAN_POINT('Ctrl Pts',(11.7170308377851,-6.01613428943288,475.63275));
#5618=CARTESIAN_POINT('Ctrl Pts',(11.8351229007074,-5.73708960617067,475.63275));
#5619=CARTESIAN_POINT('Ctrl Pts',(11.9435162721776,-5.45429898573129,475.63275));
#5620=CARTESIAN_POINT('Ctrl Pts',(12.0420410927322,-5.16827491588996,475.63275));
#5621=CARTESIAN_POINT('Ctrl Pts',(12.1401049592817,-4.88358902601011,475.63275));
#5622=CARTESIAN_POINT('Ctrl Pts',(12.22839250246,-4.59569926957919,475.63275));
#5623=CARTESIAN_POINT('Ctrl Pts',(12.3066859545911,-4.3051009512693,475.63275));
#5624=CARTESIAN_POINT('Ctrl Pts',(12.3843242586935,-4.01693431671102,475.63275));
#5625=CARTESIAN_POINT('Ctrl Pts',(12.4521350996446,-3.72610369471641,475.63275));
#5626=CARTESIAN_POINT('Ctrl Pts',(12.509855341311,-3.43309086266142,475.63275));
#5627=CARTESIAN_POINT('Ctrl Pts',(12.5665059884404,-3.1455077536188,475.63275));
#5628=CARTESIAN_POINT('Ctrl Pts',(12.6134365218227,-2.85582206446899,475.63275));
#5629=CARTESIAN_POINT('Ctrl Pts',(12.6503488088813,-2.56449592977711,475.63275));
#5630=CARTESIAN_POINT('Ctrl Pts',(12.6738236338061,-2.37922347572799,475.63275));
#5631=CARTESIAN_POINT('Ctrl Pts',(12.6932456104846,-2.19328770319329,475.63275));
#5632=CARTESIAN_POINT('Ctrl Pts',(12.7085273921123,-2.00681028598389,475.63275));
#5633=CARTESIAN_POINT('Ctrl Pts',(11.6643685439327,-5.42922300806601,384.477327773784));
#5634=CARTESIAN_POINT('Ctrl Pts',(12.5672628484613,-3.48940732751793,384.569965397998));
#5635=CARTESIAN_POINT('Ctrl Pts',(13.385420028899,0.847550088722025,384.755240646425));
#5636=CARTESIAN_POINT('Ctrl Pts',(11.3477369274062,7.149397647127,385.033153519066));
#5637=CARTESIAN_POINT('Ctrl Pts',(6.54403709683991,11.7071183786023,385.311066391707));
#5638=CARTESIAN_POINT('Ctrl Pts',(0.144754034641054,13.4113483265082,385.588979264348));
#5639=CARTESIAN_POINT('Ctrl Pts',(-6.28971357392735,11.845763450121,385.866892136988));
#5640=CARTESIAN_POINT('Ctrl Pts',(-11.1908698361924,7.39244755176335,386.14480500963));
#5641=CARTESIAN_POINT('Ctrl Pts',(-13.3637918413578,1.13687004397221,386.42271788227));
#5642=CARTESIAN_POINT('Ctrl Pts',(-12.2787819593781,-5.39583218646119,386.700630754911));
#5643=CARTESIAN_POINT('Ctrl Pts',(-8.20033580197488,-10.6131058265879,386.978543627552));
#5644=CARTESIAN_POINT('Ctrl Pts',(-2.1227417775656,-13.2430148870012,387.256456500193));
#5645=CARTESIAN_POINT('Ctrl Pts',(4.47235444399714,-12.644427785377,387.534369372834));
#5646=CARTESIAN_POINT('Ctrl Pts',(9.97713973113755,-8.96326807014678,387.812282245475));
#5647=CARTESIAN_POINT('Ctrl Pts',(13.049609627962,-3.09696412408701,388.090195118116));
#5648=CARTESIAN_POINT('Ctrl Pts',(12.9407296691529,3.52434564224495,388.368107990757));
#5649=CARTESIAN_POINT('Ctrl Pts',(9.67704380738946,9.28645893770724,388.646020863398));
#5650=CARTESIAN_POINT('Ctrl Pts',(4.05420224866372,12.7846369159408,388.923933736039));
#5651=CARTESIAN_POINT('Ctrl Pts',(-2.55700871340661,13.1660625470994,389.201846608679));
#5652=CARTESIAN_POINT('Ctrl Pts',(-8.54484939648542,10.3377485732022,389.47975948132));
#5653=CARTESIAN_POINT('Ctrl Pts',(-12.4495508208885,4.98920645361365,389.757672353961));
#5654=CARTESIAN_POINT('Ctrl Pts',(-13.3191902101459,-1.57564870849661,390.035585226602));
#5655=CARTESIAN_POINT('Ctrl Pts',(-10.9417591495518,-7.75637824102192,390.313498099244));
#5656=CARTESIAN_POINT('Ctrl Pts',(-5.89684889341487,-12.0461890167806,390.591410971884));
#5657=CARTESIAN_POINT('Ctrl Pts',(0.585647543584532,-13.3992728779982,390.869323844525));
#5658=CARTESIAN_POINT('Ctrl Pts',(6.92536962240586,-11.4857630262273,391.147236717166));
#5659=CARTESIAN_POINT('Ctrl Pts',(11.5767636052235,-6.77215188338542,391.425149589807));
#5660=CARTESIAN_POINT('Ctrl Pts',(13.4058713676721,-0.407565425240158,391.703062462448));
#5661=CARTESIAN_POINT('Ctrl Pts',(11.966776779039,6.05638095096024,391.980975335089));
#5662=CARTESIAN_POINT('Ctrl Pts',(7.61031509566503,11.0438490050907,392.258888207729));
#5663=CARTESIAN_POINT('Ctrl Pts',(1.39854322721993,13.3389494917736,392.536801080371));
#5664=CARTESIAN_POINT('Ctrl Pts',(-5.15417792665051,12.3821624364626,392.814713953011));
#5665=CARTESIAN_POINT('Ctrl Pts',(-10.4503678222495,8.40674188269157,393.092626825652));
#5666=CARTESIAN_POINT('Ctrl Pts',(-13.1988742626102,2.38185115033,393.370539698293));
#5667=CARTESIAN_POINT('Ctrl Pts',(-12.7296419440484,-4.22370840362322,393.648452570934));
#5668=CARTESIAN_POINT('Ctrl Pts',(-9.15706448744075,-9.79957482115204,393.926365443575));
#5669=CARTESIAN_POINT('Ctrl Pts',(-3.3520965456354,-12.9864138795609,394.204278316216));
#5670=CARTESIAN_POINT('Ctrl Pts',(3.27007525491929,-13.007309657638,394.482191188856));
#5671=CARTESIAN_POINT('Ctrl Pts',(9.0950390752342,-9.85716799707112,394.760104061498));
#5672=CARTESIAN_POINT('Ctrl Pts',(12.7027335160534,-4.30395840159403,395.038016934138));
#5673=CARTESIAN_POINT('Ctrl Pts',(13.2136427943182,2.29850838734071,395.31592980678));
#5674=CARTESIAN_POINT('Ctrl Pts',(10.503212909874,8.34062439343491,395.59384267942));
#5675=CARTESIAN_POINT('Ctrl Pts',(5.2322165255251,12.3493889295193,395.871755552062));
#5676=CARTESIAN_POINT('Ctrl Pts',(-1.31433605962487,13.3475097836596,396.149668424702));
#5677=CARTESIAN_POINT('Ctrl Pts',(-7.54046813033107,11.0916561918396,396.427581297343));
#5678=CARTESIAN_POINT('Ctrl Pts',(-11.9283179293345,6.13178017212162,396.705494169984));
#5679=CARTESIAN_POINT('Ctrl Pts',(-13.4081764734568,-0.322955661278197,
396.983407042625));
#5680=CARTESIAN_POINT('Ctrl Pts',(-11.619270707329,-6.69895849608921,397.261319915266));
#5681=CARTESIAN_POINT('Ctrl Pts',(-6.99771596209123,-11.441829749494,397.539232787907));
#5682=CARTESIAN_POINT('Ctrl Pts',(-0.670195887755979,-13.3953101559666,
397.817145660547));
#5683=CARTESIAN_POINT('Ctrl Pts',(5.82071049068328,-12.0831629173061,398.095058533188));
#5684=CARTESIAN_POINT('Ctrl Pts',(10.8925923843319,-7.82527493774595,398.37297140583));
#5685=CARTESIAN_POINT('Ctrl Pts',(13.3089813925383,-1.65967195420716,398.65088427847));
#5686=CARTESIAN_POINT('Ctrl Pts',(12.4807887480616,4.91054059435135,398.928797151111));
#5687=CARTESIAN_POINT('Ctrl Pts',(8.60991860719284,10.2836179567326,399.206710023752));
#5688=CARTESIAN_POINT('Ctrl Pts',(2.64004606185298,13.1496636266411,399.484622896393));
#5689=CARTESIAN_POINT('Ctrl Pts',(-3.97344035308971,12.8099675433996,399.762535769034));
#5690=CARTESIAN_POINT('Ctrl Pts',(-9.61824619906782,9.34734383430057,400.040448641675));
#5691=CARTESIAN_POINT('Ctrl Pts',(-12.9182305874107,3.60594165135809,400.318361514316));
#5692=CARTESIAN_POINT('Ctrl Pts',(-13.0688940237727,-3.01454900406401,400.596274386957));
#5693=CARTESIAN_POINT('Ctrl Pts',(-10.0335064379167,-8.90012613746552,400.874187259597));
#5694=CARTESIAN_POINT('Ctrl Pts',(-4.55206156635412,-12.6159514979506,401.152100132238));
#5695=CARTESIAN_POINT('Ctrl Pts',(2.03912529104972,-13.2561481867816,401.430013004879));
#5696=CARTESIAN_POINT('Ctrl Pts',(8.13319607985745,-10.6646433709289,401.70792587752));
#5697=CARTESIAN_POINT('Ctrl Pts',(12.2444841146698,-5.4732171040542,401.985838750161));
#5698=CARTESIAN_POINT('Ctrl Pts',(13.370703094739,1.05251862446985,402.263751622802));
#5699=CARTESIAN_POINT('Ctrl Pts',(11.2372933575425,7.32166201753707,402.541664495443));
#5700=CARTESIAN_POINT('Ctrl Pts',(6.3643564710976,11.8058656358316,402.819577368084));
#5701=CARTESIAN_POINT('Ctrl Pts',(-0.0601397442105649,13.4119305065932,
403.097490240725));
#5702=CARTESIAN_POINT('Ctrl Pts',(-6.46997455870169,11.7483158755741,403.375403113366));
#5703=CARTESIAN_POINT('Ctrl Pts',(-11.3025015291633,7.22059248855473,403.653315986007));
#5704=CARTESIAN_POINT('Ctrl Pts',(-13.3796043233236,0.932568953922016,403.931228858647));
#5705=CARTESIAN_POINT('Ctrl Pts',(-12.1949083796809,-5.582804520463,404.209141731288));
#5706=CARTESIAN_POINT('Ctrl Pts',(-8.03722939414742,-10.7371523398133,404.487054603929));
#5707=CARTESIAN_POINT('Ctrl Pts',(-1.92016326533741,-13.2739018279088,404.76496747657));
#5708=CARTESIAN_POINT('Ctrl Pts',(4.66501731319138,-12.5746216710541,405.042880349211));
#5709=CARTESIAN_POINT('Ctrl Pts',(10.1129185509947,-8.80978859470873,405.320793221852));
#5710=CARTESIAN_POINT('Ctrl Pts',(13.0954027130749,-2.89722703371604,405.598706094493));
#5711=CARTESIAN_POINT('Ctrl Pts',(12.8853733292917,3.72164625767844,405.876618967133));
#5712=CARTESIAN_POINT('Ctrl Pts',(9.53403322764731,9.43322358033756,406.154531839775));
#5713=CARTESIAN_POINT('Ctrl Pts',(3.85840185425725,12.8450859021486,406.432444712415));
#5714=CARTESIAN_POINT('Ctrl Pts',(-2.75786498143931,13.1254591327947,406.710357585056));
#5715=CARTESIAN_POINT('Ctrl Pts',(-8.70179500521657,10.2059913967095,406.988270457697));
#5716=CARTESIAN_POINT('Ctrl Pts',(-12.5243241804532,4.7984164601905,407.266183330339));
#5717=CARTESIAN_POINT('Ctrl Pts',(-13.2935624050437,-1.77895904554353,407.544096202979));
#5718=CARTESIAN_POINT('Ctrl Pts',(-10.8219779546257,-7.92264411999644,407.82200907562));
#5719=CARTESIAN_POINT('Ctrl Pts',(-5.71211563141622,-12.1348766666927,408.099921948261));
#5720=CARTESIAN_POINT('Ctrl Pts',(0.790296957591433,-13.3887612355037,408.377834820902));
#5721=CARTESIAN_POINT('Ctrl Pts',(7.10004393732796,-11.3786147131593,408.655747693543));
#5722=CARTESIAN_POINT('Ctrl Pts',(11.6788791656063,-6.59448846671879,408.933660566184));
#5723=CARTESIAN_POINT('Ctrl Pts',(13.4105335355596,-0.202699270208563,409.211573438825));
#5724=CARTESIAN_POINT('Ctrl Pts',(11.8728489697353,6.23850575413381,409.489486311465));
#5725=CARTESIAN_POINT('Ctrl Pts',(7.44069586450313,11.1588324548081,409.767399184106));
#5726=CARTESIAN_POINT('Ctrl Pts',(1.19458385639736,13.3587599017482,410.045312056747));
#5727=CARTESIAN_POINT('Ctrl Pts',(-5.34275441078429,12.3019702490519,410.323224929388));
#5728=CARTESIAN_POINT('Ctrl Pts',(-10.5775885700441,8.24609706136048,410.601137802029));
#5729=CARTESIAN_POINT('Ctrl Pts',(-13.2337242705906,2.17991711596895,410.879050674669));
#5730=CARTESIAN_POINT('Ctrl Pts',(-12.6636251678415,-4.41770237917079,411.156963547311));
#5731=CARTESIAN_POINT('Ctrl Pts',(-9.00627508290319,-9.9383351640804,411.434876419951));
#5732=CARTESIAN_POINT('Ctrl Pts',(-3.1532952926443,-13.036112361433,411.712789292593));
#5733=CARTESIAN_POINT('Ctrl Pts',(3.46842282177605,-12.9558303412748,411.990702165234));
#5734=CARTESIAN_POINT('Ctrl Pts',(9.24457802500277,-9.7170609672957,412.268615037874));
#5735=CARTESIAN_POINT('Ctrl Pts',(12.767007915823,-4.10938019412005,412.546527910515));
#5736=CARTESIAN_POINT('Ctrl Pts',(13.1769832602302,2.50012176946099,412.824440783156));
#5737=CARTESIAN_POINT('Ctrl Pts',(10.3745566286428,8.50012184980877,413.102353655797));
#5738=CARTESIAN_POINT('Ctrl Pts',(5.04292846771251,12.4278867540721,413.380266528438));
#5739=CARTESIAN_POINT('Ctrl Pts',(-1.51810957061839,13.3258710797497,413.658179401079));
#5740=CARTESIAN_POINT('Ctrl Pts',(-7.70904937871686,10.9751562348344,413.93609227372));
#5741=CARTESIAN_POINT('Ctrl Pts',(-12.0206086815693,5.94882035592719,414.214005146361));
#5742=CARTESIAN_POINT('Ctrl Pts',(-13.4016772705212,-0.527771768191638,
414.491918019002));
#5743=CARTESIAN_POINT('Ctrl Pts',(-11.5155659826213,-6.87569900464008,414.769830891642));
#5744=CARTESIAN_POINT('Ctrl Pts',(-6.82208777418232,-11.5474072892521,415.047743764283));
#5745=CARTESIAN_POINT('Ctrl Pts',(-0.465460435672941,-13.4039860968796,
415.325656636924));
#5746=CARTESIAN_POINT('Ctrl Pts',(6.00464098061085,-11.9928221614634,415.603569509565));
#5747=CARTESIAN_POINT('Ctrl Pts',(11.0108777041707,-7.65794155673113,415.881482382206));
#5748=CARTESIAN_POINT('Ctrl Pts',(13.3327848967774,-1.45613996537809,416.159395254847));
#5749=CARTESIAN_POINT('Ctrl Pts',(12.4043074070903,5.10065235562248,416.437308127488));
#5750=CARTESIAN_POINT('Ctrl Pts',(8.45179772138152,10.4139623573052,416.715221000129));
#5751=CARTESIAN_POINT('Ctrl Pts',(2.4388337446806,13.1884641512316,416.99313387277));
#5752=CARTESIAN_POINT('Ctrl Pts',(-4.16869077640241,12.7477650556183,417.271046745411));
#5753=CARTESIAN_POINT('Ctrl Pts',(-9.75993484672135,9.1993026089083,417.548959618052));
#5754=CARTESIAN_POINT('Ctrl Pts',(-12.9718153428455,3.40815249272062,417.826872490692));
#5755=CARTESIAN_POINT('Ctrl Pts',(-13.0213115195358,-3.21386729870984,418.104785363333));
#5756=CARTESIAN_POINT('Ctrl Pts',(-9.89635675936951,-9.05238198452689,418.382698235974));
#5757=CARTESIAN_POINT('Ctrl Pts',(-4.35878027986956,-12.6840266151697,418.660611108615));
#5758=CARTESIAN_POINT('Ctrl Pts',(2.24141835733249,-13.2234466176535,418.938523981256));
#5759=CARTESIAN_POINT('Ctrl Pts',(8.29518412610577,-10.5391373943277,419.216436853897));
#5760=CARTESIAN_POINT('Ctrl Pts',(12.3266762566964,-5.28550368130703,419.494349726538));
#5761=CARTESIAN_POINT('Ctrl Pts',(13.3530618023861,1.25667704848046,419.772262599178));
#5762=CARTESIAN_POINT('Ctrl Pts',(11.1241193816947,7.49249388950824,420.05017547182));
#5763=CARTESIAN_POINT('Ctrl Pts',(6.18324036844493,11.9017240452191,420.328088344461));
#5764=CARTESIAN_POINT('Ctrl Pts',(-0.265043882055803,13.4094462392414,420.606001217102));
#5765=CARTESIAN_POINT('Ctrl Pts',(-6.64871338169693,11.6480945682355,420.883914089743));
#5766=CARTESIAN_POINT('Ctrl Pts',(-11.411500500038,7.04706698138579,421.161826962383));
#5767=CARTESIAN_POINT('Ctrl Pts',(-13.3922907051704,0.728042835772854,421.439739835024));
#5768=CARTESIAN_POINT('Ctrl Pts',(-12.1081893736933,-5.76847005654886,421.717652707665));
#5769=CARTESIAN_POINT('Ctrl Pts',(-7.87224612957117,-10.8586941009481,421.995565580306));
#5770=CARTESIAN_POINT('Ctrl Pts',(-1.71713682727742,-13.3016892844072,422.273478452947));
#5771=CARTESIAN_POINT('Ctrl Pts',(4.85659133701673,-12.5018805500503,422.551391325588));
#5772=CARTESIAN_POINT('Ctrl Pts',(10.2463365440965,-8.65425237254101,422.829304198229));
#5773=CARTESIAN_POINT('Ctrl Pts',(13.138138852493,-2.69681371160991,423.107217070869));
#5774=CARTESIAN_POINT('Ctrl Pts',(12.8270090195084,3.91807814061474,423.385129943511));
#5775=CARTESIAN_POINT('Ctrl Pts',(9.38879703831129,9.57778611558625,423.663042816151));
#5776=CARTESIAN_POINT('Ctrl Pts',(3.66170075313909,12.9025363513138,423.940955688793));
#5777=CARTESIAN_POINT('Ctrl Pts',(-2.95807745342411,13.0817917152834,424.218868561433));
#5778=CARTESIAN_POINT('Ctrl Pts',(-8.85670927398565,10.0718517432802,424.496781434074));
#5779=CARTESIAN_POINT('Ctrl Pts',(-12.5961738701013,4.60650632656578,424.774694306715));
#5780=CARTESIAN_POINT('Ctrl Pts',(-13.2648313602837,-1.98185410304116,425.052607179356));
#5781=CARTESIAN_POINT('Ctrl Pts',(-10.6996704846498,-8.08706054276991,425.330520051997));
#5782=CARTESIAN_POINT('Ctrl Pts',(-5.52604893720826,-12.2207315593666,425.608432924637));
#5783=CARTESIAN_POINT('Ctrl Pts',(0.994761885255635,-13.3751241300466,425.886345797279));
#5784=CARTESIAN_POINT('Ctrl Pts',(7.2730608229622,-11.2688101842208,426.16425866992));
#5785=CARTESIAN_POINT('Ctrl Pts',(11.7782684166345,-6.41528563730592,426.44217154256));
#5786=CARTESIAN_POINT('Ctrl Pts',(13.4120651579026,0.00221420280511431,
426.720084415202));
#5787=CARTESIAN_POINT('Ctrl Pts',(11.7761495708983,6.41917424489667,426.997997287842));
#5788=CARTESIAN_POINT('Ctrl Pts',(7.26933968251568,11.2712109945079,427.275910160483));
#5789=CARTESIAN_POINT('Ctrl Pts',(0.990345622755545,13.3754518521809,427.553823033124));
#5790=CARTESIAN_POINT('Ctrl Pts',(-5.53008368607708,12.2189062983353,427.831735905765));
#5791=CARTESIAN_POINT('Ctrl Pts',(-10.7023400929842,8.08352727691419,428.109648778406));
#5792=CARTESIAN_POINT('Ctrl Pts',(-13.2654850072613,1.97747420328156,428.387561651047));
#5793=CARTESIAN_POINT('Ctrl Pts',(-12.5946522038565,-4.6106650893776,428.665474523688));
#5794=CARTESIAN_POINT('Ctrl Pts',(-8.85338325982708,-10.0747755090185,428.943387396329));
#5795=CARTESIAN_POINT('Ctrl Pts',(-2.95375793661589,-13.0827677023782,429.221300268969));
#5796=CARTESIAN_POINT('Ctrl Pts',(3.66596072243836,-12.9013266249661,429.49921314161));
#5797=CARTESIAN_POINT('Ctrl Pts',(9.39195892696166,-9.57468559362542,429.777126014251));
#5798=CARTESIAN_POINT('Ctrl Pts',(12.8283019942205,-3.91384269581505,430.055038886892));
#5799=CARTESIAN_POINT('Ctrl Pts',(13.1372477004125,2.70115152490904,430.332951759533));
#5800=CARTESIAN_POINT('Ctrl Pts',(10.2434785181902,8.65763504369962,430.610864632174));
#5801=CARTESIAN_POINT('Ctrl Pts',(4.852463192216,12.5034834214591,430.888777504815));
#5802=CARTESIAN_POINT('Ctrl Pts',(-1.72152869517971,13.3011215938423,431.166690377456));
#5803=CARTESIAN_POINT('Ctrl Pts',(-7.87583103202297,10.8560942450559,431.444603250097));
#5804=CARTESIAN_POINT('Ctrl Pts',(-12.1100933513449,5.76447185128267,431.722516122737));
#5805=CARTESIAN_POINT('Ctrl Pts',(-13.392049589445,-0.732464672434723,432.000428995379));
#5806=CARTESIAN_POINT('Ctrl Pts',(-11.4091730722665,-7.05083445484211,432.278341868019));
#5807=CARTESIAN_POINT('Ctrl Pts',(-6.64486704288496,-11.6502892103541,432.556254740661));
#5808=CARTESIAN_POINT('Ctrl Pts',(-0.26061632683225,-13.4095330206795,432.834167613301));
#5809=CARTESIAN_POINT('Ctrl Pts',(6.18716975135593,-11.8996818096292,433.112080485942));
#5810=CARTESIAN_POINT('Ctrl Pts',(11.1265926524399,-7.48882051121468,433.389993358583));
#5811=CARTESIAN_POINT('Ctrl Pts',(13.3534760050627,-1.25226805625891,433.667906231224));
#5812=CARTESIAN_POINT('Ctrl Pts',(12.3249304132991,5.28957342418459,433.945819103865));
#5813=CARTESIAN_POINT('Ctrl Pts',(8.29170385384012,10.5418757298085,434.223731976506));
#5814=CARTESIAN_POINT('Ctrl Pts',(2.23705210787168,13.2241859700016,434.501644849146));
#5815=CARTESIAN_POINT('Ctrl Pts',(-4.3629680634646,12.6825867385049,434.779557721787));
#5816=CARTESIAN_POINT('Ctrl Pts',(-9.89934514203117,9.04911390476713,435.057470594429));
#5817=CARTESIAN_POINT('Ctrl Pts',(-13.0223719668053,3.20956773735579,435.335383467069));
#5818=CARTESIAN_POINT('Ctrl Pts',(-12.9706893294719,-3.41243535042678,435.61329633971));
#5819=CARTESIAN_POINT('Ctrl Pts',(-9.75689688224265,-9.202524649888,435.891209212351));
#5820=CARTESIAN_POINT('Ctrl Pts',(-4.16448148277207,-12.749140782114,436.169122084992));
#5821=CARTESIAN_POINT('Ctrl Pts',(2.44318818848819,-13.187658176422,436.447034957633));
#5822=CARTESIAN_POINT('Ctrl Pts',(8.45523575039099,-10.411171168885,436.724947830274));
#5823=CARTESIAN_POINT('Ctrl Pts',(12.4059908680642,-5.09655641428802,437.002860702915));
#5824=CARTESIAN_POINT('Ctrl Pts',(13.3323033806525,1.46054211468236,437.280773575555));
#5825=CARTESIAN_POINT('Ctrl Pts',(11.0083485992214,7.66157671896148,437.558686448197));
#5826=CARTESIAN_POINT('Ctrl Pts',(6.00068085449867,11.9948041244932,437.836599320837));
#5827=CARTESIAN_POINT('Ctrl Pts',(-0.469886148241055,13.4038316801653,438.114512193478));
#5828=CARTESIAN_POINT('Ctrl Pts',(-6.82590013370244,11.5451541378728,438.392425066119));
#5829=CARTESIAN_POINT('Ctrl Pts',(-11.5178355782411,6.8718964118442,438.67033793876));
#5830=CARTESIAN_POINT('Ctrl Pts',(-13.4018508000691,0.523346763813711,438.948250811401));
#5831=CARTESIAN_POINT('Ctrl Pts',(-12.0186438404712,-5.95278900503084,439.226163684042));
#5832=CARTESIAN_POINT('Ctrl Pts',(-7.70542517338137,-10.9777010161482,439.504076556683));
#5833=CARTESIAN_POINT('Ctrl Pts',(-1.51370954200103,-13.3263716038901,439.781989429324));
#5834=CARTESIAN_POINT('Ctrl Pts',(5.04703164156907,-12.4262209988199,440.059902301965));
#5835=CARTESIAN_POINT('Ctrl Pts',(10.377362639584,-8.49669590776826,440.337815174605));
#5836=CARTESIAN_POINT('Ctrl Pts',(13.177808033993,-2.49577084720162,440.615728047246));
#5837=CARTESIAN_POINT('Ctrl Pts',(12.7656503817372,4.11359539013824,440.893640919887));
#5838=CARTESIAN_POINT('Ctrl Pts',(9.24136913478044,9.72011281916248,441.171553792528));
#5839=CARTESIAN_POINT('Ctrl Pts',(3.46414486716563,12.9569748414436,441.449466665169));
#5840=CARTESIAN_POINT('Ctrl Pts',(-3.15759939388215,13.0350704934903,441.72737953781));
#5841=CARTESIAN_POINT('Ctrl Pts',(-9.00955603875264,9.93536092384612,442.005292410451));
#5842=CARTESIAN_POINT('Ctrl Pts',(-12.6650831177563,4.41352085333749,442.283205283092));
#5843=CARTESIAN_POINT('Ctrl Pts',(-13.2330037825961,-2.18428651790725,442.561118155733));
#5844=CARTESIAN_POINT('Ctrl Pts',(-10.5748652911007,-8.24958912780385,442.839031028373));
#5845=CARTESIAN_POINT('Ctrl Pts',(-5.33869224601248,-12.3037336530371,443.116943901015));
#5846=CARTESIAN_POINT('Ctrl Pts',(1.19899459640204,-13.3583647449947,443.394856773655));
#5847=CARTESIAN_POINT('Ctrl Pts',(7.44437989037991,-11.1563750721379,443.672769646297));
#5848=CARTESIAN_POINT('Ctrl Pts',(11.8749081569466,-6.23458522811221,443.950682518937));
#5849=CARTESIAN_POINT('Ctrl Pts',(13.4104658771629,0.207127158938913,444.228595391578));
#5850=CARTESIAN_POINT('Ctrl Pts',(11.6767011559652,6.59834424812729,444.506508264219));
#5851=CARTESIAN_POINT('Ctrl Pts',(7.09628655097184,11.3809583906193,444.78442113686));
#5852=CARTESIAN_POINT('Ctrl Pts',(0.785876203526227,13.3890214465154,445.062334009501));
#5853=CARTESIAN_POINT('Ctrl Pts',(-5.71612202251327,12.1329899747033,445.340246882142));
#5854=CARTESIAN_POINT('Ctrl Pts',(-10.8245932691586,7.91907047953186,445.618159754783));
#5855=CARTESIAN_POINT('Ctrl Pts',(-13.294149058416,1.77456967040728,445.896072627423));
#5856=CARTESIAN_POINT('Ctrl Pts',(-12.5227391530975,-4.80255148915638,446.173985500064));
#5857=CARTESIAN_POINT('Ctrl Pts',(-8.69842470917428,-10.2088640054288,446.451898372706));
#5858=CARTESIAN_POINT('Ctrl Pts',(-2.75353105740562,-13.1263690112083,446.729811245346));
#5859=CARTESIAN_POINT('Ctrl Pts',(3.86264284380099,-12.8438112320193,447.007724117987));
#5860=CARTESIAN_POINT('Ctrl Pts',(9.53714737661592,-9.43007511206712,447.285636990628));
#5861=CARTESIAN_POINT('Ctrl Pts',(12.8866014427994,-3.71739155281668,447.563549863269));
#5862=CARTESIAN_POINT('Ctrl Pts',(13.0944453907067,2.90155072544093,447.84146273591));
#5863=CARTESIAN_POINT('Ctrl Pts',(10.1100091772973,8.81312720533851,448.119375608551));
#5864=CARTESIAN_POINT('Ctrl Pts',(4.66086516111673,12.5761612844464,448.397288481191));
#5865=CARTESIAN_POINT('Ctrl Pts',(-1.92454594729108,13.2732671034409,448.675201353833));
#5866=CARTESIAN_POINT('Ctrl Pts',(-8.04077415686114,10.7344980162499,448.953114226473));
#5867=CARTESIAN_POINT('Ctrl Pts',(-12.1967510494247,5.57877769236875,449.231027099115));
#5868=CARTESIAN_POINT('Ctrl Pts',(-13.3792956777055,-0.936986590638412,
449.508939971755));
#5869=CARTESIAN_POINT('Ctrl Pts',(-11.3001168125545,-7.22432396319103,449.786852844396));
#5870=CARTESIAN_POINT('Ctrl Pts',(-6.46609513849003,-11.7504514961135,450.064765717037));
#5871=CARTESIAN_POINT('Ctrl Pts',(-0.0557113799000392,-13.411949632498,
450.342678589678));
#5872=CARTESIAN_POINT('Ctrl Pts',(6.36825419353527,-11.8037636044198,450.620591462319));
#5873=CARTESIAN_POINT('Ctrl Pts',(11.2397102167248,-7.3179512806909,450.89850433496));
#5874=CARTESIAN_POINT('Ctrl Pts',(13.3710498872763,-1.04810381856418,451.176417207601));
#5875=CARTESIAN_POINT('Ctrl Pts',(12.2426762963981,5.47725969843717,451.454330080241));
#5876=CARTESIAN_POINT('Ctrl Pts',(8.12967437676651,10.6673282142368,451.732242952883));
#5877=CARTESIAN_POINT('Ctrl Pts',(2.0347482551878,13.2568207440744,452.010155825523));
#5878=CARTESIAN_POINT('Ctrl Pts',(-4.55622686232145,12.6144478072399,452.288068698165));
#5879=CARTESIAN_POINT('Ctrl Pts',(-10.0364445411553,8.89681278182393,452.565981570805));
#5880=CARTESIAN_POINT('Ctrl Pts',(-13.0698886573886,3.01023374274777,452.843894443446));
#5881=CARTESIAN_POINT('Ctrl Pts',(-12.9170392707886,-3.61020680563113,453.121807316087));
#5882=CARTESIAN_POINT('Ctrl Pts',(-9.61515936195076,-9.35051908435052,453.399720188727));
#5883=CARTESIAN_POINT('Ctrl Pts',(-3.96921053203843,-12.811278798577,453.677633061369));
#5884=CARTESIAN_POINT('Ctrl Pts',(2.64438768350694,-13.1487912175164,453.955545934009));
#5885=CARTESIAN_POINT('Ctrl Pts',(8.61331359037362,-10.2807745669477,454.233458806651));
#5886=CARTESIAN_POINT('Ctrl Pts',(12.4824094336254,-4.90641941071549,454.511371679291));
#5887=CARTESIAN_POINT('Ctrl Pts',(13.3084326753698,1.66406623295544,454.789284551933));
#5888=CARTESIAN_POINT('Ctrl Pts',(10.8900080355745,7.82887103531814,455.067197424573));
#5889=CARTESIAN_POINT('Ctrl Pts',(5.81672054582318,12.0850841451068,455.345110297214));
#5890=CARTESIAN_POINT('Ctrl Pts',(-0.674618724534554,13.3950881400241,455.623023169855));
#5891=CARTESIAN_POINT('Ctrl Pts',(-7.00149345236856,11.4395186148261,455.900936042496));
#5892=CARTESIAN_POINT('Ctrl Pts',(-11.6214819409854,6.6951216716255,456.178848915137));
#5893=CARTESIAN_POINT('Ctrl Pts',(-13.4082823763183,0.318528522153145,456.456761787778));
#5894=CARTESIAN_POINT('Ctrl Pts',(-11.9262926834609,-6.13571833862507,456.734674660419));
#5895=CARTESIAN_POINT('Ctrl Pts',(-7.53680546814224,-11.0941453045244,457.01258753306));
#5896=CARTESIAN_POINT('Ctrl Pts',(-1.30992889742996,-13.3479430245334,457.290500405701));
#5897=CARTESIAN_POINT('Ctrl Pts',(5.23629377059527,-12.347660679276,457.568413278341));
#5898=CARTESIAN_POINT('Ctrl Pts',(10.5059662508161,-8.33715598026283,457.846326150982));
#5899=CARTESIAN_POINT('Ctrl Pts',(13.2144009972292,-2.29414537179742,458.124239023623));
#5900=CARTESIAN_POINT('Ctrl Pts',(12.7013117394954,4.30815236483835,458.402151896265));
#5901=CARTESIAN_POINT('Ctrl Pts',(9.09178393252252,9.86017046641883,458.680064768905));
#5902=CARTESIAN_POINT('Ctrl Pts',(3.26578031364639,13.0083886644549,458.957977641546));
#5903=CARTESIAN_POINT('Ctrl Pts',(-3.3563842265527,12.9853063739852,459.235890514187));
#5904=CARTESIAN_POINT('Ctrl Pts',(-9.16029961907859,9.79655080072647,459.513803386828));
#5905=CARTESIAN_POINT('Ctrl Pts',(-12.7310358372918,4.21950509089692,459.791716259469));
#5906=CARTESIAN_POINT('Ctrl Pts',(-13.198087101788,-2.3862090344597,460.06962913211));
#5907=CARTESIAN_POINT('Ctrl Pts',(-10.4475915084162,-8.41019193453884,460.347542004751));
#5908=CARTESIAN_POINT('Ctrl Pts',(-5.15008929424184,-12.3838635717553,460.625454877391));
#5909=CARTESIAN_POINT('Ctrl Pts',(1.40294741509294,-13.3384869926466,460.903367750032));
#5910=CARTESIAN_POINT('Ctrl Pts',(7.6139611469786,-11.0413356236831,461.181280622673));
#5911=CARTESIAN_POINT('Ctrl Pts',(11.9687758270283,-6.05242942171612,461.459193495314));
#5912=CARTESIAN_POINT('Ctrl Pts',(13.4057360666755,0.411991763454017,461.737106367955));
#5913=CARTESIAN_POINT('Ctrl Pts',(11.5745269401048,6.77597393850507,462.015019240596));
#5914=CARTESIAN_POINT('Ctrl Pts',(6.92157686727395,11.4880490237866,462.292932113237));
#5915=CARTESIAN_POINT('Ctrl Pts',(0.581223329909287,13.399465517075,462.570844985878));
#5916=CARTESIAN_POINT('Ctrl Pts',(-5.90082599143238,12.0442413344036,462.848757858519));
#5917=CARTESIAN_POINT('Ctrl Pts',(-10.9443195598736,7.75276505989197,463.126670731159));
#5918=CARTESIAN_POINT('Ctrl Pts',(-13.3197097327399,1.57125088323285,463.404583603801));
#5919=CARTESIAN_POINT('Ctrl Pts',(-12.4479028028943,-4.99331678468413,463.682496476441));
#5920=CARTESIAN_POINT('Ctrl Pts',(-8.54143560435976,-10.3405693517859,463.960409349082));
#5921=CARTESIAN_POINT('Ctrl Pts',(-2.55266139583689,-13.1669061096644,464.238322221723));
#5922=CARTESIAN_POINT('Ctrl Pts',(4.05842327252969,-12.7832975887876,464.516235094363));
#5923=CARTESIAN_POINT('Ctrl Pts',(9.68010948127775,-9.28326328038779,464.794147967005));
#5924=CARTESIAN_POINT('Ctrl Pts',(12.9418926521769,-3.52007262454079,465.072060839646));
#5925=CARTESIAN_POINT('Ctrl Pts',(13.048586322854,3.10127259000879,465.349973712287));
#5926=CARTESIAN_POINT('Ctrl Pts',(9.97417976295134,8.96656203674804,465.627886584927));
#5927=CARTESIAN_POINT('Ctrl Pts',(4.46817910091955,12.645903377166,465.905799457569));
#5928=CARTESIAN_POINT('Ctrl Pts',(-2.12711393474636,13.2423141108763,466.183712330209));
#5929=CARTESIAN_POINT('Ctrl Pts',(-8.20384024901669,10.6103959337589,466.46162520285));
#5930=CARTESIAN_POINT('Ctrl Pts',(-12.2805615464937,5.39178122750748,466.739538075491));
#5931=CARTESIAN_POINT('Ctrl Pts',(-13.3634185125686,-1.14128977934858,467.017450948132));
#5932=CARTESIAN_POINT('Ctrl Pts',(-11.1884226615001,-7.39612703042272,467.295363820773));
#5933=CARTESIAN_POINT('Ctrl Pts',(-6.28581379338064,-11.847870764717,467.573276693414));
#5934=CARTESIAN_POINT('Ctrl Pts',(0.14920657225495,-13.4112353682032,467.851189566055));
#5935=CARTESIAN_POINT('Ctrl Pts',(6.54785203492621,-11.7050899369127,468.129102438696));
#5936=CARTESIAN_POINT('Ctrl Pts',(11.3502039909347,-7.14537375275723,468.407015311337));
#5937=CARTESIAN_POINT('Ctrl Pts',(13.3855024409967,-0.843694912239367,468.684928183977));
#5938=CARTESIAN_POINT('Ctrl Pts',(12.157564257702,5.6636673650065,468.962841056619));
#5939=CARTESIAN_POINT('Ctrl Pts',(7.96574711426841,10.7902905250917,469.240753929259));
#5940=CARTESIAN_POINT('Ctrl Pts',(1.83196941217453,13.286360855126,469.5186668019));
#5941=CARTESIAN_POINT('Ctrl Pts',(-4.74842205852568,12.5433641683048,469.796579674541));
#5942=CARTESIAN_POINT('Ctrl Pts',(-10.1712010402259,8.74243479277648,470.074492547182));
#5943=CARTESIAN_POINT('Ctrl Pts',(-13.1143543212596,2.81019704204634,470.352405419823));
#5944=CARTESIAN_POINT('Ctrl Pts',(-12.8603738697308,-3.80713549825943,470.630318292464));
#5945=CARTESIAN_POINT('Ctrl Pts',(-9.47117728103675,-9.49633073696064,470.908231165105));
#5946=CARTESIAN_POINT('Ctrl Pts',(-3.77301302100423,-12.8704261657818,471.186144037746));
#5947=CARTESIAN_POINT('Ctrl Pts',(2.84496989395895,-13.1068548002305,471.464056910387));
#5948=CARTESIAN_POINT('Ctrl Pts',(8.76938070435275,-10.1479780566491,471.741969783027));
#5949=CARTESIAN_POINT('Ctrl Pts',(12.5559141970758,-4.71513699734688,472.019882655669));
#5950=CARTESIAN_POINT('Ctrl Pts',(13.2814550880491,1.86720177166026,472.297795528309));
#5951=CARTESIAN_POINT('Ctrl Pts',(10.7691256686583,7.99433803544735,472.57570840095));
#5952=CARTESIAN_POINT('Ctrl Pts',(5.63140165841793,12.1725425163819,472.853621273591));
#5953=CARTESIAN_POINT('Ctrl Pts',(-0.879192316885145,13.3832187242619,473.131534146232));
#5954=CARTESIAN_POINT('Ctrl Pts',(-7.1754554456791,11.3312104621471,473.409447018873));
#5955=CARTESIAN_POINT('Ctrl Pts',(-11.7224089992989,6.51678855949596,473.687359891514));
#5956=CARTESIAN_POINT('Ctrl Pts',(-13.4115971270686,0.113626569860218,473.965272764155));
#5957=CARTESIAN_POINT('Ctrl Pts',(-11.8311302333004,-6.31719605212276,474.243185636796));
#5958=CARTESIAN_POINT('Ctrl Pts',(-7.36648258239186,-11.2080396157757,474.521098509437));
#5959=CARTESIAN_POINT('Ctrl Pts',(-1.10572661646833,-13.3663162803017,474.799011382077));
#5960=CARTESIAN_POINT('Ctrl Pts',(5.42409017471354,-12.2663876453885,475.076924254719));
#5961=CARTESIAN_POINT('Ctrl Pts',(10.6325957839684,-8.1753114556989,475.354837127359));
#5962=CARTESIAN_POINT('Ctrl Pts',(12.3747894751411,-4.12027237516978,475.540112375786));
#5963=CARTESIAN_POINT('Ctrl Pts',(12.7085273921123,-2.00681028598389,475.63275));
#5964=CARTESIAN_POINT('Ctrl Pts',(12.2691490389919,-5.71072030184876,384.862468515856));
#5965=CARTESIAN_POINT('Ctrl Pts',(13.2188570962286,-3.6703280077286,384.95510614007));
#5966=CARTESIAN_POINT('Ctrl Pts',(14.0794345330928,0.891494324548788,385.140381388497));
#5967=CARTESIAN_POINT('Ctrl Pts',(11.9361005350102,7.52008348682835,385.418294261138));
#5968=CARTESIAN_POINT('Ctrl Pts',(6.88333587503016,12.3141153902319,385.696207133779));
#5969=CARTESIAN_POINT('Ctrl Pts',(0.152259320211294,14.1067071751123,385.97412000642));
#5970=CARTESIAN_POINT('Ctrl Pts',(-6.61582604838921,12.4599490064929,386.252032879061));
#5971=CARTESIAN_POINT('Ctrl Pts',(-11.7711001139099,7.77573517452825,386.529945751701));
#5972=CARTESIAN_POINT('Ctrl Pts',(-14.0566849555726,1.1958150975012,386.807858624342));
#5973=CARTESIAN_POINT('Ctrl Pts',(-12.9154188938423,-5.67559821481998,387.085771496983));
#5974=CARTESIAN_POINT('Ctrl Pts',(-8.62551125210672,-11.1633798831474,387.363684369624));
#5975=CARTESIAN_POINT('Ctrl Pts',(-2.23280284246431,-13.9296458922998,387.641597242265));
#5976=CARTESIAN_POINT('Ctrl Pts',(4.70423949841628,-13.3000229225782,387.919510114906));
#5977=CARTESIAN_POINT('Ctrl Pts',(10.4944398732829,-9.42800044555065,388.197422987547));
#5978=CARTESIAN_POINT('Ctrl Pts',(13.7262128526839,-3.25753719662775,388.475335860188));
#5979=CARTESIAN_POINT('Ctrl Pts',(13.6116876268335,3.70707782308204,388.753248732829));
#5980=CARTESIAN_POINT('Ctrl Pts',(10.1787844136376,9.76794828815656,389.03116160547));
#5981=CARTESIAN_POINT('Ctrl Pts',(4.26440672171216,13.4475016920391,389.30907447811));
#5982=CARTESIAN_POINT('Ctrl Pts',(-2.68958588546478,13.8487036858242,389.586987350752));
#5983=CARTESIAN_POINT('Ctrl Pts',(-8.98788737395169,10.8737457578365,389.864900223392));
#5984=CARTESIAN_POINT('Ctrl Pts',(-13.0950418717221,5.24788953086803,390.142813096033));
#5985=CARTESIAN_POINT('Ctrl Pts',(-14.0097707948427,-1.65734379573606,390.420725968674));
#5986=CARTESIAN_POINT('Ctrl Pts',(-11.509073401544,-8.15853513916025,390.698638841315));
#5987=CARTESIAN_POINT('Ctrl Pts',(-6.20259190726271,-12.6707663464237,390.976551713956));
#5988=CARTESIAN_POINT('Ctrl Pts',(0.616012514463446,-14.0940056322114,391.254464586597));
#5989=CARTESIAN_POINT('Ctrl Pts',(7.2844399357981,-12.0812830857267,391.532377459238));
#5990=CARTESIAN_POINT('Ctrl Pts',(12.1770019119918,-7.12327808052402,391.810290331879));
#5991=CARTESIAN_POINT('Ctrl Pts',(14.100946243949,-0.42869709806974,392.088203204519));
#5992=CARTESIAN_POINT('Ctrl Pts',(12.587236700002,6.37039546926586,392.366116077161));
#5993=CARTESIAN_POINT('Ctrl Pts',(8.00489883279406,11.6164564671635,392.644028949801));
#5994=CARTESIAN_POINT('Ctrl Pts',(1.47105565361729,14.0305545663979,392.921941822443));
#5995=CARTESIAN_POINT('Ctrl Pts',(-5.4214145341209,13.0241594978702,393.199854695083));
#5996=CARTESIAN_POINT('Ctrl Pts',(-10.9922041506575,8.84261918703934,393.477767567724));
#5997=CARTESIAN_POINT('Ctrl Pts',(-13.8832166409183,2.50534665826313,393.755680440365));
#5998=CARTESIAN_POINT('Ctrl Pts',(-13.3896553110809,-4.44270152353014,394.033593313006));
#5999=CARTESIAN_POINT('Ctrl Pts',(-9.63184492440483,-10.307668481715,394.311506185647));
#6000=CARTESIAN_POINT('Ctrl Pts',(-3.52589786209087,-13.6597404969068,394.589419058288));
#6001=CARTESIAN_POINT('Ctrl Pts',(3.43962388705855,-13.681719690606,394.867331930929));
#6002=CARTESIAN_POINT('Ctrl Pts',(9.56660358502383,-10.3682477798204,395.14524480357));
#6003=CARTESIAN_POINT('Ctrl Pts',(13.3613517203336,-4.52711236687131,395.42315767621));
#6004=CARTESIAN_POINT('Ctrl Pts',(13.8987508994593,2.4176826945473,395.701070548852));
#6005=CARTESIAN_POINT('Ctrl Pts',(11.0477891790141,8.77307360238046,395.978983421492));
#6006=CARTESIAN_POINT('Ctrl Pts',(5.50349932054746,12.9896867323838,396.256896294133));
#6007=CARTESIAN_POINT('Ctrl Pts',(-1.3824824671774,14.0395586969352,396.534809166774));
#6008=CARTESIAN_POINT('Ctrl Pts',(-7.93143040416176,11.6667423868307,396.812722039415));
#6009=CARTESIAN_POINT('Ctrl Pts',(-12.5467838150228,6.44970403009368,397.090634912056));
#6010=CARTESIAN_POINT('Ctrl Pts',(-14.1033708661072,-0.339700441228412,
397.368547784697));
#6011=CARTESIAN_POINT('Ctrl Pts',(-12.2217129453556,-7.04628972283064,397.646460657337));
#6012=CARTESIAN_POINT('Ctrl Pts',(-7.36053732769721,-12.0350719326604,397.924373529979));
#6013=CARTESIAN_POINT('Ctrl Pts',(-0.704944566987691,-14.089837448821,398.202286402619));
#6014=CARTESIAN_POINT('Ctrl Pts',(6.12250583937819,-12.7096572897743,398.48019927526));
#6015=CARTESIAN_POINT('Ctrl Pts',(11.4573574112448,-8.23100402914094,398.758112147901));
#6016=CARTESIAN_POINT('Ctrl Pts',(13.9990326649291,-1.74572352420993,399.036025020542));
#6017=CARTESIAN_POINT('Ctrl Pts',(13.1278994398664,5.16514496151735,399.313937893183));
#6018=CARTESIAN_POINT('Ctrl Pts',(9.0563303283472,10.8168085478388,399.591850765824));
#6019=CARTESIAN_POINT('Ctrl Pts',(2.77692859933902,13.8314545052538,399.869763638465));
#6020=CARTESIAN_POINT('Ctrl Pts',(-4.17945743962356,13.4741456755932,400.147676511106));
#6021=CARTESIAN_POINT('Ctrl Pts',(-10.116938235066,9.83198997785296,400.425589383747));
#6022=CARTESIAN_POINT('Ctrl Pts',(-13.5880220005122,3.79290446628043,400.703502256388));
#6023=CARTESIAN_POINT('Ctrl Pts',(-13.746497116296,-3.17084897281327,400.981415129029));
#6024=CARTESIAN_POINT('Ctrl Pts',(-10.5537291116119,-9.36158469573649,401.259328001669));
#6025=CARTESIAN_POINT('Ctrl Pts',(-4.78807931883469,-13.2700701811742,401.53724087431));
#6026=CARTESIAN_POINT('Ctrl Pts',(2.14485096305619,-13.9434601345222,401.815153746951));
#6027=CARTESIAN_POINT('Ctrl Pts',(8.5548904333039,-11.2175895740079,402.093066619592));
#6028=CARTESIAN_POINT('Ctrl Pts',(12.8793427559007,-5.75699542754375,402.370979492233));
#6029=CARTESIAN_POINT('Ctrl Pts',(14.0639545473634,1.10709017990297,402.648892364874));
#6030=CARTESIAN_POINT('Ctrl Pts',(11.819930627145,7.70127951357523,402.926805237515));
#6031=CARTESIAN_POINT('Ctrl Pts',(6.69433907092986,12.4179825487136,403.204718110155));
#6032=CARTESIAN_POINT('Ctrl Pts',(-0.0632579022106381,14.1073195403857,
403.482630982797));
#6033=CARTESIAN_POINT('Ctrl Pts',(-6.80543330229107,12.3574489173454,403.760543855437));
#6034=CARTESIAN_POINT('Ctrl Pts',(-11.8885197473329,7.59496967696445,404.038456728079));
#6035=CARTESIAN_POINT('Ctrl Pts',(-14.0733172916642,0.980921293930554,404.316369600719));
#6036=CARTESIAN_POINT('Ctrl Pts',(-12.8271965913782,-5.8722647916174,404.594282473361));
#6037=CARTESIAN_POINT('Ctrl Pts',(-8.45394801494461,-11.2938580271464,404.872195346001));
#6038=CARTESIAN_POINT('Ctrl Pts',(-2.01972092986316,-13.9621342760412,405.150108218642));
#6039=CARTESIAN_POINT('Ctrl Pts',(4.90689165635547,-13.2265974630488,405.428021091283));
#6040=CARTESIAN_POINT('Ctrl Pts',(10.6372586268995,-9.26656328318027,405.705933963924));
#6041=CARTESIAN_POINT('Ctrl Pts',(13.7743802424653,-3.04744402946257,405.983846836565));
#6042=CARTESIAN_POINT('Ctrl Pts',(13.5534611414948,3.91460818763824,406.261759709206));
#6043=CARTESIAN_POINT('Ctrl Pts',(10.0283589439347,9.9223224634329,406.539672581846));
#6044=CARTESIAN_POINT('Ctrl Pts',(4.05845436245511,13.5110848700096,406.817585454488));
#6045=CARTESIAN_POINT('Ctrl Pts',(-2.90085625802109,13.8059950437132,407.095498327128));
#6046=CARTESIAN_POINT('Ctrl Pts',(-9.15297038357094,10.735157163927,407.373411199769));
#6047=CARTESIAN_POINT('Ctrl Pts',(-13.1736921209142,5.047207354577,407.65132407241));
#6048=CARTESIAN_POINT('Ctrl Pts',(-13.9828142254275,-1.87119547720539,407.929236945051));
#6049=CARTESIAN_POINT('Ctrl Pts',(-11.3830817263771,-8.33342166144021,408.207149817692));
#6050=CARTESIAN_POINT('Ctrl Pts',(-6.00828049508605,-12.7640523216219,408.485062690333));
#6051=CARTESIAN_POINT('Ctrl Pts',(0.831272702079915,-14.0829489763864,408.762975562974));
#6052=CARTESIAN_POINT('Ctrl Pts',(7.46817085916473,-11.9685792889154,409.040888435615));
#6053=CARTESIAN_POINT('Ctrl Pts',(12.2844120152324,-6.93640307484761,409.318801308256));
#6054=CARTESIAN_POINT('Ctrl Pts',(14.1058501384414,-0.213208931722623,409.596714180896));
#6055=CARTESIAN_POINT('Ctrl Pts',(12.4884388707916,6.56196317783235,409.874627053537));
#6056=CARTESIAN_POINT('Ctrl Pts',(7.82648509190736,11.7374016410313,410.152539926178));
#6057=CARTESIAN_POINT('Ctrl Pts',(1.25652128691779,14.0513921172339,410.430452798819));
#6058=CARTESIAN_POINT('Ctrl Pts',(-5.61976843389477,12.9398094625127,410.70836567146));
#6059=CARTESIAN_POINT('Ctrl Pts',(-11.1260211086581,8.67364516604291,410.986278544101));
#6060=CARTESIAN_POINT('Ctrl Pts',(-13.9198735709797,2.29294263876649,411.264191416742));
#6061=CARTESIAN_POINT('Ctrl Pts',(-13.3202156613216,-4.64675380374551,411.542104289383));
#6062=CARTESIAN_POINT('Ctrl Pts',(-9.47323730918734,-10.4536233460251,411.820017162024));
#6063=CARTESIAN_POINT('Ctrl Pts',(-3.31678905410867,-13.7120157725728,412.097930034664));
#6064=CARTESIAN_POINT('Ctrl Pts',(3.64825548594221,-13.6275712467786,412.375842907306));
#6065=CARTESIAN_POINT('Ctrl Pts',(9.72389591121686,-10.2208764049149,412.653755779946));
#6066=CARTESIAN_POINT('Ctrl Pts',(13.4289586539792,-4.32244556315648,412.931668652587));
#6067=CARTESIAN_POINT('Ctrl Pts',(13.8601906220016,2.62974943645229,413.209581525228));
#6068=CARTESIAN_POINT('Ctrl Pts',(10.9124622572624,8.9408407692205,413.48749439787));
#6069=CARTESIAN_POINT('Ctrl Pts',(5.30439695303765,13.0722545546409,413.76540727051));
#6070=CARTESIAN_POINT('Ctrl Pts',(-1.59682133748686,14.0167980577905,414.043320143151));
#6071=CARTESIAN_POINT('Ctrl Pts',(-8.10875234437969,11.5442020769847,414.321233015792));
#6072=CARTESIAN_POINT('Ctrl Pts',(-12.6438597081437,6.25725801429939,414.599145888433));
#6073=CARTESIAN_POINT('Ctrl Pts',(-14.0965346889796,-0.555135964535467,
414.877058761073));
#6074=CARTESIAN_POINT('Ctrl Pts',(-12.1126312819382,-7.23219396895191,415.154971633715));
#6075=CARTESIAN_POINT('Ctrl Pts',(-7.17580307442099,-12.146123513857,415.432884506355));
#6076=CARTESIAN_POINT('Ctrl Pts',(-0.48959388034636,-14.0989632246158,415.710797378997));
#6077=CARTESIAN_POINT('Ctrl Pts',(6.31597285692303,-12.6146324975146,415.988710251637));
#6078=CARTESIAN_POINT('Ctrl Pts',(11.5817756523836,-8.05499465639725,416.266623124278));
#6079=CARTESIAN_POINT('Ctrl Pts',(14.0240703461428,-1.53163869863691,416.544535996919));
#6080=CARTESIAN_POINT('Ctrl Pts',(13.0474526529236,5.36511374030876,416.82244886956));
#6081=CARTESIAN_POINT('Ctrl Pts',(8.89001110524576,10.9539111154577,417.100361742201));
#6082=CARTESIAN_POINT('Ctrl Pts',(2.56528371701457,13.8722667804491,417.378274614842));
#6083=CARTESIAN_POINT('Ctrl Pts',(-4.384831312588,13.4087180795508,417.656187487483));
#6084=CARTESIAN_POINT('Ctrl Pts',(-10.2659732324299,9.67627303086087,417.934100360123));
#6085=CARTESIAN_POINT('Ctrl Pts',(-13.6443850473564,3.58486022826784,418.212013232764));
#6086=CARTESIAN_POINT('Ctrl Pts',(-13.6964475286197,-3.38050163030593,418.489926105405));
#6087=CARTESIAN_POINT('Ctrl Pts',(-10.4094684222822,-9.52173478638401,418.767838978046));
#6088=CARTESIAN_POINT('Ctrl Pts',(-4.58477667957085,-13.3416748939253,419.045751850687));
#6089=CARTESIAN_POINT('Ctrl Pts',(2.35763262975607,-13.9090630367344,419.323664723328));
#6090=CARTESIAN_POINT('Ctrl Pts',(8.72527732347056,-11.0855762955862,419.601577595969));
#6091=CARTESIAN_POINT('Ctrl Pts',(12.9657964406041,-5.55954933763069,419.87949046861));
#6092=CARTESIAN_POINT('Ctrl Pts',(14.0453985797342,1.32183392040801,420.157403341251));
#6093=CARTESIAN_POINT('Ctrl Pts',(11.700888745728,7.88096876892863,420.435316213891));
#6094=CARTESIAN_POINT('Ctrl Pts',(6.5038323625352,12.5188110768065,420.713229086533));
#6095=CARTESIAN_POINT('Ctrl Pts',(-0.278786020724893,14.1047064673955,420.991141959173));
#6096=CARTESIAN_POINT('Ctrl Pts',(-6.99343947254587,12.2520312814068,421.269054831815));
#6097=CARTESIAN_POINT('Ctrl Pts',(-12.003170155859,7.41244712535754,421.546967704455));
#6098=CARTESIAN_POINT('Ctrl Pts',(-14.0866614439052,0.765790794882248,421.824880577096));
#6099=CARTESIAN_POINT('Ctrl Pts',(-12.7359813314208,-6.06755681493307,422.102793449737));
#6100=CARTESIAN_POINT('Ctrl Pts',(-8.28041060874892,-11.4217015513124,422.380706322378));
#6101=CARTESIAN_POINT('Ctrl Pts',(-1.80616786712919,-13.9913624716278,422.658619195019));
#6102=CARTESIAN_POINT('Ctrl Pts',(5.10839851388163,-13.1500848210232,422.936532067659));
#6103=CARTESIAN_POINT('Ctrl Pts',(10.7775941483371,-9.1029627347623,423.214444940301));
#6104=CARTESIAN_POINT('Ctrl Pts',(13.8193321883764,-2.83663956893313,423.492357812941));
#6105=CARTESIAN_POINT('Ctrl Pts',(13.4920707273811,4.12122477718444,423.770270685582));
#6106=CARTESIAN_POINT('Ctrl Pts',(9.87559247002691,10.0743803552719,424.048183558224));
#6107=CARTESIAN_POINT('Ctrl Pts',(3.85155459615715,13.5715140411655,424.326096430864));
#6108=CARTESIAN_POINT('Ctrl Pts',(-3.11144945464349,13.7600635342985,424.604009303505));
#6109=CARTESIAN_POINT('Ctrl Pts',(-9.31591673121405,10.5940625651271,424.881922176146));
#6110=CARTESIAN_POINT('Ctrl Pts',(-13.249267112169,4.84534696044882,425.159835048787));
#6111=CARTESIAN_POINT('Ctrl Pts',(-13.9525935179047,-2.08461034748655,425.437747921428));
#6112=CARTESIAN_POINT('Ctrl Pts',(-11.2544327924838,-8.50636283591276,425.715660794069));
#6113=CARTESIAN_POINT('Ctrl Pts',(-5.812566514185,-12.8543586652511,425.99357366671));
#6114=CARTESIAN_POINT('Ctrl Pts',(1.0463388380059,-14.068604806903,426.271486539351));
#6115=CARTESIAN_POINT('Ctrl Pts',(7.65015841795252,-11.8530815553153,426.549399411992));
#6116=CARTESIAN_POINT('Ctrl Pts',(12.3889544539549,-6.74790884011949,426.827312284632));
#6117=CARTESIAN_POINT('Ctrl Pts',(14.107461173169,0.00232900597493583,427.105225157273));
#6118=CARTESIAN_POINT('Ctrl Pts',(12.3867257491732,6.75199906631383,427.383138029914));
#6119=CARTESIAN_POINT('Ctrl Pts',(7.64624434182837,11.8556068440966,427.661050902555));
#6120=CARTESIAN_POINT('Ctrl Pts',(1.04169359876861,14.0689495209495,427.938963775196));
#6121=CARTESIAN_POINT('Ctrl Pts',(-5.81681045886845,12.8524387671108,428.216876647837));
#6122=CARTESIAN_POINT('Ctrl Pts',(-11.2572408160972,8.50264637540155,428.494789520478));
#6123=CARTESIAN_POINT('Ctrl Pts',(-13.9532810555201,2.08000335634455,428.772702393118));
#6124=CARTESIAN_POINT('Ctrl Pts',(-13.2476665497599,-4.84972134901643,429.05061526576));
#6125=CARTESIAN_POINT('Ctrl Pts',(-9.31241826809668,-10.5971379238332,429.3285281384));
#6126=CARTESIAN_POINT('Ctrl Pts',(-3.10690597722039,-13.7610901248936,429.606441011041));
#6127=CARTESIAN_POINT('Ctrl Pts',(3.85603543862024,-13.57024159228,429.884353883682));
#6128=CARTESIAN_POINT('Ctrl Pts',(9.87891829796905,-10.0711190757922,430.162266756323));
#6129=CARTESIAN_POINT('Ctrl Pts',(13.4934307409367,-4.11676973078027,430.440179628964));
#6130=CARTESIAN_POINT('Ctrl Pts',(13.8183948313668,2.84120229149337,430.718092501605));
#6131=CARTESIAN_POINT('Ctrl Pts',(10.7745879379768,9.1065207924621,430.996005374246));
#6132=CARTESIAN_POINT('Ctrl Pts',(5.10405633082411,13.151770798965,431.273918246887));
#6133=CARTESIAN_POINT('Ctrl Pts',(-1.81078744694454,13.9907653471393,431.551831119528));
#6134=CARTESIAN_POINT('Ctrl Pts',(-8.28418138313801,11.4189668967032,431.829743992168));
#6135=CARTESIAN_POINT('Ctrl Pts',(-12.7379840275229,6.06335130858447,432.107656864809));
#6136=CARTESIAN_POINT('Ctrl Pts',(-14.086407826683,-0.770441897293425,432.385569737451));
#6137=CARTESIAN_POINT('Ctrl Pts',(-12.0007220543691,-7.41640993679013,432.663482610091));
#6138=CARTESIAN_POINT('Ctrl Pts',(-6.98939370670453,-12.2543397125023,432.941395482732));
#6139=CARTESIAN_POINT('Ctrl Pts',(-0.274128903252988,-14.104797748324,433.219308355373));
#6140=CARTESIAN_POINT('Ctrl Pts',(6.50796547819037,-12.5166629542948,433.497221228014));
#6141=CARTESIAN_POINT('Ctrl Pts',(11.7034902519361,-7.87710493135506,433.775134100655));
#6142=CARTESIAN_POINT('Ctrl Pts',(14.0458342582125,-1.31719632840255,434.053046973296));
#6143=CARTESIAN_POINT('Ctrl Pts',(12.9639600777858,5.56383009071096,434.330959845936));
#6144=CARTESIAN_POINT('Ctrl Pts',(8.72161660418939,11.0884566097479,434.608872718578));
#6145=CARTESIAN_POINT('Ctrl Pts',(2.35303999666085,13.9098407234179,434.886785591218));
#6146=CARTESIAN_POINT('Ctrl Pts',(-4.58918159360677,13.340160361766,435.16469846386));
#6147=CARTESIAN_POINT('Ctrl Pts',(-10.4126117482044,9.51829726147911,435.4426113365));
#6148=CARTESIAN_POINT('Ctrl Pts',(-13.6975629585257,3.37597914299805,435.720524209141));
#6149=CARTESIAN_POINT('Ctrl Pts',(-13.64320065184,-3.58936514586817,435.998437081782));
#6150=CARTESIAN_POINT('Ctrl Pts',(-10.2627777539461,-9.67966212994244,436.276349954423));
#6151=CARTESIAN_POINT('Ctrl Pts',(-4.38040377325297,-13.4101651354487,436.554262827064));
#6152=CARTESIAN_POINT('Ctrl Pts',(2.56986393235075,-13.8714190170272,436.832175699705));
#6153=CARTESIAN_POINT('Ctrl Pts',(8.89362739101986,-10.9509752080093,437.110088572346));
#6154=CARTESIAN_POINT('Ctrl Pts',(13.0492233988813,-5.36080543042002,437.388001444987));
#6155=CARTESIAN_POINT('Ctrl Pts',(14.0235638641128,1.53626909292987,437.665914317627));
#6156=CARTESIAN_POINT('Ctrl Pts',(11.5791154170499,8.05881829646076,437.943827190269));
#6157=CARTESIAN_POINT('Ctrl Pts',(6.31180740407677,12.6167172224223,438.221740062909));
#6158=CARTESIAN_POINT('Ctrl Pts',(-0.494249059623852,14.0988008016212,438.49965293555));
#6159=CARTESIAN_POINT('Ctrl Pts',(-7.17981309919398,12.1437535398814,438.777565808191));
#6160=CARTESIAN_POINT('Ctrl Pts',(-12.1150185527641,7.22819421729348,439.055478680832));
#6161=CARTESIAN_POINT('Ctrl Pts',(-14.0967172157801,0.5504815301668,439.333391553473));
#6162=CARTESIAN_POINT('Ctrl Pts',(-12.6417929929148,-6.26143243204176,439.611304426114));
#6163=CARTESIAN_POINT('Ctrl Pts',(-8.10494022930998,-11.5468788014793,439.889217298754));
#6164=CARTESIAN_POINT('Ctrl Pts',(-1.59219317383534,-14.0173245333739,440.167130171396));
#6165=CARTESIAN_POINT('Ctrl Pts',(5.30871287044415,-13.0705024324206,440.445043044037));
#6166=CARTESIAN_POINT('Ctrl Pts',(10.9154137557578,-8.93723719710701,440.722955916678));
#6167=CARTESIAN_POINT('Ctrl Pts',(13.861058159075,-2.62517292525142,441.000868789318));
#6168=CARTESIAN_POINT('Ctrl Pts',(13.4275307337409,4.32687931090949,441.278781661959));
#6169=CARTESIAN_POINT('Ctrl Pts',(9.72052064474016,10.2240864908275,441.5566945346));
#6170=CARTESIAN_POINT('Ctrl Pts',(3.64375572565594,13.6287750876035,441.834607407241));
#6171=CARTESIAN_POINT('Ctrl Pts',(-3.32131631668667,13.7109198853044,442.112520279882));
#6172=CARTESIAN_POINT('Ctrl Pts',(-9.47668837778831,10.4504948957944,442.390433152523));
#6173=CARTESIAN_POINT('Ctrl Pts',(-13.3217492038024,4.64235547192711,442.668346025164));
#6174=CARTESIAN_POINT('Ctrl Pts',(-13.9191157267388,-2.29753858779054,442.946258897805));
#6175=CARTESIAN_POINT('Ctrl Pts',(-11.1231566316933,-8.67731829101264,443.224171770445));
#6176=CARTESIAN_POINT('Ctrl Pts',(-5.61549565183392,-12.9416642964097,443.502084643086));
#6177=CARTESIAN_POINT('Ctrl Pts',(1.26116071732636,-14.0509764721821,443.779997515727));
#6178=CARTESIAN_POINT('Ctrl Pts',(7.83036012912575,-11.7348168466717,444.057910388368));
#6179=CARTESIAN_POINT('Ctrl Pts',(12.4906048238414,-6.5578393782833,444.335823261009));
#6180=CARTESIAN_POINT('Ctrl Pts',(14.1057789720559,0.217866399993157,444.61373613365));
#6181=CARTESIAN_POINT('Ctrl Pts',(12.2821210789839,6.94045877287028,444.891649006291));
#6182=CARTESIAN_POINT('Ctrl Pts',(7.4642186578337,11.9710444826164,445.169561878932));
#6183=CARTESIAN_POINT('Ctrl Pts',(0.826622738396448,14.0832226789576,445.447474751573));
#6184=CARTESIAN_POINT('Ctrl Pts',(-6.01249461168885,12.7620678074184,445.725387624214));
#6185=CARTESIAN_POINT('Ctrl Pts',(-11.3858326411348,8.32966273295585,446.003300496854));
#6186=CARTESIAN_POINT('Ctrl Pts',(-13.9834312959173,1.86657851940236,446.281213369495));
#6187=CARTESIAN_POINT('Ctrl Pts',(-13.1720249122134,-5.05155677873356,446.559126242136));
#6188=CARTESIAN_POINT('Ctrl Pts',(-9.1494253426191,-10.7381787131977,446.837039114777));
#6189=CARTESIAN_POINT('Ctrl Pts',(-2.896297626379,-13.8069520979888,447.114951987418));
#6190=CARTESIAN_POINT('Ctrl Pts',(4.06291524109018,-13.5097441101025,447.392864860059));
#6191=CARTESIAN_POINT('Ctrl Pts',(10.0316345569626,-9.91901075169772,447.6707777327));
#6192=CARTESIAN_POINT('Ctrl Pts',(13.5547529308877,-3.91013288256602,447.948690605341));
#6193=CARTESIAN_POINT('Ctrl Pts',(13.7733732843355,3.05199189826565,448.226603477981));
#6194=CARTESIAN_POINT('Ctrl Pts',(10.6341984064405,9.27007499587741,448.504516350623));
#6195=CARTESIAN_POINT('Ctrl Pts',(4.90252422128205,13.2282169031386,448.782429223263));
#6196=CARTESIAN_POINT('Ctrl Pts',(-2.02433084745192,13.96146664204,449.060342095905));
#6197=CARTESIAN_POINT('Ctrl Pts',(-8.45767656840904,11.291066080797,449.338254968545));
#6198=CARTESIAN_POINT('Ctrl Pts',(-12.8291348008472,5.86802917838907,449.616167841187));
#6199=CARTESIAN_POINT('Ctrl Pts',(-14.0729926432232,-0.985567978635253,
449.894080713827));
#6200=CARTESIAN_POINT('Ctrl Pts',(-11.8860113866634,-7.59889462309098,450.171993586468));
#6201=CARTESIAN_POINT('Ctrl Pts',(-6.80135273982796,-12.3596952666793,450.449906459109));
#6202=CARTESIAN_POINT('Ctrl Pts',(-0.058599933701781,-14.1073396579406,
450.727819331751));
#6203=CARTESIAN_POINT('Ctrl Pts',(6.69843888456255,-12.4157715300543,451.005732204391));
#6204=CARTESIAN_POINT('Ctrl Pts',(11.8224727969332,-7.69737638046285,451.283645077032));
#6205=CARTESIAN_POINT('Ctrl Pts',(14.0643193205853,-1.10244647278239,451.561557949672));
#6206=CARTESIAN_POINT('Ctrl Pts',(12.8774412049016,5.76124762451978,451.839470822314));
#6207=CARTESIAN_POINT('Ctrl Pts',(8.55118613506986,11.2204136225058,452.117383694954));
#6208=CARTESIAN_POINT('Ctrl Pts',(2.14024698430077,13.9441675629248,452.395296567595));
#6209=CARTESIAN_POINT('Ctrl Pts',(-4.79246057929234,13.2684885263043,452.673209440236));
#6210=CARTESIAN_POINT('Ctrl Pts',(-10.5568195511968,9.35809954746167,452.951122312877));
#6211=CARTESIAN_POINT('Ctrl Pts',(-13.7475433202069,3.16630997152317,453.229035185518));
#6212=CARTESIAN_POINT('Ctrl Pts',(-13.5867689158694,-3.79739076255059,453.506948058159));
#6213=CARTESIAN_POINT('Ctrl Pts',(-10.1136913499691,-9.83532985996365,453.7848609308));
#6214=CARTESIAN_POINT('Ctrl Pts',(-4.17500830855093,-13.4755249174295,454.06277380344));
#6215=CARTESIAN_POINT('Ctrl Pts',(2.78149532771171,-13.8305368629948,454.340686676082));
#6216=CARTESIAN_POINT('Ctrl Pts',(9.05990133642946,-10.8138177324614,454.618599548723));
#6217=CARTESIAN_POINT('Ctrl Pts',(13.1296041556011,-5.16081010055087,454.896512421364));
#6218=CARTESIAN_POINT('Ctrl Pts',(13.9984554975797,1.7503456398701,455.174425294004));
#6219=CARTESIAN_POINT('Ctrl Pts',(11.4546390677925,8.23478657910102,455.452338166645));
#6220=CARTESIAN_POINT('Ctrl Pts',(6.11830902172562,12.7116781304202,455.730251039286));
#6221=CARTESIAN_POINT('Ctrl Pts',(-0.709596721370163,14.0896039216774,456.008163911927));
#6222=CARTESIAN_POINT('Ctrl Pts',(-7.36451067530831,12.0326409690476,456.286076784568));
#6223=CARTESIAN_POINT('Ctrl Pts',(-12.2240388282358,7.04225396464258,456.563989657208));
#6224=CARTESIAN_POINT('Ctrl Pts',(-14.1034822598768,0.335043761429104,456.84190252985));
#6225=CARTESIAN_POINT('Ctrl Pts',(-12.5446535631193,-6.45384638475768,457.119815402491));
#6226=CARTESIAN_POINT('Ctrl Pts',(-7.92757783830723,-11.6693605563596,457.397728275132));
#6227=CARTESIAN_POINT('Ctrl Pts',(-1.37784680008278,-14.0400144007132,457.675641147772));
#6228=CARTESIAN_POINT('Ctrl Pts',(5.50778796479801,-12.9878688748986,457.953554020414));
#6229=CARTESIAN_POINT('Ctrl Pts',(11.0506852766481,-8.76942535706947,458.231466893054));
#6230=CARTESIAN_POINT('Ctrl Pts',(13.8995484140798,-2.41309346304348,458.509379765695));
#6231=CARTESIAN_POINT('Ctrl Pts',(13.3598562267451,4.53152378096226,458.787292638336));
#6232=CARTESIAN_POINT('Ctrl Pts',(9.56317966793401,10.3714059228027,459.065205510977));
#6233=CARTESIAN_POINT('Ctrl Pts',(3.43510625937625,13.6828546423447,459.343118383618));
#6234=CARTESIAN_POINT('Ctrl Pts',(-3.53040785297877,13.6585755687904,459.621031256259));
#6235=CARTESIAN_POINT('Ctrl Pts',(-9.63524779287599,10.3044876702631,459.8989441289));
#6236=CARTESIAN_POINT('Ctrl Pts',(-13.3911214756458,4.43828027520028,460.176857001541));
#6237=CARTESIAN_POINT('Ctrl Pts',(-13.8823886669614,-2.50993049229709,460.454769874181));
#6238=CARTESIAN_POINT('Ctrl Pts',(-10.9892838890215,-8.84624811901774,460.732682746823));
#6239=CARTESIAN_POINT('Ctrl Pts',(-5.41711391211502,-13.0259488345342,461.010595619463));
#6240=CARTESIAN_POINT('Ctrl Pts',(1.47568819217578,-14.0300680873691,461.288508492104));
#6241=CARTESIAN_POINT('Ctrl Pts',(8.00873392652378,-11.6138127706141,461.566421364745));
#6242=CARTESIAN_POINT('Ctrl Pts',(12.5893393956993,-6.36623905902266,461.844334237386));
#6243=CARTESIAN_POINT('Ctrl Pts',(14.1008039277941,0.433352935431783,462.122247110027));
#6244=CARTESIAN_POINT('Ctrl Pts',(12.1746492790653,7.12729830359919,462.400159982668));
#6245=CARTESIAN_POINT('Ctrl Pts',(7.28045053187208,12.0836876089085,462.678072855309));
#6246=CARTESIAN_POINT('Ctrl Pts',(0.611358911794231,14.0942082593419,462.95598572795));
#6247=CARTESIAN_POINT('Ctrl Pts',(-6.20677521198272,12.6687176795703,463.23389860059));
#6248=CARTESIAN_POINT('Ctrl Pts',(-11.5117665653879,8.15473461988498,463.511811473232));
#6249=CARTESIAN_POINT('Ctrl Pts',(-14.0103172539216,1.65271794967879,463.789724345872));
#6250=CARTESIAN_POINT('Ctrl Pts',(-13.0933084064106,-5.25221297657953,464.067637218513));
#6251=CARTESIAN_POINT('Ctrl Pts',(-8.9842965817083,-10.876712789655,464.345550091154));
#6252=CARTESIAN_POINT('Ctrl Pts',(-2.68501316585146,-13.8495909858717,464.623462963795));
#6253=CARTESIAN_POINT('Ctrl Pts',(4.26884659947835,-13.4460929227361,464.901375836436));
#6254=CARTESIAN_POINT('Ctrl Pts',(10.1820090382232,-9.76458694068937,465.179288709077));
#6255=CARTESIAN_POINT('Ctrl Pts',(13.6129109088226,-3.70258325567337,465.457201581718));
#6256=CARTESIAN_POINT('Ctrl Pts',(13.7251364907061,3.26206905019214,465.735114454359));
#6257=CARTESIAN_POINT('Ctrl Pts',(10.4913264350851,9.43146519949183,466.013027327));
#6258=CARTESIAN_POINT('Ctrl Pts',(4.6998476699204,13.3015750216385,466.290940199641));
#6259=CARTESIAN_POINT('Ctrl Pts',(-2.2374016895861,13.92890878196,466.568853072281));
#6260=CARTESIAN_POINT('Ctrl Pts',(-8.62919739959077,11.1605294863474,466.846765944922));
#6261=CARTESIAN_POINT('Ctrl Pts',(-12.9172907499413,5.67133721958252,467.124678817563));
#6262=CARTESIAN_POINT('Ctrl Pts',(-14.056292270233,-1.20046398967837,467.402591690204));
#6263=CARTESIAN_POINT('Ctrl Pts',(-11.7685260567969,-7.77960542876255,467.680504562845));
#6264=CARTESIAN_POINT('Ctrl Pts',(-6.61172406993762,-12.462165582262,467.958417435486));
#6265=CARTESIAN_POINT('Ctrl Pts',(0.156942715374036,-14.1065883600842,468.236330308126));
#6266=CARTESIAN_POINT('Ctrl Pts',(6.88734861206387,-12.3119817768149,468.514243180768));
#6267=CARTESIAN_POINT('Ctrl Pts',(11.9386955121671,-7.51585095943182,468.792156053409));
#6268=CARTESIAN_POINT('Ctrl Pts',(14.0795212181356,-0.887439262820555,469.07006892605));
#6269=CARTESIAN_POINT('Ctrl Pts',(12.7879162311459,5.95732025670198,469.34798179869));
#6270=CARTESIAN_POINT('Ctrl Pts',(8.37875948311977,11.3497513498229,469.625894671332));
#6271=CARTESIAN_POINT('Ctrl Pts',(1.92695435405554,13.9752392856467,469.903807543972));
#6272=CARTESIAN_POINT('Ctrl Pts',(-4.99462081607916,13.193719304375,470.181720416613));
#6273=CARTESIAN_POINT('Ctrl Pts',(-10.6985629781852,9.19571728486183,470.459633289254));
#6274=CARTESIAN_POINT('Ctrl Pts',(-13.7943144638911,2.95590165966892,470.737546161895));
#6275=CARTESIAN_POINT('Ctrl Pts',(-13.5271654964206,-4.00452992064666,471.015459034536));
#6276=CARTESIAN_POINT('Ctrl Pts',(-9.96224400817572,-9.98870163407729,471.293371907177));
#6277=CARTESIAN_POINT('Ctrl Pts',(-3.96863824274823,-13.5377389893503,471.571284779817));
#6278=CARTESIAN_POINT('Ctrl Pts',(2.99247743320151,-13.7864261036423,471.849197652459));
#6279=CARTESIAN_POINT('Ctrl Pts',(9.22406030262522,-10.6741359168043,472.127110525099));
#6280=CARTESIAN_POINT('Ctrl Pts',(13.2069200338208,-4.95960997305848,472.40502339774));
#6281=CARTESIAN_POINT('Ctrl Pts',(13.9700791617069,1.96401345995826,472.682936270381));
#6282=CARTESIAN_POINT('Ctrl Pts',(11.327489126474,8.4088328018328,472.960849143022));
#6283=CARTESIAN_POINT('Ctrl Pts',(5.92338162031923,12.8036710906772,473.238762015663));
#6284=CARTESIAN_POINT('Ctrl Pts',(-0.924777156088023,14.0771190940212,473.516674888304));
#6285=CARTESIAN_POINT('Ctrl Pts',(-7.54749234422686,11.9187171966334,473.794587760945));
#6286=CARTESIAN_POINT('Ctrl Pts',(-12.3301988073084,6.85467454077035,474.072500633586));
#6287=CARTESIAN_POINT('Ctrl Pts',(-14.1069688756188,0.119517941784863,474.350413506226));
#6288=CARTESIAN_POINT('Ctrl Pts',(-12.4445570787245,-6.64473345299245,474.628326378868));
#6289=CARTESIAN_POINT('Ctrl Pts',(-7.748423959368,-11.7891601215204,474.906239251508));
#6290=CARTESIAN_POINT('Ctrl Pts',(-1.16305692870783,-14.0593402829936,475.18415212415));
#6291=CARTESIAN_POINT('Ctrl Pts',(5.70532133854544,-12.9023819527511,475.46206499679));
#6292=CARTESIAN_POINT('Ctrl Pts',(11.1838803663895,-8.59918942997749,475.739977869431));
#6293=CARTESIAN_POINT('Ctrl Pts',(13.0164042592475,-4.33390248790556,475.925253117858));
#6294=CARTESIAN_POINT('Ctrl Pts',(13.3674460004177,-2.110860472144,476.017890742072));
#6295=CARTESIAN_POINT('Ctrl Pts',(12.8739295340512,-5.99221759563151,385.247609257928));
#6296=CARTESIAN_POINT('Ctrl Pts',(13.8704513439959,-3.85124868793926,385.340246882142));
#6297=CARTESIAN_POINT('Ctrl Pts',(14.7734490372867,0.935438560375555,385.525522130569));
#6298=CARTESIAN_POINT('Ctrl Pts',(12.5244641426142,7.89076932652969,385.80343500321));
#6299=CARTESIAN_POINT('Ctrl Pts',(7.22263465322042,12.9211124018615,386.081347875851));
#6300=CARTESIAN_POINT('Ctrl Pts',(0.159764605781533,14.8020660237163,386.359260748491));
#6301=CARTESIAN_POINT('Ctrl Pts',(-6.94193852285108,13.0741345628648,386.637173621133));
#6302=CARTESIAN_POINT('Ctrl Pts',(-12.3513303916275,8.15902279729314,386.915086493773));
#6303=CARTESIAN_POINT('Ctrl Pts',(-14.7495780697875,1.25476015103019,387.192999366414));
#6304=CARTESIAN_POINT('Ctrl Pts',(-13.5520558283066,-5.95536424317877,387.470912239055));
#6305=CARTESIAN_POINT('Ctrl Pts',(-9.05068670223856,-11.7136539397069,387.748825111696));
#6306=CARTESIAN_POINT('Ctrl Pts',(-2.34286390736301,-14.6162768975983,388.026737984337));
#6307=CARTESIAN_POINT('Ctrl Pts',(4.93612455283541,-13.9556180597794,388.304650856978));
#6308=CARTESIAN_POINT('Ctrl Pts',(11.0117400154284,-9.89273282095451,388.582563729619));
#6309=CARTESIAN_POINT('Ctrl Pts',(14.4028160774058,-3.41811026916848,388.86047660226));
#6310=CARTESIAN_POINT('Ctrl Pts',(14.282645584514,3.88981000391911,389.138389474901));
#6311=CARTESIAN_POINT('Ctrl Pts',(10.6805250198857,10.2494376386059,389.416302347542));
#6312=CARTESIAN_POINT('Ctrl Pts',(4.47461119476062,14.1103664681374,389.694215220182));
#6313=CARTESIAN_POINT('Ctrl Pts',(-2.82216305752296,14.531344824549,389.972128092823));
#6314=CARTESIAN_POINT('Ctrl Pts',(-9.43092535141793,11.4097429424707,390.250040965464));
#6315=CARTESIAN_POINT('Ctrl Pts',(-13.7405329225557,5.50657260812242,390.527953838105));
#6316=CARTESIAN_POINT('Ctrl Pts',(-14.7003513795395,-1.73903888297551,390.805866710746));
#6317=CARTESIAN_POINT('Ctrl Pts',(-12.0763876535363,-8.56069203729859,391.083779583387));
#6318=CARTESIAN_POINT('Ctrl Pts',(-6.50833492111054,-13.2953436760667,391.361692456027));
#6319=CARTESIAN_POINT('Ctrl Pts',(0.646377485342358,-14.7887383864246,391.639605328669));
#6320=CARTESIAN_POINT('Ctrl Pts',(7.64351024919033,-12.676803145226,391.91751820131));
#6321=CARTESIAN_POINT('Ctrl Pts',(12.7772402187601,-7.47440427766262,392.195431073951));
#6322=CARTESIAN_POINT('Ctrl Pts',(14.7960211202258,-0.449828770899325,392.473343946592));
#6323=CARTESIAN_POINT('Ctrl Pts',(13.207696620965,6.68440998757149,392.751256819232));
#6324=CARTESIAN_POINT('Ctrl Pts',(8.39948256992308,12.1890639292364,393.029169691873));
#6325=CARTESIAN_POINT('Ctrl Pts',(1.54356808001464,14.7221596410222,393.307082564515));
#6326=CARTESIAN_POINT('Ctrl Pts',(-5.68865114159128,13.6661565592777,393.584995437155));
#6327=CARTESIAN_POINT('Ctrl Pts',(-11.5340404790654,9.27849649138711,393.862908309796));
#6328=CARTESIAN_POINT('Ctrl Pts',(-14.5675590192265,2.62884216619626,394.140821182437));
#6329=CARTESIAN_POINT('Ctrl Pts',(-14.0496686781134,-4.66169464343707,394.418734055078));
#6330=CARTESIAN_POINT('Ctrl Pts',(-10.1066253613689,-10.815762142278,394.696646927719));
#6331=CARTESIAN_POINT('Ctrl Pts',(-3.69969917854634,-14.3330671142527,394.974559800359));
#6332=CARTESIAN_POINT('Ctrl Pts',(3.60917251919781,-14.356129723574,395.252472673));
#6333=CARTESIAN_POINT('Ctrl Pts',(10.0381680948135,-10.8793275625696,395.530385545642));
#6334=CARTESIAN_POINT('Ctrl Pts',(14.0199699246137,-4.75026633214859,395.808298418282));
#6335=CARTESIAN_POINT('Ctrl Pts',(14.5838590046003,2.5368570017539,396.086211290923));
#6336=CARTESIAN_POINT('Ctrl Pts',(11.5923654481541,9.205522811326,396.364124163564));
#6337=CARTESIAN_POINT('Ctrl Pts',(5.77478211556982,13.6299845352482,396.642037036205));
#6338=CARTESIAN_POINT('Ctrl Pts',(-1.45062887472993,14.7316076102107,396.919949908846));
#6339=CARTESIAN_POINT('Ctrl Pts',(-8.32239267799243,12.2418285818217,397.197862781487));
#6340=CARTESIAN_POINT('Ctrl Pts',(-13.1652497007112,6.76762788806573,397.475775654127));
#6341=CARTESIAN_POINT('Ctrl Pts',(-14.7985652587576,-0.356445221178632,
397.753688526769));
#6342=CARTESIAN_POINT('Ctrl Pts',(-12.8241551833821,-7.39362094957208,398.031601399409));
#6343=CARTESIAN_POINT('Ctrl Pts',(-7.72335869330319,-12.6283141158267,398.309514272051));
#6344=CARTESIAN_POINT('Ctrl Pts',(-0.739693246219401,-14.7843647416755,
398.587427144691));
#6345=CARTESIAN_POINT('Ctrl Pts',(6.42430118807309,-13.3361516622424,398.865340017332));
#6346=CARTESIAN_POINT('Ctrl Pts',(12.0221224381577,-8.63673312053591,399.143252889973));
#6347=CARTESIAN_POINT('Ctrl Pts',(14.68908393732,-1.83177509421271,399.421165762614));
#6348=CARTESIAN_POINT('Ctrl Pts',(13.7750101316712,5.41974932868337,399.699078635255));
#6349=CARTESIAN_POINT('Ctrl Pts',(9.50274204950157,11.349999138945,399.976991507896));
#6350=CARTESIAN_POINT('Ctrl Pts',(2.91381113682505,14.5132453838666,400.254904380537));
#6351=CARTESIAN_POINT('Ctrl Pts',(-4.38547452615741,14.1383238077869,400.532817253177));
#6352=CARTESIAN_POINT('Ctrl Pts',(-10.6156302710641,10.3166361214053,400.810730125819));
#6353=CARTESIAN_POINT('Ctrl Pts',(-14.2578134136136,3.97986728120276,401.088642998459));
#6354=CARTESIAN_POINT('Ctrl Pts',(-14.4241002088193,-3.32714894156253,401.366555871101));
#6355=CARTESIAN_POINT('Ctrl Pts',(-11.0739517853072,-9.82304325400746,401.644468743741));
#6356=CARTESIAN_POINT('Ctrl Pts',(-5.02409707131524,-13.9241888643978,401.922381616382));
#6357=CARTESIAN_POINT('Ctrl Pts',(2.25057663506266,-14.6307720822628,402.200294489023));
#6358=CARTESIAN_POINT('Ctrl Pts',(8.97658478675033,-11.7705357770869,402.478207361664));
#6359=CARTESIAN_POINT('Ctrl Pts',(13.5142013971317,-6.04077375103331,402.756120234305));
#6360=CARTESIAN_POINT('Ctrl Pts',(14.7572059999877,1.16166173533609,403.034033106946));
#6361=CARTESIAN_POINT('Ctrl Pts',(12.4025678967475,8.08089700961339,403.311945979587));
#6362=CARTESIAN_POINT('Ctrl Pts',(7.02432167076211,13.0300994615955,403.589858852228));
#6363=CARTESIAN_POINT('Ctrl Pts',(-0.0663760602107044,14.8027085741782,
403.867771724868));
#6364=CARTESIAN_POINT('Ctrl Pts',(-7.14089204588047,12.9665819591167,404.145684597509));
#6365=CARTESIAN_POINT('Ctrl Pts',(-12.4745379655024,7.96934686537416,404.42359747015));
#6366=CARTESIAN_POINT('Ctrl Pts',(-14.7670302600047,1.0292736339391,404.701510342791));
#6367=CARTESIAN_POINT('Ctrl Pts',(-13.4594848030755,-6.16172506277181,404.979423215432));
#6368=CARTESIAN_POINT('Ctrl Pts',(-8.8706666357418,-11.8505637144795,405.257336088073));
#6369=CARTESIAN_POINT('Ctrl Pts',(-2.11927859438891,-14.6503667241736,405.535248960714));
#6370=CARTESIAN_POINT('Ctrl Pts',(5.14876599951957,-13.8785732550435,405.813161833355));
#6371=CARTESIAN_POINT('Ctrl Pts',(11.1615987028044,-9.7233379716518,406.091074705996));
#6372=CARTESIAN_POINT('Ctrl Pts',(14.4533577718556,-3.1976610252091,406.368987578637));
#6373=CARTESIAN_POINT('Ctrl Pts',(14.2215489536979,4.10757011759804,406.646900451277));
#6374=CARTESIAN_POINT('Ctrl Pts',(10.5226846602221,10.4114213465282,406.924813323918));
#6375=CARTESIAN_POINT('Ctrl Pts',(4.25850687065297,14.1770838378706,407.202726196559));
#6376=CARTESIAN_POINT('Ctrl Pts',(-3.04384753460288,14.4865309546316,407.4806390692));
#6377=CARTESIAN_POINT('Ctrl Pts',(-9.60414576192531,11.2643229311446,407.758551941841));
#6378=CARTESIAN_POINT('Ctrl Pts',(-13.8230600613752,5.29599824896351,408.036464814482));
#6379=CARTESIAN_POINT('Ctrl Pts',(-14.6720660458114,-1.96343190886725,408.314377687123));
#6380=CARTESIAN_POINT('Ctrl Pts',(-11.9441854981284,-8.74419920288399,408.592290559764));
#6381=CARTESIAN_POINT('Ctrl Pts',(-6.30444535875588,-13.3932279765511,408.870203432405));
#6382=CARTESIAN_POINT('Ctrl Pts',(0.872248446568387,-14.777136717269,409.148116305046));
#6383=CARTESIAN_POINT('Ctrl Pts',(7.83629778100152,-12.5585438646716,409.426029177686));
#6384=CARTESIAN_POINT('Ctrl Pts',(12.8899448648584,-7.27831768297644,409.703942050327));
#6385=CARTESIAN_POINT('Ctrl Pts',(14.8011667413231,-0.22371859323667,409.981854922968));
#6386=CARTESIAN_POINT('Ctrl Pts',(13.1040287718478,6.88542060153087,410.259767795609));
#6387=CARTESIAN_POINT('Ctrl Pts',(8.21227431931159,12.3159708272545,410.53768066825));
#6388=CARTESIAN_POINT('Ctrl Pts',(1.31845871743822,14.7440243327196,410.815593540891));
#6389=CARTESIAN_POINT('Ctrl Pts',(-5.89678245700525,13.5776486759735,411.093506413532));
#6390=CARTESIAN_POINT('Ctrl Pts',(-11.6744536472721,9.10119327072533,411.371419286173));
#6391=CARTESIAN_POINT('Ctrl Pts',(-14.6060228713688,2.40596816156404,411.649332158814));
#6392=CARTESIAN_POINT('Ctrl Pts',(-13.9768061548017,-4.87580522832023,411.927245031454));
#6393=CARTESIAN_POINT('Ctrl Pts',(-9.94019953547149,-10.9689115279699,412.205157904095));
#6394=CARTESIAN_POINT('Ctrl Pts',(-3.48028281557305,-14.3879191837126,412.483070776736));
#6395=CARTESIAN_POINT('Ctrl Pts',(3.82808815010838,-14.2993121522823,412.760983649378));
#6396=CARTESIAN_POINT('Ctrl Pts',(10.2032137974309,-10.724691842534,413.038896522018));
#6397=CARTESIAN_POINT('Ctrl Pts',(14.0909093921354,-4.5355109321929,413.316809394659));
#6398=CARTESIAN_POINT('Ctrl Pts',(14.5433979837729,2.75937710344357,413.5947222673));
#6399=CARTESIAN_POINT('Ctrl Pts',(11.4503678858821,9.38155968863225,413.872635139941));
#6400=CARTESIAN_POINT('Ctrl Pts',(5.56586543836276,13.7166223552097,414.150548012582));
#6401=CARTESIAN_POINT('Ctrl Pts',(-1.67553310435533,14.7077250358313,414.428460885223));
#6402=CARTESIAN_POINT('Ctrl Pts',(-8.50845531004252,12.1132479191349,414.706373757863));
#6403=CARTESIAN_POINT('Ctrl Pts',(-13.2671107347181,6.56569567267159,414.984286630505));
#6404=CARTESIAN_POINT('Ctrl Pts',(-14.7913921074379,-0.582500160879297,
415.262199503145));
#6405=CARTESIAN_POINT('Ctrl Pts',(-12.7096965812552,-7.58868893326375,415.540112375786));
#6406=CARTESIAN_POINT('Ctrl Pts',(-7.52951837465964,-12.744839738462,415.818025248427));
#6407=CARTESIAN_POINT('Ctrl Pts',(-0.513727325019785,-14.7939403523519,
416.095938121069));
#6408=CARTESIAN_POINT('Ctrl Pts',(6.62730473323522,-13.2364428335658,416.373850993709));
#6409=CARTESIAN_POINT('Ctrl Pts',(12.1526736005964,-8.45204775606337,416.65176386635));
#6410=CARTESIAN_POINT('Ctrl Pts',(14.7153557955083,-1.60713743189573,416.929676738991));
#6411=CARTESIAN_POINT('Ctrl Pts',(13.6905978987569,5.62957512499503,417.207589611632));
#6412=CARTESIAN_POINT('Ctrl Pts',(9.32822448911,11.4938598736102,417.485502484273));
#6413=CARTESIAN_POINT('Ctrl Pts',(2.69173368934854,14.5560694096667,417.763415356914));
#6414=CARTESIAN_POINT('Ctrl Pts',(-4.60097184877358,14.0696711034833,418.041328229554));
#6415=CARTESIAN_POINT('Ctrl Pts',(-10.7720116181385,10.1532434528134,418.319241102195));
#6416=CARTESIAN_POINT('Ctrl Pts',(-14.3169547518674,3.76156796381506,418.597153974836));
#6417=CARTESIAN_POINT('Ctrl Pts',(-14.3715835377035,-3.54713596190203,418.875066847477));
#6418=CARTESIAN_POINT('Ctrl Pts',(-10.9225800851949,-9.99108758824112,419.152979720118));
#6419=CARTESIAN_POINT('Ctrl Pts',(-4.81077307927213,-13.9993231726809,419.430892592759));
#6420=CARTESIAN_POINT('Ctrl Pts',(2.47384690217966,-14.5946794558152,419.708805465399));
#6421=CARTESIAN_POINT('Ctrl Pts',(9.15537052083534,-11.6320151968448,419.986718338041));
#6422=CARTESIAN_POINT('Ctrl Pts',(13.6049166245119,-5.83359499395435,420.264631210682));
#6423=CARTESIAN_POINT('Ctrl Pts',(14.7377353570823,1.38699079233555,420.542544083322));
#6424=CARTESIAN_POINT('Ctrl Pts',(12.2776581097614,8.26944364834903,420.820456955963));
#6425=CARTESIAN_POINT('Ctrl Pts',(6.82442435662547,13.1358981083939,421.098369828605));
#6426=CARTESIAN_POINT('Ctrl Pts',(-0.292528159393986,14.7999666955497,421.376282701245));
#6427=CARTESIAN_POINT('Ctrl Pts',(-7.33816556339479,12.8559679945781,421.654195573886));
#6428=CARTESIAN_POINT('Ctrl Pts',(-12.59483981168,7.77782726932928,421.932108446527));
#6429=CARTESIAN_POINT('Ctrl Pts',(-14.7810321826401,0.803538753991635,422.210021319168));
#6430=CARTESIAN_POINT('Ctrl Pts',(-13.3637732891484,-6.36664357331726,422.487934191809));
#6431=CARTESIAN_POINT('Ctrl Pts',(-8.68857508792664,-11.9847090016767,422.76584706445));
#6432=CARTESIAN_POINT('Ctrl Pts',(-1.89519890698096,-14.6810356588484,423.043759937091));
#6433=CARTESIAN_POINT('Ctrl Pts',(5.36020569074654,-13.7982890919961,423.321672809731));
#6434=CARTESIAN_POINT('Ctrl Pts',(11.3088517525776,-9.55167309698358,423.599585682373));
#6435=CARTESIAN_POINT('Ctrl Pts',(14.5005255242598,-2.97646542625635,423.877498555013));
#6436=CARTESIAN_POINT('Ctrl Pts',(14.1571324352538,4.32437141375414,424.155411427655));
#6437=CARTESIAN_POINT('Ctrl Pts',(10.3623879017425,10.5709745949575,424.433324300295));
#6438=CARTESIAN_POINT('Ctrl Pts',(4.04140843917521,14.2404917310173,424.711237172936));
#6439=CARTESIAN_POINT('Ctrl Pts',(-3.26482145586287,14.4383353533137,424.989150045577));
#6440=CARTESIAN_POINT('Ctrl Pts',(-9.77512418844245,11.1162733869739,425.267062918218));
#6441=CARTESIAN_POINT('Ctrl Pts',(-13.9023603542367,5.08418759433184,425.544975790859));
#6442=CARTESIAN_POINT('Ctrl Pts',(-14.6403556755258,-2.18736659193194,425.8228886635));
#6443=CARTESIAN_POINT('Ctrl Pts',(-11.8091951003178,-8.9256651290556,426.100801536141));
#6444=CARTESIAN_POINT('Ctrl Pts',(-6.09908409116173,-13.4879857711356,426.378714408781));
#6445=CARTESIAN_POINT('Ctrl Pts',(1.09791579075616,-14.7620854837593,426.656627281423));
#6446=CARTESIAN_POINT('Ctrl Pts',(8.02725601294285,-12.4373529264098,426.934540154063));
#6447=CARTESIAN_POINT('Ctrl Pts',(12.9996404912754,-7.08053204293307,427.212453026704));
#6448=CARTESIAN_POINT('Ctrl Pts',(14.8028571884354,0.00244380914476825,
427.490365899345));
#6449=CARTESIAN_POINT('Ctrl Pts',(12.9973019274481,7.08482388773099,427.768278771986));
#6450=CARTESIAN_POINT('Ctrl Pts',(8.02314900114106,12.4400026936853,428.046191644627));
#6451=CARTESIAN_POINT('Ctrl Pts',(1.09304157478169,14.7624471897181,428.324104517268));
#6452=CARTESIAN_POINT('Ctrl Pts',(-6.10353723165984,13.4859712358862,428.602017389909));
#6453=CARTESIAN_POINT('Ctrl Pts',(-11.8121415392101,8.92176547388892,428.87993026255));
#6454=CARTESIAN_POINT('Ctrl Pts',(-14.6410771037788,2.18253250940753,429.157843135191));
#6455=CARTESIAN_POINT('Ctrl Pts',(-13.9006808956633,-5.08877760865525,429.435756007832));
#6456=CARTESIAN_POINT('Ctrl Pts',(-9.77145327636631,-11.1195003386479,429.713668880472));
#6457=CARTESIAN_POINT('Ctrl Pts',(-3.26005401782488,-14.439412547409,429.991581753113));
#6458=CARTESIAN_POINT('Ctrl Pts',(4.04611015480213,-14.2391565595939,430.269494625754));
#6459=CARTESIAN_POINT('Ctrl Pts',(10.3658776689764,-10.567552557959,430.547407498395));
#6460=CARTESIAN_POINT('Ctrl Pts',(14.158559487653,-4.31969676574551,430.825320371036));
#6461=CARTESIAN_POINT('Ctrl Pts',(14.4995419623211,2.98125305807771,431.103233243677));
#6462=CARTESIAN_POINT('Ctrl Pts',(11.3056973577635,9.55540654122458,431.381146116317));
#6463=CARTESIAN_POINT('Ctrl Pts',(5.35564946943221,13.8000581764708,431.659058988959));
#6464=CARTESIAN_POINT('Ctrl Pts',(-1.90004619870936,14.6804091004362,431.936971861599));
#6465=CARTESIAN_POINT('Ctrl Pts',(-8.69253173425305,11.9818395483504,432.21488473424));
#6466=CARTESIAN_POINT('Ctrl Pts',(-13.3658747037008,6.36223076588626,432.492797606881));
#6467=CARTESIAN_POINT('Ctrl Pts',(-14.7807660639209,-0.808419122152125,
432.770710479523));
#6468=CARTESIAN_POINT('Ctrl Pts',(-12.5922710364717,-7.78198541873816,433.048623352163));
#6469=CARTESIAN_POINT('Ctrl Pts',(-7.3339203705241,-12.8583902146506,433.326536224804));
#6470=CARTESIAN_POINT('Ctrl Pts',(-0.287641479673724,-14.8000624759685,
433.604449097445));
#6471=CARTESIAN_POINT('Ctrl Pts',(6.8287612050248,-13.1336440989604,433.882361970086));
#6472=CARTESIAN_POINT('Ctrl Pts',(12.2803878514322,-8.26538935149543,434.160274842727));
#6473=CARTESIAN_POINT('Ctrl Pts',(14.7381925113622,-1.3821246005462,434.438187715368));
#6474=CARTESIAN_POINT('Ctrl Pts',(13.6029897422725,5.83808675723732,434.716100588008));
#6475=CARTESIAN_POINT('Ctrl Pts',(9.15152935453865,11.6350374896872,434.99401346065));
#6476=CARTESIAN_POINT('Ctrl Pts',(2.46902788545001,14.5954954768342,435.27192633329));
#6477=CARTESIAN_POINT('Ctrl Pts',(-4.81539512374893,13.9977339850272,435.549839205931));
#6478=CARTESIAN_POINT('Ctrl Pts',(-10.9258783543777,9.98748061819109,435.827752078572));
#6479=CARTESIAN_POINT('Ctrl Pts',(-14.372753950246,3.54239054864032,436.105664951213));
#6480=CARTESIAN_POINT('Ctrl Pts',(-14.315711974208,-3.76629494130957,436.383577823854));
#6481=CARTESIAN_POINT('Ctrl Pts',(-10.7686586256496,-10.1567996099969,436.661490696495));
#6482=CARTESIAN_POINT('Ctrl Pts',(-4.59632606373388,-14.0711894887835,436.939403569136));
#6483=CARTESIAN_POINT('Ctrl Pts',(2.69653967621333,-14.5551798576323,437.217316441776));
#6484=CARTESIAN_POINT('Ctrl Pts',(9.33201903164871,-11.4907792471336,437.495229314418));
#6485=CARTESIAN_POINT('Ctrl Pts',(13.6924559296985,-5.62505444655201,437.773142187059));
#6486=CARTESIAN_POINT('Ctrl Pts',(14.714824347573,1.61199607117737,438.051055059699));
#6487=CARTESIAN_POINT('Ctrl Pts',(12.1498822348784,8.45605987396004,438.32896793234));
#6488=CARTESIAN_POINT('Ctrl Pts',(6.62293395365486,13.2386303203514,438.606880804981));
#6489=CARTESIAN_POINT('Ctrl Pts',(-0.51861197100664,14.793769923077,438.884793677622));
#6490=CARTESIAN_POINT('Ctrl Pts',(-7.53372606468554,12.7423529418901,439.162706550263));
#6491=CARTESIAN_POINT('Ctrl Pts',(-12.7122015272871,7.58449202274276,439.440619422904));
#6492=CARTESIAN_POINT('Ctrl Pts',(-14.7915836314911,0.577616296519878,439.718532295545));
#6493=CARTESIAN_POINT('Ctrl Pts',(-13.2649421453583,-6.57007585905265,439.996445168186));
#6494=CARTESIAN_POINT('Ctrl Pts',(-8.50445528523859,-12.1160565868105,440.274358040826));
#6495=CARTESIAN_POINT('Ctrl Pts',(-1.67067680566964,-14.7082774628577,440.552270913468));
#6496=CARTESIAN_POINT('Ctrl Pts',(5.57039409931924,-13.7147838660213,440.830183786108));
#6497=CARTESIAN_POINT('Ctrl Pts',(11.4534648719317,-9.37777848644574,441.108096658749));
#6498=CARTESIAN_POINT('Ctrl Pts',(14.544308284157,-2.75457500330122,441.38600953139));
#6499=CARTESIAN_POINT('Ctrl Pts',(14.0894110857446,4.54016323168075,441.663922404031));
#6500=CARTESIAN_POINT('Ctrl Pts',(10.1996721546999,10.7280601624925,441.941835276672));
#6501=CARTESIAN_POINT('Ctrl Pts',(3.82336658414625,14.3005753337634,442.219748149313));
#6502=CARTESIAN_POINT('Ctrl Pts',(-3.4850332394912,14.3867692771186,442.497661021954));
#6503=CARTESIAN_POINT('Ctrl Pts',(-9.94382071682396,10.9656288677427,442.775573894595));
#6504=CARTESIAN_POINT('Ctrl Pts',(-13.9784152898485,4.87119009051673,443.053486767235));
#6505=CARTESIAN_POINT('Ctrl Pts',(-14.6052276708815,-2.41079065767383,443.331399639877));
#6506=CARTESIAN_POINT('Ctrl Pts',(-11.6714479722859,-9.10504745422142,443.609312512517));
#6507=CARTESIAN_POINT('Ctrl Pts',(-5.89229905765538,-13.5795949397824,443.887225385158));
#6508=CARTESIAN_POINT('Ctrl Pts',(1.32332683825069,-14.7435881993693,444.165138257799));
#6509=CARTESIAN_POINT('Ctrl Pts',(8.21634036787158,-12.3132586212056,444.44305113044));
#6510=CARTESIAN_POINT('Ctrl Pts',(13.1063014907361,-6.8810935284544,444.720964003081));
#6511=CARTESIAN_POINT('Ctrl Pts',(14.8010920669489,0.228605641047407,444.998876875722));
#6512=CARTESIAN_POINT('Ctrl Pts',(12.8875410020027,7.28257329761325,445.276789748363));
#6513=CARTESIAN_POINT('Ctrl Pts',(7.83215076469555,12.5611305746134,445.554702621004));
#6514=CARTESIAN_POINT('Ctrl Pts',(0.867369273266668,14.7774239113998,445.832615493645));
#6515=CARTESIAN_POINT('Ctrl Pts',(-6.30886720086442,13.3911456401335,446.110528366286));
#6516=CARTESIAN_POINT('Ctrl Pts',(-11.9470720131111,8.74025498637985,446.388441238926));
#6517=CARTESIAN_POINT('Ctrl Pts',(-14.6727135334185,1.95858736839744,446.666354111568));
#6518=CARTESIAN_POINT('Ctrl Pts',(-13.8213106713294,-5.30056206831075,446.944266984208));
#6519=CARTESIAN_POINT('Ctrl Pts',(-9.6004259760639,-11.2674934209667,447.222179856849));
#6520=CARTESIAN_POINT('Ctrl Pts',(-3.03906419535238,-14.4875351847693,447.50009272949));
#6521=CARTESIAN_POINT('Ctrl Pts',(4.26318763837935,-14.1756769881857,447.778005602131));
#6522=CARTESIAN_POINT('Ctrl Pts',(10.5261217373092,-10.4079463913283,448.055918474772));
#6523=CARTESIAN_POINT('Ctrl Pts',(14.222904418976,-4.10287421231536,448.333831347413));
#6524=CARTESIAN_POINT('Ctrl Pts',(14.4523011779643,3.20243307109037,448.611744220053));
#6525=CARTESIAN_POINT('Ctrl Pts',(11.1583876355837,9.7270227864163,448.889657092695));
#6526=CARTESIAN_POINT('Ctrl Pts',(5.14418328144738,13.8802725218309,449.167569965335));
#6527=CARTESIAN_POINT('Ctrl Pts',(-2.12411574761275,14.6496661806391,449.445482837977));
#6528=CARTESIAN_POINT('Ctrl Pts',(-8.87457897995695,11.8476341453441,449.723395710617));
#6529=CARTESIAN_POINT('Ctrl Pts',(-13.4615185522697,6.15728066440937,450.001308583258));
#6530=CARTESIAN_POINT('Ctrl Pts',(-14.7666896087409,-1.03414936663208,450.279221455899));
#6531=CARTESIAN_POINT('Ctrl Pts',(-12.4719059607723,-7.97346528299093,450.55713432854));
#6532=CARTESIAN_POINT('Ctrl Pts',(-7.1366103411659,-12.9689390372452,450.835047201181));
#6533=CARTESIAN_POINT('Ctrl Pts',(-0.0614884875035281,-14.8027296833832,
451.112960073822));
#6534=CARTESIAN_POINT('Ctrl Pts',(7.02862357558985,-13.0277794556887,451.390872946463));
#6535=CARTESIAN_POINT('Ctrl Pts',(12.4052353771416,-8.07680148023481,451.668785819104));
#6536=CARTESIAN_POINT('Ctrl Pts',(14.7575887538944,-1.15678912700061,451.946698691744));
#6537=CARTESIAN_POINT('Ctrl Pts',(13.5122061134051,6.04523555060238,452.224611564385));
#6538=CARTESIAN_POINT('Ctrl Pts',(8.97269789337321,11.7734990307749,452.502524437026));
#6539=CARTESIAN_POINT('Ctrl Pts',(2.24574571341374,14.6315143817752,452.780437309667));
#6540=CARTESIAN_POINT('Ctrl Pts',(-5.02869429626324,13.9225292453687,453.058350182308));
#6541=CARTESIAN_POINT('Ctrl Pts',(-11.0771945612382,9.8193863130994,453.336263054949));
#6542=CARTESIAN_POINT('Ctrl Pts',(-14.4251979830252,3.32238620029857,453.61417592759));
#6543=CARTESIAN_POINT('Ctrl Pts',(-14.2564985609503,-3.98457471947004,453.89208880023));
#6544=CARTESIAN_POINT('Ctrl Pts',(-10.6122233379875,-10.3201406355768,454.170001672872));
#6545=CARTESIAN_POINT('Ctrl Pts',(-4.38080608506343,-14.1397710362821,454.447914545512));
#6546=CARTESIAN_POINT('Ctrl Pts',(2.91860297191648,-14.5122825084732,454.725827418154));
#6547=CARTESIAN_POINT('Ctrl Pts',(9.50648908248532,-11.3468608979751,455.003740290795));
#6548=CARTESIAN_POINT('Ctrl Pts',(13.7767988775768,-5.41520079038627,455.281653163435));
#6549=CARTESIAN_POINT('Ctrl Pts',(14.6884783197897,1.83662504678476,455.559566036076));
#6550=CARTESIAN_POINT('Ctrl Pts',(12.0192701000105,8.64070212288388,455.837478908717));
#6551=CARTESIAN_POINT('Ctrl Pts',(6.41989749762807,13.3382721157337,456.115391781358));
#6552=CARTESIAN_POINT('Ctrl Pts',(-0.744574718205767,14.7841197033307,456.393304653999));
#6553=CARTESIAN_POINT('Ctrl Pts',(-7.72752789824806,12.6257633232691,456.671217526639));
#6554=CARTESIAN_POINT('Ctrl Pts',(-12.8265957154862,7.38938625765965,456.949130399281));
#6555=CARTESIAN_POINT('Ctrl Pts',(-14.7986821434354,0.351559000705069,457.227043271922));
#6556=CARTESIAN_POINT('Ctrl Pts',(-13.1630144427778,-6.77197443089031,457.504956144562));
#6557=CARTESIAN_POINT('Ctrl Pts',(-8.31835020847222,-12.2445758081947,457.782869017204));
#6558=CARTESIAN_POINT('Ctrl Pts',(-1.4457647027356,-14.732085776893,458.060781889844));
#6559=CARTESIAN_POINT('Ctrl Pts',(5.77928215900076,-13.6280770705212,458.338694762485));
#6560=CARTESIAN_POINT('Ctrl Pts',(11.5954043024801,-9.2016947338761,458.616607635126));
#6561=CARTESIAN_POINT('Ctrl Pts',(14.5846958309305,-2.53204155428953,458.894520507767));
#6562=CARTESIAN_POINT('Ctrl Pts',(14.0184007139947,4.75489519708616,459.172433380408));
#6563=CARTESIAN_POINT('Ctrl Pts',(10.0345754033455,10.8826413791865,459.450346253049));
#6564=CARTESIAN_POINT('Ctrl Pts',(3.60443220510611,14.3573206202345,459.728259125689));
#6565=CARTESIAN_POINT('Ctrl Pts',(-3.70443147940483,14.3318447635956,460.006171998331));
#6566=CARTESIAN_POINT('Ctrl Pts',(-10.1101959666734,10.8124245397997,460.284084870972));
#6567=CARTESIAN_POINT('Ctrl Pts',(-14.0512071139997,4.65705545950364,460.561997743612));
#6568=CARTESIAN_POINT('Ctrl Pts',(-14.5666902321348,-2.63365195013447,460.839910616254));
#6569=CARTESIAN_POINT('Ctrl Pts',(-11.5309762696268,-9.28230430349666,461.117823488894));
#6570=CARTESIAN_POINT('Ctrl Pts',(-5.6841385299882,-13.6680340973131,461.395736361535));
#6571=CARTESIAN_POINT('Ctrl Pts',(1.54842896925861,-14.7216491820916,461.673649234176));
#6572=CARTESIAN_POINT('Ctrl Pts',(8.40350670606896,-12.1862899175452,461.951562106817));
#6573=CARTESIAN_POINT('Ctrl Pts',(13.2099029643703,-6.68004869632921,462.229474979458));
#6574=CARTESIAN_POINT('Ctrl Pts',(14.7958717889126,0.454714107409552,462.507387852099));
#6575=CARTESIAN_POINT('Ctrl Pts',(12.7747716180257,7.47862266869331,462.78530072474));
#6576=CARTESIAN_POINT('Ctrl Pts',(7.63932419647021,12.6793261940304,463.06321359738));
#6577=CARTESIAN_POINT('Ctrl Pts',(0.641494493679175,14.7889510016089,463.341126470021));
#6578=CARTESIAN_POINT('Ctrl Pts',(-6.51272443253306,13.293194024737,463.619039342662));
#6579=CARTESIAN_POINT('Ctrl Pts',(-12.0792135709022,8.556704179878,463.896952215303));
#6580=CARTESIAN_POINT('Ctrl Pts',(-14.7009247751034,1.73418501612472,464.174865087945));
#6581=CARTESIAN_POINT('Ctrl Pts',(-13.7387140099269,-5.51110916847492,464.452777960585));
#6582=CARTESIAN_POINT('Ctrl Pts',(-9.42715755905685,-11.4128562275241,464.730690833226));
#6583=CARTESIAN_POINT('Ctrl Pts',(-2.81736493586602,-14.5322758620789,465.008603705867));
#6584=CARTESIAN_POINT('Ctrl Pts',(4.479269926427,-14.1088882566847,465.286516578508));
#6585=CARTESIAN_POINT('Ctrl Pts',(10.6839085951687,-10.2459106009909,465.564429451149));
#6586=CARTESIAN_POINT('Ctrl Pts',(14.2839291654682,-3.88509388680595,465.84234232379));
#6587=CARTESIAN_POINT('Ctrl Pts',(14.4016866585581,3.42286551037549,466.120255196431));
#6588=CARTESIAN_POINT('Ctrl Pts',(11.0084731072188,9.89636836223562,466.398168069071));
#6589=CARTESIAN_POINT('Ctrl Pts',(4.93151623892125,13.957246666111,466.676080941712));
#6590=CARTESIAN_POINT('Ctrl Pts',(-2.34768944442583,14.6155034530437,466.953993814353));
#6591=CARTESIAN_POINT('Ctrl Pts',(-9.05455455016486,11.7106630389359,467.231906686994));
#6592=CARTESIAN_POINT('Ctrl Pts',(-13.554019953389,5.95089321165755,467.509819559635));
#6593=CARTESIAN_POINT('Ctrl Pts',(-14.7491660278974,-1.25963820000814,467.787732432276));
#6594=CARTESIAN_POINT('Ctrl Pts',(-12.3486294520937,-8.16308382710238,468.065645304916));
#6595=CARTESIAN_POINT('Ctrl Pts',(-6.93763434649459,-13.076460399807,468.343558177558));
#6596=CARTESIAN_POINT('Ctrl Pts',(0.164678858493121,-14.8019413519653,468.621471050199));
#6597=CARTESIAN_POINT('Ctrl Pts',(7.22684518920154,-12.9188736167171,468.89938392284));
#6598=CARTESIAN_POINT('Ctrl Pts',(12.5271870333996,-7.88632816610641,469.17729679548));
#6599=CARTESIAN_POINT('Ctrl Pts',(14.7735399952744,-0.931183613401729,469.455209668121));
#6600=CARTESIAN_POINT('Ctrl Pts',(13.4182682045897,6.25097314839745,469.733122540762));
#6601=CARTESIAN_POINT('Ctrl Pts',(8.79177185197111,11.9092121745541,470.011035413403));
#6602=CARTESIAN_POINT('Ctrl Pts',(2.02193929593655,14.6641177161673,470.288948286044));
#6603=CARTESIAN_POINT('Ctrl Pts',(-5.24081957363265,13.8440744404452,470.566861158685));
#6604=CARTESIAN_POINT('Ctrl Pts',(-11.2259249161444,9.64899977694716,470.844774031326));
#6605=CARTESIAN_POINT('Ctrl Pts',(-14.4742746065227,3.1016062772915,471.122686903967));
#6606=CARTESIAN_POINT('Ctrl Pts',(-14.1939571231104,-4.20192434303389,471.400599776608));
#6607=CARTESIAN_POINT('Ctrl Pts',(-10.4533107353147,-10.4810725311939,471.678512649249));
#6608=CARTESIAN_POINT('Ctrl Pts',(-4.16426346449222,-14.2050518129188,471.956425521889));
#6609=CARTESIAN_POINT('Ctrl Pts',(3.13998497244408,-14.4659974070542,472.234338394531));
#6610=CARTESIAN_POINT('Ctrl Pts',(9.6787399008977,-11.2002937769595,472.512251267171));
#6611=CARTESIAN_POINT('Ctrl Pts',(13.8579258705658,-5.20408294877007,472.790164139812));
#6612=CARTESIAN_POINT('Ctrl Pts',(14.6587032353647,2.06082514825626,473.068077012453));
#6613=CARTESIAN_POINT('Ctrl Pts',(11.8858525842896,8.82332756821824,473.345989885094));
#6614=CARTESIAN_POINT('Ctrl Pts',(6.21536158222055,13.4347996649726,473.623902757735));
#6615=CARTESIAN_POINT('Ctrl Pts',(-0.970361995290915,14.7710194637805,473.901815630376));
#6616=CARTESIAN_POINT('Ctrl Pts',(-7.9195292427746,12.5062239311197,474.179728503016));
#6617=CARTESIAN_POINT('Ctrl Pts',(-12.9379886153178,7.19256052204473,474.457641375658));
#6618=CARTESIAN_POINT('Ctrl Pts',(-14.802340624169,0.125409313709509,474.735554248298));
#6619=CARTESIAN_POINT('Ctrl Pts',(-13.0579839241487,-6.97227085386215,475.01346712094));
#6620=CARTESIAN_POINT('Ctrl Pts',(-8.13036533634415,-12.3702806272651,475.29137999358));
#6621=CARTESIAN_POINT('Ctrl Pts',(-1.22038724094732,-14.7523642856856,475.569292866221));
#6622=CARTESIAN_POINT('Ctrl Pts',(5.98655250237733,-13.5383762601137,475.847205738862));
#6623=CARTESIAN_POINT('Ctrl Pts',(11.7351649488107,-9.02306740425607,476.125118611503));
#6624=CARTESIAN_POINT('Ctrl Pts',(13.6580190433538,-4.54753260064135,476.31039385993));
#6625=CARTESIAN_POINT('Ctrl Pts',(14.0263646087232,-2.2149106583041,476.403031484144));
#6626=CARTESIAN_POINT('Ctrl Pts',(13.4787100291104,-6.27371488941427,385.63275));
#6627=CARTESIAN_POINT('Ctrl Pts',(14.5220455917632,-4.03216936814993,385.725387624214));
#6628=CARTESIAN_POINT('Ctrl Pts',(15.4674635414805,0.97938279620231,385.910662872641));
#6629=CARTESIAN_POINT('Ctrl Pts',(13.1128277502182,8.26145516623106,386.188575745281));
#6630=CARTESIAN_POINT('Ctrl Pts',(7.56193343141067,13.528109413491,386.466488617923));
#6631=CARTESIAN_POINT('Ctrl Pts',(0.167269891351777,15.4974248723203,386.744401490563));
#6632=CARTESIAN_POINT('Ctrl Pts',(-7.26805099731295,13.6883201192368,387.022314363205));
#6633=CARTESIAN_POINT('Ctrl Pts',(-12.931560669345,8.54231042005804,387.300227235845));
#6634=CARTESIAN_POINT('Ctrl Pts',(-15.4424711840023,1.31370520455918,387.578140108486));
#6635=CARTESIAN_POINT('Ctrl Pts',(-14.1886927627709,-6.23513027153756,387.856052981127));
#6636=CARTESIAN_POINT('Ctrl Pts',(-9.4758621523704,-12.2639279962664,388.133965853768));
#6637=CARTESIAN_POINT('Ctrl Pts',(-2.45292497226172,-15.3029079028969,388.411878726409));
#6638=CARTESIAN_POINT('Ctrl Pts',(5.16800960725455,-14.6112131969805,388.68979159905));
#6639=CARTESIAN_POINT('Ctrl Pts',(11.5290401575737,-10.3574651963584,388.967704471691));
#6640=CARTESIAN_POINT('Ctrl Pts',(15.0794193021278,-3.57868334170921,389.245617344331));
#6641=CARTESIAN_POINT('Ctrl Pts',(14.9536035421946,4.07254218475619,389.523530216973));
#6642=CARTESIAN_POINT('Ctrl Pts',(11.1822656261337,10.7309269890552,389.801443089614));
#6643=CARTESIAN_POINT('Ctrl Pts',(4.68481566780907,14.7732312442356,390.079355962254));
#6644=CARTESIAN_POINT('Ctrl Pts',(-2.95474022958113,15.2139859632738,390.357268834895));
#6645=CARTESIAN_POINT('Ctrl Pts',(-9.8739633288842,11.945740127105,390.635181707536));
#6646=CARTESIAN_POINT('Ctrl Pts',(-14.3860239733893,5.76525568537681,390.913094580177));
#6647=CARTESIAN_POINT('Ctrl Pts',(-15.3909319642363,-1.82073397021496,391.191007452818));
#6648=CARTESIAN_POINT('Ctrl Pts',(-12.6437019055285,-8.96284893543694,391.468920325459));
#6649=CARTESIAN_POINT('Ctrl Pts',(-6.81407793495838,-13.9199210057097,391.7468331981));
#6650=CARTESIAN_POINT('Ctrl Pts',(0.676742456221279,-15.4834711406378,392.024746070741));
#6651=CARTESIAN_POINT('Ctrl Pts',(8.00258056258255,-13.2723232047253,392.302658943382));
#6652=CARTESIAN_POINT('Ctrl Pts',(13.3774785255284,-7.82553047480122,392.580571816023));
#6653=CARTESIAN_POINT('Ctrl Pts',(15.4910959965027,-0.470960443728915,392.858484688663));
#6654=CARTESIAN_POINT('Ctrl Pts',(13.828156541928,6.99842450587712,393.136397561304));
#6655=CARTESIAN_POINT('Ctrl Pts',(8.7940663070521,12.7616713913093,393.414310433945));
#6656=CARTESIAN_POINT('Ctrl Pts',(1.616080506412,15.4137647156464,393.692223306586));
#6657=CARTESIAN_POINT('Ctrl Pts',(-5.95588774906165,14.3081536206852,393.970136179227));
#6658=CARTESIAN_POINT('Ctrl Pts',(-12.0758768074734,9.71437379573489,394.248049051868));
#6659=CARTESIAN_POINT('Ctrl Pts',(-15.2519013975347,2.75233767412939,394.525961924508));
#6660=CARTESIAN_POINT('Ctrl Pts',(-14.7096820451459,-4.88068776334399,394.80387479715));
#6661=CARTESIAN_POINT('Ctrl Pts',(-10.581405798333,-11.3238558028411,395.08178766979));
#6662=CARTESIAN_POINT('Ctrl Pts',(-3.8735004950018,-15.0063937315987,395.359700542431));
#6663=CARTESIAN_POINT('Ctrl Pts',(3.77872115133707,-15.030539756542,395.637613415072));
#6664=CARTESIAN_POINT('Ctrl Pts',(10.5097326046031,-11.3904073453189,395.915526287713));
#6665=CARTESIAN_POINT('Ctrl Pts',(14.6785881288938,-4.97342029742586,396.193439160354));
#6666=CARTESIAN_POINT('Ctrl Pts',(15.2689671097414,2.65603130896048,396.471352032995));
#6667=CARTESIAN_POINT('Ctrl Pts',(12.1369417172942,9.63797202027155,396.749264905636));
#6668=CARTESIAN_POINT('Ctrl Pts',(6.04606491059219,14.2702823381126,397.027177778277));
#6669=CARTESIAN_POINT('Ctrl Pts',(-1.51877528228246,15.4236565234862,397.305090650918));
#6670=CARTESIAN_POINT('Ctrl Pts',(-8.71335495182312,12.8169147768128,397.583003523559));
#6671=CARTESIAN_POINT('Ctrl Pts',(-13.7837155863996,7.08555174603778,397.860916396199));
#6672=CARTESIAN_POINT('Ctrl Pts',(-15.493759651408,-0.373190001128845,398.138829268841));
#6673=CARTESIAN_POINT('Ctrl Pts',(-13.4265974214087,-7.74095217631351,398.416742141481));
#6674=CARTESIAN_POINT('Ctrl Pts',(-8.08618005890917,-13.221556298993,398.694655014123));
#6675=CARTESIAN_POINT('Ctrl Pts',(-0.774441925451114,-15.47889203453,398.972567886763));
#6676=CARTESIAN_POINT('Ctrl Pts',(6.726096536768,-13.9626460347106,399.250480759404));
#6677=CARTESIAN_POINT('Ctrl Pts',(12.5868874650707,-9.04246221193088,399.528393632045));
#6678=CARTESIAN_POINT('Ctrl Pts',(15.3791352097108,-1.91782666421549,399.806306504686));
#6679=CARTESIAN_POINT('Ctrl Pts',(14.4221208234761,5.67435369584938,400.084219377327));
#6680=CARTESIAN_POINT('Ctrl Pts',(9.94915377065592,11.8831897300512,400.362132249968));
#6681=CARTESIAN_POINT('Ctrl Pts',(3.05069367431109,15.1950362624793,400.640045122608));
#6682=CARTESIAN_POINT('Ctrl Pts',(-4.59149161269127,14.8025019399805,400.91795799525));
#6683=CARTESIAN_POINT('Ctrl Pts',(-11.1143223070622,10.8012822649577,401.19587086789));
#6684=CARTESIAN_POINT('Ctrl Pts',(-14.9276048267151,4.16683009612511,401.473783740532));
#6685=CARTESIAN_POINT('Ctrl Pts',(-15.1017033013425,-3.48344891031179,401.751696613172));
#6686=CARTESIAN_POINT('Ctrl Pts',(-11.5941744590024,-10.2845018122784,402.029609485813));
#6687=CARTESIAN_POINT('Ctrl Pts',(-5.26011482379579,-14.5783075476214,402.307522358454));
#6688=CARTESIAN_POINT('Ctrl Pts',(2.35630230706912,-15.3180840300033,402.585435231095));
#6689=CARTESIAN_POINT('Ctrl Pts',(9.39827914019678,-12.323481980166,402.863348103736));
#6690=CARTESIAN_POINT('Ctrl Pts',(14.1490600383627,-6.32455207452286,403.141260976377));
#6691=CARTESIAN_POINT('Ctrl Pts',(15.4504574526121,1.2162332907692,403.419173849018));
#6692=CARTESIAN_POINT('Ctrl Pts',(12.98520516635,8.46051450565156,403.697086721659));
#6693=CARTESIAN_POINT('Ctrl Pts',(7.35430427059435,13.6422163744774,403.974999594299));
#6694=CARTESIAN_POINT('Ctrl Pts',(-0.0694942182107679,15.4980976079707,
404.252912466941));
#6695=CARTESIAN_POINT('Ctrl Pts',(-7.47635078946986,13.575715000888,404.530825339581));
#6696=CARTESIAN_POINT('Ctrl Pts',(-13.0605561836719,8.34372405378389,404.808738212223));
#6697=CARTESIAN_POINT('Ctrl Pts',(-15.4607432283453,1.07762597394764,405.086651084863));
#6698=CARTESIAN_POINT('Ctrl Pts',(-14.0917730147728,-6.4511853339262,405.364563957504));
#6699=CARTESIAN_POINT('Ctrl Pts',(-9.28738525653897,-12.4072694018126,405.642476830145));
#6700=CARTESIAN_POINT('Ctrl Pts',(-2.21883625891466,-15.338599172306,405.920389702786));
#6701=CARTESIAN_POINT('Ctrl Pts',(5.39064034268367,-14.5305490470382,406.198302575427));
#6702=CARTESIAN_POINT('Ctrl Pts',(11.6859387787092,-10.1801126601233,406.476215448068));
#6703=CARTESIAN_POINT('Ctrl Pts',(15.132335301246,-3.34787802095563,406.754128320708));
#6704=CARTESIAN_POINT('Ctrl Pts',(14.889636765901,4.30053204755784,407.032041193349));
#6705=CARTESIAN_POINT('Ctrl Pts',(11.0170103765095,10.9005202296236,407.30995406599));
#6706=CARTESIAN_POINT('Ctrl Pts',(4.45855937885084,14.8430828057315,407.587866938631));
#6707=CARTESIAN_POINT('Ctrl Pts',(-3.18683881118467,15.1670668655501,407.865779811272));
#6708=CARTESIAN_POINT('Ctrl Pts',(-10.0553211402797,11.7934886983622,408.143692683913));
#6709=CARTESIAN_POINT('Ctrl Pts',(-14.4724280018361,5.54478914335002,408.421605556554));
#6710=CARTESIAN_POINT('Ctrl Pts',(-15.3613178661952,-2.05566834052912,408.699518429195));
#6711=CARTESIAN_POINT('Ctrl Pts',(-12.5052892698797,-9.15497674432776,408.977431301836));
#6712=CARTESIAN_POINT('Ctrl Pts',(-6.6006102224257,-14.0224036314803,409.255344174477));
#6713=CARTESIAN_POINT('Ctrl Pts',(0.913224191056857,-15.4713244581517,409.533257047118));
#6714=CARTESIAN_POINT('Ctrl Pts',(8.2044247028383,-13.1485084404277,409.811169919759));
#6715=CARTESIAN_POINT('Ctrl Pts',(13.4954777144845,-7.62023229110526,410.089082792399));
#6716=CARTESIAN_POINT('Ctrl Pts',(15.4964833442049,-0.234228254750732,410.36699566504));
#6717=CARTESIAN_POINT('Ctrl Pts',(13.719618672904,7.20887802522941,410.644908537681));
#6718=CARTESIAN_POINT('Ctrl Pts',(8.59806354671583,12.8945400134777,410.922821410322));
#6719=CARTESIAN_POINT('Ctrl Pts',(1.38039614795864,15.4366565482054,411.200734282963));
#6720=CARTESIAN_POINT('Ctrl Pts',(-6.17379648011572,14.2154878894343,411.478647155604));
#6721=CARTESIAN_POINT('Ctrl Pts',(-12.2228861858861,9.52874137540777,411.756560028244));
#6722=CARTESIAN_POINT('Ctrl Pts',(-15.292172171758,2.51899368436158,412.034472900886));
#6723=CARTESIAN_POINT('Ctrl Pts',(-14.6333966482818,-5.10485665289496,412.312385773526));
#6724=CARTESIAN_POINT('Ctrl Pts',(-10.4071617617556,-11.4841997099146,412.590298646168));
#6725=CARTESIAN_POINT('Ctrl Pts',(-3.64377657703743,-15.0638225948524,412.868211518808));
#6726=CARTESIAN_POINT('Ctrl Pts',(4.00792081427454,-14.9710530577861,413.14612439145));
#6727=CARTESIAN_POINT('Ctrl Pts',(10.682531683645,-11.2285072801532,413.42403726409));
#6728=CARTESIAN_POINT('Ctrl Pts',(14.7528601302915,-4.74857630122933,413.701950136731));
#6729=CARTESIAN_POINT('Ctrl Pts',(15.2266053455442,2.88900477043487,413.979863009372));
#6730=CARTESIAN_POINT('Ctrl Pts',(11.9882735145017,9.82227860804397,414.257775882013));
#6731=CARTESIAN_POINT('Ctrl Pts',(5.8273339236879,14.3609901557786,414.535688754654));
#6732=CARTESIAN_POINT('Ctrl Pts',(-1.75424487122381,15.3986520138721,414.813601627294));
#6733=CARTESIAN_POINT('Ctrl Pts',(-8.90815827570535,12.6822937612852,415.091514499936));
#6734=CARTESIAN_POINT('Ctrl Pts',(-13.8903617612924,6.87413333104379,415.369427372576));
#6735=CARTESIAN_POINT('Ctrl Pts',(-15.4862495258962,-0.609864357223127,
415.647340245217));
#6736=CARTESIAN_POINT('Ctrl Pts',(-13.3067618805721,-7.94518389757558,415.925253117858));
#6737=CARTESIAN_POINT('Ctrl Pts',(-7.88323367489829,-13.343555963067,416.203165990499));
#6738=CARTESIAN_POINT('Ctrl Pts',(-0.537860769693209,-15.488917480088,416.481078863141));
#6739=CARTESIAN_POINT('Ctrl Pts',(6.9386366095474,-13.858253169617,416.758991735781));
#6740=CARTESIAN_POINT('Ctrl Pts',(12.7235715488093,-8.8491008557295,417.036904608422));
#6741=CARTESIAN_POINT('Ctrl Pts',(15.4066412448738,-1.68263616515455,417.314817481063));
#6742=CARTESIAN_POINT('Ctrl Pts',(14.3337431445902,5.89403650968132,417.592730353704));
#6743=CARTESIAN_POINT('Ctrl Pts',(9.76643787297424,12.0338086317627,417.870643226344));
#6744=CARTESIAN_POINT('Ctrl Pts',(2.81818366168251,15.2398720388843,418.148556098986));
#6745=CARTESIAN_POINT('Ctrl Pts',(-4.81711238495916,14.7306241274159,418.426468971626));
#6746=CARTESIAN_POINT('Ctrl Pts',(-11.2780500038471,10.630213874766,418.704381844268));
#6747=CARTESIAN_POINT('Ctrl Pts',(-14.9895244563783,3.93827569936229,418.982294716908));
#6748=CARTESIAN_POINT('Ctrl Pts',(-15.0467195467874,-3.71377029349813,419.260207589549));
#6749=CARTESIAN_POINT('Ctrl Pts',(-11.4356917481075,-10.4604403900982,419.53812046219));
#6750=CARTESIAN_POINT('Ctrl Pts',(-5.03676947897343,-14.6569714514365,419.816033334831));
#6751=CARTESIAN_POINT('Ctrl Pts',(2.59006117460325,-15.280295874896,420.093946207472));
#6752=CARTESIAN_POINT('Ctrl Pts',(9.58546371820013,-12.1784540981034,420.371859080113));
#6753=CARTESIAN_POINT('Ctrl Pts',(14.2440368084196,-6.10764065027802,420.649771952753));
#6754=CARTESIAN_POINT('Ctrl Pts',(15.4300721344304,1.4521476642631,420.927684825395));
#6755=CARTESIAN_POINT('Ctrl Pts',(12.8544274737947,8.65791852776942,421.205597698035));
#6756=CARTESIAN_POINT('Ctrl Pts',(7.14501635071573,13.7529851399813,421.483510570676));
#6757=CARTESIAN_POINT('Ctrl Pts',(-0.306270298063077,15.4952269237038,421.761423443317));
#6758=CARTESIAN_POINT('Ctrl Pts',(-7.68289165424372,13.4599047077494,422.039336315958));
#6759=CARTESIAN_POINT('Ctrl Pts',(-13.1865094675009,8.14320741330103,422.317249188599));
#6760=CARTESIAN_POINT('Ctrl Pts',(-15.475402921375,0.841286713101028,422.59516206124));
#6761=CARTESIAN_POINT('Ctrl Pts',(-13.9915652468759,-6.66573033170147,422.873074933881));
#6762=CARTESIAN_POINT('Ctrl Pts',(-9.09673956710438,-12.547716452041,423.150987806522));
#6763=CARTESIAN_POINT('Ctrl Pts',(-1.98422994683273,-15.370708846069,423.428900679162));
#6764=CARTESIAN_POINT('Ctrl Pts',(5.61201286761145,-14.4464933629689,423.706813551804));
#6765=CARTESIAN_POINT('Ctrl Pts',(11.8401093568182,-10.0003834592049,423.984726424444));
#6766=CARTESIAN_POINT('Ctrl Pts',(15.1817188601432,-3.11629128357956,424.262639297085));
#6767=CARTESIAN_POINT('Ctrl Pts',(14.8221941431265,4.52751805032383,424.540552169726));
#6768=CARTESIAN_POINT('Ctrl Pts',(10.8491833334581,11.0675688346432,424.818465042367));
#6769=CARTESIAN_POINT('Ctrl Pts',(4.23126228219327,14.9094694208691,425.096377915008));
#6770=CARTESIAN_POINT('Ctrl Pts',(-3.41819345708224,15.1166071723288,425.374290787649));
#6771=CARTESIAN_POINT('Ctrl Pts',(-10.2343316456709,11.6384842088208,425.65220366029));
#6772=CARTESIAN_POINT('Ctrl Pts',(-14.5554535963044,5.32302822821487,425.930116532931));
#6773=CARTESIAN_POINT('Ctrl Pts',(-15.3281178331469,-2.29012283637733,426.208029405572));
#6774=CARTESIAN_POINT('Ctrl Pts',(-12.3639574081518,-9.34496742219846,426.485942278212));
#6775=CARTESIAN_POINT('Ctrl Pts',(-6.38560166813848,-14.12161287702,426.763855150853));
#6776=CARTESIAN_POINT('Ctrl Pts',(1.14949274350643,-15.4555661606157,427.041768023494));
#6777=CARTESIAN_POINT('Ctrl Pts',(8.40435360793317,-13.0216242975043,427.319680896135));
#6778=CARTESIAN_POINT('Ctrl Pts',(13.6103265285959,-7.41315524574664,427.597593768776));
#6779=CARTESIAN_POINT('Ctrl Pts',(15.4982532037018,0.00255861231459379,
427.875506641417));
#6780=CARTESIAN_POINT('Ctrl Pts',(13.607878105723,7.41764870914816,428.153419514059));
#6781=CARTESIAN_POINT('Ctrl Pts',(8.40005366045375,13.0243985432741,428.431332386698));
#6782=CARTESIAN_POINT('Ctrl Pts',(1.14438955079476,15.4559448584868,428.70924525934));
#6783=CARTESIAN_POINT('Ctrl Pts',(-6.39026400445121,14.1195037046618,428.987158131981));
#6784=CARTESIAN_POINT('Ctrl Pts',(-12.3670422623231,9.34088457237628,429.265071004622));
#6785=CARTESIAN_POINT('Ctrl Pts',(-15.3288731520376,2.28506166247053,429.542983877262));
#6786=CARTESIAN_POINT('Ctrl Pts',(-14.5536952415667,-5.32783386829409,429.820896749904));
#6787=CARTESIAN_POINT('Ctrl Pts',(-10.2304882846359,-11.6418627534626,430.098809622544));
#6788=CARTESIAN_POINT('Ctrl Pts',(-3.41320205842937,-15.1177349699244,430.376722495185));
#6789=CARTESIAN_POINT('Ctrl Pts',(4.23618487098401,-14.9080715269077,430.654635367826));
#6790=CARTESIAN_POINT('Ctrl Pts',(10.8528370399838,-11.0639860401257,430.932548240467));
#6791=CARTESIAN_POINT('Ctrl Pts',(14.8236882343693,-4.52262380071073,431.210461113108));
#6792=CARTESIAN_POINT('Ctrl Pts',(15.1806890932754,3.12130382466204,431.488373985749));
#6793=CARTESIAN_POINT('Ctrl Pts',(11.8368067775501,10.0042922899871,431.766286858389));
#6794=CARTESIAN_POINT('Ctrl Pts',(5.6072426080403,14.4483455539767,432.044199731031));
#6795=CARTESIAN_POINT('Ctrl Pts',(-1.98930495047419,15.3700528537332,432.322112603671));
#6796=CARTESIAN_POINT('Ctrl Pts',(-9.10088208536809,12.5447121999976,432.600025476313));
#6797=CARTESIAN_POINT('Ctrl Pts',(-13.9937653798787,6.66111022318805,432.877938348953));
#6798=CARTESIAN_POINT('Ctrl Pts',(-15.4751243011589,-0.846396347010827,
433.155851221595));
#6799=CARTESIAN_POINT('Ctrl Pts',(-13.1838200185743,-8.14756090068617,433.433764094235));
#6800=CARTESIAN_POINT('Ctrl Pts',(-7.67844703434366,-13.4624407167988,433.711676966876));
#6801=CARTESIAN_POINT('Ctrl Pts',(-0.301154056094468,-15.495327203613,433.989589839517));
#6802=CARTESIAN_POINT('Ctrl Pts',(7.14955693185925,-13.750625243626,434.267502712158));
#6803=CARTESIAN_POINT('Ctrl Pts',(12.8572854509283,-8.65367377163582,434.545415584799));
#6804=CARTESIAN_POINT('Ctrl Pts',(15.430550764512,-1.44705287268983,434.82332845744));
#6805=CARTESIAN_POINT('Ctrl Pts',(14.2420194067592,6.11234342376368,435.10124133008));
#6806=CARTESIAN_POINT('Ctrl Pts',(9.58144210488791,12.1816183696266,435.379154202722));
#6807=CARTESIAN_POINT('Ctrl Pts',(2.58501577423918,15.2811502302505,435.657067075362));
#6808=CARTESIAN_POINT('Ctrl Pts',(-5.04160865389109,14.6553076082883,435.934979948003));
#6809=CARTESIAN_POINT('Ctrl Pts',(-11.4391449605509,10.4566639749031,436.212892820644));
#6810=CARTESIAN_POINT('Ctrl Pts',(-15.0479449419664,3.70880195428258,436.490805693285));
#6811=CARTESIAN_POINT('Ctrl Pts',(-14.9882232965761,-3.94322473675097,436.768718565926));
#6812=CARTESIAN_POINT('Ctrl Pts',(-11.274539497353,-10.6339370900513,437.046631438567));
#6813=CARTESIAN_POINT('Ctrl Pts',(-4.81224835421478,-14.7322138421182,437.324544311207));
#6814=CARTESIAN_POINT('Ctrl Pts',(2.8232154200759,-15.2389406982374,437.602457183849));
#6815=CARTESIAN_POINT('Ctrl Pts',(9.77041067227758,-12.0305832862578,437.880370056489));
#6816=CARTESIAN_POINT('Ctrl Pts',(14.3356884605156,-5.889303462684,438.158282929131));
#6817=CARTESIAN_POINT('Ctrl Pts',(15.4060848310332,1.68772304942486,438.436195801771));
#6818=CARTESIAN_POINT('Ctrl Pts',(12.7206490527068,8.85330145145931,438.714108674413));
#6819=CARTESIAN_POINT('Ctrl Pts',(6.93406050323296,13.8605434182804,438.992021547053));
#6820=CARTESIAN_POINT('Ctrl Pts',(-0.542974882389434,15.4887390445328,439.269934419694));
#6821=CARTESIAN_POINT('Ctrl Pts',(-7.88763903017709,13.3409523438988,439.547847292335));
#6822=CARTESIAN_POINT('Ctrl Pts',(-13.3093845018102,7.94078982819202,439.825760164976));
#6823=CARTESIAN_POINT('Ctrl Pts',(-15.4864500472021,0.604751062872973,440.103673037616));
#6824=CARTESIAN_POINT('Ctrl Pts',(-13.8880912978018,-6.87871928606357,440.381585910258));
#6825=CARTESIAN_POINT('Ctrl Pts',(-8.9039703411672,-12.6852343721417,440.659498782898));
#6826=CARTESIAN_POINT('Ctrl Pts',(-1.74916043750395,-15.3992303923415,440.93741165554));
#6827=CARTESIAN_POINT('Ctrl Pts',(5.83207532819433,-14.359065299622,441.21532452818));
#6828=CARTESIAN_POINT('Ctrl Pts',(11.9915159881055,-9.81831977578449,441.493237400821));
#6829=CARTESIAN_POINT('Ctrl Pts',(15.227558409239,-2.88397708135103,441.771150273462));
#6830=CARTESIAN_POINT('Ctrl Pts',(14.7512914377483,4.75344715245201,442.049063146103));
#6831=CARTESIAN_POINT('Ctrl Pts',(10.6788236646596,11.2320338341575,442.326976018744));
#6832=CARTESIAN_POINT('Ctrl Pts',(4.00297744263656,14.9723755799234,442.604888891385));
#6833=CARTESIAN_POINT('Ctrl Pts',(-3.64875016229572,15.0626186689327,442.882801764026));
#6834=CARTESIAN_POINT('Ctrl Pts',(-10.4109530558596,11.480762839691,443.160714636666));
#6835=CARTESIAN_POINT('Ctrl Pts',(-14.6350813758946,5.10002470910635,443.438627509308));
#6836=CARTESIAN_POINT('Ctrl Pts',(-15.2913396150242,-2.52404272755713,443.716540381948));
#6837=CARTESIAN_POINT('Ctrl Pts',(-12.2197393128785,-9.53277661743021,443.994453254589));
#6838=CARTESIAN_POINT('Ctrl Pts',(-6.16910246347683,-14.217525583155,444.27236612723));
#6839=CARTESIAN_POINT('Ctrl Pts',(1.38549295917502,-15.4361999265567,444.550278999871));
#6840=CARTESIAN_POINT('Ctrl Pts',(8.6023206066174,-12.8917003957394,444.828191872512));
#6841=CARTESIAN_POINT('Ctrl Pts',(13.7219981576309,-7.20434767862548,445.106104745153));
#6842=CARTESIAN_POINT('Ctrl Pts',(15.496405161842,0.239344882101647,445.384017617794));
#6843=CARTESIAN_POINT('Ctrl Pts',(13.4929609250214,7.62468782235623,445.661930490435));
#6844=CARTESIAN_POINT('Ctrl Pts',(8.20008287155741,13.1512166666105,445.939843363076));
#6845=CARTESIAN_POINT('Ctrl Pts',(0.908115808136879,15.471625143842,446.217756235716));
#6846=CARTESIAN_POINT('Ctrl Pts',(-6.60523979003998,14.0202234728486,446.495669108358));
#6847=CARTESIAN_POINT('Ctrl Pts',(-12.5083113850874,9.15084723980384,446.773581980998));
#6848=CARTESIAN_POINT('Ctrl Pts',(-15.3619957709198,2.05059621739251,447.051494853639));
#6849=CARTESIAN_POINT('Ctrl Pts',(-14.4705964304453,-5.54956735788794,447.32940772628));
#6850=CARTESIAN_POINT('Ctrl Pts',(-10.0514266095087,-11.7968081287356,447.607320598921));
#6851=CARTESIAN_POINT('Ctrl Pts',(-3.18183076432577,-15.1681182715498,447.885233471562));
#6852=CARTESIAN_POINT('Ctrl Pts',(4.46346003566855,-14.8416098662689,448.163146344203));
#6853=CARTESIAN_POINT('Ctrl Pts',(11.0206089176559,-10.8968820309589,448.441059216844));
#6854=CARTESIAN_POINT('Ctrl Pts',(14.8910559070643,-4.2956155420647,448.718972089485));
#6855=CARTESIAN_POINT('Ctrl Pts',(15.1312290715931,3.35287424391508,448.996884962125));
#6856=CARTESIAN_POINT('Ctrl Pts',(11.6825768647269,10.1839705769552,449.274797834766));
#6857=CARTESIAN_POINT('Ctrl Pts',(5.3858423416127,14.5323281405232,449.552710707407));
#6858=CARTESIAN_POINT('Ctrl Pts',(-2.22390064777358,15.3378657192382,449.830623580048));
#6859=CARTESIAN_POINT('Ctrl Pts',(-9.29148139150487,12.4042022098912,450.108536452689));
#6860=CARTESIAN_POINT('Ctrl Pts',(-14.0939023036922,6.44653215042968,450.38644932533));
#6861=CARTESIAN_POINT('Ctrl Pts',(-15.4603865742585,-1.08273075462892,450.664362197971));
#6862=CARTESIAN_POINT('Ctrl Pts',(-13.0578005348812,-8.34803594289088,450.942275070612));
#6863=CARTESIAN_POINT('Ctrl Pts',(-7.47186794250384,-13.578182807811,451.220187943253));
#6864=CARTESIAN_POINT('Ctrl Pts',(-0.0643770413052716,-15.4981197088258,
451.498100815894));
#6865=CARTESIAN_POINT('Ctrl Pts',(7.35880826661715,-13.6397873813231,451.776013688535));
#6866=CARTESIAN_POINT('Ctrl Pts',(12.9879979573501,-8.45622658000676,452.053926561175));
#6867=CARTESIAN_POINT('Ctrl Pts',(15.4508581872035,-1.21113178121881,452.331839433816));
#6868=CARTESIAN_POINT('Ctrl Pts',(14.1469710219086,6.32922347668497,452.609752306457));
#6869=CARTESIAN_POINT('Ctrl Pts',(9.39420965167658,12.3265844390439,452.887665179098));
#6870=CARTESIAN_POINT('Ctrl Pts',(2.3512444425267,15.3188612006255,453.165578051739));
#6871=CARTESIAN_POINT('Ctrl Pts',(-5.26492801323413,14.5765699644331,453.44349092438));
#6872=CARTESIAN_POINT('Ctrl Pts',(-11.5975695712797,10.2806730787371,453.721403797021));
#6873=CARTESIAN_POINT('Ctrl Pts',(-15.1028526458435,3.47846242907398,453.999316669661));
#6874=CARTESIAN_POINT('Ctrl Pts',(-14.9262282060312,-4.1717586763895,454.277229542303));
#6875=CARTESIAN_POINT('Ctrl Pts',(-11.1107553260058,-10.8049514111899,454.555142414943));
#6876=CARTESIAN_POINT('Ctrl Pts',(-4.58660386157592,-14.8040171551346,454.833055287585));
#6877=CARTESIAN_POINT('Ctrl Pts',(3.05571061612124,-15.1940281539516,455.110968160225));
#6878=CARTESIAN_POINT('Ctrl Pts',(9.95307682854117,-11.8799040634889,455.388881032866));
#6879=CARTESIAN_POINT('Ctrl Pts',(14.4239935995525,-5.66959148022167,455.666793905507));
#6880=CARTESIAN_POINT('Ctrl Pts',(15.3785011419997,1.92290445369942,455.944706778148));
#6881=CARTESIAN_POINT('Ctrl Pts',(12.5839011322286,9.04661766666676,456.222619650789));
#6882=CARTESIAN_POINT('Ctrl Pts',(6.72148597353051,13.9648661010471,456.500532523431));
#6883=CARTESIAN_POINT('Ctrl Pts',(-0.779552715041375,15.4786354849839,456.77844539607));
#6884=CARTESIAN_POINT('Ctrl Pts',(-8.0905451211878,13.2188856774906,457.056358268712));
#6885=CARTESIAN_POINT('Ctrl Pts',(-13.4291526027366,7.73651855067673,457.334271141352));
#6886=CARTESIAN_POINT('Ctrl Pts',(-15.4938820269939,0.368074239981035,457.612184013994));
#6887=CARTESIAN_POINT('Ctrl Pts',(-13.7813753224363,-7.09010247702293,457.890096886635));
#6888=CARTESIAN_POINT('Ctrl Pts',(-8.70912257863721,-12.8197910600299,458.168009759275));
#6889=CARTESIAN_POINT('Ctrl Pts',(-1.51368260538842,-15.4241571530728,458.445922631917));
#6890=CARTESIAN_POINT('Ctrl Pts',(6.05077635320352,-14.2682852661438,458.723835504557));
#6891=CARTESIAN_POINT('Ctrl Pts',(12.1401233283121,-9.63396411068275,459.001748377198));
#6892=CARTESIAN_POINT('Ctrl Pts',(15.2698432477811,-2.65098964553559,459.279661249839));
#6893=CARTESIAN_POINT('Ctrl Pts',(14.6769452012444,4.97826661321008,459.55757412248));
#6894=CARTESIAN_POINT('Ctrl Pts',(10.505971138757,11.3938768355704,459.835486995121));
#6895=CARTESIAN_POINT('Ctrl Pts',(3.77375815083596,15.0317865981243,460.113399867762));
#6896=CARTESIAN_POINT('Ctrl Pts',(-3.8784551058309,15.0051139584009,460.391312740403));
#6897=CARTESIAN_POINT('Ctrl Pts',(-10.5851441404708,11.3203614093363,460.669225613044));
#6898=CARTESIAN_POINT('Ctrl Pts',(-14.7112927523537,4.87583064380699,460.947138485684));
#6899=CARTESIAN_POINT('Ctrl Pts',(-15.2509917973082,-2.75737340797186,461.225051358325));
#6900=CARTESIAN_POINT('Ctrl Pts',(-12.0726686502321,-9.71836048797558,461.502964230966));
#6901=CARTESIAN_POINT('Ctrl Pts',(-5.95116314786139,-14.3101193600919,461.780877103607));
#6902=CARTESIAN_POINT('Ctrl Pts',(1.62116974634145,-15.4132302768141,462.058789976248));
#6903=CARTESIAN_POINT('Ctrl Pts',(8.79827948561413,-12.7587670644762,462.336702848889));
#6904=CARTESIAN_POINT('Ctrl Pts',(13.8304665330413,-6.99385833363575,462.61461572153));
#6905=CARTESIAN_POINT('Ctrl Pts',(15.4909396500311,0.47607527938732,462.892528594171));
#6906=CARTESIAN_POINT('Ctrl Pts',(13.3748939569862,7.82994703378743,463.170441466812));
#6907=CARTESIAN_POINT('Ctrl Pts',(7.99819786106833,13.2749647791523,463.448354339453));
#6908=CARTESIAN_POINT('Ctrl Pts',(0.671630075564127,15.4836937438758,463.726267212093));
#6909=CARTESIAN_POINT('Ctrl Pts',(-6.81867365308341,13.9176703699038,464.004180084734));
#6910=CARTESIAN_POINT('Ctrl Pts',(-12.6466605764165,8.95867373987102,464.282092957375));
#6911=CARTESIAN_POINT('Ctrl Pts',(-15.3915322962852,1.81565208257066,464.560005830016));
#6912=CARTESIAN_POINT('Ctrl Pts',(-14.3841196134431,-5.77000536037033,464.837918702657));
#6913=CARTESIAN_POINT('Ctrl Pts',(-9.87001853640539,-11.9489996653931,465.115831575298));
#6914=CARTESIAN_POINT('Ctrl Pts',(-2.94971670588058,-15.2149607382862,465.393744447939));
#6915=CARTESIAN_POINT('Ctrl Pts',(4.68969325337565,-14.7716835906333,465.671657320579));
#6916=CARTESIAN_POINT('Ctrl Pts',(11.1858081521142,-10.7272342612925,465.949570193221));
#6917=CARTESIAN_POINT('Ctrl Pts',(14.9549474221138,-4.06760451793854,466.227483065862));
#6918=CARTESIAN_POINT('Ctrl Pts',(15.0782368264102,3.58366197055884,466.505395938502));
#6919=CARTESIAN_POINT('Ctrl Pts',(11.5256197793525,10.3612715249794,466.783308811143));
#6920=CARTESIAN_POINT('Ctrl Pts',(5.1631848079221,14.6129183105834,467.061221683784));
#6921=CARTESIAN_POINT('Ctrl Pts',(-2.45797719926557,15.3020981241274,467.339134556425));
#6922=CARTESIAN_POINT('Ctrl Pts',(-9.47991170073893,12.2607965915244,467.617047429066));
#6923=CARTESIAN_POINT('Ctrl Pts',(-14.1907491568367,6.23044920373259,467.894960301707));
#6924=CARTESIAN_POINT('Ctrl Pts',(-15.4420397855618,-1.31881241033793,468.172873174348));
#6925=CARTESIAN_POINT('Ctrl Pts',(-12.9287328473905,-8.5465622254422,468.450786046989));
#6926=CARTESIAN_POINT('Ctrl Pts',(-7.26354462305157,-13.690755217352,468.728698919629));
#6927=CARTESIAN_POINT('Ctrl Pts',(0.172415001612212,-15.4972943438463,469.00661179227));
#6928=CARTESIAN_POINT('Ctrl Pts',(7.5663417663392,-13.5257654566194,469.284524664911));
#6929=CARTESIAN_POINT('Ctrl Pts',(13.115678554632,-8.25680537278099,469.562437537552));
#6930=CARTESIAN_POINT('Ctrl Pts',(15.4675587724133,-0.974927963982918,469.840350410193));
#6931=CARTESIAN_POINT('Ctrl Pts',(14.0486201780336,6.54462604009292,470.118263282835));
#6932=CARTESIAN_POINT('Ctrl Pts',(9.20478422082246,12.4686729992853,470.396176155475));
#6933=CARTESIAN_POINT('Ctrl Pts',(2.11692423781756,15.352996146688,470.674089028116));
#6934=CARTESIAN_POINT('Ctrl Pts',(-5.48701833118614,14.4944295765154,470.952001900757));
#6935=CARTESIAN_POINT('Ctrl Pts',(-11.7532868541037,10.1022822690325,471.229914773398));
#6936=CARTESIAN_POINT('Ctrl Pts',(-15.1542347491542,3.24731089491408,471.507827646039));
#6937=CARTESIAN_POINT('Ctrl Pts',(-14.8607487498002,-4.39931876542112,471.78574051868));
#6938=CARTESIAN_POINT('Ctrl Pts',(-10.9443774624537,-10.9734434283106,472.06365339132));
#6939=CARTESIAN_POINT('Ctrl Pts',(-4.35988868623621,-14.8723646364873,472.341566263962));
#6940=CARTESIAN_POINT('Ctrl Pts',(3.28749251168665,-15.1455687104661,472.619479136602));
#6941=CARTESIAN_POINT('Ctrl Pts',(10.1334194991702,-11.7264516371147,472.897392009243));
#6942=CARTESIAN_POINT('Ctrl Pts',(14.5089317073107,-5.44855592448166,473.175304881884));
#6943=CARTESIAN_POINT('Ctrl Pts',(15.3473273090225,2.15763683655427,473.453217754525));
#6944=CARTESIAN_POINT('Ctrl Pts',(12.4442160421053,9.23782233460369,473.731130627166));
#6945=CARTESIAN_POINT('Ctrl Pts',(6.50734154412186,14.0659282392679,474.009043499807));
#6946=CARTESIAN_POINT('Ctrl Pts',(-1.01594683449379,15.4649198335398,474.286956372447));
#6947=CARTESIAN_POINT('Ctrl Pts',(-8.29156614132236,13.0937306656059,474.564869245089));
#6948=CARTESIAN_POINT('Ctrl Pts',(-13.5457784233272,7.5304465033191,474.842782117729));
#6949=CARTESIAN_POINT('Ctrl Pts',(-15.4977123727192,0.131300685634159,475.120694990371));
#6950=CARTESIAN_POINT('Ctrl Pts',(-13.6714107695729,-7.29980825473184,475.398607863011));
#6951=CARTESIAN_POINT('Ctrl Pts',(-8.5123067133203,-12.9514011330098,475.676520735652));
#6952=CARTESIAN_POINT('Ctrl Pts',(-1.27771755318681,-15.4453882883775,475.954433608293));
#6953=CARTESIAN_POINT('Ctrl Pts',(6.26778366620921,-14.1743705674764,476.232346480934));
#6954=CARTESIAN_POINT('Ctrl Pts',(12.2864495312318,-9.44694537853466,476.510259353574));
#6955=CARTESIAN_POINT('Ctrl Pts',(14.2996338274602,-4.76116271337713,476.695534602002));
#6956=CARTESIAN_POINT('Ctrl Pts',(14.6852832170286,-2.31896084446421,476.788172226216));
#6957=CARTESIAN_POINT('Ctrl Pts',(-14.8685287548216,4.20770184030967E-5,
475.125414679098));
#6958=CARTESIAN_POINT('Ctrl Pts',(-14.8681080455841,-2.42978322283828,475.216479073736));
#6959=CARTESIAN_POINT('Ctrl Pts',(-14.260406222234,-4.85980170034791,475.307543468373));
#6960=CARTESIAN_POINT('Ctrl Pts',(-13.1159436940554,-7.00322224438267,475.398607863011));
#6961=CARTESIAN_POINT('Ctrl Pts',(-12.1350740463757,-8.8402558755342,475.476655242008));
#6962=CARTESIAN_POINT('Ctrl Pts',(-10.7599285721659,-10.4667699286204,475.554702621004));
#6963=CARTESIAN_POINT('Ctrl Pts',(-9.11582323600495,-11.7454111449527,475.632750000001));
#6964=CARTESIAN_POINT('',(-0.871170489387664,12.8369912253482,385.63275));
#6965=CARTESIAN_POINT('Ctrl Pts',(-0.871170489393501,12.8369912253478,385.63275));
#6966=CARTESIAN_POINT('Ctrl Pts',(-0.571940309985721,12.8802620911111,385.63275));
#6967=CARTESIAN_POINT('Ctrl Pts',(-0.271542571638199,12.9128618672787,385.63275));
#6968=CARTESIAN_POINT('Ctrl Pts',(0.0294574558873895,12.9346851054168,385.63275));
#6969=CARTESIAN_POINT('Ctrl Pts',(0.0661990876158802,12.9373489635746,385.63275));
#6970=CARTESIAN_POINT('Ctrl Pts',(0.102949722414941,12.939852195492,385.63275));
#6971=CARTESIAN_POINT('Ctrl Pts',(0.139708355086432,12.9421945615392,385.63275));
#6972=CARTESIAN_POINT('Ctrl Pts',(0.437883232425428,12.9611951243469,385.63275));
#6973=CARTESIAN_POINT('Ctrl Pts',(0.73658315930799,12.969615008446,385.63275));
#6974=CARTESIAN_POINT('Ctrl Pts',(1.03528417409385,12.967653066548,385.63275));
#6975=CARTESIAN_POINT('Ctrl Pts',(1.33637414770785,12.9656754333796,385.63275));
#6976=CARTESIAN_POINT('Ctrl Pts',(1.63746580222525,12.9531492604849,385.63275));
#6977=CARTESIAN_POINT('Ctrl Pts',(1.93803238823147,12.9302257403674,385.63275));
#6978=CARTESIAN_POINT('Ctrl Pts',(2.06243048632344,12.9207381844082,385.63275));
#6979=CARTESIAN_POINT('Ctrl Pts',(2.18673870907788,12.909468990676,385.63275));
#6980=CARTESIAN_POINT('Ctrl Pts',(2.31091983969496,12.8964262709095,385.63275));
#6981=CARTESIAN_POINT('Ctrl Pts',(2.37218890466997,12.889991193045,385.63275));
#6982=CARTESIAN_POINT('Ctrl Pts',(2.43342703154538,12.8831243652267,385.63275));
#6983=CARTESIAN_POINT('Ctrl Pts',(2.49462974453765,12.8758266258551,385.63275));
#6984=CARTESIAN_POINT('Ctrl Pts',(2.53198197991193,12.8713727893275,385.63275));
#6985=CARTESIAN_POINT('Ctrl Pts',(2.56932038640434,12.866758486215,385.63275));
#6986=CARTESIAN_POINT('Ctrl Pts',(2.60663044205729,12.8619857519933,385.63275));
#6987=CARTESIAN_POINT('Ctrl Pts',(2.90802212799155,12.823431469819,385.63275));
#6988=CARTESIAN_POINT('Ctrl Pts',(3.20779216171898,12.7745162758174,385.63275));
#6989=CARTESIAN_POINT('Ctrl Pts',(3.50540592019582,12.7154494754956,385.63275));
#6990=CARTESIAN_POINT('Ctrl Pts',(3.80622648107682,12.6557462275907,385.63275));
#6991=CARTESIAN_POINT('Ctrl Pts',(4.10484464739019,12.5856714487712,385.63275));
#6992=CARTESIAN_POINT('Ctrl Pts',(4.4007143152145,12.5053885647737,385.63275));
#6993=CARTESIAN_POINT('Ctrl Pts',(4.69654418384157,12.4251164801068,385.63275));
#6994=CARTESIAN_POINT('Ctrl Pts',(4.98962691922472,12.334638968254,385.63275));
#6995=CARTESIAN_POINT('Ctrl Pts',(5.27941335122779,12.2340674566756,385.63275));
#6996=CARTESIAN_POINT('Ctrl Pts',(5.38740059011768,12.1965900641998,385.63275));
#6997=CARTESIAN_POINT('Ctrl Pts',(5.49493001141063,12.1577104690201,385.63275));
#6998=CARTESIAN_POINT('Ctrl Pts',(5.60197280831277,12.1174326209452,385.63275));
#6999=CARTESIAN_POINT('Ctrl Pts',(5.65912089077911,12.0959290555493,385.63275));
#7000=CARTESIAN_POINT('Ctrl Pts',(5.71613026679165,12.0740269314498,385.63275));
#7001=CARTESIAN_POINT('Ctrl Pts',(5.77299651718899,12.0517267356552,385.63275));
#7002=CARTESIAN_POINT('Ctrl Pts',(5.80674733311386,12.0384912963904,385.63275));
#7003=CARTESIAN_POINT('Ctrl Pts',(5.84044773157377,12.0251156321613,385.63275));
#7004=CARTESIAN_POINT('Ctrl Pts',(5.87409678394968,12.0115998316205,385.63275));
#7005=CARTESIAN_POINT('Ctrl Pts',(5.90875157116881,11.9976800579934,385.63275));
#7006=CARTESIAN_POINT('Ctrl Pts',(5.94334517417931,11.9836143223525,385.63275));
#7007=CARTESIAN_POINT('Ctrl Pts',(5.97786942526831,11.9694059238926,385.63275));
#7008=CARTESIAN_POINT('Ctrl Pts',(6.17072285424036,11.8900374140264,385.63275));
#7009=CARTESIAN_POINT('Ctrl Pts',(6.36148241014165,11.8061899894229,385.63275));
#7010=CARTESIAN_POINT('Ctrl Pts',(6.54998495143336,11.7179271977448,385.63275));
#7011=CARTESIAN_POINT('Ctrl Pts',(6.82641335400714,11.5884947649346,385.63275));
#7012=CARTESIAN_POINT('Ctrl Pts',(7.0979887864351,11.4495698541761,385.63275));
#7013=CARTESIAN_POINT('Ctrl Pts',(7.36436655753033,11.3016151801423,385.63275));
#7014=CARTESIAN_POINT('Ctrl Pts',(7.63396250241649,11.1518730301782,385.63275));
#7015=CARTESIAN_POINT('Ctrl Pts',(7.89823492165338,10.9928813972266,385.63275));
#7016=CARTESIAN_POINT('Ctrl Pts',(8.15681540530739,10.8250669890727,385.63275));
#7017=CARTESIAN_POINT('Ctrl Pts',(8.4173336887682,10.6559949812612,385.63275));
#7018=CARTESIAN_POINT('Ctrl Pts',(8.67207491732922,10.4779671914769,385.63275));
#7019=CARTESIAN_POINT('Ctrl Pts',(8.92064364444238,10.291370355628,385.63275));
#7020=CARTESIAN_POINT('Ctrl Pts',(9.16962745841064,10.1044619202683,385.63275));
#7021=CARTESIAN_POINT('Ctrl Pts',(9.4124186526929,9.90895546651142,385.63275));
#7022=CARTESIAN_POINT('Ctrl Pts',(9.64859342050505,9.70519468248285,385.63275));
#7023=CARTESIAN_POINT('Ctrl Pts',(9.84590135706888,9.53496642219181,385.63275));
#7024=CARTESIAN_POINT('Ctrl Pts',(10.0385910710321,9.35897619061124,385.63275));
#7025=CARTESIAN_POINT('Ctrl Pts',(10.226397396871,9.17740291110676,385.63275));
#7026=CARTESIAN_POINT('Ctrl Pts',(10.2551739543384,9.14958140994655,385.63275));
#7027=CARTESIAN_POINT('Ctrl Pts',(10.2838381542516,9.12162644159528,385.63275));
#7028=CARTESIAN_POINT('Ctrl Pts',(10.3123708645788,9.09355664791964,385.63275));
#7029=CARTESIAN_POINT('Ctrl Pts',(10.5379911650812,8.87159682666526,385.63275));
#7030=CARTESIAN_POINT('Ctrl Pts',(10.7556186199128,8.64224411927772,385.63275));
#7031=CARTESIAN_POINT('Ctrl Pts',(10.9648848254466,8.40595119080536,385.63275));
#7032=CARTESIAN_POINT('Ctrl Pts',(11.1758244183025,8.16776875709834,385.63275));
#7033=CARTESIAN_POINT('Ctrl Pts',(11.378269034322,7.92253435719532,385.63275));
#7034=CARTESIAN_POINT('Ctrl Pts',(11.5718185348763,7.67066407012595,385.63275));
#7035=CARTESIAN_POINT('Ctrl Pts',(11.637406543447,7.58531292997975,385.63275));
#7036=CARTESIAN_POINT('Ctrl Pts',(11.7019728758164,7.49919939524112,385.63275));
#7037=CARTESIAN_POINT('Ctrl Pts',(11.7655012064785,7.4123385301915,385.63275));
#7038=CARTESIAN_POINT('Ctrl Pts',(11.9515296670361,7.15798597851145,385.63275));
#7039=CARTESIAN_POINT('Ctrl Pts',(12.1286602742465,6.89722802674984,385.63275));
#7040=CARTESIAN_POINT('Ctrl Pts',(12.2967634661563,6.63061191086639,385.63275));
#7041=CARTESIAN_POINT('Ctrl Pts',(12.4659012167494,6.36235495750298,385.63275));
#7042=CARTESIAN_POINT('Ctrl Pts',(12.6259004034725,6.08816702473341,385.63275));
#7043=CARTESIAN_POINT('Ctrl Pts',(12.7765886135731,5.80857108074878,385.63275));
#7044=CARTESIAN_POINT('Ctrl Pts',(12.8788604602418,5.61880976170919,385.63275));
#7045=CARTESIAN_POINT('Ctrl Pts',(12.9768425369847,5.42655663052326,385.63275));
#7046=CARTESIAN_POINT('Ctrl Pts',(13.0704693246514,5.23196799866119,385.63275));
#7047=CARTESIAN_POINT('Ctrl Pts',(13.1172271475963,5.1347891781287,385.63275));
#7048=CARTESIAN_POINT('Ctrl Pts',(13.1628985801067,5.03702778691957,385.63275));
#7049=CARTESIAN_POINT('Ctrl Pts',(13.2074745276471,4.938702858926,385.63275));
#7050=CARTESIAN_POINT('Ctrl Pts',(13.2401173970177,4.86669972814647,385.63275));
#7051=CARTESIAN_POINT('Ctrl Pts',(13.2721727885789,4.79439438913499,385.63275));
#7052=CARTESIAN_POINT('Ctrl Pts',(13.303636911231,4.72179423289814,385.63275));
#7053=CARTESIAN_POINT('Ctrl Pts',(13.3152341697602,4.69503477767825,385.63275));
#7054=CARTESIAN_POINT('Ctrl Pts',(13.3267498704099,4.66823806107205,385.63275));
#7055=CARTESIAN_POINT('Ctrl Pts',(13.3381806696147,4.64141211014568,385.63275));
#7056=CARTESIAN_POINT('Ctrl Pts',(13.4653821494329,4.34289399306256,385.63275));
#7057=CARTESIAN_POINT('Ctrl Pts',(13.5821929654846,4.04048354393871,385.63275));
#7058=CARTESIAN_POINT('Ctrl Pts',(13.6885171848948,3.73478361561864,385.63275));
#7059=CARTESIAN_POINT('Ctrl Pts',(13.7949572321634,3.42875066281722,385.63275));
#7060=CARTESIAN_POINT('Ctrl Pts',(13.8908880843332,3.11942051232874,385.63275));
#7061=CARTESIAN_POINT('Ctrl Pts',(13.9761732532635,2.80736253742999,385.63275));
#7062=CARTESIAN_POINT('Ctrl Pts',(14.0616432944275,2.4946281160211,385.63275));
#7063=CARTESIAN_POINT('Ctrl Pts',(14.1364217286464,2.17915348307616,385.63275));
#7064=CARTESIAN_POINT('Ctrl Pts',(14.2003267068168,1.86148435919759,385.63275));
#7065=CARTESIAN_POINT('Ctrl Pts',(14.2637470586769,1.54622429357715,385.63275));
#7066=CARTESIAN_POINT('Ctrl Pts',(14.3164584538059,1.22880232357265,385.63275));
#7067=CARTESIAN_POINT('Ctrl Pts',(14.35823588694,0.909733343529964,385.63275));
#7068=CARTESIAN_POINT('Ctrl Pts',(14.3977278675624,0.608119169757926,385.63275));
#7069=CARTESIAN_POINT('Ctrl Pts',(14.42744916835,0.305032720152488,385.63275));
#7070=CARTESIAN_POINT('Ctrl Pts',(14.4474733883787,0.000913759498193987,
385.63275));
#7071=CARTESIAN_POINT('Ctrl Pts',(14.4562339846412,-0.13213828578806,385.63275));
#7072=CARTESIAN_POINT('Ctrl Pts',(14.4631379738255,-0.265388027704107,385.63275));
#7073=CARTESIAN_POINT('Ctrl Pts',(14.468189069855,-0.398798813170512,385.63275));
#7074=CARTESIAN_POINT('Ctrl Pts',(14.4708290416814,-0.468526395641394,385.63275));
#7075=CARTESIAN_POINT('Ctrl Pts',(14.4729628406396,-0.538297970250456,385.63275));
#7076=CARTESIAN_POINT('Ctrl Pts',(14.4745908350509,-0.608108301436171,385.63275));
#7077=CARTESIAN_POINT('Ctrl Pts',(14.4753605826047,-0.641115989478453,385.63275));
#7078=CARTESIAN_POINT('Ctrl Pts',(14.4760172921882,-0.674134900321758,385.63275));
#7079=CARTESIAN_POINT('Ctrl Pts',(14.4765608607136,-0.707156073708068,385.63275));
#7080=CARTESIAN_POINT('Ctrl Pts',(14.4819016230427,-1.03160134721717,385.63275));
#7081=CARTESIAN_POINT('Ctrl Pts',(14.4763175164972,-1.35575571064094,385.63275));
#7082=CARTESIAN_POINT('Ctrl Pts',(14.4600261223274,-1.67907107754987,385.63275));
#7083=CARTESIAN_POINT('Ctrl Pts',(14.4435295090762,-2.00645917647638,385.63275));
#7084=CARTESIAN_POINT('Ctrl Pts',(14.4160542189246,-2.33298753152413,385.63275));
#7085=CARTESIAN_POINT('Ctrl Pts',(14.3777754065185,-2.65810413301029,385.63275));
#7086=CARTESIAN_POINT('Ctrl Pts',(14.3391021621322,-2.98657079623778,385.63275));
#7087=CARTESIAN_POINT('Ctrl Pts',(14.2894016575337,-3.31359703744115,385.63275));
#7088=CARTESIAN_POINT('Ctrl Pts',(14.2288021802581,-3.63862254846854,385.63275));
#7089=CARTESIAN_POINT('Ctrl Pts',(14.1682182907934,-3.96356445421664,385.63275));
#7090=CARTESIAN_POINT('Ctrl Pts',(14.0967410019823,-4.28650726316382,385.63275));
#7091=CARTESIAN_POINT('Ctrl Pts',(14.0144464533812,-4.60689108621383,385.63275));
#7092=CARTESIAN_POINT('Ctrl Pts',(13.9329518648582,-4.924160556339,385.63275));
#7093=CARTESIAN_POINT('Ctrl Pts',(13.8408491922168,-5.2389211275878,385.63275));
#7094=CARTESIAN_POINT('Ctrl Pts',(13.7381624772494,-5.5506202718015,385.63275));
#7095=CARTESIAN_POINT('Ctrl Pts',(13.6581141789554,-5.79360190853901,385.63275));
#7096=CARTESIAN_POINT('Ctrl Pts',(13.5716331707055,-6.03472309069105,385.63275));
#7097=CARTESIAN_POINT('Ctrl Pts',(13.4787100291118,-6.2737148894112,385.63275));
#7098=CARTESIAN_POINT('Ctrl Pts',(-0.871170489387664,12.8369912253482,385.63275));
#7099=CARTESIAN_POINT('Ctrl Pts',(-2.66934011065309,12.7131636563639,385.710797378996));
#7100=CARTESIAN_POINT('Ctrl Pts',(-4.44244748122985,12.2096308858794,385.788844757992));
#7101=CARTESIAN_POINT('Ctrl Pts',(-6.03416168287767,11.3644749464589,385.866892136989));
#7102=CARTESIAN_POINT('Ctrl Pts',(-7.92343232801595,10.3613248173349,385.959529761202));
#7103=CARTESIAN_POINT('Ctrl Pts',(-9.55715108210381,8.87688618454947,386.052167385416));
#7104=CARTESIAN_POINT('Ctrl Pts',(-10.7361641266753,7.09207061685861,386.14480500963));
#7105=CARTESIAN_POINT('Ctrl Pts',(-11.9151771712473,5.30725504916694,386.237442633843));
#7106=CARTESIAN_POINT('Ctrl Pts',(-12.6394845063025,3.22206254656957,386.330080258057));
#7107=CARTESIAN_POINT('Ctrl Pts',(-12.8208031935002,1.09068259019849,386.42271788227));
#7108=CARTESIAN_POINT('Ctrl Pts',(-12.851646540199,0.728122657975045,386.438476072478));
#7109=CARTESIAN_POINT('Ctrl Pts',(-12.8667779904077,0.364226247547682,386.454234262685));
#7110=CARTESIAN_POINT('Ctrl Pts',(-12.866414526277,0.00029982914761098,
386.469992452892));
#7111=CARTESIAN_POINT('Origin',(-3.0492791559526E-15,4.52580295055751E-16,
385.63275));
#7112=CARTESIAN_POINT('',(-12.4190472056162,3.36172909448049,385.63275));
#7113=CARTESIAN_POINT('Ctrl Pts',(3.52018379672089,-14.4451106605825,385.63275));
#7114=CARTESIAN_POINT('Ctrl Pts',(3.19383869883933,-14.5028815806503,385.63275));
#7115=CARTESIAN_POINT('Ctrl Pts',(2.86595195382149,-14.5495962692338,385.63275));
#7116=CARTESIAN_POINT('Ctrl Pts',(2.5370320365256,-14.5850400337397,385.63275));
#7117=CARTESIAN_POINT('Ctrl Pts',(2.4793066270645,-14.5912604105286,385.63275));
#7118=CARTESIAN_POINT('Ctrl Pts',(2.42154938532775,-14.5971335112221,385.63275));
#7119=CARTESIAN_POINT('Ctrl Pts',(2.3637630510488,-14.6026580091149,385.63275));
#7120=CARTESIAN_POINT('Ctrl Pts',(2.03277472200756,-14.6343012055413,385.63275));
#7121=CARTESIAN_POINT('Ctrl Pts',(1.70083155167649,-14.654511789127,385.63275));
#7122=CARTESIAN_POINT('Ctrl Pts',(1.36851053426504,-14.6633803033731,385.63275));
#7123=CARTESIAN_POINT('Ctrl Pts',(1.03672558430927,-14.6722345118076,385.63275));
#7124=CARTESIAN_POINT('Ctrl Pts',(0.704563405633445,-14.6697830657784,385.63275));
#7125=CARTESIAN_POINT('Ctrl Pts',(0.372608213672812,-14.6560652409992,385.63275));
#7126=CARTESIAN_POINT('Ctrl Pts',(0.142385918127128,-14.6465514596606,385.63275));
#7127=CARTESIAN_POINT('Ctrl Pts',(-0.0877366156656627,-14.631617608855,
385.63275));
#7128=CARTESIAN_POINT('Ctrl Pts',(-0.317559370970986,-14.611262944597,385.63275));
#7129=CARTESIAN_POINT('Ctrl Pts',(-0.357325441605633,-14.6077409912746,
385.63275));
#7130=CARTESIAN_POINT('Ctrl Pts',(-0.397078384065349,-14.6040570574528,
385.63275));
#7131=CARTESIAN_POINT('Ctrl Pts',(-0.436807738325806,-14.6002121953917,
385.63275));
#7132=CARTESIAN_POINT('Ctrl Pts',(-0.764048861935611,-14.5685429924963,
385.63275));
#7133=CARTESIAN_POINT('Ctrl Pts',(-1.08988135713196,-14.5259432418757,385.63275));
#7134=CARTESIAN_POINT('Ctrl Pts',(-1.41374653213718,-14.4725080467187,385.63275));
#7135=CARTESIAN_POINT('Ctrl Pts',(-1.73615596456797,-14.4193130375852,385.63275));
#7136=CARTESIAN_POINT('Ctrl Pts',(-2.0566162938879,-14.3553795936945,385.63275));
#7137=CARTESIAN_POINT('Ctrl Pts',(-2.37456224185303,-14.2807522078042,385.63275));
#7138=CARTESIAN_POINT('Ctrl Pts',(-2.68993218168714,-14.2067294553558,385.63275));
#7139=CARTESIAN_POINT('Ctrl Pts',(-3.00282884476409,-14.1221851521115,385.63275));
#7140=CARTESIAN_POINT('Ctrl Pts',(-3.31267854989056,-14.0271168796909,385.63275));
#7141=CARTESIAN_POINT('Ctrl Pts',(-3.43647160966254,-13.9891346188222,385.63275));
#7142=CARTESIAN_POINT('Ctrl Pts',(-3.55977801954222,-13.9494720102312,385.63275));
#7143=CARTESIAN_POINT('Ctrl Pts',(-3.68255991292193,-13.9081269315602,385.63275));
#7144=CARTESIAN_POINT('Ctrl Pts',(-3.7788516324235,-13.8757020470062,385.63275));
#7145=CARTESIAN_POINT('Ctrl Pts',(-3.87482073465162,-13.8422423398723,385.63275));
#7146=CARTESIAN_POINT('Ctrl Pts',(-3.97044858980393,-13.8077463139345,385.63275));
#7147=CARTESIAN_POINT('Ctrl Pts',(-4.0183001958565,-13.7904847091341,385.63275));
#7148=CARTESIAN_POINT('Ctrl Pts',(-4.06607197872725,-13.7729614500536,385.63275));
#7149=CARTESIAN_POINT('Ctrl Pts',(-4.11372984919263,-13.7551883230559,385.63275));
#7150=CARTESIAN_POINT('Ctrl Pts',(-4.32857851129313,-13.6750644627257,385.63275));
#7151=CARTESIAN_POINT('Ctrl Pts',(-4.54121359306918,-13.5898283567624,385.63275));
#7152=CARTESIAN_POINT('Ctrl Pts',(-4.75144767974406,-13.4995112295888,385.63275));
#7153=CARTESIAN_POINT('Ctrl Pts',(-5.04670094663291,-13.3726696346992,385.63275));
#7154=CARTESIAN_POINT('Ctrl Pts',(-5.33721983305385,-13.235808426552,385.63275));
#7155=CARTESIAN_POINT('Ctrl Pts',(-5.62258811540743,-13.0893124765178,385.63275));
#7156=CARTESIAN_POINT('Ctrl Pts',(-5.90924106102034,-12.9421570349553,385.63275));
#7157=CARTESIAN_POINT('Ctrl Pts',(-6.19069740772478,-12.7852795206969,385.63275));
#7158=CARTESIAN_POINT('Ctrl Pts',(-6.46650728663269,-12.6190252655194,385.63275));
#7159=CARTESIAN_POINT('Ctrl Pts',(-6.74178352288045,-12.4530926825146,385.63275));
#7160=CARTESIAN_POINT('Ctrl Pts',(-7.01143556845898,-12.2778191856297,385.63275));
#7161=CARTESIAN_POINT('Ctrl Pts',(-7.27498139026891,-12.0935097738715,385.63275));
#7162=CARTESIAN_POINT('Ctrl Pts',(-7.53644861468383,-11.9106540184852,385.63275));
#7163=CARTESIAN_POINT('Ctrl Pts',(-7.79190594836823,-11.718903888466,385.63275));
#7164=CARTESIAN_POINT('Ctrl Pts',(-8.04084220966951,-11.5185258644622,385.63275));
#7165=CARTESIAN_POINT('Ctrl Pts',(-8.247608722021,-11.3520918344876,385.63275));
#7166=CARTESIAN_POINT('Ctrl Pts',(-8.44987577176086,-11.1797047881711,385.63275));
#7167=CARTESIAN_POINT('Ctrl Pts',(-8.64732598567046,-11.0015039061902,385.63275));
#7168=CARTESIAN_POINT('Ctrl Pts',(-8.67028470172011,-10.9807834249702,385.63275));
#7169=CARTESIAN_POINT('Ctrl Pts',(-8.69317826707399,-10.9599843280983,385.63275));
#7170=CARTESIAN_POINT('Ctrl Pts',(-8.71600616148538,-10.9391068251812,385.63275));
#7171=CARTESIAN_POINT('Ctrl Pts',(-8.73962877583582,-10.917502502368,385.63275));
#7172=CARTESIAN_POINT('Ctrl Pts',(-8.76317439708312,-10.8958203114633,385.63275));
#7173=CARTESIAN_POINT('Ctrl Pts',(-8.78664067606931,-10.8740623987019,385.63275));
#7174=CARTESIAN_POINT('Ctrl Pts',(-9.01869863941855,-10.6588984638861,385.63275));
#7175=CARTESIAN_POINT('Ctrl Pts',(-9.24306233197032,-10.4362761114981,385.63275));
#7176=CARTESIAN_POINT('Ctrl Pts',(-9.45931885573788,-10.2065324002583,385.63275));
#7177=CARTESIAN_POINT('Ctrl Pts',(-9.67460987555086,-9.97781440818696,385.63275));
#7178=CARTESIAN_POINT('Ctrl Pts',(-9.88186635219007,-9.74203807010603,385.63275));
#7179=CARTESIAN_POINT('Ctrl Pts',(-10.0806425452986,-9.49950163417116,385.63275));
#7180=CARTESIAN_POINT('Ctrl Pts',(-10.1459093958715,-9.41986639679643,385.63275));
#7181=CARTESIAN_POINT('Ctrl Pts',(-10.210261658364,-9.33950210900903,385.63275));
#7182=CARTESIAN_POINT('Ctrl Pts',(-10.2736825359291,-9.25841863637496,385.63275));
#7183=CARTESIAN_POINT('Ctrl Pts',(-10.4680635245272,-9.00990290820015,385.63275));
#7184=CARTESIAN_POINT('Ctrl Pts',(-10.6536987760569,-8.75463285192152,385.63275));
#7185=CARTESIAN_POINT('Ctrl Pts',(-10.8303436830918,-8.49312444643364,385.63275));
#7186=CARTESIAN_POINT('Ctrl Pts',(-11.0063563492593,-8.23255202208369,385.63275));
#7187=CARTESIAN_POINT('Ctrl Pts',(-11.1734430966726,-7.96578522817125,385.63275));
#7188=CARTESIAN_POINT('Ctrl Pts',(-11.331313099584,-7.69331819144065,385.63275));
#7189=CARTESIAN_POINT('Ctrl Pts',(-11.4338257411464,-7.51639214368724,385.63275));
#7190=CARTESIAN_POINT('Ctrl Pts',(-11.5324511129849,-7.33706225964604,385.63275));
#7191=CARTESIAN_POINT('Ctrl Pts',(-11.6270979271108,-7.15546191332973,385.63275));
#7192=CARTESIAN_POINT('Ctrl Pts',(-11.6729417817579,-7.06750058090385,385.63275));
#7193=CARTESIAN_POINT('Ctrl Pts',(-11.7178520782974,-6.97900655684283,385.63275));
#7194=CARTESIAN_POINT('Ctrl Pts',(-11.7618176363602,-6.88999495521876,385.63275));
#7195=CARTESIAN_POINT('Ctrl Pts',(-11.7972955717593,-6.81816718840918,385.63275));
#7196=CARTESIAN_POINT('Ctrl Pts',(-11.8321583160158,-6.74600239211794,385.63275));
#7197=CARTESIAN_POINT('Ctrl Pts',(-11.8663997382925,-6.67350851099129,385.63275));
#7198=CARTESIAN_POINT('Ctrl Pts',(-11.8796193770759,-6.64552068633974,385.63275));
#7199=CARTESIAN_POINT('Ctrl Pts',(-11.8927460547263,-6.61748448321268,385.63275));
#7200=CARTESIAN_POINT('Ctrl Pts',(-11.9057740187708,-6.58941222029557,385.63275));
#7201=CARTESIAN_POINT('Ctrl Pts',(-12.0363870839612,-6.30797113756573,385.63275));
#7202=CARTESIAN_POINT('Ctrl Pts',(-12.1572297308925,-6.02259641377833,385.63275));
#7203=CARTESIAN_POINT('Ctrl Pts',(-12.2681168242255,-5.73379744373847,385.63275));
#7204=CARTESIAN_POINT('Ctrl Pts',(-12.3788718689089,-5.44534238670824,385.63275));
#7205=CARTESIAN_POINT('Ctrl Pts',(-12.4796952334676,-5.1534706425914,385.63275));
#7206=CARTESIAN_POINT('Ctrl Pts',(-12.5703534844396,-4.85867255233385,385.63275));
#7207=CARTESIAN_POINT('Ctrl Pts',(-12.6599910261262,-4.56719355487631,385.63275));
#7208=CARTESIAN_POINT('Ctrl Pts',(-12.7396911484263,-4.27285316793854,385.63275));
#7209=CARTESIAN_POINT('Ctrl Pts',(-12.8091784894839,-3.97611713697695,385.63275));
#7210=CARTESIAN_POINT('Ctrl Pts',(-12.8768921074611,-3.68695554387516,385.63275));
#7211=CARTESIAN_POINT('Ctrl Pts',(-12.934907628444,-3.39551855890184,385.63275));
#7212=CARTESIAN_POINT('Ctrl Pts',(-12.9829226109474,-3.1022370381788,385.63275));
#7213=CARTESIAN_POINT('Ctrl Pts',(-13.0270219054021,-2.83287302998404,385.63275));
#7214=CARTESIAN_POINT('Ctrl Pts',(-13.0626844331207,-2.56195270509148,385.63275));
#7215=CARTESIAN_POINT('Ctrl Pts',(-13.0898916433299,-2.28987003395355,385.63275));
#7216=CARTESIAN_POINT('Ctrl Pts',(-13.1017947977964,-2.1708338653307,385.63275));
#7217=CARTESIAN_POINT('Ctrl Pts',(-13.112079153806,-2.05157532175846,385.63275));
#7218=CARTESIAN_POINT('Ctrl Pts',(-13.1207413172889,-1.93212799844639,385.63275));
#7219=CARTESIAN_POINT('Ctrl Pts',(-13.1263572417861,-1.85468693531723,385.63275));
#7220=CARTESIAN_POINT('Ctrl Pts',(-13.1312912884419,-1.77716653082262,385.63275));
#7221=CARTESIAN_POINT('Ctrl Pts',(-13.1355422839838,-1.69957604601577,385.63275));
#7222=CARTESIAN_POINT('Ctrl Pts',(-13.1372120204609,-1.66909949964534,385.63275));
#7223=CARTESIAN_POINT('Ctrl Pts',(-13.1387764953227,-1.63860953187432,385.63275));
#7224=CARTESIAN_POINT('Ctrl Pts',(-13.1402352186509,-1.60811541980653,385.63275));
#7225=CARTESIAN_POINT('Ctrl Pts',(-13.1546811128037,-1.30612894525493,385.63275));
#7226=CARTESIAN_POINT('Ctrl Pts',(-13.1587420796061,-1.00415531177353,385.63275));
#7227=CARTESIAN_POINT('Ctrl Pts',(-13.1525234104511,-0.702721367764042,
385.63275));
#7228=CARTESIAN_POINT('Ctrl Pts',(-13.1462736721992,-0.399781429435526,
385.63275));
#7229=CARTESIAN_POINT('Ctrl Pts',(-13.1296412448849,-0.0973859673914062,
385.63275));
#7230=CARTESIAN_POINT('Ctrl Pts',(-13.1026805284445,0.20392786270893,385.63275));
#7231=CARTESIAN_POINT('Ctrl Pts',(-13.0758459457104,0.503832018468256,385.63275));
#7232=CARTESIAN_POINT('Ctrl Pts',(-13.0387793354499,0.802665230676091,385.63275));
#7233=CARTESIAN_POINT('Ctrl Pts',(-12.9914843503023,1.09988644865919,385.63275));
#7234=CARTESIAN_POINT('Ctrl Pts',(-12.9445851200861,1.39462057921931,385.63275));
#7235=CARTESIAN_POINT('Ctrl Pts',(-12.8876278091014,1.68777012500322,385.63275));
#7236=CARTESIAN_POINT('Ctrl Pts',(-12.8205691346153,1.97878784172192,385.63275));
#7237=CARTESIAN_POINT('Ctrl Pts',(-12.754753096612,2.26441282983798,385.63275));
#7238=CARTESIAN_POINT('Ctrl Pts',(-12.6792063732511,2.54798470952009,385.63275));
#7239=CARTESIAN_POINT('Ctrl Pts',(-12.5938457137292,2.82895986289213,385.63275));
#7240=CARTESIAN_POINT('Ctrl Pts',(-12.5395596011847,3.00764930699416,385.63275));
#7241=CARTESIAN_POINT('Ctrl Pts',(-12.4813034312642,3.18528796564793,385.63275));
#7242=CARTESIAN_POINT('Ctrl Pts',(-12.4190472056266,3.3617290944422,385.63275));
#7243=CARTESIAN_POINT('Origin',(0.,0.,385.63275));
#7244=CARTESIAN_POINT('Origin',(0.,0.,-483.969992452873));
#7245=CARTESIAN_POINT('Ctrl Pts',(-12.4190472056258,3.36172909444503,385.63275));
#7246=CARTESIAN_POINT('Ctrl Pts',(-12.7152784372694,2.26737867351339,385.681835849042));
#7247=CARTESIAN_POINT('Ctrl Pts',(-12.8639517263654,1.13339815835106,385.730921698084));
#7248=CARTESIAN_POINT('Ctrl Pts',(-12.8643462455962,-0.000442337302973134,
385.780007547126));
#7249=CARTESIAN_POINT('Ctrl Pts',(-14.3507756542467,3.88463134466834,384.477327773782));
#7250=CARTESIAN_POINT('Ctrl Pts',(-14.9968002347588,1.49805897795392,384.569965397996));
#7251=CARTESIAN_POINT('Ctrl Pts',(-15.0742253168898,-3.6013011110947,384.755240646423));
#7252=CARTESIAN_POINT('Ctrl Pts',(-11.5128966128768,-10.3755048357124,385.033153519064));
#7253=CARTESIAN_POINT('Ctrl Pts',(-5.14558168495959,-14.6190139728015,385.311066391705));
#7254=CARTESIAN_POINT('Ctrl Pts',(2.47653269483655,-15.2991811291311,385.588979264346));
#7255=CARTESIAN_POINT('Ctrl Pts',(9.49472166073046,-12.2492829059797,385.866892136987));
#7256=CARTESIAN_POINT('Ctrl Pts',(14.1982876035821,-6.21328879126415,386.144805009628));
#7257=CARTESIAN_POINT('Ctrl Pts',(15.4404279741313,1.33750535752926,386.422717882269));
#7258=CARTESIAN_POINT('Ctrl Pts',(12.918383568221,8.56219697714242,386.70063075491));
#7259=CARTESIAN_POINT('Ctrl Pts',(7.2469712959739,13.6995364774842,386.978543627551));
#7260=CARTESIAN_POINT('Ctrl Pts',(-0.191167321913443,15.4970734477848,387.256456500192));
#7261=CARTESIAN_POINT('Ctrl Pts',(-7.58270373200848,13.5166000806505,387.534369372832));
#7262=CARTESIAN_POINT('Ctrl Pts',(-13.1256602054902,8.24092808024993,387.812282245473));
#7263=CARTESIAN_POINT('Ctrl Pts',(-15.4687272235941,0.956210360464831,388.090195118115));
#7264=CARTESIAN_POINT('Ctrl Pts',(-14.0406903170343,-6.56162124637086,388.368107990755));
#7265=CARTESIAN_POINT('Ctrl Pts',(-9.18968938405519,-12.4798023549739,388.646020863396));
#7266=CARTESIAN_POINT('Ctrl Pts',(-2.09834431850901,-15.3555465410889,388.923933736037));
#7267=CARTESIAN_POINT('Ctrl Pts',(5.50455372667218,-14.4877792018593,389.201846608677));
#7268=CARTESIAN_POINT('Ctrl Pts',(11.7655028042969,-10.0880524376021,389.479759481319));
#7269=CARTESIAN_POINT('Ctrl Pts',(15.1581531369608,-3.22897066789046,389.757672353959));
#7270=CARTESIAN_POINT('Ctrl Pts',(14.8554143138496,4.41729823523192,390.035585226601));
#7271=CARTESIAN_POINT('Ctrl Pts',(10.9310906882966,10.986678956655,390.313498099241));
#7272=CARTESIAN_POINT('Ctrl Pts',(4.34188871972164,14.877629531329,390.591410971883));
#7273=CARTESIAN_POINT('Ctrl Pts',(-3.30581743242408,15.1415794828526,390.869323844523));
#7274=CARTESIAN_POINT('Ctrl Pts',(-10.1476020587626,11.7141807475106,391.147236717164));
#7275=CARTESIAN_POINT('Ctrl Pts',(-14.5155141559919,5.43099502091982,391.425149589805));
#7276=CARTESIAN_POINT('Ctrl Pts',(-15.3447053307639,-2.17620689307979,391.703062462446));
#7277=CARTESIAN_POINT('Ctrl Pts',(-12.4330279962716,-9.25287376837563,391.980975335087));
#7278=CARTESIAN_POINT('Ctrl Pts',(-6.49031670550994,-14.0737929213063,392.258888207728));
#7279=CARTESIAN_POINT('Ctrl Pts',(1.03466161844079,-15.463677876394,392.536801080369));
#7280=CARTESIAN_POINT('Ctrl Pts',(8.30740094641678,-13.0836901386831,392.814713953009));
#7281=CARTESIAN_POINT('Ctrl Pts',(13.5548883112823,-7.51404425048505,393.092626825651));
#7282=CARTESIAN_POINT('Ctrl Pts',(15.4978446514358,-0.112557938628868,393.370539698292));
#7283=CARTESIAN_POINT('Ctrl Pts',(13.6625988190039,7.31636874689457,393.648452570932));
#7284=CARTESIAN_POINT('Ctrl Pts',(8.49656333793946,12.9616460981611,393.926365443574));
#7285=CARTESIAN_POINT('Ctrl Pts',(1.2591602064099,15.4470182787546,394.204278316214));
#7286=CARTESIAN_POINT('Ctrl Pts',(-6.28521218016554,14.1665791911764,394.482191188856));
#7287=CARTESIAN_POINT('Ctrl Pts',(-12.2973197358343,9.43248564505897,394.760104061496));
#7288=CARTESIAN_POINT('Ctrl Pts',(-15.3114774999118,2.39885699850727,395.038016934137));
#7289=CARTESIAN_POINT('Ctrl Pts',(-14.5928673303329,-5.21958630629713,395.315929806778));
#7290=CARTESIAN_POINT('Ctrl Pts',(-10.31667839469,-11.5655525172868,395.593842679419));
#7291=CARTESIAN_POINT('Ctrl Pts',(-3.52539799946975,-15.0919656464931,395.87175555206));
#7292=CARTESIAN_POINT('Ctrl Pts',(4.12533522163701,-14.9391253906882,396.149668424701));
#7293=CARTESIAN_POINT('Ctrl Pts',(10.7703575940684,-11.144292504483,396.427581297341));
#7294=CARTESIAN_POINT('Ctrl Pts',(14.7896865635365,-4.63260504273122,396.705494169983));
#7295=CARTESIAN_POINT('Ctrl Pts',(15.2034544267355,3.00846000866867,396.983407042623));
#7296=CARTESIAN_POINT('Ctrl Pts',(11.9107891801821,9.91609596740732,397.261319915265));
#7297=CARTESIAN_POINT('Ctrl Pts',(5.71440599285156,14.4062980074148,397.539232787905));
#7298=CARTESIAN_POINT('Ctrl Pts',(-1.87508582492603,15.3844048074261,397.817145660546));
#7299=CARTESIAN_POINT('Ctrl Pts',(-9.00745257164646,12.6119648072425,398.095058533187));
#7300=CARTESIAN_POINT('Ctrl Pts',(-13.9439025543863,6.76486804626392,398.372971405828));
#7301=CARTESIAN_POINT('Ctrl Pts',(-15.4809841662208,-0.731428311465105,
398.650884278469));
#7302=CARTESIAN_POINT('Ctrl Pts',(-13.2439740042573,-8.04941058116303,398.92879715111));
#7303=CARTESIAN_POINT('Ctrl Pts',(-7.77823026791857,-13.4050360696575,399.206710023751));
#7304=CARTESIAN_POINT('Ctrl Pts',(-0.416240494915751,-15.4926628434232,
399.484622896392));
#7305=CARTESIAN_POINT('Ctrl Pts',(7.04722408168584,-13.8033507117689,399.762535769032));
#7306=CARTESIAN_POINT('Ctrl Pts',(12.7926538002164,-8.74893518534586,400.040448641674));
#7307=CARTESIAN_POINT('Ctrl Pts',(15.4193767909304,-1.56162655871973,400.318361514314));
#7308=CARTESIAN_POINT('Ctrl Pts',(14.2870272008003,6.00638925588276,400.596274386956));
#7309=CARTESIAN_POINT('Ctrl Pts',(9.67165926689893,12.1101141676947,400.874187259596));
#7310=CARTESIAN_POINT('Ctrl Pts',(2.69844836343802,15.2615279234895,401.152100132237));
#7311=CARTESIAN_POINT('Ctrl Pts',(-4.93261424125228,14.6923508968639,401.430013004878));
#7312=CARTESIAN_POINT('Ctrl Pts',(-11.3611603501332,10.5413421170236,401.707925877519));
#7313=CARTESIAN_POINT('Ctrl Pts',(-15.0199819145132,3.82047136061497,401.985838750159));
#7314=CARTESIAN_POINT('Ctrl Pts',(-15.0170989272002,-3.83178782558131,402.263751622801));
#7315=CARTESIAN_POINT('Ctrl Pts',(-11.3532142284378,-10.549899753684,402.541664495442));
#7316=CARTESIAN_POINT('Ctrl Pts',(-4.92154216127401,-14.6960634485694,402.819577368082));
#7317=CARTESIAN_POINT('Ctrl Pts',(2.70994715173268,-15.2594903114225,403.097490240723));
#7318=CARTESIAN_POINT('Ctrl Pts',(9.68078148680371,-12.1028231390181,403.375403113364));
#7319=CARTESIAN_POINT('Ctrl Pts',(14.2915489565528,-5.99562228230287,403.653315986005));
#7320=CARTESIAN_POINT('Ctrl Pts',(15.4181957287653,1.57324460878604,403.931228858646));
#7321=CARTESIAN_POINT('Ctrl Pts',(12.7860578499534,8.75857196049833,404.209141731287));
#7322=CARTESIAN_POINT('Ctrl Pts',(7.03682126264459,13.8086568733953,404.487054603928));
#7323=CARTESIAN_POINT('Ctrl Pts',(-0.427914091142302,15.4923448083298,404.764967476569));
#7324=CARTESIAN_POINT('Ctrl Pts',(-7.78832874839531,13.3991713712644,405.042880349209));
#7325=CARTESIAN_POINT('Ctrl Pts',(-13.2500354717503,8.03942896771548,405.320793221851));
#7326=CARTESIAN_POINT('Ctrl Pts',(-15.4815309023652,0.719763189315311,405.598706094491));
#7327=CARTESIAN_POINT('Ctrl Pts',(-13.9388012709914,-6.77537285006531,405.876618967133));
#7328=CARTESIAN_POINT('Ctrl Pts',(-8.99794690487098,-12.6187483383538,406.154531839773));
#7329=CARTESIAN_POINT('Ctrl Pts',(-1.86349315061661,-15.3858133164025,406.432444712414));
#7330=CARTESIAN_POINT('Ctrl Pts',(5.725259509622,-14.4019881154331,406.710357585056));
#7331=CARTESIAN_POINT('Ctrl Pts',(11.9182575727291,-9.90711837820004,406.988270457696));
#7332=CARTESIAN_POINT('Ctrl Pts',(15.2057169840113,-2.99700335864414,407.266183330337));
#7333=CARTESIAN_POINT('Ctrl Pts',(14.7861916992402,4.64374774970627,407.544096202978));
#7334=CARTESIAN_POINT('Ctrl Pts',(10.7619573172493,11.1524048003691,407.822009075619));
#7335=CARTESIAN_POINT('Ctrl Pts',(4.11407742636234,14.9422295879657,408.09992194826));
#7336=CARTESIAN_POINT('Ctrl Pts',(-3.53676878791085,15.0893049763878,408.3778348209));
#7337=CARTESIAN_POINT('Ctrl Pts',(-10.325390104532,11.5577756215816,408.655747693542));
#7338=CARTESIAN_POINT('Ctrl Pts',(-14.5967961436,5.20858910567617,408.933660566182));
#7339=CARTESIAN_POINT('Ctrl Pts',(-15.309665615622,-2.41039350883325,409.211573438823));
#7340=CARTESIAN_POINT('Ctrl Pts',(-12.2902088712281,-9.44174899217185,409.489486311464));
#7341=CARTESIAN_POINT('Ctrl Pts',(-6.27453588495145,-14.1713110740693,409.767399184105));
#7342=CARTESIAN_POINT('Ctrl Pts',(1.2707991701903,-15.4460651170004,410.045312056746));
#7343=CARTESIAN_POINT('Ctrl Pts',(8.5063275203535,-12.9552402619967,410.323224929387));
#7344=CARTESIAN_POINT('Ctrl Pts',(13.6681078209696,-7.30607190793669,410.601137802028));
#7345=CARTESIAN_POINT('Ctrl Pts',(15.4977554395397,0.124235525556215,410.879050674669));
#7346=CARTESIAN_POINT('Ctrl Pts',(13.5492226343914,7.52425571955706,411.15696354731));
#7347=CARTESIAN_POINT('Ctrl Pts',(8.29754003354818,13.0899460473009,411.43487641995));
#7348=CARTESIAN_POINT('Ctrl Pts',(1.02300945048966,15.464453103611,411.712789292592));
#7349=CARTESIAN_POINT('Ctrl Pts',(-6.50091945958433,14.0688984753456,411.990702165232));
#7350=CARTESIAN_POINT('Ctrl Pts',(-12.4399965029373,9.24350286073955,412.268615037873));
#7351=CARTESIAN_POINT('Ctrl Pts',(-15.3463407456034,2.16464404681601,412.546527910514));
#7352=CARTESIAN_POINT('Ctrl Pts',(-14.5114177830329,-5.44193091244735,412.824440783155));
#7353=CARTESIAN_POINT('Ctrl Pts',(-10.1387725482209,-11.721823635639,413.102353655796));
#7354=CARTESIAN_POINT('Ctrl Pts',(-3.29440732068724,-15.1440661163043,413.380266528437));
#7355=CARTESIAN_POINT('Ctrl Pts',(4.3530977741226,-14.8743536968341,413.658179401078));
#7356=CARTESIAN_POINT('Ctrl Pts',(10.9393660429363,-10.9784392655898,413.936092273719));
#7357=CARTESIAN_POINT('Ctrl Pts',(14.8587385285147,-4.40610343396708,414.214005146359));
#7358=CARTESIAN_POINT('Ctrl Pts',(15.1557158066983,3.24039141403763,414.491918019001));
#7359=CARTESIAN_POINT('Ctrl Pts',(11.7578981197883,10.0969148720914,414.769830891641));
#7360=CARTESIAN_POINT('Ctrl Pts',(5.49363563230326,14.4919227733617,415.047743764282));
#7361=CARTESIAN_POINT('Ctrl Pts',(-2.10991412694065,15.3539610689398,415.325656636923));
#7362=CARTESIAN_POINT('Ctrl Pts',(-9.19909028665045,12.4728744091984,415.603569509564));
#7363=CARTESIAN_POINT('Ctrl Pts',(-14.0456305386887,6.55103968086341,415.881482382205));
#7364=CARTESIAN_POINT('Ctrl Pts',(-15.4680022685773,-0.967865666749021,
416.159395254846));
#7365=CARTESIAN_POINT('Ctrl Pts',(-13.1194470669409,-8.25081612856082,416.437308127487));
#7366=CARTESIAN_POINT('Ctrl Pts',(-7.57251657336732,-13.5223093765699,416.715221000128));
#7367=CARTESIAN_POINT('Ctrl Pts',(-0.179490754093845,-15.4972139818349,
416.993133872769));
#7368=CARTESIAN_POINT('Ctrl Pts',(7.25729291488758,-13.69407016475,417.27104674541));
#7369=CARTESIAN_POINT('Ctrl Pts',(12.9248292804665,-8.5524643349376,417.54895961805));
#7370=CARTESIAN_POINT('Ctrl Pts',(15.4414360060835,-1.32586281327333,417.826872490691));
#7371=CARTESIAN_POINT('Ctrl Pts',(14.193592359524,6.22396931718377,418.104785363332));
#7372=CARTESIAN_POINT('Ctrl Pts',(9.48550874439765,12.2564669456389,418.382698235973));
#7373=CARTESIAN_POINT('Ctrl Pts',(2.46496358689541,15.3009742384226,418.660611108614));
#7374=CARTESIAN_POINT('Ctrl Pts',(-5.15651227992907,14.615274175893,418.938523981255));
#7375=CARTESIAN_POINT('Ctrl Pts',(-11.5208877991134,10.366532807541,419.216436853896));
#7376=CARTESIAN_POINT('Ctrl Pts',(-15.0765989980831,3.59054602819567,419.494349726537));
#7377=CARTESIAN_POINT('Ctrl Pts',(-14.9568030300297,-4.0607759419203,419.772262599178));
#7378=CARTESIAN_POINT('Ctrl Pts',(-11.1907048197002,-10.7221258977831,420.050175471819));
#7379=CARTESIAN_POINT('Ctrl Pts',(-4.69643722753252,-14.7695408018472,420.328088344459));
#7380=CARTESIAN_POINT('Ctrl Pts',(2.9427695310533,-15.2163059123,420.606001217101));
#7381=CARTESIAN_POINT('Ctrl Pts',(9.86456180486978,-11.9535048637413,420.883914089741));
#7382=CARTESIAN_POINT('Ctrl Pts',(14.3814836156629,-5.77657226579928,421.161826962382));
#7383=CARTESIAN_POINT('Ctrl Pts',(15.3923596592043,1.80862440857478,421.439739835023));
#7384=CARTESIAN_POINT('Ctrl Pts',(12.6507495981542,8.95289856607254,421.717652707664));
#7385=CARTESIAN_POINT('Ctrl Pts',(6.82502747561532,13.9145556194468,421.995565580305));
#7386=CARTESIAN_POINT('Ctrl Pts',(-0.664560443509505,15.4839987582832,422.273478452946));
#7387=CARTESIAN_POINT('Ctrl Pts',(-7.99213591716505,13.2786151993024,422.551391325587));
#7388=CARTESIAN_POINT('Ctrl Pts',(-13.3713175357405,7.8360529278441,422.829304198228));
#7389=CARTESIAN_POINT('Ctrl Pts',(-15.4907206431691,0.4831480982858,423.107217070868));
#7390=CARTESIAN_POINT('Ctrl Pts',(-13.8336583320015,-6.98754286448659,423.38512994351));
#7391=CARTESIAN_POINT('Ctrl Pts',(-8.80410396530482,-12.7547485862206,423.66304281615));
#7392=CARTESIAN_POINT('Ctrl Pts',(-1.62820696338821,-15.4124884497594,423.940955688792));
#7393=CARTESIAN_POINT('Ctrl Pts',(5.94462878871169,-14.3128350334238,424.218868561432));
#7394=CARTESIAN_POINT('Ctrl Pts',(12.0682301530699,-9.72387161073766,424.496781434073));
#7395=CARTESIAN_POINT('Ctrl Pts',(15.2497312183813,-2.76433642972577,424.774694306714));
#7396=CARTESIAN_POINT('Ctrl Pts',(14.713517406787,4.8691132303294,425.052607179355));
#7397=CARTESIAN_POINT('Ctrl Pts',(10.5903116822525,11.3155272348367,425.330520051996));
#7398=CARTESIAN_POINT('Ctrl Pts',(3.88530574574273,15.0033415408595,425.608432924637));
#7399=CARTESIAN_POINT('Ctrl Pts',(-3.76689452261666,15.0335080332261,425.886345797278));
#7400=CARTESIAN_POINT('Ctrl Pts',(-10.5007677984588,11.3986724565817,426.164258669919));
#7401=CARTESIAN_POINT('Ctrl Pts',(-14.6746706653657,4.98496730106005,426.44217154256));
#7402=CARTESIAN_POINT('Ctrl Pts',(-15.2710520228725,-2.64401744402624,426.720084415201));
#7403=CARTESIAN_POINT('Ctrl Pts',(-12.1445207284484,-9.62842014070174,426.997997287841));
#7404=CARTESIAN_POINT('Ctrl Pts',(-6.05729034113718,-14.2655210859169,427.275910160483));
#7405=CARTESIAN_POINT('Ctrl Pts',(1.5066400674724,-15.424846639,427.553823033123));
#7406=CARTESIAN_POINT('Ctrl Pts',(8.70326838316297,-12.8237661231102,427.831735905764));
#7407=CARTESIAN_POINT('Ctrl Pts',(13.7781366571552,-7.09639404108441,428.109648778405));
#7408=CARTESIAN_POINT('Ctrl Pts',(15.4940484424839,0.360999988287242,428.387561651046));
#7409=CARTESIAN_POINT('Ctrl Pts',(13.432683528752,7.73038623523997,428.665474523687));
#7410=CARTESIAN_POINT('Ctrl Pts',(8.09657975723387,13.2151902886161,428.943387396328));
#7411=CARTESIAN_POINT('Ctrl Pts',(0.786619883960896,15.4782779173828,429.221300268969));
#7412=CARTESIAN_POINT('Ctrl Pts',(-6.71510916892561,13.9679335257225,429.49921314161));
#7413=CARTESIAN_POINT('Ctrl Pts',(-12.579769285982,9.05236227959568,429.77712601425));
#7414=CARTESIAN_POINT('Ctrl Pts',(-15.3776215522756,1.9299257821381,430.055038886892));
#7415=CARTESIAN_POINT('Ctrl Pts',(-14.426580700545,-5.66300515806276,430.332951759532));
#7416=CARTESIAN_POINT('Ctrl Pts',(-9.95849991379818,-11.8753584197057,430.610864632173));
#7417=CARTESIAN_POINT('Ctrl Pts',(-3.06264759776821,-15.1926313659441,430.888777504814));
#7418=CARTESIAN_POINT('Ctrl Pts',(4.57984414251706,-14.8061097442858,431.166690377455));
#7419=CARTESIAN_POINT('Ctrl Pts',(11.1058208138665,-10.8100232275367,431.444603250096));
#7420=CARTESIAN_POINT('Ctrl Pts',(14.9243218799928,-4.17857326751031,431.722516122737));
#7421=CARTESIAN_POINT('Ctrl Pts',(15.1044392469945,3.47156638470796,432.000428995377));
#7422=CARTESIAN_POINT('Ctrl Pts',(11.6022623039041,10.2753767600511,432.278341868019));
#7423=CARTESIAN_POINT('Ctrl Pts',(5.27158284130616,14.574164555021,432.556254740659));
#7424=CARTESIAN_POINT('Ctrl Pts',(-2.34424989208017,15.3199331125516,432.834167613301));
#7425=CARTESIAN_POINT('Ctrl Pts',(-9.3885805724687,12.3308723521025,433.112080485941));
#7426=CARTESIAN_POINT('Ctrl Pts',(-14.1440797208491,6.33568204535701,433.389993358583));
#7427=CARTESIAN_POINT('Ctrl Pts',(-15.4514095313346,-1.20407708414937,433.667906231223));
#7428=CARTESIAN_POINT('Ctrl Pts',(-12.9918575351037,-8.45029561122925,433.945819103864));
#7429=CARTESIAN_POINT('Ctrl Pts',(-7.36503515585853,-13.6364260450659,434.223731976504));
#7430=CARTESIAN_POINT('Ctrl Pts',(0.0573008869225227,-15.4981474614849,
434.501644849146));
#7431=CARTESIAN_POINT('Ctrl Pts',(7.46566761072207,-13.5815928835979,434.779557721786));
#7432=CARTESIAN_POINT('Ctrl Pts',(13.053987597636,-8.35399700325294,435.057470594428));
#7433=CARTESIAN_POINT('Ctrl Pts',(15.4598905832458,-1.08978955934175,435.335383467068));
#7434=CARTESIAN_POINT('Ctrl Pts',(14.0968441760037,6.44009645945192,435.61329633971));
#7435=CARTESIAN_POINT('Ctrl Pts',(9.29714393138963,12.399958582536,435.89120921235));
#7436=CARTESIAN_POINT('Ctrl Pts',(2.2309033909821,15.3368487046621,436.169122084992));
#7437=CARTESIAN_POINT('Ctrl Pts',(-5.37920658599737,14.53478567557,436.447034957632));
#7438=CARTESIAN_POINT('Ctrl Pts',(-11.6779258201277,10.1893035419103,436.724947830274));
#7439=CARTESIAN_POINT('Ctrl Pts',(-15.1296966109576,3.35978252122995,437.002860702914));
#7440=CARTESIAN_POINT('Ctrl Pts',(-14.8930156272513,-4.28881611357054,437.280773575555));
#7441=CARTESIAN_POINT('Ctrl Pts',(-11.0255830606796,-10.891849076334,437.558686448195));
#7442=CARTESIAN_POINT('Ctrl Pts',(-4.47023596077767,-14.8395703638806,437.836599320837));
#7443=CARTESIAN_POINT('Ctrl Pts',(3.17490495231863,-15.169569429398,438.114512193477));
#7444=CARTESIAN_POINT('Ctrl Pts',(10.0460393465475,-11.8013961706741,438.392425066119));
#7445=CARTESIAN_POINT('Ctrl Pts',(14.4680610713266,-5.5561737703169,438.670337938759));
#7446=CARTESIAN_POINT('Ctrl Pts',(15.3629304080006,2.04358200435255,438.9482508114));
#7447=CARTESIAN_POINT('Ctrl Pts',(12.5124881642413,9.14513521328721,439.226163684041));
#7448=CARTESIAN_POINT('Ctrl Pts',(6.61164045895833,14.0172061613953,439.504076556682));
#7449=CARTESIAN_POINT('Ctrl Pts',(-0.901051661352898,15.4720381344268,439.781989429323));
#7450=CARTESIAN_POINT('Ctrl Pts',(-8.19407740733117,13.1549592767229,440.059902301964));
#7451=CARTESIAN_POINT('Ctrl Pts',(-13.4894782087447,7.63084764527405,440.337815174604));
#7452=CARTESIAN_POINT('Ctrl Pts',(-15.4962942410122,0.246420221500722,440.615728047246));
#7453=CARTESIAN_POINT('Ctrl Pts',(-13.7252860735127,-7.1980817118049,440.893640919886));
#7454=CARTESIAN_POINT('Ctrl Pts',(-8.6082058018842,-12.8877713745236,441.171553792528));
#7455=CARTESIAN_POINT('Ctrl Pts',(-1.39254068867072,-15.4355657026229,441.449466665169));
#7456=CARTESIAN_POINT('Ctrl Pts',(6.16261035782463,-14.220340773245,441.72737953781));
#7457=CARTESIAN_POINT('Ctrl Pts',(12.2153855342292,-9.53835490950751,442.00529241045));
#7458=CARTESIAN_POINT('Ctrl Pts',(15.2901855661927,-2.53102419604901,442.283205283091));
#7459=CARTESIAN_POINT('Ctrl Pts',(14.6374084011503,5.09334206857525,442.561118155732));
#7460=CARTESIAN_POINT('Ctrl Pts',(10.4161938523259,11.4760081805627,442.839031028374));
#7461=CARTESIAN_POINT('Ctrl Pts',(3.65562708207732,15.0609511242274,443.116943901014));
#7462=CARTESIAN_POINT('Ctrl Pts',(-3.99614091610495,14.9742016784944,443.394856773655));
#7463=CARTESIAN_POINT('Ctrl Pts',(-10.6736942005148,11.2369083934808,443.672769646296));
#7464=CARTESIAN_POINT('Ctrl Pts',(-14.749119542304,4.76018180917595,443.950682518937));
#7465=CARTESIAN_POINT('Ctrl Pts',(-15.2288735664505,-2.87702416163931,444.228595391577));
#7466=CARTESIAN_POINT('Ctrl Pts',(-11.9959975772701,-9.81284363758602,444.506508264219));
#7467=CARTESIAN_POINT('Ctrl Pts',(-5.83863078771471,-14.3564009645291,444.784421136859));
#7468=CARTESIAN_POINT('Ctrl Pts',(1.74212925575523,-15.4000273956196,445.062334009501));
#7469=CARTESIAN_POINT('Ctrl Pts',(8.89817756110552,-12.6892984132544,445.340246882141));
#7470=CARTESIAN_POINT('Ctrl Pts',(13.8849491347835,-6.88505959698598,445.618159754782));
#7471=CARTESIAN_POINT('Ctrl Pts',(15.4867245256283,0.597680179433096,445.896072627423));
#7472=CARTESIAN_POINT('Ctrl Pts',(13.3130087068918,7.93471217498253,446.173985500064));
#7473=CARTESIAN_POINT('Ctrl Pts',(7.89372942101948,13.3373495851808,446.451898372705));
#7474=CARTESIAN_POINT('Ctrl Pts',(0.550046689436912,15.4884894928147,446.729811245346));
#7475=CARTESIAN_POINT('Ctrl Pts',(-6.92773130789244,13.8637079114943,447.007724117986));
#7476=CARTESIAN_POINT('Ctrl Pts',(-12.7166054565078,8.85910852135194,447.285636990628));
#7477=CARTESIAN_POINT('Ctrl Pts',(-15.4053126177597,1.6947569969394,447.563549863268));
#7478=CARTESIAN_POINT('Ctrl Pts',(-14.3383758871772,-5.8827574357275,447.84146273591));
#7479=CARTESIAN_POINT('Ctrl Pts',(-9.77590257414046,-12.0261210284321,448.11937560855));
#7480=CARTESIAN_POINT('Ctrl Pts',(-2.8301729325424,-15.2376500583747,448.397288481191));
#7481=CARTESIAN_POINT('Ctrl Pts',(4.80552139530875,-14.7344094638646,448.675201353833));
#7482=CARTESIAN_POINT('Ctrl Pts',(11.2696830497774,-10.6390837052419,448.953114226473));
#7483=CARTESIAN_POINT('Ctrl Pts',(14.9864213082403,-3.95006765783881,449.231027099114));
#7484=CARTESIAN_POINT('Ctrl Pts',(15.0496367175874,3.70193095535777,449.508939971755));
#7485=CARTESIAN_POINT('Ctrl Pts',(11.4439180640454,10.451439971267,449.786852844396));
#7486=CARTESIAN_POINT('Ctrl Pts',(5.04829945570947,14.6530041539289,450.064765717037));
#7487=CARTESIAN_POINT('Ctrl Pts',(-2.57803841716931,15.2823288817242,450.342678589677));
#7488=CARTESIAN_POINT('Ctrl Pts',(-9.57587919462572,12.1859917848129,450.620591462319));
#7489=CARTESIAN_POINT('Ctrl Pts',(-14.2392271189612,6.11884541267569,450.898504334959));
#7490=CARTESIAN_POINT('Ctrl Pts',(-15.4312098278886,-1.44000742263972,451.1764172076));
#7491=CARTESIAN_POINT('Ctrl Pts',(-12.8612351931576,-8.64780246281538,451.454330080241));
#7492=CARTESIAN_POINT('Ctrl Pts',(-7.15583444971132,-13.7473594358301,451.732242952882));
#7493=CARTESIAN_POINT('Ctrl Pts',(0.29407915166004,-15.4954630644631,452.010155825523));
#7494=CARTESIAN_POINT('Ctrl Pts',(7.67229952634733,-13.4659451249291,452.288068698164));
#7495=CARTESIAN_POINT('Ctrl Pts',(13.1800986010967,-8.15357952036729,452.565981570804));
#7496=CARTESIAN_POINT('Ctrl Pts',(15.4747362143944,-0.853461905701132,452.843894443446));
#7497=CARTESIAN_POINT('Ctrl Pts',(13.9968052350675,6.65472023012014,453.121807316086));
#7498=CARTESIAN_POINT('Ctrl Pts',(9.10660879962191,12.540555581801,453.399720188728));
#7499=CARTESIAN_POINT('Ctrl Pts',(1.99632241454363,15.3691429476979,453.677633061369));
#7500=CARTESIAN_POINT('Ctrl Pts',(-5.60064517385321,14.4509041850736,453.955545934009));
#7501=CARTESIAN_POINT('Ctrl Pts',(-11.8322377543282,10.0096956924096,454.233458806651));
#7502=CARTESIAN_POINT('Ctrl Pts',(-15.1792623580675,3.12823470899156,454.511371679291));
#7503=CARTESIAN_POINT('Ctrl Pts',(-14.825751609352,-4.51585510699573,454.789284551932));
#7504=CARTESIAN_POINT('Ctrl Pts',(-10.8578874972821,-11.0590296692773,455.067197424573));
#7505=CARTESIAN_POINT('Ctrl Pts',(-4.24299116527553,-14.9061357870166,455.345110297214));
#7506=CARTESIAN_POINT('Ctrl Pts',(3.40629922599763,-15.1192917728491,455.623023169855));
#7507=CARTESIAN_POINT('Ctrl Pts',(10.2251717478452,-11.6465325679642,455.900936042495));
#7508=CARTESIAN_POINT('Ctrl Pts',(14.551261112961,-5.334478245529,456.178848915137));
#7509=CARTESIAN_POINT('Ctrl Pts',(15.3299148450993,2.2780625477795,456.456761787777));
#7510=CARTESIAN_POINT('Ctrl Pts',(12.3713058238681,9.33523702655271,456.734674660419));
#7511=CARTESIAN_POINT('Ctrl Pts',(6.39671002558997,14.116584536569,457.012587533059));
#7512=CARTESIAN_POINT('Ctrl Pts',(-1.13733253832721,15.456465728841,457.290500405701));
#7513=CARTESIAN_POINT('Ctrl Pts',(-8.39410607781526,13.0282324696778,457.568413278341));
#7514=CARTESIAN_POINT('Ctrl Pts',(-13.6044899074186,7.42386102298111,457.846326150982));
#7515=CARTESIAN_POINT('Ctrl Pts',(-15.4982503947967,0.00963482055199118,
458.124239023623));
#7516=CARTESIAN_POINT('Ctrl Pts',(-13.6137097938707,-7.40694024397742,458.402151896264));
#7517=CARTESIAN_POINT('Ctrl Pts',(-8.41029814493857,-13.0177856505181,458.680064768905));
#7518=CARTESIAN_POINT('Ctrl Pts',(-1.15654934022923,-15.4550396878558,458.957977641546));
#7519=CARTESIAN_POINT('Ctrl Pts',(6.37915333150039,-14.12452692669,459.235890514186));
#7520=CARTESIAN_POINT('Ctrl Pts',(12.3596893643586,-9.35061158139684,459.513803386828));
#7521=CARTESIAN_POINT('Ctrl Pts',(15.3270705838099,-2.29712112185917,459.791716259468));
#7522=CARTESIAN_POINT('Ctrl Pts',(14.557882449164,5.31638192062003,460.06962913211));
#7523=CARTESIAN_POINT('Ctrl Pts',(10.2396444734131,11.6338101749893,460.34754200475));
#7524=CARTESIAN_POINT('Ctrl Pts',(3.42509505138779,15.1150448897299,460.625454877391));
#7525=CARTESIAN_POINT('Ctrl Pts',(-4.22445445326306,14.9113997566254,460.903367750032));
#7526=CARTESIAN_POINT('Ctrl Pts',(-10.8441289428853,11.072521194365,461.181280622673));
#7527=CARTESIAN_POINT('Ctrl Pts',(-14.8201253951229,4.5342851037871,461.459193495314));
#7528=CARTESIAN_POINT('Ctrl Pts',(-15.1831400924646,-3.10935926875243,461.737106367955));
#7529=CARTESIAN_POINT('Ctrl Pts',(-11.8446740888304,-9.99497643113639,462.015019240596));
#7530=CARTESIAN_POINT('Ctrl Pts',(-5.61860826841542,-14.4439294949708,462.292932113237));
#7531=CARTESIAN_POINT('Ctrl Pts',(1.97721176260653,-15.3716131806455,462.570844985877));
#7532=CARTESIAN_POINT('Ctrl Pts',(9.09100955471864,-12.5518685224786,462.848757858519));
#7533=CARTESIAN_POINT('Ctrl Pts',(13.9885203196257,-6.67211790940492,463.126670731159));
#7534=CARTESIAN_POINT('Ctrl Pts',(15.4757853986625,0.834220848539506,463.4045836038));
#7535=CARTESIAN_POINT('Ctrl Pts',(13.1902261056158,8.13718584108256,463.682496476441));
#7536=CARTESIAN_POINT('Ctrl Pts',(7.68903637814569,13.4563954202132,463.960409349082));
#7537=CARTESIAN_POINT('Ctrl Pts',(0.313345092401953,15.4950854461232,464.238322221723));
#7538=CARTESIAN_POINT('Ctrl Pts',(-7.13873624212012,13.7562459630171,464.516235094364));
#7539=CARTESIAN_POINT('Ctrl Pts',(-12.8504730715762,8.66378669902943,464.794147967005));
#7540=CARTESIAN_POINT('Ctrl Pts',(-15.4294074778724,1.45919258885482,465.072060839646));
#7541=CARTESIAN_POINT('Ctrl Pts',(-14.2468239333992,-6.10113644662258,465.349973712287));
#7542=CARTESIAN_POINT('Ctrl Pts',(-9.59102315464398,-12.1740762679004,465.627886584928));
#7543=CARTESIAN_POINT('Ctrl Pts',(-2.59703759373465,-15.2791116844636,465.905799457568));
#7544=CARTESIAN_POINT('Ctrl Pts',(5.03007685055433,-14.6592695932338,466.183712330209));
#7545=CARTESIAN_POINT('Ctrl Pts',(11.4309144987806,-10.4656606027116,466.46162520285));
#7546=CARTESIAN_POINT('Ctrl Pts',(15.0450223168092,-3.72063994714607,466.739538075491));
#7547=CARTESIAN_POINT('Ctrl Pts',(14.9913210115415,3.93143134983945,467.017450948132));
#7548=CARTESIAN_POINT('Ctrl Pts',(11.2829023639833,10.6250634056659,467.295363820773));
#7549=CARTESIAN_POINT('Ctrl Pts',(4.82383759862834,14.7284231658251,467.573276693414));
#7550=CARTESIAN_POINT('Ctrl Pts',(-2.81122512677837,15.2411571547636,467.851189566055));
#7551=CARTESIAN_POINT('Ctrl Pts',(-9.76094243026329,12.0382665281449,468.129102438696));
#7552=CARTESIAN_POINT('Ctrl Pts',(-14.3310505218754,5.90058040102118,468.407015311337));
#7553=CARTESIAN_POINT('Ctrl Pts',(-15.4074078736587,-1.67560160682029,468.684928183977));
#7554=CARTESIAN_POINT('Ctrl Pts',(-12.7276105334607,-8.84329057743166,468.962841056619));
#7555=CARTESIAN_POINT('Ctrl Pts',(-6.94496329064791,-13.8550836527109,469.240753929259));
#7556=CARTESIAN_POINT('Ctrl Pts',(0.530788766890186,-15.4891614172899,469.5186668019));
#7557=CARTESIAN_POINT('Ctrl Pts',(7.87714042550026,-13.3471538857286,469.796579674541));
#7558=CARTESIAN_POINT('Ctrl Pts',(13.3031328521047,-7.9512586710761,470.074492547182));
#7559=CARTESIAN_POINT('Ctrl Pts',(15.4859694329024,-0.616935021590316,470.352405419823));
#7560=CARTESIAN_POINT('Ctrl Pts',(13.8934988919504,6.86779052979202,470.630318292464));
#7561=CARTESIAN_POINT('Ctrl Pts',(8.91394782291105,12.6782251179755,470.908231165105));
#7562=CARTESIAN_POINT('Ctrl Pts',(1.76127542743568,15.3978494382588,471.186144037746));
#7563=CARTESIAN_POINT('Ctrl Pts',(-5.82077637049682,14.363649266092,471.464056910386));
#7564=CARTESIAN_POINT('Ctrl Pts',(-11.9837875390791,9.82775122690278,471.741969783027));
#7565=CARTESIAN_POINT('Ctrl Pts',(-15.2252847517055,2.89595656060252,472.019882655668));
#7566=CARTESIAN_POINT('Ctrl Pts',(-14.7550265073695,-4.74183975063109,472.297795528309));
#7567=CARTESIAN_POINT('Ctrl Pts',(-10.6876576291412,-11.223629004467,472.57570840095));
#7568=CARTESIAN_POINT('Ctrl Pts',(-4.01475516071836,-14.9692208010467,472.853621273591));
#7569=CARTESIAN_POINT('Ctrl Pts',(3.63689683304945,-15.0654861882498,473.131534146232));
#7570=CARTESIAN_POINT('Ctrl Pts',(10.4019202925547,-11.4889470935507,473.409447018873));
#7571=CARTESIAN_POINT('Ctrl Pts',(14.6310579211513,-5.11154386792034,473.687359891514));
#7572=CARTESIAN_POINT('Ctrl Pts',(15.2933338779016,2.51202455734557,473.965272764155));
#7573=CARTESIAN_POINT('Ctrl Pts',(12.2272082977882,9.52313227714336,474.243185636796));
#7574=CARTESIAN_POINT('Ctrl Pts',(6.18034257009931,14.2127239868639,474.521098509437));
#7575=CARTESIAN_POINT('Ctrl Pts',(-1.3734637621446,15.4371687076236,474.799011382078));
#7576=CARTESIAN_POINT('Ctrl Pts',(-8.59193132946289,12.8987055569338,475.076924254718));
#7577=CARTESIAN_POINT('Ctrl Pts',(-13.7168007169266,7.21463905467601,475.354837127359));
#7578=CARTESIAN_POINT('Ctrl Pts',(-14.9018911249666,2.25429343305887,475.540112375787));
#7579=CARTESIAN_POINT('Ctrl Pts',(-14.8656530373391,-0.217904419297574,
475.63275));
#7580=CARTESIAN_POINT('Ctrl Pts',(-13.7068661713698,3.71033059460614,384.862468515854));
#7581=CARTESIAN_POINT('Ctrl Pts',(-14.3239040710488,1.43084209677269,384.955106140068));
#7582=CARTESIAN_POINT('Ctrl Pts',(-14.3978551427247,-3.43971319474657,385.140381388495));
#7583=CARTESIAN_POINT('Ctrl Pts',(-10.9963208205159,-9.90996303405637,385.418294261136));
#7584=CARTESIAN_POINT('Ctrl Pts',(-4.91470295603965,-13.9630688201368,385.696207133777));
#7585=CARTESIAN_POINT('Ctrl Pts',(2.3654123676087,-14.6127173416167,385.974120006418));
#7586=CARTESIAN_POINT('Ctrl Pts',(9.0686999973865,-11.6996659645824,386.252032879059));
#7587=CARTESIAN_POINT('Ctrl Pts',(13.5612201551878,-5.93450277515311,386.5299457517));
#7588=CARTESIAN_POINT('Ctrl Pts',(14.7476265373428,1.27749240745123,386.807858624341));
#7589=CARTESIAN_POINT('Ctrl Pts',(12.3387445379982,8.17801705819319,387.085771496982));
#7590=CARTESIAN_POINT('Ctrl Pts',(6.9218046532612,13.0848476508064,387.363684369622));
#7591=CARTESIAN_POINT('Ctrl Pts',(-0.182589775015295,14.8017303673588,387.641597242264));
#7592=CARTESIAN_POINT('Ctrl Pts',(-7.24247300466827,12.9101194848957,387.919510114904));
#7593=CARTESIAN_POINT('Ctrl Pts',(-12.5367208144145,7.87116327682583,388.197422987546));
#7594=CARTESIAN_POINT('Ctrl Pts',(-14.7746560188503,0.913305855944408,388.475335860186));
#7595=CARTESIAN_POINT('Ctrl Pts',(-13.4106941510268,-6.26720579140009,388.753248732827));
#7596=CARTESIAN_POINT('Ctrl Pts',(-8.77735431019967,-11.9198421636692,389.031161605468));
#7597=CARTESIAN_POINT('Ctrl Pts',(-2.0041930448925,-14.6665536761167,389.309074478109));
#7598=CARTESIAN_POINT('Ctrl Pts',(5.25756816792329,-13.8377224635488,389.58698735075));
#7599=CARTESIAN_POINT('Ctrl Pts',(11.2375927450123,-9.6354084283151,389.864900223391));
#7600=CARTESIAN_POINT('Ctrl Pts',(14.4780171789499,-3.08408896370359,390.142813096032));
#7601=CARTESIAN_POINT('Ctrl Pts',(14.1888620396503,4.21909708633824,390.420725968673));
#7602=CARTESIAN_POINT('Ctrl Pts',(10.4406201296214,10.493714190439,390.698638841313));
#7603=CARTESIAN_POINT('Ctrl Pts',(4.14707114415716,14.2100804755319,390.976551713955));
#7604=CARTESIAN_POINT('Ctrl Pts',(-3.1574876665284,14.4621871733538,391.254464586595));
#7605=CARTESIAN_POINT('Ctrl Pts',(-9.69228609874685,11.1885734737745,391.532377459237));
#7606=CARTESIAN_POINT('Ctrl Pts',(-13.8642129692792,5.18730999093351,391.810290331877));
#7607=CARTESIAN_POINT('Ctrl Pts',(-14.6561989034762,-2.07856197905361,392.088203204519));
#7608=CARTESIAN_POINT('Ctrl Pts',(-11.8751665384161,-8.83770365445703,392.366116077158));
#7609=CARTESIAN_POINT('Ctrl Pts',(-6.19910063646646,-13.4423114641099,392.6440289498));
#7610=CARTESIAN_POINT('Ctrl Pts',(0.988237059689372,-14.7698332324019,392.92194182244));
#7611=CARTESIAN_POINT('Ctrl Pts',(7.93465355100073,-12.4966339157687,393.199854695082));
#7612=CARTESIAN_POINT('Ctrl Pts',(12.9466897488345,-7.17689422707071,393.477767567722));
#7613=CARTESIAN_POINT('Ctrl Pts',(14.8024669676301,-0.107507540936041,393.755680440364));
#7614=CARTESIAN_POINT('Ctrl Pts',(13.0495673597715,6.98808828807443,394.033593313004));
#7615=CARTESIAN_POINT('Ctrl Pts',(8.1153283554429,12.380065907841,394.311506185645));
#7616=CARTESIAN_POINT('Ctrl Pts',(1.20266254962086,14.7539211395098,394.589419058286));
#7617=CARTESIAN_POINT('Ctrl Pts',(-6.00319901083936,13.5309344775364,394.867331930927));
#7618=CARTESIAN_POINT('Ctrl Pts',(-11.7455474147714,9.00925646912614,395.145244803568));
#7619=CARTESIAN_POINT('Ctrl Pts',(-14.6244619826596,2.29122192659036,395.423157676209));
#7620=CARTESIAN_POINT('Ctrl Pts',(-13.9380953596135,-4.98538704068763,395.70107054885));
#7621=CARTESIAN_POINT('Ctrl Pts',(-9.85377609516516,-11.0466140905477,395.978983421491));
#7622=CARTESIAN_POINT('Ctrl Pts',(-3.36721580377031,-14.4147994758853,396.256896294132));
#7623=CARTESIAN_POINT('Ctrl Pts',(3.94023425336316,-14.2688170577578,396.534809166773));
#7624=CARTESIAN_POINT('Ctrl Pts',(10.2870990193558,-10.644255726217,396.812722039413));
#7625=CARTESIAN_POINT('Ctrl Pts',(14.1260834485221,-4.42474322470049,397.090634912055));
#7626=CARTESIAN_POINT('Ctrl Pts',(14.5212858308481,2.8734724668851,397.368547784695));
#7627=CARTESIAN_POINT('Ctrl Pts',(11.3763602206181,9.4711675272833,397.646460657336));
#7628=CARTESIAN_POINT('Ctrl Pts',(5.45800450650258,13.7598972745487,397.924373529976));
#7629=CARTESIAN_POINT('Ctrl Pts',(-1.79095200716052,14.6941170917885,398.202286402618));
#7630=CARTESIAN_POINT('Ctrl Pts',(-8.60329433887516,12.0460745771315,398.480199275259));
#7631=CARTESIAN_POINT('Ctrl Pts',(-13.3182491890655,6.46133304644577,398.7581121479));
#7632=CARTESIAN_POINT('Ctrl Pts',(-14.7863630008477,-0.69860962368479,399.036025020541));
#7633=CARTESIAN_POINT('Ctrl Pts',(-12.6497259539826,-7.68823903688445,399.313937893182));
#7634=CARTESIAN_POINT('Ctrl Pts',(-7.42922639869362,-12.8035612747426,399.591850765823));
#7635=CARTESIAN_POINT('Ctrl Pts',(-0.397564068742685,-14.7975176637971,
399.869763638463));
#7636=CARTESIAN_POINT('Ctrl Pts',(6.73101995980887,-13.1840038114296,400.147676511105));
#7637=CARTESIAN_POINT('Ctrl Pts',(12.2186561786581,-8.356376450763,400.425589383745));
#7638=CARTESIAN_POINT('Ctrl Pts',(14.7275199063287,-1.49155744369062,400.703502256386));
#7639=CARTESIAN_POINT('Ctrl Pts',(13.6459780673955,5.7368866803612,400.981415129027));
#7640=CARTESIAN_POINT('Ctrl Pts',(9.23769853422898,11.5667416323633,401.259328001668));
#7641=CARTESIAN_POINT('Ctrl Pts',(2.57737083199731,14.5767536095495,401.537240874309));
#7642=CARTESIAN_POINT('Ctrl Pts',(-4.71129121581665,14.0331151665945,401.81515374695));
#7643=CARTESIAN_POINT('Ctrl Pts',(-10.851392860062,10.0683593100228,402.093066619591));
#7644=CARTESIAN_POINT('Ctrl Pts',(-14.3460456046987,3.64904942512978,402.370979492231));
#7645=CARTESIAN_POINT('Ctrl Pts',(-14.3432919750468,-3.65985812808405,402.648892364873));
#7646=CARTESIAN_POINT('Ctrl Pts',(-10.8438032753904,-10.0765329714028,402.926805237514));
#7647=CARTESIAN_POINT('Ctrl Pts',(-4.70071593246388,-14.0366611386543,403.204718110154));
#7648=CARTESIAN_POINT('Ctrl Pts',(2.58835367755736,-14.5748074237367,403.482630982795));
#7649=CARTESIAN_POINT('Ctrl Pts',(9.24641144639082,-11.5597777471367,403.760543855437));
#7650=CARTESIAN_POINT('Ctrl Pts',(13.6502969350724,-5.72660281349222,404.038456728077));
#7651=CARTESIAN_POINT('Ctrl Pts',(14.7263918376119,1.50265419982851,404.316369600718));
#7652=CARTESIAN_POINT('Ctrl Pts',(12.212356184154,8.3655808304319,404.594282473359));
#7653=CARTESIAN_POINT('Ctrl Pts',(6.72108390811444,13.1890718892276,404.872195346));
#7654=CARTESIAN_POINT('Ctrl Pts',(-0.408713878722751,14.7972138987201,405.150108218641));
#7655=CARTESIAN_POINT('Ctrl Pts',(-7.43887176728594,12.7979597213392,405.428021091281));
#7656=CARTESIAN_POINT('Ctrl Pts',(-12.6555154475916,7.67870529157796,405.705933963923));
#7657=CARTESIAN_POINT('Ctrl Pts',(-14.7868852053168,0.68746790755549,405.983846836563));
#7658=CARTESIAN_POINT('Ctrl Pts',(-13.3133767967535,-6.4713665069142,406.261759709205));
#7659=CARTESIAN_POINT('Ctrl Pts',(-8.59421518484039,-12.05255373586,406.539672581845));
#7660=CARTESIAN_POINT('Ctrl Pts',(-1.77987948818673,-14.6954624019344,406.817585454486));
#7661=CARTESIAN_POINT('Ctrl Pts',(5.46837103342859,-13.7557807644606,407.095498327127));
#7662=CARTESIAN_POINT('Ctrl Pts',(11.38349351152,-9.46259275633888,407.373411199768));
#7663=CARTESIAN_POINT('Ctrl Pts',(14.5234468687326,-2.86252986887995,407.651324072409));
#7664=CARTESIAN_POINT('Ctrl Pts',(14.1227453963869,4.43538596606519,407.92923694505));
#7665=CARTESIAN_POINT('Ctrl Pts',(10.2790756571892,10.6520040289574,408.207149817691));
#7666=CARTESIAN_POINT('Ctrl Pts',(3.92948158763178,14.2717819718351,408.485062690332));
#7667=CARTESIAN_POINT('Ctrl Pts',(-3.37807639274231,14.4122581882206,408.762975562972));
#7668=CARTESIAN_POINT('Ctrl Pts',(-9.86209691656882,11.0391861388124,409.040888435614));
#7669=CARTESIAN_POINT('Ctrl Pts',(-13.9418478897271,4.97488327690683,409.318801308254));
#7670=CARTESIAN_POINT('Ctrl Pts',(-14.6227313963736,-2.30224080162008,409.596714180895));
#7671=CARTESIAN_POINT('Ctrl Pts',(-11.7387556097772,-9.01810417621515,409.874627053537));
#7672=CARTESIAN_POINT('Ctrl Pts',(-5.99300175366016,-13.5354540440933,410.152539926177));
#7673=CARTESIAN_POINT('Ctrl Pts',(1.21377928108885,-14.7530107454691,410.430452798818));
#7674=CARTESIAN_POINT('Ctrl Pts',(8.12465442569705,-12.3739474971464,410.708365671459));
#7675=CARTESIAN_POINT('Ctrl Pts',(13.0548291766019,-6.97825346120981,410.9862785441));
#7676=CARTESIAN_POINT('Ctrl Pts',(14.8023817586105,0.118661162556907,411.264191416741));
#7677=CARTESIAN_POINT('Ctrl Pts',(12.9412782869752,7.1866475145376,411.542104289382));
#7678=CARTESIAN_POINT('Ctrl Pts',(7.92523509052112,12.5026091260628,411.820017162022));
#7679=CARTESIAN_POINT('Ctrl Pts',(0.977107716512714,14.770573675706,412.097930034663));
#7680=CARTESIAN_POINT('Ctrl Pts',(-6.20922765224638,13.4376366285785,412.375842907304));
#7681=CARTESIAN_POINT('Ctrl Pts',(-11.881822372973,8.82875321301164,412.653755779945));
#7682=CARTESIAN_POINT('Ctrl Pts',(-14.6577609383749,2.06751794976154,412.931668652586));
#7683=CARTESIAN_POINT('Ctrl Pts',(-13.8603003977619,-5.19775519651783,413.209581525227));
#7684=CARTESIAN_POINT('Ctrl Pts',(-9.68385276227992,-11.195873430761,413.487494397868));
#7685=CARTESIAN_POINT('Ctrl Pts',(-3.14658951866992,-14.46456223327,413.765407270509));
#7686=CARTESIAN_POINT('Ctrl Pts',(4.15777725598435,-14.2069516254812,414.043320143149));
#7687=CARTESIAN_POINT('Ctrl Pts',(10.4485241747811,-10.4858442086538,414.321233015791));
#7688=CARTESIAN_POINT('Ctrl Pts',(14.1920370990861,-4.20840458811875,414.599145888431));
#7689=CARTESIAN_POINT('Ctrl Pts',(14.4756892100225,3.0949972688137,414.877058761073));
#7690=CARTESIAN_POINT('Ctrl Pts',(11.2303292774755,9.64387321145463,415.154971633713));
#7691=CARTESIAN_POINT('Ctrl Pts',(5.24713996095131,13.8416801158433,415.432884506354));
#7692=CARTESIAN_POINT('Ctrl Pts',(-2.01524372396473,14.6650393430143,415.710797378995));
#7693=CARTESIAN_POINT('Ctrl Pts',(-8.78633340075104,11.9132250700632,415.988710251636));
#7694=CARTESIAN_POINT('Ctrl Pts',(-13.415412708328,6.25709901347066,416.266623124277));
#7695=CARTESIAN_POINT('Ctrl Pts',(-14.7739635920673,-0.924438196639267,
416.544535996918));
#7696=CARTESIAN_POINT('Ctrl Pts',(-12.5307864551254,-7.88060765519908,416.822448869559));
#7697=CARTESIAN_POINT('Ctrl Pts',(-7.23274293683989,-12.9155726086278,417.1003617422));
#7698=CARTESIAN_POINT('Ctrl Pts',(-0.171437126775519,-14.8018645957426,
417.378274614841));
#7699=CARTESIAN_POINT('Ctrl Pts',(6.93166314822202,-13.0796266077709,417.656187487482));
#7700=CARTESIAN_POINT('Ctrl Pts',(12.3449010355614,-8.16872111296074,417.934100360122));
#7701=CARTESIAN_POINT('Ctrl Pts',(14.7485893395934,-1.2663722561612,418.212013232763));
#7702=CARTESIAN_POINT('Ctrl Pts',(13.5567355835064,5.94470407320902,418.489926105404));
#7703=CARTESIAN_POINT('Ctrl Pts',(9.05990045828304,11.7065276613152,418.767838978045));
#7704=CARTESIAN_POINT('Ctrl Pts',(2.35436235759654,14.6144299953257,419.045751850686));
#7705=CARTESIAN_POINT('Ctrl Pts',(-4.92514310271902,13.9594968253471,419.323664723327));
#7706=CARTESIAN_POINT('Ctrl Pts',(-11.0039534477132,9.90139357462864,419.601577595968));
#7707=CARTESIAN_POINT('Ctrl Pts',(-14.4001223184736,3.42944068503033,419.879490468609));
#7708=CARTESIAN_POINT('Ctrl Pts',(-14.2857015135195,-3.87857170434723,420.15740334125));
#7709=CARTESIAN_POINT('Ctrl Pts',(-10.6885855526121,-10.2410314462763,420.435316213891));
#7710=CARTESIAN_POINT('Ctrl Pts',(-4.48571130305231,-14.1068416133734,420.713229086531));
#7711=CARTESIAN_POINT('Ctrl Pts',(2.81072947604611,-14.53356067905,420.991141959172));
#7712=CARTESIAN_POINT('Ctrl Pts',(9.42194566735227,-11.4171592806879,421.269054831814));
#7713=CARTESIAN_POINT('Ctrl Pts',(13.7361962875734,-5.51738142132566,421.546967704454));
#7714=CARTESIAN_POINT('Ctrl Pts',(14.7017150148113,1.72747266907913,421.824880577095));
#7715=CARTESIAN_POINT('Ctrl Pts',(12.0831191210169,8.55118813419821,422.102793449736));
#7716=CARTESIAN_POINT('Ctrl Pts',(6.51879316337136,13.2902190310137,422.380706322377));
#7717=CARTESIAN_POINT('Ctrl Pts',(-0.634742071204406,14.7892423302273,422.658619195018));
#7718=CARTESIAN_POINT('Ctrl Pts',(-7.63353424786508,12.6828128223122,422.936532067659));
#7719=CARTESIAN_POINT('Ctrl Pts',(-12.7713556683678,7.48445459543834,423.2144449403));
#7720=CARTESIAN_POINT('Ctrl Pts',(-14.7956626087394,0.461469573736681,423.49235781294));
#7721=CARTESIAN_POINT('Ctrl Pts',(-13.212951549483,-6.67401659798348,423.770270685582));
#7722=CARTESIAN_POINT('Ctrl Pts',(-8.40906984531912,-12.1824517456745,424.048183558222));
#7723=CARTESIAN_POINT('Ctrl Pts',(-1.55515043116488,-14.7209406403121,424.326096430864));
#7724=CARTESIAN_POINT('Ctrl Pts',(5.67789736308733,-13.6706279202303,424.604009303504));
#7725=CARTESIAN_POINT('Ctrl Pts',(11.5267369248121,-9.28756814593039,424.881922176145));
#7726=CARTESIAN_POINT('Ctrl Pts',(14.5654862145266,-2.6403025458402,425.159835048786));
#7727=CARTESIAN_POINT('Ctrl Pts',(14.0533319497023,4.650639451798,425.437747921427));
#7728=CARTESIAN_POINT('Ctrl Pts',(10.1151316443715,10.8078072714205,425.715660794068));
#7729=CARTESIAN_POINT('Ctrl Pts',(3.71097473576526,14.3301518732234,425.993573666709));
#7730=CARTESIAN_POINT('Ctrl Pts',(-3.59787654321472,14.3589648157146,426.27148653935));
#7731=CARTESIAN_POINT('Ctrl Pts',(-10.029605533386,10.8872218239461,426.54939941199));
#7732=CARTESIAN_POINT('Ctrl Pts',(-14.0162282349932,4.76129522963173,426.827312284632));
#7733=CARTESIAN_POINT('Ctrl Pts',(-14.585850369106,-2.52538219071776,427.105225157272));
#7734=CARTESIAN_POINT('Ctrl Pts',(-11.5996043942644,-9.19639951805582,427.383138029913));
#7735=CARTESIAN_POINT('Ctrl Pts',(-5.78550386872821,-13.6254369171802,427.661050902554));
#7736=CARTESIAN_POINT('Ctrl Pts',(1.43903815870386,-14.7327443260558,427.938963775195));
#7737=CARTESIAN_POINT('Ctrl Pts',(8.3127586867655,-12.2483725128994,428.216876647836));
#7738=CARTESIAN_POINT('Ctrl Pts',(13.1599210942042,-6.77798369675337,428.494789520477));
#7739=CARTESIAN_POINT('Ctrl Pts',(14.7988410919756,0.344802165871187,428.772702393118));
#7740=CARTESIAN_POINT('Ctrl Pts',(12.8299682112539,7.38352909504387,429.050615265758));
#7741=CARTESIAN_POINT('Ctrl Pts',(7.73329176428094,12.6222337439789,429.3285281384));
#7742=CARTESIAN_POINT('Ctrl Pts',(0.751324788064647,14.7837781795445,429.60644101104));
#7743=CARTESIAN_POINT('Ctrl Pts',(-6.41380681590677,13.3412019071511,429.884353883682));
#7744=CARTESIAN_POINT('Ctrl Pts',(-12.0153236468936,8.64618897893953,430.162266756322));
#7745=CARTESIAN_POINT('Ctrl Pts',(-14.6876381966581,1.84333133299398,430.440179628964));
#7746=CARTESIAN_POINT('Ctrl Pts',(-13.7792698971081,-5.40890999202105,430.718092501604));
#7747=CARTESIAN_POINT('Ctrl Pts',(-9.51166883759692,-11.3425192141355,430.996005374245));
#7748=CARTESIAN_POINT('Ctrl Pts',(-2.92522869591713,-14.5109483933931,431.273918246886));
#7749=CARTESIAN_POINT('Ctrl Pts',(4.37434966999917,-14.1417697323819,431.551831119527));
#7750=CARTESIAN_POINT('Ctrl Pts',(10.6075102340502,-10.3249848829751,431.829743992168));
#7751=CARTESIAN_POINT('Ctrl Pts',(14.2546777704641,-3.99108354452417,432.107656864809));
#7752=CARTESIAN_POINT('Ctrl Pts',(14.4267133944622,3.31579957675093,432.38556973745));
#7753=CARTESIAN_POINT('Ctrl Pts',(11.0816767341429,9.81432763662898,432.663482610091));
#7754=CARTESIAN_POINT('Ctrl Pts',(5.03505052672788,13.9202317650402,432.941395482731));
#7755=CARTESIAN_POINT('Ctrl Pts',(-2.23906500368638,14.6325381977425,433.219308355373));
#7756=CARTESIAN_POINT('Ctrl Pts',(-8.96732138711916,11.7775945480922,433.497221228013));
#7757=CARTESIAN_POINT('Ctrl Pts',(-13.5094445430567,6.05140432769275,433.775134100654));
#7758=CARTESIAN_POINT('Ctrl Pts',(-14.7581153595895,-1.15005096938838,434.053046973295));
#7759=CARTESIAN_POINT('Ctrl Pts',(-12.4089217782677,-8.07113662999069,434.330959845936));
#7760=CARTESIAN_POINT('Ctrl Pts',(-7.03457106854798,-13.0245689403021,434.608872718577));
#7761=CARTESIAN_POINT('Ctrl Pts',(0.0547298353530328,-14.8027561907994,
434.886785591218));
#7762=CARTESIAN_POINT('Ctrl Pts',(7.13068821405225,-12.9721961052519,435.164698463859));
#7763=CARTESIAN_POINT('Ctrl Pts',(12.4682641074268,-7.97915887463068,435.4426113365));
#7764=CARTESIAN_POINT('Ctrl Pts',(14.7662158725074,-1.04089144758053,435.720524209141));
#7765=CARTESIAN_POINT('Ctrl Pts',(13.4643284247723,6.15113373850669,435.998437081781));
#7766=CARTESIAN_POINT('Ctrl Pts',(8.87998744553009,11.8435809266608,436.276349954422));
#7767=CARTESIAN_POINT('Ctrl Pts',(2.13080428249844,14.648694798815,436.554262827064));
#7768=CARTESIAN_POINT('Ctrl Pts',(-5.13784526767128,13.8826197889524,436.832175699704));
#7769=CARTESIAN_POINT('Ctrl Pts',(-11.1539452801909,9.73211646486264,437.110088572345));
#7770=CARTESIAN_POINT('Ctrl Pts',(-14.4508374777947,3.20903137870278,437.388001444986));
#7771=CARTESIAN_POINT('Ctrl Pts',(-14.2247762078517,-4.09637986955115,437.665914317627));
#7772=CARTESIAN_POINT('Ctrl Pts',(-10.5308726939201,-10.4031392619528,437.943827190268));
#7773=CARTESIAN_POINT('Ctrl Pts',(-4.26965953233943,-14.1737289968818,438.221740062909));
#7774=CARTESIAN_POINT('Ctrl Pts',(3.03244913981741,-14.4889212301522,438.49965293555));
#7775=CARTESIAN_POINT('Ctrl Pts',(9.59528043592609,-11.2718756005853,438.77756580819));
#7776=CARTESIAN_POINT('Ctrl Pts',(13.8188890720491,-5.30687205550928,439.055478680831));
#7777=CARTESIAN_POINT('Ctrl Pts',(14.6736062339695,1.95188787832384,439.333391553472));
#7778=CARTESIAN_POINT('Ctrl Pts',(11.9510613830264,8.73479925460633,439.611304426113));
#7779=CARTESIAN_POINT('Ctrl Pts',(6.31498067612366,13.388263713392,439.889217298754));
#7780=CARTESIAN_POINT('Ctrl Pts',(-0.860622089942161,14.7778183713781,440.167130171395));
#7781=CARTESIAN_POINT('Ctrl Pts',(-7.8264147615628,12.5647052563568,440.445043044036));
#7782=CARTESIAN_POINT('Ctrl Pts',(-12.8842145528355,7.28845673346811,440.722955916677));
#7783=CARTESIAN_POINT('Ctrl Pts',(-14.8009861230613,0.235363514781979,441.000868789318));
#7784=CARTESIAN_POINT('Ctrl Pts',(-13.1094418800696,-6.87510871130145,441.278781661959));
#7785=CARTESIAN_POINT('Ctrl Pts',(-8.22196149843127,-12.3095058924983,441.5566945346));
#7786=CARTESIAN_POINT('Ctrl Pts',(-1.33005834091946,-14.742982432632,441.83460740724));
#7787=CARTESIAN_POINT('Ctrl Pts',(5.88609824836631,-13.5822838142087,442.112520279882));
#7788=CARTESIAN_POINT('Ctrl Pts',(11.6672895447221,-9.1103754521289,442.390433152522));
#7789=CARTESIAN_POINT('Ctrl Pts',(14.6041254034358,-2.41745887242495,442.668346025164));
#7790=CARTESIAN_POINT('Ctrl Pts',(13.9806379030643,4.86480729551913,442.946258897804));
#7791=CARTESIAN_POINT('Ctrl Pts',(9.94882636231882,10.9610875469343,443.224171770446));
#7792=CARTESIAN_POINT('Ctrl Pts',(3.4916015965615,14.3851765540095,443.502084643086));
#7793=CARTESIAN_POINT('Ctrl Pts',(-3.81683680790827,14.3023194965341,443.779997515727));
#7794=CARTESIAN_POINT('Ctrl Pts',(-10.194772846121,10.7327160036558,444.057910388368));
#7795=CARTESIAN_POINT('Ctrl Pts',(-14.087336641771,4.54659570894001,444.335823261008));
#7796=CARTESIAN_POINT('Ctrl Pts',(-14.5455644311593,-2.74793405636593,444.61373613365));
#7797=CARTESIAN_POINT('Ctrl Pts',(-11.4577453752399,-9.37254805884208,444.89164900629));
#7798=CARTESIAN_POINT('Ctrl Pts',(-5.57665541983153,-13.7122390778311,445.169561878932));
#7799=CARTESIAN_POINT('Ctrl Pts',(1.6639611082617,-14.709038705141,445.447474751572));
#7800=CARTESIAN_POINT('Ctrl Pts',(8.49892242327665,-12.1199382771638,445.725387624213));
#7801=CARTESIAN_POINT('Ctrl Pts',(13.2619409690565,-6.57613168453818,446.003300496854));
#7802=CARTESIAN_POINT('Ctrl Pts',(14.791845794257,0.570862678808659,446.281213369495));
#7803=CARTESIAN_POINT('Ctrl Pts',(12.7156631167528,7.57868706969729,446.559126242136));
#7804=CARTESIAN_POINT('Ctrl Pts',(7.53954318383497,12.7389118365044,446.837039114777));
#7805=CARTESIAN_POINT('Ctrl Pts',(0.52536647088383,14.7935315685747,447.114951987418));
#7806=CARTESIAN_POINT('Ctrl Pts',(-6.61688874500265,13.2416528249079,447.392864860058));
#7807=CARTESIAN_POINT('Ctrl Pts',(-12.1460200720893,8.46160638457794,447.6707777327));
#7808=CARTESIAN_POINT('Ctrl Pts',(-14.7140867829836,1.61871441025308,447.94869060534));
#7809=CARTESIAN_POINT('Ctrl Pts',(-13.6950227733544,-5.61880213537087,448.226603477982));
#7810=CARTESIAN_POINT('Ctrl Pts',(-9.3372645156119,-11.4865172077802,448.504516350622));
#7811=CARTESIAN_POINT('Ctrl Pts',(-2.70318500982962,-14.553947127902,448.782429223263));
#7812=CARTESIAN_POINT('Ctrl Pts',(4.58990093889667,-14.0732865944761,449.060342095904));
#7813=CARTESIAN_POINT('Ctrl Pts',(10.7640200835721,-10.1617153000658,449.338254968545));
#7814=CARTESIAN_POINT('Ctrl Pts',(14.3139908398627,-3.77283082518439,449.616167841186));
#7815=CARTESIAN_POINT('Ctrl Pts',(14.3743698170461,3.53582784676197,449.894080713827));
#7816=CARTESIAN_POINT('Ctrl Pts',(10.9304372919662,9.98249101204357,450.171993586468));
#7817=CARTESIAN_POINT('Ctrl Pts',(4.8217857138424,13.9955338850975,450.449906459109));
#7818=CARTESIAN_POINT('Ctrl Pts',(-2.46236359764421,14.5966212430183,450.727819331749));
#7819=CARTESIAN_POINT('Ctrl Pts',(-9.14621604827471,11.6392146727099,451.005732204391));
#7820=CARTESIAN_POINT('Ctrl Pts',(-13.600322742528,5.84429700633106,451.283645077031));
#7821=CARTESIAN_POINT('Ctrl Pts',(-14.7388220030136,-1.37539527504584,451.561557949672));
#7822=CARTESIAN_POINT('Ctrl Pts',(-12.2841603714152,-8.2597814843067,451.839470822313));
#7823=CARTESIAN_POINT('Ctrl Pts',(-6.83475705492233,-13.1305248257381,452.117383694954));
#7824=CARTESIAN_POINT('Ctrl Pts',(0.280884021387238,-14.8001922408347,452.395296567595));
#7825=CARTESIAN_POINT('Ctrl Pts',(7.32804869702856,-12.8617373823726,452.673209440236));
#7826=CARTESIAN_POINT('Ctrl Pts',(12.5887165964641,-7.78773398704947,452.951122312876));
#7827=CARTESIAN_POINT('Ctrl Pts',(14.7803953903455,-0.815167654031673,453.229035185518));
#7828=CARTESIAN_POINT('Ctrl Pts',(13.3687781626557,6.35612748745931,453.506948058158));
#7829=CARTESIAN_POINT('Ctrl Pts',(8.69800149473497,11.977869434784,453.784860930799));
#7830=CARTESIAN_POINT('Ctrl Pts',(1.90674879394096,14.6795400212657,454.062773803441));
#7831=CARTESIAN_POINT('Ctrl Pts',(-5.34934805762794,13.8025020035314,454.340686676081));
#7832=CARTESIAN_POINT('Ctrl Pts',(-11.3013333435045,9.56056749665712,454.618599548722));
#7833=CARTESIAN_POINT('Ctrl Pts',(-14.4981792437511,2.9878729583434,454.896512421363));
#7834=CARTESIAN_POINT('Ctrl Pts',(-14.1605302804043,-4.31323177871181,455.174425294004));
#7835=CARTESIAN_POINT('Ctrl Pts',(-10.3707015156923,-10.562818576098,455.452338166645));
#7836=CARTESIAN_POINT('Ctrl Pts',(-4.05261105530005,-14.2373076750345,455.730251039286));
#7837=CARTESIAN_POINT('Ctrl Pts',(3.2534609107874,-14.4408994976458,456.008163911927));
#7838=CARTESIAN_POINT('Ctrl Pts',(9.76637528896378,-11.1239606217504,456.286076784568));
#7839=CARTESIAN_POINT('Ctrl Pts',(13.8983559847518,-5.09512385720473,456.563989657209));
#7840=CARTESIAN_POINT('Ctrl Pts',(14.6420720567817,2.17584744023023,456.84190252985));
#7841=CARTESIAN_POINT('Ctrl Pts',(11.8162137976497,8.91637132960365,457.119815402491));
#7842=CARTESIAN_POINT('Ctrl Pts',(6.10969402421622,13.4831830488795,457.397728275131));
#7843=CARTESIAN_POINT('Ctrl Pts',(-1.0863012056617,14.762944688974,457.675641147772));
#7844=CARTESIAN_POINT('Ctrl Pts',(-8.0174682824886,12.4436645944201,457.953554020413));
#7845=CARTESIAN_POINT('Ctrl Pts',(-12.9940657552961,7.09075745926936,458.231466893054));
#7846=CARTESIAN_POINT('Ctrl Pts',(-14.8028545055639,0.00920251273347195,
458.509379765695));
#7847=CARTESIAN_POINT('Ctrl Pts',(-13.0028719517394,-7.0745959040643,458.787292638335));
#7848=CARTESIAN_POINT('Ctrl Pts',(-8.0329338226177,-12.4336865169019,459.065205510977));
#7849=CARTESIAN_POINT('Ctrl Pts',(-1.1046557627856,-14.761582633474,459.343118383618));
#7850=CARTESIAN_POINT('Ctrl Pts',(6.09292508700091,-13.4907690693796,459.621031256258));
#7851=CARTESIAN_POINT('Ctrl Pts',(11.8051185607455,-8.93105603867126,459.898944128899));
#7852=CARTESIAN_POINT('Ctrl Pts',(14.639355415554,-2.19405086910611,460.17685700154));
#7853=CARTESIAN_POINT('Ctrl Pts',(13.9046802261212,5.07783950203638,460.454769874181));
#7854=CARTESIAN_POINT('Ctrl Pts',(9.78019863321895,11.11180907386,460.732682746822));
#7855=CARTESIAN_POINT('Ctrl Pts',(3.27141338032803,14.436843169272,461.010595619463));
#7856=CARTESIAN_POINT('Ctrl Pts',(-4.03490607289679,14.2423354539217,461.288508492104));
#7857=CARTESIAN_POINT('Ctrl Pts',(-10.3575602982354,10.5757047456684,461.566421364745));
#7858=CARTESIAN_POINT('Ctrl Pts',(-14.1551565105655,4.33083483413307,461.844334237386));
#7859=CARTESIAN_POINT('Ctrl Pts',(-14.501882986854,-2.9698444462177,462.122247110027));
#7860=CARTESIAN_POINT('Ctrl Pts',(-11.3132116681705,-9.54650867858538,462.400159982668));
#7861=CARTESIAN_POINT('Ctrl Pts',(-5.3665051604042,-13.7958402630104,462.678072855309));
#7862=CARTESIAN_POINT('Ctrl Pts',(1.88849562390555,-14.6818994165477,462.955985727949));
#7863=CARTESIAN_POINT('Ctrl Pts',(8.68310217729774,-11.988674771539,463.23389860059));
#7864=CARTESIAN_POINT('Ctrl Pts',(13.360864985712,-6.37274454475553,463.511811473231));
#7865=CARTESIAN_POINT('Ctrl Pts',(14.781397498432,0.796789929965109,463.789724345872));
#7866=CARTESIAN_POINT('Ctrl Pts',(12.5983896867716,7.77207588095895,464.067637218513));
#7867=CARTESIAN_POINT('Ctrl Pts',(7.34403457771638,12.8526161663858,464.345550091154));
#7868=CARTESIAN_POINT('Ctrl Pts',(0.299285512524839,14.7998315659719,464.623462963795));
#7869=CARTESIAN_POINT('Ctrl Pts',(-6.81842603222931,13.1390126205188,464.901375836436));
#7870=CARTESIAN_POINT('Ctrl Pts',(-12.2738811388796,8.27504851875753,465.179288709077));
#7871=CARTESIAN_POINT('Ctrl Pts',(-14.7371005232117,1.39371961595448,465.457201581718));
#7872=CARTESIAN_POINT('Ctrl Pts',(-13.6075786930901,-5.82738262949123,465.735114454359));
#7873=CARTESIAN_POINT('Ctrl Pts',(-9.16068050914882,-11.6278337969042,466.013027327));
#7874=CARTESIAN_POINT('Ctrl Pts',(-2.48051029413166,-14.5935483992017,466.29094019964));
#7875=CARTESIAN_POINT('Ctrl Pts',(4.80438074453629,-14.0015181984195,466.568853072281));
#7876=CARTESIAN_POINT('Ctrl Pts',(10.9180171877946,-9.99607357346656,466.846765944922));
#7877=CARTESIAN_POINT('Ctrl Pts',(14.3699624612796,-3.55369737886517,467.124678817563));
#7878=CARTESIAN_POINT('Ctrl Pts',(14.3186706968228,3.75503071559816,467.402591690204));
#7879=CARTESIAN_POINT('Ctrl Pts',(10.7766462561771,10.1483240817572,467.680504562845));
#7880=CARTESIAN_POINT('Ctrl Pts',(4.60739530668152,14.0675688975415,467.958417435486));
#7881=CARTESIAN_POINT('Ctrl Pts',(-2.68508737917069,14.557296863271,468.236330308127));
#7882=CARTESIAN_POINT('Ctrl Pts',(-9.32297562317417,11.4981177472151,468.514243180768));
#7883=CARTESIAN_POINT('Ctrl Pts',(-13.6880260921912,5.6358253963832,468.792156053409));
#7884=CARTESIAN_POINT('Ctrl Pts',(-14.7160880261813,-1.60041850940734,469.070068926049));
#7885=CARTESIAN_POINT('Ctrl Pts',(-12.1565313587548,-8.44649818099923,469.347981798691));
#7886=CARTESIAN_POINT('Ctrl Pts',(-6.63334754045967,-13.2334155307266,469.625894671331));
#7887=CARTESIAN_POINT('Ctrl Pts',(0.506972638170471,-14.7941733442575,469.903807543972));
#7888=CARTESIAN_POINT('Ctrl Pts',(7.52369852521601,-12.748276224782,470.181720416613));
#7889=CARTESIAN_POINT('Ctrl Pts',(12.7062303848257,-7.5944911358108,470.459633289254));
#7890=CARTESIAN_POINT('Ctrl Pts',(14.7911245820261,-0.589253569347489,470.737546161895));
#7891=CARTESIAN_POINT('Ctrl Pts',(13.270107104458,6.55963746859612,471.015459034535));
#7892=CARTESIAN_POINT('Ctrl Pts',(8.51398508420453,12.1093618330821,471.293371907177));
#7893=CARTESIAN_POINT('Ctrl Pts',(1.68224820429384,14.7069584712397,471.571284779817));
#7894=CARTESIAN_POINT('Ctrl Pts',(-5.55960211812136,13.7191621530527,471.849197652459));
#7895=CARTESIAN_POINT('Ctrl Pts',(-11.4460831931242,9.38678675480664,472.127110525099));
#7896=CARTESIAN_POINT('Ctrl Pts',(-14.5421366440811,2.76601697151666,472.405023397741));
#7897=CARTESIAN_POINT('Ctrl Pts',(-14.0929785653479,-4.52907664603619,472.682936270381));
#7898=CARTESIAN_POINT('Ctrl Pts',(-10.2081097452406,-10.7200324517586,472.960849143022));
#7899=CARTESIAN_POINT('Ctrl Pts',(-3.83461584407761,-14.297562107656,473.238762015664));
#7900=CARTESIAN_POINT('Ctrl Pts',(3.47371176101656,-14.3895081328063,473.516674888303));
#7901=CARTESIAN_POINT('Ctrl Pts',(9.93519324742714,-10.9734458997325,473.794587760945));
#7902=CARTESIAN_POINT('Ctrl Pts',(13.9745723647661,-4.88219239255769,474.072500633585));
#7903=CARTESIAN_POINT('Ctrl Pts',(14.6071324525484,2.39931173453522,474.350413506227));
#7904=CARTESIAN_POINT('Ctrl Pts',(11.678581828954,9.09583584888331,474.628326378868));
#7905=CARTESIAN_POINT('Ctrl Pts',(5.90303482838571,13.5750087878309,474.906239251509));
#7906=CARTESIAN_POINT('Ctrl Pts',(-1.31183738305905,14.7445135118928,475.184152124149));
#7907=CARTESIAN_POINT('Ctrl Pts',(-8.20641725047325,12.3199494656111,475.46206499679));
#7908=CARTESIAN_POINT('Ctrl Pts',(-13.1013372556394,6.89092313750428,475.739977869431));
#7909=CARTESIAN_POINT('Ctrl Pts',(-14.2332534680641,2.15314482939421,475.925253117858));
#7910=CARTESIAN_POINT('Ctrl Pts',(-14.1986413586274,-0.208127197136345,
476.017890742072));
#7911=CARTESIAN_POINT('Ctrl Pts',(-13.0629566884928,3.53602984454394,385.247609257926));
#7912=CARTESIAN_POINT('Ctrl Pts',(-13.6510079073389,1.36362521559145,385.34024688214));
#7913=CARTESIAN_POINT('Ctrl Pts',(-13.7214849685596,-3.27812527839843,385.525522130567));
#7914=CARTESIAN_POINT('Ctrl Pts',(-10.4797450281551,-9.44442123240031,385.803435003208));
#7915=CARTESIAN_POINT('Ctrl Pts',(-4.68382422711969,-13.307123667472,386.081347875849));
#7916=CARTESIAN_POINT('Ctrl Pts',(2.25429204038084,-13.9262535541023,386.35926074849));
#7917=CARTESIAN_POINT('Ctrl Pts',(8.64267833404257,-11.150049023185,386.637173621131));
#7918=CARTESIAN_POINT('Ctrl Pts',(12.9241527067934,-5.65571675904207,386.915086493772));
#7919=CARTESIAN_POINT('Ctrl Pts',(14.0548251005543,1.21747945737319,387.192999366412));
#7920=CARTESIAN_POINT('Ctrl Pts',(11.7591055077753,7.79383713924396,387.470912239054));
#7921=CARTESIAN_POINT('Ctrl Pts',(6.5966380105485,12.4701588241286,387.748825111694));
#7922=CARTESIAN_POINT('Ctrl Pts',(-0.174012228117146,14.1063872869329,388.026737984335));
#7923=CARTESIAN_POINT('Ctrl Pts',(-6.90224227732807,12.303638889141,388.304650856976));
#7924=CARTESIAN_POINT('Ctrl Pts',(-11.9477814233388,7.50139847340174,388.582563729617));
#7925=CARTESIAN_POINT('Ctrl Pts',(-14.0805848141066,0.870401351423979,388.860476602258));
#7926=CARTESIAN_POINT('Ctrl Pts',(-12.7806979850193,-5.97279033642931,389.138389474899));
#7927=CARTESIAN_POINT('Ctrl Pts',(-8.36501923634416,-11.3598819723644,389.41630234754));
#7928=CARTESIAN_POINT('Ctrl Pts',(-1.91004177127598,-13.9775608111446,389.694215220181));
#7929=CARTESIAN_POINT('Ctrl Pts',(5.01058260917441,-13.1876657252383,389.972128092822));
#7930=CARTESIAN_POINT('Ctrl Pts',(10.7096826857276,-9.18276441902806,390.250040965462));
#7931=CARTESIAN_POINT('Ctrl Pts',(13.797881220939,-2.93920725951671,390.527953838104));
#7932=CARTESIAN_POINT('Ctrl Pts',(13.5223097654511,4.02089593744456,390.805866710745));
#7933=CARTESIAN_POINT('Ctrl Pts',(9.9501495709463,10.0007494242231,391.083779583385));
#7934=CARTESIAN_POINT('Ctrl Pts',(3.95225356859268,13.5425314197348,391.361692456026));
#7935=CARTESIAN_POINT('Ctrl Pts',(-3.0091579006327,13.782794863855,391.639605328667));
#7936=CARTESIAN_POINT('Ctrl Pts',(-9.23697013873107,10.6629662000384,391.917518201308));
#7937=CARTESIAN_POINT('Ctrl Pts',(-13.2129117825665,4.94362496094721,392.195431073949));
#7938=CARTESIAN_POINT('Ctrl Pts',(-13.9676924761885,-1.98091706502742,392.47334394659));
#7939=CARTESIAN_POINT('Ctrl Pts',(-11.3173050805607,-8.42253354053844,392.751256819231));
#7940=CARTESIAN_POINT('Ctrl Pts',(-5.90788456742298,-12.8108300069136,393.029169691872));
#7941=CARTESIAN_POINT('Ctrl Pts',(0.941812500937943,-14.0759885884098,393.307082564513));
#7942=CARTESIAN_POINT('Ctrl Pts',(7.5619061555847,-11.9095776928544,393.584995437153));
#7943=CARTESIAN_POINT('Ctrl Pts',(12.3384911863867,-6.83974420365637,393.862908309795));
#7944=CARTESIAN_POINT('Ctrl Pts',(14.1070892838244,-0.102457143243219,394.140821182435));
#7945=CARTESIAN_POINT('Ctrl Pts',(12.436535900539,6.6598078292543,394.418734055077));
#7946=CARTESIAN_POINT('Ctrl Pts',(7.73409337294637,11.798485717521,394.696646927717));
#7947=CARTESIAN_POINT('Ctrl Pts',(1.14616489283182,14.0608240002651,394.974559800358));
#7948=CARTESIAN_POINT('Ctrl Pts',(-5.72118584151316,12.8952897638965,395.252472672999));
#7949=CARTESIAN_POINT('Ctrl Pts',(-11.1937750937086,8.58602729319331,395.53038554564));
#7950=CARTESIAN_POINT('Ctrl Pts',(-13.9374464654074,2.18358685467345,395.808298418281));
#7951=CARTESIAN_POINT('Ctrl Pts',(-13.2833233888941,-4.75118777507813,396.086211290921));
#7952=CARTESIAN_POINT('Ctrl Pts',(-9.39087379564031,-10.5276756638086,396.364124163563));
#7953=CARTESIAN_POINT('Ctrl Pts',(-3.20903360807087,-13.7376333052775,396.642037036203));
#7954=CARTESIAN_POINT('Ctrl Pts',(3.7551332850893,-13.5985087248274,396.919949908845));
#7955=CARTESIAN_POINT('Ctrl Pts',(9.80384044464322,-10.1442189479511,397.197862781485));
#7956=CARTESIAN_POINT('Ctrl Pts',(13.4624803335077,-4.21688140666975,397.475775654127));
#7957=CARTESIAN_POINT('Ctrl Pts',(13.8391172349606,2.73848492510155,397.753688526767));
#7958=CARTESIAN_POINT('Ctrl Pts',(10.8419312610541,9.02623908715927,398.031601399408));
#7959=CARTESIAN_POINT('Ctrl Pts',(5.20160302015359,13.1134965416826,398.309514272049));
#7960=CARTESIAN_POINT('Ctrl Pts',(-1.70681818939501,14.003829376151,398.58742714469));
#7961=CARTESIAN_POINT('Ctrl Pts',(-8.19913610610386,11.4801843470206,398.865340017331));
#7962=CARTESIAN_POINT('Ctrl Pts',(-12.6925958237447,6.15779804662763,399.143252889972));
#7963=CARTESIAN_POINT('Ctrl Pts',(-14.0917418354747,-0.665790935904485,
399.421165762613));
#7964=CARTESIAN_POINT('Ctrl Pts',(-12.0554779037079,-7.32706749260586,399.699078635254));
#7965=CARTESIAN_POINT('Ctrl Pts',(-7.08022252946867,-12.2020864798278,399.976991507894));
#7966=CARTESIAN_POINT('Ctrl Pts',(-0.378887642569616,-14.1023724841711,
400.254904380536));
#7967=CARTESIAN_POINT('Ctrl Pts',(6.41481583793189,-12.5646569110903,400.532817253176));
#7968=CARTESIAN_POINT('Ctrl Pts',(11.6446585570999,-7.96381771618015,400.810730125817));
#7969=CARTESIAN_POINT('Ctrl Pts',(14.0356630217269,-1.42148832866151,401.088642998458));
#7970=CARTESIAN_POINT('Ctrl Pts',(13.0049289339906,5.46738410483964,401.366555871099));
#7971=CARTESIAN_POINT('Ctrl Pts',(8.80373780155903,11.023369097032,401.64446874374));
#7972=CARTESIAN_POINT('Ctrl Pts',(2.4562933005566,13.8919792956094,401.922381616381));
#7973=CARTESIAN_POINT('Ctrl Pts',(-4.48996819038103,13.3738794363251,402.200294489022));
#7974=CARTESIAN_POINT('Ctrl Pts',(-10.3416253699907,9.59537650302213,402.478207361663));
#7975=CARTESIAN_POINT('Ctrl Pts',(-13.6721092948842,3.47762748964459,402.756120234303));
#7976=CARTESIAN_POINT('Ctrl Pts',(-13.6694850228933,-3.48792843058676,403.034033106944));
#7977=CARTESIAN_POINT('Ctrl Pts',(-10.3343923223431,-9.60316618912162,403.311945979585));
#7978=CARTESIAN_POINT('Ctrl Pts',(-4.47988970365373,-13.3772588287392,403.589858852226));
#7979=CARTESIAN_POINT('Ctrl Pts',(2.46676020338201,-13.8901245360509,403.867771724867));
#7980=CARTESIAN_POINT('Ctrl Pts',(8.81204140597792,-11.0167323552554,404.145684597508));
#7981=CARTESIAN_POINT('Ctrl Pts',(13.009044913592,-5.45758334468157,404.423597470149));
#7982=CARTESIAN_POINT('Ctrl Pts',(14.0345879464584,1.43206379087098,404.70151034279));
#7983=CARTESIAN_POINT('Ctrl Pts',(11.6386545183547,7.97258970036547,404.97942321543));
#7984=CARTESIAN_POINT('Ctrl Pts',(6.40534655358429,12.5694869050598,405.257336088072));
#7985=CARTESIAN_POINT('Ctrl Pts',(-0.389513666303195,14.1020829891103,405.535248960712));
#7986=CARTESIAN_POINT('Ctrl Pts',(-7.08941478617657,12.196748071414,405.813161833354));
#7987=CARTESIAN_POINT('Ctrl Pts',(-12.0609954234328,7.31798161544045,406.091074705994));
#7988=CARTESIAN_POINT('Ctrl Pts',(-14.0922395082684,0.65517262579566,406.368987578635));
#7989=CARTESIAN_POINT('Ctrl Pts',(-12.6879523225156,-6.16736016376308,406.646900451276));
#7990=CARTESIAN_POINT('Ctrl Pts',(-8.19048346480983,-11.4863591333664,406.924813323917));
#7991=CARTESIAN_POINT('Ctrl Pts',(-1.69626582575685,-14.0051114874663,407.202726196558));
#7992=CARTESIAN_POINT('Ctrl Pts',(5.21148255723517,-13.1095734134881,407.480639069199));
#7993=CARTESIAN_POINT('Ctrl Pts',(10.848729450311,-9.01806713447774,407.75855194184));
#7994=CARTESIAN_POINT('Ctrl Pts',(13.8411767534538,-2.72805637911577,408.036464814481));
#7995=CARTESIAN_POINT('Ctrl Pts',(13.4592990935336,4.22702418242412,408.314377687121));
#7996=CARTESIAN_POINT('Ctrl Pts',(9.79619399712903,10.1516032575457,408.592290559762));
#7997=CARTESIAN_POINT('Ctrl Pts',(3.74488574890124,13.6013343557045,408.870203432404));
#7998=CARTESIAN_POINT('Ctrl Pts',(-3.21938399757378,13.7352114000534,409.148116305044));
#7999=CARTESIAN_POINT('Ctrl Pts',(-9.39880372860566,10.5205966560432,409.426029177685));
#8000=CARTESIAN_POINT('Ctrl Pts',(-13.2868996358543,4.74117744813747,409.703942050326));
#8001=CARTESIAN_POINT('Ctrl Pts',(-13.9357971771253,-2.1940880944069,409.981854922967));
#8002=CARTESIAN_POINT('Ctrl Pts',(-11.1873023483262,-8.59445936025846,410.259767795608));
#8003=CARTESIAN_POINT('Ctrl Pts',(-5.71146762236886,-12.8995970141173,410.537680668249));
#8004=CARTESIAN_POINT('Ctrl Pts',(1.1567593919874,-14.0599563739378,410.81559354089));
#8005=CARTESIAN_POINT('Ctrl Pts',(7.7429813310406,-11.7926547322962,411.09350641353));
#8006=CARTESIAN_POINT('Ctrl Pts',(12.4415505322343,-6.65043501448293,411.371419286172));
#8007=CARTESIAN_POINT('Ctrl Pts',(14.1070080776813,0.113086799557587,411.649332158812));
#8008=CARTESIAN_POINT('Ctrl Pts',(12.3333339395589,6.84903930951816,411.927245031454));
#8009=CARTESIAN_POINT('Ctrl Pts',(7.55293014749405,11.9152722048247,412.205157904094));
#8010=CARTESIAN_POINT('Ctrl Pts',(0.931205982535781,14.076694247801,412.483070776735));
#8011=CARTESIAN_POINT('Ctrl Pts',(-5.91753584490844,12.8063747818114,412.760983649376));
#8012=CARTESIAN_POINT('Ctrl Pts',(-11.3236482430086,8.41400356528372,413.038896522017));
#8013=CARTESIAN_POINT('Ctrl Pts',(-13.9691811311464,1.97039185270707,413.316809394658));
#8014=CARTESIAN_POINT('Ctrl Pts',(-13.2091830124909,-4.9535794805883,413.594722267299));
#8015=CARTESIAN_POINT('Ctrl Pts',(-9.22893297633896,-10.6699232258829,413.872635139939));
#8016=CARTESIAN_POINT('Ctrl Pts',(-2.9987717166526,-13.7850583502357,414.150548012581));
#8017=CARTESIAN_POINT('Ctrl Pts',(3.9624567378461,-13.5395495541284,414.428460885222));
#8018=CARTESIAN_POINT('Ctrl Pts',(9.95768230662591,-9.99324915171781,414.706373757862));
#8019=CARTESIAN_POINT('Ctrl Pts',(13.5253356696576,-4.01070574227042,414.984286630504));
#8020=CARTESIAN_POINT('Ctrl Pts',(13.7956626133468,2.94960312358977,415.262199503144));
#8021=CARTESIAN_POINT('Ctrl Pts',(10.7027604351626,9.19083155081785,415.540112375785));
#8022=CARTESIAN_POINT('Ctrl Pts',(5.00064428959936,13.1914374583249,415.818025248426));
#8023=CARTESIAN_POINT('Ctrl Pts',(-1.92057332098882,13.9761176170887,416.095938121067));
#8024=CARTESIAN_POINT('Ctrl Pts',(-8.37357651485162,11.353575730928,416.373850993708));
#8025=CARTESIAN_POINT('Ctrl Pts',(-12.7851948779673,5.9631583460779,416.651763866349));
#8026=CARTESIAN_POINT('Ctrl Pts',(-14.0799249155573,-0.881010726529509,
416.92967673899));
#8027=CARTESIAN_POINT('Ctrl Pts',(-11.9421258433098,-7.51039918183734,417.20758961163));
#8028=CARTESIAN_POINT('Ctrl Pts',(-6.89296930031245,-12.3088358406857,417.485502484272));
#8029=CARTESIAN_POINT('Ctrl Pts',(-0.163383499457196,-14.1065152096504,
417.763415356913));
#8030=CARTESIAN_POINT('Ctrl Pts',(6.60603338155646,-12.4651830507918,418.041328229554));
#8031=CARTESIAN_POINT('Ctrl Pts',(11.7649727906563,-7.78497789098387,418.319241102194));
#8032=CARTESIAN_POINT('Ctrl Pts',(14.0557426731034,-1.20688169904908,418.597153974835));
#8033=CARTESIAN_POINT('Ctrl Pts',(12.9198788074887,5.66543882923426,418.875066847476));
#8034=CARTESIAN_POINT('Ctrl Pts',(8.63429217216844,11.1565883769915,419.152979720117));
#8035=CARTESIAN_POINT('Ctrl Pts',(2.24376112829765,13.9278857522289,419.430892592758));
#8036=CARTESIAN_POINT('Ctrl Pts',(-4.69377392550897,13.3037194748012,419.708805465399));
#8037=CARTESIAN_POINT('Ctrl Pts',(-10.4870190963129,9.43625434171628,419.98671833804));
#8038=CARTESIAN_POINT('Ctrl Pts',(-13.7236456388642,3.268335341865,420.264631210681));
#8039=CARTESIAN_POINT('Ctrl Pts',(-13.6145999970093,-3.69636746677416,420.542544083322));
#8040=CARTESIAN_POINT('Ctrl Pts',(-10.1864662855239,-9.75993699476947,420.820456955963));
#8041=CARTESIAN_POINT('Ctrl Pts',(-4.27498537857209,-13.4441424248996,421.098369828603));
#8042=CARTESIAN_POINT('Ctrl Pts',(2.67868942103892,-13.8508154458001,421.376282701244));
#8043=CARTESIAN_POINT('Ctrl Pts',(8.97932952983477,-10.8808136976344,421.654195573885));
#8044=CARTESIAN_POINT('Ctrl Pts',(13.0909089594839,-5.25819057685205,421.932108446526));
#8045=CARTESIAN_POINT('Ctrl Pts',(14.0110703704184,1.6463209295835,422.210021319167));
#8046=CARTESIAN_POINT('Ctrl Pts',(11.5154886438795,8.14947770232387,422.487934191808));
#8047=CARTESIAN_POINT('Ctrl Pts',(6.2125588511274,12.6658824425806,422.765847064449));
#8048=CARTESIAN_POINT('Ctrl Pts',(-0.6049236988993,14.0944859021714,423.04375993709));
#8049=CARTESIAN_POINT('Ctrl Pts',(-7.27493257856511,12.087010445322,423.32167280973));
#8050=CARTESIAN_POINT('Ctrl Pts',(-12.1713938009951,7.13285626303259,423.599585682372));
#8051=CARTESIAN_POINT('Ctrl Pts',(-14.1006045743098,0.439791049187549,423.877498555012));
#8052=CARTESIAN_POINT('Ctrl Pts',(-12.5922447669645,-6.36049033148037,424.155411427654));
#8053=CARTESIAN_POINT('Ctrl Pts',(-8.01403572533342,-11.6101549051285,424.433324300294));
#8054=CARTESIAN_POINT('Ctrl Pts',(-1.48209389894155,-14.0293928308648,424.711237172936));
#8055=CARTESIAN_POINT('Ctrl Pts',(5.41116593746296,-13.0284208070369,424.989150045576));
#8056=CARTESIAN_POINT('Ctrl Pts',(10.9852436965543,-8.85126468112312,425.267062918217));
#8057=CARTESIAN_POINT('Ctrl Pts',(13.8812412106719,-2.51626866195462,425.544975790858));
#8058=CARTESIAN_POINT('Ctrl Pts',(13.3931464926177,4.4321656732666,425.822888663499));
#8059=CARTESIAN_POINT('Ctrl Pts',(9.63995160649057,10.3000873080043,426.10080153614));
#8060=CARTESIAN_POINT('Ctrl Pts',(3.53664372578778,13.6569622055872,426.378714408781));
#8061=CARTESIAN_POINT('Ctrl Pts',(-3.42885856381279,13.6844215982031,426.656627281421));
#8062=CARTESIAN_POINT('Ctrl Pts',(-9.55844326831308,10.3757711913106,426.934540154062));
#8063=CARTESIAN_POINT('Ctrl Pts',(-13.3577858046208,4.5376231582034,427.212453026703));
#8064=CARTESIAN_POINT('Ctrl Pts',(-13.9006487153395,-2.40674693740927,427.490365899344));
#8065=CARTESIAN_POINT('Ctrl Pts',(-11.0546880600805,-8.76437889540991,427.768278771985));
#8066=CARTESIAN_POINT('Ctrl Pts',(-5.51371739631925,-12.9853527484436,428.046191644626));
#8067=CARTESIAN_POINT('Ctrl Pts',(1.37143624993531,-14.0406420131116,428.324104517267));
#8068=CARTESIAN_POINT('Ctrl Pts',(7.92224899036802,-11.6729789026886,428.602017389908));
#8069=CARTESIAN_POINT('Ctrl Pts',(12.5417055312532,-6.45957335242234,428.879930262549));
#8070=CARTESIAN_POINT('Ctrl Pts',(14.1036337414673,0.328604343455133,429.15784313519));
#8071=CARTESIAN_POINT('Ctrl Pts',(12.2272528937557,7.03667195484778,429.435756007831));
#8072=CARTESIAN_POINT('Ctrl Pts',(7.37000377132802,12.0292771993417,429.713668880471));
#8073=CARTESIAN_POINT('Ctrl Pts',(0.716029692168386,14.0892784417061,429.991581753113));
#8074=CARTESIAN_POINT('Ctrl Pts',(-6.11250446288791,12.7144702885797,430.269494625753));
#8075=CARTESIAN_POINT('Ctrl Pts',(-11.4508780078052,8.2400156782834,430.547407498394));
#8076=CARTESIAN_POINT('Ctrl Pts',(-13.9976548410405,1.75673688384986,430.825320371035));
#8077=CARTESIAN_POINT('Ctrl Pts',(-13.1319590936713,-5.15481482597934,431.103233243676));
#8078=CARTESIAN_POINT('Ctrl Pts',(-9.06483776139564,-10.8096800085652,431.381146116317));
#8079=CARTESIAN_POINT('Ctrl Pts',(-2.78780979406606,-13.8292654208422,431.659058988958));
#8080=CARTESIAN_POINT('Ctrl Pts',(4.16885519748127,-13.4774297204781,431.936971861599));
#8081=CARTESIAN_POINT('Ctrl Pts',(10.1091996542339,-9.83994653841355,432.21488473424));
#8082=CARTESIAN_POINT('Ctrl Pts',(13.5850336609355,-3.80359382153804,432.49279760688));
#8083=CARTESIAN_POINT('Ctrl Pts',(13.7489875419298,3.16003276879389,432.770710479522));
#8084=CARTESIAN_POINT('Ctrl Pts',(10.5610911643817,9.35327851320688,433.048623352162));
#8085=CARTESIAN_POINT('Ctrl Pts',(4.79851821214959,13.2662989750593,433.326536224803));
#8086=CARTESIAN_POINT('Ctrl Pts',(-2.13388011529259,13.9451432829334,433.604449097444));
#8087=CARTESIAN_POINT('Ctrl Pts',(-8.54606220176963,11.2243167440819,433.882361970085));
#8088=CARTESIAN_POINT('Ctrl Pts',(-12.8748093652644,5.76712661002849,434.160274842726));
#8089=CARTESIAN_POINT('Ctrl Pts',(-14.0648211878445,-1.09602485462738,434.438187715366));
#8090=CARTESIAN_POINT('Ctrl Pts',(-11.8259860214317,-7.69197764875213,434.716100588008));
#8091=CARTESIAN_POINT('Ctrl Pts',(-6.70410698123747,-12.4127118355384,434.994013460649));
#8092=CARTESIAN_POINT('Ctrl Pts',(0.0521587837835711,-14.1073649201138,
435.27192633329));
#8093=CARTESIAN_POINT('Ctrl Pts',(6.7957088173824,-12.3627993269058,435.54983920593));
#8094=CARTESIAN_POINT('Ctrl Pts',(11.8825406172176,-7.60432074600842,435.827752078571));
#8095=CARTESIAN_POINT('Ctrl Pts',(14.072541161769,-0.991993335819312,436.105664951212));
#8096=CARTESIAN_POINT('Ctrl Pts',(12.831812673541,5.86217101756146,436.383577823853));
#8097=CARTESIAN_POINT('Ctrl Pts',(8.46283095967057,11.2872032707856,436.661490696494));
#8098=CARTESIAN_POINT('Ctrl Pts',(2.03070517401478,13.9605408929679,436.939403569135));
#8099=CARTESIAN_POINT('Ctrl Pts',(-4.89648394934519,13.2304539023347,437.217316441776));
#8100=CARTESIAN_POINT('Ctrl Pts',(-10.6299647402541,9.27492938781497,437.495229314417));
#8101=CARTESIAN_POINT('Ctrl Pts',(-13.7719783446319,3.05828023617559,437.773142187058));
#8102=CARTESIAN_POINT('Ctrl Pts',(-13.5565367884521,-3.90394362553173,438.051055059699));
#8103=CARTESIAN_POINT('Ctrl Pts',(-10.0361623271605,-9.91442944757163,438.32896793234));
#8104=CARTESIAN_POINT('Ctrl Pts',(-4.0690831039012,-13.507887629883,438.60688080498));
#8105=CARTESIAN_POINT('Ctrl Pts',(2.8899933273162,-13.8082730309065,438.884793677622));
#8106=CARTESIAN_POINT('Ctrl Pts',(9.14452152530464,-10.7423550304964,439.162706550262));
#8107=CARTESIAN_POINT('Ctrl Pts',(13.1697170727717,-5.05757034070166,439.440619422903));
#8108=CARTESIAN_POINT('Ctrl Pts',(13.9842820599384,1.86019375229513,439.718532295544));
#8109=CARTESIAN_POINT('Ctrl Pts',(11.3896346018115,8.32446329592546,439.996445168185));
#8110=CARTESIAN_POINT('Ctrl Pts',(6.01832089328899,12.7593212653887,440.274358040826));
#8111=CARTESIAN_POINT('Ctrl Pts',(-0.820192518531429,14.0835986083294,440.552270913467));
#8112=CARTESIAN_POINT('Ctrl Pts',(-7.45875211579442,11.9744512359906,440.830183786108));
#8113=CARTESIAN_POINT('Ctrl Pts',(-12.2789508969263,6.9460658216622,441.108096658749));
#8114=CARTESIAN_POINT('Ctrl Pts',(-14.1056780051104,0.224306808063223,441.386009531389));
#8115=CARTESIAN_POINT('Ctrl Pts',(-12.4935976866264,-6.55213571079799,441.66392240403));
#8116=CARTESIAN_POINT('Ctrl Pts',(-7.83571719497833,-11.7312404104729,441.941835276672));
#8117=CARTESIAN_POINT('Ctrl Pts',(-1.26757599316821,-14.050399162641,442.219748149312));
#8118=CARTESIAN_POINT('Ctrl Pts',(5.60958613890799,-12.9442268551723,442.497661021953));
#8119=CARTESIAN_POINT('Ctrl Pts',(11.1191935552151,-8.68239599475028,442.775573894594));
#8120=CARTESIAN_POINT('Ctrl Pts',(13.9180652406789,-2.30389354880089,443.053486767235));
#8121=CARTESIAN_POINT('Ctrl Pts',(13.3238674049784,4.63627252246301,443.331399639876));
#8122=CARTESIAN_POINT('Ctrl Pts',(9.48145887231175,10.4461669133058,443.609312512517));
#8123=CARTESIAN_POINT('Ctrl Pts',(3.32757611104571,13.7094019837916,443.887225385158));
#8124=CARTESIAN_POINT('Ctrl Pts',(-3.63753269971161,13.6304373145739,444.165138257799));
#8125=CARTESIAN_POINT('Ctrl Pts',(-9.7158514917272,10.2285236138308,444.443051130439));
#8126=CARTESIAN_POINT('Ctrl Pts',(-13.425553741238,4.33300960870407,444.72096400308));
#8127=CARTESIAN_POINT('Ctrl Pts',(-13.8622552958682,-2.61884395109257,444.998876875721));
#8128=CARTESIAN_POINT('Ctrl Pts',(-10.9194931732097,-8.93225248009812,445.276789748362));
#8129=CARTESIAN_POINT('Ctrl Pts',(-5.31468005194836,-13.0680771911331,445.554702621003));
#8130=CARTESIAN_POINT('Ctrl Pts',(1.58579296076818,-14.0180500146624,445.832615493644));
#8131=CARTESIAN_POINT('Ctrl Pts',(8.09966728544777,-11.5505781410732,446.110528366285));
#8132=CARTESIAN_POINT('Ctrl Pts',(12.6389328033296,-6.26720377209037,446.388441238926));
#8133=CARTESIAN_POINT('Ctrl Pts',(14.0969670628858,0.544045178184218,446.666354111566));
#8134=CARTESIAN_POINT('Ctrl Pts',(12.1183175266138,7.22266196441205,446.944266984208));
#8135=CARTESIAN_POINT('Ctrl Pts',(7.18535694665045,12.1404740878279,447.222179856848));
#8136=CARTESIAN_POINT('Ctrl Pts',(0.500686252330746,14.0985736443346,447.50009272949));
#8137=CARTESIAN_POINT('Ctrl Pts',(-6.30604618211285,12.6195977383216,447.77800560213));
#8138=CARTESIAN_POINT('Ctrl Pts',(-11.5754346876709,8.06410424780393,448.055918474772));
#8139=CARTESIAN_POINT('Ctrl Pts',(-14.0228609482076,1.54267182356678,448.333831347412));
#8140=CARTESIAN_POINT('Ctrl Pts',(-13.0516696595316,-5.35484683501426,448.611744220053));
#8141=CARTESIAN_POINT('Ctrl Pts',(-8.89862645708336,-10.9469133871283,448.889657092694));
#8142=CARTESIAN_POINT('Ctrl Pts',(-2.57619708711684,-13.8702441974294,449.167569965335));
#8143=CARTESIAN_POINT('Ctrl Pts',(4.3742804824846,-13.4121637250875,449.445482837976));
#8144=CARTESIAN_POINT('Ctrl Pts',(10.2583571173669,-9.68434689488972,449.723395710617));
#8145=CARTESIAN_POINT('Ctrl Pts',(13.6415603714852,-3.59559399252996,450.001308583258));
#8146=CARTESIAN_POINT('Ctrl Pts',(13.6991029165048,3.36972473816616,450.279221455899));
#8147=CARTESIAN_POINT('Ctrl Pts',(10.4169565198869,9.51354205282013,450.55713432854));
#8148=CARTESIAN_POINT('Ctrl Pts',(4.59527197197532,13.3380636162661,450.835047201181));
#8149=CARTESIAN_POINT('Ctrl Pts',(-2.3466887781191,13.9109136043123,451.112960073821));
#8150=CARTESIAN_POINT('Ctrl Pts',(-8.7165529019237,11.092437560607,451.390872946463));
#8151=CARTESIAN_POINT('Ctrl Pts',(-12.9614183660949,5.56974859998642,451.668785819103));
#8152=CARTESIAN_POINT('Ctrl Pts',(-14.0464341781386,-1.31078312745196,451.946698691744));
#8153=CARTESIAN_POINT('Ctrl Pts',(-11.7070855496728,-7.87176050579802,452.224611564385));
#8154=CARTESIAN_POINT('Ctrl Pts',(-6.51367966013333,-12.5136902156461,452.502524437026));
#8155=CARTESIAN_POINT('Ctrl Pts',(0.267688891114431,-14.1049214172063,452.780437309667));
#8156=CARTESIAN_POINT('Ctrl Pts',(6.9837978677098,-12.2575296398162,453.058350182308));
#8157=CARTESIAN_POINT('Ctrl Pts',(11.9973345918315,-7.42188845373166,453.336263054948));
#8158=CARTESIAN_POINT('Ctrl Pts',(14.0860545662967,-0.776873402362216,453.61417592759));
#8159=CARTESIAN_POINT('Ctrl Pts',(12.7407510902439,6.05753474479848,453.89208880023));
#8160=CARTESIAN_POINT('Ctrl Pts',(8.28939418984804,11.4151832877669,454.170001672871));
#8161=CARTESIAN_POINT('Ctrl Pts',(1.81717517333829,13.9899370948334,454.447914545512));
#8162=CARTESIAN_POINT('Ctrl Pts',(-5.09805094140266,13.1540998219892,454.725827418153));
#8163=CARTESIAN_POINT('Ctrl Pts',(-10.7704289326809,9.11143930090461,455.003740290794));
#8164=CARTESIAN_POINT('Ctrl Pts',(-13.8170961294348,2.84751120769525,455.281653163435));
#8165=CARTESIAN_POINT('Ctrl Pts',(-13.4953089514565,-4.1106084504279,455.559566036076));
#8166=CARTESIAN_POINT('Ctrl Pts',(-9.88351553410246,-10.0666074829187,455.837478908717));
#8167=CARTESIAN_POINT('Ctrl Pts',(-3.86223094532457,-13.5684795630523,456.115391781358));
#8168=CARTESIAN_POINT('Ctrl Pts',(3.10062259557716,-13.7625072224425,456.393304653999));
#8169=CARTESIAN_POINT('Ctrl Pts',(9.30757883008239,-10.6013886755365,456.671217526639));
#8170=CARTESIAN_POINT('Ctrl Pts',(13.2454508565427,-4.85576946888046,456.949130399281));
#8171=CARTESIAN_POINT('Ctrl Pts',(13.9542292684641,2.07363233268096,457.227043271921));
#8172=CARTESIAN_POINT('Ctrl Pts',(11.2611217714313,8.49750563265459,457.504956144563));
#8173=CARTESIAN_POINT('Ctrl Pts',(5.82267802284246,12.84978156119,457.782869017203));
#8174=CARTESIAN_POINT('Ctrl Pts',(-1.03526987299617,14.069423649107,458.060781889845));
#8175=CARTESIAN_POINT('Ctrl Pts',(-7.64083048716194,11.8590967191624,458.338694762484));
#8176=CARTESIAN_POINT('Ctrl Pts',(-12.3836416031737,6.75765389555761,458.616607635126));
#8177=CARTESIAN_POINT('Ctrl Pts',(-14.1074586163312,0.00877020491495559,
458.894520507767));
#8178=CARTESIAN_POINT('Ctrl Pts',(-12.3920341096082,-6.74225156415118,459.172433380408));
#8179=CARTESIAN_POINT('Ctrl Pts',(-7.65556950029684,-11.8495873832857,459.450346253049));
#8180=CARTESIAN_POINT('Ctrl Pts',(-1.05276218534195,-14.0681255790921,459.72825912569));
#8181=CARTESIAN_POINT('Ctrl Pts',(5.80669684250141,-12.8570112120693,460.00617199833));
#8182=CARTESIAN_POINT('Ctrl Pts',(11.2505477571324,-8.51150049594567,460.284084870972));
#8183=CARTESIAN_POINT('Ctrl Pts',(13.9516402472981,-2.09098061635306,460.561997743612));
#8184=CARTESIAN_POINT('Ctrl Pts',(13.2514780030784,4.83929708345273,460.839910616253));
#8185=CARTESIAN_POINT('Ctrl Pts',(9.32075279302479,10.5898079727308,461.117823488894));
#8186=CARTESIAN_POINT('Ctrl Pts',(3.11773170926828,13.758641448814,461.395736361535));
#8187=CARTESIAN_POINT('Ctrl Pts',(-3.84535769253053,13.573271151218,461.673649234176));
#8188=CARTESIAN_POINT('Ctrl Pts',(-9.87099165358562,10.0788882969718,461.951562106817));
#8189=CARTESIAN_POINT('Ctrl Pts',(-13.490187626008,4.12738456447903,462.229474979458));
#8190=CARTESIAN_POINT('Ctrl Pts',(-13.8206258812434,-2.83032962368295,462.507387852099));
#8191=CARTESIAN_POINT('Ctrl Pts',(-10.7817492475106,-9.09804092603439,462.78530072474));
#8192=CARTESIAN_POINT('Ctrl Pts',(-5.11440205239297,-13.1477510310501,463.06321359738));
#8193=CARTESIAN_POINT('Ctrl Pts',(1.79977948520455,-13.99218565245,463.341126470021));
#8194=CARTESIAN_POINT('Ctrl Pts',(8.27519479987685,-11.4254810205993,463.619039342662));
#8195=CARTESIAN_POINT('Ctrl Pts',(12.7332096517982,-6.07337118010613,463.896952215303));
#8196=CARTESIAN_POINT('Ctrl Pts',(14.0870095982014,0.759359011390711,464.174865087944));
#8197=CARTESIAN_POINT('Ctrl Pts',(12.0065532679273,7.40696592083533,464.452777960585));
#8198=CARTESIAN_POINT('Ctrl Pts',(6.99903277728709,12.2488369125584,464.730690833225));
#8199=CARTESIAN_POINT('Ctrl Pts',(0.285225932647722,14.1045776858205,465.008603705867));
#8200=CARTESIAN_POINT('Ctrl Pts',(-6.49811582233851,12.5217792780206,465.286516578507));
#8201=CARTESIAN_POINT('Ctrl Pts',(-11.6972892061831,7.88631033848562,465.564429451149));
#8202=CARTESIAN_POINT('Ctrl Pts',(-14.0447935685511,1.32824664305414,465.84234232379));
#8203=CARTESIAN_POINT('Ctrl Pts',(-12.968333452781,-5.55362881235987,466.12025519643));
#8204=CARTESIAN_POINT('Ctrl Pts',(-8.73033786365365,-11.081591325908,466.398168069072));
#8205=CARTESIAN_POINT('Ctrl Pts',(-2.36398299452867,-13.9079851139398,466.676080941712));
#8206=CARTESIAN_POINT('Ctrl Pts',(4.57868463851824,-13.3437668036052,466.953993814353));
#8207=CARTESIAN_POINT('Ctrl Pts',(10.4051198768086,-9.52648654422152,467.231906686994));
#8208=CARTESIAN_POINT('Ctrl Pts',(13.69490260575,-3.38675481058426,467.509819559635));
#8209=CARTESIAN_POINT('Ctrl Pts',(13.6460203821041,3.57863008135686,467.787732432276));
#8210=CARTESIAN_POINT('Ctrl Pts',(10.270390148371,9.67158475784863,468.065645304917));
#8211=CARTESIAN_POINT('Ctrl Pts',(4.39095301473469,13.4067146292579,468.343558177558));
#8212=CARTESIAN_POINT('Ctrl Pts',(-2.55894963156301,13.8734365717783,468.621471050199));
#8213=CARTESIAN_POINT('Ctrl Pts',(-8.88500881608506,10.9579689662852,468.899383922839));
#8214=CARTESIAN_POINT('Ctrl Pts',(-13.0450016625069,5.37107039174522,469.177296795481));
#8215=CARTESIAN_POINT('Ctrl Pts',(-14.0247681787039,-1.5252354119944,469.455209668121));
#8216=CARTESIAN_POINT('Ctrl Pts',(-11.5854521840489,-8.04970578456679,469.733122540762));
#8217=CARTESIAN_POINT('Ctrl Pts',(-6.32173179027142,-12.6117474087423,470.011035413403));
#8218=CARTESIAN_POINT('Ctrl Pts',(0.483156509450762,-14.0991852712251,470.288948286044));
#8219=CARTESIAN_POINT('Ctrl Pts',(7.17025662493176,-12.1493985638353,470.566861158684));
#8220=CARTESIAN_POINT('Ctrl Pts',(12.1093279175468,-7.23772360054551,470.844774031326));
#8221=CARTESIAN_POINT('Ctrl Pts',(14.0962797311498,-0.561572117104649,471.122686903966));
#8222=CARTESIAN_POINT('Ctrl Pts',(12.6467153169657,6.25148440740018,471.400599776608));
#8223=CARTESIAN_POINT('Ctrl Pts',(8.114022345498,11.5404985481887,471.678512649248));
#8224=CARTESIAN_POINT('Ctrl Pts',(1.603220981152,14.0160675042205,471.956425521889));
#8225=CARTESIAN_POINT('Ctrl Pts',(-5.29842786574591,13.0746750400135,472.23433839453));
#8226=CARTESIAN_POINT('Ctrl Pts',(-10.9083788471694,8.94582228271048,472.512251267172));
#8227=CARTESIAN_POINT('Ctrl Pts',(-13.8589885364567,2.63607738243082,472.790164139812));
#8228=CARTESIAN_POINT('Ctrl Pts',(-13.4309306233263,-4.31631354144131,473.068077012453));
#8229=CARTESIAN_POINT('Ctrl Pts',(-9.72856186134002,-10.2164358990501,473.345989885094));
#8230=CARTESIAN_POINT('Ctrl Pts',(-3.65447652743687,-13.6259034142654,473.623902757735));
#8231=CARTESIAN_POINT('Ctrl Pts',(3.31052668898368,-13.7135300773627,473.901815630375));
#8232=CARTESIAN_POINT('Ctrl Pts',(9.46846620229955,-10.4579447059143,474.179728503017));
#8233=CARTESIAN_POINT('Ctrl Pts',(13.318086808381,-4.65284091719504,474.457641375658));
#8234=CARTESIAN_POINT('Ctrl Pts',(13.9209310271951,2.28659891172488,474.735554248298));
#8235=CARTESIAN_POINT('Ctrl Pts',(11.1299553601198,8.66853942062325,475.013467120939));
#8236=CARTESIAN_POINT('Ctrl Pts',(5.62572708667209,12.937293588798,475.29137999358));
#8237=CARTESIAN_POINT('Ctrl Pts',(-1.25021100397347,14.051858316162,475.569292866221));
#8238=CARTESIAN_POINT('Ctrl Pts',(-7.82090317148362,11.7411933742883,475.847205738862));
#8239=CARTESIAN_POINT('Ctrl Pts',(-12.4858737943523,6.56720722033255,476.125118611503));
#8240=CARTESIAN_POINT('Ctrl Pts',(-13.5646158111616,2.05199622572955,476.31039385993));
#8241=CARTESIAN_POINT('Ctrl Pts',(-13.5316296799156,-0.198349974975116,
476.403031484144));
#8242=CARTESIAN_POINT('Ctrl Pts',(-12.4190472056159,3.36172909448174,385.632749999998));
#8243=CARTESIAN_POINT('Ctrl Pts',(-12.9781117436289,1.29640833441021,385.725387624212));
#8244=CARTESIAN_POINT('Ctrl Pts',(-13.0451147943945,-3.1165373620503,385.910662872639));
#8245=CARTESIAN_POINT('Ctrl Pts',(-9.96316923579419,-8.97887943074426,386.18857574528));
#8246=CARTESIAN_POINT('Ctrl Pts',(-4.45294549819975,-12.6511785148073,386.466488617921));
#8247=CARTESIAN_POINT('Ctrl Pts',(2.143171713153,-13.2397897665878,386.744401490562));
#8248=CARTESIAN_POINT('Ctrl Pts',(8.2166566706986,-10.6004320817877,387.022314363203));
#8249=CARTESIAN_POINT('Ctrl Pts',(12.2870852583991,-5.37693074293102,387.300227235844));
#8250=CARTESIAN_POINT('Ctrl Pts',(13.3620236637657,1.15746650729515,387.578140108485));
#8251=CARTESIAN_POINT('Ctrl Pts',(11.1794664775525,7.40965722029474,387.856052981125));
#8252=CARTESIAN_POINT('Ctrl Pts',(6.27147136783579,11.8554699974507,388.133965853767));
#8253=CARTESIAN_POINT('Ctrl Pts',(-0.165434681218993,13.411044206507,388.411878726407));
#8254=CARTESIAN_POINT('Ctrl Pts',(-6.56201154998787,11.6971582933863,388.689791599048));
#8255=CARTESIAN_POINT('Ctrl Pts',(-11.3588420322631,7.13163366997763,388.967704471689));
#8256=CARTESIAN_POINT('Ctrl Pts',(-13.3865136093628,0.827496846903559,389.24561734433));
#8257=CARTESIAN_POINT('Ctrl Pts',(-12.1507018190118,-5.67837488145854,389.523530216971));
#8258=CARTESIAN_POINT('Ctrl Pts',(-7.95268416248863,-10.7999217810596,389.801443089612));
#8259=CARTESIAN_POINT('Ctrl Pts',(-1.81589049765947,-13.2885679461725,390.079355962253));
#8260=CARTESIAN_POINT('Ctrl Pts',(4.76359705042553,-12.5376089869279,390.357268834893));
#8261=CARTESIAN_POINT('Ctrl Pts',(10.181772626443,-8.73012040974103,390.635181707535));
#8262=CARTESIAN_POINT('Ctrl Pts',(13.117745262928,-2.79432555532983,390.913094580175));
#8263=CARTESIAN_POINT('Ctrl Pts',(12.8557574912518,3.82269478855089,391.191007452817));
#8264=CARTESIAN_POINT('Ctrl Pts',(9.45967901227115,9.50778465800714,391.468920325457));
#8265=CARTESIAN_POINT('Ctrl Pts',(3.75743599302819,12.8749823639376,391.746833198098));
#8266=CARTESIAN_POINT('Ctrl Pts',(-2.86082813473701,13.1034025543561,392.024746070739));
#8267=CARTESIAN_POINT('Ctrl Pts',(-8.78165417871529,10.1373589263023,392.30265894338));
#8268=CARTESIAN_POINT('Ctrl Pts',(-12.5616105958538,4.69993993096091,392.580571816021));
#8269=CARTESIAN_POINT('Ctrl Pts',(-13.2791860489009,-1.88327215100125,392.858484688662));
#8270=CARTESIAN_POINT('Ctrl Pts',(-10.7594436227052,-8.00736342661985,393.136397561302));
#8271=CARTESIAN_POINT('Ctrl Pts',(-5.6166684983795,-12.1793485497173,393.414310433944));
#8272=CARTESIAN_POINT('Ctrl Pts',(0.895387942186524,-13.3821439444177,393.692223306585));
#8273=CARTESIAN_POINT('Ctrl Pts',(7.18915876016865,-11.3225214699401,393.970136179225));
#8274=CARTESIAN_POINT('Ctrl Pts',(11.730292623939,-6.50259418024201,394.248049051866));
#8275=CARTESIAN_POINT('Ctrl Pts',(13.4117116000186,-0.0974067455504034,
394.525961924507));
#8276=CARTESIAN_POINT('Ctrl Pts',(11.8235044413065,6.33152737043417,394.803874797148));
#8277=CARTESIAN_POINT('Ctrl Pts',(7.35285839044981,11.2169055272009,395.081787669789));
#8278=CARTESIAN_POINT('Ctrl Pts',(1.08966723604278,13.3677268610204,395.35970054243));
#8279=CARTESIAN_POINT('Ctrl Pts',(-5.43917267218697,12.2596450502565,395.637613415071));
#8280=CARTESIAN_POINT('Ctrl Pts',(-10.6420027726458,8.16279811726048,395.915526287712));
#8281=CARTESIAN_POINT('Ctrl Pts',(-13.2504309481552,2.07595178275655,396.193439160353));
#8282=CARTESIAN_POINT('Ctrl Pts',(-12.6285514181746,-4.51698850946865,396.471352032994));
#8283=CARTESIAN_POINT('Ctrl Pts',(-8.92797149611547,-10.0087372370695,396.749264905635));
#8284=CARTESIAN_POINT('Ctrl Pts',(-3.05085141237143,-13.0604671346698,397.027177778276));
#8285=CARTESIAN_POINT('Ctrl Pts',(3.57003231681544,-12.928200391897,397.305090650916));
#8286=CARTESIAN_POINT('Ctrl Pts',(9.32058186993063,-9.64418216968511,397.583003523557));
#8287=CARTESIAN_POINT('Ctrl Pts',(12.7988772184933,-4.00901958863901,397.860916396198));
#8288=CARTESIAN_POINT('Ctrl Pts',(13.1569486390731,2.60349738331798,398.138829268839));
#8289=CARTESIAN_POINT('Ctrl Pts',(10.3075023014901,8.58131064703526,398.41674214148));
#8290=CARTESIAN_POINT('Ctrl Pts',(4.94520153380462,12.4670958088164,398.694655014121));
#8291=CARTESIAN_POINT('Ctrl Pts',(-1.6226843716295,13.3135416605135,398.972567886761));
#8292=CARTESIAN_POINT('Ctrl Pts',(-7.79497787333257,10.9142941169096,399.250480759403));
#8293=CARTESIAN_POINT('Ctrl Pts',(-12.0669424584239,5.85426304680949,399.528393632044));
#8294=CARTESIAN_POINT('Ctrl Pts',(-13.3971206701016,-0.632972248124171,
399.806306504685));
#8295=CARTESIAN_POINT('Ctrl Pts',(-11.4612298534332,-6.96589594832728,400.084219377325));
#8296=CARTESIAN_POINT('Ctrl Pts',(-6.73121866024372,-11.6006116849129,400.362132249966));
#8297=CARTESIAN_POINT('Ctrl Pts',(-0.360211216396546,-13.4072273045451,
400.640045122607));
#8298=CARTESIAN_POINT('Ctrl Pts',(6.09861171605492,-11.9453100107511,400.917957995248));
#8299=CARTESIAN_POINT('Ctrl Pts',(11.0706609355416,-7.57125898159729,401.195870867889));
#8300=CARTESIAN_POINT('Ctrl Pts',(13.3438061371251,-1.35141921363241,401.47378374053));
#8301=CARTESIAN_POINT('Ctrl Pts',(12.3638798005858,5.19788152931809,401.751696613171));
#8302=CARTESIAN_POINT('Ctrl Pts',(8.36977706888909,10.4799965617006,402.029609485812));
#8303=CARTESIAN_POINT('Ctrl Pts',(2.33521576911589,13.2072049816693,402.307522358453));
#8304=CARTESIAN_POINT('Ctrl Pts',(-4.26864516494541,12.7146437060556,402.585435231093));
#8305=CARTESIAN_POINT('Ctrl Pts',(-9.83185787991943,9.12239369602142,402.863348103735));
#8306=CARTESIAN_POINT('Ctrl Pts',(-12.9981729850698,3.3062055541594,403.141260976375));
#8307=CARTESIAN_POINT('Ctrl Pts',(-12.9956780707398,-3.3159987330895,403.419173849016));
#8308=CARTESIAN_POINT('Ctrl Pts',(-9.82498136929572,-9.12979940684042,403.697086721657));
#8309=CARTESIAN_POINT('Ctrl Pts',(-4.2590634748436,-12.7178565188242,403.974999594298));
#8310=CARTESIAN_POINT('Ctrl Pts',(2.34516672920668,-13.205441648365,404.252912466938));
#8311=CARTESIAN_POINT('Ctrl Pts',(8.37767136556502,-10.473686963374,404.53082533958));
#8312=CARTESIAN_POINT('Ctrl Pts',(12.3677928921116,-5.18856387587092,404.808738212221));
#8313=CARTESIAN_POINT('Ctrl Pts',(13.3427840553049,1.36147338191345,405.086651084862));
#8314=CARTESIAN_POINT('Ctrl Pts',(11.0649528525553,7.57959857029905,405.364563957502));
#8315=CARTESIAN_POINT('Ctrl Pts',(6.08960919905413,11.9499019208921,405.642476830144));
#8316=CARTESIAN_POINT('Ctrl Pts',(-0.370313453883633,13.4069520795006,405.920389702784));
#8317=CARTESIAN_POINT('Ctrl Pts',(-6.73995780506721,11.5955364214888,406.198302575426));
#8318=CARTESIAN_POINT('Ctrl Pts',(-11.4664753992741,6.95725793930295,406.476215448066));
#8319=CARTESIAN_POINT('Ctrl Pts',(-13.3975938112199,0.622877344035829,406.754128320707));
#8320=CARTESIAN_POINT('Ctrl Pts',(-12.0625278482777,-5.86335382061196,407.032041193348));
#8321=CARTESIAN_POINT('Ctrl Pts',(-7.78675174477925,-10.9201645308727,407.309954065989));
#8322=CARTESIAN_POINT('Ctrl Pts',(-1.61265216332698,-13.3147605729982,407.58786693863));
#8323=CARTESIAN_POINT('Ctrl Pts',(4.95459408104175,-12.4633660625156,407.865779811271));
#8324=CARTESIAN_POINT('Ctrl Pts',(10.3139653891019,-8.57354151261658,408.143692683912));
#8325=CARTESIAN_POINT('Ctrl Pts',(13.1589066381751,-2.59358288935159,408.421605556553));
#8326=CARTESIAN_POINT('Ctrl Pts',(12.7958527906802,4.01866239878305,408.699518429193));
#8327=CARTESIAN_POINT('Ctrl Pts',(9.31331233706888,9.65120248613401,408.977431301835));
#8328=CARTESIAN_POINT('Ctrl Pts',(3.56028991017069,12.9308867395739,409.255344174475));
#8329=CARTESIAN_POINT('Ctrl Pts',(-3.06069160240525,13.0581646118862,409.533257047116));
#8330=CARTESIAN_POINT('Ctrl Pts',(-8.93551054064248,10.0020071732741,409.811169919757));
#8331=CARTESIAN_POINT('Ctrl Pts',(-12.6319513819814,4.50747161936812,410.089082792398));
#8332=CARTESIAN_POINT('Ctrl Pts',(-13.248862957877,-2.08593538719373,410.366995665039));
#8333=CARTESIAN_POINT('Ctrl Pts',(-10.6358490868753,-8.17081454430177,410.64490853768));
#8334=CARTESIAN_POINT('Ctrl Pts',(-5.42993349107758,-12.2637399841413,410.922821410321));
#8335=CARTESIAN_POINT('Ctrl Pts',(1.09973950288595,-13.3669020024064,411.200734282962));
#8336=CARTESIAN_POINT('Ctrl Pts',(7.36130823638414,-11.211361967446,411.478647155602));
#8337=CARTESIAN_POINT('Ctrl Pts',(11.8282718878666,-6.32261656775606,411.756560028244));
#8338=CARTESIAN_POINT('Ctrl Pts',(13.4116343967521,0.107512436558279,412.034472900884));
#8339=CARTESIAN_POINT('Ctrl Pts',(11.7253895921426,6.5114311044987,412.312385773526));
#8340=CARTESIAN_POINT('Ctrl Pts',(7.18062520446697,11.3279352835866,412.590298646166));
#8341=CARTESIAN_POINT('Ctrl Pts',(0.885304248558846,13.382814819896,412.868211518808));
#8342=CARTESIAN_POINT('Ctrl Pts',(-5.6258440375705,12.1751129350444,413.146124391448));
#8343=CARTESIAN_POINT('Ctrl Pts',(-10.7654741130443,7.99925391755579,413.424037264089));
#8344=CARTESIAN_POINT('Ctrl Pts',(-13.280601323918,1.87326575565261,413.70195013673));
#8345=CARTESIAN_POINT('Ctrl Pts',(-12.5580656272199,-4.70940376465879,413.979863009371));
#8346=CARTESIAN_POINT('Ctrl Pts',(-8.77401319039801,-10.1439730210048,414.257775882011));
#8347=CARTESIAN_POINT('Ctrl Pts',(-2.85095391463527,-13.1055544672015,414.535688754653));
#8348=CARTESIAN_POINT('Ctrl Pts',(3.76713621970784,-12.8721474827755,414.813601627293));
#8349=CARTESIAN_POINT('Ctrl Pts',(9.46684043847073,-9.50065409478181,415.091514499935));
#8350=CARTESIAN_POINT('Ctrl Pts',(12.858634240229,-3.81300689642208,415.369427372575));
#8351=CARTESIAN_POINT('Ctrl Pts',(13.115636016671,2.80420897836583,415.647340245217));
#8352=CARTESIAN_POINT('Ctrl Pts',(10.1751915928498,8.73778989018107,415.925253117857));
#8353=CARTESIAN_POINT('Ctrl Pts',(4.75414861824742,12.5411948008065,416.203165990498));
#8354=CARTESIAN_POINT('Ctrl Pts',(-1.82590291801291,13.2871958911632,416.481078863139));
#8355=CARTESIAN_POINT('Ctrl Pts',(-7.96081962895219,10.7939263917928,416.75899173578));
#8356=CARTESIAN_POINT('Ctrl Pts',(-12.1549770476066,5.66921767868513,417.036904608421));
#8357=CARTESIAN_POINT('Ctrl Pts',(-13.3858862390474,-0.837583256419744,
417.314817481062));
#8358=CARTESIAN_POINT('Ctrl Pts',(-11.3534652314943,-7.14019070847561,417.592730353703));
#8359=CARTESIAN_POINT('Ctrl Pts',(-6.55319566378501,-11.7020990727437,417.870643226344));
#8360=CARTESIAN_POINT('Ctrl Pts',(-0.155329872138869,-13.4111658235581,
418.148556098984));
#8361=CARTESIAN_POINT('Ctrl Pts',(6.2804036148909,-11.8507394938126,418.426468971626));
#8362=CARTESIAN_POINT('Ctrl Pts',(11.1850445457513,-7.401234669007,418.704381844266));
#8363=CARTESIAN_POINT('Ctrl Pts',(13.3628960066134,-1.14739114193695,418.982294716907));
#8364=CARTESIAN_POINT('Ctrl Pts',(12.2830220314711,5.38617358525951,419.260207589548));
#8365=CARTESIAN_POINT('Ctrl Pts',(8.20868388605384,10.6066490926679,419.538120462189));
#8366=CARTESIAN_POINT('Ctrl Pts',(2.13315989899877,13.241341509132,419.81603333483));
#8367=CARTESIAN_POINT('Ctrl Pts',(-4.46240474829892,12.6479421242553,420.093946207471));
#8368=CARTESIAN_POINT('Ctrl Pts',(-9.97008474491274,8.97111510880393,420.371859080112));
#8369=CARTESIAN_POINT('Ctrl Pts',(-13.0471689592547,3.10722999869966,420.649771952753));
#8370=CARTESIAN_POINT('Ctrl Pts',(-12.9434984804991,-3.51416322920108,420.927684825393));
#8371=CARTESIAN_POINT('Ctrl Pts',(-9.68434701843569,-9.27884254326265,421.205597698034));
#8372=CARTESIAN_POINT('Ctrl Pts',(-4.06425945409188,-12.7814432364259,421.483510570675));
#8373=CARTESIAN_POINT('Ctrl Pts',(2.54664936603174,-13.1680702125501,421.761423443317));
#8374=CARTESIAN_POINT('Ctrl Pts',(8.53671339231725,-10.344468114581,422.039336315957));
#8375=CARTESIAN_POINT('Ctrl Pts',(12.4456216313944,-4.99899973237843,422.317249188598));
#8376=CARTESIAN_POINT('Ctrl Pts',(13.3204257260254,1.56516919008786,422.595162061239));
#8377=CARTESIAN_POINT('Ctrl Pts',(10.9478581667421,7.74776727044954,422.87307493388));
#8378=CARTESIAN_POINT('Ctrl Pts',(5.90632453888344,12.0415458541474,423.150987806521));
#8379=CARTESIAN_POINT('Ctrl Pts',(-0.575105326594191,13.3997294741156,423.428900679162));
#8380=CARTESIAN_POINT('Ctrl Pts',(-6.91633090926515,11.4912080683319,423.706813551802));
#8381=CARTESIAN_POINT('Ctrl Pts',(-11.5714319336224,6.78125793062683,423.984726424443));
#8382=CARTESIAN_POINT('Ctrl Pts',(-13.4055465398801,0.418112524638424,424.262639297084));
#8383=CARTESIAN_POINT('Ctrl Pts',(-11.971537984446,-6.04696406497726,424.540552169725));
#8384=CARTESIAN_POINT('Ctrl Pts',(-7.61900160534772,-11.0378580645824,424.818465042366));
#8385=CARTESIAN_POINT('Ctrl Pts',(-1.40903736671822,-13.3378450214175,425.096377915008));
#8386=CARTESIAN_POINT('Ctrl Pts',(5.1444345118386,-12.3862136938435,425.374290787648));
#8387=CARTESIAN_POINT('Ctrl Pts',(10.4437504682966,-8.41496121631585,425.652203660289));
#8388=CARTESIAN_POINT('Ctrl Pts',(13.1969962068173,-2.39223477806905,425.93011653293));
#8389=CARTESIAN_POINT('Ctrl Pts',(12.732961035533,4.2136918947352,426.208029405571));
#8390=CARTESIAN_POINT('Ctrl Pts',(9.16477156860963,9.79236734458815,426.485942278211));
#8391=CARTESIAN_POINT('Ctrl Pts',(3.36231271581031,12.9837725379511,426.763855150853));
#8392=CARTESIAN_POINT('Ctrl Pts',(-3.25984058441085,13.0098783806916,427.041768023494));
#8393=CARTESIAN_POINT('Ctrl Pts',(-9.08728100324023,9.86432055867515,427.319680896134));
#8394=CARTESIAN_POINT('Ctrl Pts',(-12.6993433742483,4.31395108677507,427.597593768776));
#8395=CARTESIAN_POINT('Ctrl Pts',(-13.2154470615731,-2.28811168410079,427.875506641416));
#8396=CARTESIAN_POINT('Ctrl Pts',(-10.5097717258965,-8.33235827276398,428.153419514057));
#8397=CARTESIAN_POINT('Ctrl Pts',(-5.24193092391027,-12.3452685797069,428.431332386698));
#8398=CARTESIAN_POINT('Ctrl Pts',(1.30383434116677,-13.3485397001674,428.709245259339));
#8399=CARTESIAN_POINT('Ctrl Pts',(7.53173929397055,-11.0975852924778,428.98715813198));
#8400=CARTESIAN_POINT('Ctrl Pts',(11.9234899683022,-6.1411630080913,429.265071004621));
#8401=CARTESIAN_POINT('Ctrl Pts',(13.4084263909589,0.312406521039076,429.542983877261));
#8402=CARTESIAN_POINT('Ctrl Pts',(11.6245375762576,6.68981481465168,429.820896749902));
#8403=CARTESIAN_POINT('Ctrl Pts',(7.00671577837507,11.4363206547045,430.098809622543));
#8404=CARTESIAN_POINT('Ctrl Pts',(0.680734596272138,13.3947787038678,430.376722495185));
#8405=CARTESIAN_POINT('Ctrl Pts',(-5.81120210986907,12.0877386700082,430.654635367825));
#8406=CARTESIAN_POINT('Ctrl Pts',(-10.8864323687167,7.83384237762727,430.932548240466));
#8407=CARTESIAN_POINT('Ctrl Pts',(-13.307671485423,1.67014243470573,431.210461113107));
#8408=CARTESIAN_POINT('Ctrl Pts',(-12.4846482902344,-4.90071965993763,431.488373985748));
#8409=CARTESIAN_POINT('Ctrl Pts',(-8.6180066851944,-10.276840802995,431.766286858389));
#8410=CARTESIAN_POINT('Ctrl Pts',(-2.65039089221498,-13.1475824482912,432.04419973103));
#8411=CARTESIAN_POINT('Ctrl Pts',(3.96336072496338,-12.8130897085742,432.322112603671));
#8412=CARTESIAN_POINT('Ctrl Pts',(9.61088907441759,-9.35490819385201,432.600025476312));
#8413=CARTESIAN_POINT('Ctrl Pts',(12.9153895514068,-3.61610409855189,432.877938348953));
#8414=CARTESIAN_POINT('Ctrl Pts',(13.0712616893974,3.00426596083686,433.155851221593));
#8415=CARTESIAN_POINT('Ctrl Pts',(10.0405055946206,8.89222938978477,433.433764094235));
#8416=CARTESIAN_POINT('Ctrl Pts',(4.56198589757131,12.6123661850785,433.711676966875));
#8417=CARTESIAN_POINT('Ctrl Pts',(-2.0286952268988,13.2577483681243,433.989589839516));
#8418=CARTESIAN_POINT('Ctrl Pts',(-8.12480301642008,10.6710389400715,434.267502712157));
#8419=CARTESIAN_POINT('Ctrl Pts',(-12.2401741874721,5.48284889236423,434.545415584798));
#8420=CARTESIAN_POINT('Ctrl Pts',(-13.3715270160994,-1.0419987398664,434.823328457439));
#8421=CARTESIAN_POINT('Ctrl Pts',(-11.2430502645956,-7.31281866751355,435.10124133008));
#8422=CARTESIAN_POINT('Ctrl Pts',(-6.37364289392691,-11.8008547307747,435.37915420272));
#8423=CARTESIAN_POINT('Ctrl Pts',(0.0495877322140881,-13.4119736494283,
435.657067075362));
#8424=CARTESIAN_POINT('Ctrl Pts',(6.46072942071257,-11.7534025485598,435.934979948002));
#8425=CARTESIAN_POINT('Ctrl Pts',(11.2968171270084,-7.22948261738617,436.212892820644));
#8426=CARTESIAN_POINT('Ctrl Pts',(13.3788664510306,-0.943095224058091,436.490805693284));
#8427=CARTESIAN_POINT('Ctrl Pts',(12.1992969223096,5.57320829661622,436.768718565925));
#8428=CARTESIAN_POINT('Ctrl Pts',(8.04567447381104,10.7308256149104,437.046631438566));
#8429=CARTESIAN_POINT('Ctrl Pts',(1.93060606553111,13.2723869871208,437.324544311207));
#8430=CARTESIAN_POINT('Ctrl Pts',(-4.6551226310191,12.5782880157171,437.602457183848));
#8431=CARTESIAN_POINT('Ctrl Pts',(-10.1059842003173,8.8177423107673,437.880370056489));
#8432=CARTESIAN_POINT('Ctrl Pts',(-13.0931192114691,2.90752909364841,438.15828292913));
#8433=CARTESIAN_POINT('Ctrl Pts',(-12.8882973690525,-3.71150738151234,438.436195801771));
#8434=CARTESIAN_POINT('Ctrl Pts',(-9.541451960401,-9.42571963319044,438.714108674411));
#8435=CARTESIAN_POINT('Ctrl Pts',(-3.86850667546296,-12.8420462628842,438.992021547053));
#8436=CARTESIAN_POINT('Ctrl Pts',(2.74753751481499,-13.1276248316608,439.269934419693));
#8437=CARTESIAN_POINT('Ctrl Pts',(8.69376261468319,-10.2128344604076,439.547847292334));
#8438=CARTESIAN_POINT('Ctrl Pts',(12.5205450734943,-4.80826862589406,439.825760164975));
#8439=CARTESIAN_POINT('Ctrl Pts',(13.2949578859073,1.76849962626642,440.103673037616));
#8440=CARTESIAN_POINT('Ctrl Pts',(10.8282078205966,7.91412733724458,440.381585910257));
#8441=CARTESIAN_POINT('Ctrl Pts',(5.72166111045431,12.1303788173855,440.659498782898));
#8442=CARTESIAN_POINT('Ctrl Pts',(-0.77976294712069,13.3893788452807,440.937411655539));
#8443=CARTESIAN_POINT('Ctrl Pts',(-7.09108947002605,11.3841972156244,441.21532452818));
#8444=CARTESIAN_POINT('Ctrl Pts',(-11.6736872410171,6.60367490985627,441.493237400821));
#8445=CARTESIAN_POINT('Ctrl Pts',(-13.4103698871595,0.213250101344478,441.771150273461));
#8446=CARTESIAN_POINT('Ctrl Pts',(-11.8777534931833,-6.22916271029453,442.049063146103));
#8447=CARTESIAN_POINT('Ctrl Pts',(-7.4494728915254,-11.1529749284476,442.326976018743));
#8448=CARTESIAN_POINT('Ctrl Pts',(-1.20509364541695,-13.3578158926501,442.604888891384));
#8449=CARTESIAN_POINT('Ctrl Pts',(5.33307402944968,-12.3061698961359,442.882801764025));
#8450=CARTESIAN_POINT('Ctrl Pts',(10.571097565708,-8.25441653737168,443.160714636666));
#8451=CARTESIAN_POINT('Ctrl Pts',(13.232005077922,-2.19032822517682,443.438627509307));
#8452=CARTESIAN_POINT('Ctrl Pts',(12.6670969068925,4.4077377494069,443.716540381948));
#8453=CARTESIAN_POINT('Ctrl Pts',(9.0140913823047,9.93124627967735,443.994453254589));
#8454=CARTESIAN_POINT('Ctrl Pts',(3.16355062552989,13.0336274135738,444.27236612723));
#8455=CARTESIAN_POINT('Ctrl Pts',(-3.45822859151492,12.9585551326136,444.55027899987));
#8456=CARTESIAN_POINT('Ctrl Pts',(-9.23693013733338,9.7243312240058,444.828191872512));
#8457=CARTESIAN_POINT('Ctrl Pts',(-12.763770840705,4.11942350846813,445.106104745152));
#8458=CARTESIAN_POINT('Ctrl Pts',(-13.178946160577,-2.48975384581919,445.384017617794));
#8459=CARTESIAN_POINT('Ctrl Pts',(-10.3812409711795,-8.49195690135416,445.661930490434));
#8460=CARTESIAN_POINT('Ctrl Pts',(-5.05270468406519,-12.4239153044351,445.939843363076));
#8461=CARTESIAN_POINT('Ctrl Pts',(1.50762481327466,-13.3270613241839,446.217756235716));
#8462=CARTESIAN_POINT('Ctrl Pts',(7.70041214761888,-10.9812180049827,446.495669108357));
#8463=CARTESIAN_POINT('Ctrl Pts',(12.0159246376026,-5.95827585964256,446.773581980998));
#8464=CARTESIAN_POINT('Ctrl Pts',(13.4020883315145,0.517227677559774,447.051494853639));
#8465=CARTESIAN_POINT('Ctrl Pts',(11.5209719364748,6.86663685912682,447.32940772628));
#8466=CARTESIAN_POINT('Ctrl Pts',(6.83117070946594,11.5420363391515,447.60732059892));
#8467=CARTESIAN_POINT('Ctrl Pts',(0.476006033777661,13.4036157200946,447.885233471562));
#8468=CARTESIAN_POINT('Ctrl Pts',(-5.99520361922306,11.9975426517352,448.163146344202));
#8469=CARTESIAN_POINT('Ctrl Pts',(-11.0048493032525,7.66660211102993,448.441059216843));
#8470=CARTESIAN_POINT('Ctrl Pts',(-13.3316351134315,1.46662923688047,448.718972089484));
#8471=CARTESIAN_POINT('Ctrl Pts',(-12.4083165457088,-5.09089153465764,448.996884962125));
#8472=CARTESIAN_POINT('Ctrl Pts',(-8.45998839855482,-10.4073095664763,449.274797834766));
#8473=CARTESIAN_POINT('Ctrl Pts',(-2.44920916440405,-13.1865412669567,449.552710707407));
#8474=CARTESIAN_POINT('Ctrl Pts',(4.15866002607252,-12.751040855699,449.830623580048));
#8475=CARTESIAN_POINT('Ctrl Pts',(9.75269415116163,-9.20697848971364,450.108536452689));
#8476=CARTESIAN_POINT('Ctrl Pts',(12.9691299031076,-3.41835715987554,450.38644932533));
#8477=CARTESIAN_POINT('Ctrl Pts',(13.0238360159635,3.20362162957036,450.664362197971));
#8478=CARTESIAN_POINT('Ctrl Pts',(9.90347574780769,9.04459309359668,450.942275070612));
#8479=CARTESIAN_POINT('Ctrl Pts',(4.36875823010825,12.6805933474348,451.220187943252));
#8480=CARTESIAN_POINT('Ctrl Pts',(-2.23101395859399,13.2252059656064,451.498100815893));
#8481=CARTESIAN_POINT('Ctrl Pts',(-8.28688975557268,10.5456604485041,451.776013688534));
#8482=CARTESIAN_POINT('Ctrl Pts',(-12.3225139896617,5.29520019364178,452.053926561175));
#8483=CARTESIAN_POINT('Ctrl Pts',(-13.3540463532635,-1.24617097985807,452.331839433816));
#8484=CARTESIAN_POINT('Ctrl Pts',(-11.1300107279304,-7.48373952728936,452.609752306457));
#8485=CARTESIAN_POINT('Ctrl Pts',(-6.19260226534433,-11.8968556055541,452.887665179098));
#8486=CARTESIAN_POINT('Ctrl Pts',(0.25449376084163,-13.4096505935779,453.165578051739));
#8487=CARTESIAN_POINT('Ctrl Pts',(6.63954703839102,-11.6533218972597,453.443490924379));
#8488=CARTESIAN_POINT('Ctrl Pts',(11.4059525871989,-7.05604292041385,453.721403797021));
#8489=CARTESIAN_POINT('Ctrl Pts',(13.3917137422477,-0.738579150692756,453.999316669661));
#8490=CARTESIAN_POINT('Ctrl Pts',(12.1127240178321,5.75894200213765,454.277229542303));
#8491=CARTESIAN_POINT('Ctrl Pts',(7.8807868849611,10.8524971407499,454.555142414943));
#8492=CARTESIAN_POINT('Ctrl Pts',(1.72760155273562,13.3003341684011,454.833055287584));
#8493=CARTESIAN_POINT('Ctrl Pts',(-4.84675382517739,12.5056976404469,455.110968160225));
#8494=CARTESIAN_POINT('Ctrl Pts',(-10.2395245218573,8.66231110515211,455.388881032866));
#8495=CARTESIAN_POINT('Ctrl Pts',(-13.1360130151185,2.70714945704709,455.666793905507));
#8496=CARTESIAN_POINT('Ctrl Pts',(-12.8300876225088,-3.90798512214399,455.944706778148));
#8497=CARTESIAN_POINT('Ctrl Pts',(-9.39632955251262,-9.57039638973939,456.222619650789));
#8498=CARTESIAN_POINT('Ctrl Pts',(-3.67185083534909,-12.8996514510702,456.50053252343));
#8499=CARTESIAN_POINT('Ctrl Pts',(2.94778428036693,-13.0841149472391,456.77844539607));
#8500=CARTESIAN_POINT('Ctrl Pts',(8.848782371201,-10.0788167293227,457.056358268711));
#8501=CARTESIAN_POINT('Ctrl Pts',(12.5925457283336,-4.61641508055618,457.334271141352));
#8502=CARTESIAN_POINT('Ctrl Pts',(13.2663864801465,1.97141722513168,457.612184013993));
#8503=CARTESIAN_POINT('Ctrl Pts',(10.7060297452129,8.07863993570553,457.890096886634));
#8504=CARTESIAN_POINT('Ctrl Pts',(5.5356620214687,12.2163800735005,458.168009759275));
#8505=CARTESIAN_POINT('Ctrl Pts',(-0.984238540330662,13.37590260924,458.445922631916));
#8506=CARTESIAN_POINT('Ctrl Pts',(-7.26419269183527,11.2745288439047,458.723835504557));
#8507=CARTESIAN_POINT('Ctrl Pts',(-11.7732174510513,6.42455033184586,459.001748377198));
#8508=CARTESIAN_POINT('Ctrl Pts',(-13.4120627270985,0.00833789709644211,
459.279661249839));
#8509=CARTESIAN_POINT('Ctrl Pts',(-11.7811962674769,-6.40990722423807,459.557574122479));
#8510=CARTESIAN_POINT('Ctrl Pts',(-7.27820517797597,-11.2654882496696,459.835486995121));
#8511=CARTESIAN_POINT('Ctrl Pts',(-1.00086860789832,-13.3746685247103,460.113399867761));
#8512=CARTESIAN_POINT('Ctrl Pts',(5.52046859800193,-12.223253354759,460.391312740402));
#8513=CARTESIAN_POINT('Ctrl Pts',(10.6959769535192,-8.09194495322009,460.669225613043));
#8514=CARTESIAN_POINT('Ctrl Pts',(13.2639250790422,-1.9879103636,460.947138485685));
#8515=CARTESIAN_POINT('Ctrl Pts',(12.5982757800356,4.60075466486908,461.225051358325));
#8516=CARTESIAN_POINT('Ctrl Pts',(8.86130695283065,10.0678068716015,461.502964230966));
#8517=CARTESIAN_POINT('Ctrl Pts',(2.96405003820852,13.080439728356,461.780877103607));
#8518=CARTESIAN_POINT('Ctrl Pts',(-3.65580931216426,12.9042068485144,462.058789976248));
#8519=CARTESIAN_POINT('Ctrl Pts',(-9.38442300893581,9.58207184827519,462.336702848888));
#8520=CARTESIAN_POINT('Ctrl Pts',(-12.8252187414506,3.923934294825,462.61461572153));
#8521=CARTESIAN_POINT('Ctrl Pts',(-13.1393687756328,-2.69081480114823,462.89252859417));
#8522=CARTESIAN_POINT('Ctrl Pts',(-10.2502868268507,-8.64957317348337,463.170441466812));
#8523=CARTESIAN_POINT('Ctrl Pts',(-4.86229894438176,-12.4996617990897,463.448354339452));
#8524=CARTESIAN_POINT('Ctrl Pts',(1.71106334650358,-13.3024718883523,463.726267212093));
#8525=CARTESIAN_POINT('Ctrl Pts',(7.86728742245594,-10.8622872696597,464.004180084734));
#8526=CARTESIAN_POINT('Ctrl Pts',(12.1055543178845,-5.77399781545672,464.282092957375));
#8527=CARTESIAN_POINT('Ctrl Pts',(13.3926216979709,0.721928092816303,464.560005830016));
#8528=CARTESIAN_POINT('Ctrl Pts',(11.4147168490831,7.04185596071173,464.837918702657));
#8529=CARTESIAN_POINT('Ctrl Pts',(6.65403097685778,11.645057658731,465.115831575297));
#8530=CARTESIAN_POINT('Ctrl Pts',(0.27116635277061,13.4093238056691,465.393744447939));
#8531=CARTESIAN_POINT('Ctrl Pts',(-6.17780561244771,11.9045459355223,465.671657320579));
#8532=CARTESIAN_POINT('Ctrl Pts',(-11.1206972734865,7.49757215821373,465.949570193221));
#8533=CARTESIAN_POINT('Ctrl Pts',(-13.3524866138905,1.26277367015379,466.227483065861));
#8534=CARTESIAN_POINT('Ctrl Pts',(-12.3290882124719,-5.27987499522852,466.505395938502));
#8535=CARTESIAN_POINT('Ctrl Pts',(-8.29999521815847,-10.5353488549118,466.783308811143));
#8536=CARTESIAN_POINT('Ctrl Pts',(-2.24745569492569,-13.2224218286779,467.061221683784));
#8537=CARTESIAN_POINT('Ctrl Pts',(4.3529885325002,-12.6860154087909,467.339134556425));
#8538=CARTESIAN_POINT('Ctrl Pts',(9.89222256582264,-9.05689951497647,467.617047429065));
#8539=CARTESIAN_POINT('Ctrl Pts',(13.0198427502204,-3.21981224230335,467.894960301707));
#8540=CARTESIAN_POINT('Ctrl Pts',(12.9733700673855,3.40222944711557,468.172873174348));
#8541=CARTESIAN_POINT('Ctrl Pts',(9.76413404056481,9.19484543394,468.450786046989));
#8542=CARTESIAN_POINT('Ctrl Pts',(4.17451072278787,12.7458603609744,468.728698919629));
#8543=CARTESIAN_POINT('Ctrl Pts',(-2.43281188395534,13.1895762802857,469.006611792271));
#8544=CARTESIAN_POINT('Ctrl Pts',(-8.44704200899595,10.4178201853554,469.284524664911));
#8545=CARTESIAN_POINT('Ctrl Pts',(-12.4019772328227,5.10631538710724,469.562437537553));
#8546=CARTESIAN_POINT('Ctrl Pts',(-13.3334483312264,-1.45005231458145,469.840350410193));
#8547=CARTESIAN_POINT('Ctrl Pts',(-11.014373009343,-7.65291338813436,470.118263282835));
#8548=CARTESIAN_POINT('Ctrl Pts',(-6.01011604008317,-11.9900792867581,470.396176155474));
#8549=CARTESIAN_POINT('Ctrl Pts',(0.459340380731037,-13.4041971981927,470.674089028116));
#8550=CARTESIAN_POINT('Ctrl Pts',(6.81681472464752,-11.5505209028887,470.952001900756));
#8551=CARTESIAN_POINT('Ctrl Pts',(11.5124254502678,-6.88095606528021,471.229914773398));
#8552=CARTESIAN_POINT('Ctrl Pts',(13.4014348802736,-0.533890664861812,471.507827646038));
#8553=CARTESIAN_POINT('Ctrl Pts',(12.0233235294733,5.94333134620426,471.78574051868));
#8554=CARTESIAN_POINT('Ctrl Pts',(7.71405960679149,10.9716352632953,472.06365339132));
#8555=CARTESIAN_POINT('Ctrl Pts',(1.52419375801016,13.3251765372014,472.341566263962));
#8556=CARTESIAN_POINT('Ctrl Pts',(-5.03725361337045,12.4301879269743,472.619479136602));
#8557=CARTESIAN_POINT('Ctrl Pts',(-10.3706745012145,8.50485781061433,472.897392009243));
#8558=CARTESIAN_POINT('Ctrl Pts',(-13.1758404288323,2.50613779334497,473.175304881884));
#8559=CARTESIAN_POINT('Ctrl Pts',(-12.7688826813047,-4.10355043684641,473.453217754525));
#8560=CARTESIAN_POINT('Ctrl Pts',(-9.24901397743941,-9.7128393463416,473.731130627166));
#8561=CARTESIAN_POINT('Ctrl Pts',(-3.47433721079612,-12.9542447208748,474.009043499807));
#8562=CARTESIAN_POINT('Ctrl Pts',(3.1473416169508,-13.0375520219192,474.286956372447));
#8563=CARTESIAN_POINT('Ctrl Pts',(9.00173915717196,-9.94244351209613,474.564869245089));
#8564=CARTESIAN_POINT('Ctrl Pts',(12.6616012519958,-4.4234894418324,474.842782117729));
#8565=CARTESIAN_POINT('Ctrl Pts',(13.2347296018418,2.17388608891454,475.120694990371));
#8566=CARTESIAN_POINT('Ctrl Pts',(10.5813288912856,8.24124299236319,475.398607863011));
#8567=CARTESIAN_POINT('Ctrl Pts',(5.34841934495848,12.2995783897651,475.676520735653));
#8568=CARTESIAN_POINT('Ctrl Pts',(-1.18858462488792,13.3592031204312,475.954433608293));
#8569=CARTESIAN_POINT('Ctrl Pts',(-7.43538909249398,11.1624372829656,476.232346480934));
#8570=CARTESIAN_POINT('Ctrl Pts',(-11.8704103330652,6.24349130316081,476.510259353575));
#8571=CARTESIAN_POINT('Ctrl Pts',(-12.8959781542592,1.95084762206489,476.695534602002));
#8572=CARTESIAN_POINT('Ctrl Pts',(-12.8646180012038,-0.188572752813887,
476.788172226216));
#8573=CARTESIAN_POINT('Ctrl Pts',(-14.8656530373391,-0.217904419297573,
475.63275));
#8574=CARTESIAN_POINT('Ctrl Pts',(-14.8667176600529,-0.145274814402115,
475.6300284403));
#8575=CARTESIAN_POINT('Ctrl Pts',(-14.8672395801614,-0.0726383263232358,
475.6273068806));
#8576=CARTESIAN_POINT('Ctrl Pts',(-14.8672205957277,-2.58022642474209E-6,
475.624585320901));
#8577=CARTESIAN_POINT('Origin',(0.,0.,476.5));
#8578=CARTESIAN_POINT('',(-13.,1.59204083889156E-15,477.5));
#8579=CARTESIAN_POINT('Origin',(0.,0.,477.5));
#8580=CARTESIAN_POINT('',(-14.,-1.71450551880629E-15,476.5));
#8581=CARTESIAN_POINT('Origin',(0.,0.,475.63275));
#8582=CARTESIAN_POINT('Origin',(0.,0.,0.));
#8583=CARTESIAN_POINT('Origin',(0.,0.,477.5));
#8584=UNCERTAINTY_MEASURE_WITH_UNIT(LENGTH_MEASURE(0.01),#8588,
'DISTANCE_ACCURACY_VALUE',
'Maximum model space distance between geometric entities at asserted c
onnectivities');
#8585=UNCERTAINTY_MEASURE_WITH_UNIT(LENGTH_MEASURE(0.01),#8588,
'DISTANCE_ACCURACY_VALUE',
'Maximum model space distance between geometric entities at asserted c
onnectivities');
#8586=(
GEOMETRIC_REPRESENTATION_CONTEXT(3)
GLOBAL_UNCERTAINTY_ASSIGNED_CONTEXT((#8584))
GLOBAL_UNIT_ASSIGNED_CONTEXT((#8588,#8590,#8591))
REPRESENTATION_CONTEXT('','3D')
);
#8587=(
GEOMETRIC_REPRESENTATION_CONTEXT(3)
GLOBAL_UNCERTAINTY_ASSIGNED_CONTEXT((#8585))
GLOBAL_UNIT_ASSIGNED_CONTEXT((#8588,#8590,#8591))
REPRESENTATION_CONTEXT('','3D')
);
#8588=(
LENGTH_UNIT()
NAMED_UNIT(*)
SI_UNIT(.MILLI.,.METRE.)
);
#8589=(
LENGTH_UNIT()
NAMED_UNIT(*)
SI_UNIT($,.METRE.)
);
#8590=(
NAMED_UNIT(*)
PLANE_ANGLE_UNIT()
SI_UNIT($,.RADIAN.)
);
#8591=(
NAMED_UNIT(*)
SI_UNIT($,.STERADIAN.)
SOLID_ANGLE_UNIT()
);
#8592=SHAPE_DEFINITION_REPRESENTATION(#8593,#8594);
#8593=PRODUCT_DEFINITION_SHAPE('',$,#8596);
#8594=SHAPE_REPRESENTATION('',(#1142),#8586);
#8595=PRODUCT_DEFINITION_CONTEXT('part definition',#8600,'design');
#8596=PRODUCT_DEFINITION('tie rods','tie rods v1',#8597,#8595);
#8597=PRODUCT_DEFINITION_FORMATION('',$,#8602);
#8598=PRODUCT_RELATED_PRODUCT_CATEGORY('tie rods v1','tie rods v1',(#8602));
#8599=APPLICATION_PROTOCOL_DEFINITION('international standard',
'automotive_design',2009,#8600);
#8600=APPLICATION_CONTEXT(
'Core Data for Automotive Mechanical Design Process');
#8601=PRODUCT_CONTEXT('part definition',#8600,'mechanical');
#8602=PRODUCT('tie rods','tie rods v1',$,(#8601));
#8603=PRESENTATION_STYLE_ASSIGNMENT((#8604));
#8604=SURFACE_STYLE_USAGE(.BOTH.,#8605);
#8605=SURFACE_SIDE_STYLE('',(#8606));
#8606=SURFACE_STYLE_FILL_AREA(#8607);
#8607=FILL_AREA_STYLE('Steel - Satin',(#8608));
#8608=FILL_AREA_STYLE_COLOUR('Steel - Satin',#8609);
#8609=COLOUR_RGB('Steel - Satin',0.627450980392157,0.627450980392157,0.627450980392157);
ENDSEC;
END-ISO-10303-21;
