ISO-10303-21;
HEADER;
/* Generated by software containing ST-Developer
 * from STEP Tools, Inc. (www.steptools.com) 
 */

FILE_DESCRIPTION(
/* description */ (''),
/* implementation_level */ '2;1');

FILE_NAME(
/* name */ 'Carabiner v2.step',
/* time_stamp */ '2026-03-14T09:19:06+01:00',
/* author */ (''),
/* organization */ (''),
/* preprocessor_version */ 'ST-DEVELOPER v20.1',
/* originating_system */ 'Autodesk Translation Framework v14.24.0.0',
/* authorisation */ '');

FILE_SCHEMA (('AUTOMOTIVE_DESIGN { 1 0 10303 214 3 1 1 }'));
ENDSEC;

DATA;
#10=MECHANICAL_DESIGN_GEOMETRIC_PRESENTATION_REPRESENTATION('',(#13),#2920);
#11=SHAPE_REPRESENTATION_RELATIONSHIP('SRR','None',#2927,#12);
#12=ADVANCED_BREP_SHAPE_REPRESENTATION('',(#14),#2919);
#13=STYLED_ITEM('',(#2937),#14);
#14=MANIFOLD_SOLID_BREP('Body1',#1489);
#15=CONICAL_SURFACE('',#1572,1.10000000000001,0.0174532925199433);
#16=CONICAL_SURFACE('',#1575,8.00000000000004,0.0174532925199433);
#17=CONICAL_SURFACE('',#1578,10.9964893888055,0.0174532871006512);
#18=CONICAL_SURFACE('',#1580,13.1250000000176,0.0174532925199433);
#19=CONICAL_SURFACE('',#1583,20.9999999999892,0.0174532925199433);
#20=CONICAL_SURFACE('',#1656,2.49999999999999,0.0174532925199433);
#21=CONICAL_SURFACE('',#1658,9.99999999999999,0.0174532925199433);
#22=CONICAL_SURFACE('',#1663,12.6000008498971,0.0174532925199433);
#23=CONICAL_SURFACE('',#1665,14.7000002171698,0.0174532925199433);
#24=CONICAL_SURFACE('',#1667,5.00000000000002,0.0174532925199433);
#25=CONICAL_SURFACE('',#1670,1.1,0.0174532925199433);
#26=CONICAL_SURFACE('',#1675,1.1,0.0174532925199433);
#27=CONICAL_SURFACE('',#1677,5.00000000000002,0.0174532925199433);
#28=CONICAL_SURFACE('',#1678,14.7000002171698,0.0174532925199433);
#29=CONICAL_SURFACE('',#1679,12.6000008498971,0.0174532925199433);
#30=CONICAL_SURFACE('',#1683,9.99999999999999,0.0174532925199433);
#31=CONICAL_SURFACE('',#1684,2.49999999999999,0.0174532925199433);
#32=CONICAL_SURFACE('',#1685,8.96635287968607,0.0174532925199433);
#33=CONICAL_SURFACE('',#1687,16.1841393657604,0.0174532925199433);
#34=CONICAL_SURFACE('',#1690,13.1250000000176,0.0174532925199433);
#35=CONICAL_SURFACE('',#1691,10.9964893887637,0.0174532871127795);
#36=CONICAL_SURFACE('',#1693,8.00000000000004,0.0174532925199433);
#37=CONICAL_SURFACE('',#1695,1.10000000000001,0.0174532925199433);
#38=CONICAL_SURFACE('',#1697,16.1841393657604,0.0174532925199433);
#39=CONICAL_SURFACE('',#1698,8.96635287968607,0.0174532925199433);
#40=CONICAL_SURFACE('',#1699,20.9999999999892,0.0174532925199433);
#41=PLANE('',#1571);
#42=PLANE('',#1574);
#43=PLANE('',#1577);
#44=PLANE('',#1582);
#45=PLANE('',#1585);
#46=PLANE('',#1586);
#47=PLANE('',#1587);
#48=PLANE('',#1660);
#49=PLANE('',#1661);
#50=PLANE('',#1662);
#51=PLANE('',#1669);
#52=PLANE('',#1672);
#53=PLANE('',#1673);
#54=PLANE('',#1674);
#55=PLANE('',#1676);
#56=PLANE('',#1680);
#57=PLANE('',#1681);
#58=PLANE('',#1682);
#59=PLANE('',#1689);
#60=PLANE('',#1692);
#61=PLANE('',#1694);
#62=PLANE('',#1696);
#63=B_SPLINE_CURVE_WITH_KNOTS('',3,(#2382,#2383,#2384,#2385,#2386,#2387,
#2388,#2389,#2390),.UNSPECIFIED.,.F.,.F.,(4,1,1,1,1,1,4),(-1.97791248939574,
-1.6953535623392,-1.41279463528267,-1.13023570822614,-0.847676781169602,
-0.282558927056534,-3.08278655352546E-17),.UNSPECIFIED.);
#64=B_SPLINE_CURVE_WITH_KNOTS('',3,(#2391,#2392,#2393,#2394,#2395,#2396,
#2397,#2398,#2399),.UNSPECIFIED.,.F.,.F.,(4,1,1,1,1,1,4),(3.08278655352546E-17,
0.282558927056534,0.847676781169602,1.13023570822614,1.41279463528267,1.6953535623392,
1.97791248939574),.UNSPECIFIED.);
#65=B_SPLINE_CURVE_WITH_KNOTS('',3,(#2428,#2429,#2430,#2431,#2432),
 .UNSPECIFIED.,.F.,.F.,(4,1,4),(-0.394325837644403,-0.197162918822202,-9.89424503506735E-17),
 .UNSPECIFIED.);
#66=B_SPLINE_CURVE_WITH_KNOTS('',3,(#2433,#2434,#2435,#2436,#2437),
 .UNSPECIFIED.,.F.,.F.,(4,1,4),(9.89424503506735E-17,0.197162918822202,
0.394325837644403),.UNSPECIFIED.);
#67=B_SPLINE_CURVE_WITH_KNOTS('',5,(#2507,#2508,#2509,#2510,#2511,#2512,
#2513,#2514,#2515,#2516),.UNSPECIFIED.,.F.,.F.,(6,1,1,1,1,6),(0.,0.2,0.4,
0.6,0.8,0.939352012918872),.UNSPECIFIED.);
#68=B_SPLINE_CURVE_WITH_KNOTS('',3,(#2612,#2613,#2614,#2615,#2616),
 .UNSPECIFIED.,.F.,.F.,(4,1,4),(-0.394325837644404,-0.197162918822201,0.),
 .UNSPECIFIED.);
#69=B_SPLINE_CURVE_WITH_KNOTS('',3,(#2617,#2618,#2619,#2620,#2621),
 .UNSPECIFIED.,.F.,.F.,(4,1,4),(0.,0.197162918822201,0.394325837644404),
 .UNSPECIFIED.);
#70=B_SPLINE_CURVE_WITH_KNOTS('',3,(#2665,#2666,#2667,#2668,#2669,#2670,
#2671,#2672),.UNSPECIFIED.,.F.,.F.,(4,1,1,1,1,4),(-1.97777205139513,-1.41269432242509,
-0.847616593455055,-0.423808296727528,-0.282538864485018,0.),
 .UNSPECIFIED.);
#71=B_SPLINE_CURVE_WITH_KNOTS('',3,(#2673,#2674,#2675,#2676,#2677,#2678,
#2679,#2680),.UNSPECIFIED.,.F.,.F.,(4,1,1,1,1,4),(0.,0.282538864485018,
0.423808296727528,0.847616593455055,1.41269432242509,1.97777205139513),
 .UNSPECIFIED.);
#72=B_SPLINE_SURFACE_WITH_KNOTS('',3,3,((#2334,#2335,#2336,#2337,#2338,
#2339,#2340,#2341,#2342),(#2343,#2344,#2345,#2346,#2347,#2348,#2349,#2350,
#2351),(#2352,#2353,#2354,#2355,#2356,#2357,#2358,#2359,#2360),(#2361,#2362,
#2363,#2364,#2365,#2366,#2367,#2368,#2369),(#2370,#2371,#2372,#2373,#2374,
#2375,#2376,#2377,#2378)),.UNSPECIFIED.,.F.,.F.,.F.,(4,1,4),(4,1,1,1,1,
1,4),(0.,0.571428571428571,1.),(3.08278655352546E-17,0.282558927056534,
0.847676781169602,1.13023570822614,1.41279463528267,1.6953535623392,1.97791248939574),
 .UNSPECIFIED.);
#73=B_SPLINE_SURFACE_WITH_KNOTS('',3,3,((#2400,#2401,#2402,#2403,#2404),
(#2405,#2406,#2407,#2408,#2409),(#2410,#2411,#2412,#2413,#2414),(#2415,
#2416,#2417,#2418,#2419),(#2420,#2421,#2422,#2423,#2424)),.UNSPECIFIED.,
 .F.,.F.,.F.,(4,1,4),(4,1,4),(0.,0.571428571428571,1.),(9.89424503506735E-17,
0.197162918822202,0.394325837644403),.UNSPECIFIED.);
#74=B_SPLINE_SURFACE_WITH_KNOTS('',3,3,((#2481,#2482,#2483,#2484),(#2485,
#2486,#2487,#2488),(#2489,#2490,#2491,#2492),(#2493,#2494,#2495,#2496),
(#2497,#2498,#2499,#2500),(#2501,#2502,#2503,#2504)),.UNSPECIFIED.,.F.,
 .F.,.F.,(4,1,1,4),(4,4),(-0.939353346869221,-0.536772578810784,-0.268386289405392,
1.33395034932163E-6),(-1.05723491762705E-6,0.201746574594077),
 .UNSPECIFIED.);
#75=B_SPLINE_SURFACE_WITH_KNOTS('',3,3,((#2584,#2585,#2586,#2587,#2588),
(#2589,#2590,#2591,#2592,#2593),(#2594,#2595,#2596,#2597,#2598),(#2599,
#2600,#2601,#2602,#2603),(#2604,#2605,#2606,#2607,#2608)),.UNSPECIFIED.,
 .F.,.F.,.F.,(4,1,4),(4,1,4),(0.,0.571428571428571,1.),(0.,0.197162918822201,
0.394325837644404),.UNSPECIFIED.);
#76=B_SPLINE_SURFACE_WITH_KNOTS('',3,3,((#2622,#2623,#2624,#2625,#2626,
#2627,#2628,#2629),(#2630,#2631,#2632,#2633,#2634,#2635,#2636,#2637),(#2638,
#2639,#2640,#2641,#2642,#2643,#2644,#2645),(#2646,#2647,#2648,#2649,#2650,
#2651,#2652,#2653),(#2654,#2655,#2656,#2657,#2658,#2659,#2660,#2661)),
 .UNSPECIFIED.,.F.,.F.,.F.,(4,1,4),(4,1,1,1,1,4),(0.,0.571428571428571,
1.),(0.,0.282538864485018,0.423808296727528,0.847616593455055,1.41269432242509,
1.97777205139513),.UNSPECIFIED.);
#77=B_SPLINE_SURFACE_WITH_KNOTS('',3,3,((#2878,#2879,#2880,#2881),(#2882,
#2883,#2884,#2885),(#2886,#2887,#2888,#2889),(#2890,#2891,#2892,#2893),
(#2894,#2895,#2896,#2897),(#2898,#2899,#2900,#2901)),.UNSPECIFIED.,.F.,
 .F.,.F.,(4,1,1,4),(4,4),(-3.92096137577774E-6,0.402579434108088,0.67096572351348,
0.939355933880251),(-1.88501925977901E-6,0.201749161605108),
 .UNSPECIFIED.);
#78=TOROIDAL_SURFACE('',#1516,3.96493754209968,1.);
#79=TOROIDAL_SURFACE('',#1520,15.7350626750701,1.);
#80=TOROIDAL_SURFACE('',#1524,13.6350633077974,1.);
#81=TOROIDAL_SURFACE('',#1529,8.96493754209965,1.);
#82=TOROIDAL_SURFACE('',#1533,3.53506245790033,1.);
#83=TOROIDAL_SURFACE('',#1537,10.0014153375864,1.);
#84=TOROIDAL_SURFACE('',#1541,17.2192018236608,1.);
#85=TOROIDAL_SURFACE('',#1552,6.9649375420997,1.);
#86=TOROIDAL_SURFACE('',#1560,12.0899375421173,1.);
#87=TOROIDAL_SURFACE('',#1566,19.9649375420888,1.);
#88=TOROIDAL_SURFACE('',#1596,19.9649375420888,1.);
#89=TOROIDAL_SURFACE('',#1602,12.0899375421173,1.);
#90=TOROIDAL_SURFACE('',#1610,6.9649375420997,1.);
#91=TOROIDAL_SURFACE('',#1621,17.2192018236608,1.);
#92=TOROIDAL_SURFACE('',#1625,10.0014153375864,1.);
#93=TOROIDAL_SURFACE('',#1629,3.53506245790033,1.);
#94=TOROIDAL_SURFACE('',#1633,8.96493754209965,1.);
#95=TOROIDAL_SURFACE('',#1638,13.6350633077974,1.);
#96=TOROIDAL_SURFACE('',#1642,15.7350626750701,1.);
#97=TOROIDAL_SURFACE('',#1646,3.96493754209968,1.);
#98=(
BOUNDED_SURFACE()
B_SPLINE_SURFACE(2,2,((#2219,#2220,#2221,#2222,#2223),(#2224,#2225,#2226,
#2227,#2228),(#2229,#2230,#2231,#2232,#2233)),.UNSPECIFIED.,.F.,.F.,.F.)
B_SPLINE_SURFACE_WITH_KNOTS((3,3),(3,2,3),(-1.5707963267947,-0.0174532925171034),
(-1.35936202798481,-0.0424449408413294,1.27447214630215),.UNSPECIFIED.)
GEOMETRIC_REPRESENTATION_ITEM()
RATIONAL_B_SPLINE_SURFACE(((1.,0.79093638549053,1.,0.79093638549053,1.),
(0.713250449153256,0.564135732202773,0.713250449153256,0.564135732202773,
0.713250449153256),(1.,0.79093638549053,1.,0.79093638549053,1.)))
REPRESENTATION_ITEM('')
SURFACE()
);
#99=(
BOUNDED_SURFACE()
B_SPLINE_SURFACE(2,2,((#2296,#2297,#2298,#2299,#2300),(#2301,#2302,#2303,
#2304,#2305),(#2306,#2307,#2308,#2309,#2310)),.UNSPECIFIED.,.F.,.F.,.F.)
B_SPLINE_SURFACE_WITH_KNOTS((3,3),(3,2,3),(-1.5707963267947,-0.0174532925189356),
(-1.32049624093397,-2.22044604925031E-16,1.32049624093397),
 .UNSPECIFIED.)
GEOMETRIC_REPRESENTATION_ITEM()
RATIONAL_B_SPLINE_SURFACE(((1.,0.78984008034185,1.,0.78984008034185,1.),
(0.713250449153898,0.563353792063576,0.713250449153898,0.563353792063576,
0.713250449153898),(1.,0.78984008034185,1.,0.78984008034185,1.)))
REPRESENTATION_ITEM('')
SURFACE()
);
#100=(
BOUNDED_SURFACE()
B_SPLINE_SURFACE(2,2,((#2699,#2700,#2701,#2702,#2703),(#2704,#2705,#2706,
#2707,#2708),(#2709,#2710,#2711,#2712,#2713)),.UNSPECIFIED.,.F.,.F.,.F.)
B_SPLINE_SURFACE_WITH_KNOTS((3,3),(3,2,3),(-1.57079632679492,-0.017453292519234),
(-1.53768353299099,-0.217187292060512,1.10330894886996),.UNSPECIFIED.)
GEOMETRIC_REPRESENTATION_ITEM()
RATIONAL_B_SPLINE_SURFACE(((1.,0.789840080342921,1.,0.789840080342921,1.),
(0.713250449153926,0.563353792064362,0.713250449153926,0.563353792064362,
0.713250449153926),(1.,0.789840080342921,1.,0.789840080342921,1.)))
REPRESENTATION_ITEM('')
SURFACE()
);
#101=(
BOUNDED_SURFACE()
B_SPLINE_SURFACE(2,2,((#2776,#2777,#2778,#2779,#2780),(#2781,#2782,#2783,
#2784,#2785),(#2786,#2787,#2788,#2789,#2790)),.UNSPECIFIED.,.F.,.F.,.F.)
B_SPLINE_SURFACE_WITH_KNOTS((3,3),(3,2,3),(-1.57079632679736,-0.0174532925200917),
(-1.31691708717931,0.,1.31691708717931),.UNSPECIFIED.)
GEOMETRIC_REPRESENTATION_ITEM()
RATIONAL_B_SPLINE_SURFACE(((1.,0.790936385479568,1.,0.790936385479568,1.),
(0.713250449153373,0.564135732195047,0.713250449153373,0.564135732195047,
0.713250449153373),(1.,0.790936385479568,1.,0.790936385479568,1.)))
REPRESENTATION_ITEM('')
SURFACE()
);
#102=ELLIPSE('',#1510,1.00005742914656,1.);
#103=ELLIPSE('',#1595,1.00005742914656,1.);
#104=FACE_OUTER_BOUND('',#202,.T.);
#105=FACE_OUTER_BOUND('',#203,.T.);
#106=FACE_OUTER_BOUND('',#204,.T.);
#107=FACE_OUTER_BOUND('',#205,.T.);
#108=FACE_OUTER_BOUND('',#206,.T.);
#109=FACE_OUTER_BOUND('',#207,.T.);
#110=FACE_OUTER_BOUND('',#208,.T.);
#111=FACE_OUTER_BOUND('',#209,.T.);
#112=FACE_OUTER_BOUND('',#210,.T.);
#113=FACE_OUTER_BOUND('',#211,.T.);
#114=FACE_OUTER_BOUND('',#212,.T.);
#115=FACE_OUTER_BOUND('',#213,.T.);
#116=FACE_OUTER_BOUND('',#214,.T.);
#117=FACE_OUTER_BOUND('',#215,.T.);
#118=FACE_OUTER_BOUND('',#216,.T.);
#119=FACE_OUTER_BOUND('',#217,.T.);
#120=FACE_OUTER_BOUND('',#218,.T.);
#121=FACE_OUTER_BOUND('',#219,.T.);
#122=FACE_OUTER_BOUND('',#220,.T.);
#123=FACE_OUTER_BOUND('',#221,.T.);
#124=FACE_OUTER_BOUND('',#222,.T.);
#125=FACE_OUTER_BOUND('',#223,.T.);
#126=FACE_OUTER_BOUND('',#224,.T.);
#127=FACE_OUTER_BOUND('',#225,.T.);
#128=FACE_OUTER_BOUND('',#226,.T.);
#129=FACE_OUTER_BOUND('',#227,.T.);
#130=FACE_OUTER_BOUND('',#228,.T.);
#131=FACE_OUTER_BOUND('',#229,.T.);
#132=FACE_OUTER_BOUND('',#230,.T.);
#133=FACE_OUTER_BOUND('',#231,.T.);
#134=FACE_OUTER_BOUND('',#232,.T.);
#135=FACE_OUTER_BOUND('',#233,.T.);
#136=FACE_OUTER_BOUND('',#234,.T.);
#137=FACE_OUTER_BOUND('',#235,.T.);
#138=FACE_OUTER_BOUND('',#236,.T.);
#139=FACE_OUTER_BOUND('',#237,.T.);
#140=FACE_OUTER_BOUND('',#238,.T.);
#141=FACE_OUTER_BOUND('',#239,.T.);
#142=FACE_OUTER_BOUND('',#240,.T.);
#143=FACE_OUTER_BOUND('',#241,.T.);
#144=FACE_OUTER_BOUND('',#242,.T.);
#145=FACE_OUTER_BOUND('',#243,.T.);
#146=FACE_OUTER_BOUND('',#244,.T.);
#147=FACE_OUTER_BOUND('',#245,.T.);
#148=FACE_OUTER_BOUND('',#246,.T.);
#149=FACE_OUTER_BOUND('',#247,.T.);
#150=FACE_OUTER_BOUND('',#248,.T.);
#151=FACE_OUTER_BOUND('',#249,.T.);
#152=FACE_OUTER_BOUND('',#250,.T.);
#153=FACE_OUTER_BOUND('',#251,.T.);
#154=FACE_OUTER_BOUND('',#252,.T.);
#155=FACE_OUTER_BOUND('',#253,.T.);
#156=FACE_OUTER_BOUND('',#254,.T.);
#157=FACE_OUTER_BOUND('',#255,.T.);
#158=FACE_OUTER_BOUND('',#256,.T.);
#159=FACE_OUTER_BOUND('',#257,.T.);
#160=FACE_OUTER_BOUND('',#258,.T.);
#161=FACE_OUTER_BOUND('',#259,.T.);
#162=FACE_OUTER_BOUND('',#260,.T.);
#163=FACE_OUTER_BOUND('',#261,.T.);
#164=FACE_OUTER_BOUND('',#262,.T.);
#165=FACE_OUTER_BOUND('',#263,.T.);
#166=FACE_OUTER_BOUND('',#264,.T.);
#167=FACE_OUTER_BOUND('',#265,.T.);
#168=FACE_OUTER_BOUND('',#266,.T.);
#169=FACE_OUTER_BOUND('',#267,.T.);
#170=FACE_OUTER_BOUND('',#268,.T.);
#171=FACE_OUTER_BOUND('',#269,.T.);
#172=FACE_OUTER_BOUND('',#270,.T.);
#173=FACE_OUTER_BOUND('',#271,.T.);
#174=FACE_OUTER_BOUND('',#272,.T.);
#175=FACE_OUTER_BOUND('',#273,.T.);
#176=FACE_OUTER_BOUND('',#274,.T.);
#177=FACE_OUTER_BOUND('',#275,.T.);
#178=FACE_OUTER_BOUND('',#276,.T.);
#179=FACE_OUTER_BOUND('',#277,.T.);
#180=FACE_OUTER_BOUND('',#278,.T.);
#181=FACE_OUTER_BOUND('',#279,.T.);
#182=FACE_OUTER_BOUND('',#280,.T.);
#183=FACE_OUTER_BOUND('',#281,.T.);
#184=FACE_OUTER_BOUND('',#282,.T.);
#185=FACE_OUTER_BOUND('',#283,.T.);
#186=FACE_OUTER_BOUND('',#284,.T.);
#187=FACE_OUTER_BOUND('',#285,.T.);
#188=FACE_OUTER_BOUND('',#286,.T.);
#189=FACE_OUTER_BOUND('',#287,.T.);
#190=FACE_OUTER_BOUND('',#288,.T.);
#191=FACE_OUTER_BOUND('',#289,.T.);
#192=FACE_OUTER_BOUND('',#290,.T.);
#193=FACE_OUTER_BOUND('',#291,.T.);
#194=FACE_OUTER_BOUND('',#292,.T.);
#195=FACE_OUTER_BOUND('',#293,.T.);
#196=FACE_OUTER_BOUND('',#294,.T.);
#197=FACE_OUTER_BOUND('',#295,.T.);
#198=FACE_OUTER_BOUND('',#296,.T.);
#199=FACE_OUTER_BOUND('',#297,.T.);
#200=FACE_OUTER_BOUND('',#298,.T.);
#201=FACE_OUTER_BOUND('',#299,.T.);
#202=EDGE_LOOP('',(#939,#940,#941,#942));
#203=EDGE_LOOP('',(#943,#944,#945,#946));
#204=EDGE_LOOP('',(#947,#948,#949,#950));
#205=EDGE_LOOP('',(#951,#952,#953,#954));
#206=EDGE_LOOP('',(#955,#956,#957,#958));
#207=EDGE_LOOP('',(#959,#960,#961,#962));
#208=EDGE_LOOP('',(#963,#964,#965,#966));
#209=EDGE_LOOP('',(#967,#968,#969,#970));
#210=EDGE_LOOP('',(#971,#972,#973,#974));
#211=EDGE_LOOP('',(#975,#976,#977,#978));
#212=EDGE_LOOP('',(#979,#980,#981,#982));
#213=EDGE_LOOP('',(#983,#984,#985,#986));
#214=EDGE_LOOP('',(#987,#988,#989,#990));
#215=EDGE_LOOP('',(#991,#992,#993,#994));
#216=EDGE_LOOP('',(#995,#996,#997,#998));
#217=EDGE_LOOP('',(#999,#1000,#1001,#1002));
#218=EDGE_LOOP('',(#1003,#1004,#1005,#1006));
#219=EDGE_LOOP('',(#1007,#1008,#1009,#1010));
#220=EDGE_LOOP('',(#1011,#1012,#1013,#1014));
#221=EDGE_LOOP('',(#1015,#1016,#1017,#1018));
#222=EDGE_LOOP('',(#1019,#1020,#1021,#1022));
#223=EDGE_LOOP('',(#1023,#1024,#1025,#1026));
#224=EDGE_LOOP('',(#1027,#1028,#1029,#1030));
#225=EDGE_LOOP('',(#1031,#1032,#1033,#1034));
#226=EDGE_LOOP('',(#1035,#1036,#1037,#1038));
#227=EDGE_LOOP('',(#1039,#1040,#1041,#1042));
#228=EDGE_LOOP('',(#1043,#1044,#1045,#1046));
#229=EDGE_LOOP('',(#1047,#1048,#1049,#1050));
#230=EDGE_LOOP('',(#1051,#1052,#1053,#1054));
#231=EDGE_LOOP('',(#1055,#1056,#1057,#1058));
#232=EDGE_LOOP('',(#1059,#1060,#1061,#1062));
#233=EDGE_LOOP('',(#1063,#1064,#1065,#1066));
#234=EDGE_LOOP('',(#1067,#1068,#1069,#1070));
#235=EDGE_LOOP('',(#1071,#1072,#1073,#1074));
#236=EDGE_LOOP('',(#1075,#1076,#1077,#1078));
#237=EDGE_LOOP('',(#1079,#1080,#1081,#1082));
#238=EDGE_LOOP('',(#1083,#1084,#1085,#1086,#1087,#1088,#1089,#1090,#1091,
#1092,#1093,#1094,#1095,#1096,#1097,#1098,#1099,#1100,#1101,#1102,#1103,
#1104,#1105,#1106));
#239=EDGE_LOOP('',(#1107,#1108,#1109,#1110));
#240=EDGE_LOOP('',(#1111,#1112,#1113,#1114));
#241=EDGE_LOOP('',(#1115,#1116,#1117,#1118));
#242=EDGE_LOOP('',(#1119,#1120,#1121,#1122));
#243=EDGE_LOOP('',(#1123,#1124,#1125,#1126));
#244=EDGE_LOOP('',(#1127,#1128,#1129,#1130));
#245=EDGE_LOOP('',(#1131,#1132,#1133,#1134));
#246=EDGE_LOOP('',(#1135,#1136,#1137,#1138));
#247=EDGE_LOOP('',(#1139,#1140,#1141,#1142));
#248=EDGE_LOOP('',(#1143,#1144,#1145,#1146));
#249=EDGE_LOOP('',(#1147,#1148,#1149,#1150));
#250=EDGE_LOOP('',(#1151,#1152,#1153,#1154));
#251=EDGE_LOOP('',(#1155,#1156,#1157,#1158));
#252=EDGE_LOOP('',(#1159,#1160,#1161,#1162));
#253=EDGE_LOOP('',(#1163,#1164,#1165,#1166));
#254=EDGE_LOOP('',(#1167,#1168,#1169,#1170));
#255=EDGE_LOOP('',(#1171,#1172,#1173,#1174));
#256=EDGE_LOOP('',(#1175,#1176,#1177,#1178));
#257=EDGE_LOOP('',(#1179,#1180,#1181,#1182));
#258=EDGE_LOOP('',(#1183,#1184,#1185,#1186));
#259=EDGE_LOOP('',(#1187,#1188,#1189,#1190));
#260=EDGE_LOOP('',(#1191,#1192,#1193,#1194));
#261=EDGE_LOOP('',(#1195,#1196,#1197,#1198));
#262=EDGE_LOOP('',(#1199,#1200,#1201,#1202));
#263=EDGE_LOOP('',(#1203,#1204,#1205,#1206));
#264=EDGE_LOOP('',(#1207,#1208,#1209,#1210));
#265=EDGE_LOOP('',(#1211,#1212,#1213,#1214));
#266=EDGE_LOOP('',(#1215,#1216,#1217,#1218));
#267=EDGE_LOOP('',(#1219,#1220,#1221,#1222));
#268=EDGE_LOOP('',(#1223,#1224,#1225,#1226));
#269=EDGE_LOOP('',(#1227,#1228,#1229,#1230));
#270=EDGE_LOOP('',(#1231,#1232,#1233,#1234));
#271=EDGE_LOOP('',(#1235,#1236,#1237,#1238));
#272=EDGE_LOOP('',(#1239,#1240,#1241,#1242));
#273=EDGE_LOOP('',(#1243,#1244,#1245,#1246));
#274=EDGE_LOOP('',(#1247,#1248,#1249,#1250));
#275=EDGE_LOOP('',(#1251,#1252,#1253,#1254,#1255,#1256,#1257,#1258,#1259,
#1260,#1261,#1262,#1263,#1264,#1265,#1266,#1267,#1268,#1269,#1270,#1271,
#1272,#1273,#1274));
#276=EDGE_LOOP('',(#1275,#1276,#1277,#1278));
#277=EDGE_LOOP('',(#1279,#1280,#1281,#1282));
#278=EDGE_LOOP('',(#1283,#1284,#1285,#1286));
#279=EDGE_LOOP('',(#1287,#1288,#1289,#1290));
#280=EDGE_LOOP('',(#1291,#1292,#1293,#1294));
#281=EDGE_LOOP('',(#1295,#1296,#1297,#1298));
#282=EDGE_LOOP('',(#1299,#1300,#1301,#1302));
#283=EDGE_LOOP('',(#1303,#1304,#1305,#1306));
#284=EDGE_LOOP('',(#1307,#1308,#1309,#1310));
#285=EDGE_LOOP('',(#1311,#1312,#1313,#1314));
#286=EDGE_LOOP('',(#1315,#1316,#1317,#1318));
#287=EDGE_LOOP('',(#1319,#1320,#1321,#1322));
#288=EDGE_LOOP('',(#1323,#1324,#1325,#1326));
#289=EDGE_LOOP('',(#1327,#1328,#1329,#1330));
#290=EDGE_LOOP('',(#1331,#1332,#1333,#1334));
#291=EDGE_LOOP('',(#1335,#1336,#1337,#1338));
#292=EDGE_LOOP('',(#1339,#1340,#1341,#1342));
#293=EDGE_LOOP('',(#1343,#1344,#1345,#1346));
#294=EDGE_LOOP('',(#1347,#1348,#1349,#1350));
#295=EDGE_LOOP('',(#1351,#1352,#1353,#1354));
#296=EDGE_LOOP('',(#1355,#1356,#1357,#1358));
#297=EDGE_LOOP('',(#1359,#1360,#1361,#1362));
#298=EDGE_LOOP('',(#1363,#1364,#1365,#1366));
#299=EDGE_LOOP('',(#1367,#1368,#1369,#1370));
#300=LINE('',#2200,#398);
#301=LINE('',#2203,#399);
#302=LINE('',#2206,#400);
#303=LINE('',#2209,#401);
#304=LINE('',#2213,#402);
#305=LINE('',#2217,#403);
#306=LINE('',#2243,#404);
#307=LINE('',#2244,#405);
#308=LINE('',#2264,#406);
#309=LINE('',#2265,#407);
#310=LINE('',#2294,#408);
#311=LINE('',#2295,#409);
#312=LINE('',#2320,#410);
#313=LINE('',#2321,#411);
#314=LINE('',#2332,#412);
#315=LINE('',#2333,#413);
#316=LINE('',#2448,#414);
#317=LINE('',#2449,#415);
#318=LINE('',#2457,#416);
#319=LINE('',#2458,#417);
#320=LINE('',#2461,#418);
#321=LINE('',#2463,#419);
#322=LINE('',#2464,#420);
#323=LINE('',#2467,#421);
#324=LINE('',#2471,#422);
#325=LINE('',#2472,#423);
#326=LINE('',#2475,#424);
#327=LINE('',#2479,#425);
#328=LINE('',#2480,#426);
#329=LINE('',#2506,#427);
#330=LINE('',#2519,#428);
#331=LINE('',#2523,#429);
#332=LINE('',#2527,#430);
#333=LINE('',#2528,#431);
#334=LINE('',#2531,#432);
#335=LINE('',#2535,#433);
#336=LINE('',#2536,#434);
#337=LINE('',#2539,#435);
#338=LINE('',#2540,#436);
#339=LINE('',#2547,#437);
#340=LINE('',#2550,#438);
#341=LINE('',#2553,#439);
#342=LINE('',#2556,#440);
#343=LINE('',#2560,#441);
#344=LINE('',#2564,#442);
#345=LINE('',#2576,#443);
#346=LINE('',#2577,#444);
#347=LINE('',#2685,#445);
#348=LINE('',#2686,#446);
#349=LINE('',#2697,#447);
#350=LINE('',#2698,#448);
#351=LINE('',#2723,#449);
#352=LINE('',#2724,#450);
#353=LINE('',#2750,#451);
#354=LINE('',#2751,#452);
#355=LINE('',#2774,#453);
#356=LINE('',#2775,#454);
#357=LINE('',#2797,#455);
#358=LINE('',#2798,#456);
#359=LINE('',#2801,#457);
#360=LINE('',#2804,#458);
#361=LINE('',#2807,#459);
#362=LINE('',#2811,#460);
#363=LINE('',#2812,#461);
#364=LINE('',#2815,#462);
#365=LINE('',#2816,#463);
#366=LINE('',#2819,#464);
#367=LINE('',#2820,#465);
#368=LINE('',#2823,#466);
#369=LINE('',#2827,#467);
#370=LINE('',#2831,#468);
#371=LINE('',#2835,#469);
#372=LINE('',#2836,#470);
#373=LINE('',#2838,#471);
#374=LINE('',#2841,#472);
#375=LINE('',#2843,#473);
#376=LINE('',#2846,#474);
#377=LINE('',#2848,#475);
#378=LINE('',#2850,#476);
#379=LINE('',#2852,#477);
#380=LINE('',#2854,#478);
#381=LINE('',#2856,#479);
#382=LINE('',#2858,#480);
#383=LINE('',#2860,#481);
#384=LINE('',#2862,#482);
#385=LINE('',#2864,#483);
#386=LINE('',#2867,#484);
#387=LINE('',#2872,#485);
#388=LINE('',#2873,#486);
#389=LINE('',#2875,#487);
#390=LINE('',#2877,#488);
#391=LINE('',#2902,#489);
#392=LINE('',#2904,#490);
#393=LINE('',#2906,#491);
#394=LINE('',#2908,#492);
#395=LINE('',#2910,#493);
#396=LINE('',#2912,#494);
#397=LINE('',#2914,#495);
#398=VECTOR('',#1706,10.);
#399=VECTOR('',#1709,10.);
#400=VECTOR('',#1712,10.);
#401=VECTOR('',#1715,10.);
#402=VECTOR('',#1718,10.);
#403=VECTOR('',#1721,10.);
#404=VECTOR('',#1734,10.);
#405=VECTOR('',#1735,10.);
#406=VECTOR('',#1762,9.99999999999999);
#407=VECTOR('',#1763,9.99999999999999);
#408=VECTOR('',#1800,10.);
#409=VECTOR('',#1801,10.);
#410=VECTOR('',#1812,10.);
#411=VECTOR('',#1813,10.);
#412=VECTOR('',#1826,10.);
#413=VECTOR('',#1827,10.);
#414=VECTOR('',#1844,10.);
#415=VECTOR('',#1845,10.);
#416=VECTOR('',#1856,10.);
#417=VECTOR('',#1857,10.);
#418=VECTOR('',#1860,10.);
#419=VECTOR('',#1861,10.);
#420=VECTOR('',#1862,10.);
#421=VECTOR('',#1865,10.);
#422=VECTOR('',#1870,10.);
#423=VECTOR('',#1871,10.);
#424=VECTOR('',#1874,10.);
#425=VECTOR('',#1879,10.);
#426=VECTOR('',#1880,10.);
#427=VECTOR('',#1881,10.);
#428=VECTOR('',#1884,10.);
#429=VECTOR('',#1889,10.);
#430=VECTOR('',#1894,10.);
#431=VECTOR('',#1895,10.);
#432=VECTOR('',#1898,10.);
#433=VECTOR('',#1903,10.);
#434=VECTOR('',#1904,10.);
#435=VECTOR('',#1907,10.);
#436=VECTOR('',#1908,10.);
#437=VECTOR('',#1915,9.99999999999999);
#438=VECTOR('',#1918,9.99999999999999);
#439=VECTOR('',#1921,10.);
#440=VECTOR('',#1924,10.);
#441=VECTOR('',#1927,10.);
#442=VECTOR('',#1930,10.);
#443=VECTOR('',#1945,10.);
#444=VECTOR('',#1946,10.);
#445=VECTOR('',#1963,10.);
#446=VECTOR('',#1964,10.);
#447=VECTOR('',#1977,10.);
#448=VECTOR('',#1978,10.);
#449=VECTOR('',#1989,10.);
#450=VECTOR('',#1990,10.);
#451=VECTOR('',#2025,10.);
#452=VECTOR('',#2026,10.);
#453=VECTOR('',#2055,10.);
#454=VECTOR('',#2056,10.);
#455=VECTOR('',#2065,10.);
#456=VECTOR('',#2066,10.);
#457=VECTOR('',#2069,10.);
#458=VECTOR('',#2072,10.);
#459=VECTOR('',#2075,10.);
#460=VECTOR('',#2080,10.);
#461=VECTOR('',#2081,10.);
#462=VECTOR('',#2084,10.);
#463=VECTOR('',#2085,10.);
#464=VECTOR('',#2088,10.);
#465=VECTOR('',#2089,9.99999999999999);
#466=VECTOR('',#2092,10.);
#467=VECTOR('',#2097,10.);
#468=VECTOR('',#2102,10.);
#469=VECTOR('',#2107,10.);
#470=VECTOR('',#2108,10.);
#471=VECTOR('',#2111,10.);
#472=VECTOR('',#2116,10.);
#473=VECTOR('',#2119,10.);
#474=VECTOR('',#2124,10.);
#475=VECTOR('',#2127,10.);
#476=VECTOR('',#2130,10.);
#477=VECTOR('',#2133,10.);
#478=VECTOR('',#2136,10.);
#479=VECTOR('',#2139,10.);
#480=VECTOR('',#2142,10.);
#481=VECTOR('',#2145,10.);
#482=VECTOR('',#2148,10.);
#483=VECTOR('',#2151,10.);
#484=VECTOR('',#2154,10.);
#485=VECTOR('',#2163,10.);
#486=VECTOR('',#2164,10.);
#487=VECTOR('',#2167,10.);
#488=VECTOR('',#2170,10.);
#489=VECTOR('',#2171,10.);
#490=VECTOR('',#2174,10.);
#491=VECTOR('',#2177,10.);
#492=VECTOR('',#2180,10.);
#493=VECTOR('',#2183,10.);
#494=VECTOR('',#2186,10.);
#495=VECTOR('',#2189,10.);
#496=CIRCLE('',#1504,1.);
#497=CIRCLE('',#1505,1.);
#498=CIRCLE('',#1507,1.);
#499=CIRCLE('',#1509,1.);
#500=CIRCLE('',#1511,0.999999999999999);
#501=CIRCLE('',#1512,1.06478523725605);
#502=CIRCLE('',#1513,0.0649375420996576);
#503=CIRCLE('',#1515,1.);
#504=CIRCLE('',#1517,0.999999999999999);
#505=CIRCLE('',#1518,4.96478523725607);
#506=CIRCLE('',#1519,3.96493754209968);
#507=CIRCLE('',#1521,1.);
#508=CIRCLE('',#1522,14.7352149799138);
#509=CIRCLE('',#1523,15.7350626750702);
#510=CIRCLE('',#1525,1.);
#511=CIRCLE('',#1526,12.635215612641);
#512=CIRCLE('',#1527,13.6350633077974);
#513=CIRCLE('',#1530,0.999999999999999);
#514=CIRCLE('',#1531,9.96478523725604);
#515=CIRCLE('',#1532,8.96493754209965);
#516=CIRCLE('',#1534,1.);
#517=CIRCLE('',#1535,2.53521476274394);
#518=CIRCLE('',#1536,3.53506245790033);
#519=CIRCLE('',#1538,1.);
#520=CIRCLE('',#1539,9.00156764243002);
#521=CIRCLE('',#1540,10.0014153375864);
#522=CIRCLE('',#1542,1.);
#523=CIRCLE('',#1543,16.2193541285044);
#524=CIRCLE('',#1544,17.2192018236608);
#525=CIRCLE('',#1546,1.);
#526=CIRCLE('',#1547,0.999999999999999);
#527=CIRCLE('',#1548,1.06478523725606);
#528=CIRCLE('',#1549,0.0649375420996641);
#529=CIRCLE('',#1551,1.);
#530=CIRCLE('',#1553,0.999999999999999);
#531=CIRCLE('',#1554,7.9647852372561);
#532=CIRCLE('',#1555,6.9649375420997);
#533=CIRCLE('',#1557,1.);
#534=CIRCLE('',#1558,1.);
#535=CIRCLE('',#1559,1.);
#536=CIRCLE('',#1561,0.999999999999999);
#537=CIRCLE('',#1562,13.0897852372737);
#538=CIRCLE('',#1563,12.0899375421173);
#539=CIRCLE('',#1565,1.);
#540=CIRCLE('',#1567,0.999999999999999);
#541=CIRCLE('',#1568,20.9647852372452);
#542=CIRCLE('',#1569,19.9649375420888);
#543=CIRCLE('',#1573,1.10000000000001);
#544=CIRCLE('',#1576,8.00000000000004);
#545=CIRCLE('',#1579,11.0000000000013);
#546=CIRCLE('',#1581,13.1250000000176);
#547=CIRCLE('',#1584,20.9999999999892);
#548=CIRCLE('',#1589,1.);
#549=CIRCLE('',#1590,1.);
#550=CIRCLE('',#1592,1.);
#551=CIRCLE('',#1594,1.);
#552=CIRCLE('',#1597,0.999999999999999);
#553=CIRCLE('',#1598,20.9647852372452);
#554=CIRCLE('',#1599,19.9649375420888);
#555=CIRCLE('',#1601,1.);
#556=CIRCLE('',#1603,0.999999999999999);
#557=CIRCLE('',#1604,13.0897852372737);
#558=CIRCLE('',#1605,12.0899375421173);
#559=CIRCLE('',#1606,1.);
#560=CIRCLE('',#1607,1.);
#561=CIRCLE('',#1609,1.);
#562=CIRCLE('',#1611,0.999999999999999);
#563=CIRCLE('',#1612,7.9647852372561);
#564=CIRCLE('',#1613,6.9649375420997);
#565=CIRCLE('',#1615,1.);
#566=CIRCLE('',#1616,0.999999999999999);
#567=CIRCLE('',#1617,1.06478523725606);
#568=CIRCLE('',#1618,0.0649375420996641);
#569=CIRCLE('',#1620,1.);
#570=CIRCLE('',#1622,1.);
#571=CIRCLE('',#1623,16.2193541285044);
#572=CIRCLE('',#1624,17.2192018236608);
#573=CIRCLE('',#1626,1.);
#574=CIRCLE('',#1627,9.00156764243002);
#575=CIRCLE('',#1628,10.0014153375864);
#576=CIRCLE('',#1630,1.);
#577=CIRCLE('',#1631,2.53521476274394);
#578=CIRCLE('',#1632,3.53506245790033);
#579=CIRCLE('',#1634,0.999999999999999);
#580=CIRCLE('',#1635,9.96478523725604);
#581=CIRCLE('',#1636,8.96493754209965);
#582=CIRCLE('',#1639,1.);
#583=CIRCLE('',#1640,12.635215612641);
#584=CIRCLE('',#1641,13.6350633077974);
#585=CIRCLE('',#1643,1.);
#586=CIRCLE('',#1644,14.7352149799138);
#587=CIRCLE('',#1645,15.7350626750701);
#588=CIRCLE('',#1647,0.999999999999999);
#589=CIRCLE('',#1648,4.96478523725607);
#590=CIRCLE('',#1649,3.96493754209968);
#591=CIRCLE('',#1651,1.);
#592=CIRCLE('',#1652,0.999999999999999);
#593=CIRCLE('',#1653,1.06478523725605);
#594=CIRCLE('',#1654,0.0649375420996576);
#595=CIRCLE('',#1657,2.49999999999999);
#596=CIRCLE('',#1659,9.99999999999999);
#597=CIRCLE('',#1664,12.6000008498971);
#598=CIRCLE('',#1666,14.7000002171698);
#599=CIRCLE('',#1668,5.00000000000002);
#600=CIRCLE('',#1671,1.1);
#601=CIRCLE('',#1686,8.96635287968607);
#602=CIRCLE('',#1688,16.1841393657604);
#603=VERTEX_POINT('',#2196);
#604=VERTEX_POINT('',#2197);
#605=VERTEX_POINT('',#2199);
#606=VERTEX_POINT('',#2201);
#607=VERTEX_POINT('',#2205);
#608=VERTEX_POINT('',#2207);
#609=VERTEX_POINT('',#2211);
#610=VERTEX_POINT('',#2212);
#611=VERTEX_POINT('',#2214);
#612=VERTEX_POINT('',#2216);
#613=VERTEX_POINT('',#2234);
#614=VERTEX_POINT('',#2235);
#615=VERTEX_POINT('',#2240);
#616=VERTEX_POINT('',#2241);
#617=VERTEX_POINT('',#2246);
#618=VERTEX_POINT('',#2247);
#619=VERTEX_POINT('',#2252);
#620=VERTEX_POINT('',#2253);
#621=VERTEX_POINT('',#2258);
#622=VERTEX_POINT('',#2259);
#623=VERTEX_POINT('',#2267);
#624=VERTEX_POINT('',#2268);
#625=VERTEX_POINT('',#2273);
#626=VERTEX_POINT('',#2274);
#627=VERTEX_POINT('',#2279);
#628=VERTEX_POINT('',#2280);
#629=VERTEX_POINT('',#2285);
#630=VERTEX_POINT('',#2286);
#631=VERTEX_POINT('',#2291);
#632=VERTEX_POINT('',#2292);
#633=VERTEX_POINT('',#2311);
#634=VERTEX_POINT('',#2312);
#635=VERTEX_POINT('',#2317);
#636=VERTEX_POINT('',#2318);
#637=VERTEX_POINT('',#2323);
#638=VERTEX_POINT('',#2324);
#639=VERTEX_POINT('',#2329);
#640=VERTEX_POINT('',#2330);
#641=VERTEX_POINT('',#2379);
#642=VERTEX_POINT('',#2380);
#643=VERTEX_POINT('',#2425);
#644=VERTEX_POINT('',#2426);
#645=VERTEX_POINT('',#2439);
#646=VERTEX_POINT('',#2440);
#647=VERTEX_POINT('',#2445);
#648=VERTEX_POINT('',#2446);
#649=VERTEX_POINT('',#2451);
#650=VERTEX_POINT('',#2452);
#651=VERTEX_POINT('',#2460);
#652=VERTEX_POINT('',#2462);
#653=VERTEX_POINT('',#2466);
#654=VERTEX_POINT('',#2470);
#655=VERTEX_POINT('',#2474);
#656=VERTEX_POINT('',#2478);
#657=VERTEX_POINT('',#2505);
#658=VERTEX_POINT('',#2518);
#659=VERTEX_POINT('',#2522);
#660=VERTEX_POINT('',#2526);
#661=VERTEX_POINT('',#2530);
#662=VERTEX_POINT('',#2534);
#663=VERTEX_POINT('',#2538);
#664=VERTEX_POINT('',#2543);
#665=VERTEX_POINT('',#2544);
#666=VERTEX_POINT('',#2546);
#667=VERTEX_POINT('',#2548);
#668=VERTEX_POINT('',#2552);
#669=VERTEX_POINT('',#2554);
#670=VERTEX_POINT('',#2558);
#671=VERTEX_POINT('',#2559);
#672=VERTEX_POINT('',#2561);
#673=VERTEX_POINT('',#2563);
#674=VERTEX_POINT('',#2567);
#675=VERTEX_POINT('',#2568);
#676=VERTEX_POINT('',#2573);
#677=VERTEX_POINT('',#2574);
#678=VERTEX_POINT('',#2579);
#679=VERTEX_POINT('',#2580);
#680=VERTEX_POINT('',#2609);
#681=VERTEX_POINT('',#2610);
#682=VERTEX_POINT('',#2662);
#683=VERTEX_POINT('',#2663);
#684=VERTEX_POINT('',#2682);
#685=VERTEX_POINT('',#2683);
#686=VERTEX_POINT('',#2688);
#687=VERTEX_POINT('',#2689);
#688=VERTEX_POINT('',#2694);
#689=VERTEX_POINT('',#2695);
#690=VERTEX_POINT('',#2714);
#691=VERTEX_POINT('',#2715);
#692=VERTEX_POINT('',#2720);
#693=VERTEX_POINT('',#2721);
#694=VERTEX_POINT('',#2726);
#695=VERTEX_POINT('',#2727);
#696=VERTEX_POINT('',#2732);
#697=VERTEX_POINT('',#2733);
#698=VERTEX_POINT('',#2738);
#699=VERTEX_POINT('',#2739);
#700=VERTEX_POINT('',#2744);
#701=VERTEX_POINT('',#2745);
#702=VERTEX_POINT('',#2753);
#703=VERTEX_POINT('',#2754);
#704=VERTEX_POINT('',#2759);
#705=VERTEX_POINT('',#2760);
#706=VERTEX_POINT('',#2765);
#707=VERTEX_POINT('',#2766);
#708=VERTEX_POINT('',#2771);
#709=VERTEX_POINT('',#2772);
#710=VERTEX_POINT('',#2791);
#711=VERTEX_POINT('',#2792);
#712=VERTEX_POINT('',#2800);
#713=VERTEX_POINT('',#2802);
#714=VERTEX_POINT('',#2806);
#715=VERTEX_POINT('',#2810);
#716=VERTEX_POINT('',#2814);
#717=VERTEX_POINT('',#2818);
#718=VERTEX_POINT('',#2822);
#719=VERTEX_POINT('',#2826);
#720=VERTEX_POINT('',#2830);
#721=VERTEX_POINT('',#2834);
#722=VERTEX_POINT('',#2866);
#723=EDGE_CURVE('',#603,#604,#496,.T.);
#724=EDGE_CURVE('',#604,#605,#300,.T.);
#725=EDGE_CURVE('',#605,#606,#497,.T.);
#726=EDGE_CURVE('',#606,#603,#301,.T.);
#727=EDGE_CURVE('',#603,#607,#302,.T.);
#728=EDGE_CURVE('',#607,#608,#498,.T.);
#729=EDGE_CURVE('',#608,#604,#303,.T.);
#730=EDGE_CURVE('',#609,#610,#304,.T.);
#731=EDGE_CURVE('',#610,#611,#499,.T.);
#732=EDGE_CURVE('',#611,#612,#305,.T.);
#733=EDGE_CURVE('',#609,#612,#102,.T.);
#734=EDGE_CURVE('',#613,#614,#500,.T.);
#735=EDGE_CURVE('',#614,#611,#501,.T.);
#736=EDGE_CURVE('',#610,#613,#502,.T.);
#737=EDGE_CURVE('',#615,#616,#503,.T.);
#738=EDGE_CURVE('',#616,#614,#306,.T.);
#739=EDGE_CURVE('',#613,#615,#307,.T.);
#740=EDGE_CURVE('',#617,#618,#504,.T.);
#741=EDGE_CURVE('',#618,#616,#505,.T.);
#742=EDGE_CURVE('',#615,#617,#506,.T.);
#743=EDGE_CURVE('',#619,#620,#507,.T.);
#744=EDGE_CURVE('',#620,#618,#508,.T.);
#745=EDGE_CURVE('',#617,#619,#509,.T.);
#746=EDGE_CURVE('',#621,#622,#510,.T.);
#747=EDGE_CURVE('',#622,#620,#511,.T.);
#748=EDGE_CURVE('',#619,#621,#512,.T.);
#749=EDGE_CURVE('',#607,#622,#308,.T.);
#750=EDGE_CURVE('',#621,#608,#309,.T.);
#751=EDGE_CURVE('',#623,#624,#513,.T.);
#752=EDGE_CURVE('',#624,#606,#514,.T.);
#753=EDGE_CURVE('',#605,#623,#515,.T.);
#754=EDGE_CURVE('',#625,#626,#516,.T.);
#755=EDGE_CURVE('',#626,#624,#517,.T.);
#756=EDGE_CURVE('',#623,#625,#518,.T.);
#757=EDGE_CURVE('',#627,#628,#519,.T.);
#758=EDGE_CURVE('',#628,#626,#520,.T.);
#759=EDGE_CURVE('',#625,#627,#521,.T.);
#760=EDGE_CURVE('',#629,#630,#522,.T.);
#761=EDGE_CURVE('',#630,#628,#523,.T.);
#762=EDGE_CURVE('',#627,#629,#524,.T.);
#763=EDGE_CURVE('',#631,#632,#525,.T.);
#764=EDGE_CURVE('',#632,#630,#310,.T.);
#765=EDGE_CURVE('',#629,#631,#311,.T.);
#766=EDGE_CURVE('',#633,#634,#526,.T.);
#767=EDGE_CURVE('',#634,#632,#527,.T.);
#768=EDGE_CURVE('',#631,#633,#528,.T.);
#769=EDGE_CURVE('',#635,#636,#529,.T.);
#770=EDGE_CURVE('',#636,#634,#312,.T.);
#771=EDGE_CURVE('',#633,#635,#313,.T.);
#772=EDGE_CURVE('',#637,#638,#530,.T.);
#773=EDGE_CURVE('',#638,#636,#531,.T.);
#774=EDGE_CURVE('',#635,#637,#532,.T.);
#775=EDGE_CURVE('',#639,#640,#533,.T.);
#776=EDGE_CURVE('',#640,#638,#314,.T.);
#777=EDGE_CURVE('',#637,#639,#315,.T.);
#778=EDGE_CURVE('',#641,#642,#534,.T.);
#779=EDGE_CURVE('',#642,#640,#63,.T.);
#780=EDGE_CURVE('',#639,#641,#64,.T.);
#781=EDGE_CURVE('',#643,#644,#535,.T.);
#782=EDGE_CURVE('',#644,#642,#65,.T.);
#783=EDGE_CURVE('',#641,#643,#66,.T.);
#784=EDGE_CURVE('',#645,#646,#536,.T.);
#785=EDGE_CURVE('',#646,#644,#537,.T.);
#786=EDGE_CURVE('',#643,#645,#538,.T.);
#787=EDGE_CURVE('',#647,#648,#539,.T.);
#788=EDGE_CURVE('',#648,#646,#316,.T.);
#789=EDGE_CURVE('',#645,#647,#317,.T.);
#790=EDGE_CURVE('',#649,#650,#540,.T.);
#791=EDGE_CURVE('',#650,#648,#541,.T.);
#792=EDGE_CURVE('',#647,#649,#542,.T.);
#793=EDGE_CURVE('',#612,#650,#318,.T.);
#794=EDGE_CURVE('',#649,#609,#319,.T.);
#795=EDGE_CURVE('',#651,#632,#320,.T.);
#796=EDGE_CURVE('',#652,#651,#321,.T.);
#797=EDGE_CURVE('',#652,#630,#322,.T.);
#798=EDGE_CURVE('',#653,#634,#323,.T.);
#799=EDGE_CURVE('',#651,#653,#543,.T.);
#800=EDGE_CURVE('',#654,#636,#324,.T.);
#801=EDGE_CURVE('',#653,#654,#325,.T.);
#802=EDGE_CURVE('',#655,#638,#326,.T.);
#803=EDGE_CURVE('',#654,#655,#544,.T.);
#804=EDGE_CURVE('',#656,#640,#327,.T.);
#805=EDGE_CURVE('',#655,#656,#328,.T.);
#806=EDGE_CURVE('',#657,#642,#329,.T.);
#807=EDGE_CURVE('',#656,#657,#67,.T.);
#808=EDGE_CURVE('',#658,#644,#330,.T.);
#809=EDGE_CURVE('',#658,#657,#545,.T.);
#810=EDGE_CURVE('',#659,#646,#331,.T.);
#811=EDGE_CURVE('',#658,#659,#546,.T.);
#812=EDGE_CURVE('',#660,#648,#332,.T.);
#813=EDGE_CURVE('',#659,#660,#333,.T.);
#814=EDGE_CURVE('',#661,#650,#334,.T.);
#815=EDGE_CURVE('',#660,#661,#547,.T.);
#816=EDGE_CURVE('',#662,#612,#335,.T.);
#817=EDGE_CURVE('',#661,#662,#336,.T.);
#818=EDGE_CURVE('',#663,#611,#337,.T.);
#819=EDGE_CURVE('',#662,#663,#338,.T.);
#820=EDGE_CURVE('',#664,#665,#548,.T.);
#821=EDGE_CURVE('',#665,#666,#339,.T.);
#822=EDGE_CURVE('',#666,#667,#549,.T.);
#823=EDGE_CURVE('',#667,#664,#340,.T.);
#824=EDGE_CURVE('',#664,#668,#341,.T.);
#825=EDGE_CURVE('',#668,#669,#550,.T.);
#826=EDGE_CURVE('',#669,#665,#342,.T.);
#827=EDGE_CURVE('',#670,#671,#343,.T.);
#828=EDGE_CURVE('',#671,#672,#551,.T.);
#829=EDGE_CURVE('',#672,#673,#344,.T.);
#830=EDGE_CURVE('',#670,#673,#103,.T.);
#831=EDGE_CURVE('',#674,#675,#552,.T.);
#832=EDGE_CURVE('',#675,#672,#553,.T.);
#833=EDGE_CURVE('',#671,#674,#554,.T.);
#834=EDGE_CURVE('',#676,#677,#555,.T.);
#835=EDGE_CURVE('',#677,#675,#345,.T.);
#836=EDGE_CURVE('',#674,#676,#346,.T.);
#837=EDGE_CURVE('',#678,#679,#556,.T.);
#838=EDGE_CURVE('',#679,#677,#557,.T.);
#839=EDGE_CURVE('',#676,#678,#558,.T.);
#840=EDGE_CURVE('',#680,#681,#559,.T.);
#841=EDGE_CURVE('',#681,#679,#68,.T.);
#842=EDGE_CURVE('',#678,#680,#69,.T.);
#843=EDGE_CURVE('',#682,#683,#560,.T.);
#844=EDGE_CURVE('',#683,#681,#70,.T.);
#845=EDGE_CURVE('',#680,#682,#71,.T.);
#846=EDGE_CURVE('',#684,#685,#561,.T.);
#847=EDGE_CURVE('',#685,#683,#347,.T.);
#848=EDGE_CURVE('',#682,#684,#348,.T.);
#849=EDGE_CURVE('',#686,#687,#562,.T.);
#850=EDGE_CURVE('',#687,#685,#563,.T.);
#851=EDGE_CURVE('',#684,#686,#564,.T.);
#852=EDGE_CURVE('',#688,#689,#565,.T.);
#853=EDGE_CURVE('',#689,#687,#349,.T.);
#854=EDGE_CURVE('',#686,#688,#350,.T.);
#855=EDGE_CURVE('',#690,#691,#566,.T.);
#856=EDGE_CURVE('',#691,#689,#567,.T.);
#857=EDGE_CURVE('',#688,#690,#568,.T.);
#858=EDGE_CURVE('',#692,#693,#569,.T.);
#859=EDGE_CURVE('',#693,#691,#351,.T.);
#860=EDGE_CURVE('',#690,#692,#352,.T.);
#861=EDGE_CURVE('',#694,#695,#570,.T.);
#862=EDGE_CURVE('',#695,#693,#571,.T.);
#863=EDGE_CURVE('',#692,#694,#572,.T.);
#864=EDGE_CURVE('',#696,#697,#573,.T.);
#865=EDGE_CURVE('',#697,#695,#574,.T.);
#866=EDGE_CURVE('',#694,#696,#575,.T.);
#867=EDGE_CURVE('',#698,#699,#576,.T.);
#868=EDGE_CURVE('',#699,#697,#577,.T.);
#869=EDGE_CURVE('',#696,#698,#578,.T.);
#870=EDGE_CURVE('',#700,#701,#579,.T.);
#871=EDGE_CURVE('',#701,#699,#580,.T.);
#872=EDGE_CURVE('',#698,#700,#581,.T.);
#873=EDGE_CURVE('',#668,#701,#353,.T.);
#874=EDGE_CURVE('',#700,#669,#354,.T.);
#875=EDGE_CURVE('',#702,#703,#582,.T.);
#876=EDGE_CURVE('',#703,#667,#583,.T.);
#877=EDGE_CURVE('',#666,#702,#584,.T.);
#878=EDGE_CURVE('',#704,#705,#585,.T.);
#879=EDGE_CURVE('',#705,#703,#586,.T.);
#880=EDGE_CURVE('',#702,#704,#587,.T.);
#881=EDGE_CURVE('',#706,#707,#588,.T.);
#882=EDGE_CURVE('',#707,#705,#589,.T.);
#883=EDGE_CURVE('',#704,#706,#590,.T.);
#884=EDGE_CURVE('',#708,#709,#591,.T.);
#885=EDGE_CURVE('',#709,#707,#355,.T.);
#886=EDGE_CURVE('',#706,#708,#356,.T.);
#887=EDGE_CURVE('',#710,#711,#592,.T.);
#888=EDGE_CURVE('',#711,#709,#593,.T.);
#889=EDGE_CURVE('',#708,#710,#594,.T.);
#890=EDGE_CURVE('',#673,#711,#357,.T.);
#891=EDGE_CURVE('',#710,#670,#358,.T.);
#892=EDGE_CURVE('',#712,#699,#359,.T.);
#893=EDGE_CURVE('',#713,#712,#595,.T.);
#894=EDGE_CURVE('',#713,#697,#360,.T.);
#895=EDGE_CURVE('',#714,#701,#361,.T.);
#896=EDGE_CURVE('',#714,#712,#596,.T.);
#897=EDGE_CURVE('',#715,#668,#362,.T.);
#898=EDGE_CURVE('',#715,#714,#363,.T.);
#899=EDGE_CURVE('',#716,#664,#364,.T.);
#900=EDGE_CURVE('',#716,#715,#365,.T.);
#901=EDGE_CURVE('',#717,#667,#366,.T.);
#902=EDGE_CURVE('',#717,#716,#367,.T.);
#903=EDGE_CURVE('',#718,#703,#368,.T.);
#904=EDGE_CURVE('',#717,#718,#597,.T.);
#905=EDGE_CURVE('',#719,#705,#369,.T.);
#906=EDGE_CURVE('',#718,#719,#598,.T.);
#907=EDGE_CURVE('',#720,#707,#370,.T.);
#908=EDGE_CURVE('',#720,#719,#599,.T.);
#909=EDGE_CURVE('',#721,#709,#371,.T.);
#910=EDGE_CURVE('',#721,#720,#372,.T.);
#911=EDGE_CURVE('',#663,#711,#373,.T.);
#912=EDGE_CURVE('',#663,#721,#600,.T.);
#913=EDGE_CURVE('',#662,#673,#374,.T.);
#914=EDGE_CURVE('',#661,#672,#375,.T.);
#915=EDGE_CURVE('',#721,#614,#376,.T.);
#916=EDGE_CURVE('',#720,#616,#377,.T.);
#917=EDGE_CURVE('',#719,#618,#378,.T.);
#918=EDGE_CURVE('',#718,#620,#379,.T.);
#919=EDGE_CURVE('',#717,#622,#380,.T.);
#920=EDGE_CURVE('',#716,#607,#381,.T.);
#921=EDGE_CURVE('',#715,#603,#382,.T.);
#922=EDGE_CURVE('',#714,#606,#383,.T.);
#923=EDGE_CURVE('',#712,#624,#384,.T.);
#924=EDGE_CURVE('',#713,#626,#385,.T.);
#925=EDGE_CURVE('',#722,#628,#386,.T.);
#926=EDGE_CURVE('',#722,#713,#601,.T.);
#927=EDGE_CURVE('',#652,#722,#602,.T.);
#928=EDGE_CURVE('',#659,#677,#387,.T.);
#929=EDGE_CURVE('',#660,#675,#388,.T.);
#930=EDGE_CURVE('',#658,#679,#389,.T.);
#931=EDGE_CURVE('',#657,#681,#390,.T.);
#932=EDGE_CURVE('',#656,#683,#391,.T.);
#933=EDGE_CURVE('',#655,#685,#392,.T.);
#934=EDGE_CURVE('',#654,#687,#393,.T.);
#935=EDGE_CURVE('',#653,#689,#394,.T.);
#936=EDGE_CURVE('',#651,#691,#395,.T.);
#937=EDGE_CURVE('',#652,#693,#396,.T.);
#938=EDGE_CURVE('',#722,#695,#397,.T.);
#939=ORIENTED_EDGE('',*,*,#723,.T.);
#940=ORIENTED_EDGE('',*,*,#724,.T.);
#941=ORIENTED_EDGE('',*,*,#725,.T.);
#942=ORIENTED_EDGE('',*,*,#726,.T.);
#943=ORIENTED_EDGE('',*,*,#723,.F.);
#944=ORIENTED_EDGE('',*,*,#727,.T.);
#945=ORIENTED_EDGE('',*,*,#728,.T.);
#946=ORIENTED_EDGE('',*,*,#729,.T.);
#947=ORIENTED_EDGE('',*,*,#730,.T.);
#948=ORIENTED_EDGE('',*,*,#731,.T.);
#949=ORIENTED_EDGE('',*,*,#732,.T.);
#950=ORIENTED_EDGE('',*,*,#733,.F.);
#951=ORIENTED_EDGE('',*,*,#734,.T.);
#952=ORIENTED_EDGE('',*,*,#735,.T.);
#953=ORIENTED_EDGE('',*,*,#731,.F.);
#954=ORIENTED_EDGE('',*,*,#736,.T.);
#955=ORIENTED_EDGE('',*,*,#737,.T.);
#956=ORIENTED_EDGE('',*,*,#738,.T.);
#957=ORIENTED_EDGE('',*,*,#734,.F.);
#958=ORIENTED_EDGE('',*,*,#739,.T.);
#959=ORIENTED_EDGE('',*,*,#740,.T.);
#960=ORIENTED_EDGE('',*,*,#741,.T.);
#961=ORIENTED_EDGE('',*,*,#737,.F.);
#962=ORIENTED_EDGE('',*,*,#742,.T.);
#963=ORIENTED_EDGE('',*,*,#743,.T.);
#964=ORIENTED_EDGE('',*,*,#744,.T.);
#965=ORIENTED_EDGE('',*,*,#740,.F.);
#966=ORIENTED_EDGE('',*,*,#745,.T.);
#967=ORIENTED_EDGE('',*,*,#746,.T.);
#968=ORIENTED_EDGE('',*,*,#747,.T.);
#969=ORIENTED_EDGE('',*,*,#743,.F.);
#970=ORIENTED_EDGE('',*,*,#748,.T.);
#971=ORIENTED_EDGE('',*,*,#728,.F.);
#972=ORIENTED_EDGE('',*,*,#749,.T.);
#973=ORIENTED_EDGE('',*,*,#746,.F.);
#974=ORIENTED_EDGE('',*,*,#750,.T.);
#975=ORIENTED_EDGE('',*,*,#751,.T.);
#976=ORIENTED_EDGE('',*,*,#752,.T.);
#977=ORIENTED_EDGE('',*,*,#725,.F.);
#978=ORIENTED_EDGE('',*,*,#753,.T.);
#979=ORIENTED_EDGE('',*,*,#754,.T.);
#980=ORIENTED_EDGE('',*,*,#755,.T.);
#981=ORIENTED_EDGE('',*,*,#751,.F.);
#982=ORIENTED_EDGE('',*,*,#756,.T.);
#983=ORIENTED_EDGE('',*,*,#757,.T.);
#984=ORIENTED_EDGE('',*,*,#758,.T.);
#985=ORIENTED_EDGE('',*,*,#754,.F.);
#986=ORIENTED_EDGE('',*,*,#759,.T.);
#987=ORIENTED_EDGE('',*,*,#760,.T.);
#988=ORIENTED_EDGE('',*,*,#761,.T.);
#989=ORIENTED_EDGE('',*,*,#757,.F.);
#990=ORIENTED_EDGE('',*,*,#762,.T.);
#991=ORIENTED_EDGE('',*,*,#763,.T.);
#992=ORIENTED_EDGE('',*,*,#764,.T.);
#993=ORIENTED_EDGE('',*,*,#760,.F.);
#994=ORIENTED_EDGE('',*,*,#765,.T.);
#995=ORIENTED_EDGE('',*,*,#766,.T.);
#996=ORIENTED_EDGE('',*,*,#767,.T.);
#997=ORIENTED_EDGE('',*,*,#763,.F.);
#998=ORIENTED_EDGE('',*,*,#768,.T.);
#999=ORIENTED_EDGE('',*,*,#769,.T.);
#1000=ORIENTED_EDGE('',*,*,#770,.T.);
#1001=ORIENTED_EDGE('',*,*,#766,.F.);
#1002=ORIENTED_EDGE('',*,*,#771,.T.);
#1003=ORIENTED_EDGE('',*,*,#772,.T.);
#1004=ORIENTED_EDGE('',*,*,#773,.T.);
#1005=ORIENTED_EDGE('',*,*,#769,.F.);
#1006=ORIENTED_EDGE('',*,*,#774,.T.);
#1007=ORIENTED_EDGE('',*,*,#775,.T.);
#1008=ORIENTED_EDGE('',*,*,#776,.T.);
#1009=ORIENTED_EDGE('',*,*,#772,.F.);
#1010=ORIENTED_EDGE('',*,*,#777,.T.);
#1011=ORIENTED_EDGE('',*,*,#778,.T.);
#1012=ORIENTED_EDGE('',*,*,#779,.T.);
#1013=ORIENTED_EDGE('',*,*,#775,.F.);
#1014=ORIENTED_EDGE('',*,*,#780,.T.);
#1015=ORIENTED_EDGE('',*,*,#781,.T.);
#1016=ORIENTED_EDGE('',*,*,#782,.T.);
#1017=ORIENTED_EDGE('',*,*,#778,.F.);
#1018=ORIENTED_EDGE('',*,*,#783,.T.);
#1019=ORIENTED_EDGE('',*,*,#784,.T.);
#1020=ORIENTED_EDGE('',*,*,#785,.T.);
#1021=ORIENTED_EDGE('',*,*,#781,.F.);
#1022=ORIENTED_EDGE('',*,*,#786,.T.);
#1023=ORIENTED_EDGE('',*,*,#787,.T.);
#1024=ORIENTED_EDGE('',*,*,#788,.T.);
#1025=ORIENTED_EDGE('',*,*,#784,.F.);
#1026=ORIENTED_EDGE('',*,*,#789,.T.);
#1027=ORIENTED_EDGE('',*,*,#790,.T.);
#1028=ORIENTED_EDGE('',*,*,#791,.T.);
#1029=ORIENTED_EDGE('',*,*,#787,.F.);
#1030=ORIENTED_EDGE('',*,*,#792,.T.);
#1031=ORIENTED_EDGE('',*,*,#793,.T.);
#1032=ORIENTED_EDGE('',*,*,#790,.F.);
#1033=ORIENTED_EDGE('',*,*,#794,.T.);
#1034=ORIENTED_EDGE('',*,*,#733,.T.);
#1035=ORIENTED_EDGE('',*,*,#764,.F.);
#1036=ORIENTED_EDGE('',*,*,#795,.F.);
#1037=ORIENTED_EDGE('',*,*,#796,.F.);
#1038=ORIENTED_EDGE('',*,*,#797,.T.);
#1039=ORIENTED_EDGE('',*,*,#767,.F.);
#1040=ORIENTED_EDGE('',*,*,#798,.F.);
#1041=ORIENTED_EDGE('',*,*,#799,.F.);
#1042=ORIENTED_EDGE('',*,*,#795,.T.);
#1043=ORIENTED_EDGE('',*,*,#770,.F.);
#1044=ORIENTED_EDGE('',*,*,#800,.F.);
#1045=ORIENTED_EDGE('',*,*,#801,.F.);
#1046=ORIENTED_EDGE('',*,*,#798,.T.);
#1047=ORIENTED_EDGE('',*,*,#773,.F.);
#1048=ORIENTED_EDGE('',*,*,#802,.F.);
#1049=ORIENTED_EDGE('',*,*,#803,.F.);
#1050=ORIENTED_EDGE('',*,*,#800,.T.);
#1051=ORIENTED_EDGE('',*,*,#776,.F.);
#1052=ORIENTED_EDGE('',*,*,#804,.F.);
#1053=ORIENTED_EDGE('',*,*,#805,.F.);
#1054=ORIENTED_EDGE('',*,*,#802,.T.);
#1055=ORIENTED_EDGE('',*,*,#779,.F.);
#1056=ORIENTED_EDGE('',*,*,#806,.F.);
#1057=ORIENTED_EDGE('',*,*,#807,.F.);
#1058=ORIENTED_EDGE('',*,*,#804,.T.);
#1059=ORIENTED_EDGE('',*,*,#782,.F.);
#1060=ORIENTED_EDGE('',*,*,#808,.F.);
#1061=ORIENTED_EDGE('',*,*,#809,.T.);
#1062=ORIENTED_EDGE('',*,*,#806,.T.);
#1063=ORIENTED_EDGE('',*,*,#785,.F.);
#1064=ORIENTED_EDGE('',*,*,#810,.F.);
#1065=ORIENTED_EDGE('',*,*,#811,.F.);
#1066=ORIENTED_EDGE('',*,*,#808,.T.);
#1067=ORIENTED_EDGE('',*,*,#788,.F.);
#1068=ORIENTED_EDGE('',*,*,#812,.F.);
#1069=ORIENTED_EDGE('',*,*,#813,.F.);
#1070=ORIENTED_EDGE('',*,*,#810,.T.);
#1071=ORIENTED_EDGE('',*,*,#791,.F.);
#1072=ORIENTED_EDGE('',*,*,#814,.F.);
#1073=ORIENTED_EDGE('',*,*,#815,.F.);
#1074=ORIENTED_EDGE('',*,*,#812,.T.);
#1075=ORIENTED_EDGE('',*,*,#793,.F.);
#1076=ORIENTED_EDGE('',*,*,#816,.F.);
#1077=ORIENTED_EDGE('',*,*,#817,.F.);
#1078=ORIENTED_EDGE('',*,*,#814,.T.);
#1079=ORIENTED_EDGE('',*,*,#732,.F.);
#1080=ORIENTED_EDGE('',*,*,#818,.F.);
#1081=ORIENTED_EDGE('',*,*,#819,.F.);
#1082=ORIENTED_EDGE('',*,*,#816,.T.);
#1083=ORIENTED_EDGE('',*,*,#730,.F.);
#1084=ORIENTED_EDGE('',*,*,#794,.F.);
#1085=ORIENTED_EDGE('',*,*,#792,.F.);
#1086=ORIENTED_EDGE('',*,*,#789,.F.);
#1087=ORIENTED_EDGE('',*,*,#786,.F.);
#1088=ORIENTED_EDGE('',*,*,#783,.F.);
#1089=ORIENTED_EDGE('',*,*,#780,.F.);
#1090=ORIENTED_EDGE('',*,*,#777,.F.);
#1091=ORIENTED_EDGE('',*,*,#774,.F.);
#1092=ORIENTED_EDGE('',*,*,#771,.F.);
#1093=ORIENTED_EDGE('',*,*,#768,.F.);
#1094=ORIENTED_EDGE('',*,*,#765,.F.);
#1095=ORIENTED_EDGE('',*,*,#762,.F.);
#1096=ORIENTED_EDGE('',*,*,#759,.F.);
#1097=ORIENTED_EDGE('',*,*,#756,.F.);
#1098=ORIENTED_EDGE('',*,*,#753,.F.);
#1099=ORIENTED_EDGE('',*,*,#724,.F.);
#1100=ORIENTED_EDGE('',*,*,#729,.F.);
#1101=ORIENTED_EDGE('',*,*,#750,.F.);
#1102=ORIENTED_EDGE('',*,*,#748,.F.);
#1103=ORIENTED_EDGE('',*,*,#745,.F.);
#1104=ORIENTED_EDGE('',*,*,#742,.F.);
#1105=ORIENTED_EDGE('',*,*,#739,.F.);
#1106=ORIENTED_EDGE('',*,*,#736,.F.);
#1107=ORIENTED_EDGE('',*,*,#820,.T.);
#1108=ORIENTED_EDGE('',*,*,#821,.T.);
#1109=ORIENTED_EDGE('',*,*,#822,.T.);
#1110=ORIENTED_EDGE('',*,*,#823,.T.);
#1111=ORIENTED_EDGE('',*,*,#820,.F.);
#1112=ORIENTED_EDGE('',*,*,#824,.T.);
#1113=ORIENTED_EDGE('',*,*,#825,.T.);
#1114=ORIENTED_EDGE('',*,*,#826,.T.);
#1115=ORIENTED_EDGE('',*,*,#827,.T.);
#1116=ORIENTED_EDGE('',*,*,#828,.T.);
#1117=ORIENTED_EDGE('',*,*,#829,.T.);
#1118=ORIENTED_EDGE('',*,*,#830,.F.);
#1119=ORIENTED_EDGE('',*,*,#831,.T.);
#1120=ORIENTED_EDGE('',*,*,#832,.T.);
#1121=ORIENTED_EDGE('',*,*,#828,.F.);
#1122=ORIENTED_EDGE('',*,*,#833,.T.);
#1123=ORIENTED_EDGE('',*,*,#834,.T.);
#1124=ORIENTED_EDGE('',*,*,#835,.T.);
#1125=ORIENTED_EDGE('',*,*,#831,.F.);
#1126=ORIENTED_EDGE('',*,*,#836,.T.);
#1127=ORIENTED_EDGE('',*,*,#837,.T.);
#1128=ORIENTED_EDGE('',*,*,#838,.T.);
#1129=ORIENTED_EDGE('',*,*,#834,.F.);
#1130=ORIENTED_EDGE('',*,*,#839,.T.);
#1131=ORIENTED_EDGE('',*,*,#840,.T.);
#1132=ORIENTED_EDGE('',*,*,#841,.T.);
#1133=ORIENTED_EDGE('',*,*,#837,.F.);
#1134=ORIENTED_EDGE('',*,*,#842,.T.);
#1135=ORIENTED_EDGE('',*,*,#843,.T.);
#1136=ORIENTED_EDGE('',*,*,#844,.T.);
#1137=ORIENTED_EDGE('',*,*,#840,.F.);
#1138=ORIENTED_EDGE('',*,*,#845,.T.);
#1139=ORIENTED_EDGE('',*,*,#846,.T.);
#1140=ORIENTED_EDGE('',*,*,#847,.T.);
#1141=ORIENTED_EDGE('',*,*,#843,.F.);
#1142=ORIENTED_EDGE('',*,*,#848,.T.);
#1143=ORIENTED_EDGE('',*,*,#849,.T.);
#1144=ORIENTED_EDGE('',*,*,#850,.T.);
#1145=ORIENTED_EDGE('',*,*,#846,.F.);
#1146=ORIENTED_EDGE('',*,*,#851,.T.);
#1147=ORIENTED_EDGE('',*,*,#852,.T.);
#1148=ORIENTED_EDGE('',*,*,#853,.T.);
#1149=ORIENTED_EDGE('',*,*,#849,.F.);
#1150=ORIENTED_EDGE('',*,*,#854,.T.);
#1151=ORIENTED_EDGE('',*,*,#855,.T.);
#1152=ORIENTED_EDGE('',*,*,#856,.T.);
#1153=ORIENTED_EDGE('',*,*,#852,.F.);
#1154=ORIENTED_EDGE('',*,*,#857,.T.);
#1155=ORIENTED_EDGE('',*,*,#858,.T.);
#1156=ORIENTED_EDGE('',*,*,#859,.T.);
#1157=ORIENTED_EDGE('',*,*,#855,.F.);
#1158=ORIENTED_EDGE('',*,*,#860,.T.);
#1159=ORIENTED_EDGE('',*,*,#861,.T.);
#1160=ORIENTED_EDGE('',*,*,#862,.T.);
#1161=ORIENTED_EDGE('',*,*,#858,.F.);
#1162=ORIENTED_EDGE('',*,*,#863,.T.);
#1163=ORIENTED_EDGE('',*,*,#864,.T.);
#1164=ORIENTED_EDGE('',*,*,#865,.T.);
#1165=ORIENTED_EDGE('',*,*,#861,.F.);
#1166=ORIENTED_EDGE('',*,*,#866,.T.);
#1167=ORIENTED_EDGE('',*,*,#867,.T.);
#1168=ORIENTED_EDGE('',*,*,#868,.T.);
#1169=ORIENTED_EDGE('',*,*,#864,.F.);
#1170=ORIENTED_EDGE('',*,*,#869,.T.);
#1171=ORIENTED_EDGE('',*,*,#870,.T.);
#1172=ORIENTED_EDGE('',*,*,#871,.T.);
#1173=ORIENTED_EDGE('',*,*,#867,.F.);
#1174=ORIENTED_EDGE('',*,*,#872,.T.);
#1175=ORIENTED_EDGE('',*,*,#825,.F.);
#1176=ORIENTED_EDGE('',*,*,#873,.T.);
#1177=ORIENTED_EDGE('',*,*,#870,.F.);
#1178=ORIENTED_EDGE('',*,*,#874,.T.);
#1179=ORIENTED_EDGE('',*,*,#875,.T.);
#1180=ORIENTED_EDGE('',*,*,#876,.T.);
#1181=ORIENTED_EDGE('',*,*,#822,.F.);
#1182=ORIENTED_EDGE('',*,*,#877,.T.);
#1183=ORIENTED_EDGE('',*,*,#878,.T.);
#1184=ORIENTED_EDGE('',*,*,#879,.T.);
#1185=ORIENTED_EDGE('',*,*,#875,.F.);
#1186=ORIENTED_EDGE('',*,*,#880,.T.);
#1187=ORIENTED_EDGE('',*,*,#881,.T.);
#1188=ORIENTED_EDGE('',*,*,#882,.T.);
#1189=ORIENTED_EDGE('',*,*,#878,.F.);
#1190=ORIENTED_EDGE('',*,*,#883,.T.);
#1191=ORIENTED_EDGE('',*,*,#884,.T.);
#1192=ORIENTED_EDGE('',*,*,#885,.T.);
#1193=ORIENTED_EDGE('',*,*,#881,.F.);
#1194=ORIENTED_EDGE('',*,*,#886,.T.);
#1195=ORIENTED_EDGE('',*,*,#887,.T.);
#1196=ORIENTED_EDGE('',*,*,#888,.T.);
#1197=ORIENTED_EDGE('',*,*,#884,.F.);
#1198=ORIENTED_EDGE('',*,*,#889,.T.);
#1199=ORIENTED_EDGE('',*,*,#890,.T.);
#1200=ORIENTED_EDGE('',*,*,#887,.F.);
#1201=ORIENTED_EDGE('',*,*,#891,.T.);
#1202=ORIENTED_EDGE('',*,*,#830,.T.);
#1203=ORIENTED_EDGE('',*,*,#868,.F.);
#1204=ORIENTED_EDGE('',*,*,#892,.F.);
#1205=ORIENTED_EDGE('',*,*,#893,.F.);
#1206=ORIENTED_EDGE('',*,*,#894,.T.);
#1207=ORIENTED_EDGE('',*,*,#871,.F.);
#1208=ORIENTED_EDGE('',*,*,#895,.F.);
#1209=ORIENTED_EDGE('',*,*,#896,.T.);
#1210=ORIENTED_EDGE('',*,*,#892,.T.);
#1211=ORIENTED_EDGE('',*,*,#873,.F.);
#1212=ORIENTED_EDGE('',*,*,#897,.F.);
#1213=ORIENTED_EDGE('',*,*,#898,.T.);
#1214=ORIENTED_EDGE('',*,*,#895,.T.);
#1215=ORIENTED_EDGE('',*,*,#824,.F.);
#1216=ORIENTED_EDGE('',*,*,#899,.F.);
#1217=ORIENTED_EDGE('',*,*,#900,.T.);
#1218=ORIENTED_EDGE('',*,*,#897,.T.);
#1219=ORIENTED_EDGE('',*,*,#823,.F.);
#1220=ORIENTED_EDGE('',*,*,#901,.F.);
#1221=ORIENTED_EDGE('',*,*,#902,.T.);
#1222=ORIENTED_EDGE('',*,*,#899,.T.);
#1223=ORIENTED_EDGE('',*,*,#876,.F.);
#1224=ORIENTED_EDGE('',*,*,#903,.F.);
#1225=ORIENTED_EDGE('',*,*,#904,.F.);
#1226=ORIENTED_EDGE('',*,*,#901,.T.);
#1227=ORIENTED_EDGE('',*,*,#879,.F.);
#1228=ORIENTED_EDGE('',*,*,#905,.F.);
#1229=ORIENTED_EDGE('',*,*,#906,.F.);
#1230=ORIENTED_EDGE('',*,*,#903,.T.);
#1231=ORIENTED_EDGE('',*,*,#882,.F.);
#1232=ORIENTED_EDGE('',*,*,#907,.F.);
#1233=ORIENTED_EDGE('',*,*,#908,.T.);
#1234=ORIENTED_EDGE('',*,*,#905,.T.);
#1235=ORIENTED_EDGE('',*,*,#885,.F.);
#1236=ORIENTED_EDGE('',*,*,#909,.F.);
#1237=ORIENTED_EDGE('',*,*,#910,.T.);
#1238=ORIENTED_EDGE('',*,*,#907,.T.);
#1239=ORIENTED_EDGE('',*,*,#888,.F.);
#1240=ORIENTED_EDGE('',*,*,#911,.F.);
#1241=ORIENTED_EDGE('',*,*,#912,.T.);
#1242=ORIENTED_EDGE('',*,*,#909,.T.);
#1243=ORIENTED_EDGE('',*,*,#890,.F.);
#1244=ORIENTED_EDGE('',*,*,#913,.F.);
#1245=ORIENTED_EDGE('',*,*,#819,.T.);
#1246=ORIENTED_EDGE('',*,*,#911,.T.);
#1247=ORIENTED_EDGE('',*,*,#829,.F.);
#1248=ORIENTED_EDGE('',*,*,#914,.F.);
#1249=ORIENTED_EDGE('',*,*,#817,.T.);
#1250=ORIENTED_EDGE('',*,*,#913,.T.);
#1251=ORIENTED_EDGE('',*,*,#827,.F.);
#1252=ORIENTED_EDGE('',*,*,#891,.F.);
#1253=ORIENTED_EDGE('',*,*,#889,.F.);
#1254=ORIENTED_EDGE('',*,*,#886,.F.);
#1255=ORIENTED_EDGE('',*,*,#883,.F.);
#1256=ORIENTED_EDGE('',*,*,#880,.F.);
#1257=ORIENTED_EDGE('',*,*,#877,.F.);
#1258=ORIENTED_EDGE('',*,*,#821,.F.);
#1259=ORIENTED_EDGE('',*,*,#826,.F.);
#1260=ORIENTED_EDGE('',*,*,#874,.F.);
#1261=ORIENTED_EDGE('',*,*,#872,.F.);
#1262=ORIENTED_EDGE('',*,*,#869,.F.);
#1263=ORIENTED_EDGE('',*,*,#866,.F.);
#1264=ORIENTED_EDGE('',*,*,#863,.F.);
#1265=ORIENTED_EDGE('',*,*,#860,.F.);
#1266=ORIENTED_EDGE('',*,*,#857,.F.);
#1267=ORIENTED_EDGE('',*,*,#854,.F.);
#1268=ORIENTED_EDGE('',*,*,#851,.F.);
#1269=ORIENTED_EDGE('',*,*,#848,.F.);
#1270=ORIENTED_EDGE('',*,*,#845,.F.);
#1271=ORIENTED_EDGE('',*,*,#842,.F.);
#1272=ORIENTED_EDGE('',*,*,#839,.F.);
#1273=ORIENTED_EDGE('',*,*,#836,.F.);
#1274=ORIENTED_EDGE('',*,*,#833,.F.);
#1275=ORIENTED_EDGE('',*,*,#735,.F.);
#1276=ORIENTED_EDGE('',*,*,#915,.F.);
#1277=ORIENTED_EDGE('',*,*,#912,.F.);
#1278=ORIENTED_EDGE('',*,*,#818,.T.);
#1279=ORIENTED_EDGE('',*,*,#738,.F.);
#1280=ORIENTED_EDGE('',*,*,#916,.F.);
#1281=ORIENTED_EDGE('',*,*,#910,.F.);
#1282=ORIENTED_EDGE('',*,*,#915,.T.);
#1283=ORIENTED_EDGE('',*,*,#741,.F.);
#1284=ORIENTED_EDGE('',*,*,#917,.F.);
#1285=ORIENTED_EDGE('',*,*,#908,.F.);
#1286=ORIENTED_EDGE('',*,*,#916,.T.);
#1287=ORIENTED_EDGE('',*,*,#744,.F.);
#1288=ORIENTED_EDGE('',*,*,#918,.F.);
#1289=ORIENTED_EDGE('',*,*,#906,.T.);
#1290=ORIENTED_EDGE('',*,*,#917,.T.);
#1291=ORIENTED_EDGE('',*,*,#747,.F.);
#1292=ORIENTED_EDGE('',*,*,#919,.F.);
#1293=ORIENTED_EDGE('',*,*,#904,.T.);
#1294=ORIENTED_EDGE('',*,*,#918,.T.);
#1295=ORIENTED_EDGE('',*,*,#749,.F.);
#1296=ORIENTED_EDGE('',*,*,#920,.F.);
#1297=ORIENTED_EDGE('',*,*,#902,.F.);
#1298=ORIENTED_EDGE('',*,*,#919,.T.);
#1299=ORIENTED_EDGE('',*,*,#727,.F.);
#1300=ORIENTED_EDGE('',*,*,#921,.F.);
#1301=ORIENTED_EDGE('',*,*,#900,.F.);
#1302=ORIENTED_EDGE('',*,*,#920,.T.);
#1303=ORIENTED_EDGE('',*,*,#726,.F.);
#1304=ORIENTED_EDGE('',*,*,#922,.F.);
#1305=ORIENTED_EDGE('',*,*,#898,.F.);
#1306=ORIENTED_EDGE('',*,*,#921,.T.);
#1307=ORIENTED_EDGE('',*,*,#752,.F.);
#1308=ORIENTED_EDGE('',*,*,#923,.F.);
#1309=ORIENTED_EDGE('',*,*,#896,.F.);
#1310=ORIENTED_EDGE('',*,*,#922,.T.);
#1311=ORIENTED_EDGE('',*,*,#755,.F.);
#1312=ORIENTED_EDGE('',*,*,#924,.F.);
#1313=ORIENTED_EDGE('',*,*,#893,.T.);
#1314=ORIENTED_EDGE('',*,*,#923,.T.);
#1315=ORIENTED_EDGE('',*,*,#758,.F.);
#1316=ORIENTED_EDGE('',*,*,#925,.F.);
#1317=ORIENTED_EDGE('',*,*,#926,.T.);
#1318=ORIENTED_EDGE('',*,*,#924,.T.);
#1319=ORIENTED_EDGE('',*,*,#761,.F.);
#1320=ORIENTED_EDGE('',*,*,#797,.F.);
#1321=ORIENTED_EDGE('',*,*,#927,.T.);
#1322=ORIENTED_EDGE('',*,*,#925,.T.);
#1323=ORIENTED_EDGE('',*,*,#835,.F.);
#1324=ORIENTED_EDGE('',*,*,#928,.F.);
#1325=ORIENTED_EDGE('',*,*,#813,.T.);
#1326=ORIENTED_EDGE('',*,*,#929,.T.);
#1327=ORIENTED_EDGE('',*,*,#838,.F.);
#1328=ORIENTED_EDGE('',*,*,#930,.F.);
#1329=ORIENTED_EDGE('',*,*,#811,.T.);
#1330=ORIENTED_EDGE('',*,*,#928,.T.);
#1331=ORIENTED_EDGE('',*,*,#841,.F.);
#1332=ORIENTED_EDGE('',*,*,#931,.F.);
#1333=ORIENTED_EDGE('',*,*,#809,.F.);
#1334=ORIENTED_EDGE('',*,*,#930,.T.);
#1335=ORIENTED_EDGE('',*,*,#844,.F.);
#1336=ORIENTED_EDGE('',*,*,#932,.F.);
#1337=ORIENTED_EDGE('',*,*,#807,.T.);
#1338=ORIENTED_EDGE('',*,*,#931,.T.);
#1339=ORIENTED_EDGE('',*,*,#847,.F.);
#1340=ORIENTED_EDGE('',*,*,#933,.F.);
#1341=ORIENTED_EDGE('',*,*,#805,.T.);
#1342=ORIENTED_EDGE('',*,*,#932,.T.);
#1343=ORIENTED_EDGE('',*,*,#850,.F.);
#1344=ORIENTED_EDGE('',*,*,#934,.F.);
#1345=ORIENTED_EDGE('',*,*,#803,.T.);
#1346=ORIENTED_EDGE('',*,*,#933,.T.);
#1347=ORIENTED_EDGE('',*,*,#853,.F.);
#1348=ORIENTED_EDGE('',*,*,#935,.F.);
#1349=ORIENTED_EDGE('',*,*,#801,.T.);
#1350=ORIENTED_EDGE('',*,*,#934,.T.);
#1351=ORIENTED_EDGE('',*,*,#856,.F.);
#1352=ORIENTED_EDGE('',*,*,#936,.F.);
#1353=ORIENTED_EDGE('',*,*,#799,.T.);
#1354=ORIENTED_EDGE('',*,*,#935,.T.);
#1355=ORIENTED_EDGE('',*,*,#859,.F.);
#1356=ORIENTED_EDGE('',*,*,#937,.F.);
#1357=ORIENTED_EDGE('',*,*,#796,.T.);
#1358=ORIENTED_EDGE('',*,*,#936,.T.);
#1359=ORIENTED_EDGE('',*,*,#862,.F.);
#1360=ORIENTED_EDGE('',*,*,#938,.F.);
#1361=ORIENTED_EDGE('',*,*,#927,.F.);
#1362=ORIENTED_EDGE('',*,*,#937,.T.);
#1363=ORIENTED_EDGE('',*,*,#865,.F.);
#1364=ORIENTED_EDGE('',*,*,#894,.F.);
#1365=ORIENTED_EDGE('',*,*,#926,.F.);
#1366=ORIENTED_EDGE('',*,*,#938,.T.);
#1367=ORIENTED_EDGE('',*,*,#832,.F.);
#1368=ORIENTED_EDGE('',*,*,#929,.F.);
#1369=ORIENTED_EDGE('',*,*,#815,.T.);
#1370=ORIENTED_EDGE('',*,*,#914,.T.);
#1371=CYLINDRICAL_SURFACE('',#1503,1.);
#1372=CYLINDRICAL_SURFACE('',#1506,1.);
#1373=CYLINDRICAL_SURFACE('',#1508,1.);
#1374=CYLINDRICAL_SURFACE('',#1514,1.);
#1375=CYLINDRICAL_SURFACE('',#1528,1.);
#1376=CYLINDRICAL_SURFACE('',#1545,1.);
#1377=CYLINDRICAL_SURFACE('',#1550,1.);
#1378=CYLINDRICAL_SURFACE('',#1556,1.);
#1379=CYLINDRICAL_SURFACE('',#1564,1.);
#1380=CYLINDRICAL_SURFACE('',#1570,1.);
#1381=CYLINDRICAL_SURFACE('',#1588,1.);
#1382=CYLINDRICAL_SURFACE('',#1591,1.);
#1383=CYLINDRICAL_SURFACE('',#1593,1.);
#1384=CYLINDRICAL_SURFACE('',#1600,1.);
#1385=CYLINDRICAL_SURFACE('',#1608,1.);
#1386=CYLINDRICAL_SURFACE('',#1614,1.);
#1387=CYLINDRICAL_SURFACE('',#1619,1.);
#1388=CYLINDRICAL_SURFACE('',#1637,1.);
#1389=CYLINDRICAL_SURFACE('',#1650,1.);
#1390=CYLINDRICAL_SURFACE('',#1655,1.);
#1391=ADVANCED_FACE('',(#104),#1371,.T.);
#1392=ADVANCED_FACE('',(#105),#1372,.T.);
#1393=ADVANCED_FACE('',(#106),#1373,.T.);
#1394=ADVANCED_FACE('',(#107),#98,.F.);
#1395=ADVANCED_FACE('',(#108),#1374,.T.);
#1396=ADVANCED_FACE('',(#109),#78,.T.);
#1397=ADVANCED_FACE('',(#110),#79,.T.);
#1398=ADVANCED_FACE('',(#111),#80,.T.);
#1399=ADVANCED_FACE('',(#112),#1375,.T.);
#1400=ADVANCED_FACE('',(#113),#81,.T.);
#1401=ADVANCED_FACE('',(#114),#82,.T.);
#1402=ADVANCED_FACE('',(#115),#83,.T.);
#1403=ADVANCED_FACE('',(#116),#84,.T.);
#1404=ADVANCED_FACE('',(#117),#1376,.T.);
#1405=ADVANCED_FACE('',(#118),#99,.F.);
#1406=ADVANCED_FACE('',(#119),#1377,.T.);
#1407=ADVANCED_FACE('',(#120),#85,.T.);
#1408=ADVANCED_FACE('',(#121),#1378,.T.);
#1409=ADVANCED_FACE('',(#122),#72,.F.);
#1410=ADVANCED_FACE('',(#123),#73,.F.);
#1411=ADVANCED_FACE('',(#124),#86,.T.);
#1412=ADVANCED_FACE('',(#125),#1379,.T.);
#1413=ADVANCED_FACE('',(#126),#87,.T.);
#1414=ADVANCED_FACE('',(#127),#1380,.T.);
#1415=ADVANCED_FACE('',(#128),#41,.T.);
#1416=ADVANCED_FACE('',(#129),#15,.T.);
#1417=ADVANCED_FACE('',(#130),#42,.T.);
#1418=ADVANCED_FACE('',(#131),#16,.T.);
#1419=ADVANCED_FACE('',(#132),#43,.T.);
#1420=ADVANCED_FACE('',(#133),#74,.T.);
#1421=ADVANCED_FACE('',(#134),#17,.T.);
#1422=ADVANCED_FACE('',(#135),#18,.T.);
#1423=ADVANCED_FACE('',(#136),#44,.T.);
#1424=ADVANCED_FACE('',(#137),#19,.T.);
#1425=ADVANCED_FACE('',(#138),#45,.T.);
#1426=ADVANCED_FACE('',(#139),#46,.T.);
#1427=ADVANCED_FACE('',(#140),#47,.F.);
#1428=ADVANCED_FACE('',(#141),#1381,.T.);
#1429=ADVANCED_FACE('',(#142),#1382,.T.);
#1430=ADVANCED_FACE('',(#143),#1383,.T.);
#1431=ADVANCED_FACE('',(#144),#88,.T.);
#1432=ADVANCED_FACE('',(#145),#1384,.T.);
#1433=ADVANCED_FACE('',(#146),#89,.T.);
#1434=ADVANCED_FACE('',(#147),#75,.F.);
#1435=ADVANCED_FACE('',(#148),#76,.F.);
#1436=ADVANCED_FACE('',(#149),#1385,.T.);
#1437=ADVANCED_FACE('',(#150),#90,.T.);
#1438=ADVANCED_FACE('',(#151),#1386,.T.);
#1439=ADVANCED_FACE('',(#152),#100,.F.);
#1440=ADVANCED_FACE('',(#153),#1387,.T.);
#1441=ADVANCED_FACE('',(#154),#91,.T.);
#1442=ADVANCED_FACE('',(#155),#92,.T.);
#1443=ADVANCED_FACE('',(#156),#93,.T.);
#1444=ADVANCED_FACE('',(#157),#94,.T.);
#1445=ADVANCED_FACE('',(#158),#1388,.T.);
#1446=ADVANCED_FACE('',(#159),#95,.T.);
#1447=ADVANCED_FACE('',(#160),#96,.T.);
#1448=ADVANCED_FACE('',(#161),#97,.T.);
#1449=ADVANCED_FACE('',(#162),#1389,.T.);
#1450=ADVANCED_FACE('',(#163),#101,.F.);
#1451=ADVANCED_FACE('',(#164),#1390,.T.);
#1452=ADVANCED_FACE('',(#165),#20,.F.);
#1453=ADVANCED_FACE('',(#166),#21,.T.);
#1454=ADVANCED_FACE('',(#167),#48,.T.);
#1455=ADVANCED_FACE('',(#168),#49,.T.);
#1456=ADVANCED_FACE('',(#169),#50,.T.);
#1457=ADVANCED_FACE('',(#170),#22,.F.);
#1458=ADVANCED_FACE('',(#171),#23,.F.);
#1459=ADVANCED_FACE('',(#172),#24,.T.);
#1460=ADVANCED_FACE('',(#173),#51,.T.);
#1461=ADVANCED_FACE('',(#174),#25,.T.);
#1462=ADVANCED_FACE('',(#175),#52,.T.);
#1463=ADVANCED_FACE('',(#176),#53,.T.);
#1464=ADVANCED_FACE('',(#177),#54,.T.);
#1465=ADVANCED_FACE('',(#178),#26,.T.);
#1466=ADVANCED_FACE('',(#179),#55,.T.);
#1467=ADVANCED_FACE('',(#180),#27,.T.);
#1468=ADVANCED_FACE('',(#181),#28,.F.);
#1469=ADVANCED_FACE('',(#182),#29,.F.);
#1470=ADVANCED_FACE('',(#183),#56,.T.);
#1471=ADVANCED_FACE('',(#184),#57,.T.);
#1472=ADVANCED_FACE('',(#185),#58,.T.);
#1473=ADVANCED_FACE('',(#186),#30,.T.);
#1474=ADVANCED_FACE('',(#187),#31,.F.);
#1475=ADVANCED_FACE('',(#188),#32,.F.);
#1476=ADVANCED_FACE('',(#189),#33,.F.);
#1477=ADVANCED_FACE('',(#190),#59,.T.);
#1478=ADVANCED_FACE('',(#191),#34,.T.);
#1479=ADVANCED_FACE('',(#192),#35,.T.);
#1480=ADVANCED_FACE('',(#193),#77,.T.);
#1481=ADVANCED_FACE('',(#194),#60,.T.);
#1482=ADVANCED_FACE('',(#195),#36,.T.);
#1483=ADVANCED_FACE('',(#196),#61,.T.);
#1484=ADVANCED_FACE('',(#197),#37,.T.);
#1485=ADVANCED_FACE('',(#198),#62,.T.);
#1486=ADVANCED_FACE('',(#199),#38,.F.);
#1487=ADVANCED_FACE('',(#200),#39,.F.);
#1488=ADVANCED_FACE('',(#201),#40,.T.);
#1489=CLOSED_SHELL('',(#1391,#1392,#1393,#1394,#1395,#1396,#1397,#1398,
#1399,#1400,#1401,#1402,#1403,#1404,#1405,#1406,#1407,#1408,#1409,#1410,
#1411,#1412,#1413,#1414,#1415,#1416,#1417,#1418,#1419,#1420,#1421,#1422,
#1423,#1424,#1425,#1426,#1427,#1428,#1429,#1430,#1431,#1432,#1433,#1434,
#1435,#1436,#1437,#1438,#1439,#1440,#1441,#1442,#1443,#1444,#1445,#1446,
#1447,#1448,#1449,#1450,#1451,#1452,#1453,#1454,#1455,#1456,#1457,#1458,
#1459,#1460,#1461,#1462,#1463,#1464,#1465,#1466,#1467,#1468,#1469,#1470,
#1471,#1472,#1473,#1474,#1475,#1476,#1477,#1478,#1479,#1480,#1481,#1482,
#1483,#1484,#1485,#1486,#1487,#1488));
#1490=DERIVED_UNIT_ELEMENT(#1492,1.);
#1491=DERIVED_UNIT_ELEMENT(#2922,-3.);
#1492=(
MASS_UNIT()
NAMED_UNIT(*)
SI_UNIT(.KILO.,.GRAM.)
);
#1493=DERIVED_UNIT((#1490,#1491));
#1494=MEASURE_REPRESENTATION_ITEM('density measure',
POSITIVE_RATIO_MEASURE(7850.),#1493);
#1495=PROPERTY_DEFINITION_REPRESENTATION(#1500,#1497);
#1496=PROPERTY_DEFINITION_REPRESENTATION(#1501,#1498);
#1497=REPRESENTATION('material name',(#1499),#2919);
#1498=REPRESENTATION('density',(#1494),#2919);
#1499=DESCRIPTIVE_REPRESENTATION_ITEM('Steel','Steel');
#1500=PROPERTY_DEFINITION('material property','material name',#2929);
#1501=PROPERTY_DEFINITION('material property','density of part',#2929);
#1502=AXIS2_PLACEMENT_3D('',#2194,#1700,#1701);
#1503=AXIS2_PLACEMENT_3D('',#2195,#1702,#1703);
#1504=AXIS2_PLACEMENT_3D('',#2198,#1704,#1705);
#1505=AXIS2_PLACEMENT_3D('',#2202,#1707,#1708);
#1506=AXIS2_PLACEMENT_3D('',#2204,#1710,#1711);
#1507=AXIS2_PLACEMENT_3D('',#2208,#1713,#1714);
#1508=AXIS2_PLACEMENT_3D('',#2210,#1716,#1717);
#1509=AXIS2_PLACEMENT_3D('',#2215,#1719,#1720);
#1510=AXIS2_PLACEMENT_3D('',#2218,#1722,#1723);
#1511=AXIS2_PLACEMENT_3D('',#2236,#1724,#1725);
#1512=AXIS2_PLACEMENT_3D('',#2237,#1726,#1727);
#1513=AXIS2_PLACEMENT_3D('',#2238,#1728,#1729);
#1514=AXIS2_PLACEMENT_3D('',#2239,#1730,#1731);
#1515=AXIS2_PLACEMENT_3D('',#2242,#1732,#1733);
#1516=AXIS2_PLACEMENT_3D('',#2245,#1736,#1737);
#1517=AXIS2_PLACEMENT_3D('',#2248,#1738,#1739);
#1518=AXIS2_PLACEMENT_3D('',#2249,#1740,#1741);
#1519=AXIS2_PLACEMENT_3D('',#2250,#1742,#1743);
#1520=AXIS2_PLACEMENT_3D('',#2251,#1744,#1745);
#1521=AXIS2_PLACEMENT_3D('',#2254,#1746,#1747);
#1522=AXIS2_PLACEMENT_3D('',#2255,#1748,#1749);
#1523=AXIS2_PLACEMENT_3D('',#2256,#1750,#1751);
#1524=AXIS2_PLACEMENT_3D('',#2257,#1752,#1753);
#1525=AXIS2_PLACEMENT_3D('',#2260,#1754,#1755);
#1526=AXIS2_PLACEMENT_3D('',#2261,#1756,#1757);
#1527=AXIS2_PLACEMENT_3D('',#2262,#1758,#1759);
#1528=AXIS2_PLACEMENT_3D('',#2263,#1760,#1761);
#1529=AXIS2_PLACEMENT_3D('',#2266,#1764,#1765);
#1530=AXIS2_PLACEMENT_3D('',#2269,#1766,#1767);
#1531=AXIS2_PLACEMENT_3D('',#2270,#1768,#1769);
#1532=AXIS2_PLACEMENT_3D('',#2271,#1770,#1771);
#1533=AXIS2_PLACEMENT_3D('',#2272,#1772,#1773);
#1534=AXIS2_PLACEMENT_3D('',#2275,#1774,#1775);
#1535=AXIS2_PLACEMENT_3D('',#2276,#1776,#1777);
#1536=AXIS2_PLACEMENT_3D('',#2277,#1778,#1779);
#1537=AXIS2_PLACEMENT_3D('',#2278,#1780,#1781);
#1538=AXIS2_PLACEMENT_3D('',#2281,#1782,#1783);
#1539=AXIS2_PLACEMENT_3D('',#2282,#1784,#1785);
#1540=AXIS2_PLACEMENT_3D('',#2283,#1786,#1787);
#1541=AXIS2_PLACEMENT_3D('',#2284,#1788,#1789);
#1542=AXIS2_PLACEMENT_3D('',#2287,#1790,#1791);
#1543=AXIS2_PLACEMENT_3D('',#2288,#1792,#1793);
#1544=AXIS2_PLACEMENT_3D('',#2289,#1794,#1795);
#1545=AXIS2_PLACEMENT_3D('',#2290,#1796,#1797);
#1546=AXIS2_PLACEMENT_3D('',#2293,#1798,#1799);
#1547=AXIS2_PLACEMENT_3D('',#2313,#1802,#1803);
#1548=AXIS2_PLACEMENT_3D('',#2314,#1804,#1805);
#1549=AXIS2_PLACEMENT_3D('',#2315,#1806,#1807);
#1550=AXIS2_PLACEMENT_3D('',#2316,#1808,#1809);
#1551=AXIS2_PLACEMENT_3D('',#2319,#1810,#1811);
#1552=AXIS2_PLACEMENT_3D('',#2322,#1814,#1815);
#1553=AXIS2_PLACEMENT_3D('',#2325,#1816,#1817);
#1554=AXIS2_PLACEMENT_3D('',#2326,#1818,#1819);
#1555=AXIS2_PLACEMENT_3D('',#2327,#1820,#1821);
#1556=AXIS2_PLACEMENT_3D('',#2328,#1822,#1823);
#1557=AXIS2_PLACEMENT_3D('',#2331,#1824,#1825);
#1558=AXIS2_PLACEMENT_3D('',#2381,#1828,#1829);
#1559=AXIS2_PLACEMENT_3D('',#2427,#1830,#1831);
#1560=AXIS2_PLACEMENT_3D('',#2438,#1832,#1833);
#1561=AXIS2_PLACEMENT_3D('',#2441,#1834,#1835);
#1562=AXIS2_PLACEMENT_3D('',#2442,#1836,#1837);
#1563=AXIS2_PLACEMENT_3D('',#2443,#1838,#1839);
#1564=AXIS2_PLACEMENT_3D('',#2444,#1840,#1841);
#1565=AXIS2_PLACEMENT_3D('',#2447,#1842,#1843);
#1566=AXIS2_PLACEMENT_3D('',#2450,#1846,#1847);
#1567=AXIS2_PLACEMENT_3D('',#2453,#1848,#1849);
#1568=AXIS2_PLACEMENT_3D('',#2454,#1850,#1851);
#1569=AXIS2_PLACEMENT_3D('',#2455,#1852,#1853);
#1570=AXIS2_PLACEMENT_3D('',#2456,#1854,#1855);
#1571=AXIS2_PLACEMENT_3D('',#2459,#1858,#1859);
#1572=AXIS2_PLACEMENT_3D('',#2465,#1863,#1864);
#1573=AXIS2_PLACEMENT_3D('',#2468,#1866,#1867);
#1574=AXIS2_PLACEMENT_3D('',#2469,#1868,#1869);
#1575=AXIS2_PLACEMENT_3D('',#2473,#1872,#1873);
#1576=AXIS2_PLACEMENT_3D('',#2476,#1875,#1876);
#1577=AXIS2_PLACEMENT_3D('',#2477,#1877,#1878);
#1578=AXIS2_PLACEMENT_3D('',#2517,#1882,#1883);
#1579=AXIS2_PLACEMENT_3D('',#2520,#1885,#1886);
#1580=AXIS2_PLACEMENT_3D('',#2521,#1887,#1888);
#1581=AXIS2_PLACEMENT_3D('',#2524,#1890,#1891);
#1582=AXIS2_PLACEMENT_3D('',#2525,#1892,#1893);
#1583=AXIS2_PLACEMENT_3D('',#2529,#1896,#1897);
#1584=AXIS2_PLACEMENT_3D('',#2532,#1899,#1900);
#1585=AXIS2_PLACEMENT_3D('',#2533,#1901,#1902);
#1586=AXIS2_PLACEMENT_3D('',#2537,#1905,#1906);
#1587=AXIS2_PLACEMENT_3D('',#2541,#1909,#1910);
#1588=AXIS2_PLACEMENT_3D('',#2542,#1911,#1912);
#1589=AXIS2_PLACEMENT_3D('',#2545,#1913,#1914);
#1590=AXIS2_PLACEMENT_3D('',#2549,#1916,#1917);
#1591=AXIS2_PLACEMENT_3D('',#2551,#1919,#1920);
#1592=AXIS2_PLACEMENT_3D('',#2555,#1922,#1923);
#1593=AXIS2_PLACEMENT_3D('',#2557,#1925,#1926);
#1594=AXIS2_PLACEMENT_3D('',#2562,#1928,#1929);
#1595=AXIS2_PLACEMENT_3D('',#2565,#1931,#1932);
#1596=AXIS2_PLACEMENT_3D('',#2566,#1933,#1934);
#1597=AXIS2_PLACEMENT_3D('',#2569,#1935,#1936);
#1598=AXIS2_PLACEMENT_3D('',#2570,#1937,#1938);
#1599=AXIS2_PLACEMENT_3D('',#2571,#1939,#1940);
#1600=AXIS2_PLACEMENT_3D('',#2572,#1941,#1942);
#1601=AXIS2_PLACEMENT_3D('',#2575,#1943,#1944);
#1602=AXIS2_PLACEMENT_3D('',#2578,#1947,#1948);
#1603=AXIS2_PLACEMENT_3D('',#2581,#1949,#1950);
#1604=AXIS2_PLACEMENT_3D('',#2582,#1951,#1952);
#1605=AXIS2_PLACEMENT_3D('',#2583,#1953,#1954);
#1606=AXIS2_PLACEMENT_3D('',#2611,#1955,#1956);
#1607=AXIS2_PLACEMENT_3D('',#2664,#1957,#1958);
#1608=AXIS2_PLACEMENT_3D('',#2681,#1959,#1960);
#1609=AXIS2_PLACEMENT_3D('',#2684,#1961,#1962);
#1610=AXIS2_PLACEMENT_3D('',#2687,#1965,#1966);
#1611=AXIS2_PLACEMENT_3D('',#2690,#1967,#1968);
#1612=AXIS2_PLACEMENT_3D('',#2691,#1969,#1970);
#1613=AXIS2_PLACEMENT_3D('',#2692,#1971,#1972);
#1614=AXIS2_PLACEMENT_3D('',#2693,#1973,#1974);
#1615=AXIS2_PLACEMENT_3D('',#2696,#1975,#1976);
#1616=AXIS2_PLACEMENT_3D('',#2716,#1979,#1980);
#1617=AXIS2_PLACEMENT_3D('',#2717,#1981,#1982);
#1618=AXIS2_PLACEMENT_3D('',#2718,#1983,#1984);
#1619=AXIS2_PLACEMENT_3D('',#2719,#1985,#1986);
#1620=AXIS2_PLACEMENT_3D('',#2722,#1987,#1988);
#1621=AXIS2_PLACEMENT_3D('',#2725,#1991,#1992);
#1622=AXIS2_PLACEMENT_3D('',#2728,#1993,#1994);
#1623=AXIS2_PLACEMENT_3D('',#2729,#1995,#1996);
#1624=AXIS2_PLACEMENT_3D('',#2730,#1997,#1998);
#1625=AXIS2_PLACEMENT_3D('',#2731,#1999,#2000);
#1626=AXIS2_PLACEMENT_3D('',#2734,#2001,#2002);
#1627=AXIS2_PLACEMENT_3D('',#2735,#2003,#2004);
#1628=AXIS2_PLACEMENT_3D('',#2736,#2005,#2006);
#1629=AXIS2_PLACEMENT_3D('',#2737,#2007,#2008);
#1630=AXIS2_PLACEMENT_3D('',#2740,#2009,#2010);
#1631=AXIS2_PLACEMENT_3D('',#2741,#2011,#2012);
#1632=AXIS2_PLACEMENT_3D('',#2742,#2013,#2014);
#1633=AXIS2_PLACEMENT_3D('',#2743,#2015,#2016);
#1634=AXIS2_PLACEMENT_3D('',#2746,#2017,#2018);
#1635=AXIS2_PLACEMENT_3D('',#2747,#2019,#2020);
#1636=AXIS2_PLACEMENT_3D('',#2748,#2021,#2022);
#1637=AXIS2_PLACEMENT_3D('',#2749,#2023,#2024);
#1638=AXIS2_PLACEMENT_3D('',#2752,#2027,#2028);
#1639=AXIS2_PLACEMENT_3D('',#2755,#2029,#2030);
#1640=AXIS2_PLACEMENT_3D('',#2756,#2031,#2032);
#1641=AXIS2_PLACEMENT_3D('',#2757,#2033,#2034);
#1642=AXIS2_PLACEMENT_3D('',#2758,#2035,#2036);
#1643=AXIS2_PLACEMENT_3D('',#2761,#2037,#2038);
#1644=AXIS2_PLACEMENT_3D('',#2762,#2039,#2040);
#1645=AXIS2_PLACEMENT_3D('',#2763,#2041,#2042);
#1646=AXIS2_PLACEMENT_3D('',#2764,#2043,#2044);
#1647=AXIS2_PLACEMENT_3D('',#2767,#2045,#2046);
#1648=AXIS2_PLACEMENT_3D('',#2768,#2047,#2048);
#1649=AXIS2_PLACEMENT_3D('',#2769,#2049,#2050);
#1650=AXIS2_PLACEMENT_3D('',#2770,#2051,#2052);
#1651=AXIS2_PLACEMENT_3D('',#2773,#2053,#2054);
#1652=AXIS2_PLACEMENT_3D('',#2793,#2057,#2058);
#1653=AXIS2_PLACEMENT_3D('',#2794,#2059,#2060);
#1654=AXIS2_PLACEMENT_3D('',#2795,#2061,#2062);
#1655=AXIS2_PLACEMENT_3D('',#2796,#2063,#2064);
#1656=AXIS2_PLACEMENT_3D('',#2799,#2067,#2068);
#1657=AXIS2_PLACEMENT_3D('',#2803,#2070,#2071);
#1658=AXIS2_PLACEMENT_3D('',#2805,#2073,#2074);
#1659=AXIS2_PLACEMENT_3D('',#2808,#2076,#2077);
#1660=AXIS2_PLACEMENT_3D('',#2809,#2078,#2079);
#1661=AXIS2_PLACEMENT_3D('',#2813,#2082,#2083);
#1662=AXIS2_PLACEMENT_3D('',#2817,#2086,#2087);
#1663=AXIS2_PLACEMENT_3D('',#2821,#2090,#2091);
#1664=AXIS2_PLACEMENT_3D('',#2824,#2093,#2094);
#1665=AXIS2_PLACEMENT_3D('',#2825,#2095,#2096);
#1666=AXIS2_PLACEMENT_3D('',#2828,#2098,#2099);
#1667=AXIS2_PLACEMENT_3D('',#2829,#2100,#2101);
#1668=AXIS2_PLACEMENT_3D('',#2832,#2103,#2104);
#1669=AXIS2_PLACEMENT_3D('',#2833,#2105,#2106);
#1670=AXIS2_PLACEMENT_3D('',#2837,#2109,#2110);
#1671=AXIS2_PLACEMENT_3D('',#2839,#2112,#2113);
#1672=AXIS2_PLACEMENT_3D('',#2840,#2114,#2115);
#1673=AXIS2_PLACEMENT_3D('',#2842,#2117,#2118);
#1674=AXIS2_PLACEMENT_3D('',#2844,#2120,#2121);
#1675=AXIS2_PLACEMENT_3D('',#2845,#2122,#2123);
#1676=AXIS2_PLACEMENT_3D('',#2847,#2125,#2126);
#1677=AXIS2_PLACEMENT_3D('',#2849,#2128,#2129);
#1678=AXIS2_PLACEMENT_3D('',#2851,#2131,#2132);
#1679=AXIS2_PLACEMENT_3D('',#2853,#2134,#2135);
#1680=AXIS2_PLACEMENT_3D('',#2855,#2137,#2138);
#1681=AXIS2_PLACEMENT_3D('',#2857,#2140,#2141);
#1682=AXIS2_PLACEMENT_3D('',#2859,#2143,#2144);
#1683=AXIS2_PLACEMENT_3D('',#2861,#2146,#2147);
#1684=AXIS2_PLACEMENT_3D('',#2863,#2149,#2150);
#1685=AXIS2_PLACEMENT_3D('',#2865,#2152,#2153);
#1686=AXIS2_PLACEMENT_3D('',#2868,#2155,#2156);
#1687=AXIS2_PLACEMENT_3D('',#2869,#2157,#2158);
#1688=AXIS2_PLACEMENT_3D('',#2870,#2159,#2160);
#1689=AXIS2_PLACEMENT_3D('',#2871,#2161,#2162);
#1690=AXIS2_PLACEMENT_3D('',#2874,#2165,#2166);
#1691=AXIS2_PLACEMENT_3D('',#2876,#2168,#2169);
#1692=AXIS2_PLACEMENT_3D('',#2903,#2172,#2173);
#1693=AXIS2_PLACEMENT_3D('',#2905,#2175,#2176);
#1694=AXIS2_PLACEMENT_3D('',#2907,#2178,#2179);
#1695=AXIS2_PLACEMENT_3D('',#2909,#2181,#2182);
#1696=AXIS2_PLACEMENT_3D('',#2911,#2184,#2185);
#1697=AXIS2_PLACEMENT_3D('',#2913,#2187,#2188);
#1698=AXIS2_PLACEMENT_3D('',#2915,#2190,#2191);
#1699=AXIS2_PLACEMENT_3D('',#2916,#2192,#2193);
#1700=DIRECTION('axis',(0.,0.,1.));
#1701=DIRECTION('refdir',(1.,0.,0.));
#1702=DIRECTION('center_axis',(-0.230769254760288,0.,0.973008505131061));
#1703=DIRECTION('ref_axis',(-0.681990675488909,-0.713250449154182,-0.161748308577058));
#1704=DIRECTION('center_axis',(-0.230769254760289,0.,0.97300850513106));
#1705=DIRECTION('ref_axis',(-0.972860311222856,-0.0174524064372833,-0.230734107485033));
#1706=DIRECTION('',(-0.230769254760288,0.,0.973008505131061));
#1707=DIRECTION('center_axis',(0.230769254760289,0.,-0.97300850513106));
#1708=DIRECTION('ref_axis',(0.,-1.,0.));
#1709=DIRECTION('',(0.230769254760288,0.,-0.973008505131061));
#1710=DIRECTION('center_axis',(-0.230756479861583,0.,0.973011534876073));
#1711=DIRECTION('ref_axis',(-0.681992799065257,-0.713250449154181,-0.161739354532206));
#1712=DIRECTION('',(0.230756479861583,-4.84401586544709E-19,-0.973011534876073));
#1713=DIRECTION('center_axis',(-0.230756479861584,-1.28095578511891E-16,
0.973011534876073));
#1714=DIRECTION('ref_axis',(-0.972863340506424,-0.0174524064372833,-0.230721334532007));
#1715=DIRECTION('',(-0.230756479861583,0.,0.973011534876073));
#1716=DIRECTION('center_axis',(0.209862473560656,0.,0.977730915022637));
#1717=DIRECTION('ref_axis',(-0.685300656331736,-0.713250449154182,0.147094551947546));
#1718=DIRECTION('',(0.209862473560656,0.,0.977730915022637));
#1719=DIRECTION('center_axis',(-0.209862473560655,0.,-0.977730915022637));
#1720=DIRECTION('ref_axis',(0.,-1.,0.));
#1721=DIRECTION('',(-0.209862473560656,4.84401586544712E-19,-0.977730915022637));
#1722=DIRECTION('center_axis',(-0.220328504713836,0.,-0.975425727572615));
#1723=DIRECTION('ref_axis',(-0.975425727572615,0.,0.220328504713836));
#1724=DIRECTION('center_axis',(-0.292006573629528,0.,0.956416311528167));
#1725=DIRECTION('ref_axis',(0.,-1.,0.));
#1726=DIRECTION('center_axis',(0.,-1.,0.));
#1727=DIRECTION('ref_axis',(-0.0424321973808026,0.,0.99909934872636));
#1728=DIRECTION('center_axis',(0.,1.,0.));
#1729=DIRECTION('ref_axis',(-0.0424321973807954,0.,0.99909934872636));
#1730=DIRECTION('center_axis',(0.292006573629528,0.,-0.956416311528167));
#1731=DIRECTION('ref_axis',(0.670361053277585,-0.713250449154181,0.204670112693393));
#1732=DIRECTION('center_axis',(-0.29200657362953,1.06183541018564E-15,0.956416311528166));
#1733=DIRECTION('ref_axis',(-9.86076131526265E-32,-1.,1.11022302462516E-15));
#1734=DIRECTION('',(-0.292006573629527,0.,0.956416311528167));
#1735=DIRECTION('',(0.292006573629527,0.,-0.956416311528167));
#1736=DIRECTION('center_axis',(0.,1.,0.));
#1737=DIRECTION('ref_axis',(0.,0.,1.));
#1738=DIRECTION('center_axis',(0.227215127370411,0.,0.973844590216554));
#1739=DIRECTION('ref_axis',(0.,-1.,0.));
#1740=DIRECTION('center_axis',(0.,-1.,0.));
#1741=DIRECTION('ref_axis',(0.999437132039031,0.,0.0335472666784788));
#1742=DIRECTION('center_axis',(0.,1.,0.));
#1743=DIRECTION('ref_axis',(0.999437132039031,0.,0.0335472666784789));
#1744=DIRECTION('center_axis',(0.,-1.,0.));
#1745=DIRECTION('ref_axis',(0.,0.,-1.));
#1746=DIRECTION('center_axis',(-0.230849619395915,0.,0.972989441476505));
#1747=DIRECTION('ref_axis',(0.,-1.,0.));
#1748=DIRECTION('center_axis',(0.,1.,0.));
#1749=DIRECTION('ref_axis',(-0.999998257382099,0.,-0.0018668778120834));
#1750=DIRECTION('center_axis',(0.,-1.,0.));
#1751=DIRECTION('ref_axis',(-0.999998257382099,0.,-0.00186687781208341));
#1752=DIRECTION('center_axis',(0.,-1.,0.));
#1753=DIRECTION('ref_axis',(0.,0.,-1.));
#1754=DIRECTION('center_axis',(0.230769230747736,0.,-0.973008510826138));
#1755=DIRECTION('ref_axis',(0.,-1.,0.));
#1756=DIRECTION('center_axis',(5.07030064514347E-18,1.,-2.13736777025616E-17));
#1757=DIRECTION('ref_axis',(0.230816116947064,-2.19668397172903E-17,-0.972997389594381));
#1758=DIRECTION('center_axis',(0.,-1.,0.));
#1759=DIRECTION('ref_axis',(0.230816116947064,0.,-0.972997389594381));
#1760=DIRECTION('center_axis',(-0.230769230768696,0.,0.973008510821167));
#1761=DIRECTION('ref_axis',(-0.681990679477158,-0.713250449154181,-0.161748291761129));
#1762=DIRECTION('',(0.230769230768696,4.84401586544716E-19,-0.973008510821167));
#1763=DIRECTION('',(-0.230769230768696,0.,0.973008510821167));
#1764=DIRECTION('center_axis',(0.,1.,0.));
#1765=DIRECTION('ref_axis',(0.,0.,1.));
#1766=DIRECTION('center_axis',(-0.518736431939542,0.,-0.854934216287214));
#1767=DIRECTION('ref_axis',(0.,-1.,0.));
#1768=DIRECTION('center_axis',(0.,-1.,0.));
#1769=DIRECTION('ref_axis',(-0.987817461885056,0.,0.15561703632625));
#1770=DIRECTION('center_axis',(0.,1.,0.));
#1771=DIRECTION('ref_axis',(-0.987817461885056,0.,0.15561703632625));
#1772=DIRECTION('center_axis',(0.,-1.,0.));
#1773=DIRECTION('ref_axis',(0.,0.,-1.));
#1774=DIRECTION('center_axis',(0.952213335302986,0.,-0.305433731063162));
#1775=DIRECTION('ref_axis',(0.,-1.,0.));
#1776=DIRECTION('center_axis',(-3.83123134991163E-17,1.,1.02557668536125E-16));
#1777=DIRECTION('ref_axis',(0.93676931405082,-1.17096540618744E-31,0.349947499280616));
#1778=DIRECTION('center_axis',(0.,-1.,0.));
#1779=DIRECTION('ref_axis',(0.93676931405082,0.,0.349947499280616));
#1780=DIRECTION('center_axis',(0.,-1.,0.));
#1781=DIRECTION('ref_axis',(-0.129754802007471,0.,0.99154611156315));
#1782=DIRECTION('center_axis',(0.841556913931692,0.,0.540168455774462));
#1783=DIRECTION('ref_axis',(0.,-1.,0.));
#1784=DIRECTION('center_axis',(0.,1.,0.));
#1785=DIRECTION('ref_axis',(-0.129754802007471,0.,0.99154611156315));
#1786=DIRECTION('center_axis',(0.,-1.,0.));
#1787=DIRECTION('ref_axis',(-0.129754802007471,0.,0.99154611156315));
#1788=DIRECTION('center_axis',(0.,-1.,0.));
#1789=DIRECTION('ref_axis',(0.,0.,-1.));
#1790=DIRECTION('center_axis',(0.450644683989068,0.,0.892703404716479));
#1791=DIRECTION('ref_axis',(0.,-1.,0.));
#1792=DIRECTION('center_axis',(0.,1.,0.));
#1793=DIRECTION('ref_axis',(-0.742619374260036,0.,0.669713718669128));
#1794=DIRECTION('center_axis',(0.,-1.,0.));
#1795=DIRECTION('ref_axis',(-0.742619374260036,0.,0.669713718669128));
#1796=DIRECTION('center_axis',(-0.450644683989073,0.,-0.892703404716476));
#1797=DIRECTION('ref_axis',(0.625704086637797,-0.713250449154182,-0.31586103391542));
#1798=DIRECTION('center_axis',(0.450644683989072,0.,0.892703404716477));
#1799=DIRECTION('ref_axis',(0.,-1.,0.));
#1800=DIRECTION('',(0.450644683989073,0.,0.892703404716476));
#1801=DIRECTION('',(-0.450644683989073,0.,-0.892703404716476));
#1802=DIRECTION('center_axis',(0.0331067430203797,0.,-0.999451821533476));
#1803=DIRECTION('ref_axis',(0.,-1.,0.));
#1804=DIRECTION('center_axis',(0.,-1.,0.));
#1805=DIRECTION('ref_axis',(-0.215483848954678,0.,-0.976507404395726));
#1806=DIRECTION('center_axis',(0.,1.,0.));
#1807=DIRECTION('ref_axis',(-0.215483848954689,0.,-0.976507404395723));
#1808=DIRECTION('center_axis',(-0.0331067430203808,0.,0.999451821533476));
#1809=DIRECTION('ref_axis',(-0.700525040934172,-0.713250449154184,-0.0232048228937792));
#1810=DIRECTION('center_axis',(0.0331067430203803,0.,-0.999451821533476));
#1811=DIRECTION('ref_axis',(0.,-1.,0.));
#1812=DIRECTION('',(0.0331067430203808,0.,-0.999451821533476));
#1813=DIRECTION('',(-0.0331067430203808,0.,0.999451821533476));
#1814=DIRECTION('center_axis',(0.,1.,0.));
#1815=DIRECTION('ref_axis',(0.,0.,1.));
#1816=DIRECTION('center_axis',(-0.550146803627222,0.,-0.835067957988301));
#1817=DIRECTION('ref_axis',(0.,-1.,0.));
#1818=DIRECTION('center_axis',(0.,-1.,0.));
#1819=DIRECTION('ref_axis',(-0.962502924818106,0.,0.271271302788539));
#1820=DIRECTION('center_axis',(0.,1.,0.));
#1821=DIRECTION('ref_axis',(-0.962502924818106,0.,0.271271302788539));
#1822=DIRECTION('center_axis',(0.550146803627225,0.,0.835067957988299));
#1823=DIRECTION('ref_axis',(-0.585306868073956,-0.713250449154183,0.385602991387272));
#1824=DIRECTION('center_axis',(-0.550146803627229,0.,-0.835067957988297));
#1825=DIRECTION('ref_axis',(0.,-1.,0.));
#1826=DIRECTION('',(-0.550146803627225,9.68803173089452E-19,-0.835067957988299));
#1827=DIRECTION('',(0.550146803627225,0.,0.835067957988299));
#1828=DIRECTION('center_axis',(-0.941818700107036,0.,0.336121311625271));
#1829=DIRECTION('ref_axis',(0.,-1.,0.));
#1830=DIRECTION('center_axis',(-0.739472342487408,0.,0.673186938893043));
#1831=DIRECTION('ref_axis',(0.,-1.,0.));
#1832=DIRECTION('center_axis',(0.,1.,0.));
#1833=DIRECTION('ref_axis',(0.,0.,1.));
#1834=DIRECTION('center_axis',(-0.230769230768282,0.,0.973008510821265));
#1835=DIRECTION('ref_axis',(0.,-1.,0.));
#1836=DIRECTION('center_axis',(0.,-1.,0.));
#1837=DIRECTION('ref_axis',(0.861501351498185,0.,0.50775527704476));
#1838=DIRECTION('center_axis',(0.,1.,0.));
#1839=DIRECTION('ref_axis',(0.861501351498185,0.,0.50775527704476));
#1840=DIRECTION('center_axis',(0.230769230769018,0.,-0.97300851082109));
#1841=DIRECTION('ref_axis',(0.681990679477105,-0.713250449154181,0.161748291761355));
#1842=DIRECTION('center_axis',(-0.230769230769014,0.,0.973008510821091));
#1843=DIRECTION('ref_axis',(0.,-1.,0.));
#1844=DIRECTION('',(-0.230769230769018,0.,0.97300851082109));
#1845=DIRECTION('',(0.230769230769018,0.,-0.97300851082109));
#1846=DIRECTION('center_axis',(0.,1.,0.));
#1847=DIRECTION('ref_axis',(3.71805345961293E-14,0.,-1.));
#1848=DIRECTION('center_axis',(-0.230769230768115,0.,-0.973008510821304));
#1849=DIRECTION('ref_axis',(0.,-1.,0.));
#1850=DIRECTION('center_axis',(0.,-1.,0.));
#1851=DIRECTION('ref_axis',(3.65466498320359E-14,0.,-1.));
#1852=DIRECTION('center_axis',(0.,1.,0.));
#1853=DIRECTION('ref_axis',(3.65699466366976E-14,0.,-1.));
#1854=DIRECTION('center_axis',(0.230769230764281,0.,0.973008510822214));
#1855=DIRECTION('ref_axis',(-0.681990679477892,-0.713250449154181,0.161748291758035));
#1856=DIRECTION('',(-0.230769230764281,0.,-0.973008510822214));
#1857=DIRECTION('',(0.230769230764281,0.,0.973008510822214));
#1858=DIRECTION('center_axis',(0.892567441664032,-0.0174524064372837,-0.450576048620955));
#1859=DIRECTION('ref_axis',(0.450644683989073,0.,0.892703404716476));
#1860=DIRECTION('',(-0.0155798226470588,-0.999847695156391,0.00786483418377841));
#1861=DIRECTION('',(-0.450644683989073,0.,-0.892703404716476));
#1862=DIRECTION('',(-0.0155798226470588,-0.999847695156391,0.00786483418377878));
#1863=DIRECTION('center_axis',(0.,1.,0.));
#1864=DIRECTION('ref_axis',(0.892703404716478,0.,-0.45064468398907));
#1865=DIRECTION('',(0.0174428394038849,-0.999847695156391,0.000577792335006364));
#1866=DIRECTION('center_axis',(0.,1.,0.));
#1867=DIRECTION('ref_axis',(0.892703404716478,0.,-0.45064468398907));
#1868=DIRECTION('center_axis',(-0.999299600180103,-0.0174524064372829,-0.0331017007030627));
#1869=DIRECTION('ref_axis',(0.0331067430203808,2.16840434497101E-19,-0.999451821533476));
#1870=DIRECTION('',(0.0174428394038849,-0.999847695156391,0.000577792335006549));
#1871=DIRECTION('',(-0.0331067430203808,0.,0.999451821533476));
#1872=DIRECTION('center_axis',(0.,1.,0.));
#1873=DIRECTION('ref_axis',(-0.999451821533476,0.,-0.03310674302038));
#1874=DIRECTION('',(0.0145739454055647,-0.999847695156391,-0.00960138561707482));
#1875=DIRECTION('center_axis',(0.,1.,0.));
#1876=DIRECTION('ref_axis',(-0.999451821533476,0.,-0.03310674302038));
#1877=DIRECTION('center_axis',(-0.834940773093555,-0.017452406437284,0.550063013604336));
#1878=DIRECTION('ref_axis',(-0.550146803627224,1.21430643318377E-17,-0.835067957988299));
#1879=DIRECTION('',(0.0145739454055468,-0.999847695156391,-0.00960138561708643));
#1880=DIRECTION('',(0.550146803627225,0.,0.835067957988299));
#1881=DIRECTION('',(-0.00586612574271746,-0.999847695156391,-0.0164370027445102));
#1882=DIRECTION('center_axis',(5.74775071423866E-9,1.,2.38875021942158E-9));
#1883=DIRECTION('ref_axis',(0.643393692421312,-5.52673957821887E-9,0.7655354704731));
#1884=DIRECTION('',(-0.0117487320658319,-0.999847695156391,-0.0129055718702208));
#1885=DIRECTION('center_axis',(0.,-1.,0.));
#1886=DIRECTION('ref_axis',(0.336121311625293,0.,0.941818700107029));
#1887=DIRECTION('center_axis',(0.,1.,0.));
#1888=DIRECTION('ref_axis',(0.673186938893039,0.,0.739472342487411));
#1889=DIRECTION('',(-0.0169813399977848,-0.999847695156391,-0.00402747840860231));
#1890=DIRECTION('center_axis',(0.,1.,0.));
#1891=DIRECTION('ref_axis',(0.673186938893039,0.,0.739472342487411));
#1892=DIRECTION('center_axis',(0.97286031691202,-0.0174524064372832,0.230734083497416));
#1893=DIRECTION('ref_axis',(-0.230769230769018,-1.73472347597681E-18,0.97300851082109));
#1894=DIRECTION('',(-0.0169813399977878,-0.999847695156391,-0.00402747840858529));
#1895=DIRECTION('',(0.230769230769018,0.,-0.97300851082109));
#1896=DIRECTION('center_axis',(0.,1.,0.));
#1897=DIRECTION('ref_axis',(3.76947150741974E-14,0.,-1.));
#1898=DIRECTION('',(0.0169813399978056,-0.999847695156391,-0.00402747840851758));
#1899=DIRECTION('center_axis',(0.,1.,0.));
#1900=DIRECTION('ref_axis',(0.973008510821287,0.,0.230769230768189));
#1901=DIRECTION('center_axis',(-0.972860316913143,-0.0174524064372838,0.23073408349268));
#1902=DIRECTION('ref_axis',(-0.230769230764281,-6.07153216591882E-18,-0.973008510822214));
#1903=DIRECTION('',(0.0170245035957575,-0.999847677666411,-0.00384548337688132));
#1904=DIRECTION('',(0.230769230764281,0.,0.973008510822214));
#1905=DIRECTION('center_axis',(-0.977582001868533,-0.0174524064372835,0.209830510489441));
#1906=DIRECTION('ref_axis',(-0.209862473560656,-8.67361737988403E-19,-0.977730915022637));
#1907=DIRECTION('',(0.0170637573152724,-0.999847695156391,-0.00366260518451424));
#1908=DIRECTION('',(0.209862473560656,0.,0.977730915022637));
#1909=DIRECTION('center_axis',(0.,1.,0.));
#1910=DIRECTION('ref_axis',(1.,0.,0.));
#1911=DIRECTION('center_axis',(0.230769230768696,0.,-0.973008510821167));
#1912=DIRECTION('ref_axis',(-0.681990679477158,0.713250449154181,-0.161748291761129));
#1913=DIRECTION('center_axis',(0.230769230768697,0.,-0.973008510821166));
#1914=DIRECTION('ref_axis',(-0.972860316912096,0.0174524064372839,-0.230734083497095));
#1915=DIRECTION('',(0.230769230768696,0.,-0.973008510821167));
#1916=DIRECTION('center_axis',(-0.230769230768695,0.,0.973008510821167));
#1917=DIRECTION('ref_axis',(0.,1.,0.));
#1918=DIRECTION('',(-0.230769230768696,4.84401586544721E-19,0.973008510821167));
#1919=DIRECTION('center_axis',(0.230756479861583,0.,-0.973011534876073));
#1920=DIRECTION('ref_axis',(-0.681992799065257,0.713250449154181,-0.161739354532206));
#1921=DIRECTION('',(-0.230756479861583,-4.84401586544709E-19,0.973011534876073));
#1922=DIRECTION('center_axis',(0.230756479861584,0.,-0.973011534876073));
#1923=DIRECTION('ref_axis',(-0.972863340506424,0.0174524064372833,-0.230721334532007));
#1924=DIRECTION('',(0.230756479861583,0.,-0.973011534876073));
#1925=DIRECTION('center_axis',(-0.230769230764281,0.,-0.973008510822214));
#1926=DIRECTION('ref_axis',(-0.681990679477892,0.713250449154181,0.161748291758035));
#1927=DIRECTION('',(-0.230769230764281,0.,-0.973008510822214));
#1928=DIRECTION('center_axis',(0.230769230764282,0.,0.973008510822214));
#1929=DIRECTION('ref_axis',(0.,1.,0.));
#1930=DIRECTION('',(0.230769230764281,0.,0.973008510822214));
#1931=DIRECTION('center_axis',(0.220328504714042,-1.08294010156281E-15,
0.975425727572568));
#1932=DIRECTION('ref_axis',(-0.975425727572568,1.01045510373937E-13,0.220328504714042));
#1933=DIRECTION('center_axis',(0.,-1.,0.));
#1934=DIRECTION('ref_axis',(0.,0.,-1.));
#1935=DIRECTION('center_axis',(0.230769230768188,0.,-0.973008510821287));
#1936=DIRECTION('ref_axis',(0.,1.,0.));
#1937=DIRECTION('center_axis',(0.,1.,0.));
#1938=DIRECTION('ref_axis',(4.03131855600613E-14,0.,-1.));
#1939=DIRECTION('center_axis',(0.,-1.,0.));
#1940=DIRECTION('ref_axis',(4.03329411456911E-14,0.,-1.));
#1941=DIRECTION('center_axis',(-0.230769230769018,0.,0.97300851082109));
#1942=DIRECTION('ref_axis',(0.681990679477105,0.713250449154181,0.161748291761355));
#1943=DIRECTION('center_axis',(0.230769230769019,0.,-0.97300851082109));
#1944=DIRECTION('ref_axis',(0.,1.,0.));
#1945=DIRECTION('',(0.230769230769018,0.,-0.97300851082109));
#1946=DIRECTION('',(-0.230769230769018,0.,0.97300851082109));
#1947=DIRECTION('center_axis',(0.,-1.,0.));
#1948=DIRECTION('ref_axis',(0.,0.,-1.));
#1949=DIRECTION('center_axis',(0.739472342487412,0.,-0.673186938893039));
#1950=DIRECTION('ref_axis',(0.,1.,0.));
#1951=DIRECTION('center_axis',(0.,1.,0.));
#1952=DIRECTION('ref_axis',(0.861501351498184,0.,0.507755277044762));
#1953=DIRECTION('center_axis',(0.,-1.,0.));
#1954=DIRECTION('ref_axis',(0.861501351498184,0.,0.507755277044761));
#1955=DIRECTION('center_axis',(0.941818700107037,0.,-0.33612131162527));
#1956=DIRECTION('ref_axis',(0.,1.,0.));
#1957=DIRECTION('center_axis',(0.550146803627225,0.,0.835067957988299));
#1958=DIRECTION('ref_axis',(0.,1.,0.));
#1959=DIRECTION('center_axis',(-0.550146803627225,0.,-0.835067957988299));
#1960=DIRECTION('ref_axis',(-0.585306868073957,0.713250449154182,0.385602991387273));
#1961=DIRECTION('center_axis',(0.550146803627222,0.,0.835067957988301));
#1962=DIRECTION('ref_axis',(0.,1.,0.));
#1963=DIRECTION('',(0.550146803627225,9.6880317308944E-19,0.835067957988299));
#1964=DIRECTION('',(-0.550146803627225,0.,-0.835067957988299));
#1965=DIRECTION('center_axis',(0.,-1.,0.));
#1966=DIRECTION('ref_axis',(0.,0.,-1.));
#1967=DIRECTION('center_axis',(-0.0331067430203813,0.,0.999451821533476));
#1968=DIRECTION('ref_axis',(0.,1.,0.));
#1969=DIRECTION('center_axis',(0.,1.,0.));
#1970=DIRECTION('ref_axis',(-0.962502924818106,0.,0.271271302788539));
#1971=DIRECTION('center_axis',(0.,-1.,0.));
#1972=DIRECTION('ref_axis',(-0.962502924818106,0.,0.271271302788539));
#1973=DIRECTION('center_axis',(0.0331067430203808,0.,-0.999451821533476));
#1974=DIRECTION('ref_axis',(-0.700525040934175,0.713250449154181,-0.0232048228937793));
#1975=DIRECTION('center_axis',(-0.0331067430203811,0.,0.999451821533476));
#1976=DIRECTION('ref_axis',(0.,1.,0.));
#1977=DIRECTION('',(-0.0331067430203808,0.,0.999451821533476));
#1978=DIRECTION('',(0.0331067430203808,0.,-0.999451821533476));
#1979=DIRECTION('center_axis',(-0.450644683989069,0.,-0.892703404716478));
#1980=DIRECTION('ref_axis',(0.,1.,0.));
#1981=DIRECTION('center_axis',(0.,1.,0.));
#1982=DIRECTION('ref_axis',(-0.215483848954678,0.,-0.976507404395726));
#1983=DIRECTION('center_axis',(0.,-1.,0.));
#1984=DIRECTION('ref_axis',(-0.215483848954689,0.,-0.976507404395723));
#1985=DIRECTION('center_axis',(0.450644683989073,0.,0.892703404716476));
#1986=DIRECTION('ref_axis',(0.625704086637797,0.713250449154182,-0.31586103391542));
#1987=DIRECTION('center_axis',(-0.45064468398908,-3.96439949630999E-15,
-0.892703404716472));
#1988=DIRECTION('ref_axis',(0.,1.,-4.44089209850063E-15));
#1989=DIRECTION('',(-0.450644683989073,0.,-0.892703404716476));
#1990=DIRECTION('',(0.450644683989073,0.,0.892703404716476));
#1991=DIRECTION('center_axis',(0.,1.,0.));
#1992=DIRECTION('ref_axis',(0.,0.,1.));
#1993=DIRECTION('center_axis',(-0.841556913931691,0.,-0.540168455774463));
#1994=DIRECTION('ref_axis',(0.,1.,0.));
#1995=DIRECTION('center_axis',(0.,-1.,0.));
#1996=DIRECTION('ref_axis',(-0.742619374260036,0.,0.669713718669128));
#1997=DIRECTION('center_axis',(0.,1.,0.));
#1998=DIRECTION('ref_axis',(-0.742619374260036,0.,0.669713718669128));
#1999=DIRECTION('center_axis',(0.,1.,0.));
#2000=DIRECTION('ref_axis',(0.,0.,1.));
#2001=DIRECTION('center_axis',(-0.952213335302986,0.,0.30543373106316));
#2002=DIRECTION('ref_axis',(0.,1.,0.));
#2003=DIRECTION('center_axis',(0.,-1.,0.));
#2004=DIRECTION('ref_axis',(-0.129754802007471,0.,0.99154611156315));
#2005=DIRECTION('center_axis',(0.,1.,0.));
#2006=DIRECTION('ref_axis',(-0.129754802007471,0.,0.99154611156315));
#2007=DIRECTION('center_axis',(0.,1.,0.));
#2008=DIRECTION('ref_axis',(0.,0.,1.));
#2009=DIRECTION('center_axis',(0.518736431939547,0.,0.854934216287211));
#2010=DIRECTION('ref_axis',(0.,1.,0.));
#2011=DIRECTION('center_axis',(3.83123134991163E-17,-1.,-1.02557668536125E-16));
#2012=DIRECTION('ref_axis',(0.93676931405082,-1.17096540618744E-31,0.349947499280616));
#2013=DIRECTION('center_axis',(0.,1.,0.));
#2014=DIRECTION('ref_axis',(0.93676931405082,0.,0.349947499280616));
#2015=DIRECTION('center_axis',(0.,-1.,0.));
#2016=DIRECTION('ref_axis',(0.,0.,-1.));
#2017=DIRECTION('center_axis',(-0.230769230683916,0.,0.973008510841274));
#2018=DIRECTION('ref_axis',(0.,1.,0.));
#2019=DIRECTION('center_axis',(0.,1.,0.));
#2020=DIRECTION('ref_axis',(-0.987817461874957,0.,0.155617036390358));
#2021=DIRECTION('center_axis',(0.,-1.,0.));
#2022=DIRECTION('ref_axis',(-0.987817461874957,0.,0.155617036390358));
#2023=DIRECTION('center_axis',(0.230769254760288,0.,-0.973008505131061));
#2024=DIRECTION('ref_axis',(-0.68199067548891,0.713250449154181,-0.161748308577058));
#2025=DIRECTION('',(-0.230769254760288,0.,0.973008505131061));
#2026=DIRECTION('',(0.230769254760288,0.,-0.973008505131061));
#2027=DIRECTION('center_axis',(0.,1.,0.));
#2028=DIRECTION('ref_axis',(0.2308160982532,0.,-0.972997394028971));
#2029=DIRECTION('center_axis',(0.230862965221658,0.,-0.97298627497466));
#2030=DIRECTION('ref_axis',(0.,1.,0.));
#2031=DIRECTION('center_axis',(0.,-1.,0.));
#2032=DIRECTION('ref_axis',(0.2308160891854,0.,-0.97299739618005));
#2033=DIRECTION('center_axis',(0.,1.,0.));
#2034=DIRECTION('ref_axis',(0.2308160891854,0.,-0.97299739618005));
#2035=DIRECTION('center_axis',(0.,1.,0.));
#2036=DIRECTION('ref_axis',(0.,0.,1.));
#2037=DIRECTION('center_axis',(-0.227215127370415,0.,-0.973844590216553));
#2038=DIRECTION('ref_axis',(0.,1.,0.));
#2039=DIRECTION('center_axis',(0.,-1.,0.));
#2040=DIRECTION('ref_axis',(-0.999998257427782,0.,-0.00186685334160462));
#2041=DIRECTION('center_axis',(0.,1.,0.));
#2042=DIRECTION('ref_axis',(-0.999998257427782,0.,-0.00186685334160475));
#2043=DIRECTION('center_axis',(0.,-1.,0.));
#2044=DIRECTION('ref_axis',(0.,0.,-1.));
#2045=DIRECTION('center_axis',(0.292006573629525,0.,-0.956416311528168));
#2046=DIRECTION('ref_axis',(0.,1.,0.));
#2047=DIRECTION('center_axis',(0.,1.,0.));
#2048=DIRECTION('ref_axis',(0.999437132039031,0.,0.0335472666784783));
#2049=DIRECTION('center_axis',(0.,-1.,0.));
#2050=DIRECTION('ref_axis',(0.999437132039031,0.,0.0335472666784784));
#2051=DIRECTION('center_axis',(-0.292006573629528,0.,0.956416311528167));
#2052=DIRECTION('ref_axis',(0.670361053277585,0.713250449154181,0.204670112693393));
#2053=DIRECTION('center_axis',(0.292006573629525,-1.06183541018564E-15,
-0.956416311528168));
#2054=DIRECTION('ref_axis',(-5.91645678915759E-31,1.,-1.11022302462516E-15));
#2055=DIRECTION('',(0.292006573629527,0.,-0.956416311528167));
#2056=DIRECTION('',(-0.292006573629527,0.,0.956416311528167));
#2057=DIRECTION('center_axis',(0.209862473560656,0.,0.977730915022637));
#2058=DIRECTION('ref_axis',(0.,1.,0.));
#2059=DIRECTION('center_axis',(0.,1.,0.));
#2060=DIRECTION('ref_axis',(-0.0424321973808026,0.,0.99909934872636));
#2061=DIRECTION('center_axis',(0.,-1.,0.));
#2062=DIRECTION('ref_axis',(-0.0424321973807954,0.,0.99909934872636));
#2063=DIRECTION('center_axis',(-0.209862473560656,0.,-0.977730915022637));
#2064=DIRECTION('ref_axis',(-0.685300656331736,0.713250449154182,0.147094551947546));
#2065=DIRECTION('',(0.209862473560656,0.,0.977730915022637));
#2066=DIRECTION('',(-0.209862473560656,0.,-0.977730915022637));
#2067=DIRECTION('center_axis',(0.,1.,0.));
#2068=DIRECTION('ref_axis',(0.30543373106316,0.,0.952213335302986));
#2069=DIRECTION('',(0.0149206594197852,0.999847695156391,-0.00905319904403535));
#2070=DIRECTION('center_axis',(0.,1.,0.));
#2071=DIRECTION('ref_axis',(0.30543373106316,0.,0.952213335302986));
#2072=DIRECTION('',(0.00533055361416979,0.999847695156391,0.0166184141427073));
#2073=DIRECTION('center_axis',(0.,-1.,0.));
#2074=DIRECTION('ref_axis',(-0.973008510821166,0.,-0.230769230768697));
#2075=DIRECTION('',(0.0169813398984809,0.999847695156391,0.00402747882730577));
#2076=DIRECTION('center_axis',(0.,1.,0.));
#2077=DIRECTION('ref_axis',(-0.973008510821166,0.,-0.230769230768697));
#2078=DIRECTION('center_axis',(-0.972860311222857,0.0174524064372835,-0.230734107485032));
#2079=DIRECTION('ref_axis',(-0.230769254760288,-8.67361737988403E-19,0.973008505131061));
#2080=DIRECTION('',(0.0169813927748223,0.999847695156391,0.00402725587458083));
#2081=DIRECTION('',(-0.230769254760288,0.,0.973008505131061));
#2082=DIRECTION('center_axis',(-0.972863340506424,0.0174524064372834,-0.230721334532006));
#2083=DIRECTION('ref_axis',(-0.230756479861583,8.67361737988403E-19,0.973011534876073));
#2084=DIRECTION('',(0.0169813399977871,0.999847695156391,0.00402747840859565));
#2085=DIRECTION('',(-0.230756479861583,0.,0.973011534876073));
#2086=DIRECTION('center_axis',(-0.972860316912096,0.0174524064372838,-0.230734083497094));
#2087=DIRECTION('ref_axis',(-0.230769230768696,-2.60208521396521E-18,0.973008510821167));
#2088=DIRECTION('',(0.0169813399978744,0.999847695156391,0.00402747840822785));
#2089=DIRECTION('',(-0.230769230768696,0.,0.973008510821167));
#2090=DIRECTION('center_axis',(0.,1.,0.));
#2091=DIRECTION('ref_axis',(0.973008510826151,0.,0.230769230747679));
#2092=DIRECTION('',(-0.0169810073245859,0.999847695156391,-0.0040288808240591));
#2093=DIRECTION('center_axis',(0.,1.,0.));
#2094=DIRECTION('ref_axis',(0.973008510826151,0.,0.230769230747679));
#2095=DIRECTION('center_axis',(0.,1.,0.));
#2096=DIRECTION('ref_axis',(-0.972989449082628,0.,-0.230849587337477));
#2097=DIRECTION('',(-0.0169959315952114,0.999847695156391,0.00396545075156766));
#2098=DIRECTION('center_axis',(0.,1.,0.));
#2099=DIRECTION('ref_axis',(-0.972989449082628,0.,-0.230849587337477));
#2100=DIRECTION('center_axis',(0.,-1.,0.));
#2101=DIRECTION('ref_axis',(0.956416311528167,0.,0.292006573629526));
#2102=DIRECTION('',(-0.0166917661920371,0.999847695156391,-0.00509621740534111));
#2103=DIRECTION('center_axis',(0.,1.,0.));
#2104=DIRECTION('ref_axis',(0.956416311528167,0.,0.292006573629526));
#2105=DIRECTION('center_axis',(0.956270644691415,0.0174524064372835,0.291962099613998));
#2106=DIRECTION('ref_axis',(0.292006573629527,6.07153216591882E-18,-0.956416311528167));
#2107=DIRECTION('',(-0.0166917661920371,0.999847695156391,-0.00509621740534106));
#2108=DIRECTION('',(0.292006573629527,0.,-0.956416311528167));
#2109=DIRECTION('center_axis',(0.,-1.,0.));
#2110=DIRECTION('ref_axis',(-0.977730915022637,0.,0.209862473560656));
#2111=DIRECTION('',(0.0170637573152724,0.999847695156391,-0.00366260518451416));
#2112=DIRECTION('center_axis',(0.,1.,0.));
#2113=DIRECTION('ref_axis',(-0.977730915022637,0.,0.209862473560656));
#2114=DIRECTION('center_axis',(-0.977582001868533,0.0174524064372837,0.209830510489441));
#2115=DIRECTION('ref_axis',(0.209862473560656,-8.67361737988403E-19,0.977730915022637));
#2116=DIRECTION('',(0.0170245035957615,0.999847677666411,-0.00384548337686351));
#2117=DIRECTION('center_axis',(-0.972860316913143,0.0174524064372836,0.23073408349268));
#2118=DIRECTION('ref_axis',(0.230769230764281,-4.33680868994202E-18,0.973008510822214));
#2119=DIRECTION('',(0.0169813399977893,0.999847695156391,-0.0040274784085864));
#2120=DIRECTION('center_axis',(0.,1.,0.));
#2121=DIRECTION('ref_axis',(1.,0.,0.));
#2122=DIRECTION('center_axis',(0.,1.,0.));
#2123=DIRECTION('ref_axis',(-0.977730915022637,0.,0.209862473560656));
#2124=DIRECTION('',(-0.0166917661920371,-0.999847695156391,-0.00509621740534107));
#2125=DIRECTION('center_axis',(0.956270644691415,-0.0174524064372835,0.291962099613998));
#2126=DIRECTION('ref_axis',(-0.292006573629527,6.07153216591882E-18,0.956416311528167));
#2127=DIRECTION('',(-0.0166917661920371,-0.999847695156391,-0.00509621740534111));
#2128=DIRECTION('center_axis',(0.,1.,0.));
#2129=DIRECTION('ref_axis',(0.956416311528167,0.,0.292006573629526));
#2130=DIRECTION('',(-0.0169959315952092,-0.999847695156391,0.00396545075156803));
#2131=DIRECTION('center_axis',(0.,-1.,0.));
#2132=DIRECTION('ref_axis',(-0.972989449082628,0.,-0.230849587337477));
#2133=DIRECTION('',(-0.0169809517739305,-0.999847695156391,-0.00402911495288843));
#2134=DIRECTION('center_axis',(0.,-1.,0.));
#2135=DIRECTION('ref_axis',(0.973008510826151,0.,0.230769230747679));
#2136=DIRECTION('',(0.0169813399977871,-0.999847695156391,0.00402747840859491));
#2137=DIRECTION('center_axis',(-0.972860316912096,-0.0174524064372837,-0.230734083497094));
#2138=DIRECTION('ref_axis',(0.230769230768696,-3.46944695195362E-18,-0.973008510821167));
#2139=DIRECTION('',(0.0169813927748223,-0.999847695156391,0.00402725587458083));
#2140=DIRECTION('center_axis',(-0.972863340506424,-0.0174524064372834,-0.230721334532006));
#2141=DIRECTION('ref_axis',(0.230756479861583,8.67361737988403E-19,-0.973011534876073));
#2142=DIRECTION('',(0.0169813398984809,-0.999847695156391,0.00402747882730577));
#2143=DIRECTION('center_axis',(-0.972860311222857,-0.0174524064372835,-0.230734107485032));
#2144=DIRECTION('ref_axis',(0.230769254760288,-8.67361737988403E-19,-0.973008505131061));
#2145=DIRECTION('',(0.0169813399977871,-0.999847695156391,0.00402747840859491));
#2146=DIRECTION('center_axis',(0.,1.,0.));
#2147=DIRECTION('ref_axis',(-0.973008510821166,0.,-0.230769230768697));
#2148=DIRECTION('',(0.0149206594197849,-0.999847695156391,-0.00905319904403388));
#2149=DIRECTION('center_axis',(0.,-1.,0.));
#2150=DIRECTION('ref_axis',(0.30543373106316,0.,0.952213335302986));
#2151=DIRECTION('',(0.00533055361417053,-0.999847695156391,0.0166184141427087));
#2152=DIRECTION('center_axis',(0.,-1.,0.));
#2153=DIRECTION('ref_axis',(-0.540168455774461,0.,0.841556913931693));
#2154=DIRECTION('',(-0.00942723943477609,-0.999847695156391,0.0146871933020429));
#2155=DIRECTION('center_axis',(0.,1.,0.));
#2156=DIRECTION('ref_axis',(-0.540168455774461,0.,0.841556913931693));
#2157=DIRECTION('center_axis',(0.,-1.,0.));
#2158=DIRECTION('ref_axis',(-0.892703404716476,0.,0.450644683989073));
#2159=DIRECTION('center_axis',(0.,1.,0.));
#2160=DIRECTION('ref_axis',(-0.892703404716476,0.,0.450644683989073));
#2161=DIRECTION('center_axis',(0.97286031691202,0.0174524064372836,0.230734083497416));
#2162=DIRECTION('ref_axis',(0.230769230769018,-3.46944695195362E-18,-0.97300851082109));
#2163=DIRECTION('',(-0.0169813399977885,0.999847695156391,-0.00402747840858751));
#2164=DIRECTION('',(-0.0169813399977856,0.999847695156391,-0.00402747840860083));
#2165=DIRECTION('center_axis',(0.,-1.,0.));
#2166=DIRECTION('ref_axis',(0.673186938893039,0.,0.739472342487411));
#2167=DIRECTION('',(-0.011748732065829,0.999847695156391,-0.0129055718702178));
#2168=DIRECTION('center_axis',(-5.99250158582321E-10,-1.,6.18484317925689E-9));
#2169=DIRECTION('ref_axis',(0.373131992116714,5.51456369354058E-9,0.92777826901637));
#2170=DIRECTION('',(-0.00586612574271743,0.999847695156391,-0.0164370027445101));
#2171=DIRECTION('',(0.0145739454055647,0.999847695156391,-0.00960138561707445));
#2172=DIRECTION('center_axis',(-0.834940773093555,0.0174524064372838,0.550063013604336));
#2173=DIRECTION('ref_axis',(0.550146803627224,1.04083408558608E-17,0.835067957988299));
#2174=DIRECTION('',(0.0145739454055633,0.999847695156391,-0.00960138561707408));
#2175=DIRECTION('center_axis',(0.,-1.,0.));
#2176=DIRECTION('ref_axis',(-0.999451821533476,0.,-0.03310674302038));
#2177=DIRECTION('',(0.0174428394038849,0.999847695156391,0.000577792335006179));
#2178=DIRECTION('center_axis',(-0.999299600180103,0.0174524064372828,-0.0331017007030627));
#2179=DIRECTION('ref_axis',(-0.0331067430203808,2.16840434497101E-19,0.999451821533476));
#2180=DIRECTION('',(0.0174428394038834,0.999847695156391,0.000577792335006179));
#2181=DIRECTION('center_axis',(0.,-1.,0.));
#2182=DIRECTION('ref_axis',(0.892703404716478,0.,-0.45064468398907));
#2183=DIRECTION('',(-0.0155798226470588,0.999847695156391,0.00786483418377878));
#2184=DIRECTION('center_axis',(0.892567441664032,0.0174524064372837,-0.450576048620955));
#2185=DIRECTION('ref_axis',(-0.450644683989073,0.,-0.892703404716476));
#2186=DIRECTION('',(-0.0155798226470588,0.999847695156391,0.00786483418377878));
#2187=DIRECTION('center_axis',(0.,1.,0.));
#2188=DIRECTION('ref_axis',(-0.892703404716476,0.,0.450644683989073));
#2189=DIRECTION('',(-0.00942723943477424,0.999847695156391,0.0146871933020429));
#2190=DIRECTION('center_axis',(0.,1.,0.));
#2191=DIRECTION('ref_axis',(-0.540168455774461,0.,0.841556913931693));
#2192=DIRECTION('center_axis',(0.,-1.,0.));
#2193=DIRECTION('ref_axis',(4.14747601342326E-14,0.,-1.));
#2194=CARTESIAN_POINT('',(0.,0.,0.));
#2195=CARTESIAN_POINT('Origin',(5.75498121218329,-2.,8.8868070375162));
#2196=CARTESIAN_POINT('',(3.32422819032277,-2.01745240643728,14.8030876547289));
#2197=CARTESIAN_POINT('',(4.29708850154563,-3.,15.033821762214));
#2198=CARTESIAN_POINT('Origin',(4.29708850154563,-2.,15.033821762214));
#2199=CARTESIAN_POINT('',(3.41667209881596,-3.,18.7459828505821));
#2200=CARTESIAN_POINT('',(5.75498121218329,-3.,8.8868070375162));
#2201=CARTESIAN_POINT('',(2.4438117875931,-2.01745240643728,18.5152487430971));
#2202=CARTESIAN_POINT('Origin',(3.41667209881596,-2.,18.7459828505821));
#2203=CARTESIAN_POINT('',(4.78212090096043,-2.01745240643728,8.65607293003117));
#2204=CARTESIAN_POINT('Origin',(5.75574591387387,-2.,8.88322313811464));
#2205=CARTESIAN_POINT('',(3.32588476385835,-2.01745240643728,14.7961025197658));
#2206=CARTESIAN_POINT('',(4.78288257336745,-2.01745240643728,8.65250180358263));
#2207=CARTESIAN_POINT('',(4.29874810436477,-3.,15.0268238542978));
#2208=CARTESIAN_POINT('Origin',(4.29874810436477,-2.,15.0268238542978));
#2209=CARTESIAN_POINT('',(5.75574591387387,-3.,8.88322313811464));
#2210=CARTESIAN_POINT('Origin',(-18.9438439852695,-2.,-1.50290059795805));
#2211=CARTESIAN_POINT('',(-20.0394107504198,-3.,-6.60705034525862));
#2212=CARTESIAN_POINT('',(-18.6370880861243,-3.,-0.073751685000561));
#2213=CARTESIAN_POINT('',(-18.9438439852695,-3.,-1.50290059795805));
#2214=CARTESIAN_POINT('',(-19.6146700879928,-2.01745240643728,0.136078825488879));
#2215=CARTESIAN_POINT('Origin',(-18.6370880861243,-2.,-0.073751685000561));
#2216=CARTESIAN_POINT('',(-21.0147439215943,-2.01745240643728,-6.38674274999762));
#2217=CARTESIAN_POINT('',(-19.921425987138,-2.01745240643728,-1.29307008746861));
#2218=CARTESIAN_POINT('Origin',(-20.0394107467493,-2.,-6.60705034896384));
#2219=CARTESIAN_POINT('Ctrl Pts',(-18.6370880861247,-2.99999999999996,-0.0737516850061287));
#2220=CARTESIAN_POINT('Ctrl Pts',(-18.6265449846583,-3.00000000000009,-0.0246322970986295));
#2221=CARTESIAN_POINT('Ctrl Pts',(-18.5763520862711,-3.00000000000007,-0.0225005821954776));
#2222=CARTESIAN_POINT('Ctrl Pts',(-18.5261591878839,-3.00000000000005,-0.0203688672923257));
#2223=CARTESIAN_POINT('Ctrl Pts',(-18.5114893191715,-2.99999999999992,-0.0684174490497568));
#2224=CARTESIAN_POINT('Ctrl Pts',(-19.5979015803924,-3.00000000000079,0.132479593352394));
#2225=CARTESIAN_POINT('Ctrl Pts',(-19.4278101403108,-3.00000000000284,0.924920740934865));
#2226=CARTESIAN_POINT('Ctrl Pts',(-18.6180500905039,-3.00000000000254,0.959311613381272));
#2227=CARTESIAN_POINT('Ctrl Pts',(-17.808290040697,-3.00000000000224,0.993702485827678));
#2228=CARTESIAN_POINT('Ctrl Pts',(-17.5716216274181,-3.00000000000004,0.218536611625979));
#2229=CARTESIAN_POINT('Ctrl Pts',(-19.6146700880025,-2.01745240643541,0.136078825444451));
#2230=CARTESIAN_POINT('Ctrl Pts',(-19.4417941454695,-2.0174524064375,0.941492726488335));
#2231=CARTESIAN_POINT('Ctrl Pts',(-18.6187778210218,-2.01745240643719,0.976446598863419));
#2232=CARTESIAN_POINT('Ctrl Pts',(-17.795761496574,-2.01745240643689,1.0114004712385));
#2233=CARTESIAN_POINT('Ctrl Pts',(-17.5552186744675,-2.01745240643465,0.223544650523555));
#2234=CARTESIAN_POINT('',(-18.5114893191732,-3.,-0.0684174490441019));
#2235=CARTESIAN_POINT('',(-17.5552186744818,-2.01745240643728,0.223544650569897));
#2236=CARTESIAN_POINT('Origin',(-18.5114893191732,-2.,-0.0684174490441019));
#2237=CARTESIAN_POINT('Origin',(-18.5735966436679,-2.01745240643728,-0.0873796382125457));
#2238=CARTESIAN_POINT('Origin',(-18.5735966436679,-3.,-0.0873796382125457));
#2239=CARTESIAN_POINT('Origin',(-17.9022815181932,-2.,-2.06377074101052));
#2240=CARTESIAN_POINT('',(-16.3656176136112,-3.,-7.09684381676724));
#2241=CARTESIAN_POINT('',(-15.4093469689198,-2.01745240643728,-6.80488171715324));
#2242=CARTESIAN_POINT('Origin',(-16.3656176136112,-2.,-7.09684381676724));
#2243=CARTESIAN_POINT('',(-16.9460108735018,-2.01745240643728,-1.77180864139652));
#2244=CARTESIAN_POINT('',(-17.9022815181932,-3.,-2.06377074101052));
#2245=CARTESIAN_POINT('Origin',(-20.1577485530658,-2.,-8.25463164309084));
#2246=CARTESIAN_POINT('',(-16.2965155771455,-3.,-9.15552543173475));
#2247=CARTESIAN_POINT('',(-15.3228193081769,-2.01745240643729,-9.38270595314072));
#2248=CARTESIAN_POINT('Origin',(-16.2965155771455,-2.,-9.15552543173475));
#2249=CARTESIAN_POINT('Origin',(-20.1577485530658,-2.01745240643729,-8.25463164309084));
#2250=CARTESIAN_POINT('Origin',(-20.1577485530658,-3.,-8.25463164309084));
#2251=CARTESIAN_POINT('Origin',(-0.973009914310001,-2.,-12.7307697016323));
#2252=CARTESIAN_POINT('',(-16.2830597581243,-3.,-16.3632029313431));
#2253=CARTESIAN_POINT('',(-15.3102185076493,-2.01745240643728,-16.1323884714616));
#2254=CARTESIAN_POINT('Origin',(-16.2830597581243,-2.,-16.3632029313431));
#2255=CARTESIAN_POINT('Origin',(-0.973009914310001,-2.01745240643728,-12.7307697016323));
#2256=CARTESIAN_POINT('Origin',(-0.973009914310001,-3.,-12.7307697016323));
#2257=CARTESIAN_POINT('Origin',(-3.01632724729513,-2.,-13.2153846564974));
#2258=CARTESIAN_POINT('',(10.250705396845,-3.,-10.0688315857603));
#2259=CARTESIAN_POINT('',(9.27784507992789,-2.01745240643728,-10.2995656692364));
#2260=CARTESIAN_POINT('Origin',(10.250705396845,-2.,-10.0688315857603));
#2261=CARTESIAN_POINT('Origin',(-3.01632724729513,-2.01745240643728,-13.2153846564974));
#2262=CARTESIAN_POINT('Origin',(-3.01632724729513,-3.,-13.2153846564974));
#2263=CARTESIAN_POINT('Origin',(8.73178949180771,-2.,-3.66451980684632));
#2264=CARTESIAN_POINT('',(7.75892917489562,-2.01745240643728,-3.89525389034342));
#2265=CARTESIAN_POINT('',(8.73178949180771,-3.,-3.66451980684632));
#2266=CARTESIAN_POINT('Origin',(12.1396326319483,-2.,20.8148145670739));
#2267=CARTESIAN_POINT('',(4.47520078032957,-3.,25.4652542802236));
#2268=CARTESIAN_POINT('',(3.62039677466446,-2.01745240643729,25.983911706092));
#2269=CARTESIAN_POINT('Origin',(4.47520078032957,-2.,25.4652542802236));
#2270=CARTESIAN_POINT('Origin',(12.1396326319483,-2.01745240643729,20.8148145670739));
#2271=CARTESIAN_POINT('Origin',(12.1396326319483,-3.,20.8148145670739));
#2272=CARTESIAN_POINT('Origin',(1.4529549283582,-2.,27.2990199663182));
#2273=CARTESIAN_POINT('',(2.53268224441601,-3.,30.6651535798599));
#2274=CARTESIAN_POINT('',(2.22729503238949,-2.01745240643728,29.71308527126));
#2275=CARTESIAN_POINT('Origin',(2.53268224441601,-2.,30.6651535798599));
#2276=CARTESIAN_POINT('Origin',(1.4529549283582,-2.01745240643728,27.2990199663182));
#2277=CARTESIAN_POINT('Origin',(1.4529549283582,-3.,27.2990199663182));
#2278=CARTESIAN_POINT('Origin',(-0.522087358055326,-2.,21.1416725235063));
#2279=CARTESIAN_POINT('',(-5.92453643651839,-3.,29.5584327499546));
#2280=CARTESIAN_POINT('',(-5.38445025101611,-2.01745240643728,28.7170040092171));
#2281=CARTESIAN_POINT('Origin',(-5.92453643651839,-2.,29.5584327499546));
#2282=CARTESIAN_POINT('Origin',(-0.522087358055326,-2.01745240643728,21.1416725235063));
#2283=CARTESIAN_POINT('Origin',(-0.522087358055326,-3.,21.1416725235063));
#2284=CARTESIAN_POINT('Origin',(3.37673322223723,-2.,15.0674944028677));
#2285=CARTESIAN_POINT('',(-11.9949068722449,-3.,22.8272361672353));
#2286=CARTESIAN_POINT('',(-11.1023394305809,-2.01745240643728,22.3766601186144));
#2287=CARTESIAN_POINT('Origin',(-11.9949068722449,-2.,22.8272361672353));
#2288=CARTESIAN_POINT('Origin',(3.37673322223723,-2.01745240643728,15.0674944028677));
#2289=CARTESIAN_POINT('Origin',(3.37673322223723,-3.,15.0674944028677));
#2290=CARTESIAN_POINT('Origin',(-15.5811293352456,-2.,15.7231181857414));
#2291=CARTESIAN_POINT('',(-24.2684800628135,-3.,-1.48606645129307));
#2292=CARTESIAN_POINT('',(-23.3759126211494,-2.01745240643728,-1.93664249991402));
#2293=CARTESIAN_POINT('Origin',(-24.2684800628135,-2.,-1.48606645129307));
#2294=CARTESIAN_POINT('',(-14.6885618935815,-2.01745240643728,15.2725421371205));
#2295=CARTESIAN_POINT('',(-15.5811293352456,-3.,15.7231181857414));
#2296=CARTESIAN_POINT('Ctrl Pts',(-24.2684800628127,-2.99999999999999,-1.48606645129127));
#2297=CARTESIAN_POINT('Ctrl Pts',(-24.2912034459947,-3.00000000000003,-1.53108027760426));
#2298=CARTESIAN_POINT('Ctrl Pts',(-24.340443019253,-3.00000000000003,-1.52021468383729));
#2299=CARTESIAN_POINT('Ctrl Pts',(-24.3896825925113,-3.00000000000003,-1.50934909007033));
#2300=CARTESIAN_POINT('Ctrl Pts',(-24.3913519724773,-2.99999999999998,-1.45895256367119));
#2301=CARTESIAN_POINT('Ctrl Pts',(-23.3912228702164,-3.0000000000001,-1.92891374887213));
#2302=CARTESIAN_POINT('Ctrl Pts',(-23.75781831476,-3.00000000000087,-2.65512003319582));
#2303=CARTESIAN_POINT('Ctrl Pts',(-24.5521984078668,-3.00000000000082,-2.47982583754994));
#2304=CARTESIAN_POINT('Ctrl Pts',(-25.3465785009735,-3.00000000000076,-2.30453164190405));
#2305=CARTESIAN_POINT('Ctrl Pts',(-25.3735105421155,-2.99999999999996,-1.49148646941281));
#2306=CARTESIAN_POINT('Ctrl Pts',(-23.3759126211422,-2.01745240643654,-1.9366424998997));
#2307=CARTESIAN_POINT('Ctrl Pts',(-23.7485094606628,-2.01745240643733,-2.67473723186192));
#2308=CARTESIAN_POINT('Ctrl Pts',(-24.5558940489741,-2.01745240643727,-2.49657336142629));
#2309=CARTESIAN_POINT('Ctrl Pts',(-25.3632786372853,-2.01745240643722,-2.31840949099066));
#2310=CARTESIAN_POINT('Ctrl Pts',(-25.3906515726579,-2.0174524064364,-1.49205426435974));
#2311=CARTESIAN_POINT('',(-24.3913519724772,-3.,-1.45895256367321));
#2312=CARTESIAN_POINT('',(-25.3906515726573,-2.01745240643729,-1.49205426437627));
#2313=CARTESIAN_POINT('Origin',(-24.3913519724772,-2.,-1.45895256367321));
#2314=CARTESIAN_POINT('Origin',(-24.3264500277398,-2.01745240643729,-1.45680269315454));
#2315=CARTESIAN_POINT('Origin',(-24.3264500277398,-3.,-1.45680269315454));
#2316=CARTESIAN_POINT('Origin',(-24.4096575287335,-2.,-0.906330352140719));
#2317=CARTESIAN_POINT('',(-24.6107969166292,-3.,5.16582019104956));
#2318=CARTESIAN_POINT('',(-25.6100965168093,-2.01745240643728,5.1327184903465));
#2319=CARTESIAN_POINT('Origin',(-24.6107969166292,-2.,5.16582019104956));
#2320=CARTESIAN_POINT('',(-25.4089571289136,-2.01745240643728,-0.939432052843782));
#2321=CARTESIAN_POINT('',(-24.4096575287335,-3.,-0.906330352140719));
#2322=CARTESIAN_POINT('Origin',(-17.6496774033107,-2.,5.39640658840885));
#2323=CARTESIAN_POINT('',(-23.465873574108,-3.,9.22814471465824));
#2324=CARTESIAN_POINT('',(-24.3008143472015,-2.01745240643729,9.77820772826257));
#2325=CARTESIAN_POINT('Origin',(-23.465873574108,-2.,9.22814471465824));
#2326=CARTESIAN_POINT('Origin',(-17.6496774033107,-2.01745240643729,5.39640658840885));
#2327=CARTESIAN_POINT('Origin',(-17.6496774033107,-3.,5.39640658840885));
#2328=CARTESIAN_POINT('Origin',(-22.3767273755376,-2.,10.8813599764653));
#2329=CARTESIAN_POINT('',(-12.8575072633521,-3.,25.3305863435246));
#2330=CARTESIAN_POINT('',(-13.6924480364457,-2.01745240643728,25.8806493571289));
#2331=CARTESIAN_POINT('Origin',(-12.8575072633521,-2.,25.3305863435246));
#2332=CARTESIAN_POINT('',(-23.2116681486312,-2.01745240643728,11.4314229900696));
#2333=CARTESIAN_POINT('',(-22.3767273755376,-3.,10.8813599764653));
#2334=CARTESIAN_POINT('Ctrl Pts',(-12.8575072633521,-3.,25.3305863435246));
#2335=CARTESIAN_POINT('Ctrl Pts',(-12.3393442948305,-3.,26.1171060309528));
#2336=CARTESIAN_POINT('Ctrl Pts',(-10.6913172352915,-3.,28.4008486566328));
#2337=CARTESIAN_POINT('Ctrl Pts',(-7.94262640126676,-3.,31.0633889021031));
#2338=CARTESIAN_POINT('Ctrl Pts',(-4.53662139273661,-3.,32.7438448035557));
#2339=CARTESIAN_POINT('Ctrl Pts',(-1.74664291265612,-3.,33.3243426746439));
#2340=CARTESIAN_POINT('Ctrl Pts',(1.09604043473893,-3.,33.1675944621868));
#2341=CARTESIAN_POINT('Ctrl Pts',(2.91987733995328,-3.,32.667354276814));
#2342=CARTESIAN_POINT('Ctrl Pts',(3.80694161123335,-3.,32.3507740195684));
#2343=CARTESIAN_POINT('Ctrl Pts',(-13.1045828815783,-3.,25.4933609540471));
#2344=CARTESIAN_POINT('Ctrl Pts',(-12.5817098330619,-3.,26.2870300729674));
#2345=CARTESIAN_POINT('Ctrl Pts',(-10.9166498446867,-3.,28.5944222881018));
#2346=CARTESIAN_POINT('Ctrl Pts',(-8.12461451749275,-3.,31.3032665794728));
#2347=CARTESIAN_POINT('Ctrl Pts',(-4.6356502592789,-3.,33.0262564521727));
#2348=CARTESIAN_POINT('Ctrl Pts',(-1.76789159011613,-3.,33.6230436241973));
#2349=CARTESIAN_POINT('Ctrl Pts',(1.14725238532934,-3.,33.461366769834));
#2350=CARTESIAN_POINT('Ctrl Pts',(3.00519053410756,-3.,32.9510599209289));
#2351=CARTESIAN_POINT('Ctrl Pts',(3.90639145848754,-3.,32.6294344990658));
#2352=CARTESIAN_POINT('Ctrl Pts',(-13.5325158603511,-2.75472045954891,25.7752852671362));
#2353=CARTESIAN_POINT('Ctrl Pts',(-13.0015456881249,-2.75472045954891,26.5812450119721));
#2354=CARTESIAN_POINT('Ctrl Pts',(-11.306748428625,-2.75472045954891,28.9297638155171));
#2355=CARTESIAN_POINT('Ctrl Pts',(-8.43922124707538,-2.75472045954891,31.7187373191349));
#2356=CARTESIAN_POINT('Ctrl Pts',(-4.80698166007466,-2.75472045954891,33.5152256604635));
#2357=CARTESIAN_POINT('Ctrl Pts',(-1.80464531014577,-2.75472045954891,34.1400960885495));
#2358=CARTESIAN_POINT('Ctrl Pts',(1.23564856451525,-2.75472045954891,33.970058091358));
#2359=CARTESIAN_POINT('Ctrl Pts',(3.15313447180707,-2.75472045954891,33.4423707942544));
#2360=CARTESIAN_POINT('Ctrl Pts',(4.07863779213846,-2.75472045954891,33.1120722029141));
#2361=CARTESIAN_POINT('Ctrl Pts',(-13.6892139883631,-2.23932475680972,25.8785187506336));
#2362=CARTESIAN_POINT('Ctrl Pts',(-13.1552490482096,-2.23932475680972,26.6890242543854));
#2363=CARTESIAN_POINT('Ctrl Pts',(-11.4496788427347,-2.23932475680972,29.0525211944533));
#2364=CARTESIAN_POINT('Ctrl Pts',(-8.55471450747554,-2.23932475680972,31.8708698656328));
#2365=CARTESIAN_POINT('Ctrl Pts',(-4.86981008804344,-2.23932475680972,33.6943549686037));
#2366=CARTESIAN_POINT('Ctrl Pts',(-1.8181275581355,-2.23932475680972,34.3295724541348));
#2367=CARTESIAN_POINT('Ctrl Pts',(1.26816554760319,-2.23932475680972,34.156386767495));
#2368=CARTESIAN_POINT('Ctrl Pts',(3.20721829888197,-2.23932475680972,33.6223082172845));
#2369=CARTESIAN_POINT('Ctrl Pts',(4.14171000058902,-2.23932475680972,33.2888018041659));
#2370=CARTESIAN_POINT('Ctrl Pts',(-13.6924480364457,-2.01745240643728,25.8806493571289));
#2371=CARTESIAN_POINT('Ctrl Pts',(-13.1584340056319,-2.01745240643728,26.6912293756051));
#2372=CARTESIAN_POINT('Ctrl Pts',(-11.452591933802,-2.01745240643728,29.0550701613769));
#2373=CARTESIAN_POINT('Ctrl Pts',(-8.55697342652691,-2.01745240643728,31.8740106364703));
#2374=CARTESIAN_POINT('Ctrl Pts',(-4.87106785686416,-2.01745240643728,33.6980172931128));
#2375=CARTESIAN_POINT('Ctrl Pts',(-1.81839558582726,-2.01745240643728,34.3334211570504));
#2376=CARTESIAN_POINT('Ctrl Pts',(1.26877327376308,-2.01745240643728,34.1602072201838));
#2377=CARTESIAN_POINT('Ctrl Pts',(3.20837268942637,-2.01745240643728,33.6260082723134));
#2378=CARTESIAN_POINT('Ctrl Pts',(4.14301172995482,-2.01745240643728,33.2924492761256));
#2379=CARTESIAN_POINT('',(3.80694161123335,-3.,32.3507740195684));
#2380=CARTESIAN_POINT('',(4.14301172995482,-2.01745240643728,33.2924492761256));
#2381=CARTESIAN_POINT('Origin',(3.80694161123335,-2.,32.3507740195684));
#2382=CARTESIAN_POINT('Ctrl Pts',(4.14301172995482,-2.01745240643728,33.2924492761256));
#2383=CARTESIAN_POINT('Ctrl Pts',(3.20837268942637,-2.01745240643728,33.6260082723134));
#2384=CARTESIAN_POINT('Ctrl Pts',(1.26877327376308,-2.01745240643728,34.1602072201838));
#2385=CARTESIAN_POINT('Ctrl Pts',(-1.81839558582726,-2.01745240643728,34.3334211570504));
#2386=CARTESIAN_POINT('Ctrl Pts',(-4.87106785686416,-2.01745240643728,33.6980172931128));
#2387=CARTESIAN_POINT('Ctrl Pts',(-8.55697342652691,-2.01745240643728,31.8740106364703));
#2388=CARTESIAN_POINT('Ctrl Pts',(-11.452591933802,-2.01745240643728,29.0550701613769));
#2389=CARTESIAN_POINT('Ctrl Pts',(-13.1584340056319,-2.01745240643728,26.6912293756051));
#2390=CARTESIAN_POINT('Ctrl Pts',(-13.6924480364457,-2.01745240643728,25.8806493571289));
#2391=CARTESIAN_POINT('Ctrl Pts',(-12.8575072633521,-3.,25.3305863435246));
#2392=CARTESIAN_POINT('Ctrl Pts',(-12.3393442948305,-3.,26.1171060309528));
#2393=CARTESIAN_POINT('Ctrl Pts',(-10.6913172352915,-3.,28.4008486566328));
#2394=CARTESIAN_POINT('Ctrl Pts',(-7.94262640126676,-3.,31.0633889021031));
#2395=CARTESIAN_POINT('Ctrl Pts',(-4.53662139273661,-3.,32.7438448035557));
#2396=CARTESIAN_POINT('Ctrl Pts',(-1.74664291265612,-3.,33.3243426746439));
#2397=CARTESIAN_POINT('Ctrl Pts',(1.09604043473893,-3.,33.1675944621868));
#2398=CARTESIAN_POINT('Ctrl Pts',(2.91987733995328,-3.,32.667354276814));
#2399=CARTESIAN_POINT('Ctrl Pts',(3.80694161123335,-3.,32.3507740195684));
#2400=CARTESIAN_POINT('Ctrl Pts',(3.80694161123335,-3.,32.3507740195684));
#2401=CARTESIAN_POINT('Ctrl Pts',(4.42591402428147,-3.,32.1298718233071));
#2402=CARTESIAN_POINT('Ctrl Pts',(5.61999972410069,-3.,31.5652037712989));
#2403=CARTESIAN_POINT('Ctrl Pts',(6.67979111643499,-3.,30.7768302099679));
#2404=CARTESIAN_POINT('Ctrl Pts',(7.16577953454534,-3.,30.3344052040175));
#2405=CARTESIAN_POINT('Ctrl Pts',(3.90639145848754,-3.,32.6294344990658));
#2406=CARTESIAN_POINT('Ctrl Pts',(4.54374298362715,-3.,32.4019752586787));
#2407=CARTESIAN_POINT('Ctrl Pts',(5.77328139936377,-3.,31.8205381624339));
#2408=CARTESIAN_POINT('Ctrl Pts',(6.86454171880926,-3.,31.0087594192622));
#2409=CARTESIAN_POINT('Ctrl Pts',(7.3649586283157,-3.,30.5531964825397));
#2410=CARTESIAN_POINT('Ctrl Pts',(4.07863985578259,-2.75472567984382,33.1120779852866));
#2411=CARTESIAN_POINT('Ctrl Pts',(4.74782219707625,-2.75472567984382,32.8732572390315));
#2412=CARTESIAN_POINT('Ctrl Pts',(6.03876903172202,-2.75472567984382,32.2627836092281));
#2413=CARTESIAN_POINT('Ctrl Pts',(7.18452898560742,-2.75472567984382,31.4104597795486));
#2414=CARTESIAN_POINT('Ctrl Pts',(7.70993934597268,-2.75472567984382,30.9321457530325));
#2415=CARTESIAN_POINT('Ctrl Pts',(4.14171000058902,-2.23932475680972,33.288801804166));
#2416=CARTESIAN_POINT('Ctrl Pts',(4.82254741529018,-2.23932475680972,33.0458208654464));
#2417=CARTESIAN_POINT('Ctrl Pts',(6.13597951073278,-2.23932475680972,32.42471541502));
#2418=CARTESIAN_POINT('Ctrl Pts',(7.30169485576755,-2.23932475680972,31.5575455445574));
#2419=CARTESIAN_POINT('Ctrl Pts',(7.83625682793322,-2.23932475680972,31.0709010955471));
#2420=CARTESIAN_POINT('Ctrl Pts',(4.14301172995483,-2.01745240643728,33.2924492761256));
#2421=CARTESIAN_POINT('Ctrl Pts',(4.82408971445662,-2.01745240643728,33.0493825102567));
#2422=CARTESIAN_POINT('Ctrl Pts',(6.13798586130484,-2.01745240643728,32.4280575646986));
#2423=CARTESIAN_POINT('Ctrl Pts',(7.30411311271917,-2.01745240643728,31.5605813366764));
#2424=CARTESIAN_POINT('Ctrl Pts',(7.83886394380694,-2.01745240643728,31.0737649212854));
#2425=CARTESIAN_POINT('',(7.16577953454534,-3.,30.3344052040175));
#2426=CARTESIAN_POINT('',(7.83886394380694,-2.01745240643728,31.0737649212854));
#2427=CARTESIAN_POINT('Origin',(7.16577953454534,-2.,30.3344052040175));
#2428=CARTESIAN_POINT('Ctrl Pts',(7.83886394380694,-2.01745240643728,31.0737649212854));
#2429=CARTESIAN_POINT('Ctrl Pts',(7.30411311271917,-2.01745240643728,31.5605813366764));
#2430=CARTESIAN_POINT('Ctrl Pts',(6.13798586130484,-2.01745240643728,32.4280575646986));
#2431=CARTESIAN_POINT('Ctrl Pts',(4.82408971445662,-2.01745240643728,33.0493825102567));
#2432=CARTESIAN_POINT('Ctrl Pts',(4.14301172995483,-2.01745240643728,33.2924492761256));
#2433=CARTESIAN_POINT('Ctrl Pts',(3.80694161123335,-3.,32.3507740195684));
#2434=CARTESIAN_POINT('Ctrl Pts',(4.42591402428147,-3.,32.1298718233071));
#2435=CARTESIAN_POINT('Ctrl Pts',(5.61999972410069,-3.,31.5652037712989));
#2436=CARTESIAN_POINT('Ctrl Pts',(6.67979111643499,-3.,30.7768302099679));
#2437=CARTESIAN_POINT('Ctrl Pts',(7.16577953454534,-3.,30.3344052040175));
#2438=CARTESIAN_POINT('Origin',(-0.973008510840639,-2.,21.3942307692215));
#2439=CARTESIAN_POINT('',(10.790603612937,-3.,24.1842163558525));
#2440=CARTESIAN_POINT('',(11.7634639298492,-2.01745240643728,24.4149504393492));
#2441=CARTESIAN_POINT('Origin',(10.790603612937,-2.,24.1842163558525));
#2442=CARTESIAN_POINT('Origin',(-0.973008510840639,-2.01745240643728,21.3942307692215));
#2443=CARTESIAN_POINT('Origin',(-0.973008510840639,-3.,21.3942307692215));
#2444=CARTESIAN_POINT('Origin',(13.1029087009037,-2.,14.434682058282));
#2445=CARTESIAN_POINT('',(18.453045635647,-3.,-8.12347595184729));
#2446=CARTESIAN_POINT('',(19.425905952559,-2.01745240643728,-7.89274186834988));
#2447=CARTESIAN_POINT('Origin',(18.453045635647,-2.,-8.12347595184729));
#2448=CARTESIAN_POINT('',(14.0757690178157,-2.01745240643728,14.6654161417794));
#2449=CARTESIAN_POINT('',(13.1029087009037,-3.,14.434682058282));
#2450=CARTESIAN_POINT('Origin',(-0.97300851082104,-2.,-12.7307692307692));
#2451=CARTESIAN_POINT('',(-20.3990626572892,-3.,-8.12347595184795));
#2452=CARTESIAN_POINT('',(-21.3719229742015,-2.01745240643729,-7.89274186835143));
#2453=CARTESIAN_POINT('Origin',(-20.3990626572892,-2.,-8.12347595184795));
#2454=CARTESIAN_POINT('Origin',(-0.973008510821038,-2.01745240643729,-12.7307692307692));
#2455=CARTESIAN_POINT('Origin',(-0.97300851082104,-3.,-12.7307692307692));
#2456=CARTESIAN_POINT('Origin',(-18.9780462014896,-2.,-2.13194449450312));
#2457=CARTESIAN_POINT('',(-19.9509065184028,-2.01745240643728,-1.90121041101044));
#2458=CARTESIAN_POINT('',(-18.9780462014896,-3.,-2.13194449450312));
#2459=CARTESIAN_POINT('Origin',(-11.0709030919831,0.,22.3607907729859));
#2460=CARTESIAN_POINT('',(-23.3444762825516,0.,-1.95251184554252));
#2461=CARTESIAN_POINT('',(-23.3444762825516,0.,-1.95251184554252));
#2462=CARTESIAN_POINT('',(-11.0709030919831,0.,22.3607907729859));
#2463=CARTESIAN_POINT('',(-11.0709030919831,0.,22.3607907729859));
#2464=CARTESIAN_POINT('',(-11.0709030919831,0.,22.3607907729859));
#2465=CARTESIAN_POINT('Origin',(-24.3264500277398,0.,-1.45680269315454));
#2466=CARTESIAN_POINT('',(-25.4258470314266,0.,-1.49322011047695));
#2467=CARTESIAN_POINT('',(-25.4258470314266,0.,-1.49322011047695));
#2468=CARTESIAN_POINT('Origin',(-24.3264500277398,0.,-1.45680269315454));
#2469=CARTESIAN_POINT('Origin',(-25.4258470314266,0.,-1.49322011047695));
#2470=CARTESIAN_POINT('',(-25.6452919755786,0.,5.13155264424581));
#2471=CARTESIAN_POINT('',(-25.6452919755786,0.,5.13155264424581));
#2472=CARTESIAN_POINT('',(-25.4258470314266,0.,-1.49322011047695));
#2473=CARTESIAN_POINT('Origin',(-17.6496774033107,0.,5.39640658840885));
#2474=CARTESIAN_POINT('',(-24.3302210672172,0.,9.79758101742665));
#2475=CARTESIAN_POINT('',(-24.3302210672172,0.,9.79758101742665));
#2476=CARTESIAN_POINT('Origin',(-17.6496774033107,0.,5.39640658840885));
#2477=CARTESIAN_POINT('Origin',(-24.3302210672172,0.,9.79758101742665));
#2478=CARTESIAN_POINT('',(-13.7218547564613,0.,25.900022646293));
#2479=CARTESIAN_POINT('',(-13.7218547564613,0.,25.900022646293));
#2480=CARTESIAN_POINT('',(-24.3302210672172,0.,9.79758101742665));
#2481=CARTESIAN_POINT('Ctrl Pts',(4.15488034263999,1.05723491762705E-5,
33.3256039093783));
#2482=CARTESIAN_POINT('Ctrl Pts',(4.1509347996318,-0.672481533747475,33.3145484790434));
#2483=CARTESIAN_POINT('Ctrl Pts',(4.14698925563651,-1.34497363984413,33.3034930450553));
#2484=CARTESIAN_POINT('Ctrl Pts',(4.14304371262831,-2.01746574594077,33.2924376147205));
#2485=CARTESIAN_POINT('Ctrl Pts',(0.923810025456476,1.05723491762705E-5,
34.4787319245911));
#2486=CARTESIAN_POINT('Ctrl Pts',(0.921758791316796,-0.672481533747473,
34.4668661140431));
#2487=CARTESIAN_POINT('Ctrl Pts',(0.919806858726849,-1.34497363984413,34.4553678263504));
#2488=CARTESIAN_POINT('Ctrl Pts',(0.917755624314767,-2.01746574594077,34.4435020147942));
#2489=CARTESIAN_POINT('Ctrl Pts',(-3.70885004688162,1.05723491762706E-5,
34.547661869481));
#2490=CARTESIAN_POINT('Ctrl Pts',(-3.7058797218013,-0.672481533747477,34.5356351655233));
#2491=CARTESIAN_POINT('Ctrl Pts',(-3.70293762259003,-1.34497363984413,34.5235278761884));
#2492=CARTESIAN_POINT('Ctrl Pts',(-3.69996729743227,-2.01746574594078,34.5115011724519));
#2493=CARTESIAN_POINT('Ctrl Pts',(-9.30832440019256,1.05723491762705E-5,
31.4702115993039));
#2494=CARTESIAN_POINT('Ctrl Pts',(-9.30048976446373,-0.672481533747473,
31.4611585977683));
#2495=CARTESIAN_POINT('Ctrl Pts',(-9.29264330865951,-1.34497363984413,31.4521494759967));
#2496=CARTESIAN_POINT('Ctrl Pts',(-9.28480867296311,-2.01746574594077,31.4430964743406));
#2497=CARTESIAN_POINT('Ctrl Pts',(-12.2829793308466,1.05723491762705E-5,
28.0840979286664));
#2498=CARTESIAN_POINT('Ctrl Pts',(-12.2736808962459,-0.672481533747476,
28.0768698054185));
#2499=CARTESIAN_POINT('Ctrl Pts',(-12.2643733869079,-1.34497363984413,28.0696715934919));
#2500=CARTESIAN_POINT('Ctrl Pts',(-12.2550749523319,-2.01746574594077,28.062443470162));
#2501=CARTESIAN_POINT('Ctrl Pts',(-13.7218763655511,1.05723491762705E-5,
25.8999901812485));
#2502=CARTESIAN_POINT('Ctrl Pts',(-13.7120740018509,-0.672481533747475,
25.8935323531388));
#2503=CARTESIAN_POINT('Ctrl Pts',(-13.702271638286,-1.34497363984413,25.8870745245831));
#2504=CARTESIAN_POINT('Ctrl Pts',(-13.6924692745858,-2.01746574594077,25.8806166964734));
#2505=CARTESIAN_POINT('',(4.15484816219689,-5.95857324909163E-10,33.3256151981977));
#2506=CARTESIAN_POINT('',(4.15484816219689,0.,33.3256151981977));
#2507=CARTESIAN_POINT('Ctrl Pts',(-13.7218547564613,0.,25.900022646293));
#2508=CARTESIAN_POINT('Ctrl Pts',(-13.0785028059133,0.,26.8765667179295));
#2509=CARTESIAN_POINT('Ctrl Pts',(-11.7753152648443,0.,28.6703778428331));
#2510=CARTESIAN_POINT('Ctrl Pts',(-9.77110672975209,0.,30.8836495338229));
#2511=CARTESIAN_POINT('Ctrl Pts',(-6.99561812576601,0.,32.9736118976066));
#2512=CARTESIAN_POINT('Ctrl Pts',(-3.50949845794811,0.,34.2783232231607));
#2513=CARTESIAN_POINT('Ctrl Pts',(-0.504297123975683,0.,34.4554497692689));
#2514=CARTESIAN_POINT('Ctrl Pts',(1.88790048198475,0.,34.0512719338051));
#2515=CARTESIAN_POINT('Ctrl Pts',(3.48379415182665,0.,33.5651045543884));
#2516=CARTESIAN_POINT('Ctrl Pts',(4.15484816219689,0.,33.3256151981977));
#2517=CARTESIAN_POINT('Origin',(0.457507340444659,-0.201745179868995,22.9656006503642));
#2518=CARTESIAN_POINT('',(7.86257006214237,7.9443756163677E-10,31.0998052643818));
#2519=CARTESIAN_POINT('',(7.86257006214238,0.,31.0998052643818));
#2520=CARTESIAN_POINT('Origin',(0.457513734318243,0.,22.9656094970192));
#2521=CARTESIAN_POINT('Origin',(-0.973008510840639,0.,21.3942307692215));
#2522=CARTESIAN_POINT('',(11.7977281937056,0.,24.4230769230594));
#2523=CARTESIAN_POINT('',(11.7977281937056,0.,24.4230769230594));
#2524=CARTESIAN_POINT('Origin',(-0.973008510840639,0.,21.3942307692215));
#2525=CARTESIAN_POINT('Origin',(11.7977281937056,0.,24.4230769230594));
#2526=CARTESIAN_POINT('',(19.4601702164154,0.,-7.88461538463978));
#2527=CARTESIAN_POINT('',(19.4601702164154,0.,-7.88461538463978));
#2528=CARTESIAN_POINT('',(11.7977281937056,0.,24.4230769230594));
#2529=CARTESIAN_POINT('Origin',(-0.97300851082104,0.,-12.7307692307692));
#2530=CARTESIAN_POINT('',(-21.4061872380579,0.,-7.88461538464146));
#2531=CARTESIAN_POINT('',(-21.4061872380579,0.,-7.88461538464146));
#2532=CARTESIAN_POINT('Origin',(-0.97300851082104,0.,-12.7307692307692));
#2533=CARTESIAN_POINT('Origin',(-21.4061872380579,0.,-7.88461538464146));
#2534=CARTESIAN_POINT('',(-21.049095279821,0.,-6.37898348839606));
#2535=CARTESIAN_POINT('',(-21.0490977435297,0.000144693405758599,-6.37898293189533));
#2536=CARTESIAN_POINT('',(-21.4061872380579,0.,-7.88461538464146));
#2537=CARTESIAN_POINT('Origin',(-21.049095279821,0.,-6.37898348839606));
#2538=CARTESIAN_POINT('',(-19.6491006501928,0.,0.143469082704176));
#2539=CARTESIAN_POINT('',(-19.6491006501928,0.,0.143469082704176));
#2540=CARTESIAN_POINT('',(-21.049095279821,0.,-6.37898348839606));
#2541=CARTESIAN_POINT('Origin',(-2.81134295707133,-3.,0.36234026925523));
#2542=CARTESIAN_POINT('Origin',(5.75580928052725,2.,8.88331451216487));
#2543=CARTESIAN_POINT('',(3.32588465736697,2.01745240643728,14.796102968786));
#2544=CARTESIAN_POINT('',(4.29874497427907,3.,15.0268370522831));
#2545=CARTESIAN_POINT('Origin',(4.29874497427907,2.,15.0268370522831));
#2546=CARTESIAN_POINT('',(10.2507053968402,3.,-10.0688315857401));
#2547=CARTESIAN_POINT('',(5.75580928052725,3.,8.88331451216487));
#2548=CARTESIAN_POINT('',(9.27784507992807,2.01745240643728,-10.2995656692372));
#2549=CARTESIAN_POINT('Origin',(10.2507053968402,2.,-10.0688315857401));
#2550=CARTESIAN_POINT('',(4.78294896361516,2.01745240643728,8.65258042866777));
#2551=CARTESIAN_POINT('Origin',(5.75491768045196,2.,8.88671548066369));
#2552=CARTESIAN_POINT('',(3.32422829701452,2.01745240643728,14.8030872048639));
#2553=CARTESIAN_POINT('',(4.78205433994554,2.01745240643728,8.65599414613169));
#2554=CARTESIAN_POINT('',(4.29709163752095,3.,15.0338085393959));
#2555=CARTESIAN_POINT('Origin',(4.29709163752095,2.,15.0338085393959));
#2556=CARTESIAN_POINT('',(5.75491768045196,3.,8.88671548066369));
#2557=CARTESIAN_POINT('Origin',(-18.7995002223711,2.,-1.37912854638042));
#2558=CARTESIAN_POINT('',(-20.039410751656,3.,-6.60705035073164));
#2559=CARTESIAN_POINT('',(-20.3990626572884,3.,-8.12347595184425));
#2560=CARTESIAN_POINT('',(-18.7995002223711,3.,-1.37912854638042));
#2561=CARTESIAN_POINT('',(-21.3719229742015,2.01745240643728,-7.89274186835157));
#2562=CARTESIAN_POINT('Origin',(-20.3990626572884,2.,-8.12347595184425));
#2563=CARTESIAN_POINT('',(-21.0147439215943,2.01745240643728,-6.38674274999741));
#2564=CARTESIAN_POINT('',(-19.7723605392843,2.01745240643728,-1.14839446288774));
#2565=CARTESIAN_POINT('Origin',(-20.0394107467493,2.,-6.60705034896383));
#2566=CARTESIAN_POINT('Origin',(-0.97300851082104,2.,-12.7307692307692));
#2567=CARTESIAN_POINT('',(18.4530456356468,3.,-8.1234759518465));
#2568=CARTESIAN_POINT('',(19.425905952559,2.01745240643729,-7.89274186834991));
#2569=CARTESIAN_POINT('Origin',(18.4530456356468,2.,-8.1234759518465));
#2570=CARTESIAN_POINT('Origin',(-0.973008510821038,2.01745240643729,-12.7307692307692));
#2571=CARTESIAN_POINT('Origin',(-0.97300851082104,3.,-12.7307692307692));
#2572=CARTESIAN_POINT('Origin',(16.9341297122586,2.,-1.71916409556757));
#2573=CARTESIAN_POINT('',(10.7906036129372,3.,24.1842163558518));
#2574=CARTESIAN_POINT('',(11.7634639298492,2.01745240643728,24.4149504393492));
#2575=CARTESIAN_POINT('Origin',(10.7906036129372,2.,24.1842163558518));
#2576=CARTESIAN_POINT('',(17.9069900291706,2.01745240643728,-1.48843001207016));
#2577=CARTESIAN_POINT('',(16.9341297122586,3.,-1.71916409556757));
#2578=CARTESIAN_POINT('Origin',(-0.973008510840639,2.,21.3942307692215));
#2579=CARTESIAN_POINT('',(7.16577953454535,3.,30.3344052040175));
#2580=CARTESIAN_POINT('',(7.83886394380693,2.01745240643728,31.0737649212854));
#2581=CARTESIAN_POINT('Origin',(7.16577953454535,2.,30.3344052040175));
#2582=CARTESIAN_POINT('Origin',(-0.973008510840638,2.01745240643728,21.3942307692215));
#2583=CARTESIAN_POINT('Origin',(-0.973008510840639,3.,21.3942307692215));
#2584=CARTESIAN_POINT('Ctrl Pts',(7.16577953454534,3.,30.3344052040175));
#2585=CARTESIAN_POINT('Ctrl Pts',(6.67979111643498,3.,30.7768302099679));
#2586=CARTESIAN_POINT('Ctrl Pts',(5.61999972410068,3.,31.5652037712989));
#2587=CARTESIAN_POINT('Ctrl Pts',(4.42591402428148,3.,32.1298718233071));
#2588=CARTESIAN_POINT('Ctrl Pts',(3.80694161123336,3.,32.3507740195684));
#2589=CARTESIAN_POINT('Ctrl Pts',(7.3649586283157,3.,30.5531964825397));
#2590=CARTESIAN_POINT('Ctrl Pts',(6.86454171880925,3.,31.0087594192622));
#2591=CARTESIAN_POINT('Ctrl Pts',(5.77328139936376,3.,31.8205381624339));
#2592=CARTESIAN_POINT('Ctrl Pts',(4.54374298362715,3.,32.4019752586787));
#2593=CARTESIAN_POINT('Ctrl Pts',(3.90639145848754,3.,32.6294344990657));
#2594=CARTESIAN_POINT('Ctrl Pts',(7.70993934597267,2.75472567984382,30.9321457530325));
#2595=CARTESIAN_POINT('Ctrl Pts',(7.18452898560759,2.75472567984382,31.4104597795485));
#2596=CARTESIAN_POINT('Ctrl Pts',(6.03876903172196,2.75472567984382,32.2627836092281));
#2597=CARTESIAN_POINT('Ctrl Pts',(4.74782219707624,2.75472567984382,32.8732572390315));
#2598=CARTESIAN_POINT('Ctrl Pts',(4.07863985578259,2.75472567984382,33.1120779852866));
#2599=CARTESIAN_POINT('Ctrl Pts',(7.83625682793321,2.23932475680972,31.0709010955471));
#2600=CARTESIAN_POINT('Ctrl Pts',(7.30169485576779,2.23932475680972,31.5575455445572));
#2601=CARTESIAN_POINT('Ctrl Pts',(6.13597951073271,2.23932475680972,32.4247154150201));
#2602=CARTESIAN_POINT('Ctrl Pts',(4.82254741529017,2.23932475680972,33.0458208654464));
#2603=CARTESIAN_POINT('Ctrl Pts',(4.14171000058902,2.23932475680972,33.2888018041659));
#2604=CARTESIAN_POINT('Ctrl Pts',(7.83886394380693,2.01745240643728,31.0737649212854));
#2605=CARTESIAN_POINT('Ctrl Pts',(7.30411311271942,2.01745240643728,31.5605813366761));
#2606=CARTESIAN_POINT('Ctrl Pts',(6.13798586130477,2.01745240643728,32.4280575646987));
#2607=CARTESIAN_POINT('Ctrl Pts',(4.82408971445661,2.01745240643728,33.0493825102567));
#2608=CARTESIAN_POINT('Ctrl Pts',(4.14301172995483,2.01745240643728,33.2924492761256));
#2609=CARTESIAN_POINT('',(3.80694161123336,3.,32.3507740195684));
#2610=CARTESIAN_POINT('',(4.14301172995483,2.01745240643728,33.2924492761256));
#2611=CARTESIAN_POINT('Origin',(3.80694161123336,2.,32.3507740195684));
#2612=CARTESIAN_POINT('Ctrl Pts',(4.14301172995483,2.01745240643728,33.2924492761256));
#2613=CARTESIAN_POINT('Ctrl Pts',(4.82408971445661,2.01745240643728,33.0493825102567));
#2614=CARTESIAN_POINT('Ctrl Pts',(6.13798586130477,2.01745240643728,32.4280575646987));
#2615=CARTESIAN_POINT('Ctrl Pts',(7.30411311271942,2.01745240643728,31.5605813366761));
#2616=CARTESIAN_POINT('Ctrl Pts',(7.83886394380693,2.01745240643728,31.0737649212854));
#2617=CARTESIAN_POINT('Ctrl Pts',(7.16577953454534,3.,30.3344052040175));
#2618=CARTESIAN_POINT('Ctrl Pts',(6.67979111643498,3.,30.7768302099679));
#2619=CARTESIAN_POINT('Ctrl Pts',(5.61999972410068,3.,31.5652037712989));
#2620=CARTESIAN_POINT('Ctrl Pts',(4.42591402428148,3.,32.1298718233071));
#2621=CARTESIAN_POINT('Ctrl Pts',(3.80694161123336,3.,32.3507740195684));
#2622=CARTESIAN_POINT('Ctrl Pts',(3.80694161123335,3.,32.3507740195684));
#2623=CARTESIAN_POINT('Ctrl Pts',(2.91994032430336,3.,32.6673317986211));
#2624=CARTESIAN_POINT('Ctrl Pts',(1.55118484284446,3.,33.0385045827132));
#2625=CARTESIAN_POINT('Ctrl Pts',(-1.26041711647399,3.,33.3544835900101));
#2626=CARTESIAN_POINT('Ctrl Pts',(-5.0730596308817,3.,32.822650916218));
#2627=CARTESIAN_POINT('Ctrl Pts',(-9.48894862851578,3.,29.8868328074947));
#2628=CARTESIAN_POINT('Ctrl Pts',(-11.8212549087061,3.,26.9035140276435));
#2629=CARTESIAN_POINT('Ctrl Pts',(-12.8575072633521,3.,25.3305863435246));
#2630=CARTESIAN_POINT('Ctrl Pts',(3.90639145848754,3.,32.6294344990658));
#2631=CARTESIAN_POINT('Ctrl Pts',(3.00525452220447,3.,32.9510370845135));
#2632=CARTESIAN_POINT('Ctrl Pts',(1.61074870600671,3.,33.329364775283));
#2633=CARTESIAN_POINT('Ctrl Pts',(-1.26745165317595,3.,33.6538860408023));
#2634=CARTESIAN_POINT('Ctrl Pts',(-5.19005032962786,3.,33.1060571075332));
#2635=CARTESIAN_POINT('Ctrl Pts',(-9.70145236216183,3.,30.0998885325276));
#2636=CARTESIAN_POINT('Ctrl Pts',(-12.0589110358037,3.,27.0805864858862));
#2637=CARTESIAN_POINT('Ctrl Pts',(-13.1045828815783,3.,25.4933609540471));
#2638=CARTESIAN_POINT('Ctrl Pts',(4.07863779211923,2.75472045950025,33.1120722028602));
#2639=CARTESIAN_POINT('Ctrl Pts',(3.15320018543126,2.75472045950025,33.4423473419628));
#2640=CARTESIAN_POINT('Ctrl Pts',(1.7134955695465,2.75472045950025,33.832999875802));
#2641=CARTESIAN_POINT('Ctrl Pts',(-1.27936542140091,2.75472045950025,34.1722383208284));
#2642=CARTESIAN_POINT('Ctrl Pts',(-5.39242357299644,2.75472045950024,33.5966065271641));
#2643=CARTESIAN_POINT('Ctrl Pts',(-10.068973583307,2.75472045950025,30.4690798847613));
#2644=CARTESIAN_POINT('Ctrl Pts',(-12.4706509169512,2.75472045950025,27.3870903054291));
#2645=CARTESIAN_POINT('Ctrl Pts',(-13.5325158603033,2.75472045950025,25.7752852671047));
#2646=CARTESIAN_POINT('Ctrl Pts',(4.14171000058902,2.23932475680972,33.2888018041659));
#2647=CARTESIAN_POINT('Ctrl Pts',(3.20728465072874,2.23932475680972,33.6222845372814));
#2648=CARTESIAN_POINT('Ctrl Pts',(1.75132376541256,2.23932475680972,34.0174832126189));
#2649=CARTESIAN_POINT('Ctrl Pts',(-1.28386053147443,2.23932475680972,34.3621489903863));
#2650=CARTESIAN_POINT('Ctrl Pts',(-5.46665207935519,2.23932475680972,33.7763843654478));
#2651=CARTESIAN_POINT('Ctrl Pts',(-10.2038124843213,2.23932475680972,30.604179659835));
#2652=CARTESIAN_POINT('Ctrl Pts',(-12.6213599344323,2.23932475680972,27.4994146612636));
#2653=CARTESIAN_POINT('Ctrl Pts',(-13.6892139883631,2.23932475680972,25.8785187506336));
#2654=CARTESIAN_POINT('Ctrl Pts',(4.14301172995482,2.01745240643728,33.2924492761256));
#2655=CARTESIAN_POINT('Ctrl Pts',(3.20843905173466,2.01745240643728,33.6259845885767));
#2656=CARTESIAN_POINT('Ctrl Pts',(1.75201706292381,2.01745240643728,34.0212629689599));
#2657=CARTESIAN_POINT('Ctrl Pts',(-1.28389673460248,2.01745240643728,34.3660244289355));
#2658=CARTESIAN_POINT('Ctrl Pts',(-5.46813090316032,2.01745240643728,33.7800302534157));
#2659=CARTESIAN_POINT('Ctrl Pts',(-10.206483597767,2.01745240643728,30.6070057762576));
#2660=CARTESIAN_POINT('Ctrl Pts',(-12.6244958081654,2.01745240643728,27.5016942866262));
#2661=CARTESIAN_POINT('Ctrl Pts',(-13.6924480364457,2.01745240643728,25.880649357129));
#2662=CARTESIAN_POINT('',(-12.8575072633521,3.,25.3305863435246));
#2663=CARTESIAN_POINT('',(-13.6924480364457,2.01745240643728,25.880649357129));
#2664=CARTESIAN_POINT('Origin',(-12.8575072633521,2.,25.3305863435246));
#2665=CARTESIAN_POINT('Ctrl Pts',(-13.6924480364457,2.01745240643728,25.880649357129));
#2666=CARTESIAN_POINT('Ctrl Pts',(-12.6244958081654,2.01745240643728,27.5016942866262));
#2667=CARTESIAN_POINT('Ctrl Pts',(-10.206483597767,2.01745240643728,30.6070057762576));
#2668=CARTESIAN_POINT('Ctrl Pts',(-5.46813090316032,2.01745240643728,33.7800302534157));
#2669=CARTESIAN_POINT('Ctrl Pts',(-1.28389673460248,2.01745240643728,34.3660244289355));
#2670=CARTESIAN_POINT('Ctrl Pts',(1.75201706292381,2.01745240643728,34.0212629689599));
#2671=CARTESIAN_POINT('Ctrl Pts',(3.20843905173466,2.01745240643728,33.6259845885767));
#2672=CARTESIAN_POINT('Ctrl Pts',(4.14301172995482,2.01745240643728,33.2924492761256));
#2673=CARTESIAN_POINT('Ctrl Pts',(3.80694161123335,3.,32.3507740195684));
#2674=CARTESIAN_POINT('Ctrl Pts',(2.91994032430336,3.,32.6673317986211));
#2675=CARTESIAN_POINT('Ctrl Pts',(1.55118484284446,3.,33.0385045827132));
#2676=CARTESIAN_POINT('Ctrl Pts',(-1.26041711647399,3.,33.3544835900101));
#2677=CARTESIAN_POINT('Ctrl Pts',(-5.0730596308817,3.,32.822650916218));
#2678=CARTESIAN_POINT('Ctrl Pts',(-9.48894862851578,3.,29.8868328074947));
#2679=CARTESIAN_POINT('Ctrl Pts',(-11.8212549087061,3.,26.9035140276435));
#2680=CARTESIAN_POINT('Ctrl Pts',(-12.8575072633521,3.,25.3305863435246));
#2681=CARTESIAN_POINT('Origin',(-17.0725442201597,2.,18.9325807908985));
#2682=CARTESIAN_POINT('',(-23.465873574108,3.,9.22814471465824));
#2683=CARTESIAN_POINT('',(-24.3008143472016,2.01745240643728,9.77820772826257));
#2684=CARTESIAN_POINT('Origin',(-23.465873574108,2.,9.22814471465824));
#2685=CARTESIAN_POINT('',(-17.9074849932532,2.01745240643728,19.4826438045028));
#2686=CARTESIAN_POINT('',(-17.0725442201597,3.,18.9325807908985));
#2687=CARTESIAN_POINT('Origin',(-17.6496774033107,2.,5.39640658840885));
#2688=CARTESIAN_POINT('',(-24.6107969166292,3.,5.16582019104956));
#2689=CARTESIAN_POINT('',(-25.6100965168093,2.01745240643729,5.1327184903465));
#2690=CARTESIAN_POINT('Origin',(-24.6107969166292,2.,5.16582019104956));
#2691=CARTESIAN_POINT('Origin',(-17.6496774033107,2.01745240643729,5.39640658840885));
#2692=CARTESIAN_POINT('Origin',(-17.6496774033107,3.,5.39640658840885));
#2693=CARTESIAN_POINT('Origin',(-24.5193800008095,2.,2.40605602522066));
#2694=CARTESIAN_POINT('',(-24.3913519724772,3.,-1.4589525636732));
#2695=CARTESIAN_POINT('',(-25.3906515726573,2.01745240643728,-1.49205426437627));
#2696=CARTESIAN_POINT('Origin',(-24.3913519724772,2.,-1.4589525636732));
#2697=CARTESIAN_POINT('',(-25.5186796009896,2.01745240643728,2.3729543245176));
#2698=CARTESIAN_POINT('',(-24.5193800008095,3.,2.40605602522066));
#2699=CARTESIAN_POINT('Ctrl Pts',(-24.3913519724769,2.99999999999999,-1.45895256367174));
#2700=CARTESIAN_POINT('Ctrl Pts',(-24.3896825925108,3.00000000000002,-1.50934909007056));
#2701=CARTESIAN_POINT('Ctrl Pts',(-24.3404430192527,3.00000000000002,-1.52021468383742));
#2702=CARTESIAN_POINT('Ctrl Pts',(-24.2912034459947,3.00000000000001,-1.53108027760428));
#2703=CARTESIAN_POINT('Ctrl Pts',(-24.2684800628128,2.99999999999998,-1.48606645129162));
#2704=CARTESIAN_POINT('Ctrl Pts',(-25.373510542115,3.0000000000003,-1.49148646941764));
#2705=CARTESIAN_POINT('Ctrl Pts',(-25.3465785009695,3.00000000000081,-2.30453164190564));
#2706=CARTESIAN_POINT('Ctrl Pts',(-24.5521984078657,3.00000000000071,-2.47982583755016));
#2707=CARTESIAN_POINT('Ctrl Pts',(-23.7578183147618,3.00000000000061,-2.65512003319468));
#2708=CARTESIAN_POINT('Ctrl Pts',(-23.3912228702177,3.00000000000004,-1.92891374887475));
#2709=CARTESIAN_POINT('Ctrl Pts',(-25.3906515726577,2.01745240643684,-1.49205426436432));
#2710=CARTESIAN_POINT('Ctrl Pts',(-25.3632786372817,2.01745240643736,-2.31840949099217));
#2711=CARTESIAN_POINT('Ctrl Pts',(-24.5558940489731,2.01745240643726,-2.49657336142646));
#2712=CARTESIAN_POINT('Ctrl Pts',(-23.7485094606646,2.01745240643716,-2.67473723186075));
#2713=CARTESIAN_POINT('Ctrl Pts',(-23.3759126211434,2.01745240643658,-1.93664249990214));
#2714=CARTESIAN_POINT('',(-24.2684800628135,3.,-1.48606645129307));
#2715=CARTESIAN_POINT('',(-23.3759126211494,2.01745240643729,-1.93664249991402));
#2716=CARTESIAN_POINT('Origin',(-24.2684800628135,2.,-1.48606645129307));
#2717=CARTESIAN_POINT('Origin',(-24.3264500277398,2.01745240643729,-1.45680269315454));
#2718=CARTESIAN_POINT('Origin',(-24.3264500277398,3.,-1.45680269315454));
#2719=CARTESIAN_POINT('Origin',(-21.7179159305299,2.,3.56646687647724));
#2720=CARTESIAN_POINT('',(-11.9949068722449,3.,22.8272361672354));
#2721=CARTESIAN_POINT('',(-11.1023394305809,2.01745240643728,22.3766601186144));
#2722=CARTESIAN_POINT('Origin',(-11.9949068722449,2.,22.8272361672354));
#2723=CARTESIAN_POINT('',(-20.8253484888658,2.01745240643728,3.11589082785628));
#2724=CARTESIAN_POINT('',(-21.7179159305299,3.,3.56646687647724));
#2725=CARTESIAN_POINT('Origin',(3.37673322223723,2.,15.0674944028677));
#2726=CARTESIAN_POINT('',(-5.92453643651839,3.,29.5584327499546));
#2727=CARTESIAN_POINT('',(-5.38445025101611,2.01745240643728,28.7170040092171));
#2728=CARTESIAN_POINT('Origin',(-5.92453643651839,2.,29.5584327499546));
#2729=CARTESIAN_POINT('Origin',(3.37673322223723,2.01745240643728,15.0674944028677));
#2730=CARTESIAN_POINT('Origin',(3.37673322223723,3.,15.0674944028677));
#2731=CARTESIAN_POINT('Origin',(-0.522087358055326,2.,21.1416725235063));
#2732=CARTESIAN_POINT('',(2.532682244416,3.,30.6651535798599));
#2733=CARTESIAN_POINT('',(2.22729503238949,2.01745240643728,29.71308527126));
#2734=CARTESIAN_POINT('Origin',(2.532682244416,2.,30.6651535798599));
#2735=CARTESIAN_POINT('Origin',(-0.522087358055327,2.01745240643728,21.1416725235063));
#2736=CARTESIAN_POINT('Origin',(-0.522087358055326,3.,21.1416725235063));
#2737=CARTESIAN_POINT('Origin',(1.4529549283582,2.,27.2990199663182));
#2738=CARTESIAN_POINT('',(4.47520078032956,3.,25.4652542802236));
#2739=CARTESIAN_POINT('',(3.62039677466446,2.01745240643728,25.983911706092));
#2740=CARTESIAN_POINT('Origin',(4.47520078032956,2.,25.4652542802236));
#2741=CARTESIAN_POINT('Origin',(1.4529549283582,2.01745240643728,27.2990199663182));
#2742=CARTESIAN_POINT('Origin',(1.4529549283582,3.,27.2990199663182));
#2743=CARTESIAN_POINT('Origin',(12.1396326319483,2.,20.8148145670739));
#2744=CARTESIAN_POINT('',(3.41667210432492,3.,18.7459828273543));
#2745=CARTESIAN_POINT('',(2.44381178739272,2.01745240643729,18.515248743942));
#2746=CARTESIAN_POINT('Origin',(3.41667210432492,2.,18.7459828273543));
#2747=CARTESIAN_POINT('Origin',(12.1396326319483,2.01745240643729,20.8148145670739));
#2748=CARTESIAN_POINT('Origin',(12.1396326319483,3.,20.8148145670739));
#2749=CARTESIAN_POINT('Origin',(5.31477301071826,2.,10.7428875821227));
#2750=CARTESIAN_POINT('',(4.34191269949541,2.01745240643728,10.5121534746377));
#2751=CARTESIAN_POINT('',(5.31477301071826,3.,10.7428875821227));
#2752=CARTESIAN_POINT('Origin',(-3.01632724729513,2.,-13.2153846564974));
#2753=CARTESIAN_POINT('',(-16.2830567041926,3.,-16.3632158027205));
#2754=CARTESIAN_POINT('',(-15.3102186197372,2.01745240643728,-16.1323879990459));
#2755=CARTESIAN_POINT('Origin',(-16.2830567041926,2.,-16.3632158027205));
#2756=CARTESIAN_POINT('Origin',(-3.01632724729513,2.01745240643728,-13.2153846564974));
#2757=CARTESIAN_POINT('Origin',(-3.01632724729513,3.,-13.2153846564974));
#2758=CARTESIAN_POINT('Origin',(-0.973009914310001,2.,-12.7307697016323));
#2759=CARTESIAN_POINT('',(-16.2965155771455,3.,-9.15552543173475));
#2760=CARTESIAN_POINT('',(-15.3228193081769,2.01745240643728,-9.38270595314072));
#2761=CARTESIAN_POINT('Origin',(-16.2965155771455,2.,-9.15552543173475));
#2762=CARTESIAN_POINT('Origin',(-0.973009914310001,2.01745240643728,-12.7307697016323));
#2763=CARTESIAN_POINT('Origin',(-0.973009914310001,3.,-12.7307697016323));
#2764=CARTESIAN_POINT('Origin',(-20.1577485530658,2.,-8.25463164309084));
#2765=CARTESIAN_POINT('',(-16.3656176136112,3.,-7.09684381676724));
#2766=CARTESIAN_POINT('',(-15.4093469689198,2.01745240643729,-6.80488171715324));
#2767=CARTESIAN_POINT('Origin',(-16.3656176136112,2.,-7.09684381676724));
#2768=CARTESIAN_POINT('Origin',(-20.1577485530658,2.01745240643729,-8.25463164309084));
#2769=CARTESIAN_POINT('Origin',(-20.1577485530658,3.,-8.25463164309084));
#2770=CARTESIAN_POINT('Origin',(-16.8293456654122,2.,-5.57798392487209));
#2771=CARTESIAN_POINT('',(-18.5114893191732,3.,-0.0684174490441003));
#2772=CARTESIAN_POINT('',(-17.5552186744818,2.01745240643728,0.223544650569897));
#2773=CARTESIAN_POINT('Origin',(-18.5114893191732,2.,-0.0684174490440992));
#2774=CARTESIAN_POINT('',(-15.8730750207208,2.01745240643728,-5.28602182525809));
#2775=CARTESIAN_POINT('',(-16.8293456654122,3.,-5.57798392487209));
#2776=CARTESIAN_POINT('Ctrl Pts',(-18.511489319174,3.00000000000003,-0.0684174490471677));
#2777=CARTESIAN_POINT('Ctrl Pts',(-18.5261591878847,2.99999999999993,-0.0203688672896185));
#2778=CARTESIAN_POINT('Ctrl Pts',(-18.5763520862715,2.99999999999994,-0.0225005821929524));
#2779=CARTESIAN_POINT('Ctrl Pts',(-18.6265449846584,2.99999999999996,-0.0246322970962863));
#2780=CARTESIAN_POINT('Ctrl Pts',(-18.6370880861227,3.00000000000007,-0.073751685003847));
#2781=CARTESIAN_POINT('Ctrl Pts',(-17.5716216274118,3.00000000000159,0.218536611598477));
#2782=CARTESIAN_POINT('Ctrl Pts',(-17.808290040674,2.99999999999985,0.993702485833977));
#2783=CARTESIAN_POINT('Ctrl Pts',(-18.6180500905082,3.00000000000009,0.959311613383214));
#2784=CARTESIAN_POINT('Ctrl Pts',(-19.4278101403424,3.00000000000034,0.924920740932451));
#2785=CARTESIAN_POINT('Ctrl Pts',(-19.5979015803982,3.00000000000221,0.132479593316375));
#2786=CARTESIAN_POINT('Ctrl Pts',(-17.5552186744579,2.01745240643665,0.223544650491463));
#2787=CARTESIAN_POINT('Ctrl Pts',(-17.7957614965482,2.01745240643488,1.01140047124297));
#2788=CARTESIAN_POINT('Ctrl Pts',(-18.618777821026,2.01745240643513,0.976446598863362));
#2789=CARTESIAN_POINT('Ctrl Pts',(-19.4417941455037,2.01745240643538,0.941492726483751));
#2790=CARTESIAN_POINT('Ctrl Pts',(-19.6146700880111,2.01745240643728,0.136078825403456));
#2791=CARTESIAN_POINT('',(-18.6370880861243,3.,-0.0737516850005618));
#2792=CARTESIAN_POINT('',(-19.6146700879928,2.01745240643728,0.136078825488879));
#2793=CARTESIAN_POINT('Origin',(-18.6370880861243,2.,-0.0737516850005618));
#2794=CARTESIAN_POINT('Origin',(-18.5735966436679,2.01745240643728,-0.0873796382125457));
#2795=CARTESIAN_POINT('Origin',(-18.5735966436679,3.,-0.0873796382125457));
#2796=CARTESIAN_POINT('Origin',(-18.2438466704554,2.,1.75832568759207));
#2797=CARTESIAN_POINT('',(-19.2214286723239,2.01745240643728,1.96815619808151));
#2798=CARTESIAN_POINT('',(-18.2438466704554,3.,1.75832568759207));
#2799=CARTESIAN_POINT('Origin',(1.4529549283582,0.,27.2990199663182));
#2800=CARTESIAN_POINT('',(3.59029046907622,0.,26.0021788864694));
#2801=CARTESIAN_POINT('',(3.59029046907622,0.,26.0021788864694));
#2802=CARTESIAN_POINT('',(2.2165392560161,0.,29.6795533045757));
#2803=CARTESIAN_POINT('Origin',(1.4529549283582,0.,27.2990199663182));
#2804=CARTESIAN_POINT('',(2.2165392560161,0.,29.6795533045757));
#2805=CARTESIAN_POINT('Origin',(12.1396326319483,0.,20.8148145670739));
#2806=CARTESIAN_POINT('',(2.40954752373669,0.,18.507122259387));
#2807=CARTESIAN_POINT('',(2.40954752373669,0.,18.507122259387));
#2808=CARTESIAN_POINT('Origin',(12.1396326319483,0.,20.8148145670739));
#2809=CARTESIAN_POINT('Origin',(2.40954752373669,0.,18.507122259387));
#2810=CARTESIAN_POINT('',(3.28996392666673,0.,14.7949611701739));
#2811=CARTESIAN_POINT('',(3.28996392666673,0.,14.7949611701739));
#2812=CARTESIAN_POINT('',(3.28996392666673,0.,14.7949611701739));
#2813=CARTESIAN_POINT('Origin',(3.28996392666673,0.,14.7949611701739));
#2814=CARTESIAN_POINT('',(3.29162039351056,0.,14.7879764850758));
#2815=CARTESIAN_POINT('',(3.29162039351056,0.,14.7879764850758));
#2816=CARTESIAN_POINT('',(3.29162039351056,0.,14.7879764850758));
#2817=CARTESIAN_POINT('Origin',(3.29162039351056,0.,14.7879764850758));
#2818=CARTESIAN_POINT('',(9.24358081607148,0.,-10.3076921529465));
#2819=CARTESIAN_POINT('',(9.24358081607148,0.,-10.3076921529465));
#2820=CARTESIAN_POINT('',(9.24358081607148,0.,-10.3076921529465));
#2821=CARTESIAN_POINT('Origin',(-3.01632724729513,0.,-13.2153846564974));
#2822=CARTESIAN_POINT('',(-15.2759550271353,0.,-16.1242586855983));
#2823=CARTESIAN_POINT('',(-15.2759550271353,0.,-16.1242586855983));
#2824=CARTESIAN_POINT('Origin',(-3.01632724729513,0.,-13.2153846564974));
#2825=CARTESIAN_POINT('Origin',(-0.973009914310001,0.,-12.7307697016323));
#2826=CARTESIAN_POINT('',(-15.288525601983,0.,-9.39070727994291));
#2827=CARTESIAN_POINT('',(-15.288525601983,0.,-9.39070727994291));
#2828=CARTESIAN_POINT('Origin',(-0.973009914310001,0.,-12.7307697016323));
#2829=CARTESIAN_POINT('Origin',(-20.1577485530658,0.,-8.25463164309084));
#2830=CARTESIAN_POINT('',(-15.3756669954249,0.,-6.79459877494321));
#2831=CARTESIAN_POINT('',(-15.3756669954249,0.,-6.79459877494321));
#2832=CARTESIAN_POINT('Origin',(-20.1577485530658,0.,-8.25463164309084));
#2833=CARTESIAN_POINT('Origin',(-15.3756669954249,0.,-6.79459877494321));
#2834=CARTESIAN_POINT('',(-17.5215387009869,0.,0.233827592779935));
#2835=CARTESIAN_POINT('',(-17.5215387009869,0.,0.233827592779935));
#2836=CARTESIAN_POINT('',(-17.5215387009869,0.,0.233827592779935));
#2837=CARTESIAN_POINT('Origin',(-18.5735966436679,0.,-0.0873796382125457));
#2838=CARTESIAN_POINT('',(-19.6491006501928,0.,0.143469082704176));
#2839=CARTESIAN_POINT('Origin',(-18.5735966436679,0.,-0.0873796382125457));
#2840=CARTESIAN_POINT('Origin',(-19.6491006501928,0.,0.143469082704176));
#2841=CARTESIAN_POINT('',(-21.0491059011477,-0.000623789634629155,-6.3789810892579));
#2842=CARTESIAN_POINT('Origin',(-21.049095279821,0.,-6.37898348839606));
#2843=CARTESIAN_POINT('',(-21.4061872380579,0.,-7.88461538464146));
#2844=CARTESIAN_POINT('Origin',(-2.81134295707133,3.,0.36234026925523));
#2845=CARTESIAN_POINT('Origin',(-18.5735966436679,0.,-0.0873796382125457));
#2846=CARTESIAN_POINT('',(-17.5215387009869,0.,0.233827592779935));
#2847=CARTESIAN_POINT('Origin',(-17.5215387009869,0.,0.233827592779935));
#2848=CARTESIAN_POINT('',(-15.3756669954249,0.,-6.79459877494321));
#2849=CARTESIAN_POINT('Origin',(-20.1577485530658,0.,-8.25463164309084));
#2850=CARTESIAN_POINT('',(-15.288525601983,0.,-9.39070727994291));
#2851=CARTESIAN_POINT('Origin',(-0.973009914310001,0.,-12.7307697016323));
#2852=CARTESIAN_POINT('',(-15.2759550271353,0.,-16.1242586855983));
#2853=CARTESIAN_POINT('Origin',(-3.01632724729513,0.,-13.2153846564974));
#2854=CARTESIAN_POINT('',(9.24358081607148,0.,-10.3076921529465));
#2855=CARTESIAN_POINT('Origin',(9.24358081607148,0.,-10.3076921529465));
#2856=CARTESIAN_POINT('',(3.29162039351056,0.,14.7879764850758));
#2857=CARTESIAN_POINT('Origin',(3.29162039351056,0.,14.7879764850758));
#2858=CARTESIAN_POINT('',(3.28996392666673,0.,14.7949611701739));
#2859=CARTESIAN_POINT('Origin',(3.28996392666673,0.,14.7949611701739));
#2860=CARTESIAN_POINT('',(2.40954752373669,0.,18.507122259387));
#2861=CARTESIAN_POINT('Origin',(12.1396326319483,0.,20.8148145670739));
#2862=CARTESIAN_POINT('',(3.59029046907622,0.,26.0021788864694));
#2863=CARTESIAN_POINT('Origin',(1.4529549283582,0.,27.2990199663182));
#2864=CARTESIAN_POINT('',(2.2165392560161,0.,29.6795533045757));
#2865=CARTESIAN_POINT('Origin',(-0.522087358055326,0.,21.1416725235063));
#2866=CARTESIAN_POINT('',(-5.36542834700425,0.,28.6873687821574));
#2867=CARTESIAN_POINT('',(-5.36542834700425,0.,28.6873687821574));
#2868=CARTESIAN_POINT('Origin',(-0.522087358055326,0.,21.1416725235063));
#2869=CARTESIAN_POINT('Origin',(3.37673322223723,0.,15.0674944028677));
#2870=CARTESIAN_POINT('Origin',(3.37673322223723,0.,15.0674944028677));
#2871=CARTESIAN_POINT('Origin',(19.4601702164154,0.,-7.88461538463978));
#2872=CARTESIAN_POINT('',(11.7977281937056,0.,24.4230769230594));
#2873=CARTESIAN_POINT('',(19.4601702164154,0.,-7.88461538463978));
#2874=CARTESIAN_POINT('Origin',(-0.973008510840639,0.,21.3942307692215));
#2875=CARTESIAN_POINT('',(7.86257006214238,0.,31.0998052643818));
#2876=CARTESIAN_POINT('Origin',(0.457508932777572,0.201745180002887,22.965599694509));
#2877=CARTESIAN_POINT('',(4.15484816219689,0.,33.3256151981977));
#2878=CARTESIAN_POINT('Ctrl Pts',(-13.7219180951508,-1.88501925977901E-5,
25.8999271022043));
#2879=CARTESIAN_POINT('Ctrl Pts',(-13.7121155512526,0.672484638555293,25.8934691860638));
#2880=CARTESIAN_POINT('Ctrl Pts',(-13.7023130068822,1.34498812730318,25.8870112716132));
#2881=CARTESIAN_POINT('Ctrl Pts',(-13.6925104629841,2.01749161605108,25.8805533554727));
#2882=CARTESIAN_POINT('Ctrl Pts',(-11.5635634595681,-1.88501925977901E-5,
29.1761185056241));
#2883=CARTESIAN_POINT('Ctrl Pts',(-11.5545068934879,0.672484638555293,29.1685393639531));
#2884=CARTESIAN_POINT('Ctrl Pts',(-11.5454664892568,1.34498812730318,29.1609023836735));
#2885=CARTESIAN_POINT('Ctrl Pts',(-11.5364099228504,2.01749161605108,29.1533232431699));
#2886=CARTESIAN_POINT('Ctrl Pts',(-7.80020086687894,-1.885019259779E-5,
32.7997524822727));
#2887=CARTESIAN_POINT('Ctrl Pts',(-7.79332403727704,0.672484638555292,32.789570537826));
#2888=CARTESIAN_POINT('Ctrl Pts',(-7.78640321400545,1.34498812730318,32.779416857476));
#2889=CARTESIAN_POINT('Ctrl Pts',(-7.77952638529148,2.01749161605108,32.7692349124589));
#2890=CARTESIAN_POINT('Ctrl Pts',(-1.90885726260028,-1.88501925977901E-5,
34.6291864830929));
#2891=CARTESIAN_POINT('Ctrl Pts',(-1.90796963202113,0.672484638555293,34.6170375620619));
#2892=CARTESIAN_POINT('Ctrl Pts',(-1.90712501162803,1.34498812730318,34.604884877927));
#2893=CARTESIAN_POINT('Ctrl Pts',(-1.90623738018082,2.01749161605108,34.5927359569719));
#2894=CARTESIAN_POINT('Ctrl Pts',(2.00086763020636,-1.88501925977901E-5,
34.0943522504372));
#2895=CARTESIAN_POINT('Ctrl Pts',(1.99815647513246,0.672484638555293,34.0828256424531));
#2896=CARTESIAN_POINT('Ctrl Pts',(1.99559674276698,1.34498812730318,34.0713362568283));
#2897=CARTESIAN_POINT('Ctrl Pts',(1.99288558463693,2.01749161605108,34.059809648093));
#2898=CARTESIAN_POINT('Ctrl Pts',(4.1549426804859,-1.88501925977901E-5,
33.3255818150854));
#2899=CARTESIAN_POINT('Ctrl Pts',(4.15099703542085,0.672484638555293,33.3145262102126));
#2900=CARTESIAN_POINT('Ctrl Pts',(4.14705138371919,1.34498812730318,33.3034706037085));
#2901=CARTESIAN_POINT('Ctrl Pts',(4.14310573865426,2.01749161605108,33.2924149988358));
#2902=CARTESIAN_POINT('',(-13.7218547564613,0.,25.900022646293));
#2903=CARTESIAN_POINT('Origin',(-13.7218547564613,0.,25.900022646293));
#2904=CARTESIAN_POINT('',(-24.3302210672172,0.,9.79758101742665));
#2905=CARTESIAN_POINT('Origin',(-17.6496774033107,0.,5.39640658840885));
#2906=CARTESIAN_POINT('',(-25.6452919755786,0.,5.13155264424581));
#2907=CARTESIAN_POINT('Origin',(-25.6452919755786,0.,5.13155264424581));
#2908=CARTESIAN_POINT('',(-25.4258470314266,0.,-1.49322011047695));
#2909=CARTESIAN_POINT('Origin',(-24.3264500277398,0.,-1.45680269315454));
#2910=CARTESIAN_POINT('',(-23.3444762825516,0.,-1.95251184554252));
#2911=CARTESIAN_POINT('Origin',(-23.3444762825516,0.,-1.95251184554252));
#2912=CARTESIAN_POINT('',(-11.0709030919831,0.,22.3607907729859));
#2913=CARTESIAN_POINT('Origin',(3.37673322223723,0.,15.0674944028677));
#2914=CARTESIAN_POINT('',(-5.36542834700425,0.,28.6873687821574));
#2915=CARTESIAN_POINT('Origin',(-0.522087358055326,0.,21.1416725235063));
#2916=CARTESIAN_POINT('Origin',(-0.97300851082104,0.,-12.7307692307692));
#2917=UNCERTAINTY_MEASURE_WITH_UNIT(LENGTH_MEASURE(0.01),#2921,
'DISTANCE_ACCURACY_VALUE',
'Maximum model space distance between geometric entities at asserted c
onnectivities');
#2918=UNCERTAINTY_MEASURE_WITH_UNIT(LENGTH_MEASURE(0.01),#2921,
'DISTANCE_ACCURACY_VALUE',
'Maximum model space distance between geometric entities at asserted c
onnectivities');
#2919=(
GEOMETRIC_REPRESENTATION_CONTEXT(3)
GLOBAL_UNCERTAINTY_ASSIGNED_CONTEXT((#2917))
GLOBAL_UNIT_ASSIGNED_CONTEXT((#2921,#2923,#2924))
REPRESENTATION_CONTEXT('','3D')
);
#2920=(
GEOMETRIC_REPRESENTATION_CONTEXT(3)
GLOBAL_UNCERTAINTY_ASSIGNED_CONTEXT((#2918))
GLOBAL_UNIT_ASSIGNED_CONTEXT((#2921,#2923,#2924))
REPRESENTATION_CONTEXT('','3D')
);
#2921=(
LENGTH_UNIT()
NAMED_UNIT(*)
SI_UNIT(.MILLI.,.METRE.)
);
#2922=(
LENGTH_UNIT()
NAMED_UNIT(*)
SI_UNIT($,.METRE.)
);
#2923=(
NAMED_UNIT(*)
PLANE_ANGLE_UNIT()
SI_UNIT($,.RADIAN.)
);
#2924=(
NAMED_UNIT(*)
SI_UNIT($,.STERADIAN.)
SOLID_ANGLE_UNIT()
);
#2925=SHAPE_DEFINITION_REPRESENTATION(#2926,#2927);
#2926=PRODUCT_DEFINITION_SHAPE('',$,#2929);
#2927=SHAPE_REPRESENTATION('',(#1502),#2919);
#2928=PRODUCT_DEFINITION_CONTEXT('part definition',#2933,'design');
#2929=PRODUCT_DEFINITION('Carabiner','Carabiner v2',#2930,#2928);
#2930=PRODUCT_DEFINITION_FORMATION('',$,#2935);
#2931=PRODUCT_RELATED_PRODUCT_CATEGORY('Carabiner v2','Carabiner v2',(#2935));
#2932=APPLICATION_PROTOCOL_DEFINITION('international standard',
'automotive_design',2009,#2933);
#2933=APPLICATION_CONTEXT(
'Core Data for Automotive Mechanical Design Process');
#2934=PRODUCT_CONTEXT('part definition',#2933,'mechanical');
#2935=PRODUCT('Carabiner','Carabiner v2',$,(#2934));
#2936=PRESENTATION_STYLE_ASSIGNMENT((#2938));
#2937=PRESENTATION_STYLE_ASSIGNMENT((#2939));
#2938=SURFACE_STYLE_USAGE(.BOTH.,#2940);
#2939=SURFACE_STYLE_USAGE(.BOTH.,#2941);
#2940=SURFACE_SIDE_STYLE('',(#2942));
#2941=SURFACE_SIDE_STYLE('',(#2943));
#2942=SURFACE_STYLE_FILL_AREA(#2944);
#2943=SURFACE_STYLE_FILL_AREA(#2945);
#2944=FILL_AREA_STYLE('Plate',(#2946));
#2945=FILL_AREA_STYLE('Opaque(160,160,160)',(#2947));
#2946=FILL_AREA_STYLE_COLOUR('Plate',#2948);
#2947=FILL_AREA_STYLE_COLOUR('Opaque(160,160,160)',#2949);
#2948=COLOUR_RGB('Plate',0.6,0.6,0.6);
#2949=COLOUR_RGB('Opaque(160,160,160)',0.627450980392157,0.627450980392157,
0.627450980392157);
ENDSEC;
END-ISO-10303-21;
