ISO-10303-21;
HEADER;
/* Generated by software containing ST-Developer
 * from STEP Tools, Inc. (www.steptools.com) 
 */

FILE_DESCRIPTION(
/* description */ (''),
/* implementation_level */ '2;1');

FILE_NAME(
/* name */ 'The New Materialist - mold tensile v3.step',
/* time_stamp */ '2026-03-14T09:20:20+01:00',
/* author */ (''),
/* organization */ (''),
/* preprocessor_version */ 'ST-DEVELOPER v20.1',
/* originating_system */ 'Autodesk Translation Framework v14.24.0.0',
/* authorisation */ '');

FILE_SCHEMA (('AUTOMOTIVE_DESIGN { 1 0 10303 214 3 1 1 }'));
ENDSEC;

DATA;
#10=MECHANICAL_DESIGN_GEOMETRIC_PRESENTATION_REPRESENTATION('',(#24,#25,
#26,#27,#28,#29,#30,#31),#2186);
#11=ITEM_DEFINED_TRANSFORMATION($,$,#1244,#1376);
#12=(
REPRESENTATION_RELATIONSHIP($,$,#2197,#2196)
REPRESENTATION_RELATIONSHIP_WITH_TRANSFORMATION(#11)
SHAPE_REPRESENTATION_RELATIONSHIP()
);
#13=CONTEXT_DEPENDENT_SHAPE_REPRESENTATION(#12,#2195);
#14=NEXT_ASSEMBLY_USAGE_OCCURRENCE(
'The New Materialist - mold tensile:1',
'The New Materialist - mold tensile:1',
'The New Materialist - mold tensile:1',#2199,#2200,
'The New Materialist - mold tensile:1');
#15=SHAPE_REPRESENTATION_RELATIONSHIP('SRR','None',#2197,#16);
#16=ADVANCED_BREP_SHAPE_REPRESENTATION('',(#32,#33,#34,#35,#36,#37,#38,
#39),#2185);
#17=SPHERICAL_SURFACE('',#1371,4.);
#18=SPHERICAL_SURFACE('',#1373,4.00000000000001);
#19=ELLIPSE('',#1257,5.,4.);
#20=ELLIPSE('',#1258,5.,4.);
#21=(
BOUNDED_SURFACE()
B_SPLINE_SURFACE(2,1,((#1783,#1784),(#1785,#1786),(#1787,#1788),(#1789,
#1790),(#1791,#1792),(#1793,#1794),(#1795,#1796),(#1797,#1798),(#1799,#1800)),
 .UNSPECIFIED.,.T.,.F.,.F.)
B_SPLINE_SURFACE_WITH_KNOTS((3,2,2,2,3),(2,2),(0.,6.28318530717959,12.5663706143592,
18.8495559215388,25.1327412287183),(0.,8.15999999999999),.UNSPECIFIED.)
GEOMETRIC_REPRESENTATION_ITEM()
RATIONAL_B_SPLINE_SURFACE(((1.,1.),(0.707106781186548,0.707106781186548),
(1.,1.),(0.707106781186548,0.707106781186548),(1.,1.),(0.707106781186548,
0.707106781186548),(1.,1.),(0.707106781186548,0.707106781186548),(1.,1.)))
REPRESENTATION_ITEM('')
SURFACE()
);
#22=(
BOUNDED_SURFACE()
B_SPLINE_SURFACE(2,2,((#1809,#1810,#1811),(#1812,#1813,#1814),(#1815,#1816,
#1817),(#1818,#1819,#1820),(#1821,#1822,#1823),(#1824,#1825,#1826),(#1827,
#1828,#1829),(#1830,#1831,#1832),(#1833,#1834,#1835)),.UNSPECIFIED.,.T.,
 .F.,.F.)
B_SPLINE_SURFACE_WITH_KNOTS((3,2,2,2,3),(3,3),(0.,1.5707963267949,3.14159265358979,
4.71238898038469,6.28318530717959),(0.,6.28318530717959),.UNSPECIFIED.)
GEOMETRIC_REPRESENTATION_ITEM()
RATIONAL_B_SPLINE_SURFACE(((1.,0.707106781186548,1.),(0.707106781186548,
0.5,0.707106781186548),(1.,0.707106781186548,1.),(0.707106781186548,0.5,
0.707106781186548),(1.,0.707106781186548,1.),(0.707106781186548,0.5,0.707106781186548),
(1.,0.707106781186548,1.),(0.707106781186548,0.5,0.707106781186548),(1.,
0.707106781186548,1.)))
REPRESENTATION_ITEM('')
SURFACE()
);
#23=(
BOUNDED_SURFACE()
B_SPLINE_SURFACE(2,2,((#1839,#1840,#1841,#1842,#1843,#1844,#1845,#1846,
#1847),(#1848,#1849,#1850,#1851,#1852,#1853,#1854,#1855,#1856),(#1857,#1858,
#1859,#1860,#1861,#1862,#1863,#1864,#1865)),.UNSPECIFIED.,.F.,.T.,.F.)
B_SPLINE_SURFACE_WITH_KNOTS((3,3),(3,2,2,2,3),(0.,6.28318530717959),(0.,
1.5707963267949,3.14159265358979,4.71238898038469,6.28318530717959),
 .UNSPECIFIED.)
GEOMETRIC_REPRESENTATION_ITEM()
RATIONAL_B_SPLINE_SURFACE(((1.,0.707106781186548,1.,0.707106781186548,1.,
0.707106781186548,1.,0.707106781186548,1.),(0.707106781186548,0.5,0.707106781186548,
0.5,0.707106781186548,0.5,0.707106781186548,0.5,0.707106781186548),(1.,
0.707106781186548,1.,0.707106781186548,1.,0.707106781186548,1.,0.707106781186548,
1.)))
REPRESENTATION_ITEM('')
SURFACE()
);
#24=STYLED_ITEM('',(#2210),#32);
#25=STYLED_ITEM('',(#2210),#33);
#26=STYLED_ITEM('',(#2210),#34);
#27=STYLED_ITEM('',(#2210),#35);
#28=STYLED_ITEM('',(#2210),#36);
#29=STYLED_ITEM('',(#2210),#37);
#30=STYLED_ITEM('',(#2210),#38);
#31=STYLED_ITEM('',(#2210),#39);
#32=MANIFOLD_SOLID_BREP('vent1',#1223);
#33=MANIFOLD_SOLID_BREP('vent0',#1224);
#34=MANIFOLD_SOLID_BREP('runner',#1225);
#35=MANIFOLD_SOLID_BREP('trans1',#1226);
#36=MANIFOLD_SOLID_BREP('trans0',#1227);
#37=MANIFOLD_SOLID_BREP('bar0',#1228);
#38=MANIFOLD_SOLID_BREP('bar1',#1229);
#39=MANIFOLD_SOLID_BREP('spru',#1230);
#40=CIRCLE('',#1247,0.500000000000003);
#41=CIRCLE('',#1248,0.500000000000003);
#42=CIRCLE('',#1253,0.500000000000003);
#43=CIRCLE('',#1254,0.500000000000003);
#44=CIRCLE('',#1259,3.99999999999999);
#45=CIRCLE('',#1260,3.99999999999999);
#46=CIRCLE('',#1261,3.99999999999999);
#47=CIRCLE('',#1262,4.);
#48=CIRCLE('',#1277,60.0000000000003);
#49=CIRCLE('',#1278,60.0000000000002);
#50=CIRCLE('',#1281,59.9999999999994);
#51=CIRCLE('',#1282,59.9999999999994);
#52=CIRCLE('',#1285,59.9999999999993);
#53=CIRCLE('',#1286,59.9999999999993);
#54=CIRCLE('',#1288,2.00000000000036);
#55=CIRCLE('',#1289,2.00000000000002);
#56=CIRCLE('',#1290,2.);
#57=CIRCLE('',#1291,1.99999999999983);
#58=CIRCLE('',#1292,60.0000000000005);
#59=CIRCLE('',#1293,1.99999999999995);
#60=CIRCLE('',#1294,1.99999999999998);
#61=CIRCLE('',#1295,2.);
#62=CIRCLE('',#1296,2.00000000000003);
#63=CIRCLE('',#1298,1.99999999999998);
#64=CIRCLE('',#1299,2.00000000000004);
#65=CIRCLE('',#1300,1.99999999999996);
#66=CIRCLE('',#1301,1.99999999999997);
#67=CIRCLE('',#1302,60.0000000000005);
#68=CIRCLE('',#1303,2.00000000000038);
#69=CIRCLE('',#1304,1.99999999999998);
#70=CIRCLE('',#1305,2.00000000000006);
#71=CIRCLE('',#1306,2.00000000000003);
#72=CIRCLE('',#1323,60.);
#73=CIRCLE('',#1324,60.0000000000002);
#74=CIRCLE('',#1327,59.9999999999993);
#75=CIRCLE('',#1328,59.9999999999993);
#76=CIRCLE('',#1331,59.9999999999993);
#77=CIRCLE('',#1332,59.9999999999993);
#78=CIRCLE('',#1334,2.00000000000024);
#79=CIRCLE('',#1335,1.99999999999999);
#80=CIRCLE('',#1336,1.99999999999998);
#81=CIRCLE('',#1337,2.0000000000001);
#82=CIRCLE('',#1338,60.0000000000002);
#83=CIRCLE('',#1339,1.99999999999983);
#84=CIRCLE('',#1340,2.00000000000001);
#85=CIRCLE('',#1341,2.00000000000002);
#86=CIRCLE('',#1342,1.99999999999994);
#87=CIRCLE('',#1344,1.99999999999982);
#88=CIRCLE('',#1345,2.00000000000005);
#89=CIRCLE('',#1346,1.99999999999998);
#90=CIRCLE('',#1347,2.00000000000027);
#91=CIRCLE('',#1348,60.0000000000002);
#92=CIRCLE('',#1349,1.99999999999997);
#93=CIRCLE('',#1350,1.99999999999996);
#94=CIRCLE('',#1351,2.00000000000003);
#95=CIRCLE('',#1352,1.99999999999998);
#96=CIRCLE('',#1369,4.);
#97=CIRCLE('',#1370,4.);
#98=CIRCLE('',#1372,4.);
#99=CIRCLE('',#1374,4.);
#100=CYLINDRICAL_SURFACE('',#1246,0.500000000000003);
#101=CYLINDRICAL_SURFACE('',#1252,0.500000000000003);
#102=CYLINDRICAL_SURFACE('',#1276,60.0000000000004);
#103=CYLINDRICAL_SURFACE('',#1280,59.9999999999988);
#104=CYLINDRICAL_SURFACE('',#1284,59.9999999999989);
#105=CYLINDRICAL_SURFACE('',#1310,2.00000000000001);
#106=CYLINDRICAL_SURFACE('',#1311,1.99999999999997);
#107=CYLINDRICAL_SURFACE('',#1312,2.00000000000009);
#108=CYLINDRICAL_SURFACE('',#1313,1.99999999999998);
#109=CYLINDRICAL_SURFACE('',#1315,60.0000000000006);
#110=CYLINDRICAL_SURFACE('',#1318,1.99999999999994);
#111=CYLINDRICAL_SURFACE('',#1319,1.99999999999993);
#112=CYLINDRICAL_SURFACE('',#1320,1.99999999999996);
#113=CYLINDRICAL_SURFACE('',#1321,2.00000000000021);
#114=CYLINDRICAL_SURFACE('',#1322,60.0000000000002);
#115=CYLINDRICAL_SURFACE('',#1326,59.9999999999988);
#116=CYLINDRICAL_SURFACE('',#1330,59.9999999999986);
#117=CYLINDRICAL_SURFACE('',#1356,1.99999999999999);
#118=CYLINDRICAL_SURFACE('',#1357,1.99999999999998);
#119=CYLINDRICAL_SURFACE('',#1358,2.00000000000001);
#120=CYLINDRICAL_SURFACE('',#1359,1.99999999999995);
#121=CYLINDRICAL_SURFACE('',#1361,60.0000000000004);
#122=CYLINDRICAL_SURFACE('',#1364,2.00000000000005);
#123=CYLINDRICAL_SURFACE('',#1365,2.00000000000004);
#124=CYLINDRICAL_SURFACE('',#1366,2.);
#125=CYLINDRICAL_SURFACE('',#1367,2.00000000000022);
#126=CYLINDRICAL_SURFACE('',#1368,4.);
#127=FACE_OUTER_BOUND('',#199,.T.);
#128=FACE_OUTER_BOUND('',#200,.T.);
#129=FACE_OUTER_BOUND('',#201,.T.);
#130=FACE_OUTER_BOUND('',#202,.T.);
#131=FACE_OUTER_BOUND('',#203,.T.);
#132=FACE_OUTER_BOUND('',#204,.T.);
#133=FACE_OUTER_BOUND('',#205,.T.);
#134=FACE_OUTER_BOUND('',#206,.T.);
#135=FACE_OUTER_BOUND('',#207,.T.);
#136=FACE_OUTER_BOUND('',#208,.T.);
#137=FACE_OUTER_BOUND('',#209,.T.);
#138=FACE_OUTER_BOUND('',#210,.T.);
#139=FACE_OUTER_BOUND('',#211,.T.);
#140=FACE_OUTER_BOUND('',#212,.T.);
#141=FACE_OUTER_BOUND('',#213,.T.);
#142=FACE_OUTER_BOUND('',#214,.T.);
#143=FACE_OUTER_BOUND('',#215,.T.);
#144=FACE_OUTER_BOUND('',#216,.T.);
#145=FACE_OUTER_BOUND('',#217,.T.);
#146=FACE_OUTER_BOUND('',#218,.T.);
#147=FACE_OUTER_BOUND('',#219,.T.);
#148=FACE_OUTER_BOUND('',#220,.T.);
#149=FACE_OUTER_BOUND('',#221,.T.);
#150=FACE_OUTER_BOUND('',#222,.T.);
#151=FACE_OUTER_BOUND('',#223,.T.);
#152=FACE_OUTER_BOUND('',#224,.T.);
#153=FACE_OUTER_BOUND('',#225,.T.);
#154=FACE_OUTER_BOUND('',#226,.T.);
#155=FACE_OUTER_BOUND('',#227,.T.);
#156=FACE_OUTER_BOUND('',#228,.T.);
#157=FACE_OUTER_BOUND('',#229,.T.);
#158=FACE_OUTER_BOUND('',#230,.T.);
#159=FACE_OUTER_BOUND('',#231,.T.);
#160=FACE_OUTER_BOUND('',#232,.T.);
#161=FACE_OUTER_BOUND('',#233,.T.);
#162=FACE_OUTER_BOUND('',#234,.T.);
#163=FACE_OUTER_BOUND('',#235,.T.);
#164=FACE_OUTER_BOUND('',#236,.T.);
#165=FACE_OUTER_BOUND('',#237,.T.);
#166=FACE_OUTER_BOUND('',#238,.T.);
#167=FACE_OUTER_BOUND('',#239,.T.);
#168=FACE_OUTER_BOUND('',#240,.T.);
#169=FACE_OUTER_BOUND('',#241,.T.);
#170=FACE_OUTER_BOUND('',#242,.T.);
#171=FACE_OUTER_BOUND('',#243,.T.);
#172=FACE_OUTER_BOUND('',#244,.T.);
#173=FACE_OUTER_BOUND('',#245,.T.);
#174=FACE_OUTER_BOUND('',#246,.T.);
#175=FACE_OUTER_BOUND('',#247,.T.);
#176=FACE_OUTER_BOUND('',#248,.T.);
#177=FACE_OUTER_BOUND('',#249,.T.);
#178=FACE_OUTER_BOUND('',#250,.T.);
#179=FACE_OUTER_BOUND('',#251,.T.);
#180=FACE_OUTER_BOUND('',#252,.T.);
#181=FACE_OUTER_BOUND('',#253,.T.);
#182=FACE_OUTER_BOUND('',#254,.T.);
#183=FACE_OUTER_BOUND('',#255,.T.);
#184=FACE_OUTER_BOUND('',#256,.T.);
#185=FACE_OUTER_BOUND('',#257,.T.);
#186=FACE_OUTER_BOUND('',#258,.T.);
#187=FACE_OUTER_BOUND('',#259,.T.);
#188=FACE_OUTER_BOUND('',#260,.T.);
#189=FACE_OUTER_BOUND('',#261,.T.);
#190=FACE_OUTER_BOUND('',#262,.T.);
#191=FACE_OUTER_BOUND('',#263,.T.);
#192=FACE_OUTER_BOUND('',#264,.T.);
#193=FACE_OUTER_BOUND('',#265,.T.);
#194=FACE_OUTER_BOUND('',#266,.T.);
#195=FACE_OUTER_BOUND('',#267,.T.);
#196=FACE_OUTER_BOUND('',#268,.T.);
#197=FACE_OUTER_BOUND('',#269,.T.);
#198=FACE_OUTER_BOUND('',#270,.T.);
#199=EDGE_LOOP('',(#771,#772,#773,#774));
#200=EDGE_LOOP('',(#775,#776,#777,#778));
#201=EDGE_LOOP('',(#779,#780));
#202=EDGE_LOOP('',(#781,#782));
#203=EDGE_LOOP('',(#783,#784,#785,#786));
#204=EDGE_LOOP('',(#787,#788,#789,#790));
#205=EDGE_LOOP('',(#791,#792));
#206=EDGE_LOOP('',(#793,#794));
#207=EDGE_LOOP('',(#795,#796,#797,#798));
#208=EDGE_LOOP('',(#799,#800,#801));
#209=EDGE_LOOP('',(#802,#803,#804));
#210=EDGE_LOOP('',(#805,#806,#807,#808,#809,#810));
#211=EDGE_LOOP('',(#811,#812,#813,#814));
#212=EDGE_LOOP('',(#815,#816,#817,#818));
#213=EDGE_LOOP('',(#819,#820,#821,#822));
#214=EDGE_LOOP('',(#823,#824,#825,#826));
#215=EDGE_LOOP('',(#827,#828,#829,#830));
#216=EDGE_LOOP('',(#831,#832,#833,#834));
#217=EDGE_LOOP('',(#835,#836,#837,#838));
#218=EDGE_LOOP('',(#839,#840,#841,#842));
#219=EDGE_LOOP('',(#843,#844,#845,#846));
#220=EDGE_LOOP('',(#847,#848,#849,#850));
#221=EDGE_LOOP('',(#851,#852,#853,#854));
#222=EDGE_LOOP('',(#855,#856,#857,#858));
#223=EDGE_LOOP('',(#859,#860,#861,#862));
#224=EDGE_LOOP('',(#863,#864,#865,#866));
#225=EDGE_LOOP('',(#867,#868,#869,#870));
#226=EDGE_LOOP('',(#871,#872,#873,#874));
#227=EDGE_LOOP('',(#875,#876,#877,#878));
#228=EDGE_LOOP('',(#879,#880,#881,#882,#883,#884,#885,#886,#887,#888,#889,
#890,#891,#892,#893,#894,#895,#896,#897,#898));
#229=EDGE_LOOP('',(#899,#900,#901,#902,#903,#904,#905,#906,#907,#908,#909,
#910,#911,#912,#913,#914,#915,#916,#917,#918));
#230=EDGE_LOOP('',(#919,#920,#921,#922));
#231=EDGE_LOOP('',(#923,#924,#925,#926));
#232=EDGE_LOOP('',(#927,#928,#929,#930));
#233=EDGE_LOOP('',(#931,#932,#933,#934));
#234=EDGE_LOOP('',(#935,#936,#937,#938));
#235=EDGE_LOOP('',(#939,#940,#941,#942));
#236=EDGE_LOOP('',(#943,#944,#945,#946));
#237=EDGE_LOOP('',(#947,#948,#949,#950));
#238=EDGE_LOOP('',(#951,#952,#953,#954));
#239=EDGE_LOOP('',(#955,#956,#957,#958));
#240=EDGE_LOOP('',(#959,#960,#961,#962));
#241=EDGE_LOOP('',(#963,#964,#965,#966));
#242=EDGE_LOOP('',(#967,#968,#969,#970));
#243=EDGE_LOOP('',(#971,#972,#973,#974));
#244=EDGE_LOOP('',(#975,#976,#977,#978));
#245=EDGE_LOOP('',(#979,#980,#981,#982));
#246=EDGE_LOOP('',(#983,#984,#985,#986));
#247=EDGE_LOOP('',(#987,#988,#989,#990));
#248=EDGE_LOOP('',(#991,#992,#993,#994));
#249=EDGE_LOOP('',(#995,#996,#997,#998));
#250=EDGE_LOOP('',(#999,#1000,#1001,#1002,#1003,#1004,#1005,#1006,#1007,
#1008,#1009,#1010,#1011,#1012,#1013,#1014,#1015,#1016,#1017,#1018));
#251=EDGE_LOOP('',(#1019,#1020,#1021,#1022,#1023,#1024,#1025,#1026,#1027,
#1028,#1029,#1030,#1031,#1032,#1033,#1034,#1035,#1036,#1037,#1038));
#252=EDGE_LOOP('',(#1039,#1040,#1041,#1042));
#253=EDGE_LOOP('',(#1043,#1044,#1045,#1046));
#254=EDGE_LOOP('',(#1047,#1048,#1049,#1050));
#255=EDGE_LOOP('',(#1051,#1052,#1053,#1054));
#256=EDGE_LOOP('',(#1055,#1056,#1057,#1058));
#257=EDGE_LOOP('',(#1059,#1060,#1061,#1062));
#258=EDGE_LOOP('',(#1063,#1064,#1065,#1066));
#259=EDGE_LOOP('',(#1067,#1068,#1069,#1070));
#260=EDGE_LOOP('',(#1071,#1072,#1073,#1074));
#261=EDGE_LOOP('',(#1075,#1076,#1077,#1078));
#262=EDGE_LOOP('',(#1079,#1080,#1081,#1082));
#263=EDGE_LOOP('',(#1083,#1084,#1085,#1086));
#264=EDGE_LOOP('',(#1087,#1088,#1089,#1090));
#265=EDGE_LOOP('',(#1091,#1092,#1093,#1094));
#266=EDGE_LOOP('',(#1095,#1096,#1097,#1098));
#267=EDGE_LOOP('',(#1099,#1100,#1101,#1102));
#268=EDGE_LOOP('',(#1103,#1104));
#269=EDGE_LOOP('',(#1105,#1106));
#270=EDGE_LOOP('',(#1107,#1108,#1109,#1110));
#271=LINE('',#1758,#379);
#272=LINE('',#1760,#380);
#273=LINE('',#1762,#381);
#274=LINE('',#1763,#382);
#275=LINE('',#1772,#383);
#276=LINE('',#1774,#384);
#277=LINE('',#1776,#385);
#278=LINE('',#1777,#386);
#279=LINE('',#1805,#387);
#280=LINE('',#1808,#388);
#281=LINE('',#1873,#389);
#282=LINE('',#1875,#390);
#283=LINE('',#1877,#391);
#284=LINE('',#1878,#392);
#285=LINE('',#1881,#393);
#286=LINE('',#1883,#394);
#287=LINE('',#1884,#395);
#288=LINE('',#1887,#396);
#289=LINE('',#1889,#397);
#290=LINE('',#1890,#398);
#291=LINE('',#1892,#399);
#292=LINE('',#1893,#400);
#293=LINE('',#1899,#401);
#294=LINE('',#1901,#402);
#295=LINE('',#1903,#403);
#296=LINE('',#1904,#404);
#297=LINE('',#1907,#405);
#298=LINE('',#1909,#406);
#299=LINE('',#1910,#407);
#300=LINE('',#1913,#408);
#301=LINE('',#1915,#409);
#302=LINE('',#1916,#410);
#303=LINE('',#1918,#411);
#304=LINE('',#1919,#412);
#305=LINE('',#1925,#413);
#306=LINE('',#1929,#414);
#307=LINE('',#1933,#415);
#308=LINE('',#1935,#416);
#309=LINE('',#1936,#417);
#310=LINE('',#1940,#418);
#311=LINE('',#1944,#419);
#312=LINE('',#1948,#420);
#313=LINE('',#1950,#421);
#314=LINE('',#1951,#422);
#315=LINE('',#1955,#423);
#316=LINE('',#1962,#424);
#317=LINE('',#1966,#425);
#318=LINE('',#1970,#426);
#319=LINE('',#1977,#427);
#320=LINE('',#1981,#428);
#321=LINE('',#1985,#429);
#322=LINE('',#1991,#430);
#323=LINE('',#1995,#431);
#324=LINE('',#1999,#432);
#325=LINE('',#2006,#433);
#326=LINE('',#2010,#434);
#327=LINE('',#2014,#435);
#328=LINE('',#2017,#436);
#329=LINE('',#2018,#437);
#330=LINE('',#2020,#438);
#331=LINE('',#2021,#439);
#332=LINE('',#2023,#440);
#333=LINE('',#2024,#441);
#334=LINE('',#2026,#442);
#335=LINE('',#2028,#443);
#336=LINE('',#2031,#444);
#337=LINE('',#2033,#445);
#338=LINE('',#2035,#446);
#339=LINE('',#2037,#447);
#340=LINE('',#2039,#448);
#341=LINE('',#2049,#449);
#342=LINE('',#2052,#450);
#343=LINE('',#2055,#451);
#344=LINE('',#2057,#452);
#345=LINE('',#2058,#453);
#346=LINE('',#2064,#454);
#347=LINE('',#2067,#455);
#348=LINE('',#2070,#456);
#349=LINE('',#2072,#457);
#350=LINE('',#2073,#458);
#351=LINE('',#2079,#459);
#352=LINE('',#2084,#460);
#353=LINE('',#2088,#461);
#354=LINE('',#2092,#462);
#355=LINE('',#2099,#463);
#356=LINE('',#2103,#464);
#357=LINE('',#2107,#465);
#358=LINE('',#2113,#466);
#359=LINE('',#2117,#467);
#360=LINE('',#2121,#468);
#361=LINE('',#2128,#469);
#362=LINE('',#2132,#470);
#363=LINE('',#2136,#471);
#364=LINE('',#2139,#472);
#365=LINE('',#2140,#473);
#366=LINE('',#2142,#474);
#367=LINE('',#2143,#475);
#368=LINE('',#2145,#476);
#369=LINE('',#2146,#477);
#370=LINE('',#2148,#478);
#371=LINE('',#2150,#479);
#372=LINE('',#2153,#480);
#373=LINE('',#2155,#481);
#374=LINE('',#2157,#482);
#375=LINE('',#2159,#483);
#376=LINE('',#2161,#484);
#377=LINE('',#2171,#485);
#378=LINE('',#2174,#486);
#379=VECTOR('',#1383,10.);
#380=VECTOR('',#1384,10.);
#381=VECTOR('',#1385,10.);
#382=VECTOR('',#1386,10.);
#383=VECTOR('',#1399,10.);
#384=VECTOR('',#1400,10.);
#385=VECTOR('',#1401,10.);
#386=VECTOR('',#1402,10.);
#387=VECTOR('',#1415,10.);
#388=VECTOR('',#1418,10.);
#389=VECTOR('',#1431,10.);
#390=VECTOR('',#1432,10.);
#391=VECTOR('',#1433,10.);
#392=VECTOR('',#1434,10.);
#393=VECTOR('',#1437,10.);
#394=VECTOR('',#1438,10.);
#395=VECTOR('',#1439,10.);
#396=VECTOR('',#1442,10.);
#397=VECTOR('',#1443,10.);
#398=VECTOR('',#1444,10.);
#399=VECTOR('',#1447,10.);
#400=VECTOR('',#1448,10.);
#401=VECTOR('',#1455,10.);
#402=VECTOR('',#1456,10.);
#403=VECTOR('',#1457,10.);
#404=VECTOR('',#1458,10.);
#405=VECTOR('',#1461,10.);
#406=VECTOR('',#1462,10.);
#407=VECTOR('',#1463,10.);
#408=VECTOR('',#1466,10.);
#409=VECTOR('',#1467,10.);
#410=VECTOR('',#1468,10.);
#411=VECTOR('',#1471,10.);
#412=VECTOR('',#1472,10.);
#413=VECTOR('',#1479,10.);
#414=VECTOR('',#1482,10.);
#415=VECTOR('',#1487,10.);
#416=VECTOR('',#1488,10.);
#417=VECTOR('',#1489,10.);
#418=VECTOR('',#1492,10.);
#419=VECTOR('',#1495,10.);
#420=VECTOR('',#1500,10.);
#421=VECTOR('',#1501,10.);
#422=VECTOR('',#1502,10.);
#423=VECTOR('',#1505,10.);
#424=VECTOR('',#1514,10.);
#425=VECTOR('',#1517,10.);
#426=VECTOR('',#1520,10.);
#427=VECTOR('',#1527,10.);
#428=VECTOR('',#1530,10.);
#429=VECTOR('',#1533,10.);
#430=VECTOR('',#1540,10.);
#431=VECTOR('',#1543,10.);
#432=VECTOR('',#1546,10.);
#433=VECTOR('',#1553,10.);
#434=VECTOR('',#1556,10.);
#435=VECTOR('',#1559,10.);
#436=VECTOR('',#1564,10.);
#437=VECTOR('',#1565,10.);
#438=VECTOR('',#1568,10.);
#439=VECTOR('',#1569,10.);
#440=VECTOR('',#1572,10.);
#441=VECTOR('',#1573,10.);
#442=VECTOR('',#1576,10.);
#443=VECTOR('',#1579,10.);
#444=VECTOR('',#1584,10.);
#445=VECTOR('',#1587,10.);
#446=VECTOR('',#1590,10.);
#447=VECTOR('',#1593,10.);
#448=VECTOR('',#1596,10.);
#449=VECTOR('',#1609,10.);
#450=VECTOR('',#1612,10.);
#451=VECTOR('',#1615,10.);
#452=VECTOR('',#1616,10.);
#453=VECTOR('',#1617,10.);
#454=VECTOR('',#1622,10.);
#455=VECTOR('',#1625,10.);
#456=VECTOR('',#1628,10.);
#457=VECTOR('',#1629,10.);
#458=VECTOR('',#1630,10.);
#459=VECTOR('',#1637,10.);
#460=VECTOR('',#1642,10.);
#461=VECTOR('',#1645,10.);
#462=VECTOR('',#1648,10.);
#463=VECTOR('',#1655,10.);
#464=VECTOR('',#1658,10.);
#465=VECTOR('',#1661,10.);
#466=VECTOR('',#1668,10.);
#467=VECTOR('',#1671,10.);
#468=VECTOR('',#1674,10.);
#469=VECTOR('',#1681,10.);
#470=VECTOR('',#1684,10.);
#471=VECTOR('',#1687,10.);
#472=VECTOR('',#1692,10.);
#473=VECTOR('',#1693,10.);
#474=VECTOR('',#1696,10.);
#475=VECTOR('',#1697,10.);
#476=VECTOR('',#1700,10.);
#477=VECTOR('',#1701,10.);
#478=VECTOR('',#1704,10.);
#479=VECTOR('',#1707,10.);
#480=VECTOR('',#1712,10.);
#481=VECTOR('',#1715,10.);
#482=VECTOR('',#1718,10.);
#483=VECTOR('',#1721,10.);
#484=VECTOR('',#1724,10.);
#485=VECTOR('',#1737,10.);
#486=VECTOR('',#1740,10.);
#487=VERTEX_POINT('',#1756);
#488=VERTEX_POINT('',#1757);
#489=VERTEX_POINT('',#1759);
#490=VERTEX_POINT('',#1761);
#491=VERTEX_POINT('',#1770);
#492=VERTEX_POINT('',#1771);
#493=VERTEX_POINT('',#1773);
#494=VERTEX_POINT('',#1775);
#495=VERTEX_POINT('',#1801);
#496=VERTEX_POINT('',#1802);
#497=VERTEX_POINT('',#1804);
#498=VERTEX_POINT('',#1806);
#499=VERTEX_POINT('',#1836);
#500=VERTEX_POINT('',#1866);
#501=VERTEX_POINT('',#1871);
#502=VERTEX_POINT('',#1872);
#503=VERTEX_POINT('',#1874);
#504=VERTEX_POINT('',#1876);
#505=VERTEX_POINT('',#1880);
#506=VERTEX_POINT('',#1882);
#507=VERTEX_POINT('',#1886);
#508=VERTEX_POINT('',#1888);
#509=VERTEX_POINT('',#1897);
#510=VERTEX_POINT('',#1898);
#511=VERTEX_POINT('',#1900);
#512=VERTEX_POINT('',#1902);
#513=VERTEX_POINT('',#1906);
#514=VERTEX_POINT('',#1908);
#515=VERTEX_POINT('',#1912);
#516=VERTEX_POINT('',#1914);
#517=VERTEX_POINT('',#1923);
#518=VERTEX_POINT('',#1924);
#519=VERTEX_POINT('',#1926);
#520=VERTEX_POINT('',#1928);
#521=VERTEX_POINT('',#1932);
#522=VERTEX_POINT('',#1934);
#523=VERTEX_POINT('',#1938);
#524=VERTEX_POINT('',#1939);
#525=VERTEX_POINT('',#1941);
#526=VERTEX_POINT('',#1943);
#527=VERTEX_POINT('',#1947);
#528=VERTEX_POINT('',#1949);
#529=VERTEX_POINT('',#1953);
#530=VERTEX_POINT('',#1954);
#531=VERTEX_POINT('',#1959);
#532=VERTEX_POINT('',#1961);
#533=VERTEX_POINT('',#1963);
#534=VERTEX_POINT('',#1965);
#535=VERTEX_POINT('',#1967);
#536=VERTEX_POINT('',#1969);
#537=VERTEX_POINT('',#1971);
#538=VERTEX_POINT('',#1974);
#539=VERTEX_POINT('',#1976);
#540=VERTEX_POINT('',#1978);
#541=VERTEX_POINT('',#1980);
#542=VERTEX_POINT('',#1982);
#543=VERTEX_POINT('',#1984);
#544=VERTEX_POINT('',#1988);
#545=VERTEX_POINT('',#1990);
#546=VERTEX_POINT('',#1992);
#547=VERTEX_POINT('',#1994);
#548=VERTEX_POINT('',#1996);
#549=VERTEX_POINT('',#1998);
#550=VERTEX_POINT('',#2001);
#551=VERTEX_POINT('',#2003);
#552=VERTEX_POINT('',#2005);
#553=VERTEX_POINT('',#2007);
#554=VERTEX_POINT('',#2009);
#555=VERTEX_POINT('',#2011);
#556=VERTEX_POINT('',#2013);
#557=VERTEX_POINT('',#2045);
#558=VERTEX_POINT('',#2046);
#559=VERTEX_POINT('',#2048);
#560=VERTEX_POINT('',#2050);
#561=VERTEX_POINT('',#2054);
#562=VERTEX_POINT('',#2056);
#563=VERTEX_POINT('',#2060);
#564=VERTEX_POINT('',#2061);
#565=VERTEX_POINT('',#2063);
#566=VERTEX_POINT('',#2065);
#567=VERTEX_POINT('',#2069);
#568=VERTEX_POINT('',#2071);
#569=VERTEX_POINT('',#2075);
#570=VERTEX_POINT('',#2077);
#571=VERTEX_POINT('',#2081);
#572=VERTEX_POINT('',#2083);
#573=VERTEX_POINT('',#2085);
#574=VERTEX_POINT('',#2087);
#575=VERTEX_POINT('',#2089);
#576=VERTEX_POINT('',#2091);
#577=VERTEX_POINT('',#2094);
#578=VERTEX_POINT('',#2096);
#579=VERTEX_POINT('',#2098);
#580=VERTEX_POINT('',#2100);
#581=VERTEX_POINT('',#2102);
#582=VERTEX_POINT('',#2104);
#583=VERTEX_POINT('',#2106);
#584=VERTEX_POINT('',#2110);
#585=VERTEX_POINT('',#2112);
#586=VERTEX_POINT('',#2114);
#587=VERTEX_POINT('',#2116);
#588=VERTEX_POINT('',#2118);
#589=VERTEX_POINT('',#2120);
#590=VERTEX_POINT('',#2122);
#591=VERTEX_POINT('',#2125);
#592=VERTEX_POINT('',#2127);
#593=VERTEX_POINT('',#2129);
#594=VERTEX_POINT('',#2131);
#595=VERTEX_POINT('',#2133);
#596=VERTEX_POINT('',#2135);
#597=VERTEX_POINT('',#2167);
#598=VERTEX_POINT('',#2168);
#599=VERTEX_POINT('',#2170);
#600=VERTEX_POINT('',#2172);
#601=EDGE_CURVE('',#487,#488,#271,.T.);
#602=EDGE_CURVE('',#488,#489,#272,.T.);
#603=EDGE_CURVE('',#490,#489,#273,.T.);
#604=EDGE_CURVE('',#487,#490,#274,.T.);
#605=EDGE_CURVE('',#487,#490,#40,.T.);
#606=EDGE_CURVE('',#488,#489,#41,.T.);
#607=EDGE_CURVE('',#491,#492,#275,.T.);
#608=EDGE_CURVE('',#493,#492,#276,.T.);
#609=EDGE_CURVE('',#493,#494,#277,.T.);
#610=EDGE_CURVE('',#494,#491,#278,.T.);
#611=EDGE_CURVE('',#494,#491,#42,.T.);
#612=EDGE_CURVE('',#493,#492,#43,.T.);
#613=EDGE_CURVE('',#495,#496,#19,.T.);
#614=EDGE_CURVE('',#497,#496,#279,.T.);
#615=EDGE_CURVE('',#497,#498,#20,.T.);
#616=EDGE_CURVE('',#495,#498,#280,.T.);
#617=EDGE_CURVE('',#499,#497,#44,.T.);
#618=EDGE_CURVE('',#498,#499,#45,.T.);
#619=EDGE_CURVE('',#500,#496,#46,.T.);
#620=EDGE_CURVE('',#495,#500,#47,.T.);
#621=EDGE_CURVE('',#501,#502,#281,.T.);
#622=EDGE_CURVE('',#502,#503,#282,.T.);
#623=EDGE_CURVE('',#504,#503,#283,.T.);
#624=EDGE_CURVE('',#501,#504,#284,.T.);
#625=EDGE_CURVE('',#502,#505,#285,.T.);
#626=EDGE_CURVE('',#505,#506,#286,.T.);
#627=EDGE_CURVE('',#503,#506,#287,.T.);
#628=EDGE_CURVE('',#505,#507,#288,.T.);
#629=EDGE_CURVE('',#507,#508,#289,.T.);
#630=EDGE_CURVE('',#506,#508,#290,.T.);
#631=EDGE_CURVE('',#507,#501,#291,.T.);
#632=EDGE_CURVE('',#508,#504,#292,.T.);
#633=EDGE_CURVE('',#509,#510,#293,.T.);
#634=EDGE_CURVE('',#510,#511,#294,.T.);
#635=EDGE_CURVE('',#512,#511,#295,.T.);
#636=EDGE_CURVE('',#509,#512,#296,.T.);
#637=EDGE_CURVE('',#510,#513,#297,.T.);
#638=EDGE_CURVE('',#513,#514,#298,.T.);
#639=EDGE_CURVE('',#511,#514,#299,.T.);
#640=EDGE_CURVE('',#513,#515,#300,.T.);
#641=EDGE_CURVE('',#515,#516,#301,.T.);
#642=EDGE_CURVE('',#514,#516,#302,.T.);
#643=EDGE_CURVE('',#515,#509,#303,.T.);
#644=EDGE_CURVE('',#516,#512,#304,.T.);
#645=EDGE_CURVE('',#517,#518,#305,.T.);
#646=EDGE_CURVE('',#518,#519,#48,.T.);
#647=EDGE_CURVE('',#519,#520,#306,.T.);
#648=EDGE_CURVE('',#517,#520,#49,.T.);
#649=EDGE_CURVE('',#519,#521,#307,.T.);
#650=EDGE_CURVE('',#521,#522,#308,.T.);
#651=EDGE_CURVE('',#520,#522,#309,.T.);
#652=EDGE_CURVE('',#523,#524,#310,.T.);
#653=EDGE_CURVE('',#524,#525,#50,.T.);
#654=EDGE_CURVE('',#525,#526,#311,.T.);
#655=EDGE_CURVE('',#523,#526,#51,.T.);
#656=EDGE_CURVE('',#525,#527,#312,.T.);
#657=EDGE_CURVE('',#527,#528,#313,.T.);
#658=EDGE_CURVE('',#526,#528,#314,.T.);
#659=EDGE_CURVE('',#529,#530,#315,.T.);
#660=EDGE_CURVE('',#528,#530,#52,.T.);
#661=EDGE_CURVE('',#527,#529,#53,.T.);
#662=EDGE_CURVE('',#531,#524,#54,.T.);
#663=EDGE_CURVE('',#532,#531,#316,.T.);
#664=EDGE_CURVE('',#533,#532,#55,.T.);
#665=EDGE_CURVE('',#534,#533,#317,.T.);
#666=EDGE_CURVE('',#535,#534,#56,.T.);
#667=EDGE_CURVE('',#536,#535,#318,.T.);
#668=EDGE_CURVE('',#537,#536,#57,.T.);
#669=EDGE_CURVE('',#521,#537,#58,.T.);
#670=EDGE_CURVE('',#538,#518,#59,.T.);
#671=EDGE_CURVE('',#539,#538,#319,.T.);
#672=EDGE_CURVE('',#540,#539,#60,.T.);
#673=EDGE_CURVE('',#541,#540,#320,.T.);
#674=EDGE_CURVE('',#542,#541,#61,.T.);
#675=EDGE_CURVE('',#543,#542,#321,.T.);
#676=EDGE_CURVE('',#529,#543,#62,.T.);
#677=EDGE_CURVE('',#530,#544,#63,.T.);
#678=EDGE_CURVE('',#544,#545,#322,.T.);
#679=EDGE_CURVE('',#545,#546,#64,.T.);
#680=EDGE_CURVE('',#546,#547,#323,.T.);
#681=EDGE_CURVE('',#547,#548,#65,.T.);
#682=EDGE_CURVE('',#548,#549,#324,.T.);
#683=EDGE_CURVE('',#549,#517,#66,.T.);
#684=EDGE_CURVE('',#522,#550,#67,.T.);
#685=EDGE_CURVE('',#550,#551,#68,.T.);
#686=EDGE_CURVE('',#551,#552,#325,.T.);
#687=EDGE_CURVE('',#552,#553,#69,.T.);
#688=EDGE_CURVE('',#553,#554,#326,.T.);
#689=EDGE_CURVE('',#554,#555,#70,.T.);
#690=EDGE_CURVE('',#555,#556,#327,.T.);
#691=EDGE_CURVE('',#556,#523,#71,.T.);
#692=EDGE_CURVE('',#546,#541,#328,.T.);
#693=EDGE_CURVE('',#547,#540,#329,.T.);
#694=EDGE_CURVE('',#551,#536,#330,.T.);
#695=EDGE_CURVE('',#552,#535,#331,.T.);
#696=EDGE_CURVE('',#553,#534,#332,.T.);
#697=EDGE_CURVE('',#554,#533,#333,.T.);
#698=EDGE_CURVE('',#545,#542,#334,.T.);
#699=EDGE_CURVE('',#548,#539,#335,.T.);
#700=EDGE_CURVE('',#555,#532,#336,.T.);
#701=EDGE_CURVE('',#549,#538,#337,.T.);
#702=EDGE_CURVE('',#550,#537,#338,.T.);
#703=EDGE_CURVE('',#556,#531,#339,.T.);
#704=EDGE_CURVE('',#543,#544,#340,.T.);
#705=EDGE_CURVE('',#557,#558,#72,.T.);
#706=EDGE_CURVE('',#559,#558,#341,.T.);
#707=EDGE_CURVE('',#560,#559,#73,.T.);
#708=EDGE_CURVE('',#557,#560,#342,.T.);
#709=EDGE_CURVE('',#558,#561,#343,.T.);
#710=EDGE_CURVE('',#562,#561,#344,.T.);
#711=EDGE_CURVE('',#559,#562,#345,.T.);
#712=EDGE_CURVE('',#563,#564,#74,.T.);
#713=EDGE_CURVE('',#565,#564,#346,.T.);
#714=EDGE_CURVE('',#566,#565,#75,.T.);
#715=EDGE_CURVE('',#563,#566,#347,.T.);
#716=EDGE_CURVE('',#564,#567,#348,.T.);
#717=EDGE_CURVE('',#568,#567,#349,.T.);
#718=EDGE_CURVE('',#565,#568,#350,.T.);
#719=EDGE_CURVE('',#568,#569,#76,.T.);
#720=EDGE_CURVE('',#567,#570,#77,.T.);
#721=EDGE_CURVE('',#569,#570,#351,.T.);
#722=EDGE_CURVE('',#569,#571,#78,.T.);
#723=EDGE_CURVE('',#571,#572,#352,.T.);
#724=EDGE_CURVE('',#572,#573,#79,.T.);
#725=EDGE_CURVE('',#573,#574,#353,.T.);
#726=EDGE_CURVE('',#574,#575,#80,.T.);
#727=EDGE_CURVE('',#575,#576,#354,.T.);
#728=EDGE_CURVE('',#576,#560,#81,.T.);
#729=EDGE_CURVE('',#562,#577,#82,.T.);
#730=EDGE_CURVE('',#577,#578,#83,.T.);
#731=EDGE_CURVE('',#578,#579,#355,.T.);
#732=EDGE_CURVE('',#579,#580,#84,.T.);
#733=EDGE_CURVE('',#580,#581,#356,.T.);
#734=EDGE_CURVE('',#581,#582,#85,.T.);
#735=EDGE_CURVE('',#582,#583,#357,.T.);
#736=EDGE_CURVE('',#583,#566,#86,.T.);
#737=EDGE_CURVE('',#584,#563,#87,.T.);
#738=EDGE_CURVE('',#585,#584,#358,.T.);
#739=EDGE_CURVE('',#586,#585,#88,.T.);
#740=EDGE_CURVE('',#587,#586,#359,.T.);
#741=EDGE_CURVE('',#588,#587,#89,.T.);
#742=EDGE_CURVE('',#589,#588,#360,.T.);
#743=EDGE_CURVE('',#590,#589,#90,.T.);
#744=EDGE_CURVE('',#561,#590,#91,.T.);
#745=EDGE_CURVE('',#591,#557,#92,.T.);
#746=EDGE_CURVE('',#592,#591,#361,.T.);
#747=EDGE_CURVE('',#593,#592,#93,.T.);
#748=EDGE_CURVE('',#594,#593,#362,.T.);
#749=EDGE_CURVE('',#595,#594,#94,.T.);
#750=EDGE_CURVE('',#596,#595,#363,.T.);
#751=EDGE_CURVE('',#570,#596,#95,.T.);
#752=EDGE_CURVE('',#593,#574,#364,.T.);
#753=EDGE_CURVE('',#594,#573,#365,.T.);
#754=EDGE_CURVE('',#588,#579,#366,.T.);
#755=EDGE_CURVE('',#589,#578,#367,.T.);
#756=EDGE_CURVE('',#586,#581,#368,.T.);
#757=EDGE_CURVE('',#587,#580,#369,.T.);
#758=EDGE_CURVE('',#595,#572,#370,.T.);
#759=EDGE_CURVE('',#592,#575,#371,.T.);
#760=EDGE_CURVE('',#585,#582,#372,.T.);
#761=EDGE_CURVE('',#591,#576,#373,.T.);
#762=EDGE_CURVE('',#590,#577,#374,.T.);
#763=EDGE_CURVE('',#584,#583,#375,.T.);
#764=EDGE_CURVE('',#571,#596,#376,.T.);
#765=EDGE_CURVE('',#597,#598,#96,.T.);
#766=EDGE_CURVE('',#599,#598,#377,.T.);
#767=EDGE_CURVE('',#599,#600,#97,.T.);
#768=EDGE_CURVE('',#597,#600,#378,.T.);
#769=EDGE_CURVE('',#600,#599,#98,.T.);
#770=EDGE_CURVE('',#597,#598,#99,.T.);
#771=ORIENTED_EDGE('',*,*,#601,.T.);
#772=ORIENTED_EDGE('',*,*,#602,.T.);
#773=ORIENTED_EDGE('',*,*,#603,.F.);
#774=ORIENTED_EDGE('',*,*,#604,.F.);
#775=ORIENTED_EDGE('',*,*,#605,.T.);
#776=ORIENTED_EDGE('',*,*,#603,.T.);
#777=ORIENTED_EDGE('',*,*,#606,.F.);
#778=ORIENTED_EDGE('',*,*,#601,.F.);
#779=ORIENTED_EDGE('',*,*,#604,.T.);
#780=ORIENTED_EDGE('',*,*,#605,.F.);
#781=ORIENTED_EDGE('',*,*,#606,.T.);
#782=ORIENTED_EDGE('',*,*,#602,.F.);
#783=ORIENTED_EDGE('',*,*,#607,.T.);
#784=ORIENTED_EDGE('',*,*,#608,.F.);
#785=ORIENTED_EDGE('',*,*,#609,.T.);
#786=ORIENTED_EDGE('',*,*,#610,.T.);
#787=ORIENTED_EDGE('',*,*,#611,.F.);
#788=ORIENTED_EDGE('',*,*,#609,.F.);
#789=ORIENTED_EDGE('',*,*,#612,.T.);
#790=ORIENTED_EDGE('',*,*,#607,.F.);
#791=ORIENTED_EDGE('',*,*,#608,.T.);
#792=ORIENTED_EDGE('',*,*,#612,.F.);
#793=ORIENTED_EDGE('',*,*,#611,.T.);
#794=ORIENTED_EDGE('',*,*,#610,.F.);
#795=ORIENTED_EDGE('',*,*,#613,.T.);
#796=ORIENTED_EDGE('',*,*,#614,.F.);
#797=ORIENTED_EDGE('',*,*,#615,.T.);
#798=ORIENTED_EDGE('',*,*,#616,.F.);
#799=ORIENTED_EDGE('',*,*,#615,.F.);
#800=ORIENTED_EDGE('',*,*,#617,.F.);
#801=ORIENTED_EDGE('',*,*,#618,.F.);
#802=ORIENTED_EDGE('',*,*,#619,.T.);
#803=ORIENTED_EDGE('',*,*,#613,.F.);
#804=ORIENTED_EDGE('',*,*,#620,.T.);
#805=ORIENTED_EDGE('',*,*,#616,.T.);
#806=ORIENTED_EDGE('',*,*,#618,.T.);
#807=ORIENTED_EDGE('',*,*,#617,.T.);
#808=ORIENTED_EDGE('',*,*,#614,.T.);
#809=ORIENTED_EDGE('',*,*,#619,.F.);
#810=ORIENTED_EDGE('',*,*,#620,.F.);
#811=ORIENTED_EDGE('',*,*,#621,.T.);
#812=ORIENTED_EDGE('',*,*,#622,.T.);
#813=ORIENTED_EDGE('',*,*,#623,.F.);
#814=ORIENTED_EDGE('',*,*,#624,.F.);
#815=ORIENTED_EDGE('',*,*,#625,.T.);
#816=ORIENTED_EDGE('',*,*,#626,.T.);
#817=ORIENTED_EDGE('',*,*,#627,.F.);
#818=ORIENTED_EDGE('',*,*,#622,.F.);
#819=ORIENTED_EDGE('',*,*,#628,.T.);
#820=ORIENTED_EDGE('',*,*,#629,.T.);
#821=ORIENTED_EDGE('',*,*,#630,.F.);
#822=ORIENTED_EDGE('',*,*,#626,.F.);
#823=ORIENTED_EDGE('',*,*,#631,.T.);
#824=ORIENTED_EDGE('',*,*,#624,.T.);
#825=ORIENTED_EDGE('',*,*,#632,.F.);
#826=ORIENTED_EDGE('',*,*,#629,.F.);
#827=ORIENTED_EDGE('',*,*,#631,.F.);
#828=ORIENTED_EDGE('',*,*,#628,.F.);
#829=ORIENTED_EDGE('',*,*,#625,.F.);
#830=ORIENTED_EDGE('',*,*,#621,.F.);
#831=ORIENTED_EDGE('',*,*,#623,.T.);
#832=ORIENTED_EDGE('',*,*,#627,.T.);
#833=ORIENTED_EDGE('',*,*,#630,.T.);
#834=ORIENTED_EDGE('',*,*,#632,.T.);
#835=ORIENTED_EDGE('',*,*,#633,.T.);
#836=ORIENTED_EDGE('',*,*,#634,.T.);
#837=ORIENTED_EDGE('',*,*,#635,.F.);
#838=ORIENTED_EDGE('',*,*,#636,.F.);
#839=ORIENTED_EDGE('',*,*,#637,.T.);
#840=ORIENTED_EDGE('',*,*,#638,.T.);
#841=ORIENTED_EDGE('',*,*,#639,.F.);
#842=ORIENTED_EDGE('',*,*,#634,.F.);
#843=ORIENTED_EDGE('',*,*,#640,.T.);
#844=ORIENTED_EDGE('',*,*,#641,.T.);
#845=ORIENTED_EDGE('',*,*,#642,.F.);
#846=ORIENTED_EDGE('',*,*,#638,.F.);
#847=ORIENTED_EDGE('',*,*,#643,.T.);
#848=ORIENTED_EDGE('',*,*,#636,.T.);
#849=ORIENTED_EDGE('',*,*,#644,.F.);
#850=ORIENTED_EDGE('',*,*,#641,.F.);
#851=ORIENTED_EDGE('',*,*,#643,.F.);
#852=ORIENTED_EDGE('',*,*,#640,.F.);
#853=ORIENTED_EDGE('',*,*,#637,.F.);
#854=ORIENTED_EDGE('',*,*,#633,.F.);
#855=ORIENTED_EDGE('',*,*,#635,.T.);
#856=ORIENTED_EDGE('',*,*,#639,.T.);
#857=ORIENTED_EDGE('',*,*,#642,.T.);
#858=ORIENTED_EDGE('',*,*,#644,.T.);
#859=ORIENTED_EDGE('',*,*,#645,.T.);
#860=ORIENTED_EDGE('',*,*,#646,.T.);
#861=ORIENTED_EDGE('',*,*,#647,.T.);
#862=ORIENTED_EDGE('',*,*,#648,.F.);
#863=ORIENTED_EDGE('',*,*,#649,.T.);
#864=ORIENTED_EDGE('',*,*,#650,.T.);
#865=ORIENTED_EDGE('',*,*,#651,.F.);
#866=ORIENTED_EDGE('',*,*,#647,.F.);
#867=ORIENTED_EDGE('',*,*,#652,.T.);
#868=ORIENTED_EDGE('',*,*,#653,.T.);
#869=ORIENTED_EDGE('',*,*,#654,.T.);
#870=ORIENTED_EDGE('',*,*,#655,.F.);
#871=ORIENTED_EDGE('',*,*,#656,.T.);
#872=ORIENTED_EDGE('',*,*,#657,.T.);
#873=ORIENTED_EDGE('',*,*,#658,.F.);
#874=ORIENTED_EDGE('',*,*,#654,.F.);
#875=ORIENTED_EDGE('',*,*,#659,.T.);
#876=ORIENTED_EDGE('',*,*,#660,.F.);
#877=ORIENTED_EDGE('',*,*,#657,.F.);
#878=ORIENTED_EDGE('',*,*,#661,.T.);
#879=ORIENTED_EDGE('',*,*,#662,.F.);
#880=ORIENTED_EDGE('',*,*,#663,.F.);
#881=ORIENTED_EDGE('',*,*,#664,.F.);
#882=ORIENTED_EDGE('',*,*,#665,.F.);
#883=ORIENTED_EDGE('',*,*,#666,.F.);
#884=ORIENTED_EDGE('',*,*,#667,.F.);
#885=ORIENTED_EDGE('',*,*,#668,.F.);
#886=ORIENTED_EDGE('',*,*,#669,.F.);
#887=ORIENTED_EDGE('',*,*,#649,.F.);
#888=ORIENTED_EDGE('',*,*,#646,.F.);
#889=ORIENTED_EDGE('',*,*,#670,.F.);
#890=ORIENTED_EDGE('',*,*,#671,.F.);
#891=ORIENTED_EDGE('',*,*,#672,.F.);
#892=ORIENTED_EDGE('',*,*,#673,.F.);
#893=ORIENTED_EDGE('',*,*,#674,.F.);
#894=ORIENTED_EDGE('',*,*,#675,.F.);
#895=ORIENTED_EDGE('',*,*,#676,.F.);
#896=ORIENTED_EDGE('',*,*,#661,.F.);
#897=ORIENTED_EDGE('',*,*,#656,.F.);
#898=ORIENTED_EDGE('',*,*,#653,.F.);
#899=ORIENTED_EDGE('',*,*,#655,.T.);
#900=ORIENTED_EDGE('',*,*,#658,.T.);
#901=ORIENTED_EDGE('',*,*,#660,.T.);
#902=ORIENTED_EDGE('',*,*,#677,.T.);
#903=ORIENTED_EDGE('',*,*,#678,.T.);
#904=ORIENTED_EDGE('',*,*,#679,.T.);
#905=ORIENTED_EDGE('',*,*,#680,.T.);
#906=ORIENTED_EDGE('',*,*,#681,.T.);
#907=ORIENTED_EDGE('',*,*,#682,.T.);
#908=ORIENTED_EDGE('',*,*,#683,.T.);
#909=ORIENTED_EDGE('',*,*,#648,.T.);
#910=ORIENTED_EDGE('',*,*,#651,.T.);
#911=ORIENTED_EDGE('',*,*,#684,.T.);
#912=ORIENTED_EDGE('',*,*,#685,.T.);
#913=ORIENTED_EDGE('',*,*,#686,.T.);
#914=ORIENTED_EDGE('',*,*,#687,.T.);
#915=ORIENTED_EDGE('',*,*,#688,.T.);
#916=ORIENTED_EDGE('',*,*,#689,.T.);
#917=ORIENTED_EDGE('',*,*,#690,.T.);
#918=ORIENTED_EDGE('',*,*,#691,.T.);
#919=ORIENTED_EDGE('',*,*,#692,.T.);
#920=ORIENTED_EDGE('',*,*,#673,.T.);
#921=ORIENTED_EDGE('',*,*,#693,.F.);
#922=ORIENTED_EDGE('',*,*,#680,.F.);
#923=ORIENTED_EDGE('',*,*,#694,.T.);
#924=ORIENTED_EDGE('',*,*,#667,.T.);
#925=ORIENTED_EDGE('',*,*,#695,.F.);
#926=ORIENTED_EDGE('',*,*,#686,.F.);
#927=ORIENTED_EDGE('',*,*,#688,.F.);
#928=ORIENTED_EDGE('',*,*,#696,.T.);
#929=ORIENTED_EDGE('',*,*,#665,.T.);
#930=ORIENTED_EDGE('',*,*,#697,.F.);
#931=ORIENTED_EDGE('',*,*,#698,.T.);
#932=ORIENTED_EDGE('',*,*,#674,.T.);
#933=ORIENTED_EDGE('',*,*,#692,.F.);
#934=ORIENTED_EDGE('',*,*,#679,.F.);
#935=ORIENTED_EDGE('',*,*,#693,.T.);
#936=ORIENTED_EDGE('',*,*,#672,.T.);
#937=ORIENTED_EDGE('',*,*,#699,.F.);
#938=ORIENTED_EDGE('',*,*,#681,.F.);
#939=ORIENTED_EDGE('',*,*,#695,.T.);
#940=ORIENTED_EDGE('',*,*,#666,.T.);
#941=ORIENTED_EDGE('',*,*,#696,.F.);
#942=ORIENTED_EDGE('',*,*,#687,.F.);
#943=ORIENTED_EDGE('',*,*,#697,.T.);
#944=ORIENTED_EDGE('',*,*,#664,.T.);
#945=ORIENTED_EDGE('',*,*,#700,.F.);
#946=ORIENTED_EDGE('',*,*,#689,.F.);
#947=ORIENTED_EDGE('',*,*,#682,.F.);
#948=ORIENTED_EDGE('',*,*,#699,.T.);
#949=ORIENTED_EDGE('',*,*,#671,.T.);
#950=ORIENTED_EDGE('',*,*,#701,.F.);
#951=ORIENTED_EDGE('',*,*,#684,.F.);
#952=ORIENTED_EDGE('',*,*,#650,.F.);
#953=ORIENTED_EDGE('',*,*,#669,.T.);
#954=ORIENTED_EDGE('',*,*,#702,.F.);
#955=ORIENTED_EDGE('',*,*,#690,.F.);
#956=ORIENTED_EDGE('',*,*,#700,.T.);
#957=ORIENTED_EDGE('',*,*,#663,.T.);
#958=ORIENTED_EDGE('',*,*,#703,.F.);
#959=ORIENTED_EDGE('',*,*,#675,.T.);
#960=ORIENTED_EDGE('',*,*,#698,.F.);
#961=ORIENTED_EDGE('',*,*,#678,.F.);
#962=ORIENTED_EDGE('',*,*,#704,.F.);
#963=ORIENTED_EDGE('',*,*,#704,.T.);
#964=ORIENTED_EDGE('',*,*,#677,.F.);
#965=ORIENTED_EDGE('',*,*,#659,.F.);
#966=ORIENTED_EDGE('',*,*,#676,.T.);
#967=ORIENTED_EDGE('',*,*,#701,.T.);
#968=ORIENTED_EDGE('',*,*,#670,.T.);
#969=ORIENTED_EDGE('',*,*,#645,.F.);
#970=ORIENTED_EDGE('',*,*,#683,.F.);
#971=ORIENTED_EDGE('',*,*,#702,.T.);
#972=ORIENTED_EDGE('',*,*,#668,.T.);
#973=ORIENTED_EDGE('',*,*,#694,.F.);
#974=ORIENTED_EDGE('',*,*,#685,.F.);
#975=ORIENTED_EDGE('',*,*,#703,.T.);
#976=ORIENTED_EDGE('',*,*,#662,.T.);
#977=ORIENTED_EDGE('',*,*,#652,.F.);
#978=ORIENTED_EDGE('',*,*,#691,.F.);
#979=ORIENTED_EDGE('',*,*,#705,.T.);
#980=ORIENTED_EDGE('',*,*,#706,.F.);
#981=ORIENTED_EDGE('',*,*,#707,.F.);
#982=ORIENTED_EDGE('',*,*,#708,.F.);
#983=ORIENTED_EDGE('',*,*,#706,.T.);
#984=ORIENTED_EDGE('',*,*,#709,.T.);
#985=ORIENTED_EDGE('',*,*,#710,.F.);
#986=ORIENTED_EDGE('',*,*,#711,.F.);
#987=ORIENTED_EDGE('',*,*,#712,.T.);
#988=ORIENTED_EDGE('',*,*,#713,.F.);
#989=ORIENTED_EDGE('',*,*,#714,.F.);
#990=ORIENTED_EDGE('',*,*,#715,.F.);
#991=ORIENTED_EDGE('',*,*,#713,.T.);
#992=ORIENTED_EDGE('',*,*,#716,.T.);
#993=ORIENTED_EDGE('',*,*,#717,.F.);
#994=ORIENTED_EDGE('',*,*,#718,.F.);
#995=ORIENTED_EDGE('',*,*,#719,.F.);
#996=ORIENTED_EDGE('',*,*,#717,.T.);
#997=ORIENTED_EDGE('',*,*,#720,.T.);
#998=ORIENTED_EDGE('',*,*,#721,.F.);
#999=ORIENTED_EDGE('',*,*,#714,.T.);
#1000=ORIENTED_EDGE('',*,*,#718,.T.);
#1001=ORIENTED_EDGE('',*,*,#719,.T.);
#1002=ORIENTED_EDGE('',*,*,#722,.T.);
#1003=ORIENTED_EDGE('',*,*,#723,.T.);
#1004=ORIENTED_EDGE('',*,*,#724,.T.);
#1005=ORIENTED_EDGE('',*,*,#725,.T.);
#1006=ORIENTED_EDGE('',*,*,#726,.T.);
#1007=ORIENTED_EDGE('',*,*,#727,.T.);
#1008=ORIENTED_EDGE('',*,*,#728,.T.);
#1009=ORIENTED_EDGE('',*,*,#707,.T.);
#1010=ORIENTED_EDGE('',*,*,#711,.T.);
#1011=ORIENTED_EDGE('',*,*,#729,.T.);
#1012=ORIENTED_EDGE('',*,*,#730,.T.);
#1013=ORIENTED_EDGE('',*,*,#731,.T.);
#1014=ORIENTED_EDGE('',*,*,#732,.T.);
#1015=ORIENTED_EDGE('',*,*,#733,.T.);
#1016=ORIENTED_EDGE('',*,*,#734,.T.);
#1017=ORIENTED_EDGE('',*,*,#735,.T.);
#1018=ORIENTED_EDGE('',*,*,#736,.T.);
#1019=ORIENTED_EDGE('',*,*,#737,.F.);
#1020=ORIENTED_EDGE('',*,*,#738,.F.);
#1021=ORIENTED_EDGE('',*,*,#739,.F.);
#1022=ORIENTED_EDGE('',*,*,#740,.F.);
#1023=ORIENTED_EDGE('',*,*,#741,.F.);
#1024=ORIENTED_EDGE('',*,*,#742,.F.);
#1025=ORIENTED_EDGE('',*,*,#743,.F.);
#1026=ORIENTED_EDGE('',*,*,#744,.F.);
#1027=ORIENTED_EDGE('',*,*,#709,.F.);
#1028=ORIENTED_EDGE('',*,*,#705,.F.);
#1029=ORIENTED_EDGE('',*,*,#745,.F.);
#1030=ORIENTED_EDGE('',*,*,#746,.F.);
#1031=ORIENTED_EDGE('',*,*,#747,.F.);
#1032=ORIENTED_EDGE('',*,*,#748,.F.);
#1033=ORIENTED_EDGE('',*,*,#749,.F.);
#1034=ORIENTED_EDGE('',*,*,#750,.F.);
#1035=ORIENTED_EDGE('',*,*,#751,.F.);
#1036=ORIENTED_EDGE('',*,*,#720,.F.);
#1037=ORIENTED_EDGE('',*,*,#716,.F.);
#1038=ORIENTED_EDGE('',*,*,#712,.F.);
#1039=ORIENTED_EDGE('',*,*,#748,.T.);
#1040=ORIENTED_EDGE('',*,*,#752,.T.);
#1041=ORIENTED_EDGE('',*,*,#725,.F.);
#1042=ORIENTED_EDGE('',*,*,#753,.F.);
#1043=ORIENTED_EDGE('',*,*,#742,.T.);
#1044=ORIENTED_EDGE('',*,*,#754,.T.);
#1045=ORIENTED_EDGE('',*,*,#731,.F.);
#1046=ORIENTED_EDGE('',*,*,#755,.F.);
#1047=ORIENTED_EDGE('',*,*,#756,.T.);
#1048=ORIENTED_EDGE('',*,*,#733,.F.);
#1049=ORIENTED_EDGE('',*,*,#757,.F.);
#1050=ORIENTED_EDGE('',*,*,#740,.T.);
#1051=ORIENTED_EDGE('',*,*,#749,.T.);
#1052=ORIENTED_EDGE('',*,*,#753,.T.);
#1053=ORIENTED_EDGE('',*,*,#724,.F.);
#1054=ORIENTED_EDGE('',*,*,#758,.F.);
#1055=ORIENTED_EDGE('',*,*,#747,.T.);
#1056=ORIENTED_EDGE('',*,*,#759,.T.);
#1057=ORIENTED_EDGE('',*,*,#726,.F.);
#1058=ORIENTED_EDGE('',*,*,#752,.F.);
#1059=ORIENTED_EDGE('',*,*,#741,.T.);
#1060=ORIENTED_EDGE('',*,*,#757,.T.);
#1061=ORIENTED_EDGE('',*,*,#732,.F.);
#1062=ORIENTED_EDGE('',*,*,#754,.F.);
#1063=ORIENTED_EDGE('',*,*,#739,.T.);
#1064=ORIENTED_EDGE('',*,*,#760,.T.);
#1065=ORIENTED_EDGE('',*,*,#734,.F.);
#1066=ORIENTED_EDGE('',*,*,#756,.F.);
#1067=ORIENTED_EDGE('',*,*,#761,.T.);
#1068=ORIENTED_EDGE('',*,*,#727,.F.);
#1069=ORIENTED_EDGE('',*,*,#759,.F.);
#1070=ORIENTED_EDGE('',*,*,#746,.T.);
#1071=ORIENTED_EDGE('',*,*,#762,.T.);
#1072=ORIENTED_EDGE('',*,*,#729,.F.);
#1073=ORIENTED_EDGE('',*,*,#710,.T.);
#1074=ORIENTED_EDGE('',*,*,#744,.T.);
#1075=ORIENTED_EDGE('',*,*,#763,.T.);
#1076=ORIENTED_EDGE('',*,*,#735,.F.);
#1077=ORIENTED_EDGE('',*,*,#760,.F.);
#1078=ORIENTED_EDGE('',*,*,#738,.T.);
#1079=ORIENTED_EDGE('',*,*,#764,.T.);
#1080=ORIENTED_EDGE('',*,*,#750,.T.);
#1081=ORIENTED_EDGE('',*,*,#758,.T.);
#1082=ORIENTED_EDGE('',*,*,#723,.F.);
#1083=ORIENTED_EDGE('',*,*,#722,.F.);
#1084=ORIENTED_EDGE('',*,*,#721,.T.);
#1085=ORIENTED_EDGE('',*,*,#751,.T.);
#1086=ORIENTED_EDGE('',*,*,#764,.F.);
#1087=ORIENTED_EDGE('',*,*,#745,.T.);
#1088=ORIENTED_EDGE('',*,*,#708,.T.);
#1089=ORIENTED_EDGE('',*,*,#728,.F.);
#1090=ORIENTED_EDGE('',*,*,#761,.F.);
#1091=ORIENTED_EDGE('',*,*,#743,.T.);
#1092=ORIENTED_EDGE('',*,*,#755,.T.);
#1093=ORIENTED_EDGE('',*,*,#730,.F.);
#1094=ORIENTED_EDGE('',*,*,#762,.F.);
#1095=ORIENTED_EDGE('',*,*,#737,.T.);
#1096=ORIENTED_EDGE('',*,*,#715,.T.);
#1097=ORIENTED_EDGE('',*,*,#736,.F.);
#1098=ORIENTED_EDGE('',*,*,#763,.F.);
#1099=ORIENTED_EDGE('',*,*,#765,.T.);
#1100=ORIENTED_EDGE('',*,*,#766,.F.);
#1101=ORIENTED_EDGE('',*,*,#767,.T.);
#1102=ORIENTED_EDGE('',*,*,#768,.F.);
#1103=ORIENTED_EDGE('',*,*,#767,.F.);
#1104=ORIENTED_EDGE('',*,*,#769,.F.);
#1105=ORIENTED_EDGE('',*,*,#770,.T.);
#1106=ORIENTED_EDGE('',*,*,#765,.F.);
#1107=ORIENTED_EDGE('',*,*,#768,.T.);
#1108=ORIENTED_EDGE('',*,*,#769,.T.);
#1109=ORIENTED_EDGE('',*,*,#766,.T.);
#1110=ORIENTED_EDGE('',*,*,#770,.F.);
#1111=PLANE('',#1245);
#1112=PLANE('',#1249);
#1113=PLANE('',#1250);
#1114=PLANE('',#1251);
#1115=PLANE('',#1255);
#1116=PLANE('',#1256);
#1117=PLANE('',#1263);
#1118=PLANE('',#1264);
#1119=PLANE('',#1265);
#1120=PLANE('',#1266);
#1121=PLANE('',#1267);
#1122=PLANE('',#1268);
#1123=PLANE('',#1269);
#1124=PLANE('',#1270);
#1125=PLANE('',#1271);
#1126=PLANE('',#1272);
#1127=PLANE('',#1273);
#1128=PLANE('',#1274);
#1129=PLANE('',#1275);
#1130=PLANE('',#1279);
#1131=PLANE('',#1283);
#1132=PLANE('',#1287);
#1133=PLANE('',#1297);
#1134=PLANE('',#1307);
#1135=PLANE('',#1308);
#1136=PLANE('',#1309);
#1137=PLANE('',#1314);
#1138=PLANE('',#1316);
#1139=PLANE('',#1317);
#1140=PLANE('',#1325);
#1141=PLANE('',#1329);
#1142=PLANE('',#1333);
#1143=PLANE('',#1343);
#1144=PLANE('',#1353);
#1145=PLANE('',#1354);
#1146=PLANE('',#1355);
#1147=PLANE('',#1360);
#1148=PLANE('',#1362);
#1149=PLANE('',#1363);
#1150=PLANE('',#1375);
#1151=ADVANCED_FACE('',(#127),#1111,.T.);
#1152=ADVANCED_FACE('',(#128),#100,.T.);
#1153=ADVANCED_FACE('',(#129),#1112,.T.);
#1154=ADVANCED_FACE('',(#130),#1113,.T.);
#1155=ADVANCED_FACE('',(#131),#1114,.T.);
#1156=ADVANCED_FACE('',(#132),#101,.T.);
#1157=ADVANCED_FACE('',(#133),#1115,.T.);
#1158=ADVANCED_FACE('',(#134),#1116,.T.);
#1159=ADVANCED_FACE('',(#135),#21,.F.);
#1160=ADVANCED_FACE('',(#136),#22,.T.);
#1161=ADVANCED_FACE('',(#137),#23,.T.);
#1162=ADVANCED_FACE('',(#138),#1117,.T.);
#1163=ADVANCED_FACE('',(#139),#1118,.T.);
#1164=ADVANCED_FACE('',(#140),#1119,.T.);
#1165=ADVANCED_FACE('',(#141),#1120,.T.);
#1166=ADVANCED_FACE('',(#142),#1121,.T.);
#1167=ADVANCED_FACE('',(#143),#1122,.T.);
#1168=ADVANCED_FACE('',(#144),#1123,.T.);
#1169=ADVANCED_FACE('',(#145),#1124,.T.);
#1170=ADVANCED_FACE('',(#146),#1125,.T.);
#1171=ADVANCED_FACE('',(#147),#1126,.T.);
#1172=ADVANCED_FACE('',(#148),#1127,.T.);
#1173=ADVANCED_FACE('',(#149),#1128,.T.);
#1174=ADVANCED_FACE('',(#150),#1129,.T.);
#1175=ADVANCED_FACE('',(#151),#102,.F.);
#1176=ADVANCED_FACE('',(#152),#1130,.T.);
#1177=ADVANCED_FACE('',(#153),#103,.F.);
#1178=ADVANCED_FACE('',(#154),#1131,.T.);
#1179=ADVANCED_FACE('',(#155),#104,.F.);
#1180=ADVANCED_FACE('',(#156),#1132,.T.);
#1181=ADVANCED_FACE('',(#157),#1133,.T.);
#1182=ADVANCED_FACE('',(#158),#1134,.T.);
#1183=ADVANCED_FACE('',(#159),#1135,.T.);
#1184=ADVANCED_FACE('',(#160),#1136,.T.);
#1185=ADVANCED_FACE('',(#161),#105,.T.);
#1186=ADVANCED_FACE('',(#162),#106,.T.);
#1187=ADVANCED_FACE('',(#163),#107,.T.);
#1188=ADVANCED_FACE('',(#164),#108,.T.);
#1189=ADVANCED_FACE('',(#165),#1137,.T.);
#1190=ADVANCED_FACE('',(#166),#109,.F.);
#1191=ADVANCED_FACE('',(#167),#1138,.T.);
#1192=ADVANCED_FACE('',(#168),#1139,.T.);
#1193=ADVANCED_FACE('',(#169),#110,.T.);
#1194=ADVANCED_FACE('',(#170),#111,.T.);
#1195=ADVANCED_FACE('',(#171),#112,.T.);
#1196=ADVANCED_FACE('',(#172),#113,.T.);
#1197=ADVANCED_FACE('',(#173),#114,.F.);
#1198=ADVANCED_FACE('',(#174),#1140,.T.);
#1199=ADVANCED_FACE('',(#175),#115,.F.);
#1200=ADVANCED_FACE('',(#176),#1141,.T.);
#1201=ADVANCED_FACE('',(#177),#116,.F.);
#1202=ADVANCED_FACE('',(#178),#1142,.T.);
#1203=ADVANCED_FACE('',(#179),#1143,.T.);
#1204=ADVANCED_FACE('',(#180),#1144,.T.);
#1205=ADVANCED_FACE('',(#181),#1145,.T.);
#1206=ADVANCED_FACE('',(#182),#1146,.T.);
#1207=ADVANCED_FACE('',(#183),#117,.T.);
#1208=ADVANCED_FACE('',(#184),#118,.T.);
#1209=ADVANCED_FACE('',(#185),#119,.T.);
#1210=ADVANCED_FACE('',(#186),#120,.T.);
#1211=ADVANCED_FACE('',(#187),#1147,.T.);
#1212=ADVANCED_FACE('',(#188),#121,.F.);
#1213=ADVANCED_FACE('',(#189),#1148,.T.);
#1214=ADVANCED_FACE('',(#190),#1149,.T.);
#1215=ADVANCED_FACE('',(#191),#122,.T.);
#1216=ADVANCED_FACE('',(#192),#123,.T.);
#1217=ADVANCED_FACE('',(#193),#124,.T.);
#1218=ADVANCED_FACE('',(#194),#125,.T.);
#1219=ADVANCED_FACE('',(#195),#126,.T.);
#1220=ADVANCED_FACE('',(#196),#17,.T.);
#1221=ADVANCED_FACE('',(#197),#18,.T.);
#1222=ADVANCED_FACE('',(#198),#1150,.T.);
#1223=CLOSED_SHELL('',(#1151,#1152,#1153,#1154));
#1224=CLOSED_SHELL('',(#1155,#1156,#1157,#1158));
#1225=CLOSED_SHELL('',(#1159,#1160,#1161,#1162));
#1226=CLOSED_SHELL('',(#1163,#1164,#1165,#1166,#1167,#1168));
#1227=CLOSED_SHELL('',(#1169,#1170,#1171,#1172,#1173,#1174));
#1228=CLOSED_SHELL('',(#1175,#1176,#1177,#1178,#1179,#1180,#1181,#1182,
#1183,#1184,#1185,#1186,#1187,#1188,#1189,#1190,#1191,#1192,#1193,#1194,
#1195,#1196));
#1229=CLOSED_SHELL('',(#1197,#1198,#1199,#1200,#1201,#1202,#1203,#1204,
#1205,#1206,#1207,#1208,#1209,#1210,#1211,#1212,#1213,#1214,#1215,#1216,
#1217,#1218));
#1230=CLOSED_SHELL('',(#1219,#1220,#1221,#1222));
#1231=DERIVED_UNIT_ELEMENT(#1233,1.);
#1232=DERIVED_UNIT_ELEMENT(#2188,-3.);
#1233=(
MASS_UNIT()
NAMED_UNIT(*)
SI_UNIT(.KILO.,.GRAM.)
);
#1234=DERIVED_UNIT((#1231,#1232));
#1235=MEASURE_REPRESENTATION_ITEM('density measure',
POSITIVE_RATIO_MEASURE(7850.),#1234);
#1236=PROPERTY_DEFINITION_REPRESENTATION(#1241,#1238);
#1237=PROPERTY_DEFINITION_REPRESENTATION(#1242,#1239);
#1238=REPRESENTATION('material name',(#1240),#2185);
#1239=REPRESENTATION('density',(#1235),#2185);
#1240=DESCRIPTIVE_REPRESENTATION_ITEM('Steel','Steel');
#1241=PROPERTY_DEFINITION('material property','material name',#2200);
#1242=PROPERTY_DEFINITION('material property','density of part',#2200);
#1243=AXIS2_PLACEMENT_3D('',#1753,#1377,#1378);
#1244=AXIS2_PLACEMENT_3D('',#1754,#1379,#1380);
#1245=AXIS2_PLACEMENT_3D('',#1755,#1381,#1382);
#1246=AXIS2_PLACEMENT_3D('',#1764,#1387,#1388);
#1247=AXIS2_PLACEMENT_3D('',#1765,#1389,#1390);
#1248=AXIS2_PLACEMENT_3D('',#1766,#1391,#1392);
#1249=AXIS2_PLACEMENT_3D('',#1767,#1393,#1394);
#1250=AXIS2_PLACEMENT_3D('',#1768,#1395,#1396);
#1251=AXIS2_PLACEMENT_3D('',#1769,#1397,#1398);
#1252=AXIS2_PLACEMENT_3D('',#1778,#1403,#1404);
#1253=AXIS2_PLACEMENT_3D('',#1779,#1405,#1406);
#1254=AXIS2_PLACEMENT_3D('',#1780,#1407,#1408);
#1255=AXIS2_PLACEMENT_3D('',#1781,#1409,#1410);
#1256=AXIS2_PLACEMENT_3D('',#1782,#1411,#1412);
#1257=AXIS2_PLACEMENT_3D('',#1803,#1413,#1414);
#1258=AXIS2_PLACEMENT_3D('',#1807,#1416,#1417);
#1259=AXIS2_PLACEMENT_3D('',#1837,#1419,#1420);
#1260=AXIS2_PLACEMENT_3D('',#1838,#1421,#1422);
#1261=AXIS2_PLACEMENT_3D('',#1867,#1423,#1424);
#1262=AXIS2_PLACEMENT_3D('',#1868,#1425,#1426);
#1263=AXIS2_PLACEMENT_3D('',#1869,#1427,#1428);
#1264=AXIS2_PLACEMENT_3D('',#1870,#1429,#1430);
#1265=AXIS2_PLACEMENT_3D('',#1879,#1435,#1436);
#1266=AXIS2_PLACEMENT_3D('',#1885,#1440,#1441);
#1267=AXIS2_PLACEMENT_3D('',#1891,#1445,#1446);
#1268=AXIS2_PLACEMENT_3D('',#1894,#1449,#1450);
#1269=AXIS2_PLACEMENT_3D('',#1895,#1451,#1452);
#1270=AXIS2_PLACEMENT_3D('',#1896,#1453,#1454);
#1271=AXIS2_PLACEMENT_3D('',#1905,#1459,#1460);
#1272=AXIS2_PLACEMENT_3D('',#1911,#1464,#1465);
#1273=AXIS2_PLACEMENT_3D('',#1917,#1469,#1470);
#1274=AXIS2_PLACEMENT_3D('',#1920,#1473,#1474);
#1275=AXIS2_PLACEMENT_3D('',#1921,#1475,#1476);
#1276=AXIS2_PLACEMENT_3D('',#1922,#1477,#1478);
#1277=AXIS2_PLACEMENT_3D('',#1927,#1480,#1481);
#1278=AXIS2_PLACEMENT_3D('',#1930,#1483,#1484);
#1279=AXIS2_PLACEMENT_3D('',#1931,#1485,#1486);
#1280=AXIS2_PLACEMENT_3D('',#1937,#1490,#1491);
#1281=AXIS2_PLACEMENT_3D('',#1942,#1493,#1494);
#1282=AXIS2_PLACEMENT_3D('',#1945,#1496,#1497);
#1283=AXIS2_PLACEMENT_3D('',#1946,#1498,#1499);
#1284=AXIS2_PLACEMENT_3D('',#1952,#1503,#1504);
#1285=AXIS2_PLACEMENT_3D('',#1956,#1506,#1507);
#1286=AXIS2_PLACEMENT_3D('',#1957,#1508,#1509);
#1287=AXIS2_PLACEMENT_3D('',#1958,#1510,#1511);
#1288=AXIS2_PLACEMENT_3D('',#1960,#1512,#1513);
#1289=AXIS2_PLACEMENT_3D('',#1964,#1515,#1516);
#1290=AXIS2_PLACEMENT_3D('',#1968,#1518,#1519);
#1291=AXIS2_PLACEMENT_3D('',#1972,#1521,#1522);
#1292=AXIS2_PLACEMENT_3D('',#1973,#1523,#1524);
#1293=AXIS2_PLACEMENT_3D('',#1975,#1525,#1526);
#1294=AXIS2_PLACEMENT_3D('',#1979,#1528,#1529);
#1295=AXIS2_PLACEMENT_3D('',#1983,#1531,#1532);
#1296=AXIS2_PLACEMENT_3D('',#1986,#1534,#1535);
#1297=AXIS2_PLACEMENT_3D('',#1987,#1536,#1537);
#1298=AXIS2_PLACEMENT_3D('',#1989,#1538,#1539);
#1299=AXIS2_PLACEMENT_3D('',#1993,#1541,#1542);
#1300=AXIS2_PLACEMENT_3D('',#1997,#1544,#1545);
#1301=AXIS2_PLACEMENT_3D('',#2000,#1547,#1548);
#1302=AXIS2_PLACEMENT_3D('',#2002,#1549,#1550);
#1303=AXIS2_PLACEMENT_3D('',#2004,#1551,#1552);
#1304=AXIS2_PLACEMENT_3D('',#2008,#1554,#1555);
#1305=AXIS2_PLACEMENT_3D('',#2012,#1557,#1558);
#1306=AXIS2_PLACEMENT_3D('',#2015,#1560,#1561);
#1307=AXIS2_PLACEMENT_3D('',#2016,#1562,#1563);
#1308=AXIS2_PLACEMENT_3D('',#2019,#1566,#1567);
#1309=AXIS2_PLACEMENT_3D('',#2022,#1570,#1571);
#1310=AXIS2_PLACEMENT_3D('',#2025,#1574,#1575);
#1311=AXIS2_PLACEMENT_3D('',#2027,#1577,#1578);
#1312=AXIS2_PLACEMENT_3D('',#2029,#1580,#1581);
#1313=AXIS2_PLACEMENT_3D('',#2030,#1582,#1583);
#1314=AXIS2_PLACEMENT_3D('',#2032,#1585,#1586);
#1315=AXIS2_PLACEMENT_3D('',#2034,#1588,#1589);
#1316=AXIS2_PLACEMENT_3D('',#2036,#1591,#1592);
#1317=AXIS2_PLACEMENT_3D('',#2038,#1594,#1595);
#1318=AXIS2_PLACEMENT_3D('',#2040,#1597,#1598);
#1319=AXIS2_PLACEMENT_3D('',#2041,#1599,#1600);
#1320=AXIS2_PLACEMENT_3D('',#2042,#1601,#1602);
#1321=AXIS2_PLACEMENT_3D('',#2043,#1603,#1604);
#1322=AXIS2_PLACEMENT_3D('',#2044,#1605,#1606);
#1323=AXIS2_PLACEMENT_3D('',#2047,#1607,#1608);
#1324=AXIS2_PLACEMENT_3D('',#2051,#1610,#1611);
#1325=AXIS2_PLACEMENT_3D('',#2053,#1613,#1614);
#1326=AXIS2_PLACEMENT_3D('',#2059,#1618,#1619);
#1327=AXIS2_PLACEMENT_3D('',#2062,#1620,#1621);
#1328=AXIS2_PLACEMENT_3D('',#2066,#1623,#1624);
#1329=AXIS2_PLACEMENT_3D('',#2068,#1626,#1627);
#1330=AXIS2_PLACEMENT_3D('',#2074,#1631,#1632);
#1331=AXIS2_PLACEMENT_3D('',#2076,#1633,#1634);
#1332=AXIS2_PLACEMENT_3D('',#2078,#1635,#1636);
#1333=AXIS2_PLACEMENT_3D('',#2080,#1638,#1639);
#1334=AXIS2_PLACEMENT_3D('',#2082,#1640,#1641);
#1335=AXIS2_PLACEMENT_3D('',#2086,#1643,#1644);
#1336=AXIS2_PLACEMENT_3D('',#2090,#1646,#1647);
#1337=AXIS2_PLACEMENT_3D('',#2093,#1649,#1650);
#1338=AXIS2_PLACEMENT_3D('',#2095,#1651,#1652);
#1339=AXIS2_PLACEMENT_3D('',#2097,#1653,#1654);
#1340=AXIS2_PLACEMENT_3D('',#2101,#1656,#1657);
#1341=AXIS2_PLACEMENT_3D('',#2105,#1659,#1660);
#1342=AXIS2_PLACEMENT_3D('',#2108,#1662,#1663);
#1343=AXIS2_PLACEMENT_3D('',#2109,#1664,#1665);
#1344=AXIS2_PLACEMENT_3D('',#2111,#1666,#1667);
#1345=AXIS2_PLACEMENT_3D('',#2115,#1669,#1670);
#1346=AXIS2_PLACEMENT_3D('',#2119,#1672,#1673);
#1347=AXIS2_PLACEMENT_3D('',#2123,#1675,#1676);
#1348=AXIS2_PLACEMENT_3D('',#2124,#1677,#1678);
#1349=AXIS2_PLACEMENT_3D('',#2126,#1679,#1680);
#1350=AXIS2_PLACEMENT_3D('',#2130,#1682,#1683);
#1351=AXIS2_PLACEMENT_3D('',#2134,#1685,#1686);
#1352=AXIS2_PLACEMENT_3D('',#2137,#1688,#1689);
#1353=AXIS2_PLACEMENT_3D('',#2138,#1690,#1691);
#1354=AXIS2_PLACEMENT_3D('',#2141,#1694,#1695);
#1355=AXIS2_PLACEMENT_3D('',#2144,#1698,#1699);
#1356=AXIS2_PLACEMENT_3D('',#2147,#1702,#1703);
#1357=AXIS2_PLACEMENT_3D('',#2149,#1705,#1706);
#1358=AXIS2_PLACEMENT_3D('',#2151,#1708,#1709);
#1359=AXIS2_PLACEMENT_3D('',#2152,#1710,#1711);
#1360=AXIS2_PLACEMENT_3D('',#2154,#1713,#1714);
#1361=AXIS2_PLACEMENT_3D('',#2156,#1716,#1717);
#1362=AXIS2_PLACEMENT_3D('',#2158,#1719,#1720);
#1363=AXIS2_PLACEMENT_3D('',#2160,#1722,#1723);
#1364=AXIS2_PLACEMENT_3D('',#2162,#1725,#1726);
#1365=AXIS2_PLACEMENT_3D('',#2163,#1727,#1728);
#1366=AXIS2_PLACEMENT_3D('',#2164,#1729,#1730);
#1367=AXIS2_PLACEMENT_3D('',#2165,#1731,#1732);
#1368=AXIS2_PLACEMENT_3D('',#2166,#1733,#1734);
#1369=AXIS2_PLACEMENT_3D('',#2169,#1735,#1736);
#1370=AXIS2_PLACEMENT_3D('',#2173,#1738,#1739);
#1371=AXIS2_PLACEMENT_3D('',#2175,#1741,#1742);
#1372=AXIS2_PLACEMENT_3D('',#2176,#1743,#1744);
#1373=AXIS2_PLACEMENT_3D('',#2177,#1745,#1746);
#1374=AXIS2_PLACEMENT_3D('',#2178,#1747,#1748);
#1375=AXIS2_PLACEMENT_3D('',#2179,#1749,#1750);
#1376=AXIS2_PLACEMENT_3D('',#2180,#1751,#1752);
#1377=DIRECTION('axis',(0.,0.,1.));
#1378=DIRECTION('refdir',(1.,0.,0.));
#1379=DIRECTION('axis',(0.,0.,1.));
#1380=DIRECTION('refdir',(1.,0.,0.));
#1381=DIRECTION('center_axis',(-1.,0.,0.));
#1382=DIRECTION('ref_axis',(0.,0.,1.));
#1383=DIRECTION('',(-8.32667268468867E-17,1.,-2.22044604925031E-16));
#1384=DIRECTION('',(0.,0.,-1.));
#1385=DIRECTION('',(0.,1.,0.));
#1386=DIRECTION('',(-1.66533453693773E-15,0.,-1.));
#1387=DIRECTION('center_axis',(0.,-1.,0.));
#1388=DIRECTION('ref_axis',(3.33066907387545E-15,0.,1.));
#1389=DIRECTION('center_axis',(-1.77635683940026E-14,1.,2.95822839457879E-29));
#1390=DIRECTION('ref_axis',(6.6613381477509E-15,0.,-1.));
#1391=DIRECTION('center_axis',(0.,1.,0.));
#1392=DIRECTION('ref_axis',(1.11022302462515E-15,0.,-1.));
#1393=DIRECTION('center_axis',(0.,-1.,0.));
#1394=DIRECTION('ref_axis',(0.,0.,-1.));
#1395=DIRECTION('center_axis',(0.,1.,0.));
#1396=DIRECTION('ref_axis',(0.,0.,1.));
#1397=DIRECTION('center_axis',(-1.,0.,0.));
#1398=DIRECTION('ref_axis',(0.,0.,1.));
#1399=DIRECTION('',(5.55111512312578E-17,-1.,0.));
#1400=DIRECTION('',(1.11022302462516E-15,0.,-1.));
#1401=DIRECTION('',(0.,1.,0.));
#1402=DIRECTION('',(0.,0.,-1.));
#1403=DIRECTION('center_axis',(0.,-1.,0.));
#1404=DIRECTION('ref_axis',(-3.33066907387545E-15,0.,-1.));
#1405=DIRECTION('center_axis',(0.,1.,0.));
#1406=DIRECTION('ref_axis',(1.11022302462515E-15,0.,-1.));
#1407=DIRECTION('center_axis',(0.,1.,0.));
#1408=DIRECTION('ref_axis',(2.2204460492503E-15,0.,-1.));
#1409=DIRECTION('center_axis',(0.,-1.,0.));
#1410=DIRECTION('ref_axis',(0.,0.,-1.));
#1411=DIRECTION('center_axis',(0.,1.,0.));
#1412=DIRECTION('ref_axis',(0.,0.,1.));
#1413=DIRECTION('center_axis',(4.44089209850063E-15,0.,1.));
#1414=DIRECTION('ref_axis',(1.,-1.85037170770861E-16,-4.44089209850063E-15));
#1415=DIRECTION('',(5.33070319911933E-15,0.,-1.));
#1416=DIRECTION('center_axis',(-6.21724893790088E-15,0.,-1.));
#1417=DIRECTION('ref_axis',(1.,1.85037170770861E-16,-6.21724893790088E-15));
#1418=DIRECTION('',(-5.33070319911933E-15,0.,1.));
#1419=DIRECTION('center_axis',(-1.,9.5242078253964E-17,-5.45587304487183E-15));
#1420=DIRECTION('ref_axis',(1.38777878078145E-16,1.,1.11022302462516E-15));
#1421=DIRECTION('center_axis',(-1.,-9.5242078253964E-17,-5.45587304487183E-15));
#1422=DIRECTION('ref_axis',(-5.41233724504765E-15,2.22044604925032E-15,
1.));
#1423=DIRECTION('center_axis',(1.,-1.82313677902317E-16,5.17831728871552E-15));
#1424=DIRECTION('ref_axis',(1.38777878078145E-16,1.,2.22044604925032E-15));
#1425=DIRECTION('center_axis',(1.,1.82313677902318E-16,5.17831728871552E-15));
#1426=DIRECTION('ref_axis',(5.13478148889135E-15,4.44089209850063E-15,-1.));
#1427=DIRECTION('center_axis',(-1.,0.,-5.32987502763887E-15));
#1428=DIRECTION('ref_axis',(-5.32987502763887E-15,0.,1.));
#1429=DIRECTION('center_axis',(0.,-1.,0.));
#1430=DIRECTION('ref_axis',(0.,0.,-1.));
#1431=DIRECTION('',(0.,0.,1.));
#1432=DIRECTION('',(-1.,0.,0.));
#1433=DIRECTION('',(0.,0.,1.));
#1434=DIRECTION('',(-1.,0.,0.));
#1435=DIRECTION('center_axis',(0.,0.,1.));
#1436=DIRECTION('ref_axis',(1.,0.,0.));
#1437=DIRECTION('',(0.,1.,0.));
#1438=DIRECTION('',(-1.,0.,0.));
#1439=DIRECTION('',(0.,1.,0.));
#1440=DIRECTION('center_axis',(0.,1.,0.));
#1441=DIRECTION('ref_axis',(0.,0.,1.));
#1442=DIRECTION('',(0.,0.,-1.));
#1443=DIRECTION('',(-1.,0.,0.));
#1444=DIRECTION('',(0.,0.,-1.));
#1445=DIRECTION('center_axis',(0.,0.,-1.));
#1446=DIRECTION('ref_axis',(-1.,0.,0.));
#1447=DIRECTION('',(0.,-1.,0.));
#1448=DIRECTION('',(0.,-1.,0.));
#1449=DIRECTION('center_axis',(1.,0.,0.));
#1450=DIRECTION('ref_axis',(0.,0.,-1.));
#1451=DIRECTION('center_axis',(-1.,0.,0.));
#1452=DIRECTION('ref_axis',(0.,0.,1.));
#1453=DIRECTION('center_axis',(0.,0.,1.));
#1454=DIRECTION('ref_axis',(1.,0.,0.));
#1455=DIRECTION('',(0.,1.,0.));
#1456=DIRECTION('',(-1.,0.,0.));
#1457=DIRECTION('',(0.,1.,0.));
#1458=DIRECTION('',(-1.,0.,0.));
#1459=DIRECTION('center_axis',(0.,1.,0.));
#1460=DIRECTION('ref_axis',(0.,0.,1.));
#1461=DIRECTION('',(0.,0.,-1.));
#1462=DIRECTION('',(-1.,0.,0.));
#1463=DIRECTION('',(0.,0.,-1.));
#1464=DIRECTION('center_axis',(0.,0.,-1.));
#1465=DIRECTION('ref_axis',(-1.,0.,0.));
#1466=DIRECTION('',(0.,-1.,0.));
#1467=DIRECTION('',(-1.,0.,0.));
#1468=DIRECTION('',(0.,-1.,0.));
#1469=DIRECTION('center_axis',(0.,-1.,0.));
#1470=DIRECTION('ref_axis',(0.,0.,-1.));
#1471=DIRECTION('',(0.,0.,1.));
#1472=DIRECTION('',(0.,0.,1.));
#1473=DIRECTION('center_axis',(1.,0.,0.));
#1474=DIRECTION('ref_axis',(0.,0.,-1.));
#1475=DIRECTION('center_axis',(-1.,0.,0.));
#1476=DIRECTION('ref_axis',(0.,0.,1.));
#1477=DIRECTION('center_axis',(-1.,0.,0.));
#1478=DIRECTION('ref_axis',(0.,0.20412414523193,0.978945010372561));
#1479=DIRECTION('',(1.,-4.44089209850063E-15,1.66533453693773E-15));
#1480=DIRECTION('center_axis',(1.,-1.82733967792689E-15,-8.91472114566233E-15));
#1481=DIRECTION('ref_axis',(8.91472114566233E-15,3.40468394218379E-15,1.));
#1482=DIRECTION('',(-1.,0.,0.));
#1483=DIRECTION('center_axis',(1.,-5.47255824023648E-16,-2.66980087251498E-15));
#1484=DIRECTION('ref_axis',(2.67378711763891E-15,1.55431223447521E-15,1.));
#1485=DIRECTION('center_axis',(0.,0.,-1.));
#1486=DIRECTION('ref_axis',(-1.,0.,0.));
#1487=DIRECTION('',(0.,-1.,0.));
#1488=DIRECTION('',(-1.,0.,0.));
#1489=DIRECTION('',(0.,-1.,0.));
#1490=DIRECTION('center_axis',(-1.,0.,0.));
#1491=DIRECTION('ref_axis',(0.,-0.204124145231931,-0.978945010372561));
#1492=DIRECTION('',(1.,0.,0.));
#1493=DIRECTION('center_axis',(1.,1.82733967792687E-15,8.91472114566219E-15));
#1494=DIRECTION('ref_axis',(8.91472114566218E-15,1.48029736616689E-15,-1.));
#1495=DIRECTION('',(-1.,0.,0.));
#1496=DIRECTION('center_axis',(1.,-8.84730248838221E-15,-4.31617807723251E-14));
#1497=DIRECTION('ref_axis',(-4.31599200823034E-14,1.48029736616689E-15,
-1.));
#1498=DIRECTION('center_axis',(0.,0.,1.));
#1499=DIRECTION('ref_axis',(1.,0.,0.));
#1500=DIRECTION('',(0.,1.,0.));
#1501=DIRECTION('',(-1.,0.,0.));
#1502=DIRECTION('',(0.,1.,0.));
#1503=DIRECTION('center_axis',(-1.,0.,0.));
#1504=DIRECTION('ref_axis',(0.,0.204124145231931,-0.978945010372561));
#1505=DIRECTION('',(-1.,0.,0.));
#1506=DIRECTION('center_axis',(1.,-5.24038690695322E-16,-2.07322427913812E-14));
#1507=DIRECTION('ref_axis',(-1.88552877015508E-14,0.393429384440336,-0.919354838709678));
#1508=DIRECTION('center_axis',(1.,-1.82733967792687E-15,8.91472114566218E-15));
#1509=DIRECTION('ref_axis',(8.91472114566218E-15,0.393429384440336,-0.919354838709678));
#1510=DIRECTION('center_axis',(1.,0.,0.));
#1511=DIRECTION('ref_axis',(0.,0.,-1.));
#1512=DIRECTION('center_axis',(-1.,-3.71539800252395E-13,-1.81256596886395E-12));
#1513=DIRECTION('ref_axis',(-1.81256596886397E-12,0.393429384440305,0.919354838709691));
#1514=DIRECTION('',(0.,1.,-3.81860748715313E-15));
#1515=DIRECTION('center_axis',(-1.,1.93435390909843E-13,-1.93435390909842E-13));
#1516=DIRECTION('ref_axis',(-1.93435390909844E-13,-1.33226762955017E-14,
1.));
#1517=DIRECTION('',(0.,0.,1.));
#1518=DIRECTION('center_axis',(-1.,9.76905455936584E-13,1.03374887479739E-12));
#1519=DIRECTION('ref_axis',(-9.76905455936583E-13,-1.,1.11022302462516E-15));
#1520=DIRECTION('',(-6.10977197944501E-15,-1.,-2.86395561536485E-15));
#1521=DIRECTION('center_axis',(-1.,3.53847428811737E-13,-2.43111169755357E-12));
#1522=DIRECTION('ref_axis',(2.43111169755356E-12,-4.44089209850101E-15,
-1.));
#1523=DIRECTION('center_axis',(1.,-7.60865730283725E-15,1.36237402567013E-14));
#1524=DIRECTION('ref_axis',(-1.55185208853949E-14,-0.393429384440336,0.919354838709678));
#1525=DIRECTION('center_axis',(-1.,-7.29810321924223E-13,-3.56039743883925E-12));
#1526=DIRECTION('ref_axis',(3.56039743883925E-12,-0.393429384440351,-0.919354838709672));
#1527=DIRECTION('',(0.,-1.,2.62529264741777E-15));
#1528=DIRECTION('center_axis',(-1.,-3.99431521489166E-13,3.42588102628345E-13));
#1529=DIRECTION('ref_axis',(-3.42588102628352E-13,1.77635683940027E-14,
-1.));
#1530=DIRECTION('',(1.4210854715202E-14,-3.33066907387547E-15,-1.));
#1531=DIRECTION('center_axis',(-1.,3.67219479638382E-14,3.77782461128683E-13));
#1532=DIRECTION('ref_axis',(3.67219479638354E-14,1.,-8.88178419700124E-15));
#1533=DIRECTION('',(1.8329315938335E-14,1.,3.81860748715312E-15));
#1534=DIRECTION('center_axis',(-1.,-9.28849500630859E-14,4.53141492215919E-13));
#1535=DIRECTION('ref_axis',(4.53141492215919E-13,-8.88178419700111E-15,
1.));
#1536=DIRECTION('center_axis',(-1.,0.,0.));
#1537=DIRECTION('ref_axis',(0.,0.,1.));
#1538=DIRECTION('center_axis',(-1.,6.50613801007797E-14,-1.02295026032547E-12));
#1539=DIRECTION('ref_axis',(-1.02307051719209E-12,-1.77635683940027E-14,
1.));
#1540=DIRECTION('',(2.44331213435813E-14,1.,3.81860748715313E-15));
#1541=DIRECTION('center_axis',(-1.,-1.38896640346937E-13,2.58840758225021E-13));
#1542=DIRECTION('ref_axis',(-1.38777878078142E-13,1.,1.11022302462514E-14));
#1543=DIRECTION('',(1.41900380334903E-14,-1.66533453693774E-15,-1.));
#1544=DIRECTION('center_axis',(-1.,-3.78536788009116E-13,2.64738927985024E-13));
#1545=DIRECTION('ref_axis',(-2.64788191373105E-13,8.88178419700143E-15,
-1.));
#1546=DIRECTION('',(-6.11573855364366E-15,-1.,2.86395561536484E-15));
#1547=DIRECTION('center_axis',(-1.,2.10693485958526E-13,1.0278733052295E-12));
#1548=DIRECTION('ref_axis',(-1.02778896504675E-12,-0.393429384440337,-0.919354838709678));
#1549=DIRECTION('center_axis',(1.,-1.82418608007883E-14,8.89933624171665E-14));
#1550=DIRECTION('ref_axis',(-8.89936272822441E-14,-0.393429384440336,0.919354838709678));
#1551=DIRECTION('center_axis',(-1.,1.69649300382197E-13,-8.2763824576925E-13));
#1552=DIRECTION('ref_axis',(8.27671264857897E-13,3.99680288864981E-14,-1.));
#1553=DIRECTION('',(0.,-1.,-2.86395561536485E-15));
#1554=DIRECTION('center_axis',(-1.,1.07480650880687E-12,1.07480650880686E-12));
#1555=DIRECTION('ref_axis',(-1.07469588783716E-12,-1.,9.99200722162649E-15));
#1556=DIRECTION('',(1.42247325030098E-14,0.,1.));
#1557=DIRECTION('center_axis',(-1.,4.56231372245311E-14,-1.59420997248607E-13));
#1558=DIRECTION('ref_axis',(-1.59317004033706E-13,-2.6645352591003E-14,
1.));
#1559=DIRECTION('',(0.,1.,-3.34128155125899E-15));
#1560=DIRECTION('center_axis',(-1.,7.11432549989768E-14,3.47074103064478E-13));
#1561=DIRECTION('ref_axis',(3.46944695195356E-13,0.393429384440343,0.919354838709675));
#1562=DIRECTION('center_axis',(0.,1.,0.));
#1563=DIRECTION('ref_axis',(0.,0.,1.));
#1564=DIRECTION('',(1.,6.66133814775094E-15,0.));
#1565=DIRECTION('',(1.,0.,-1.11022302462516E-15));
#1566=DIRECTION('center_axis',(0.,2.74639789535732E-15,-1.));
#1567=DIRECTION('ref_axis',(-1.,0.,0.));
#1568=DIRECTION('',(1.,6.66133814775094E-15,0.));
#1569=DIRECTION('',(1.,0.,0.));
#1570=DIRECTION('center_axis',(0.,-1.,0.));
#1571=DIRECTION('ref_axis',(0.,0.,-1.));
#1572=DIRECTION('',(1.,0.,0.));
#1573=DIRECTION('',(1.,0.,5.5511151231261E-15));
#1574=DIRECTION('center_axis',(-1.,-1.89579498401387E-15,1.11022302462496E-15));
#1575=DIRECTION('ref_axis',(1.11022302462515E-15,1.33226762955018E-14,1.));
#1576=DIRECTION('',(1.,1.55431223447526E-14,0.));
#1577=DIRECTION('center_axis',(-1.,-2.55556350401475E-29,2.74415511490555E-15));
#1578=DIRECTION('ref_axis',(0.,1.,1.8873791418628E-14));
#1579=DIRECTION('',(1.,0.,1.11022302462519E-15));
#1580=DIRECTION('center_axis',(-1.,1.06391217222494E-15,-1.37811339460757E-29));
#1581=DIRECTION('ref_axis',(0.,-1.33226762955013E-14,-1.));
#1582=DIRECTION('center_axis',(-1.,-3.33066907387539E-15,-2.36467485641191E-15));
#1583=DIRECTION('ref_axis',(3.33066907387551E-15,-1.,-1.55431223447524E-14));
#1584=DIRECTION('',(1.,0.,2.22044604925031E-15));
#1585=DIRECTION('center_axis',(0.,-2.74639789535732E-15,-1.));
#1586=DIRECTION('ref_axis',(-1.,0.,0.));
#1587=DIRECTION('',(1.,4.44089209850063E-15,0.));
#1588=DIRECTION('center_axis',(-1.,0.,0.));
#1589=DIRECTION('ref_axis',(0.,-0.20412414523193,0.978945010372561));
#1590=DIRECTION('',(1.,0.,0.));
#1591=DIRECTION('center_axis',(0.,2.53513651879138E-15,1.));
#1592=DIRECTION('ref_axis',(1.,0.,0.));
#1593=DIRECTION('',(1.,0.,0.));
#1594=DIRECTION('center_axis',(0.,-2.53513651879137E-15,1.));
#1595=DIRECTION('ref_axis',(1.,0.,0.));
#1596=DIRECTION('',(-1.,-4.44089209850063E-15,0.));
#1597=DIRECTION('center_axis',(1.,-6.62200082492968E-15,9.12585257899338E-30));
#1598=DIRECTION('ref_axis',(0.,0.,1.));
#1599=DIRECTION('center_axis',(-1.,-1.67181333880959E-15,-1.18014980991003E-29));
#1600=DIRECTION('ref_axis',(0.,-2.22044604925039E-14,-1.));
#1601=DIRECTION('center_axis',(-1.,-1.10780459836575E-15,-4.74074712900768E-16));
#1602=DIRECTION('ref_axis',(0.,0.393429384440347,-0.919354838709673));
#1603=DIRECTION('center_axis',(-1.,7.1996077148493E-15,-2.04108566622169E-28));
#1604=DIRECTION('ref_axis',(0.,3.55271367880013E-14,1.));
#1605=DIRECTION('center_axis',(-1.,0.,0.));
#1606=DIRECTION('ref_axis',(0.,0.399652626942723,-0.916666666666668));
#1607=DIRECTION('center_axis',(-1.,5.47255824023646E-16,-2.66980087251497E-15));
#1608=DIRECTION('ref_axis',(2.67378711763892E-15,2.29446091755866E-15,-1.));
#1609=DIRECTION('',(-1.,0.,0.));
#1610=DIRECTION('center_axis',(-1.,1.82733967792689E-15,-8.91472114566231E-15));
#1611=DIRECTION('ref_axis',(8.91472114566232E-15,1.92438657601693E-15,-1.));
#1612=DIRECTION('',(1.,-4.44089209850063E-15,-1.66533453693773E-15));
#1613=DIRECTION('center_axis',(0.,0.,1.));
#1614=DIRECTION('ref_axis',(1.,0.,0.));
#1615=DIRECTION('',(0.,-1.,0.));
#1616=DIRECTION('',(-1.,0.,0.));
#1617=DIRECTION('',(0.,-1.,0.));
#1618=DIRECTION('center_axis',(-1.,0.,0.));
#1619=DIRECTION('ref_axis',(0.,-0.399652626942728,0.916666666666666));
#1620=DIRECTION('center_axis',(-1.,8.84730248838218E-15,-4.3161780772325E-14));
#1621=DIRECTION('ref_axis',(-4.31599200823035E-14,-7.40148683083447E-16,
1.));
#1622=DIRECTION('',(-1.,0.,0.));
#1623=DIRECTION('center_axis',(-1.,-1.82733967792686E-15,8.91472114566217E-15));
#1624=DIRECTION('ref_axis',(8.91472114566218E-15,-7.40148683083447E-16,
1.));
#1625=DIRECTION('',(1.,0.,0.));
#1626=DIRECTION('center_axis',(0.,0.,-1.));
#1627=DIRECTION('ref_axis',(-1.,0.,0.));
#1628=DIRECTION('',(0.,1.,0.));
#1629=DIRECTION('',(-1.,0.,0.));
#1630=DIRECTION('',(0.,1.,0.));
#1631=DIRECTION('center_axis',(-1.,0.,0.));
#1632=DIRECTION('ref_axis',(0.,-4.44089209850073E-15,1.));
#1633=DIRECTION('center_axis',(-1.,1.82733967792686E-15,8.91472114566216E-15));
#1634=DIRECTION('ref_axis',(8.91472114566216E-15,0.393429384440338,0.919354838709677));
#1635=DIRECTION('center_axis',(-1.,5.24038690695333E-16,-2.07322427913811E-14));
#1636=DIRECTION('ref_axis',(-1.88552877015508E-14,0.393429384440338,0.919354838709677));
#1637=DIRECTION('',(-1.,0.,0.));
#1638=DIRECTION('center_axis',(1.,0.,0.));
#1639=DIRECTION('ref_axis',(0.,0.,-1.));
#1640=DIRECTION('center_axis',(1.,9.28849500630958E-14,4.53141492215967E-13));
#1641=DIRECTION('ref_axis',(4.5314149221597E-13,-3.10862446895006E-14,-1.));
#1642=DIRECTION('',(1.8329315938335E-14,1.,-3.81860748715312E-15));
#1643=DIRECTION('center_axis',(1.,-3.67219479638356E-14,3.77782461128681E-13));
#1644=DIRECTION('ref_axis',(3.67219479638314E-14,1.,1.11022302462516E-14));
#1645=DIRECTION('',(1.4210854715202E-14,-3.33066907387547E-15,1.));
#1646=DIRECTION('center_axis',(1.,3.99431521489167E-13,3.42588102628346E-13));
#1647=DIRECTION('ref_axis',(-3.42588102628353E-13,1.77635683940027E-14,
1.));
#1648=DIRECTION('',(0.,-1.,-2.62529264741777E-15));
#1649=DIRECTION('center_axis',(1.,7.29810321924273E-13,-3.56039743883954E-12));
#1650=DIRECTION('ref_axis',(3.56039743883955E-12,-0.39342938444033,0.919354838709681));
#1651=DIRECTION('center_axis',(-1.,7.60865730283724E-15,1.36237402567012E-14));
#1652=DIRECTION('ref_axis',(-1.55185208853948E-14,-0.393429384440335,-0.919354838709678));
#1653=DIRECTION('center_axis',(1.,-3.53847428811737E-13,-2.43111169755357E-12));
#1654=DIRECTION('ref_axis',(2.43111169755356E-12,-4.44089209850101E-15,
1.));
#1655=DIRECTION('',(-6.10977197944501E-15,-1.,2.86395561536485E-15));
#1656=DIRECTION('center_axis',(1.,-9.76905455936587E-13,1.03374887479739E-12));
#1657=DIRECTION('ref_axis',(-9.76905455936585E-13,-1.,0.));
#1658=DIRECTION('',(0.,0.,-1.));
#1659=DIRECTION('center_axis',(1.,-1.93435390909842E-13,-1.93435390909841E-13));
#1660=DIRECTION('ref_axis',(-1.93435390909842E-13,-4.44089209850059E-15,
-1.));
#1661=DIRECTION('',(0.,1.,3.81860748715313E-15));
#1662=DIRECTION('center_axis',(1.,3.71539800252316E-13,-1.81256596886356E-12));
#1663=DIRECTION('ref_axis',(-1.81256596886356E-12,0.393429384440347,-0.919354838709673));
#1664=DIRECTION('center_axis',(-1.,0.,0.));
#1665=DIRECTION('ref_axis',(0.,0.,1.));
#1666=DIRECTION('center_axis',(1.,-7.11432549989692E-14,3.47074103064441E-13));
#1667=DIRECTION('ref_axis',(3.46944695195393E-13,0.393429384440358,-0.919354838709669));
#1668=DIRECTION('',(0.,1.,3.34128155125899E-15));
#1669=DIRECTION('center_axis',(1.,-4.56231372245302E-14,-1.59420997248607E-13));
#1670=DIRECTION('ref_axis',(-1.59317004033706E-13,-2.22044604925026E-14,
-1.));
#1671=DIRECTION('',(1.42247325030098E-14,0.,-1.));
#1672=DIRECTION('center_axis',(1.,-1.07480650880687E-12,1.07480650880686E-12));
#1673=DIRECTION('ref_axis',(-1.07469588783716E-12,-1.,-9.99200722162649E-15));
#1674=DIRECTION('',(0.,-1.,2.86395561536485E-15));
#1675=DIRECTION('center_axis',(1.,-1.69649300382188E-13,-8.27638245769206E-13));
#1676=DIRECTION('ref_axis',(8.2767126485794E-13,2.22044604925001E-14,1.));
#1677=DIRECTION('center_axis',(-1.,1.82418608007883E-14,8.89933624171662E-14));
#1678=DIRECTION('ref_axis',(-8.89936272822445E-14,-0.393429384440335,-0.919354838709678));
#1679=DIRECTION('center_axis',(1.,-2.10693485958526E-13,1.0278733052295E-12));
#1680=DIRECTION('ref_axis',(-1.02778896504675E-12,-0.393429384440336,0.919354838709678));
#1681=DIRECTION('',(-6.11573855364366E-15,-1.,-2.86395561536484E-15));
#1682=DIRECTION('center_axis',(1.,3.78536788009115E-13,2.64738927985023E-13));
#1683=DIRECTION('ref_axis',(-2.64788191373106E-13,8.88178419700145E-15,
1.));
#1684=DIRECTION('',(1.41900380334903E-14,-1.66533453693774E-15,1.));
#1685=DIRECTION('center_axis',(1.,1.38896640346938E-13,2.5884075822502E-13));
#1686=DIRECTION('ref_axis',(-1.38777878078143E-13,1.,-6.66133814775084E-15));
#1687=DIRECTION('',(2.44331213435813E-14,1.,-3.81860748715313E-15));
#1688=DIRECTION('center_axis',(1.,-6.50613801007797E-14,-1.02295026032547E-12));
#1689=DIRECTION('ref_axis',(-1.02307051719209E-12,-1.77635683940027E-14,
-1.));
#1690=DIRECTION('center_axis',(0.,1.,0.));
#1691=DIRECTION('ref_axis',(0.,0.,1.));
#1692=DIRECTION('',(1.,0.,1.11022302462516E-15));
#1693=DIRECTION('',(1.,6.66133814775094E-15,0.));
#1694=DIRECTION('center_axis',(0.,5.49279579071466E-15,1.));
#1695=DIRECTION('ref_axis',(1.,0.,0.));
#1696=DIRECTION('',(1.,0.,0.));
#1697=DIRECTION('',(1.,6.66133814775094E-15,0.));
#1698=DIRECTION('center_axis',(0.,-1.,0.));
#1699=DIRECTION('ref_axis',(0.,0.,-1.));
#1700=DIRECTION('',(1.,0.,-5.5511151231261E-15));
#1701=DIRECTION('',(1.,0.,0.));
#1702=DIRECTION('center_axis',(-1.,-8.72613448779187E-16,-5.45245347053885E-16));
#1703=DIRECTION('ref_axis',(0.,0.707106781186562,-0.707106781186533));
#1704=DIRECTION('',(1.,1.55431223447526E-14,0.));
#1705=DIRECTION('center_axis',(-1.,-3.66745426029098E-16,-2.13396736009859E-15));
#1706=DIRECTION('ref_axis',(-1.66533453693775E-15,0.707106781186556,0.707106781186539));
#1707=DIRECTION('',(1.,0.,-1.11022302462519E-15));
#1708=DIRECTION('center_axis',(-1.,-1.56711348126077E-16,-6.58701264703817E-16));
#1709=DIRECTION('ref_axis',(-5.55111512312575E-16,-0.707106781186546,0.707106781186549));
#1710=DIRECTION('center_axis',(-1.,-2.65979297767777E-15,1.41272354427705E-15));
#1711=DIRECTION('ref_axis',(1.11022302462519E-15,-0.707106781186552,-0.707106781186543));
#1712=DIRECTION('',(1.,0.,-2.22044604925031E-15));
#1713=DIRECTION('center_axis',(0.,0.,1.));
#1714=DIRECTION('ref_axis',(1.,0.,0.));
#1715=DIRECTION('',(1.,4.44089209850063E-15,0.));
#1716=DIRECTION('center_axis',(-1.,0.,0.));
#1717=DIRECTION('ref_axis',(0.,-1.55431223447521E-15,-1.));
#1718=DIRECTION('',(1.,0.,0.));
#1719=DIRECTION('center_axis',(0.,0.,-1.));
#1720=DIRECTION('ref_axis',(-1.,0.,0.));
#1721=DIRECTION('',(1.,0.,0.));
#1722=DIRECTION('center_axis',(0.,-5.49279579071465E-15,-1.));
#1723=DIRECTION('ref_axis',(-1.,0.,0.));
#1724=DIRECTION('',(-1.,-4.44089209850063E-15,0.));
#1725=DIRECTION('center_axis',(1.,2.49777063902269E-16,-8.43619649617253E-16));
#1726=DIRECTION('ref_axis',(-8.32667268468845E-16,-0.200804832225633,-0.979631267036141));
#1727=DIRECTION('center_axis',(-1.,-9.18574860254725E-16,3.43943613919306E-16));
#1728=DIRECTION('ref_axis',(5.55111512312568E-16,-0.200804832225639,0.97963126703614));
#1729=DIRECTION('center_axis',(-1.,-1.42858414265223E-16,3.25593328320092E-16));
#1730=DIRECTION('ref_axis',(5.55111512312579E-16,0.200804832225634,0.979631267036141));
#1731=DIRECTION('center_axis',(-1.,-3.98999576277073E-16,-7.52562029826329E-16));
#1732=DIRECTION('ref_axis',(5.55111512312517E-16,0.200804832225634,-0.979631267036141));
#1733=DIRECTION('center_axis',(6.07160822559478E-18,1.,-5.51498542108689E-18));
#1734=DIRECTION('ref_axis',(1.38777878078145E-16,0.,-1.));
#1735=DIRECTION('center_axis',(0.,1.,0.));
#1736=DIRECTION('ref_axis',(0.,0.,-1.));
#1737=DIRECTION('',(0.,-1.,0.));
#1738=DIRECTION('center_axis',(-8.67285509556176E-33,-1.,-1.53080849893419E-17));
#1739=DIRECTION('ref_axis',(5.55111512312578E-16,-1.53080849893419E-17,
1.));
#1740=DIRECTION('',(7.35331389478252E-18,1.,0.));
#1741=DIRECTION('center_axis',(1.11022302462516E-16,0.,1.));
#1742=DIRECTION('ref_axis',(1.,0.,0.));
#1743=DIRECTION('center_axis',(-1.,0.,0.));
#1744=DIRECTION('ref_axis',(0.,1.,0.));
#1745=DIRECTION('center_axis',(0.577350269189626,0.577350269189625,0.577350269189626));
#1746=DIRECTION('ref_axis',(0.707106781186547,-0.707106781186548,2.35513868802567E-16));
#1747=DIRECTION('center_axis',(1.,-2.22044604925031E-16,0.));
#1748=DIRECTION('ref_axis',(-2.22044604925031E-16,-1.,0.));
#1749=DIRECTION('center_axis',(-1.,0.,0.));
#1750=DIRECTION('ref_axis',(0.,0.,1.));
#1751=DIRECTION('',(-1.10286095429324E-16,3.88720468108802E-16,0.999999999999998));
#1752=DIRECTION('',(0.999999999999999,1.36349265211777E-15,4.42354486374084E-16));
#1753=CARTESIAN_POINT('',(0.,0.,0.));
#1754=CARTESIAN_POINT('',(0.,0.,0.));
#1755=CARTESIAN_POINT('Origin',(-4.,-99.5,-69.));
#1756=CARTESIAN_POINT('',(-4.,79.5000000000025,-23.500000000002));
#1757=CARTESIAN_POINT('',(-4.,99.5000000000025,-23.500000000002));
#1758=CARTESIAN_POINT('',(-4.,79.5000000000025,-23.500000000002));
#1759=CARTESIAN_POINT('',(-4.,99.5000000000025,-24.500000000002));
#1760=CARTESIAN_POINT('',(-4.,99.5000000000025,-23.500000000002));
#1761=CARTESIAN_POINT('',(-4.,79.5000000000025,-24.500000000002));
#1762=CARTESIAN_POINT('',(-4.,79.5000000000025,-24.500000000002));
#1763=CARTESIAN_POINT('',(-4.,79.5000000000025,-23.500000000002));
#1764=CARTESIAN_POINT('Origin',(-4.,79.5000000000025,-24.000000000002));
#1765=CARTESIAN_POINT('Origin',(-4.,79.5000000000025,-24.000000000002));
#1766=CARTESIAN_POINT('Origin',(-4.,99.5000000000025,-24.000000000002));
#1767=CARTESIAN_POINT('Origin',(-4.,79.5000000000025,-24.000000000002));
#1768=CARTESIAN_POINT('Origin',(-4.,99.5000000000025,-24.000000000002));
#1769=CARTESIAN_POINT('Origin',(-4.,-99.5,-69.));
#1770=CARTESIAN_POINT('',(-4.,99.5,23.5000000000001));
#1771=CARTESIAN_POINT('',(-4.,79.5,23.5000000000001));
#1772=CARTESIAN_POINT('',(-4.,99.5,23.5000000000001));
#1773=CARTESIAN_POINT('',(-4.,79.5,24.5000000000001));
#1774=CARTESIAN_POINT('',(-4.,79.5,24.5000000000001));
#1775=CARTESIAN_POINT('',(-4.,99.5,24.5000000000001));
#1776=CARTESIAN_POINT('',(-4.,79.5,24.5000000000001));
#1777=CARTESIAN_POINT('',(-4.,99.5,24.5000000000001));
#1778=CARTESIAN_POINT('Origin',(-4.,79.5,24.0000000000001));
#1779=CARTESIAN_POINT('Origin',(-4.,99.5,24.0000000000001));
#1780=CARTESIAN_POINT('Origin',(-4.,79.5,24.0000000000001));
#1781=CARTESIAN_POINT('Origin',(-4.,79.5,24.0000000000001));
#1782=CARTESIAN_POINT('Origin',(-4.,99.5,24.0000000000001));
#1783=CARTESIAN_POINT('Ctrl Pts',(-9.00000000000036,-75.404262620739,34.));
#1784=CARTESIAN_POINT('Ctrl Pts',(-8.99999999999993,-75.404262620739,-47.5999999999999));
#1785=CARTESIAN_POINT('Ctrl Pts',(-9.00000000000036,-79.404262620739,34.));
#1786=CARTESIAN_POINT('Ctrl Pts',(-8.99999999999993,-79.404262620739,-47.5999999999999));
#1787=CARTESIAN_POINT('Ctrl Pts',(-4.00000000000036,-79.404262620739,34.));
#1788=CARTESIAN_POINT('Ctrl Pts',(-3.99999999999993,-79.404262620739,-47.5999999999999));
#1789=CARTESIAN_POINT('Ctrl Pts',(0.999999999999638,-79.404262620739,34.));
#1790=CARTESIAN_POINT('Ctrl Pts',(1.00000000000007,-79.404262620739,-47.5999999999999));
#1791=CARTESIAN_POINT('Ctrl Pts',(0.999999999999638,-75.404262620739,34.));
#1792=CARTESIAN_POINT('Ctrl Pts',(1.00000000000007,-75.404262620739,-47.5999999999999));
#1793=CARTESIAN_POINT('Ctrl Pts',(0.999999999999638,-71.404262620739,34.));
#1794=CARTESIAN_POINT('Ctrl Pts',(1.00000000000007,-71.404262620739,-47.5999999999999));
#1795=CARTESIAN_POINT('Ctrl Pts',(-4.00000000000036,-71.404262620739,34.));
#1796=CARTESIAN_POINT('Ctrl Pts',(-3.99999999999993,-71.404262620739,-47.5999999999999));
#1797=CARTESIAN_POINT('Ctrl Pts',(-9.00000000000036,-71.404262620739,34.));
#1798=CARTESIAN_POINT('Ctrl Pts',(-8.99999999999993,-71.404262620739,-47.5999999999999));
#1799=CARTESIAN_POINT('Ctrl Pts',(-9.00000000000036,-75.404262620739,34.));
#1800=CARTESIAN_POINT('Ctrl Pts',(-8.99999999999993,-75.404262620739,-47.5999999999999));
#1801=CARTESIAN_POINT('',(-4.,-79.404262620739,-33.9999999999998));
#1802=CARTESIAN_POINT('',(-4.,-71.404262620739,-33.9999999999998));
#1803=CARTESIAN_POINT('Origin',(-4.,-75.404262620739,-33.9999999999998));
#1804=CARTESIAN_POINT('',(-4.00000000000036,-71.404262620739,34.));
#1805=CARTESIAN_POINT('',(-4.00000000000036,-71.404262620739,34.));
#1806=CARTESIAN_POINT('',(-4.00000000000036,-79.404262620739,34.));
#1807=CARTESIAN_POINT('Origin',(-4.00000000000036,-75.404262620739,34.));
#1808=CARTESIAN_POINT('',(-4.,-79.404262620739,-33.9999999999998));
#1809=CARTESIAN_POINT('Ctrl Pts',(-4.00000000000038,-75.404262620739,38.));
#1810=CARTESIAN_POINT('Ctrl Pts',(-9.00000000000038,-75.404262620739,38.));
#1811=CARTESIAN_POINT('Ctrl Pts',(-9.00000000000036,-75.404262620739,34.));
#1812=CARTESIAN_POINT('Ctrl Pts',(-4.00000000000038,-75.404262620739,38.));
#1813=CARTESIAN_POINT('Ctrl Pts',(-9.00000000000038,-71.404262620739,38.));
#1814=CARTESIAN_POINT('Ctrl Pts',(-9.00000000000036,-71.404262620739,34.));
#1815=CARTESIAN_POINT('Ctrl Pts',(-4.00000000000038,-75.404262620739,38.));
#1816=CARTESIAN_POINT('Ctrl Pts',(-4.00000000000038,-71.404262620739,38.));
#1817=CARTESIAN_POINT('Ctrl Pts',(-4.00000000000036,-71.404262620739,34.));
#1818=CARTESIAN_POINT('Ctrl Pts',(-4.00000000000038,-75.404262620739,38.));
#1819=CARTESIAN_POINT('Ctrl Pts',(0.999999999999613,-71.404262620739,38.));
#1820=CARTESIAN_POINT('Ctrl Pts',(0.999999999999637,-71.404262620739,34.));
#1821=CARTESIAN_POINT('Ctrl Pts',(-4.00000000000038,-75.404262620739,38.));
#1822=CARTESIAN_POINT('Ctrl Pts',(0.999999999999614,-75.404262620739,38.));
#1823=CARTESIAN_POINT('Ctrl Pts',(0.999999999999638,-75.404262620739,34.));
#1824=CARTESIAN_POINT('Ctrl Pts',(-4.00000000000038,-75.404262620739,38.));
#1825=CARTESIAN_POINT('Ctrl Pts',(0.999999999999614,-79.404262620739,38.));
#1826=CARTESIAN_POINT('Ctrl Pts',(0.999999999999638,-79.404262620739,34.));
#1827=CARTESIAN_POINT('Ctrl Pts',(-4.00000000000038,-75.404262620739,38.));
#1828=CARTESIAN_POINT('Ctrl Pts',(-4.00000000000038,-79.404262620739,38.));
#1829=CARTESIAN_POINT('Ctrl Pts',(-4.00000000000036,-79.404262620739,34.));
#1830=CARTESIAN_POINT('Ctrl Pts',(-4.00000000000038,-75.404262620739,38.));
#1831=CARTESIAN_POINT('Ctrl Pts',(-9.00000000000038,-79.404262620739,38.));
#1832=CARTESIAN_POINT('Ctrl Pts',(-9.00000000000036,-79.404262620739,34.));
#1833=CARTESIAN_POINT('Ctrl Pts',(-4.00000000000038,-75.404262620739,38.));
#1834=CARTESIAN_POINT('Ctrl Pts',(-9.00000000000038,-75.404262620739,38.));
#1835=CARTESIAN_POINT('Ctrl Pts',(-9.00000000000036,-75.404262620739,34.));
#1836=CARTESIAN_POINT('',(-4.00000000000038,-75.404262620739,38.));
#1837=CARTESIAN_POINT('Origin',(-4.00000000000036,-75.404262620739,34.));
#1838=CARTESIAN_POINT('Origin',(-4.00000000000036,-75.404262620739,34.));
#1839=CARTESIAN_POINT('Ctrl Pts',(-3.99999999999998,-75.404262620739,-37.9999999999998));
#1840=CARTESIAN_POINT('Ctrl Pts',(-3.99999999999998,-75.404262620739,-37.9999999999998));
#1841=CARTESIAN_POINT('Ctrl Pts',(-3.99999999999998,-75.404262620739,-37.9999999999998));
#1842=CARTESIAN_POINT('Ctrl Pts',(-3.99999999999998,-75.404262620739,-37.9999999999998));
#1843=CARTESIAN_POINT('Ctrl Pts',(-3.99999999999998,-75.404262620739,-37.9999999999998));
#1844=CARTESIAN_POINT('Ctrl Pts',(-3.99999999999998,-75.404262620739,-37.9999999999998));
#1845=CARTESIAN_POINT('Ctrl Pts',(-3.99999999999998,-75.404262620739,-37.9999999999998));
#1846=CARTESIAN_POINT('Ctrl Pts',(-3.99999999999998,-75.404262620739,-37.9999999999998));
#1847=CARTESIAN_POINT('Ctrl Pts',(-3.99999999999998,-75.404262620739,-37.9999999999998));
#1848=CARTESIAN_POINT('Ctrl Pts',(-8.99999999999998,-75.404262620739,-37.9999999999998));
#1849=CARTESIAN_POINT('Ctrl Pts',(-8.99999999999998,-71.404262620739,-37.9999999999998));
#1850=CARTESIAN_POINT('Ctrl Pts',(-3.99999999999998,-71.404262620739,-37.9999999999998));
#1851=CARTESIAN_POINT('Ctrl Pts',(1.00000000000002,-71.404262620739,-37.9999999999998));
#1852=CARTESIAN_POINT('Ctrl Pts',(1.00000000000002,-75.404262620739,-37.9999999999998));
#1853=CARTESIAN_POINT('Ctrl Pts',(1.00000000000002,-79.404262620739,-37.9999999999998));
#1854=CARTESIAN_POINT('Ctrl Pts',(-3.99999999999998,-79.404262620739,-37.9999999999998));
#1855=CARTESIAN_POINT('Ctrl Pts',(-8.99999999999998,-79.404262620739,-37.9999999999998));
#1856=CARTESIAN_POINT('Ctrl Pts',(-8.99999999999998,-75.404262620739,-37.9999999999998));
#1857=CARTESIAN_POINT('Ctrl Pts',(-9.,-75.404262620739,-33.9999999999998));
#1858=CARTESIAN_POINT('Ctrl Pts',(-9.,-71.404262620739,-33.9999999999998));
#1859=CARTESIAN_POINT('Ctrl Pts',(-4.,-71.404262620739,-33.9999999999998));
#1860=CARTESIAN_POINT('Ctrl Pts',(0.999999999999999,-71.404262620739,-33.9999999999998));
#1861=CARTESIAN_POINT('Ctrl Pts',(1.,-75.404262620739,-33.9999999999998));
#1862=CARTESIAN_POINT('Ctrl Pts',(1.,-79.404262620739,-33.9999999999998));
#1863=CARTESIAN_POINT('Ctrl Pts',(-4.,-79.404262620739,-33.9999999999998));
#1864=CARTESIAN_POINT('Ctrl Pts',(-9.,-79.404262620739,-33.9999999999998));
#1865=CARTESIAN_POINT('Ctrl Pts',(-9.,-75.404262620739,-33.9999999999998));
#1866=CARTESIAN_POINT('',(-3.99999999999998,-75.404262620739,-37.9999999999998));
#1867=CARTESIAN_POINT('Origin',(-4.,-75.404262620739,-33.9999999999998));
#1868=CARTESIAN_POINT('Origin',(-4.,-75.404262620739,-33.9999999999998));
#1869=CARTESIAN_POINT('Origin',(-3.99999999999981,0.,-69.));
#1870=CARTESIAN_POINT('Origin',(-1.,-75.404262620739,-23.9999999999998));
#1871=CARTESIAN_POINT('',(-1.,-75.404262620739,-33.9999999999998));
#1872=CARTESIAN_POINT('',(-1.,-75.404262620739,-13.9999999999999));
#1873=CARTESIAN_POINT('',(-1.,-75.404262620739,-33.9999999999998));
#1874=CARTESIAN_POINT('',(-4.,-75.404262620739,-13.9999999999999));
#1875=CARTESIAN_POINT('',(-1.,-75.404262620739,-13.9999999999999));
#1876=CARTESIAN_POINT('',(-4.,-75.404262620739,-33.9999999999998));
#1877=CARTESIAN_POINT('',(-4.,-75.404262620739,-33.9999999999998));
#1878=CARTESIAN_POINT('',(-1.,-75.404262620739,-33.9999999999998));
#1879=CARTESIAN_POINT('Origin',(-1.,-71.9521313103695,-13.9999999999999));
#1880=CARTESIAN_POINT('',(-1.,-68.5,-13.9999999999999));
#1881=CARTESIAN_POINT('',(-1.,-75.404262620739,-13.9999999999999));
#1882=CARTESIAN_POINT('',(-4.,-68.5,-13.9999999999999));
#1883=CARTESIAN_POINT('',(-1.,-68.5,-13.9999999999999));
#1884=CARTESIAN_POINT('',(-4.,-75.404262620739,-13.9999999999999));
#1885=CARTESIAN_POINT('Origin',(-1.,-68.5,-23.9999999999998));
#1886=CARTESIAN_POINT('',(-1.,-68.5,-33.9999999999998));
#1887=CARTESIAN_POINT('',(-1.,-68.5,-13.9999999999999));
#1888=CARTESIAN_POINT('',(-4.,-68.5,-33.9999999999998));
#1889=CARTESIAN_POINT('',(-1.,-68.5,-33.9999999999998));
#1890=CARTESIAN_POINT('',(-4.,-68.5,-13.9999999999999));
#1891=CARTESIAN_POINT('Origin',(-1.,-71.9521313103695,-33.9999999999998));
#1892=CARTESIAN_POINT('',(-1.,-68.5,-33.9999999999998));
#1893=CARTESIAN_POINT('',(-4.,-68.5,-33.9999999999998));
#1894=CARTESIAN_POINT('Origin',(-1.,-75.404262620739,-33.9999999999998));
#1895=CARTESIAN_POINT('Origin',(-4.,-75.404262620739,-33.9999999999998));
#1896=CARTESIAN_POINT('Origin',(-1.,-71.9521313103695,33.9999999999999));
#1897=CARTESIAN_POINT('',(-1.,-75.404262620739,33.9999999999999));
#1898=CARTESIAN_POINT('',(-1.,-68.5,33.9999999999999));
#1899=CARTESIAN_POINT('',(-1.,-75.404262620739,33.9999999999999));
#1900=CARTESIAN_POINT('',(-4.,-68.5,33.9999999999999));
#1901=CARTESIAN_POINT('',(-1.,-68.5,33.9999999999999));
#1902=CARTESIAN_POINT('',(-4.,-75.404262620739,33.9999999999999));
#1903=CARTESIAN_POINT('',(-4.,-75.404262620739,33.9999999999999));
#1904=CARTESIAN_POINT('',(-1.,-75.404262620739,33.9999999999999));
#1905=CARTESIAN_POINT('Origin',(-1.,-68.5,24.));
#1906=CARTESIAN_POINT('',(-1.,-68.5,14.0000000000001));
#1907=CARTESIAN_POINT('',(-1.,-68.5,33.9999999999999));
#1908=CARTESIAN_POINT('',(-4.,-68.5,14.0000000000001));
#1909=CARTESIAN_POINT('',(-1.,-68.5,14.0000000000001));
#1910=CARTESIAN_POINT('',(-4.,-68.5,33.9999999999999));
#1911=CARTESIAN_POINT('Origin',(-1.,-71.9521313103695,14.0000000000001));
#1912=CARTESIAN_POINT('',(-1.,-75.404262620739,14.0000000000001));
#1913=CARTESIAN_POINT('',(-1.,-68.5,14.0000000000001));
#1914=CARTESIAN_POINT('',(-4.,-75.404262620739,14.0000000000001));
#1915=CARTESIAN_POINT('',(-1.,-75.404262620739,14.0000000000001));
#1916=CARTESIAN_POINT('',(-4.,-68.5,14.0000000000001));
#1917=CARTESIAN_POINT('Origin',(-1.,-75.404262620739,24.));
#1918=CARTESIAN_POINT('',(-1.,-75.404262620739,14.0000000000001));
#1919=CARTESIAN_POINT('',(-4.,-75.404262620739,14.0000000000001));
#1920=CARTESIAN_POINT('Origin',(-1.,-75.404262620739,33.9999999999999));
#1921=CARTESIAN_POINT('Origin',(-4.,-75.404262620739,33.9999999999999));
#1922=CARTESIAN_POINT('Origin',(-2.6928845876306E-15,34.4999999999999,-41.0000000000004));
#1923=CARTESIAN_POINT('',(-4.,58.1057630664201,14.1612903225808));
#1924=CARTESIAN_POINT('',(0.,58.1057630664201,14.1612903225808));
#1925=CARTESIAN_POINT('',(-4.,58.1057630664201,14.1612903225808));
#1926=CARTESIAN_POINT('',(0.,34.5,19.0000000000001));
#1927=CARTESIAN_POINT('Origin',(-5.34883268739743E-13,34.4999999999998,
-41.0000000000003));
#1928=CARTESIAN_POINT('',(-4.,34.5,19.0000000000001));
#1929=CARTESIAN_POINT('',(0.,34.5,19.0000000000001));
#1930=CARTESIAN_POINT('Origin',(-4.00000000000016,34.4999999999999,-41.0000000000001));
#1931=CARTESIAN_POINT('Origin',(0.,4.49999999999999,19.0000000000001));
#1932=CARTESIAN_POINT('',(0.,-25.5,19.0000000000001));
#1933=CARTESIAN_POINT('',(0.,34.5,19.0000000000001));
#1934=CARTESIAN_POINT('',(-4.,-25.5,19.0000000000001));
#1935=CARTESIAN_POINT('',(0.,-25.5,19.0000000000001));
#1936=CARTESIAN_POINT('',(-4.,34.5,19.0000000000001));
#1937=CARTESIAN_POINT('Origin',(-2.6928845876306E-15,-25.5000000000002,
88.9999999999988));
#1938=CARTESIAN_POINT('',(-4.,-49.1057630664201,33.8387096774194));
#1939=CARTESIAN_POINT('',(0.,-49.1057630664201,33.8387096774194));
#1940=CARTESIAN_POINT('',(-4.,-49.1057630664201,33.8387096774194));
#1941=CARTESIAN_POINT('',(0.,-25.5,29.0000000000001));
#1942=CARTESIAN_POINT('Origin',(-5.34883268739726E-13,-25.5000000000001,
88.9999999999995));
#1943=CARTESIAN_POINT('',(-4.,-25.5,29.0000000000001));
#1944=CARTESIAN_POINT('',(0.,-25.5,29.0000000000001));
#1945=CARTESIAN_POINT('Origin',(-3.99999999999741,-25.5000000000001,88.9999999999995));
#1946=CARTESIAN_POINT('Origin',(0.,4.49999999999999,29.0000000000001));
#1947=CARTESIAN_POINT('',(0.,34.5,29.0000000000001));
#1948=CARTESIAN_POINT('',(0.,-25.5,29.0000000000001));
#1949=CARTESIAN_POINT('',(-4.,34.5,29.0000000000001));
#1950=CARTESIAN_POINT('',(0.,34.5,29.0000000000001));
#1951=CARTESIAN_POINT('',(-4.,-25.5,29.0000000000001));
#1952=CARTESIAN_POINT('Origin',(-2.6928845876306E-15,34.5000000000002,88.9999999999989));
#1953=CARTESIAN_POINT('',(0.,58.1057630664201,33.8387096774194));
#1954=CARTESIAN_POINT('',(-3.99999999999989,58.1057630664201,33.8387096774194));
#1955=CARTESIAN_POINT('',(0.,58.1057630664201,33.8387096774194));
#1956=CARTESIAN_POINT('Origin',(-3.99999999999876,34.5000000000002,88.9999999999994));
#1957=CARTESIAN_POINT('Origin',(-5.34883268739725E-13,34.5000000000002,
88.9999999999994));
#1958=CARTESIAN_POINT('Origin',(0.,58.4791576165635,34.));
#1959=CARTESIAN_POINT('',(0.,-49.8926218353008,34.));
#1960=CARTESIAN_POINT('Origin',(3.62513193772858E-12,-49.8926218353009,
31.9999999999996));
#1961=CARTESIAN_POINT('',(0.,-68.5,34.0000000000001));
#1962=CARTESIAN_POINT('',(0.,-68.5,34.0000000000001));
#1963=CARTESIAN_POINT('',(0.,-70.5,32.0000000000001));
#1964=CARTESIAN_POINT('Origin',(3.86870781819693E-13,-68.5,32.));
#1965=CARTESIAN_POINT('',(0.,-70.5,16.0000000000001));
#1966=CARTESIAN_POINT('',(0.,-70.5,16.0000000000001));
#1967=CARTESIAN_POINT('',(-1.13686837721616E-13,-68.5,14.0000000000001));
#1968=CARTESIAN_POINT('Origin',(1.95381091187317E-12,-68.5,16.0000000000001));
#1969=CARTESIAN_POINT('',(0.,-49.8926218353008,14.0000000000001));
#1970=CARTESIAN_POINT('',(0.,-49.8926218353008,14.0000000000001));
#1971=CARTESIAN_POINT('',(-1.13686837721616E-13,-49.1057630664201,14.1612903225808));
#1972=CARTESIAN_POINT('Origin',(-4.8622233951067E-12,-49.8926218353008,
15.9999999999999));
#1973=CARTESIAN_POINT('Origin',(8.17424415402083E-13,-25.4999999999998,
-41.0000000000004));
#1974=CARTESIAN_POINT('',(0.,58.8926218353008,14.0000000000001));
#1975=CARTESIAN_POINT('Origin',(-7.12079487767831E-12,58.8926218353008,
16.0000000000001));
#1976=CARTESIAN_POINT('',(0.,77.5,14.0000000000001));
#1977=CARTESIAN_POINT('',(0.,77.5,14.0000000000001));
#1978=CARTESIAN_POINT('',(-1.13686837721616E-13,79.5,16.0000000000001));
#1979=CARTESIAN_POINT('Origin',(6.85176205256695E-13,77.5,16.));
#1980=CARTESIAN_POINT('',(-3.41060513164848E-13,79.5,32.0000000000001));
#1981=CARTESIAN_POINT('',(-3.41060513164848E-13,79.5,32.0000000000001));
#1982=CARTESIAN_POINT('',(3.41060513164848E-13,77.5,34.0000000000001));
#1983=CARTESIAN_POINT('Origin',(-4.14504409092519E-13,77.5,32.0000000000001));
#1984=CARTESIAN_POINT('',(0.,58.8926218353008,34.));
#1985=CARTESIAN_POINT('',(0.,58.8926218353008,34.));
#1986=CARTESIAN_POINT('Origin',(-9.06282984431854E-13,58.8926218353008,
32.));
#1987=CARTESIAN_POINT('Origin',(-4.,58.4791576165635,34.));
#1988=CARTESIAN_POINT('',(-4.,58.8926218353008,34.));
#1989=CARTESIAN_POINT('Origin',(-3.99999999999795,58.8926218353008,32.));
#1990=CARTESIAN_POINT('',(-3.99999999999955,77.5,34.0000000000001));
#1991=CARTESIAN_POINT('',(-4.,58.8926218353008,34.));
#1992=CARTESIAN_POINT('',(-4.00000000000034,79.5,32.0000000000001));
#1993=CARTESIAN_POINT('Origin',(-4.00000000000006,77.5,32.));
#1994=CARTESIAN_POINT('',(-4.00000000000011,79.5,16.0000000000001));
#1995=CARTESIAN_POINT('',(-4.00000000000034,79.5,32.0000000000001));
#1996=CARTESIAN_POINT('',(-3.99999999999989,77.5,14.0000000000001));
#1997=CARTESIAN_POINT('Origin',(-3.99999999999936,77.5,16.));
#1998=CARTESIAN_POINT('',(-4.,58.8926218353008,14.0000000000001));
#1999=CARTESIAN_POINT('',(-3.99999999999989,77.5,14.0000000000001));
#2000=CARTESIAN_POINT('Origin',(-3.99999999999794,58.8926218353008,16.0000000000001));
#2001=CARTESIAN_POINT('',(-4.,-49.1057630664201,14.1612903225808));
#2002=CARTESIAN_POINT('Origin',(-3.99999999999466,-25.4999999999998,-41.0000000000004));
#2003=CARTESIAN_POINT('',(-4.,-49.8926218353008,14.0000000000001));
#2004=CARTESIAN_POINT('Origin',(-4.00000000000166,-49.8926218353009,16.0000000000005));
#2005=CARTESIAN_POINT('',(-4.,-68.5,14.0000000000001));
#2006=CARTESIAN_POINT('',(-4.,-49.8926218353008,14.0000000000001));
#2007=CARTESIAN_POINT('',(-4.,-70.5,16.0000000000001));
#2008=CARTESIAN_POINT('Origin',(-3.99999999999785,-68.5,16.));
#2009=CARTESIAN_POINT('',(-3.99999999999977,-70.5,32.));
#2010=CARTESIAN_POINT('',(-4.,-70.5,16.0000000000001));
#2011=CARTESIAN_POINT('',(-4.,-68.5,34.0000000000001));
#2012=CARTESIAN_POINT('Origin',(-3.99999999999968,-68.5,32.));
#2013=CARTESIAN_POINT('',(-4.,-49.8926218353008,34.));
#2014=CARTESIAN_POINT('',(-4.,-68.5,34.0000000000001));
#2015=CARTESIAN_POINT('Origin',(-4.00000000000069,-49.8926218353008,32.));
#2016=CARTESIAN_POINT('Origin',(0.,79.5,24.0000000000001));
#2017=CARTESIAN_POINT('',(-4.00000000000034,79.5,32.0000000000001));
#2018=CARTESIAN_POINT('',(-4.00000000000011,79.5,16.0000000000001));
#2019=CARTESIAN_POINT('Origin',(0.,-59.9895788082817,14.0000000000001));
#2020=CARTESIAN_POINT('',(-4.,-49.8926218353008,14.0000000000001));
#2021=CARTESIAN_POINT('',(-4.,-68.5,14.0000000000001));
#2022=CARTESIAN_POINT('Origin',(0.,-70.5,24.0000000000001));
#2023=CARTESIAN_POINT('',(-4.,-70.5,16.0000000000001));
#2024=CARTESIAN_POINT('',(-3.99999999999977,-70.5,32.));
#2025=CARTESIAN_POINT('Origin',(-1.99999999999921,77.5,32.0000000000001));
#2026=CARTESIAN_POINT('',(-3.99999999999955,77.5,34.0000000000001));
#2027=CARTESIAN_POINT('Origin',(-2.00000000000023,77.5,16.));
#2028=CARTESIAN_POINT('',(-3.99999999999989,77.5,14.0000000000001));
#2029=CARTESIAN_POINT('Origin',(-2.00000000000017,-68.4999999999999,16.0000000000001));
#2030=CARTESIAN_POINT('Origin',(-1.99999999999984,-68.5,32.0000000000001));
#2031=CARTESIAN_POINT('',(-4.,-68.5,34.0000000000001));
#2032=CARTESIAN_POINT('Origin',(0.,68.9895788082817,14.0000000000001));
#2033=CARTESIAN_POINT('',(-4.,58.8926218353008,14.0000000000001));
#2034=CARTESIAN_POINT('Origin',(-2.6928845876306E-15,-25.4999999999999,
-41.0000000000005));
#2035=CARTESIAN_POINT('',(-4.,-49.1057630664201,14.1612903225808));
#2036=CARTESIAN_POINT('Origin',(0.,-59.9895788082817,34.));
#2037=CARTESIAN_POINT('',(-4.,-49.8926218353008,34.));
#2038=CARTESIAN_POINT('Origin',(0.,68.9895788082817,34.));
#2039=CARTESIAN_POINT('',(0.,58.8926218353008,34.));
#2040=CARTESIAN_POINT('Origin',(-2.00000000000011,58.8926218353008,32.0000000000001));
#2041=CARTESIAN_POINT('Origin',(-1.99999999999983,58.8926218353008,16.));
#2042=CARTESIAN_POINT('Origin',(-2.00000000000011,-49.8926218353008,16.0000000000001));
#2043=CARTESIAN_POINT('Origin',(-2.00000000000006,-49.8926218353009,31.9999999999998));
#2044=CARTESIAN_POINT('Origin',(-2.,34.5,41.0000000000004));
#2045=CARTESIAN_POINT('',(-4.,58.1057630664201,-14.1612903225806));
#2046=CARTESIAN_POINT('',(-4.,34.5,-18.9999999999999));
#2047=CARTESIAN_POINT('Origin',(-4.00000000000016,34.4999999999999,41.0000000000001));
#2048=CARTESIAN_POINT('',(0.,34.5,-18.9999999999999));
#2049=CARTESIAN_POINT('',(0.,34.5,-18.9999999999999));
#2050=CARTESIAN_POINT('',(0.,58.1057630664201,-14.1612903225806));
#2051=CARTESIAN_POINT('Origin',(-5.34883268739741E-13,34.4999999999999,
41.0000000000004));
#2052=CARTESIAN_POINT('',(-4.,58.1057630664201,-14.1612903225806));
#2053=CARTESIAN_POINT('Origin',(-2.,34.5,-18.9999999999999));
#2054=CARTESIAN_POINT('',(-4.,-25.5,-18.9999999999999));
#2055=CARTESIAN_POINT('',(-4.,34.5,-18.9999999999999));
#2056=CARTESIAN_POINT('',(0.,-25.5,-18.9999999999999));
#2057=CARTESIAN_POINT('',(0.,-25.5,-18.9999999999999));
#2058=CARTESIAN_POINT('',(0.,34.5,-18.9999999999999));
#2059=CARTESIAN_POINT('Origin',(-2.,-25.5000000000003,-88.9999999999986));
#2060=CARTESIAN_POINT('',(-4.,-49.1057630664201,-33.8387096774192));
#2061=CARTESIAN_POINT('',(-4.,-25.5,-28.9999999999999));
#2062=CARTESIAN_POINT('Origin',(-3.99999999999741,-25.5,-88.9999999999991));
#2063=CARTESIAN_POINT('',(0.,-25.5,-28.9999999999999));
#2064=CARTESIAN_POINT('',(0.,-25.5,-28.9999999999999));
#2065=CARTESIAN_POINT('',(0.,-49.1057630664201,-33.8387096774192));
#2066=CARTESIAN_POINT('Origin',(-5.34883268739724E-13,-25.5,-88.9999999999991));
#2067=CARTESIAN_POINT('',(-4.,-49.1057630664201,-33.8387096774192));
#2068=CARTESIAN_POINT('Origin',(-2.,-25.5,-28.9999999999999));
#2069=CARTESIAN_POINT('',(-4.,34.5,-28.9999999999999));
#2070=CARTESIAN_POINT('',(-4.,-25.5,-28.9999999999999));
#2071=CARTESIAN_POINT('',(0.,34.5,-28.9999999999999));
#2072=CARTESIAN_POINT('',(0.,34.5,-28.9999999999999));
#2073=CARTESIAN_POINT('',(0.,-25.5,-28.9999999999999));
#2074=CARTESIAN_POINT('Origin',(-2.,34.5000000000003,-88.9999999999985));
#2075=CARTESIAN_POINT('',(0.,58.1057630664201,-33.8387096774192));
#2076=CARTESIAN_POINT('Origin',(-5.34883268739723E-13,34.5000000000001,
-88.9999999999991));
#2077=CARTESIAN_POINT('',(-3.99999999999989,58.1057630664201,-33.8387096774192));
#2078=CARTESIAN_POINT('Origin',(-3.99999999999876,34.5000000000001,-88.9999999999991));
#2079=CARTESIAN_POINT('',(0.,58.1057630664201,-33.8387096774192));
#2080=CARTESIAN_POINT('Origin',(0.,58.4791576165635,-33.9999999999998));
#2081=CARTESIAN_POINT('',(0.,58.8926218353008,-33.9999999999998));
#2082=CARTESIAN_POINT('Origin',(-9.06282984432049E-13,58.8926218353009,
-31.9999999999996));
#2083=CARTESIAN_POINT('',(3.41060513164848E-13,77.5,-33.9999999999999));
#2084=CARTESIAN_POINT('',(0.,58.8926218353008,-33.9999999999998));
#2085=CARTESIAN_POINT('',(-3.41060513164848E-13,79.5,-31.9999999999999));
#2086=CARTESIAN_POINT('Origin',(-4.14504409092511E-13,77.5,-31.9999999999999));
#2087=CARTESIAN_POINT('',(-1.13686837721616E-13,79.5,-15.9999999999999));
#2088=CARTESIAN_POINT('',(-3.41060513164848E-13,79.5,-31.9999999999999));
#2089=CARTESIAN_POINT('',(0.,77.5,-13.9999999999999));
#2090=CARTESIAN_POINT('Origin',(6.85176205256699E-13,77.5,-15.9999999999999));
#2091=CARTESIAN_POINT('',(0.,58.8926218353008,-13.9999999999999));
#2092=CARTESIAN_POINT('',(0.,77.5,-13.9999999999999));
#2093=CARTESIAN_POINT('Origin',(-7.12079487767946E-12,58.8926218353008,
-16.));
#2094=CARTESIAN_POINT('',(-1.13686837721616E-13,-49.1057630664201,-14.1612903225806));
#2095=CARTESIAN_POINT('Origin',(8.17424415402076E-13,-25.4999999999999,
41.0000000000003));
#2096=CARTESIAN_POINT('',(0.,-49.8926218353008,-13.9999999999999));
#2097=CARTESIAN_POINT('Origin',(-4.8622233951067E-12,-49.8926218353008,
-15.9999999999998));
#2098=CARTESIAN_POINT('',(-1.13686837721616E-13,-68.5,-13.9999999999999));
#2099=CARTESIAN_POINT('',(0.,-49.8926218353008,-13.9999999999999));
#2100=CARTESIAN_POINT('',(0.,-70.5,-15.9999999999999));
#2101=CARTESIAN_POINT('Origin',(1.95381091187318E-12,-68.5,-15.9999999999999));
#2102=CARTESIAN_POINT('',(0.,-70.5,-31.9999999999999));
#2103=CARTESIAN_POINT('',(0.,-70.5,-15.9999999999999));
#2104=CARTESIAN_POINT('',(0.,-68.5,-33.9999999999999));
#2105=CARTESIAN_POINT('Origin',(3.86870781819688E-13,-68.5,-31.9999999999999));
#2106=CARTESIAN_POINT('',(0.,-49.8926218353008,-33.9999999999998));
#2107=CARTESIAN_POINT('',(0.,-68.5,-33.9999999999999));
#2108=CARTESIAN_POINT('Origin',(3.62513193772702E-12,-49.8926218353008,
-31.9999999999999));
#2109=CARTESIAN_POINT('Origin',(-4.,58.4791576165635,-33.9999999999998));
#2110=CARTESIAN_POINT('',(-4.,-49.8926218353008,-33.9999999999998));
#2111=CARTESIAN_POINT('Origin',(-4.00000000000069,-49.8926218353008,-32.));
#2112=CARTESIAN_POINT('',(-4.,-68.5,-33.9999999999999));
#2113=CARTESIAN_POINT('',(-4.,-68.5,-33.9999999999999));
#2114=CARTESIAN_POINT('',(-3.99999999999977,-70.5,-31.9999999999999));
#2115=CARTESIAN_POINT('Origin',(-3.99999999999968,-68.5,-31.9999999999998));
#2116=CARTESIAN_POINT('',(-4.,-70.5,-15.9999999999999));
#2117=CARTESIAN_POINT('',(-4.,-70.5,-15.9999999999999));
#2118=CARTESIAN_POINT('',(-4.,-68.5,-13.9999999999999));
#2119=CARTESIAN_POINT('Origin',(-3.99999999999785,-68.5,-15.9999999999999));
#2120=CARTESIAN_POINT('',(-4.,-49.8926218353008,-13.9999999999999));
#2121=CARTESIAN_POINT('',(-4.,-49.8926218353008,-13.9999999999999));
#2122=CARTESIAN_POINT('',(-4.,-49.1057630664201,-14.1612903225806));
#2123=CARTESIAN_POINT('Origin',(-4.00000000000166,-49.8926218353009,-16.0000000000002));
#2124=CARTESIAN_POINT('Origin',(-3.99999999999466,-25.4999999999999,41.0000000000003));
#2125=CARTESIAN_POINT('',(-4.,58.8926218353008,-13.9999999999999));
#2126=CARTESIAN_POINT('Origin',(-3.99999999999794,58.8926218353008,-15.9999999999999));
#2127=CARTESIAN_POINT('',(-3.99999999999989,77.5,-13.9999999999999));
#2128=CARTESIAN_POINT('',(-3.99999999999989,77.5,-13.9999999999999));
#2129=CARTESIAN_POINT('',(-4.00000000000011,79.5,-15.9999999999999));
#2130=CARTESIAN_POINT('Origin',(-3.99999999999936,77.5,-15.9999999999998));
#2131=CARTESIAN_POINT('',(-4.00000000000034,79.5,-31.9999999999999));
#2132=CARTESIAN_POINT('',(-4.00000000000034,79.5,-31.9999999999999));
#2133=CARTESIAN_POINT('',(-3.99999999999955,77.5,-33.9999999999999));
#2134=CARTESIAN_POINT('Origin',(-4.00000000000006,77.5,-31.9999999999999));
#2135=CARTESIAN_POINT('',(-4.,58.8926218353008,-33.9999999999998));
#2136=CARTESIAN_POINT('',(-4.,58.8926218353008,-33.9999999999998));
#2137=CARTESIAN_POINT('Origin',(-3.99999999999795,58.8926218353008,-31.9999999999998));
#2138=CARTESIAN_POINT('Origin',(-2.,79.5,-33.9999999999999));
#2139=CARTESIAN_POINT('',(-4.00000000000011,79.5,-15.9999999999999));
#2140=CARTESIAN_POINT('',(-4.00000000000034,79.5,-31.9999999999999));
#2141=CARTESIAN_POINT('Origin',(-2.,-49.4791576165635,-13.9999999999999));
#2142=CARTESIAN_POINT('',(-4.,-68.5,-13.9999999999999));
#2143=CARTESIAN_POINT('',(-4.,-49.8926218353008,-13.9999999999999));
#2144=CARTESIAN_POINT('Origin',(-2.,-70.5,-13.9999999999999));
#2145=CARTESIAN_POINT('',(-3.99999999999977,-70.5,-31.9999999999999));
#2146=CARTESIAN_POINT('',(-4.,-70.5,-15.9999999999999));
#2147=CARTESIAN_POINT('Origin',(-6.00000000000066,77.5,-31.9999999999999));
#2148=CARTESIAN_POINT('',(-3.99999999999955,77.5,-33.9999999999999));
#2149=CARTESIAN_POINT('Origin',(-6.00000000000058,77.5,-15.9999999999999));
#2150=CARTESIAN_POINT('',(-3.99999999999989,77.5,-13.9999999999999));
#2151=CARTESIAN_POINT('Origin',(-6.00000000000093,-68.5,-15.9999999999999));
#2152=CARTESIAN_POINT('Origin',(-6.00000000000021,-68.5,-31.9999999999999));
#2153=CARTESIAN_POINT('',(-4.,-68.5,-33.9999999999999));
#2154=CARTESIAN_POINT('Origin',(-2.,79.5,-13.9999999999999));
#2155=CARTESIAN_POINT('',(-4.,58.8926218353008,-13.9999999999999));
#2156=CARTESIAN_POINT('Origin',(-2.,-25.4999999999999,41.0000000000005));
#2157=CARTESIAN_POINT('',(-4.,-49.1057630664201,-14.1612903225806));
#2158=CARTESIAN_POINT('Origin',(-2.,-70.5,-33.9999999999999));
#2159=CARTESIAN_POINT('',(-4.,-49.8926218353008,-33.9999999999998));
#2160=CARTESIAN_POINT('Origin',(-2.,58.4791576165635,-33.9999999999998));
#2161=CARTESIAN_POINT('',(0.,58.8926218353008,-33.9999999999998));
#2162=CARTESIAN_POINT('Origin',(2.00000000000001,58.8926218353008,-31.9999999999998));
#2163=CARTESIAN_POINT('Origin',(-6.,58.8926218353008,-16.));
#2164=CARTESIAN_POINT('Origin',(-6.00000000000002,-49.8926218353008,-15.9999999999999));
#2165=CARTESIAN_POINT('Origin',(-6.00000000000017,-49.8926218353008,-31.9999999999996));
#2166=CARTESIAN_POINT('Origin',(-4.,-37.7456695209525,9.10382880192628E-14));
#2167=CARTESIAN_POINT('',(-4.,-75.491339041905,4.0000000000001));
#2168=CARTESIAN_POINT('',(-4.,-75.491339041905,-3.99999999999991));
#2169=CARTESIAN_POINT('Origin',(-4.,-75.491339041905,9.41469124882133E-14));
#2170=CARTESIAN_POINT('',(-4.,-1.25569625557165E-14,-3.99999999999991));
#2171=CARTESIAN_POINT('',(-4.,-1.25569625557165E-14,-3.99999999999991));
#2172=CARTESIAN_POINT('',(-4.,-2.05505683330176E-14,4.0000000000001));
#2173=CARTESIAN_POINT('Origin',(-4.,-1.26181948956739E-14,9.2370555648813E-14));
#2174=CARTESIAN_POINT('',(-4.,-75.491339041905,4.0000000000001));
#2175=CARTESIAN_POINT('Origin',(-4.,-1.2490009027033E-14,9.2148511043888E-14));
#2176=CARTESIAN_POINT('Origin',(-4.,-1.26794272356312E-14,9.2370555648813E-14));
#2177=CARTESIAN_POINT('Origin',(-3.99999999999999,-75.491339041905,8.54871728961371E-14));
#2178=CARTESIAN_POINT('Origin',(-4.,-75.491339041905,9.2370555648813E-14));
#2179=CARTESIAN_POINT('Origin',(-4.,-99.5,-69.));
#2180=CARTESIAN_POINT('',(5.92463951687307,24.213602783563,17.4169404409906));
#2181=UNCERTAINTY_MEASURE_WITH_UNIT(LENGTH_MEASURE(0.01),#2187,
'DISTANCE_ACCURACY_VALUE',
'Maximum model space distance between geometric entities at asserted c
onnectivities');
#2182=UNCERTAINTY_MEASURE_WITH_UNIT(LENGTH_MEASURE(0.01),#2187,
'DISTANCE_ACCURACY_VALUE',
'Maximum model space distance between geometric entities at asserted c
onnectivities');
#2183=UNCERTAINTY_MEASURE_WITH_UNIT(LENGTH_MEASURE(0.01),#2187,
'DISTANCE_ACCURACY_VALUE',
'Maximum model space distance between geometric entities at asserted c
onnectivities');
#2184=(
GEOMETRIC_REPRESENTATION_CONTEXT(3)
GLOBAL_UNCERTAINTY_ASSIGNED_CONTEXT((#2181))
GLOBAL_UNIT_ASSIGNED_CONTEXT((#2187,#2189,#2190))
REPRESENTATION_CONTEXT('','3D')
);
#2185=(
GEOMETRIC_REPRESENTATION_CONTEXT(3)
GLOBAL_UNCERTAINTY_ASSIGNED_CONTEXT((#2182))
GLOBAL_UNIT_ASSIGNED_CONTEXT((#2187,#2189,#2190))
REPRESENTATION_CONTEXT('','3D')
);
#2186=(
GEOMETRIC_REPRESENTATION_CONTEXT(3)
GLOBAL_UNCERTAINTY_ASSIGNED_CONTEXT((#2183))
GLOBAL_UNIT_ASSIGNED_CONTEXT((#2187,#2189,#2190))
REPRESENTATION_CONTEXT('','3D')
);
#2187=(
LENGTH_UNIT()
NAMED_UNIT(*)
SI_UNIT(.MILLI.,.METRE.)
);
#2188=(
LENGTH_UNIT()
NAMED_UNIT(*)
SI_UNIT($,.METRE.)
);
#2189=(
NAMED_UNIT(*)
PLANE_ANGLE_UNIT()
SI_UNIT($,.RADIAN.)
);
#2190=(
NAMED_UNIT(*)
SI_UNIT($,.STERADIAN.)
SOLID_ANGLE_UNIT()
);
#2191=SHAPE_DEFINITION_REPRESENTATION(#2193,#2196);
#2192=SHAPE_DEFINITION_REPRESENTATION(#2194,#2197);
#2193=PRODUCT_DEFINITION_SHAPE('',$,#2199);
#2194=PRODUCT_DEFINITION_SHAPE('',$,#2200);
#2195=PRODUCT_DEFINITION_SHAPE($,$,#14);
#2196=SHAPE_REPRESENTATION('',(#1243,#1376),#2184);
#2197=SHAPE_REPRESENTATION('',(#1244),#2185);
#2198=PRODUCT_DEFINITION_CONTEXT('part definition',#2206,'design');
#2199=PRODUCT_DEFINITION('The New Materialist - mold tensile',
'The New Materialist - mold tensile v3',#2201,#2198);
#2200=PRODUCT_DEFINITION('The New Materialist - mold tensile_1',
'The New Materialist - mold tensile',#2202,#2198);
#2201=PRODUCT_DEFINITION_FORMATION('',$,#2208);
#2202=PRODUCT_DEFINITION_FORMATION('',$,#2209);
#2203=PRODUCT_RELATED_PRODUCT_CATEGORY(
'The New Materialist - mold tensile v3',
'The New Materialist - mold tensile v3',(#2208));
#2204=PRODUCT_RELATED_PRODUCT_CATEGORY(
'The New Materialist - mold tensile',
'The New Materialist - mold tensile',(#2209));
#2205=APPLICATION_PROTOCOL_DEFINITION('international standard',
'automotive_design',2009,#2206);
#2206=APPLICATION_CONTEXT(
'Core Data for Automotive Mechanical Design Process');
#2207=PRODUCT_CONTEXT('part definition',#2206,'mechanical');
#2208=PRODUCT('The New Materialist - mold tensile',
'The New Materialist - mold tensile v3',$,(#2207));
#2209=PRODUCT('The New Materialist - mold tensile_1',
'The New Materialist - mold tensile',$,(#2207));
#2210=PRESENTATION_STYLE_ASSIGNMENT((#2211));
#2211=SURFACE_STYLE_USAGE(.BOTH.,#2212);
#2212=SURFACE_SIDE_STYLE('',(#2213));
#2213=SURFACE_STYLE_FILL_AREA(#2214);
#2214=FILL_AREA_STYLE('Steel - Satin',(#2215));
#2215=FILL_AREA_STYLE_COLOUR('Steel - Satin',#2216);
#2216=COLOUR_RGB('Steel - Satin',0.627450980392157,0.627450980392157,0.627450980392157);
ENDSEC;
END-ISO-10303-21;
