ISO-10303-21;
HEADER;
/* Generated by software containing ST-Developer
 * from STEP Tools, Inc. (www.steptools.com) 
 */

FILE_DESCRIPTION(
/* description */ (''),
/* implementation_level */ '2;1');

FILE_NAME(
/* name */ 'coupling assambly v1.step',
/* time_stamp */ '2026-03-14T10:14:25+01:00',
/* author */ (''),
/* organization */ (''),
/* preprocessor_version */ 'ST-DEVELOPER v20.1',
/* originating_system */ 'Autodesk Translation Framework v14.24.0.0',
/* authorisation */ '');

FILE_SCHEMA (('AUTOMOTIVE_DESIGN { 1 0 10303 214 3 1 1 }'));
ENDSEC;

DATA;
#10=MECHANICAL_DESIGN_GEOMETRIC_PRESENTATION_REPRESENTATION('',(#55,#56,
#57,#58,#59),#10794);
#11=(
BOUNDED_CURVE()
B_SPLINE_CURVE(2,(#10014,#10015,#10016),.UNSPECIFIED.,.F.,.F.)
B_SPLINE_CURVE_WITH_KNOTS((3,3),(-0.45323387245921,-0.13555018529598),
 .UNSPECIFIED.)
CURVE()
GEOMETRIC_REPRESENTATION_ITEM()
RATIONAL_B_SPLINE_CURVE((1.23205080756801,1.42264973081124,1.23205080756801))
REPRESENTATION_ITEM('')
);
#12=(
BOUNDED_CURVE()
B_SPLINE_CURVE(2,(#10018,#10019,#10020),.UNSPECIFIED.,.F.,.F.)
B_SPLINE_CURVE_WITH_KNOTS((3,3),(-0.45323387245921,-0.135550185295979),
 .UNSPECIFIED.)
CURVE()
GEOMETRIC_REPRESENTATION_ITEM()
RATIONAL_B_SPLINE_CURVE((1.23205080756802,1.42264973081126,1.23205080756802))
REPRESENTATION_ITEM('')
);
#13=(
BOUNDED_CURVE()
B_SPLINE_CURVE(2,(#10022,#10023,#10024),.UNSPECIFIED.,.F.,.F.)
B_SPLINE_CURVE_WITH_KNOTS((3,3),(-0.453233872459208,-0.13555018529598),
 .UNSPECIFIED.)
CURVE()
GEOMETRIC_REPRESENTATION_ITEM()
RATIONAL_B_SPLINE_CURVE((1.23205080756801,1.42264973081124,1.23205080756801))
REPRESENTATION_ITEM('')
);
#14=(
BOUNDED_CURVE()
B_SPLINE_CURVE(2,(#10026,#10027,#10028),.UNSPECIFIED.,.F.,.F.)
B_SPLINE_CURVE_WITH_KNOTS((3,3),(-0.453233872459209,-0.13555018529598),
 .UNSPECIFIED.)
CURVE()
GEOMETRIC_REPRESENTATION_ITEM()
RATIONAL_B_SPLINE_CURVE((1.23205080756801,1.42264973081124,1.23205080756801))
REPRESENTATION_ITEM('')
);
#15=(
BOUNDED_CURVE()
B_SPLINE_CURVE(2,(#10030,#10031,#10032),.UNSPECIFIED.,.F.,.F.)
B_SPLINE_CURVE_WITH_KNOTS((3,3),(-0.453233872459209,-0.135550185295981),
 .UNSPECIFIED.)
CURVE()
GEOMETRIC_REPRESENTATION_ITEM()
RATIONAL_B_SPLINE_CURVE((1.23205080756801,1.42264973081123,1.23205080756801))
REPRESENTATION_ITEM('')
);
#16=(
BOUNDED_CURVE()
B_SPLINE_CURVE(2,(#10034,#10035,#10036),.UNSPECIFIED.,.F.,.F.)
B_SPLINE_CURVE_WITH_KNOTS((3,3),(-0.453233872459208,-0.13555018529598),
 .UNSPECIFIED.)
CURVE()
GEOMETRIC_REPRESENTATION_ITEM()
RATIONAL_B_SPLINE_CURVE((1.23205080756801,1.42264973081124,1.23205080756801))
REPRESENTATION_ITEM('')
);
#17=(
BOUNDED_CURVE()
B_SPLINE_CURVE(2,(#10289,#10290,#10291),.UNSPECIFIED.,.F.,.F.)
B_SPLINE_CURVE_WITH_KNOTS((3,3),(2.51346869540051,2.58336639694748),
 .UNSPECIFIED.)
CURVE()
GEOMETRIC_REPRESENTATION_ITEM()
RATIONAL_B_SPLINE_CURVE((1.24642857142857,1.16688662324512,1.08273009307201))
REPRESENTATION_ITEM('')
);
#18=(
BOUNDED_CURVE()
B_SPLINE_CURVE(2,(#10310,#10311,#10312),.UNSPECIFIED.,.F.,.F.)
B_SPLINE_CURVE_WITH_KNOTS((3,3),(0.0339055606450131,0.103803262191983),
 .UNSPECIFIED.)
CURVE()
GEOMETRIC_REPRESENTATION_ITEM()
RATIONAL_B_SPLINE_CURVE((1.08273009307201,1.16688662324512,1.24642857142857))
REPRESENTATION_ITEM('')
);
#19=(
BOUNDED_CURVE()
B_SPLINE_CURVE(2,(#10727,#10728,#10729),.UNSPECIFIED.,.F.,.F.)
B_SPLINE_CURVE_WITH_KNOTS((3,3),(-0.45323387245921,-0.13555018529598),
 .UNSPECIFIED.)
CURVE()
GEOMETRIC_REPRESENTATION_ITEM()
RATIONAL_B_SPLINE_CURVE((1.23205080756801,1.42264973081124,1.23205080756801))
REPRESENTATION_ITEM('')
);
#20=(
BOUNDED_CURVE()
B_SPLINE_CURVE(2,(#10731,#10732,#10733),.UNSPECIFIED.,.F.,.F.)
B_SPLINE_CURVE_WITH_KNOTS((3,3),(-0.45323387245921,-0.135550185295979),
 .UNSPECIFIED.)
CURVE()
GEOMETRIC_REPRESENTATION_ITEM()
RATIONAL_B_SPLINE_CURVE((1.23205080756802,1.42264973081126,1.23205080756802))
REPRESENTATION_ITEM('')
);
#21=(
BOUNDED_CURVE()
B_SPLINE_CURVE(2,(#10735,#10736,#10737),.UNSPECIFIED.,.F.,.F.)
B_SPLINE_CURVE_WITH_KNOTS((3,3),(-0.453233872459208,-0.13555018529598),
 .UNSPECIFIED.)
CURVE()
GEOMETRIC_REPRESENTATION_ITEM()
RATIONAL_B_SPLINE_CURVE((1.23205080756801,1.42264973081124,1.23205080756801))
REPRESENTATION_ITEM('')
);
#22=(
BOUNDED_CURVE()
B_SPLINE_CURVE(2,(#10739,#10740,#10741),.UNSPECIFIED.,.F.,.F.)
B_SPLINE_CURVE_WITH_KNOTS((3,3),(-0.453233872459209,-0.13555018529598),
 .UNSPECIFIED.)
CURVE()
GEOMETRIC_REPRESENTATION_ITEM()
RATIONAL_B_SPLINE_CURVE((1.23205080756801,1.42264973081124,1.23205080756801))
REPRESENTATION_ITEM('')
);
#23=(
BOUNDED_CURVE()
B_SPLINE_CURVE(2,(#10743,#10744,#10745),.UNSPECIFIED.,.F.,.F.)
B_SPLINE_CURVE_WITH_KNOTS((3,3),(-0.453233872459209,-0.135550185295981),
 .UNSPECIFIED.)
CURVE()
GEOMETRIC_REPRESENTATION_ITEM()
RATIONAL_B_SPLINE_CURVE((1.23205080756801,1.42264973081123,1.23205080756801))
REPRESENTATION_ITEM('')
);
#24=(
BOUNDED_CURVE()
B_SPLINE_CURVE(2,(#10747,#10748,#10749),.UNSPECIFIED.,.F.,.F.)
B_SPLINE_CURVE_WITH_KNOTS((3,3),(-0.453233872459208,-0.13555018529598),
 .UNSPECIFIED.)
CURVE()
GEOMETRIC_REPRESENTATION_ITEM()
RATIONAL_B_SPLINE_CURVE((1.23205080756801,1.42264973081124,1.23205080756801))
REPRESENTATION_ITEM('')
);
#25=ITEM_DEFINED_TRANSFORMATION($,$,#5578,#5978);
#26=ITEM_DEFINED_TRANSFORMATION($,$,#5980,#6165);
#27=ITEM_DEFINED_TRANSFORMATION($,$,#6167,#6354);
#28=ITEM_DEFINED_TRANSFORMATION($,$,#5577,#6355);
#29=ITEM_DEFINED_TRANSFORMATION($,$,#5979,#6356);
#30=ITEM_DEFINED_TRANSFORMATION($,$,#6166,#6357);
#31=(
REPRESENTATION_RELATIONSHIP($,$,#10821,#10820)
REPRESENTATION_RELATIONSHIP_WITH_TRANSFORMATION(#25)
SHAPE_REPRESENTATION_RELATIONSHIP()
);
#32=(
REPRESENTATION_RELATIONSHIP($,$,#10823,#10822)
REPRESENTATION_RELATIONSHIP_WITH_TRANSFORMATION(#26)
SHAPE_REPRESENTATION_RELATIONSHIP()
);
#33=(
REPRESENTATION_RELATIONSHIP($,$,#10825,#10824)
REPRESENTATION_RELATIONSHIP_WITH_TRANSFORMATION(#27)
SHAPE_REPRESENTATION_RELATIONSHIP()
);
#34=(
REPRESENTATION_RELATIONSHIP($,$,#10820,#10819)
REPRESENTATION_RELATIONSHIP_WITH_TRANSFORMATION(#28)
SHAPE_REPRESENTATION_RELATIONSHIP()
);
#35=(
REPRESENTATION_RELATIONSHIP($,$,#10822,#10819)
REPRESENTATION_RELATIONSHIP_WITH_TRANSFORMATION(#29)
SHAPE_REPRESENTATION_RELATIONSHIP()
);
#36=(
REPRESENTATION_RELATIONSHIP($,$,#10824,#10819)
REPRESENTATION_RELATIONSHIP_WITH_TRANSFORMATION(#30)
SHAPE_REPRESENTATION_RELATIONSHIP()
);
#37=CONTEXT_DEPENDENT_SHAPE_REPRESENTATION(#31,#10809);
#38=CONTEXT_DEPENDENT_SHAPE_REPRESENTATION(#32,#10812);
#39=CONTEXT_DEPENDENT_SHAPE_REPRESENTATION(#33,#10815);
#40=CONTEXT_DEPENDENT_SHAPE_REPRESENTATION(#34,#10816);
#41=CONTEXT_DEPENDENT_SHAPE_REPRESENTATION(#35,#10817);
#42=CONTEXT_DEPENDENT_SHAPE_REPRESENTATION(#36,#10818);
#43=NEXT_ASSEMBLY_USAGE_OCCURRENCE('6408K75:1','6408K75:1','6408K75:1',
#10828,#10829,'6408K75:1');
#44=NEXT_ASSEMBLY_USAGE_OCCURRENCE(
'6133N129_Set Screw Flexible Shaft Coupling:1',
'6133N129_Set Screw Flexible Shaft Coupling:1',
'6133N129_Set Screw Flexible Shaft Coupling:1',#10830,#10831,
'6133N129_Set Screw Flexible Shaft Coupling:1');
#45=NEXT_ASSEMBLY_USAGE_OCCURRENCE(
'6133N129_Set Screw Flexible Shaft Coupling:1',
'6133N129_Set Screw Flexible Shaft Coupling:1',
'6133N129_Set Screw Flexible Shaft Coupling:1',#10832,#10833,
'6133N129_Set Screw Flexible Shaft Coupling:1');
#46=NEXT_ASSEMBLY_USAGE_OCCURRENCE('rubber thingy inbetween v1:1',
'rubber thingy inbetween v1:1','rubber thingy inbetween v1:1',#10827,#10828,
'rubber thingy inbetween v1:1');
#47=NEXT_ASSEMBLY_USAGE_OCCURRENCE('couppler ro motor v1:1',
'couppler ro motor v1:1','couppler ro motor v1:1',#10827,#10830,
'couppler ro motor v1:1');
#48=NEXT_ASSEMBLY_USAGE_OCCURRENCE('coupling to screw v1:1',
'coupling to screw v1:1','coupling to screw v1:1',#10827,#10832,
'coupling to screw v1:1');
#49=SHAPE_REPRESENTATION_RELATIONSHIP('SRR','None',#10821,#52);
#50=SHAPE_REPRESENTATION_RELATIONSHIP('SRR','None',#10823,#53);
#51=SHAPE_REPRESENTATION_RELATIONSHIP('SRR','None',#10825,#54);
#52=ADVANCED_BREP_SHAPE_REPRESENTATION('',(#60),#10789);
#53=ADVANCED_BREP_SHAPE_REPRESENTATION('',(#61,#62),#10791);
#54=ADVANCED_BREP_SHAPE_REPRESENTATION('',(#63,#64),#10793);
#55=STYLED_ITEM('',(#10859),#60);
#56=STYLED_ITEM('',(#10860),#61);
#57=STYLED_ITEM('',(#10858),#62);
#58=STYLED_ITEM('',(#10860),#63);
#59=STYLED_ITEM('',(#10858),#64);
#60=MANIFOLD_SOLID_BREP('Body1',#5537);
#61=MANIFOLD_SOLID_BREP('Body1',#5538);
#62=MANIFOLD_SOLID_BREP('Body2',#5539);
#63=MANIFOLD_SOLID_BREP('Body1',#5540);
#64=MANIFOLD_SOLID_BREP('Body2',#5541);
#65=TOROIDAL_SURFACE('',#5703,3.30200000000021,1.01599999999999);
#66=TOROIDAL_SURFACE('',#5707,12.4714000000109,1.01599999999999);
#67=TOROIDAL_SURFACE('',#5710,3.30200000000007,1.016);
#68=TOROIDAL_SURFACE('',#5715,25.9714999999953,1.01600000000003);
#69=TOROIDAL_SURFACE('',#5720,3.30200000000003,1.016);
#70=TOROIDAL_SURFACE('',#5723,12.4714000000046,1.016);
#71=TOROIDAL_SURFACE('',#5725,3.30200000000004,1.016);
#72=TOROIDAL_SURFACE('',#5729,25.9715000000048,1.01599999999999);
#73=TOROIDAL_SURFACE('',#5733,3.30200000000006,1.01600000000001);
#74=TOROIDAL_SURFACE('',#5736,12.4713999999694,1.01600000000003);
#75=TOROIDAL_SURFACE('',#5739,3.3019999999999,1.01600000000001);
#76=TOROIDAL_SURFACE('',#5744,25.9714999999919,1.01600000000002);
#77=TOROIDAL_SURFACE('',#5751,3.30199999999997,1.016);
#78=TOROIDAL_SURFACE('',#5754,12.4713999999702,1.01600000000003);
#79=TOROIDAL_SURFACE('',#5757,3.30199999999997,1.016);
#80=TOROIDAL_SURFACE('',#5762,25.9714999999954,1.016);
#81=TOROIDAL_SURFACE('',#5767,3.30199999999992,1.01600000000001);
#82=TOROIDAL_SURFACE('',#5769,12.4713999999646,1.01600000000004);
#83=TOROIDAL_SURFACE('',#5772,3.30200000000003,1.016);
#84=TOROIDAL_SURFACE('',#5775,25.9714999999875,1.01600000000004);
#85=TOROIDAL_SURFACE('',#5779,3.30200000000009,1.016);
#86=TOROIDAL_SURFACE('',#5782,12.4713999999461,1.01600000000006);
#87=TOROIDAL_SURFACE('',#5785,3.30199999999989,1.01600000000001);
#88=TOROIDAL_SURFACE('',#5790,25.9715,1.01599999999998);
#89=TOROIDAL_SURFACE('',#5853,3.30200000000006,1.016);
#90=TOROIDAL_SURFACE('',#5857,12.4713999992545,1.01599999999934);
#91=TOROIDAL_SURFACE('',#5860,3.30200000000014,1.016);
#92=TOROIDAL_SURFACE('',#5867,25.9714999998754,1.01599999999971);
#93=TOROIDAL_SURFACE('',#5871,3.30200000000003,1.016);
#94=TOROIDAL_SURFACE('',#5874,12.471400000542,1.01600000000049);
#95=TOROIDAL_SURFACE('',#5877,3.30200000000002,1.016);
#96=TOROIDAL_SURFACE('',#5884,25.9715000002367,1.01600000000057);
#97=TOROIDAL_SURFACE('',#5890,3.30199999999995,1.016);
#98=TOROIDAL_SURFACE('',#5893,12.4714000010539,1.01600000000094);
#99=TOROIDAL_SURFACE('',#5896,3.30199999999998,1.016);
#100=TOROIDAL_SURFACE('',#5907,25.9715000001876,1.01600000000045);
#101=TOROIDAL_SURFACE('',#5914,3.30199999999999,1.016);
#102=TOROIDAL_SURFACE('',#5917,12.4713999999759,1.01599999999997);
#103=TOROIDAL_SURFACE('',#5920,3.30200000000008,1.016);
#104=TOROIDAL_SURFACE('',#5926,25.9714999998829,1.01599999999971);
#105=TOROIDAL_SURFACE('',#5930,3.30200000000006,1.016);
#106=TOROIDAL_SURFACE('',#5933,12.4713999998533,1.01599999999987);
#107=TOROIDAL_SURFACE('',#5936,3.30200000000003,1.016);
#108=TOROIDAL_SURFACE('',#5942,25.9715000002328,1.01600000000055);
#109=TOROIDAL_SURFACE('',#5948,3.30200000000007,1.016);
#110=TOROIDAL_SURFACE('',#5951,12.4714000000455,1.01600000000003);
#111=TOROIDAL_SURFACE('',#5954,3.30200000000009,1.016);
#112=TOROIDAL_SURFACE('',#5965,25.9714999999916,1.01599999999998);
#113=TOROIDAL_SURFACE('',#6071,1.80974999999998,0.793749999999999);
#114=TOROIDAL_SURFACE('',#6073,1.80974999999993,0.793749999999997);
#115=TOROIDAL_SURFACE('',#6078,2.06375000000001,0.793750000000001);
#116=TOROIDAL_SURFACE('',#6081,14.0017500000001,0.793750000000002);
#117=TOROIDAL_SURFACE('',#6084,2.06374999999999,0.793749999999998);
#118=TOROIDAL_SURFACE('',#6089,1.80974999999993,0.79375);
#119=TOROIDAL_SURFACE('',#6091,1.80975000000006,0.79375);
#120=TOROIDAL_SURFACE('',#6098,14.0017500000001,0.79375);
#121=TOROIDAL_SURFACE('',#6103,1.80974999999998,0.793749999999999);
#122=TOROIDAL_SURFACE('',#6108,2.06374999999999,0.79375);
#123=TOROIDAL_SURFACE('',#6111,14.0017499999998,0.79375);
#124=TOROIDAL_SURFACE('',#6114,2.06374999999999,0.79375);
#125=TOROIDAL_SURFACE('',#6119,1.80975000000009,0.793750000000003);
#126=TOROIDAL_SURFACE('',#6256,1.80974999999998,0.793749999999999);
#127=TOROIDAL_SURFACE('',#6258,1.80974999999993,0.793749999999997);
#128=TOROIDAL_SURFACE('',#6263,2.06375000000001,0.793750000000001);
#129=TOROIDAL_SURFACE('',#6266,14.0017500000001,0.793750000000002);
#130=TOROIDAL_SURFACE('',#6269,2.06374999999999,0.793749999999998);
#131=TOROIDAL_SURFACE('',#6274,1.80974999999993,0.79375);
#132=TOROIDAL_SURFACE('',#6276,1.80975000000006,0.79375);
#133=TOROIDAL_SURFACE('',#6283,14.0017500000001,0.79375);
#134=TOROIDAL_SURFACE('',#6288,1.80974999999998,0.793749999999999);
#135=TOROIDAL_SURFACE('',#6293,2.06374999999999,0.79375);
#136=TOROIDAL_SURFACE('',#6296,14.0017499999998,0.79375);
#137=TOROIDAL_SURFACE('',#6299,2.06374999999999,0.79375);
#138=TOROIDAL_SURFACE('',#6304,1.80975000000009,0.793750000000003);
#139=FACE_BOUND('',#706,.T.);
#140=FACE_BOUND('',#707,.T.);
#141=FACE_BOUND('',#708,.T.);
#142=FACE_BOUND('',#828,.T.);
#143=FACE_BOUND('',#829,.T.);
#144=FACE_BOUND('',#830,.T.);
#145=FACE_BOUND('',#831,.T.);
#146=FACE_BOUND('',#855,.T.);
#147=FACE_BOUND('',#866,.T.);
#148=FACE_BOUND('',#926,.T.);
#149=FACE_BOUND('',#955,.T.);
#150=FACE_BOUND('',#1001,.T.);
#151=FACE_BOUND('',#1019,.T.);
#152=PLANE('',#5672);
#153=PLANE('',#5802);
#154=PLANE('',#5805);
#155=PLANE('',#5810);
#156=PLANE('',#5813);
#157=PLANE('',#5820);
#158=PLANE('',#5823);
#159=PLANE('',#5830);
#160=PLANE('',#5833);
#161=PLANE('',#5836);
#162=PLANE('',#5839);
#163=PLANE('',#5846);
#164=PLANE('',#5849);
#165=PLANE('',#5850);
#166=PLANE('',#5851);
#167=PLANE('',#5852);
#168=PLANE('',#5971);
#169=PLANE('',#5974);
#170=PLANE('',#5975);
#171=PLANE('',#5976);
#172=PLANE('',#5977);
#173=PLANE('',#5981);
#174=PLANE('',#5982);
#175=PLANE('',#5984);
#176=PLANE('',#5985);
#177=PLANE('',#5986);
#178=PLANE('',#5987);
#179=PLANE('',#5989);
#180=PLANE('',#6013);
#181=PLANE('',#6017);
#182=PLANE('',#6020);
#183=PLANE('',#6040);
#184=PLANE('',#6041);
#185=PLANE('',#6047);
#186=PLANE('',#6052);
#187=PLANE('',#6053);
#188=PLANE('',#6059);
#189=PLANE('',#6064);
#190=PLANE('',#6065);
#191=PLANE('',#6068);
#192=PLANE('',#6122);
#193=PLANE('',#6124);
#194=PLANE('',#6127);
#195=PLANE('',#6129);
#196=PLANE('',#6144);
#197=PLANE('',#6145);
#198=PLANE('',#6158);
#199=PLANE('',#6159);
#200=PLANE('',#6160);
#201=PLANE('',#6161);
#202=PLANE('',#6162);
#203=PLANE('',#6163);
#204=PLANE('',#6164);
#205=PLANE('',#6193);
#206=PLANE('',#6194);
#207=PLANE('',#6195);
#208=PLANE('',#6196);
#209=PLANE('',#6197);
#210=PLANE('',#6198);
#211=PLANE('',#6202);
#212=PLANE('',#6205);
#213=PLANE('',#6225);
#214=PLANE('',#6226);
#215=PLANE('',#6232);
#216=PLANE('',#6237);
#217=PLANE('',#6238);
#218=PLANE('',#6244);
#219=PLANE('',#6249);
#220=PLANE('',#6250);
#221=PLANE('',#6253);
#222=PLANE('',#6307);
#223=PLANE('',#6309);
#224=PLANE('',#6311);
#225=PLANE('',#6314);
#226=PLANE('',#6316);
#227=PLANE('',#6324);
#228=PLANE('',#6333);
#229=PLANE('',#6334);
#230=PLANE('',#6347);
#231=PLANE('',#6348);
#232=PLANE('',#6349);
#233=PLANE('',#6350);
#234=PLANE('',#6351);
#235=PLANE('',#6352);
#236=PLANE('',#6353);
#237=ELLIPSE('',#5624,0.54600954686993,0.456395276463539);
#238=ELLIPSE('',#5644,0.546009546869404,0.456395276464792);
#239=B_SPLINE_CURVE_WITH_KNOTS('',3,(#8366,#8367,#8368,#8369,#8370,#8371),
 .UNSPECIFIED.,.F.,.F.,(4,2,4),(0.715448368277964,0.857724184138982,1.),
 .UNSPECIFIED.);
#240=B_SPLINE_CURVE_WITH_KNOTS('',3,(#8373,#8374,#8375,#8376,#8377,#8378,
#8379,#8380,#8381,#8382,#8383,#8384,#8385,#8386,#8387,#8388,#8389,#8390,
#8391,#8392,#8393,#8394,#8395,#8396,#8397,#8398,#8399,#8400),
 .UNSPECIFIED.,.F.,.F.,(4,3,3,3,3,3,3,3,3,4),(0.,0.0776679174718567,0.157164802393693,
0.236591841408584,0.314029378716349,0.357724184138982,0.455936922844307,
0.549939804859374,0.638831781078155,0.715448368277964),.UNSPECIFIED.);
#241=B_SPLINE_CURVE_WITH_KNOTS('',3,(#8440,#8441,#8442,#8443,#8444,#8445,
#8446,#8447,#8448,#8449),.UNSPECIFIED.,.F.,.F.,(4,2,2,2,4),(0.278235057861998,
0.639117528930997,0.72933814669825,0.819558764465503,1.),.UNSPECIFIED.);
#242=B_SPLINE_CURVE_WITH_KNOTS('',3,(#8522,#8523,#8524,#8525,#8526,#8527),
 .UNSPECIFIED.,.F.,.F.,(4,2,4),(0.715448368277957,0.857724184138977,1.),
 .UNSPECIFIED.);
#243=B_SPLINE_CURVE_WITH_KNOTS('',3,(#8529,#8530,#8531,#8532,#8533,#8534,
#8535,#8536,#8537,#8538,#8539,#8540,#8541,#8542,#8543,#8544,#8545,#8546,
#8547,#8548,#8549,#8550,#8551,#8552,#8553,#8554,#8555,#8556),
 .UNSPECIFIED.,.F.,.F.,(4,3,3,3,3,3,3,3,3,4),(0.,0.077667917471884,0.157164802393749,
0.236591841408701,0.314029378716624,0.357724184138979,0.455936922844053,
0.549939804858882,0.638831781077525,0.715448368277957),.UNSPECIFIED.);
#244=B_SPLINE_CURVE_WITH_KNOTS('',3,(#8590,#8591,#8592,#8593,#8594,#8595,
#8596,#8597,#8598,#8599),.UNSPECIFIED.,.F.,.F.,(4,2,2,2,4),(0.278235057861992,
0.639117528930991,0.729338146698244,0.819558764465498,1.),.UNSPECIFIED.);
#245=B_SPLINE_CURVE_WITH_KNOTS('',3,(#9181,#9182,#9183,#9184,#9185,#9186,
#9187,#9188,#9189,#9190),.UNSPECIFIED.,.F.,.F.,(4,2,2,2,4),(0.,0.499999999999992,
0.687499999999991,0.749999999999991,1.),.UNSPECIFIED.);
#246=B_SPLINE_CURVE_WITH_KNOTS('',3,(#9192,#9193,#9194,#9195,#9196,#9197,
#9198,#9199,#9200,#9201),.UNSPECIFIED.,.F.,.F.,(4,2,2,2,4),(0.,0.500000000000054,
0.687500000000059,0.750000000000054,1.),.UNSPECIFIED.);
#247=B_SPLINE_CURVE_WITH_KNOTS('',3,(#9202,#9203,#9204,#9205,#9206,#9207,
#9208,#9209,#9210,#9211),.UNSPECIFIED.,.F.,.F.,(4,2,2,2,4),(0.,0.500000000000011,
0.687500000000018,0.75000000000002,1.),.UNSPECIFIED.);
#248=B_SPLINE_CURVE_WITH_KNOTS('',3,(#9213,#9214,#9215,#9216,#9217,#9218,
#9219,#9220,#9221,#9222),.UNSPECIFIED.,.F.,.F.,(4,2,2,2,4),(-1.09178914579771E-8,
0.49999999454105,0.687499996588156,0.749999997270529,1.),.UNSPECIFIED.);
#249=B_SPLINE_CURVE_WITH_KNOTS('',3,(#9411,#9412,#9413,#9414,#9415,#9416,
#9417,#9418,#9419,#9420),.UNSPECIFIED.,.F.,.F.,(4,2,2,2,4),(0.,0.150918722102751,
0.301837444205503,0.452753581288917,0.603669718372331),.UNSPECIFIED.);
#250=B_SPLINE_CURVE_WITH_KNOTS('',3,(#9422,#9423,#9424,#9425,#9426,#9427,
#9428,#9429,#9430,#9431,#9432,#9433,#9434,#9435,#9436,#9437,#9438,#9439),
 .UNSPECIFIED.,.F.,.F.,(4,2,2,2,2,2,2,2,4),(-1.81100915511699,-1.66009301803358,
-1.50917688095016,-1.35825815884741,-1.20733943674466,-1.05642071464191,
-0.905501992539159,-0.754585855455745,-0.60366971837233),.UNSPECIFIED.);
#251=B_SPLINE_CURVE_WITH_KNOTS('',3,(#9440,#9441,#9442,#9443,#9444,#9445,
#9446,#9447,#9448,#9449),.UNSPECIFIED.,.F.,.F.,(4,2,2,2,4),(-0.60366971837233,
-0.452753581288916,-0.301837444205502,-0.150918722102751,0.),
 .UNSPECIFIED.);
#252=B_SPLINE_CURVE_WITH_KNOTS('',3,(#9452,#9453,#9454,#9455,#9456,#9457,
#9458,#9459),.UNSPECIFIED.,.F.,.F.,(4,2,2,4),(0.,0.152248800855131,0.304497601710262,
0.348578031918773),.UNSPECIFIED.);
#253=B_SPLINE_CURVE_WITH_KNOTS('',3,(#9460,#9461,#9462,#9463,#9464,#9465,
#9466,#9467,#9468,#9469,#9470,#9471,#9472,#9473),.UNSPECIFIED.,.F.,.F.,
(4,2,2,2,2,2,4),(0.869003605584684,0.913084032100151,1.06533283295528,1.21758163381041,
1.36983043466554,1.52207923552068,1.56615966203614),.UNSPECIFIED.);
#254=B_SPLINE_CURVE_WITH_KNOTS('',3,(#9474,#9475,#9476,#9477,#9478,#9479,
#9480,#9481),.UNSPECIFIED.,.F.,.F.,(4,2,2,4),(-0.348578031918774,-0.304497601710263,
-0.152248800855131,0.),.UNSPECIFIED.);
#255=B_SPLINE_CURVE_WITH_KNOTS('',3,(#9517,#9518,#9519,#9520,#9521,#9522,
#9523,#9524,#9525,#9526),.UNSPECIFIED.,.F.,.F.,(4,2,2,2,4),(-0.24765703633629,
-0.21737540520885,-0.18709377408141,-0.155630754625695,-0.12416773516998),
 .UNSPECIFIED.);
#256=B_SPLINE_CURVE_WITH_KNOTS('',3,(#9530,#9531,#9532,#9533,#9534,#9535,
#9536,#9537,#9538,#9539),.UNSPECIFIED.,.F.,.F.,(4,2,2,2,4),(-0.371140171354224,
-0.339677151898508,-0.308214132442791,-0.27793250131535,-0.247650870187909),
 .UNSPECIFIED.);
#257=B_SPLINE_CURVE_WITH_KNOTS('',3,(#9547,#9548,#9549,#9550,#9551,#9552,
#9553,#9554,#9555,#9556),.UNSPECIFIED.,.F.,.F.,(4,2,2,2,4),(-0.247657036336289,
-0.217375405208849,-0.187093774081408,-0.155630754625692,-0.124167735169977),
 .UNSPECIFIED.);
#258=B_SPLINE_CURVE_WITH_KNOTS('',3,(#9564,#9565,#9566,#9567,#9568,#9569,
#9570,#9571,#9572,#9573),.UNSPECIFIED.,.F.,.F.,(4,2,2,2,4),(-0.371140171354222,
-0.339677151898506,-0.30821413244279,-0.277932501315349,-0.247650870187908),
 .UNSPECIFIED.);
#259=B_SPLINE_CURVE_WITH_KNOTS('',3,(#9581,#9582,#9583,#9584,#9585,#9586,
#9587,#9588,#9589,#9590),.UNSPECIFIED.,.F.,.F.,(4,2,2,2,4),(-0.24765703633629,
-0.217375405208849,-0.187093774081408,-0.155630754625691,-0.124167735169975),
 .UNSPECIFIED.);
#260=B_SPLINE_CURVE_WITH_KNOTS('',3,(#9594,#9595,#9596,#9597,#9598,#9599,
#9600,#9601,#9602,#9603),.UNSPECIFIED.,.F.,.F.,(4,2,2,2,4),(-0.371140171354214,
-0.3396771518985,-0.308214132442786,-0.277932501315347,-0.247650870187908),
 .UNSPECIFIED.);
#261=B_SPLINE_CURVE_WITH_KNOTS('',3,(#10068,#10069,#10070,#10071,#10072,
#10073,#10074,#10075,#10076,#10077),.UNSPECIFIED.,.F.,.F.,(4,2,2,2,4),(0.,
0.150918722102751,0.301837444205503,0.452753581288917,0.603669718372331),
 .UNSPECIFIED.);
#262=B_SPLINE_CURVE_WITH_KNOTS('',3,(#10079,#10080,#10081,#10082,#10083,
#10084,#10085,#10086,#10087,#10088,#10089,#10090,#10091,#10092,#10093,#10094,
#10095,#10096),.UNSPECIFIED.,.F.,.F.,(4,2,2,2,2,2,2,2,4),(-1.81100915511699,
-1.66009301803358,-1.50917688095016,-1.35825815884741,-1.20733943674466,
-1.05642071464191,-0.905501992539159,-0.754585855455745,-0.60366971837233),
 .UNSPECIFIED.);
#263=B_SPLINE_CURVE_WITH_KNOTS('',3,(#10097,#10098,#10099,#10100,#10101,
#10102,#10103,#10104,#10105,#10106),.UNSPECIFIED.,.F.,.F.,(4,2,2,2,4),(-0.60366971837233,
-0.452753581288916,-0.301837444205502,-0.150918722102751,0.),
 .UNSPECIFIED.);
#264=B_SPLINE_CURVE_WITH_KNOTS('',3,(#10110,#10111,#10112,#10113,#10114,
#10115,#10116,#10117),.UNSPECIFIED.,.F.,.F.,(4,2,2,4),(0.,0.15396608035259,
0.307932160705179,0.352724243399781),.UNSPECIFIED.);
#265=B_SPLINE_CURVE_WITH_KNOTS('',3,(#10125,#10126,#10127,#10128,#10129,
#10130,#10131,#10132,#10133,#10134,#10135,#10136,#10137,#10138),
 .UNSPECIFIED.,.F.,.F.,(4,2,2,2,2,2,4),(0.877325523332283,0.922117606026885,
1.07608368637947,1.23004976673206,1.38401584708465,1.53798192743724,1.58277401013184),
 .UNSPECIFIED.);
#266=B_SPLINE_CURVE_WITH_KNOTS('',3,(#10145,#10146,#10147,#10148,#10149,
#10150,#10151,#10152),.UNSPECIFIED.,.F.,.F.,(4,2,2,4),(-0.352724243399781,
-0.307932160705179,-0.153966080352589,0.),.UNSPECIFIED.);
#267=B_SPLINE_CURVE_WITH_KNOTS('',3,(#10199,#10200,#10201,#10202,#10203,
#10204,#10205,#10206,#10207,#10208),.UNSPECIFIED.,.F.,.F.,(4,2,2,2,4),(-0.24765703633629,
-0.21737540520885,-0.18709377408141,-0.155630754625695,-0.12416773516998),
 .UNSPECIFIED.);
#268=B_SPLINE_CURVE_WITH_KNOTS('',3,(#10212,#10213,#10214,#10215,#10216,
#10217,#10218,#10219,#10220,#10221),.UNSPECIFIED.,.F.,.F.,(4,2,2,2,4),(-0.371140171354224,
-0.339677151898508,-0.308214132442791,-0.27793250131535,-0.247650870187909),
 .UNSPECIFIED.);
#269=B_SPLINE_CURVE_WITH_KNOTS('',3,(#10229,#10230,#10231,#10232,#10233,
#10234,#10235,#10236,#10237,#10238),.UNSPECIFIED.,.F.,.F.,(4,2,2,2,4),(-0.247657036336289,
-0.217375405208849,-0.187093774081408,-0.155630754625692,-0.124167735169977),
 .UNSPECIFIED.);
#270=B_SPLINE_CURVE_WITH_KNOTS('',3,(#10246,#10247,#10248,#10249,#10250,
#10251,#10252,#10253,#10254,#10255),.UNSPECIFIED.,.F.,.F.,(4,2,2,2,4),(-0.371140171354222,
-0.339677151898506,-0.30821413244279,-0.277932501315349,-0.247650870187908),
 .UNSPECIFIED.);
#271=B_SPLINE_CURVE_WITH_KNOTS('',3,(#10263,#10264,#10265,#10266,#10267,
#10268,#10269,#10270,#10271,#10272),.UNSPECIFIED.,.F.,.F.,(4,2,2,2,4),(-0.24765703633629,
-0.217375405208849,-0.187093774081408,-0.155630754625691,-0.124167735169975),
 .UNSPECIFIED.);
#272=B_SPLINE_CURVE_WITH_KNOTS('',3,(#10276,#10277,#10278,#10279,#10280,
#10281,#10282,#10283,#10284,#10285),.UNSPECIFIED.,.F.,.F.,(4,2,2,2,4),(-0.371140171354214,
-0.3396771518985,-0.308214132442786,-0.277932501315347,-0.247650870187908),
 .UNSPECIFIED.);
#273=(
BOUNDED_SURFACE()
B_SPLINE_SURFACE(2,2,((#8315,#8316,#8317),(#8318,#8319,#8320),(#8321,#8322,
#8323)),.UNSPECIFIED.,.F.,.F.,.F.)
B_SPLINE_SURFACE_WITH_KNOTS((3,3),(3,3),(-1.57079632679459,4.50760175771513E-13),
(-0.523598775607855,0.927209093350852),.UNSPECIFIED.)
GEOMETRIC_REPRESENTATION_ITEM()
RATIONAL_B_SPLINE_SURFACE(((1.,0.748231497639948,1.),(0.707106781186495,
0.529079565878534,0.707106781186495),(1.,0.748231497639948,1.)))
REPRESENTATION_ITEM('')
SURFACE()
);
#274=(
BOUNDED_SURFACE()
B_SPLINE_SURFACE(2,2,((#8332,#8333,#8334),(#8335,#8336,#8337),(#8338,#8339,
#8340)),.UNSPECIFIED.,.F.,.F.,.F.)
B_SPLINE_SURFACE_WITH_KNOTS((3,3),(3,3),(1.26156936372614E-13,1.57079632679809),
(-0.725403934583081,0.725403934583081),.UNSPECIFIED.)
GEOMETRIC_REPRESENTATION_ITEM()
RATIONAL_B_SPLINE_SURFACE(((1.,0.748231497571131,1.),(0.707106781185454,
0.529079565829094,0.707106781185454),(1.,0.748231497571131,1.)))
REPRESENTATION_ITEM('')
SURFACE()
);
#275=(
BOUNDED_SURFACE()
B_SPLINE_SURFACE(2,2,((#8349,#8350,#8351),(#8352,#8353,#8354),(#8355,#8356,
#8357),(#8358,#8359,#8360),(#8361,#8362,#8363)),.UNSPECIFIED.,.F.,.F.,.F.)
B_SPLINE_SURFACE_WITH_KNOTS((3,2,3),(3,3),(-1.57148349279432,-0.785741746396823,
6.77771487228379E-13),(-0.72540393576594,0.72540393576594),
 .UNSPECIFIED.)
GEOMETRIC_REPRESENTATION_ITEM()
RATIONAL_B_SPLINE_SURFACE(((1.,0.748231496786378,1.),(0.923813777117822,
0.691226565204745,0.923813777117822),(1.,0.748231496786378,1.),(0.923813777117783,
0.691226565204716,0.923813777117783),(1.,0.748231496786378,1.)))
REPRESENTATION_ITEM('')
SURFACE()
);
#276=(
BOUNDED_SURFACE()
B_SPLINE_SURFACE(2,2,((#8406,#8407,#8408),(#8409,#8410,#8411),(#8412,#8413,
#8414)),.UNSPECIFIED.,.F.,.F.,.F.)
B_SPLINE_SURFACE_WITH_KNOTS((3,3),(3,3),(2.20296222209022E-12,1.57079612239841),
(-0.725403934681864,0.725403934681864),.UNSPECIFIED.)
GEOMETRIC_REPRESENTATION_ITEM()
RATIONAL_B_SPLINE_SURFACE(((1.,0.748231497505594,1.),(0.7071068534524,0.529079619855158,
0.7071068534524),(1.,0.748231497505594,1.)))
REPRESENTATION_ITEM('')
SURFACE()
);
#277=(
BOUNDED_SURFACE()
B_SPLINE_SURFACE(2,2,((#8423,#8424,#8425),(#8426,#8427,#8428),(#8429,#8430,
#8431),(#8432,#8433,#8434),(#8435,#8436,#8437)),.UNSPECIFIED.,.F.,.F.,.F.)
B_SPLINE_SURFACE_WITH_KNOTS((3,2,3),(3,3),(-1.57132698918787,-0.785663494594879,
-1.88660896760575E-12),(-0.725403934477719,0.72540393447772),
 .UNSPECIFIED.)
GEOMETRIC_REPRESENTATION_ITEM()
RATIONAL_B_SPLINE_SURFACE(((1.,0.748231497641032,1.),(0.923828755454919,
0.691237773257885,0.923828755454919),(1.,0.748231497641032,1.),(0.923828755454889,
0.691237773257862,0.923828755454889),(1.,0.748231497641032,1.)))
REPRESENTATION_ITEM('')
SURFACE()
);
#278=(
BOUNDED_SURFACE()
B_SPLINE_SURFACE(2,2,((#8457,#8458,#8459),(#8460,#8461,#8462),(#8463,#8464,
#8465)),.UNSPECIFIED.,.F.,.F.,.F.)
B_SPLINE_SURFACE_WITH_KNOTS((3,3),(3,3),(-2.81112602642144E-12,1.57079632679895),
(-0.725403934583108,0.725403934583108),.UNSPECIFIED.)
GEOMETRIC_REPRESENTATION_ITEM()
RATIONAL_B_SPLINE_SURFACE(((1.,0.748231497571113,1.),(0.707106781184109,
0.529079565828075,0.707106781184109),(1.,0.748231497571113,1.)))
REPRESENTATION_ITEM('')
SURFACE()
);
#279=(
BOUNDED_SURFACE()
B_SPLINE_SURFACE(2,2,((#8474,#8475,#8476),(#8477,#8478,#8479),(#8480,#8481,
#8482)),.UNSPECIFIED.,.F.,.F.,.F.)
B_SPLINE_SURFACE_WITH_KNOTS((3,3),(3,3),(-1.5707963267943,2.94049216886806E-12),
(-0.725403934479353,0.725403934479353),.UNSPECIFIED.)
GEOMETRIC_REPRESENTATION_ITEM()
RATIONAL_B_SPLINE_SURFACE(((1.,0.748231497639948,1.),(0.707106781185723,
0.529079565877957,0.707106781185723),(1.,0.748231497639948,1.)))
REPRESENTATION_ITEM('')
SURFACE()
);
#280=(
BOUNDED_SURFACE()
B_SPLINE_SURFACE(2,2,((#8491,#8492,#8493),(#8494,#8495,#8496),(#8497,#8498,
#8499)),.UNSPECIFIED.,.F.,.F.,.F.)
B_SPLINE_SURFACE_WITH_KNOTS((3,3),(3,3),(1.26156936372614E-13,1.57079632679809),
(-0.40361031775562,1.04719755141039),.UNSPECIFIED.)
GEOMETRIC_REPRESENTATION_ITEM()
RATIONAL_B_SPLINE_SURFACE(((1.,0.74823149757118,1.),(0.707106781185466,
0.529079565829138,0.707106781185466),(1.,0.74823149757118,1.)))
REPRESENTATION_ITEM('')
SURFACE()
);
#281=(
BOUNDED_SURFACE()
B_SPLINE_SURFACE(2,2,((#8505,#8506,#8507),(#8508,#8509,#8510),(#8511,#8512,
#8513),(#8514,#8515,#8516),(#8517,#8518,#8519)),.UNSPECIFIED.,.F.,.F.,.F.)
B_SPLINE_SURFACE_WITH_KNOTS((3,2,3),(3,3),(-1.57148349279432,-0.78574174639682,
6.77771487228379E-13),(-0.403610317756641,1.04719755377523),
 .UNSPECIFIED.)
GEOMETRIC_REPRESENTATION_ITEM()
RATIONAL_B_SPLINE_SURFACE(((1.,0.74823149678638,1.),(0.923813777117816,
0.691226565204742,0.923813777117816),(1.,0.74823149678638,1.),(0.923813777117851,
0.691226565204769,0.923813777117851),(1.,0.74823149678638,1.)))
REPRESENTATION_ITEM('')
SURFACE()
);
#282=(
BOUNDED_SURFACE()
B_SPLINE_SURFACE(2,2,((#8559,#8560,#8561),(#8562,#8563,#8564),(#8565,#8566,
#8567)),.UNSPECIFIED.,.F.,.F.,.F.)
B_SPLINE_SURFACE_WITH_KNOTS((3,3),(3,3),(2.20296222209022E-12,1.5707961223984),
(-1.04719755160676,0.403610317756951),.UNSPECIFIED.)
GEOMETRIC_REPRESENTATION_ITEM()
RATIONAL_B_SPLINE_SURFACE(((1.,0.7482314975056,1.),(0.707106853452397,0.52907961985516,
0.707106853452397),(1.,0.7482314975056,1.)))
REPRESENTATION_ITEM('')
SURFACE()
);
#283=(
BOUNDED_SURFACE()
B_SPLINE_SURFACE(2,2,((#8573,#8574,#8575),(#8576,#8577,#8578),(#8579,#8580,
#8581),(#8582,#8583,#8584),(#8585,#8586,#8587)),.UNSPECIFIED.,.F.,.F.,.F.)
B_SPLINE_SURFACE_WITH_KNOTS((3,2,3),(3,3),(-1.57132698918786,-0.785663494594874,
-1.88660896760575E-12),(-1.0471975512014,0.403610317754047),
 .UNSPECIFIED.)
GEOMETRIC_REPRESENTATION_ITEM()
RATIONAL_B_SPLINE_SURFACE(((1.,0.74823149764103,1.),(0.923828755454912,
0.691237773257878,0.923828755454912),(1.,0.74823149764103,1.),(0.923828755454943,
0.691237773257901,0.923828755454943),(1.,0.74823149764103,1.)))
REPRESENTATION_ITEM('')
SURFACE()
);
#284=(
BOUNDED_SURFACE()
B_SPLINE_SURFACE(2,2,((#8604,#8605,#8606),(#8607,#8608,#8609),(#8610,#8611,
#8612)),.UNSPECIFIED.,.F.,.F.,.F.)
B_SPLINE_SURFACE_WITH_KNOTS((3,3),(3,3),(-2.81112602642144E-12,1.57079632679895),
(-0.92720909335381,0.523598775812404),.UNSPECIFIED.)
GEOMETRIC_REPRESENTATION_ITEM()
RATIONAL_B_SPLINE_SURFACE(((1.,0.748231497571114,1.),(0.707106781184122,
0.529079565828085,0.707106781184122),(1.,0.748231497571114,1.)))
REPRESENTATION_ITEM('')
SURFACE()
);
#285=(
BOUNDED_SURFACE()
B_SPLINE_SURFACE(2,2,((#9223,#9224,#9225),(#9226,#9227,#9228),(#9229,#9230,
#9231)),.UNSPECIFIED.,.F.,.F.,.F.)
B_SPLINE_SURFACE_WITH_KNOTS((3,3),(3,3),(-3.58855552448868E-12,1.57079612239817),
(1.04719755078378,2.4980054201542),.UNSPECIFIED.)
GEOMETRIC_REPRESENTATION_ITEM()
RATIONAL_B_SPLINE_SURFACE(((1.,0.748231497503374,1.),(0.707106853450427,
0.529079619852112,0.707106853450427),(1.,0.748231497503374,1.)))
REPRESENTATION_ITEM('')
SURFACE()
);
#286=(
BOUNDED_SURFACE()
B_SPLINE_SURFACE(2,2,((#9232,#9233,#9234),(#9235,#9236,#9237),(#9238,#9239,
#9240)),.UNSPECIFIED.,.F.,.F.,.F.)
B_SPLINE_SURFACE_WITH_KNOTS((3,3),(3,3),(-1.57079612225584,-1.65813858791154E-12),
(-2.49800542014506,-1.04719754861932),.UNSPECIFIED.)
GEOMETRIC_REPRESENTATION_ITEM()
RATIONAL_B_SPLINE_SURFACE(((1.,0.748231496788414,1.),(0.707106853502608,
0.529079619385602,0.707106853502608),(1.,0.748231496788414,1.)))
REPRESENTATION_ITEM('')
SURFACE()
);
#287=(
BOUNDED_SURFACE()
B_SPLINE_SURFACE(2,2,((#9241,#9242,#9243),(#9244,#9245,#9246),(#9247,#9248,
#9249)),.UNSPECIFIED.,.F.,.F.,.F.)
B_SPLINE_SURFACE_WITH_KNOTS((3,3),(3,3),(2.77555756155827E-13,1.57079612240059),
(-0.725403934676434,0.725403934676433),.UNSPECIFIED.)
GEOMETRIC_REPRESENTATION_ITEM()
RATIONAL_B_SPLINE_SURFACE(((1.,0.748231497509197,1.),(0.707106853450945,
0.529079619856617,0.707106853450945),(1.,0.748231497509197,1.)))
REPRESENTATION_ITEM('')
SURFACE()
);
#288=(
BOUNDED_SURFACE()
B_SPLINE_SURFACE(2,2,((#9250,#9251,#9252),(#9253,#9254,#9255),(#9256,#9257,
#9258),(#9259,#9260,#9261),(#9262,#9263,#9264)),.UNSPECIFIED.,.F.,.F.,.F.)
B_SPLINE_SURFACE_WITH_KNOTS((3,2,3),(3,3),(-1.57175650312536,-0.785878251563325,
-1.28573900139929E-12),(-3.14159265358591,-1.69078478461571),
 .UNSPECIFIED.)
GEOMETRIC_REPRESENTATION_ITEM()
RATIONAL_B_SPLINE_SURFACE(((1.,0.748231497636133,1.),(0.923787645001338,
0.691207013117108,0.923787645001338),(1.,0.748231497636133,1.),(0.923787645001318,
0.691207013117092,0.923787645001318),(1.,0.748231497636133,1.)))
REPRESENTATION_ITEM('')
SURFACE()
);
#289=(
BOUNDED_SURFACE()
B_SPLINE_SURFACE(2,2,((#9265,#9266,#9267),(#9268,#9269,#9270),(#9271,#9272,
#9273)),.UNSPECIFIED.,.F.,.F.,.F.)
B_SPLINE_SURFACE_WITH_KNOTS((3,3),(3,3),(-4.79991136581532E-12,1.57079632680742),
(-1.4508078689702,-2.70480269852672E-12),.UNSPECIFIED.)
GEOMETRIC_REPRESENTATION_ITEM()
RATIONAL_B_SPLINE_SURFACE(((1.,0.748231497637031,1.),(0.707106781180428,
0.529079565871932,0.707106781180428),(1.,0.748231497637031,1.)))
REPRESENTATION_ITEM('')
SURFACE()
);
#290=(
BOUNDED_SURFACE()
B_SPLINE_SURFACE(2,2,((#9274,#9275,#9276),(#9277,#9278,#9279),(#9280,#9281,
#9282),(#9283,#9284,#9285),(#9286,#9287,#9288)),.UNSPECIFIED.,.F.,.F.,.F.)
B_SPLINE_SURFACE_WITH_KNOTS((3,2,3),(3,3),(-1.57175679583003,-0.785878397913008,
4.01404610629125E-12),(-1.45080786896489,2.57019006912017E-9),
 .UNSPECIFIED.)
GEOMETRIC_REPRESENTATION_ITEM()
RATIONAL_B_SPLINE_SURFACE(((1.,0.748231496785316,1.),(0.923787616981288,
0.691206991365649,0.923787616981288),(1.,0.748231496785316,1.),(0.923787616981284,
0.691206991365646,0.923787616981284),(1.,0.748231496785316,1.)))
REPRESENTATION_ITEM('')
SURFACE()
);
#291=(
BOUNDED_SURFACE()
B_SPLINE_SURFACE(2,2,((#9289,#9290,#9291),(#9292,#9293,#9294),(#9295,#9296,
#9297)),.UNSPECIFIED.,.F.,.F.,.F.)
B_SPLINE_SURFACE_WITH_KNOTS((3,3),(3,3),(-3.58855552448868E-12,1.57079612239817),
(-2.09439510280602,-0.643587233435589),.UNSPECIFIED.)
GEOMETRIC_REPRESENTATION_ITEM()
RATIONAL_B_SPLINE_SURFACE(((1.,0.748231497503371,1.),(0.70710685345043,
0.529079619852112,0.70710685345043),(1.,0.748231497503371,1.)))
REPRESENTATION_ITEM('')
SURFACE()
);
#292=(
BOUNDED_SURFACE()
B_SPLINE_SURFACE(2,2,((#9298,#9299,#9300),(#9301,#9302,#9303),(#9304,#9305,
#9306)),.UNSPECIFIED.,.F.,.F.,.F.)
B_SPLINE_SURFACE_WITH_KNOTS((3,3),(3,3),(-1.57079612225583,-1.66478816733768E-12),
(0.643587233444737,2.09439510497047),.UNSPECIFIED.)
GEOMETRIC_REPRESENTATION_ITEM()
RATIONAL_B_SPLINE_SURFACE(((1.,0.748231496788416,1.),(0.707106853502612,
0.529079619385606,0.707106853502612),(1.,0.748231496788416,1.)))
REPRESENTATION_ITEM('')
SURFACE()
);
#293=(
BOUNDED_SURFACE()
B_SPLINE_SURFACE(2,2,((#9307,#9308,#9309),(#9310,#9311,#9312),(#9313,#9314,
#9315)),.UNSPECIFIED.,.F.,.F.,.F.)
B_SPLINE_SURFACE_WITH_KNOTS((3,3),(3,3),(2.77555756155828E-13,1.57079612240059),
(-1.23451477402748E-11,1.45080786894292),.UNSPECIFIED.)
GEOMETRIC_REPRESENTATION_ITEM()
RATIONAL_B_SPLINE_SURFACE(((1.,0.748231497641089,1.),(0.707106853450945,
0.529079619949879,0.707106853450945),(1.,0.748231497641089,1.)))
REPRESENTATION_ITEM('')
SURFACE()
);
#294=(
BOUNDED_SURFACE()
B_SPLINE_SURFACE(2,2,((#9316,#9317,#9318),(#9319,#9320,#9321),(#9322,#9323,
#9324),(#9325,#9326,#9327),(#9328,#9329,#9330)),.UNSPECIFIED.,.F.,.F.,.F.)
B_SPLINE_SURFACE_WITH_KNOTS((3,2,3),(3,3),(-1.57175650312538,-0.785878251563335,
-1.28573900139929E-12),(3.87348727024606E-12,1.45080786897408),
 .UNSPECIFIED.)
GEOMETRIC_REPRESENTATION_ITEM()
RATIONAL_B_SPLINE_SURFACE(((1.,0.748231497636133,1.),(0.92378764500133,
0.691207013117102,0.92378764500133),(1.,0.748231497636133,1.),(0.923787645001324,
0.691207013117097,0.923787645001324),(1.,0.748231497636133,1.)))
REPRESENTATION_ITEM('')
SURFACE()
);
#295=(
BOUNDED_SURFACE()
B_SPLINE_SURFACE(2,2,((#9331,#9332,#9333),(#9334,#9335,#9336),(#9337,#9338,
#9339)),.UNSPECIFIED.,.F.,.F.,.F.)
B_SPLINE_SURFACE_WITH_KNOTS((3,3),(3,3),(-4.79991136581527E-12,1.57079632680742),
(-0.725403934590853,0.725403934590853),.UNSPECIFIED.)
GEOMETRIC_REPRESENTATION_ITEM()
RATIONAL_B_SPLINE_SURFACE(((1.,0.748231497565975,1.),(0.707106781180421,
0.529079565821683,0.707106781180421),(1.,0.748231497565975,1.)))
REPRESENTATION_ITEM('')
SURFACE()
);
#296=(
BOUNDED_SURFACE()
B_SPLINE_SURFACE(2,2,((#9340,#9341,#9342),(#9343,#9344,#9345),(#9346,#9347,
#9348),(#9349,#9350,#9351),(#9352,#9353,#9354)),.UNSPECIFIED.,.F.,.F.,.F.)
B_SPLINE_SURFACE_WITH_KNOTS((3,2,3),(3,3),(-1.57175679583003,-0.785878397913009,
4.01404610629124E-12),(-0.725403935767525,0.725403935767526),
 .UNSPECIFIED.)
GEOMETRIC_REPRESENTATION_ITEM()
RATIONAL_B_SPLINE_SURFACE(((1.,0.748231496785326,1.),(0.923787616981284,
0.691206991365655,0.923787616981284),(1.,0.748231496785326,1.),(0.923787616981281,
0.691206991365653,0.923787616981281),(1.,0.748231496785326,1.)))
REPRESENTATION_ITEM('')
SURFACE()
);
#297=(
BOUNDED_SURFACE()
B_SPLINE_SURFACE(3,3,((#9790,#9791,#9792,#9793),(#9794,#9795,#9796,#9797),
(#9798,#9799,#9800,#9801),(#9802,#9803,#9804,#9805),(#9806,#9807,#9808,
#9809),(#9810,#9811,#9812,#9813),(#9814,#9815,#9816,#9817)),
 .UNSPECIFIED.,.F.,.F.,.F.)
B_SPLINE_SURFACE_WITH_KNOTS((4,3,4),(4,4),(0.,1.,1.01),(0.,1.),
 .UNSPECIFIED.)
GEOMETRIC_REPRESENTATION_ITEM()
RATIONAL_B_SPLINE_SURFACE(((1.,0.910683602522959,0.910683602522959,1.),
(0.80473785412436,0.732861568080567,0.732861568080567,0.80473785412436),
(0.80473785412436,0.732861568080567,0.732861568080567,0.80473785412436),
(1.,0.910683602522959,0.910683602522959,1.),(1.,0.910683602522959,0.910683602522959,
1.),(1.,0.910683602522959,0.910683602522959,1.),(1.,0.910683602522959,0.910683602522959,
1.)))
REPRESENTATION_ITEM('')
SURFACE()
);
#298=(
BOUNDED_SURFACE()
B_SPLINE_SURFACE(3,3,((#9819,#9820,#9821,#9822,#9823,#9824,#9825),(#9826,
#9827,#9828,#9829,#9830,#9831,#9832),(#9833,#9834,#9835,#9836,#9837,#9838,
#9839),(#9840,#9841,#9842,#9843,#9844,#9845,#9846),(#9847,#9848,#9849,#9850,
#9851,#9852,#9853),(#9854,#9855,#9856,#9857,#9858,#9859,#9860),(#9861,#9862,
#9863,#9864,#9865,#9866,#9867)),.UNSPECIFIED.,.F.,.F.,.F.)
B_SPLINE_SURFACE_WITH_KNOTS((4,3,4),(4,3,4),(0.,1.,1.01),(-0.01,0.,1.00052622999854),
 .UNSPECIFIED.)
GEOMETRIC_REPRESENTATION_ITEM()
RATIONAL_B_SPLINE_SURFACE(((1.,1.,1.,1.,0.998088981052557,0.998089986688055,
1.00000301690649),(0.804737854124365,0.804737854124365,0.804737854124365,
0.804737854124365,0.803199984837409,0.803200794110361,0.804740281943223),
(0.804737854124365,0.804737854124365,0.804737854124365,0.804737854124365,
0.803199984837409,0.803200794110361,0.804740281943223),(1.,1.,1.,1.,0.998088981052557,
0.998089986688055,1.00000301690649),(1.,1.,1.,1.,0.998088981052557,0.998089986688055,
1.00000301690649),(1.,1.,1.,1.,0.998088981052557,0.998089986688055,1.00000301690649),
(1.,1.,1.,1.,0.998088981052557,0.998089986688055,1.00000301690649)))
REPRESENTATION_ITEM('')
SURFACE()
);
#299=(
BOUNDED_SURFACE()
B_SPLINE_SURFACE(3,3,((#9871,#9872,#9873,#9874),(#9875,#9876,#9877,#9878),
(#9879,#9880,#9881,#9882),(#9883,#9884,#9885,#9886),(#9887,#9888,#9889,
#9890),(#9891,#9892,#9893,#9894),(#9895,#9896,#9897,#9898)),
 .UNSPECIFIED.,.F.,.F.,.F.)
B_SPLINE_SURFACE_WITH_KNOTS((4,3,4),(4,4),(0.,1.,1.01),(0.,1.),
 .UNSPECIFIED.)
GEOMETRIC_REPRESENTATION_ITEM()
RATIONAL_B_SPLINE_SURFACE(((1.,0.998089986228723,0.998089986228723,1.),
(0.804737854124365,0.803200793740719,0.803200793740719,0.804737854124365),
(0.804737854124365,0.803200793740719,0.803200793740719,0.804737854124365),
(1.,0.998089986228723,0.998089986228723,1.),(1.,0.998089986228723,0.998089986228723,
1.),(1.,0.998089986228723,0.998089986228723,1.),(1.,0.998089986228723,0.998089986228723,
1.)))
REPRESENTATION_ITEM('')
SURFACE()
);
#300=(
BOUNDED_SURFACE()
B_SPLINE_SURFACE(3,3,((#9900,#9901,#9902,#9903),(#9904,#9905,#9906,#9907),
(#9908,#9909,#9910,#9911),(#9912,#9913,#9914,#9915),(#9916,#9917,#9918,
#9919),(#9920,#9921,#9922,#9923),(#9924,#9925,#9926,#9927)),
 .UNSPECIFIED.,.F.,.F.,.F.)
B_SPLINE_SURFACE_WITH_KNOTS((4,3,4),(4,4),(0.,1.,1.01),(0.,1.),
 .UNSPECIFIED.)
GEOMETRIC_REPRESENTATION_ITEM()
RATIONAL_B_SPLINE_SURFACE(((1.,0.910683602488829,0.910683602488829,1.),
(0.804737854124365,0.732861568053106,0.732861568053106,0.804737854124365),
(0.804737854124365,0.732861568053106,0.732861568053106,0.804737854124365),
(1.,0.910683602488829,0.910683602488829,1.),(1.,0.910683602488829,0.910683602488829,
1.),(1.,0.910683602488829,0.910683602488829,1.),(1.,0.910683602488829,0.910683602488829,
1.)))
REPRESENTATION_ITEM('')
SURFACE()
);
#301=(
BOUNDED_SURFACE()
B_SPLINE_SURFACE(3,3,((#10498,#10499,#10500,#10501),(#10502,#10503,#10504,
#10505),(#10506,#10507,#10508,#10509),(#10510,#10511,#10512,#10513),(#10514,
#10515,#10516,#10517),(#10518,#10519,#10520,#10521),(#10522,#10523,#10524,
#10525)),.UNSPECIFIED.,.F.,.F.,.F.)
B_SPLINE_SURFACE_WITH_KNOTS((4,3,4),(4,4),(0.,1.,1.01),(0.,1.),
 .UNSPECIFIED.)
GEOMETRIC_REPRESENTATION_ITEM()
RATIONAL_B_SPLINE_SURFACE(((1.,0.910683602522959,0.910683602522959,1.),
(0.80473785412436,0.732861568080567,0.732861568080567,0.80473785412436),
(0.80473785412436,0.732861568080567,0.732861568080567,0.80473785412436),
(1.,0.910683602522959,0.910683602522959,1.),(1.,0.910683602522959,0.910683602522959,
1.),(1.,0.910683602522959,0.910683602522959,1.),(1.,0.910683602522959,0.910683602522959,
1.)))
REPRESENTATION_ITEM('')
SURFACE()
);
#302=(
BOUNDED_SURFACE()
B_SPLINE_SURFACE(3,3,((#10527,#10528,#10529,#10530,#10531,#10532,#10533),
(#10534,#10535,#10536,#10537,#10538,#10539,#10540),(#10541,#10542,#10543,
#10544,#10545,#10546,#10547),(#10548,#10549,#10550,#10551,#10552,#10553,
#10554),(#10555,#10556,#10557,#10558,#10559,#10560,#10561),(#10562,#10563,
#10564,#10565,#10566,#10567,#10568),(#10569,#10570,#10571,#10572,#10573,
#10574,#10575)),.UNSPECIFIED.,.F.,.F.,.F.)
B_SPLINE_SURFACE_WITH_KNOTS((4,3,4),(4,3,4),(0.,1.,1.01),(-0.01,0.,1.00052622999854),
 .UNSPECIFIED.)
GEOMETRIC_REPRESENTATION_ITEM()
RATIONAL_B_SPLINE_SURFACE(((1.,1.,1.,1.,0.998088981052557,0.998089986688055,
1.00000301690649),(0.804737854124365,0.804737854124365,0.804737854124365,
0.804737854124365,0.803199984837409,0.803200794110361,0.804740281943223),
(0.804737854124365,0.804737854124365,0.804737854124365,0.804737854124365,
0.803199984837409,0.803200794110361,0.804740281943223),(1.,1.,1.,1.,0.998088981052557,
0.998089986688055,1.00000301690649),(1.,1.,1.,1.,0.998088981052557,0.998089986688055,
1.00000301690649),(1.,1.,1.,1.,0.998088981052557,0.998089986688055,1.00000301690649),
(1.,1.,1.,1.,0.998088981052557,0.998089986688055,1.00000301690649)))
REPRESENTATION_ITEM('')
SURFACE()
);
#303=(
BOUNDED_SURFACE()
B_SPLINE_SURFACE(3,3,((#10579,#10580,#10581,#10582),(#10583,#10584,#10585,
#10586),(#10587,#10588,#10589,#10590),(#10591,#10592,#10593,#10594),(#10595,
#10596,#10597,#10598),(#10599,#10600,#10601,#10602),(#10603,#10604,#10605,
#10606)),.UNSPECIFIED.,.F.,.F.,.F.)
B_SPLINE_SURFACE_WITH_KNOTS((4,3,4),(4,4),(0.,1.,1.01),(0.,1.),
 .UNSPECIFIED.)
GEOMETRIC_REPRESENTATION_ITEM()
RATIONAL_B_SPLINE_SURFACE(((1.,0.998089986228723,0.998089986228723,1.),
(0.804737854124365,0.803200793740719,0.803200793740719,0.804737854124365),
(0.804737854124365,0.803200793740719,0.803200793740719,0.804737854124365),
(1.,0.998089986228723,0.998089986228723,1.),(1.,0.998089986228723,0.998089986228723,
1.),(1.,0.998089986228723,0.998089986228723,1.),(1.,0.998089986228723,0.998089986228723,
1.)))
REPRESENTATION_ITEM('')
SURFACE()
);
#304=(
BOUNDED_SURFACE()
B_SPLINE_SURFACE(3,3,((#10608,#10609,#10610,#10611),(#10612,#10613,#10614,
#10615),(#10616,#10617,#10618,#10619),(#10620,#10621,#10622,#10623),(#10624,
#10625,#10626,#10627),(#10628,#10629,#10630,#10631),(#10632,#10633,#10634,
#10635)),.UNSPECIFIED.,.F.,.F.,.F.)
B_SPLINE_SURFACE_WITH_KNOTS((4,3,4),(4,4),(0.,1.,1.01),(0.,1.),
 .UNSPECIFIED.)
GEOMETRIC_REPRESENTATION_ITEM()
RATIONAL_B_SPLINE_SURFACE(((1.,0.910683602488829,0.910683602488829,1.),
(0.804737854124365,0.732861568053106,0.732861568053106,0.804737854124365),
(0.804737854124365,0.732861568053106,0.732861568053106,0.804737854124365),
(1.,0.910683602488829,0.910683602488829,1.),(1.,0.910683602488829,0.910683602488829,
1.),(1.,0.910683602488829,0.910683602488829,1.),(1.,0.910683602488829,0.910683602488829,
1.)))
REPRESENTATION_ITEM('')
SURFACE()
);
#305=CONICAL_SURFACE('',#5588,2.79397101305809,0.785384897610197);
#306=CONICAL_SURFACE('',#5590,2.79397101288756,0.785384897610193);
#307=CONICAL_SURFACE('',#5592,2.79397101304273,0.785384897610196);
#308=CONICAL_SURFACE('',#5666,2.79397101300125,0.785384897554253);
#309=CONICAL_SURFACE('',#5668,2.79397101300125,0.785384897554253);
#310=CONICAL_SURFACE('',#5670,2.79397101298589,0.785384897554248);
#311=CONICAL_SURFACE('',#5995,26.7843,0.785398163397447);
#312=CONICAL_SURFACE('',#6136,4.,0.78539816339745);
#313=CONICAL_SURFACE('',#6139,3.36,0.785398163397448);
#314=CONICAL_SURFACE('',#6152,2.30940107675851,0.78539816339745);
#315=CONICAL_SURFACE('',#6153,2.30940107675851,0.78539816339745);
#316=CONICAL_SURFACE('',#6154,2.30940107675851,0.78539816339745);
#317=CONICAL_SURFACE('',#6155,2.30940107675851,0.78539816339745);
#318=CONICAL_SURFACE('',#6156,2.30940107675851,0.78539816339745);
#319=CONICAL_SURFACE('',#6157,2.30940107675851,0.78539816339745);
#320=CONICAL_SURFACE('',#6171,26.7843,0.785398163397447);
#321=CONICAL_SURFACE('',#6323,9.5875,0.785398163397445);
#322=CONICAL_SURFACE('',#6325,4.,0.78539816339745);
#323=CONICAL_SURFACE('',#6328,3.36,0.785398163397448);
#324=CONICAL_SURFACE('',#6341,2.30940107675851,0.78539816339745);
#325=CONICAL_SURFACE('',#6342,2.30940107675851,0.78539816339745);
#326=CONICAL_SURFACE('',#6343,2.30940107675851,0.78539816339745);
#327=CONICAL_SURFACE('',#6344,2.30940107675851,0.78539816339745);
#328=CONICAL_SURFACE('',#6345,2.30940107675851,0.78539816339745);
#329=CONICAL_SURFACE('',#6346,2.30940107675851,0.78539816339745);
#330=FACE_OUTER_BOUND('',#675,.T.);
#331=FACE_OUTER_BOUND('',#676,.T.);
#332=FACE_OUTER_BOUND('',#677,.T.);
#333=FACE_OUTER_BOUND('',#678,.T.);
#334=FACE_OUTER_BOUND('',#679,.T.);
#335=FACE_OUTER_BOUND('',#680,.T.);
#336=FACE_OUTER_BOUND('',#681,.T.);
#337=FACE_OUTER_BOUND('',#682,.T.);
#338=FACE_OUTER_BOUND('',#683,.T.);
#339=FACE_OUTER_BOUND('',#684,.T.);
#340=FACE_OUTER_BOUND('',#685,.T.);
#341=FACE_OUTER_BOUND('',#686,.T.);
#342=FACE_OUTER_BOUND('',#687,.T.);
#343=FACE_OUTER_BOUND('',#688,.T.);
#344=FACE_OUTER_BOUND('',#689,.T.);
#345=FACE_OUTER_BOUND('',#690,.T.);
#346=FACE_OUTER_BOUND('',#691,.T.);
#347=FACE_OUTER_BOUND('',#692,.T.);
#348=FACE_OUTER_BOUND('',#693,.T.);
#349=FACE_OUTER_BOUND('',#694,.T.);
#350=FACE_OUTER_BOUND('',#695,.T.);
#351=FACE_OUTER_BOUND('',#696,.T.);
#352=FACE_OUTER_BOUND('',#697,.T.);
#353=FACE_OUTER_BOUND('',#698,.T.);
#354=FACE_OUTER_BOUND('',#699,.T.);
#355=FACE_OUTER_BOUND('',#700,.T.);
#356=FACE_OUTER_BOUND('',#701,.T.);
#357=FACE_OUTER_BOUND('',#702,.T.);
#358=FACE_OUTER_BOUND('',#703,.T.);
#359=FACE_OUTER_BOUND('',#704,.T.);
#360=FACE_OUTER_BOUND('',#705,.T.);
#361=FACE_OUTER_BOUND('',#709,.T.);
#362=FACE_OUTER_BOUND('',#710,.T.);
#363=FACE_OUTER_BOUND('',#711,.T.);
#364=FACE_OUTER_BOUND('',#712,.T.);
#365=FACE_OUTER_BOUND('',#713,.T.);
#366=FACE_OUTER_BOUND('',#714,.T.);
#367=FACE_OUTER_BOUND('',#715,.T.);
#368=FACE_OUTER_BOUND('',#716,.T.);
#369=FACE_OUTER_BOUND('',#717,.T.);
#370=FACE_OUTER_BOUND('',#718,.T.);
#371=FACE_OUTER_BOUND('',#719,.T.);
#372=FACE_OUTER_BOUND('',#720,.T.);
#373=FACE_OUTER_BOUND('',#721,.T.);
#374=FACE_OUTER_BOUND('',#722,.T.);
#375=FACE_OUTER_BOUND('',#723,.T.);
#376=FACE_OUTER_BOUND('',#724,.T.);
#377=FACE_OUTER_BOUND('',#725,.T.);
#378=FACE_OUTER_BOUND('',#726,.T.);
#379=FACE_OUTER_BOUND('',#727,.T.);
#380=FACE_OUTER_BOUND('',#728,.T.);
#381=FACE_OUTER_BOUND('',#729,.T.);
#382=FACE_OUTER_BOUND('',#730,.T.);
#383=FACE_OUTER_BOUND('',#731,.T.);
#384=FACE_OUTER_BOUND('',#732,.T.);
#385=FACE_OUTER_BOUND('',#733,.T.);
#386=FACE_OUTER_BOUND('',#734,.T.);
#387=FACE_OUTER_BOUND('',#735,.T.);
#388=FACE_OUTER_BOUND('',#736,.T.);
#389=FACE_OUTER_BOUND('',#737,.T.);
#390=FACE_OUTER_BOUND('',#738,.T.);
#391=FACE_OUTER_BOUND('',#739,.T.);
#392=FACE_OUTER_BOUND('',#740,.T.);
#393=FACE_OUTER_BOUND('',#741,.T.);
#394=FACE_OUTER_BOUND('',#742,.T.);
#395=FACE_OUTER_BOUND('',#743,.T.);
#396=FACE_OUTER_BOUND('',#744,.T.);
#397=FACE_OUTER_BOUND('',#745,.T.);
#398=FACE_OUTER_BOUND('',#746,.T.);
#399=FACE_OUTER_BOUND('',#747,.T.);
#400=FACE_OUTER_BOUND('',#748,.T.);
#401=FACE_OUTER_BOUND('',#749,.T.);
#402=FACE_OUTER_BOUND('',#750,.T.);
#403=FACE_OUTER_BOUND('',#751,.T.);
#404=FACE_OUTER_BOUND('',#752,.T.);
#405=FACE_OUTER_BOUND('',#753,.T.);
#406=FACE_OUTER_BOUND('',#754,.T.);
#407=FACE_OUTER_BOUND('',#755,.T.);
#408=FACE_OUTER_BOUND('',#756,.T.);
#409=FACE_OUTER_BOUND('',#757,.T.);
#410=FACE_OUTER_BOUND('',#758,.T.);
#411=FACE_OUTER_BOUND('',#759,.T.);
#412=FACE_OUTER_BOUND('',#760,.T.);
#413=FACE_OUTER_BOUND('',#761,.T.);
#414=FACE_OUTER_BOUND('',#762,.T.);
#415=FACE_OUTER_BOUND('',#763,.T.);
#416=FACE_OUTER_BOUND('',#764,.T.);
#417=FACE_OUTER_BOUND('',#765,.T.);
#418=FACE_OUTER_BOUND('',#766,.T.);
#419=FACE_OUTER_BOUND('',#767,.T.);
#420=FACE_OUTER_BOUND('',#768,.T.);
#421=FACE_OUTER_BOUND('',#769,.T.);
#422=FACE_OUTER_BOUND('',#770,.T.);
#423=FACE_OUTER_BOUND('',#771,.T.);
#424=FACE_OUTER_BOUND('',#772,.T.);
#425=FACE_OUTER_BOUND('',#773,.T.);
#426=FACE_OUTER_BOUND('',#774,.T.);
#427=FACE_OUTER_BOUND('',#775,.T.);
#428=FACE_OUTER_BOUND('',#776,.T.);
#429=FACE_OUTER_BOUND('',#777,.T.);
#430=FACE_OUTER_BOUND('',#778,.T.);
#431=FACE_OUTER_BOUND('',#779,.T.);
#432=FACE_OUTER_BOUND('',#780,.T.);
#433=FACE_OUTER_BOUND('',#781,.T.);
#434=FACE_OUTER_BOUND('',#782,.T.);
#435=FACE_OUTER_BOUND('',#783,.T.);
#436=FACE_OUTER_BOUND('',#784,.T.);
#437=FACE_OUTER_BOUND('',#785,.T.);
#438=FACE_OUTER_BOUND('',#786,.T.);
#439=FACE_OUTER_BOUND('',#787,.T.);
#440=FACE_OUTER_BOUND('',#788,.T.);
#441=FACE_OUTER_BOUND('',#789,.T.);
#442=FACE_OUTER_BOUND('',#790,.T.);
#443=FACE_OUTER_BOUND('',#791,.T.);
#444=FACE_OUTER_BOUND('',#792,.T.);
#445=FACE_OUTER_BOUND('',#793,.T.);
#446=FACE_OUTER_BOUND('',#794,.T.);
#447=FACE_OUTER_BOUND('',#795,.T.);
#448=FACE_OUTER_BOUND('',#796,.T.);
#449=FACE_OUTER_BOUND('',#797,.T.);
#450=FACE_OUTER_BOUND('',#798,.T.);
#451=FACE_OUTER_BOUND('',#799,.T.);
#452=FACE_OUTER_BOUND('',#800,.T.);
#453=FACE_OUTER_BOUND('',#801,.T.);
#454=FACE_OUTER_BOUND('',#802,.T.);
#455=FACE_OUTER_BOUND('',#803,.T.);
#456=FACE_OUTER_BOUND('',#804,.T.);
#457=FACE_OUTER_BOUND('',#805,.T.);
#458=FACE_OUTER_BOUND('',#806,.T.);
#459=FACE_OUTER_BOUND('',#807,.T.);
#460=FACE_OUTER_BOUND('',#808,.T.);
#461=FACE_OUTER_BOUND('',#809,.T.);
#462=FACE_OUTER_BOUND('',#810,.T.);
#463=FACE_OUTER_BOUND('',#811,.T.);
#464=FACE_OUTER_BOUND('',#812,.T.);
#465=FACE_OUTER_BOUND('',#813,.T.);
#466=FACE_OUTER_BOUND('',#814,.T.);
#467=FACE_OUTER_BOUND('',#815,.T.);
#468=FACE_OUTER_BOUND('',#816,.T.);
#469=FACE_OUTER_BOUND('',#817,.T.);
#470=FACE_OUTER_BOUND('',#818,.T.);
#471=FACE_OUTER_BOUND('',#819,.T.);
#472=FACE_OUTER_BOUND('',#820,.T.);
#473=FACE_OUTER_BOUND('',#821,.T.);
#474=FACE_OUTER_BOUND('',#822,.T.);
#475=FACE_OUTER_BOUND('',#823,.T.);
#476=FACE_OUTER_BOUND('',#824,.T.);
#477=FACE_OUTER_BOUND('',#825,.T.);
#478=FACE_OUTER_BOUND('',#826,.T.);
#479=FACE_OUTER_BOUND('',#827,.T.);
#480=FACE_OUTER_BOUND('',#832,.T.);
#481=FACE_OUTER_BOUND('',#833,.T.);
#482=FACE_OUTER_BOUND('',#834,.T.);
#483=FACE_OUTER_BOUND('',#835,.T.);
#484=FACE_OUTER_BOUND('',#836,.T.);
#485=FACE_OUTER_BOUND('',#837,.T.);
#486=FACE_OUTER_BOUND('',#838,.T.);
#487=FACE_OUTER_BOUND('',#839,.T.);
#488=FACE_OUTER_BOUND('',#840,.T.);
#489=FACE_OUTER_BOUND('',#841,.T.);
#490=FACE_OUTER_BOUND('',#842,.T.);
#491=FACE_OUTER_BOUND('',#843,.T.);
#492=FACE_OUTER_BOUND('',#844,.T.);
#493=FACE_OUTER_BOUND('',#845,.T.);
#494=FACE_OUTER_BOUND('',#846,.T.);
#495=FACE_OUTER_BOUND('',#847,.T.);
#496=FACE_OUTER_BOUND('',#848,.T.);
#497=FACE_OUTER_BOUND('',#849,.T.);
#498=FACE_OUTER_BOUND('',#850,.T.);
#499=FACE_OUTER_BOUND('',#851,.T.);
#500=FACE_OUTER_BOUND('',#852,.T.);
#501=FACE_OUTER_BOUND('',#853,.T.);
#502=FACE_OUTER_BOUND('',#854,.T.);
#503=FACE_OUTER_BOUND('',#856,.T.);
#504=FACE_OUTER_BOUND('',#857,.T.);
#505=FACE_OUTER_BOUND('',#858,.T.);
#506=FACE_OUTER_BOUND('',#859,.T.);
#507=FACE_OUTER_BOUND('',#860,.T.);
#508=FACE_OUTER_BOUND('',#861,.T.);
#509=FACE_OUTER_BOUND('',#862,.T.);
#510=FACE_OUTER_BOUND('',#863,.T.);
#511=FACE_OUTER_BOUND('',#864,.T.);
#512=FACE_OUTER_BOUND('',#865,.T.);
#513=FACE_OUTER_BOUND('',#867,.T.);
#514=FACE_OUTER_BOUND('',#868,.T.);
#515=FACE_OUTER_BOUND('',#869,.T.);
#516=FACE_OUTER_BOUND('',#870,.T.);
#517=FACE_OUTER_BOUND('',#871,.T.);
#518=FACE_OUTER_BOUND('',#872,.T.);
#519=FACE_OUTER_BOUND('',#873,.T.);
#520=FACE_OUTER_BOUND('',#874,.T.);
#521=FACE_OUTER_BOUND('',#875,.T.);
#522=FACE_OUTER_BOUND('',#876,.T.);
#523=FACE_OUTER_BOUND('',#877,.T.);
#524=FACE_OUTER_BOUND('',#878,.T.);
#525=FACE_OUTER_BOUND('',#879,.T.);
#526=FACE_OUTER_BOUND('',#880,.T.);
#527=FACE_OUTER_BOUND('',#881,.T.);
#528=FACE_OUTER_BOUND('',#882,.T.);
#529=FACE_OUTER_BOUND('',#883,.T.);
#530=FACE_OUTER_BOUND('',#884,.T.);
#531=FACE_OUTER_BOUND('',#885,.T.);
#532=FACE_OUTER_BOUND('',#886,.T.);
#533=FACE_OUTER_BOUND('',#887,.T.);
#534=FACE_OUTER_BOUND('',#888,.T.);
#535=FACE_OUTER_BOUND('',#889,.T.);
#536=FACE_OUTER_BOUND('',#890,.T.);
#537=FACE_OUTER_BOUND('',#891,.T.);
#538=FACE_OUTER_BOUND('',#892,.T.);
#539=FACE_OUTER_BOUND('',#893,.T.);
#540=FACE_OUTER_BOUND('',#894,.T.);
#541=FACE_OUTER_BOUND('',#895,.T.);
#542=FACE_OUTER_BOUND('',#896,.T.);
#543=FACE_OUTER_BOUND('',#897,.T.);
#544=FACE_OUTER_BOUND('',#898,.T.);
#545=FACE_OUTER_BOUND('',#899,.T.);
#546=FACE_OUTER_BOUND('',#900,.T.);
#547=FACE_OUTER_BOUND('',#901,.T.);
#548=FACE_OUTER_BOUND('',#902,.T.);
#549=FACE_OUTER_BOUND('',#903,.T.);
#550=FACE_OUTER_BOUND('',#904,.T.);
#551=FACE_OUTER_BOUND('',#905,.T.);
#552=FACE_OUTER_BOUND('',#906,.T.);
#553=FACE_OUTER_BOUND('',#907,.T.);
#554=FACE_OUTER_BOUND('',#908,.T.);
#555=FACE_OUTER_BOUND('',#909,.T.);
#556=FACE_OUTER_BOUND('',#910,.T.);
#557=FACE_OUTER_BOUND('',#911,.T.);
#558=FACE_OUTER_BOUND('',#912,.T.);
#559=FACE_OUTER_BOUND('',#913,.T.);
#560=FACE_OUTER_BOUND('',#914,.T.);
#561=FACE_OUTER_BOUND('',#915,.T.);
#562=FACE_OUTER_BOUND('',#916,.T.);
#563=FACE_OUTER_BOUND('',#917,.T.);
#564=FACE_OUTER_BOUND('',#918,.T.);
#565=FACE_OUTER_BOUND('',#919,.T.);
#566=FACE_OUTER_BOUND('',#920,.T.);
#567=FACE_OUTER_BOUND('',#921,.T.);
#568=FACE_OUTER_BOUND('',#922,.T.);
#569=FACE_OUTER_BOUND('',#923,.T.);
#570=FACE_OUTER_BOUND('',#924,.T.);
#571=FACE_OUTER_BOUND('',#925,.T.);
#572=FACE_OUTER_BOUND('',#927,.T.);
#573=FACE_OUTER_BOUND('',#928,.T.);
#574=FACE_OUTER_BOUND('',#929,.T.);
#575=FACE_OUTER_BOUND('',#930,.T.);
#576=FACE_OUTER_BOUND('',#931,.T.);
#577=FACE_OUTER_BOUND('',#932,.T.);
#578=FACE_OUTER_BOUND('',#933,.T.);
#579=FACE_OUTER_BOUND('',#934,.T.);
#580=FACE_OUTER_BOUND('',#935,.T.);
#581=FACE_OUTER_BOUND('',#936,.T.);
#582=FACE_OUTER_BOUND('',#937,.T.);
#583=FACE_OUTER_BOUND('',#938,.T.);
#584=FACE_OUTER_BOUND('',#939,.T.);
#585=FACE_OUTER_BOUND('',#940,.T.);
#586=FACE_OUTER_BOUND('',#941,.T.);
#587=FACE_OUTER_BOUND('',#942,.T.);
#588=FACE_OUTER_BOUND('',#943,.T.);
#589=FACE_OUTER_BOUND('',#944,.T.);
#590=FACE_OUTER_BOUND('',#945,.T.);
#591=FACE_OUTER_BOUND('',#946,.T.);
#592=FACE_OUTER_BOUND('',#947,.T.);
#593=FACE_OUTER_BOUND('',#948,.T.);
#594=FACE_OUTER_BOUND('',#949,.T.);
#595=FACE_OUTER_BOUND('',#950,.T.);
#596=FACE_OUTER_BOUND('',#951,.T.);
#597=FACE_OUTER_BOUND('',#952,.T.);
#598=FACE_OUTER_BOUND('',#953,.T.);
#599=FACE_OUTER_BOUND('',#954,.T.);
#600=FACE_OUTER_BOUND('',#956,.T.);
#601=FACE_OUTER_BOUND('',#957,.T.);
#602=FACE_OUTER_BOUND('',#958,.T.);
#603=FACE_OUTER_BOUND('',#959,.T.);
#604=FACE_OUTER_BOUND('',#960,.T.);
#605=FACE_OUTER_BOUND('',#961,.T.);
#606=FACE_OUTER_BOUND('',#962,.T.);
#607=FACE_OUTER_BOUND('',#963,.T.);
#608=FACE_OUTER_BOUND('',#964,.T.);
#609=FACE_OUTER_BOUND('',#965,.T.);
#610=FACE_OUTER_BOUND('',#966,.T.);
#611=FACE_OUTER_BOUND('',#967,.T.);
#612=FACE_OUTER_BOUND('',#968,.T.);
#613=FACE_OUTER_BOUND('',#969,.T.);
#614=FACE_OUTER_BOUND('',#970,.T.);
#615=FACE_OUTER_BOUND('',#971,.T.);
#616=FACE_OUTER_BOUND('',#972,.T.);
#617=FACE_OUTER_BOUND('',#973,.T.);
#618=FACE_OUTER_BOUND('',#974,.T.);
#619=FACE_OUTER_BOUND('',#975,.T.);
#620=FACE_OUTER_BOUND('',#976,.T.);
#621=FACE_OUTER_BOUND('',#977,.T.);
#622=FACE_OUTER_BOUND('',#978,.T.);
#623=FACE_OUTER_BOUND('',#979,.T.);
#624=FACE_OUTER_BOUND('',#980,.T.);
#625=FACE_OUTER_BOUND('',#981,.T.);
#626=FACE_OUTER_BOUND('',#982,.T.);
#627=FACE_OUTER_BOUND('',#983,.T.);
#628=FACE_OUTER_BOUND('',#984,.T.);
#629=FACE_OUTER_BOUND('',#985,.T.);
#630=FACE_OUTER_BOUND('',#986,.T.);
#631=FACE_OUTER_BOUND('',#987,.T.);
#632=FACE_OUTER_BOUND('',#988,.T.);
#633=FACE_OUTER_BOUND('',#989,.T.);
#634=FACE_OUTER_BOUND('',#990,.T.);
#635=FACE_OUTER_BOUND('',#991,.T.);
#636=FACE_OUTER_BOUND('',#992,.T.);
#637=FACE_OUTER_BOUND('',#993,.T.);
#638=FACE_OUTER_BOUND('',#994,.T.);
#639=FACE_OUTER_BOUND('',#995,.T.);
#640=FACE_OUTER_BOUND('',#996,.T.);
#641=FACE_OUTER_BOUND('',#997,.T.);
#642=FACE_OUTER_BOUND('',#998,.T.);
#643=FACE_OUTER_BOUND('',#999,.T.);
#644=FACE_OUTER_BOUND('',#1000,.T.);
#645=FACE_OUTER_BOUND('',#1002,.T.);
#646=FACE_OUTER_BOUND('',#1003,.T.);
#647=FACE_OUTER_BOUND('',#1004,.T.);
#648=FACE_OUTER_BOUND('',#1005,.T.);
#649=FACE_OUTER_BOUND('',#1006,.T.);
#650=FACE_OUTER_BOUND('',#1007,.T.);
#651=FACE_OUTER_BOUND('',#1008,.T.);
#652=FACE_OUTER_BOUND('',#1009,.T.);
#653=FACE_OUTER_BOUND('',#1010,.T.);
#654=FACE_OUTER_BOUND('',#1011,.T.);
#655=FACE_OUTER_BOUND('',#1012,.T.);
#656=FACE_OUTER_BOUND('',#1013,.T.);
#657=FACE_OUTER_BOUND('',#1014,.T.);
#658=FACE_OUTER_BOUND('',#1015,.T.);
#659=FACE_OUTER_BOUND('',#1016,.T.);
#660=FACE_OUTER_BOUND('',#1017,.T.);
#661=FACE_OUTER_BOUND('',#1018,.T.);
#662=FACE_OUTER_BOUND('',#1020,.T.);
#663=FACE_OUTER_BOUND('',#1021,.T.);
#664=FACE_OUTER_BOUND('',#1022,.T.);
#665=FACE_OUTER_BOUND('',#1023,.T.);
#666=FACE_OUTER_BOUND('',#1024,.T.);
#667=FACE_OUTER_BOUND('',#1025,.T.);
#668=FACE_OUTER_BOUND('',#1026,.T.);
#669=FACE_OUTER_BOUND('',#1027,.T.);
#670=FACE_OUTER_BOUND('',#1028,.T.);
#671=FACE_OUTER_BOUND('',#1029,.T.);
#672=FACE_OUTER_BOUND('',#1030,.T.);
#673=FACE_OUTER_BOUND('',#1031,.T.);
#674=FACE_OUTER_BOUND('',#1032,.T.);
#675=EDGE_LOOP('',(#3425,#3426,#3427,#3428));
#676=EDGE_LOOP('',(#3429,#3430,#3431,#3432));
#677=EDGE_LOOP('',(#3433,#3434,#3435,#3436));
#678=EDGE_LOOP('',(#3437,#3438,#3439,#3440));
#679=EDGE_LOOP('',(#3441,#3442,#3443,#3444));
#680=EDGE_LOOP('',(#3445,#3446,#3447,#3448));
#681=EDGE_LOOP('',(#3449,#3450,#3451,#3452));
#682=EDGE_LOOP('',(#3453,#3454,#3455,#3456));
#683=EDGE_LOOP('',(#3457,#3458,#3459,#3460));
#684=EDGE_LOOP('',(#3461,#3462,#3463,#3464));
#685=EDGE_LOOP('',(#3465,#3466,#3467,#3468));
#686=EDGE_LOOP('',(#3469,#3470,#3471,#3472));
#687=EDGE_LOOP('',(#3473,#3474,#3475,#3476));
#688=EDGE_LOOP('',(#3477,#3478,#3479,#3480,#3481));
#689=EDGE_LOOP('',(#3482,#3483,#3484,#3485));
#690=EDGE_LOOP('',(#3486,#3487,#3488,#3489,#3490));
#691=EDGE_LOOP('',(#3491,#3492,#3493,#3494));
#692=EDGE_LOOP('',(#3495,#3496,#3497,#3498));
#693=EDGE_LOOP('',(#3499,#3500,#3501,#3502));
#694=EDGE_LOOP('',(#3503,#3504,#3505,#3506,#3507));
#695=EDGE_LOOP('',(#3508,#3509,#3510,#3511));
#696=EDGE_LOOP('',(#3512,#3513,#3514,#3515,#3516));
#697=EDGE_LOOP('',(#3517,#3518,#3519,#3520));
#698=EDGE_LOOP('',(#3521,#3522,#3523,#3524));
#699=EDGE_LOOP('',(#3525,#3526,#3527,#3528,#3529));
#700=EDGE_LOOP('',(#3530,#3531,#3532,#3533,#3534));
#701=EDGE_LOOP('',(#3535,#3536,#3537,#3538,#3539));
#702=EDGE_LOOP('',(#3540,#3541,#3542,#3543,#3544));
#703=EDGE_LOOP('',(#3545,#3546,#3547,#3548,#3549));
#704=EDGE_LOOP('',(#3550,#3551,#3552,#3553,#3554));
#705=EDGE_LOOP('',(#3555,#3556,#3557,#3558,#3559,#3560,#3561,#3562,#3563,
#3564,#3565,#3566,#3567,#3568,#3569,#3570,#3571,#3572,#3573,#3574,#3575,
#3576,#3577,#3578,#3579,#3580,#3581,#3582,#3583,#3584,#3585,#3586,#3587,
#3588,#3589,#3590,#3591,#3592,#3593,#3594,#3595,#3596,#3597,#3598,#3599,
#3600,#3601,#3602));
#706=EDGE_LOOP('',(#3603));
#707=EDGE_LOOP('',(#3604));
#708=EDGE_LOOP('',(#3605));
#709=EDGE_LOOP('',(#3606,#3607,#3608,#3609));
#710=EDGE_LOOP('',(#3610,#3611,#3612,#3613));
#711=EDGE_LOOP('',(#3614,#3615,#3616,#3617));
#712=EDGE_LOOP('',(#3618,#3619,#3620,#3621));
#713=EDGE_LOOP('',(#3622,#3623,#3624,#3625));
#714=EDGE_LOOP('',(#3626,#3627,#3628,#3629));
#715=EDGE_LOOP('',(#3630,#3631,#3632,#3633));
#716=EDGE_LOOP('',(#3634,#3635,#3636,#3637));
#717=EDGE_LOOP('',(#3638,#3639,#3640,#3641));
#718=EDGE_LOOP('',(#3642,#3643,#3644,#3645));
#719=EDGE_LOOP('',(#3646,#3647,#3648,#3649));
#720=EDGE_LOOP('',(#3650,#3651,#3652,#3653));
#721=EDGE_LOOP('',(#3654,#3655,#3656,#3657));
#722=EDGE_LOOP('',(#3658,#3659,#3660,#3661));
#723=EDGE_LOOP('',(#3662,#3663,#3664,#3665));
#724=EDGE_LOOP('',(#3666,#3667,#3668,#3669));
#725=EDGE_LOOP('',(#3670,#3671,#3672,#3673));
#726=EDGE_LOOP('',(#3674,#3675,#3676,#3677));
#727=EDGE_LOOP('',(#3678,#3679,#3680,#3681));
#728=EDGE_LOOP('',(#3682,#3683,#3684,#3685));
#729=EDGE_LOOP('',(#3686,#3687,#3688,#3689));
#730=EDGE_LOOP('',(#3690,#3691,#3692,#3693));
#731=EDGE_LOOP('',(#3694,#3695,#3696,#3697));
#732=EDGE_LOOP('',(#3698,#3699,#3700,#3701));
#733=EDGE_LOOP('',(#3702,#3703,#3704,#3705));
#734=EDGE_LOOP('',(#3706,#3707,#3708,#3709));
#735=EDGE_LOOP('',(#3710,#3711,#3712,#3713));
#736=EDGE_LOOP('',(#3714,#3715,#3716,#3717));
#737=EDGE_LOOP('',(#3718,#3719,#3720,#3721));
#738=EDGE_LOOP('',(#3722,#3723,#3724,#3725));
#739=EDGE_LOOP('',(#3726,#3727,#3728,#3729));
#740=EDGE_LOOP('',(#3730,#3731,#3732,#3733));
#741=EDGE_LOOP('',(#3734,#3735,#3736,#3737));
#742=EDGE_LOOP('',(#3738,#3739,#3740,#3741));
#743=EDGE_LOOP('',(#3742,#3743,#3744,#3745));
#744=EDGE_LOOP('',(#3746,#3747,#3748,#3749));
#745=EDGE_LOOP('',(#3750,#3751,#3752,#3753));
#746=EDGE_LOOP('',(#3754,#3755,#3756,#3757));
#747=EDGE_LOOP('',(#3758,#3759,#3760,#3761));
#748=EDGE_LOOP('',(#3762,#3763,#3764,#3765));
#749=EDGE_LOOP('',(#3766,#3767,#3768,#3769));
#750=EDGE_LOOP('',(#3770,#3771,#3772,#3773));
#751=EDGE_LOOP('',(#3774,#3775,#3776,#3777));
#752=EDGE_LOOP('',(#3778,#3779,#3780,#3781));
#753=EDGE_LOOP('',(#3782,#3783,#3784,#3785));
#754=EDGE_LOOP('',(#3786,#3787,#3788,#3789));
#755=EDGE_LOOP('',(#3790,#3791,#3792,#3793));
#756=EDGE_LOOP('',(#3794,#3795,#3796,#3797));
#757=EDGE_LOOP('',(#3798,#3799,#3800,#3801));
#758=EDGE_LOOP('',(#3802,#3803,#3804,#3805));
#759=EDGE_LOOP('',(#3806,#3807,#3808,#3809));
#760=EDGE_LOOP('',(#3810,#3811,#3812,#3813));
#761=EDGE_LOOP('',(#3814,#3815,#3816,#3817));
#762=EDGE_LOOP('',(#3818,#3819,#3820,#3821));
#763=EDGE_LOOP('',(#3822,#3823,#3824,#3825));
#764=EDGE_LOOP('',(#3826,#3827,#3828,#3829));
#765=EDGE_LOOP('',(#3830,#3831,#3832,#3833));
#766=EDGE_LOOP('',(#3834,#3835,#3836,#3837));
#767=EDGE_LOOP('',(#3838,#3839,#3840,#3841));
#768=EDGE_LOOP('',(#3842,#3843,#3844,#3845));
#769=EDGE_LOOP('',(#3846,#3847,#3848,#3849));
#770=EDGE_LOOP('',(#3850,#3851,#3852,#3853));
#771=EDGE_LOOP('',(#3854,#3855,#3856,#3857));
#772=EDGE_LOOP('',(#3858,#3859,#3860,#3861));
#773=EDGE_LOOP('',(#3862,#3863,#3864,#3865));
#774=EDGE_LOOP('',(#3866,#3867,#3868,#3869));
#775=EDGE_LOOP('',(#3870,#3871,#3872,#3873));
#776=EDGE_LOOP('',(#3874,#3875,#3876,#3877));
#777=EDGE_LOOP('',(#3878,#3879,#3880,#3881));
#778=EDGE_LOOP('',(#3882));
#779=EDGE_LOOP('',(#3883));
#780=EDGE_LOOP('',(#3884));
#781=EDGE_LOOP('',(#3885,#3886,#3887,#3888));
#782=EDGE_LOOP('',(#3889,#3890,#3891,#3892));
#783=EDGE_LOOP('',(#3893,#3894,#3895,#3896));
#784=EDGE_LOOP('',(#3897,#3898,#3899,#3900));
#785=EDGE_LOOP('',(#3901,#3902,#3903,#3904));
#786=EDGE_LOOP('',(#3905,#3906,#3907,#3908));
#787=EDGE_LOOP('',(#3909,#3910,#3911,#3912));
#788=EDGE_LOOP('',(#3913,#3914,#3915,#3916));
#789=EDGE_LOOP('',(#3917,#3918,#3919,#3920));
#790=EDGE_LOOP('',(#3921,#3922,#3923,#3924));
#791=EDGE_LOOP('',(#3925,#3926,#3927,#3928));
#792=EDGE_LOOP('',(#3929,#3930,#3931,#3932));
#793=EDGE_LOOP('',(#3933,#3934,#3935,#3936));
#794=EDGE_LOOP('',(#3937,#3938,#3939,#3940));
#795=EDGE_LOOP('',(#3941,#3942,#3943,#3944));
#796=EDGE_LOOP('',(#3945,#3946,#3947,#3948));
#797=EDGE_LOOP('',(#3949,#3950,#3951,#3952));
#798=EDGE_LOOP('',(#3953,#3954,#3955,#3956));
#799=EDGE_LOOP('',(#3957,#3958,#3959,#3960));
#800=EDGE_LOOP('',(#3961,#3962,#3963,#3964));
#801=EDGE_LOOP('',(#3965,#3966,#3967,#3968));
#802=EDGE_LOOP('',(#3969,#3970,#3971,#3972));
#803=EDGE_LOOP('',(#3973,#3974,#3975,#3976));
#804=EDGE_LOOP('',(#3977,#3978,#3979,#3980));
#805=EDGE_LOOP('',(#3981,#3982,#3983,#3984));
#806=EDGE_LOOP('',(#3985,#3986,#3987,#3988));
#807=EDGE_LOOP('',(#3989,#3990,#3991,#3992));
#808=EDGE_LOOP('',(#3993,#3994,#3995,#3996));
#809=EDGE_LOOP('',(#3997,#3998,#3999,#4000));
#810=EDGE_LOOP('',(#4001,#4002,#4003,#4004));
#811=EDGE_LOOP('',(#4005,#4006,#4007,#4008));
#812=EDGE_LOOP('',(#4009,#4010,#4011,#4012));
#813=EDGE_LOOP('',(#4013,#4014,#4015,#4016));
#814=EDGE_LOOP('',(#4017,#4018,#4019,#4020));
#815=EDGE_LOOP('',(#4021,#4022,#4023,#4024));
#816=EDGE_LOOP('',(#4025,#4026,#4027,#4028));
#817=EDGE_LOOP('',(#4029,#4030,#4031,#4032));
#818=EDGE_LOOP('',(#4033,#4034,#4035,#4036));
#819=EDGE_LOOP('',(#4037,#4038,#4039,#4040));
#820=EDGE_LOOP('',(#4041,#4042,#4043,#4044));
#821=EDGE_LOOP('',(#4045,#4046,#4047,#4048));
#822=EDGE_LOOP('',(#4049,#4050,#4051,#4052));
#823=EDGE_LOOP('',(#4053,#4054,#4055,#4056));
#824=EDGE_LOOP('',(#4057,#4058,#4059,#4060));
#825=EDGE_LOOP('',(#4061,#4062,#4063,#4064));
#826=EDGE_LOOP('',(#4065,#4066,#4067,#4068));
#827=EDGE_LOOP('',(#4069,#4070,#4071,#4072,#4073,#4074,#4075,#4076,#4077,
#4078,#4079,#4080,#4081,#4082,#4083,#4084,#4085,#4086,#4087,#4088,#4089,
#4090,#4091,#4092,#4093,#4094,#4095,#4096,#4097,#4098,#4099,#4100,#4101,
#4102,#4103,#4104,#4105,#4106,#4107,#4108,#4109,#4110,#4111,#4112,#4113,
#4114,#4115,#4116,#4117,#4118,#4119,#4120));
#828=EDGE_LOOP('',(#4121));
#829=EDGE_LOOP('',(#4122));
#830=EDGE_LOOP('',(#4123));
#831=EDGE_LOOP('',(#4124));
#832=EDGE_LOOP('',(#4125,#4126,#4127,#4128));
#833=EDGE_LOOP('',(#4129,#4130,#4131,#4132));
#834=EDGE_LOOP('',(#4133,#4134,#4135,#4136));
#835=EDGE_LOOP('',(#4137,#4138,#4139,#4140));
#836=EDGE_LOOP('',(#4141,#4142,#4143,#4144));
#837=EDGE_LOOP('',(#4145,#4146,#4147,#4148));
#838=EDGE_LOOP('',(#4149,#4150,#4151,#4152));
#839=EDGE_LOOP('',(#4153,#4154,#4155,#4156));
#840=EDGE_LOOP('',(#4157,#4158,#4159,#4160));
#841=EDGE_LOOP('',(#4161,#4162,#4163,#4164));
#842=EDGE_LOOP('',(#4165,#4166,#4167,#4168));
#843=EDGE_LOOP('',(#4169,#4170,#4171,#4172));
#844=EDGE_LOOP('',(#4173));
#845=EDGE_LOOP('',(#4174));
#846=EDGE_LOOP('',(#4175));
#847=EDGE_LOOP('',(#4176));
#848=EDGE_LOOP('',(#4177,#4178,#4179,#4180));
#849=EDGE_LOOP('',(#4181,#4182,#4183,#4184));
#850=EDGE_LOOP('',(#4185,#4186,#4187,#4188));
#851=EDGE_LOOP('',(#4189,#4190,#4191,#4192));
#852=EDGE_LOOP('',(#4193,#4194,#4195,#4196));
#853=EDGE_LOOP('',(#4197,#4198,#4199,#4200));
#854=EDGE_LOOP('',(#4201));
#855=EDGE_LOOP('',(#4202,#4203,#4204,#4205));
#856=EDGE_LOOP('',(#4206,#4207,#4208,#4209,#4210,#4211,#4212,#4213,#4214,
#4215,#4216,#4217,#4218,#4219));
#857=EDGE_LOOP('',(#4220,#4221,#4222,#4223,#4224,#4225,#4226,#4227,#4228));
#858=EDGE_LOOP('',(#4229,#4230,#4231,#4232));
#859=EDGE_LOOP('',(#4233,#4234,#4235,#4236,#4237));
#860=EDGE_LOOP('',(#4238,#4239,#4240,#4241,#4242));
#861=EDGE_LOOP('',(#4243,#4244,#4245,#4246,#4247,#4248,#4249,#4250,#4251,
#4252,#4253,#4254,#4255,#4256,#4257,#4258,#4259,#4260,#4261,#4262,#4263,
#4264,#4265,#4266,#4267,#4268,#4269));
#862=EDGE_LOOP('',(#4270,#4271,#4272,#4273,#4274,#4275,#4276,#4277,#4278,
#4279));
#863=EDGE_LOOP('',(#4280,#4281,#4282,#4283));
#864=EDGE_LOOP('',(#4284,#4285,#4286,#4287));
#865=EDGE_LOOP('',(#4288,#4289,#4290,#4291,#4292,#4293,#4294,#4295,#4296,
#4297,#4298,#4299,#4300,#4301,#4302,#4303,#4304,#4305,#4306,#4307,#4308,
#4309,#4310,#4311,#4312,#4313,#4314,#4315,#4316,#4317,#4318,#4319,#4320));
#866=EDGE_LOOP('',(#4321,#4322,#4323,#4324));
#867=EDGE_LOOP('',(#4325,#4326,#4327,#4328));
#868=EDGE_LOOP('',(#4329,#4330,#4331,#4332));
#869=EDGE_LOOP('',(#4333,#4334,#4335,#4336,#4337,#4338,#4339,#4340,#4341,
#4342));
#870=EDGE_LOOP('',(#4343,#4344,#4345,#4346));
#871=EDGE_LOOP('',(#4347,#4348,#4349,#4350));
#872=EDGE_LOOP('',(#4351,#4352,#4353,#4354));
#873=EDGE_LOOP('',(#4355,#4356,#4357,#4358));
#874=EDGE_LOOP('',(#4359,#4360,#4361,#4362,#4363,#4364,#4365,#4366,#4367,
#4368));
#875=EDGE_LOOP('',(#4369,#4370,#4371,#4372));
#876=EDGE_LOOP('',(#4373,#4374,#4375,#4376));
#877=EDGE_LOOP('',(#4377,#4378,#4379,#4380));
#878=EDGE_LOOP('',(#4381,#4382,#4383,#4384));
#879=EDGE_LOOP('',(#4385,#4386,#4387,#4388));
#880=EDGE_LOOP('',(#4389,#4390,#4391,#4392));
#881=EDGE_LOOP('',(#4393,#4394,#4395,#4396));
#882=EDGE_LOOP('',(#4397,#4398,#4399,#4400));
#883=EDGE_LOOP('',(#4401,#4402,#4403,#4404));
#884=EDGE_LOOP('',(#4405,#4406,#4407,#4408));
#885=EDGE_LOOP('',(#4409,#4410,#4411,#4412));
#886=EDGE_LOOP('',(#4413,#4414,#4415,#4416));
#887=EDGE_LOOP('',(#4417,#4418,#4419,#4420));
#888=EDGE_LOOP('',(#4421,#4422,#4423,#4424));
#889=EDGE_LOOP('',(#4425,#4426,#4427,#4428));
#890=EDGE_LOOP('',(#4429,#4430,#4431,#4432));
#891=EDGE_LOOP('',(#4433,#4434,#4435,#4436));
#892=EDGE_LOOP('',(#4437,#4438,#4439,#4440));
#893=EDGE_LOOP('',(#4441,#4442,#4443,#4444));
#894=EDGE_LOOP('',(#4445,#4446,#4447,#4448));
#895=EDGE_LOOP('',(#4449,#4450,#4451,#4452));
#896=EDGE_LOOP('',(#4453,#4454,#4455,#4456));
#897=EDGE_LOOP('',(#4457,#4458,#4459,#4460));
#898=EDGE_LOOP('',(#4461,#4462,#4463,#4464));
#899=EDGE_LOOP('',(#4465,#4466,#4467,#4468));
#900=EDGE_LOOP('',(#4469,#4470,#4471,#4472));
#901=EDGE_LOOP('',(#4473,#4474,#4475,#4476));
#902=EDGE_LOOP('',(#4477,#4478,#4479,#4480));
#903=EDGE_LOOP('',(#4481,#4482,#4483,#4484));
#904=EDGE_LOOP('',(#4485,#4486,#4487,#4488));
#905=EDGE_LOOP('',(#4489,#4490,#4491,#4492));
#906=EDGE_LOOP('',(#4493,#4494,#4495,#4496));
#907=EDGE_LOOP('',(#4497,#4498,#4499,#4500));
#908=EDGE_LOOP('',(#4501,#4502,#4503,#4504));
#909=EDGE_LOOP('',(#4505,#4506,#4507,#4508));
#910=EDGE_LOOP('',(#4509,#4510,#4511,#4512));
#911=EDGE_LOOP('',(#4513,#4514,#4515,#4516));
#912=EDGE_LOOP('',(#4517,#4518,#4519,#4520));
#913=EDGE_LOOP('',(#4521,#4522,#4523,#4524));
#914=EDGE_LOOP('',(#4525,#4526,#4527,#4528));
#915=EDGE_LOOP('',(#4529,#4530,#4531,#4532));
#916=EDGE_LOOP('',(#4533,#4534,#4535,#4536));
#917=EDGE_LOOP('',(#4537,#4538,#4539,#4540));
#918=EDGE_LOOP('',(#4541,#4542,#4543,#4544));
#919=EDGE_LOOP('',(#4545,#4546,#4547,#4548));
#920=EDGE_LOOP('',(#4549,#4550,#4551,#4552));
#921=EDGE_LOOP('',(#4553,#4554,#4555,#4556));
#922=EDGE_LOOP('',(#4557,#4558,#4559,#4560,#4561));
#923=EDGE_LOOP('',(#4562,#4563,#4564,#4565,#4566));
#924=EDGE_LOOP('',(#4567));
#925=EDGE_LOOP('',(#4568));
#926=EDGE_LOOP('',(#4569,#4570,#4571,#4572,#4573,#4574));
#927=EDGE_LOOP('',(#4575,#4576));
#928=EDGE_LOOP('',(#4577,#4578));
#929=EDGE_LOOP('',(#4579,#4580));
#930=EDGE_LOOP('',(#4581,#4582));
#931=EDGE_LOOP('',(#4583,#4584));
#932=EDGE_LOOP('',(#4585,#4586));
#933=EDGE_LOOP('',(#4587,#4588,#4589,#4590,#4591,#4592));
#934=EDGE_LOOP('',(#4593,#4594,#4595,#4596));
#935=EDGE_LOOP('',(#4597,#4598,#4599,#4600));
#936=EDGE_LOOP('',(#4601,#4602,#4603,#4604));
#937=EDGE_LOOP('',(#4605,#4606,#4607,#4608));
#938=EDGE_LOOP('',(#4609,#4610,#4611,#4612));
#939=EDGE_LOOP('',(#4613,#4614,#4615,#4616));
#940=EDGE_LOOP('',(#4617,#4618,#4619,#4620,#4621,#4622,#4623,#4624,#4625,
#4626,#4627,#4628,#4629,#4630));
#941=EDGE_LOOP('',(#4631,#4632,#4633,#4634));
#942=EDGE_LOOP('',(#4635,#4636,#4637,#4638,#4639));
#943=EDGE_LOOP('',(#4640,#4641,#4642,#4643,#4644));
#944=EDGE_LOOP('',(#4645,#4646,#4647,#4648,#4649,#4650,#4651,#4652,#4653));
#945=EDGE_LOOP('',(#4654,#4655,#4656,#4657,#4658,#4659,#4660,#4661,#4662,
#4663,#4664,#4665,#4666,#4667,#4668,#4669,#4670,#4671,#4672,#4673,#4674,
#4675,#4676,#4677,#4678,#4679,#4680));
#946=EDGE_LOOP('',(#4681,#4682,#4683,#4684,#4685));
#947=EDGE_LOOP('',(#4686,#4687,#4688,#4689));
#948=EDGE_LOOP('',(#4690,#4691,#4692,#4693));
#949=EDGE_LOOP('',(#4694,#4695,#4696,#4697));
#950=EDGE_LOOP('',(#4698,#4699,#4700,#4701,#4702));
#951=EDGE_LOOP('',(#4703,#4704,#4705,#4706,#4707,#4708,#4709,#4710,#4711,
#4712));
#952=EDGE_LOOP('',(#4713,#4714,#4715,#4716));
#953=EDGE_LOOP('',(#4717,#4718,#4719,#4720));
#954=EDGE_LOOP('',(#4721,#4722,#4723,#4724,#4725,#4726,#4727,#4728,#4729,
#4730,#4731,#4732,#4733,#4734,#4735,#4736,#4737,#4738,#4739,#4740,#4741,
#4742,#4743,#4744,#4745,#4746,#4747,#4748,#4749,#4750,#4751,#4752,#4753));
#955=EDGE_LOOP('',(#4754,#4755,#4756,#4757));
#956=EDGE_LOOP('',(#4758,#4759,#4760,#4761));
#957=EDGE_LOOP('',(#4762,#4763,#4764,#4765));
#958=EDGE_LOOP('',(#4766,#4767,#4768,#4769,#4770,#4771,#4772,#4773,#4774,
#4775));
#959=EDGE_LOOP('',(#4776,#4777,#4778,#4779));
#960=EDGE_LOOP('',(#4780,#4781,#4782,#4783));
#961=EDGE_LOOP('',(#4784,#4785,#4786,#4787));
#962=EDGE_LOOP('',(#4788,#4789,#4790,#4791));
#963=EDGE_LOOP('',(#4792,#4793,#4794,#4795,#4796,#4797,#4798,#4799,#4800,
#4801));
#964=EDGE_LOOP('',(#4802,#4803,#4804,#4805));
#965=EDGE_LOOP('',(#4806,#4807,#4808,#4809));
#966=EDGE_LOOP('',(#4810,#4811,#4812,#4813));
#967=EDGE_LOOP('',(#4814,#4815,#4816,#4817));
#968=EDGE_LOOP('',(#4818,#4819,#4820,#4821));
#969=EDGE_LOOP('',(#4822,#4823,#4824,#4825));
#970=EDGE_LOOP('',(#4826,#4827,#4828,#4829));
#971=EDGE_LOOP('',(#4830,#4831,#4832,#4833));
#972=EDGE_LOOP('',(#4834,#4835,#4836,#4837));
#973=EDGE_LOOP('',(#4838,#4839,#4840,#4841));
#974=EDGE_LOOP('',(#4842,#4843,#4844,#4845));
#975=EDGE_LOOP('',(#4846,#4847,#4848,#4849));
#976=EDGE_LOOP('',(#4850,#4851,#4852,#4853));
#977=EDGE_LOOP('',(#4854,#4855,#4856,#4857));
#978=EDGE_LOOP('',(#4858,#4859,#4860,#4861));
#979=EDGE_LOOP('',(#4862,#4863,#4864,#4865));
#980=EDGE_LOOP('',(#4866,#4867,#4868,#4869));
#981=EDGE_LOOP('',(#4870,#4871,#4872,#4873));
#982=EDGE_LOOP('',(#4874,#4875,#4876,#4877));
#983=EDGE_LOOP('',(#4878,#4879,#4880,#4881));
#984=EDGE_LOOP('',(#4882,#4883,#4884,#4885));
#985=EDGE_LOOP('',(#4886,#4887,#4888,#4889));
#986=EDGE_LOOP('',(#4890,#4891,#4892,#4893));
#987=EDGE_LOOP('',(#4894,#4895,#4896,#4897));
#988=EDGE_LOOP('',(#4898,#4899,#4900,#4901));
#989=EDGE_LOOP('',(#4902,#4903,#4904,#4905));
#990=EDGE_LOOP('',(#4906,#4907,#4908,#4909));
#991=EDGE_LOOP('',(#4910,#4911,#4912,#4913));
#992=EDGE_LOOP('',(#4914,#4915,#4916,#4917));
#993=EDGE_LOOP('',(#4918,#4919,#4920,#4921));
#994=EDGE_LOOP('',(#4922,#4923,#4924,#4925));
#995=EDGE_LOOP('',(#4926,#4927,#4928,#4929));
#996=EDGE_LOOP('',(#4930,#4931,#4932,#4933));
#997=EDGE_LOOP('',(#4934,#4935,#4936,#4937));
#998=EDGE_LOOP('',(#4938,#4939,#4940,#4941));
#999=EDGE_LOOP('',(#4942,#4943,#4944,#4945));
#1000=EDGE_LOOP('',(#4946));
#1001=EDGE_LOOP('',(#4947,#4948,#4949,#4950));
#1002=EDGE_LOOP('',(#4951,#4952,#4953,#4954));
#1003=EDGE_LOOP('',(#4955,#4956,#4957,#4958));
#1004=EDGE_LOOP('',(#4959,#4960,#4961,#4962));
#1005=EDGE_LOOP('',(#4963,#4964,#4965,#4966));
#1006=EDGE_LOOP('',(#4967,#4968,#4969,#4970));
#1007=EDGE_LOOP('',(#4971,#4972,#4973,#4974));
#1008=EDGE_LOOP('',(#4975,#4976,#4977,#4978));
#1009=EDGE_LOOP('',(#4979,#4980,#4981,#4982));
#1010=EDGE_LOOP('',(#4983,#4984,#4985,#4986));
#1011=EDGE_LOOP('',(#4987,#4988,#4989,#4990));
#1012=EDGE_LOOP('',(#4991,#4992,#4993,#4994));
#1013=EDGE_LOOP('',(#4995,#4996,#4997,#4998));
#1014=EDGE_LOOP('',(#4999,#5000,#5001,#5002));
#1015=EDGE_LOOP('',(#5003,#5004,#5005,#5006,#5007));
#1016=EDGE_LOOP('',(#5008,#5009,#5010,#5011,#5012));
#1017=EDGE_LOOP('',(#5013));
#1018=EDGE_LOOP('',(#5014));
#1019=EDGE_LOOP('',(#5015,#5016,#5017,#5018,#5019,#5020));
#1020=EDGE_LOOP('',(#5021,#5022));
#1021=EDGE_LOOP('',(#5023,#5024));
#1022=EDGE_LOOP('',(#5025,#5026));
#1023=EDGE_LOOP('',(#5027,#5028));
#1024=EDGE_LOOP('',(#5029,#5030));
#1025=EDGE_LOOP('',(#5031,#5032));
#1026=EDGE_LOOP('',(#5033,#5034,#5035,#5036,#5037,#5038));
#1027=EDGE_LOOP('',(#5039,#5040,#5041,#5042));
#1028=EDGE_LOOP('',(#5043,#5044,#5045,#5046));
#1029=EDGE_LOOP('',(#5047,#5048,#5049,#5050));
#1030=EDGE_LOOP('',(#5051,#5052,#5053,#5054));
#1031=EDGE_LOOP('',(#5055,#5056,#5057,#5058));
#1032=EDGE_LOOP('',(#5059,#5060,#5061,#5062));
#1033=LINE('',#8244,#1348);
#1034=LINE('',#8250,#1349);
#1035=LINE('',#8256,#1350);
#1036=LINE('',#8260,#1351);
#1037=LINE('',#8264,#1352);
#1038=LINE('',#8268,#1353);
#1039=LINE('',#8275,#1354);
#1040=LINE('',#8278,#1355);
#1041=LINE('',#8284,#1356);
#1042=LINE('',#8287,#1357);
#1043=LINE('',#8293,#1358);
#1044=LINE('',#8296,#1359);
#1045=LINE('',#8302,#1360);
#1046=LINE('',#8305,#1361);
#1047=LINE('',#8311,#1362);
#1048=LINE('',#8314,#1363);
#1049=LINE('',#8625,#1364);
#1050=LINE('',#8632,#1365);
#1051=LINE('',#8640,#1366);
#1052=LINE('',#8648,#1367);
#1053=LINE('',#8653,#1368);
#1054=LINE('',#8657,#1369);
#1055=LINE('',#8661,#1370);
#1056=LINE('',#8670,#1371);
#1057=LINE('',#8675,#1372);
#1058=LINE('',#8682,#1373);
#1059=LINE('',#8685,#1374);
#1060=LINE('',#8693,#1375);
#1061=LINE('',#8701,#1376);
#1062=LINE('',#8709,#1377);
#1063=LINE('',#8714,#1378);
#1064=LINE('',#8721,#1379);
#1065=LINE('',#8724,#1380);
#1066=LINE('',#8732,#1381);
#1067=LINE('',#8740,#1382);
#1068=LINE('',#8759,#1383);
#1069=LINE('',#8767,#1384);
#1070=LINE('',#8778,#1385);
#1071=LINE('',#8784,#1386);
#1072=LINE('',#8800,#1387);
#1073=LINE('',#8812,#1388);
#1074=LINE('',#8828,#1389);
#1075=LINE('',#8835,#1390);
#1076=LINE('',#8844,#1391);
#1077=LINE('',#8850,#1392);
#1078=LINE('',#8866,#1393);
#1079=LINE('',#8876,#1394);
#1080=LINE('',#8881,#1395);
#1081=LINE('',#8882,#1396);
#1082=LINE('',#8885,#1397);
#1083=LINE('',#8890,#1398);
#1084=LINE('',#8892,#1399);
#1085=LINE('',#8893,#1400);
#1086=LINE('',#8895,#1401);
#1087=LINE('',#8896,#1402);
#1088=LINE('',#8900,#1403);
#1089=LINE('',#8901,#1404);
#1090=LINE('',#8902,#1405);
#1091=LINE('',#8908,#1406);
#1092=LINE('',#8910,#1407);
#1093=LINE('',#8911,#1408);
#1094=LINE('',#8914,#1409);
#1095=LINE('',#8915,#1410);
#1096=LINE('',#8919,#1411);
#1097=LINE('',#8921,#1412);
#1098=LINE('',#8922,#1413);
#1099=LINE('',#8926,#1414);
#1100=LINE('',#8929,#1415);
#1101=LINE('',#8934,#1416);
#1102=LINE('',#8937,#1417);
#1103=LINE('',#8938,#1418);
#1104=LINE('',#8941,#1419);
#1105=LINE('',#8943,#1420);
#1106=LINE('',#8947,#1421);
#1107=LINE('',#8949,#1422);
#1108=LINE('',#8950,#1423);
#1109=LINE('',#8954,#1424);
#1110=LINE('',#8957,#1425);
#1111=LINE('',#8962,#1426);
#1112=LINE('',#8964,#1427);
#1113=LINE('',#8965,#1428);
#1114=LINE('',#8967,#1429);
#1115=LINE('',#8970,#1430);
#1116=LINE('',#8974,#1431);
#1117=LINE('',#8977,#1432);
#1118=LINE('',#8981,#1433);
#1119=LINE('',#8983,#1434);
#1120=LINE('',#8984,#1435);
#1121=LINE('',#8988,#1436);
#1122=LINE('',#8991,#1437);
#1123=LINE('',#8996,#1438);
#1124=LINE('',#8999,#1439);
#1125=LINE('',#9000,#1440);
#1126=LINE('',#9003,#1441);
#1127=LINE('',#9005,#1442);
#1128=LINE('',#9009,#1443);
#1129=LINE('',#9010,#1444);
#1130=LINE('',#9031,#1445);
#1131=LINE('',#9037,#1446);
#1132=LINE('',#9053,#1447);
#1133=LINE('',#9064,#1448);
#1134=LINE('',#9083,#1449);
#1135=LINE('',#9098,#1450);
#1136=LINE('',#9115,#1451);
#1137=LINE('',#9120,#1452);
#1138=LINE('',#9135,#1453);
#1139=LINE('',#9146,#1454);
#1140=LINE('',#9165,#1455);
#1141=LINE('',#9179,#1456);
#1142=LINE('',#9365,#1457);
#1143=LINE('',#9367,#1458);
#1144=LINE('',#9369,#1459);
#1145=LINE('',#9370,#1460);
#1146=LINE('',#9373,#1461);
#1147=LINE('',#9375,#1462);
#1148=LINE('',#9379,#1463);
#1149=LINE('',#9381,#1464);
#1150=LINE('',#9382,#1465);
#1151=LINE('',#9386,#1466);
#1152=LINE('',#9388,#1467);
#1153=LINE('',#9390,#1468);
#1154=LINE('',#9391,#1469);
#1155=LINE('',#9395,#1470);
#1156=LINE('',#9397,#1471);
#1157=LINE('',#9399,#1472);
#1158=LINE('',#9400,#1473);
#1159=LINE('',#9403,#1474);
#1160=LINE('',#9451,#1475);
#1161=LINE('',#9487,#1476);
#1162=LINE('',#9493,#1477);
#1163=LINE('',#9498,#1478);
#1164=LINE('',#9504,#1479);
#1165=LINE('',#9509,#1480);
#1166=LINE('',#9515,#1481);
#1167=LINE('',#9541,#1482);
#1168=LINE('',#9545,#1483);
#1169=LINE('',#9559,#1484);
#1170=LINE('',#9560,#1485);
#1171=LINE('',#9575,#1486);
#1172=LINE('',#9579,#1487);
#1173=LINE('',#9604,#1488);
#1174=LINE('',#9608,#1489);
#1175=LINE('',#9611,#1490);
#1176=LINE('',#9613,#1491);
#1177=LINE('',#9616,#1492);
#1178=LINE('',#9619,#1493);
#1179=LINE('',#9620,#1494);
#1180=LINE('',#9623,#1495);
#1181=LINE('',#9627,#1496);
#1182=LINE('',#9631,#1497);
#1183=LINE('',#9639,#1498);
#1184=LINE('',#9642,#1499);
#1185=LINE('',#9644,#1500);
#1186=LINE('',#9648,#1501);
#1187=LINE('',#9660,#1502);
#1188=LINE('',#9663,#1503);
#1189=LINE('',#9667,#1504);
#1190=LINE('',#9675,#1505);
#1191=LINE('',#9678,#1506);
#1192=LINE('',#9682,#1507);
#1193=LINE('',#9685,#1508);
#1194=LINE('',#9686,#1509);
#1195=LINE('',#9696,#1510);
#1196=LINE('',#9699,#1511);
#1197=LINE('',#9702,#1512);
#1198=LINE('',#9705,#1513);
#1199=LINE('',#9706,#1514);
#1200=LINE('',#9712,#1515);
#1201=LINE('',#9715,#1516);
#1202=LINE('',#9716,#1517);
#1203=LINE('',#9726,#1518);
#1204=LINE('',#9729,#1519);
#1205=LINE('',#9732,#1520);
#1206=LINE('',#9735,#1521);
#1207=LINE('',#9736,#1522);
#1208=LINE('',#9742,#1523);
#1209=LINE('',#9744,#1524);
#1210=LINE('',#9747,#1525);
#1211=LINE('',#9748,#1526);
#1212=LINE('',#9753,#1527);
#1213=LINE('',#9754,#1528);
#1214=LINE('',#9766,#1529);
#1215=LINE('',#9782,#1530);
#1216=LINE('',#9937,#1531);
#1217=LINE('',#9953,#1532);
#1218=LINE('',#9957,#1533);
#1219=LINE('',#9959,#1534);
#1220=LINE('',#9960,#1535);
#1221=LINE('',#9962,#1536);
#1222=LINE('',#9963,#1537);
#1223=LINE('',#9965,#1538);
#1224=LINE('',#9968,#1539);
#1225=LINE('',#9970,#1540);
#1226=LINE('',#9971,#1541);
#1227=LINE('',#9973,#1542);
#1228=LINE('',#9974,#1543);
#1229=LINE('',#9976,#1544);
#1230=LINE('',#9987,#1545);
#1231=LINE('',#9995,#1546);
#1232=LINE('',#9998,#1547);
#1233=LINE('',#10040,#1548);
#1234=LINE('',#10042,#1549);
#1235=LINE('',#10044,#1550);
#1236=LINE('',#10046,#1551);
#1237=LINE('',#10048,#1552);
#1238=LINE('',#10049,#1553);
#1239=LINE('',#10051,#1554);
#1240=LINE('',#10052,#1555);
#1241=LINE('',#10054,#1556);
#1242=LINE('',#10056,#1557);
#1243=LINE('',#10058,#1558);
#1244=LINE('',#10060,#1559);
#1245=LINE('',#10108,#1560);
#1246=LINE('',#10119,#1561);
#1247=LINE('',#10123,#1562);
#1248=LINE('',#10140,#1563);
#1249=LINE('',#10144,#1564);
#1250=LINE('',#10157,#1565);
#1251=LINE('',#10164,#1566);
#1252=LINE('',#10169,#1567);
#1253=LINE('',#10175,#1568);
#1254=LINE('',#10180,#1569);
#1255=LINE('',#10185,#1570);
#1256=LINE('',#10187,#1571);
#1257=LINE('',#10190,#1572);
#1258=LINE('',#10191,#1573);
#1259=LINE('',#10197,#1574);
#1260=LINE('',#10223,#1575);
#1261=LINE('',#10227,#1576);
#1262=LINE('',#10241,#1577);
#1263=LINE('',#10242,#1578);
#1264=LINE('',#10257,#1579);
#1265=LINE('',#10261,#1580);
#1266=LINE('',#10286,#1581);
#1267=LINE('',#10293,#1582);
#1268=LINE('',#10294,#1583);
#1269=LINE('',#10297,#1584);
#1270=LINE('',#10298,#1585);
#1271=LINE('',#10301,#1586);
#1272=LINE('',#10302,#1587);
#1273=LINE('',#10304,#1588);
#1274=LINE('',#10307,#1589);
#1275=LINE('',#10309,#1590);
#1276=LINE('',#10316,#1591);
#1277=LINE('',#10319,#1592);
#1278=LINE('',#10321,#1593);
#1279=LINE('',#10324,#1594);
#1280=LINE('',#10327,#1595);
#1281=LINE('',#10328,#1596);
#1282=LINE('',#10331,#1597);
#1283=LINE('',#10335,#1598);
#1284=LINE('',#10339,#1599);
#1285=LINE('',#10347,#1600);
#1286=LINE('',#10350,#1601);
#1287=LINE('',#10352,#1602);
#1288=LINE('',#10356,#1603);
#1289=LINE('',#10368,#1604);
#1290=LINE('',#10371,#1605);
#1291=LINE('',#10375,#1606);
#1292=LINE('',#10383,#1607);
#1293=LINE('',#10386,#1608);
#1294=LINE('',#10390,#1609);
#1295=LINE('',#10393,#1610);
#1296=LINE('',#10394,#1611);
#1297=LINE('',#10404,#1612);
#1298=LINE('',#10407,#1613);
#1299=LINE('',#10410,#1614);
#1300=LINE('',#10413,#1615);
#1301=LINE('',#10414,#1616);
#1302=LINE('',#10420,#1617);
#1303=LINE('',#10423,#1618);
#1304=LINE('',#10424,#1619);
#1305=LINE('',#10434,#1620);
#1306=LINE('',#10437,#1621);
#1307=LINE('',#10440,#1622);
#1308=LINE('',#10443,#1623);
#1309=LINE('',#10444,#1624);
#1310=LINE('',#10450,#1625);
#1311=LINE('',#10452,#1626);
#1312=LINE('',#10455,#1627);
#1313=LINE('',#10456,#1628);
#1314=LINE('',#10461,#1629);
#1315=LINE('',#10462,#1630);
#1316=LINE('',#10474,#1631);
#1317=LINE('',#10490,#1632);
#1318=LINE('',#10645,#1633);
#1319=LINE('',#10661,#1634);
#1320=LINE('',#10665,#1635);
#1321=LINE('',#10667,#1636);
#1322=LINE('',#10668,#1637);
#1323=LINE('',#10670,#1638);
#1324=LINE('',#10671,#1639);
#1325=LINE('',#10673,#1640);
#1326=LINE('',#10677,#1641);
#1327=LINE('',#10679,#1642);
#1328=LINE('',#10681,#1643);
#1329=LINE('',#10682,#1644);
#1330=LINE('',#10684,#1645);
#1331=LINE('',#10685,#1646);
#1332=LINE('',#10687,#1647);
#1333=LINE('',#10700,#1648);
#1334=LINE('',#10708,#1649);
#1335=LINE('',#10711,#1650);
#1336=LINE('',#10753,#1651);
#1337=LINE('',#10755,#1652);
#1338=LINE('',#10757,#1653);
#1339=LINE('',#10759,#1654);
#1340=LINE('',#10761,#1655);
#1341=LINE('',#10762,#1656);
#1342=LINE('',#10764,#1657);
#1343=LINE('',#10765,#1658);
#1344=LINE('',#10767,#1659);
#1345=LINE('',#10769,#1660);
#1346=LINE('',#10771,#1661);
#1347=LINE('',#10773,#1662);
#1348=VECTOR('',#6368,2.794);
#1349=VECTOR('',#6375,2.794);
#1350=VECTOR('',#6382,2.794);
#1351=VECTOR('',#6387,2.79397101305809);
#1352=VECTOR('',#6392,2.79397101288756);
#1353=VECTOR('',#6397,2.79397101304273);
#1354=VECTOR('',#6404,1000.);
#1355=VECTOR('',#6407,1000.);
#1356=VECTOR('',#6412,1000.);
#1357=VECTOR('',#6415,1000.);
#1358=VECTOR('',#6420,1000.);
#1359=VECTOR('',#6423,1000.);
#1360=VECTOR('',#6428,1000.);
#1361=VECTOR('',#6431,1000.);
#1362=VECTOR('',#6436,1000.);
#1363=VECTOR('',#6439,1000.);
#1364=VECTOR('',#6528,11.176);
#1365=VECTOR('',#6535,2.794);
#1366=VECTOR('',#6544,2.794);
#1367=VECTOR('',#6553,2.794);
#1368=VECTOR('',#6560,2.79397101300125);
#1369=VECTOR('',#6565,2.79397101300125);
#1370=VECTOR('',#6570,2.79397101298589);
#1371=VECTOR('',#6579,1000.);
#1372=VECTOR('',#6584,1000.);
#1373=VECTOR('',#6591,1000.);
#1374=VECTOR('',#6594,1000.);
#1375=VECTOR('',#6601,1000.);
#1376=VECTOR('',#6608,1000.);
#1377=VECTOR('',#6615,1000.);
#1378=VECTOR('',#6620,1000.);
#1379=VECTOR('',#6627,1000.);
#1380=VECTOR('',#6630,1000.);
#1381=VECTOR('',#6637,1000.);
#1382=VECTOR('',#6644,1000.);
#1383=VECTOR('',#6671,1000.);
#1384=VECTOR('',#6682,1000.);
#1385=VECTOR('',#6701,1000.);
#1386=VECTOR('',#6710,1000.);
#1387=VECTOR('',#6733,1000.);
#1388=VECTOR('',#6748,1000.);
#1389=VECTOR('',#6771,1000.);
#1390=VECTOR('',#6782,1000.);
#1391=VECTOR('',#6799,1000.);
#1392=VECTOR('',#6808,1000.);
#1393=VECTOR('',#6831,1000.);
#1394=VECTOR('',#6844,1000.);
#1395=VECTOR('',#6849,1000.);
#1396=VECTOR('',#6850,1000.);
#1397=VECTOR('',#6853,1000.);
#1398=VECTOR('',#6860,1000.);
#1399=VECTOR('',#6863,1000.);
#1400=VECTOR('',#6864,1000.);
#1401=VECTOR('',#6867,1000.);
#1402=VECTOR('',#6868,1000.);
#1403=VECTOR('',#6873,1000.);
#1404=VECTOR('',#6874,1000.);
#1405=VECTOR('',#6875,1000.);
#1406=VECTOR('',#6884,1000.);
#1407=VECTOR('',#6887,1000.);
#1408=VECTOR('',#6888,1000.);
#1409=VECTOR('',#6891,1000.);
#1410=VECTOR('',#6892,1000.);
#1411=VECTOR('',#6897,1000.);
#1412=VECTOR('',#6898,1000.);
#1413=VECTOR('',#6899,1000.);
#1414=VECTOR('',#6904,1000.);
#1415=VECTOR('',#6907,1000.);
#1416=VECTOR('',#6914,1000.);
#1417=VECTOR('',#6917,1000.);
#1418=VECTOR('',#6918,1000.);
#1419=VECTOR('',#6921,1000.);
#1420=VECTOR('',#6922,1000.);
#1421=VECTOR('',#6927,1000.);
#1422=VECTOR('',#6928,1000.);
#1423=VECTOR('',#6929,1000.);
#1424=VECTOR('',#6934,1000.);
#1425=VECTOR('',#6937,1000.);
#1426=VECTOR('',#6944,1000.);
#1427=VECTOR('',#6947,1000.);
#1428=VECTOR('',#6948,1000.);
#1429=VECTOR('',#6951,1000.);
#1430=VECTOR('',#6956,1000.);
#1431=VECTOR('',#6963,1000.);
#1432=VECTOR('',#6966,1000.);
#1433=VECTOR('',#6971,1000.);
#1434=VECTOR('',#6972,1000.);
#1435=VECTOR('',#6973,1000.);
#1436=VECTOR('',#6978,1000.);
#1437=VECTOR('',#6981,1000.);
#1438=VECTOR('',#6988,1000.);
#1439=VECTOR('',#6991,1000.);
#1440=VECTOR('',#6992,1000.);
#1441=VECTOR('',#6995,1000.);
#1442=VECTOR('',#6996,1000.);
#1443=VECTOR('',#7001,1000.);
#1444=VECTOR('',#7002,1000.);
#1445=VECTOR('',#7035,1000.);
#1446=VECTOR('',#7044,1000.);
#1447=VECTOR('',#7069,1000.);
#1448=VECTOR('',#7084,1000.);
#1449=VECTOR('',#7113,1000.);
#1450=VECTOR('',#7134,1000.);
#1451=VECTOR('',#7161,1000.);
#1452=VECTOR('',#7168,1000.);
#1453=VECTOR('',#7191,1000.);
#1454=VECTOR('',#7206,1000.);
#1455=VECTOR('',#7235,1000.);
#1456=VECTOR('',#7256,1000.);
#1457=VECTOR('',#7279,10.);
#1458=VECTOR('',#7280,10.);
#1459=VECTOR('',#7281,10.);
#1460=VECTOR('',#7282,10.);
#1461=VECTOR('',#7285,10.);
#1462=VECTOR('',#7286,10.);
#1463=VECTOR('',#7291,10.);
#1464=VECTOR('',#7292,10.);
#1465=VECTOR('',#7293,10.);
#1466=VECTOR('',#7296,10.);
#1467=VECTOR('',#7297,10.);
#1468=VECTOR('',#7298,10.);
#1469=VECTOR('',#7299,10.);
#1470=VECTOR('',#7302,10.);
#1471=VECTOR('',#7303,10.);
#1472=VECTOR('',#7304,10.);
#1473=VECTOR('',#7305,10.);
#1474=VECTOR('',#7310,10.);
#1475=VECTOR('',#7319,4.);
#1476=VECTOR('',#7328,26.7843);
#1477=VECTOR('',#7333,1000.);
#1478=VECTOR('',#7338,1000.);
#1479=VECTOR('',#7343,1000.);
#1480=VECTOR('',#7348,1000.);
#1481=VECTOR('',#7353,1000.);
#1482=VECTOR('',#7356,1000.);
#1483=VECTOR('',#7359,1000.);
#1484=VECTOR('',#7362,26.7843);
#1485=VECTOR('',#7363,26.7843);
#1486=VECTOR('',#7366,1000.);
#1487=VECTOR('',#7369,1000.);
#1488=VECTOR('',#7372,1000.);
#1489=VECTOR('',#7377,1000.);
#1490=VECTOR('',#7380,1000.);
#1491=VECTOR('',#7381,1000.);
#1492=VECTOR('',#7384,1000.);
#1493=VECTOR('',#7387,1000.);
#1494=VECTOR('',#7388,1000.);
#1495=VECTOR('',#7391,1000.);
#1496=VECTOR('',#7396,1000.);
#1497=VECTOR('',#7399,1000.);
#1498=VECTOR('',#7406,1000.);
#1499=VECTOR('',#7409,1000.);
#1500=VECTOR('',#7410,1000.);
#1501=VECTOR('',#7413,1000.);
#1502=VECTOR('',#7424,1000.);
#1503=VECTOR('',#7427,1000.);
#1504=VECTOR('',#7430,1000.);
#1505=VECTOR('',#7437,1000.);
#1506=VECTOR('',#7440,1000.);
#1507=VECTOR('',#7445,1000.);
#1508=VECTOR('',#7448,1000.);
#1509=VECTOR('',#7449,1000.);
#1510=VECTOR('',#7458,1000.);
#1511=VECTOR('',#7461,1000.);
#1512=VECTOR('',#7464,1000.);
#1513=VECTOR('',#7467,1000.);
#1514=VECTOR('',#7468,1000.);
#1515=VECTOR('',#7477,1000.);
#1516=VECTOR('',#7480,1000.);
#1517=VECTOR('',#7481,1000.);
#1518=VECTOR('',#7490,1000.);
#1519=VECTOR('',#7493,1000.);
#1520=VECTOR('',#7496,1000.);
#1521=VECTOR('',#7499,1000.);
#1522=VECTOR('',#7500,1000.);
#1523=VECTOR('',#7509,1000.);
#1524=VECTOR('',#7512,1000.);
#1525=VECTOR('',#7515,1000.);
#1526=VECTOR('',#7516,1000.);
#1527=VECTOR('',#7523,1000.);
#1528=VECTOR('',#7524,1000.);
#1529=VECTOR('',#7543,1000.);
#1530=VECTOR('',#7566,1000.);
#1531=VECTOR('',#7605,1000.);
#1532=VECTOR('',#7628,1000.);
#1533=VECTOR('',#7635,1000.);
#1534=VECTOR('',#7638,1000.);
#1535=VECTOR('',#7639,1000.);
#1536=VECTOR('',#7642,1000.);
#1537=VECTOR('',#7643,1000.);
#1538=VECTOR('',#7646,1000.);
#1539=VECTOR('',#7651,1000.);
#1540=VECTOR('',#7654,1000.);
#1541=VECTOR('',#7655,1000.);
#1542=VECTOR('',#7658,1000.);
#1543=VECTOR('',#7659,1000.);
#1544=VECTOR('',#7662,1000.);
#1545=VECTOR('',#7679,4.);
#1546=VECTOR('',#7688,3.36);
#1547=VECTOR('',#7693,4.);
#1548=VECTOR('',#7724,1000.);
#1549=VECTOR('',#7725,1000.);
#1550=VECTOR('',#7726,1000.);
#1551=VECTOR('',#7727,1000.);
#1552=VECTOR('',#7728,1000.);
#1553=VECTOR('',#7729,1000.);
#1554=VECTOR('',#7732,1000.);
#1555=VECTOR('',#7733,1000.);
#1556=VECTOR('',#7736,1000.);
#1557=VECTOR('',#7739,1000.);
#1558=VECTOR('',#7742,1000.);
#1559=VECTOR('',#7745,1000.);
#1560=VECTOR('',#7756,4.);
#1561=VECTOR('',#7757,1000.);
#1562=VECTOR('',#7760,1000.);
#1563=VECTOR('',#7761,1000.);
#1564=VECTOR('',#7764,1000.);
#1565=VECTOR('',#7769,26.7843);
#1566=VECTOR('',#7776,1000.);
#1567=VECTOR('',#7781,1000.);
#1568=VECTOR('',#7786,1000.);
#1569=VECTOR('',#7791,1000.);
#1570=VECTOR('',#7796,1000.);
#1571=VECTOR('',#7797,1000.);
#1572=VECTOR('',#7800,1000.);
#1573=VECTOR('',#7801,1000.);
#1574=VECTOR('',#7806,1000.);
#1575=VECTOR('',#7809,1000.);
#1576=VECTOR('',#7812,1000.);
#1577=VECTOR('',#7815,26.7843);
#1578=VECTOR('',#7816,26.7843);
#1579=VECTOR('',#7819,1000.);
#1580=VECTOR('',#7822,1000.);
#1581=VECTOR('',#7825,1000.);
#1582=VECTOR('',#7828,1000.);
#1583=VECTOR('',#7829,1000.);
#1584=VECTOR('',#7832,1000.);
#1585=VECTOR('',#7833,1000.);
#1586=VECTOR('',#7836,1000.);
#1587=VECTOR('',#7837,1000.);
#1588=VECTOR('',#7840,1000.);
#1589=VECTOR('',#7843,1000.);
#1590=VECTOR('',#7844,1000.);
#1591=VECTOR('',#7849,1000.);
#1592=VECTOR('',#7852,1000.);
#1593=VECTOR('',#7853,1000.);
#1594=VECTOR('',#7856,1000.);
#1595=VECTOR('',#7859,1000.);
#1596=VECTOR('',#7860,1000.);
#1597=VECTOR('',#7863,1000.);
#1598=VECTOR('',#7868,1000.);
#1599=VECTOR('',#7871,1000.);
#1600=VECTOR('',#7878,1000.);
#1601=VECTOR('',#7881,1000.);
#1602=VECTOR('',#7882,1000.);
#1603=VECTOR('',#7885,1000.);
#1604=VECTOR('',#7896,1000.);
#1605=VECTOR('',#7899,1000.);
#1606=VECTOR('',#7902,1000.);
#1607=VECTOR('',#7909,1000.);
#1608=VECTOR('',#7912,1000.);
#1609=VECTOR('',#7917,1000.);
#1610=VECTOR('',#7920,1000.);
#1611=VECTOR('',#7921,1000.);
#1612=VECTOR('',#7930,1000.);
#1613=VECTOR('',#7933,1000.);
#1614=VECTOR('',#7936,1000.);
#1615=VECTOR('',#7939,1000.);
#1616=VECTOR('',#7940,1000.);
#1617=VECTOR('',#7949,1000.);
#1618=VECTOR('',#7952,1000.);
#1619=VECTOR('',#7953,1000.);
#1620=VECTOR('',#7962,1000.);
#1621=VECTOR('',#7965,1000.);
#1622=VECTOR('',#7968,1000.);
#1623=VECTOR('',#7971,1000.);
#1624=VECTOR('',#7972,1000.);
#1625=VECTOR('',#7981,1000.);
#1626=VECTOR('',#7984,1000.);
#1627=VECTOR('',#7987,1000.);
#1628=VECTOR('',#7988,1000.);
#1629=VECTOR('',#7995,1000.);
#1630=VECTOR('',#7996,1000.);
#1631=VECTOR('',#8015,1000.);
#1632=VECTOR('',#8038,1000.);
#1633=VECTOR('',#8077,1000.);
#1634=VECTOR('',#8100,1000.);
#1635=VECTOR('',#8107,1000.);
#1636=VECTOR('',#8110,1000.);
#1637=VECTOR('',#8111,1000.);
#1638=VECTOR('',#8114,1000.);
#1639=VECTOR('',#8115,1000.);
#1640=VECTOR('',#8118,1000.);
#1641=VECTOR('',#8125,1000.);
#1642=VECTOR('',#8128,1000.);
#1643=VECTOR('',#8131,1000.);
#1644=VECTOR('',#8132,1000.);
#1645=VECTOR('',#8135,1000.);
#1646=VECTOR('',#8136,1000.);
#1647=VECTOR('',#8139,1000.);
#1648=VECTOR('',#8160,4.);
#1649=VECTOR('',#8169,3.36);
#1650=VECTOR('',#8174,4.);
#1651=VECTOR('',#8205,1000.);
#1652=VECTOR('',#8206,1000.);
#1653=VECTOR('',#8207,1000.);
#1654=VECTOR('',#8208,1000.);
#1655=VECTOR('',#8209,1000.);
#1656=VECTOR('',#8210,1000.);
#1657=VECTOR('',#8213,1000.);
#1658=VECTOR('',#8214,1000.);
#1659=VECTOR('',#8217,1000.);
#1660=VECTOR('',#8220,1000.);
#1661=VECTOR('',#8223,1000.);
#1662=VECTOR('',#8226,1000.);
#1663=CIRCLE('',#5580,2.794);
#1664=CIRCLE('',#5581,2.794);
#1665=CIRCLE('',#5583,2.794);
#1666=CIRCLE('',#5584,2.794);
#1667=CIRCLE('',#5586,2.794);
#1668=CIRCLE('',#5587,2.794);
#1669=CIRCLE('',#5589,2.28593934940663);
#1670=CIRCLE('',#5591,2.28593934940663);
#1671=CIRCLE('',#5593,2.28593934944811);
#1672=CIRCLE('',#5595,13.4874);
#1673=CIRCLE('',#5596,13.4874);
#1674=CIRCLE('',#5598,2.286);
#1675=CIRCLE('',#5599,2.286);
#1676=CIRCLE('',#5601,2.286);
#1677=CIRCLE('',#5602,2.286);
#1678=CIRCLE('',#5604,1.524);
#1679=CIRCLE('',#5605,1.524);
#1680=CIRCLE('',#5607,1.524);
#1681=CIRCLE('',#5608,1.524);
#1682=CIRCLE('',#5609,0.508000000000654);
#1683=CIRCLE('',#5610,1.016);
#1684=CIRCLE('',#5611,1.524);
#1685=CIRCLE('',#5612,1.016);
#1686=CIRCLE('',#5613,1.524);
#1687=CIRCLE('',#5614,1.01599999999889);
#1688=CIRCLE('',#5615,0.508000000000592);
#1689=CIRCLE('',#5616,1.01600000000022);
#1690=CIRCLE('',#5617,1.016);
#1691=CIRCLE('',#5618,1.524);
#1692=CIRCLE('',#5619,1.016);
#1693=CIRCLE('',#5620,1.524);
#1694=CIRCLE('',#5621,1.01599999999779);
#1695=CIRCLE('',#5622,0.508000416195333);
#1696=CIRCLE('',#5623,1.01599999999985);
#1697=CIRCLE('',#5625,1.016);
#1698=CIRCLE('',#5626,1.524);
#1699=CIRCLE('',#5627,1.016);
#1700=CIRCLE('',#5628,1.524);
#1701=CIRCLE('',#5629,1.01599999999921);
#1702=CIRCLE('',#5630,0.507999999999249);
#1703=CIRCLE('',#5631,1.01599999999755);
#1704=CIRCLE('',#5632,0.508000000000656);
#1705=CIRCLE('',#5633,1.016);
#1706=CIRCLE('',#5634,1.524);
#1707=CIRCLE('',#5635,1.016);
#1708=CIRCLE('',#5636,1.01599999999879);
#1709=CIRCLE('',#5637,0.508000000000594);
#1710=CIRCLE('',#5638,1.01600000000022);
#1711=CIRCLE('',#5639,1.016);
#1712=CIRCLE('',#5640,1.016);
#1713=CIRCLE('',#5641,1.01599999999779);
#1714=CIRCLE('',#5642,0.508000416195333);
#1715=CIRCLE('',#5643,1.01599999999986);
#1716=CIRCLE('',#5645,1.016);
#1717=CIRCLE('',#5646,1.016);
#1718=CIRCLE('',#5647,1.524);
#1719=CIRCLE('',#5648,1.01599999999921);
#1720=CIRCLE('',#5649,0.507999999999249);
#1721=CIRCLE('',#5650,1.01599999999755);
#1722=CIRCLE('',#5652,11.176);
#1723=CIRCLE('',#5653,11.176);
#1724=CIRCLE('',#5655,2.794);
#1725=CIRCLE('',#5656,2.794);
#1726=CIRCLE('',#5657,2.794);
#1727=CIRCLE('',#5659,2.794);
#1728=CIRCLE('',#5660,2.794);
#1729=CIRCLE('',#5661,2.794);
#1730=CIRCLE('',#5663,2.794);
#1731=CIRCLE('',#5664,2.794);
#1732=CIRCLE('',#5665,2.794);
#1733=CIRCLE('',#5667,2.28593934942898);
#1734=CIRCLE('',#5669,2.28593934942898);
#1735=CIRCLE('',#5671,2.28593934941362);
#1736=CIRCLE('',#5673,12.4715939587159);
#1737=CIRCLE('',#5674,3.30199961401698);
#1738=CIRCLE('',#5675,0.508000416191555);
#1739=CIRCLE('',#5676,25.9715002705264);
#1740=CIRCLE('',#5677,3.30200043248149);
#1741=CIRCLE('',#5678,12.4715942131408);
#1742=CIRCLE('',#5679,3.30199961401468);
#1743=CIRCLE('',#5680,25.9715002705265);
#1744=CIRCLE('',#5681,3.30200043180126);
#1745=CIRCLE('',#5682,12.4715939610266);
#1746=CIRCLE('',#5683,3.30200150716693);
#1747=CIRCLE('',#5684,0.508000416200898);
#1748=CIRCLE('',#5685,25.971500291341);
#1749=CIRCLE('',#5686,0.507999999988827);
#1750=CIRCLE('',#5687,3.30200043179661);
#1751=CIRCLE('',#5688,12.4715939587161);
#1752=CIRCLE('',#5689,3.30199961401695);
#1753=CIRCLE('',#5690,0.508000416191555);
#1754=CIRCLE('',#5691,25.9715002705263);
#1755=CIRCLE('',#5692,3.30200043248149);
#1756=CIRCLE('',#5693,12.4715942131401);
#1757=CIRCLE('',#5694,3.30199961401468);
#1758=CIRCLE('',#5695,25.9715002705256);
#1759=CIRCLE('',#5696,3.30200043180124);
#1760=CIRCLE('',#5697,12.4715939610264);
#1761=CIRCLE('',#5698,3.3019996140181);
#1762=CIRCLE('',#5699,0.508000416200898);
#1763=CIRCLE('',#5700,25.9715002913401);
#1764=CIRCLE('',#5701,0.507999999988826);
#1765=CIRCLE('',#5702,3.30199886480084);
#1766=CIRCLE('',#5704,1.016);
#1767=CIRCLE('',#5705,1.016);
#1768=CIRCLE('',#5706,2.286);
#1769=CIRCLE('',#5708,1.016);
#1770=CIRCLE('',#5709,13.4874);
#1771=CIRCLE('',#5711,1.016);
#1772=CIRCLE('',#5712,2.286);
#1773=CIRCLE('',#5714,1.01599999999783);
#1774=CIRCLE('',#5716,1.01599999999933);
#1775=CIRCLE('',#5717,26.9875);
#1776=CIRCLE('',#5719,1.016);
#1777=CIRCLE('',#5721,1.016);
#1778=CIRCLE('',#5722,2.286);
#1779=CIRCLE('',#5724,1.016);
#1780=CIRCLE('',#5726,1.016);
#1781=CIRCLE('',#5727,2.286);
#1782=CIRCLE('',#5730,26.9875);
#1783=CIRCLE('',#5732,1.016);
#1784=CIRCLE('',#5734,1.016);
#1785=CIRCLE('',#5735,2.286);
#1786=CIRCLE('',#5737,1.016);
#1787=CIRCLE('',#5738,13.4874);
#1788=CIRCLE('',#5740,1.016);
#1789=CIRCLE('',#5741,2.286);
#1790=CIRCLE('',#5743,1.01599999999973);
#1791=CIRCLE('',#5745,1.01600000000183);
#1792=CIRCLE('',#5746,1.01600000001228);
#1793=CIRCLE('',#5747,26.9875);
#1794=CIRCLE('',#5749,1.016);
#1795=CIRCLE('',#5750,1.01599999999929);
#1796=CIRCLE('',#5752,1.016);
#1797=CIRCLE('',#5753,2.286);
#1798=CIRCLE('',#5755,1.016);
#1799=CIRCLE('',#5756,13.4874);
#1800=CIRCLE('',#5758,1.016);
#1801=CIRCLE('',#5759,2.286);
#1802=CIRCLE('',#5761,1.01599999999783);
#1803=CIRCLE('',#5763,1.01599999999933);
#1804=CIRCLE('',#5764,26.9875);
#1805=CIRCLE('',#5766,1.016);
#1806=CIRCLE('',#5768,1.016);
#1807=CIRCLE('',#5770,1.016);
#1808=CIRCLE('',#5771,13.4874);
#1809=CIRCLE('',#5773,1.016);
#1810=CIRCLE('',#5776,26.9875);
#1811=CIRCLE('',#5778,1.016);
#1812=CIRCLE('',#5780,1.016);
#1813=CIRCLE('',#5781,2.286);
#1814=CIRCLE('',#5783,1.016);
#1815=CIRCLE('',#5784,13.4874);
#1816=CIRCLE('',#5786,1.016);
#1817=CIRCLE('',#5787,2.286);
#1818=CIRCLE('',#5789,1.01599999999973);
#1819=CIRCLE('',#5791,1.01600000000188);
#1820=CIRCLE('',#5792,1.01600000001228);
#1821=CIRCLE('',#5793,26.9875);
#1822=CIRCLE('',#5795,1.01599999999934);
#1823=CIRCLE('',#5797,2.286);
#1824=CIRCLE('',#5799,13.4874);
#1825=CIRCLE('',#5801,2.286);
#1826=CIRCLE('',#5804,26.9875);
#1827=CIRCLE('',#5807,2.286);
#1828=CIRCLE('',#5809,2.286);
#1829=CIRCLE('',#5812,26.9875);
#1830=CIRCLE('',#5815,2.286);
#1831=CIRCLE('',#5817,13.4874);
#1832=CIRCLE('',#5819,2.286);
#1833=CIRCLE('',#5822,26.9875);
#1834=CIRCLE('',#5825,2.286);
#1835=CIRCLE('',#5827,13.4874);
#1836=CIRCLE('',#5829,2.286);
#1837=CIRCLE('',#5832,26.9875);
#1838=CIRCLE('',#5835,13.4874);
#1839=CIRCLE('',#5838,26.9875);
#1840=CIRCLE('',#5841,2.286);
#1841=CIRCLE('',#5843,13.4874);
#1842=CIRCLE('',#5845,2.286);
#1843=CIRCLE('',#5848,26.9875);
#1844=CIRCLE('',#5854,1.016);
#1845=CIRCLE('',#5855,3.30199887028519);
#1846=CIRCLE('',#5856,1.016);
#1847=CIRCLE('',#5858,12.4716104432051);
#1848=CIRCLE('',#5859,1.016);
#1849=CIRCLE('',#5861,3.3019989824139);
#1850=CIRCLE('',#5862,1.016);
#1851=CIRCLE('',#5864,1.524);
#1852=CIRCLE('',#5868,25.9715089221021);
#1853=CIRCLE('',#5870,1.016);
#1854=CIRCLE('',#5872,3.30200427258336);
#1855=CIRCLE('',#5873,1.016);
#1856=CIRCLE('',#5875,12.4716389052367);
#1857=CIRCLE('',#5876,1.016);
#1858=CIRCLE('',#5878,3.30199898241388);
#1859=CIRCLE('',#5879,1.016);
#1860=CIRCLE('',#5883,1.524);
#1861=CIRCLE('',#5885,25.971508922018);
#1862=CIRCLE('',#5886,1.016);
#1863=CIRCLE('',#5888,1.016);
#1864=CIRCLE('',#5889,1.016);
#1865=CIRCLE('',#5891,3.30200426607426);
#1866=CIRCLE('',#5892,1.016);
#1867=CIRCLE('',#5894,12.4716387776831);
#1868=CIRCLE('',#5895,1.016);
#1869=CIRCLE('',#5897,3.3020038101185);
#1870=CIRCLE('',#5898,1.016);
#1871=CIRCLE('',#5900,1.524);
#1872=CIRCLE('',#5901,1.524);
#1873=CIRCLE('',#5903,1.016);
#1874=CIRCLE('',#5905,1.524);
#1875=CIRCLE('',#5906,1.524);
#1876=CIRCLE('',#5908,1.016);
#1877=CIRCLE('',#5909,25.9715089221705);
#1878=CIRCLE('',#5910,1.016);
#1879=CIRCLE('',#5912,1.016);
#1880=CIRCLE('',#5913,1.016);
#1881=CIRCLE('',#5915,3.3020042659977);
#1882=CIRCLE('',#5916,1.016);
#1883=CIRCLE('',#5918,12.4716387789918);
#1884=CIRCLE('',#5919,1.016);
#1885=CIRCLE('',#5921,3.30199898241388);
#1886=CIRCLE('',#5922,1.016);
#1887=CIRCLE('',#5924,1.524);
#1888=CIRCLE('',#5927,25.9715089221021);
#1889=CIRCLE('',#5929,1.016);
#1890=CIRCLE('',#5931,3.30200427258336);
#1891=CIRCLE('',#5932,1.016);
#1892=CIRCLE('',#5934,12.4716389052358);
#1893=CIRCLE('',#5935,1.016);
#1894=CIRCLE('',#5937,3.30199898241388);
#1895=CIRCLE('',#5938,1.016);
#1896=CIRCLE('',#5941,1.524);
#1897=CIRCLE('',#5943,25.9715089220181);
#1898=CIRCLE('',#5944,1.016);
#1899=CIRCLE('',#5946,1.016);
#1900=CIRCLE('',#5947,1.016);
#1901=CIRCLE('',#5949,3.30200426607427);
#1902=CIRCLE('',#5950,1.016);
#1903=CIRCLE('',#5952,12.4716387776839);
#1904=CIRCLE('',#5953,1.016);
#1905=CIRCLE('',#5955,3.30199898242911);
#1906=CIRCLE('',#5956,1.016);
#1907=CIRCLE('',#5958,1.524);
#1908=CIRCLE('',#5959,1.524);
#1909=CIRCLE('',#5961,1.016);
#1910=CIRCLE('',#5963,1.524);
#1911=CIRCLE('',#5964,1.524);
#1912=CIRCLE('',#5966,1.016);
#1913=CIRCLE('',#5967,25.9715089221702);
#1914=CIRCLE('',#5968,1.016);
#1915=CIRCLE('',#5970,1.016);
#1916=CIRCLE('',#5972,0.50800041619387);
#1917=CIRCLE('',#5973,0.508000416193868);
#1918=CIRCLE('',#5983,4.);
#1919=CIRCLE('',#5988,4.);
#1920=CIRCLE('',#5990,25.1968);
#1921=CIRCLE('',#5991,11.);
#1922=CIRCLE('',#5994,11.);
#1923=CIRCLE('',#5996,26.7843);
#1924=CIRCLE('',#5998,1.27);
#1925=CIRCLE('',#5999,1.27000000000001);
#1926=CIRCLE('',#6000,1.27000000000066);
#1927=CIRCLE('',#6002,1.27);
#1928=CIRCLE('',#6003,1.27);
#1929=CIRCLE('',#6004,1.27);
#1930=CIRCLE('',#6006,26.7843);
#1931=CIRCLE('',#6007,26.7843);
#1932=CIRCLE('',#6008,26.7843);
#1933=CIRCLE('',#6009,26.7843);
#1934=CIRCLE('',#6010,26.7843);
#1935=CIRCLE('',#6011,26.7843);
#1936=CIRCLE('',#6012,26.7843);
#1937=CIRCLE('',#6014,14.7955);
#1938=CIRCLE('',#6015,1.016);
#1939=CIRCLE('',#6016,1.016);
#1940=CIRCLE('',#6019,0.79375);
#1941=CIRCLE('',#6021,1.80974999999994);
#1942=CIRCLE('',#6022,2.06375000000003);
#1943=CIRCLE('',#6023,14.0017500000001);
#1944=CIRCLE('',#6024,2.06375);
#1945=CIRCLE('',#6025,1.80974999999995);
#1946=CIRCLE('',#6026,1.80975000000007);
#1947=CIRCLE('',#6027,2.06377465094049);
#1948=CIRCLE('',#6028,2.06672680676928);
#1949=CIRCLE('',#6029,14.00175);
#1950=CIRCLE('',#6030,2.06673696227427);
#1951=CIRCLE('',#6031,2.0637848545829);
#1952=CIRCLE('',#6032,1.80974999999997);
#1953=CIRCLE('',#6033,1.80974999999998);
#1954=CIRCLE('',#6034,2.06374999999997);
#1955=CIRCLE('',#6035,14.0017499999999);
#1956=CIRCLE('',#6036,2.06375000000004);
#1957=CIRCLE('',#6037,1.8097500000001);
#1958=CIRCLE('',#6039,0.793750000000002);
#1959=CIRCLE('',#6042,1.27);
#1960=CIRCLE('',#6043,14.7955);
#1961=CIRCLE('',#6044,1.27);
#1962=CIRCLE('',#6045,1.016);
#1963=CIRCLE('',#6046,1.016);
#1964=CIRCLE('',#6049,0.793749999999999);
#1965=CIRCLE('',#6051,0.793750000000002);
#1966=CIRCLE('',#6054,1.27);
#1967=CIRCLE('',#6055,14.7955);
#1968=CIRCLE('',#6056,1.27);
#1969=CIRCLE('',#6057,1.016);
#1970=CIRCLE('',#6058,1.016);
#1971=CIRCLE('',#6061,0.793750000000002);
#1972=CIRCLE('',#6063,0.79375);
#1973=CIRCLE('',#6067,14.7955);
#1974=CIRCLE('',#6070,1.016);
#1975=CIRCLE('',#6072,0.793749999999998);
#1976=CIRCLE('',#6074,0.79375);
#1977=CIRCLE('',#6075,1.01599999999993);
#1978=CIRCLE('',#6077,0.79375);
#1979=CIRCLE('',#6079,0.793750000000004);
#1980=CIRCLE('',#6080,1.27);
#1981=CIRCLE('',#6082,0.793750000000002);
#1982=CIRCLE('',#6083,14.7955);
#1983=CIRCLE('',#6085,0.79375);
#1984=CIRCLE('',#6086,1.27);
#1985=CIRCLE('',#6088,0.79375);
#1986=CIRCLE('',#6090,1.01599999999994);
#1987=CIRCLE('',#6092,0.793749999999998);
#1988=CIRCLE('',#6093,1.01600000000007);
#1989=CIRCLE('',#6095,0.79375);
#1990=CIRCLE('',#6096,0.79375000261374);
#1991=CIRCLE('',#6097,0.793749999999998);
#1992=CIRCLE('',#6099,0.793749999999999);
#1993=CIRCLE('',#6100,0.793750005225278);
#1994=CIRCLE('',#6101,0.79375);
#1995=CIRCLE('',#6104,0.79375);
#1996=CIRCLE('',#6105,1.01599999999998);
#1997=CIRCLE('',#6107,0.79375);
#1998=CIRCLE('',#6109,0.793750000000001);
#1999=CIRCLE('',#6110,1.27);
#2000=CIRCLE('',#6112,0.793750000000001);
#2001=CIRCLE('',#6113,14.7954999999998);
#2002=CIRCLE('',#6115,0.793750000000001);
#2003=CIRCLE('',#6116,1.27);
#2004=CIRCLE('',#6118,0.793750000000002);
#2005=CIRCLE('',#6120,1.01600000000009);
#2006=CIRCLE('',#6137,4.);
#2007=CIRCLE('',#6138,2.63999999999999);
#2008=CIRCLE('',#6140,4.);
#2009=CIRCLE('',#6141,4.);
#2010=CIRCLE('',#6142,3.36);
#2011=CIRCLE('',#6146,2.30940107675851);
#2012=CIRCLE('',#6147,2.30940107675851);
#2013=CIRCLE('',#6148,2.30940107675851);
#2014=CIRCLE('',#6149,2.30940107675851);
#2015=CIRCLE('',#6150,2.30940107675851);
#2016=CIRCLE('',#6151,2.30940107675851);
#2017=CIRCLE('',#6169,4.);
#2018=CIRCLE('',#6170,4.);
#2019=CIRCLE('',#6172,26.7843);
#2020=CIRCLE('',#6173,25.1968);
#2021=CIRCLE('',#6175,1.27);
#2022=CIRCLE('',#6176,1.27000000000001);
#2023=CIRCLE('',#6177,1.27000000000066);
#2024=CIRCLE('',#6179,1.27);
#2025=CIRCLE('',#6180,1.27);
#2026=CIRCLE('',#6181,1.27);
#2027=CIRCLE('',#6183,8.);
#2028=CIRCLE('',#6184,8.);
#2029=CIRCLE('',#6186,26.7843);
#2030=CIRCLE('',#6187,26.7843);
#2031=CIRCLE('',#6188,26.7843);
#2032=CIRCLE('',#6189,26.7843);
#2033=CIRCLE('',#6190,26.7843);
#2034=CIRCLE('',#6191,26.7843);
#2035=CIRCLE('',#6192,26.7843);
#2036=CIRCLE('',#6199,14.7955);
#2037=CIRCLE('',#6200,1.016);
#2038=CIRCLE('',#6201,1.016);
#2039=CIRCLE('',#6204,0.79375);
#2040=CIRCLE('',#6206,1.80974999999994);
#2041=CIRCLE('',#6207,2.06375000000003);
#2042=CIRCLE('',#6208,14.0017500000001);
#2043=CIRCLE('',#6209,2.06375);
#2044=CIRCLE('',#6210,1.80974999999995);
#2045=CIRCLE('',#6211,1.80975000000007);
#2046=CIRCLE('',#6212,2.06377465094049);
#2047=CIRCLE('',#6213,2.06672680676928);
#2048=CIRCLE('',#6214,14.00175);
#2049=CIRCLE('',#6215,2.06673696227427);
#2050=CIRCLE('',#6216,2.0637848545829);
#2051=CIRCLE('',#6217,1.80974999999997);
#2052=CIRCLE('',#6218,1.80974999999998);
#2053=CIRCLE('',#6219,2.06374999999997);
#2054=CIRCLE('',#6220,14.0017499999999);
#2055=CIRCLE('',#6221,2.06375000000004);
#2056=CIRCLE('',#6222,1.8097500000001);
#2057=CIRCLE('',#6224,0.793750000000002);
#2058=CIRCLE('',#6227,1.27);
#2059=CIRCLE('',#6228,14.7955);
#2060=CIRCLE('',#6229,1.27);
#2061=CIRCLE('',#6230,1.016);
#2062=CIRCLE('',#6231,1.016);
#2063=CIRCLE('',#6234,0.793749999999999);
#2064=CIRCLE('',#6236,0.793750000000002);
#2065=CIRCLE('',#6239,1.27);
#2066=CIRCLE('',#6240,14.7955);
#2067=CIRCLE('',#6241,1.27);
#2068=CIRCLE('',#6242,1.016);
#2069=CIRCLE('',#6243,1.016);
#2070=CIRCLE('',#6246,0.793750000000002);
#2071=CIRCLE('',#6248,0.79375);
#2072=CIRCLE('',#6252,14.7955);
#2073=CIRCLE('',#6255,1.016);
#2074=CIRCLE('',#6257,0.793749999999998);
#2075=CIRCLE('',#6259,0.79375);
#2076=CIRCLE('',#6260,1.01599999999993);
#2077=CIRCLE('',#6262,0.79375);
#2078=CIRCLE('',#6264,0.793750000000004);
#2079=CIRCLE('',#6265,1.27);
#2080=CIRCLE('',#6267,0.793750000000002);
#2081=CIRCLE('',#6268,14.7955);
#2082=CIRCLE('',#6270,0.79375);
#2083=CIRCLE('',#6271,1.27);
#2084=CIRCLE('',#6273,0.79375);
#2085=CIRCLE('',#6275,1.01599999999994);
#2086=CIRCLE('',#6277,0.793749999999998);
#2087=CIRCLE('',#6278,1.01600000000007);
#2088=CIRCLE('',#6280,0.79375);
#2089=CIRCLE('',#6281,0.79375000261374);
#2090=CIRCLE('',#6282,0.793749999999998);
#2091=CIRCLE('',#6284,0.793749999999999);
#2092=CIRCLE('',#6285,0.793750005225278);
#2093=CIRCLE('',#6286,0.79375);
#2094=CIRCLE('',#6289,0.79375);
#2095=CIRCLE('',#6290,1.01599999999998);
#2096=CIRCLE('',#6292,0.79375);
#2097=CIRCLE('',#6294,0.793750000000001);
#2098=CIRCLE('',#6295,1.27);
#2099=CIRCLE('',#6297,0.793750000000001);
#2100=CIRCLE('',#6298,14.7954999999998);
#2101=CIRCLE('',#6300,0.793750000000001);
#2102=CIRCLE('',#6301,1.27);
#2103=CIRCLE('',#6303,0.793750000000002);
#2104=CIRCLE('',#6305,1.01600000000009);
#2105=CIRCLE('',#6312,9.5875);
#2106=CIRCLE('',#6326,4.);
#2107=CIRCLE('',#6327,2.63999999999999);
#2108=CIRCLE('',#6329,4.);
#2109=CIRCLE('',#6330,4.);
#2110=CIRCLE('',#6331,3.36);
#2111=CIRCLE('',#6335,2.30940107675851);
#2112=CIRCLE('',#6336,2.30940107675851);
#2113=CIRCLE('',#6337,2.30940107675851);
#2114=CIRCLE('',#6338,2.30940107675851);
#2115=CIRCLE('',#6339,2.30940107675851);
#2116=CIRCLE('',#6340,2.30940107675851);
#2117=VERTEX_POINT('',#8241);
#2118=VERTEX_POINT('',#8243);
#2119=VERTEX_POINT('',#8247);
#2120=VERTEX_POINT('',#8249);
#2121=VERTEX_POINT('',#8253);
#2122=VERTEX_POINT('',#8255);
#2123=VERTEX_POINT('',#8259);
#2124=VERTEX_POINT('',#8263);
#2125=VERTEX_POINT('',#8267);
#2126=VERTEX_POINT('',#8271);
#2127=VERTEX_POINT('',#8272);
#2128=VERTEX_POINT('',#8274);
#2129=VERTEX_POINT('',#8276);
#2130=VERTEX_POINT('',#8280);
#2131=VERTEX_POINT('',#8281);
#2132=VERTEX_POINT('',#8283);
#2133=VERTEX_POINT('',#8285);
#2134=VERTEX_POINT('',#8289);
#2135=VERTEX_POINT('',#8290);
#2136=VERTEX_POINT('',#8292);
#2137=VERTEX_POINT('',#8294);
#2138=VERTEX_POINT('',#8298);
#2139=VERTEX_POINT('',#8299);
#2140=VERTEX_POINT('',#8301);
#2141=VERTEX_POINT('',#8303);
#2142=VERTEX_POINT('',#8307);
#2143=VERTEX_POINT('',#8308);
#2144=VERTEX_POINT('',#8310);
#2145=VERTEX_POINT('',#8312);
#2146=VERTEX_POINT('',#8324);
#2147=VERTEX_POINT('',#8325);
#2148=VERTEX_POINT('',#8327);
#2149=VERTEX_POINT('',#8329);
#2150=VERTEX_POINT('',#8341);
#2151=VERTEX_POINT('',#8342);
#2152=VERTEX_POINT('',#8344);
#2153=VERTEX_POINT('',#8346);
#2154=VERTEX_POINT('',#8364);
#2155=VERTEX_POINT('',#8365);
#2156=VERTEX_POINT('',#8372);
#2157=VERTEX_POINT('',#8401);
#2158=VERTEX_POINT('',#8403);
#2159=VERTEX_POINT('',#8415);
#2160=VERTEX_POINT('',#8416);
#2161=VERTEX_POINT('',#8418);
#2162=VERTEX_POINT('',#8420);
#2163=VERTEX_POINT('',#8438);
#2164=VERTEX_POINT('',#8439);
#2165=VERTEX_POINT('',#8450);
#2166=VERTEX_POINT('',#8452);
#2167=VERTEX_POINT('',#8454);
#2168=VERTEX_POINT('',#8466);
#2169=VERTEX_POINT('',#8467);
#2170=VERTEX_POINT('',#8469);
#2171=VERTEX_POINT('',#8471);
#2172=VERTEX_POINT('',#8483);
#2173=VERTEX_POINT('',#8484);
#2174=VERTEX_POINT('',#8486);
#2175=VERTEX_POINT('',#8488);
#2176=VERTEX_POINT('',#8500);
#2177=VERTEX_POINT('',#8502);
#2178=VERTEX_POINT('',#8520);
#2179=VERTEX_POINT('',#8521);
#2180=VERTEX_POINT('',#8528);
#2181=VERTEX_POINT('',#8568);
#2182=VERTEX_POINT('',#8570);
#2183=VERTEX_POINT('',#8588);
#2184=VERTEX_POINT('',#8589);
#2185=VERTEX_POINT('',#8600);
#2186=VERTEX_POINT('',#8613);
#2187=VERTEX_POINT('',#8614);
#2188=VERTEX_POINT('',#8616);
#2189=VERTEX_POINT('',#8618);
#2190=VERTEX_POINT('',#8622);
#2191=VERTEX_POINT('',#8624);
#2192=VERTEX_POINT('',#8628);
#2193=VERTEX_POINT('',#8629);
#2194=VERTEX_POINT('',#8631);
#2195=VERTEX_POINT('',#8636);
#2196=VERTEX_POINT('',#8637);
#2197=VERTEX_POINT('',#8639);
#2198=VERTEX_POINT('',#8644);
#2199=VERTEX_POINT('',#8645);
#2200=VERTEX_POINT('',#8647);
#2201=VERTEX_POINT('',#8652);
#2202=VERTEX_POINT('',#8656);
#2203=VERTEX_POINT('',#8660);
#2204=VERTEX_POINT('',#8664);
#2205=VERTEX_POINT('',#8665);
#2206=VERTEX_POINT('',#8667);
#2207=VERTEX_POINT('',#8669);
#2208=VERTEX_POINT('',#8671);
#2209=VERTEX_POINT('',#8674);
#2210=VERTEX_POINT('',#8676);
#2211=VERTEX_POINT('',#8678);
#2212=VERTEX_POINT('',#8680);
#2213=VERTEX_POINT('',#8684);
#2214=VERTEX_POINT('',#8686);
#2215=VERTEX_POINT('',#8688);
#2216=VERTEX_POINT('',#8690);
#2217=VERTEX_POINT('',#8692);
#2218=VERTEX_POINT('',#8694);
#2219=VERTEX_POINT('',#8696);
#2220=VERTEX_POINT('',#8698);
#2221=VERTEX_POINT('',#8700);
#2222=VERTEX_POINT('',#8702);
#2223=VERTEX_POINT('',#8704);
#2224=VERTEX_POINT('',#8706);
#2225=VERTEX_POINT('',#8708);
#2226=VERTEX_POINT('',#8710);
#2227=VERTEX_POINT('',#8713);
#2228=VERTEX_POINT('',#8715);
#2229=VERTEX_POINT('',#8717);
#2230=VERTEX_POINT('',#8719);
#2231=VERTEX_POINT('',#8723);
#2232=VERTEX_POINT('',#8725);
#2233=VERTEX_POINT('',#8727);
#2234=VERTEX_POINT('',#8729);
#2235=VERTEX_POINT('',#8731);
#2236=VERTEX_POINT('',#8733);
#2237=VERTEX_POINT('',#8735);
#2238=VERTEX_POINT('',#8737);
#2239=VERTEX_POINT('',#8739);
#2240=VERTEX_POINT('',#8743);
#2241=VERTEX_POINT('',#8745);
#2242=VERTEX_POINT('',#8749);
#2243=VERTEX_POINT('',#8753);
#2244=VERTEX_POINT('',#8757);
#2245=VERTEX_POINT('',#8761);
#2246=VERTEX_POINT('',#8765);
#2247=VERTEX_POINT('',#8774);
#2248=VERTEX_POINT('',#8782);
#2249=VERTEX_POINT('',#8786);
#2250=VERTEX_POINT('',#8790);
#2251=VERTEX_POINT('',#8794);
#2252=VERTEX_POINT('',#8798);
#2253=VERTEX_POINT('',#8802);
#2254=VERTEX_POINT('',#8804);
#2255=VERTEX_POINT('',#8808);
#2256=VERTEX_POINT('',#8810);
#2257=VERTEX_POINT('',#8814);
#2258=VERTEX_POINT('',#8818);
#2259=VERTEX_POINT('',#8822);
#2260=VERTEX_POINT('',#8826);
#2261=VERTEX_POINT('',#8830);
#2262=VERTEX_POINT('',#8848);
#2263=VERTEX_POINT('',#8852);
#2264=VERTEX_POINT('',#8856);
#2265=VERTEX_POINT('',#8860);
#2266=VERTEX_POINT('',#8864);
#2267=VERTEX_POINT('',#8868);
#2268=VERTEX_POINT('',#8870);
#2269=VERTEX_POINT('',#8874);
#2270=VERTEX_POINT('',#8878);
#2271=VERTEX_POINT('',#8879);
#2272=VERTEX_POINT('',#8884);
#2273=VERTEX_POINT('',#8888);
#2274=VERTEX_POINT('',#8899);
#2275=VERTEX_POINT('',#8906);
#2276=VERTEX_POINT('',#8913);
#2277=VERTEX_POINT('',#8918);
#2278=VERTEX_POINT('',#8920);
#2279=VERTEX_POINT('',#8924);
#2280=VERTEX_POINT('',#8928);
#2281=VERTEX_POINT('',#8932);
#2282=VERTEX_POINT('',#8936);
#2283=VERTEX_POINT('',#8940);
#2284=VERTEX_POINT('',#8942);
#2285=VERTEX_POINT('',#8946);
#2286=VERTEX_POINT('',#8948);
#2287=VERTEX_POINT('',#8952);
#2288=VERTEX_POINT('',#8956);
#2289=VERTEX_POINT('',#8960);
#2290=VERTEX_POINT('',#8976);
#2291=VERTEX_POINT('',#8980);
#2292=VERTEX_POINT('',#8982);
#2293=VERTEX_POINT('',#8986);
#2294=VERTEX_POINT('',#8990);
#2295=VERTEX_POINT('',#8994);
#2296=VERTEX_POINT('',#8998);
#2297=VERTEX_POINT('',#9002);
#2298=VERTEX_POINT('',#9004);
#2299=VERTEX_POINT('',#9008);
#2300=VERTEX_POINT('',#9015);
#2301=VERTEX_POINT('',#9017);
#2302=VERTEX_POINT('',#9021);
#2303=VERTEX_POINT('',#9025);
#2304=VERTEX_POINT('',#9036);
#2305=VERTEX_POINT('',#9040);
#2306=VERTEX_POINT('',#9044);
#2307=VERTEX_POINT('',#9048);
#2308=VERTEX_POINT('',#9057);
#2309=VERTEX_POINT('',#9061);
#2310=VERTEX_POINT('',#9063);
#2311=VERTEX_POINT('',#9067);
#2312=VERTEX_POINT('',#9071);
#2313=VERTEX_POINT('',#9075);
#2314=VERTEX_POINT('',#9082);
#2315=VERTEX_POINT('',#9089);
#2316=VERTEX_POINT('',#9091);
#2317=VERTEX_POINT('',#9095);
#2318=VERTEX_POINT('',#9097);
#2319=VERTEX_POINT('',#9101);
#2320=VERTEX_POINT('',#9105);
#2321=VERTEX_POINT('',#9109);
#2322=VERTEX_POINT('',#9119);
#2323=VERTEX_POINT('',#9123);
#2324=VERTEX_POINT('',#9127);
#2325=VERTEX_POINT('',#9131);
#2326=VERTEX_POINT('',#9139);
#2327=VERTEX_POINT('',#9143);
#2328=VERTEX_POINT('',#9145);
#2329=VERTEX_POINT('',#9149);
#2330=VERTEX_POINT('',#9153);
#2331=VERTEX_POINT('',#9157);
#2332=VERTEX_POINT('',#9164);
#2333=VERTEX_POINT('',#9171);
#2334=VERTEX_POINT('',#9173);
#2335=VERTEX_POINT('',#9177);
#2336=VERTEX_POINT('',#9363);
#2337=VERTEX_POINT('',#9364);
#2338=VERTEX_POINT('',#9366);
#2339=VERTEX_POINT('',#9368);
#2340=VERTEX_POINT('',#9372);
#2341=VERTEX_POINT('',#9374);
#2342=VERTEX_POINT('',#9378);
#2343=VERTEX_POINT('',#9380);
#2344=VERTEX_POINT('',#9384);
#2345=VERTEX_POINT('',#9385);
#2346=VERTEX_POINT('',#9387);
#2347=VERTEX_POINT('',#9389);
#2348=VERTEX_POINT('',#9393);
#2349=VERTEX_POINT('',#9394);
#2350=VERTEX_POINT('',#9396);
#2351=VERTEX_POINT('',#9398);
#2352=VERTEX_POINT('',#9405);
#2353=VERTEX_POINT('',#9409);
#2354=VERTEX_POINT('',#9410);
#2355=VERTEX_POINT('',#9421);
#2356=VERTEX_POINT('',#9450);
#2357=VERTEX_POINT('',#9485);
#2358=VERTEX_POINT('',#9489);
#2359=VERTEX_POINT('',#9490);
#2360=VERTEX_POINT('',#9492);
#2361=VERTEX_POINT('',#9494);
#2362=VERTEX_POINT('',#9496);
#2363=VERTEX_POINT('',#9500);
#2364=VERTEX_POINT('',#9501);
#2365=VERTEX_POINT('',#9503);
#2366=VERTEX_POINT('',#9505);
#2367=VERTEX_POINT('',#9507);
#2368=VERTEX_POINT('',#9511);
#2369=VERTEX_POINT('',#9512);
#2370=VERTEX_POINT('',#9514);
#2371=VERTEX_POINT('',#9516);
#2372=VERTEX_POINT('',#9527);
#2373=VERTEX_POINT('',#9529);
#2374=VERTEX_POINT('',#9540);
#2375=VERTEX_POINT('',#9542);
#2376=VERTEX_POINT('',#9544);
#2377=VERTEX_POINT('',#9546);
#2378=VERTEX_POINT('',#9557);
#2379=VERTEX_POINT('',#9561);
#2380=VERTEX_POINT('',#9563);
#2381=VERTEX_POINT('',#9574);
#2382=VERTEX_POINT('',#9576);
#2383=VERTEX_POINT('',#9578);
#2384=VERTEX_POINT('',#9580);
#2385=VERTEX_POINT('',#9591);
#2386=VERTEX_POINT('',#9593);
#2387=VERTEX_POINT('',#9607);
#2388=VERTEX_POINT('',#9609);
#2389=VERTEX_POINT('',#9612);
#2390=VERTEX_POINT('',#9614);
#2391=VERTEX_POINT('',#9618);
#2392=VERTEX_POINT('',#9622);
#2393=VERTEX_POINT('',#9626);
#2394=VERTEX_POINT('',#9628);
#2395=VERTEX_POINT('',#9630);
#2396=VERTEX_POINT('',#9632);
#2397=VERTEX_POINT('',#9634);
#2398=VERTEX_POINT('',#9636);
#2399=VERTEX_POINT('',#9638);
#2400=VERTEX_POINT('',#9640);
#2401=VERTEX_POINT('',#9643);
#2402=VERTEX_POINT('',#9645);
#2403=VERTEX_POINT('',#9647);
#2404=VERTEX_POINT('',#9649);
#2405=VERTEX_POINT('',#9651);
#2406=VERTEX_POINT('',#9653);
#2407=VERTEX_POINT('',#9655);
#2408=VERTEX_POINT('',#9657);
#2409=VERTEX_POINT('',#9659);
#2410=VERTEX_POINT('',#9662);
#2411=VERTEX_POINT('',#9664);
#2412=VERTEX_POINT('',#9666);
#2413=VERTEX_POINT('',#9668);
#2414=VERTEX_POINT('',#9670);
#2415=VERTEX_POINT('',#9672);
#2416=VERTEX_POINT('',#9674);
#2417=VERTEX_POINT('',#9676);
#2418=VERTEX_POINT('',#9680);
#2419=VERTEX_POINT('',#9684);
#2420=VERTEX_POINT('',#9688);
#2421=VERTEX_POINT('',#9689);
#2422=VERTEX_POINT('',#9691);
#2423=VERTEX_POINT('',#9693);
#2424=VERTEX_POINT('',#9695);
#2425=VERTEX_POINT('',#9698);
#2426=VERTEX_POINT('',#9700);
#2427=VERTEX_POINT('',#9704);
#2428=VERTEX_POINT('',#9710);
#2429=VERTEX_POINT('',#9714);
#2430=VERTEX_POINT('',#9718);
#2431=VERTEX_POINT('',#9719);
#2432=VERTEX_POINT('',#9721);
#2433=VERTEX_POINT('',#9723);
#2434=VERTEX_POINT('',#9725);
#2435=VERTEX_POINT('',#9728);
#2436=VERTEX_POINT('',#9730);
#2437=VERTEX_POINT('',#9734);
#2438=VERTEX_POINT('',#9740);
#2439=VERTEX_POINT('',#9746);
#2440=VERTEX_POINT('',#9752);
#2441=VERTEX_POINT('',#9760);
#2442=VERTEX_POINT('',#9764);
#2443=VERTEX_POINT('',#9768);
#2444=VERTEX_POINT('',#9772);
#2445=VERTEX_POINT('',#9776);
#2446=VERTEX_POINT('',#9780);
#2447=VERTEX_POINT('',#9931);
#2448=VERTEX_POINT('',#9935);
#2449=VERTEX_POINT('',#9939);
#2450=VERTEX_POINT('',#9943);
#2451=VERTEX_POINT('',#9947);
#2452=VERTEX_POINT('',#9951);
#2453=VERTEX_POINT('',#9984);
#2454=VERTEX_POINT('',#9986);
#2455=VERTEX_POINT('',#9990);
#2456=VERTEX_POINT('',#9991);
#2457=VERTEX_POINT('',#9994);
#2458=VERTEX_POINT('',#10001);
#2459=VERTEX_POINT('',#10002);
#2460=VERTEX_POINT('',#10004);
#2461=VERTEX_POINT('',#10006);
#2462=VERTEX_POINT('',#10008);
#2463=VERTEX_POINT('',#10010);
#2464=VERTEX_POINT('',#10038);
#2465=VERTEX_POINT('',#10039);
#2466=VERTEX_POINT('',#10041);
#2467=VERTEX_POINT('',#10043);
#2468=VERTEX_POINT('',#10045);
#2469=VERTEX_POINT('',#10047);
#2470=VERTEX_POINT('',#10066);
#2471=VERTEX_POINT('',#10067);
#2472=VERTEX_POINT('',#10078);
#2473=VERTEX_POINT('',#10107);
#2474=VERTEX_POINT('',#10109);
#2475=VERTEX_POINT('',#10118);
#2476=VERTEX_POINT('',#10120);
#2477=VERTEX_POINT('',#10122);
#2478=VERTEX_POINT('',#10124);
#2479=VERTEX_POINT('',#10139);
#2480=VERTEX_POINT('',#10141);
#2481=VERTEX_POINT('',#10143);
#2482=VERTEX_POINT('',#10154);
#2483=VERTEX_POINT('',#10156);
#2484=VERTEX_POINT('',#10160);
#2485=VERTEX_POINT('',#10161);
#2486=VERTEX_POINT('',#10163);
#2487=VERTEX_POINT('',#10165);
#2488=VERTEX_POINT('',#10167);
#2489=VERTEX_POINT('',#10171);
#2490=VERTEX_POINT('',#10172);
#2491=VERTEX_POINT('',#10174);
#2492=VERTEX_POINT('',#10176);
#2493=VERTEX_POINT('',#10178);
#2494=VERTEX_POINT('',#10182);
#2495=VERTEX_POINT('',#10183);
#2496=VERTEX_POINT('',#10186);
#2497=VERTEX_POINT('',#10188);
#2498=VERTEX_POINT('',#10193);
#2499=VERTEX_POINT('',#10194);
#2500=VERTEX_POINT('',#10196);
#2501=VERTEX_POINT('',#10198);
#2502=VERTEX_POINT('',#10209);
#2503=VERTEX_POINT('',#10211);
#2504=VERTEX_POINT('',#10222);
#2505=VERTEX_POINT('',#10224);
#2506=VERTEX_POINT('',#10226);
#2507=VERTEX_POINT('',#10228);
#2508=VERTEX_POINT('',#10239);
#2509=VERTEX_POINT('',#10243);
#2510=VERTEX_POINT('',#10245);
#2511=VERTEX_POINT('',#10256);
#2512=VERTEX_POINT('',#10258);
#2513=VERTEX_POINT('',#10260);
#2514=VERTEX_POINT('',#10262);
#2515=VERTEX_POINT('',#10273);
#2516=VERTEX_POINT('',#10275);
#2517=VERTEX_POINT('',#10288);
#2518=VERTEX_POINT('',#10292);
#2519=VERTEX_POINT('',#10296);
#2520=VERTEX_POINT('',#10300);
#2521=VERTEX_POINT('',#10306);
#2522=VERTEX_POINT('',#10308);
#2523=VERTEX_POINT('',#10315);
#2524=VERTEX_POINT('',#10317);
#2525=VERTEX_POINT('',#10320);
#2526=VERTEX_POINT('',#10322);
#2527=VERTEX_POINT('',#10326);
#2528=VERTEX_POINT('',#10330);
#2529=VERTEX_POINT('',#10334);
#2530=VERTEX_POINT('',#10336);
#2531=VERTEX_POINT('',#10338);
#2532=VERTEX_POINT('',#10340);
#2533=VERTEX_POINT('',#10342);
#2534=VERTEX_POINT('',#10344);
#2535=VERTEX_POINT('',#10346);
#2536=VERTEX_POINT('',#10348);
#2537=VERTEX_POINT('',#10351);
#2538=VERTEX_POINT('',#10353);
#2539=VERTEX_POINT('',#10355);
#2540=VERTEX_POINT('',#10357);
#2541=VERTEX_POINT('',#10359);
#2542=VERTEX_POINT('',#10361);
#2543=VERTEX_POINT('',#10363);
#2544=VERTEX_POINT('',#10365);
#2545=VERTEX_POINT('',#10367);
#2546=VERTEX_POINT('',#10370);
#2547=VERTEX_POINT('',#10372);
#2548=VERTEX_POINT('',#10374);
#2549=VERTEX_POINT('',#10376);
#2550=VERTEX_POINT('',#10378);
#2551=VERTEX_POINT('',#10380);
#2552=VERTEX_POINT('',#10382);
#2553=VERTEX_POINT('',#10384);
#2554=VERTEX_POINT('',#10388);
#2555=VERTEX_POINT('',#10392);
#2556=VERTEX_POINT('',#10396);
#2557=VERTEX_POINT('',#10397);
#2558=VERTEX_POINT('',#10399);
#2559=VERTEX_POINT('',#10401);
#2560=VERTEX_POINT('',#10403);
#2561=VERTEX_POINT('',#10406);
#2562=VERTEX_POINT('',#10408);
#2563=VERTEX_POINT('',#10412);
#2564=VERTEX_POINT('',#10418);
#2565=VERTEX_POINT('',#10422);
#2566=VERTEX_POINT('',#10426);
#2567=VERTEX_POINT('',#10427);
#2568=VERTEX_POINT('',#10429);
#2569=VERTEX_POINT('',#10431);
#2570=VERTEX_POINT('',#10433);
#2571=VERTEX_POINT('',#10436);
#2572=VERTEX_POINT('',#10438);
#2573=VERTEX_POINT('',#10442);
#2574=VERTEX_POINT('',#10448);
#2575=VERTEX_POINT('',#10454);
#2576=VERTEX_POINT('',#10460);
#2577=VERTEX_POINT('',#10468);
#2578=VERTEX_POINT('',#10472);
#2579=VERTEX_POINT('',#10476);
#2580=VERTEX_POINT('',#10480);
#2581=VERTEX_POINT('',#10484);
#2582=VERTEX_POINT('',#10488);
#2583=VERTEX_POINT('',#10639);
#2584=VERTEX_POINT('',#10643);
#2585=VERTEX_POINT('',#10647);
#2586=VERTEX_POINT('',#10651);
#2587=VERTEX_POINT('',#10655);
#2588=VERTEX_POINT('',#10659);
#2589=VERTEX_POINT('',#10697);
#2590=VERTEX_POINT('',#10699);
#2591=VERTEX_POINT('',#10703);
#2592=VERTEX_POINT('',#10704);
#2593=VERTEX_POINT('',#10707);
#2594=VERTEX_POINT('',#10714);
#2595=VERTEX_POINT('',#10715);
#2596=VERTEX_POINT('',#10717);
#2597=VERTEX_POINT('',#10719);
#2598=VERTEX_POINT('',#10721);
#2599=VERTEX_POINT('',#10723);
#2600=VERTEX_POINT('',#10751);
#2601=VERTEX_POINT('',#10752);
#2602=VERTEX_POINT('',#10754);
#2603=VERTEX_POINT('',#10756);
#2604=VERTEX_POINT('',#10758);
#2605=VERTEX_POINT('',#10760);
#2606=EDGE_CURVE('',#2117,#2117,#1663,.T.);
#2607=EDGE_CURVE('',#2117,#2118,#1033,.T.);
#2608=EDGE_CURVE('',#2118,#2118,#1664,.T.);
#2609=EDGE_CURVE('',#2119,#2119,#1665,.T.);
#2610=EDGE_CURVE('',#2119,#2120,#1034,.T.);
#2611=EDGE_CURVE('',#2120,#2120,#1666,.T.);
#2612=EDGE_CURVE('',#2121,#2121,#1667,.T.);
#2613=EDGE_CURVE('',#2121,#2122,#1035,.T.);
#2614=EDGE_CURVE('',#2122,#2122,#1668,.T.);
#2615=EDGE_CURVE('',#2118,#2123,#1036,.T.);
#2616=EDGE_CURVE('',#2123,#2123,#1669,.T.);
#2617=EDGE_CURVE('',#2120,#2124,#1037,.T.);
#2618=EDGE_CURVE('',#2124,#2124,#1670,.T.);
#2619=EDGE_CURVE('',#2122,#2125,#1038,.T.);
#2620=EDGE_CURVE('',#2125,#2125,#1671,.T.);
#2621=EDGE_CURVE('',#2126,#2127,#1672,.T.);
#2622=EDGE_CURVE('',#2126,#2128,#1039,.T.);
#2623=EDGE_CURVE('',#2128,#2129,#1673,.T.);
#2624=EDGE_CURVE('',#2129,#2127,#1040,.T.);
#2625=EDGE_CURVE('',#2130,#2131,#1674,.T.);
#2626=EDGE_CURVE('',#2132,#2130,#1041,.T.);
#2627=EDGE_CURVE('',#2133,#2132,#1675,.T.);
#2628=EDGE_CURVE('',#2131,#2133,#1042,.T.);
#2629=EDGE_CURVE('',#2134,#2135,#1676,.T.);
#2630=EDGE_CURVE('',#2136,#2134,#1043,.T.);
#2631=EDGE_CURVE('',#2137,#2136,#1677,.T.);
#2632=EDGE_CURVE('',#2135,#2137,#1044,.T.);
#2633=EDGE_CURVE('',#2138,#2139,#1678,.T.);
#2634=EDGE_CURVE('',#2140,#2139,#1045,.T.);
#2635=EDGE_CURVE('',#2140,#2141,#1679,.T.);
#2636=EDGE_CURVE('',#2138,#2141,#1046,.T.);
#2637=EDGE_CURVE('',#2142,#2143,#1680,.T.);
#2638=EDGE_CURVE('',#2144,#2143,#1047,.T.);
#2639=EDGE_CURVE('',#2144,#2145,#1681,.T.);
#2640=EDGE_CURVE('',#2142,#2145,#1048,.T.);
#2641=EDGE_CURVE('',#2146,#2147,#1682,.T.);
#2642=EDGE_CURVE('',#2148,#2146,#1683,.T.);
#2643=EDGE_CURVE('',#2149,#2148,#1684,.T.);
#2644=EDGE_CURVE('',#2147,#2149,#1685,.T.);
#2645=EDGE_CURVE('',#2150,#2151,#1686,.T.);
#2646=EDGE_CURVE('',#2150,#2152,#1687,.T.);
#2647=EDGE_CURVE('',#2152,#2153,#1688,.T.);
#2648=EDGE_CURVE('',#2153,#2151,#1689,.T.);
#2649=EDGE_CURVE('',#2154,#2155,#239,.T.);
#2650=EDGE_CURVE('',#2156,#2154,#240,.T.);
#2651=EDGE_CURVE('',#2157,#2156,#1690,.T.);
#2652=EDGE_CURVE('',#2158,#2157,#1691,.T.);
#2653=EDGE_CURVE('',#2155,#2158,#1692,.T.);
#2654=EDGE_CURVE('',#2159,#2160,#1693,.T.);
#2655=EDGE_CURVE('',#2159,#2161,#1694,.T.);
#2656=EDGE_CURVE('',#2161,#2162,#1695,.T.);
#2657=EDGE_CURVE('',#2162,#2160,#1696,.T.);
#2658=EDGE_CURVE('',#2163,#2164,#241,.T.);
#2659=EDGE_CURVE('',#2165,#2163,#237,.T.);
#2660=EDGE_CURVE('',#2166,#2165,#1697,.T.);
#2661=EDGE_CURVE('',#2167,#2166,#1698,.T.);
#2662=EDGE_CURVE('',#2164,#2167,#1699,.T.);
#2663=EDGE_CURVE('',#2168,#2169,#1700,.T.);
#2664=EDGE_CURVE('',#2168,#2170,#1701,.T.);
#2665=EDGE_CURVE('',#2170,#2171,#1702,.T.);
#2666=EDGE_CURVE('',#2171,#2169,#1703,.T.);
#2667=EDGE_CURVE('',#2172,#2173,#1704,.T.);
#2668=EDGE_CURVE('',#2174,#2172,#1705,.T.);
#2669=EDGE_CURVE('',#2175,#2174,#1706,.T.);
#2670=EDGE_CURVE('',#2173,#2175,#1707,.T.);
#2671=EDGE_CURVE('',#2140,#2176,#1708,.T.);
#2672=EDGE_CURVE('',#2176,#2177,#1709,.T.);
#2673=EDGE_CURVE('',#2177,#2141,#1710,.T.);
#2674=EDGE_CURVE('',#2178,#2179,#242,.T.);
#2675=EDGE_CURVE('',#2180,#2178,#243,.T.);
#2676=EDGE_CURVE('',#2139,#2180,#1711,.T.);
#2677=EDGE_CURVE('',#2179,#2138,#1712,.T.);
#2678=EDGE_CURVE('',#2144,#2181,#1713,.T.);
#2679=EDGE_CURVE('',#2181,#2182,#1714,.T.);
#2680=EDGE_CURVE('',#2182,#2145,#1715,.T.);
#2681=EDGE_CURVE('',#2183,#2184,#244,.T.);
#2682=EDGE_CURVE('',#2185,#2183,#238,.T.);
#2683=EDGE_CURVE('',#2143,#2185,#1716,.T.);
#2684=EDGE_CURVE('',#2184,#2142,#1717,.T.);
#2685=EDGE_CURVE('',#2186,#2187,#1718,.T.);
#2686=EDGE_CURVE('',#2186,#2188,#1719,.T.);
#2687=EDGE_CURVE('',#2188,#2189,#1720,.T.);
#2688=EDGE_CURVE('',#2189,#2187,#1721,.T.);
#2689=EDGE_CURVE('',#2190,#2190,#1722,.T.);
#2690=EDGE_CURVE('',#2190,#2191,#1049,.T.);
#2691=EDGE_CURVE('',#2191,#2191,#1723,.T.);
#2692=EDGE_CURVE('',#2192,#2193,#1724,.T.);
#2693=EDGE_CURVE('',#2193,#2194,#1050,.T.);
#2694=EDGE_CURVE('',#2194,#2194,#1725,.T.);
#2695=EDGE_CURVE('',#2193,#2192,#1726,.T.);
#2696=EDGE_CURVE('',#2195,#2196,#1727,.T.);
#2697=EDGE_CURVE('',#2196,#2197,#1051,.T.);
#2698=EDGE_CURVE('',#2197,#2197,#1728,.T.);
#2699=EDGE_CURVE('',#2196,#2195,#1729,.T.);
#2700=EDGE_CURVE('',#2198,#2199,#1730,.T.);
#2701=EDGE_CURVE('',#2199,#2200,#1052,.T.);
#2702=EDGE_CURVE('',#2200,#2200,#1731,.T.);
#2703=EDGE_CURVE('',#2199,#2198,#1732,.T.);
#2704=EDGE_CURVE('',#2192,#2201,#1053,.T.);
#2705=EDGE_CURVE('',#2201,#2201,#1733,.T.);
#2706=EDGE_CURVE('',#2195,#2202,#1054,.T.);
#2707=EDGE_CURVE('',#2202,#2202,#1734,.T.);
#2708=EDGE_CURVE('',#2198,#2203,#1055,.T.);
#2709=EDGE_CURVE('',#2203,#2203,#1735,.T.);
#2710=EDGE_CURVE('',#2204,#2205,#1736,.T.);
#2711=EDGE_CURVE('',#2206,#2204,#1737,.T.);
#2712=EDGE_CURVE('',#2207,#2206,#1056,.T.);
#2713=EDGE_CURVE('',#2208,#2207,#1738,.T.);
#2714=EDGE_CURVE('',#2153,#2208,#1739,.T.);
#2715=EDGE_CURVE('',#2209,#2152,#1057,.T.);
#2716=EDGE_CURVE('',#2210,#2209,#1740,.T.);
#2717=EDGE_CURVE('',#2211,#2210,#1741,.T.);
#2718=EDGE_CURVE('',#2212,#2211,#1742,.T.);
#2719=EDGE_CURVE('',#2162,#2212,#1058,.T.);
#2720=EDGE_CURVE('',#2171,#2161,#1743,.T.);
#2721=EDGE_CURVE('',#2213,#2170,#1059,.T.);
#2722=EDGE_CURVE('',#2214,#2213,#1744,.T.);
#2723=EDGE_CURVE('',#2215,#2214,#1745,.T.);
#2724=EDGE_CURVE('',#2216,#2215,#1746,.T.);
#2725=EDGE_CURVE('',#2217,#2216,#1060,.T.);
#2726=EDGE_CURVE('',#2218,#2217,#1747,.T.);
#2727=EDGE_CURVE('',#2219,#2218,#1748,.T.);
#2728=EDGE_CURVE('',#2220,#2219,#1749,.T.);
#2729=EDGE_CURVE('',#2221,#2220,#1061,.T.);
#2730=EDGE_CURVE('',#2222,#2221,#1750,.T.);
#2731=EDGE_CURVE('',#2223,#2222,#1751,.T.);
#2732=EDGE_CURVE('',#2224,#2223,#1752,.T.);
#2733=EDGE_CURVE('',#2225,#2224,#1062,.T.);
#2734=EDGE_CURVE('',#2226,#2225,#1753,.T.);
#2735=EDGE_CURVE('',#2177,#2226,#1754,.T.);
#2736=EDGE_CURVE('',#2227,#2176,#1063,.T.);
#2737=EDGE_CURVE('',#2228,#2227,#1755,.T.);
#2738=EDGE_CURVE('',#2229,#2228,#1756,.T.);
#2739=EDGE_CURVE('',#2230,#2229,#1757,.T.);
#2740=EDGE_CURVE('',#2182,#2230,#1064,.T.);
#2741=EDGE_CURVE('',#2189,#2181,#1758,.T.);
#2742=EDGE_CURVE('',#2231,#2188,#1065,.T.);
#2743=EDGE_CURVE('',#2232,#2231,#1759,.T.);
#2744=EDGE_CURVE('',#2233,#2232,#1760,.T.);
#2745=EDGE_CURVE('',#2234,#2233,#1761,.T.);
#2746=EDGE_CURVE('',#2235,#2234,#1066,.T.);
#2747=EDGE_CURVE('',#2236,#2235,#1762,.T.);
#2748=EDGE_CURVE('',#2237,#2236,#1763,.T.);
#2749=EDGE_CURVE('',#2238,#2237,#1764,.T.);
#2750=EDGE_CURVE('',#2239,#2238,#1067,.T.);
#2751=EDGE_CURVE('',#2205,#2239,#1765,.T.);
#2752=EDGE_CURVE('',#2240,#2205,#1766,.T.);
#2753=EDGE_CURVE('',#2239,#2241,#1767,.T.);
#2754=EDGE_CURVE('',#2241,#2240,#1768,.T.);
#2755=EDGE_CURVE('',#2242,#2204,#1769,.T.);
#2756=EDGE_CURVE('',#2240,#2242,#1770,.T.);
#2757=EDGE_CURVE('',#2243,#2206,#1771,.T.);
#2758=EDGE_CURVE('',#2242,#2243,#1772,.T.);
#2759=EDGE_CURVE('',#2207,#2244,#1773,.T.);
#2760=EDGE_CURVE('',#2243,#2244,#1068,.T.);
#2761=EDGE_CURVE('',#2245,#2208,#1774,.T.);
#2762=EDGE_CURVE('',#2245,#2151,#1775,.T.);
#2763=EDGE_CURVE('',#2246,#2209,#1776,.T.);
#2764=EDGE_CURVE('',#2150,#2246,#1069,.T.);
#2765=EDGE_CURVE('',#2126,#2210,#1777,.T.);
#2766=EDGE_CURVE('',#2246,#2126,#1778,.T.);
#2767=EDGE_CURVE('',#2127,#2211,#1779,.T.);
#2768=EDGE_CURVE('',#2247,#2212,#1780,.T.);
#2769=EDGE_CURVE('',#2127,#2247,#1781,.T.);
#2770=EDGE_CURVE('',#2247,#2160,#1070,.T.);
#2771=EDGE_CURVE('',#2159,#2169,#1782,.T.);
#2772=EDGE_CURVE('',#2248,#2213,#1783,.T.);
#2773=EDGE_CURVE('',#2168,#2248,#1071,.T.);
#2774=EDGE_CURVE('',#2249,#2214,#1784,.T.);
#2775=EDGE_CURVE('',#2248,#2249,#1785,.T.);
#2776=EDGE_CURVE('',#2250,#2215,#1786,.T.);
#2777=EDGE_CURVE('',#2249,#2250,#1787,.T.);
#2778=EDGE_CURVE('',#2251,#2216,#1788,.T.);
#2779=EDGE_CURVE('',#2250,#2251,#1789,.T.);
#2780=EDGE_CURVE('',#2217,#2252,#1790,.T.);
#2781=EDGE_CURVE('',#2251,#2252,#1072,.T.);
#2782=EDGE_CURVE('',#2219,#2253,#1791,.T.);
#2783=EDGE_CURVE('',#2254,#2218,#1792,.T.);
#2784=EDGE_CURVE('',#2254,#2253,#1793,.T.);
#2785=EDGE_CURVE('',#2255,#2221,#1794,.T.);
#2786=EDGE_CURVE('',#2256,#2220,#1795,.T.);
#2787=EDGE_CURVE('',#2256,#2255,#1073,.T.);
#2788=EDGE_CURVE('',#2257,#2222,#1796,.T.);
#2789=EDGE_CURVE('',#2255,#2257,#1797,.T.);
#2790=EDGE_CURVE('',#2258,#2223,#1798,.T.);
#2791=EDGE_CURVE('',#2257,#2258,#1799,.T.);
#2792=EDGE_CURVE('',#2259,#2224,#1800,.T.);
#2793=EDGE_CURVE('',#2258,#2259,#1801,.T.);
#2794=EDGE_CURVE('',#2225,#2260,#1802,.T.);
#2795=EDGE_CURVE('',#2259,#2260,#1074,.T.);
#2796=EDGE_CURVE('',#2261,#2226,#1803,.T.);
#2797=EDGE_CURVE('',#2261,#2141,#1804,.T.);
#2798=EDGE_CURVE('',#2130,#2227,#1805,.T.);
#2799=EDGE_CURVE('',#2140,#2130,#1075,.T.);
#2800=EDGE_CURVE('',#2131,#2228,#1806,.T.);
#2801=EDGE_CURVE('',#2134,#2229,#1807,.T.);
#2802=EDGE_CURVE('',#2131,#2134,#1808,.T.);
#2803=EDGE_CURVE('',#2135,#2230,#1809,.T.);
#2804=EDGE_CURVE('',#2135,#2145,#1076,.T.);
#2805=EDGE_CURVE('',#2144,#2187,#1810,.T.);
#2806=EDGE_CURVE('',#2262,#2231,#1811,.T.);
#2807=EDGE_CURVE('',#2186,#2262,#1077,.T.);
#2808=EDGE_CURVE('',#2263,#2232,#1812,.T.);
#2809=EDGE_CURVE('',#2262,#2263,#1813,.T.);
#2810=EDGE_CURVE('',#2264,#2233,#1814,.T.);
#2811=EDGE_CURVE('',#2263,#2264,#1815,.T.);
#2812=EDGE_CURVE('',#2265,#2234,#1816,.T.);
#2813=EDGE_CURVE('',#2264,#2265,#1817,.T.);
#2814=EDGE_CURVE('',#2235,#2266,#1818,.T.);
#2815=EDGE_CURVE('',#2265,#2266,#1078,.T.);
#2816=EDGE_CURVE('',#2237,#2267,#1819,.T.);
#2817=EDGE_CURVE('',#2268,#2236,#1820,.T.);
#2818=EDGE_CURVE('',#2268,#2267,#1821,.T.);
#2819=EDGE_CURVE('',#2269,#2238,#1822,.T.);
#2820=EDGE_CURVE('',#2269,#2241,#1079,.T.);
#2821=EDGE_CURVE('',#2270,#2271,#1823,.T.);
#2822=EDGE_CURVE('',#2240,#2270,#1080,.T.);
#2823=EDGE_CURVE('',#2271,#2241,#1081,.T.);
#2824=EDGE_CURVE('',#2272,#2242,#1082,.T.);
#2825=EDGE_CURVE('',#2270,#2272,#1824,.T.);
#2826=EDGE_CURVE('',#2273,#2272,#1825,.T.);
#2827=EDGE_CURVE('',#2243,#2273,#1083,.T.);
#2828=EDGE_CURVE('',#2149,#2244,#1084,.T.);
#2829=EDGE_CURVE('',#2273,#2149,#1085,.T.);
#2830=EDGE_CURVE('',#2158,#2151,#1086,.T.);
#2831=EDGE_CURVE('',#2245,#2148,#1087,.T.);
#2832=EDGE_CURVE('',#2148,#2158,#1826,.T.);
#2833=EDGE_CURVE('',#2274,#2246,#1088,.T.);
#2834=EDGE_CURVE('',#2150,#2157,#1089,.T.);
#2835=EDGE_CURVE('',#2157,#2274,#1090,.T.);
#2836=EDGE_CURVE('',#2128,#2274,#1827,.T.);
#2837=EDGE_CURVE('',#2275,#2129,#1828,.T.);
#2838=EDGE_CURVE('',#2247,#2275,#1091,.T.);
#2839=EDGE_CURVE('',#2167,#2160,#1092,.T.);
#2840=EDGE_CURVE('',#2275,#2167,#1093,.T.);
#2841=EDGE_CURVE('',#2276,#2169,#1094,.T.);
#2842=EDGE_CURVE('',#2159,#2166,#1095,.T.);
#2843=EDGE_CURVE('',#2166,#2276,#1829,.T.);
#2844=EDGE_CURVE('',#2277,#2248,#1096,.T.);
#2845=EDGE_CURVE('',#2168,#2278,#1097,.T.);
#2846=EDGE_CURVE('',#2278,#2277,#1098,.T.);
#2847=EDGE_CURVE('',#2279,#2277,#1830,.T.);
#2848=EDGE_CURVE('',#2249,#2279,#1099,.T.);
#2849=EDGE_CURVE('',#2280,#2250,#1100,.T.);
#2850=EDGE_CURVE('',#2279,#2280,#1831,.T.);
#2851=EDGE_CURVE('',#2281,#2280,#1832,.T.);
#2852=EDGE_CURVE('',#2251,#2281,#1101,.T.);
#2853=EDGE_CURVE('',#2282,#2252,#1102,.T.);
#2854=EDGE_CURVE('',#2281,#2282,#1103,.T.);
#2855=EDGE_CURVE('',#2283,#2253,#1104,.T.);
#2856=EDGE_CURVE('',#2254,#2284,#1105,.T.);
#2857=EDGE_CURVE('',#2284,#2283,#1833,.T.);
#2858=EDGE_CURVE('',#2285,#2255,#1106,.T.);
#2859=EDGE_CURVE('',#2256,#2286,#1107,.T.);
#2860=EDGE_CURVE('',#2286,#2285,#1108,.T.);
#2861=EDGE_CURVE('',#2287,#2285,#1834,.T.);
#2862=EDGE_CURVE('',#2257,#2287,#1109,.T.);
#2863=EDGE_CURVE('',#2288,#2258,#1110,.T.);
#2864=EDGE_CURVE('',#2287,#2288,#1835,.T.);
#2865=EDGE_CURVE('',#2289,#2288,#1836,.T.);
#2866=EDGE_CURVE('',#2259,#2289,#1111,.T.);
#2867=EDGE_CURVE('',#2175,#2260,#1112,.T.);
#2868=EDGE_CURVE('',#2289,#2175,#1113,.T.);
#2869=EDGE_CURVE('',#2261,#2174,#1114,.T.);
#2870=EDGE_CURVE('',#2174,#2138,#1837,.T.);
#2871=EDGE_CURVE('',#2139,#2132,#1115,.T.);
#2872=EDGE_CURVE('',#2133,#2136,#1838,.T.);
#2873=EDGE_CURVE('',#2137,#2142,#1116,.T.);
#2874=EDGE_CURVE('',#2290,#2187,#1117,.T.);
#2875=EDGE_CURVE('',#2143,#2290,#1839,.T.);
#2876=EDGE_CURVE('',#2291,#2262,#1118,.T.);
#2877=EDGE_CURVE('',#2186,#2292,#1119,.T.);
#2878=EDGE_CURVE('',#2292,#2291,#1120,.T.);
#2879=EDGE_CURVE('',#2293,#2291,#1840,.T.);
#2880=EDGE_CURVE('',#2263,#2293,#1121,.T.);
#2881=EDGE_CURVE('',#2294,#2264,#1122,.T.);
#2882=EDGE_CURVE('',#2293,#2294,#1841,.T.);
#2883=EDGE_CURVE('',#2295,#2294,#1842,.T.);
#2884=EDGE_CURVE('',#2265,#2295,#1123,.T.);
#2885=EDGE_CURVE('',#2296,#2266,#1124,.T.);
#2886=EDGE_CURVE('',#2295,#2296,#1125,.T.);
#2887=EDGE_CURVE('',#2297,#2267,#1126,.T.);
#2888=EDGE_CURVE('',#2268,#2298,#1127,.T.);
#2889=EDGE_CURVE('',#2298,#2297,#1843,.T.);
#2890=EDGE_CURVE('',#2269,#2299,#1128,.T.);
#2891=EDGE_CURVE('',#2299,#2271,#1129,.T.);
#2892=EDGE_CURVE('',#2271,#2300,#1844,.T.);
#2893=EDGE_CURVE('',#2300,#2301,#1845,.T.);
#2894=EDGE_CURVE('',#2301,#2270,#1846,.T.);
#2895=EDGE_CURVE('',#2301,#2302,#1847,.T.);
#2896=EDGE_CURVE('',#2302,#2272,#1848,.T.);
#2897=EDGE_CURVE('',#2302,#2303,#1849,.T.);
#2898=EDGE_CURVE('',#2303,#2273,#1850,.T.);
#2899=EDGE_CURVE('',#2245,#2244,#1851,.T.);
#2900=EDGE_CURVE('',#2303,#2147,#1130,.T.);
#2901=EDGE_CURVE('',#2146,#2155,#1852,.T.);
#2902=EDGE_CURVE('',#2156,#2304,#1131,.T.);
#2903=EDGE_CURVE('',#2304,#2274,#1853,.T.);
#2904=EDGE_CURVE('',#2304,#2305,#1854,.T.);
#2905=EDGE_CURVE('',#2305,#2128,#1855,.T.);
#2906=EDGE_CURVE('',#2305,#2306,#1856,.T.);
#2907=EDGE_CURVE('',#2306,#2129,#1857,.T.);
#2908=EDGE_CURVE('',#2306,#2307,#1858,.T.);
#2909=EDGE_CURVE('',#2307,#2275,#1859,.T.);
#2910=EDGE_CURVE('',#2307,#2164,#1132,.T.);
#2911=EDGE_CURVE('',#2276,#2278,#1860,.T.);
#2912=EDGE_CURVE('',#2165,#2308,#1861,.T.);
#2913=EDGE_CURVE('',#2308,#2276,#1862,.T.);
#2914=EDGE_CURVE('',#2278,#2309,#1863,.T.);
#2915=EDGE_CURVE('',#2309,#2310,#1133,.T.);
#2916=EDGE_CURVE('',#2310,#2277,#1864,.T.);
#2917=EDGE_CURVE('',#2310,#2311,#1865,.T.);
#2918=EDGE_CURVE('',#2311,#2279,#1866,.T.);
#2919=EDGE_CURVE('',#2311,#2312,#1867,.T.);
#2920=EDGE_CURVE('',#2312,#2280,#1868,.T.);
#2921=EDGE_CURVE('',#2312,#2313,#1869,.T.);
#2922=EDGE_CURVE('',#2313,#2281,#1870,.T.);
#2923=EDGE_CURVE('',#2254,#2252,#1871,.T.);
#2924=EDGE_CURVE('',#2282,#2284,#1872,.T.);
#2925=EDGE_CURVE('',#2313,#2314,#1134,.T.);
#2926=EDGE_CURVE('',#2314,#2282,#1873,.T.);
#2927=EDGE_CURVE('',#2256,#2253,#1874,.T.);
#2928=EDGE_CURVE('',#2283,#2286,#1875,.T.);
#2929=EDGE_CURVE('',#2284,#2315,#1876,.T.);
#2930=EDGE_CURVE('',#2315,#2316,#1877,.T.);
#2931=EDGE_CURVE('',#2316,#2283,#1878,.T.);
#2932=EDGE_CURVE('',#2286,#2317,#1879,.T.);
#2933=EDGE_CURVE('',#2317,#2318,#1135,.T.);
#2934=EDGE_CURVE('',#2318,#2285,#1880,.T.);
#2935=EDGE_CURVE('',#2318,#2319,#1881,.T.);
#2936=EDGE_CURVE('',#2319,#2287,#1882,.T.);
#2937=EDGE_CURVE('',#2319,#2320,#1883,.T.);
#2938=EDGE_CURVE('',#2320,#2288,#1884,.T.);
#2939=EDGE_CURVE('',#2320,#2321,#1885,.T.);
#2940=EDGE_CURVE('',#2321,#2289,#1886,.T.);
#2941=EDGE_CURVE('',#2261,#2260,#1887,.T.);
#2942=EDGE_CURVE('',#2321,#2173,#1136,.T.);
#2943=EDGE_CURVE('',#2172,#2179,#1888,.T.);
#2944=EDGE_CURVE('',#2180,#2322,#1137,.T.);
#2945=EDGE_CURVE('',#2322,#2132,#1889,.T.);
#2946=EDGE_CURVE('',#2322,#2323,#1890,.T.);
#2947=EDGE_CURVE('',#2323,#2133,#1891,.T.);
#2948=EDGE_CURVE('',#2323,#2324,#1892,.T.);
#2949=EDGE_CURVE('',#2324,#2136,#1893,.T.);
#2950=EDGE_CURVE('',#2324,#2325,#1894,.T.);
#2951=EDGE_CURVE('',#2325,#2137,#1895,.T.);
#2952=EDGE_CURVE('',#2325,#2184,#1138,.T.);
#2953=EDGE_CURVE('',#2290,#2292,#1896,.T.);
#2954=EDGE_CURVE('',#2185,#2326,#1897,.T.);
#2955=EDGE_CURVE('',#2326,#2290,#1898,.T.);
#2956=EDGE_CURVE('',#2292,#2327,#1899,.T.);
#2957=EDGE_CURVE('',#2327,#2328,#1139,.T.);
#2958=EDGE_CURVE('',#2328,#2291,#1900,.T.);
#2959=EDGE_CURVE('',#2328,#2329,#1901,.T.);
#2960=EDGE_CURVE('',#2329,#2293,#1902,.T.);
#2961=EDGE_CURVE('',#2329,#2330,#1903,.T.);
#2962=EDGE_CURVE('',#2330,#2294,#1904,.T.);
#2963=EDGE_CURVE('',#2330,#2331,#1905,.T.);
#2964=EDGE_CURVE('',#2331,#2295,#1906,.T.);
#2965=EDGE_CURVE('',#2268,#2266,#1907,.T.);
#2966=EDGE_CURVE('',#2296,#2298,#1908,.T.);
#2967=EDGE_CURVE('',#2331,#2332,#1140,.T.);
#2968=EDGE_CURVE('',#2332,#2296,#1909,.T.);
#2969=EDGE_CURVE('',#2269,#2267,#1910,.T.);
#2970=EDGE_CURVE('',#2297,#2299,#1911,.T.);
#2971=EDGE_CURVE('',#2298,#2333,#1912,.T.);
#2972=EDGE_CURVE('',#2333,#2334,#1913,.T.);
#2973=EDGE_CURVE('',#2334,#2297,#1914,.T.);
#2974=EDGE_CURVE('',#2299,#2335,#1915,.T.);
#2975=EDGE_CURVE('',#2335,#2300,#1141,.T.);
#2976=EDGE_CURVE('',#2333,#2332,#245,.T.);
#2977=EDGE_CURVE('',#2327,#2326,#1916,.T.);
#2978=EDGE_CURVE('',#2317,#2316,#246,.T.);
#2979=EDGE_CURVE('',#2315,#2314,#247,.T.);
#2980=EDGE_CURVE('',#2309,#2308,#1917,.T.);
#2981=EDGE_CURVE('',#2335,#2334,#248,.T.);
#2982=EDGE_CURVE('',#2336,#2337,#1142,.T.);
#2983=EDGE_CURVE('',#2338,#2336,#1143,.T.);
#2984=EDGE_CURVE('',#2339,#2338,#1144,.T.);
#2985=EDGE_CURVE('',#2337,#2339,#1145,.T.);
#2986=EDGE_CURVE('',#2340,#2336,#1146,.T.);
#2987=EDGE_CURVE('',#2341,#2340,#1147,.T.);
#2988=EDGE_CURVE('',#2338,#2341,#1918,.T.);
#2989=EDGE_CURVE('',#2342,#2340,#1148,.T.);
#2990=EDGE_CURVE('',#2343,#2342,#1149,.T.);
#2991=EDGE_CURVE('',#2341,#2343,#1150,.T.);
#2992=EDGE_CURVE('',#2344,#2345,#1151,.T.);
#2993=EDGE_CURVE('',#2346,#2344,#1152,.T.);
#2994=EDGE_CURVE('',#2347,#2346,#1153,.T.);
#2995=EDGE_CURVE('',#2347,#2345,#1154,.T.);
#2996=EDGE_CURVE('',#2348,#2349,#1155,.T.);
#2997=EDGE_CURVE('',#2350,#2348,#1156,.T.);
#2998=EDGE_CURVE('',#2351,#2350,#1157,.T.);
#2999=EDGE_CURVE('',#2349,#2351,#1158,.T.);
#3000=EDGE_CURVE('',#2345,#2348,#1919,.T.);
#3001=EDGE_CURVE('',#2350,#2347,#1159,.T.);
#3002=EDGE_CURVE('',#2352,#2352,#1920,.T.);
#3003=EDGE_CURVE('',#2346,#2351,#1921,.T.);
#3004=EDGE_CURVE('',#2353,#2354,#249,.F.);
#3005=EDGE_CURVE('',#2355,#2353,#250,.F.);
#3006=EDGE_CURVE('',#2354,#2355,#251,.F.);
#3007=EDGE_CURVE('',#2354,#2356,#1160,.T.);
#3008=EDGE_CURVE('',#2356,#2339,#252,.T.);
#3009=EDGE_CURVE('',#2343,#2344,#253,.T.);
#3010=EDGE_CURVE('',#2349,#2356,#254,.T.);
#3011=EDGE_CURVE('',#2337,#2342,#1922,.T.);
#3012=EDGE_CURVE('',#2357,#2357,#1923,.T.);
#3013=EDGE_CURVE('',#2357,#2352,#1161,.T.);
#3014=EDGE_CURVE('',#2358,#2359,#1924,.T.);
#3015=EDGE_CURVE('',#2360,#2359,#1162,.T.);
#3016=EDGE_CURVE('',#2360,#2361,#1925,.T.);
#3017=EDGE_CURVE('',#2361,#2362,#1926,.T.);
#3018=EDGE_CURVE('',#2362,#2358,#1163,.T.);
#3019=EDGE_CURVE('',#2363,#2364,#1927,.T.);
#3020=EDGE_CURVE('',#2364,#2365,#1164,.T.);
#3021=EDGE_CURVE('',#2365,#2366,#1928,.T.);
#3022=EDGE_CURVE('',#2366,#2367,#1929,.T.);
#3023=EDGE_CURVE('',#2363,#2367,#1165,.T.);
#3024=EDGE_CURVE('',#2368,#2369,#1930,.T.);
#3025=EDGE_CURVE('',#2369,#2370,#1166,.T.);
#3026=EDGE_CURVE('',#2370,#2371,#255,.T.);
#3027=EDGE_CURVE('',#2371,#2372,#1931,.T.);
#3028=EDGE_CURVE('',#2372,#2373,#256,.T.);
#3029=EDGE_CURVE('',#2373,#2374,#1167,.T.);
#3030=EDGE_CURVE('',#2374,#2375,#1932,.T.);
#3031=EDGE_CURVE('',#2375,#2376,#1168,.T.);
#3032=EDGE_CURVE('',#2376,#2377,#257,.T.);
#3033=EDGE_CURVE('',#2377,#2378,#1933,.T.);
#3034=EDGE_CURVE('',#2378,#2355,#1169,.T.);
#3035=EDGE_CURVE('',#2353,#2357,#1170,.T.);
#3036=EDGE_CURVE('',#2378,#2379,#1934,.T.);
#3037=EDGE_CURVE('',#2379,#2380,#258,.T.);
#3038=EDGE_CURVE('',#2380,#2381,#1171,.T.);
#3039=EDGE_CURVE('',#2381,#2382,#1935,.T.);
#3040=EDGE_CURVE('',#2382,#2383,#1172,.T.);
#3041=EDGE_CURVE('',#2383,#2384,#259,.T.);
#3042=EDGE_CURVE('',#2384,#2385,#1936,.T.);
#3043=EDGE_CURVE('',#2385,#2386,#260,.T.);
#3044=EDGE_CURVE('',#2386,#2368,#1173,.T.);
#3045=EDGE_CURVE('',#2364,#2358,#1937,.T.);
#3046=EDGE_CURVE('',#2387,#2363,#1174,.T.);
#3047=EDGE_CURVE('',#2388,#2387,#1938,.T.);
#3048=EDGE_CURVE('',#2369,#2388,#1175,.T.);
#3049=EDGE_CURVE('',#2389,#2368,#1176,.T.);
#3050=EDGE_CURVE('',#2390,#2389,#1939,.T.);
#3051=EDGE_CURVE('',#2359,#2390,#1177,.T.);
#3052=EDGE_CURVE('',#2386,#2391,#1178,.T.);
#3053=EDGE_CURVE('',#2391,#2389,#1179,.T.);
#3054=EDGE_CURVE('',#2392,#2385,#1180,.T.);
#3055=EDGE_CURVE('',#2391,#2392,#1940,.T.);
#3056=EDGE_CURVE('',#2393,#2377,#1181,.T.);
#3057=EDGE_CURVE('',#2394,#2393,#1941,.T.);
#3058=EDGE_CURVE('',#2395,#2394,#1182,.T.);
#3059=EDGE_CURVE('',#2396,#2395,#1942,.T.);
#3060=EDGE_CURVE('',#2397,#2396,#1943,.T.);
#3061=EDGE_CURVE('',#2398,#2397,#1944,.T.);
#3062=EDGE_CURVE('',#2399,#2398,#1183,.T.);
#3063=EDGE_CURVE('',#2400,#2399,#1945,.T.);
#3064=EDGE_CURVE('',#2372,#2400,#1184,.T.);
#3065=EDGE_CURVE('',#2401,#2371,#1185,.T.);
#3066=EDGE_CURVE('',#2402,#2401,#1946,.T.);
#3067=EDGE_CURVE('',#2403,#2402,#1186,.T.);
#3068=EDGE_CURVE('',#2404,#2403,#1947,.T.);
#3069=EDGE_CURVE('',#2405,#2404,#1948,.T.);
#3070=EDGE_CURVE('',#2406,#2405,#1949,.T.);
#3071=EDGE_CURVE('',#2407,#2406,#1950,.T.);
#3072=EDGE_CURVE('',#2408,#2407,#1951,.T.);
#3073=EDGE_CURVE('',#2409,#2408,#1187,.T.);
#3074=EDGE_CURVE('',#2392,#2409,#1952,.T.);
#3075=EDGE_CURVE('',#2410,#2384,#1188,.T.);
#3076=EDGE_CURVE('',#2411,#2410,#1953,.T.);
#3077=EDGE_CURVE('',#2412,#2411,#1189,.T.);
#3078=EDGE_CURVE('',#2413,#2412,#1954,.T.);
#3079=EDGE_CURVE('',#2414,#2413,#1955,.T.);
#3080=EDGE_CURVE('',#2415,#2414,#1956,.T.);
#3081=EDGE_CURVE('',#2416,#2415,#1190,.T.);
#3082=EDGE_CURVE('',#2417,#2416,#1957,.T.);
#3083=EDGE_CURVE('',#2379,#2417,#1191,.T.);
#3084=EDGE_CURVE('',#2410,#2418,#1958,.T.);
#3085=EDGE_CURVE('',#2418,#2383,#1192,.T.);
#3086=EDGE_CURVE('',#2419,#2418,#1193,.T.);
#3087=EDGE_CURVE('',#2382,#2419,#1194,.T.);
#3088=EDGE_CURVE('',#2420,#2421,#1959,.T.);
#3089=EDGE_CURVE('',#2422,#2420,#1960,.T.);
#3090=EDGE_CURVE('',#2423,#2422,#1961,.T.);
#3091=EDGE_CURVE('',#2424,#2423,#1195,.T.);
#3092=EDGE_CURVE('',#2419,#2424,#1962,.T.);
#3093=EDGE_CURVE('',#2425,#2381,#1196,.T.);
#3094=EDGE_CURVE('',#2426,#2425,#1963,.T.);
#3095=EDGE_CURVE('',#2421,#2426,#1197,.T.);
#3096=EDGE_CURVE('',#2380,#2427,#1198,.T.);
#3097=EDGE_CURVE('',#2427,#2425,#1199,.T.);
#3098=EDGE_CURVE('',#2427,#2417,#1964,.T.);
#3099=EDGE_CURVE('',#2393,#2428,#1965,.T.);
#3100=EDGE_CURVE('',#2428,#2376,#1200,.T.);
#3101=EDGE_CURVE('',#2429,#2428,#1201,.T.);
#3102=EDGE_CURVE('',#2375,#2429,#1202,.T.);
#3103=EDGE_CURVE('',#2430,#2431,#1966,.T.);
#3104=EDGE_CURVE('',#2432,#2430,#1967,.T.);
#3105=EDGE_CURVE('',#2433,#2432,#1968,.T.);
#3106=EDGE_CURVE('',#2434,#2433,#1203,.T.);
#3107=EDGE_CURVE('',#2429,#2434,#1969,.T.);
#3108=EDGE_CURVE('',#2435,#2374,#1204,.T.);
#3109=EDGE_CURVE('',#2436,#2435,#1970,.T.);
#3110=EDGE_CURVE('',#2431,#2436,#1205,.T.);
#3111=EDGE_CURVE('',#2373,#2437,#1206,.T.);
#3112=EDGE_CURVE('',#2437,#2435,#1207,.T.);
#3113=EDGE_CURVE('',#2437,#2400,#1971,.T.);
#3114=EDGE_CURVE('',#2401,#2438,#1972,.T.);
#3115=EDGE_CURVE('',#2438,#2370,#1208,.T.);
#3116=EDGE_CURVE('',#2388,#2438,#1209,.T.);
#3117=EDGE_CURVE('',#2390,#2439,#1210,.T.);
#3118=EDGE_CURVE('',#2439,#2360,#1211,.T.);
#3119=EDGE_CURVE('',#2365,#2362,#1973,.T.);
#3120=EDGE_CURVE('',#2367,#2440,#1212,.T.);
#3121=EDGE_CURVE('',#2440,#2387,#1213,.T.);
#3122=EDGE_CURVE('',#2391,#2439,#1974,.T.);
#3123=EDGE_CURVE('',#2439,#2409,#1975,.T.);
#3124=EDGE_CURVE('',#2394,#2441,#1976,.T.);
#3125=EDGE_CURVE('',#2441,#2428,#1977,.T.);
#3126=EDGE_CURVE('',#2395,#2442,#1978,.T.);
#3127=EDGE_CURVE('',#2442,#2441,#1214,.T.);
#3128=EDGE_CURVE('',#2396,#2443,#1979,.T.);
#3129=EDGE_CURVE('',#2443,#2442,#1980,.T.);
#3130=EDGE_CURVE('',#2397,#2444,#1981,.T.);
#3131=EDGE_CURVE('',#2444,#2443,#1982,.T.);
#3132=EDGE_CURVE('',#2398,#2445,#1983,.T.);
#3133=EDGE_CURVE('',#2445,#2444,#1984,.T.);
#3134=EDGE_CURVE('',#2399,#2446,#1985,.T.);
#3135=EDGE_CURVE('',#2446,#2445,#1215,.T.);
#3136=EDGE_CURVE('',#2437,#2446,#1986,.T.);
#3137=EDGE_CURVE('',#2402,#2440,#1987,.T.);
#3138=EDGE_CURVE('',#2440,#2438,#1988,.T.);
#3139=EDGE_CURVE('',#2403,#2367,#1989,.T.);
#3140=EDGE_CURVE('',#2404,#2366,#1990,.T.);
#3141=EDGE_CURVE('',#2405,#2365,#1991,.T.);
#3142=EDGE_CURVE('',#2406,#2362,#1992,.T.);
#3143=EDGE_CURVE('',#2407,#2361,#1993,.T.);
#3144=EDGE_CURVE('',#2408,#2360,#1994,.T.);
#3145=EDGE_CURVE('',#2411,#2447,#1995,.T.);
#3146=EDGE_CURVE('',#2447,#2418,#1996,.T.);
#3147=EDGE_CURVE('',#2412,#2448,#1997,.T.);
#3148=EDGE_CURVE('',#2448,#2447,#1216,.T.);
#3149=EDGE_CURVE('',#2413,#2449,#1998,.T.);
#3150=EDGE_CURVE('',#2449,#2448,#1999,.T.);
#3151=EDGE_CURVE('',#2414,#2450,#2000,.T.);
#3152=EDGE_CURVE('',#2450,#2449,#2001,.T.);
#3153=EDGE_CURVE('',#2415,#2451,#2002,.T.);
#3154=EDGE_CURVE('',#2451,#2450,#2003,.T.);
#3155=EDGE_CURVE('',#2416,#2452,#2004,.T.);
#3156=EDGE_CURVE('',#2452,#2451,#1217,.T.);
#3157=EDGE_CURVE('',#2427,#2452,#2005,.T.);
#3158=EDGE_CURVE('',#2424,#2447,#1218,.T.);
#3159=EDGE_CURVE('',#2426,#2452,#1219,.T.);
#3160=EDGE_CURVE('',#2451,#2421,#1220,.T.);
#3161=EDGE_CURVE('',#2422,#2449,#1221,.T.);
#3162=EDGE_CURVE('',#2450,#2420,#1222,.T.);
#3163=EDGE_CURVE('',#2423,#2448,#1223,.T.);
#3164=EDGE_CURVE('',#2434,#2441,#1224,.T.);
#3165=EDGE_CURVE('',#2436,#2446,#1225,.T.);
#3166=EDGE_CURVE('',#2445,#2431,#1226,.T.);
#3167=EDGE_CURVE('',#2432,#2443,#1227,.T.);
#3168=EDGE_CURVE('',#2444,#2430,#1228,.T.);
#3169=EDGE_CURVE('',#2433,#2442,#1229,.T.);
#3170=EDGE_CURVE('',#2453,#2453,#2006,.T.);
#3171=EDGE_CURVE('',#2453,#2454,#1230,.T.);
#3172=EDGE_CURVE('',#2454,#2454,#2007,.T.);
#3173=EDGE_CURVE('',#2455,#2456,#2008,.T.);
#3174=EDGE_CURVE('',#2456,#2455,#2009,.T.);
#3175=EDGE_CURVE('',#2456,#2457,#1231,.T.);
#3176=EDGE_CURVE('',#2457,#2457,#2010,.T.);
#3177=EDGE_CURVE('',#2455,#2453,#1232,.T.);
#3178=EDGE_CURVE('',#2458,#2459,#2011,.T.);
#3179=EDGE_CURVE('',#2460,#2458,#2012,.T.);
#3180=EDGE_CURVE('',#2461,#2460,#2013,.T.);
#3181=EDGE_CURVE('',#2462,#2461,#2014,.T.);
#3182=EDGE_CURVE('',#2463,#2462,#2015,.T.);
#3183=EDGE_CURVE('',#2459,#2463,#2016,.T.);
#3184=EDGE_CURVE('',#2459,#2463,#11,.T.);
#3185=EDGE_CURVE('',#2463,#2462,#12,.T.);
#3186=EDGE_CURVE('',#2462,#2461,#13,.T.);
#3187=EDGE_CURVE('',#2461,#2460,#14,.T.);
#3188=EDGE_CURVE('',#2460,#2458,#15,.T.);
#3189=EDGE_CURVE('',#2458,#2459,#16,.T.);
#3190=EDGE_CURVE('',#2464,#2465,#1233,.T.);
#3191=EDGE_CURVE('',#2465,#2466,#1234,.T.);
#3192=EDGE_CURVE('',#2466,#2467,#1235,.T.);
#3193=EDGE_CURVE('',#2467,#2468,#1236,.T.);
#3194=EDGE_CURVE('',#2468,#2469,#1237,.T.);
#3195=EDGE_CURVE('',#2469,#2464,#1238,.T.);
#3196=EDGE_CURVE('',#2465,#2459,#1239,.T.);
#3197=EDGE_CURVE('',#2466,#2463,#1240,.T.);
#3198=EDGE_CURVE('',#2467,#2462,#1241,.T.);
#3199=EDGE_CURVE('',#2468,#2461,#1242,.T.);
#3200=EDGE_CURVE('',#2469,#2460,#1243,.T.);
#3201=EDGE_CURVE('',#2464,#2458,#1244,.T.);
#3202=EDGE_CURVE('',#2470,#2471,#261,.F.);
#3203=EDGE_CURVE('',#2472,#2470,#262,.F.);
#3204=EDGE_CURVE('',#2471,#2472,#263,.F.);
#3205=EDGE_CURVE('',#2471,#2473,#1245,.T.);
#3206=EDGE_CURVE('',#2473,#2474,#264,.T.);
#3207=EDGE_CURVE('',#2474,#2475,#1246,.T.);
#3208=EDGE_CURVE('',#2475,#2476,#2017,.T.);
#3209=EDGE_CURVE('',#2476,#2477,#1247,.T.);
#3210=EDGE_CURVE('',#2477,#2478,#265,.F.);
#3211=EDGE_CURVE('',#2478,#2479,#1248,.T.);
#3212=EDGE_CURVE('',#2479,#2480,#2018,.T.);
#3213=EDGE_CURVE('',#2480,#2481,#1249,.T.);
#3214=EDGE_CURVE('',#2481,#2473,#266,.T.);
#3215=EDGE_CURVE('',#2482,#2482,#2019,.T.);
#3216=EDGE_CURVE('',#2482,#2483,#1250,.T.);
#3217=EDGE_CURVE('',#2483,#2483,#2020,.T.);
#3218=EDGE_CURVE('',#2484,#2485,#2021,.T.);
#3219=EDGE_CURVE('',#2486,#2485,#1251,.T.);
#3220=EDGE_CURVE('',#2486,#2487,#2022,.T.);
#3221=EDGE_CURVE('',#2487,#2488,#2023,.T.);
#3222=EDGE_CURVE('',#2488,#2484,#1252,.T.);
#3223=EDGE_CURVE('',#2489,#2490,#2024,.T.);
#3224=EDGE_CURVE('',#2490,#2491,#1253,.T.);
#3225=EDGE_CURVE('',#2491,#2492,#2025,.T.);
#3226=EDGE_CURVE('',#2492,#2493,#2026,.T.);
#3227=EDGE_CURVE('',#2489,#2493,#1254,.T.);
#3228=EDGE_CURVE('',#2494,#2495,#2027,.T.);
#3229=EDGE_CURVE('',#2495,#2478,#1255,.T.);
#3230=EDGE_CURVE('',#2477,#2496,#1256,.T.);
#3231=EDGE_CURVE('',#2497,#2496,#2028,.T.);
#3232=EDGE_CURVE('',#2474,#2497,#1257,.T.);
#3233=EDGE_CURVE('',#2494,#2481,#1258,.T.);
#3234=EDGE_CURVE('',#2498,#2499,#2029,.T.);
#3235=EDGE_CURVE('',#2499,#2500,#1259,.T.);
#3236=EDGE_CURVE('',#2500,#2501,#267,.T.);
#3237=EDGE_CURVE('',#2501,#2502,#2030,.T.);
#3238=EDGE_CURVE('',#2502,#2503,#268,.T.);
#3239=EDGE_CURVE('',#2503,#2504,#1260,.T.);
#3240=EDGE_CURVE('',#2504,#2505,#2031,.T.);
#3241=EDGE_CURVE('',#2505,#2506,#1261,.T.);
#3242=EDGE_CURVE('',#2506,#2507,#269,.T.);
#3243=EDGE_CURVE('',#2507,#2508,#2032,.T.);
#3244=EDGE_CURVE('',#2508,#2472,#1262,.T.);
#3245=EDGE_CURVE('',#2470,#2482,#1263,.T.);
#3246=EDGE_CURVE('',#2508,#2509,#2033,.T.);
#3247=EDGE_CURVE('',#2509,#2510,#270,.T.);
#3248=EDGE_CURVE('',#2510,#2511,#1264,.T.);
#3249=EDGE_CURVE('',#2511,#2512,#2034,.T.);
#3250=EDGE_CURVE('',#2512,#2513,#1265,.T.);
#3251=EDGE_CURVE('',#2513,#2514,#271,.T.);
#3252=EDGE_CURVE('',#2514,#2515,#2035,.T.);
#3253=EDGE_CURVE('',#2515,#2516,#272,.T.);
#3254=EDGE_CURVE('',#2516,#2498,#1266,.T.);
#3255=EDGE_CURVE('',#2495,#2517,#17,.T.);
#3256=EDGE_CURVE('',#2518,#2517,#1267,.T.);
#3257=EDGE_CURVE('',#2518,#2479,#1268,.T.);
#3258=EDGE_CURVE('',#2476,#2519,#1269,.T.);
#3259=EDGE_CURVE('',#2519,#2496,#1270,.T.);
#3260=EDGE_CURVE('',#2475,#2520,#1271,.T.);
#3261=EDGE_CURVE('',#2520,#2519,#1272,.T.);
#3262=EDGE_CURVE('',#2497,#2520,#1273,.T.);
#3263=EDGE_CURVE('',#2521,#2480,#1274,.T.);
#3264=EDGE_CURVE('',#2522,#2521,#1275,.T.);
#3265=EDGE_CURVE('',#2522,#2494,#18,.T.);
#3266=EDGE_CURVE('',#2490,#2484,#2036,.T.);
#3267=EDGE_CURVE('',#2523,#2489,#1276,.T.);
#3268=EDGE_CURVE('',#2524,#2523,#2037,.T.);
#3269=EDGE_CURVE('',#2499,#2524,#1277,.T.);
#3270=EDGE_CURVE('',#2525,#2498,#1278,.T.);
#3271=EDGE_CURVE('',#2526,#2525,#2038,.T.);
#3272=EDGE_CURVE('',#2485,#2526,#1279,.T.);
#3273=EDGE_CURVE('',#2516,#2527,#1280,.T.);
#3274=EDGE_CURVE('',#2527,#2525,#1281,.T.);
#3275=EDGE_CURVE('',#2528,#2515,#1282,.T.);
#3276=EDGE_CURVE('',#2527,#2528,#2039,.T.);
#3277=EDGE_CURVE('',#2529,#2507,#1283,.T.);
#3278=EDGE_CURVE('',#2530,#2529,#2040,.T.);
#3279=EDGE_CURVE('',#2531,#2530,#1284,.T.);
#3280=EDGE_CURVE('',#2532,#2531,#2041,.T.);
#3281=EDGE_CURVE('',#2533,#2532,#2042,.T.);
#3282=EDGE_CURVE('',#2534,#2533,#2043,.T.);
#3283=EDGE_CURVE('',#2535,#2534,#1285,.T.);
#3284=EDGE_CURVE('',#2536,#2535,#2044,.T.);
#3285=EDGE_CURVE('',#2502,#2536,#1286,.T.);
#3286=EDGE_CURVE('',#2537,#2501,#1287,.T.);
#3287=EDGE_CURVE('',#2538,#2537,#2045,.T.);
#3288=EDGE_CURVE('',#2539,#2538,#1288,.T.);
#3289=EDGE_CURVE('',#2540,#2539,#2046,.T.);
#3290=EDGE_CURVE('',#2541,#2540,#2047,.T.);
#3291=EDGE_CURVE('',#2542,#2541,#2048,.T.);
#3292=EDGE_CURVE('',#2543,#2542,#2049,.T.);
#3293=EDGE_CURVE('',#2544,#2543,#2050,.T.);
#3294=EDGE_CURVE('',#2545,#2544,#1289,.T.);
#3295=EDGE_CURVE('',#2528,#2545,#2051,.T.);
#3296=EDGE_CURVE('',#2546,#2514,#1290,.T.);
#3297=EDGE_CURVE('',#2547,#2546,#2052,.T.);
#3298=EDGE_CURVE('',#2548,#2547,#1291,.T.);
#3299=EDGE_CURVE('',#2549,#2548,#2053,.T.);
#3300=EDGE_CURVE('',#2550,#2549,#2054,.T.);
#3301=EDGE_CURVE('',#2551,#2550,#2055,.T.);
#3302=EDGE_CURVE('',#2552,#2551,#1292,.T.);
#3303=EDGE_CURVE('',#2553,#2552,#2056,.T.);
#3304=EDGE_CURVE('',#2509,#2553,#1293,.T.);
#3305=EDGE_CURVE('',#2546,#2554,#2057,.T.);
#3306=EDGE_CURVE('',#2554,#2513,#1294,.T.);
#3307=EDGE_CURVE('',#2555,#2554,#1295,.T.);
#3308=EDGE_CURVE('',#2512,#2555,#1296,.T.);
#3309=EDGE_CURVE('',#2556,#2557,#2058,.T.);
#3310=EDGE_CURVE('',#2558,#2556,#2059,.T.);
#3311=EDGE_CURVE('',#2559,#2558,#2060,.T.);
#3312=EDGE_CURVE('',#2560,#2559,#1297,.T.);
#3313=EDGE_CURVE('',#2555,#2560,#2061,.T.);
#3314=EDGE_CURVE('',#2561,#2511,#1298,.T.);
#3315=EDGE_CURVE('',#2562,#2561,#2062,.T.);
#3316=EDGE_CURVE('',#2557,#2562,#1299,.T.);
#3317=EDGE_CURVE('',#2510,#2563,#1300,.T.);
#3318=EDGE_CURVE('',#2563,#2561,#1301,.T.);
#3319=EDGE_CURVE('',#2563,#2553,#2063,.T.);
#3320=EDGE_CURVE('',#2529,#2564,#2064,.T.);
#3321=EDGE_CURVE('',#2564,#2506,#1302,.T.);
#3322=EDGE_CURVE('',#2565,#2564,#1303,.T.);
#3323=EDGE_CURVE('',#2505,#2565,#1304,.T.);
#3324=EDGE_CURVE('',#2566,#2567,#2065,.T.);
#3325=EDGE_CURVE('',#2568,#2566,#2066,.T.);
#3326=EDGE_CURVE('',#2569,#2568,#2067,.T.);
#3327=EDGE_CURVE('',#2570,#2569,#1305,.T.);
#3328=EDGE_CURVE('',#2565,#2570,#2068,.T.);
#3329=EDGE_CURVE('',#2571,#2504,#1306,.T.);
#3330=EDGE_CURVE('',#2572,#2571,#2069,.T.);
#3331=EDGE_CURVE('',#2567,#2572,#1307,.T.);
#3332=EDGE_CURVE('',#2503,#2573,#1308,.T.);
#3333=EDGE_CURVE('',#2573,#2571,#1309,.T.);
#3334=EDGE_CURVE('',#2573,#2536,#2070,.T.);
#3335=EDGE_CURVE('',#2537,#2574,#2071,.T.);
#3336=EDGE_CURVE('',#2574,#2500,#1310,.T.);
#3337=EDGE_CURVE('',#2524,#2574,#1311,.T.);
#3338=EDGE_CURVE('',#2526,#2575,#1312,.T.);
#3339=EDGE_CURVE('',#2575,#2486,#1313,.T.);
#3340=EDGE_CURVE('',#2491,#2488,#2072,.T.);
#3341=EDGE_CURVE('',#2493,#2576,#1314,.T.);
#3342=EDGE_CURVE('',#2576,#2523,#1315,.T.);
#3343=EDGE_CURVE('',#2527,#2575,#2073,.T.);
#3344=EDGE_CURVE('',#2575,#2545,#2074,.T.);
#3345=EDGE_CURVE('',#2530,#2577,#2075,.T.);
#3346=EDGE_CURVE('',#2577,#2564,#2076,.T.);
#3347=EDGE_CURVE('',#2531,#2578,#2077,.T.);
#3348=EDGE_CURVE('',#2578,#2577,#1316,.T.);
#3349=EDGE_CURVE('',#2532,#2579,#2078,.T.);
#3350=EDGE_CURVE('',#2579,#2578,#2079,.T.);
#3351=EDGE_CURVE('',#2533,#2580,#2080,.T.);
#3352=EDGE_CURVE('',#2580,#2579,#2081,.T.);
#3353=EDGE_CURVE('',#2534,#2581,#2082,.T.);
#3354=EDGE_CURVE('',#2581,#2580,#2083,.T.);
#3355=EDGE_CURVE('',#2535,#2582,#2084,.T.);
#3356=EDGE_CURVE('',#2582,#2581,#1317,.T.);
#3357=EDGE_CURVE('',#2573,#2582,#2085,.T.);
#3358=EDGE_CURVE('',#2538,#2576,#2086,.T.);
#3359=EDGE_CURVE('',#2576,#2574,#2087,.T.);
#3360=EDGE_CURVE('',#2539,#2493,#2088,.T.);
#3361=EDGE_CURVE('',#2540,#2492,#2089,.T.);
#3362=EDGE_CURVE('',#2541,#2491,#2090,.T.);
#3363=EDGE_CURVE('',#2542,#2488,#2091,.T.);
#3364=EDGE_CURVE('',#2543,#2487,#2092,.T.);
#3365=EDGE_CURVE('',#2544,#2486,#2093,.T.);
#3366=EDGE_CURVE('',#2547,#2583,#2094,.T.);
#3367=EDGE_CURVE('',#2583,#2554,#2095,.T.);
#3368=EDGE_CURVE('',#2548,#2584,#2096,.T.);
#3369=EDGE_CURVE('',#2584,#2583,#1318,.T.);
#3370=EDGE_CURVE('',#2549,#2585,#2097,.T.);
#3371=EDGE_CURVE('',#2585,#2584,#2098,.T.);
#3372=EDGE_CURVE('',#2550,#2586,#2099,.T.);
#3373=EDGE_CURVE('',#2586,#2585,#2100,.T.);
#3374=EDGE_CURVE('',#2551,#2587,#2101,.T.);
#3375=EDGE_CURVE('',#2587,#2586,#2102,.T.);
#3376=EDGE_CURVE('',#2552,#2588,#2103,.T.);
#3377=EDGE_CURVE('',#2588,#2587,#1319,.T.);
#3378=EDGE_CURVE('',#2563,#2588,#2104,.T.);
#3379=EDGE_CURVE('',#2560,#2583,#1320,.T.);
#3380=EDGE_CURVE('',#2562,#2588,#1321,.T.);
#3381=EDGE_CURVE('',#2587,#2557,#1322,.T.);
#3382=EDGE_CURVE('',#2558,#2585,#1323,.T.);
#3383=EDGE_CURVE('',#2586,#2556,#1324,.T.);
#3384=EDGE_CURVE('',#2559,#2584,#1325,.T.);
#3385=EDGE_CURVE('',#2517,#2522,#2105,.T.);
#3386=EDGE_CURVE('',#2521,#2518,#1326,.T.);
#3387=EDGE_CURVE('',#2570,#2577,#1327,.T.);
#3388=EDGE_CURVE('',#2572,#2582,#1328,.T.);
#3389=EDGE_CURVE('',#2581,#2567,#1329,.T.);
#3390=EDGE_CURVE('',#2568,#2579,#1330,.T.);
#3391=EDGE_CURVE('',#2580,#2566,#1331,.T.);
#3392=EDGE_CURVE('',#2569,#2578,#1332,.T.);
#3393=EDGE_CURVE('',#2589,#2589,#2106,.T.);
#3394=EDGE_CURVE('',#2589,#2590,#1333,.T.);
#3395=EDGE_CURVE('',#2590,#2590,#2107,.T.);
#3396=EDGE_CURVE('',#2591,#2592,#2108,.T.);
#3397=EDGE_CURVE('',#2592,#2591,#2109,.T.);
#3398=EDGE_CURVE('',#2592,#2593,#1334,.T.);
#3399=EDGE_CURVE('',#2593,#2593,#2110,.T.);
#3400=EDGE_CURVE('',#2591,#2589,#1335,.T.);
#3401=EDGE_CURVE('',#2594,#2595,#2111,.T.);
#3402=EDGE_CURVE('',#2596,#2594,#2112,.T.);
#3403=EDGE_CURVE('',#2597,#2596,#2113,.T.);
#3404=EDGE_CURVE('',#2598,#2597,#2114,.T.);
#3405=EDGE_CURVE('',#2599,#2598,#2115,.T.);
#3406=EDGE_CURVE('',#2595,#2599,#2116,.T.);
#3407=EDGE_CURVE('',#2595,#2599,#19,.T.);
#3408=EDGE_CURVE('',#2599,#2598,#20,.T.);
#3409=EDGE_CURVE('',#2598,#2597,#21,.T.);
#3410=EDGE_CURVE('',#2597,#2596,#22,.T.);
#3411=EDGE_CURVE('',#2596,#2594,#23,.T.);
#3412=EDGE_CURVE('',#2594,#2595,#24,.T.);
#3413=EDGE_CURVE('',#2600,#2601,#1336,.T.);
#3414=EDGE_CURVE('',#2601,#2602,#1337,.T.);
#3415=EDGE_CURVE('',#2602,#2603,#1338,.T.);
#3416=EDGE_CURVE('',#2603,#2604,#1339,.T.);
#3417=EDGE_CURVE('',#2604,#2605,#1340,.T.);
#3418=EDGE_CURVE('',#2605,#2600,#1341,.T.);
#3419=EDGE_CURVE('',#2601,#2595,#1342,.T.);
#3420=EDGE_CURVE('',#2602,#2599,#1343,.T.);
#3421=EDGE_CURVE('',#2603,#2598,#1344,.T.);
#3422=EDGE_CURVE('',#2604,#2597,#1345,.T.);
#3423=EDGE_CURVE('',#2605,#2596,#1346,.T.);
#3424=EDGE_CURVE('',#2600,#2594,#1347,.T.);
#3425=ORIENTED_EDGE('',*,*,#2606,.T.);
#3426=ORIENTED_EDGE('',*,*,#2607,.T.);
#3427=ORIENTED_EDGE('',*,*,#2608,.T.);
#3428=ORIENTED_EDGE('',*,*,#2607,.F.);
#3429=ORIENTED_EDGE('',*,*,#2609,.T.);
#3430=ORIENTED_EDGE('',*,*,#2610,.T.);
#3431=ORIENTED_EDGE('',*,*,#2611,.T.);
#3432=ORIENTED_EDGE('',*,*,#2610,.F.);
#3433=ORIENTED_EDGE('',*,*,#2612,.T.);
#3434=ORIENTED_EDGE('',*,*,#2613,.T.);
#3435=ORIENTED_EDGE('',*,*,#2614,.T.);
#3436=ORIENTED_EDGE('',*,*,#2613,.F.);
#3437=ORIENTED_EDGE('',*,*,#2608,.F.);
#3438=ORIENTED_EDGE('',*,*,#2615,.T.);
#3439=ORIENTED_EDGE('',*,*,#2616,.T.);
#3440=ORIENTED_EDGE('',*,*,#2615,.F.);
#3441=ORIENTED_EDGE('',*,*,#2611,.F.);
#3442=ORIENTED_EDGE('',*,*,#2617,.T.);
#3443=ORIENTED_EDGE('',*,*,#2618,.T.);
#3444=ORIENTED_EDGE('',*,*,#2617,.F.);
#3445=ORIENTED_EDGE('',*,*,#2614,.F.);
#3446=ORIENTED_EDGE('',*,*,#2619,.T.);
#3447=ORIENTED_EDGE('',*,*,#2620,.T.);
#3448=ORIENTED_EDGE('',*,*,#2619,.F.);
#3449=ORIENTED_EDGE('',*,*,#2621,.F.);
#3450=ORIENTED_EDGE('',*,*,#2622,.T.);
#3451=ORIENTED_EDGE('',*,*,#2623,.T.);
#3452=ORIENTED_EDGE('',*,*,#2624,.T.);
#3453=ORIENTED_EDGE('',*,*,#2625,.F.);
#3454=ORIENTED_EDGE('',*,*,#2626,.F.);
#3455=ORIENTED_EDGE('',*,*,#2627,.F.);
#3456=ORIENTED_EDGE('',*,*,#2628,.F.);
#3457=ORIENTED_EDGE('',*,*,#2629,.F.);
#3458=ORIENTED_EDGE('',*,*,#2630,.F.);
#3459=ORIENTED_EDGE('',*,*,#2631,.F.);
#3460=ORIENTED_EDGE('',*,*,#2632,.F.);
#3461=ORIENTED_EDGE('',*,*,#2633,.T.);
#3462=ORIENTED_EDGE('',*,*,#2634,.F.);
#3463=ORIENTED_EDGE('',*,*,#2635,.T.);
#3464=ORIENTED_EDGE('',*,*,#2636,.F.);
#3465=ORIENTED_EDGE('',*,*,#2637,.T.);
#3466=ORIENTED_EDGE('',*,*,#2638,.F.);
#3467=ORIENTED_EDGE('',*,*,#2639,.T.);
#3468=ORIENTED_EDGE('',*,*,#2640,.F.);
#3469=ORIENTED_EDGE('',*,*,#2641,.F.);
#3470=ORIENTED_EDGE('',*,*,#2642,.F.);
#3471=ORIENTED_EDGE('',*,*,#2643,.F.);
#3472=ORIENTED_EDGE('',*,*,#2644,.F.);
#3473=ORIENTED_EDGE('',*,*,#2645,.F.);
#3474=ORIENTED_EDGE('',*,*,#2646,.T.);
#3475=ORIENTED_EDGE('',*,*,#2647,.T.);
#3476=ORIENTED_EDGE('',*,*,#2648,.T.);
#3477=ORIENTED_EDGE('',*,*,#2649,.F.);
#3478=ORIENTED_EDGE('',*,*,#2650,.F.);
#3479=ORIENTED_EDGE('',*,*,#2651,.F.);
#3480=ORIENTED_EDGE('',*,*,#2652,.F.);
#3481=ORIENTED_EDGE('',*,*,#2653,.F.);
#3482=ORIENTED_EDGE('',*,*,#2654,.F.);
#3483=ORIENTED_EDGE('',*,*,#2655,.T.);
#3484=ORIENTED_EDGE('',*,*,#2656,.T.);
#3485=ORIENTED_EDGE('',*,*,#2657,.T.);
#3486=ORIENTED_EDGE('',*,*,#2658,.F.);
#3487=ORIENTED_EDGE('',*,*,#2659,.F.);
#3488=ORIENTED_EDGE('',*,*,#2660,.F.);
#3489=ORIENTED_EDGE('',*,*,#2661,.F.);
#3490=ORIENTED_EDGE('',*,*,#2662,.F.);
#3491=ORIENTED_EDGE('',*,*,#2663,.F.);
#3492=ORIENTED_EDGE('',*,*,#2664,.T.);
#3493=ORIENTED_EDGE('',*,*,#2665,.T.);
#3494=ORIENTED_EDGE('',*,*,#2666,.T.);
#3495=ORIENTED_EDGE('',*,*,#2667,.F.);
#3496=ORIENTED_EDGE('',*,*,#2668,.F.);
#3497=ORIENTED_EDGE('',*,*,#2669,.F.);
#3498=ORIENTED_EDGE('',*,*,#2670,.F.);
#3499=ORIENTED_EDGE('',*,*,#2635,.F.);
#3500=ORIENTED_EDGE('',*,*,#2671,.T.);
#3501=ORIENTED_EDGE('',*,*,#2672,.T.);
#3502=ORIENTED_EDGE('',*,*,#2673,.T.);
#3503=ORIENTED_EDGE('',*,*,#2674,.F.);
#3504=ORIENTED_EDGE('',*,*,#2675,.F.);
#3505=ORIENTED_EDGE('',*,*,#2676,.F.);
#3506=ORIENTED_EDGE('',*,*,#2633,.F.);
#3507=ORIENTED_EDGE('',*,*,#2677,.F.);
#3508=ORIENTED_EDGE('',*,*,#2639,.F.);
#3509=ORIENTED_EDGE('',*,*,#2678,.T.);
#3510=ORIENTED_EDGE('',*,*,#2679,.T.);
#3511=ORIENTED_EDGE('',*,*,#2680,.T.);
#3512=ORIENTED_EDGE('',*,*,#2681,.F.);
#3513=ORIENTED_EDGE('',*,*,#2682,.F.);
#3514=ORIENTED_EDGE('',*,*,#2683,.F.);
#3515=ORIENTED_EDGE('',*,*,#2637,.F.);
#3516=ORIENTED_EDGE('',*,*,#2684,.F.);
#3517=ORIENTED_EDGE('',*,*,#2685,.F.);
#3518=ORIENTED_EDGE('',*,*,#2686,.T.);
#3519=ORIENTED_EDGE('',*,*,#2687,.T.);
#3520=ORIENTED_EDGE('',*,*,#2688,.T.);
#3521=ORIENTED_EDGE('',*,*,#2689,.F.);
#3522=ORIENTED_EDGE('',*,*,#2690,.T.);
#3523=ORIENTED_EDGE('',*,*,#2691,.F.);
#3524=ORIENTED_EDGE('',*,*,#2690,.F.);
#3525=ORIENTED_EDGE('',*,*,#2692,.T.);
#3526=ORIENTED_EDGE('',*,*,#2693,.T.);
#3527=ORIENTED_EDGE('',*,*,#2694,.F.);
#3528=ORIENTED_EDGE('',*,*,#2693,.F.);
#3529=ORIENTED_EDGE('',*,*,#2695,.T.);
#3530=ORIENTED_EDGE('',*,*,#2696,.T.);
#3531=ORIENTED_EDGE('',*,*,#2697,.T.);
#3532=ORIENTED_EDGE('',*,*,#2698,.F.);
#3533=ORIENTED_EDGE('',*,*,#2697,.F.);
#3534=ORIENTED_EDGE('',*,*,#2699,.T.);
#3535=ORIENTED_EDGE('',*,*,#2700,.T.);
#3536=ORIENTED_EDGE('',*,*,#2701,.T.);
#3537=ORIENTED_EDGE('',*,*,#2702,.F.);
#3538=ORIENTED_EDGE('',*,*,#2701,.F.);
#3539=ORIENTED_EDGE('',*,*,#2703,.T.);
#3540=ORIENTED_EDGE('',*,*,#2692,.F.);
#3541=ORIENTED_EDGE('',*,*,#2704,.T.);
#3542=ORIENTED_EDGE('',*,*,#2705,.T.);
#3543=ORIENTED_EDGE('',*,*,#2704,.F.);
#3544=ORIENTED_EDGE('',*,*,#2695,.F.);
#3545=ORIENTED_EDGE('',*,*,#2696,.F.);
#3546=ORIENTED_EDGE('',*,*,#2706,.T.);
#3547=ORIENTED_EDGE('',*,*,#2707,.T.);
#3548=ORIENTED_EDGE('',*,*,#2706,.F.);
#3549=ORIENTED_EDGE('',*,*,#2699,.F.);
#3550=ORIENTED_EDGE('',*,*,#2700,.F.);
#3551=ORIENTED_EDGE('',*,*,#2708,.T.);
#3552=ORIENTED_EDGE('',*,*,#2709,.T.);
#3553=ORIENTED_EDGE('',*,*,#2708,.F.);
#3554=ORIENTED_EDGE('',*,*,#2703,.F.);
#3555=ORIENTED_EDGE('',*,*,#2710,.F.);
#3556=ORIENTED_EDGE('',*,*,#2711,.F.);
#3557=ORIENTED_EDGE('',*,*,#2712,.F.);
#3558=ORIENTED_EDGE('',*,*,#2713,.F.);
#3559=ORIENTED_EDGE('',*,*,#2714,.F.);
#3560=ORIENTED_EDGE('',*,*,#2647,.F.);
#3561=ORIENTED_EDGE('',*,*,#2715,.F.);
#3562=ORIENTED_EDGE('',*,*,#2716,.F.);
#3563=ORIENTED_EDGE('',*,*,#2717,.F.);
#3564=ORIENTED_EDGE('',*,*,#2718,.F.);
#3565=ORIENTED_EDGE('',*,*,#2719,.F.);
#3566=ORIENTED_EDGE('',*,*,#2656,.F.);
#3567=ORIENTED_EDGE('',*,*,#2720,.F.);
#3568=ORIENTED_EDGE('',*,*,#2665,.F.);
#3569=ORIENTED_EDGE('',*,*,#2721,.F.);
#3570=ORIENTED_EDGE('',*,*,#2722,.F.);
#3571=ORIENTED_EDGE('',*,*,#2723,.F.);
#3572=ORIENTED_EDGE('',*,*,#2724,.F.);
#3573=ORIENTED_EDGE('',*,*,#2725,.F.);
#3574=ORIENTED_EDGE('',*,*,#2726,.F.);
#3575=ORIENTED_EDGE('',*,*,#2727,.F.);
#3576=ORIENTED_EDGE('',*,*,#2728,.F.);
#3577=ORIENTED_EDGE('',*,*,#2729,.F.);
#3578=ORIENTED_EDGE('',*,*,#2730,.F.);
#3579=ORIENTED_EDGE('',*,*,#2731,.F.);
#3580=ORIENTED_EDGE('',*,*,#2732,.F.);
#3581=ORIENTED_EDGE('',*,*,#2733,.F.);
#3582=ORIENTED_EDGE('',*,*,#2734,.F.);
#3583=ORIENTED_EDGE('',*,*,#2735,.F.);
#3584=ORIENTED_EDGE('',*,*,#2672,.F.);
#3585=ORIENTED_EDGE('',*,*,#2736,.F.);
#3586=ORIENTED_EDGE('',*,*,#2737,.F.);
#3587=ORIENTED_EDGE('',*,*,#2738,.F.);
#3588=ORIENTED_EDGE('',*,*,#2739,.F.);
#3589=ORIENTED_EDGE('',*,*,#2740,.F.);
#3590=ORIENTED_EDGE('',*,*,#2679,.F.);
#3591=ORIENTED_EDGE('',*,*,#2741,.F.);
#3592=ORIENTED_EDGE('',*,*,#2687,.F.);
#3593=ORIENTED_EDGE('',*,*,#2742,.F.);
#3594=ORIENTED_EDGE('',*,*,#2743,.F.);
#3595=ORIENTED_EDGE('',*,*,#2744,.F.);
#3596=ORIENTED_EDGE('',*,*,#2745,.F.);
#3597=ORIENTED_EDGE('',*,*,#2746,.F.);
#3598=ORIENTED_EDGE('',*,*,#2747,.F.);
#3599=ORIENTED_EDGE('',*,*,#2748,.F.);
#3600=ORIENTED_EDGE('',*,*,#2749,.F.);
#3601=ORIENTED_EDGE('',*,*,#2750,.F.);
#3602=ORIENTED_EDGE('',*,*,#2751,.F.);
#3603=ORIENTED_EDGE('',*,*,#2606,.F.);
#3604=ORIENTED_EDGE('',*,*,#2609,.F.);
#3605=ORIENTED_EDGE('',*,*,#2612,.F.);
#3606=ORIENTED_EDGE('',*,*,#2752,.T.);
#3607=ORIENTED_EDGE('',*,*,#2751,.T.);
#3608=ORIENTED_EDGE('',*,*,#2753,.T.);
#3609=ORIENTED_EDGE('',*,*,#2754,.T.);
#3610=ORIENTED_EDGE('',*,*,#2755,.T.);
#3611=ORIENTED_EDGE('',*,*,#2710,.T.);
#3612=ORIENTED_EDGE('',*,*,#2752,.F.);
#3613=ORIENTED_EDGE('',*,*,#2756,.T.);
#3614=ORIENTED_EDGE('',*,*,#2757,.T.);
#3615=ORIENTED_EDGE('',*,*,#2711,.T.);
#3616=ORIENTED_EDGE('',*,*,#2755,.F.);
#3617=ORIENTED_EDGE('',*,*,#2758,.T.);
#3618=ORIENTED_EDGE('',*,*,#2759,.F.);
#3619=ORIENTED_EDGE('',*,*,#2712,.T.);
#3620=ORIENTED_EDGE('',*,*,#2757,.F.);
#3621=ORIENTED_EDGE('',*,*,#2760,.T.);
#3622=ORIENTED_EDGE('',*,*,#2648,.F.);
#3623=ORIENTED_EDGE('',*,*,#2714,.T.);
#3624=ORIENTED_EDGE('',*,*,#2761,.F.);
#3625=ORIENTED_EDGE('',*,*,#2762,.T.);
#3626=ORIENTED_EDGE('',*,*,#2763,.T.);
#3627=ORIENTED_EDGE('',*,*,#2715,.T.);
#3628=ORIENTED_EDGE('',*,*,#2646,.F.);
#3629=ORIENTED_EDGE('',*,*,#2764,.T.);
#3630=ORIENTED_EDGE('',*,*,#2765,.T.);
#3631=ORIENTED_EDGE('',*,*,#2716,.T.);
#3632=ORIENTED_EDGE('',*,*,#2763,.F.);
#3633=ORIENTED_EDGE('',*,*,#2766,.T.);
#3634=ORIENTED_EDGE('',*,*,#2767,.T.);
#3635=ORIENTED_EDGE('',*,*,#2717,.T.);
#3636=ORIENTED_EDGE('',*,*,#2765,.F.);
#3637=ORIENTED_EDGE('',*,*,#2621,.T.);
#3638=ORIENTED_EDGE('',*,*,#2768,.T.);
#3639=ORIENTED_EDGE('',*,*,#2718,.T.);
#3640=ORIENTED_EDGE('',*,*,#2767,.F.);
#3641=ORIENTED_EDGE('',*,*,#2769,.T.);
#3642=ORIENTED_EDGE('',*,*,#2657,.F.);
#3643=ORIENTED_EDGE('',*,*,#2719,.T.);
#3644=ORIENTED_EDGE('',*,*,#2768,.F.);
#3645=ORIENTED_EDGE('',*,*,#2770,.T.);
#3646=ORIENTED_EDGE('',*,*,#2666,.F.);
#3647=ORIENTED_EDGE('',*,*,#2720,.T.);
#3648=ORIENTED_EDGE('',*,*,#2655,.F.);
#3649=ORIENTED_EDGE('',*,*,#2771,.T.);
#3650=ORIENTED_EDGE('',*,*,#2772,.T.);
#3651=ORIENTED_EDGE('',*,*,#2721,.T.);
#3652=ORIENTED_EDGE('',*,*,#2664,.F.);
#3653=ORIENTED_EDGE('',*,*,#2773,.T.);
#3654=ORIENTED_EDGE('',*,*,#2774,.T.);
#3655=ORIENTED_EDGE('',*,*,#2722,.T.);
#3656=ORIENTED_EDGE('',*,*,#2772,.F.);
#3657=ORIENTED_EDGE('',*,*,#2775,.T.);
#3658=ORIENTED_EDGE('',*,*,#2776,.T.);
#3659=ORIENTED_EDGE('',*,*,#2723,.T.);
#3660=ORIENTED_EDGE('',*,*,#2774,.F.);
#3661=ORIENTED_EDGE('',*,*,#2777,.T.);
#3662=ORIENTED_EDGE('',*,*,#2778,.T.);
#3663=ORIENTED_EDGE('',*,*,#2724,.T.);
#3664=ORIENTED_EDGE('',*,*,#2776,.F.);
#3665=ORIENTED_EDGE('',*,*,#2779,.T.);
#3666=ORIENTED_EDGE('',*,*,#2780,.F.);
#3667=ORIENTED_EDGE('',*,*,#2725,.T.);
#3668=ORIENTED_EDGE('',*,*,#2778,.F.);
#3669=ORIENTED_EDGE('',*,*,#2781,.T.);
#3670=ORIENTED_EDGE('',*,*,#2782,.F.);
#3671=ORIENTED_EDGE('',*,*,#2727,.T.);
#3672=ORIENTED_EDGE('',*,*,#2783,.F.);
#3673=ORIENTED_EDGE('',*,*,#2784,.T.);
#3674=ORIENTED_EDGE('',*,*,#2785,.T.);
#3675=ORIENTED_EDGE('',*,*,#2729,.T.);
#3676=ORIENTED_EDGE('',*,*,#2786,.F.);
#3677=ORIENTED_EDGE('',*,*,#2787,.T.);
#3678=ORIENTED_EDGE('',*,*,#2788,.T.);
#3679=ORIENTED_EDGE('',*,*,#2730,.T.);
#3680=ORIENTED_EDGE('',*,*,#2785,.F.);
#3681=ORIENTED_EDGE('',*,*,#2789,.T.);
#3682=ORIENTED_EDGE('',*,*,#2790,.T.);
#3683=ORIENTED_EDGE('',*,*,#2731,.T.);
#3684=ORIENTED_EDGE('',*,*,#2788,.F.);
#3685=ORIENTED_EDGE('',*,*,#2791,.T.);
#3686=ORIENTED_EDGE('',*,*,#2792,.T.);
#3687=ORIENTED_EDGE('',*,*,#2732,.T.);
#3688=ORIENTED_EDGE('',*,*,#2790,.F.);
#3689=ORIENTED_EDGE('',*,*,#2793,.T.);
#3690=ORIENTED_EDGE('',*,*,#2794,.F.);
#3691=ORIENTED_EDGE('',*,*,#2733,.T.);
#3692=ORIENTED_EDGE('',*,*,#2792,.F.);
#3693=ORIENTED_EDGE('',*,*,#2795,.T.);
#3694=ORIENTED_EDGE('',*,*,#2673,.F.);
#3695=ORIENTED_EDGE('',*,*,#2735,.T.);
#3696=ORIENTED_EDGE('',*,*,#2796,.F.);
#3697=ORIENTED_EDGE('',*,*,#2797,.T.);
#3698=ORIENTED_EDGE('',*,*,#2798,.T.);
#3699=ORIENTED_EDGE('',*,*,#2736,.T.);
#3700=ORIENTED_EDGE('',*,*,#2671,.F.);
#3701=ORIENTED_EDGE('',*,*,#2799,.T.);
#3702=ORIENTED_EDGE('',*,*,#2800,.T.);
#3703=ORIENTED_EDGE('',*,*,#2737,.T.);
#3704=ORIENTED_EDGE('',*,*,#2798,.F.);
#3705=ORIENTED_EDGE('',*,*,#2625,.T.);
#3706=ORIENTED_EDGE('',*,*,#2801,.T.);
#3707=ORIENTED_EDGE('',*,*,#2738,.T.);
#3708=ORIENTED_EDGE('',*,*,#2800,.F.);
#3709=ORIENTED_EDGE('',*,*,#2802,.T.);
#3710=ORIENTED_EDGE('',*,*,#2803,.T.);
#3711=ORIENTED_EDGE('',*,*,#2739,.T.);
#3712=ORIENTED_EDGE('',*,*,#2801,.F.);
#3713=ORIENTED_EDGE('',*,*,#2629,.T.);
#3714=ORIENTED_EDGE('',*,*,#2680,.F.);
#3715=ORIENTED_EDGE('',*,*,#2740,.T.);
#3716=ORIENTED_EDGE('',*,*,#2803,.F.);
#3717=ORIENTED_EDGE('',*,*,#2804,.T.);
#3718=ORIENTED_EDGE('',*,*,#2688,.F.);
#3719=ORIENTED_EDGE('',*,*,#2741,.T.);
#3720=ORIENTED_EDGE('',*,*,#2678,.F.);
#3721=ORIENTED_EDGE('',*,*,#2805,.T.);
#3722=ORIENTED_EDGE('',*,*,#2806,.T.);
#3723=ORIENTED_EDGE('',*,*,#2742,.T.);
#3724=ORIENTED_EDGE('',*,*,#2686,.F.);
#3725=ORIENTED_EDGE('',*,*,#2807,.T.);
#3726=ORIENTED_EDGE('',*,*,#2808,.T.);
#3727=ORIENTED_EDGE('',*,*,#2743,.T.);
#3728=ORIENTED_EDGE('',*,*,#2806,.F.);
#3729=ORIENTED_EDGE('',*,*,#2809,.T.);
#3730=ORIENTED_EDGE('',*,*,#2810,.T.);
#3731=ORIENTED_EDGE('',*,*,#2744,.T.);
#3732=ORIENTED_EDGE('',*,*,#2808,.F.);
#3733=ORIENTED_EDGE('',*,*,#2811,.T.);
#3734=ORIENTED_EDGE('',*,*,#2812,.T.);
#3735=ORIENTED_EDGE('',*,*,#2745,.T.);
#3736=ORIENTED_EDGE('',*,*,#2810,.F.);
#3737=ORIENTED_EDGE('',*,*,#2813,.T.);
#3738=ORIENTED_EDGE('',*,*,#2814,.F.);
#3739=ORIENTED_EDGE('',*,*,#2746,.T.);
#3740=ORIENTED_EDGE('',*,*,#2812,.F.);
#3741=ORIENTED_EDGE('',*,*,#2815,.T.);
#3742=ORIENTED_EDGE('',*,*,#2816,.F.);
#3743=ORIENTED_EDGE('',*,*,#2748,.T.);
#3744=ORIENTED_EDGE('',*,*,#2817,.F.);
#3745=ORIENTED_EDGE('',*,*,#2818,.T.);
#3746=ORIENTED_EDGE('',*,*,#2753,.F.);
#3747=ORIENTED_EDGE('',*,*,#2750,.T.);
#3748=ORIENTED_EDGE('',*,*,#2819,.F.);
#3749=ORIENTED_EDGE('',*,*,#2820,.T.);
#3750=ORIENTED_EDGE('',*,*,#2821,.F.);
#3751=ORIENTED_EDGE('',*,*,#2822,.F.);
#3752=ORIENTED_EDGE('',*,*,#2754,.F.);
#3753=ORIENTED_EDGE('',*,*,#2823,.F.);
#3754=ORIENTED_EDGE('',*,*,#2824,.T.);
#3755=ORIENTED_EDGE('',*,*,#2756,.F.);
#3756=ORIENTED_EDGE('',*,*,#2822,.T.);
#3757=ORIENTED_EDGE('',*,*,#2825,.T.);
#3758=ORIENTED_EDGE('',*,*,#2826,.F.);
#3759=ORIENTED_EDGE('',*,*,#2827,.F.);
#3760=ORIENTED_EDGE('',*,*,#2758,.F.);
#3761=ORIENTED_EDGE('',*,*,#2824,.F.);
#3762=ORIENTED_EDGE('',*,*,#2828,.T.);
#3763=ORIENTED_EDGE('',*,*,#2760,.F.);
#3764=ORIENTED_EDGE('',*,*,#2827,.T.);
#3765=ORIENTED_EDGE('',*,*,#2829,.T.);
#3766=ORIENTED_EDGE('',*,*,#2830,.T.);
#3767=ORIENTED_EDGE('',*,*,#2762,.F.);
#3768=ORIENTED_EDGE('',*,*,#2831,.T.);
#3769=ORIENTED_EDGE('',*,*,#2832,.T.);
#3770=ORIENTED_EDGE('',*,*,#2833,.T.);
#3771=ORIENTED_EDGE('',*,*,#2764,.F.);
#3772=ORIENTED_EDGE('',*,*,#2834,.T.);
#3773=ORIENTED_EDGE('',*,*,#2835,.T.);
#3774=ORIENTED_EDGE('',*,*,#2836,.F.);
#3775=ORIENTED_EDGE('',*,*,#2622,.F.);
#3776=ORIENTED_EDGE('',*,*,#2766,.F.);
#3777=ORIENTED_EDGE('',*,*,#2833,.F.);
#3778=ORIENTED_EDGE('',*,*,#2837,.F.);
#3779=ORIENTED_EDGE('',*,*,#2838,.F.);
#3780=ORIENTED_EDGE('',*,*,#2769,.F.);
#3781=ORIENTED_EDGE('',*,*,#2624,.F.);
#3782=ORIENTED_EDGE('',*,*,#2839,.T.);
#3783=ORIENTED_EDGE('',*,*,#2770,.F.);
#3784=ORIENTED_EDGE('',*,*,#2838,.T.);
#3785=ORIENTED_EDGE('',*,*,#2840,.T.);
#3786=ORIENTED_EDGE('',*,*,#2841,.T.);
#3787=ORIENTED_EDGE('',*,*,#2771,.F.);
#3788=ORIENTED_EDGE('',*,*,#2842,.T.);
#3789=ORIENTED_EDGE('',*,*,#2843,.T.);
#3790=ORIENTED_EDGE('',*,*,#2844,.T.);
#3791=ORIENTED_EDGE('',*,*,#2773,.F.);
#3792=ORIENTED_EDGE('',*,*,#2845,.T.);
#3793=ORIENTED_EDGE('',*,*,#2846,.T.);
#3794=ORIENTED_EDGE('',*,*,#2847,.F.);
#3795=ORIENTED_EDGE('',*,*,#2848,.F.);
#3796=ORIENTED_EDGE('',*,*,#2775,.F.);
#3797=ORIENTED_EDGE('',*,*,#2844,.F.);
#3798=ORIENTED_EDGE('',*,*,#2849,.T.);
#3799=ORIENTED_EDGE('',*,*,#2777,.F.);
#3800=ORIENTED_EDGE('',*,*,#2848,.T.);
#3801=ORIENTED_EDGE('',*,*,#2850,.T.);
#3802=ORIENTED_EDGE('',*,*,#2851,.F.);
#3803=ORIENTED_EDGE('',*,*,#2852,.F.);
#3804=ORIENTED_EDGE('',*,*,#2779,.F.);
#3805=ORIENTED_EDGE('',*,*,#2849,.F.);
#3806=ORIENTED_EDGE('',*,*,#2853,.T.);
#3807=ORIENTED_EDGE('',*,*,#2781,.F.);
#3808=ORIENTED_EDGE('',*,*,#2852,.T.);
#3809=ORIENTED_EDGE('',*,*,#2854,.T.);
#3810=ORIENTED_EDGE('',*,*,#2855,.T.);
#3811=ORIENTED_EDGE('',*,*,#2784,.F.);
#3812=ORIENTED_EDGE('',*,*,#2856,.T.);
#3813=ORIENTED_EDGE('',*,*,#2857,.T.);
#3814=ORIENTED_EDGE('',*,*,#2858,.T.);
#3815=ORIENTED_EDGE('',*,*,#2787,.F.);
#3816=ORIENTED_EDGE('',*,*,#2859,.T.);
#3817=ORIENTED_EDGE('',*,*,#2860,.T.);
#3818=ORIENTED_EDGE('',*,*,#2861,.F.);
#3819=ORIENTED_EDGE('',*,*,#2862,.F.);
#3820=ORIENTED_EDGE('',*,*,#2789,.F.);
#3821=ORIENTED_EDGE('',*,*,#2858,.F.);
#3822=ORIENTED_EDGE('',*,*,#2863,.T.);
#3823=ORIENTED_EDGE('',*,*,#2791,.F.);
#3824=ORIENTED_EDGE('',*,*,#2862,.T.);
#3825=ORIENTED_EDGE('',*,*,#2864,.T.);
#3826=ORIENTED_EDGE('',*,*,#2865,.F.);
#3827=ORIENTED_EDGE('',*,*,#2866,.F.);
#3828=ORIENTED_EDGE('',*,*,#2793,.F.);
#3829=ORIENTED_EDGE('',*,*,#2863,.F.);
#3830=ORIENTED_EDGE('',*,*,#2867,.T.);
#3831=ORIENTED_EDGE('',*,*,#2795,.F.);
#3832=ORIENTED_EDGE('',*,*,#2866,.T.);
#3833=ORIENTED_EDGE('',*,*,#2868,.T.);
#3834=ORIENTED_EDGE('',*,*,#2636,.T.);
#3835=ORIENTED_EDGE('',*,*,#2797,.F.);
#3836=ORIENTED_EDGE('',*,*,#2869,.T.);
#3837=ORIENTED_EDGE('',*,*,#2870,.T.);
#3838=ORIENTED_EDGE('',*,*,#2626,.T.);
#3839=ORIENTED_EDGE('',*,*,#2799,.F.);
#3840=ORIENTED_EDGE('',*,*,#2634,.T.);
#3841=ORIENTED_EDGE('',*,*,#2871,.T.);
#3842=ORIENTED_EDGE('',*,*,#2630,.T.);
#3843=ORIENTED_EDGE('',*,*,#2802,.F.);
#3844=ORIENTED_EDGE('',*,*,#2628,.T.);
#3845=ORIENTED_EDGE('',*,*,#2872,.T.);
#3846=ORIENTED_EDGE('',*,*,#2640,.T.);
#3847=ORIENTED_EDGE('',*,*,#2804,.F.);
#3848=ORIENTED_EDGE('',*,*,#2632,.T.);
#3849=ORIENTED_EDGE('',*,*,#2873,.T.);
#3850=ORIENTED_EDGE('',*,*,#2874,.T.);
#3851=ORIENTED_EDGE('',*,*,#2805,.F.);
#3852=ORIENTED_EDGE('',*,*,#2638,.T.);
#3853=ORIENTED_EDGE('',*,*,#2875,.T.);
#3854=ORIENTED_EDGE('',*,*,#2876,.T.);
#3855=ORIENTED_EDGE('',*,*,#2807,.F.);
#3856=ORIENTED_EDGE('',*,*,#2877,.T.);
#3857=ORIENTED_EDGE('',*,*,#2878,.T.);
#3858=ORIENTED_EDGE('',*,*,#2879,.F.);
#3859=ORIENTED_EDGE('',*,*,#2880,.F.);
#3860=ORIENTED_EDGE('',*,*,#2809,.F.);
#3861=ORIENTED_EDGE('',*,*,#2876,.F.);
#3862=ORIENTED_EDGE('',*,*,#2881,.T.);
#3863=ORIENTED_EDGE('',*,*,#2811,.F.);
#3864=ORIENTED_EDGE('',*,*,#2880,.T.);
#3865=ORIENTED_EDGE('',*,*,#2882,.T.);
#3866=ORIENTED_EDGE('',*,*,#2883,.F.);
#3867=ORIENTED_EDGE('',*,*,#2884,.F.);
#3868=ORIENTED_EDGE('',*,*,#2813,.F.);
#3869=ORIENTED_EDGE('',*,*,#2881,.F.);
#3870=ORIENTED_EDGE('',*,*,#2885,.T.);
#3871=ORIENTED_EDGE('',*,*,#2815,.F.);
#3872=ORIENTED_EDGE('',*,*,#2884,.T.);
#3873=ORIENTED_EDGE('',*,*,#2886,.T.);
#3874=ORIENTED_EDGE('',*,*,#2887,.T.);
#3875=ORIENTED_EDGE('',*,*,#2818,.F.);
#3876=ORIENTED_EDGE('',*,*,#2888,.T.);
#3877=ORIENTED_EDGE('',*,*,#2889,.T.);
#3878=ORIENTED_EDGE('',*,*,#2823,.T.);
#3879=ORIENTED_EDGE('',*,*,#2820,.F.);
#3880=ORIENTED_EDGE('',*,*,#2890,.T.);
#3881=ORIENTED_EDGE('',*,*,#2891,.T.);
#3882=ORIENTED_EDGE('',*,*,#2616,.F.);
#3883=ORIENTED_EDGE('',*,*,#2618,.F.);
#3884=ORIENTED_EDGE('',*,*,#2620,.F.);
#3885=ORIENTED_EDGE('',*,*,#2892,.T.);
#3886=ORIENTED_EDGE('',*,*,#2893,.T.);
#3887=ORIENTED_EDGE('',*,*,#2894,.T.);
#3888=ORIENTED_EDGE('',*,*,#2821,.T.);
#3889=ORIENTED_EDGE('',*,*,#2894,.F.);
#3890=ORIENTED_EDGE('',*,*,#2895,.T.);
#3891=ORIENTED_EDGE('',*,*,#2896,.T.);
#3892=ORIENTED_EDGE('',*,*,#2825,.F.);
#3893=ORIENTED_EDGE('',*,*,#2896,.F.);
#3894=ORIENTED_EDGE('',*,*,#2897,.T.);
#3895=ORIENTED_EDGE('',*,*,#2898,.T.);
#3896=ORIENTED_EDGE('',*,*,#2826,.T.);
#3897=ORIENTED_EDGE('',*,*,#2831,.F.);
#3898=ORIENTED_EDGE('',*,*,#2899,.T.);
#3899=ORIENTED_EDGE('',*,*,#2828,.F.);
#3900=ORIENTED_EDGE('',*,*,#2643,.T.);
#3901=ORIENTED_EDGE('',*,*,#2898,.F.);
#3902=ORIENTED_EDGE('',*,*,#2900,.T.);
#3903=ORIENTED_EDGE('',*,*,#2644,.T.);
#3904=ORIENTED_EDGE('',*,*,#2829,.F.);
#3905=ORIENTED_EDGE('',*,*,#2834,.F.);
#3906=ORIENTED_EDGE('',*,*,#2645,.T.);
#3907=ORIENTED_EDGE('',*,*,#2830,.F.);
#3908=ORIENTED_EDGE('',*,*,#2652,.T.);
#3909=ORIENTED_EDGE('',*,*,#2642,.T.);
#3910=ORIENTED_EDGE('',*,*,#2901,.T.);
#3911=ORIENTED_EDGE('',*,*,#2653,.T.);
#3912=ORIENTED_EDGE('',*,*,#2832,.F.);
#3913=ORIENTED_EDGE('',*,*,#2651,.T.);
#3914=ORIENTED_EDGE('',*,*,#2902,.T.);
#3915=ORIENTED_EDGE('',*,*,#2903,.T.);
#3916=ORIENTED_EDGE('',*,*,#2835,.F.);
#3917=ORIENTED_EDGE('',*,*,#2903,.F.);
#3918=ORIENTED_EDGE('',*,*,#2904,.T.);
#3919=ORIENTED_EDGE('',*,*,#2905,.T.);
#3920=ORIENTED_EDGE('',*,*,#2836,.T.);
#3921=ORIENTED_EDGE('',*,*,#2905,.F.);
#3922=ORIENTED_EDGE('',*,*,#2906,.T.);
#3923=ORIENTED_EDGE('',*,*,#2907,.T.);
#3924=ORIENTED_EDGE('',*,*,#2623,.F.);
#3925=ORIENTED_EDGE('',*,*,#2907,.F.);
#3926=ORIENTED_EDGE('',*,*,#2908,.T.);
#3927=ORIENTED_EDGE('',*,*,#2909,.T.);
#3928=ORIENTED_EDGE('',*,*,#2837,.T.);
#3929=ORIENTED_EDGE('',*,*,#2842,.F.);
#3930=ORIENTED_EDGE('',*,*,#2654,.T.);
#3931=ORIENTED_EDGE('',*,*,#2839,.F.);
#3932=ORIENTED_EDGE('',*,*,#2661,.T.);
#3933=ORIENTED_EDGE('',*,*,#2909,.F.);
#3934=ORIENTED_EDGE('',*,*,#2910,.T.);
#3935=ORIENTED_EDGE('',*,*,#2662,.T.);
#3936=ORIENTED_EDGE('',*,*,#2840,.F.);
#3937=ORIENTED_EDGE('',*,*,#2845,.F.);
#3938=ORIENTED_EDGE('',*,*,#2663,.T.);
#3939=ORIENTED_EDGE('',*,*,#2841,.F.);
#3940=ORIENTED_EDGE('',*,*,#2911,.T.);
#3941=ORIENTED_EDGE('',*,*,#2660,.T.);
#3942=ORIENTED_EDGE('',*,*,#2912,.T.);
#3943=ORIENTED_EDGE('',*,*,#2913,.T.);
#3944=ORIENTED_EDGE('',*,*,#2843,.F.);
#3945=ORIENTED_EDGE('',*,*,#2914,.T.);
#3946=ORIENTED_EDGE('',*,*,#2915,.T.);
#3947=ORIENTED_EDGE('',*,*,#2916,.T.);
#3948=ORIENTED_EDGE('',*,*,#2846,.F.);
#3949=ORIENTED_EDGE('',*,*,#2916,.F.);
#3950=ORIENTED_EDGE('',*,*,#2917,.T.);
#3951=ORIENTED_EDGE('',*,*,#2918,.T.);
#3952=ORIENTED_EDGE('',*,*,#2847,.T.);
#3953=ORIENTED_EDGE('',*,*,#2918,.F.);
#3954=ORIENTED_EDGE('',*,*,#2919,.T.);
#3955=ORIENTED_EDGE('',*,*,#2920,.T.);
#3956=ORIENTED_EDGE('',*,*,#2850,.F.);
#3957=ORIENTED_EDGE('',*,*,#2920,.F.);
#3958=ORIENTED_EDGE('',*,*,#2921,.T.);
#3959=ORIENTED_EDGE('',*,*,#2922,.T.);
#3960=ORIENTED_EDGE('',*,*,#2851,.T.);
#3961=ORIENTED_EDGE('',*,*,#2856,.F.);
#3962=ORIENTED_EDGE('',*,*,#2923,.T.);
#3963=ORIENTED_EDGE('',*,*,#2853,.F.);
#3964=ORIENTED_EDGE('',*,*,#2924,.T.);
#3965=ORIENTED_EDGE('',*,*,#2922,.F.);
#3966=ORIENTED_EDGE('',*,*,#2925,.T.);
#3967=ORIENTED_EDGE('',*,*,#2926,.T.);
#3968=ORIENTED_EDGE('',*,*,#2854,.F.);
#3969=ORIENTED_EDGE('',*,*,#2859,.F.);
#3970=ORIENTED_EDGE('',*,*,#2927,.T.);
#3971=ORIENTED_EDGE('',*,*,#2855,.F.);
#3972=ORIENTED_EDGE('',*,*,#2928,.T.);
#3973=ORIENTED_EDGE('',*,*,#2929,.T.);
#3974=ORIENTED_EDGE('',*,*,#2930,.T.);
#3975=ORIENTED_EDGE('',*,*,#2931,.T.);
#3976=ORIENTED_EDGE('',*,*,#2857,.F.);
#3977=ORIENTED_EDGE('',*,*,#2932,.T.);
#3978=ORIENTED_EDGE('',*,*,#2933,.T.);
#3979=ORIENTED_EDGE('',*,*,#2934,.T.);
#3980=ORIENTED_EDGE('',*,*,#2860,.F.);
#3981=ORIENTED_EDGE('',*,*,#2934,.F.);
#3982=ORIENTED_EDGE('',*,*,#2935,.T.);
#3983=ORIENTED_EDGE('',*,*,#2936,.T.);
#3984=ORIENTED_EDGE('',*,*,#2861,.T.);
#3985=ORIENTED_EDGE('',*,*,#2936,.F.);
#3986=ORIENTED_EDGE('',*,*,#2937,.T.);
#3987=ORIENTED_EDGE('',*,*,#2938,.T.);
#3988=ORIENTED_EDGE('',*,*,#2864,.F.);
#3989=ORIENTED_EDGE('',*,*,#2938,.F.);
#3990=ORIENTED_EDGE('',*,*,#2939,.T.);
#3991=ORIENTED_EDGE('',*,*,#2940,.T.);
#3992=ORIENTED_EDGE('',*,*,#2865,.T.);
#3993=ORIENTED_EDGE('',*,*,#2869,.F.);
#3994=ORIENTED_EDGE('',*,*,#2941,.T.);
#3995=ORIENTED_EDGE('',*,*,#2867,.F.);
#3996=ORIENTED_EDGE('',*,*,#2669,.T.);
#3997=ORIENTED_EDGE('',*,*,#2940,.F.);
#3998=ORIENTED_EDGE('',*,*,#2942,.T.);
#3999=ORIENTED_EDGE('',*,*,#2670,.T.);
#4000=ORIENTED_EDGE('',*,*,#2868,.F.);
#4001=ORIENTED_EDGE('',*,*,#2668,.T.);
#4002=ORIENTED_EDGE('',*,*,#2943,.T.);
#4003=ORIENTED_EDGE('',*,*,#2677,.T.);
#4004=ORIENTED_EDGE('',*,*,#2870,.F.);
#4005=ORIENTED_EDGE('',*,*,#2676,.T.);
#4006=ORIENTED_EDGE('',*,*,#2944,.T.);
#4007=ORIENTED_EDGE('',*,*,#2945,.T.);
#4008=ORIENTED_EDGE('',*,*,#2871,.F.);
#4009=ORIENTED_EDGE('',*,*,#2945,.F.);
#4010=ORIENTED_EDGE('',*,*,#2946,.T.);
#4011=ORIENTED_EDGE('',*,*,#2947,.T.);
#4012=ORIENTED_EDGE('',*,*,#2627,.T.);
#4013=ORIENTED_EDGE('',*,*,#2947,.F.);
#4014=ORIENTED_EDGE('',*,*,#2948,.T.);
#4015=ORIENTED_EDGE('',*,*,#2949,.T.);
#4016=ORIENTED_EDGE('',*,*,#2872,.F.);
#4017=ORIENTED_EDGE('',*,*,#2949,.F.);
#4018=ORIENTED_EDGE('',*,*,#2950,.T.);
#4019=ORIENTED_EDGE('',*,*,#2951,.T.);
#4020=ORIENTED_EDGE('',*,*,#2631,.T.);
#4021=ORIENTED_EDGE('',*,*,#2951,.F.);
#4022=ORIENTED_EDGE('',*,*,#2952,.T.);
#4023=ORIENTED_EDGE('',*,*,#2684,.T.);
#4024=ORIENTED_EDGE('',*,*,#2873,.F.);
#4025=ORIENTED_EDGE('',*,*,#2877,.F.);
#4026=ORIENTED_EDGE('',*,*,#2685,.T.);
#4027=ORIENTED_EDGE('',*,*,#2874,.F.);
#4028=ORIENTED_EDGE('',*,*,#2953,.T.);
#4029=ORIENTED_EDGE('',*,*,#2683,.T.);
#4030=ORIENTED_EDGE('',*,*,#2954,.T.);
#4031=ORIENTED_EDGE('',*,*,#2955,.T.);
#4032=ORIENTED_EDGE('',*,*,#2875,.F.);
#4033=ORIENTED_EDGE('',*,*,#2956,.T.);
#4034=ORIENTED_EDGE('',*,*,#2957,.T.);
#4035=ORIENTED_EDGE('',*,*,#2958,.T.);
#4036=ORIENTED_EDGE('',*,*,#2878,.F.);
#4037=ORIENTED_EDGE('',*,*,#2958,.F.);
#4038=ORIENTED_EDGE('',*,*,#2959,.T.);
#4039=ORIENTED_EDGE('',*,*,#2960,.T.);
#4040=ORIENTED_EDGE('',*,*,#2879,.T.);
#4041=ORIENTED_EDGE('',*,*,#2960,.F.);
#4042=ORIENTED_EDGE('',*,*,#2961,.T.);
#4043=ORIENTED_EDGE('',*,*,#2962,.T.);
#4044=ORIENTED_EDGE('',*,*,#2882,.F.);
#4045=ORIENTED_EDGE('',*,*,#2962,.F.);
#4046=ORIENTED_EDGE('',*,*,#2963,.T.);
#4047=ORIENTED_EDGE('',*,*,#2964,.T.);
#4048=ORIENTED_EDGE('',*,*,#2883,.T.);
#4049=ORIENTED_EDGE('',*,*,#2888,.F.);
#4050=ORIENTED_EDGE('',*,*,#2965,.T.);
#4051=ORIENTED_EDGE('',*,*,#2885,.F.);
#4052=ORIENTED_EDGE('',*,*,#2966,.T.);
#4053=ORIENTED_EDGE('',*,*,#2964,.F.);
#4054=ORIENTED_EDGE('',*,*,#2967,.T.);
#4055=ORIENTED_EDGE('',*,*,#2968,.T.);
#4056=ORIENTED_EDGE('',*,*,#2886,.F.);
#4057=ORIENTED_EDGE('',*,*,#2890,.F.);
#4058=ORIENTED_EDGE('',*,*,#2969,.T.);
#4059=ORIENTED_EDGE('',*,*,#2887,.F.);
#4060=ORIENTED_EDGE('',*,*,#2970,.T.);
#4061=ORIENTED_EDGE('',*,*,#2971,.T.);
#4062=ORIENTED_EDGE('',*,*,#2972,.T.);
#4063=ORIENTED_EDGE('',*,*,#2973,.T.);
#4064=ORIENTED_EDGE('',*,*,#2889,.F.);
#4065=ORIENTED_EDGE('',*,*,#2974,.T.);
#4066=ORIENTED_EDGE('',*,*,#2975,.T.);
#4067=ORIENTED_EDGE('',*,*,#2892,.F.);
#4068=ORIENTED_EDGE('',*,*,#2891,.F.);
#4069=ORIENTED_EDGE('',*,*,#2976,.T.);
#4070=ORIENTED_EDGE('',*,*,#2967,.F.);
#4071=ORIENTED_EDGE('',*,*,#2963,.F.);
#4072=ORIENTED_EDGE('',*,*,#2961,.F.);
#4073=ORIENTED_EDGE('',*,*,#2959,.F.);
#4074=ORIENTED_EDGE('',*,*,#2957,.F.);
#4075=ORIENTED_EDGE('',*,*,#2977,.T.);
#4076=ORIENTED_EDGE('',*,*,#2954,.F.);
#4077=ORIENTED_EDGE('',*,*,#2682,.T.);
#4078=ORIENTED_EDGE('',*,*,#2681,.T.);
#4079=ORIENTED_EDGE('',*,*,#2952,.F.);
#4080=ORIENTED_EDGE('',*,*,#2950,.F.);
#4081=ORIENTED_EDGE('',*,*,#2948,.F.);
#4082=ORIENTED_EDGE('',*,*,#2946,.F.);
#4083=ORIENTED_EDGE('',*,*,#2944,.F.);
#4084=ORIENTED_EDGE('',*,*,#2675,.T.);
#4085=ORIENTED_EDGE('',*,*,#2674,.T.);
#4086=ORIENTED_EDGE('',*,*,#2943,.F.);
#4087=ORIENTED_EDGE('',*,*,#2667,.T.);
#4088=ORIENTED_EDGE('',*,*,#2942,.F.);
#4089=ORIENTED_EDGE('',*,*,#2939,.F.);
#4090=ORIENTED_EDGE('',*,*,#2937,.F.);
#4091=ORIENTED_EDGE('',*,*,#2935,.F.);
#4092=ORIENTED_EDGE('',*,*,#2933,.F.);
#4093=ORIENTED_EDGE('',*,*,#2978,.T.);
#4094=ORIENTED_EDGE('',*,*,#2930,.F.);
#4095=ORIENTED_EDGE('',*,*,#2979,.T.);
#4096=ORIENTED_EDGE('',*,*,#2925,.F.);
#4097=ORIENTED_EDGE('',*,*,#2921,.F.);
#4098=ORIENTED_EDGE('',*,*,#2919,.F.);
#4099=ORIENTED_EDGE('',*,*,#2917,.F.);
#4100=ORIENTED_EDGE('',*,*,#2915,.F.);
#4101=ORIENTED_EDGE('',*,*,#2980,.T.);
#4102=ORIENTED_EDGE('',*,*,#2912,.F.);
#4103=ORIENTED_EDGE('',*,*,#2659,.T.);
#4104=ORIENTED_EDGE('',*,*,#2658,.T.);
#4105=ORIENTED_EDGE('',*,*,#2910,.F.);
#4106=ORIENTED_EDGE('',*,*,#2908,.F.);
#4107=ORIENTED_EDGE('',*,*,#2906,.F.);
#4108=ORIENTED_EDGE('',*,*,#2904,.F.);
#4109=ORIENTED_EDGE('',*,*,#2902,.F.);
#4110=ORIENTED_EDGE('',*,*,#2650,.T.);
#4111=ORIENTED_EDGE('',*,*,#2649,.T.);
#4112=ORIENTED_EDGE('',*,*,#2901,.F.);
#4113=ORIENTED_EDGE('',*,*,#2641,.T.);
#4114=ORIENTED_EDGE('',*,*,#2900,.F.);
#4115=ORIENTED_EDGE('',*,*,#2897,.F.);
#4116=ORIENTED_EDGE('',*,*,#2895,.F.);
#4117=ORIENTED_EDGE('',*,*,#2893,.F.);
#4118=ORIENTED_EDGE('',*,*,#2975,.F.);
#4119=ORIENTED_EDGE('',*,*,#2981,.T.);
#4120=ORIENTED_EDGE('',*,*,#2972,.F.);
#4121=ORIENTED_EDGE('',*,*,#2689,.T.);
#4122=ORIENTED_EDGE('',*,*,#2694,.T.);
#4123=ORIENTED_EDGE('',*,*,#2698,.T.);
#4124=ORIENTED_EDGE('',*,*,#2702,.T.);
#4125=ORIENTED_EDGE('',*,*,#2759,.T.);
#4126=ORIENTED_EDGE('',*,*,#2899,.F.);
#4127=ORIENTED_EDGE('',*,*,#2761,.T.);
#4128=ORIENTED_EDGE('',*,*,#2713,.T.);
#4129=ORIENTED_EDGE('',*,*,#2914,.F.);
#4130=ORIENTED_EDGE('',*,*,#2911,.F.);
#4131=ORIENTED_EDGE('',*,*,#2913,.F.);
#4132=ORIENTED_EDGE('',*,*,#2980,.F.);
#4133=ORIENTED_EDGE('',*,*,#2780,.T.);
#4134=ORIENTED_EDGE('',*,*,#2923,.F.);
#4135=ORIENTED_EDGE('',*,*,#2783,.T.);
#4136=ORIENTED_EDGE('',*,*,#2726,.T.);
#4137=ORIENTED_EDGE('',*,*,#2929,.F.);
#4138=ORIENTED_EDGE('',*,*,#2924,.F.);
#4139=ORIENTED_EDGE('',*,*,#2926,.F.);
#4140=ORIENTED_EDGE('',*,*,#2979,.F.);
#4141=ORIENTED_EDGE('',*,*,#2782,.T.);
#4142=ORIENTED_EDGE('',*,*,#2927,.F.);
#4143=ORIENTED_EDGE('',*,*,#2786,.T.);
#4144=ORIENTED_EDGE('',*,*,#2728,.T.);
#4145=ORIENTED_EDGE('',*,*,#2932,.F.);
#4146=ORIENTED_EDGE('',*,*,#2928,.F.);
#4147=ORIENTED_EDGE('',*,*,#2931,.F.);
#4148=ORIENTED_EDGE('',*,*,#2978,.F.);
#4149=ORIENTED_EDGE('',*,*,#2794,.T.);
#4150=ORIENTED_EDGE('',*,*,#2941,.F.);
#4151=ORIENTED_EDGE('',*,*,#2796,.T.);
#4152=ORIENTED_EDGE('',*,*,#2734,.T.);
#4153=ORIENTED_EDGE('',*,*,#2956,.F.);
#4154=ORIENTED_EDGE('',*,*,#2953,.F.);
#4155=ORIENTED_EDGE('',*,*,#2955,.F.);
#4156=ORIENTED_EDGE('',*,*,#2977,.F.);
#4157=ORIENTED_EDGE('',*,*,#2814,.T.);
#4158=ORIENTED_EDGE('',*,*,#2965,.F.);
#4159=ORIENTED_EDGE('',*,*,#2817,.T.);
#4160=ORIENTED_EDGE('',*,*,#2747,.T.);
#4161=ORIENTED_EDGE('',*,*,#2971,.F.);
#4162=ORIENTED_EDGE('',*,*,#2966,.F.);
#4163=ORIENTED_EDGE('',*,*,#2968,.F.);
#4164=ORIENTED_EDGE('',*,*,#2976,.F.);
#4165=ORIENTED_EDGE('',*,*,#2816,.T.);
#4166=ORIENTED_EDGE('',*,*,#2969,.F.);
#4167=ORIENTED_EDGE('',*,*,#2819,.T.);
#4168=ORIENTED_EDGE('',*,*,#2749,.T.);
#4169=ORIENTED_EDGE('',*,*,#2974,.F.);
#4170=ORIENTED_EDGE('',*,*,#2970,.F.);
#4171=ORIENTED_EDGE('',*,*,#2973,.F.);
#4172=ORIENTED_EDGE('',*,*,#2981,.F.);
#4173=ORIENTED_EDGE('',*,*,#2691,.T.);
#4174=ORIENTED_EDGE('',*,*,#2705,.F.);
#4175=ORIENTED_EDGE('',*,*,#2707,.F.);
#4176=ORIENTED_EDGE('',*,*,#2709,.F.);
#4177=ORIENTED_EDGE('',*,*,#2982,.F.);
#4178=ORIENTED_EDGE('',*,*,#2983,.F.);
#4179=ORIENTED_EDGE('',*,*,#2984,.F.);
#4180=ORIENTED_EDGE('',*,*,#2985,.F.);
#4181=ORIENTED_EDGE('',*,*,#2986,.F.);
#4182=ORIENTED_EDGE('',*,*,#2987,.F.);
#4183=ORIENTED_EDGE('',*,*,#2988,.F.);
#4184=ORIENTED_EDGE('',*,*,#2983,.T.);
#4185=ORIENTED_EDGE('',*,*,#2989,.F.);
#4186=ORIENTED_EDGE('',*,*,#2990,.F.);
#4187=ORIENTED_EDGE('',*,*,#2991,.F.);
#4188=ORIENTED_EDGE('',*,*,#2987,.T.);
#4189=ORIENTED_EDGE('',*,*,#2992,.F.);
#4190=ORIENTED_EDGE('',*,*,#2993,.F.);
#4191=ORIENTED_EDGE('',*,*,#2994,.F.);
#4192=ORIENTED_EDGE('',*,*,#2995,.T.);
#4193=ORIENTED_EDGE('',*,*,#2996,.F.);
#4194=ORIENTED_EDGE('',*,*,#2997,.F.);
#4195=ORIENTED_EDGE('',*,*,#2998,.F.);
#4196=ORIENTED_EDGE('',*,*,#2999,.F.);
#4197=ORIENTED_EDGE('',*,*,#3000,.F.);
#4198=ORIENTED_EDGE('',*,*,#2995,.F.);
#4199=ORIENTED_EDGE('',*,*,#3001,.F.);
#4200=ORIENTED_EDGE('',*,*,#2997,.T.);
#4201=ORIENTED_EDGE('',*,*,#3002,.F.);
#4202=ORIENTED_EDGE('',*,*,#2998,.T.);
#4203=ORIENTED_EDGE('',*,*,#3001,.T.);
#4204=ORIENTED_EDGE('',*,*,#2994,.T.);
#4205=ORIENTED_EDGE('',*,*,#3003,.T.);
#4206=ORIENTED_EDGE('',*,*,#3004,.F.);
#4207=ORIENTED_EDGE('',*,*,#3005,.F.);
#4208=ORIENTED_EDGE('',*,*,#3006,.F.);
#4209=ORIENTED_EDGE('',*,*,#3007,.T.);
#4210=ORIENTED_EDGE('',*,*,#3008,.T.);
#4211=ORIENTED_EDGE('',*,*,#2984,.T.);
#4212=ORIENTED_EDGE('',*,*,#2988,.T.);
#4213=ORIENTED_EDGE('',*,*,#2991,.T.);
#4214=ORIENTED_EDGE('',*,*,#3009,.T.);
#4215=ORIENTED_EDGE('',*,*,#2992,.T.);
#4216=ORIENTED_EDGE('',*,*,#3000,.T.);
#4217=ORIENTED_EDGE('',*,*,#2996,.T.);
#4218=ORIENTED_EDGE('',*,*,#3010,.T.);
#4219=ORIENTED_EDGE('',*,*,#3007,.F.);
#4220=ORIENTED_EDGE('',*,*,#2985,.T.);
#4221=ORIENTED_EDGE('',*,*,#3008,.F.);
#4222=ORIENTED_EDGE('',*,*,#3010,.F.);
#4223=ORIENTED_EDGE('',*,*,#2999,.T.);
#4224=ORIENTED_EDGE('',*,*,#3003,.F.);
#4225=ORIENTED_EDGE('',*,*,#2993,.T.);
#4226=ORIENTED_EDGE('',*,*,#3009,.F.);
#4227=ORIENTED_EDGE('',*,*,#2990,.T.);
#4228=ORIENTED_EDGE('',*,*,#3011,.F.);
#4229=ORIENTED_EDGE('',*,*,#3012,.F.);
#4230=ORIENTED_EDGE('',*,*,#3013,.T.);
#4231=ORIENTED_EDGE('',*,*,#3002,.T.);
#4232=ORIENTED_EDGE('',*,*,#3013,.F.);
#4233=ORIENTED_EDGE('',*,*,#3014,.T.);
#4234=ORIENTED_EDGE('',*,*,#3015,.F.);
#4235=ORIENTED_EDGE('',*,*,#3016,.T.);
#4236=ORIENTED_EDGE('',*,*,#3017,.T.);
#4237=ORIENTED_EDGE('',*,*,#3018,.T.);
#4238=ORIENTED_EDGE('',*,*,#3019,.T.);
#4239=ORIENTED_EDGE('',*,*,#3020,.T.);
#4240=ORIENTED_EDGE('',*,*,#3021,.T.);
#4241=ORIENTED_EDGE('',*,*,#3022,.T.);
#4242=ORIENTED_EDGE('',*,*,#3023,.F.);
#4243=ORIENTED_EDGE('',*,*,#3024,.T.);
#4244=ORIENTED_EDGE('',*,*,#3025,.T.);
#4245=ORIENTED_EDGE('',*,*,#3026,.T.);
#4246=ORIENTED_EDGE('',*,*,#3027,.T.);
#4247=ORIENTED_EDGE('',*,*,#3028,.T.);
#4248=ORIENTED_EDGE('',*,*,#3029,.T.);
#4249=ORIENTED_EDGE('',*,*,#3030,.T.);
#4250=ORIENTED_EDGE('',*,*,#3031,.T.);
#4251=ORIENTED_EDGE('',*,*,#3032,.T.);
#4252=ORIENTED_EDGE('',*,*,#3033,.T.);
#4253=ORIENTED_EDGE('',*,*,#3034,.T.);
#4254=ORIENTED_EDGE('',*,*,#3005,.T.);
#4255=ORIENTED_EDGE('',*,*,#3035,.T.);
#4256=ORIENTED_EDGE('',*,*,#3012,.T.);
#4257=ORIENTED_EDGE('',*,*,#3035,.F.);
#4258=ORIENTED_EDGE('',*,*,#3004,.T.);
#4259=ORIENTED_EDGE('',*,*,#3006,.T.);
#4260=ORIENTED_EDGE('',*,*,#3034,.F.);
#4261=ORIENTED_EDGE('',*,*,#3036,.T.);
#4262=ORIENTED_EDGE('',*,*,#3037,.T.);
#4263=ORIENTED_EDGE('',*,*,#3038,.T.);
#4264=ORIENTED_EDGE('',*,*,#3039,.T.);
#4265=ORIENTED_EDGE('',*,*,#3040,.T.);
#4266=ORIENTED_EDGE('',*,*,#3041,.T.);
#4267=ORIENTED_EDGE('',*,*,#3042,.T.);
#4268=ORIENTED_EDGE('',*,*,#3043,.T.);
#4269=ORIENTED_EDGE('',*,*,#3044,.T.);
#4270=ORIENTED_EDGE('',*,*,#3014,.F.);
#4271=ORIENTED_EDGE('',*,*,#3045,.F.);
#4272=ORIENTED_EDGE('',*,*,#3019,.F.);
#4273=ORIENTED_EDGE('',*,*,#3046,.F.);
#4274=ORIENTED_EDGE('',*,*,#3047,.F.);
#4275=ORIENTED_EDGE('',*,*,#3048,.F.);
#4276=ORIENTED_EDGE('',*,*,#3024,.F.);
#4277=ORIENTED_EDGE('',*,*,#3049,.F.);
#4278=ORIENTED_EDGE('',*,*,#3050,.F.);
#4279=ORIENTED_EDGE('',*,*,#3051,.F.);
#4280=ORIENTED_EDGE('',*,*,#3044,.F.);
#4281=ORIENTED_EDGE('',*,*,#3052,.T.);
#4282=ORIENTED_EDGE('',*,*,#3053,.T.);
#4283=ORIENTED_EDGE('',*,*,#3049,.T.);
#4284=ORIENTED_EDGE('',*,*,#3043,.F.);
#4285=ORIENTED_EDGE('',*,*,#3054,.F.);
#4286=ORIENTED_EDGE('',*,*,#3055,.F.);
#4287=ORIENTED_EDGE('',*,*,#3052,.F.);
#4288=ORIENTED_EDGE('',*,*,#3033,.F.);
#4289=ORIENTED_EDGE('',*,*,#3056,.F.);
#4290=ORIENTED_EDGE('',*,*,#3057,.F.);
#4291=ORIENTED_EDGE('',*,*,#3058,.F.);
#4292=ORIENTED_EDGE('',*,*,#3059,.F.);
#4293=ORIENTED_EDGE('',*,*,#3060,.F.);
#4294=ORIENTED_EDGE('',*,*,#3061,.F.);
#4295=ORIENTED_EDGE('',*,*,#3062,.F.);
#4296=ORIENTED_EDGE('',*,*,#3063,.F.);
#4297=ORIENTED_EDGE('',*,*,#3064,.F.);
#4298=ORIENTED_EDGE('',*,*,#3027,.F.);
#4299=ORIENTED_EDGE('',*,*,#3065,.F.);
#4300=ORIENTED_EDGE('',*,*,#3066,.F.);
#4301=ORIENTED_EDGE('',*,*,#3067,.F.);
#4302=ORIENTED_EDGE('',*,*,#3068,.F.);
#4303=ORIENTED_EDGE('',*,*,#3069,.F.);
#4304=ORIENTED_EDGE('',*,*,#3070,.F.);
#4305=ORIENTED_EDGE('',*,*,#3071,.F.);
#4306=ORIENTED_EDGE('',*,*,#3072,.F.);
#4307=ORIENTED_EDGE('',*,*,#3073,.F.);
#4308=ORIENTED_EDGE('',*,*,#3074,.F.);
#4309=ORIENTED_EDGE('',*,*,#3054,.T.);
#4310=ORIENTED_EDGE('',*,*,#3042,.F.);
#4311=ORIENTED_EDGE('',*,*,#3075,.F.);
#4312=ORIENTED_EDGE('',*,*,#3076,.F.);
#4313=ORIENTED_EDGE('',*,*,#3077,.F.);
#4314=ORIENTED_EDGE('',*,*,#3078,.F.);
#4315=ORIENTED_EDGE('',*,*,#3079,.F.);
#4316=ORIENTED_EDGE('',*,*,#3080,.F.);
#4317=ORIENTED_EDGE('',*,*,#3081,.F.);
#4318=ORIENTED_EDGE('',*,*,#3082,.F.);
#4319=ORIENTED_EDGE('',*,*,#3083,.F.);
#4320=ORIENTED_EDGE('',*,*,#3036,.F.);
#4321=ORIENTED_EDGE('',*,*,#2982,.T.);
#4322=ORIENTED_EDGE('',*,*,#3011,.T.);
#4323=ORIENTED_EDGE('',*,*,#2989,.T.);
#4324=ORIENTED_EDGE('',*,*,#2986,.T.);
#4325=ORIENTED_EDGE('',*,*,#3084,.F.);
#4326=ORIENTED_EDGE('',*,*,#3075,.T.);
#4327=ORIENTED_EDGE('',*,*,#3041,.F.);
#4328=ORIENTED_EDGE('',*,*,#3085,.F.);
#4329=ORIENTED_EDGE('',*,*,#3086,.T.);
#4330=ORIENTED_EDGE('',*,*,#3085,.T.);
#4331=ORIENTED_EDGE('',*,*,#3040,.F.);
#4332=ORIENTED_EDGE('',*,*,#3087,.T.);
#4333=ORIENTED_EDGE('',*,*,#3088,.F.);
#4334=ORIENTED_EDGE('',*,*,#3089,.F.);
#4335=ORIENTED_EDGE('',*,*,#3090,.F.);
#4336=ORIENTED_EDGE('',*,*,#3091,.F.);
#4337=ORIENTED_EDGE('',*,*,#3092,.F.);
#4338=ORIENTED_EDGE('',*,*,#3087,.F.);
#4339=ORIENTED_EDGE('',*,*,#3039,.F.);
#4340=ORIENTED_EDGE('',*,*,#3093,.F.);
#4341=ORIENTED_EDGE('',*,*,#3094,.F.);
#4342=ORIENTED_EDGE('',*,*,#3095,.F.);
#4343=ORIENTED_EDGE('',*,*,#3038,.F.);
#4344=ORIENTED_EDGE('',*,*,#3096,.T.);
#4345=ORIENTED_EDGE('',*,*,#3097,.T.);
#4346=ORIENTED_EDGE('',*,*,#3093,.T.);
#4347=ORIENTED_EDGE('',*,*,#3037,.F.);
#4348=ORIENTED_EDGE('',*,*,#3083,.T.);
#4349=ORIENTED_EDGE('',*,*,#3098,.F.);
#4350=ORIENTED_EDGE('',*,*,#3096,.F.);
#4351=ORIENTED_EDGE('',*,*,#3099,.F.);
#4352=ORIENTED_EDGE('',*,*,#3056,.T.);
#4353=ORIENTED_EDGE('',*,*,#3032,.F.);
#4354=ORIENTED_EDGE('',*,*,#3100,.F.);
#4355=ORIENTED_EDGE('',*,*,#3101,.T.);
#4356=ORIENTED_EDGE('',*,*,#3100,.T.);
#4357=ORIENTED_EDGE('',*,*,#3031,.F.);
#4358=ORIENTED_EDGE('',*,*,#3102,.T.);
#4359=ORIENTED_EDGE('',*,*,#3103,.F.);
#4360=ORIENTED_EDGE('',*,*,#3104,.F.);
#4361=ORIENTED_EDGE('',*,*,#3105,.F.);
#4362=ORIENTED_EDGE('',*,*,#3106,.F.);
#4363=ORIENTED_EDGE('',*,*,#3107,.F.);
#4364=ORIENTED_EDGE('',*,*,#3102,.F.);
#4365=ORIENTED_EDGE('',*,*,#3030,.F.);
#4366=ORIENTED_EDGE('',*,*,#3108,.F.);
#4367=ORIENTED_EDGE('',*,*,#3109,.F.);
#4368=ORIENTED_EDGE('',*,*,#3110,.F.);
#4369=ORIENTED_EDGE('',*,*,#3029,.F.);
#4370=ORIENTED_EDGE('',*,*,#3111,.T.);
#4371=ORIENTED_EDGE('',*,*,#3112,.T.);
#4372=ORIENTED_EDGE('',*,*,#3108,.T.);
#4373=ORIENTED_EDGE('',*,*,#3028,.F.);
#4374=ORIENTED_EDGE('',*,*,#3064,.T.);
#4375=ORIENTED_EDGE('',*,*,#3113,.F.);
#4376=ORIENTED_EDGE('',*,*,#3111,.F.);
#4377=ORIENTED_EDGE('',*,*,#3114,.F.);
#4378=ORIENTED_EDGE('',*,*,#3065,.T.);
#4379=ORIENTED_EDGE('',*,*,#3026,.F.);
#4380=ORIENTED_EDGE('',*,*,#3115,.F.);
#4381=ORIENTED_EDGE('',*,*,#3116,.T.);
#4382=ORIENTED_EDGE('',*,*,#3115,.T.);
#4383=ORIENTED_EDGE('',*,*,#3025,.F.);
#4384=ORIENTED_EDGE('',*,*,#3048,.T.);
#4385=ORIENTED_EDGE('',*,*,#3117,.T.);
#4386=ORIENTED_EDGE('',*,*,#3118,.T.);
#4387=ORIENTED_EDGE('',*,*,#3015,.T.);
#4388=ORIENTED_EDGE('',*,*,#3051,.T.);
#4389=ORIENTED_EDGE('',*,*,#3020,.F.);
#4390=ORIENTED_EDGE('',*,*,#3045,.T.);
#4391=ORIENTED_EDGE('',*,*,#3018,.F.);
#4392=ORIENTED_EDGE('',*,*,#3119,.F.);
#4393=ORIENTED_EDGE('',*,*,#3023,.T.);
#4394=ORIENTED_EDGE('',*,*,#3120,.T.);
#4395=ORIENTED_EDGE('',*,*,#3121,.T.);
#4396=ORIENTED_EDGE('',*,*,#3046,.T.);
#4397=ORIENTED_EDGE('',*,*,#3053,.F.);
#4398=ORIENTED_EDGE('',*,*,#3122,.T.);
#4399=ORIENTED_EDGE('',*,*,#3117,.F.);
#4400=ORIENTED_EDGE('',*,*,#3050,.T.);
#4401=ORIENTED_EDGE('',*,*,#3055,.T.);
#4402=ORIENTED_EDGE('',*,*,#3074,.T.);
#4403=ORIENTED_EDGE('',*,*,#3123,.F.);
#4404=ORIENTED_EDGE('',*,*,#3122,.F.);
#4405=ORIENTED_EDGE('',*,*,#3124,.F.);
#4406=ORIENTED_EDGE('',*,*,#3057,.T.);
#4407=ORIENTED_EDGE('',*,*,#3099,.T.);
#4408=ORIENTED_EDGE('',*,*,#3125,.F.);
#4409=ORIENTED_EDGE('',*,*,#3126,.F.);
#4410=ORIENTED_EDGE('',*,*,#3058,.T.);
#4411=ORIENTED_EDGE('',*,*,#3124,.T.);
#4412=ORIENTED_EDGE('',*,*,#3127,.F.);
#4413=ORIENTED_EDGE('',*,*,#3128,.F.);
#4414=ORIENTED_EDGE('',*,*,#3059,.T.);
#4415=ORIENTED_EDGE('',*,*,#3126,.T.);
#4416=ORIENTED_EDGE('',*,*,#3129,.F.);
#4417=ORIENTED_EDGE('',*,*,#3130,.F.);
#4418=ORIENTED_EDGE('',*,*,#3060,.T.);
#4419=ORIENTED_EDGE('',*,*,#3128,.T.);
#4420=ORIENTED_EDGE('',*,*,#3131,.F.);
#4421=ORIENTED_EDGE('',*,*,#3132,.F.);
#4422=ORIENTED_EDGE('',*,*,#3061,.T.);
#4423=ORIENTED_EDGE('',*,*,#3130,.T.);
#4424=ORIENTED_EDGE('',*,*,#3133,.F.);
#4425=ORIENTED_EDGE('',*,*,#3134,.F.);
#4426=ORIENTED_EDGE('',*,*,#3062,.T.);
#4427=ORIENTED_EDGE('',*,*,#3132,.T.);
#4428=ORIENTED_EDGE('',*,*,#3135,.F.);
#4429=ORIENTED_EDGE('',*,*,#3113,.T.);
#4430=ORIENTED_EDGE('',*,*,#3063,.T.);
#4431=ORIENTED_EDGE('',*,*,#3134,.T.);
#4432=ORIENTED_EDGE('',*,*,#3136,.F.);
#4433=ORIENTED_EDGE('',*,*,#3137,.F.);
#4434=ORIENTED_EDGE('',*,*,#3066,.T.);
#4435=ORIENTED_EDGE('',*,*,#3114,.T.);
#4436=ORIENTED_EDGE('',*,*,#3138,.F.);
#4437=ORIENTED_EDGE('',*,*,#3139,.F.);
#4438=ORIENTED_EDGE('',*,*,#3067,.T.);
#4439=ORIENTED_EDGE('',*,*,#3137,.T.);
#4440=ORIENTED_EDGE('',*,*,#3120,.F.);
#4441=ORIENTED_EDGE('',*,*,#3140,.F.);
#4442=ORIENTED_EDGE('',*,*,#3068,.T.);
#4443=ORIENTED_EDGE('',*,*,#3139,.T.);
#4444=ORIENTED_EDGE('',*,*,#3022,.F.);
#4445=ORIENTED_EDGE('',*,*,#3021,.F.);
#4446=ORIENTED_EDGE('',*,*,#3141,.F.);
#4447=ORIENTED_EDGE('',*,*,#3069,.T.);
#4448=ORIENTED_EDGE('',*,*,#3140,.T.);
#4449=ORIENTED_EDGE('',*,*,#3142,.F.);
#4450=ORIENTED_EDGE('',*,*,#3070,.T.);
#4451=ORIENTED_EDGE('',*,*,#3141,.T.);
#4452=ORIENTED_EDGE('',*,*,#3119,.T.);
#4453=ORIENTED_EDGE('',*,*,#3143,.F.);
#4454=ORIENTED_EDGE('',*,*,#3071,.T.);
#4455=ORIENTED_EDGE('',*,*,#3142,.T.);
#4456=ORIENTED_EDGE('',*,*,#3017,.F.);
#4457=ORIENTED_EDGE('',*,*,#3016,.F.);
#4458=ORIENTED_EDGE('',*,*,#3144,.F.);
#4459=ORIENTED_EDGE('',*,*,#3072,.T.);
#4460=ORIENTED_EDGE('',*,*,#3143,.T.);
#4461=ORIENTED_EDGE('',*,*,#3123,.T.);
#4462=ORIENTED_EDGE('',*,*,#3073,.T.);
#4463=ORIENTED_EDGE('',*,*,#3144,.T.);
#4464=ORIENTED_EDGE('',*,*,#3118,.F.);
#4465=ORIENTED_EDGE('',*,*,#3145,.F.);
#4466=ORIENTED_EDGE('',*,*,#3076,.T.);
#4467=ORIENTED_EDGE('',*,*,#3084,.T.);
#4468=ORIENTED_EDGE('',*,*,#3146,.F.);
#4469=ORIENTED_EDGE('',*,*,#3147,.F.);
#4470=ORIENTED_EDGE('',*,*,#3077,.T.);
#4471=ORIENTED_EDGE('',*,*,#3145,.T.);
#4472=ORIENTED_EDGE('',*,*,#3148,.F.);
#4473=ORIENTED_EDGE('',*,*,#3149,.F.);
#4474=ORIENTED_EDGE('',*,*,#3078,.T.);
#4475=ORIENTED_EDGE('',*,*,#3147,.T.);
#4476=ORIENTED_EDGE('',*,*,#3150,.F.);
#4477=ORIENTED_EDGE('',*,*,#3151,.F.);
#4478=ORIENTED_EDGE('',*,*,#3079,.T.);
#4479=ORIENTED_EDGE('',*,*,#3149,.T.);
#4480=ORIENTED_EDGE('',*,*,#3152,.F.);
#4481=ORIENTED_EDGE('',*,*,#3153,.F.);
#4482=ORIENTED_EDGE('',*,*,#3080,.T.);
#4483=ORIENTED_EDGE('',*,*,#3151,.T.);
#4484=ORIENTED_EDGE('',*,*,#3154,.F.);
#4485=ORIENTED_EDGE('',*,*,#3155,.F.);
#4486=ORIENTED_EDGE('',*,*,#3081,.T.);
#4487=ORIENTED_EDGE('',*,*,#3153,.T.);
#4488=ORIENTED_EDGE('',*,*,#3156,.F.);
#4489=ORIENTED_EDGE('',*,*,#3098,.T.);
#4490=ORIENTED_EDGE('',*,*,#3082,.T.);
#4491=ORIENTED_EDGE('',*,*,#3155,.T.);
#4492=ORIENTED_EDGE('',*,*,#3157,.F.);
#4493=ORIENTED_EDGE('',*,*,#3158,.T.);
#4494=ORIENTED_EDGE('',*,*,#3146,.T.);
#4495=ORIENTED_EDGE('',*,*,#3086,.F.);
#4496=ORIENTED_EDGE('',*,*,#3092,.T.);
#4497=ORIENTED_EDGE('',*,*,#3159,.T.);
#4498=ORIENTED_EDGE('',*,*,#3156,.T.);
#4499=ORIENTED_EDGE('',*,*,#3160,.T.);
#4500=ORIENTED_EDGE('',*,*,#3095,.T.);
#4501=ORIENTED_EDGE('',*,*,#3161,.F.);
#4502=ORIENTED_EDGE('',*,*,#3089,.T.);
#4503=ORIENTED_EDGE('',*,*,#3162,.F.);
#4504=ORIENTED_EDGE('',*,*,#3152,.T.);
#4505=ORIENTED_EDGE('',*,*,#3163,.T.);
#4506=ORIENTED_EDGE('',*,*,#3148,.T.);
#4507=ORIENTED_EDGE('',*,*,#3158,.F.);
#4508=ORIENTED_EDGE('',*,*,#3091,.T.);
#4509=ORIENTED_EDGE('',*,*,#3097,.F.);
#4510=ORIENTED_EDGE('',*,*,#3157,.T.);
#4511=ORIENTED_EDGE('',*,*,#3159,.F.);
#4512=ORIENTED_EDGE('',*,*,#3094,.T.);
#4513=ORIENTED_EDGE('',*,*,#3164,.T.);
#4514=ORIENTED_EDGE('',*,*,#3125,.T.);
#4515=ORIENTED_EDGE('',*,*,#3101,.F.);
#4516=ORIENTED_EDGE('',*,*,#3107,.T.);
#4517=ORIENTED_EDGE('',*,*,#3165,.T.);
#4518=ORIENTED_EDGE('',*,*,#3135,.T.);
#4519=ORIENTED_EDGE('',*,*,#3166,.T.);
#4520=ORIENTED_EDGE('',*,*,#3110,.T.);
#4521=ORIENTED_EDGE('',*,*,#3167,.F.);
#4522=ORIENTED_EDGE('',*,*,#3104,.T.);
#4523=ORIENTED_EDGE('',*,*,#3168,.F.);
#4524=ORIENTED_EDGE('',*,*,#3131,.T.);
#4525=ORIENTED_EDGE('',*,*,#3169,.T.);
#4526=ORIENTED_EDGE('',*,*,#3127,.T.);
#4527=ORIENTED_EDGE('',*,*,#3164,.F.);
#4528=ORIENTED_EDGE('',*,*,#3106,.T.);
#4529=ORIENTED_EDGE('',*,*,#3112,.F.);
#4530=ORIENTED_EDGE('',*,*,#3136,.T.);
#4531=ORIENTED_EDGE('',*,*,#3165,.F.);
#4532=ORIENTED_EDGE('',*,*,#3109,.T.);
#4533=ORIENTED_EDGE('',*,*,#3121,.F.);
#4534=ORIENTED_EDGE('',*,*,#3138,.T.);
#4535=ORIENTED_EDGE('',*,*,#3116,.F.);
#4536=ORIENTED_EDGE('',*,*,#3047,.T.);
#4537=ORIENTED_EDGE('',*,*,#3160,.F.);
#4538=ORIENTED_EDGE('',*,*,#3154,.T.);
#4539=ORIENTED_EDGE('',*,*,#3162,.T.);
#4540=ORIENTED_EDGE('',*,*,#3088,.T.);
#4541=ORIENTED_EDGE('',*,*,#3161,.T.);
#4542=ORIENTED_EDGE('',*,*,#3150,.T.);
#4543=ORIENTED_EDGE('',*,*,#3163,.F.);
#4544=ORIENTED_EDGE('',*,*,#3090,.T.);
#4545=ORIENTED_EDGE('',*,*,#3166,.F.);
#4546=ORIENTED_EDGE('',*,*,#3133,.T.);
#4547=ORIENTED_EDGE('',*,*,#3168,.T.);
#4548=ORIENTED_EDGE('',*,*,#3103,.T.);
#4549=ORIENTED_EDGE('',*,*,#3167,.T.);
#4550=ORIENTED_EDGE('',*,*,#3129,.T.);
#4551=ORIENTED_EDGE('',*,*,#3169,.F.);
#4552=ORIENTED_EDGE('',*,*,#3105,.T.);
#4553=ORIENTED_EDGE('',*,*,#3170,.F.);
#4554=ORIENTED_EDGE('',*,*,#3171,.T.);
#4555=ORIENTED_EDGE('',*,*,#3172,.F.);
#4556=ORIENTED_EDGE('',*,*,#3171,.F.);
#4557=ORIENTED_EDGE('',*,*,#3173,.F.);
#4558=ORIENTED_EDGE('',*,*,#3174,.F.);
#4559=ORIENTED_EDGE('',*,*,#3175,.T.);
#4560=ORIENTED_EDGE('',*,*,#3176,.F.);
#4561=ORIENTED_EDGE('',*,*,#3175,.F.);
#4562=ORIENTED_EDGE('',*,*,#3173,.T.);
#4563=ORIENTED_EDGE('',*,*,#3174,.T.);
#4564=ORIENTED_EDGE('',*,*,#3177,.T.);
#4565=ORIENTED_EDGE('',*,*,#3170,.T.);
#4566=ORIENTED_EDGE('',*,*,#3177,.F.);
#4567=ORIENTED_EDGE('',*,*,#3172,.T.);
#4568=ORIENTED_EDGE('',*,*,#3176,.T.);
#4569=ORIENTED_EDGE('',*,*,#3178,.F.);
#4570=ORIENTED_EDGE('',*,*,#3179,.F.);
#4571=ORIENTED_EDGE('',*,*,#3180,.F.);
#4572=ORIENTED_EDGE('',*,*,#3181,.F.);
#4573=ORIENTED_EDGE('',*,*,#3182,.F.);
#4574=ORIENTED_EDGE('',*,*,#3183,.F.);
#4575=ORIENTED_EDGE('',*,*,#3183,.T.);
#4576=ORIENTED_EDGE('',*,*,#3184,.F.);
#4577=ORIENTED_EDGE('',*,*,#3182,.T.);
#4578=ORIENTED_EDGE('',*,*,#3185,.F.);
#4579=ORIENTED_EDGE('',*,*,#3181,.T.);
#4580=ORIENTED_EDGE('',*,*,#3186,.F.);
#4581=ORIENTED_EDGE('',*,*,#3180,.T.);
#4582=ORIENTED_EDGE('',*,*,#3187,.F.);
#4583=ORIENTED_EDGE('',*,*,#3179,.T.);
#4584=ORIENTED_EDGE('',*,*,#3188,.F.);
#4585=ORIENTED_EDGE('',*,*,#3178,.T.);
#4586=ORIENTED_EDGE('',*,*,#3189,.F.);
#4587=ORIENTED_EDGE('',*,*,#3190,.T.);
#4588=ORIENTED_EDGE('',*,*,#3191,.T.);
#4589=ORIENTED_EDGE('',*,*,#3192,.T.);
#4590=ORIENTED_EDGE('',*,*,#3193,.T.);
#4591=ORIENTED_EDGE('',*,*,#3194,.T.);
#4592=ORIENTED_EDGE('',*,*,#3195,.T.);
#4593=ORIENTED_EDGE('',*,*,#3196,.T.);
#4594=ORIENTED_EDGE('',*,*,#3184,.T.);
#4595=ORIENTED_EDGE('',*,*,#3197,.F.);
#4596=ORIENTED_EDGE('',*,*,#3191,.F.);
#4597=ORIENTED_EDGE('',*,*,#3197,.T.);
#4598=ORIENTED_EDGE('',*,*,#3185,.T.);
#4599=ORIENTED_EDGE('',*,*,#3198,.F.);
#4600=ORIENTED_EDGE('',*,*,#3192,.F.);
#4601=ORIENTED_EDGE('',*,*,#3198,.T.);
#4602=ORIENTED_EDGE('',*,*,#3186,.T.);
#4603=ORIENTED_EDGE('',*,*,#3199,.F.);
#4604=ORIENTED_EDGE('',*,*,#3193,.F.);
#4605=ORIENTED_EDGE('',*,*,#3199,.T.);
#4606=ORIENTED_EDGE('',*,*,#3187,.T.);
#4607=ORIENTED_EDGE('',*,*,#3200,.F.);
#4608=ORIENTED_EDGE('',*,*,#3194,.F.);
#4609=ORIENTED_EDGE('',*,*,#3200,.T.);
#4610=ORIENTED_EDGE('',*,*,#3188,.T.);
#4611=ORIENTED_EDGE('',*,*,#3201,.F.);
#4612=ORIENTED_EDGE('',*,*,#3195,.F.);
#4613=ORIENTED_EDGE('',*,*,#3201,.T.);
#4614=ORIENTED_EDGE('',*,*,#3189,.T.);
#4615=ORIENTED_EDGE('',*,*,#3196,.F.);
#4616=ORIENTED_EDGE('',*,*,#3190,.F.);
#4617=ORIENTED_EDGE('',*,*,#3202,.F.);
#4618=ORIENTED_EDGE('',*,*,#3203,.F.);
#4619=ORIENTED_EDGE('',*,*,#3204,.F.);
#4620=ORIENTED_EDGE('',*,*,#3205,.T.);
#4621=ORIENTED_EDGE('',*,*,#3206,.T.);
#4622=ORIENTED_EDGE('',*,*,#3207,.T.);
#4623=ORIENTED_EDGE('',*,*,#3208,.T.);
#4624=ORIENTED_EDGE('',*,*,#3209,.T.);
#4625=ORIENTED_EDGE('',*,*,#3210,.T.);
#4626=ORIENTED_EDGE('',*,*,#3211,.T.);
#4627=ORIENTED_EDGE('',*,*,#3212,.T.);
#4628=ORIENTED_EDGE('',*,*,#3213,.T.);
#4629=ORIENTED_EDGE('',*,*,#3214,.T.);
#4630=ORIENTED_EDGE('',*,*,#3205,.F.);
#4631=ORIENTED_EDGE('',*,*,#3215,.F.);
#4632=ORIENTED_EDGE('',*,*,#3216,.T.);
#4633=ORIENTED_EDGE('',*,*,#3217,.T.);
#4634=ORIENTED_EDGE('',*,*,#3216,.F.);
#4635=ORIENTED_EDGE('',*,*,#3218,.T.);
#4636=ORIENTED_EDGE('',*,*,#3219,.F.);
#4637=ORIENTED_EDGE('',*,*,#3220,.T.);
#4638=ORIENTED_EDGE('',*,*,#3221,.T.);
#4639=ORIENTED_EDGE('',*,*,#3222,.T.);
#4640=ORIENTED_EDGE('',*,*,#3223,.T.);
#4641=ORIENTED_EDGE('',*,*,#3224,.T.);
#4642=ORIENTED_EDGE('',*,*,#3225,.T.);
#4643=ORIENTED_EDGE('',*,*,#3226,.T.);
#4644=ORIENTED_EDGE('',*,*,#3227,.F.);
#4645=ORIENTED_EDGE('',*,*,#3228,.T.);
#4646=ORIENTED_EDGE('',*,*,#3229,.T.);
#4647=ORIENTED_EDGE('',*,*,#3210,.F.);
#4648=ORIENTED_EDGE('',*,*,#3230,.T.);
#4649=ORIENTED_EDGE('',*,*,#3231,.F.);
#4650=ORIENTED_EDGE('',*,*,#3232,.F.);
#4651=ORIENTED_EDGE('',*,*,#3206,.F.);
#4652=ORIENTED_EDGE('',*,*,#3214,.F.);
#4653=ORIENTED_EDGE('',*,*,#3233,.F.);
#4654=ORIENTED_EDGE('',*,*,#3234,.T.);
#4655=ORIENTED_EDGE('',*,*,#3235,.T.);
#4656=ORIENTED_EDGE('',*,*,#3236,.T.);
#4657=ORIENTED_EDGE('',*,*,#3237,.T.);
#4658=ORIENTED_EDGE('',*,*,#3238,.T.);
#4659=ORIENTED_EDGE('',*,*,#3239,.T.);
#4660=ORIENTED_EDGE('',*,*,#3240,.T.);
#4661=ORIENTED_EDGE('',*,*,#3241,.T.);
#4662=ORIENTED_EDGE('',*,*,#3242,.T.);
#4663=ORIENTED_EDGE('',*,*,#3243,.T.);
#4664=ORIENTED_EDGE('',*,*,#3244,.T.);
#4665=ORIENTED_EDGE('',*,*,#3203,.T.);
#4666=ORIENTED_EDGE('',*,*,#3245,.T.);
#4667=ORIENTED_EDGE('',*,*,#3215,.T.);
#4668=ORIENTED_EDGE('',*,*,#3245,.F.);
#4669=ORIENTED_EDGE('',*,*,#3202,.T.);
#4670=ORIENTED_EDGE('',*,*,#3204,.T.);
#4671=ORIENTED_EDGE('',*,*,#3244,.F.);
#4672=ORIENTED_EDGE('',*,*,#3246,.T.);
#4673=ORIENTED_EDGE('',*,*,#3247,.T.);
#4674=ORIENTED_EDGE('',*,*,#3248,.T.);
#4675=ORIENTED_EDGE('',*,*,#3249,.T.);
#4676=ORIENTED_EDGE('',*,*,#3250,.T.);
#4677=ORIENTED_EDGE('',*,*,#3251,.T.);
#4678=ORIENTED_EDGE('',*,*,#3252,.T.);
#4679=ORIENTED_EDGE('',*,*,#3253,.T.);
#4680=ORIENTED_EDGE('',*,*,#3254,.T.);
#4681=ORIENTED_EDGE('',*,*,#3211,.F.);
#4682=ORIENTED_EDGE('',*,*,#3229,.F.);
#4683=ORIENTED_EDGE('',*,*,#3255,.T.);
#4684=ORIENTED_EDGE('',*,*,#3256,.F.);
#4685=ORIENTED_EDGE('',*,*,#3257,.T.);
#4686=ORIENTED_EDGE('',*,*,#3209,.F.);
#4687=ORIENTED_EDGE('',*,*,#3258,.T.);
#4688=ORIENTED_EDGE('',*,*,#3259,.T.);
#4689=ORIENTED_EDGE('',*,*,#3230,.F.);
#4690=ORIENTED_EDGE('',*,*,#3208,.F.);
#4691=ORIENTED_EDGE('',*,*,#3260,.T.);
#4692=ORIENTED_EDGE('',*,*,#3261,.T.);
#4693=ORIENTED_EDGE('',*,*,#3258,.F.);
#4694=ORIENTED_EDGE('',*,*,#3207,.F.);
#4695=ORIENTED_EDGE('',*,*,#3232,.T.);
#4696=ORIENTED_EDGE('',*,*,#3262,.T.);
#4697=ORIENTED_EDGE('',*,*,#3260,.F.);
#4698=ORIENTED_EDGE('',*,*,#3213,.F.);
#4699=ORIENTED_EDGE('',*,*,#3263,.F.);
#4700=ORIENTED_EDGE('',*,*,#3264,.F.);
#4701=ORIENTED_EDGE('',*,*,#3265,.T.);
#4702=ORIENTED_EDGE('',*,*,#3233,.T.);
#4703=ORIENTED_EDGE('',*,*,#3218,.F.);
#4704=ORIENTED_EDGE('',*,*,#3266,.F.);
#4705=ORIENTED_EDGE('',*,*,#3223,.F.);
#4706=ORIENTED_EDGE('',*,*,#3267,.F.);
#4707=ORIENTED_EDGE('',*,*,#3268,.F.);
#4708=ORIENTED_EDGE('',*,*,#3269,.F.);
#4709=ORIENTED_EDGE('',*,*,#3234,.F.);
#4710=ORIENTED_EDGE('',*,*,#3270,.F.);
#4711=ORIENTED_EDGE('',*,*,#3271,.F.);
#4712=ORIENTED_EDGE('',*,*,#3272,.F.);
#4713=ORIENTED_EDGE('',*,*,#3254,.F.);
#4714=ORIENTED_EDGE('',*,*,#3273,.T.);
#4715=ORIENTED_EDGE('',*,*,#3274,.T.);
#4716=ORIENTED_EDGE('',*,*,#3270,.T.);
#4717=ORIENTED_EDGE('',*,*,#3253,.F.);
#4718=ORIENTED_EDGE('',*,*,#3275,.F.);
#4719=ORIENTED_EDGE('',*,*,#3276,.F.);
#4720=ORIENTED_EDGE('',*,*,#3273,.F.);
#4721=ORIENTED_EDGE('',*,*,#3243,.F.);
#4722=ORIENTED_EDGE('',*,*,#3277,.F.);
#4723=ORIENTED_EDGE('',*,*,#3278,.F.);
#4724=ORIENTED_EDGE('',*,*,#3279,.F.);
#4725=ORIENTED_EDGE('',*,*,#3280,.F.);
#4726=ORIENTED_EDGE('',*,*,#3281,.F.);
#4727=ORIENTED_EDGE('',*,*,#3282,.F.);
#4728=ORIENTED_EDGE('',*,*,#3283,.F.);
#4729=ORIENTED_EDGE('',*,*,#3284,.F.);
#4730=ORIENTED_EDGE('',*,*,#3285,.F.);
#4731=ORIENTED_EDGE('',*,*,#3237,.F.);
#4732=ORIENTED_EDGE('',*,*,#3286,.F.);
#4733=ORIENTED_EDGE('',*,*,#3287,.F.);
#4734=ORIENTED_EDGE('',*,*,#3288,.F.);
#4735=ORIENTED_EDGE('',*,*,#3289,.F.);
#4736=ORIENTED_EDGE('',*,*,#3290,.F.);
#4737=ORIENTED_EDGE('',*,*,#3291,.F.);
#4738=ORIENTED_EDGE('',*,*,#3292,.F.);
#4739=ORIENTED_EDGE('',*,*,#3293,.F.);
#4740=ORIENTED_EDGE('',*,*,#3294,.F.);
#4741=ORIENTED_EDGE('',*,*,#3295,.F.);
#4742=ORIENTED_EDGE('',*,*,#3275,.T.);
#4743=ORIENTED_EDGE('',*,*,#3252,.F.);
#4744=ORIENTED_EDGE('',*,*,#3296,.F.);
#4745=ORIENTED_EDGE('',*,*,#3297,.F.);
#4746=ORIENTED_EDGE('',*,*,#3298,.F.);
#4747=ORIENTED_EDGE('',*,*,#3299,.F.);
#4748=ORIENTED_EDGE('',*,*,#3300,.F.);
#4749=ORIENTED_EDGE('',*,*,#3301,.F.);
#4750=ORIENTED_EDGE('',*,*,#3302,.F.);
#4751=ORIENTED_EDGE('',*,*,#3303,.F.);
#4752=ORIENTED_EDGE('',*,*,#3304,.F.);
#4753=ORIENTED_EDGE('',*,*,#3246,.F.);
#4754=ORIENTED_EDGE('',*,*,#3231,.T.);
#4755=ORIENTED_EDGE('',*,*,#3259,.F.);
#4756=ORIENTED_EDGE('',*,*,#3261,.F.);
#4757=ORIENTED_EDGE('',*,*,#3262,.F.);
#4758=ORIENTED_EDGE('',*,*,#3305,.F.);
#4759=ORIENTED_EDGE('',*,*,#3296,.T.);
#4760=ORIENTED_EDGE('',*,*,#3251,.F.);
#4761=ORIENTED_EDGE('',*,*,#3306,.F.);
#4762=ORIENTED_EDGE('',*,*,#3307,.T.);
#4763=ORIENTED_EDGE('',*,*,#3306,.T.);
#4764=ORIENTED_EDGE('',*,*,#3250,.F.);
#4765=ORIENTED_EDGE('',*,*,#3308,.T.);
#4766=ORIENTED_EDGE('',*,*,#3309,.F.);
#4767=ORIENTED_EDGE('',*,*,#3310,.F.);
#4768=ORIENTED_EDGE('',*,*,#3311,.F.);
#4769=ORIENTED_EDGE('',*,*,#3312,.F.);
#4770=ORIENTED_EDGE('',*,*,#3313,.F.);
#4771=ORIENTED_EDGE('',*,*,#3308,.F.);
#4772=ORIENTED_EDGE('',*,*,#3249,.F.);
#4773=ORIENTED_EDGE('',*,*,#3314,.F.);
#4774=ORIENTED_EDGE('',*,*,#3315,.F.);
#4775=ORIENTED_EDGE('',*,*,#3316,.F.);
#4776=ORIENTED_EDGE('',*,*,#3248,.F.);
#4777=ORIENTED_EDGE('',*,*,#3317,.T.);
#4778=ORIENTED_EDGE('',*,*,#3318,.T.);
#4779=ORIENTED_EDGE('',*,*,#3314,.T.);
#4780=ORIENTED_EDGE('',*,*,#3247,.F.);
#4781=ORIENTED_EDGE('',*,*,#3304,.T.);
#4782=ORIENTED_EDGE('',*,*,#3319,.F.);
#4783=ORIENTED_EDGE('',*,*,#3317,.F.);
#4784=ORIENTED_EDGE('',*,*,#3320,.F.);
#4785=ORIENTED_EDGE('',*,*,#3277,.T.);
#4786=ORIENTED_EDGE('',*,*,#3242,.F.);
#4787=ORIENTED_EDGE('',*,*,#3321,.F.);
#4788=ORIENTED_EDGE('',*,*,#3322,.T.);
#4789=ORIENTED_EDGE('',*,*,#3321,.T.);
#4790=ORIENTED_EDGE('',*,*,#3241,.F.);
#4791=ORIENTED_EDGE('',*,*,#3323,.T.);
#4792=ORIENTED_EDGE('',*,*,#3324,.F.);
#4793=ORIENTED_EDGE('',*,*,#3325,.F.);
#4794=ORIENTED_EDGE('',*,*,#3326,.F.);
#4795=ORIENTED_EDGE('',*,*,#3327,.F.);
#4796=ORIENTED_EDGE('',*,*,#3328,.F.);
#4797=ORIENTED_EDGE('',*,*,#3323,.F.);
#4798=ORIENTED_EDGE('',*,*,#3240,.F.);
#4799=ORIENTED_EDGE('',*,*,#3329,.F.);
#4800=ORIENTED_EDGE('',*,*,#3330,.F.);
#4801=ORIENTED_EDGE('',*,*,#3331,.F.);
#4802=ORIENTED_EDGE('',*,*,#3239,.F.);
#4803=ORIENTED_EDGE('',*,*,#3332,.T.);
#4804=ORIENTED_EDGE('',*,*,#3333,.T.);
#4805=ORIENTED_EDGE('',*,*,#3329,.T.);
#4806=ORIENTED_EDGE('',*,*,#3238,.F.);
#4807=ORIENTED_EDGE('',*,*,#3285,.T.);
#4808=ORIENTED_EDGE('',*,*,#3334,.F.);
#4809=ORIENTED_EDGE('',*,*,#3332,.F.);
#4810=ORIENTED_EDGE('',*,*,#3335,.F.);
#4811=ORIENTED_EDGE('',*,*,#3286,.T.);
#4812=ORIENTED_EDGE('',*,*,#3236,.F.);
#4813=ORIENTED_EDGE('',*,*,#3336,.F.);
#4814=ORIENTED_EDGE('',*,*,#3337,.T.);
#4815=ORIENTED_EDGE('',*,*,#3336,.T.);
#4816=ORIENTED_EDGE('',*,*,#3235,.F.);
#4817=ORIENTED_EDGE('',*,*,#3269,.T.);
#4818=ORIENTED_EDGE('',*,*,#3338,.T.);
#4819=ORIENTED_EDGE('',*,*,#3339,.T.);
#4820=ORIENTED_EDGE('',*,*,#3219,.T.);
#4821=ORIENTED_EDGE('',*,*,#3272,.T.);
#4822=ORIENTED_EDGE('',*,*,#3224,.F.);
#4823=ORIENTED_EDGE('',*,*,#3266,.T.);
#4824=ORIENTED_EDGE('',*,*,#3222,.F.);
#4825=ORIENTED_EDGE('',*,*,#3340,.F.);
#4826=ORIENTED_EDGE('',*,*,#3227,.T.);
#4827=ORIENTED_EDGE('',*,*,#3341,.T.);
#4828=ORIENTED_EDGE('',*,*,#3342,.T.);
#4829=ORIENTED_EDGE('',*,*,#3267,.T.);
#4830=ORIENTED_EDGE('',*,*,#3274,.F.);
#4831=ORIENTED_EDGE('',*,*,#3343,.T.);
#4832=ORIENTED_EDGE('',*,*,#3338,.F.);
#4833=ORIENTED_EDGE('',*,*,#3271,.T.);
#4834=ORIENTED_EDGE('',*,*,#3276,.T.);
#4835=ORIENTED_EDGE('',*,*,#3295,.T.);
#4836=ORIENTED_EDGE('',*,*,#3344,.F.);
#4837=ORIENTED_EDGE('',*,*,#3343,.F.);
#4838=ORIENTED_EDGE('',*,*,#3345,.F.);
#4839=ORIENTED_EDGE('',*,*,#3278,.T.);
#4840=ORIENTED_EDGE('',*,*,#3320,.T.);
#4841=ORIENTED_EDGE('',*,*,#3346,.F.);
#4842=ORIENTED_EDGE('',*,*,#3347,.F.);
#4843=ORIENTED_EDGE('',*,*,#3279,.T.);
#4844=ORIENTED_EDGE('',*,*,#3345,.T.);
#4845=ORIENTED_EDGE('',*,*,#3348,.F.);
#4846=ORIENTED_EDGE('',*,*,#3349,.F.);
#4847=ORIENTED_EDGE('',*,*,#3280,.T.);
#4848=ORIENTED_EDGE('',*,*,#3347,.T.);
#4849=ORIENTED_EDGE('',*,*,#3350,.F.);
#4850=ORIENTED_EDGE('',*,*,#3351,.F.);
#4851=ORIENTED_EDGE('',*,*,#3281,.T.);
#4852=ORIENTED_EDGE('',*,*,#3349,.T.);
#4853=ORIENTED_EDGE('',*,*,#3352,.F.);
#4854=ORIENTED_EDGE('',*,*,#3353,.F.);
#4855=ORIENTED_EDGE('',*,*,#3282,.T.);
#4856=ORIENTED_EDGE('',*,*,#3351,.T.);
#4857=ORIENTED_EDGE('',*,*,#3354,.F.);
#4858=ORIENTED_EDGE('',*,*,#3355,.F.);
#4859=ORIENTED_EDGE('',*,*,#3283,.T.);
#4860=ORIENTED_EDGE('',*,*,#3353,.T.);
#4861=ORIENTED_EDGE('',*,*,#3356,.F.);
#4862=ORIENTED_EDGE('',*,*,#3334,.T.);
#4863=ORIENTED_EDGE('',*,*,#3284,.T.);
#4864=ORIENTED_EDGE('',*,*,#3355,.T.);
#4865=ORIENTED_EDGE('',*,*,#3357,.F.);
#4866=ORIENTED_EDGE('',*,*,#3358,.F.);
#4867=ORIENTED_EDGE('',*,*,#3287,.T.);
#4868=ORIENTED_EDGE('',*,*,#3335,.T.);
#4869=ORIENTED_EDGE('',*,*,#3359,.F.);
#4870=ORIENTED_EDGE('',*,*,#3360,.F.);
#4871=ORIENTED_EDGE('',*,*,#3288,.T.);
#4872=ORIENTED_EDGE('',*,*,#3358,.T.);
#4873=ORIENTED_EDGE('',*,*,#3341,.F.);
#4874=ORIENTED_EDGE('',*,*,#3361,.F.);
#4875=ORIENTED_EDGE('',*,*,#3289,.T.);
#4876=ORIENTED_EDGE('',*,*,#3360,.T.);
#4877=ORIENTED_EDGE('',*,*,#3226,.F.);
#4878=ORIENTED_EDGE('',*,*,#3225,.F.);
#4879=ORIENTED_EDGE('',*,*,#3362,.F.);
#4880=ORIENTED_EDGE('',*,*,#3290,.T.);
#4881=ORIENTED_EDGE('',*,*,#3361,.T.);
#4882=ORIENTED_EDGE('',*,*,#3363,.F.);
#4883=ORIENTED_EDGE('',*,*,#3291,.T.);
#4884=ORIENTED_EDGE('',*,*,#3362,.T.);
#4885=ORIENTED_EDGE('',*,*,#3340,.T.);
#4886=ORIENTED_EDGE('',*,*,#3364,.F.);
#4887=ORIENTED_EDGE('',*,*,#3292,.T.);
#4888=ORIENTED_EDGE('',*,*,#3363,.T.);
#4889=ORIENTED_EDGE('',*,*,#3221,.F.);
#4890=ORIENTED_EDGE('',*,*,#3220,.F.);
#4891=ORIENTED_EDGE('',*,*,#3365,.F.);
#4892=ORIENTED_EDGE('',*,*,#3293,.T.);
#4893=ORIENTED_EDGE('',*,*,#3364,.T.);
#4894=ORIENTED_EDGE('',*,*,#3344,.T.);
#4895=ORIENTED_EDGE('',*,*,#3294,.T.);
#4896=ORIENTED_EDGE('',*,*,#3365,.T.);
#4897=ORIENTED_EDGE('',*,*,#3339,.F.);
#4898=ORIENTED_EDGE('',*,*,#3366,.F.);
#4899=ORIENTED_EDGE('',*,*,#3297,.T.);
#4900=ORIENTED_EDGE('',*,*,#3305,.T.);
#4901=ORIENTED_EDGE('',*,*,#3367,.F.);
#4902=ORIENTED_EDGE('',*,*,#3368,.F.);
#4903=ORIENTED_EDGE('',*,*,#3298,.T.);
#4904=ORIENTED_EDGE('',*,*,#3366,.T.);
#4905=ORIENTED_EDGE('',*,*,#3369,.F.);
#4906=ORIENTED_EDGE('',*,*,#3370,.F.);
#4907=ORIENTED_EDGE('',*,*,#3299,.T.);
#4908=ORIENTED_EDGE('',*,*,#3368,.T.);
#4909=ORIENTED_EDGE('',*,*,#3371,.F.);
#4910=ORIENTED_EDGE('',*,*,#3372,.F.);
#4911=ORIENTED_EDGE('',*,*,#3300,.T.);
#4912=ORIENTED_EDGE('',*,*,#3370,.T.);
#4913=ORIENTED_EDGE('',*,*,#3373,.F.);
#4914=ORIENTED_EDGE('',*,*,#3374,.F.);
#4915=ORIENTED_EDGE('',*,*,#3301,.T.);
#4916=ORIENTED_EDGE('',*,*,#3372,.T.);
#4917=ORIENTED_EDGE('',*,*,#3375,.F.);
#4918=ORIENTED_EDGE('',*,*,#3376,.F.);
#4919=ORIENTED_EDGE('',*,*,#3302,.T.);
#4920=ORIENTED_EDGE('',*,*,#3374,.T.);
#4921=ORIENTED_EDGE('',*,*,#3377,.F.);
#4922=ORIENTED_EDGE('',*,*,#3319,.T.);
#4923=ORIENTED_EDGE('',*,*,#3303,.T.);
#4924=ORIENTED_EDGE('',*,*,#3376,.T.);
#4925=ORIENTED_EDGE('',*,*,#3378,.F.);
#4926=ORIENTED_EDGE('',*,*,#3379,.T.);
#4927=ORIENTED_EDGE('',*,*,#3367,.T.);
#4928=ORIENTED_EDGE('',*,*,#3307,.F.);
#4929=ORIENTED_EDGE('',*,*,#3313,.T.);
#4930=ORIENTED_EDGE('',*,*,#3380,.T.);
#4931=ORIENTED_EDGE('',*,*,#3377,.T.);
#4932=ORIENTED_EDGE('',*,*,#3381,.T.);
#4933=ORIENTED_EDGE('',*,*,#3316,.T.);
#4934=ORIENTED_EDGE('',*,*,#3382,.F.);
#4935=ORIENTED_EDGE('',*,*,#3310,.T.);
#4936=ORIENTED_EDGE('',*,*,#3383,.F.);
#4937=ORIENTED_EDGE('',*,*,#3373,.T.);
#4938=ORIENTED_EDGE('',*,*,#3384,.T.);
#4939=ORIENTED_EDGE('',*,*,#3369,.T.);
#4940=ORIENTED_EDGE('',*,*,#3379,.F.);
#4941=ORIENTED_EDGE('',*,*,#3312,.T.);
#4942=ORIENTED_EDGE('',*,*,#3318,.F.);
#4943=ORIENTED_EDGE('',*,*,#3378,.T.);
#4944=ORIENTED_EDGE('',*,*,#3380,.F.);
#4945=ORIENTED_EDGE('',*,*,#3315,.T.);
#4946=ORIENTED_EDGE('',*,*,#3217,.F.);
#4947=ORIENTED_EDGE('',*,*,#3256,.T.);
#4948=ORIENTED_EDGE('',*,*,#3385,.T.);
#4949=ORIENTED_EDGE('',*,*,#3264,.T.);
#4950=ORIENTED_EDGE('',*,*,#3386,.T.);
#4951=ORIENTED_EDGE('',*,*,#3387,.T.);
#4952=ORIENTED_EDGE('',*,*,#3346,.T.);
#4953=ORIENTED_EDGE('',*,*,#3322,.F.);
#4954=ORIENTED_EDGE('',*,*,#3328,.T.);
#4955=ORIENTED_EDGE('',*,*,#3388,.T.);
#4956=ORIENTED_EDGE('',*,*,#3356,.T.);
#4957=ORIENTED_EDGE('',*,*,#3389,.T.);
#4958=ORIENTED_EDGE('',*,*,#3331,.T.);
#4959=ORIENTED_EDGE('',*,*,#3390,.F.);
#4960=ORIENTED_EDGE('',*,*,#3325,.T.);
#4961=ORIENTED_EDGE('',*,*,#3391,.F.);
#4962=ORIENTED_EDGE('',*,*,#3352,.T.);
#4963=ORIENTED_EDGE('',*,*,#3392,.T.);
#4964=ORIENTED_EDGE('',*,*,#3348,.T.);
#4965=ORIENTED_EDGE('',*,*,#3387,.F.);
#4966=ORIENTED_EDGE('',*,*,#3327,.T.);
#4967=ORIENTED_EDGE('',*,*,#3333,.F.);
#4968=ORIENTED_EDGE('',*,*,#3357,.T.);
#4969=ORIENTED_EDGE('',*,*,#3388,.F.);
#4970=ORIENTED_EDGE('',*,*,#3330,.T.);
#4971=ORIENTED_EDGE('',*,*,#3342,.F.);
#4972=ORIENTED_EDGE('',*,*,#3359,.T.);
#4973=ORIENTED_EDGE('',*,*,#3337,.F.);
#4974=ORIENTED_EDGE('',*,*,#3268,.T.);
#4975=ORIENTED_EDGE('',*,*,#3381,.F.);
#4976=ORIENTED_EDGE('',*,*,#3375,.T.);
#4977=ORIENTED_EDGE('',*,*,#3383,.T.);
#4978=ORIENTED_EDGE('',*,*,#3309,.T.);
#4979=ORIENTED_EDGE('',*,*,#3382,.T.);
#4980=ORIENTED_EDGE('',*,*,#3371,.T.);
#4981=ORIENTED_EDGE('',*,*,#3384,.F.);
#4982=ORIENTED_EDGE('',*,*,#3311,.T.);
#4983=ORIENTED_EDGE('',*,*,#3389,.F.);
#4984=ORIENTED_EDGE('',*,*,#3354,.T.);
#4985=ORIENTED_EDGE('',*,*,#3391,.T.);
#4986=ORIENTED_EDGE('',*,*,#3324,.T.);
#4987=ORIENTED_EDGE('',*,*,#3390,.T.);
#4988=ORIENTED_EDGE('',*,*,#3350,.T.);
#4989=ORIENTED_EDGE('',*,*,#3392,.F.);
#4990=ORIENTED_EDGE('',*,*,#3326,.T.);
#4991=ORIENTED_EDGE('',*,*,#3255,.F.);
#4992=ORIENTED_EDGE('',*,*,#3228,.F.);
#4993=ORIENTED_EDGE('',*,*,#3265,.F.);
#4994=ORIENTED_EDGE('',*,*,#3385,.F.);
#4995=ORIENTED_EDGE('',*,*,#3212,.F.);
#4996=ORIENTED_EDGE('',*,*,#3257,.F.);
#4997=ORIENTED_EDGE('',*,*,#3386,.F.);
#4998=ORIENTED_EDGE('',*,*,#3263,.T.);
#4999=ORIENTED_EDGE('',*,*,#3393,.F.);
#5000=ORIENTED_EDGE('',*,*,#3394,.T.);
#5001=ORIENTED_EDGE('',*,*,#3395,.F.);
#5002=ORIENTED_EDGE('',*,*,#3394,.F.);
#5003=ORIENTED_EDGE('',*,*,#3396,.F.);
#5004=ORIENTED_EDGE('',*,*,#3397,.F.);
#5005=ORIENTED_EDGE('',*,*,#3398,.T.);
#5006=ORIENTED_EDGE('',*,*,#3399,.F.);
#5007=ORIENTED_EDGE('',*,*,#3398,.F.);
#5008=ORIENTED_EDGE('',*,*,#3396,.T.);
#5009=ORIENTED_EDGE('',*,*,#3397,.T.);
#5010=ORIENTED_EDGE('',*,*,#3400,.T.);
#5011=ORIENTED_EDGE('',*,*,#3393,.T.);
#5012=ORIENTED_EDGE('',*,*,#3400,.F.);
#5013=ORIENTED_EDGE('',*,*,#3395,.T.);
#5014=ORIENTED_EDGE('',*,*,#3399,.T.);
#5015=ORIENTED_EDGE('',*,*,#3401,.F.);
#5016=ORIENTED_EDGE('',*,*,#3402,.F.);
#5017=ORIENTED_EDGE('',*,*,#3403,.F.);
#5018=ORIENTED_EDGE('',*,*,#3404,.F.);
#5019=ORIENTED_EDGE('',*,*,#3405,.F.);
#5020=ORIENTED_EDGE('',*,*,#3406,.F.);
#5021=ORIENTED_EDGE('',*,*,#3406,.T.);
#5022=ORIENTED_EDGE('',*,*,#3407,.F.);
#5023=ORIENTED_EDGE('',*,*,#3405,.T.);
#5024=ORIENTED_EDGE('',*,*,#3408,.F.);
#5025=ORIENTED_EDGE('',*,*,#3404,.T.);
#5026=ORIENTED_EDGE('',*,*,#3409,.F.);
#5027=ORIENTED_EDGE('',*,*,#3403,.T.);
#5028=ORIENTED_EDGE('',*,*,#3410,.F.);
#5029=ORIENTED_EDGE('',*,*,#3402,.T.);
#5030=ORIENTED_EDGE('',*,*,#3411,.F.);
#5031=ORIENTED_EDGE('',*,*,#3401,.T.);
#5032=ORIENTED_EDGE('',*,*,#3412,.F.);
#5033=ORIENTED_EDGE('',*,*,#3413,.T.);
#5034=ORIENTED_EDGE('',*,*,#3414,.T.);
#5035=ORIENTED_EDGE('',*,*,#3415,.T.);
#5036=ORIENTED_EDGE('',*,*,#3416,.T.);
#5037=ORIENTED_EDGE('',*,*,#3417,.T.);
#5038=ORIENTED_EDGE('',*,*,#3418,.T.);
#5039=ORIENTED_EDGE('',*,*,#3419,.T.);
#5040=ORIENTED_EDGE('',*,*,#3407,.T.);
#5041=ORIENTED_EDGE('',*,*,#3420,.F.);
#5042=ORIENTED_EDGE('',*,*,#3414,.F.);
#5043=ORIENTED_EDGE('',*,*,#3420,.T.);
#5044=ORIENTED_EDGE('',*,*,#3408,.T.);
#5045=ORIENTED_EDGE('',*,*,#3421,.F.);
#5046=ORIENTED_EDGE('',*,*,#3415,.F.);
#5047=ORIENTED_EDGE('',*,*,#3421,.T.);
#5048=ORIENTED_EDGE('',*,*,#3409,.T.);
#5049=ORIENTED_EDGE('',*,*,#3422,.F.);
#5050=ORIENTED_EDGE('',*,*,#3416,.F.);
#5051=ORIENTED_EDGE('',*,*,#3422,.T.);
#5052=ORIENTED_EDGE('',*,*,#3410,.T.);
#5053=ORIENTED_EDGE('',*,*,#3423,.F.);
#5054=ORIENTED_EDGE('',*,*,#3417,.F.);
#5055=ORIENTED_EDGE('',*,*,#3423,.T.);
#5056=ORIENTED_EDGE('',*,*,#3411,.T.);
#5057=ORIENTED_EDGE('',*,*,#3424,.F.);
#5058=ORIENTED_EDGE('',*,*,#3418,.F.);
#5059=ORIENTED_EDGE('',*,*,#3424,.T.);
#5060=ORIENTED_EDGE('',*,*,#3412,.T.);
#5061=ORIENTED_EDGE('',*,*,#3419,.F.);
#5062=ORIENTED_EDGE('',*,*,#3413,.F.);
#5063=CYLINDRICAL_SURFACE('',#5579,2.794);
#5064=CYLINDRICAL_SURFACE('',#5582,2.794);
#5065=CYLINDRICAL_SURFACE('',#5585,2.794);
#5066=CYLINDRICAL_SURFACE('',#5594,13.4874);
#5067=CYLINDRICAL_SURFACE('',#5597,2.286);
#5068=CYLINDRICAL_SURFACE('',#5600,2.286);
#5069=CYLINDRICAL_SURFACE('',#5603,1.524);
#5070=CYLINDRICAL_SURFACE('',#5606,1.524);
#5071=CYLINDRICAL_SURFACE('',#5651,11.176);
#5072=CYLINDRICAL_SURFACE('',#5654,2.794);
#5073=CYLINDRICAL_SURFACE('',#5658,2.794);
#5074=CYLINDRICAL_SURFACE('',#5662,2.794);
#5075=CYLINDRICAL_SURFACE('',#5713,1.016);
#5076=CYLINDRICAL_SURFACE('',#5718,1.016);
#5077=CYLINDRICAL_SURFACE('',#5728,1.016);
#5078=CYLINDRICAL_SURFACE('',#5731,1.016);
#5079=CYLINDRICAL_SURFACE('',#5742,1.016);
#5080=CYLINDRICAL_SURFACE('',#5748,1.016);
#5081=CYLINDRICAL_SURFACE('',#5760,1.016);
#5082=CYLINDRICAL_SURFACE('',#5765,1.016);
#5083=CYLINDRICAL_SURFACE('',#5774,1.016);
#5084=CYLINDRICAL_SURFACE('',#5777,1.016);
#5085=CYLINDRICAL_SURFACE('',#5788,1.016);
#5086=CYLINDRICAL_SURFACE('',#5794,1.016);
#5087=CYLINDRICAL_SURFACE('',#5796,2.286);
#5088=CYLINDRICAL_SURFACE('',#5798,13.4874);
#5089=CYLINDRICAL_SURFACE('',#5800,2.286);
#5090=CYLINDRICAL_SURFACE('',#5803,26.9875);
#5091=CYLINDRICAL_SURFACE('',#5806,2.286);
#5092=CYLINDRICAL_SURFACE('',#5808,2.286);
#5093=CYLINDRICAL_SURFACE('',#5811,26.9875);
#5094=CYLINDRICAL_SURFACE('',#5814,2.286);
#5095=CYLINDRICAL_SURFACE('',#5816,13.4874);
#5096=CYLINDRICAL_SURFACE('',#5818,2.286);
#5097=CYLINDRICAL_SURFACE('',#5821,26.9875);
#5098=CYLINDRICAL_SURFACE('',#5824,2.286);
#5099=CYLINDRICAL_SURFACE('',#5826,13.4874);
#5100=CYLINDRICAL_SURFACE('',#5828,2.286);
#5101=CYLINDRICAL_SURFACE('',#5831,26.9875);
#5102=CYLINDRICAL_SURFACE('',#5834,13.4874);
#5103=CYLINDRICAL_SURFACE('',#5837,26.9875);
#5104=CYLINDRICAL_SURFACE('',#5840,2.286);
#5105=CYLINDRICAL_SURFACE('',#5842,13.4874);
#5106=CYLINDRICAL_SURFACE('',#5844,2.286);
#5107=CYLINDRICAL_SURFACE('',#5847,26.9875);
#5108=CYLINDRICAL_SURFACE('',#5863,1.524);
#5109=CYLINDRICAL_SURFACE('',#5865,1.016);
#5110=CYLINDRICAL_SURFACE('',#5866,1.524);
#5111=CYLINDRICAL_SURFACE('',#5869,1.016);
#5112=CYLINDRICAL_SURFACE('',#5880,1.524);
#5113=CYLINDRICAL_SURFACE('',#5881,1.016);
#5114=CYLINDRICAL_SURFACE('',#5882,1.524);
#5115=CYLINDRICAL_SURFACE('',#5887,1.016);
#5116=CYLINDRICAL_SURFACE('',#5899,1.524);
#5117=CYLINDRICAL_SURFACE('',#5902,1.016);
#5118=CYLINDRICAL_SURFACE('',#5904,1.524);
#5119=CYLINDRICAL_SURFACE('',#5911,1.016);
#5120=CYLINDRICAL_SURFACE('',#5923,1.524);
#5121=CYLINDRICAL_SURFACE('',#5925,1.016);
#5122=CYLINDRICAL_SURFACE('',#5928,1.016);
#5123=CYLINDRICAL_SURFACE('',#5939,1.016);
#5124=CYLINDRICAL_SURFACE('',#5940,1.524);
#5125=CYLINDRICAL_SURFACE('',#5945,1.016);
#5126=CYLINDRICAL_SURFACE('',#5957,1.524);
#5127=CYLINDRICAL_SURFACE('',#5960,1.016);
#5128=CYLINDRICAL_SURFACE('',#5962,1.524);
#5129=CYLINDRICAL_SURFACE('',#5969,1.016);
#5130=CYLINDRICAL_SURFACE('',#5992,4.);
#5131=CYLINDRICAL_SURFACE('',#5993,11.);
#5132=CYLINDRICAL_SURFACE('',#5997,1.27);
#5133=CYLINDRICAL_SURFACE('',#6001,1.27);
#5134=CYLINDRICAL_SURFACE('',#6005,26.7843);
#5135=CYLINDRICAL_SURFACE('',#6018,0.79375);
#5136=CYLINDRICAL_SURFACE('',#6038,0.793750000000001);
#5137=CYLINDRICAL_SURFACE('',#6048,0.793749999999999);
#5138=CYLINDRICAL_SURFACE('',#6050,0.79375);
#5139=CYLINDRICAL_SURFACE('',#6060,0.793750000000001);
#5140=CYLINDRICAL_SURFACE('',#6062,0.79375);
#5141=CYLINDRICAL_SURFACE('',#6066,14.7955);
#5142=CYLINDRICAL_SURFACE('',#6069,1.016);
#5143=CYLINDRICAL_SURFACE('',#6076,0.79375);
#5144=CYLINDRICAL_SURFACE('',#6087,0.79375);
#5145=CYLINDRICAL_SURFACE('',#6094,0.79375);
#5146=CYLINDRICAL_SURFACE('',#6102,0.79375);
#5147=CYLINDRICAL_SURFACE('',#6106,0.79375);
#5148=CYLINDRICAL_SURFACE('',#6117,0.79375);
#5149=CYLINDRICAL_SURFACE('',#6121,1.016);
#5150=CYLINDRICAL_SURFACE('',#6123,14.7955);
#5151=CYLINDRICAL_SURFACE('',#6125,1.016);
#5152=CYLINDRICAL_SURFACE('',#6126,1.016);
#5153=CYLINDRICAL_SURFACE('',#6128,14.7955);
#5154=CYLINDRICAL_SURFACE('',#6130,1.016);
#5155=CYLINDRICAL_SURFACE('',#6131,1.016);
#5156=CYLINDRICAL_SURFACE('',#6132,1.27);
#5157=CYLINDRICAL_SURFACE('',#6133,1.27);
#5158=CYLINDRICAL_SURFACE('',#6134,1.27);
#5159=CYLINDRICAL_SURFACE('',#6135,1.27);
#5160=CYLINDRICAL_SURFACE('',#6143,4.);
#5161=CYLINDRICAL_SURFACE('',#6168,4.);
#5162=CYLINDRICAL_SURFACE('',#6174,1.27);
#5163=CYLINDRICAL_SURFACE('',#6178,1.27);
#5164=CYLINDRICAL_SURFACE('',#6182,8.);
#5165=CYLINDRICAL_SURFACE('',#6185,26.7843);
#5166=CYLINDRICAL_SURFACE('',#6203,0.79375);
#5167=CYLINDRICAL_SURFACE('',#6223,0.793750000000001);
#5168=CYLINDRICAL_SURFACE('',#6233,0.793749999999999);
#5169=CYLINDRICAL_SURFACE('',#6235,0.79375);
#5170=CYLINDRICAL_SURFACE('',#6245,0.793750000000001);
#5171=CYLINDRICAL_SURFACE('',#6247,0.79375);
#5172=CYLINDRICAL_SURFACE('',#6251,14.7955);
#5173=CYLINDRICAL_SURFACE('',#6254,1.016);
#5174=CYLINDRICAL_SURFACE('',#6261,0.79375);
#5175=CYLINDRICAL_SURFACE('',#6272,0.79375);
#5176=CYLINDRICAL_SURFACE('',#6279,0.79375);
#5177=CYLINDRICAL_SURFACE('',#6287,0.79375);
#5178=CYLINDRICAL_SURFACE('',#6291,0.79375);
#5179=CYLINDRICAL_SURFACE('',#6302,0.79375);
#5180=CYLINDRICAL_SURFACE('',#6306,1.016);
#5181=CYLINDRICAL_SURFACE('',#6308,14.7955);
#5182=CYLINDRICAL_SURFACE('',#6310,1.016);
#5183=CYLINDRICAL_SURFACE('',#6313,1.016);
#5184=CYLINDRICAL_SURFACE('',#6315,14.7955);
#5185=CYLINDRICAL_SURFACE('',#6317,1.016);
#5186=CYLINDRICAL_SURFACE('',#6318,1.016);
#5187=CYLINDRICAL_SURFACE('',#6319,1.27);
#5188=CYLINDRICAL_SURFACE('',#6320,1.27);
#5189=CYLINDRICAL_SURFACE('',#6321,1.27);
#5190=CYLINDRICAL_SURFACE('',#6322,1.27);
#5191=CYLINDRICAL_SURFACE('',#6332,4.);
#5192=ADVANCED_FACE('',(#330),#5063,.T.);
#5193=ADVANCED_FACE('',(#331),#5064,.T.);
#5194=ADVANCED_FACE('',(#332),#5065,.T.);
#5195=ADVANCED_FACE('',(#333),#305,.T.);
#5196=ADVANCED_FACE('',(#334),#306,.T.);
#5197=ADVANCED_FACE('',(#335),#307,.T.);
#5198=ADVANCED_FACE('',(#336),#5066,.T.);
#5199=ADVANCED_FACE('',(#337),#5067,.F.);
#5200=ADVANCED_FACE('',(#338),#5068,.F.);
#5201=ADVANCED_FACE('',(#339),#5069,.T.);
#5202=ADVANCED_FACE('',(#340),#5070,.T.);
#5203=ADVANCED_FACE('',(#341),#273,.F.);
#5204=ADVANCED_FACE('',(#342),#274,.F.);
#5205=ADVANCED_FACE('',(#343),#275,.F.);
#5206=ADVANCED_FACE('',(#344),#276,.F.);
#5207=ADVANCED_FACE('',(#345),#277,.F.);
#5208=ADVANCED_FACE('',(#346),#278,.F.);
#5209=ADVANCED_FACE('',(#347),#279,.F.);
#5210=ADVANCED_FACE('',(#348),#280,.F.);
#5211=ADVANCED_FACE('',(#349),#281,.F.);
#5212=ADVANCED_FACE('',(#350),#282,.F.);
#5213=ADVANCED_FACE('',(#351),#283,.F.);
#5214=ADVANCED_FACE('',(#352),#284,.F.);
#5215=ADVANCED_FACE('',(#353),#5071,.F.);
#5216=ADVANCED_FACE('',(#354),#5072,.T.);
#5217=ADVANCED_FACE('',(#355),#5073,.T.);
#5218=ADVANCED_FACE('',(#356),#5074,.T.);
#5219=ADVANCED_FACE('',(#357),#308,.T.);
#5220=ADVANCED_FACE('',(#358),#309,.T.);
#5221=ADVANCED_FACE('',(#359),#310,.T.);
#5222=ADVANCED_FACE('',(#360,#139,#140,#141),#152,.F.);
#5223=ADVANCED_FACE('',(#361),#65,.T.);
#5224=ADVANCED_FACE('',(#362),#66,.T.);
#5225=ADVANCED_FACE('',(#363),#67,.T.);
#5226=ADVANCED_FACE('',(#364),#5075,.T.);
#5227=ADVANCED_FACE('',(#365),#68,.T.);
#5228=ADVANCED_FACE('',(#366),#5076,.T.);
#5229=ADVANCED_FACE('',(#367),#69,.T.);
#5230=ADVANCED_FACE('',(#368),#70,.T.);
#5231=ADVANCED_FACE('',(#369),#71,.T.);
#5232=ADVANCED_FACE('',(#370),#5077,.T.);
#5233=ADVANCED_FACE('',(#371),#72,.T.);
#5234=ADVANCED_FACE('',(#372),#5078,.T.);
#5235=ADVANCED_FACE('',(#373),#73,.T.);
#5236=ADVANCED_FACE('',(#374),#74,.T.);
#5237=ADVANCED_FACE('',(#375),#75,.T.);
#5238=ADVANCED_FACE('',(#376),#5079,.T.);
#5239=ADVANCED_FACE('',(#377),#76,.T.);
#5240=ADVANCED_FACE('',(#378),#5080,.T.);
#5241=ADVANCED_FACE('',(#379),#77,.T.);
#5242=ADVANCED_FACE('',(#380),#78,.T.);
#5243=ADVANCED_FACE('',(#381),#79,.T.);
#5244=ADVANCED_FACE('',(#382),#5081,.T.);
#5245=ADVANCED_FACE('',(#383),#80,.T.);
#5246=ADVANCED_FACE('',(#384),#5082,.T.);
#5247=ADVANCED_FACE('',(#385),#81,.T.);
#5248=ADVANCED_FACE('',(#386),#82,.T.);
#5249=ADVANCED_FACE('',(#387),#83,.T.);
#5250=ADVANCED_FACE('',(#388),#5083,.T.);
#5251=ADVANCED_FACE('',(#389),#84,.T.);
#5252=ADVANCED_FACE('',(#390),#5084,.T.);
#5253=ADVANCED_FACE('',(#391),#85,.T.);
#5254=ADVANCED_FACE('',(#392),#86,.T.);
#5255=ADVANCED_FACE('',(#393),#87,.T.);
#5256=ADVANCED_FACE('',(#394),#5085,.T.);
#5257=ADVANCED_FACE('',(#395),#88,.T.);
#5258=ADVANCED_FACE('',(#396),#5086,.T.);
#5259=ADVANCED_FACE('',(#397),#5087,.F.);
#5260=ADVANCED_FACE('',(#398),#5088,.T.);
#5261=ADVANCED_FACE('',(#399),#5089,.F.);
#5262=ADVANCED_FACE('',(#400),#153,.T.);
#5263=ADVANCED_FACE('',(#401),#5090,.T.);
#5264=ADVANCED_FACE('',(#402),#154,.T.);
#5265=ADVANCED_FACE('',(#403),#5091,.F.);
#5266=ADVANCED_FACE('',(#404),#5092,.F.);
#5267=ADVANCED_FACE('',(#405),#155,.T.);
#5268=ADVANCED_FACE('',(#406),#5093,.T.);
#5269=ADVANCED_FACE('',(#407),#156,.T.);
#5270=ADVANCED_FACE('',(#408),#5094,.F.);
#5271=ADVANCED_FACE('',(#409),#5095,.T.);
#5272=ADVANCED_FACE('',(#410),#5096,.F.);
#5273=ADVANCED_FACE('',(#411),#157,.T.);
#5274=ADVANCED_FACE('',(#412),#5097,.T.);
#5275=ADVANCED_FACE('',(#413),#158,.T.);
#5276=ADVANCED_FACE('',(#414),#5098,.F.);
#5277=ADVANCED_FACE('',(#415),#5099,.T.);
#5278=ADVANCED_FACE('',(#416),#5100,.F.);
#5279=ADVANCED_FACE('',(#417),#159,.T.);
#5280=ADVANCED_FACE('',(#418),#5101,.T.);
#5281=ADVANCED_FACE('',(#419),#160,.T.);
#5282=ADVANCED_FACE('',(#420),#5102,.T.);
#5283=ADVANCED_FACE('',(#421),#161,.T.);
#5284=ADVANCED_FACE('',(#422),#5103,.T.);
#5285=ADVANCED_FACE('',(#423),#162,.T.);
#5286=ADVANCED_FACE('',(#424),#5104,.F.);
#5287=ADVANCED_FACE('',(#425),#5105,.T.);
#5288=ADVANCED_FACE('',(#426),#5106,.F.);
#5289=ADVANCED_FACE('',(#427),#163,.T.);
#5290=ADVANCED_FACE('',(#428),#5107,.T.);
#5291=ADVANCED_FACE('',(#429),#164,.T.);
#5292=ADVANCED_FACE('',(#430),#165,.F.);
#5293=ADVANCED_FACE('',(#431),#166,.F.);
#5294=ADVANCED_FACE('',(#432),#167,.F.);
#5295=ADVANCED_FACE('',(#433),#89,.T.);
#5296=ADVANCED_FACE('',(#434),#90,.T.);
#5297=ADVANCED_FACE('',(#435),#91,.T.);
#5298=ADVANCED_FACE('',(#436),#5108,.T.);
#5299=ADVANCED_FACE('',(#437),#5109,.T.);
#5300=ADVANCED_FACE('',(#438),#5110,.T.);
#5301=ADVANCED_FACE('',(#439),#92,.T.);
#5302=ADVANCED_FACE('',(#440),#5111,.T.);
#5303=ADVANCED_FACE('',(#441),#93,.T.);
#5304=ADVANCED_FACE('',(#442),#94,.T.);
#5305=ADVANCED_FACE('',(#443),#95,.T.);
#5306=ADVANCED_FACE('',(#444),#5112,.T.);
#5307=ADVANCED_FACE('',(#445),#5113,.T.);
#5308=ADVANCED_FACE('',(#446),#5114,.T.);
#5309=ADVANCED_FACE('',(#447),#96,.T.);
#5310=ADVANCED_FACE('',(#448),#5115,.T.);
#5311=ADVANCED_FACE('',(#449),#97,.T.);
#5312=ADVANCED_FACE('',(#450),#98,.T.);
#5313=ADVANCED_FACE('',(#451),#99,.T.);
#5314=ADVANCED_FACE('',(#452),#5116,.T.);
#5315=ADVANCED_FACE('',(#453),#5117,.T.);
#5316=ADVANCED_FACE('',(#454),#5118,.T.);
#5317=ADVANCED_FACE('',(#455),#100,.T.);
#5318=ADVANCED_FACE('',(#456),#5119,.T.);
#5319=ADVANCED_FACE('',(#457),#101,.T.);
#5320=ADVANCED_FACE('',(#458),#102,.T.);
#5321=ADVANCED_FACE('',(#459),#103,.T.);
#5322=ADVANCED_FACE('',(#460),#5120,.T.);
#5323=ADVANCED_FACE('',(#461),#5121,.T.);
#5324=ADVANCED_FACE('',(#462),#104,.T.);
#5325=ADVANCED_FACE('',(#463),#5122,.T.);
#5326=ADVANCED_FACE('',(#464),#105,.T.);
#5327=ADVANCED_FACE('',(#465),#106,.T.);
#5328=ADVANCED_FACE('',(#466),#107,.T.);
#5329=ADVANCED_FACE('',(#467),#5123,.T.);
#5330=ADVANCED_FACE('',(#468),#5124,.T.);
#5331=ADVANCED_FACE('',(#469),#108,.T.);
#5332=ADVANCED_FACE('',(#470),#5125,.T.);
#5333=ADVANCED_FACE('',(#471),#109,.T.);
#5334=ADVANCED_FACE('',(#472),#110,.T.);
#5335=ADVANCED_FACE('',(#473),#111,.T.);
#5336=ADVANCED_FACE('',(#474),#5126,.T.);
#5337=ADVANCED_FACE('',(#475),#5127,.T.);
#5338=ADVANCED_FACE('',(#476),#5128,.T.);
#5339=ADVANCED_FACE('',(#477),#112,.T.);
#5340=ADVANCED_FACE('',(#478),#5129,.T.);
#5341=ADVANCED_FACE('',(#479,#142,#143,#144,#145),#168,.T.);
#5342=ADVANCED_FACE('',(#480),#285,.F.);
#5343=ADVANCED_FACE('',(#481),#286,.F.);
#5344=ADVANCED_FACE('',(#482),#287,.F.);
#5345=ADVANCED_FACE('',(#483),#288,.F.);
#5346=ADVANCED_FACE('',(#484),#289,.F.);
#5347=ADVANCED_FACE('',(#485),#290,.F.);
#5348=ADVANCED_FACE('',(#486),#291,.F.);
#5349=ADVANCED_FACE('',(#487),#292,.F.);
#5350=ADVANCED_FACE('',(#488),#293,.F.);
#5351=ADVANCED_FACE('',(#489),#294,.F.);
#5352=ADVANCED_FACE('',(#490),#295,.F.);
#5353=ADVANCED_FACE('',(#491),#296,.F.);
#5354=ADVANCED_FACE('',(#492),#169,.T.);
#5355=ADVANCED_FACE('',(#493),#170,.T.);
#5356=ADVANCED_FACE('',(#494),#171,.T.);
#5357=ADVANCED_FACE('',(#495),#172,.T.);
#5358=ADVANCED_FACE('',(#496),#173,.F.);
#5359=ADVANCED_FACE('',(#497),#174,.F.);
#5360=ADVANCED_FACE('',(#498),#175,.F.);
#5361=ADVANCED_FACE('',(#499),#176,.F.);
#5362=ADVANCED_FACE('',(#500),#177,.F.);
#5363=ADVANCED_FACE('',(#501),#178,.F.);
#5364=ADVANCED_FACE('',(#502,#146),#179,.T.);
#5365=ADVANCED_FACE('',(#503),#5130,.F.);
#5366=ADVANCED_FACE('',(#504),#5131,.F.);
#5367=ADVANCED_FACE('',(#505),#311,.T.);
#5368=ADVANCED_FACE('',(#506),#5132,.T.);
#5369=ADVANCED_FACE('',(#507),#5133,.T.);
#5370=ADVANCED_FACE('',(#508),#5134,.T.);
#5371=ADVANCED_FACE('',(#509),#180,.F.);
#5372=ADVANCED_FACE('',(#510),#181,.T.);
#5373=ADVANCED_FACE('',(#511),#5135,.F.);
#5374=ADVANCED_FACE('',(#512,#147),#182,.F.);
#5375=ADVANCED_FACE('',(#513),#5136,.F.);
#5376=ADVANCED_FACE('',(#514),#183,.T.);
#5377=ADVANCED_FACE('',(#515),#184,.F.);
#5378=ADVANCED_FACE('',(#516),#185,.T.);
#5379=ADVANCED_FACE('',(#517),#5137,.F.);
#5380=ADVANCED_FACE('',(#518),#5138,.F.);
#5381=ADVANCED_FACE('',(#519),#186,.T.);
#5382=ADVANCED_FACE('',(#520),#187,.F.);
#5383=ADVANCED_FACE('',(#521),#188,.T.);
#5384=ADVANCED_FACE('',(#522),#5139,.F.);
#5385=ADVANCED_FACE('',(#523),#5140,.F.);
#5386=ADVANCED_FACE('',(#524),#189,.T.);
#5387=ADVANCED_FACE('',(#525),#190,.T.);
#5388=ADVANCED_FACE('',(#526),#5141,.F.);
#5389=ADVANCED_FACE('',(#527),#191,.T.);
#5390=ADVANCED_FACE('',(#528),#5142,.T.);
#5391=ADVANCED_FACE('',(#529),#113,.F.);
#5392=ADVANCED_FACE('',(#530),#114,.F.);
#5393=ADVANCED_FACE('',(#531),#5143,.F.);
#5394=ADVANCED_FACE('',(#532),#115,.F.);
#5395=ADVANCED_FACE('',(#533),#116,.F.);
#5396=ADVANCED_FACE('',(#534),#117,.F.);
#5397=ADVANCED_FACE('',(#535),#5144,.F.);
#5398=ADVANCED_FACE('',(#536),#118,.F.);
#5399=ADVANCED_FACE('',(#537),#119,.F.);
#5400=ADVANCED_FACE('',(#538),#5145,.F.);
#5401=ADVANCED_FACE('',(#539),#297,.F.);
#5402=ADVANCED_FACE('',(#540),#298,.F.);
#5403=ADVANCED_FACE('',(#541),#120,.F.);
#5404=ADVANCED_FACE('',(#542),#299,.F.);
#5405=ADVANCED_FACE('',(#543),#300,.F.);
#5406=ADVANCED_FACE('',(#544),#5146,.F.);
#5407=ADVANCED_FACE('',(#545),#121,.F.);
#5408=ADVANCED_FACE('',(#546),#5147,.F.);
#5409=ADVANCED_FACE('',(#547),#122,.F.);
#5410=ADVANCED_FACE('',(#548),#123,.F.);
#5411=ADVANCED_FACE('',(#549),#124,.F.);
#5412=ADVANCED_FACE('',(#550),#5148,.F.);
#5413=ADVANCED_FACE('',(#551),#125,.F.);
#5414=ADVANCED_FACE('',(#552),#5149,.T.);
#5415=ADVANCED_FACE('',(#553),#192,.T.);
#5416=ADVANCED_FACE('',(#554),#5150,.F.);
#5417=ADVANCED_FACE('',(#555),#193,.T.);
#5418=ADVANCED_FACE('',(#556),#5151,.T.);
#5419=ADVANCED_FACE('',(#557),#5152,.T.);
#5420=ADVANCED_FACE('',(#558),#194,.T.);
#5421=ADVANCED_FACE('',(#559),#5153,.F.);
#5422=ADVANCED_FACE('',(#560),#195,.T.);
#5423=ADVANCED_FACE('',(#561),#5154,.T.);
#5424=ADVANCED_FACE('',(#562),#5155,.T.);
#5425=ADVANCED_FACE('',(#563),#5156,.T.);
#5426=ADVANCED_FACE('',(#564),#5157,.T.);
#5427=ADVANCED_FACE('',(#565),#5158,.T.);
#5428=ADVANCED_FACE('',(#566),#5159,.T.);
#5429=ADVANCED_FACE('',(#567),#312,.T.);
#5430=ADVANCED_FACE('',(#568),#313,.T.);
#5431=ADVANCED_FACE('',(#569),#5160,.T.);
#5432=ADVANCED_FACE('',(#570),#196,.F.);
#5433=ADVANCED_FACE('',(#571,#148),#197,.T.);
#5434=ADVANCED_FACE('',(#572),#314,.F.);
#5435=ADVANCED_FACE('',(#573),#315,.F.);
#5436=ADVANCED_FACE('',(#574),#316,.F.);
#5437=ADVANCED_FACE('',(#575),#317,.F.);
#5438=ADVANCED_FACE('',(#576),#318,.F.);
#5439=ADVANCED_FACE('',(#577),#319,.F.);
#5440=ADVANCED_FACE('',(#578),#198,.T.);
#5441=ADVANCED_FACE('',(#579),#199,.F.);
#5442=ADVANCED_FACE('',(#580),#200,.F.);
#5443=ADVANCED_FACE('',(#581),#201,.F.);
#5444=ADVANCED_FACE('',(#582),#202,.F.);
#5445=ADVANCED_FACE('',(#583),#203,.F.);
#5446=ADVANCED_FACE('',(#584),#204,.F.);
#5447=ADVANCED_FACE('',(#585),#5161,.F.);
#5448=ADVANCED_FACE('',(#586),#320,.T.);
#5449=ADVANCED_FACE('',(#587),#5162,.T.);
#5450=ADVANCED_FACE('',(#588),#5163,.T.);
#5451=ADVANCED_FACE('',(#589),#5164,.F.);
#5452=ADVANCED_FACE('',(#590),#5165,.T.);
#5453=ADVANCED_FACE('',(#591),#205,.F.);
#5454=ADVANCED_FACE('',(#592),#206,.F.);
#5455=ADVANCED_FACE('',(#593),#207,.F.);
#5456=ADVANCED_FACE('',(#594),#208,.F.);
#5457=ADVANCED_FACE('',(#595),#209,.F.);
#5458=ADVANCED_FACE('',(#596),#210,.F.);
#5459=ADVANCED_FACE('',(#597),#211,.T.);
#5460=ADVANCED_FACE('',(#598),#5166,.F.);
#5461=ADVANCED_FACE('',(#599,#149),#212,.F.);
#5462=ADVANCED_FACE('',(#600),#5167,.F.);
#5463=ADVANCED_FACE('',(#601),#213,.T.);
#5464=ADVANCED_FACE('',(#602),#214,.F.);
#5465=ADVANCED_FACE('',(#603),#215,.T.);
#5466=ADVANCED_FACE('',(#604),#5168,.F.);
#5467=ADVANCED_FACE('',(#605),#5169,.F.);
#5468=ADVANCED_FACE('',(#606),#216,.T.);
#5469=ADVANCED_FACE('',(#607),#217,.F.);
#5470=ADVANCED_FACE('',(#608),#218,.T.);
#5471=ADVANCED_FACE('',(#609),#5170,.F.);
#5472=ADVANCED_FACE('',(#610),#5171,.F.);
#5473=ADVANCED_FACE('',(#611),#219,.T.);
#5474=ADVANCED_FACE('',(#612),#220,.T.);
#5475=ADVANCED_FACE('',(#613),#5172,.F.);
#5476=ADVANCED_FACE('',(#614),#221,.T.);
#5477=ADVANCED_FACE('',(#615),#5173,.T.);
#5478=ADVANCED_FACE('',(#616),#126,.F.);
#5479=ADVANCED_FACE('',(#617),#127,.F.);
#5480=ADVANCED_FACE('',(#618),#5174,.F.);
#5481=ADVANCED_FACE('',(#619),#128,.F.);
#5482=ADVANCED_FACE('',(#620),#129,.F.);
#5483=ADVANCED_FACE('',(#621),#130,.F.);
#5484=ADVANCED_FACE('',(#622),#5175,.F.);
#5485=ADVANCED_FACE('',(#623),#131,.F.);
#5486=ADVANCED_FACE('',(#624),#132,.F.);
#5487=ADVANCED_FACE('',(#625),#5176,.F.);
#5488=ADVANCED_FACE('',(#626),#301,.F.);
#5489=ADVANCED_FACE('',(#627),#302,.F.);
#5490=ADVANCED_FACE('',(#628),#133,.F.);
#5491=ADVANCED_FACE('',(#629),#303,.F.);
#5492=ADVANCED_FACE('',(#630),#304,.F.);
#5493=ADVANCED_FACE('',(#631),#5177,.F.);
#5494=ADVANCED_FACE('',(#632),#134,.F.);
#5495=ADVANCED_FACE('',(#633),#5178,.F.);
#5496=ADVANCED_FACE('',(#634),#135,.F.);
#5497=ADVANCED_FACE('',(#635),#136,.F.);
#5498=ADVANCED_FACE('',(#636),#137,.F.);
#5499=ADVANCED_FACE('',(#637),#5179,.F.);
#5500=ADVANCED_FACE('',(#638),#138,.F.);
#5501=ADVANCED_FACE('',(#639),#5180,.T.);
#5502=ADVANCED_FACE('',(#640),#222,.T.);
#5503=ADVANCED_FACE('',(#641),#5181,.F.);
#5504=ADVANCED_FACE('',(#642),#223,.T.);
#5505=ADVANCED_FACE('',(#643),#5182,.T.);
#5506=ADVANCED_FACE('',(#644,#150),#224,.T.);
#5507=ADVANCED_FACE('',(#645),#5183,.T.);
#5508=ADVANCED_FACE('',(#646),#225,.T.);
#5509=ADVANCED_FACE('',(#647),#5184,.F.);
#5510=ADVANCED_FACE('',(#648),#226,.T.);
#5511=ADVANCED_FACE('',(#649),#5185,.T.);
#5512=ADVANCED_FACE('',(#650),#5186,.T.);
#5513=ADVANCED_FACE('',(#651),#5187,.T.);
#5514=ADVANCED_FACE('',(#652),#5188,.T.);
#5515=ADVANCED_FACE('',(#653),#5189,.T.);
#5516=ADVANCED_FACE('',(#654),#5190,.T.);
#5517=ADVANCED_FACE('',(#655),#321,.F.);
#5518=ADVANCED_FACE('',(#656),#227,.F.);
#5519=ADVANCED_FACE('',(#657),#322,.T.);
#5520=ADVANCED_FACE('',(#658),#323,.T.);
#5521=ADVANCED_FACE('',(#659),#5191,.T.);
#5522=ADVANCED_FACE('',(#660),#228,.F.);
#5523=ADVANCED_FACE('',(#661,#151),#229,.T.);
#5524=ADVANCED_FACE('',(#662),#324,.F.);
#5525=ADVANCED_FACE('',(#663),#325,.F.);
#5526=ADVANCED_FACE('',(#664),#326,.F.);
#5527=ADVANCED_FACE('',(#665),#327,.F.);
#5528=ADVANCED_FACE('',(#666),#328,.F.);
#5529=ADVANCED_FACE('',(#667),#329,.F.);
#5530=ADVANCED_FACE('',(#668),#230,.T.);
#5531=ADVANCED_FACE('',(#669),#231,.F.);
#5532=ADVANCED_FACE('',(#670),#232,.F.);
#5533=ADVANCED_FACE('',(#671),#233,.F.);
#5534=ADVANCED_FACE('',(#672),#234,.F.);
#5535=ADVANCED_FACE('',(#673),#235,.F.);
#5536=ADVANCED_FACE('',(#674),#236,.F.);
#5537=CLOSED_SHELL('',(#5192,#5193,#5194,#5195,#5196,#5197,#5198,#5199,
#5200,#5201,#5202,#5203,#5204,#5205,#5206,#5207,#5208,#5209,#5210,#5211,
#5212,#5213,#5214,#5215,#5216,#5217,#5218,#5219,#5220,#5221,#5222,#5223,
#5224,#5225,#5226,#5227,#5228,#5229,#5230,#5231,#5232,#5233,#5234,#5235,
#5236,#5237,#5238,#5239,#5240,#5241,#5242,#5243,#5244,#5245,#5246,#5247,
#5248,#5249,#5250,#5251,#5252,#5253,#5254,#5255,#5256,#5257,#5258,#5259,
#5260,#5261,#5262,#5263,#5264,#5265,#5266,#5267,#5268,#5269,#5270,#5271,
#5272,#5273,#5274,#5275,#5276,#5277,#5278,#5279,#5280,#5281,#5282,#5283,
#5284,#5285,#5286,#5287,#5288,#5289,#5290,#5291,#5292,#5293,#5294,#5295,
#5296,#5297,#5298,#5299,#5300,#5301,#5302,#5303,#5304,#5305,#5306,#5307,
#5308,#5309,#5310,#5311,#5312,#5313,#5314,#5315,#5316,#5317,#5318,#5319,
#5320,#5321,#5322,#5323,#5324,#5325,#5326,#5327,#5328,#5329,#5330,#5331,
#5332,#5333,#5334,#5335,#5336,#5337,#5338,#5339,#5340,#5341,#5342,#5343,
#5344,#5345,#5346,#5347,#5348,#5349,#5350,#5351,#5352,#5353,#5354,#5355,
#5356,#5357));
#5538=CLOSED_SHELL('',(#5358,#5359,#5360,#5361,#5362,#5363,#5364,#5365,
#5366,#5367,#5368,#5369,#5370,#5371,#5372,#5373,#5374,#5375,#5376,#5377,
#5378,#5379,#5380,#5381,#5382,#5383,#5384,#5385,#5386,#5387,#5388,#5389,
#5390,#5391,#5392,#5393,#5394,#5395,#5396,#5397,#5398,#5399,#5400,#5401,
#5402,#5403,#5404,#5405,#5406,#5407,#5408,#5409,#5410,#5411,#5412,#5413,
#5414,#5415,#5416,#5417,#5418,#5419,#5420,#5421,#5422,#5423,#5424,#5425,
#5426,#5427,#5428));
#5539=CLOSED_SHELL('',(#5429,#5430,#5431,#5432,#5433,#5434,#5435,#5436,
#5437,#5438,#5439,#5440,#5441,#5442,#5443,#5444,#5445,#5446));
#5540=CLOSED_SHELL('',(#5447,#5448,#5449,#5450,#5451,#5452,#5453,#5454,
#5455,#5456,#5457,#5458,#5459,#5460,#5461,#5462,#5463,#5464,#5465,#5466,
#5467,#5468,#5469,#5470,#5471,#5472,#5473,#5474,#5475,#5476,#5477,#5478,
#5479,#5480,#5481,#5482,#5483,#5484,#5485,#5486,#5487,#5488,#5489,#5490,
#5491,#5492,#5493,#5494,#5495,#5496,#5497,#5498,#5499,#5500,#5501,#5502,
#5503,#5504,#5505,#5506,#5507,#5508,#5509,#5510,#5511,#5512,#5513,#5514,
#5515,#5516,#5517,#5518));
#5541=CLOSED_SHELL('',(#5519,#5520,#5521,#5522,#5523,#5524,#5525,#5526,
#5527,#5528,#5529,#5530,#5531,#5532,#5533,#5534,#5535,#5536));
#5542=DERIVED_UNIT_ELEMENT(#5548,1.);
#5543=DERIVED_UNIT_ELEMENT(#10796,-3.);
#5544=DERIVED_UNIT_ELEMENT(#5548,1.);
#5545=DERIVED_UNIT_ELEMENT(#10796,-3.);
#5546=DERIVED_UNIT_ELEMENT(#5548,1.);
#5547=DERIVED_UNIT_ELEMENT(#10796,-3.);
#5548=(
MASS_UNIT()
NAMED_UNIT(*)
SI_UNIT(.KILO.,.GRAM.)
);
#5549=DERIVED_UNIT((#5542,#5543));
#5550=DERIVED_UNIT((#5544,#5545));
#5551=DERIVED_UNIT((#5546,#5547));
#5552=MEASURE_REPRESENTATION_ITEM('density measure',
POSITIVE_RATIO_MEASURE(7850.),#5549);
#5553=MEASURE_REPRESENTATION_ITEM('density measure',
POSITIVE_RATIO_MEASURE(7850.),#5550);
#5554=MEASURE_REPRESENTATION_ITEM('density measure',
POSITIVE_RATIO_MEASURE(7850.),#5551);
#5555=PROPERTY_DEFINITION_REPRESENTATION(#5570,#5561);
#5556=PROPERTY_DEFINITION_REPRESENTATION(#5571,#5562);
#5557=PROPERTY_DEFINITION_REPRESENTATION(#5572,#5563);
#5558=PROPERTY_DEFINITION_REPRESENTATION(#5573,#5564);
#5559=PROPERTY_DEFINITION_REPRESENTATION(#5574,#5565);
#5560=PROPERTY_DEFINITION_REPRESENTATION(#5575,#5566);
#5561=REPRESENTATION('material name',(#5567),#10789);
#5562=REPRESENTATION('density',(#5552),#10789);
#5563=REPRESENTATION('material name',(#5568),#10791);
#5564=REPRESENTATION('density',(#5553),#10791);
#5565=REPRESENTATION('material name',(#5569),#10793);
#5566=REPRESENTATION('density',(#5554),#10793);
#5567=DESCRIPTIVE_REPRESENTATION_ITEM('Steel','Steel');
#5568=DESCRIPTIVE_REPRESENTATION_ITEM('Steel','Steel');
#5569=DESCRIPTIVE_REPRESENTATION_ITEM('Steel','Steel');
#5570=PROPERTY_DEFINITION('material property','material name',#10829);
#5571=PROPERTY_DEFINITION('material property','density of part',#10829);
#5572=PROPERTY_DEFINITION('material property','material name',#10831);
#5573=PROPERTY_DEFINITION('material property','density of part',#10831);
#5574=PROPERTY_DEFINITION('material property','material name',#10833);
#5575=PROPERTY_DEFINITION('material property','density of part',#10833);
#5576=AXIS2_PLACEMENT_3D('',#8237,#6358,#6359);
#5577=AXIS2_PLACEMENT_3D('',#8238,#6360,#6361);
#5578=AXIS2_PLACEMENT_3D('',#8239,#6362,#6363);
#5579=AXIS2_PLACEMENT_3D('',#8240,#6364,#6365);
#5580=AXIS2_PLACEMENT_3D('',#8242,#6366,#6367);
#5581=AXIS2_PLACEMENT_3D('',#8245,#6369,#6370);
#5582=AXIS2_PLACEMENT_3D('',#8246,#6371,#6372);
#5583=AXIS2_PLACEMENT_3D('',#8248,#6373,#6374);
#5584=AXIS2_PLACEMENT_3D('',#8251,#6376,#6377);
#5585=AXIS2_PLACEMENT_3D('',#8252,#6378,#6379);
#5586=AXIS2_PLACEMENT_3D('',#8254,#6380,#6381);
#5587=AXIS2_PLACEMENT_3D('',#8257,#6383,#6384);
#5588=AXIS2_PLACEMENT_3D('',#8258,#6385,#6386);
#5589=AXIS2_PLACEMENT_3D('',#8261,#6388,#6389);
#5590=AXIS2_PLACEMENT_3D('',#8262,#6390,#6391);
#5591=AXIS2_PLACEMENT_3D('',#8265,#6393,#6394);
#5592=AXIS2_PLACEMENT_3D('',#8266,#6395,#6396);
#5593=AXIS2_PLACEMENT_3D('',#8269,#6398,#6399);
#5594=AXIS2_PLACEMENT_3D('',#8270,#6400,#6401);
#5595=AXIS2_PLACEMENT_3D('',#8273,#6402,#6403);
#5596=AXIS2_PLACEMENT_3D('',#8277,#6405,#6406);
#5597=AXIS2_PLACEMENT_3D('',#8279,#6408,#6409);
#5598=AXIS2_PLACEMENT_3D('',#8282,#6410,#6411);
#5599=AXIS2_PLACEMENT_3D('',#8286,#6413,#6414);
#5600=AXIS2_PLACEMENT_3D('',#8288,#6416,#6417);
#5601=AXIS2_PLACEMENT_3D('',#8291,#6418,#6419);
#5602=AXIS2_PLACEMENT_3D('',#8295,#6421,#6422);
#5603=AXIS2_PLACEMENT_3D('',#8297,#6424,#6425);
#5604=AXIS2_PLACEMENT_3D('',#8300,#6426,#6427);
#5605=AXIS2_PLACEMENT_3D('',#8304,#6429,#6430);
#5606=AXIS2_PLACEMENT_3D('',#8306,#6432,#6433);
#5607=AXIS2_PLACEMENT_3D('',#8309,#6434,#6435);
#5608=AXIS2_PLACEMENT_3D('',#8313,#6437,#6438);
#5609=AXIS2_PLACEMENT_3D('',#8326,#6440,#6441);
#5610=AXIS2_PLACEMENT_3D('',#8328,#6442,#6443);
#5611=AXIS2_PLACEMENT_3D('',#8330,#6444,#6445);
#5612=AXIS2_PLACEMENT_3D('',#8331,#6446,#6447);
#5613=AXIS2_PLACEMENT_3D('',#8343,#6448,#6449);
#5614=AXIS2_PLACEMENT_3D('',#8345,#6450,#6451);
#5615=AXIS2_PLACEMENT_3D('',#8347,#6452,#6453);
#5616=AXIS2_PLACEMENT_3D('',#8348,#6454,#6455);
#5617=AXIS2_PLACEMENT_3D('',#8402,#6456,#6457);
#5618=AXIS2_PLACEMENT_3D('',#8404,#6458,#6459);
#5619=AXIS2_PLACEMENT_3D('',#8405,#6460,#6461);
#5620=AXIS2_PLACEMENT_3D('',#8417,#6462,#6463);
#5621=AXIS2_PLACEMENT_3D('',#8419,#6464,#6465);
#5622=AXIS2_PLACEMENT_3D('',#8421,#6466,#6467);
#5623=AXIS2_PLACEMENT_3D('',#8422,#6468,#6469);
#5624=AXIS2_PLACEMENT_3D('',#8451,#6470,#6471);
#5625=AXIS2_PLACEMENT_3D('',#8453,#6472,#6473);
#5626=AXIS2_PLACEMENT_3D('',#8455,#6474,#6475);
#5627=AXIS2_PLACEMENT_3D('',#8456,#6476,#6477);
#5628=AXIS2_PLACEMENT_3D('',#8468,#6478,#6479);
#5629=AXIS2_PLACEMENT_3D('',#8470,#6480,#6481);
#5630=AXIS2_PLACEMENT_3D('',#8472,#6482,#6483);
#5631=AXIS2_PLACEMENT_3D('',#8473,#6484,#6485);
#5632=AXIS2_PLACEMENT_3D('',#8485,#6486,#6487);
#5633=AXIS2_PLACEMENT_3D('',#8487,#6488,#6489);
#5634=AXIS2_PLACEMENT_3D('',#8489,#6490,#6491);
#5635=AXIS2_PLACEMENT_3D('',#8490,#6492,#6493);
#5636=AXIS2_PLACEMENT_3D('',#8501,#6494,#6495);
#5637=AXIS2_PLACEMENT_3D('',#8503,#6496,#6497);
#5638=AXIS2_PLACEMENT_3D('',#8504,#6498,#6499);
#5639=AXIS2_PLACEMENT_3D('',#8557,#6500,#6501);
#5640=AXIS2_PLACEMENT_3D('',#8558,#6502,#6503);
#5641=AXIS2_PLACEMENT_3D('',#8569,#6504,#6505);
#5642=AXIS2_PLACEMENT_3D('',#8571,#6506,#6507);
#5643=AXIS2_PLACEMENT_3D('',#8572,#6508,#6509);
#5644=AXIS2_PLACEMENT_3D('',#8601,#6510,#6511);
#5645=AXIS2_PLACEMENT_3D('',#8602,#6512,#6513);
#5646=AXIS2_PLACEMENT_3D('',#8603,#6514,#6515);
#5647=AXIS2_PLACEMENT_3D('',#8615,#6516,#6517);
#5648=AXIS2_PLACEMENT_3D('',#8617,#6518,#6519);
#5649=AXIS2_PLACEMENT_3D('',#8619,#6520,#6521);
#5650=AXIS2_PLACEMENT_3D('',#8620,#6522,#6523);
#5651=AXIS2_PLACEMENT_3D('',#8621,#6524,#6525);
#5652=AXIS2_PLACEMENT_3D('',#8623,#6526,#6527);
#5653=AXIS2_PLACEMENT_3D('',#8626,#6529,#6530);
#5654=AXIS2_PLACEMENT_3D('',#8627,#6531,#6532);
#5655=AXIS2_PLACEMENT_3D('',#8630,#6533,#6534);
#5656=AXIS2_PLACEMENT_3D('',#8633,#6536,#6537);
#5657=AXIS2_PLACEMENT_3D('',#8634,#6538,#6539);
#5658=AXIS2_PLACEMENT_3D('',#8635,#6540,#6541);
#5659=AXIS2_PLACEMENT_3D('',#8638,#6542,#6543);
#5660=AXIS2_PLACEMENT_3D('',#8641,#6545,#6546);
#5661=AXIS2_PLACEMENT_3D('',#8642,#6547,#6548);
#5662=AXIS2_PLACEMENT_3D('',#8643,#6549,#6550);
#5663=AXIS2_PLACEMENT_3D('',#8646,#6551,#6552);
#5664=AXIS2_PLACEMENT_3D('',#8649,#6554,#6555);
#5665=AXIS2_PLACEMENT_3D('',#8650,#6556,#6557);
#5666=AXIS2_PLACEMENT_3D('',#8651,#6558,#6559);
#5667=AXIS2_PLACEMENT_3D('',#8654,#6561,#6562);
#5668=AXIS2_PLACEMENT_3D('',#8655,#6563,#6564);
#5669=AXIS2_PLACEMENT_3D('',#8658,#6566,#6567);
#5670=AXIS2_PLACEMENT_3D('',#8659,#6568,#6569);
#5671=AXIS2_PLACEMENT_3D('',#8662,#6571,#6572);
#5672=AXIS2_PLACEMENT_3D('',#8663,#6573,#6574);
#5673=AXIS2_PLACEMENT_3D('',#8666,#6575,#6576);
#5674=AXIS2_PLACEMENT_3D('',#8668,#6577,#6578);
#5675=AXIS2_PLACEMENT_3D('',#8672,#6580,#6581);
#5676=AXIS2_PLACEMENT_3D('',#8673,#6582,#6583);
#5677=AXIS2_PLACEMENT_3D('',#8677,#6585,#6586);
#5678=AXIS2_PLACEMENT_3D('',#8679,#6587,#6588);
#5679=AXIS2_PLACEMENT_3D('',#8681,#6589,#6590);
#5680=AXIS2_PLACEMENT_3D('',#8683,#6592,#6593);
#5681=AXIS2_PLACEMENT_3D('',#8687,#6595,#6596);
#5682=AXIS2_PLACEMENT_3D('',#8689,#6597,#6598);
#5683=AXIS2_PLACEMENT_3D('',#8691,#6599,#6600);
#5684=AXIS2_PLACEMENT_3D('',#8695,#6602,#6603);
#5685=AXIS2_PLACEMENT_3D('',#8697,#6604,#6605);
#5686=AXIS2_PLACEMENT_3D('',#8699,#6606,#6607);
#5687=AXIS2_PLACEMENT_3D('',#8703,#6609,#6610);
#5688=AXIS2_PLACEMENT_3D('',#8705,#6611,#6612);
#5689=AXIS2_PLACEMENT_3D('',#8707,#6613,#6614);
#5690=AXIS2_PLACEMENT_3D('',#8711,#6616,#6617);
#5691=AXIS2_PLACEMENT_3D('',#8712,#6618,#6619);
#5692=AXIS2_PLACEMENT_3D('',#8716,#6621,#6622);
#5693=AXIS2_PLACEMENT_3D('',#8718,#6623,#6624);
#5694=AXIS2_PLACEMENT_3D('',#8720,#6625,#6626);
#5695=AXIS2_PLACEMENT_3D('',#8722,#6628,#6629);
#5696=AXIS2_PLACEMENT_3D('',#8726,#6631,#6632);
#5697=AXIS2_PLACEMENT_3D('',#8728,#6633,#6634);
#5698=AXIS2_PLACEMENT_3D('',#8730,#6635,#6636);
#5699=AXIS2_PLACEMENT_3D('',#8734,#6638,#6639);
#5700=AXIS2_PLACEMENT_3D('',#8736,#6640,#6641);
#5701=AXIS2_PLACEMENT_3D('',#8738,#6642,#6643);
#5702=AXIS2_PLACEMENT_3D('',#8741,#6645,#6646);
#5703=AXIS2_PLACEMENT_3D('',#8742,#6647,#6648);
#5704=AXIS2_PLACEMENT_3D('',#8744,#6649,#6650);
#5705=AXIS2_PLACEMENT_3D('',#8746,#6651,#6652);
#5706=AXIS2_PLACEMENT_3D('',#8747,#6653,#6654);
#5707=AXIS2_PLACEMENT_3D('',#8748,#6655,#6656);
#5708=AXIS2_PLACEMENT_3D('',#8750,#6657,#6658);
#5709=AXIS2_PLACEMENT_3D('',#8751,#6659,#6660);
#5710=AXIS2_PLACEMENT_3D('',#8752,#6661,#6662);
#5711=AXIS2_PLACEMENT_3D('',#8754,#6663,#6664);
#5712=AXIS2_PLACEMENT_3D('',#8755,#6665,#6666);
#5713=AXIS2_PLACEMENT_3D('',#8756,#6667,#6668);
#5714=AXIS2_PLACEMENT_3D('',#8758,#6669,#6670);
#5715=AXIS2_PLACEMENT_3D('',#8760,#6672,#6673);
#5716=AXIS2_PLACEMENT_3D('',#8762,#6674,#6675);
#5717=AXIS2_PLACEMENT_3D('',#8763,#6676,#6677);
#5718=AXIS2_PLACEMENT_3D('',#8764,#6678,#6679);
#5719=AXIS2_PLACEMENT_3D('',#8766,#6680,#6681);
#5720=AXIS2_PLACEMENT_3D('',#8768,#6683,#6684);
#5721=AXIS2_PLACEMENT_3D('',#8769,#6685,#6686);
#5722=AXIS2_PLACEMENT_3D('',#8770,#6687,#6688);
#5723=AXIS2_PLACEMENT_3D('',#8771,#6689,#6690);
#5724=AXIS2_PLACEMENT_3D('',#8772,#6691,#6692);
#5725=AXIS2_PLACEMENT_3D('',#8773,#6693,#6694);
#5726=AXIS2_PLACEMENT_3D('',#8775,#6695,#6696);
#5727=AXIS2_PLACEMENT_3D('',#8776,#6697,#6698);
#5728=AXIS2_PLACEMENT_3D('',#8777,#6699,#6700);
#5729=AXIS2_PLACEMENT_3D('',#8779,#6702,#6703);
#5730=AXIS2_PLACEMENT_3D('',#8780,#6704,#6705);
#5731=AXIS2_PLACEMENT_3D('',#8781,#6706,#6707);
#5732=AXIS2_PLACEMENT_3D('',#8783,#6708,#6709);
#5733=AXIS2_PLACEMENT_3D('',#8785,#6711,#6712);
#5734=AXIS2_PLACEMENT_3D('',#8787,#6713,#6714);
#5735=AXIS2_PLACEMENT_3D('',#8788,#6715,#6716);
#5736=AXIS2_PLACEMENT_3D('',#8789,#6717,#6718);
#5737=AXIS2_PLACEMENT_3D('',#8791,#6719,#6720);
#5738=AXIS2_PLACEMENT_3D('',#8792,#6721,#6722);
#5739=AXIS2_PLACEMENT_3D('',#8793,#6723,#6724);
#5740=AXIS2_PLACEMENT_3D('',#8795,#6725,#6726);
#5741=AXIS2_PLACEMENT_3D('',#8796,#6727,#6728);
#5742=AXIS2_PLACEMENT_3D('',#8797,#6729,#6730);
#5743=AXIS2_PLACEMENT_3D('',#8799,#6731,#6732);
#5744=AXIS2_PLACEMENT_3D('',#8801,#6734,#6735);
#5745=AXIS2_PLACEMENT_3D('',#8803,#6736,#6737);
#5746=AXIS2_PLACEMENT_3D('',#8805,#6738,#6739);
#5747=AXIS2_PLACEMENT_3D('',#8806,#6740,#6741);
#5748=AXIS2_PLACEMENT_3D('',#8807,#6742,#6743);
#5749=AXIS2_PLACEMENT_3D('',#8809,#6744,#6745);
#5750=AXIS2_PLACEMENT_3D('',#8811,#6746,#6747);
#5751=AXIS2_PLACEMENT_3D('',#8813,#6749,#6750);
#5752=AXIS2_PLACEMENT_3D('',#8815,#6751,#6752);
#5753=AXIS2_PLACEMENT_3D('',#8816,#6753,#6754);
#5754=AXIS2_PLACEMENT_3D('',#8817,#6755,#6756);
#5755=AXIS2_PLACEMENT_3D('',#8819,#6757,#6758);
#5756=AXIS2_PLACEMENT_3D('',#8820,#6759,#6760);
#5757=AXIS2_PLACEMENT_3D('',#8821,#6761,#6762);
#5758=AXIS2_PLACEMENT_3D('',#8823,#6763,#6764);
#5759=AXIS2_PLACEMENT_3D('',#8824,#6765,#6766);
#5760=AXIS2_PLACEMENT_3D('',#8825,#6767,#6768);
#5761=AXIS2_PLACEMENT_3D('',#8827,#6769,#6770);
#5762=AXIS2_PLACEMENT_3D('',#8829,#6772,#6773);
#5763=AXIS2_PLACEMENT_3D('',#8831,#6774,#6775);
#5764=AXIS2_PLACEMENT_3D('',#8832,#6776,#6777);
#5765=AXIS2_PLACEMENT_3D('',#8833,#6778,#6779);
#5766=AXIS2_PLACEMENT_3D('',#8834,#6780,#6781);
#5767=AXIS2_PLACEMENT_3D('',#8836,#6783,#6784);
#5768=AXIS2_PLACEMENT_3D('',#8837,#6785,#6786);
#5769=AXIS2_PLACEMENT_3D('',#8838,#6787,#6788);
#5770=AXIS2_PLACEMENT_3D('',#8839,#6789,#6790);
#5771=AXIS2_PLACEMENT_3D('',#8840,#6791,#6792);
#5772=AXIS2_PLACEMENT_3D('',#8841,#6793,#6794);
#5773=AXIS2_PLACEMENT_3D('',#8842,#6795,#6796);
#5774=AXIS2_PLACEMENT_3D('',#8843,#6797,#6798);
#5775=AXIS2_PLACEMENT_3D('',#8845,#6800,#6801);
#5776=AXIS2_PLACEMENT_3D('',#8846,#6802,#6803);
#5777=AXIS2_PLACEMENT_3D('',#8847,#6804,#6805);
#5778=AXIS2_PLACEMENT_3D('',#8849,#6806,#6807);
#5779=AXIS2_PLACEMENT_3D('',#8851,#6809,#6810);
#5780=AXIS2_PLACEMENT_3D('',#8853,#6811,#6812);
#5781=AXIS2_PLACEMENT_3D('',#8854,#6813,#6814);
#5782=AXIS2_PLACEMENT_3D('',#8855,#6815,#6816);
#5783=AXIS2_PLACEMENT_3D('',#8857,#6817,#6818);
#5784=AXIS2_PLACEMENT_3D('',#8858,#6819,#6820);
#5785=AXIS2_PLACEMENT_3D('',#8859,#6821,#6822);
#5786=AXIS2_PLACEMENT_3D('',#8861,#6823,#6824);
#5787=AXIS2_PLACEMENT_3D('',#8862,#6825,#6826);
#5788=AXIS2_PLACEMENT_3D('',#8863,#6827,#6828);
#5789=AXIS2_PLACEMENT_3D('',#8865,#6829,#6830);
#5790=AXIS2_PLACEMENT_3D('',#8867,#6832,#6833);
#5791=AXIS2_PLACEMENT_3D('',#8869,#6834,#6835);
#5792=AXIS2_PLACEMENT_3D('',#8871,#6836,#6837);
#5793=AXIS2_PLACEMENT_3D('',#8872,#6838,#6839);
#5794=AXIS2_PLACEMENT_3D('',#8873,#6840,#6841);
#5795=AXIS2_PLACEMENT_3D('',#8875,#6842,#6843);
#5796=AXIS2_PLACEMENT_3D('',#8877,#6845,#6846);
#5797=AXIS2_PLACEMENT_3D('',#8880,#6847,#6848);
#5798=AXIS2_PLACEMENT_3D('',#8883,#6851,#6852);
#5799=AXIS2_PLACEMENT_3D('',#8886,#6854,#6855);
#5800=AXIS2_PLACEMENT_3D('',#8887,#6856,#6857);
#5801=AXIS2_PLACEMENT_3D('',#8889,#6858,#6859);
#5802=AXIS2_PLACEMENT_3D('',#8891,#6861,#6862);
#5803=AXIS2_PLACEMENT_3D('',#8894,#6865,#6866);
#5804=AXIS2_PLACEMENT_3D('',#8897,#6869,#6870);
#5805=AXIS2_PLACEMENT_3D('',#8898,#6871,#6872);
#5806=AXIS2_PLACEMENT_3D('',#8903,#6876,#6877);
#5807=AXIS2_PLACEMENT_3D('',#8904,#6878,#6879);
#5808=AXIS2_PLACEMENT_3D('',#8905,#6880,#6881);
#5809=AXIS2_PLACEMENT_3D('',#8907,#6882,#6883);
#5810=AXIS2_PLACEMENT_3D('',#8909,#6885,#6886);
#5811=AXIS2_PLACEMENT_3D('',#8912,#6889,#6890);
#5812=AXIS2_PLACEMENT_3D('',#8916,#6893,#6894);
#5813=AXIS2_PLACEMENT_3D('',#8917,#6895,#6896);
#5814=AXIS2_PLACEMENT_3D('',#8923,#6900,#6901);
#5815=AXIS2_PLACEMENT_3D('',#8925,#6902,#6903);
#5816=AXIS2_PLACEMENT_3D('',#8927,#6905,#6906);
#5817=AXIS2_PLACEMENT_3D('',#8930,#6908,#6909);
#5818=AXIS2_PLACEMENT_3D('',#8931,#6910,#6911);
#5819=AXIS2_PLACEMENT_3D('',#8933,#6912,#6913);
#5820=AXIS2_PLACEMENT_3D('',#8935,#6915,#6916);
#5821=AXIS2_PLACEMENT_3D('',#8939,#6919,#6920);
#5822=AXIS2_PLACEMENT_3D('',#8944,#6923,#6924);
#5823=AXIS2_PLACEMENT_3D('',#8945,#6925,#6926);
#5824=AXIS2_PLACEMENT_3D('',#8951,#6930,#6931);
#5825=AXIS2_PLACEMENT_3D('',#8953,#6932,#6933);
#5826=AXIS2_PLACEMENT_3D('',#8955,#6935,#6936);
#5827=AXIS2_PLACEMENT_3D('',#8958,#6938,#6939);
#5828=AXIS2_PLACEMENT_3D('',#8959,#6940,#6941);
#5829=AXIS2_PLACEMENT_3D('',#8961,#6942,#6943);
#5830=AXIS2_PLACEMENT_3D('',#8963,#6945,#6946);
#5831=AXIS2_PLACEMENT_3D('',#8966,#6949,#6950);
#5832=AXIS2_PLACEMENT_3D('',#8968,#6952,#6953);
#5833=AXIS2_PLACEMENT_3D('',#8969,#6954,#6955);
#5834=AXIS2_PLACEMENT_3D('',#8971,#6957,#6958);
#5835=AXIS2_PLACEMENT_3D('',#8972,#6959,#6960);
#5836=AXIS2_PLACEMENT_3D('',#8973,#6961,#6962);
#5837=AXIS2_PLACEMENT_3D('',#8975,#6964,#6965);
#5838=AXIS2_PLACEMENT_3D('',#8978,#6967,#6968);
#5839=AXIS2_PLACEMENT_3D('',#8979,#6969,#6970);
#5840=AXIS2_PLACEMENT_3D('',#8985,#6974,#6975);
#5841=AXIS2_PLACEMENT_3D('',#8987,#6976,#6977);
#5842=AXIS2_PLACEMENT_3D('',#8989,#6979,#6980);
#5843=AXIS2_PLACEMENT_3D('',#8992,#6982,#6983);
#5844=AXIS2_PLACEMENT_3D('',#8993,#6984,#6985);
#5845=AXIS2_PLACEMENT_3D('',#8995,#6986,#6987);
#5846=AXIS2_PLACEMENT_3D('',#8997,#6989,#6990);
#5847=AXIS2_PLACEMENT_3D('',#9001,#6993,#6994);
#5848=AXIS2_PLACEMENT_3D('',#9006,#6997,#6998);
#5849=AXIS2_PLACEMENT_3D('',#9007,#6999,#7000);
#5850=AXIS2_PLACEMENT_3D('',#9011,#7003,#7004);
#5851=AXIS2_PLACEMENT_3D('',#9012,#7005,#7006);
#5852=AXIS2_PLACEMENT_3D('',#9013,#7007,#7008);
#5853=AXIS2_PLACEMENT_3D('',#9014,#7009,#7010);
#5854=AXIS2_PLACEMENT_3D('',#9016,#7011,#7012);
#5855=AXIS2_PLACEMENT_3D('',#9018,#7013,#7014);
#5856=AXIS2_PLACEMENT_3D('',#9019,#7015,#7016);
#5857=AXIS2_PLACEMENT_3D('',#9020,#7017,#7018);
#5858=AXIS2_PLACEMENT_3D('',#9022,#7019,#7020);
#5859=AXIS2_PLACEMENT_3D('',#9023,#7021,#7022);
#5860=AXIS2_PLACEMENT_3D('',#9024,#7023,#7024);
#5861=AXIS2_PLACEMENT_3D('',#9026,#7025,#7026);
#5862=AXIS2_PLACEMENT_3D('',#9027,#7027,#7028);
#5863=AXIS2_PLACEMENT_3D('',#9028,#7029,#7030);
#5864=AXIS2_PLACEMENT_3D('',#9029,#7031,#7032);
#5865=AXIS2_PLACEMENT_3D('',#9030,#7033,#7034);
#5866=AXIS2_PLACEMENT_3D('',#9032,#7036,#7037);
#5867=AXIS2_PLACEMENT_3D('',#9033,#7038,#7039);
#5868=AXIS2_PLACEMENT_3D('',#9034,#7040,#7041);
#5869=AXIS2_PLACEMENT_3D('',#9035,#7042,#7043);
#5870=AXIS2_PLACEMENT_3D('',#9038,#7045,#7046);
#5871=AXIS2_PLACEMENT_3D('',#9039,#7047,#7048);
#5872=AXIS2_PLACEMENT_3D('',#9041,#7049,#7050);
#5873=AXIS2_PLACEMENT_3D('',#9042,#7051,#7052);
#5874=AXIS2_PLACEMENT_3D('',#9043,#7053,#7054);
#5875=AXIS2_PLACEMENT_3D('',#9045,#7055,#7056);
#5876=AXIS2_PLACEMENT_3D('',#9046,#7057,#7058);
#5877=AXIS2_PLACEMENT_3D('',#9047,#7059,#7060);
#5878=AXIS2_PLACEMENT_3D('',#9049,#7061,#7062);
#5879=AXIS2_PLACEMENT_3D('',#9050,#7063,#7064);
#5880=AXIS2_PLACEMENT_3D('',#9051,#7065,#7066);
#5881=AXIS2_PLACEMENT_3D('',#9052,#7067,#7068);
#5882=AXIS2_PLACEMENT_3D('',#9054,#7070,#7071);
#5883=AXIS2_PLACEMENT_3D('',#9055,#7072,#7073);
#5884=AXIS2_PLACEMENT_3D('',#9056,#7074,#7075);
#5885=AXIS2_PLACEMENT_3D('',#9058,#7076,#7077);
#5886=AXIS2_PLACEMENT_3D('',#9059,#7078,#7079);
#5887=AXIS2_PLACEMENT_3D('',#9060,#7080,#7081);
#5888=AXIS2_PLACEMENT_3D('',#9062,#7082,#7083);
#5889=AXIS2_PLACEMENT_3D('',#9065,#7085,#7086);
#5890=AXIS2_PLACEMENT_3D('',#9066,#7087,#7088);
#5891=AXIS2_PLACEMENT_3D('',#9068,#7089,#7090);
#5892=AXIS2_PLACEMENT_3D('',#9069,#7091,#7092);
#5893=AXIS2_PLACEMENT_3D('',#9070,#7093,#7094);
#5894=AXIS2_PLACEMENT_3D('',#9072,#7095,#7096);
#5895=AXIS2_PLACEMENT_3D('',#9073,#7097,#7098);
#5896=AXIS2_PLACEMENT_3D('',#9074,#7099,#7100);
#5897=AXIS2_PLACEMENT_3D('',#9076,#7101,#7102);
#5898=AXIS2_PLACEMENT_3D('',#9077,#7103,#7104);
#5899=AXIS2_PLACEMENT_3D('',#9078,#7105,#7106);
#5900=AXIS2_PLACEMENT_3D('',#9079,#7107,#7108);
#5901=AXIS2_PLACEMENT_3D('',#9080,#7109,#7110);
#5902=AXIS2_PLACEMENT_3D('',#9081,#7111,#7112);
#5903=AXIS2_PLACEMENT_3D('',#9084,#7114,#7115);
#5904=AXIS2_PLACEMENT_3D('',#9085,#7116,#7117);
#5905=AXIS2_PLACEMENT_3D('',#9086,#7118,#7119);
#5906=AXIS2_PLACEMENT_3D('',#9087,#7120,#7121);
#5907=AXIS2_PLACEMENT_3D('',#9088,#7122,#7123);
#5908=AXIS2_PLACEMENT_3D('',#9090,#7124,#7125);
#5909=AXIS2_PLACEMENT_3D('',#9092,#7126,#7127);
#5910=AXIS2_PLACEMENT_3D('',#9093,#7128,#7129);
#5911=AXIS2_PLACEMENT_3D('',#9094,#7130,#7131);
#5912=AXIS2_PLACEMENT_3D('',#9096,#7132,#7133);
#5913=AXIS2_PLACEMENT_3D('',#9099,#7135,#7136);
#5914=AXIS2_PLACEMENT_3D('',#9100,#7137,#7138);
#5915=AXIS2_PLACEMENT_3D('',#9102,#7139,#7140);
#5916=AXIS2_PLACEMENT_3D('',#9103,#7141,#7142);
#5917=AXIS2_PLACEMENT_3D('',#9104,#7143,#7144);
#5918=AXIS2_PLACEMENT_3D('',#9106,#7145,#7146);
#5919=AXIS2_PLACEMENT_3D('',#9107,#7147,#7148);
#5920=AXIS2_PLACEMENT_3D('',#9108,#7149,#7150);
#5921=AXIS2_PLACEMENT_3D('',#9110,#7151,#7152);
#5922=AXIS2_PLACEMENT_3D('',#9111,#7153,#7154);
#5923=AXIS2_PLACEMENT_3D('',#9112,#7155,#7156);
#5924=AXIS2_PLACEMENT_3D('',#9113,#7157,#7158);
#5925=AXIS2_PLACEMENT_3D('',#9114,#7159,#7160);
#5926=AXIS2_PLACEMENT_3D('',#9116,#7162,#7163);
#5927=AXIS2_PLACEMENT_3D('',#9117,#7164,#7165);
#5928=AXIS2_PLACEMENT_3D('',#9118,#7166,#7167);
#5929=AXIS2_PLACEMENT_3D('',#9121,#7169,#7170);
#5930=AXIS2_PLACEMENT_3D('',#9122,#7171,#7172);
#5931=AXIS2_PLACEMENT_3D('',#9124,#7173,#7174);
#5932=AXIS2_PLACEMENT_3D('',#9125,#7175,#7176);
#5933=AXIS2_PLACEMENT_3D('',#9126,#7177,#7178);
#5934=AXIS2_PLACEMENT_3D('',#9128,#7179,#7180);
#5935=AXIS2_PLACEMENT_3D('',#9129,#7181,#7182);
#5936=AXIS2_PLACEMENT_3D('',#9130,#7183,#7184);
#5937=AXIS2_PLACEMENT_3D('',#9132,#7185,#7186);
#5938=AXIS2_PLACEMENT_3D('',#9133,#7187,#7188);
#5939=AXIS2_PLACEMENT_3D('',#9134,#7189,#7190);
#5940=AXIS2_PLACEMENT_3D('',#9136,#7192,#7193);
#5941=AXIS2_PLACEMENT_3D('',#9137,#7194,#7195);
#5942=AXIS2_PLACEMENT_3D('',#9138,#7196,#7197);
#5943=AXIS2_PLACEMENT_3D('',#9140,#7198,#7199);
#5944=AXIS2_PLACEMENT_3D('',#9141,#7200,#7201);
#5945=AXIS2_PLACEMENT_3D('',#9142,#7202,#7203);
#5946=AXIS2_PLACEMENT_3D('',#9144,#7204,#7205);
#5947=AXIS2_PLACEMENT_3D('',#9147,#7207,#7208);
#5948=AXIS2_PLACEMENT_3D('',#9148,#7209,#7210);
#5949=AXIS2_PLACEMENT_3D('',#9150,#7211,#7212);
#5950=AXIS2_PLACEMENT_3D('',#9151,#7213,#7214);
#5951=AXIS2_PLACEMENT_3D('',#9152,#7215,#7216);
#5952=AXIS2_PLACEMENT_3D('',#9154,#7217,#7218);
#5953=AXIS2_PLACEMENT_3D('',#9155,#7219,#7220);
#5954=AXIS2_PLACEMENT_3D('',#9156,#7221,#7222);
#5955=AXIS2_PLACEMENT_3D('',#9158,#7223,#7224);
#5956=AXIS2_PLACEMENT_3D('',#9159,#7225,#7226);
#5957=AXIS2_PLACEMENT_3D('',#9160,#7227,#7228);
#5958=AXIS2_PLACEMENT_3D('',#9161,#7229,#7230);
#5959=AXIS2_PLACEMENT_3D('',#9162,#7231,#7232);
#5960=AXIS2_PLACEMENT_3D('',#9163,#7233,#7234);
#5961=AXIS2_PLACEMENT_3D('',#9166,#7236,#7237);
#5962=AXIS2_PLACEMENT_3D('',#9167,#7238,#7239);
#5963=AXIS2_PLACEMENT_3D('',#9168,#7240,#7241);
#5964=AXIS2_PLACEMENT_3D('',#9169,#7242,#7243);
#5965=AXIS2_PLACEMENT_3D('',#9170,#7244,#7245);
#5966=AXIS2_PLACEMENT_3D('',#9172,#7246,#7247);
#5967=AXIS2_PLACEMENT_3D('',#9174,#7248,#7249);
#5968=AXIS2_PLACEMENT_3D('',#9175,#7250,#7251);
#5969=AXIS2_PLACEMENT_3D('',#9176,#7252,#7253);
#5970=AXIS2_PLACEMENT_3D('',#9178,#7254,#7255);
#5971=AXIS2_PLACEMENT_3D('',#9180,#7257,#7258);
#5972=AXIS2_PLACEMENT_3D('',#9191,#7259,#7260);
#5973=AXIS2_PLACEMENT_3D('',#9212,#7261,#7262);
#5974=AXIS2_PLACEMENT_3D('',#9355,#7263,#7264);
#5975=AXIS2_PLACEMENT_3D('',#9356,#7265,#7266);
#5976=AXIS2_PLACEMENT_3D('',#9357,#7267,#7268);
#5977=AXIS2_PLACEMENT_3D('',#9358,#7269,#7270);
#5978=AXIS2_PLACEMENT_3D('',#9359,#7271,#7272);
#5979=AXIS2_PLACEMENT_3D('',#9360,#7273,#7274);
#5980=AXIS2_PLACEMENT_3D('',#9361,#7275,#7276);
#5981=AXIS2_PLACEMENT_3D('',#9362,#7277,#7278);
#5982=AXIS2_PLACEMENT_3D('',#9371,#7283,#7284);
#5983=AXIS2_PLACEMENT_3D('',#9376,#7287,#7288);
#5984=AXIS2_PLACEMENT_3D('',#9377,#7289,#7290);
#5985=AXIS2_PLACEMENT_3D('',#9383,#7294,#7295);
#5986=AXIS2_PLACEMENT_3D('',#9392,#7300,#7301);
#5987=AXIS2_PLACEMENT_3D('',#9401,#7306,#7307);
#5988=AXIS2_PLACEMENT_3D('',#9402,#7308,#7309);
#5989=AXIS2_PLACEMENT_3D('',#9404,#7311,#7312);
#5990=AXIS2_PLACEMENT_3D('',#9406,#7313,#7314);
#5991=AXIS2_PLACEMENT_3D('',#9407,#7315,#7316);
#5992=AXIS2_PLACEMENT_3D('',#9408,#7317,#7318);
#5993=AXIS2_PLACEMENT_3D('',#9482,#7320,#7321);
#5994=AXIS2_PLACEMENT_3D('',#9483,#7322,#7323);
#5995=AXIS2_PLACEMENT_3D('',#9484,#7324,#7325);
#5996=AXIS2_PLACEMENT_3D('',#9486,#7326,#7327);
#5997=AXIS2_PLACEMENT_3D('',#9488,#7329,#7330);
#5998=AXIS2_PLACEMENT_3D('',#9491,#7331,#7332);
#5999=AXIS2_PLACEMENT_3D('',#9495,#7334,#7335);
#6000=AXIS2_PLACEMENT_3D('',#9497,#7336,#7337);
#6001=AXIS2_PLACEMENT_3D('',#9499,#7339,#7340);
#6002=AXIS2_PLACEMENT_3D('',#9502,#7341,#7342);
#6003=AXIS2_PLACEMENT_3D('',#9506,#7344,#7345);
#6004=AXIS2_PLACEMENT_3D('',#9508,#7346,#7347);
#6005=AXIS2_PLACEMENT_3D('',#9510,#7349,#7350);
#6006=AXIS2_PLACEMENT_3D('',#9513,#7351,#7352);
#6007=AXIS2_PLACEMENT_3D('',#9528,#7354,#7355);
#6008=AXIS2_PLACEMENT_3D('',#9543,#7357,#7358);
#6009=AXIS2_PLACEMENT_3D('',#9558,#7360,#7361);
#6010=AXIS2_PLACEMENT_3D('',#9562,#7364,#7365);
#6011=AXIS2_PLACEMENT_3D('',#9577,#7367,#7368);
#6012=AXIS2_PLACEMENT_3D('',#9592,#7370,#7371);
#6013=AXIS2_PLACEMENT_3D('',#9605,#7373,#7374);
#6014=AXIS2_PLACEMENT_3D('',#9606,#7375,#7376);
#6015=AXIS2_PLACEMENT_3D('',#9610,#7378,#7379);
#6016=AXIS2_PLACEMENT_3D('',#9615,#7382,#7383);
#6017=AXIS2_PLACEMENT_3D('',#9617,#7385,#7386);
#6018=AXIS2_PLACEMENT_3D('',#9621,#7389,#7390);
#6019=AXIS2_PLACEMENT_3D('',#9624,#7392,#7393);
#6020=AXIS2_PLACEMENT_3D('',#9625,#7394,#7395);
#6021=AXIS2_PLACEMENT_3D('',#9629,#7397,#7398);
#6022=AXIS2_PLACEMENT_3D('',#9633,#7400,#7401);
#6023=AXIS2_PLACEMENT_3D('',#9635,#7402,#7403);
#6024=AXIS2_PLACEMENT_3D('',#9637,#7404,#7405);
#6025=AXIS2_PLACEMENT_3D('',#9641,#7407,#7408);
#6026=AXIS2_PLACEMENT_3D('',#9646,#7411,#7412);
#6027=AXIS2_PLACEMENT_3D('',#9650,#7414,#7415);
#6028=AXIS2_PLACEMENT_3D('',#9652,#7416,#7417);
#6029=AXIS2_PLACEMENT_3D('',#9654,#7418,#7419);
#6030=AXIS2_PLACEMENT_3D('',#9656,#7420,#7421);
#6031=AXIS2_PLACEMENT_3D('',#9658,#7422,#7423);
#6032=AXIS2_PLACEMENT_3D('',#9661,#7425,#7426);
#6033=AXIS2_PLACEMENT_3D('',#9665,#7428,#7429);
#6034=AXIS2_PLACEMENT_3D('',#9669,#7431,#7432);
#6035=AXIS2_PLACEMENT_3D('',#9671,#7433,#7434);
#6036=AXIS2_PLACEMENT_3D('',#9673,#7435,#7436);
#6037=AXIS2_PLACEMENT_3D('',#9677,#7438,#7439);
#6038=AXIS2_PLACEMENT_3D('',#9679,#7441,#7442);
#6039=AXIS2_PLACEMENT_3D('',#9681,#7443,#7444);
#6040=AXIS2_PLACEMENT_3D('',#9683,#7446,#7447);
#6041=AXIS2_PLACEMENT_3D('',#9687,#7450,#7451);
#6042=AXIS2_PLACEMENT_3D('',#9690,#7452,#7453);
#6043=AXIS2_PLACEMENT_3D('',#9692,#7454,#7455);
#6044=AXIS2_PLACEMENT_3D('',#9694,#7456,#7457);
#6045=AXIS2_PLACEMENT_3D('',#9697,#7459,#7460);
#6046=AXIS2_PLACEMENT_3D('',#9701,#7462,#7463);
#6047=AXIS2_PLACEMENT_3D('',#9703,#7465,#7466);
#6048=AXIS2_PLACEMENT_3D('',#9707,#7469,#7470);
#6049=AXIS2_PLACEMENT_3D('',#9708,#7471,#7472);
#6050=AXIS2_PLACEMENT_3D('',#9709,#7473,#7474);
#6051=AXIS2_PLACEMENT_3D('',#9711,#7475,#7476);
#6052=AXIS2_PLACEMENT_3D('',#9713,#7478,#7479);
#6053=AXIS2_PLACEMENT_3D('',#9717,#7482,#7483);
#6054=AXIS2_PLACEMENT_3D('',#9720,#7484,#7485);
#6055=AXIS2_PLACEMENT_3D('',#9722,#7486,#7487);
#6056=AXIS2_PLACEMENT_3D('',#9724,#7488,#7489);
#6057=AXIS2_PLACEMENT_3D('',#9727,#7491,#7492);
#6058=AXIS2_PLACEMENT_3D('',#9731,#7494,#7495);
#6059=AXIS2_PLACEMENT_3D('',#9733,#7497,#7498);
#6060=AXIS2_PLACEMENT_3D('',#9737,#7501,#7502);
#6061=AXIS2_PLACEMENT_3D('',#9738,#7503,#7504);
#6062=AXIS2_PLACEMENT_3D('',#9739,#7505,#7506);
#6063=AXIS2_PLACEMENT_3D('',#9741,#7507,#7508);
#6064=AXIS2_PLACEMENT_3D('',#9743,#7510,#7511);
#6065=AXIS2_PLACEMENT_3D('',#9745,#7513,#7514);
#6066=AXIS2_PLACEMENT_3D('',#9749,#7517,#7518);
#6067=AXIS2_PLACEMENT_3D('',#9750,#7519,#7520);
#6068=AXIS2_PLACEMENT_3D('',#9751,#7521,#7522);
#6069=AXIS2_PLACEMENT_3D('',#9755,#7525,#7526);
#6070=AXIS2_PLACEMENT_3D('',#9756,#7527,#7528);
#6071=AXIS2_PLACEMENT_3D('',#9757,#7529,#7530);
#6072=AXIS2_PLACEMENT_3D('',#9758,#7531,#7532);
#6073=AXIS2_PLACEMENT_3D('',#9759,#7533,#7534);
#6074=AXIS2_PLACEMENT_3D('',#9761,#7535,#7536);
#6075=AXIS2_PLACEMENT_3D('',#9762,#7537,#7538);
#6076=AXIS2_PLACEMENT_3D('',#9763,#7539,#7540);
#6077=AXIS2_PLACEMENT_3D('',#9765,#7541,#7542);
#6078=AXIS2_PLACEMENT_3D('',#9767,#7544,#7545);
#6079=AXIS2_PLACEMENT_3D('',#9769,#7546,#7547);
#6080=AXIS2_PLACEMENT_3D('',#9770,#7548,#7549);
#6081=AXIS2_PLACEMENT_3D('',#9771,#7550,#7551);
#6082=AXIS2_PLACEMENT_3D('',#9773,#7552,#7553);
#6083=AXIS2_PLACEMENT_3D('',#9774,#7554,#7555);
#6084=AXIS2_PLACEMENT_3D('',#9775,#7556,#7557);
#6085=AXIS2_PLACEMENT_3D('',#9777,#7558,#7559);
#6086=AXIS2_PLACEMENT_3D('',#9778,#7560,#7561);
#6087=AXIS2_PLACEMENT_3D('',#9779,#7562,#7563);
#6088=AXIS2_PLACEMENT_3D('',#9781,#7564,#7565);
#6089=AXIS2_PLACEMENT_3D('',#9783,#7567,#7568);
#6090=AXIS2_PLACEMENT_3D('',#9784,#7569,#7570);
#6091=AXIS2_PLACEMENT_3D('',#9785,#7571,#7572);
#6092=AXIS2_PLACEMENT_3D('',#9786,#7573,#7574);
#6093=AXIS2_PLACEMENT_3D('',#9787,#7575,#7576);
#6094=AXIS2_PLACEMENT_3D('',#9788,#7577,#7578);
#6095=AXIS2_PLACEMENT_3D('',#9789,#7579,#7580);
#6096=AXIS2_PLACEMENT_3D('',#9818,#7581,#7582);
#6097=AXIS2_PLACEMENT_3D('',#9868,#7583,#7584);
#6098=AXIS2_PLACEMENT_3D('',#9869,#7585,#7586);
#6099=AXIS2_PLACEMENT_3D('',#9870,#7587,#7588);
#6100=AXIS2_PLACEMENT_3D('',#9899,#7589,#7590);
#6101=AXIS2_PLACEMENT_3D('',#9928,#7591,#7592);
#6102=AXIS2_PLACEMENT_3D('',#9929,#7593,#7594);
#6103=AXIS2_PLACEMENT_3D('',#9930,#7595,#7596);
#6104=AXIS2_PLACEMENT_3D('',#9932,#7597,#7598);
#6105=AXIS2_PLACEMENT_3D('',#9933,#7599,#7600);
#6106=AXIS2_PLACEMENT_3D('',#9934,#7601,#7602);
#6107=AXIS2_PLACEMENT_3D('',#9936,#7603,#7604);
#6108=AXIS2_PLACEMENT_3D('',#9938,#7606,#7607);
#6109=AXIS2_PLACEMENT_3D('',#9940,#7608,#7609);
#6110=AXIS2_PLACEMENT_3D('',#9941,#7610,#7611);
#6111=AXIS2_PLACEMENT_3D('',#9942,#7612,#7613);
#6112=AXIS2_PLACEMENT_3D('',#9944,#7614,#7615);
#6113=AXIS2_PLACEMENT_3D('',#9945,#7616,#7617);
#6114=AXIS2_PLACEMENT_3D('',#9946,#7618,#7619);
#6115=AXIS2_PLACEMENT_3D('',#9948,#7620,#7621);
#6116=AXIS2_PLACEMENT_3D('',#9949,#7622,#7623);
#6117=AXIS2_PLACEMENT_3D('',#9950,#7624,#7625);
#6118=AXIS2_PLACEMENT_3D('',#9952,#7626,#7627);
#6119=AXIS2_PLACEMENT_3D('',#9954,#7629,#7630);
#6120=AXIS2_PLACEMENT_3D('',#9955,#7631,#7632);
#6121=AXIS2_PLACEMENT_3D('',#9956,#7633,#7634);
#6122=AXIS2_PLACEMENT_3D('',#9958,#7636,#7637);
#6123=AXIS2_PLACEMENT_3D('',#9961,#7640,#7641);
#6124=AXIS2_PLACEMENT_3D('',#9964,#7644,#7645);
#6125=AXIS2_PLACEMENT_3D('',#9966,#7647,#7648);
#6126=AXIS2_PLACEMENT_3D('',#9967,#7649,#7650);
#6127=AXIS2_PLACEMENT_3D('',#9969,#7652,#7653);
#6128=AXIS2_PLACEMENT_3D('',#9972,#7656,#7657);
#6129=AXIS2_PLACEMENT_3D('',#9975,#7660,#7661);
#6130=AXIS2_PLACEMENT_3D('',#9977,#7663,#7664);
#6131=AXIS2_PLACEMENT_3D('',#9978,#7665,#7666);
#6132=AXIS2_PLACEMENT_3D('',#9979,#7667,#7668);
#6133=AXIS2_PLACEMENT_3D('',#9980,#7669,#7670);
#6134=AXIS2_PLACEMENT_3D('',#9981,#7671,#7672);
#6135=AXIS2_PLACEMENT_3D('',#9982,#7673,#7674);
#6136=AXIS2_PLACEMENT_3D('',#9983,#7675,#7676);
#6137=AXIS2_PLACEMENT_3D('',#9985,#7677,#7678);
#6138=AXIS2_PLACEMENT_3D('',#9988,#7680,#7681);
#6139=AXIS2_PLACEMENT_3D('',#9989,#7682,#7683);
#6140=AXIS2_PLACEMENT_3D('',#9992,#7684,#7685);
#6141=AXIS2_PLACEMENT_3D('',#9993,#7686,#7687);
#6142=AXIS2_PLACEMENT_3D('',#9996,#7689,#7690);
#6143=AXIS2_PLACEMENT_3D('',#9997,#7691,#7692);
#6144=AXIS2_PLACEMENT_3D('',#9999,#7694,#7695);
#6145=AXIS2_PLACEMENT_3D('',#10000,#7696,#7697);
#6146=AXIS2_PLACEMENT_3D('',#10003,#7698,#7699);
#6147=AXIS2_PLACEMENT_3D('',#10005,#7700,#7701);
#6148=AXIS2_PLACEMENT_3D('',#10007,#7702,#7703);
#6149=AXIS2_PLACEMENT_3D('',#10009,#7704,#7705);
#6150=AXIS2_PLACEMENT_3D('',#10011,#7706,#7707);
#6151=AXIS2_PLACEMENT_3D('',#10012,#7708,#7709);
#6152=AXIS2_PLACEMENT_3D('',#10013,#7710,#7711);
#6153=AXIS2_PLACEMENT_3D('',#10017,#7712,#7713);
#6154=AXIS2_PLACEMENT_3D('',#10021,#7714,#7715);
#6155=AXIS2_PLACEMENT_3D('',#10025,#7716,#7717);
#6156=AXIS2_PLACEMENT_3D('',#10029,#7718,#7719);
#6157=AXIS2_PLACEMENT_3D('',#10033,#7720,#7721);
#6158=AXIS2_PLACEMENT_3D('',#10037,#7722,#7723);
#6159=AXIS2_PLACEMENT_3D('',#10050,#7730,#7731);
#6160=AXIS2_PLACEMENT_3D('',#10053,#7734,#7735);
#6161=AXIS2_PLACEMENT_3D('',#10055,#7737,#7738);
#6162=AXIS2_PLACEMENT_3D('',#10057,#7740,#7741);
#6163=AXIS2_PLACEMENT_3D('',#10059,#7743,#7744);
#6164=AXIS2_PLACEMENT_3D('',#10061,#7746,#7747);
#6165=AXIS2_PLACEMENT_3D('',#10062,#7748,#7749);
#6166=AXIS2_PLACEMENT_3D('',#10063,#7750,#7751);
#6167=AXIS2_PLACEMENT_3D('',#10064,#7752,#7753);
#6168=AXIS2_PLACEMENT_3D('',#10065,#7754,#7755);
#6169=AXIS2_PLACEMENT_3D('',#10121,#7758,#7759);
#6170=AXIS2_PLACEMENT_3D('',#10142,#7762,#7763);
#6171=AXIS2_PLACEMENT_3D('',#10153,#7765,#7766);
#6172=AXIS2_PLACEMENT_3D('',#10155,#7767,#7768);
#6173=AXIS2_PLACEMENT_3D('',#10158,#7770,#7771);
#6174=AXIS2_PLACEMENT_3D('',#10159,#7772,#7773);
#6175=AXIS2_PLACEMENT_3D('',#10162,#7774,#7775);
#6176=AXIS2_PLACEMENT_3D('',#10166,#7777,#7778);
#6177=AXIS2_PLACEMENT_3D('',#10168,#7779,#7780);
#6178=AXIS2_PLACEMENT_3D('',#10170,#7782,#7783);
#6179=AXIS2_PLACEMENT_3D('',#10173,#7784,#7785);
#6180=AXIS2_PLACEMENT_3D('',#10177,#7787,#7788);
#6181=AXIS2_PLACEMENT_3D('',#10179,#7789,#7790);
#6182=AXIS2_PLACEMENT_3D('',#10181,#7792,#7793);
#6183=AXIS2_PLACEMENT_3D('',#10184,#7794,#7795);
#6184=AXIS2_PLACEMENT_3D('',#10189,#7798,#7799);
#6185=AXIS2_PLACEMENT_3D('',#10192,#7802,#7803);
#6186=AXIS2_PLACEMENT_3D('',#10195,#7804,#7805);
#6187=AXIS2_PLACEMENT_3D('',#10210,#7807,#7808);
#6188=AXIS2_PLACEMENT_3D('',#10225,#7810,#7811);
#6189=AXIS2_PLACEMENT_3D('',#10240,#7813,#7814);
#6190=AXIS2_PLACEMENT_3D('',#10244,#7817,#7818);
#6191=AXIS2_PLACEMENT_3D('',#10259,#7820,#7821);
#6192=AXIS2_PLACEMENT_3D('',#10274,#7823,#7824);
#6193=AXIS2_PLACEMENT_3D('',#10287,#7826,#7827);
#6194=AXIS2_PLACEMENT_3D('',#10295,#7830,#7831);
#6195=AXIS2_PLACEMENT_3D('',#10299,#7834,#7835);
#6196=AXIS2_PLACEMENT_3D('',#10303,#7838,#7839);
#6197=AXIS2_PLACEMENT_3D('',#10305,#7841,#7842);
#6198=AXIS2_PLACEMENT_3D('',#10313,#7845,#7846);
#6199=AXIS2_PLACEMENT_3D('',#10314,#7847,#7848);
#6200=AXIS2_PLACEMENT_3D('',#10318,#7850,#7851);
#6201=AXIS2_PLACEMENT_3D('',#10323,#7854,#7855);
#6202=AXIS2_PLACEMENT_3D('',#10325,#7857,#7858);
#6203=AXIS2_PLACEMENT_3D('',#10329,#7861,#7862);
#6204=AXIS2_PLACEMENT_3D('',#10332,#7864,#7865);
#6205=AXIS2_PLACEMENT_3D('',#10333,#7866,#7867);
#6206=AXIS2_PLACEMENT_3D('',#10337,#7869,#7870);
#6207=AXIS2_PLACEMENT_3D('',#10341,#7872,#7873);
#6208=AXIS2_PLACEMENT_3D('',#10343,#7874,#7875);
#6209=AXIS2_PLACEMENT_3D('',#10345,#7876,#7877);
#6210=AXIS2_PLACEMENT_3D('',#10349,#7879,#7880);
#6211=AXIS2_PLACEMENT_3D('',#10354,#7883,#7884);
#6212=AXIS2_PLACEMENT_3D('',#10358,#7886,#7887);
#6213=AXIS2_PLACEMENT_3D('',#10360,#7888,#7889);
#6214=AXIS2_PLACEMENT_3D('',#10362,#7890,#7891);
#6215=AXIS2_PLACEMENT_3D('',#10364,#7892,#7893);
#6216=AXIS2_PLACEMENT_3D('',#10366,#7894,#7895);
#6217=AXIS2_PLACEMENT_3D('',#10369,#7897,#7898);
#6218=AXIS2_PLACEMENT_3D('',#10373,#7900,#7901);
#6219=AXIS2_PLACEMENT_3D('',#10377,#7903,#7904);
#6220=AXIS2_PLACEMENT_3D('',#10379,#7905,#7906);
#6221=AXIS2_PLACEMENT_3D('',#10381,#7907,#7908);
#6222=AXIS2_PLACEMENT_3D('',#10385,#7910,#7911);
#6223=AXIS2_PLACEMENT_3D('',#10387,#7913,#7914);
#6224=AXIS2_PLACEMENT_3D('',#10389,#7915,#7916);
#6225=AXIS2_PLACEMENT_3D('',#10391,#7918,#7919);
#6226=AXIS2_PLACEMENT_3D('',#10395,#7922,#7923);
#6227=AXIS2_PLACEMENT_3D('',#10398,#7924,#7925);
#6228=AXIS2_PLACEMENT_3D('',#10400,#7926,#7927);
#6229=AXIS2_PLACEMENT_3D('',#10402,#7928,#7929);
#6230=AXIS2_PLACEMENT_3D('',#10405,#7931,#7932);
#6231=AXIS2_PLACEMENT_3D('',#10409,#7934,#7935);
#6232=AXIS2_PLACEMENT_3D('',#10411,#7937,#7938);
#6233=AXIS2_PLACEMENT_3D('',#10415,#7941,#7942);
#6234=AXIS2_PLACEMENT_3D('',#10416,#7943,#7944);
#6235=AXIS2_PLACEMENT_3D('',#10417,#7945,#7946);
#6236=AXIS2_PLACEMENT_3D('',#10419,#7947,#7948);
#6237=AXIS2_PLACEMENT_3D('',#10421,#7950,#7951);
#6238=AXIS2_PLACEMENT_3D('',#10425,#7954,#7955);
#6239=AXIS2_PLACEMENT_3D('',#10428,#7956,#7957);
#6240=AXIS2_PLACEMENT_3D('',#10430,#7958,#7959);
#6241=AXIS2_PLACEMENT_3D('',#10432,#7960,#7961);
#6242=AXIS2_PLACEMENT_3D('',#10435,#7963,#7964);
#6243=AXIS2_PLACEMENT_3D('',#10439,#7966,#7967);
#6244=AXIS2_PLACEMENT_3D('',#10441,#7969,#7970);
#6245=AXIS2_PLACEMENT_3D('',#10445,#7973,#7974);
#6246=AXIS2_PLACEMENT_3D('',#10446,#7975,#7976);
#6247=AXIS2_PLACEMENT_3D('',#10447,#7977,#7978);
#6248=AXIS2_PLACEMENT_3D('',#10449,#7979,#7980);
#6249=AXIS2_PLACEMENT_3D('',#10451,#7982,#7983);
#6250=AXIS2_PLACEMENT_3D('',#10453,#7985,#7986);
#6251=AXIS2_PLACEMENT_3D('',#10457,#7989,#7990);
#6252=AXIS2_PLACEMENT_3D('',#10458,#7991,#7992);
#6253=AXIS2_PLACEMENT_3D('',#10459,#7993,#7994);
#6254=AXIS2_PLACEMENT_3D('',#10463,#7997,#7998);
#6255=AXIS2_PLACEMENT_3D('',#10464,#7999,#8000);
#6256=AXIS2_PLACEMENT_3D('',#10465,#8001,#8002);
#6257=AXIS2_PLACEMENT_3D('',#10466,#8003,#8004);
#6258=AXIS2_PLACEMENT_3D('',#10467,#8005,#8006);
#6259=AXIS2_PLACEMENT_3D('',#10469,#8007,#8008);
#6260=AXIS2_PLACEMENT_3D('',#10470,#8009,#8010);
#6261=AXIS2_PLACEMENT_3D('',#10471,#8011,#8012);
#6262=AXIS2_PLACEMENT_3D('',#10473,#8013,#8014);
#6263=AXIS2_PLACEMENT_3D('',#10475,#8016,#8017);
#6264=AXIS2_PLACEMENT_3D('',#10477,#8018,#8019);
#6265=AXIS2_PLACEMENT_3D('',#10478,#8020,#8021);
#6266=AXIS2_PLACEMENT_3D('',#10479,#8022,#8023);
#6267=AXIS2_PLACEMENT_3D('',#10481,#8024,#8025);
#6268=AXIS2_PLACEMENT_3D('',#10482,#8026,#8027);
#6269=AXIS2_PLACEMENT_3D('',#10483,#8028,#8029);
#6270=AXIS2_PLACEMENT_3D('',#10485,#8030,#8031);
#6271=AXIS2_PLACEMENT_3D('',#10486,#8032,#8033);
#6272=AXIS2_PLACEMENT_3D('',#10487,#8034,#8035);
#6273=AXIS2_PLACEMENT_3D('',#10489,#8036,#8037);
#6274=AXIS2_PLACEMENT_3D('',#10491,#8039,#8040);
#6275=AXIS2_PLACEMENT_3D('',#10492,#8041,#8042);
#6276=AXIS2_PLACEMENT_3D('',#10493,#8043,#8044);
#6277=AXIS2_PLACEMENT_3D('',#10494,#8045,#8046);
#6278=AXIS2_PLACEMENT_3D('',#10495,#8047,#8048);
#6279=AXIS2_PLACEMENT_3D('',#10496,#8049,#8050);
#6280=AXIS2_PLACEMENT_3D('',#10497,#8051,#8052);
#6281=AXIS2_PLACEMENT_3D('',#10526,#8053,#8054);
#6282=AXIS2_PLACEMENT_3D('',#10576,#8055,#8056);
#6283=AXIS2_PLACEMENT_3D('',#10577,#8057,#8058);
#6284=AXIS2_PLACEMENT_3D('',#10578,#8059,#8060);
#6285=AXIS2_PLACEMENT_3D('',#10607,#8061,#8062);
#6286=AXIS2_PLACEMENT_3D('',#10636,#8063,#8064);
#6287=AXIS2_PLACEMENT_3D('',#10637,#8065,#8066);
#6288=AXIS2_PLACEMENT_3D('',#10638,#8067,#8068);
#6289=AXIS2_PLACEMENT_3D('',#10640,#8069,#8070);
#6290=AXIS2_PLACEMENT_3D('',#10641,#8071,#8072);
#6291=AXIS2_PLACEMENT_3D('',#10642,#8073,#8074);
#6292=AXIS2_PLACEMENT_3D('',#10644,#8075,#8076);
#6293=AXIS2_PLACEMENT_3D('',#10646,#8078,#8079);
#6294=AXIS2_PLACEMENT_3D('',#10648,#8080,#8081);
#6295=AXIS2_PLACEMENT_3D('',#10649,#8082,#8083);
#6296=AXIS2_PLACEMENT_3D('',#10650,#8084,#8085);
#6297=AXIS2_PLACEMENT_3D('',#10652,#8086,#8087);
#6298=AXIS2_PLACEMENT_3D('',#10653,#8088,#8089);
#6299=AXIS2_PLACEMENT_3D('',#10654,#8090,#8091);
#6300=AXIS2_PLACEMENT_3D('',#10656,#8092,#8093);
#6301=AXIS2_PLACEMENT_3D('',#10657,#8094,#8095);
#6302=AXIS2_PLACEMENT_3D('',#10658,#8096,#8097);
#6303=AXIS2_PLACEMENT_3D('',#10660,#8098,#8099);
#6304=AXIS2_PLACEMENT_3D('',#10662,#8101,#8102);
#6305=AXIS2_PLACEMENT_3D('',#10663,#8103,#8104);
#6306=AXIS2_PLACEMENT_3D('',#10664,#8105,#8106);
#6307=AXIS2_PLACEMENT_3D('',#10666,#8108,#8109);
#6308=AXIS2_PLACEMENT_3D('',#10669,#8112,#8113);
#6309=AXIS2_PLACEMENT_3D('',#10672,#8116,#8117);
#6310=AXIS2_PLACEMENT_3D('',#10674,#8119,#8120);
#6311=AXIS2_PLACEMENT_3D('',#10675,#8121,#8122);
#6312=AXIS2_PLACEMENT_3D('',#10676,#8123,#8124);
#6313=AXIS2_PLACEMENT_3D('',#10678,#8126,#8127);
#6314=AXIS2_PLACEMENT_3D('',#10680,#8129,#8130);
#6315=AXIS2_PLACEMENT_3D('',#10683,#8133,#8134);
#6316=AXIS2_PLACEMENT_3D('',#10686,#8137,#8138);
#6317=AXIS2_PLACEMENT_3D('',#10688,#8140,#8141);
#6318=AXIS2_PLACEMENT_3D('',#10689,#8142,#8143);
#6319=AXIS2_PLACEMENT_3D('',#10690,#8144,#8145);
#6320=AXIS2_PLACEMENT_3D('',#10691,#8146,#8147);
#6321=AXIS2_PLACEMENT_3D('',#10692,#8148,#8149);
#6322=AXIS2_PLACEMENT_3D('',#10693,#8150,#8151);
#6323=AXIS2_PLACEMENT_3D('',#10694,#8152,#8153);
#6324=AXIS2_PLACEMENT_3D('',#10695,#8154,#8155);
#6325=AXIS2_PLACEMENT_3D('',#10696,#8156,#8157);
#6326=AXIS2_PLACEMENT_3D('',#10698,#8158,#8159);
#6327=AXIS2_PLACEMENT_3D('',#10701,#8161,#8162);
#6328=AXIS2_PLACEMENT_3D('',#10702,#8163,#8164);
#6329=AXIS2_PLACEMENT_3D('',#10705,#8165,#8166);
#6330=AXIS2_PLACEMENT_3D('',#10706,#8167,#8168);
#6331=AXIS2_PLACEMENT_3D('',#10709,#8170,#8171);
#6332=AXIS2_PLACEMENT_3D('',#10710,#8172,#8173);
#6333=AXIS2_PLACEMENT_3D('',#10712,#8175,#8176);
#6334=AXIS2_PLACEMENT_3D('',#10713,#8177,#8178);
#6335=AXIS2_PLACEMENT_3D('',#10716,#8179,#8180);
#6336=AXIS2_PLACEMENT_3D('',#10718,#8181,#8182);
#6337=AXIS2_PLACEMENT_3D('',#10720,#8183,#8184);
#6338=AXIS2_PLACEMENT_3D('',#10722,#8185,#8186);
#6339=AXIS2_PLACEMENT_3D('',#10724,#8187,#8188);
#6340=AXIS2_PLACEMENT_3D('',#10725,#8189,#8190);
#6341=AXIS2_PLACEMENT_3D('',#10726,#8191,#8192);
#6342=AXIS2_PLACEMENT_3D('',#10730,#8193,#8194);
#6343=AXIS2_PLACEMENT_3D('',#10734,#8195,#8196);
#6344=AXIS2_PLACEMENT_3D('',#10738,#8197,#8198);
#6345=AXIS2_PLACEMENT_3D('',#10742,#8199,#8200);
#6346=AXIS2_PLACEMENT_3D('',#10746,#8201,#8202);
#6347=AXIS2_PLACEMENT_3D('',#10750,#8203,#8204);
#6348=AXIS2_PLACEMENT_3D('',#10763,#8211,#8212);
#6349=AXIS2_PLACEMENT_3D('',#10766,#8215,#8216);
#6350=AXIS2_PLACEMENT_3D('',#10768,#8218,#8219);
#6351=AXIS2_PLACEMENT_3D('',#10770,#8221,#8222);
#6352=AXIS2_PLACEMENT_3D('',#10772,#8224,#8225);
#6353=AXIS2_PLACEMENT_3D('',#10774,#8227,#8228);
#6354=AXIS2_PLACEMENT_3D('',#10775,#8229,#8230);
#6355=AXIS2_PLACEMENT_3D('',#10776,#8231,#8232);
#6356=AXIS2_PLACEMENT_3D('',#10777,#8233,#8234);
#6357=AXIS2_PLACEMENT_3D('',#10778,#8235,#8236);
#6358=DIRECTION('axis',(0.,0.,1.));
#6359=DIRECTION('refdir',(1.,0.,0.));
#6360=DIRECTION('axis',(0.,0.,1.));
#6361=DIRECTION('refdir',(1.,0.,0.));
#6362=DIRECTION('axis',(0.,0.,1.));
#6363=DIRECTION('refdir',(1.,0.,0.));
#6364=DIRECTION('center_axis',(0.,0.,1.));
#6365=DIRECTION('ref_axis',(0.500000000000017,0.866025403784429,0.));
#6366=DIRECTION('center_axis',(0.,0.,-1.));
#6367=DIRECTION('ref_axis',(0.500000000000017,0.866025403784429,0.));
#6368=DIRECTION('',(0.,0.,-1.));
#6369=DIRECTION('center_axis',(0.,0.,1.));
#6370=DIRECTION('ref_axis',(0.500000000000017,0.866025403784429,0.));
#6371=DIRECTION('center_axis',(0.,0.,1.));
#6372=DIRECTION('ref_axis',(0.500000000000017,0.866025403784429,0.));
#6373=DIRECTION('center_axis',(0.,0.,-1.));
#6374=DIRECTION('ref_axis',(0.500000000000017,0.866025403784429,0.));
#6375=DIRECTION('',(0.,0.,-1.));
#6376=DIRECTION('center_axis',(0.,0.,1.));
#6377=DIRECTION('ref_axis',(0.500000000000017,0.866025403784429,0.));
#6378=DIRECTION('center_axis',(0.,0.,1.));
#6379=DIRECTION('ref_axis',(0.500000000000017,0.866025403784429,0.));
#6380=DIRECTION('center_axis',(0.,0.,-1.));
#6381=DIRECTION('ref_axis',(0.500000000000017,0.866025403784429,0.));
#6382=DIRECTION('',(0.,0.,-1.));
#6383=DIRECTION('center_axis',(0.,0.,1.));
#6384=DIRECTION('ref_axis',(0.500000000000017,0.866025403784429,0.));
#6385=DIRECTION('center_axis',(0.,0.,1.));
#6386=DIRECTION('ref_axis',(0.500000000000017,0.866025403784429,0.));
#6387=DIRECTION('',(0.353548700398115,0.612364312039455,-0.707116161452451));
#6388=DIRECTION('center_axis',(0.,0.,1.));
#6389=DIRECTION('ref_axis',(0.500000000000017,0.866025403784429,0.));
#6390=DIRECTION('center_axis',(0.,0.,1.));
#6391=DIRECTION('ref_axis',(0.500000000000017,0.866025403784429,0.));
#6392=DIRECTION('',(0.353548700398113,0.612364312039452,-0.707116161452455));
#6393=DIRECTION('center_axis',(0.,0.,1.));
#6394=DIRECTION('ref_axis',(0.500000000000017,0.866025403784429,0.));
#6395=DIRECTION('center_axis',(0.,0.,1.));
#6396=DIRECTION('ref_axis',(0.500000000000017,0.866025403784429,0.));
#6397=DIRECTION('',(0.353548700398114,0.612364312039454,-0.707116161452453));
#6398=DIRECTION('center_axis',(0.,0.,1.));
#6399=DIRECTION('ref_axis',(0.500000000000017,0.866025403784429,0.));
#6400=DIRECTION('center_axis',(0.,0.,1.));
#6401=DIRECTION('ref_axis',(0.500000000000017,0.866025403784429,0.));
#6402=DIRECTION('center_axis',(0.,0.,-1.));
#6403=DIRECTION('ref_axis',(0.420690680896432,0.90720413965485,0.));
#6404=DIRECTION('',(0.,0.,1.));
#6405=DIRECTION('center_axis',(0.,0.,-1.));
#6406=DIRECTION('ref_axis',(0.500000000000017,0.866025403784429,0.));
#6407=DIRECTION('',(0.,0.,-1.));
#6408=DIRECTION('center_axis',(0.,0.,1.));
#6409=DIRECTION('ref_axis',(0.500000000000017,0.866025403784429,0.));
#6410=DIRECTION('center_axis',(0.,0.,1.));
#6411=DIRECTION('ref_axis',(0.997904357175913,-0.0647062124477105,0.));
#6412=DIRECTION('',(0.,0.,-1.));
#6413=DIRECTION('center_axis',(0.,0.,-1.));
#6414=DIRECTION('ref_axis',(0.500000000000053,0.866025403784408,0.));
#6415=DIRECTION('',(0.,0.,1.));
#6416=DIRECTION('center_axis',(0.,0.,1.));
#6417=DIRECTION('ref_axis',(0.500000000000017,0.866025403784429,0.));
#6418=DIRECTION('center_axis',(0.,0.,1.));
#6419=DIRECTION('ref_axis',(0.614815605847596,0.788670888778237,0.));
#6420=DIRECTION('',(0.,0.,-1.));
#6421=DIRECTION('center_axis',(0.,0.,-1.));
#6422=DIRECTION('ref_axis',(0.500000000000016,0.866025403784429,0.));
#6423=DIRECTION('',(0.,0.,1.));
#6424=DIRECTION('center_axis',(0.,0.,-1.));
#6425=DIRECTION('ref_axis',(-0.500000000000017,-0.866025403784429,0.));
#6426=DIRECTION('center_axis',(0.,0.,-1.));
#6427=DIRECTION('ref_axis',(-0.500000000000017,-0.866025403784429,0.));
#6428=DIRECTION('',(0.,0.,1.));
#6429=DIRECTION('center_axis',(0.,0.,1.));
#6430=DIRECTION('ref_axis',(-0.500000000000017,-0.866025403784429,0.));
#6431=DIRECTION('',(0.,0.,-1.));
#6432=DIRECTION('center_axis',(0.,0.,-1.));
#6433=DIRECTION('ref_axis',(-0.500000000000018,-0.866025403784428,0.));
#6434=DIRECTION('center_axis',(0.,0.,-1.));
#6435=DIRECTION('ref_axis',(-0.500000000000018,-0.866025403784428,0.));
#6436=DIRECTION('',(0.,0.,1.));
#6437=DIRECTION('center_axis',(0.,0.,1.));
#6438=DIRECTION('ref_axis',(-0.500000000000018,-0.866025403784428,0.));
#6439=DIRECTION('',(0.,0.,-1.));
#6440=DIRECTION('center_axis',(2.62221054855404E-18,-2.32504702019078E-18,
1.));
#6441=DIRECTION('ref_axis',(-0.866025403784431,0.500000000000014,3.43342445921473E-18));
#6442=DIRECTION('center_axis',(0.992810017524601,0.119700748129666,0.));
#6443=DIRECTION('ref_axis',(-0.119700748129666,0.992810017524601,0.));
#6444=DIRECTION('center_axis',(0.,0.,-1.));
#6445=DIRECTION('ref_axis',(-0.500000000000017,-0.866025403784429,0.));
#6446=DIRECTION('center_axis',(-1.11022302462516E-16,-1.,0.));
#6447=DIRECTION('ref_axis',(1.,-1.11022302462516E-16,0.));
#6448=DIRECTION('center_axis',(0.,0.,1.));
#6449=DIRECTION('ref_axis',(-0.500000000000017,-0.866025403784429,0.));
#6450=DIRECTION('center_axis',(1.12743148150685E-13,1.,-1.30701396829927E-12));
#6451=DIRECTION('ref_axis',(-1.,1.12743148150685E-13,-7.11256244995981E-29));
#6452=DIRECTION('center_axis',(1.38985942177511E-15,1.2323528102788E-15,
1.));
#6453=DIRECTION('ref_axis',(-0.500000000000024,-0.866025403784425,1.76217855101416E-15));
#6454=DIRECTION('center_axis',(0.992810017524711,-0.119700748128755,-1.37982488316392E-12));
#6455=DIRECTION('ref_axis',(0.119700748128755,0.992810017524711,-1.26217744835362E-28));
#6456=DIRECTION('center_axis',(-1.11022302462516E-16,-1.,0.));
#6457=DIRECTION('ref_axis',(-1.,1.11022302462516E-16,0.));
#6458=DIRECTION('center_axis',(0.,0.,-1.));
#6459=DIRECTION('ref_axis',(-0.500000000000017,-0.866025403784429,0.));
#6460=DIRECTION('center_axis',(-0.992810017524601,0.119700748129668,0.));
#6461=DIRECTION('ref_axis',(0.119700748129668,0.992810017524601,0.));
#6462=DIRECTION('center_axis',(0.,0.,1.));
#6463=DIRECTION('ref_axis',(-0.500000000000014,-0.86602540378443,0.));
#6464=DIRECTION('center_axis',(-0.600068897494096,0.799948322243519,-4.26830217841253E-13));
#6465=DIRECTION('ref_axis',(-0.799948322243519,-0.600068897494096,2.27191940703651E-28));
#6466=DIRECTION('center_axis',(0.,0.,1.));
#6467=DIRECTION('ref_axis',(-0.50000000000002,-0.866025403784427,0.));
#6468=DIRECTION('center_axis',(0.866025403784243,0.500000000000339,-2.47213817371419E-13));
#6469=DIRECTION('ref_axis',(-0.500000000000339,0.866025403784243,-1.38839519318898E-28));
#6470=DIRECTION('center_axis',(-4.91818489208698E-6,-4.48384267971755E-6,
0.999999999977853));
#6471=DIRECTION('ref_axis',(0.167876365189427,-0.985808057381286,-3.59456123876215E-6));
#6472=DIRECTION('center_axis',(0.600068897494563,-0.799948322243169,0.));
#6473=DIRECTION('ref_axis',(0.799948322243168,0.600068897494563,0.));
#6474=DIRECTION('center_axis',(0.,0.,-1.));
#6475=DIRECTION('ref_axis',(-0.500000000000017,-0.866025403784429,0.));
#6476=DIRECTION('center_axis',(-0.866025403784458,-0.499999999999966,0.));
#6477=DIRECTION('ref_axis',(0.499999999999966,-0.866025403784458,0.));
#6478=DIRECTION('center_axis',(0.,0.,1.));
#6479=DIRECTION('ref_axis',(-0.500000000000017,-0.866025403784429,0.));
#6480=DIRECTION('center_axis',(0.866025403784606,0.49999999999971,1.23296377932734E-12));
#6481=DIRECTION('ref_axis',(-0.49999999999971,0.866025403784606,-7.06819371078027E-28));
#6482=DIRECTION('center_axis',(1.76217855101316E-15,-5.87477161805084E-16,
1.));
#6483=DIRECTION('ref_axis',(-0.866025403784433,0.50000000000001,1.81982997208399E-15));
#6484=DIRECTION('center_axis',(0.392741120033085,-0.919649070371496,8.80169505928792E-14));
#6485=DIRECTION('ref_axis',(0.919649070371496,0.392741120033085,-1.26217744835362E-29));
#6486=DIRECTION('center_axis',(-7.86925385621066E-15,6.97746610759254E-15,
1.));
#6487=DIRECTION('ref_axis',(-0.866025403784436,0.500000000000005,-1.03037068021034E-14));
#6488=DIRECTION('center_axis',(-0.992810017524601,-0.119700748129666,0.));
#6489=DIRECTION('ref_axis',(0.119700748129666,-0.992810017524601,0.));
#6490=DIRECTION('center_axis',(0.,0.,-1.));
#6491=DIRECTION('ref_axis',(-0.500000000000017,-0.866025403784429,0.));
#6492=DIRECTION('center_axis',(1.11022302462516E-16,1.,0.));
#6493=DIRECTION('ref_axis',(-1.,1.11022302462516E-16,0.));
#6494=DIRECTION('center_axis',(1.20192744645919E-12,-1.,-1.45344773623823E-12));
#6495=DIRECTION('ref_axis',(1.,1.20192744645919E-12,-1.24517964207633E-28));
#6496=DIRECTION('center_axis',(-1.38985942177511E-15,-1.2323528102788E-15,
1.));
#6497=DIRECTION('ref_axis',(-0.500000000000017,-0.866025403784429,-1.76217855101415E-15));
#6498=DIRECTION('center_axis',(-0.992810017524711,0.11970074812875,-1.38277350086463E-12));
#6499=DIRECTION('ref_axis',(-0.11970074812875,-0.992810017524711,1.00974195868289E-28));
#6500=DIRECTION('center_axis',(1.11022302462516E-16,1.,0.));
#6501=DIRECTION('ref_axis',(1.,-1.11022302462516E-16,1.70740499604016E-15));
#6502=DIRECTION('center_axis',(0.992810017524601,-0.119700748129668,0.));
#6503=DIRECTION('ref_axis',(-0.119700748129668,-0.992810017524601,0.));
#6504=DIRECTION('center_axis',(0.600068897494096,-0.799948322243519,-4.26830217841253E-13));
#6505=DIRECTION('ref_axis',(0.799948322243519,0.600068897494096,2.27191940703651E-28));
#6506=DIRECTION('center_axis',(0.,0.,1.));
#6507=DIRECTION('ref_axis',(-0.500000000000018,-0.866025403784428,0.));
#6508=DIRECTION('center_axis',(-0.866025403784243,-0.500000000000339,-2.47213817371419E-13));
#6509=DIRECTION('ref_axis',(0.500000000000339,-0.866025403784243,7.57306469012171E-29));
#6510=DIRECTION('center_axis',(4.91818489208749E-6,4.48384267971791E-6,
0.999999999977853));
#6511=DIRECTION('ref_axis',(0.167876365188569,-0.985808057381432,3.59456123876729E-6));
#6512=DIRECTION('center_axis',(-0.600068897494563,0.799948322243169,0.));
#6513=DIRECTION('ref_axis',(-0.799948322243168,-0.600068897494563,0.));
#6514=DIRECTION('center_axis',(0.866025403784458,0.499999999999966,0.));
#6515=DIRECTION('ref_axis',(-0.499999999999966,0.866025403784458,0.));
#6516=DIRECTION('center_axis',(0.,0.,1.));
#6517=DIRECTION('ref_axis',(-0.500000000000018,-0.866025403784428,0.));
#6518=DIRECTION('center_axis',(-0.866025403784606,-0.49999999999971,1.23296377932734E-12));
#6519=DIRECTION('ref_axis',(0.49999999999971,-0.866025403784606,-7.06819371078027E-28));
#6520=DIRECTION('center_axis',(-1.76217855101316E-15,5.87477161805084E-16,
1.));
#6521=DIRECTION('ref_axis',(-0.866025403784427,0.50000000000002,-1.81982997208398E-15));
#6522=DIRECTION('center_axis',(-0.392741120033085,0.919649070371496,8.80169505928792E-14));
#6523=DIRECTION('ref_axis',(-0.919649070371496,-0.392741120033085,-1.26217744835362E-29));
#6524=DIRECTION('center_axis',(0.,0.,-1.));
#6525=DIRECTION('ref_axis',(-0.500000000000017,-0.866025403784429,0.));
#6526=DIRECTION('center_axis',(0.,0.,-1.));
#6527=DIRECTION('ref_axis',(-0.500000000000017,-0.866025403784429,0.));
#6528=DIRECTION('',(0.,0.,-1.));
#6529=DIRECTION('center_axis',(0.,0.,1.));
#6530=DIRECTION('ref_axis',(-0.500000000000017,-0.866025403784429,0.));
#6531=DIRECTION('center_axis',(0.,0.,1.));
#6532=DIRECTION('ref_axis',(0.500000000000017,0.866025403784429,0.));
#6533=DIRECTION('center_axis',(0.,0.,-1.));
#6534=DIRECTION('ref_axis',(-0.500000000000017,-0.866025403784429,0.));
#6535=DIRECTION('',(0.,0.,-1.));
#6536=DIRECTION('center_axis',(0.,0.,-1.));
#6537=DIRECTION('ref_axis',(0.500000000000017,0.866025403784429,0.));
#6538=DIRECTION('center_axis',(0.,0.,-1.));
#6539=DIRECTION('ref_axis',(-0.500000000000017,-0.866025403784429,0.));
#6540=DIRECTION('center_axis',(0.,0.,1.));
#6541=DIRECTION('ref_axis',(0.500000000000017,0.866025403784429,0.));
#6542=DIRECTION('center_axis',(0.,0.,-1.));
#6543=DIRECTION('ref_axis',(-0.500000000000017,-0.866025403784429,0.));
#6544=DIRECTION('',(0.,0.,-1.));
#6545=DIRECTION('center_axis',(0.,0.,-1.));
#6546=DIRECTION('ref_axis',(0.500000000000017,0.866025403784429,0.));
#6547=DIRECTION('center_axis',(0.,0.,-1.));
#6548=DIRECTION('ref_axis',(-0.500000000000017,-0.866025403784429,0.));
#6549=DIRECTION('center_axis',(0.,0.,1.));
#6550=DIRECTION('ref_axis',(0.500000000000017,0.866025403784429,0.));
#6551=DIRECTION('center_axis',(0.,0.,-1.));
#6552=DIRECTION('ref_axis',(-0.500000000000017,-0.866025403784429,0.));
#6553=DIRECTION('',(0.,0.,-1.));
#6554=DIRECTION('center_axis',(0.,0.,-1.));
#6555=DIRECTION('ref_axis',(0.500000000000017,0.866025403784429,0.));
#6556=DIRECTION('center_axis',(0.,0.,-1.));
#6557=DIRECTION('ref_axis',(-0.500000000000017,-0.866025403784429,0.));
#6558=DIRECTION('center_axis',(0.,0.,-1.));
#6559=DIRECTION('ref_axis',(-0.500000000000017,-0.866025403784429,0.));
#6560=DIRECTION('',(-0.353548700378335,-0.612364312005195,0.70711616149201));
#6561=DIRECTION('center_axis',(0.,0.,-1.));
#6562=DIRECTION('ref_axis',(0.500000000000017,0.866025403784429,0.));
#6563=DIRECTION('center_axis',(0.,0.,-1.));
#6564=DIRECTION('ref_axis',(-0.500000000000017,-0.866025403784429,0.));
#6565=DIRECTION('',(-0.353548700378335,-0.612364312005195,0.70711616149201));
#6566=DIRECTION('center_axis',(0.,0.,-1.));
#6567=DIRECTION('ref_axis',(0.500000000000017,0.866025403784429,0.));
#6568=DIRECTION('center_axis',(0.,0.,-1.));
#6569=DIRECTION('ref_axis',(-0.500000000000017,-0.866025403784429,0.));
#6570=DIRECTION('',(-0.353548700378334,-0.612364312005193,0.707116161492013));
#6571=DIRECTION('center_axis',(0.,0.,-1.));
#6572=DIRECTION('ref_axis',(0.500000000000017,0.866025403784429,0.));
#6573=DIRECTION('center_axis',(0.,0.,1.));
#6574=DIRECTION('ref_axis',(0.500000000000017,0.866025403784429,0.));
#6575=DIRECTION('center_axis',(-1.65248182826831E-12,2.97325933236759E-12,
1.));
#6576=DIRECTION('ref_axis',(-0.562493882532575,0.82680144660821,-3.38775040022912E-12));
#6577=DIRECTION('center_axis',(4.3824477146785E-13,-2.23538127531089E-13,
-1.));
#6578=DIRECTION('ref_axis',(0.434782973653588,-0.900535266283861,3.92041247133312E-13));
#6579=DIRECTION('',(-1.85468977009773E-7,-0.999999999999983,0.));
#6580=DIRECTION('center_axis',(0.,0.,1.));
#6581=DIRECTION('ref_axis',(-0.500000000000019,-0.866025403784428,0.));
#6582=DIRECTION('center_axis',(6.07107023388269E-15,5.94545836798899E-15,
1.));
#6583=DIRECTION('ref_axis',(-0.119700728336089,0.992810019911065,-5.21522467294585E-15));
#6584=DIRECTION('',(-1.42229561461704E-11,1.,0.));
#6585=DIRECTION('center_axis',(-4.21888940768002E-13,-2.90932494568416E-13,
-1.));
#6586=DIRECTION('ref_axis',(-0.999999999999893,-4.63120644732156E-7,4.21629161275935E-13));
#6587=DIRECTION('center_axis',(1.74867723717166E-12,2.91772096680277E-12,
1.));
#6588=DIRECTION('ref_axis',(0.434784117636158,0.900534713962403,-3.38775033111783E-12));
#6589=DIRECTION('center_axis',(2.58569592962945E-14,-4.82516488577168E-13,
-1.));
#6590=DIRECTION('ref_axis',(-0.562494930779569,-0.826800733458363,3.84644242470688E-13));
#6591=DIRECTION('',(-0.866025496518864,-0.49999983937923,0.));
#6592=DIRECTION('center_axis',(2.34526469878609E-14,6.94249227523967E-15,
1.));
#6593=DIRECTION('ref_axis',(0.799948334206734,0.600068881546003,-2.2912790366385E-14));
#6594=DIRECTION('',(0.86602540377739,0.500000000012209,0.));
#6595=DIRECTION('center_axis',(-4.55130371555133E-13,2.15789282887276E-13,
-1.));
#6596=DIRECTION('ref_axis',(-0.500000400479303,0.866025172567482,4.14232158531867E-13));
#6597=DIRECTION('center_axis',(3.4011590286285E-12,-5.55384236550931E-14,
1.));
#6598=DIRECTION('ref_axis',(0.997277997916677,0.0737332684159848,-3.38775039960146E-12));
#6599=DIRECTION('center_axis',(-4.48649883072246E-13,-2.70320690644325E-13,
-1.));
#6600=DIRECTION('ref_axis',(-0.997277913137141,0.0737344150911155,4.27681115304774E-13));
#6601=DIRECTION('',(-0.866025403784429,0.500000000000017,0.));
#6602=DIRECTION('center_axis',(0.,0.,1.));
#6603=DIRECTION('ref_axis',(-0.500000000000025,-0.866025403784424,0.));
#6604=DIRECTION('center_axis',(2.69651688200981E-14,-2.46404600045312E-14,
1.));
#6605=DIRECTION('ref_axis',(0.919649059932403,-0.392741144477438,-3.4454681008406E-14));
#6606=DIRECTION('center_axis',(3.72319129233109E-16,-1.81982997207498E-15,
1.));
#6607=DIRECTION('ref_axis',(-0.500000000000016,-0.866025403784429,-1.38985942176868E-15));
#6608=DIRECTION('',(0.866025403784429,-0.500000000000017,0.));
#6609=DIRECTION('center_axis',(-4.06861849305302E-14,5.02049105239432E-13,
-1.));
#6610=DIRECTION('ref_axis',(0.499999599526804,0.866025634997623,4.1423215853245E-13));
#6611=DIRECTION('center_axis',(1.65248182826834E-12,-2.97325933236764E-12,
1.));
#6612=DIRECTION('ref_axis',(0.562493882532575,-0.826801446608211,-3.38775040022907E-12));
#6613=DIRECTION('center_axis',(-4.38244771467846E-13,2.23538127531088E-13,
-1.));
#6614=DIRECTION('ref_axis',(-0.434782973653582,0.900535266283863,3.92041247133316E-13));
#6615=DIRECTION('',(1.85468977009773E-7,0.999999999999983,0.));
#6616=DIRECTION('center_axis',(0.,0.,1.));
#6617=DIRECTION('ref_axis',(-0.500000000000019,-0.866025403784428,0.));
#6618=DIRECTION('center_axis',(-5.35682669090041E-15,-5.94545839657177E-15,
1.));
#6619=DIRECTION('ref_axis',(0.119700728336109,-0.992810019911063,-5.30072015938761E-15));
#6620=DIRECTION('',(1.42229561461704E-11,-1.,0.));
#6621=DIRECTION('center_axis',(4.21888940768003E-13,2.90932494568416E-13,
-1.));
#6622=DIRECTION('ref_axis',(0.999999999999893,4.63120646749521E-7,4.21629161275935E-13));
#6623=DIRECTION('center_axis',(-1.74867723717156E-12,-2.9177209668026E-12,
1.));
#6624=DIRECTION('ref_axis',(-0.43478411763617,-0.900534713962398,-3.38775033111803E-12));
#6625=DIRECTION('center_axis',(-2.58569592962946E-14,4.82516488577168E-13,
-1.));
#6626=DIRECTION('ref_axis',(0.562494930779569,0.826800733458364,3.84644242470688E-13));
#6627=DIRECTION('',(0.866025496518864,0.49999983937923,0.));
#6628=DIRECTION('center_axis',(-1.81251678610014E-14,-4.27903960592504E-15,
1.));
#6629=DIRECTION('ref_axis',(-0.799948334206736,-0.600068881546,-1.70990972883476E-14));
#6630=DIRECTION('',(-0.86602540377739,-0.500000000012209,0.));
#6631=DIRECTION('center_axis',(4.55130371555129E-13,-2.15789282887274E-13,
-1.));
#6632=DIRECTION('ref_axis',(0.5000004004793,-0.866025172567484,4.14232158531869E-13));
#6633=DIRECTION('center_axis',(-3.40115902862844E-12,5.5538423655087E-14,
1.));
#6634=DIRECTION('ref_axis',(-0.997277997916677,-0.0737332684159917,-3.38775039960151E-12));
#6635=DIRECTION('center_axis',(4.04943057202748E-13,2.63651027899843E-13,
-1.));
#6636=DIRECTION('ref_axis',(0.99727790443181,-0.07373453283298,3.8464424247029E-13));
#6637=DIRECTION('',(0.866025403784429,-0.500000000000017,0.));
#6638=DIRECTION('center_axis',(0.,0.,1.));
#6639=DIRECTION('ref_axis',(-0.500000000000025,-0.866025403784424,0.));
#6640=DIRECTION('center_axis',(-1.16969753889966E-14,1.54129951680643E-14,
1.));
#6641=DIRECTION('ref_axis',(-0.919649059932406,0.392741144477432,-1.68426108155241E-14));
#6642=DIRECTION('center_axis',(-3.72319129233109E-16,1.81982997207498E-15,
1.));
#6643=DIRECTION('ref_axis',(-0.500000000000018,-0.866025403784429,1.38985942176868E-15));
#6644=DIRECTION('',(-0.866025403784429,0.500000000000017,0.));
#6645=DIRECTION('center_axis',(6.86491913137105E-14,9.13111717797529E-15,
-1.));
#6646=DIRECTION('ref_axis',(-0.49999995493945,-0.866025429800158,-4.23646726817415E-14));
#6647=DIRECTION('center_axis',(-1.41324394287886E-15,1.3496919286755E-14,
1.));
#6648=DIRECTION('ref_axis',(1.,0.,1.64553667383063E-15));
#6649=DIRECTION('center_axis',(-0.826800505497873,-0.562495265854266,0.));
#6650=DIRECTION('ref_axis',(0.562495265854266,-0.826800505497873,0.));
#6651=DIRECTION('center_axis',(0.866025403720968,-0.500000000109935,0.));
#6652=DIRECTION('ref_axis',(-0.500000000109935,-0.866025403720968,0.));
#6653=DIRECTION('center_axis',(0.,0.,1.));
#6654=DIRECTION('ref_axis',(-0.554989402350372,-0.831857417637649,0.));
#6655=DIRECTION('center_axis',(-5.13421743005488E-13,8.99778867703132E-13,
1.));
#6656=DIRECTION('ref_axis',(1.,0.,5.13517454573603E-13));
#6657=DIRECTION('center_axis',(-0.900535442487311,-0.434782608695636,0.));
#6658=DIRECTION('ref_axis',(-0.434782608695636,0.900535442487311,0.));
#6659=DIRECTION('center_axis',(0.,0.,-1.));
#6660=DIRECTION('ref_axis',(-0.575316490911315,0.81793088661909,0.));
#6661=DIRECTION('center_axis',(-1.55678312538273E-15,2.21337190834133E-15,
1.));
#6662=DIRECTION('ref_axis',(1.,0.,1.64553667383068E-15));
#6663=DIRECTION('center_axis',(-2.2815083156047E-14,-1.,0.));
#6664=DIRECTION('ref_axis',(1.,-2.2815083156047E-14,-1.70740499604017E-15));
#6665=DIRECTION('center_axis',(0.,0.,1.));
#6666=DIRECTION('ref_axis',(0.375601221983365,-0.926781377696273,0.));
#6667=DIRECTION('center_axis',(1.11022302462516E-16,1.,0.));
#6668=DIRECTION('ref_axis',(-1.,1.11022302462516E-16,0.));
#6669=DIRECTION('center_axis',(-3.22109006134497E-12,1.,3.83391523742859E-14));
#6670=DIRECTION('ref_axis',(-1.,-3.22109006134497E-12,-3.54345324259318E-29));
#6671=DIRECTION('',(1.11022302462516E-16,1.,0.));
#6672=DIRECTION('center_axis',(-2.48158549058656E-15,-3.69200474619344E-13,
1.));
#6673=DIRECTION('ref_axis',(1.,0.,2.43539427726987E-15));
#6674=DIRECTION('center_axis',(-0.992810017524497,-0.119700748130525,-7.66854270135063E-13));
#6675=DIRECTION('ref_axis',(0.119700748130525,-0.992810017524497,-2.14570166220115E-28));
#6676=DIRECTION('center_axis',(0.,0.,-1.));
#6677=DIRECTION('ref_axis',(-0.127432520185843,0.99184724267353,0.));
#6678=DIRECTION('center_axis',(-1.11022302462516E-16,-1.,0.));
#6679=DIRECTION('ref_axis',(1.,-1.11022302462516E-16,0.));
#6680=DIRECTION('center_axis',(1.11022302462516E-16,1.,0.));
#6681=DIRECTION('ref_axis',(1.,-1.11022302462516E-16,0.));
#6682=DIRECTION('',(-1.11022302462516E-16,-1.,0.));
#6683=DIRECTION('center_axis',(5.34016415316909E-15,8.7920553283378E-16,
1.));
#6684=DIRECTION('ref_axis',(-0.846989554027026,-0.531609532804952,4.93661002149209E-15));
#6685=DIRECTION('center_axis',(-0.900535442487301,0.434782608695657,0.));
#6686=DIRECTION('ref_axis',(-0.434782608695657,-0.900535442487301,0.));
#6687=DIRECTION('center_axis',(0.,0.,1.));
#6688=DIRECTION('ref_axis',(-0.997904357175913,0.0647062124477105,0.));
#6689=DIRECTION('center_axis',(-2.21802862804178E-14,-3.42060907274559E-14,
1.));
#6690=DIRECTION('ref_axis',(1.,0.,2.22581302444163E-14));
#6691=DIRECTION('center_axis',(-0.826800505497745,0.562495265854455,0.));
#6692=DIRECTION('ref_axis',(0.562495265854455,0.826800505497745,0.));
#6693=DIRECTION('center_axis',(7.242423146844E-16,1.60192841241804E-14,
1.));
#6694=DIRECTION('ref_axis',(1.,0.,-4.11384168457674E-16));
#6695=DIRECTION('center_axis',(-0.866025403784475,-0.499999999999938,0.));
#6696=DIRECTION('ref_axis',(0.499999999999938,-0.866025403784475,1.70740499604017E-15));
#6697=DIRECTION('center_axis',(0.,0.,1.));
#6698=DIRECTION('ref_axis',(-0.614815605847596,-0.788670888778237,0.));
#6699=DIRECTION('center_axis',(0.866025403784458,0.499999999999966,0.));
#6700=DIRECTION('ref_axis',(-0.499999999999966,0.866025403784458,0.));
#6701=DIRECTION('',(0.866025403784458,0.499999999999966,0.));
#6702=DIRECTION('center_axis',(1.46346683789511E-13,8.06360451832132E-14,
1.));
#6703=DIRECTION('ref_axis',(1.,0.,-1.46386942503954E-13));
#6704=DIRECTION('center_axis',(0.,0.,-1.));
#6705=DIRECTION('ref_axis',(0.795248648735875,0.606283421086017,0.));
#6706=DIRECTION('center_axis',(-0.866025403784458,-0.499999999999966,0.));
#6707=DIRECTION('ref_axis',(0.499999999999966,-0.866025403784458,0.));
#6708=DIRECTION('center_axis',(0.866025403784458,0.499999999999966,0.));
#6709=DIRECTION('ref_axis',(0.499999999999966,-0.866025403784458,0.));
#6710=DIRECTION('',(-0.866025403784458,-0.499999999999966,0.));
#6711=DIRECTION('center_axis',(-1.41110451363755E-14,7.61711201046473E-15,
1.));
#6712=DIRECTION('ref_axis',(-0.88388213731657,0.467709704124998,-1.60439825698492E-14));
#6713=DIRECTION('center_axis',(-0.0737349369895209,0.997277874550093,0.));
#6714=DIRECTION('ref_axis',(-0.997277874550093,-0.0737349369895209,-1.70740499604017E-15));
#6715=DIRECTION('center_axis',(0.,0.,1.));
#6716=DIRECTION('ref_axis',(-0.442914954825526,0.896563630085396,0.));
#6717=DIRECTION('center_axis',(-2.95062484566357E-12,1.97103093180818E-14,
1.));
#6718=DIRECTION('ref_axis',(1.,0.,2.95071686388878E-12));
#6719=DIRECTION('center_axis',(0.0737349369895876,0.997277874550088,0.));
#6720=DIRECTION('ref_axis',(0.997277874550088,-0.0737349369895876,0.));
#6721=DIRECTION('center_axis',(0.,0.,-1.));
#6722=DIRECTION('ref_axis',(0.996007171807722,0.0892732530357355,0.));
#6723=DIRECTION('center_axis',(-2.84704563186509E-14,-1.4764859638163E-14,
1.));
#6724=DIRECTION('ref_axis',(-0.883882137463563,-0.467709703847209,-3.20879651396995E-14));
#6725=DIRECTION('center_axis',(-0.866025403784429,0.500000000000017,0.));
#6726=DIRECTION('ref_axis',(-0.500000000000017,-0.866025403784429,-1.70740499604016E-15));
#6727=DIRECTION('center_axis',(0.,0.,1.));
#6728=DIRECTION('ref_axis',(-0.990416827830997,0.138110488918061,0.));
#6729=DIRECTION('center_axis',(0.866025403784429,-0.500000000000017,0.));
#6730=DIRECTION('ref_axis',(0.,0.,-1.));
#6731=DIRECTION('center_axis',(0.866025403779705,-0.500000000008199,-2.21232339044219E-12));
#6732=DIRECTION('ref_axis',(0.500000000008199,0.866025403779705,-1.21169035041947E-27));
#6733=DIRECTION('',(0.866025403784429,-0.500000000000017,0.));
#6734=DIRECTION('center_axis',(-2.93130382305777E-13,1.73451729386606E-13,
1.));
#6735=DIRECTION('ref_axis',(1.,0.,2.93168813809767E-13));
#6736=DIRECTION('center_axis',(-0.600068897490881,-0.79994832224593,1.94044150690805E-12));
#6737=DIRECTION('ref_axis',(0.79994832224593,-0.600068897490881,-3.02922587604869E-27));
#6738=DIRECTION('center_axis',(0.392741120034059,0.919649070371081,6.92645610765407E-13));
#6739=DIRECTION('ref_axis',(-0.919649070371081,0.392741120034059,2.01948391736579E-28));
#6740=DIRECTION('center_axis',(0.,0.,-1.));
#6741=DIRECTION('ref_axis',(0.922681168921763,-0.385563821587514,0.));
#6742=DIRECTION('center_axis',(-0.866025403784429,0.500000000000017,0.));
#6743=DIRECTION('ref_axis',(0.,0.,1.));
#6744=DIRECTION('center_axis',(0.866025403784429,-0.500000000000017,0.));
#6745=DIRECTION('ref_axis',(-2.13425624505035E-16,-3.69664025279821E-16,
1.));
#6746=DIRECTION('center_axis',(0.866025403783643,-0.500000000001378,1.98309210008809E-12));
#6747=DIRECTION('ref_axis',(1.71801022390004E-12,-9.90503204458533E-13,
-1.));
#6748=DIRECTION('',(-0.866025403784429,0.500000000000017,0.));
#6749=DIRECTION('center_axis',(3.65137447401932E-17,3.459031943602E-14,
1.));
#6750=DIRECTION('ref_axis',(1.,0.,0.));
#6751=DIRECTION('center_axis',(0.826800505497873,0.562495265854266,0.));
#6752=DIRECTION('ref_axis',(-0.562495265854266,0.826800505497873,0.));
#6753=DIRECTION('center_axis',(0.,0.,1.));
#6754=DIRECTION('ref_axis',(0.554989402350372,0.831857417637649,0.));
#6755=DIRECTION('center_axis',(-1.30208755790344E-12,2.28575890599621E-12,
1.));
#6756=DIRECTION('ref_axis',(1.,0.,1.30216647175801E-12));
#6757=DIRECTION('center_axis',(0.900535442487311,0.434782608695636,0.));
#6758=DIRECTION('ref_axis',(0.434782608695636,-0.900535442487311,0.));
#6759=DIRECTION('center_axis',(0.,0.,-1.));
#6760=DIRECTION('ref_axis',(0.575316490911315,-0.81793088661909,0.));
#6761=DIRECTION('center_axis',(-2.70219716892633E-14,1.72737086101992E-14,
1.));
#6762=DIRECTION('ref_axis',(1.,0.,2.67399709497492E-14));
#6763=DIRECTION('center_axis',(2.2815083156047E-14,1.,0.));
#6764=DIRECTION('ref_axis',(-1.,2.2815083156047E-14,1.70740499604016E-15));
#6765=DIRECTION('center_axis',(0.,0.,1.));
#6766=DIRECTION('ref_axis',(-0.375601221983365,0.926781377696274,0.));
#6767=DIRECTION('center_axis',(-1.11022302462516E-16,-1.,0.));
#6768=DIRECTION('ref_axis',(1.,-1.11022302462516E-16,0.));
#6769=DIRECTION('center_axis',(3.22109006134497E-12,-1.,3.83391523742859E-14));
#6770=DIRECTION('ref_axis',(1.,3.22109006134497E-12,-3.54345324259318E-29));
#6771=DIRECTION('',(-1.11022302462516E-16,-1.,0.));
#6772=DIRECTION('center_axis',(5.4492185272387E-16,-3.59989078488123E-14,
1.));
#6773=DIRECTION('ref_axis',(1.,0.,-5.26571735625916E-16));
#6774=DIRECTION('center_axis',(0.992810017524497,0.119700748130525,-7.66854270135063E-13));
#6775=DIRECTION('ref_axis',(-0.119700748130525,0.992810017524497,-6.31088724176809E-29));
#6776=DIRECTION('center_axis',(0.,0.,-1.));
#6777=DIRECTION('ref_axis',(0.127432520185843,-0.99184724267353,0.));
#6778=DIRECTION('center_axis',(1.11022302462516E-16,1.,0.));
#6779=DIRECTION('ref_axis',(-1.,1.11022302462516E-16,0.));
#6780=DIRECTION('center_axis',(-1.11022302462516E-16,-1.,0.));
#6781=DIRECTION('ref_axis',(-1.,1.11022302462516E-16,0.));
#6782=DIRECTION('',(1.11022302462516E-16,1.,0.));
#6783=DIRECTION('center_axis',(1.63222171493059E-14,8.85157032323498E-15,
1.));
#6784=DIRECTION('ref_axis',(1.,0.,-1.60439825698497E-14));
#6785=DIRECTION('center_axis',(0.900535442487301,-0.434782608695657,0.));
#6786=DIRECTION('ref_axis',(0.434782608695657,0.900535442487301,0.));
#6787=DIRECTION('center_axis',(1.70928172171432E-12,2.92431159034172E-12,
1.));
#6788=DIRECTION('ref_axis',(1.,0.,-1.70926635688101E-12));
#6789=DIRECTION('center_axis',(0.826800505497745,-0.562495265854455,0.));
#6790=DIRECTION('ref_axis',(-0.562495265854455,-0.826800505497745,0.));
#6791=DIRECTION('center_axis',(0.,0.,-1.));
#6792=DIRECTION('ref_axis',(-0.420690680896432,-0.90720413965485,0.));
#6793=DIRECTION('center_axis',(0.,0.,1.));
#6794=DIRECTION('ref_axis',(1.,0.,0.));
#6795=DIRECTION('center_axis',(0.866025403784475,0.499999999999938,0.));
#6796=DIRECTION('ref_axis',(-0.499999999999937,0.866025403784475,1.70740499604016E-15));
#6797=DIRECTION('center_axis',(-0.866025403784458,-0.499999999999966,0.));
#6798=DIRECTION('ref_axis',(0.499999999999966,-0.866025403784458,0.));
#6799=DIRECTION('',(-0.866025403784458,-0.499999999999966,0.));
#6800=DIRECTION('center_axis',(6.99677153714767E-13,3.959845800118E-13,
1.));
#6801=DIRECTION('ref_axis',(1.,0.,-6.99682193713141E-13));
#6802=DIRECTION('center_axis',(0.,0.,-1.));
#6803=DIRECTION('ref_axis',(-0.795248648735875,-0.606283421086017,0.));
#6804=DIRECTION('center_axis',(0.866025403784458,0.499999999999966,0.));
#6805=DIRECTION('ref_axis',(-0.499999999999966,0.866025403784458,0.));
#6806=DIRECTION('center_axis',(-0.866025403784458,-0.499999999999966,0.));
#6807=DIRECTION('ref_axis',(-0.499999999999966,0.866025403784458,0.));
#6808=DIRECTION('',(0.866025403784458,0.499999999999966,0.));
#6809=DIRECTION('center_axis',(0.,0.,1.));
#6810=DIRECTION('ref_axis',(1.,0.,0.));
#6811=DIRECTION('center_axis',(0.0737349369895209,-0.997277874550093,0.));
#6812=DIRECTION('ref_axis',(0.997277874550093,0.0737349369895209,-1.70740499604016E-15));
#6813=DIRECTION('center_axis',(0.,0.,1.));
#6814=DIRECTION('ref_axis',(0.442914954825526,-0.896563630085396,0.));
#6815=DIRECTION('center_axis',(5.22042463026104E-12,-2.83714537860347E-14,
1.));
#6816=DIRECTION('ref_axis',(-1.,1.92206856956129E-14,5.22038762427071E-12));
#6817=DIRECTION('center_axis',(-0.0737349369895876,-0.997277874550088,0.));
#6818=DIRECTION('ref_axis',(-0.997277874550088,0.0737349369895876,0.));
#6819=DIRECTION('center_axis',(0.,0.,-1.));
#6820=DIRECTION('ref_axis',(-0.996007171807722,-0.0892732530357356,0.));
#6821=DIRECTION('center_axis',(1.42352281593254E-14,7.38242981908149E-15,
1.));
#6822=DIRECTION('ref_axis',(1.,0.,-1.39870617275614E-14));
#6823=DIRECTION('center_axis',(0.866025403784429,-0.500000000000017,0.));
#6824=DIRECTION('ref_axis',(0.500000000000017,0.866025403784429,-1.70740499604017E-15));
#6825=DIRECTION('center_axis',(0.,0.,1.));
#6826=DIRECTION('ref_axis',(0.990416827830997,-0.138110488918061,0.));
#6827=DIRECTION('center_axis',(-0.866025403784429,0.500000000000017,0.));
#6828=DIRECTION('ref_axis',(0.,0.,1.));
#6829=DIRECTION('center_axis',(-0.866025403779705,0.500000000008199,-2.21232339044219E-12));
#6830=DIRECTION('ref_axis',(-0.500000000008199,-0.866025403779705,-1.21169035041947E-27));
#6831=DIRECTION('',(-0.866025403784429,0.500000000000017,0.));
#6832=DIRECTION('center_axis',(-2.18068293894955E-13,1.29936826358161E-13,
1.));
#6833=DIRECTION('ref_axis',(1.,0.,2.18066520016045E-13));
#6834=DIRECTION('center_axis',(0.60006889749097,0.799948322245863,1.07520561007263E-12));
#6835=DIRECTION('ref_axis',(-0.799948322245863,0.60006889749097,-6.05845175209737E-28));
#6836=DIRECTION('center_axis',(-0.392741120034059,-0.919649070371081,6.92645610765407E-13));
#6837=DIRECTION('ref_axis',(0.919649070371081,-0.392741120034059,2.01948391736579E-28));
#6838=DIRECTION('center_axis',(0.,0.,-1.));
#6839=DIRECTION('ref_axis',(-0.922681168921763,0.385563821587514,0.));
#6840=DIRECTION('center_axis',(0.866025403784429,-0.500000000000017,0.));
#6841=DIRECTION('ref_axis',(0.,0.,-1.));
#6842=DIRECTION('center_axis',(-0.866025403783643,0.500000000001378,1.98309210008788E-12));
#6843=DIRECTION('ref_axis',(1.7172708958493E-12,-9.91783758205458E-13,1.));
#6844=DIRECTION('',(0.866025403784429,-0.500000000000017,0.));
#6845=DIRECTION('center_axis',(0.,0.,1.));
#6846=DIRECTION('ref_axis',(0.0368925834933593,-0.999319236922409,0.));
#6847=DIRECTION('center_axis',(0.,0.,-1.));
#6848=DIRECTION('ref_axis',(0.500000000000015,0.86602540378443,0.));
#6849=DIRECTION('',(0.,0.,1.));
#6850=DIRECTION('',(0.,0.,-1.));
#6851=DIRECTION('center_axis',(0.,0.,1.));
#6852=DIRECTION('ref_axis',(0.500000000000017,0.866025403784429,0.));
#6853=DIRECTION('',(0.,0.,-1.));
#6854=DIRECTION('center_axis',(0.,0.,-1.));
#6855=DIRECTION('ref_axis',(0.500000000000031,0.866025403784421,0.));
#6856=DIRECTION('center_axis',(0.,0.,1.));
#6857=DIRECTION('ref_axis',(0.500000000000017,0.866025403784429,0.));
#6858=DIRECTION('center_axis',(0.,0.,-1.));
#6859=DIRECTION('ref_axis',(0.500000000000017,0.866025403784429,0.));
#6860=DIRECTION('',(0.,0.,1.));
#6861=DIRECTION('center_axis',(-1.,1.11022302462516E-16,0.));
#6862=DIRECTION('ref_axis',(-1.11022302462516E-16,-1.,0.));
#6863=DIRECTION('',(0.,0.,-1.));
#6864=DIRECTION('',(1.11022302462516E-16,1.,0.));
#6865=DIRECTION('center_axis',(0.,0.,1.));
#6866=DIRECTION('ref_axis',(0.500000000000017,0.866025403784429,0.));
#6867=DIRECTION('',(0.,0.,-1.));
#6868=DIRECTION('',(0.,0.,1.));
#6869=DIRECTION('center_axis',(0.,0.,-1.));
#6870=DIRECTION('ref_axis',(0.500000000000021,0.866025403784426,0.));
#6871=DIRECTION('center_axis',(1.,-1.11022302462516E-16,0.));
#6872=DIRECTION('ref_axis',(1.11022302462516E-16,1.,0.));
#6873=DIRECTION('',(0.,0.,-1.));
#6874=DIRECTION('',(0.,0.,1.));
#6875=DIRECTION('',(-1.11022302462516E-16,-1.,0.));
#6876=DIRECTION('center_axis',(0.,0.,1.));
#6877=DIRECTION('ref_axis',(-0.846989553964361,-0.531609532904794,0.));
#6878=DIRECTION('center_axis',(0.,0.,-1.));
#6879=DIRECTION('ref_axis',(0.500000000000017,0.866025403784429,0.));
#6880=DIRECTION('center_axis',(0.,0.,1.));
#6881=DIRECTION('ref_axis',(-0.0368925835936256,-0.999319236918707,0.));
#6882=DIRECTION('center_axis',(0.,0.,-1.));
#6883=DIRECTION('ref_axis',(0.500000000000017,0.866025403784429,0.));
#6884=DIRECTION('',(0.,0.,1.));
#6885=DIRECTION('center_axis',(-0.499999999999966,0.866025403784458,0.));
#6886=DIRECTION('ref_axis',(-0.866025403784458,-0.499999999999966,0.));
#6887=DIRECTION('',(0.,0.,-1.));
#6888=DIRECTION('',(0.866025403784458,0.499999999999966,0.));
#6889=DIRECTION('center_axis',(0.,0.,1.));
#6890=DIRECTION('ref_axis',(0.500000000000017,0.866025403784429,0.));
#6891=DIRECTION('',(0.,0.,-1.));
#6892=DIRECTION('',(0.,0.,1.));
#6893=DIRECTION('center_axis',(0.,0.,-1.));
#6894=DIRECTION('ref_axis',(0.500000000000016,0.866025403784429,0.));
#6895=DIRECTION('center_axis',(0.499999999999966,-0.866025403784458,0.));
#6896=DIRECTION('ref_axis',(0.866025403784458,0.499999999999966,0.));
#6897=DIRECTION('',(0.,0.,-1.));
#6898=DIRECTION('',(0.,0.,1.));
#6899=DIRECTION('',(-0.866025403784458,-0.499999999999966,0.));
#6900=DIRECTION('center_axis',(0.,0.,1.));
#6901=DIRECTION('ref_axis',(0.500000000000017,0.866025403784429,0.));
#6902=DIRECTION('center_axis',(0.,0.,-1.));
#6903=DIRECTION('ref_axis',(0.500000000000018,0.866025403784428,0.));
#6904=DIRECTION('',(0.,0.,1.));
#6905=DIRECTION('center_axis',(0.,0.,1.));
#6906=DIRECTION('ref_axis',(0.500000000000017,0.866025403784429,0.));
#6907=DIRECTION('',(0.,0.,-1.));
#6908=DIRECTION('center_axis',(0.,0.,-1.));
#6909=DIRECTION('ref_axis',(0.500000000000017,0.866025403784428,0.));
#6910=DIRECTION('center_axis',(0.,0.,1.));
#6911=DIRECTION('ref_axis',(0.500000000000017,0.866025403784429,0.));
#6912=DIRECTION('center_axis',(0.,0.,-1.));
#6913=DIRECTION('ref_axis',(0.500000000000015,0.86602540378443,0.));
#6914=DIRECTION('',(0.,0.,1.));
#6915=DIRECTION('center_axis',(0.500000000000017,0.866025403784429,0.));
#6916=DIRECTION('ref_axis',(0.,0.,-1.));
#6917=DIRECTION('',(0.,0.,-1.));
#6918=DIRECTION('',(0.866025403784429,-0.500000000000017,0.));
#6919=DIRECTION('center_axis',(0.,0.,1.));
#6920=DIRECTION('ref_axis',(0.500000000000017,0.866025403784429,0.));
#6921=DIRECTION('',(0.,0.,-1.));
#6922=DIRECTION('',(0.,0.,1.));
#6923=DIRECTION('center_axis',(0.,0.,-1.));
#6924=DIRECTION('ref_axis',(0.500000000000017,0.866025403784429,0.));
#6925=DIRECTION('center_axis',(-0.500000000000017,-0.866025403784429,0.));
#6926=DIRECTION('ref_axis',(0.,0.,1.));
#6927=DIRECTION('',(0.,0.,-1.));
#6928=DIRECTION('',(0.,0.,1.));
#6929=DIRECTION('',(-0.866025403784429,0.500000000000017,0.));
#6930=DIRECTION('center_axis',(0.,0.,1.));
#6931=DIRECTION('ref_axis',(0.500000000000017,0.866025403784429,0.));
#6932=DIRECTION('center_axis',(0.,0.,-1.));
#6933=DIRECTION('ref_axis',(0.500000000000017,0.866025403784429,0.));
#6934=DIRECTION('',(0.,0.,1.));
#6935=DIRECTION('center_axis',(0.,0.,1.));
#6936=DIRECTION('ref_axis',(0.500000000000017,0.866025403784429,0.));
#6937=DIRECTION('',(0.,0.,-1.));
#6938=DIRECTION('center_axis',(0.,0.,-1.));
#6939=DIRECTION('ref_axis',(0.500000000000017,0.866025403784429,0.));
#6940=DIRECTION('center_axis',(0.,0.,1.));
#6941=DIRECTION('ref_axis',(0.500000000000017,0.866025403784429,0.));
#6942=DIRECTION('center_axis',(0.,0.,-1.));
#6943=DIRECTION('ref_axis',(0.500000000000021,0.866025403784426,0.));
#6944=DIRECTION('',(0.,0.,1.));
#6945=DIRECTION('center_axis',(1.,-1.11022302462516E-16,0.));
#6946=DIRECTION('ref_axis',(1.11022302462516E-16,1.,0.));
#6947=DIRECTION('',(0.,0.,-1.));
#6948=DIRECTION('',(-1.11022302462516E-16,-1.,0.));
#6949=DIRECTION('center_axis',(0.,0.,1.));
#6950=DIRECTION('ref_axis',(0.500000000000017,0.866025403784429,0.));
#6951=DIRECTION('',(0.,0.,1.));
#6952=DIRECTION('center_axis',(0.,0.,-1.));
#6953=DIRECTION('ref_axis',(0.500000000000017,0.866025403784429,0.));
#6954=DIRECTION('center_axis',(-1.,1.11022302462516E-16,0.));
#6955=DIRECTION('ref_axis',(-1.11022302462516E-16,-1.,0.));
#6956=DIRECTION('',(1.11022302462516E-16,1.,0.));
#6957=DIRECTION('center_axis',(0.,0.,1.));
#6958=DIRECTION('ref_axis',(-0.500000000000017,-0.866025403784429,0.));
#6959=DIRECTION('center_axis',(0.,0.,-1.));
#6960=DIRECTION('ref_axis',(0.500000000000008,0.866025403784434,0.));
#6961=DIRECTION('center_axis',(0.499999999999966,-0.866025403784458,0.));
#6962=DIRECTION('ref_axis',(0.866025403784458,0.499999999999966,0.));
#6963=DIRECTION('',(-0.866025403784458,-0.499999999999966,0.));
#6964=DIRECTION('center_axis',(0.,0.,1.));
#6965=DIRECTION('ref_axis',(0.500000000000017,0.866025403784429,0.));
#6966=DIRECTION('',(0.,0.,-1.));
#6967=DIRECTION('center_axis',(0.,0.,-1.));
#6968=DIRECTION('ref_axis',(0.500000000000017,0.866025403784429,0.));
#6969=DIRECTION('center_axis',(-0.499999999999966,0.866025403784458,0.));
#6970=DIRECTION('ref_axis',(-0.866025403784458,-0.499999999999966,0.));
#6971=DIRECTION('',(0.,0.,-1.));
#6972=DIRECTION('',(0.,0.,1.));
#6973=DIRECTION('',(0.866025403784458,0.499999999999966,0.));
#6974=DIRECTION('center_axis',(0.,0.,1.));
#6975=DIRECTION('ref_axis',(0.500000000000017,0.866025403784429,0.));
#6976=DIRECTION('center_axis',(0.,0.,-1.));
#6977=DIRECTION('ref_axis',(0.500000000000016,0.866025403784429,0.));
#6978=DIRECTION('',(0.,0.,1.));
#6979=DIRECTION('center_axis',(0.,0.,1.));
#6980=DIRECTION('ref_axis',(0.500000000000017,0.866025403784429,0.));
#6981=DIRECTION('',(0.,0.,-1.));
#6982=DIRECTION('center_axis',(0.,0.,-1.));
#6983=DIRECTION('ref_axis',(0.500000000000027,0.866025403784423,0.));
#6984=DIRECTION('center_axis',(0.,0.,1.));
#6985=DIRECTION('ref_axis',(0.500000000000017,0.866025403784429,0.));
#6986=DIRECTION('center_axis',(0.,0.,-1.));
#6987=DIRECTION('ref_axis',(0.500000000000017,0.866025403784429,0.));
#6988=DIRECTION('',(0.,0.,1.));
#6989=DIRECTION('center_axis',(-0.500000000000017,-0.866025403784429,0.));
#6990=DIRECTION('ref_axis',(0.,0.,1.));
#6991=DIRECTION('',(0.,0.,-1.));
#6992=DIRECTION('',(-0.866025403784429,0.500000000000017,0.));
#6993=DIRECTION('center_axis',(0.,0.,1.));
#6994=DIRECTION('ref_axis',(0.500000000000017,0.866025403784429,0.));
#6995=DIRECTION('',(0.,0.,-1.));
#6996=DIRECTION('',(0.,0.,1.));
#6997=DIRECTION('center_axis',(0.,0.,-1.));
#6998=DIRECTION('ref_axis',(0.500000000000021,0.866025403784427,0.));
#6999=DIRECTION('center_axis',(0.500000000000017,0.866025403784429,0.));
#7000=DIRECTION('ref_axis',(0.,0.,-1.));
#7001=DIRECTION('',(0.,0.,1.));
#7002=DIRECTION('',(0.866025403784429,-0.500000000000017,0.));
#7003=DIRECTION('center_axis',(0.,0.,1.));
#7004=DIRECTION('ref_axis',(0.500000000000017,0.866025403784429,0.));
#7005=DIRECTION('center_axis',(0.,0.,1.));
#7006=DIRECTION('ref_axis',(0.500000000000017,0.866025403784429,0.));
#7007=DIRECTION('center_axis',(0.,0.,1.));
#7008=DIRECTION('ref_axis',(0.500000000000017,0.866025403784429,0.));
#7009=DIRECTION('center_axis',(1.95534452939552E-17,-9.64939734009947E-15,
1.));
#7010=DIRECTION('ref_axis',(1.,0.,0.));
#7011=DIRECTION('center_axis',(0.866025403784428,-0.500000000000018,0.));
#7012=DIRECTION('ref_axis',(-0.500000000000018,-0.866025403784428,0.));
#7013=DIRECTION('center_axis',(-6.53830933391196E-14,7.40315878342328E-15,
1.));
#7014=DIRECTION('ref_axis',(0.562495224882797,-0.826800533371896,4.28986134220922E-14));
#7015=DIRECTION('center_axis',(-0.826800505497588,-0.562495265854685,0.));
#7016=DIRECTION('ref_axis',(0.562495265854685,-0.826800505497588,-1.70740499604017E-15));
#7017=DIRECTION('center_axis',(-2.17888795071687E-11,3.83745265895197E-11,
1.));
#7018=DIRECTION('ref_axis',(1.,0.,2.17888656417187E-11));
#7019=DIRECTION('center_axis',(-3.48819377243579E-12,5.81535091063303E-12,
-1.));
#7020=DIRECTION('ref_axis',(-0.434784112972875,0.900534716213867,6.75353661721697E-12));
#7021=DIRECTION('center_axis',(-0.900535442487359,-0.434782608695538,0.));
#7022=DIRECTION('ref_axis',(-0.434782608695538,0.900535442487359,0.));
#7023=DIRECTION('center_axis',(-1.78617217571068E-15,1.21794253217014E-15,
1.));
#7024=DIRECTION('ref_axis',(1.,0.,1.79980573700228E-15));
#7025=DIRECTION('center_axis',(-1.25424203093158E-13,-8.78407213019875E-14,
1.));
#7026=DIRECTION('ref_axis',(0.999999999999993,-1.19184406351057E-7,1.25424192623913E-13));
#7027=DIRECTION('center_axis',(8.06944511211327E-11,-1.,0.));
#7028=DIRECTION('ref_axis',(1.,8.06944511211327E-11,1.70740499604017E-15));
#7029=DIRECTION('center_axis',(0.,0.,-1.));
#7030=DIRECTION('ref_axis',(-0.500000000000017,-0.866025403784429,0.));
#7031=DIRECTION('center_axis',(0.,0.,1.));
#7032=DIRECTION('ref_axis',(-0.500000000000014,-0.866025403784431,0.));
#7033=DIRECTION('center_axis',(-1.11022302462516E-16,-1.,0.));
#7034=DIRECTION('ref_axis',(1.,-1.11022302462516E-16,0.));
#7035=DIRECTION('',(1.11022302462516E-16,1.,0.));
#7036=DIRECTION('center_axis',(0.,0.,-1.));
#7037=DIRECTION('ref_axis',(0.748231497785373,0.663437733115819,0.));
#7038=DIRECTION('center_axis',(4.19431607578344E-14,3.5874326802387E-12,
1.));
#7039=DIRECTION('ref_axis',(1.,0.,-4.19447298161388E-14));
#7040=DIRECTION('center_axis',(-2.51101223411064E-15,-1.65275237359258E-14,
-1.));
#7041=DIRECTION('ref_axis',(0.11970069515529,0.992810023911594,-1.67092611454304E-14));
#7042=DIRECTION('center_axis',(1.11022302462516E-16,1.,0.));
#7043=DIRECTION('ref_axis',(-1.,1.11022302462516E-16,0.));
#7044=DIRECTION('',(-1.11022302462516E-16,-1.,0.));
#7045=DIRECTION('center_axis',(1.11022302462516E-16,1.,0.));
#7046=DIRECTION('ref_axis',(-1.,1.11022302462516E-16,0.));
#7047=DIRECTION('center_axis',(-6.67520519823913E-16,-1.09900692087985E-16,
1.));
#7048=DIRECTION('ref_axis',(1.,0.,6.68499273743722E-16));
#7049=DIRECTION('center_axis',(-1.90744596524681E-12,-1.19778382595095E-12,
1.));
#7050=DIRECTION('ref_axis',(-0.434783561769322,-0.900534982338377,-1.90797238720046E-12));
#7051=DIRECTION('center_axis',(-0.900535442487301,0.434782608695657,0.));
#7052=DIRECTION('ref_axis',(-0.434782608695657,-0.900535442487301,-8.53702498020082E-16));
#7053=DIRECTION('center_axis',(-1.63523322734087E-11,-2.78586049298459E-11,
1.));
#7054=DIRECTION('ref_axis',(1.,0.,1.63523337907692E-11));
#7055=DIRECTION('center_axis',(5.17579182429361E-12,8.84966839451588E-12,
-1.));
#7056=DIRECTION('ref_axis',(0.562493838242376,0.826801476739949,1.0228269906435E-11));
#7057=DIRECTION('center_axis',(-0.826800505497747,0.562495265854452,0.));
#7058=DIRECTION('ref_axis',(0.562495265854451,0.826800505497747,0.));
#7059=DIRECTION('center_axis',(1.22928099088158E-16,-1.54211682363266E-15,
1.));
#7060=DIRECTION('ref_axis',(1.,0.,-1.54269063171628E-16));
#7061=DIRECTION('center_axis',(-1.38759157655928E-13,6.43082043609017E-14,
1.));
#7062=DIRECTION('ref_axis',(0.499999896783493,-0.866025463376509,1.2507210698629E-13));
#7063=DIRECTION('center_axis',(-0.866025403744011,-0.500000000070024,0.));
#7064=DIRECTION('ref_axis',(0.500000000070024,-0.866025403744011,0.));
#7065=DIRECTION('center_axis',(0.,0.,-1.));
#7066=DIRECTION('ref_axis',(0.200438181824142,0.979706351549806,0.));
#7067=DIRECTION('center_axis',(-0.866025403784458,-0.499999999999966,0.));
#7068=DIRECTION('ref_axis',(0.499999999999966,-0.866025403784458,0.));
#7069=DIRECTION('',(0.866025403784458,0.499999999999966,0.));
#7070=DIRECTION('center_axis',(0.,0.,-1.));
#7071=DIRECTION('ref_axis',(-0.500000000000017,-0.866025403784429,0.));
#7072=DIRECTION('center_axis',(0.,0.,-1.));
#7073=DIRECTION('ref_axis',(-0.500000000000017,-0.866025403784429,0.));
#7074=DIRECTION('center_axis',(-6.02156921186431E-12,-3.38357986921262E-12,
1.));
#7075=DIRECTION('ref_axis',(1.,0.,6.02156994427937E-12));
#7076=DIRECTION('center_axis',(-1.79682499038809E-14,-7.15234373228617E-15,
-1.));
#7077=DIRECTION('ref_axis',(0.919649049417131,0.392741169100169,-1.93335037830179E-14));
#7078=DIRECTION('center_axis',(-0.392741120029971,0.919649070372827,0.));
#7079=DIRECTION('ref_axis',(0.919649070372827,0.392741120029971,0.));
#7080=DIRECTION('center_axis',(0.866025403784458,0.499999999999966,0.));
#7081=DIRECTION('ref_axis',(-0.499999999999966,0.866025403784458,0.));
#7082=DIRECTION('center_axis',(-0.866025403784458,-0.499999999999966,0.));
#7083=DIRECTION('ref_axis',(-0.499999999999966,0.866025403784458,-1.70740499604016E-15));
#7084=DIRECTION('',(-0.866025403784458,-0.499999999999966,0.));
#7085=DIRECTION('center_axis',(0.866025403784458,0.499999999999966,0.));
#7086=DIRECTION('ref_axis',(-0.499999999999966,0.866025403784458,0.));
#7087=DIRECTION('center_axis',(3.4576900819503E-16,1.77854726196759E-16,
1.));
#7088=DIRECTION('ref_axis',(-0.883882137463505,0.467709703847318,2.05692084228841E-16));
#7089=DIRECTION('center_axis',(-1.9857777696719E-12,1.05022328540305E-12,
1.));
#7090=DIRECTION('ref_axis',(-0.997277952467441,-0.0737338831362376,-1.90293534720089E-12));
#7091=DIRECTION('center_axis',(-0.0737349369893616,0.997277874550105,0.));
#7092=DIRECTION('ref_axis',(-0.997277874550105,-0.0737349369893616,-8.53702498020083E-16));
#7093=DIRECTION('center_axis',(-6.30622480373217E-11,4.54150309827451E-13,
1.));
#7094=DIRECTION('ref_axis',(1.,0.,6.30622383748606E-11));
#7095=DIRECTION('center_axis',(1.02232031388799E-11,-5.65897942804191E-14,
-1.));
#7096=DIRECTION('ref_axis',(0.997278001844265,-0.0737332152934532,1.01995481462752E-11));
#7097=DIRECTION('center_axis',(0.0737349369895525,0.997277874550091,0.));
#7098=DIRECTION('ref_axis',(0.997277874550091,-0.0737349369895525,0.));
#7099=DIRECTION('center_axis',(5.24332445360462E-15,1.99656231752127E-15,
1.));
#7100=DIRECTION('ref_axis',(-0.88388213744468,-0.467709703882893,5.55368627417868E-15));
#7101=DIRECTION('center_axis',(-2.03775527793439E-12,-1.11126864865875E-12,
1.));
#7102=DIRECTION('ref_axis',(-0.500000917439329,-0.866024874099947,-1.98126580002994E-12));
#7103=DIRECTION('center_axis',(-0.866025403824813,0.499999999930069,0.));
#7104=DIRECTION('ref_axis',(-0.499999999930069,-0.866025403824813,-8.53702498020082E-16));
#7105=DIRECTION('center_axis',(0.,0.,-1.));
#7106=DIRECTION('ref_axis',(0.948669679603639,0.316268618425429,0.));
#7107=DIRECTION('center_axis',(0.,0.,1.));
#7108=DIRECTION('ref_axis',(-0.500000000000017,-0.866025403784429,0.));
#7109=DIRECTION('center_axis',(0.,0.,-1.));
#7110=DIRECTION('ref_axis',(-0.500000000000017,-0.866025403784429,0.));
#7111=DIRECTION('center_axis',(-0.866025403784429,0.500000000000017,0.));
#7112=DIRECTION('ref_axis',(0.,0.,1.));
#7113=DIRECTION('',(0.866025403784429,-0.500000000000017,0.));
#7114=DIRECTION('center_axis',(-0.866025403784429,0.500000000000017,0.));
#7115=DIRECTION('ref_axis',(0.,0.,1.));
#7116=DIRECTION('center_axis',(0.,0.,-1.));
#7117=DIRECTION('ref_axis',(-0.500000000000018,-0.866025403784428,0.));
#7118=DIRECTION('center_axis',(0.,0.,1.));
#7119=DIRECTION('ref_axis',(-0.500000000000018,-0.866025403784428,0.));
#7120=DIRECTION('center_axis',(0.,0.,-1.));
#7121=DIRECTION('ref_axis',(-0.500000000000018,-0.866025403784428,0.));
#7122=DIRECTION('center_axis',(-4.67268754274649E-12,2.77072707050636E-12,
1.));
#7123=DIRECTION('ref_axis',(1.,0.,4.67269062202723E-12));
#7124=DIRECTION('center_axis',(-0.392741120030011,-0.919649070372809,0.));
#7125=DIRECTION('ref_axis',(0.919649070372809,-0.392741120030011,0.));
#7126=DIRECTION('center_axis',(-1.27787479258478E-14,1.09216068295507E-14,
-1.));
#7127=DIRECTION('ref_axis',(0.79994835426198,-0.60006885481047,-1.67760544757093E-14));
#7128=DIRECTION('center_axis',(0.600068897494618,0.799948322243127,0.));
#7129=DIRECTION('ref_axis',(0.799948322243127,-0.600068897494618,0.));
#7130=DIRECTION('center_axis',(0.866025403784429,-0.500000000000017,0.));
#7131=DIRECTION('ref_axis',(0.,0.,-1.));
#7132=DIRECTION('center_axis',(-0.866025403784429,0.500000000000017,0.));
#7133=DIRECTION('ref_axis',(0.,0.,-1.));
#7134=DIRECTION('',(-0.866025403784429,0.500000000000017,0.));
#7135=DIRECTION('center_axis',(0.866025403784429,-0.500000000000017,0.));
#7136=DIRECTION('ref_axis',(0.,0.,-1.));
#7137=DIRECTION('center_axis',(2.64983239490621E-16,-2.53067236679468E-15,
1.));
#7138=DIRECTION('ref_axis',(1.,0.,-2.57115105286049E-16));
#7139=DIRECTION('center_axis',(-8.33688400318567E-14,2.24484563742328E-12,
1.));
#7140=DIRECTION('ref_axis',(-0.56249439216531,0.826801099891974,-1.90293534710851E-12));
#7141=DIRECTION('center_axis',(0.826800505497588,0.562495265854685,0.));
#7142=DIRECTION('ref_axis',(-0.562495265854685,0.826800505497588,-1.70740499604017E-15));
#7143=DIRECTION('center_axis',(8.36971224181499E-13,-1.47398898717916E-12,
1.));
#7144=DIRECTION('ref_axis',(1.,0.,-8.36968257025359E-13));
#7145=DIRECTION('center_axis',(5.06498756475958E-12,-8.88599538706188E-12,
-1.));
#7146=DIRECTION('ref_axis',(0.434784163397028,-0.900534691868751,1.02043234987953E-11));
#7147=DIRECTION('center_axis',(0.900535442487359,0.434782608695538,0.));
#7148=DIRECTION('ref_axis',(0.434782608695538,-0.900535442487359,0.));
#7149=DIRECTION('center_axis',(-6.56089503089733E-15,4.04175566317645E-15,
1.));
#7150=DIRECTION('ref_axis',(1.,0.,6.58214669532272E-15));
#7151=DIRECTION('center_axis',(1.25109754146191E-13,8.79443778032606E-14,
1.));
#7152=DIRECTION('ref_axis',(-0.999999999999993,1.19184404333693E-7,1.25109743664592E-13));
#7153=DIRECTION('center_axis',(-8.06944511211327E-11,1.,0.));
#7154=DIRECTION('ref_axis',(-1.,-8.06944511211327E-11,0.));
#7155=DIRECTION('center_axis',(0.,0.,-1.));
#7156=DIRECTION('ref_axis',(-0.500000000000017,-0.866025403784429,0.));
#7157=DIRECTION('center_axis',(0.,0.,1.));
#7158=DIRECTION('ref_axis',(-0.500000000000017,-0.866025403784429,0.));
#7159=DIRECTION('center_axis',(1.11022302462516E-16,1.,0.));
#7160=DIRECTION('ref_axis',(-1.,1.11022302462516E-16,0.));
#7161=DIRECTION('',(-1.11022302462516E-16,-1.,0.));
#7162=DIRECTION('center_axis',(-4.15015435852307E-14,-3.55299369559153E-12,
1.));
#7163=DIRECTION('ref_axis',(1.,0.,4.1500434914191E-14));
#7164=DIRECTION('center_axis',(2.51101223411064E-15,1.65275237359259E-14,
-1.));
#7165=DIRECTION('ref_axis',(-0.119700695155287,-0.992810023911595,-1.67092611454305E-14));
#7166=DIRECTION('center_axis',(-1.11022302462516E-16,-1.,0.));
#7167=DIRECTION('ref_axis',(1.,-1.11022302462516E-16,0.));
#7168=DIRECTION('',(1.11022302462516E-16,1.,0.));
#7169=DIRECTION('center_axis',(-1.11022302462516E-16,-1.,0.));
#7170=DIRECTION('ref_axis',(1.,-1.11022302462516E-16,0.));
#7171=DIRECTION('center_axis',(3.33760259911959E-16,5.49503460439937E-17,
1.));
#7172=DIRECTION('ref_axis',(1.,0.,-3.59961147400462E-16));
#7173=DIRECTION('center_axis',(1.90744596524681E-12,1.19778382595095E-12,
1.));
#7174=DIRECTION('ref_axis',(0.434783561769323,0.900534982338377,-1.90797238720047E-12));
#7175=DIRECTION('center_axis',(0.900535442487301,-0.434782608695657,0.));
#7176=DIRECTION('ref_axis',(0.434782608695657,0.900535442487301,0.));
#7177=DIRECTION('center_axis',(-4.6239445710526E-12,-7.87663278919488E-12,
1.));
#7178=DIRECTION('ref_axis',(1.,0.,4.62394546407446E-12));
#7179=DIRECTION('center_axis',(-5.1757918242932E-12,-8.84966839451522E-12,
-1.));
#7180=DIRECTION('ref_axis',(-0.56249383824237,-0.826801476739953,1.02282699064342E-11));
#7181=DIRECTION('center_axis',(0.826800505497747,-0.562495265854452,0.));
#7182=DIRECTION('ref_axis',(-0.562495265854452,-0.826800505497747,0.));
#7183=DIRECTION('center_axis',(-2.00438071618569E-16,-5.85380031519794E-15,
1.));
#7184=DIRECTION('ref_axis',(1.,0.,2.05692084228837E-16));
#7185=DIRECTION('center_axis',(1.38747298868343E-13,-6.46294252442101E-14,
1.));
#7186=DIRECTION('ref_axis',(-0.499999896783491,0.86602546337651,1.25344363058034E-13));
#7187=DIRECTION('center_axis',(0.866025403744011,0.500000000070024,0.));
#7188=DIRECTION('ref_axis',(-0.500000000070024,0.866025403744011,0.));
#7189=DIRECTION('center_axis',(0.866025403784458,0.499999999999966,0.));
#7190=DIRECTION('ref_axis',(-0.499999999999966,0.866025403784458,0.));
#7191=DIRECTION('',(-0.866025403784458,-0.499999999999966,0.));
#7192=DIRECTION('center_axis',(0.,0.,-1.));
#7193=DIRECTION('ref_axis',(-0.500000000000017,-0.866025403784429,0.));
#7194=DIRECTION('center_axis',(0.,0.,-1.));
#7195=DIRECTION('ref_axis',(-0.500000000000017,-0.866025403784429,0.));
#7196=DIRECTION('center_axis',(5.76223475128307E-12,3.23824071695993E-12,
1.));
#7197=DIRECTION('ref_axis',(1.,0.,-5.76223336448676E-12));
#7198=DIRECTION('center_axis',(1.79682499038809E-14,7.15234373228618E-15,
-1.));
#7199=DIRECTION('ref_axis',(-0.919649049417129,-0.392741169100174,-1.93335037830179E-14));
#7200=DIRECTION('center_axis',(0.392741120029971,-0.919649070372827,0.));
#7201=DIRECTION('ref_axis',(-0.919649070372827,-0.392741120029971,0.));
#7202=DIRECTION('center_axis',(-0.866025403784458,-0.499999999999966,0.));
#7203=DIRECTION('ref_axis',(0.499999999999966,-0.866025403784458,0.));
#7204=DIRECTION('center_axis',(0.866025403784458,0.499999999999966,0.));
#7205=DIRECTION('ref_axis',(0.499999999999966,-0.866025403784458,-1.70740499604016E-15));
#7206=DIRECTION('',(0.866025403784458,0.499999999999966,0.));
#7207=DIRECTION('center_axis',(-0.866025403784458,-0.499999999999966,0.));
#7208=DIRECTION('ref_axis',(0.499999999999966,-0.866025403784458,0.));
#7209=DIRECTION('center_axis',(4.77069490813341E-16,6.1727914322893E-16,
1.));
#7210=DIRECTION('ref_axis',(1.,0.,-4.62807189514879E-16));
#7211=DIRECTION('center_axis',(1.9857777696719E-12,-1.05022328540305E-12,
1.));
#7212=DIRECTION('ref_axis',(0.997277952467441,0.0737338831362357,-1.90293534720089E-12));
#7213=DIRECTION('center_axis',(0.0737349369893616,-0.997277874550105,0.));
#7214=DIRECTION('ref_axis',(0.997277874550105,0.0737349369893616,2.56110749406025E-15));
#7215=DIRECTION('center_axis',(2.26315397932791E-12,-1.58681134201559E-14,
1.));
#7216=DIRECTION('ref_axis',(-1.,2.74110849532845E-14,2.26315136718205E-12));
#7217=DIRECTION('center_axis',(-1.02232031388805E-11,5.65897942804068E-14,
-1.));
#7218=DIRECTION('ref_axis',(-0.997278001844265,0.0737332152934526,1.01995481462759E-11));
#7219=DIRECTION('center_axis',(-0.0737349369895525,-0.997277874550091,0.));
#7220=DIRECTION('ref_axis',(-0.997277874550091,0.0737349369895525,0.));
#7221=DIRECTION('center_axis',(-1.14925572414394E-14,-6.75497760579204E-15,
1.));
#7222=DIRECTION('ref_axis',(1.,0.,1.15187567168147E-14));
#7223=DIRECTION('center_axis',(1.31793850516053E-14,-1.52591685352063E-13,
1.));
#7224=DIRECTION('ref_axis',(0.500000103215169,0.866025344193125,1.25558572941914E-13));
#7225=DIRECTION('center_axis',(0.866025403824813,-0.499999999930069,0.));
#7226=DIRECTION('ref_axis',(0.499999999930069,0.866025403824813,3.62823561658535E-15));
#7227=DIRECTION('center_axis',(0.,0.,-1.));
#7228=DIRECTION('ref_axis',(-0.500000000000017,-0.866025403784429,0.));
#7229=DIRECTION('center_axis',(0.,0.,1.));
#7230=DIRECTION('ref_axis',(-0.500000000000017,-0.866025403784429,0.));
#7231=DIRECTION('center_axis',(0.,0.,-1.));
#7232=DIRECTION('ref_axis',(-0.500000000000017,-0.866025403784429,0.));
#7233=DIRECTION('center_axis',(0.866025403784429,-0.500000000000017,0.));
#7234=DIRECTION('ref_axis',(0.,0.,-1.));
#7235=DIRECTION('',(-0.866025403784429,0.500000000000017,0.));
#7236=DIRECTION('center_axis',(0.866025403784429,-0.500000000000017,0.));
#7237=DIRECTION('ref_axis',(0.,0.,-1.));
#7238=DIRECTION('center_axis',(0.,0.,-1.));
#7239=DIRECTION('ref_axis',(-0.20043818181493,0.979706351551691,0.));
#7240=DIRECTION('center_axis',(0.,0.,1.));
#7241=DIRECTION('ref_axis',(-0.500000000000017,-0.866025403784429,0.));
#7242=DIRECTION('center_axis',(0.,0.,-1.));
#7243=DIRECTION('ref_axis',(-0.500000000000017,-0.866025403784429,0.));
#7244=DIRECTION('center_axis',(-2.55154464891765E-13,1.51656285201933E-13,
1.));
#7245=DIRECTION('ref_axis',(1.,0.,2.551486889609E-13));
#7246=DIRECTION('center_axis',(0.392741120030011,0.919649070372809,0.));
#7247=DIRECTION('ref_axis',(-0.919649070372809,0.392741120030011,0.));
#7248=DIRECTION('center_axis',(1.27787479258476E-14,-1.09216068295506E-14,
-1.));
#7249=DIRECTION('ref_axis',(-0.799948354261982,0.600068854810468,-1.67760544757091E-14));
#7250=DIRECTION('center_axis',(-0.600068897494618,-0.799948322243127,0.));
#7251=DIRECTION('ref_axis',(-0.799948322243127,0.600068897494618,0.));
#7252=DIRECTION('center_axis',(-0.866025403784429,0.500000000000017,0.));
#7253=DIRECTION('ref_axis',(0.,0.,1.));
#7254=DIRECTION('center_axis',(0.866025403784429,-0.500000000000017,0.));
#7255=DIRECTION('ref_axis',(-7.39328050559642E-16,-1.2805537470301E-15,
1.));
#7256=DIRECTION('',(0.866025403784429,-0.500000000000017,0.));
#7257=DIRECTION('center_axis',(0.,0.,1.));
#7258=DIRECTION('ref_axis',(0.500000000000017,0.866025403784429,0.));
#7259=DIRECTION('center_axis',(0.,0.,1.));
#7260=DIRECTION('ref_axis',(-0.500000000000016,-0.866025403784429,0.));
#7261=DIRECTION('center_axis',(7.32574415665829E-15,5.35271160575185E-15,
1.));
#7262=DIRECTION('ref_axis',(-0.500000000000018,-0.866025403784428,8.29845630804212E-15));
#7263=DIRECTION('center_axis',(0.,0.,1.));
#7264=DIRECTION('ref_axis',(0.500000000000017,0.866025403784429,0.));
#7265=DIRECTION('center_axis',(0.,0.,1.));
#7266=DIRECTION('ref_axis',(0.500000000000017,0.866025403784429,0.));
#7267=DIRECTION('center_axis',(0.,0.,1.));
#7268=DIRECTION('ref_axis',(0.500000000000017,0.866025403784429,0.));
#7269=DIRECTION('center_axis',(0.,0.,1.));
#7270=DIRECTION('ref_axis',(0.500000000000017,0.866025403784429,0.));
#7271=DIRECTION('',(0.,-1.,0.));
#7272=DIRECTION('',(0.866025403784439,0.,0.5));
#7273=DIRECTION('axis',(0.,0.,1.));
#7274=DIRECTION('refdir',(1.,0.,0.));
#7275=DIRECTION('axis',(0.,0.,1.));
#7276=DIRECTION('refdir',(1.,0.,0.));
#7277=DIRECTION('center_axis',(1.,0.,-3.96508223080413E-16));
#7278=DIRECTION('ref_axis',(3.96508223080413E-16,0.,1.));
#7279=DIRECTION('',(-3.96508223080413E-16,0.,-1.));
#7280=DIRECTION('',(0.,-1.,0.));
#7281=DIRECTION('',(0.,0.,1.));
#7282=DIRECTION('',(0.,1.,0.));
#7283=DIRECTION('center_axis',(-3.58434640214567E-16,0.,1.));
#7284=DIRECTION('ref_axis',(-1.,0.,-3.58434640214567E-16));
#7285=DIRECTION('',(1.,0.,3.58434640214567E-16));
#7286=DIRECTION('',(0.,-1.,0.));
#7287=DIRECTION('center_axis',(3.58434640214567E-16,0.,-1.));
#7288=DIRECTION('ref_axis',(-1.,0.,0.));
#7289=DIRECTION('center_axis',(-1.,0.,2.37904933848248E-16));
#7290=DIRECTION('ref_axis',(-2.37904933848248E-16,0.,-1.));
#7291=DIRECTION('',(2.37904933848248E-16,0.,1.));
#7292=DIRECTION('',(0.,-1.,0.));
#7293=DIRECTION('',(0.,0.,-1.));
#7294=DIRECTION('center_axis',(-1.,0.,2.37904933848248E-16));
#7295=DIRECTION('ref_axis',(-2.37904933848248E-16,0.,-1.));
#7296=DIRECTION('',(0.,0.,1.));
#7297=DIRECTION('',(0.,-1.,0.));
#7298=DIRECTION('',(-2.37904933848248E-16,0.,-1.));
#7299=DIRECTION('',(0.,-1.,0.));
#7300=DIRECTION('center_axis',(1.,0.,-3.96508223080413E-16));
#7301=DIRECTION('ref_axis',(3.96508223080413E-16,0.,1.));
#7302=DIRECTION('',(0.,0.,-1.));
#7303=DIRECTION('',(0.,-1.,0.));
#7304=DIRECTION('',(3.96508223080413E-16,0.,1.));
#7305=DIRECTION('',(0.,1.,0.));
#7306=DIRECTION('center_axis',(-3.58434640214567E-16,0.,1.));
#7307=DIRECTION('ref_axis',(-1.,0.,-3.58434640214567E-16));
#7308=DIRECTION('center_axis',(3.58434640214567E-16,0.,-1.));
#7309=DIRECTION('ref_axis',(-1.,0.,0.));
#7310=DIRECTION('',(-1.,0.,-3.58434640214567E-16));
#7311=DIRECTION('center_axis',(0.,1.,0.));
#7312=DIRECTION('ref_axis',(0.,0.,1.));
#7313=DIRECTION('center_axis',(-6.47664294372751E-17,-1.,-6.47664294372751E-17));
#7314=DIRECTION('ref_axis',(4.19469038205353E-33,6.47664294372751E-17,-1.));
#7315=DIRECTION('center_axis',(0.,-1.,0.));
#7316=DIRECTION('ref_axis',(-1.,0.,0.));
#7317=DIRECTION('center_axis',(0.,0.,-1.));
#7318=DIRECTION('ref_axis',(-1.,0.,0.));
#7319=DIRECTION('',(0.,0.,-1.));
#7320=DIRECTION('center_axis',(0.,-1.,0.));
#7321=DIRECTION('ref_axis',(1.11561800404343E-9,0.,-1.));
#7322=DIRECTION('center_axis',(0.,1.,0.));
#7323=DIRECTION('ref_axis',(-1.,0.,0.));
#7324=DIRECTION('center_axis',(-6.47664294372751E-17,-1.,-6.47664294372751E-17));
#7325=DIRECTION('ref_axis',(-4.19469038205353E-33,6.47664294372751E-17,
-1.));
#7326=DIRECTION('center_axis',(0.,-1.,0.));
#7327=DIRECTION('ref_axis',(0.,0.,-1.));
#7328=DIRECTION('',(1.32392387071887E-16,0.707106781186548,-0.707106781186547));
#7329=DIRECTION('center_axis',(0.,1.,0.));
#7330=DIRECTION('ref_axis',(0.,0.,1.));
#7331=DIRECTION('center_axis',(0.,1.,0.));
#7332=DIRECTION('ref_axis',(0.,0.,1.));
#7333=DIRECTION('',(0.,-1.,0.));
#7334=DIRECTION('center_axis',(-2.33235859781105E-16,-1.,-4.03976359383409E-16));
#7335=DIRECTION('ref_axis',(-5.33524454946491E-33,4.03976359383409E-16,
-1.));
#7336=DIRECTION('center_axis',(0.,-1.,0.));
#7337=DIRECTION('ref_axis',(0.,0.,-1.));
#7338=DIRECTION('',(0.,-1.,0.));
#7339=DIRECTION('center_axis',(0.,1.,0.));
#7340=DIRECTION('ref_axis',(0.,0.,1.));
#7341=DIRECTION('center_axis',(0.,1.,0.));
#7342=DIRECTION('ref_axis',(0.,0.,1.));
#7343=DIRECTION('',(0.,1.,0.));
#7344=DIRECTION('center_axis',(0.,-1.,0.));
#7345=DIRECTION('ref_axis',(0.,0.,1.));
#7346=DIRECTION('center_axis',(0.,-1.,0.));
#7347=DIRECTION('ref_axis',(0.,0.,-1.));
#7348=DIRECTION('',(0.,1.,0.));
#7349=DIRECTION('center_axis',(0.,-1.,0.));
#7350=DIRECTION('ref_axis',(0.,0.,-1.));
#7351=DIRECTION('center_axis',(0.,1.,0.));
#7352=DIRECTION('ref_axis',(-8.88178419700125E-15,0.,-1.));
#7353=DIRECTION('',(0.,1.,0.));
#7354=DIRECTION('center_axis',(0.,1.,0.));
#7355=DIRECTION('ref_axis',(0.,0.,-1.));
#7356=DIRECTION('',(0.,-1.,0.));
#7357=DIRECTION('center_axis',(0.,1.,0.));
#7358=DIRECTION('ref_axis',(0.,0.,-1.));
#7359=DIRECTION('',(0.,1.,0.));
#7360=DIRECTION('center_axis',(0.,1.,0.));
#7361=DIRECTION('ref_axis',(0.,0.,-1.));
#7362=DIRECTION('',(0.,1.,0.));
#7363=DIRECTION('',(0.,1.,0.));
#7364=DIRECTION('center_axis',(0.,1.,0.));
#7365=DIRECTION('ref_axis',(0.,0.,-1.));
#7366=DIRECTION('',(0.,-1.,0.));
#7367=DIRECTION('center_axis',(0.,1.,0.));
#7368=DIRECTION('ref_axis',(2.66453525910037E-15,0.,-1.));
#7369=DIRECTION('',(0.,1.,0.));
#7370=DIRECTION('center_axis',(0.,1.,0.));
#7371=DIRECTION('ref_axis',(-1.77635683940025E-15,0.,-1.));
#7372=DIRECTION('',(0.,-1.,0.));
#7373=DIRECTION('center_axis',(0.,1.,0.));
#7374=DIRECTION('ref_axis',(0.,0.,1.));
#7375=DIRECTION('center_axis',(0.,-1.,0.));
#7376=DIRECTION('ref_axis',(5.32907051820075E-15,0.,1.));
#7377=DIRECTION('',(0.500000000000001,0.,0.866025403784438));
#7378=DIRECTION('center_axis',(0.,1.,0.));
#7379=DIRECTION('ref_axis',(0.,0.,1.));
#7380=DIRECTION('',(0.,0.,1.));
#7381=DIRECTION('',(0.,0.,-1.));
#7382=DIRECTION('center_axis',(0.,1.,0.));
#7383=DIRECTION('ref_axis',(0.,0.,1.));
#7384=DIRECTION('',(0.499999999999998,0.,-0.866025403784439));
#7385=DIRECTION('center_axis',(1.,0.,2.18149703080902E-15));
#7386=DIRECTION('ref_axis',(2.18149703080902E-15,0.,-1.));
#7387=DIRECTION('',(-2.18149703080902E-15,0.,1.));
#7388=DIRECTION('',(0.,-1.,0.));
#7389=DIRECTION('center_axis',(2.18149703080902E-15,0.,-1.));
#7390=DIRECTION('ref_axis',(-1.,0.,-2.18149703080902E-15));
#7391=DIRECTION('',(2.18149703080902E-15,0.,-1.));
#7392=DIRECTION('center_axis',(2.18149703080902E-15,0.,-1.));
#7393=DIRECTION('ref_axis',(-1.,0.,-2.18149703080902E-15));
#7394=DIRECTION('center_axis',(0.,1.,0.));
#7395=DIRECTION('ref_axis',(0.,0.,1.));
#7396=DIRECTION('',(-0.866025403784442,0.,0.499999999999994));
#7397=DIRECTION('center_axis',(1.65128145095112E-15,-1.,1.65128145095117E-15));
#7398=DIRECTION('ref_axis',(-3.83417262268681E-15,1.65128145095116E-15,
1.));
#7399=DIRECTION('',(-0.499999999999998,0.,0.86602540378444));
#7400=DIRECTION('center_axis',(0.,-1.,0.));
#7401=DIRECTION('ref_axis',(0.,0.,1.));
#7402=DIRECTION('center_axis',(0.,1.,0.));
#7403=DIRECTION('ref_axis',(0.,0.,1.));
#7404=DIRECTION('center_axis',(0.,-1.,0.));
#7405=DIRECTION('ref_axis',(0.,0.,1.));
#7406=DIRECTION('',(1.,0.,0.));
#7407=DIRECTION('center_axis',(-1.81323287953866E-15,-1.,-6.76707723239226E-15));
#7408=DIRECTION('ref_axis',(-2.80259692864963E-45,-6.76707723239226E-15,
1.));
#7409=DIRECTION('',(0.866025403784454,0.,-0.499999999999974));
#7410=DIRECTION('',(0.,0.,-1.));
#7411=DIRECTION('center_axis',(-2.25569241079757E-15,-1.,6.04410959846217E-16));
#7412=DIRECTION('ref_axis',(-1.,2.25569241079753E-15,-7.8600538765074E-14));
#7413=DIRECTION('',(-0.500000000000002,0.,-0.866025403784438));
#7414=DIRECTION('center_axis',(-4.37202142104306E-19,-1.,-2.52444764138212E-19));
#7415=DIRECTION('ref_axis',(-0.866035748264038,2.52414825413196E-19,0.499982082407708));
#7416=DIRECTION('center_axis',(3.36646562824703E-18,-1.,2.67514463677422E-17));
#7417=DIRECTION('ref_axis',(0.000265811949021352,2.67523402694572E-17,0.999999964672003));
#7418=DIRECTION('center_axis',(0.,1.,0.));
#7419=DIRECTION('ref_axis',(0.,0.,1.));
#7420=DIRECTION('center_axis',(-1.76361259798112E-16,-1.,6.89454306635008E-15));
#7421=DIRECTION('ref_axis',(-0.150965131952995,6.84214971734465E-15,0.988539088217767));
#7422=DIRECTION('center_axis',(4.65882093592917E-20,-1.,-2.69016306993283E-20));
#7423=DIRECTION('ref_axis',(2.92521544389474E-5,-2.69002678823234E-20,0.999999999572156));
#7424=DIRECTION('',(-0.499999999999998,0.,0.86602540378444));
#7425=DIRECTION('center_axis',(0.,-1.,0.));
#7426=DIRECTION('ref_axis',(-1.05439747123885E-14,0.,1.));
#7427=DIRECTION('',(0.866025403784454,0.,0.499999999999973));
#7428=DIRECTION('center_axis',(0.,-1.,0.));
#7429=DIRECTION('ref_axis',(1.91708631134337E-15,0.,1.));
#7430=DIRECTION('',(1.,0.,0.));
#7431=DIRECTION('center_axis',(-2.00641888022669E-16,-1.,-2.9370964973678E-16));
#7432=DIRECTION('ref_axis',(8.40568613435171E-16,-2.9370964973678E-16,1.));
#7433=DIRECTION('center_axis',(0.,1.,0.));
#7434=DIRECTION('ref_axis',(0.,0.,1.));
#7435=DIRECTION('center_axis',(0.,-1.,0.));
#7436=DIRECTION('ref_axis',(8.40568613435143E-16,0.,1.));
#7437=DIRECTION('',(-0.500000000000001,0.,-0.866025403784438));
#7438=DIRECTION('center_axis',(-4.95384435285412E-15,-1.,4.95384435285405E-15));
#7439=DIRECTION('ref_axis',(-1.,4.95384435285412E-15,-1.40129846432482E-44));
#7440=DIRECTION('',(-0.866025403784466,0.,-0.499999999999953));
#7441=DIRECTION('center_axis',(-0.866025403784439,0.,-0.5));
#7442=DIRECTION('ref_axis',(-0.499999999999999,0.,0.866025403784439));
#7443=DIRECTION('center_axis',(0.866025403784439,0.,0.5));
#7444=DIRECTION('ref_axis',(-0.499999999999999,0.,0.866025403784439));
#7445=DIRECTION('',(0.866025403784439,0.,0.499999999999999));
#7446=DIRECTION('center_axis',(0.5,0.,-0.866025403784439));
#7447=DIRECTION('ref_axis',(-0.866025403784439,0.,-0.499999999999999));
#7448=DIRECTION('',(0.,1.,0.));
#7449=DIRECTION('',(-0.866025403784439,0.,-0.499999999999999));
#7450=DIRECTION('center_axis',(0.,1.,0.));
#7451=DIRECTION('ref_axis',(0.,0.,1.));
#7452=DIRECTION('center_axis',(0.,1.,0.));
#7453=DIRECTION('ref_axis',(0.,0.,1.));
#7454=DIRECTION('center_axis',(0.,-1.,0.));
#7455=DIRECTION('ref_axis',(-7.105427357601E-15,0.,1.));
#7456=DIRECTION('center_axis',(0.,1.,0.));
#7457=DIRECTION('ref_axis',(0.,0.,1.));
#7458=DIRECTION('',(-1.,0.,0.));
#7459=DIRECTION('center_axis',(0.,1.,0.));
#7460=DIRECTION('ref_axis',(0.,0.,1.));
#7461=DIRECTION('',(0.866025403784454,0.,0.499999999999973));
#7462=DIRECTION('center_axis',(0.,1.,0.));
#7463=DIRECTION('ref_axis',(0.,0.,1.));
#7464=DIRECTION('',(0.500000000000001,0.,0.866025403784438));
#7465=DIRECTION('center_axis',(-0.5,0.,0.866025403784438));
#7466=DIRECTION('ref_axis',(0.866025403784438,0.,0.5));
#7467=DIRECTION('',(-0.866025403784438,0.,-0.5));
#7468=DIRECTION('',(0.,-1.,0.));
#7469=DIRECTION('center_axis',(0.866025403784438,0.,0.5));
#7470=DIRECTION('ref_axis',(0.5,0.,-0.866025403784438));
#7471=DIRECTION('center_axis',(0.866025403784438,0.,0.5));
#7472=DIRECTION('ref_axis',(0.5,0.,-0.866025403784439));
#7473=DIRECTION('center_axis',(0.866025403784439,0.,-0.5));
#7474=DIRECTION('ref_axis',(-0.5,0.,-0.866025403784439));
#7475=DIRECTION('center_axis',(-0.866025403784439,0.,0.5));
#7476=DIRECTION('ref_axis',(-0.5,-6.28325038542779E-15,-0.866025403784439));
#7477=DIRECTION('',(-0.866025403784439,0.,0.5));
#7478=DIRECTION('center_axis',(0.5,0.,0.866025403784439));
#7479=DIRECTION('ref_axis',(0.866025403784439,0.,-0.5));
#7480=DIRECTION('',(0.,1.,0.));
#7481=DIRECTION('',(0.866025403784439,0.,-0.5));
#7482=DIRECTION('center_axis',(0.,1.,0.));
#7483=DIRECTION('ref_axis',(0.,0.,1.));
#7484=DIRECTION('center_axis',(0.,1.,0.));
#7485=DIRECTION('ref_axis',(0.,0.,1.));
#7486=DIRECTION('center_axis',(0.,-1.,0.));
#7487=DIRECTION('ref_axis',(0.,0.,1.));
#7488=DIRECTION('center_axis',(0.,1.,0.));
#7489=DIRECTION('ref_axis',(0.,0.,1.));
#7490=DIRECTION('',(0.499999999999998,0.,-0.86602540378444));
#7491=DIRECTION('center_axis',(0.,1.,0.));
#7492=DIRECTION('ref_axis',(0.,0.,1.));
#7493=DIRECTION('',(-0.866025403784429,0.,0.500000000000016));
#7494=DIRECTION('center_axis',(0.,1.,0.));
#7495=DIRECTION('ref_axis',(0.,0.,1.));
#7496=DIRECTION('',(-1.,0.,0.));
#7497=DIRECTION('center_axis',(-0.5,0.,-0.866025403784439));
#7498=DIRECTION('ref_axis',(-0.866025403784439,0.,0.499999999999999));
#7499=DIRECTION('',(0.866025403784439,0.,-0.499999999999999));
#7500=DIRECTION('',(0.,-1.,0.));
#7501=DIRECTION('center_axis',(-0.866025403784439,0.,0.5));
#7502=DIRECTION('ref_axis',(0.499999999999999,0.,0.866025403784439));
#7503=DIRECTION('center_axis',(-0.866025403784439,0.,0.5));
#7504=DIRECTION('ref_axis',(0.499999999999999,0.,0.866025403784439));
#7505=DIRECTION('center_axis',(2.18149703079384E-15,0.,1.));
#7506=DIRECTION('ref_axis',(1.,0.,-2.18149703079384E-15));
#7507=DIRECTION('center_axis',(-2.18149703079384E-15,0.,-1.));
#7508=DIRECTION('ref_axis',(1.,-1.77570119588177E-15,-2.18149703079384E-15));
#7509=DIRECTION('',(-2.18149703079384E-15,0.,-1.));
#7510=DIRECTION('center_axis',(-1.,0.,2.18149703079384E-15));
#7511=DIRECTION('ref_axis',(2.18149703079384E-15,0.,1.));
#7512=DIRECTION('',(0.,1.,0.));
#7513=DIRECTION('center_axis',(0.866025403784439,0.,0.5));
#7514=DIRECTION('ref_axis',(0.5,0.,-0.866025403784439));
#7515=DIRECTION('',(0.,1.,0.));
#7516=DIRECTION('',(-0.5,0.,0.866025403784439));
#7517=DIRECTION('center_axis',(0.,1.,0.));
#7518=DIRECTION('ref_axis',(-9.24930203287278E-14,0.,-1.));
#7519=DIRECTION('center_axis',(0.,-1.,0.));
#7520=DIRECTION('ref_axis',(5.32907051820075E-15,0.,1.));
#7521=DIRECTION('center_axis',(-0.866025403784439,0.,0.5));
#7522=DIRECTION('ref_axis',(0.5,0.,0.866025403784439));
#7523=DIRECTION('',(-0.5,0.,-0.866025403784439));
#7524=DIRECTION('',(0.,-1.,0.));
#7525=DIRECTION('center_axis',(0.,1.,0.));
#7526=DIRECTION('ref_axis',(0.,0.,1.));
#7527=DIRECTION('center_axis',(0.,-1.,0.));
#7528=DIRECTION('ref_axis',(4.26851249010041E-15,0.,1.));
#7529=DIRECTION('center_axis',(0.,1.,0.));
#7530=DIRECTION('ref_axis',(0.,0.,1.));
#7531=DIRECTION('center_axis',(0.499999999999996,-1.47894486432512E-14,
-0.866025403784441));
#7532=DIRECTION('ref_axis',(-0.866025403784441,-3.15544362088405E-29,-0.499999999999996));
#7533=DIRECTION('center_axis',(-1.65128145095112E-15,1.,-1.65128145095117E-15));
#7534=DIRECTION('ref_axis',(0.,1.66309575419176E-15,1.));
#7535=DIRECTION('center_axis',(-0.499999999999998,-6.4620130745946E-15,
0.86602540378444));
#7536=DIRECTION('ref_axis',(0.86602540378444,-1.57772181044202E-30,0.499999999999998));
#7537=DIRECTION('center_axis',(1.65128145095112E-15,-1.,1.65128145095117E-15));
#7538=DIRECTION('ref_axis',(8.35371184841381E-32,-1.65128145095117E-15,
-1.));
#7539=DIRECTION('center_axis',(0.5,0.,-0.866025403784439));
#7540=DIRECTION('ref_axis',(-0.866025403784439,0.,-0.5));
#7541=DIRECTION('center_axis',(-0.5,0.,0.866025403784439));
#7542=DIRECTION('ref_axis',(-0.866025403784439,9.56146797782493E-16,-0.5));
#7543=DIRECTION('',(-0.5,0.,0.866025403784439));
#7544=DIRECTION('center_axis',(0.,1.,0.));
#7545=DIRECTION('ref_axis',(0.,0.,1.));
#7546=DIRECTION('center_axis',(0.624919970422667,-4.6629590792602E-15,0.780688818010693));
#7547=DIRECTION('ref_axis',(0.780688818010694,-5.12759588393658E-30,-0.624919970422666));
#7548=DIRECTION('center_axis',(0.,-1.,0.));
#7549=DIRECTION('ref_axis',(1.36592399683213E-15,0.,1.));
#7550=DIRECTION('center_axis',(0.,1.,0.));
#7551=DIRECTION('ref_axis',(0.,0.,1.));
#7552=DIRECTION('center_axis',(0.363636363636533,-1.35667090477301E-15,
0.931540978723534));
#7553=DIRECTION('ref_axis',(0.931540978723534,4.93038065763132E-31,-0.363636363636533));
#7554=DIRECTION('center_axis',(0.,1.,0.));
#7555=DIRECTION('ref_axis',(0.,0.,1.));
#7556=DIRECTION('center_axis',(0.,1.,0.));
#7557=DIRECTION('ref_axis',(0.,0.,1.));
#7558=DIRECTION('center_axis',(1.,0.,0.));
#7559=DIRECTION('ref_axis',(0.,0.,-1.));
#7560=DIRECTION('center_axis',(0.,-1.,0.));
#7561=DIRECTION('ref_axis',(0.,0.,1.));
#7562=DIRECTION('center_axis',(-1.,0.,-2.56848219318926E-16));
#7563=DIRECTION('ref_axis',(-2.56848219318926E-16,0.,1.));
#7564=DIRECTION('center_axis',(1.,0.,2.56848219318926E-16));
#7565=DIRECTION('ref_axis',(-2.56848219318926E-16,0.,1.));
#7566=DIRECTION('',(1.,0.,2.56848219318926E-16));
#7567=DIRECTION('center_axis',(1.81323287953866E-15,1.,6.76707723239226E-15));
#7568=DIRECTION('ref_axis',(0.,-6.73766997852042E-15,1.));
#7569=DIRECTION('center_axis',(-1.81323287953866E-15,-1.,-6.76707723239226E-15));
#7570=DIRECTION('ref_axis',(8.00906059602549E-32,6.76707723239226E-15,-1.));
#7571=DIRECTION('center_axis',(2.25569241079757E-15,1.,-6.04410959846217E-16));
#7572=DIRECTION('ref_axis',(-1.,2.2601044864656E-15,0.));
#7573=DIRECTION('center_axis',(-0.499999999999987,8.32743556865671E-15,
-0.866025403784446));
#7574=DIRECTION('ref_axis',(-0.866025403784446,-1.65660790096412E-29,0.499999999999987));
#7575=DIRECTION('center_axis',(-2.25569241079757E-15,-1.,6.04410959846217E-16));
#7576=DIRECTION('ref_axis',(1.,-2.25569241079757E-15,8.89895621806982E-33));
#7577=DIRECTION('center_axis',(0.5,0.,0.866025403784439));
#7578=DIRECTION('ref_axis',(0.866025403784439,0.,-0.5));
#7579=DIRECTION('center_axis',(-0.5,0.,-0.866025403784439));
#7580=DIRECTION('ref_axis',(0.866025403784439,9.56146797782492E-16,-0.5));
#7581=DIRECTION('center_axis',(-1.,-5.03756842092421E-9,-4.89692999859533E-9));
#7582=DIRECTION('ref_axis',(4.8969300893829E-9,1.36403591384555E-9,-1.));
#7583=DIRECTION('center_axis',(-0.988556334059039,0.,0.150852160712912));
#7584=DIRECTION('ref_axis',(-0.150852160712912,-1.77570119588177E-15,-0.988556334059039));
#7585=DIRECTION('center_axis',(0.,1.,0.));
#7586=DIRECTION('ref_axis',(-9.31362693885984E-14,0.,-1.));
#7587=DIRECTION('center_axis',(-0.988556334059067,0.,-0.15085216071273));
#7588=DIRECTION('ref_axis',(-0.15085216071273,0.,0.988556334059067));
#7589=DIRECTION('center_axis',(-1.,-5.54349769379058E-10,-2.64788686858681E-10));
#7590=DIRECTION('ref_axis',(2.64788714144803E-10,2.72697838017204E-9,-1.));
#7591=DIRECTION('center_axis',(-0.5,0.,0.866025403784439));
#7592=DIRECTION('ref_axis',(-0.866025403784439,9.56146797782492E-16,-0.5));
#7593=DIRECTION('center_axis',(0.5,0.,-0.866025403784439));
#7594=DIRECTION('ref_axis',(-0.866025403784439,0.,-0.5));
#7595=DIRECTION('center_axis',(0.,1.,0.));
#7596=DIRECTION('ref_axis',(0.,0.,1.));
#7597=DIRECTION('center_axis',(1.,0.,0.));
#7598=DIRECTION('ref_axis',(0.,0.,-1.));
#7599=DIRECTION('center_axis',(0.,-1.,0.));
#7600=DIRECTION('ref_axis',(0.,0.,-1.));
#7601=DIRECTION('center_axis',(-1.,0.,0.));
#7602=DIRECTION('ref_axis',(0.,0.,1.));
#7603=DIRECTION('center_axis',(1.,0.,0.));
#7604=DIRECTION('ref_axis',(0.,-1.77570119588177E-15,1.));
#7605=DIRECTION('',(1.,0.,0.));
#7606=DIRECTION('center_axis',(2.00641888022669E-16,1.,2.9370964973678E-16));
#7607=DIRECTION('ref_axis',(0.,-2.71970644702576E-16,1.));
#7608=DIRECTION('center_axis',(0.363636363636366,-1.73771749585158E-15,
-0.931540978723599));
#7609=DIRECTION('ref_axis',(-0.931540978723599,-1.08468374467889E-30,-0.363636363636366));
#7610=DIRECTION('center_axis',(0.,-1.,0.));
#7611=DIRECTION('ref_axis',(0.,0.,1.));
#7612=DIRECTION('center_axis',(0.,1.,0.));
#7613=DIRECTION('ref_axis',(0.,0.,1.));
#7614=DIRECTION('center_axis',(0.62491997042253,2.33147953962959E-15,-0.780688818010803));
#7615=DIRECTION('ref_axis',(-0.780688818010803,-9.86076131526264E-31,-0.62491997042253));
#7616=DIRECTION('center_axis',(8.30239628526561E-16,1.,4.79339073021602E-16));
#7617=DIRECTION('ref_axis',(-1.,8.30239628526561E-16,1.04728159581465E-33));
#7618=DIRECTION('center_axis',(0.,1.,0.));
#7619=DIRECTION('ref_axis',(0.,0.,1.));
#7620=DIRECTION('center_axis',(-0.499999999999989,0.,-0.866025403784445));
#7621=DIRECTION('ref_axis',(-0.866025403784445,0.,0.499999999999989));
#7622=DIRECTION('center_axis',(0.,-1.,0.));
#7623=DIRECTION('ref_axis',(0.,0.,1.));
#7624=DIRECTION('center_axis',(0.5,0.,0.866025403784439));
#7625=DIRECTION('ref_axis',(0.866025403784439,0.,-0.5));
#7626=DIRECTION('center_axis',(-0.5,0.,-0.866025403784439));
#7627=DIRECTION('ref_axis',(0.866025403784439,5.3271035876453E-15,-0.5));
#7628=DIRECTION('',(-0.5,0.,-0.866025403784439));
#7629=DIRECTION('center_axis',(4.95384435285412E-15,1.,-4.95384435285405E-15));
#7630=DIRECTION('ref_axis',(-1.,4.94664378169824E-15,0.));
#7631=DIRECTION('center_axis',(-4.95384435285412E-15,-1.,4.95384435285405E-15));
#7632=DIRECTION('ref_axis',(1.,-4.95384435285412E-15,2.23195404009858E-31));
#7633=DIRECTION('center_axis',(0.,1.,0.));
#7634=DIRECTION('ref_axis',(0.,0.,1.));
#7635=DIRECTION('',(0.,1.,0.));
#7636=DIRECTION('center_axis',(-0.866025403784439,0.,0.5));
#7637=DIRECTION('ref_axis',(0.5,0.,0.866025403784439));
#7638=DIRECTION('',(0.,1.,0.));
#7639=DIRECTION('',(0.,-1.,0.));
#7640=DIRECTION('center_axis',(0.,1.,0.));
#7641=DIRECTION('ref_axis',(0.,0.,1.));
#7642=DIRECTION('',(0.,1.,0.));
#7643=DIRECTION('',(0.,-1.,0.));
#7644=DIRECTION('center_axis',(0.,0.,-1.));
#7645=DIRECTION('ref_axis',(-1.,0.,0.));
#7646=DIRECTION('',(0.,1.,0.));
#7647=DIRECTION('center_axis',(0.,1.,0.));
#7648=DIRECTION('ref_axis',(0.,0.,1.));
#7649=DIRECTION('center_axis',(0.,1.,0.));
#7650=DIRECTION('ref_axis',(0.,0.,1.));
#7651=DIRECTION('',(0.,1.,0.));
#7652=DIRECTION('center_axis',(2.56848219318926E-16,0.,-1.));
#7653=DIRECTION('ref_axis',(-1.,0.,-2.56848219318926E-16));
#7654=DIRECTION('',(0.,1.,0.));
#7655=DIRECTION('',(0.,-1.,0.));
#7656=DIRECTION('center_axis',(0.,1.,0.));
#7657=DIRECTION('ref_axis',(0.,0.,1.));
#7658=DIRECTION('',(0.,1.,0.));
#7659=DIRECTION('',(0.,-1.,0.));
#7660=DIRECTION('center_axis',(0.866025403784439,0.,0.5));
#7661=DIRECTION('ref_axis',(0.5,0.,-0.866025403784439));
#7662=DIRECTION('',(0.,1.,0.));
#7663=DIRECTION('center_axis',(0.,1.,0.));
#7664=DIRECTION('ref_axis',(0.,0.,1.));
#7665=DIRECTION('center_axis',(0.,1.,0.));
#7666=DIRECTION('ref_axis',(0.,0.,1.));
#7667=DIRECTION('center_axis',(0.,1.,0.));
#7668=DIRECTION('ref_axis',(0.,0.,1.));
#7669=DIRECTION('center_axis',(0.,1.,0.));
#7670=DIRECTION('ref_axis',(0.,0.,1.));
#7671=DIRECTION('center_axis',(0.,1.,0.));
#7672=DIRECTION('ref_axis',(0.,0.,1.));
#7673=DIRECTION('center_axis',(0.,1.,0.));
#7674=DIRECTION('ref_axis',(0.,0.,1.));
#7675=DIRECTION('center_axis',(0.,0.,1.));
#7676=DIRECTION('ref_axis',(1.,0.,0.));
#7677=DIRECTION('center_axis',(0.,0.,1.));
#7678=DIRECTION('ref_axis',(1.,0.,0.));
#7679=DIRECTION('',(0.707106781186548,8.65956056235495E-17,-0.707106781186547));
#7680=DIRECTION('center_axis',(0.,0.,-1.));
#7681=DIRECTION('ref_axis',(1.,0.,0.));
#7682=DIRECTION('center_axis',(0.,0.,-1.));
#7683=DIRECTION('ref_axis',(-1.,0.,0.));
#7684=DIRECTION('center_axis',(0.,0.,-1.));
#7685=DIRECTION('ref_axis',(1.,0.,0.));
#7686=DIRECTION('center_axis',(0.,0.,-1.));
#7687=DIRECTION('ref_axis',(1.,0.,0.));
#7688=DIRECTION('',(-0.707106781186548,8.65956056235493E-17,0.707106781186548));
#7689=DIRECTION('center_axis',(0.,0.,1.));
#7690=DIRECTION('ref_axis',(1.,0.,0.));
#7691=DIRECTION('center_axis',(0.,0.,1.));
#7692=DIRECTION('ref_axis',(1.,0.,0.));
#7693=DIRECTION('',(0.,0.,-1.));
#7694=DIRECTION('center_axis',(0.,0.,1.));
#7695=DIRECTION('ref_axis',(1.,0.,0.));
#7696=DIRECTION('center_axis',(0.,0.,1.));
#7697=DIRECTION('ref_axis',(1.,0.,0.));
#7698=DIRECTION('center_axis',(0.,0.,1.));
#7699=DIRECTION('ref_axis',(1.,0.,0.));
#7700=DIRECTION('center_axis',(0.,0.,1.));
#7701=DIRECTION('ref_axis',(1.,0.,0.));
#7702=DIRECTION('center_axis',(0.,0.,1.));
#7703=DIRECTION('ref_axis',(1.,0.,0.));
#7704=DIRECTION('center_axis',(0.,0.,1.));
#7705=DIRECTION('ref_axis',(1.,0.,0.));
#7706=DIRECTION('center_axis',(0.,0.,1.));
#7707=DIRECTION('ref_axis',(1.,0.,0.));
#7708=DIRECTION('center_axis',(0.,0.,1.));
#7709=DIRECTION('ref_axis',(1.,0.,0.));
#7710=DIRECTION('center_axis',(0.,0.,1.));
#7711=DIRECTION('ref_axis',(1.,0.,0.));
#7712=DIRECTION('center_axis',(0.,0.,1.));
#7713=DIRECTION('ref_axis',(1.,0.,0.));
#7714=DIRECTION('center_axis',(0.,0.,1.));
#7715=DIRECTION('ref_axis',(1.,0.,0.));
#7716=DIRECTION('center_axis',(0.,0.,1.));
#7717=DIRECTION('ref_axis',(1.,0.,0.));
#7718=DIRECTION('center_axis',(0.,0.,1.));
#7719=DIRECTION('ref_axis',(1.,0.,0.));
#7720=DIRECTION('center_axis',(0.,0.,1.));
#7721=DIRECTION('ref_axis',(1.,0.,0.));
#7722=DIRECTION('center_axis',(0.,0.,1.));
#7723=DIRECTION('ref_axis',(1.,0.,0.));
#7724=DIRECTION('',(-0.5,0.866025403784439,0.));
#7725=DIRECTION('',(-1.,0.,0.));
#7726=DIRECTION('',(-0.5,-0.866025403784438,0.));
#7727=DIRECTION('',(0.5,-0.866025403784439,0.));
#7728=DIRECTION('',(1.,0.,0.));
#7729=DIRECTION('',(0.5,0.866025403784438,0.));
#7730=DIRECTION('center_axis',(0.,1.,0.));
#7731=DIRECTION('ref_axis',(0.,0.,1.));
#7732=DIRECTION('',(0.,0.,1.));
#7733=DIRECTION('',(0.,0.,1.));
#7734=DIRECTION('center_axis',(-0.866025403784439,0.5,0.));
#7735=DIRECTION('ref_axis',(-0.5,-0.866025403784439,0.));
#7736=DIRECTION('',(0.,0.,1.));
#7737=DIRECTION('center_axis',(-0.866025403784439,-0.5,0.));
#7738=DIRECTION('ref_axis',(0.5,-0.866025403784439,0.));
#7739=DIRECTION('',(0.,0.,1.));
#7740=DIRECTION('center_axis',(0.,-1.,0.));
#7741=DIRECTION('ref_axis',(0.,0.,-1.));
#7742=DIRECTION('',(0.,0.,1.));
#7743=DIRECTION('center_axis',(0.866025403784439,-0.5,0.));
#7744=DIRECTION('ref_axis',(0.5,0.866025403784439,0.));
#7745=DIRECTION('',(0.,0.,1.));
#7746=DIRECTION('center_axis',(0.866025403784439,0.5,0.));
#7747=DIRECTION('ref_axis',(-0.5,0.866025403784439,0.));
#7748=DIRECTION('',(0.,0.,1.));
#7749=DIRECTION('',(1.,0.,0.));
#7750=DIRECTION('axis',(0.,0.,1.));
#7751=DIRECTION('refdir',(1.,0.,0.));
#7752=DIRECTION('axis',(0.,0.,1.));
#7753=DIRECTION('refdir',(1.,0.,0.));
#7754=DIRECTION('center_axis',(0.,0.,-1.));
#7755=DIRECTION('ref_axis',(-1.,0.,0.));
#7756=DIRECTION('',(0.,0.,-1.));
#7757=DIRECTION('',(0.,0.,1.));
#7758=DIRECTION('center_axis',(-3.46944695195361E-16,0.,-1.));
#7759=DIRECTION('ref_axis',(1.,0.,-3.46944695195361E-16));
#7760=DIRECTION('',(0.,0.,-1.));
#7761=DIRECTION('',(0.,0.,1.));
#7762=DIRECTION('center_axis',(-3.46944695195361E-16,0.,-1.));
#7763=DIRECTION('ref_axis',(1.,-3.46944695195361E-15,-3.46944695195361E-16));
#7764=DIRECTION('',(0.,0.,-1.));
#7765=DIRECTION('center_axis',(-6.47664294372751E-17,-1.,-6.47664294372751E-17));
#7766=DIRECTION('ref_axis',(-4.19469038205353E-33,6.47664294372751E-17,
-1.));
#7767=DIRECTION('center_axis',(0.,-1.,0.));
#7768=DIRECTION('ref_axis',(0.,0.,-1.));
#7769=DIRECTION('',(1.32392387071887E-16,0.707106781186548,-0.707106781186547));
#7770=DIRECTION('center_axis',(-6.47664294372751E-17,-1.,-6.47664294372751E-17));
#7771=DIRECTION('ref_axis',(4.19469038205353E-33,6.47664294372751E-17,-1.));
#7772=DIRECTION('center_axis',(0.,1.,0.));
#7773=DIRECTION('ref_axis',(0.,0.,1.));
#7774=DIRECTION('center_axis',(0.,1.,0.));
#7775=DIRECTION('ref_axis',(0.,0.,1.));
#7776=DIRECTION('',(0.,-1.,0.));
#7777=DIRECTION('center_axis',(-2.33235859781105E-16,-1.,-4.03976359383409E-16));
#7778=DIRECTION('ref_axis',(-5.33524454946491E-33,4.03976359383409E-16,
-1.));
#7779=DIRECTION('center_axis',(0.,-1.,0.));
#7780=DIRECTION('ref_axis',(0.,0.,-1.));
#7781=DIRECTION('',(0.,-1.,0.));
#7782=DIRECTION('center_axis',(0.,1.,0.));
#7783=DIRECTION('ref_axis',(0.,0.,1.));
#7784=DIRECTION('center_axis',(0.,1.,0.));
#7785=DIRECTION('ref_axis',(0.,0.,1.));
#7786=DIRECTION('',(0.,1.,0.));
#7787=DIRECTION('center_axis',(0.,-1.,0.));
#7788=DIRECTION('ref_axis',(0.,0.,1.));
#7789=DIRECTION('center_axis',(0.,-1.,0.));
#7790=DIRECTION('ref_axis',(0.,0.,-1.));
#7791=DIRECTION('',(0.,1.,0.));
#7792=DIRECTION('center_axis',(0.,-1.,0.));
#7793=DIRECTION('ref_axis',(0.,0.,-1.));
#7794=DIRECTION('center_axis',(0.,1.,0.));
#7795=DIRECTION('ref_axis',(0.,0.,1.));
#7796=DIRECTION('',(0.,-1.,0.));
#7797=DIRECTION('',(0.,-1.,0.));
#7798=DIRECTION('center_axis',(0.,1.,0.));
#7799=DIRECTION('ref_axis',(0.,0.,1.));
#7800=DIRECTION('',(0.,-1.,0.));
#7801=DIRECTION('',(0.,-1.,0.));
#7802=DIRECTION('center_axis',(0.,-1.,0.));
#7803=DIRECTION('ref_axis',(0.,0.,-1.));
#7804=DIRECTION('center_axis',(0.,1.,0.));
#7805=DIRECTION('ref_axis',(-8.88178419700125E-15,0.,-1.));
#7806=DIRECTION('',(0.,1.,0.));
#7807=DIRECTION('center_axis',(0.,1.,0.));
#7808=DIRECTION('ref_axis',(0.,0.,-1.));
#7809=DIRECTION('',(0.,-1.,0.));
#7810=DIRECTION('center_axis',(0.,1.,0.));
#7811=DIRECTION('ref_axis',(0.,0.,-1.));
#7812=DIRECTION('',(0.,1.,0.));
#7813=DIRECTION('center_axis',(0.,1.,0.));
#7814=DIRECTION('ref_axis',(0.,0.,-1.));
#7815=DIRECTION('',(0.,1.,0.));
#7816=DIRECTION('',(0.,1.,0.));
#7817=DIRECTION('center_axis',(0.,1.,0.));
#7818=DIRECTION('ref_axis',(0.,0.,-1.));
#7819=DIRECTION('',(0.,-1.,0.));
#7820=DIRECTION('center_axis',(0.,1.,0.));
#7821=DIRECTION('ref_axis',(2.66453525910037E-15,0.,-1.));
#7822=DIRECTION('',(0.,1.,0.));
#7823=DIRECTION('center_axis',(0.,1.,0.));
#7824=DIRECTION('ref_axis',(-1.77635683940025E-15,0.,-1.));
#7825=DIRECTION('',(0.,-1.,0.));
#7826=DIRECTION('center_axis',(-1.,0.,0.));
#7827=DIRECTION('ref_axis',(0.,0.,1.));
#7828=DIRECTION('',(0.,0.,-1.));
#7829=DIRECTION('',(0.,-1.,0.));
#7830=DIRECTION('center_axis',(-1.,0.,0.));
#7831=DIRECTION('ref_axis',(0.,0.,1.));
#7832=DIRECTION('',(0.,-1.,0.));
#7833=DIRECTION('',(0.,0.,-1.));
#7834=DIRECTION('center_axis',(3.46944695195361E-16,0.,1.));
#7835=DIRECTION('ref_axis',(1.,0.,-3.46944695195361E-16));
#7836=DIRECTION('',(0.,-1.,0.));
#7837=DIRECTION('',(-1.,0.,3.46944695195361E-16));
#7838=DIRECTION('center_axis',(1.,0.,0.));
#7839=DIRECTION('ref_axis',(0.,0.,-1.));
#7840=DIRECTION('',(0.,0.,1.));
#7841=DIRECTION('center_axis',(1.,0.,0.));
#7842=DIRECTION('ref_axis',(0.,0.,-1.));
#7843=DIRECTION('',(0.,-1.,0.));
#7844=DIRECTION('',(0.,0.,1.));
#7845=DIRECTION('center_axis',(0.,1.,0.));
#7846=DIRECTION('ref_axis',(0.,0.,1.));
#7847=DIRECTION('center_axis',(0.,-1.,0.));
#7848=DIRECTION('ref_axis',(5.32907051820075E-15,0.,1.));
#7849=DIRECTION('',(0.500000000000001,0.,0.866025403784438));
#7850=DIRECTION('center_axis',(0.,1.,0.));
#7851=DIRECTION('ref_axis',(0.,0.,1.));
#7852=DIRECTION('',(0.,0.,1.));
#7853=DIRECTION('',(0.,0.,-1.));
#7854=DIRECTION('center_axis',(0.,1.,0.));
#7855=DIRECTION('ref_axis',(0.,0.,1.));
#7856=DIRECTION('',(0.499999999999998,0.,-0.866025403784439));
#7857=DIRECTION('center_axis',(1.,0.,2.18149703080902E-15));
#7858=DIRECTION('ref_axis',(2.18149703080902E-15,0.,-1.));
#7859=DIRECTION('',(-2.18149703080902E-15,0.,1.));
#7860=DIRECTION('',(0.,-1.,0.));
#7861=DIRECTION('center_axis',(2.18149703080902E-15,0.,-1.));
#7862=DIRECTION('ref_axis',(-1.,0.,-2.18149703080902E-15));
#7863=DIRECTION('',(2.18149703080902E-15,0.,-1.));
#7864=DIRECTION('center_axis',(2.18149703080902E-15,0.,-1.));
#7865=DIRECTION('ref_axis',(-1.,0.,-2.18149703080902E-15));
#7866=DIRECTION('center_axis',(0.,1.,0.));
#7867=DIRECTION('ref_axis',(0.,0.,1.));
#7868=DIRECTION('',(-0.866025403784442,0.,0.499999999999994));
#7869=DIRECTION('center_axis',(1.65128145095112E-15,-1.,1.65128145095117E-15));
#7870=DIRECTION('ref_axis',(-3.83417262268681E-15,1.65128145095116E-15,
1.));
#7871=DIRECTION('',(-0.499999999999998,0.,0.86602540378444));
#7872=DIRECTION('center_axis',(0.,-1.,0.));
#7873=DIRECTION('ref_axis',(0.,0.,1.));
#7874=DIRECTION('center_axis',(0.,1.,0.));
#7875=DIRECTION('ref_axis',(0.,0.,1.));
#7876=DIRECTION('center_axis',(0.,-1.,0.));
#7877=DIRECTION('ref_axis',(0.,0.,1.));
#7878=DIRECTION('',(1.,0.,0.));
#7879=DIRECTION('center_axis',(-1.81323287953866E-15,-1.,-6.76707723239226E-15));
#7880=DIRECTION('ref_axis',(-2.80259692864963E-45,-6.76707723239226E-15,
1.));
#7881=DIRECTION('',(0.866025403784454,0.,-0.499999999999974));
#7882=DIRECTION('',(0.,0.,-1.));
#7883=DIRECTION('center_axis',(-2.25569241079757E-15,-1.,6.04410959846217E-16));
#7884=DIRECTION('ref_axis',(-1.,2.25569241079753E-15,-7.8600538765074E-14));
#7885=DIRECTION('',(-0.500000000000002,0.,-0.866025403784438));
#7886=DIRECTION('center_axis',(-4.37202142104306E-19,-1.,-2.52444764138212E-19));
#7887=DIRECTION('ref_axis',(-0.866035748264038,2.52414825413196E-19,0.499982082407708));
#7888=DIRECTION('center_axis',(3.36646562824703E-18,-1.,2.67514463677422E-17));
#7889=DIRECTION('ref_axis',(0.000265811949021352,2.67523402694572E-17,0.999999964672003));
#7890=DIRECTION('center_axis',(0.,1.,0.));
#7891=DIRECTION('ref_axis',(0.,0.,1.));
#7892=DIRECTION('center_axis',(-1.76361259798112E-16,-1.,6.89454306635008E-15));
#7893=DIRECTION('ref_axis',(-0.150965131952995,6.84214971734465E-15,0.988539088217767));
#7894=DIRECTION('center_axis',(4.65882093592917E-20,-1.,-2.69016306993283E-20));
#7895=DIRECTION('ref_axis',(2.92521544389474E-5,-2.69002678823234E-20,0.999999999572156));
#7896=DIRECTION('',(-0.499999999999998,0.,0.86602540378444));
#7897=DIRECTION('center_axis',(0.,-1.,0.));
#7898=DIRECTION('ref_axis',(-1.05439747123885E-14,0.,1.));
#7899=DIRECTION('',(0.866025403784454,0.,0.499999999999973));
#7900=DIRECTION('center_axis',(0.,-1.,0.));
#7901=DIRECTION('ref_axis',(1.91708631134337E-15,0.,1.));
#7902=DIRECTION('',(1.,0.,0.));
#7903=DIRECTION('center_axis',(-2.00641888022669E-16,-1.,-2.9370964973678E-16));
#7904=DIRECTION('ref_axis',(8.40568613435171E-16,-2.9370964973678E-16,1.));
#7905=DIRECTION('center_axis',(0.,1.,0.));
#7906=DIRECTION('ref_axis',(0.,0.,1.));
#7907=DIRECTION('center_axis',(0.,-1.,0.));
#7908=DIRECTION('ref_axis',(8.40568613435143E-16,0.,1.));
#7909=DIRECTION('',(-0.500000000000001,0.,-0.866025403784438));
#7910=DIRECTION('center_axis',(-4.95384435285412E-15,-1.,4.95384435285405E-15));
#7911=DIRECTION('ref_axis',(-1.,4.95384435285412E-15,-1.40129846432482E-44));
#7912=DIRECTION('',(-0.866025403784466,0.,-0.499999999999953));
#7913=DIRECTION('center_axis',(-0.866025403784439,0.,-0.5));
#7914=DIRECTION('ref_axis',(-0.499999999999999,0.,0.866025403784439));
#7915=DIRECTION('center_axis',(0.866025403784439,0.,0.5));
#7916=DIRECTION('ref_axis',(-0.499999999999999,0.,0.866025403784439));
#7917=DIRECTION('',(0.866025403784439,0.,0.499999999999999));
#7918=DIRECTION('center_axis',(0.5,0.,-0.866025403784439));
#7919=DIRECTION('ref_axis',(-0.866025403784439,0.,-0.499999999999999));
#7920=DIRECTION('',(0.,1.,0.));
#7921=DIRECTION('',(-0.866025403784439,0.,-0.499999999999999));
#7922=DIRECTION('center_axis',(0.,1.,0.));
#7923=DIRECTION('ref_axis',(0.,0.,1.));
#7924=DIRECTION('center_axis',(0.,1.,0.));
#7925=DIRECTION('ref_axis',(0.,0.,1.));
#7926=DIRECTION('center_axis',(0.,-1.,0.));
#7927=DIRECTION('ref_axis',(-7.105427357601E-15,0.,1.));
#7928=DIRECTION('center_axis',(0.,1.,0.));
#7929=DIRECTION('ref_axis',(0.,0.,1.));
#7930=DIRECTION('',(-1.,0.,0.));
#7931=DIRECTION('center_axis',(0.,1.,0.));
#7932=DIRECTION('ref_axis',(0.,0.,1.));
#7933=DIRECTION('',(0.866025403784454,0.,0.499999999999973));
#7934=DIRECTION('center_axis',(0.,1.,0.));
#7935=DIRECTION('ref_axis',(0.,0.,1.));
#7936=DIRECTION('',(0.500000000000001,0.,0.866025403784438));
#7937=DIRECTION('center_axis',(-0.5,0.,0.866025403784438));
#7938=DIRECTION('ref_axis',(0.866025403784438,0.,0.5));
#7939=DIRECTION('',(-0.866025403784438,0.,-0.5));
#7940=DIRECTION('',(0.,-1.,0.));
#7941=DIRECTION('center_axis',(0.866025403784438,0.,0.5));
#7942=DIRECTION('ref_axis',(0.5,0.,-0.866025403784438));
#7943=DIRECTION('center_axis',(0.866025403784438,0.,0.5));
#7944=DIRECTION('ref_axis',(0.5,0.,-0.866025403784439));
#7945=DIRECTION('center_axis',(0.866025403784439,0.,-0.5));
#7946=DIRECTION('ref_axis',(-0.5,0.,-0.866025403784439));
#7947=DIRECTION('center_axis',(-0.866025403784439,0.,0.5));
#7948=DIRECTION('ref_axis',(-0.5,-6.28325038542779E-15,-0.866025403784439));
#7949=DIRECTION('',(-0.866025403784439,0.,0.5));
#7950=DIRECTION('center_axis',(0.5,0.,0.866025403784439));
#7951=DIRECTION('ref_axis',(0.866025403784439,0.,-0.5));
#7952=DIRECTION('',(0.,1.,0.));
#7953=DIRECTION('',(0.866025403784439,0.,-0.5));
#7954=DIRECTION('center_axis',(0.,1.,0.));
#7955=DIRECTION('ref_axis',(0.,0.,1.));
#7956=DIRECTION('center_axis',(0.,1.,0.));
#7957=DIRECTION('ref_axis',(0.,0.,1.));
#7958=DIRECTION('center_axis',(0.,-1.,0.));
#7959=DIRECTION('ref_axis',(0.,0.,1.));
#7960=DIRECTION('center_axis',(0.,1.,0.));
#7961=DIRECTION('ref_axis',(0.,0.,1.));
#7962=DIRECTION('',(0.499999999999998,0.,-0.86602540378444));
#7963=DIRECTION('center_axis',(0.,1.,0.));
#7964=DIRECTION('ref_axis',(0.,0.,1.));
#7965=DIRECTION('',(-0.866025403784429,0.,0.500000000000016));
#7966=DIRECTION('center_axis',(0.,1.,0.));
#7967=DIRECTION('ref_axis',(0.,0.,1.));
#7968=DIRECTION('',(-1.,0.,0.));
#7969=DIRECTION('center_axis',(-0.5,0.,-0.866025403784439));
#7970=DIRECTION('ref_axis',(-0.866025403784439,0.,0.499999999999999));
#7971=DIRECTION('',(0.866025403784439,0.,-0.499999999999999));
#7972=DIRECTION('',(0.,-1.,0.));
#7973=DIRECTION('center_axis',(-0.866025403784439,0.,0.5));
#7974=DIRECTION('ref_axis',(0.499999999999999,0.,0.866025403784439));
#7975=DIRECTION('center_axis',(-0.866025403784439,0.,0.5));
#7976=DIRECTION('ref_axis',(0.499999999999999,0.,0.866025403784439));
#7977=DIRECTION('center_axis',(2.18149703079384E-15,0.,1.));
#7978=DIRECTION('ref_axis',(1.,0.,-2.18149703079384E-15));
#7979=DIRECTION('center_axis',(-2.18149703079384E-15,0.,-1.));
#7980=DIRECTION('ref_axis',(1.,-1.77570119588177E-15,-2.18149703079384E-15));
#7981=DIRECTION('',(-2.18149703079384E-15,0.,-1.));
#7982=DIRECTION('center_axis',(-1.,0.,2.18149703079384E-15));
#7983=DIRECTION('ref_axis',(2.18149703079384E-15,0.,1.));
#7984=DIRECTION('',(0.,1.,0.));
#7985=DIRECTION('center_axis',(0.866025403784439,0.,0.5));
#7986=DIRECTION('ref_axis',(0.5,0.,-0.866025403784439));
#7987=DIRECTION('',(0.,1.,0.));
#7988=DIRECTION('',(-0.5,0.,0.866025403784439));
#7989=DIRECTION('center_axis',(0.,1.,0.));
#7990=DIRECTION('ref_axis',(-9.24930203287278E-14,0.,-1.));
#7991=DIRECTION('center_axis',(0.,-1.,0.));
#7992=DIRECTION('ref_axis',(5.32907051820075E-15,0.,1.));
#7993=DIRECTION('center_axis',(-0.866025403784439,0.,0.5));
#7994=DIRECTION('ref_axis',(0.5,0.,0.866025403784439));
#7995=DIRECTION('',(-0.5,0.,-0.866025403784439));
#7996=DIRECTION('',(0.,-1.,0.));
#7997=DIRECTION('center_axis',(0.,1.,0.));
#7998=DIRECTION('ref_axis',(0.,0.,1.));
#7999=DIRECTION('center_axis',(0.,-1.,0.));
#8000=DIRECTION('ref_axis',(4.26851249010041E-15,0.,1.));
#8001=DIRECTION('center_axis',(0.,1.,0.));
#8002=DIRECTION('ref_axis',(0.,0.,1.));
#8003=DIRECTION('center_axis',(0.499999999999996,-1.47894486432512E-14,
-0.866025403784441));
#8004=DIRECTION('ref_axis',(-0.866025403784441,-3.15544362088405E-29,-0.499999999999996));
#8005=DIRECTION('center_axis',(-1.65128145095112E-15,1.,-1.65128145095117E-15));
#8006=DIRECTION('ref_axis',(0.,1.66309575419176E-15,1.));
#8007=DIRECTION('center_axis',(-0.499999999999998,-6.4620130745946E-15,
0.86602540378444));
#8008=DIRECTION('ref_axis',(0.86602540378444,-1.57772181044202E-30,0.499999999999998));
#8009=DIRECTION('center_axis',(1.65128145095112E-15,-1.,1.65128145095117E-15));
#8010=DIRECTION('ref_axis',(8.35371184841381E-32,-1.65128145095117E-15,
-1.));
#8011=DIRECTION('center_axis',(0.5,0.,-0.866025403784439));
#8012=DIRECTION('ref_axis',(-0.866025403784439,0.,-0.5));
#8013=DIRECTION('center_axis',(-0.5,0.,0.866025403784439));
#8014=DIRECTION('ref_axis',(-0.866025403784439,9.56146797782493E-16,-0.5));
#8015=DIRECTION('',(-0.5,0.,0.866025403784439));
#8016=DIRECTION('center_axis',(0.,1.,0.));
#8017=DIRECTION('ref_axis',(0.,0.,1.));
#8018=DIRECTION('center_axis',(0.624919970422667,-4.6629590792602E-15,0.780688818010693));
#8019=DIRECTION('ref_axis',(0.780688818010694,-5.12759588393658E-30,-0.624919970422666));
#8020=DIRECTION('center_axis',(0.,-1.,0.));
#8021=DIRECTION('ref_axis',(1.36592399683213E-15,0.,1.));
#8022=DIRECTION('center_axis',(0.,1.,0.));
#8023=DIRECTION('ref_axis',(0.,0.,1.));
#8024=DIRECTION('center_axis',(0.363636363636533,-1.35667090477301E-15,
0.931540978723534));
#8025=DIRECTION('ref_axis',(0.931540978723534,4.93038065763132E-31,-0.363636363636533));
#8026=DIRECTION('center_axis',(0.,1.,0.));
#8027=DIRECTION('ref_axis',(0.,0.,1.));
#8028=DIRECTION('center_axis',(0.,1.,0.));
#8029=DIRECTION('ref_axis',(0.,0.,1.));
#8030=DIRECTION('center_axis',(1.,0.,0.));
#8031=DIRECTION('ref_axis',(0.,0.,-1.));
#8032=DIRECTION('center_axis',(0.,-1.,0.));
#8033=DIRECTION('ref_axis',(0.,0.,1.));
#8034=DIRECTION('center_axis',(-1.,0.,-2.56848219318926E-16));
#8035=DIRECTION('ref_axis',(-2.56848219318926E-16,0.,1.));
#8036=DIRECTION('center_axis',(1.,0.,2.56848219318926E-16));
#8037=DIRECTION('ref_axis',(-2.56848219318926E-16,0.,1.));
#8038=DIRECTION('',(1.,0.,2.56848219318926E-16));
#8039=DIRECTION('center_axis',(1.81323287953866E-15,1.,6.76707723239226E-15));
#8040=DIRECTION('ref_axis',(0.,-6.73766997852042E-15,1.));
#8041=DIRECTION('center_axis',(-1.81323287953866E-15,-1.,-6.76707723239226E-15));
#8042=DIRECTION('ref_axis',(8.00906059602549E-32,6.76707723239226E-15,-1.));
#8043=DIRECTION('center_axis',(2.25569241079757E-15,1.,-6.04410959846217E-16));
#8044=DIRECTION('ref_axis',(-1.,2.2601044864656E-15,0.));
#8045=DIRECTION('center_axis',(-0.499999999999987,8.32743556865671E-15,
-0.866025403784446));
#8046=DIRECTION('ref_axis',(-0.866025403784446,-1.65660790096412E-29,0.499999999999987));
#8047=DIRECTION('center_axis',(-2.25569241079757E-15,-1.,6.04410959846217E-16));
#8048=DIRECTION('ref_axis',(1.,-2.25569241079757E-15,8.89895621806982E-33));
#8049=DIRECTION('center_axis',(0.5,0.,0.866025403784439));
#8050=DIRECTION('ref_axis',(0.866025403784439,0.,-0.5));
#8051=DIRECTION('center_axis',(-0.5,0.,-0.866025403784439));
#8052=DIRECTION('ref_axis',(0.866025403784439,9.56146797782492E-16,-0.5));
#8053=DIRECTION('center_axis',(-1.,-5.03756842092421E-9,-4.89692999859533E-9));
#8054=DIRECTION('ref_axis',(4.8969300893829E-9,1.36403591384555E-9,-1.));
#8055=DIRECTION('center_axis',(-0.988556334059039,0.,0.150852160712912));
#8056=DIRECTION('ref_axis',(-0.150852160712912,-1.77570119588177E-15,-0.988556334059039));
#8057=DIRECTION('center_axis',(0.,1.,0.));
#8058=DIRECTION('ref_axis',(-9.31362693885984E-14,0.,-1.));
#8059=DIRECTION('center_axis',(-0.988556334059067,0.,-0.15085216071273));
#8060=DIRECTION('ref_axis',(-0.15085216071273,0.,0.988556334059067));
#8061=DIRECTION('center_axis',(-1.,-5.54349769379058E-10,-2.64788686858681E-10));
#8062=DIRECTION('ref_axis',(2.64788714144803E-10,2.72697838017204E-9,-1.));
#8063=DIRECTION('center_axis',(-0.5,0.,0.866025403784439));
#8064=DIRECTION('ref_axis',(-0.866025403784439,9.56146797782492E-16,-0.5));
#8065=DIRECTION('center_axis',(0.5,0.,-0.866025403784439));
#8066=DIRECTION('ref_axis',(-0.866025403784439,0.,-0.5));
#8067=DIRECTION('center_axis',(0.,1.,0.));
#8068=DIRECTION('ref_axis',(0.,0.,1.));
#8069=DIRECTION('center_axis',(1.,0.,0.));
#8070=DIRECTION('ref_axis',(0.,0.,-1.));
#8071=DIRECTION('center_axis',(0.,-1.,0.));
#8072=DIRECTION('ref_axis',(0.,0.,-1.));
#8073=DIRECTION('center_axis',(-1.,0.,0.));
#8074=DIRECTION('ref_axis',(0.,0.,1.));
#8075=DIRECTION('center_axis',(1.,0.,0.));
#8076=DIRECTION('ref_axis',(0.,-1.77570119588177E-15,1.));
#8077=DIRECTION('',(1.,0.,0.));
#8078=DIRECTION('center_axis',(2.00641888022669E-16,1.,2.9370964973678E-16));
#8079=DIRECTION('ref_axis',(0.,-2.71970644702576E-16,1.));
#8080=DIRECTION('center_axis',(0.363636363636366,-1.73771749585158E-15,
-0.931540978723599));
#8081=DIRECTION('ref_axis',(-0.931540978723599,-1.08468374467889E-30,-0.363636363636366));
#8082=DIRECTION('center_axis',(0.,-1.,0.));
#8083=DIRECTION('ref_axis',(0.,0.,1.));
#8084=DIRECTION('center_axis',(0.,1.,0.));
#8085=DIRECTION('ref_axis',(0.,0.,1.));
#8086=DIRECTION('center_axis',(0.62491997042253,2.33147953962959E-15,-0.780688818010803));
#8087=DIRECTION('ref_axis',(-0.780688818010803,-9.86076131526264E-31,-0.62491997042253));
#8088=DIRECTION('center_axis',(8.30239628526561E-16,1.,4.79339073021602E-16));
#8089=DIRECTION('ref_axis',(-1.,8.30239628526561E-16,1.04728159581465E-33));
#8090=DIRECTION('center_axis',(0.,1.,0.));
#8091=DIRECTION('ref_axis',(0.,0.,1.));
#8092=DIRECTION('center_axis',(-0.499999999999989,0.,-0.866025403784445));
#8093=DIRECTION('ref_axis',(-0.866025403784445,0.,0.499999999999989));
#8094=DIRECTION('center_axis',(0.,-1.,0.));
#8095=DIRECTION('ref_axis',(0.,0.,1.));
#8096=DIRECTION('center_axis',(0.5,0.,0.866025403784439));
#8097=DIRECTION('ref_axis',(0.866025403784439,0.,-0.5));
#8098=DIRECTION('center_axis',(-0.5,0.,-0.866025403784439));
#8099=DIRECTION('ref_axis',(0.866025403784439,5.3271035876453E-15,-0.5));
#8100=DIRECTION('',(-0.5,0.,-0.866025403784439));
#8101=DIRECTION('center_axis',(4.95384435285412E-15,1.,-4.95384435285405E-15));
#8102=DIRECTION('ref_axis',(-1.,4.94664378169824E-15,0.));
#8103=DIRECTION('center_axis',(-4.95384435285412E-15,-1.,4.95384435285405E-15));
#8104=DIRECTION('ref_axis',(1.,-4.95384435285412E-15,2.23195404009858E-31));
#8105=DIRECTION('center_axis',(0.,1.,0.));
#8106=DIRECTION('ref_axis',(0.,0.,1.));
#8107=DIRECTION('',(0.,1.,0.));
#8108=DIRECTION('center_axis',(-0.866025403784439,0.,0.5));
#8109=DIRECTION('ref_axis',(0.5,0.,0.866025403784439));
#8110=DIRECTION('',(0.,1.,0.));
#8111=DIRECTION('',(0.,-1.,0.));
#8112=DIRECTION('center_axis',(0.,1.,0.));
#8113=DIRECTION('ref_axis',(0.,0.,1.));
#8114=DIRECTION('',(0.,1.,0.));
#8115=DIRECTION('',(0.,-1.,0.));
#8116=DIRECTION('center_axis',(0.,0.,-1.));
#8117=DIRECTION('ref_axis',(-1.,0.,0.));
#8118=DIRECTION('',(0.,1.,0.));
#8119=DIRECTION('center_axis',(0.,1.,0.));
#8120=DIRECTION('ref_axis',(0.,0.,1.));
#8121=DIRECTION('center_axis',(0.,1.,0.));
#8122=DIRECTION('ref_axis',(0.,0.,1.));
#8123=DIRECTION('center_axis',(0.,-1.,0.));
#8124=DIRECTION('ref_axis',(0.,0.,1.));
#8125=DIRECTION('',(-1.,0.,3.46944695195361E-16));
#8126=DIRECTION('center_axis',(0.,1.,0.));
#8127=DIRECTION('ref_axis',(0.,0.,1.));
#8128=DIRECTION('',(0.,1.,0.));
#8129=DIRECTION('center_axis',(2.56848219318926E-16,0.,-1.));
#8130=DIRECTION('ref_axis',(-1.,0.,-2.56848219318926E-16));
#8131=DIRECTION('',(0.,1.,0.));
#8132=DIRECTION('',(0.,-1.,0.));
#8133=DIRECTION('center_axis',(0.,1.,0.));
#8134=DIRECTION('ref_axis',(0.,0.,1.));
#8135=DIRECTION('',(0.,1.,0.));
#8136=DIRECTION('',(0.,-1.,0.));
#8137=DIRECTION('center_axis',(0.866025403784439,0.,0.5));
#8138=DIRECTION('ref_axis',(0.5,0.,-0.866025403784439));
#8139=DIRECTION('',(0.,1.,0.));
#8140=DIRECTION('center_axis',(0.,1.,0.));
#8141=DIRECTION('ref_axis',(0.,0.,1.));
#8142=DIRECTION('center_axis',(0.,1.,0.));
#8143=DIRECTION('ref_axis',(0.,0.,1.));
#8144=DIRECTION('center_axis',(0.,1.,0.));
#8145=DIRECTION('ref_axis',(0.,0.,1.));
#8146=DIRECTION('center_axis',(0.,1.,0.));
#8147=DIRECTION('ref_axis',(0.,0.,1.));
#8148=DIRECTION('center_axis',(0.,1.,0.));
#8149=DIRECTION('ref_axis',(0.,0.,1.));
#8150=DIRECTION('center_axis',(0.,1.,0.));
#8151=DIRECTION('ref_axis',(0.,0.,1.));
#8152=DIRECTION('center_axis',(0.,1.,0.));
#8153=DIRECTION('ref_axis',(-1.22464679914735E-16,0.,-1.));
#8154=DIRECTION('center_axis',(3.46944695195361E-16,0.,1.));
#8155=DIRECTION('ref_axis',(1.,0.,-3.46944695195361E-16));
#8156=DIRECTION('center_axis',(0.,0.,1.));
#8157=DIRECTION('ref_axis',(1.,0.,0.));
#8158=DIRECTION('center_axis',(0.,0.,1.));
#8159=DIRECTION('ref_axis',(1.,0.,0.));
#8160=DIRECTION('',(0.707106781186548,8.65956056235495E-17,-0.707106781186547));
#8161=DIRECTION('center_axis',(0.,0.,-1.));
#8162=DIRECTION('ref_axis',(1.,0.,0.));
#8163=DIRECTION('center_axis',(0.,0.,-1.));
#8164=DIRECTION('ref_axis',(-1.,0.,0.));
#8165=DIRECTION('center_axis',(0.,0.,-1.));
#8166=DIRECTION('ref_axis',(1.,0.,0.));
#8167=DIRECTION('center_axis',(0.,0.,-1.));
#8168=DIRECTION('ref_axis',(1.,0.,0.));
#8169=DIRECTION('',(-0.707106781186548,8.65956056235493E-17,0.707106781186548));
#8170=DIRECTION('center_axis',(0.,0.,1.));
#8171=DIRECTION('ref_axis',(1.,0.,0.));
#8172=DIRECTION('center_axis',(0.,0.,1.));
#8173=DIRECTION('ref_axis',(1.,0.,0.));
#8174=DIRECTION('',(0.,0.,-1.));
#8175=DIRECTION('center_axis',(0.,0.,1.));
#8176=DIRECTION('ref_axis',(1.,0.,0.));
#8177=DIRECTION('center_axis',(0.,0.,1.));
#8178=DIRECTION('ref_axis',(1.,0.,0.));
#8179=DIRECTION('center_axis',(0.,0.,1.));
#8180=DIRECTION('ref_axis',(1.,0.,0.));
#8181=DIRECTION('center_axis',(0.,0.,1.));
#8182=DIRECTION('ref_axis',(1.,0.,0.));
#8183=DIRECTION('center_axis',(0.,0.,1.));
#8184=DIRECTION('ref_axis',(1.,0.,0.));
#8185=DIRECTION('center_axis',(0.,0.,1.));
#8186=DIRECTION('ref_axis',(1.,0.,0.));
#8187=DIRECTION('center_axis',(0.,0.,1.));
#8188=DIRECTION('ref_axis',(1.,0.,0.));
#8189=DIRECTION('center_axis',(0.,0.,1.));
#8190=DIRECTION('ref_axis',(1.,0.,0.));
#8191=DIRECTION('center_axis',(0.,0.,1.));
#8192=DIRECTION('ref_axis',(1.,0.,0.));
#8193=DIRECTION('center_axis',(0.,0.,1.));
#8194=DIRECTION('ref_axis',(1.,0.,0.));
#8195=DIRECTION('center_axis',(0.,0.,1.));
#8196=DIRECTION('ref_axis',(1.,0.,0.));
#8197=DIRECTION('center_axis',(0.,0.,1.));
#8198=DIRECTION('ref_axis',(1.,0.,0.));
#8199=DIRECTION('center_axis',(0.,0.,1.));
#8200=DIRECTION('ref_axis',(1.,0.,0.));
#8201=DIRECTION('center_axis',(0.,0.,1.));
#8202=DIRECTION('ref_axis',(1.,0.,0.));
#8203=DIRECTION('center_axis',(0.,0.,1.));
#8204=DIRECTION('ref_axis',(1.,0.,0.));
#8205=DIRECTION('',(-0.5,0.866025403784439,0.));
#8206=DIRECTION('',(-1.,0.,0.));
#8207=DIRECTION('',(-0.5,-0.866025403784438,0.));
#8208=DIRECTION('',(0.5,-0.866025403784439,0.));
#8209=DIRECTION('',(1.,0.,0.));
#8210=DIRECTION('',(0.5,0.866025403784438,0.));
#8211=DIRECTION('center_axis',(0.,1.,0.));
#8212=DIRECTION('ref_axis',(0.,0.,1.));
#8213=DIRECTION('',(0.,0.,1.));
#8214=DIRECTION('',(0.,0.,1.));
#8215=DIRECTION('center_axis',(-0.866025403784439,0.5,0.));
#8216=DIRECTION('ref_axis',(-0.5,-0.866025403784439,0.));
#8217=DIRECTION('',(0.,0.,1.));
#8218=DIRECTION('center_axis',(-0.866025403784439,-0.5,0.));
#8219=DIRECTION('ref_axis',(0.5,-0.866025403784439,0.));
#8220=DIRECTION('',(0.,0.,1.));
#8221=DIRECTION('center_axis',(0.,-1.,0.));
#8222=DIRECTION('ref_axis',(0.,0.,-1.));
#8223=DIRECTION('',(0.,0.,1.));
#8224=DIRECTION('center_axis',(0.866025403784439,-0.5,0.));
#8225=DIRECTION('ref_axis',(0.5,0.866025403784439,0.));
#8226=DIRECTION('',(0.,0.,1.));
#8227=DIRECTION('center_axis',(0.866025403784439,0.5,0.));
#8228=DIRECTION('ref_axis',(-0.5,0.866025403784439,0.));
#8229=DIRECTION('',(0.866025403784439,0.,0.5));
#8230=DIRECTION('',(-0.5,0.,0.866025403784439));
#8231=DIRECTION('',(0.,0.,1.));
#8232=DIRECTION('',(1.,0.,0.));
#8233=DIRECTION('',(0.,0.,1.));
#8234=DIRECTION('',(1.,0.,0.));
#8235=DIRECTION('',(0.,0.,1.));
#8236=DIRECTION('',(1.,0.,0.));
#8237=CARTESIAN_POINT('',(0.,0.,0.));
#8238=CARTESIAN_POINT('',(0.,0.,0.));
#8239=CARTESIAN_POINT('',(0.,0.,0.));
#8240=CARTESIAN_POINT('Origin',(10.3859907741641,7.64150741084679,1.016));
#8241=CARTESIAN_POINT('',(8.98899077416409,5.2218324326731,-11.176));
#8242=CARTESIAN_POINT('Origin',(10.3859907741641,7.64150741084679,-11.176));
#8243=CARTESIAN_POINT('',(8.98899077416409,5.2218324326731,-11.6839258695788));
#8244=CARTESIAN_POINT('',(8.98899077416409,5.2218324326731,1.016));
#8245=CARTESIAN_POINT('Origin',(10.3859907741641,7.64150741084679,-11.6839258695788));
#8246=CARTESIAN_POINT('Origin',(-4.57200000000074,-18.2664925891521,1.016));
#8247=CARTESIAN_POINT('',(-5.96900000000078,-20.6861675673258,-11.176));
#8248=CARTESIAN_POINT('Origin',(-4.57200000000074,-18.2664925891521,-11.176));
#8249=CARTESIAN_POINT('',(-5.96900000000078,-20.6861675673258,-11.6839258695788));
#8250=CARTESIAN_POINT('',(-5.96900000000078,-20.6861675673258,1.016));
#8251=CARTESIAN_POINT('Origin',(-4.57200000000074,-18.2664925891521,-11.6839258695788));
#8252=CARTESIAN_POINT('Origin',(-19.5299907741653,7.64150741084778,1.016));
#8253=CARTESIAN_POINT('',(-20.9269907741653,5.22183243267408,-11.176));
#8254=CARTESIAN_POINT('Origin',(-19.5299907741653,7.64150741084778,-11.176));
#8255=CARTESIAN_POINT('',(-20.9269907741653,5.22183243267408,-11.6839258696203));
#8256=CARTESIAN_POINT('',(-20.9269907741653,5.22183243267408,1.016));
#8257=CARTESIAN_POINT('Origin',(-19.5299907741653,7.64150741084778,-11.6839258696203));
#8258=CARTESIAN_POINT('Origin',(10.3859907741641,7.64150741084679,-11.6839548572898));
#8259=CARTESIAN_POINT('',(9.24302109946078,5.6618258627502,-12.192));
#8260=CARTESIAN_POINT('',(8.98900526763504,5.22185753610116,-11.6839548572898));
#8261=CARTESIAN_POINT('Origin',(10.3859907741641,7.64150741084679,-12.192));
#8262=CARTESIAN_POINT('Origin',(-4.57200000000074,-18.2664925891521,-11.6839548574603));
#8263=CARTESIAN_POINT('',(-5.71496967470409,-20.2461741372487,-12.192));
#8264=CARTESIAN_POINT('',(-5.96898550644457,-20.6861424637501,-11.6839548574603));
#8265=CARTESIAN_POINT('Origin',(-4.57200000000074,-18.2664925891521,-12.192));
#8266=CARTESIAN_POINT('Origin',(-19.5299907741653,7.64150741084778,-11.6839548573466));
#8267=CARTESIAN_POINT('',(-20.6729604488894,5.66182586271526,-12.192));
#8268=CARTESIAN_POINT('',(-20.9269762806867,5.22185753611546,-11.6839548573466));
#8269=CARTESIAN_POINT('Origin',(-19.5299907741653,7.64150741084778,-12.192));
#8270=CARTESIAN_POINT('Origin',(-4.57200000000063,-0.994492589152517,0.));
#8271=CARTESIAN_POINT('',(1.29208695652129,11.1513891378505,-10.16));
#8272=CARTESIAN_POINT('',(3.01459864868472,10.1568965486977,-10.16));
#8273=CARTESIAN_POINT('Origin',(-4.57200000000063,-0.994492589152517,-10.16));
#8274=CARTESIAN_POINT('',(1.29208695652129,11.1513891378505,-1.016));
#8275=CARTESIAN_POINT('',(1.29208695652127,11.1513891378505,-11.3047075915607));
#8276=CARTESIAN_POINT('',(3.01459864868471,10.1568965486977,-1.016));
#8277=CARTESIAN_POINT('Origin',(-4.57200000000063,-0.994492589152517,-1.016));
#8278=CARTESIAN_POINT('',(3.01459864868474,10.1568965486978,0.));
#8279=CARTESIAN_POINT('Origin',(-11.4300000000008,-15.1989983376815,-11.3047075915607));
#8280=CARTESIAN_POINT('',(-9.14400000000069,-15.1989983385797,-10.16));
#8281=CARTESIAN_POINT('',(-10.4360869565226,-13.1403743161555,-10.16));
#8282=CARTESIAN_POINT('Origin',(-11.4300000000008,-15.1989983376815,-10.16));
#8283=CARTESIAN_POINT('',(-9.14400000000134,-15.1989983376814,-1.016));
#8284=CARTESIAN_POINT('',(-9.14400000000126,-15.1989983376814,0.));
#8285=CARTESIAN_POINT('',(-10.4360869565226,-13.1403743161555,-1.016));
#8286=CARTESIAN_POINT('Origin',(-11.4300000000008,-15.1989983376815,-1.016));
#8287=CARTESIAN_POINT('',(-10.4360869565225,-13.1403743161555,-11.3047075915607));
#8288=CARTESIAN_POINT('Origin',(-13.4444628264292,-14.0359476825705,-11.3047075915607));
#8289=CARTESIAN_POINT('',(-12.158598648686,-12.1458817270028,-10.16));
#8290=CARTESIAN_POINT('',(-14.5874628264291,-12.0562136095191,-10.16));
#8291=CARTESIAN_POINT('Origin',(-13.4444628264292,-14.0359476825705,-10.16));
#8292=CARTESIAN_POINT('',(-12.158598648686,-12.1458817270028,-1.016));
#8293=CARTESIAN_POINT('',(-12.158598648686,-12.1458817270028,0.));
#8294=CARTESIAN_POINT('',(-14.5874628264691,-12.0562136095424,-1.016));
#8295=CARTESIAN_POINT('Origin',(-13.4444628264292,-14.0359476825705,-1.016));
#8296=CARTESIAN_POINT('',(-14.5874628264291,-12.0562136095192,-11.3047075915607));
#8297=CARTESIAN_POINT('Origin',(-7.61999999999993,-26.2749104703894,0.150632471186525));
#8298=CARTESIAN_POINT('',(-7.80242394014999,-27.7879529370975,-1.016));
#8299=CARTESIAN_POINT('',(-9.14400000000112,-26.2749104697346,-1.016));
#8300=CARTESIAN_POINT('Origin',(-7.61999999999993,-26.2749104703894,-1.016));
#8301=CARTESIAN_POINT('',(-9.14400000000087,-26.2749104700623,-10.16));
#8302=CARTESIAN_POINT('',(-9.14400000000126,-26.274910470389,0.));
#8303=CARTESIAN_POINT('',(-7.80242394014974,-27.787952937098,-10.16));
#8304=CARTESIAN_POINT('Origin',(-7.61999999999993,-26.2749104703894,-10.16));
#8305=CARTESIAN_POINT('',(-7.80242394014999,-27.7879529370977,0.));
#8306=CARTESIAN_POINT('Origin',(-24.9414841034391,-16.2743469605045,0.150632471186525));
#8307=CARTESIAN_POINT('',(-24.1794841034382,-17.5941696758729,-1.016));
#8308=CARTESIAN_POINT('',(-26.160605346538,-17.1888519602869,-1.016));
#8309=CARTESIAN_POINT('Origin',(-24.9414841034391,-16.2743469605045,-1.016));
#8310=CARTESIAN_POINT('',(-26.1606053465377,-17.1888519602867,-10.16));
#8311=CARTESIAN_POINT('',(-26.1606053465381,-17.188851960287,0.));
#8312=CARTESIAN_POINT('',(-24.1794841028968,-17.5941696755604,-10.16));
#8313=CARTESIAN_POINT('Origin',(-24.9414841034391,-16.2743469605045,-10.16));
#8314=CARTESIAN_POINT('',(-24.179484103438,-17.594169675873,0.));
#8315=CARTESIAN_POINT('Ctrl Pts',(-8.12800000000014,24.2859252920838,4.10366007056168E-13));
#8316=CARTESIAN_POINT('Ctrl Pts',(-8.12800000000443,24.7363559002173,4.10366281068778E-13));
#8317=CARTESIAN_POINT('Ctrl Pts',(-7.68080798004986,24.7902727809918,4.10366470932082E-13));
#8318=CARTESIAN_POINT('Ctrl Pts',(-9.14400000000023,24.2859252920741,9.49213048021779E-14));
#8319=CARTESIAN_POINT('Ctrl Pts',(-9.14400000001312,25.6372171164735,9.49209860016962E-14));
#8320=CARTESIAN_POINT('Ctrl Pts',(-7.80242394015047,25.7989677587967,9.49233808149936E-14));
#8321=CARTESIAN_POINT('Ctrl Pts',(-9.14399999999978,24.2859252920741,-1.016));
#8322=CARTESIAN_POINT('Ctrl Pts',(-9.14400000001266,25.6372171164731,-1.016));
#8323=CARTESIAN_POINT('Ctrl Pts',(-7.80242394015041,25.7989677587963,-1.016));
#8324=CARTESIAN_POINT('',(-7.68080799501657,24.79027290512,1.31654391031117E-13));
#8325=CARTESIAN_POINT('',(-8.12800000013712,24.2859252920862,3.07046055247895E-13));
#8326=CARTESIAN_POINT('Origin',(-7.61999999999949,24.2859252920887,4.11129463806503E-13));
#8327=CARTESIAN_POINT('',(-7.80242394014993,25.7989677587923,-1.016));
#8328=CARTESIAN_POINT('Origin',(-7.68080798005023,24.7902727809877,-1.016));
#8329=CARTESIAN_POINT('',(-9.14400000000005,24.2859252920841,-1.016));
#8330=CARTESIAN_POINT('Origin',(-7.61999999999989,24.2859252920837,-1.016));
#8331=CARTESIAN_POINT('Origin',(-8.12800000000039,24.2859252920838,-1.016));
#8332=CARTESIAN_POINT('Ctrl Pts',(-1.34157605985503,25.7989677587939,-10.16));
#8333=CARTESIAN_POINT('Ctrl Pts',(2.90427959459549E-10,25.6372171164407,
-10.16));
#8334=CARTESIAN_POINT('Ctrl Pts',(1.32158173293817E-12,24.285925291757,
-10.16));
#8335=CARTESIAN_POINT('Ctrl Pts',(-1.34157605985505,25.7989677587938,-11.1760000000023));
#8336=CARTESIAN_POINT('Ctrl Pts',(2.90298618477181E-10,25.6372171164406,
-11.1760000000023));
#8337=CARTESIAN_POINT('Ctrl Pts',(1.1925183063255E-12,24.285925291757,-11.1760000000023));
#8338=CARTESIAN_POINT('Ctrl Pts',(-1.46319201995284,24.7902727809863,-11.175999999999));
#8339=CARTESIAN_POINT('Ctrl Pts',(-1.01599999990471,24.7363559002019,-11.175999999999));
#8340=CARTESIAN_POINT('Ctrl Pts',(-1.01600000000108,24.2859252919744,-11.175999999999));
#8341=CARTESIAN_POINT('',(-4.2934406030426E-13,24.285925291757,-10.16));
#8342=CARTESIAN_POINT('',(-1.34157605985153,25.798967758793,-10.16));
#8343=CARTESIAN_POINT('Origin',(-1.52400000000133,24.2859252920844,-10.16));
#8344=CARTESIAN_POINT('',(-1.0160000000004,24.2859252920869,-11.1759999999992));
#8345=CARTESIAN_POINT('Origin',(-1.01599999999836,24.2859252920848,-10.1600000000009));
#8346=CARTESIAN_POINT('',(-1.46319200744667,24.7902728847126,-11.1759999999988));
#8347=CARTESIAN_POINT('Origin',(-1.52400000000167,24.2859252920831,-11.175999999999));
#8348=CARTESIAN_POINT('Origin',(-1.46319201995104,24.7902727809895,-10.1599999999973));
#8349=CARTESIAN_POINT('Ctrl Pts',(-1.46327559029723,24.789579640149,-2.39875558305513E-7));
#8350=CARTESIAN_POINT('Ctrl Pts',(-1.01669815944063,24.7357368589256,-2.39875558305513E-7));
#8351=CARTESIAN_POINT('Ctrl Pts',(-1.01669816060054,24.285925290777,-2.39875558305513E-7));
#8352=CARTESIAN_POINT('Ctrl Pts',(-1.41287614319171,25.2075977122767,0.000289088240046938));
#8353=CARTESIAN_POINT('Ctrl Pts',(-0.595652777439359,25.1090670301318,0.000289088240046953));
#8354=CARTESIAN_POINT('Ctrl Pts',(-0.595652779561963,24.2859252896913,0.000289088240046938));
#8355=CARTESIAN_POINT('Ctrl Pts',(-1.37722610152311,25.5032827355346,-0.297332715656575));
#8356=CARTESIAN_POINT('Ctrl Pts',(-0.29782638697737,25.3731420730937,-0.297332715656575));
#8357=CARTESIAN_POINT('Ctrl Pts',(-0.297826389780935,24.2859252889233,-0.297332715656575));
#8358=CARTESIAN_POINT('Ctrl Pts',(-1.34157605985451,25.7989677587925,-0.594954519553195));
#8359=CARTESIAN_POINT('Ctrl Pts',(3.48461731691785E-9,25.6372171160556,
-0.594954519553195));
#8360=CARTESIAN_POINT('Ctrl Pts',(9.2148511043888E-14,24.2859252881553,
-0.594954519553195));
#8361=CARTESIAN_POINT('Ctrl Pts',(-1.34157605985454,25.7989677587922,-1.016));
#8362=CARTESIAN_POINT('Ctrl Pts',(3.48433254471203E-9,25.6372171160554,
-1.016));
#8363=CARTESIAN_POINT('Ctrl Pts',(-1.94150251431324E-13,24.2859252881553,
-1.016));
#8364=CARTESIAN_POINT('',(-1.2700265896682,24.7258201425499,-4.63729564007901E-10));
#8365=CARTESIAN_POINT('',(-1.4631919800959,24.790273111549,-2.42861286636753E-14));
#8366=CARTESIAN_POINT('Ctrl Pts',(-1.27002658966822,24.7258201425499,0.));
#8367=CARTESIAN_POINT('Ctrl Pts',(-1.30195086839849,24.7442549524923,0.));
#8368=CARTESIAN_POINT('Ctrl Pts',(-1.33137746934534,24.7572890893096,0.));
#8369=CARTESIAN_POINT('Ctrl Pts',(-1.39487625353182,24.7782953872315,0.));
#8370=CARTESIAN_POINT('Ctrl Pts',(-1.42823128976302,24.7857890392045,3.94430452610506E-30));
#8371=CARTESIAN_POINT('Ctrl Pts',(-1.4631919800959,24.790273111549,-2.42861286636753E-14));
#8372=CARTESIAN_POINT('',(-1.01600000000015,24.2859252914297,0.));
#8373=CARTESIAN_POINT('Ctrl Pts',(-1.01600000000015,24.2859252914297,5.64525428974104E-13));
#8374=CARTESIAN_POINT('Ctrl Pts',(-1.01615158235698,24.3059307057292,5.64513189495114E-13));
#8375=CARTESIAN_POINT('Ctrl Pts',(-1.01737930065451,24.3255637393078,-1.95409615273483E-8));
#8376=CARTESIAN_POINT('Ctrl Pts',(-1.01961005035479,24.3447885919991,-1.7196556057293E-8));
#8377=CARTESIAN_POINT('Ctrl Pts',(-1.02189333099349,24.3644661622468,-1.47969432193327E-8));
#8378=CARTESIAN_POINT('Ctrl Pts',(-1.02522623320468,24.3837173935413,-2.18480557566372E-10));
#8379=CARTESIAN_POINT('Ctrl Pts',(-1.02956887416375,24.4025422091788,-2.08280395477415E-12));
#8380=CARTESIAN_POINT('Ctrl Pts',(-1.03390769968153,24.4213504853465,2.1412482274334E-10));
#8381=CARTESIAN_POINT('Ctrl Pts',(-1.03925409271654,24.4397348873596,-1.7136975787245E-8));
#8382=CARTESIAN_POINT('Ctrl Pts',(-1.04561823720151,24.4577093709176,-4.14312182977346E-8));
#8383=CARTESIAN_POINT('Ctrl Pts',(-1.05182297153505,24.4752336266166,-6.51169345739918E-8));
#8384=CARTESIAN_POINT('Ctrl Pts',(-1.05899555293657,24.4923699520984,-9.08266841224791E-8));
#8385=CARTESIAN_POINT('Ctrl Pts',(-1.06719207579008,24.5091186973281,-8.59504791250631E-8));
#8386=CARTESIAN_POINT('Ctrl Pts',(-1.07181703525649,24.5185693228171,-8.31990379510473E-8));
#8387=CARTESIAN_POINT('Ctrl Pts',(-1.07676883966834,24.5278961777211,-7.04310614727021E-8));
#8388=CARTESIAN_POINT('Ctrl Pts',(-1.08206315655491,24.5370944065855,-5.19148338956487E-8));
#8389=CARTESIAN_POINT('Ctrl Pts',(-1.09396318347971,24.5577692497224,-1.02959411406874E-8));
#8390=CARTESIAN_POINT('Ctrl Pts',(-1.10738722535395,24.5778092970407,-3.92849097129904E-9));
#8391=CARTESIAN_POINT('Ctrl Pts',(-1.12230355921252,24.596976707764,-1.14464059317838E-9));
#8392=CARTESIAN_POINT('Ctrl Pts',(-1.13658050933415,24.6153225137411,1.51988095557144E-9));
#8393=CARTESIAN_POINT('Ctrl Pts',(-1.1522251984762,24.6328684002514,-5.82022925515287E-10));
#8394=CARTESIAN_POINT('Ctrl Pts',(-1.16916770417281,24.6493883284671,-1.32178038173111E-9));
#8395=CARTESIAN_POINT('Ctrl Pts',(-1.18518905140372,24.6650100736158,-2.02131746821174E-9));
#8396=CARTESIAN_POINT('Ctrl Pts',(-1.20237121976752,24.6797136442121,-2.13063026350818E-9));
#8397=CARTESIAN_POINT('Ctrl Pts',(-1.22061013887267,24.6933008632405,-1.93636902453124E-9));
#8398=CARTESIAN_POINT('Ctrl Pts',(-1.2363303849004,24.705011777946,-1.76893396696217E-9));
#8399=CARTESIAN_POINT('Ctrl Pts',(-1.25283512764543,24.7158928600044,-1.47220645215912E-9));
#8400=CARTESIAN_POINT('Ctrl Pts',(-1.27002658966818,24.72582014255,-1.39118837677264E-9));
#8401=CARTESIAN_POINT('',(-1.37910516340156E-13,24.2859252914296,-1.016));
#8402=CARTESIAN_POINT('Origin',(-1.01599999999923,24.2859252907752,-1.016));
#8403=CARTESIAN_POINT('',(-1.34157605985127,25.7989677587924,-1.016));
#8404=CARTESIAN_POINT('Origin',(-1.52400000000133,24.2859252920844,-1.016));
#8405=CARTESIAN_POINT('Origin',(-1.46319201995096,24.7902727809877,-1.016));
#8406=CARTESIAN_POINT('Ctrl Pts',(15.0354841028942,15.6051844972576,-10.16));
#8407=CARTESIAN_POINT('Ctrl Pts',(16.2057371509513,16.2808304102133,-10.16));
#8408=CARTESIAN_POINT('Ctrl Pts',(17.0166053465395,15.1998667819797,-10.16));
#8409=CARTESIAN_POINT('Ctrl Pts',(15.0354841028954,15.6051844972557,-11.1759997923309));
#8410=CARTESIAN_POINT('Ctrl Pts',(16.2057371509507,16.2808304102104,-11.1759997923309));
#8411=CARTESIAN_POINT('Ctrl Pts',(17.0166053465377,15.1998667819783,-11.1759997923309));
#8412=CARTESIAN_POINT('Ctrl Pts',(15.5434839994217,14.7253028670658,-11.1759999999977));
#8413=CARTESIAN_POINT('Ctrl Pts',(15.9335685082386,14.9505182634512,-11.1759999999977));
#8414=CARTESIAN_POINT('Ctrl Pts',(16.203858017261,14.5901969067425,-11.1759999999977));
#8415=CARTESIAN_POINT('',(17.0166053465364,15.1998667819816,-10.16));
#8416=CARTESIAN_POINT('',(15.0354841028956,15.6051844972554,-10.16));
#8417=CARTESIAN_POINT('Origin',(15.7974841034378,14.2853617821995,-10.16));
#8418=CARTESIAN_POINT('',(16.2038581506412,14.5901970067956,-11.1759999999998));
#8419=CARTESIAN_POINT('Origin',(16.203857851138,14.5901967821284,-10.1600000000042));
#8420=CARTESIAN_POINT('',(15.543484004975,14.725302870272,-11.1759999999987));
#8421=CARTESIAN_POINT('Origin',(15.7974841034364,14.2853617822013,-11.1759999999976));
#8422=CARTESIAN_POINT('Origin',(15.5434841034364,14.7253026873251,-10.1599999999986));
#8423=CARTESIAN_POINT('Ctrl Pts',(15.5437536799197,14.7248357671587,-1.43055016166294E-7));
#8424=CARTESIAN_POINT('Ctrl Pts',(15.9334240230343,14.9498120446536,-1.43055016166294E-7));
#8425=CARTESIAN_POINT('Ctrl Pts',(16.2034265566295,14.5898732532033,-1.43055016166294E-7));
#8426=CARTESIAN_POINT('Ctrl Pts',(15.333254258404,15.0894314601837,0.000223265219435881));
#8427=CARTESIAN_POINT('Ctrl Pts',(16.0462022781551,15.5010521913098,0.000223265219435877));
#8428=CARTESIAN_POINT('Ctrl Pts',(16.5402038747761,14.8425015647853,0.000223265219435881));
#8429=CARTESIAN_POINT('Ctrl Pts',(15.1843691809182,15.3473079788751,-0.297388916237755));
#8430=CARTESIAN_POINT('Ctrl Pts',(16.1259697147185,15.8909413005398,-0.297388916237755));
#8431=CARTESIAN_POINT('Ctrl Pts',(16.7784046106578,15.0211841733843,-0.297388916237755));
#8432=CARTESIAN_POINT('Ctrl Pts',(15.0354841034324,15.6051844975665,-0.595001097694946));
#8433=CARTESIAN_POINT('Ctrl Pts',(16.2057371512818,16.2808304097698,-0.595001097694946));
#8434=CARTESIAN_POINT('Ctrl Pts',(17.0166053465396,15.1998667819833,-0.595001097694946));
#8435=CARTESIAN_POINT('Ctrl Pts',(15.035484103432,15.6051844975672,-1.016));
#8436=CARTESIAN_POINT('Ctrl Pts',(16.2057371512821,16.2808304097709,-1.016));
#8437=CARTESIAN_POINT('Ctrl Pts',(17.0166053465402,15.1998667819837,-1.016));
#8438=CARTESIAN_POINT('',(16.0517510008844,14.7257649672591,-7.01128975016918E-8));
#8439=CARTESIAN_POINT('',(15.5434841033689,14.7253026874411,0.));
#8440=CARTESIAN_POINT('Ctrl Pts',(16.0517510009028,14.725764967291,0.));
#8441=CARTESIAN_POINT('Ctrl Pts',(15.9765675187887,14.7690534945469,0.));
#8442=CARTESIAN_POINT('Ctrl Pts',(15.8865257452928,14.7940573102208,0.));
#8443=CARTESIAN_POINT('Ctrl Pts',(15.7722841661981,14.793248673117,0.));
#8444=CARTESIAN_POINT('Ctrl Pts',(15.7492227397453,14.7915298784082,0.));
#8445=CARTESIAN_POINT('Ctrl Pts',(15.7026736655722,14.7849781544147,0.));
#8446=CARTESIAN_POINT('Ctrl Pts',(15.6829240553549,14.7808144380952,0.));
#8447=CARTESIAN_POINT('Ctrl Pts',(15.6220856546136,14.7639948427519,0.));
#8448=CARTESIAN_POINT('Ctrl Pts',(15.5823654929458,14.7473597697545,0.));
#8449=CARTESIAN_POINT('Ctrl Pts',(15.5434841033689,14.7253026874411,0.));
#8450=CARTESIAN_POINT('',(16.203858050898,14.5901969319745,-6.93889390390723E-15));
#8451=CARTESIAN_POINT('Origin',(15.8712964502169,14.2394385503767,-3.20834578393026E-6));
#8452=CARTESIAN_POINT('',(17.0166053465367,15.1998667819819,-1.016));
#8453=CARTESIAN_POINT('Origin',(16.2038578511378,14.5901967821275,-1.016));
#8454=CARTESIAN_POINT('',(15.0354841034369,15.6051844975679,-1.016));
#8455=CARTESIAN_POINT('Origin',(15.7974841034378,14.2853617821995,-1.016));
#8456=CARTESIAN_POINT('Origin',(15.5434841034366,14.7253026873238,-1.016));
#8457=CARTESIAN_POINT('Ctrl Pts',(20.2470292866842,9.60460838765821,-10.16));
#8458=CARTESIAN_POINT('Ctrl Pts',(20.7777371513998,8.36189411728809,-10.16));
#8459=CARTESIAN_POINT('Ctrl Pts',(19.6074841031542,7.68624820519765,-10.16));
#8460=CARTESIAN_POINT('Ctrl Pts',(20.2470292866868,9.60460838765933,-11.1760000000046));
#8461=CARTESIAN_POINT('Ctrl Pts',(20.7777371514034,8.36189411728688,-11.1760000000046));
#8462=CARTESIAN_POINT('Ctrl Pts',(19.6074841031556,7.68624820519518,-11.1760000000046));
#8463=CARTESIAN_POINT('Ctrl Pts',(19.3126658311846,9.2055834097051,-11.1760000000005));
#8464=CARTESIAN_POINT('Ctrl Pts',(19.4895684527561,8.79134531958261,-11.1760000000005));
#8465=CARTESIAN_POINT('Ctrl Pts',(19.0994841033417,8.56613001555295,-11.1760000000005));
#8466=CARTESIAN_POINT('',(19.6074841031533,7.68624820519915,-10.16));
#8467=CARTESIAN_POINT('',(20.2470292866852,9.60460838765668,-10.16));
#8468=CARTESIAN_POINT('Origin',(18.8454841034363,9.00607092073033,-10.16));
#8469=CARTESIAN_POINT('',(19.0994841034403,8.56613001560939,-11.1760000000001));
#8470=CARTESIAN_POINT('Origin',(19.0994841034376,8.56613001560667,-10.1600000000004));
#8471=CARTESIAN_POINT('',(19.3126659272683,9.20558345073673,-11.1760000000002));
#8472=CARTESIAN_POINT('Origin',(18.8454841034363,9.00607092072918,-11.1760000000005));
#8473=CARTESIAN_POINT('Origin',(19.3126658311892,9.20558340970564,-10.1600000000027));
#8474=CARTESIAN_POINT('Ctrl Pts',(-1.01600000000112,-26.2749104703889,1.94558713542294E-12));
#8475=CARTESIAN_POINT('Ctrl Pts',(-1.01599999999682,-26.7253410785223,1.94868932396171E-12));
#8476=CARTESIAN_POINT('Ctrl Pts',(-1.4631920199514,-26.7792579592968,1.94558713540578E-12));
#8477=CARTESIAN_POINT('Ctrl Pts',(2.34257058195908E-13,-26.2749104703792,
1.3458991273128E-12));
#8478=CARTESIAN_POINT('Ctrl Pts',(1.31120114765793E-11,-27.6262022947797,
1.35530682352238E-12));
#8479=CARTESIAN_POINT('Ctrl Pts',(-1.34157605985065,-27.787952937103,1.34589912726134E-12));
#8480=CARTESIAN_POINT('Ctrl Pts',(-2.74724687443495E-12,-26.2749104703792,
-1.016));
#8481=CARTESIAN_POINT('Ctrl Pts',(1.01321728784853E-11,-27.626202294777,
-1.01599999999999));
#8482=CARTESIAN_POINT('Ctrl Pts',(-1.341576059851,-27.7879529371001,-1.016));
#8483=CARTESIAN_POINT('',(-1.46319200498468,-26.779258083425,6.43527157787206E-13));
#8484=CARTESIAN_POINT('',(-1.01599999986415,-26.2749104703913,1.45890244329649E-12));
#8485=CARTESIAN_POINT('Origin',(-1.52400000000177,-26.2749104703937,1.94289029309402E-12));
#8486=CARTESIAN_POINT('',(-1.34157605985133,-27.7879529370973,-1.016));
#8487=CARTESIAN_POINT('Origin',(-1.46319201995102,-26.7792579592927,-1.016));
#8488=CARTESIAN_POINT('',(-1.2117043479698E-12,-26.2749104703891,-1.016));
#8489=CARTESIAN_POINT('Origin',(-1.52400000000137,-26.2749104703887,-1.016));
#8490=CARTESIAN_POINT('Origin',(-1.01600000000088,-26.2749104703889,-1.016));
#8491=CARTESIAN_POINT('Ctrl Pts',(-7.80242394014626,-27.787952937099,-10.16));
#8492=CARTESIAN_POINT('Ctrl Pts',(-9.14400000029151,-27.6262022947458,-10.16));
#8493=CARTESIAN_POINT('Ctrl Pts',(-9.14400000000258,-26.2749104700623,-10.16));
#8494=CARTESIAN_POINT('Ctrl Pts',(-7.80242394014624,-27.7879529370988,-11.1760000000023));
#8495=CARTESIAN_POINT('Ctrl Pts',(-9.14400000029138,-27.6262022947457,-11.1760000000023));
#8496=CARTESIAN_POINT('Ctrl Pts',(-9.14400000000246,-26.2749104700623,-11.1760000000023));
#8497=CARTESIAN_POINT('Ctrl Pts',(-7.68080798004843,-26.7792579592913,-11.175999999999));
#8498=CARTESIAN_POINT('Ctrl Pts',(-8.12800000009649,-26.725341078507,-11.175999999999));
#8499=CARTESIAN_POINT('Ctrl Pts',(-8.12800000000018,-26.2749104702795,-11.175999999999));
#8500=CARTESIAN_POINT('',(-8.12800000000092,-26.2749104703916,-11.1759999999992));
#8501=CARTESIAN_POINT('Origin',(-8.12800000000316,-26.2749104703893,-10.1600000000009));
#8502=CARTESIAN_POINT('',(-7.68080799255461,-26.7792580630177,-11.1759999999988));
#8503=CARTESIAN_POINT('Origin',(-7.61999999999959,-26.2749104703881,-11.175999999999));
#8504=CARTESIAN_POINT('Origin',(-7.68080798005023,-26.7792579592946,-10.1599999999973));
#8505=CARTESIAN_POINT('Ctrl Pts',(-7.68072440970403,-26.778564818454,-2.39875558444291E-7));
#8506=CARTESIAN_POINT('Ctrl Pts',(-8.12730184056063,-26.7247220372307,-2.39875558444291E-7));
#8507=CARTESIAN_POINT('Ctrl Pts',(-8.12730183940072,-26.274910469082,-2.39875558444291E-7));
#8508=CARTESIAN_POINT('Ctrl Pts',(-7.73112385680955,-27.1965828905817,0.000289088240044669));
#8509=CARTESIAN_POINT('Ctrl Pts',(-8.5483472225619,-27.0980522084369,0.000289088240044658));
#8510=CARTESIAN_POINT('Ctrl Pts',(-8.5483472204393,-26.2749104679963,0.000289088240044683));
#8511=CARTESIAN_POINT('Ctrl Pts',(-7.76677389847815,-27.4922679138396,-0.297332715656576));
#8512=CARTESIAN_POINT('Ctrl Pts',(-8.84617361302388,-27.3621272513988,-0.297332715656576));
#8513=CARTESIAN_POINT('Ctrl Pts',(-8.84617361022032,-26.2749104672283,-0.297332715656576));
#8514=CARTESIAN_POINT('Ctrl Pts',(-7.80242394014675,-27.7879529370976,-0.594954519553198));
#8515=CARTESIAN_POINT('Ctrl Pts',(-9.14400000348587,-27.6262022943607,-0.594954519553198));
#8516=CARTESIAN_POINT('Ctrl Pts',(-9.14400000000135,-26.2749104664603,-0.594954519553198));
#8517=CARTESIAN_POINT('Ctrl Pts',(-7.80242394014671,-27.7879529370973,-1.016));
#8518=CARTESIAN_POINT('Ctrl Pts',(-9.14400000348558,-27.6262022943604,-1.016));
#8519=CARTESIAN_POINT('Ctrl Pts',(-9.14400000000107,-26.2749104664603,-1.016));
#8520=CARTESIAN_POINT('',(-7.87397341033306,-26.714805320855,-4.63729564007901E-10));
#8521=CARTESIAN_POINT('',(-7.68080801990537,-26.779258289854,-2.42861286636753E-14));
#8522=CARTESIAN_POINT('Ctrl Pts',(-7.87397341033305,-26.714805320855,0.));
#8523=CARTESIAN_POINT('Ctrl Pts',(-7.84204913160277,-26.7332401307973,0.));
#8524=CARTESIAN_POINT('Ctrl Pts',(-7.81262253065592,-26.7462742676147,0.));
#8525=CARTESIAN_POINT('Ctrl Pts',(-7.74912374646944,-26.7672805655366,0.));
#8526=CARTESIAN_POINT('Ctrl Pts',(-7.71576871023824,-26.7747742175096,-3.94430452610506E-30));
#8527=CARTESIAN_POINT('Ctrl Pts',(-7.68080801990537,-26.779258289854,-2.42861286636753E-14));
#8528=CARTESIAN_POINT('',(-8.12800000000111,-26.2749104697347,0.));
#8529=CARTESIAN_POINT('Ctrl Pts',(-8.12800000000111,-26.2749104697347,5.64383139657877E-13));
#8530=CARTESIAN_POINT('Ctrl Pts',(-8.12784841764428,-26.2949158840342,5.64371069151936E-13));
#8531=CARTESIAN_POINT('Ctrl Pts',(-8.12662069934675,-26.3145489176128,-1.95409616690643E-8));
#8532=CARTESIAN_POINT('Ctrl Pts',(-8.12438994964647,-26.3337737703042,-1.71965561989313E-8));
#8533=CARTESIAN_POINT('Ctrl Pts',(-8.12210666900777,-26.3534513405519,-1.47969433608915E-8));
#8534=CARTESIAN_POINT('Ctrl Pts',(-8.11877376679657,-26.3727025718464,-2.18480699420964E-10));
#8535=CARTESIAN_POINT('Ctrl Pts',(-8.11443112583751,-26.3915273874838,-2.08294624889412E-12));
#8536=CARTESIAN_POINT('Ctrl Pts',(-8.11009230031971,-26.4103356636516,2.14124680010165E-10));
#8537=CARTESIAN_POINT('Ctrl Pts',(-8.1047459072847,-26.4287200656647,-1.71369759306457E-8));
#8538=CARTESIAN_POINT('Ctrl Pts',(-8.09838176279972,-26.4466945492227,-4.14312184414512E-8));
#8539=CARTESIAN_POINT('Ctrl Pts',(-8.09217702846617,-26.4642188049218,-6.51169347180467E-8));
#8540=CARTESIAN_POINT('Ctrl Pts',(-8.08500444706463,-26.4813551304036,-9.08266842663431E-8));
#8541=CARTESIAN_POINT('Ctrl Pts',(-8.07680792421109,-26.4981038756333,-8.59504792682306E-8));
#8542=CARTESIAN_POINT('Ctrl Pts',(-8.07218296474471,-26.5075545011222,-8.3199038093845E-8));
#8543=CARTESIAN_POINT('Ctrl Pts',(-8.06723116033289,-26.5168813560262,-7.04310616151379E-8));
#8544=CARTESIAN_POINT('Ctrl Pts',(-8.06193684344635,-26.5260795848905,-5.19148340379273E-8));
#8545=CARTESIAN_POINT('Ctrl Pts',(-8.05003681652158,-26.5467544280274,-1.02959412824537E-8));
#8546=CARTESIAN_POINT('Ctrl Pts',(-8.03661277464738,-26.5667944753456,-3.92849111339807E-9));
#8547=CARTESIAN_POINT('Ctrl Pts',(-8.02169644078886,-26.5859618860689,-1.14464073540152E-9));
#8548=CARTESIAN_POINT('Ctrl Pts',(-8.00741949066727,-26.6043076920459,1.51988081322962E-9));
#8549=CARTESIAN_POINT('Ctrl Pts',(-7.99177480152527,-26.6218535785562,-5.82023067901346E-10));
#8550=CARTESIAN_POINT('Ctrl Pts',(-7.97483229582871,-26.6383735067718,-1.32178052409576E-9));
#8551=CARTESIAN_POINT('Ctrl Pts',(-7.95881094859784,-26.6539952519205,-2.02131761055684E-9));
#8552=CARTESIAN_POINT('Ctrl Pts',(-7.94162878023408,-26.6686988225168,-2.13063040583008E-9));
#8553=CARTESIAN_POINT('Ctrl Pts',(-7.92338986112898,-26.6822860415453,-1.93636916683675E-9));
#8554=CARTESIAN_POINT('Ctrl Pts',(-7.90766961510113,-26.6939969562509,-1.76893410925194E-9));
#8555=CARTESIAN_POINT('Ctrl Pts',(-7.89116487235597,-26.7048780383093,-1.47220659444235E-9));
#8556=CARTESIAN_POINT('Ctrl Pts',(-7.87397341033309,-26.714805320855,-1.39118851909187E-9));
#8557=CARTESIAN_POINT('Origin',(-8.12800000000203,-26.2749104690802,-1.016));
#8558=CARTESIAN_POINT('Origin',(-7.6808079800503,-26.7792579592927,-1.016));
#8559=CARTESIAN_POINT('Ctrl Pts',(-24.1794841028955,-17.5941696755627,-10.16));
#8560=CARTESIAN_POINT('Ctrl Pts',(-25.3497371509525,-18.2698155885183,-10.16));
#8561=CARTESIAN_POINT('Ctrl Pts',(-26.1606053465407,-17.1888519602847,-10.16));
#8562=CARTESIAN_POINT('Ctrl Pts',(-24.1794841028966,-17.5941696755607,-11.1759997923309));
#8563=CARTESIAN_POINT('Ctrl Pts',(-25.3497371509519,-18.2698155885154,-11.1759997923309));
#8564=CARTESIAN_POINT('Ctrl Pts',(-26.1606053465389,-17.1888519602834,-11.1759997923309));
#8565=CARTESIAN_POINT('Ctrl Pts',(-24.687483999423,-16.7142880453708,-11.1759999999977));
#8566=CARTESIAN_POINT('Ctrl Pts',(-25.0775685082399,-16.9395034417563,-11.1759999999977));
#8567=CARTESIAN_POINT('Ctrl Pts',(-25.3478580172623,-16.5791820850475,-11.1759999999977));
#8568=CARTESIAN_POINT('',(-25.3478581506425,-16.5791821851006,-11.1759999999998));
#8569=CARTESIAN_POINT('Origin',(-25.3478578511392,-16.5791819604334,-10.1600000000042));
#8570=CARTESIAN_POINT('',(-24.6874840049763,-16.714288048577,-11.1759999999987));
#8571=CARTESIAN_POINT('Origin',(-24.9414841034376,-16.2743469605063,-11.1759999999976));
#8572=CARTESIAN_POINT('Origin',(-24.6874841034377,-16.7142878656301,-10.1599999999986));
#8573=CARTESIAN_POINT('Ctrl Pts',(-24.6877536799209,-16.7138209454638,-1.43055016165806E-7));
#8574=CARTESIAN_POINT('Ctrl Pts',(-25.0774240230355,-16.9387972229587,-1.43055016166056E-7));
#8575=CARTESIAN_POINT('Ctrl Pts',(-25.3474265566307,-16.5788584315083,-1.43055016166514E-7));
#8576=CARTESIAN_POINT('Ctrl Pts',(-24.4772542584052,-17.0784166384887,0.000223265219431191));
#8577=CARTESIAN_POINT('Ctrl Pts',(-25.1902022781564,-17.4900373696148,0.000223265219431224));
#8578=CARTESIAN_POINT('Ctrl Pts',(-25.6842038747773,-16.8314867430903,0.000223265219431208));
#8579=CARTESIAN_POINT('Ctrl Pts',(-24.3283691809194,-17.3362931571801,-0.297388916237759));
#8580=CARTESIAN_POINT('Ctrl Pts',(-25.2699697147197,-17.8799264788448,-0.297388916237759));
#8581=CARTESIAN_POINT('Ctrl Pts',(-25.9224046106591,-17.0101693516893,-0.297388916237759));
#8582=CARTESIAN_POINT('Ctrl Pts',(-24.1794841034336,-17.5941696758715,-0.59500109769495));
#8583=CARTESIAN_POINT('Ctrl Pts',(-25.3497371512831,-18.2698155880749,-0.59500109769495));
#8584=CARTESIAN_POINT('Ctrl Pts',(-26.1606053465409,-17.1888519602883,-0.59500109769495));
#8585=CARTESIAN_POINT('Ctrl Pts',(-24.1794841034332,-17.5941696758722,-1.016));
#8586=CARTESIAN_POINT('Ctrl Pts',(-25.3497371512833,-18.2698155880759,-1.016));
#8587=CARTESIAN_POINT('Ctrl Pts',(-26.1606053465415,-17.1888519602888,-1.016));
#8588=CARTESIAN_POINT('',(-25.1957510008856,-16.7147501455641,-7.01128975016901E-8));
#8589=CARTESIAN_POINT('',(-24.6874841033702,-16.7142878657461,0.));
#8590=CARTESIAN_POINT('Ctrl Pts',(-25.195751000904,-16.714750145596,0.));
#8591=CARTESIAN_POINT('Ctrl Pts',(-25.12056751879,-16.7580386728519,0.));
#8592=CARTESIAN_POINT('Ctrl Pts',(-25.030525745294,-16.7830424885258,0.));
#8593=CARTESIAN_POINT('Ctrl Pts',(-24.9162841661993,-16.782233851422,0.));
#8594=CARTESIAN_POINT('Ctrl Pts',(-24.8932227397466,-16.7805150567133,0.));
#8595=CARTESIAN_POINT('Ctrl Pts',(-24.8466736655734,-16.7739633327197,0.));
#8596=CARTESIAN_POINT('Ctrl Pts',(-24.8269240553561,-16.7697996164002,0.));
#8597=CARTESIAN_POINT('Ctrl Pts',(-24.7660856546149,-16.7529800210569,0.));
#8598=CARTESIAN_POINT('Ctrl Pts',(-24.7263654929471,-16.7363449480596,0.));
#8599=CARTESIAN_POINT('Ctrl Pts',(-24.6874841033702,-16.7142878657461,0.));
#8600=CARTESIAN_POINT('',(-25.3478580508992,-16.5791821102795,-6.93889390390723E-15));
#8601=CARTESIAN_POINT('Origin',(-25.0152964502165,-16.2284237286825,-3.20834578393544E-6));
#8602=CARTESIAN_POINT('Origin',(-25.3478578511391,-16.5791819604325,-1.016));
#8603=CARTESIAN_POINT('Origin',(-24.6874841034379,-16.7142878656289,-1.016));
#8604=CARTESIAN_POINT('Ctrl Pts',(-29.3910292866854,-11.5935935659632,-10.16));
#8605=CARTESIAN_POINT('Ctrl Pts',(-29.921737151401,-10.3508792955931,-10.16));
#8606=CARTESIAN_POINT('Ctrl Pts',(-28.7514841031555,-9.67523338350269,-10.16));
#8607=CARTESIAN_POINT('Ctrl Pts',(-29.391029286688,-11.5935935659644,-11.1760000000046));
#8608=CARTESIAN_POINT('Ctrl Pts',(-29.9217371514046,-10.3508792955919,-11.1760000000046));
#8609=CARTESIAN_POINT('Ctrl Pts',(-28.7514841031569,-9.67523338350022,-11.1760000000046));
#8610=CARTESIAN_POINT('Ctrl Pts',(-28.4566658311858,-11.1945685880101,-11.1760000000005));
#8611=CARTESIAN_POINT('Ctrl Pts',(-28.6335684527573,-10.7803304978876,-11.1760000000005));
#8612=CARTESIAN_POINT('Ctrl Pts',(-28.243484103343,-10.555115193858,-11.1760000000005));
#8613=CARTESIAN_POINT('',(-28.7514841031546,-9.67523338350419,-10.16));
#8614=CARTESIAN_POINT('',(-29.3910292866865,-11.5935935659617,-10.16));
#8615=CARTESIAN_POINT('Origin',(-27.9894841034376,-10.9950560990354,-10.16));
#8616=CARTESIAN_POINT('',(-28.2434841034415,-10.5551151939144,-11.1760000000001));
#8617=CARTESIAN_POINT('Origin',(-28.2434841034389,-10.5551151939117,-10.1600000000004));
#8618=CARTESIAN_POINT('',(-28.4566659272695,-11.1945686290418,-11.1760000000002));
#8619=CARTESIAN_POINT('Origin',(-27.9894841034376,-10.9950560990342,-11.1760000000005));
#8620=CARTESIAN_POINT('Origin',(-28.4566658311904,-11.1945685880107,-10.1600000000027));
#8621=CARTESIAN_POINT('Origin',(-4.57200000000063,-0.994492589152517,0.));
#8622=CARTESIAN_POINT('',(1.01599999999956,8.68420732354226,0.));
#8623=CARTESIAN_POINT('Origin',(-4.57200000000063,-0.994492589152517,0.));
#8624=CARTESIAN_POINT('',(1.01599999999956,8.68420732354226,-6.35));
#8625=CARTESIAN_POINT('',(1.01599999999956,8.68420732354226,0.));
#8626=CARTESIAN_POINT('Origin',(-4.57200000000063,-0.994492589152517,-6.35));
#8627=CARTESIAN_POINT('Origin',(10.3859907741641,7.64150741084679,1.016));
#8628=CARTESIAN_POINT('',(11.7829907741642,10.0611823890205,0.507925869544309));
#8629=CARTESIAN_POINT('',(8.98899077416409,5.2218324326731,0.507925869544309));
#8630=CARTESIAN_POINT('Origin',(10.3859907741641,7.64150741084679,0.507925869544309));
#8631=CARTESIAN_POINT('',(8.98899077416409,5.2218324326731,0.));
#8632=CARTESIAN_POINT('',(8.98899077416409,5.2218324326731,1.016));
#8633=CARTESIAN_POINT('Origin',(10.3859907741641,7.64150741084679,0.));
#8634=CARTESIAN_POINT('Origin',(10.3859907741641,7.64150741084679,0.507925869544309));
#8635=CARTESIAN_POINT('Origin',(-4.57200000000074,-18.2664925891521,1.016));
#8636=CARTESIAN_POINT('',(-3.17500000000069,-15.8468176109784,0.507925869544309));
#8637=CARTESIAN_POINT('',(-5.96900000000078,-20.6861675673258,0.507925869544309));
#8638=CARTESIAN_POINT('Origin',(-4.57200000000074,-18.2664925891521,0.507925869544309));
#8639=CARTESIAN_POINT('',(-5.96900000000078,-20.6861675673258,0.));
#8640=CARTESIAN_POINT('',(-5.96900000000078,-20.6861675673258,1.016));
#8641=CARTESIAN_POINT('Origin',(-4.57200000000074,-18.2664925891521,0.));
#8642=CARTESIAN_POINT('Origin',(-4.57200000000074,-18.2664925891521,0.507925869544309));
#8643=CARTESIAN_POINT('Origin',(-19.5299907741653,7.64150741084778,1.016));
#8644=CARTESIAN_POINT('',(-18.1329907741652,10.0611823890215,0.507925869528945));
#8645=CARTESIAN_POINT('',(-20.9269907741653,5.22183243267408,0.507925869528945));
#8646=CARTESIAN_POINT('Origin',(-19.5299907741653,7.64150741084778,0.507925869528945));
#8647=CARTESIAN_POINT('',(-20.9269907741653,5.22183243267408,0.));
#8648=CARTESIAN_POINT('',(-20.9269907741653,5.22183243267408,1.016));
#8649=CARTESIAN_POINT('Origin',(-19.5299907741653,7.64150741084778,0.));
#8650=CARTESIAN_POINT('Origin',(-19.5299907741653,7.64150741084778,0.507925869528945));
#8651=CARTESIAN_POINT('Origin',(10.3859907741641,7.64150741084679,0.507954857312143));
#8652=CARTESIAN_POINT('',(11.5289604488787,9.62118895896274,1.016));
#8653=CARTESIAN_POINT('',(11.7829762806648,10.0611572855432,0.507954857312143));
#8654=CARTESIAN_POINT('Origin',(10.3859907741641,7.64150741084679,1.016));
#8655=CARTESIAN_POINT('Origin',(-4.57200000000074,-18.2664925891521,0.507954857312143));
#8656=CARTESIAN_POINT('',(-3.42903032528621,-16.2868110410362,1.016));
#8657=CARTESIAN_POINT('',(-3.17501449350006,-15.8468427144557,0.507954857312143));
#8658=CARTESIAN_POINT('Origin',(-4.57200000000074,-18.2664925891521,1.016));
#8659=CARTESIAN_POINT('Origin',(-19.5299907741653,7.64150741084778,0.507954857312143));
#8660=CARTESIAN_POINT('',(-18.3870210994584,9.62118895895042,1.016));
#8661=CARTESIAN_POINT('',(-18.1330052676723,10.0611572855309,0.507954857312143));
#8662=CARTESIAN_POINT('Origin',(-19.5299907741653,7.64150741084778,1.016));
#8663=CARTESIAN_POINT('Origin',(-4.57200000000063,-0.994492589152517,-11.176));
#8664=CARTESIAN_POINT('',(-9.99434794351036,10.2364453714926,-11.1759999999999));
#8665=CARTESIAN_POINT('',(-11.5871041579263,9.31686826306997,-11.1759999999998));
#8666=CARTESIAN_POINT('Origin',(-4.57190885071841,-0.99466366350657,-11.1759999999575));
#8667=CARTESIAN_POINT('',(-8.12800179710626,13.2100131593767,-11.1759999999994));
#8668=CARTESIAN_POINT('Origin',(-11.4300011546957,13.2100124731706,-11.1760000000012));
#8669=CARTESIAN_POINT('',(-8.12800020766918,24.2859252982874,-11.1760000000003));
#8670=CARTESIAN_POINT('',(-8.12800000000014,24.2859252920838,-11.176));
#8671=CARTESIAN_POINT('',(-7.68080802486528,24.7902731526986,-11.176));
#8672=CARTESIAN_POINT('Origin',(-7.62000000000303,24.2859252920864,-11.1760000000007));
#8673=CARTESIAN_POINT('Origin',(-4.57200052154172,-0.994492589152896,-11.1759999999998));
#8674=CARTESIAN_POINT('',(-1.01599987110695,13.2100131607467,-11.176));
#8675=CARTESIAN_POINT('',(-1.01599999984355,13.2100131597963,-11.176));
#8676=CARTESIAN_POINT('',(0.850348367452413,10.2364462495775,-11.1759999999998));
#8677=CARTESIAN_POINT('Origin',(2.28600068975809,13.2100146892752,-11.1760000000013));
#8678=CARTESIAN_POINT('',(2.44310361049102,9.31686745840813,-11.1759999999999));
#8679=CARTESIAN_POINT('Origin',(-4.57210271802422,-0.994657277808438,-11.1759999999575));
#8680=CARTESIAN_POINT('',(5.95146192787572,9.18734817730707,-11.1759999999994));
#8681=CARTESIAN_POINT('Origin',(4.30046165481037,12.0469631611547,-11.1760000000012));
#8682=CARTESIAN_POINT('',(15.5434841034376,14.7253026873221,-11.176));
#8683=CARTESIAN_POINT('Origin',(-4.57200026077261,-0.994492137482886,-11.1759999999994));
#8684=CARTESIAN_POINT('',(9.50746289196572,3.02817383847953,-11.176));
#8685=CARTESIAN_POINT('',(9.50746282686853,3.02817394932823,-11.176));
#8686=CARTESIAN_POINT('',(7.86545252459617,-0.0749146043055808,-11.1759999999998));
#8687=CARTESIAN_POINT('Origin',(11.1584644937428,0.168558233343072,-11.1760000000012));
#8688=CARTESIAN_POINT('',(7.86545155399714,-1.91407050223842,-11.1759999999999));
#8689=CARTESIAN_POINT('Origin',(-4.57219373168616,-0.994485989409129,-11.1759999999575));
#8690=CARTESIAN_POINT('',(9.50746303194159,-5.01715877159886,-11.1759999999999));
#8691=CARTESIAN_POINT('Origin',(11.1584647262403,-2.15754165199936,-11.1760000000013));
#8692=CARTESIAN_POINT('',(19.0994842072677,-10.5551150140688,-11.1759999999996));
#8693=CARTESIAN_POINT('',(-2.79400000000057,2.08509374670491,-11.176));
#8694=CARTESIAN_POINT('',(19.3126661945735,-11.1945687431954,-11.1760000000008));
#8695=CARTESIAN_POINT('Origin',(18.8454841034335,-10.9950560990491,-11.1759999999995));
#8696=CARTESIAN_POINT('',(16.2038579347055,-16.579182023124,-11.1760000000014));
#8697=CARTESIAN_POINT('Origin',(-4.57199965229478,-0.994491986907911,-11.175999999999));
#8698=CARTESIAN_POINT('',(15.543484103395,-16.7142878656942,-11.1760000000029));
#8699=CARTESIAN_POINT('Origin',(15.7974841034248,-16.2743469605124,-11.1760000000035));
#8700=CARTESIAN_POINT('',(5.95146276326456,-11.1763319114168,-11.176));
#8701=CARTESIAN_POINT('',(-6.35000000007816,-4.07407892514413,-11.176));
#8702=CARTESIAN_POINT('',(2.44310415792508,-11.305853441375,-11.1759999999998));
#8703=CARTESIAN_POINT('Origin',(4.30046380502927,-14.0359490427952,-11.1760000000012));
#8704=CARTESIAN_POINT('',(0.850347943509104,-12.2254305497977,-11.1759999999999));
#8705=CARTESIAN_POINT('Origin',(-4.57209114928295,-0.994321514798298,-11.1759999999575));
#8706=CARTESIAN_POINT('',(-1.015998202895,-15.1989983376817,-11.1759999999994));
#8707=CARTESIAN_POINT('Origin',(2.28600115469438,-15.1989976514757,-11.1760000000012));
#8708=CARTESIAN_POINT('',(-1.01599979233208,-26.2749104765925,-11.1760000000003));
#8709=CARTESIAN_POINT('',(-1.01600000000112,-26.2749104703889,-11.176));
#8710=CARTESIAN_POINT('',(-1.46319197513598,-26.7792583310036,-11.176));
#8711=CARTESIAN_POINT('Origin',(-1.52399999999823,-26.2749104703914,-11.1760000000007));
#8712=CARTESIAN_POINT('Origin',(-4.57199947846004,-0.994492589152327,-11.1759999999998));
#8713=CARTESIAN_POINT('',(-8.12800012889431,-15.1989983390517,-11.176));
#8714=CARTESIAN_POINT('',(-8.12800000015771,-15.1989983381013,-11.176));
#8715=CARTESIAN_POINT('',(-9.99434836745367,-12.2254314278825,-11.1759999999998));
#8716=CARTESIAN_POINT('Origin',(-11.4300006897594,-15.1989998675802,-11.1760000000013));
#8717=CARTESIAN_POINT('',(-11.5871036104923,-11.3058526367132,-11.1759999999999));
#8718=CARTESIAN_POINT('Origin',(-4.57189728197721,-0.994327900497307,-11.1759999999575));
#8719=CARTESIAN_POINT('',(-15.095461927877,-11.1763333556121,-11.1759999999994));
#8720=CARTESIAN_POINT('Origin',(-13.4444616548116,-14.0359483394597,-11.1760000000012));
#8721=CARTESIAN_POINT('',(-24.6874841034389,-16.7142878656272,-11.176));
#8722=CARTESIAN_POINT('Origin',(-4.57199973922933,-0.994493040822779,-11.1759999999995));
#8723=CARTESIAN_POINT('',(-18.651462891967,-5.01715901678456,-11.176));
#8724=CARTESIAN_POINT('',(-18.6514628268698,-5.01715912763327,-11.176));
#8725=CARTESIAN_POINT('',(-17.0094525245974,-1.91407057399945,-11.1759999999998));
#8726=CARTESIAN_POINT('Origin',(-20.302464493744,-2.15754341164812,-11.1760000000012));
#8727=CARTESIAN_POINT('',(-17.0094515539984,-0.0749146760666139,-11.1759999999999));
#8728=CARTESIAN_POINT('Origin',(-4.57180626831531,-0.994499188895834,-11.1759999999575));
#8729=CARTESIAN_POINT('',(-18.6514632117675,3.02817328182789,-11.1759999999998));
#8730=CARTESIAN_POINT('Origin',(-20.302462809501,0.168556722887691,-11.1760000000012));
#8731=CARTESIAN_POINT('',(-28.243484207269,8.56612983576372,-11.1759999999996));
#8732=CARTESIAN_POINT('',(-6.35000000000069,-4.07407892500995,-11.176));
#8733=CARTESIAN_POINT('',(-28.4566661945748,9.2055835648904,-11.1760000000008));
#8734=CARTESIAN_POINT('Origin',(-27.9894841034347,9.00607092074403,-11.1759999999995));
#8735=CARTESIAN_POINT('',(-25.3478579347071,14.5901968448186,-11.1760000000014));
#8736=CARTESIAN_POINT('Origin',(-4.57200034770725,-0.994493191396613,-11.1759999999995));
#8737=CARTESIAN_POINT('',(-24.6874841033963,14.7253026873891,-11.1760000000029));
#8738=CARTESIAN_POINT('Origin',(-24.941484103426,14.2853617822074,-11.1760000000035));
#8739=CARTESIAN_POINT('',(-15.0954625701887,9.18734706562816,-11.1759999999998));
#8740=CARTESIAN_POINT('',(-2.7939999999231,2.08509374683909,-11.176));
#8741=CARTESIAN_POINT('Origin',(-13.4444630296301,12.046962496764,-11.1759999999993));
#8742=CARTESIAN_POINT('Origin',(-13.4444628264284,12.046962504266,-10.16));
#8743=CARTESIAN_POINT('',(-12.1585986486856,10.1568965486977,-10.16));
#8744=CARTESIAN_POINT('Origin',(-11.5871034585777,9.31686723511178,-10.16));
#8745=CARTESIAN_POINT('',(-14.5874628268654,10.0672284314668,-10.16));
#8746=CARTESIAN_POINT('Origin',(-15.0954628267914,9.18734662117912,-10.16));
#8747=CARTESIAN_POINT('Origin',(-13.4444628264284,12.0469625042658,-10.16));
#8748=CARTESIAN_POINT('Origin',(-4.57199999999528,-0.994492589161964,-10.1599999999871));
#8749=CARTESIAN_POINT('',(-10.4360869565221,11.1513891378508,-10.16));
#8750=CARTESIAN_POINT('Origin',(-9.99434782608739,10.2364451282837,-10.16));
#8751=CARTESIAN_POINT('Origin',(-4.57200000000063,-0.994492589152517,-10.16));
#8752=CARTESIAN_POINT('Origin',(-11.4300000000004,13.2100131593767,-10.16));
#8753=CARTESIAN_POINT('',(-9.14400000000022,13.2100131593766,-10.16));
#8754=CARTESIAN_POINT('Origin',(-8.1280000000003,13.2100131593766,-10.16));
#8755=CARTESIAN_POINT('Origin',(-11.4300000000003,13.2100131593766,-10.16));
#8756=CARTESIAN_POINT('Origin',(-8.12799999999996,12.999739932918,-10.16));
#8757=CARTESIAN_POINT('',(-9.14399999999993,24.2859252914573,-10.16));
#8758=CARTESIAN_POINT('Origin',(-8.12800000000206,24.2859252920836,-10.1600000000023));
#8759=CARTESIAN_POINT('',(-9.14399999999996,12.999739932918,-10.16));
#8760=CARTESIAN_POINT('Origin',(-4.57200000000058,-0.994492589147806,-10.1600000000095));
#8761=CARTESIAN_POINT('',(-7.80242394015002,25.7989677587924,-10.16));
#8762=CARTESIAN_POINT('Origin',(-7.68080798004979,24.7902727809889,-10.1600000000001));
#8763=CARTESIAN_POINT('Origin',(-4.57200000000063,-0.994492589152517,-10.16));
#8764=CARTESIAN_POINT('Origin',(-1.01600000000092,24.4961985185425,-10.16));
#8765=CARTESIAN_POINT('',(-5.72789348878225E-13,13.2100131602747,-10.16));
#8766=CARTESIAN_POINT('Origin',(-1.01600000000092,13.2100131608136,-10.16));
#8767=CARTESIAN_POINT('',(-9.1853608052972E-13,24.4961985185425,-10.16));
#8768=CARTESIAN_POINT('Origin',(2.28599999999957,13.2100131593765,-10.16));
#8769=CARTESIAN_POINT('Origin',(0.850347826086487,10.2364451282834,-10.16));
#8770=CARTESIAN_POINT('Origin',(2.28599999999955,13.2100131593764,-10.16));
#8771=CARTESIAN_POINT('Origin',(-4.57200000000295,-0.994492589156475,-10.1600000000005));
#8772=CARTESIAN_POINT('Origin',(2.44310345857662,9.31686723511205,-10.16));
#8773=CARTESIAN_POINT('Origin',(4.30046282642797,12.0469625042655,-10.1600000000001));
#8774=CARTESIAN_POINT('',(5.44346282642788,10.067228431214,-10.16));
#8775=CARTESIAN_POINT('Origin',(5.95146282642776,9.18734662096912,-10.16));
#8776=CARTESIAN_POINT('Origin',(4.30046282642796,12.0469625042655,-10.16));
#8777=CARTESIAN_POINT('Origin',(5.76936087057965,9.08221000773975,-10.16));
#8778=CARTESIAN_POINT('',(5.26136087057969,9.96209181798475,-10.16));
#8779=CARTESIAN_POINT('Origin',(-4.57200000000485,-0.994492589154876,-10.1599999999957));
#8780=CARTESIAN_POINT('Origin',(-4.57200000000063,-0.994492589152517,-10.16));
#8781=CARTESIAN_POINT('Origin',(19.2815860592851,8.67126662883698,-10.16));
#8782=CARTESIAN_POINT('',(10.0154628272054,2.14829213945863,-10.16));
#8783=CARTESIAN_POINT('Origin',(9.50746282767219,3.02817394997321,-10.16));
#8784=CARTESIAN_POINT('',(19.789586059285,7.79138481859197,-10.16));
#8785=CARTESIAN_POINT('Origin',(11.1584628264276,0.168558065958013,-10.1599999999999));
#8786=CARTESIAN_POINT('',(8.87868560520613,3.46944695195361E-15,-10.16));
#8787=CARTESIAN_POINT('Origin',(7.86545128466318,-0.0749146959813545,-10.16));
#8788=CARTESIAN_POINT('Origin',(11.1584628264276,0.168558065958043,-10.16));
#8789=CARTESIAN_POINT('Origin',(-4.57199999997,-0.994492589152724,-10.1600000000367));
#8790=CARTESIAN_POINT('',(8.87868560520614,-1.98898517830587,-10.16));
#8791=CARTESIAN_POINT('Origin',(7.86545128466334,-1.91407048232446,-10.16));
#8792=CARTESIAN_POINT('Origin',(-4.57200000000063,-0.994492589152517,-10.16));
#8793=CARTESIAN_POINT('Origin',(11.1584628264273,-2.15754324426361,-10.1599999999999));
#8794=CARTESIAN_POINT('',(10.0154628264274,-4.13727731731477,-10.16));
#8795=CARTESIAN_POINT('Origin',(9.50746282642737,-5.01715912755975,-10.16));
#8796=CARTESIAN_POINT('Origin',(11.1584628264274,-2.15754324426356,-10.16));
#8797=CARTESIAN_POINT('Origin',(9.32536087057898,-4.91202251433073,-10.16));
#8798=CARTESIAN_POINT('',(19.6074841028989,-9.67523338335814,-10.16));
#8799=CARTESIAN_POINT('Origin',(19.0994841034369,-10.5551151939126,-10.1599999999996));
#8800=CARTESIAN_POINT('',(9.833360870579,-4.03214070408575,-10.16));
#8801=CARTESIAN_POINT('Origin',(-4.57199999999363,-0.994492589156679,-10.1600000000088));
#8802=CARTESIAN_POINT('',(17.0166053465355,-17.1888519602869,-10.16));
#8803=CARTESIAN_POINT('Origin',(16.2038578511317,-16.5791819604301,-10.1599999999991));
#8804=CARTESIAN_POINT('',(20.2470292866864,-11.5935935659634,-10.16));
#8805=CARTESIAN_POINT('Origin',(19.312665831181,-11.1945685880069,-10.1599999999908));
#8806=CARTESIAN_POINT('Origin',(-4.57200000000063,-0.994492589152517,-10.16));
#8807=CARTESIAN_POINT('Origin',(15.7255860592854,-16.8194244788581,-10.16));
#8808=CARTESIAN_POINT('',(5.44346282704974,-12.056213609879,-10.16));
#8809=CARTESIAN_POINT('Origin',(5.95146282767227,-11.1763317999934,-10.16));
#8810=CARTESIAN_POINT('',(15.0354841034354,-17.5941696758731,-10.160000000001));
#8811=CARTESIAN_POINT('Origin',(15.5434841034354,-16.7142878656278,-10.160000000002));
#8812=CARTESIAN_POINT('',(15.2175860592854,-17.6993062891031,-10.16));
#8813=CARTESIAN_POINT('Origin',(4.30046282642719,-14.0359476825708,-10.1599999999999));
#8814=CARTESIAN_POINT('',(3.01459864868438,-12.1458817270027,-10.16));
#8815=CARTESIAN_POINT('Origin',(2.4431034585764,-11.3058524134168,-10.16));
#8816=CARTESIAN_POINT('Origin',(4.30046282642719,-14.0359476825708,-10.16));
#8817=CARTESIAN_POINT('Origin',(-4.57199999998589,-0.994492589178417,-10.1600000000328));
#8818=CARTESIAN_POINT('',(1.29208695652087,-13.1403743161558,-10.16));
#8819=CARTESIAN_POINT('Origin',(0.850347826086127,-12.2254303065888,-10.16));
#8820=CARTESIAN_POINT('Origin',(-4.57200000000063,-0.994492589152517,-10.16));
#8821=CARTESIAN_POINT('Origin',(2.28599999999901,-15.1989983376816,-10.1599999999999));
#8822=CARTESIAN_POINT('',(-1.04343617080005E-12,-15.1989983376816,-10.16));
#8823=CARTESIAN_POINT('Origin',(-1.01600000000096,-15.1989983376816,-10.16));
#8824=CARTESIAN_POINT('Origin',(2.28599999999904,-15.1989983376817,-10.16));
#8825=CARTESIAN_POINT('Origin',(-1.0160000000013,-14.988725111223,-10.16));
#8826=CARTESIAN_POINT('',(-1.33630186597727E-12,-26.2749104697623,-10.16));
#8827=CARTESIAN_POINT('Origin',(-1.0159999999992,-26.2749104703886,-10.1600000000023));
#8828=CARTESIAN_POINT('',(-1.30104260698261E-12,-14.988725111223,-10.16));
#8829=CARTESIAN_POINT('Origin',(-4.57200000000065,-0.994492589157101,-10.1599999999991));
#8830=CARTESIAN_POINT('',(-1.34157605985124,-27.7879529370974,-10.16));
#8831=CARTESIAN_POINT('Origin',(-1.46319201995147,-26.7792579592939,-10.1600000000001));
#8832=CARTESIAN_POINT('Origin',(-4.57200000000063,-0.994492589152517,-10.16));
#8833=CARTESIAN_POINT('Origin',(-8.12800000000034,-26.4851836968476,-10.16));
#8834=CARTESIAN_POINT('Origin',(-8.12800000000034,-15.1989983391187,-10.16));
#8835=CARTESIAN_POINT('',(-9.14400000000034,-26.4851836968476,-10.16));
#8836=CARTESIAN_POINT('Origin',(-11.4300000000007,-15.1989983376814,-10.1599999999999));
#8837=CARTESIAN_POINT('Origin',(-9.99434782608775,-12.2254303065884,-10.16));
#8838=CARTESIAN_POINT('Origin',(-4.57200000001859,-0.994492589183018,-10.1600000000422));
#8839=CARTESIAN_POINT('Origin',(-11.5871034585779,-11.3058524134171,-10.16));
#8840=CARTESIAN_POINT('Origin',(-4.57200000000063,-0.994492589152517,-10.16));
#8841=CARTESIAN_POINT('Origin',(-13.4444628264292,-14.0359476825705,-10.16));
#8842=CARTESIAN_POINT('Origin',(-15.095462826429,-11.1763317992742,-10.16));
#8843=CARTESIAN_POINT('Origin',(-14.9133608705809,-11.0711951860448,-10.16));
#8844=CARTESIAN_POINT('',(-14.4053608705809,-11.9510769962898,-10.16));
#8845=CARTESIAN_POINT('Origin',(-4.5720000000115,-0.994492589158698,-10.1600000000208));
#8846=CARTESIAN_POINT('Origin',(-4.57200000000063,-0.994492589152517,-10.16));
#8847=CARTESIAN_POINT('Origin',(-28.4255860592864,-10.660251807142,-10.16));
#8848=CARTESIAN_POINT('',(-19.1594628272067,-4.13727731776367,-10.16));
#8849=CARTESIAN_POINT('Origin',(-18.6514628276735,-5.01715912827824,-10.16));
#8850=CARTESIAN_POINT('',(-28.9335860592863,-9.78036999689701,-10.16));
#8851=CARTESIAN_POINT('Origin',(-20.3024628264289,-2.15754324426303,-10.16));
#8852=CARTESIAN_POINT('',(-18.0226856052074,-1.98898517830504,-10.16));
#8853=CARTESIAN_POINT('Origin',(-17.0094512846644,-1.91407048232368,-10.16));
#8854=CARTESIAN_POINT('Origin',(-20.3024628264288,-2.15754324426308,-10.16));
#8855=CARTESIAN_POINT('Origin',(-4.57200000005454,-0.99449258915218,-10.160000000065));
#8856=CARTESIAN_POINT('',(-18.0226856052074,8.3700407715881E-13,-10.16));
#8857=CARTESIAN_POINT('Origin',(-17.0094512846646,-0.074914695980575,-10.16));
#8858=CARTESIAN_POINT('Origin',(-4.57200000000063,-0.994492589152517,-10.16));
#8859=CARTESIAN_POINT('Origin',(-20.3024628264286,0.168558065958582,-10.1599999999999));
#8860=CARTESIAN_POINT('',(-19.1594628264286,2.14829213900973,-10.16));
#8861=CARTESIAN_POINT('Origin',(-18.6514628264286,3.02817394925471,-10.16));
#8862=CARTESIAN_POINT('Origin',(-20.3024628264287,0.168558065958527,-10.16));
#8863=CARTESIAN_POINT('Origin',(-18.4693608705802,2.92303733602569,-10.16));
#8864=CARTESIAN_POINT('',(-28.7514841034423,7.68624820536612,-10.16));
#8865=CARTESIAN_POINT('Origin',(-28.2434841034382,8.56613001560755,-10.1599999999996));
#8866=CARTESIAN_POINT('',(-18.9773608705803,2.04315552578071,-10.16));
#8867=CARTESIAN_POINT('Origin',(-4.57200000000064,-0.994492589152558,-10.1599999999934));
#8868=CARTESIAN_POINT('',(-26.1606053465367,15.199866781982,-10.16));
#8869=CARTESIAN_POINT('Origin',(-25.3478578511328,14.5901967821254,-10.159999999999));
#8870=CARTESIAN_POINT('',(-29.3910292866877,9.60460838765836,-10.16));
#8871=CARTESIAN_POINT('Origin',(-28.4566658311822,9.20558340970187,-10.1599999999908));
#8872=CARTESIAN_POINT('Origin',(-4.57200000000063,-0.994492589152517,-10.16));
#8873=CARTESIAN_POINT('Origin',(-24.8695860592866,14.830439300553,-10.16));
#8874=CARTESIAN_POINT('',(-24.1794841031538,15.6051844974045,-10.16));
#8875=CARTESIAN_POINT('Origin',(-24.6874841034367,14.7253026873228,-10.1600000000019));
#8876=CARTESIAN_POINT('',(-24.3615860592866,15.710321110798,-10.16));
#8877=CARTESIAN_POINT('Origin',(-13.4444628264284,12.0469625042658,-11.3047075915607));
#8878=CARTESIAN_POINT('',(-12.1585986486854,10.1568965486979,-1.016));
#8879=CARTESIAN_POINT('',(-14.5874628264285,10.0672284312146,-1.016));
#8880=CARTESIAN_POINT('Origin',(-13.4444628264284,12.0469625042658,-1.016));
#8881=CARTESIAN_POINT('',(-12.1585986486856,10.1568965486976,-11.3047075915607));
#8882=CARTESIAN_POINT('',(-14.5874628264285,10.0672284312146,-11.3047075915607));
#8883=CARTESIAN_POINT('Origin',(-4.57200000000063,-0.994492589152517,0.));
#8884=CARTESIAN_POINT('',(-10.4360869565218,11.151389137851,-1.016));
#8885=CARTESIAN_POINT('',(-10.4360869565222,11.1513891378508,0.));
#8886=CARTESIAN_POINT('Origin',(-4.57200000000063,-0.994492589152517,-1.016));
#8887=CARTESIAN_POINT('Origin',(-11.4300000000003,13.2100131593766,-11.3047075915607));
#8888=CARTESIAN_POINT('',(-9.14400000000022,13.2100131594227,-1.016));
#8889=CARTESIAN_POINT('Origin',(-11.4300000000003,13.2100131593766,-1.016));
#8890=CARTESIAN_POINT('',(-9.1440000000003,13.2100131593766,-11.3047075915607));
#8891=CARTESIAN_POINT('Origin',(-9.14399999999996,25.602912777724,0.));
#8892=CARTESIAN_POINT('',(-9.14399999999996,24.2859252920841,0.));
#8893=CARTESIAN_POINT('',(-9.14399999999996,25.602912777724,-1.016));
#8894=CARTESIAN_POINT('Origin',(-4.57200000000063,-0.994492589152517,0.));
#8895=CARTESIAN_POINT('',(-1.34157605985127,25.7989677587926,0.));
#8896=CARTESIAN_POINT('',(-7.80242394014998,25.7989677587927,0.));
#8897=CARTESIAN_POINT('Origin',(-4.57200000000063,-0.994492589152517,-1.016));
#8898=CARTESIAN_POINT('Origin',(3.46944695195361E-15,11.6943519114318,0.));
#8899=CARTESIAN_POINT('',(8.23993651088983E-14,13.2100131593764,-1.016));
#8900=CARTESIAN_POINT('',(4.33680868994202E-15,13.2100131593764,0.));
#8901=CARTESIAN_POINT('',(7.80625564189563E-15,24.2859252920839,0.));
#8902=CARTESIAN_POINT('',(3.46944695195361E-15,11.6943519114318,-1.016));
#8903=CARTESIAN_POINT('Origin',(2.28599999999955,13.2100131593764,-11.3047075915607));
#8904=CARTESIAN_POINT('Origin',(2.28599999999955,13.2100131593764,-1.016));
#8905=CARTESIAN_POINT('Origin',(4.30046282642796,12.0469625042655,-11.3047075915607));
#8906=CARTESIAN_POINT('',(5.44346282646781,10.0672284312374,-1.016));
#8907=CARTESIAN_POINT('Origin',(4.30046282642796,12.0469625042655,-1.016));
#8908=CARTESIAN_POINT('',(5.44346282642782,10.0672284312141,-11.3047075915607));
#8909=CARTESIAN_POINT('Origin',(16.1760287224671,16.2636782403879,0.));
#8910=CARTESIAN_POINT('',(15.0354841034368,15.605184497568,0.));
#8911=CARTESIAN_POINT('',(16.1760287224671,16.2636782403879,-1.016));
#8912=CARTESIAN_POINT('Origin',(-4.57200000000063,-0.994492589152517,0.));
#8913=CARTESIAN_POINT('',(20.2470292866857,9.60460838765617,-1.016));
#8914=CARTESIAN_POINT('',(20.247029286686,9.60460838765633,0.));
#8915=CARTESIAN_POINT('',(17.0166053465369,15.199866781982,0.));
#8916=CARTESIAN_POINT('Origin',(-4.57200000000063,-0.994492589152517,-1.016));
#8917=CARTESIAN_POINT('Origin',(8.70286168217588,1.39046151503731,0.));
#8918=CARTESIAN_POINT('',(10.0154628264276,2.14829213900939,-1.016));
#8919=CARTESIAN_POINT('',(10.0154628264275,2.14829213900952,0.));
#8920=CARTESIAN_POINT('',(19.6074841028701,7.68624820503567,-1.016));
#8921=CARTESIAN_POINT('',(19.6074841034367,7.68624820536292,0.));
#8922=CARTESIAN_POINT('',(8.70286168217588,1.39046151503731,-1.016));
#8923=CARTESIAN_POINT('Origin',(11.1584628264276,0.168558065958043,-11.3047075915607));
#8924=CARTESIAN_POINT('',(8.87868560520612,9.62771529167128E-14,-1.016));
#8925=CARTESIAN_POINT('Origin',(11.1584628264276,0.168558065958043,-1.016));
#8926=CARTESIAN_POINT('',(8.87868560520607,0.,-11.3047075915607));
#8927=CARTESIAN_POINT('Origin',(-4.57200000000063,-0.994492589152517,0.));
#8928=CARTESIAN_POINT('',(8.87868560520615,-1.98898517830575,-1.016));
#8929=CARTESIAN_POINT('',(8.87868560520623,-1.98898517830587,0.));
#8930=CARTESIAN_POINT('Origin',(-4.57200000000063,-0.994492589152517,-1.016));
#8931=CARTESIAN_POINT('Origin',(11.1584628264274,-2.15754324426356,-11.3047075915607));
#8932=CARTESIAN_POINT('',(10.0154628264674,-4.13727731733785,-1.016));
#8933=CARTESIAN_POINT('Origin',(11.1584628264274,-2.15754324426356,-1.016));
#8934=CARTESIAN_POINT('',(10.0154628264274,-4.13727731731477,-11.3047075915607));
#8935=CARTESIAN_POINT('Origin',(20.7480287224709,-10.3337271264912,0.));
#8936=CARTESIAN_POINT('',(19.6074841034371,-9.67523338366921,-1.016));
#8937=CARTESIAN_POINT('',(19.6074841034371,-9.67523338366921,0.));
#8938=CARTESIAN_POINT('',(20.7480287224709,-10.3337271264912,-1.016));
#8939=CARTESIAN_POINT('Origin',(-4.57200000000063,-0.994492589152517,0.));
#8940=CARTESIAN_POINT('',(17.0166053465357,-17.1888519602885,-1.016));
#8941=CARTESIAN_POINT('',(17.0166053465357,-17.1888519602886,0.));
#8942=CARTESIAN_POINT('',(20.2470292866855,-11.5935935659624,-1.016));
#8943=CARTESIAN_POINT('',(20.2470292866856,-11.5935935659624,0.));
#8944=CARTESIAN_POINT('Origin',(-4.57200000000063,-0.994492589152517,-1.016));
#8945=CARTESIAN_POINT('Origin',(4.13086168217524,-11.2983829855471,0.));
#8946=CARTESIAN_POINT('',(5.44346282642722,-12.0562136095196,-1.016));
#8947=CARTESIAN_POINT('',(5.44346282642722,-12.0562136095196,0.));
#8948=CARTESIAN_POINT('',(15.0354841028695,-17.5941696755464,-1.016));
#8949=CARTESIAN_POINT('',(15.035484103437,-17.594169675874,0.));
#8950=CARTESIAN_POINT('',(4.13086168217524,-11.2983829855471,-1.016));
#8951=CARTESIAN_POINT('Origin',(4.30046282642719,-14.0359476825708,-11.3047075915607));
#8952=CARTESIAN_POINT('',(3.01459864868414,-12.1458817270029,-1.016));
#8953=CARTESIAN_POINT('Origin',(4.30046282642719,-14.0359476825708,-1.016));
#8954=CARTESIAN_POINT('',(3.01459864868433,-12.1458817270027,-11.3047075915607));
#8955=CARTESIAN_POINT('Origin',(-4.57200000000063,-0.994492589152517,0.));
#8956=CARTESIAN_POINT('',(1.29208695652054,-13.140374316156,-1.016));
#8957=CARTESIAN_POINT('',(1.2920869565209,-13.1403743161559,0.));
#8958=CARTESIAN_POINT('Origin',(-4.57200000000063,-0.994492589152517,-1.016));
#8959=CARTESIAN_POINT('Origin',(2.28599999999904,-15.1989983376817,-11.3047075915607));
#8960=CARTESIAN_POINT('',(-1.04083408558608E-12,-15.1989983377277,-1.016));
#8961=CARTESIAN_POINT('Origin',(2.28599999999904,-15.1989983376817,-1.016));
#8962=CARTESIAN_POINT('',(-9.57567358739198E-13,-15.1989983376816,-11.3047075915607));
#8963=CARTESIAN_POINT('Origin',(-1.30017524524462E-12,-27.5918979560291,
0.));
#8964=CARTESIAN_POINT('',(-1.30190996872059E-12,-26.2749104703892,0.));
#8965=CARTESIAN_POINT('',(-1.30017524524462E-12,-27.5918979560291,-1.016));
#8966=CARTESIAN_POINT('Origin',(-4.57200000000063,-0.994492589152517,0.));
#8967=CARTESIAN_POINT('',(-1.34157605985129,-27.7879529370977,0.));
#8968=CARTESIAN_POINT('Origin',(-4.57200000000063,-0.994492589152517,-1.016));
#8969=CARTESIAN_POINT('Origin',(-9.14400000000126,-13.6833370897369,0.));
#8970=CARTESIAN_POINT('',(-9.14400000000126,-13.6833370897369,-1.016));
#8971=CARTESIAN_POINT('Origin',(-4.57200000000063,-0.994492589152517,0.));
#8972=CARTESIAN_POINT('Origin',(-4.57200000000063,-0.994492589152517,-1.016));
#8973=CARTESIAN_POINT('Origin',(-25.3200287224684,-18.2526634186929,0.));
#8974=CARTESIAN_POINT('',(-25.3200287224684,-18.2526634186929,-1.016));
#8975=CARTESIAN_POINT('Origin',(-4.57200000000063,-0.994492589152517,0.));
#8976=CARTESIAN_POINT('',(-29.3910292866869,-11.5935935659612,-1.016));
#8977=CARTESIAN_POINT('',(-29.3910292866873,-11.5935935659614,0.));
#8978=CARTESIAN_POINT('Origin',(-4.57200000000063,-0.994492589152517,-1.016));
#8979=CARTESIAN_POINT('Origin',(-17.8468616821771,-3.37944669334234,0.));
#8980=CARTESIAN_POINT('',(-19.1594628264289,-4.13727731731442,-1.016));
#8981=CARTESIAN_POINT('',(-19.1594628264287,-4.13727731731455,0.));
#8982=CARTESIAN_POINT('',(-28.7514841028713,-9.67523338334071,-1.016));
#8983=CARTESIAN_POINT('',(-28.751484103438,-9.67523338366795,0.));
#8984=CARTESIAN_POINT('',(-17.8468616821771,-3.37944669334234,-1.016));
#8985=CARTESIAN_POINT('Origin',(-20.3024628264288,-2.15754324426308,-11.3047075915607));
#8986=CARTESIAN_POINT('',(-18.0226856052074,-1.98898517830513,-1.016));
#8987=CARTESIAN_POINT('Origin',(-20.3024628264288,-2.15754324426308,-1.016));
#8988=CARTESIAN_POINT('',(-18.0226856052073,-1.98898517830504,-11.3047075915607));
#8989=CARTESIAN_POINT('Origin',(-4.57200000000063,-0.994492589152517,0.));
#8990=CARTESIAN_POINT('',(-18.0226856052074,7.13838710364456E-13,-1.016));
#8991=CARTESIAN_POINT('',(-18.0226856052075,8.38738800634786E-13,0.));
#8992=CARTESIAN_POINT('Origin',(-4.57200000000063,-0.994492589152517,-1.016));
#8993=CARTESIAN_POINT('Origin',(-20.3024628264287,0.168558065958527,-11.3047075915607));
#8994=CARTESIAN_POINT('',(-19.1594628265086,2.14829213905589,-1.016));
#8995=CARTESIAN_POINT('Origin',(-20.3024628264287,0.168558065958527,-1.016));
#8996=CARTESIAN_POINT('',(-19.1594628264286,2.14829213900973,0.));
#8997=CARTESIAN_POINT('Origin',(-29.8920287224721,8.34474194818613,0.));
#8998=CARTESIAN_POINT('',(-28.7514841034384,7.68624820536418,-1.016));
#8999=CARTESIAN_POINT('',(-28.7514841034384,7.68624820536418,0.));
#9000=CARTESIAN_POINT('',(-29.8920287224721,8.34474194818613,-1.016));
#9001=CARTESIAN_POINT('Origin',(-4.57200000000063,-0.994492589152517,0.));
#9002=CARTESIAN_POINT('',(-26.1606053465369,15.1998667819835,-1.016));
#9003=CARTESIAN_POINT('',(-26.1606053465369,15.1998667819836,0.));
#9004=CARTESIAN_POINT('',(-29.3910292866868,9.60460838765737,-1.016));
#9005=CARTESIAN_POINT('',(-29.3910292866868,9.6046083876574,0.));
#9006=CARTESIAN_POINT('Origin',(-4.57200000000063,-0.994492589152517,-1.016));
#9007=CARTESIAN_POINT('Origin',(-13.2748616821765,9.30939780724203,0.));
#9008=CARTESIAN_POINT('',(-24.1794841028707,15.6051844972413,-1.016));
#9009=CARTESIAN_POINT('',(-24.1794841034382,15.605184497569,0.));
#9010=CARTESIAN_POINT('',(-13.2748616821765,9.30939780724203,-1.016));
#9011=CARTESIAN_POINT('Origin',(-4.57200000000063,-0.994492589152517,-12.192));
#9012=CARTESIAN_POINT('Origin',(-4.57200000000063,-0.994492589152517,-12.192));
#9013=CARTESIAN_POINT('Origin',(-4.57200000000063,-0.994492589152517,-12.192));
#9014=CARTESIAN_POINT('Origin',(-13.4444628264284,12.0469625042658,-1.01599999999997));
#9015=CARTESIAN_POINT('',(-15.0954620049117,9.18734804387848,-6.91391409445642E-13));
#9016=CARTESIAN_POINT('Origin',(-15.0954628264285,9.18734662096957,-1.016));
#9017=CARTESIAN_POINT('',(-11.5871038809284,9.31686785591929,-3.34639723339161E-13));
#9018=CARTESIAN_POINT('Origin',(-13.4444626333705,12.046962511393,-6.60541659190745E-13));
#9019=CARTESIAN_POINT('Origin',(-11.5871034585763,9.31686723511272,-1.016));
#9020=CARTESIAN_POINT('Origin',(-4.57200000037033,-0.994492588503815,-1.01599999944973));
#9021=CARTESIAN_POINT('',(-9.99434837598255,10.2364462672464,-4.16333634234434E-13));
#9022=CARTESIAN_POINT('Origin',(-4.57189029209035,-0.994671903955208,-8.46438114380858E-11));
#9023=CARTESIAN_POINT('Origin',(-9.99434782608616,10.2364451282843,-1.016));
#9024=CARTESIAN_POINT('Origin',(-11.4300000000004,13.2100131593767,-1.01600000000001));
#9025=CARTESIAN_POINT('',(-8.12800038551856,13.2100131596508,-1.2157809010766E-13));
#9026=CARTESIAN_POINT('Origin',(-11.4299997528249,13.2100135531899,-7.05748884991055E-13));
#9027=CARTESIAN_POINT('Origin',(-8.1280000000003,13.2100131596431,-1.016));
#9028=CARTESIAN_POINT('Origin',(-7.61999999999989,24.2859252920837,0.150632471186525));
#9029=CARTESIAN_POINT('Origin',(-7.61999999999989,24.2859252920837,-10.16));
#9030=CARTESIAN_POINT('Origin',(-8.12800000000039,24.4339471084801,-1.016));
#9031=CARTESIAN_POINT('',(-8.12800000027397,24.4339471084801,0.));
#9032=CARTESIAN_POINT('Origin',(-1.52400000000133,24.2859252920844,0.150632471186525));
#9033=CARTESIAN_POINT('Origin',(-4.57199999999951,-0.994492589027436,-1.01599999990686));
#9034=CARTESIAN_POINT('Origin',(-4.57199965230334,-0.994501282423408,4.09678596256606E-13));
#9035=CARTESIAN_POINT('Origin',(-1.01599999999922,13.0619913429826,-1.016));
#9036=CARTESIAN_POINT('',(-1.01599948549698,13.2100131593767,-2.16724786265034E-13));
#9037=CARTESIAN_POINT('',(-1.01600000000108,13.0619913429826,0.));
#9038=CARTESIAN_POINT('Origin',(-1.01599999999922,13.2100131593763,-1.016));
#9039=CARTESIAN_POINT('Origin',(2.28599999999957,13.2100131593765,-1.016));
#9040=CARTESIAN_POINT('',(0.850348122507567,10.2364457422401,-5.22151766269019E-13));
#9041=CARTESIAN_POINT('Origin',(2.28600530111888,13.2100161015322,5.77798120823797E-12));
#9042=CARTESIAN_POINT('Origin',(0.850347826086488,10.2364451282834,-1.016));
#9043=CARTESIAN_POINT('Origin',(-4.57200000027463,-0.99449258962113,-1.01600000040281));
#9044=CARTESIAN_POINT('',(2.44310416999865,9.3168682808171,-4.16333634234434E-13));
#9045=CARTESIAN_POINT('Origin',(-4.57211586698088,-0.994701183399993,-1.27979622532591E-10));
#9046=CARTESIAN_POINT('Origin',(2.44310345857658,9.31686723511209,-1.016));
#9047=CARTESIAN_POINT('Origin',(4.30046282642796,12.0469625042655,-1.01599999999999));
#9048=CARTESIAN_POINT('',(5.95146263390655,9.18734695497541,-1.21161394559203E-13));
#9049=CARTESIAN_POINT('Origin',(4.3004632910676,12.0469624871119,-7.04307657075078E-13));
#9050=CARTESIAN_POINT('Origin',(5.95146282665918,9.18734662110273,-1.016));
#9051=CARTESIAN_POINT('Origin',(15.7974841034378,14.2853617821995,0.150632471186525));
#9052=CARTESIAN_POINT('Origin',(15.671674756749,14.7993135955213,-1.016));
#9053=CARTESIAN_POINT('',(15.6716747566127,14.7993135957575,0.));
#9054=CARTESIAN_POINT('Origin',(18.8454841034363,9.00607092073033,0.150632471186525));
#9055=CARTESIAN_POINT('Origin',(18.8454841034363,9.00607092073033,-1.016));
#9056=CARTESIAN_POINT('Origin',(-4.57200000020748,-0.994492589269493,-1.01600000017931));
#9057=CARTESIAN_POINT('',(19.3126661755063,9.20558355674923,-4.58954942207012E-13));
#9058=CARTESIAN_POINT('Origin',(-4.57200735467373,-0.994497236857552,4.77834137330841E-13));
#9059=CARTESIAN_POINT('Origin',(19.3126658311872,9.20558340970587,-1.016));
#9060=CARTESIAN_POINT('Origin',(9.37927217311697,2.95416304105759,-1.016));
#9061=CARTESIAN_POINT('',(19.0994842062584,8.56612983501313,-4.33469896971918E-13));
#9062=CARTESIAN_POINT('Origin',(19.0994841023036,8.56613001495318,-1.016));
#9063=CARTESIAN_POINT('',(9.50746308330334,3.02817350433371,-2.16377841569824E-13));
#9064=CARTESIAN_POINT('',(9.3792721731168,2.95416304105788,0.));
#9065=CARTESIAN_POINT('Origin',(9.5074628264279,3.02817394925423,-1.016));
#9066=CARTESIAN_POINT('Origin',(11.1584628264275,0.168558065958072,-1.016));
#9067=CARTESIAN_POINT('',(7.86545196367541,-0.074914645777346,-5.20417042793042E-13));
#9068=CARTESIAN_POINT('Origin',(11.1584680171847,0.168554950892731,5.7630835917278E-12));
#9069=CARTESIAN_POINT('Origin',(7.86545128466314,-0.0749146959808284,-1.016));
#9070=CARTESIAN_POINT('Origin',(-4.57200000105616,-0.994492589146691,-1.01600000078637));
#9071=CARTESIAN_POINT('',(7.86545254596273,-1.91407057557983,-4.16333634234434E-13));
#9072=CARTESIAN_POINT('Origin',(-4.57223845396853,-0.994496548522747,-1.27621413810166E-10));
#9073=CARTESIAN_POINT('Origin',(7.86545128466337,-1.91407048232402,-1.016));
#9074=CARTESIAN_POINT('Origin',(11.1584628264274,-2.15754324426357,-1.01600000000001));
#9075=CARTESIAN_POINT('',(9.50746298093599,-5.01715886047688,-1.88390969490852E-13));
#9076=CARTESIAN_POINT('Origin',(11.1584680692379,-2.15754116005708,6.02346490123927E-12));
#9077=CARTESIAN_POINT('Origin',(9.50746282665833,-5.0171591276931,-1.016));
#9078=CARTESIAN_POINT('Origin',(18.8454841034371,-10.9950560990367,0.150632471186525));
#9079=CARTESIAN_POINT('Origin',(18.8454841034371,-10.9950560990367,-10.16));
#9080=CARTESIAN_POINT('Origin',(18.8454841034371,-10.9950560990367,-1.016));
#9081=CARTESIAN_POINT('Origin',(19.2276747567466,-10.62912610211,-1.016));
#9082=CARTESIAN_POINT('',(19.0994841034371,-10.5551151939142,0.));
#9083=CARTESIAN_POINT('',(-2.79400000000057,2.08509374670491,0.));
#9084=CARTESIAN_POINT('Origin',(19.0994841034371,-10.5551151939142,-1.016));
#9085=CARTESIAN_POINT('Origin',(15.797484103437,-16.2743469605066,0.150632471186525));
#9086=CARTESIAN_POINT('Origin',(15.797484103437,-16.2743469605066,-10.16));
#9087=CARTESIAN_POINT('Origin',(15.797484103437,-16.2743469605066,-1.016));
#9088=CARTESIAN_POINT('Origin',(-4.5720000001629,-0.994492589056866,-1.01600000014103));
#9089=CARTESIAN_POINT('',(19.3126660608416,-11.1945686860877,-6.93889390390723E-15));
#9090=CARTESIAN_POINT('Origin',(19.3126658311868,-11.1945685880119,-1.016));
#9091=CARTESIAN_POINT('',(16.2038581174886,-16.5791821602339,-2.60208521396521E-14));
#9092=CARTESIAN_POINT('Origin',(-4.57200770250195,-0.994488543607128,4.09678596355051E-13));
#9093=CARTESIAN_POINT('Origin',(16.2038578511367,-16.579181960434,-1.016));
#9094=CARTESIAN_POINT('Origin',(5.82327217311557,-11.1023208910775,-1.016));
#9095=CARTESIAN_POINT('',(15.5434841028695,-16.7142878653014,0.));
#9096=CARTESIAN_POINT('Origin',(15.5434841023019,-16.7142878649737,-1.016));
#9097=CARTESIAN_POINT('',(5.95146256955683,-11.176332244188,-2.16054026520992E-13));
#9098=CARTESIAN_POINT('',(5.82327217311557,-11.1023208910775,0.));
#9099=CARTESIAN_POINT('Origin',(5.95146282642724,-11.1763317992746,-1.016));
#9100=CARTESIAN_POINT('Origin',(4.30046282642718,-14.0359476825708,-1.01600000000001));
#9101=CARTESIAN_POINT('',(2.44310384155262,-11.3058529763483,-5.20417042793042E-13));
#9102=CARTESIAN_POINT('Origin',(4.30046272408226,-14.0359537353232,5.76308359127708E-12));
#9103=CARTESIAN_POINT('Origin',(2.44310345857502,-11.3058524134178,-1.016));
#9104=CARTESIAN_POINT('Origin',(-4.5719999999887,-0.994492589173468,-1.01599999997886));
#9105=CARTESIAN_POINT('',(0.850348375981283,-12.2254314455515,-4.16333634234434E-13));
#9106=CARTESIAN_POINT('Origin',(-4.57212265673261,-0.994288060613686,-1.27680970295187E-10));
#9107=CARTESIAN_POINT('Origin',(0.850347826084899,-12.2254303065894,-1.016));
#9108=CARTESIAN_POINT('Origin',(2.28599999999912,-15.1989983376817,-1.01599999999997));
#9109=CARTESIAN_POINT('',(-1.0159996144827,-15.1989983379558,-1.21532192729208E-13));
#9110=CARTESIAN_POINT('Origin',(2.2859997528236,-15.1989987314949,-7.04989216346235E-13));
#9111=CARTESIAN_POINT('Origin',(-1.01600000000096,-15.1989983379481,-1.016));
#9112=CARTESIAN_POINT('Origin',(-1.52400000000137,-26.2749104703887,0.150632471186525));
#9113=CARTESIAN_POINT('Origin',(-1.52400000000137,-26.2749104703887,-10.16));
#9114=CARTESIAN_POINT('Origin',(-1.01600000000087,-26.4229322867851,-1.016));
#9115=CARTESIAN_POINT('',(-1.01599999972729,-26.4229322867851,0.));
#9116=CARTESIAN_POINT('Origin',(-4.57200000000168,-0.994492589270077,-1.01599999990776));
#9117=CARTESIAN_POINT('Origin',(-4.57200034769799,-0.994483895881646,4.09678596256606E-13));
#9118=CARTESIAN_POINT('Origin',(-8.12800000000204,-15.0509765212876,-1.016));
#9119=CARTESIAN_POINT('',(-8.12800051450428,-15.1989983376818,-2.16724786265034E-13));
#9120=CARTESIAN_POINT('',(-8.12800000000018,-15.0509765212876,0.));
#9121=CARTESIAN_POINT('Origin',(-8.12800000000204,-15.1989983376814,-1.016));
#9122=CARTESIAN_POINT('Origin',(-11.4300000000009,-15.1989983376815,-1.016));
#9123=CARTESIAN_POINT('',(-9.99434812250882,-12.2254309205451,-5.22151766269019E-13));
#9124=CARTESIAN_POINT('Origin',(-11.4300053011201,-15.1990012798372,5.77798120823799E-12));
#9125=CARTESIAN_POINT('Origin',(-9.99434782608775,-12.2254303065884,-1.016));
#9126=CARTESIAN_POINT('Origin',(-4.57200000007484,-0.994492589279368,-1.01599999988611));
#9127=CARTESIAN_POINT('',(-11.5871041699999,-11.3058534591221,-4.16333634234434E-13));
#9128=CARTESIAN_POINT('Origin',(-4.57188413302097,-0.994283994905747,-1.27979622532572E-10));
#9129=CARTESIAN_POINT('Origin',(-11.5871034585778,-11.3058524134171,-1.016));
#9130=CARTESIAN_POINT('Origin',(-13.4444628264292,-14.0359476825705,-1.01600000000002));
#9131=CARTESIAN_POINT('',(-15.0954626339078,-11.1763321332804,-1.21114954309391E-13));
#9132=CARTESIAN_POINT('Origin',(-13.4444632910689,-14.0359476654169,-7.05067325597494E-13));
#9133=CARTESIAN_POINT('Origin',(-15.0954628266604,-11.1763317994078,-1.016));
#9134=CARTESIAN_POINT('Origin',(-24.8156747567503,-16.7882987738264,-1.016));
#9135=CARTESIAN_POINT('',(-24.8156747566139,-16.7882987740626,0.));
#9136=CARTESIAN_POINT('Origin',(-27.9894841034376,-10.9950560990354,0.150632471186525));
#9137=CARTESIAN_POINT('Origin',(-27.9894841034376,-10.9950560990354,-1.016));
#9138=CARTESIAN_POINT('Origin',(-4.57199999979717,-0.994492589037479,-1.0160000001716));
#9139=CARTESIAN_POINT('',(-28.4566661755075,-11.1945687350543,-4.58660887048268E-13));
#9140=CARTESIAN_POINT('Origin',(-4.57199264532747,-0.994487941447304,4.77834137330844E-13));
#9141=CARTESIAN_POINT('Origin',(-28.4566658311885,-11.1945685880109,-1.016));
#9142=CARTESIAN_POINT('Origin',(-18.5232721731182,-4.94314821936262,-1.016));
#9143=CARTESIAN_POINT('',(-28.2434842062596,-10.5551150133182,-4.34698573433442E-13));
#9144=CARTESIAN_POINT('Origin',(-28.2434841023048,-10.5551151932582,-1.016));
#9145=CARTESIAN_POINT('',(-18.6514630833046,-5.01715868263875,-2.16007767228286E-13));
#9146=CARTESIAN_POINT('',(-18.5232721731181,-4.94314821936291,0.));
#9147=CARTESIAN_POINT('Origin',(-18.6514628264292,-5.01715912755927,-1.016));
#9148=CARTESIAN_POINT('Origin',(-20.3024628264289,-2.15754324426304,-1.016));
#9149=CARTESIAN_POINT('',(-17.0094519636767,-1.91407053252769,-5.20417042793042E-13));
#9150=CARTESIAN_POINT('Origin',(-20.302468017186,-2.15754012919776,5.76308359172781E-12));
#9151=CARTESIAN_POINT('Origin',(-17.0094512846644,-1.91407048232421,-1.016));
#9152=CARTESIAN_POINT('Origin',(-4.57199999995507,-0.994492589152713,-1.01600000002822));
#9153=CARTESIAN_POINT('',(-17.009452545964,-0.0749146027252011,-4.16333634234434E-13));
#9154=CARTESIAN_POINT('Origin',(-4.57176154603192,-0.994488629782342,-1.27621413810183E-10));
#9155=CARTESIAN_POINT('Origin',(-17.0094512846646,-0.0749146959810121,-1.016));
#9156=CARTESIAN_POINT('Origin',(-20.3024628264288,0.168558065958489,-1.01600000000004));
#9157=CARTESIAN_POINT('',(-18.6514630194226,3.02817361552808,-1.21300353393899E-13));
#9158=CARTESIAN_POINT('Origin',(-20.30246304389,0.168558476919409,-7.06053287915371E-13));
#9159=CARTESIAN_POINT('Origin',(-18.6514628266596,3.02817394938806,-1.016));
#9160=CARTESIAN_POINT('Origin',(-27.9894841034384,9.00607092073165,0.150632471186525));
#9161=CARTESIAN_POINT('Origin',(-27.9894841034384,9.00607092073165,-10.16));
#9162=CARTESIAN_POINT('Origin',(-27.9894841034384,9.00607092073165,-1.016));
#9163=CARTESIAN_POINT('Origin',(-28.3716747567479,8.64014092380498,-1.016));
#9164=CARTESIAN_POINT('',(-28.243484103507,8.56613001549037,0.));
#9165=CARTESIAN_POINT('',(-28.371674756885,8.64014092356742,0.));
#9166=CARTESIAN_POINT('Origin',(-28.2434841034384,8.56613001560916,-1.016));
#9167=CARTESIAN_POINT('Origin',(-24.9414841034383,14.2853617822015,0.150632471186525));
#9168=CARTESIAN_POINT('Origin',(-24.9414841034383,14.2853617822015,-10.16));
#9169=CARTESIAN_POINT('Origin',(-24.9414841034383,14.2853617822015,-1.016));
#9170=CARTESIAN_POINT('Origin',(-4.57200000000789,-0.994492589148173,-1.01599999999229));
#9171=CARTESIAN_POINT('',(-28.4566660608429,9.20558350778265,-6.93889390390723E-15));
#9172=CARTESIAN_POINT('Origin',(-28.4566658311881,9.20558340970691,-1.016));
#9173=CARTESIAN_POINT('',(-25.3478581174899,14.5901969819288,-2.60208521396521E-14));
#9174=CARTESIAN_POINT('Origin',(-4.5719922974995,-0.994496634697658,4.09678596355039E-13));
#9175=CARTESIAN_POINT('Origin',(-25.347857851138,14.590196782129,-1.016));
#9176=CARTESIAN_POINT('Origin',(-14.9672721731168,9.11333571277248,-1.016));
#9177=CARTESIAN_POINT('',(-24.6874833324444,14.7253040207589,-3.88763095789576E-13));
#9178=CARTESIAN_POINT('Origin',(-24.6874841023032,14.7253026866687,-1.016));
#9179=CARTESIAN_POINT('',(-2.79399897298713,2.08509552554437,0.));
#9180=CARTESIAN_POINT('Origin',(-4.57200000000063,-0.994492589152517,0.));
#9181=CARTESIAN_POINT('Ctrl Pts',(-28.4566660608429,9.20558350778265,-6.93889390390723E-15));
#9182=CARTESIAN_POINT('Ctrl Pts',(-28.5063490777724,9.08676037763895,-9.86076131526265E-31));
#9183=CARTESIAN_POINT('Ctrl Pts',(-28.510628431257,8.9647704835838,0.));
#9184=CARTESIAN_POINT('Ctrl Pts',(-28.4566999260054,8.80064534457878,0.));
#9185=CARTESIAN_POINT('Ctrl Pts',(-28.43570782934,8.75844936431977,0.));
#9186=CARTESIAN_POINT('Ctrl Pts',(-28.3993392704448,8.70560861902482,0.));
#9187=CARTESIAN_POINT('Ctrl Pts',(-28.3883060831275,8.69118576853542,0.));
#9188=CARTESIAN_POINT('Ctrl Pts',(-28.3420767516329,8.6354738598914,0.));
#9189=CARTESIAN_POINT('Ctrl Pts',(-28.2968847138362,8.59750273615891,0.));
#9190=CARTESIAN_POINT('Ctrl Pts',(-28.243484103507,8.56613001549037,0.));
#9191=CARTESIAN_POINT('Origin',(-27.9894841034374,-10.9950560990375,-1.28369537222284E-12));
#9192=CARTESIAN_POINT('Ctrl Pts',(15.5434841028695,-16.7142878653014,0.));
#9193=CARTESIAN_POINT('Ctrl Pts',(15.6555058275802,-16.7778368394348,0.));
#9194=CARTESIAN_POINT('Ctrl Pts',(15.7761063572025,-16.7966878174576,0.));
#9195=CARTESIAN_POINT('Ctrl Pts',(15.9455067530768,-16.7627931156673,0.));
#9196=CARTESIAN_POINT('Ctrl Pts',(15.9899121292433,-16.7470028832457,0.));
#9197=CARTESIAN_POINT('Ctrl Pts',(16.0467263217331,-16.7172209428935,0.));
#9198=CARTESIAN_POINT('Ctrl Pts',(16.0623661614829,-16.7079935244452,0.));
#9199=CARTESIAN_POINT('Ctrl Pts',(16.1232112242933,-16.6687653944022,0.));
#9200=CARTESIAN_POINT('Ctrl Pts',(16.166318894304,-16.628443498318,0.));
#9201=CARTESIAN_POINT('Ctrl Pts',(16.2038581174886,-16.5791821602339,-2.60208521396521E-14));
#9202=CARTESIAN_POINT('Ctrl Pts',(19.3126660608416,-11.1945686860877,-6.93889390390723E-15));
#9203=CARTESIAN_POINT('Ctrl Pts',(19.3623490777712,-11.075745555944,0.));
#9204=CARTESIAN_POINT('Ctrl Pts',(19.3666284312557,-10.9537556618888,0.));
#9205=CARTESIAN_POINT('Ctrl Pts',(19.3126999260042,-10.7896305228838,0.));
#9206=CARTESIAN_POINT('Ctrl Pts',(19.2917078293387,-10.7474345426248,0.));
#9207=CARTESIAN_POINT('Ctrl Pts',(19.2553392704436,-10.6945937973299,0.));
#9208=CARTESIAN_POINT('Ctrl Pts',(19.2443060831263,-10.6801709468405,0.));
#9209=CARTESIAN_POINT('Ctrl Pts',(19.1980767516317,-10.6244590381964,0.));
#9210=CARTESIAN_POINT('Ctrl Pts',(19.1528847138349,-10.5864879144639,0.));
#9211=CARTESIAN_POINT('Ctrl Pts',(19.0994841034371,-10.5551151939142,0.));
#9212=CARTESIAN_POINT('Origin',(18.8454841034362,9.00607092073249,-1.28022592527088E-12));
#9213=CARTESIAN_POINT('Ctrl Pts',(-24.687483589364,14.7253035764161,0.));
#9214=CARTESIAN_POINT('Ctrl Pts',(-24.7995058275814,14.7888516611297,0.));
#9215=CARTESIAN_POINT('Ctrl Pts',(-24.9201063572037,14.8077026391525,0.));
#9216=CARTESIAN_POINT('Ctrl Pts',(-25.089506753078,14.7738079373623,0.));
#9217=CARTESIAN_POINT('Ctrl Pts',(-25.1339121292446,14.7580177049406,0.));
#9218=CARTESIAN_POINT('Ctrl Pts',(-25.1907263217344,14.7282357645885,0.));
#9219=CARTESIAN_POINT('Ctrl Pts',(-25.2063661614842,14.7190083461402,0.));
#9220=CARTESIAN_POINT('Ctrl Pts',(-25.2672112242946,14.6797802160972,0.));
#9221=CARTESIAN_POINT('Ctrl Pts',(-25.3103188943052,14.6394583200129,3.94430452610506E-30));
#9222=CARTESIAN_POINT('Ctrl Pts',(-25.3478581174899,14.5901969819288,-2.60208521396521E-14));
#9223=CARTESIAN_POINT('Ctrl Pts',(-9.14399999999929,24.2859252914573,-10.16));
#9224=CARTESIAN_POINT('Ctrl Pts',(-9.1440000005571,25.637217116413,-10.16));
#9225=CARTESIAN_POINT('Ctrl Pts',(-7.80242394014068,25.7989677587915,-10.16));
#9226=CARTESIAN_POINT('Ctrl Pts',(-9.14400000000293,24.2859252914573,-11.1759997923338));
#9227=CARTESIAN_POINT('Ctrl Pts',(-9.14400000056074,25.6372171164163,-11.1759997923338));
#9228=CARTESIAN_POINT('Ctrl Pts',(-7.80242394014112,25.7989677587952,-11.1759997923338));
#9229=CARTESIAN_POINT('Ctrl Pts',(-8.12800020766918,24.2859252918767,-11.1760000000008));
#9230=CARTESIAN_POINT('Ctrl Pts',(-8.12800020785512,24.7363560843286,-11.1760000000008));
#9231=CARTESIAN_POINT('Ctrl Pts',(-7.68080800490686,24.7902729871624,-11.1760000000008));
#9232=CARTESIAN_POINT('Ctrl Pts',(19.3126660223005,9.20558349132354,-1.21958766666899E-12));
#9233=CARTESIAN_POINT('Ctrl Pts',(19.4895687166585,8.79134523075885,-1.21869412963221E-12));
#9234=CARTESIAN_POINT('Ctrl Pts',(19.0994842062086,8.5661298349844,-1.21467110305883E-12));
#9235=CARTESIAN_POINT('Ctrl Pts',(20.247029286685,9.6046083876559,-2.0781286415822E-7));
#9236=CARTESIAN_POINT('Ctrl Pts',(20.7777371526569,8.36189411433146,-2.07812861387949E-7));
#9237=CARTESIAN_POINT('Ctrl Pts',(19.6074841000345,7.68624820340137,-2.07812849189476E-7));
#9238=CARTESIAN_POINT('Ctrl Pts',(20.2470292866866,9.60460838765655,-1.01600000000001));
#9239=CARTESIAN_POINT('Ctrl Pts',(20.777737152659,8.36189411433075,-1.01600000000001));
#9240=CARTESIAN_POINT('Ctrl Pts',(19.6074841000353,7.6862482033999,-1.016));
#9241=CARTESIAN_POINT('Ctrl Pts',(19.6074841028993,-9.67523338335731,-10.16));
#9242=CARTESIAN_POINT('Ctrl Pts',(20.777737151507,-10.3508792953513,-10.16));
#9243=CARTESIAN_POINT('Ctrl Pts',(20.2470292866985,-11.5935935659703,-10.16));
#9244=CARTESIAN_POINT('Ctrl Pts',(19.6074841028992,-9.67523338335756,-11.1759997923349));
#9245=CARTESIAN_POINT('Ctrl Pts',(20.7777371515066,-10.3508792953514,-11.1759997923349));
#9246=CARTESIAN_POINT('Ctrl Pts',(20.2470292866983,-11.5935935659702,-11.1759997923349));
#9247=CARTESIAN_POINT('Ctrl Pts',(19.0994842070924,-10.5551150139676,-11.1759999999995));
#9248=CARTESIAN_POINT('Ctrl Pts',(19.4895687160975,-10.7803304100351,-11.1759999999995));
#9249=CARTESIAN_POINT('Ctrl Pts',(19.3126660221757,-11.1945686695849,-11.1759999999995));
#9250=CARTESIAN_POINT('Ctrl Pts',(19.0989963339308,-10.5559600354697,-4.68345837112416E-7));
#9251=CARTESIAN_POINT('Ctrl Pts',(19.4883315838088,-10.7807428467927,-4.68345837111371E-7));
#9252=CARTESIAN_POINT('Ctrl Pts',(19.3117686776352,-11.1941854537255,-4.68345837111246E-7));
#9253=CARTESIAN_POINT('Ctrl Pts',(19.3095596051632,-10.1912537514873,0.00040388751663259));
#9254=CARTESIAN_POINT('Ctrl Pts',(20.0222705898564,-10.6027376303562,0.000403887516632591));
#9255=CARTESIAN_POINT('Ctrl Pts',(19.6990573109182,-11.3595791636968,0.000403887516632616));
#9256=CARTESIAN_POINT('Ctrl Pts',(19.4585218542974,-9.93324356757713,-0.297234687946081));
#9257=CARTESIAN_POINT('Ctrl Pts',(20.4000038705745,-10.4768084631144,-0.297234687946081));
#9258=CARTESIAN_POINT('Ctrl Pts',(19.9730432987892,-11.4765863648377,-0.297234687946081));
#9259=CARTESIAN_POINT('Ctrl Pts',(19.6074841034316,-9.67523338366695,-0.594873263408794));
#9260=CARTESIAN_POINT('Ctrl Pts',(20.7777371512926,-10.3508792958725,-0.594873263408794));
#9261=CARTESIAN_POINT('Ctrl Pts',(20.2470292866602,-11.5935935659786,-0.594873263408794));
#9262=CARTESIAN_POINT('Ctrl Pts',(19.6074841034319,-9.67523338366648,-1.016));
#9263=CARTESIAN_POINT('Ctrl Pts',(20.7777371512933,-10.3508792958723,-1.016));
#9264=CARTESIAN_POINT('Ctrl Pts',(20.2470292866607,-11.5935935659788,-1.016));
#9265=CARTESIAN_POINT('Ctrl Pts',(17.0166053465419,-17.1888519602697,-10.16));
#9266=CARTESIAN_POINT('Ctrl Pts',(16.2057371512933,-18.2698155880849,-10.16));
#9267=CARTESIAN_POINT('Ctrl Pts',(15.0354841034247,-17.59416967588,-10.16));
#9268=CARTESIAN_POINT('Ctrl Pts',(17.0166053465458,-17.1888519602726,-11.1760000000162));
#9269=CARTESIAN_POINT('Ctrl Pts',(16.2057371512946,-18.2698155880913,-11.1760000000162));
#9270=CARTESIAN_POINT('Ctrl Pts',(15.0354841034222,-17.5941696758842,-11.1760000000162));
#9271=CARTESIAN_POINT('Ctrl Pts',(16.2038578511215,-16.5791819604248,-11.1760000000035));
#9272=CARTESIAN_POINT('Ctrl Pts',(15.9335684527113,-16.9395031696885,-11.1760000000035));
#9273=CARTESIAN_POINT('Ctrl Pts',(15.5434841034303,-16.7142878656252,-11.1760000000035));
#9274=CARTESIAN_POINT('Ctrl Pts',(16.2030772324477,-16.5785963913627,-4.68621209336268E-7));
#9275=CARTESIAN_POINT('Ctrl Pts',(15.9333070424503,-16.9382254469383,-4.68621209336393E-7));
#9276=CARTESIAN_POINT('Ctrl Pts',(15.5439720204973,-16.7134427658745,-4.68621209337439E-7));
#9277=CARTESIAN_POINT('Ctrl Pts',(16.539956773148,-16.8313013836095,0.000404010590644298));
#9278=CARTESIAN_POINT('Ctrl Pts',(16.0461195287583,-17.4896329131594,0.000404010590644315));
#9279=CARTESIAN_POINT('Ctrl Pts',(15.3334087048248,-17.0781491246646,0.000404010590644313));
#9280=CARTESIAN_POINT('Ctrl Pts',(16.7782810598459,-17.0100766719426,-0.297234582847164));
#9281=CARTESIAN_POINT('Ctrl Pts',(16.1259283389759,-17.8797242520215,-0.297234582847164));
#9282=CARTESIAN_POINT('Ctrl Pts',(15.1844464024301,-17.3361593992932,-0.297234582847164));
#9283=CARTESIAN_POINT('Ctrl Pts',(17.0166053465439,-17.1888519602757,-0.594873176284972));
#9284=CARTESIAN_POINT('Ctrl Pts',(16.2057371491936,-18.2698155908837,-0.594873176284972));
#9285=CARTESIAN_POINT('Ctrl Pts',(15.0354841000354,-17.5941696739219,-0.594873176284972));
#9286=CARTESIAN_POINT('Ctrl Pts',(17.0166053465425,-17.1888519602747,-1.016));
#9287=CARTESIAN_POINT('Ctrl Pts',(16.2057371491932,-18.2698155908815,-1.016));
#9288=CARTESIAN_POINT('Ctrl Pts',(15.0354841000362,-17.5941696739204,-1.016));
#9289=CARTESIAN_POINT('Ctrl Pts',(-1.97071525764869E-12,-26.2749104697623,
-10.16));
#9290=CARTESIAN_POINT('Ctrl Pts',(5.55850296346527E-10,-27.6262022947181,
-10.16));
#9291=CARTESIAN_POINT('Ctrl Pts',(-1.34157605986058,-27.7879529370966,-10.16));
#9292=CARTESIAN_POINT('Ctrl Pts',(1.67511837734224E-12,-26.2749104697623,
-11.1759997923338));
#9293=CARTESIAN_POINT('Ctrl Pts',(5.59496442231744E-10,-27.6262022947213,
-11.1759997923338));
#9294=CARTESIAN_POINT('Ctrl Pts',(-1.34157605986014,-27.7879529371002,-11.1759997923338));
#9295=CARTESIAN_POINT('Ctrl Pts',(-1.01599979233208,-26.2749104701817,-11.1760000000008));
#9296=CARTESIAN_POINT('Ctrl Pts',(-1.01599979214614,-26.7253412626337,-11.1760000000008));
#9297=CARTESIAN_POINT('Ctrl Pts',(-1.4631919950944,-26.7792581654674,-11.1760000000008));
#9298=CARTESIAN_POINT('Ctrl Pts',(-28.4566660223018,-11.1945686696286,-1.2204126598192E-12));
#9299=CARTESIAN_POINT('Ctrl Pts',(-28.6335687166597,-10.7803304090639,-1.2204126598192E-12));
#9300=CARTESIAN_POINT('Ctrl Pts',(-28.2434842062099,-10.5551150132894,-1.2204126598192E-12));
#9301=CARTESIAN_POINT('Ctrl Pts',(-29.3910292866863,-11.5935935659609,-2.07812872065134E-7));
#9302=CARTESIAN_POINT('Ctrl Pts',(-29.9217371526581,-10.3508792926365,-2.07812872054747E-7));
#9303=CARTESIAN_POINT('Ctrl Pts',(-28.7514841000357,-9.67523338170642,-2.07812872039757E-7));
#9304=CARTESIAN_POINT('Ctrl Pts',(-29.3910292866878,-11.5935935659616,-1.016));
#9305=CARTESIAN_POINT('Ctrl Pts',(-29.9217371526603,-10.3508792926358,-1.016));
#9306=CARTESIAN_POINT('Ctrl Pts',(-28.7514841000366,-9.67523338170495,-1.016));
#9307=CARTESIAN_POINT('Ctrl Pts',(-28.7514841034254,7.68624820535525,-10.16));
#9308=CARTESIAN_POINT('Ctrl Pts',(-29.9217371512957,8.36189411754393,-10.16));
#9309=CARTESIAN_POINT('Ctrl Pts',(-29.3910292866998,9.60460838766524,-10.16));
#9310=CARTESIAN_POINT('Ctrl Pts',(-28.7514841034252,7.6862482053555,-11.1759997923349));
#9311=CARTESIAN_POINT('Ctrl Pts',(-29.9217371512953,8.36189411754405,-11.1759997923349));
#9312=CARTESIAN_POINT('Ctrl Pts',(-29.3910292866995,9.60460838766513,-11.1759997923349));
#9313=CARTESIAN_POINT('Ctrl Pts',(-28.2434842072686,8.56612983576351,-11.1759999999995));
#9314=CARTESIAN_POINT('Ctrl Pts',(-28.6335687160279,8.791345231896,-11.1759999999995));
#9315=CARTESIAN_POINT('Ctrl Pts',(-28.4566660221769,9.20558349127987,-11.1759999999995));
#9316=CARTESIAN_POINT('Ctrl Pts',(-28.2429963339321,8.56697485716464,-4.68345837112416E-7));
#9317=CARTESIAN_POINT('Ctrl Pts',(-28.63233158381,8.7917576684877,-4.68345837111371E-7));
#9318=CARTESIAN_POINT('Ctrl Pts',(-28.4557686776364,9.20520027542046,-4.68345837111246E-7));
#9319=CARTESIAN_POINT('Ctrl Pts',(-28.4535596051644,8.20226857318228,0.000403887516641006));
#9320=CARTESIAN_POINT('Ctrl Pts',(-29.1662705898576,8.61375245205116,0.000403887516641008));
#9321=CARTESIAN_POINT('Ctrl Pts',(-28.8430573109195,9.37059398539175,0.000403887516640954));
#9322=CARTESIAN_POINT('Ctrl Pts',(-28.6025218542987,7.9442583892721,-0.297234687946074));
#9323=CARTESIAN_POINT('Ctrl Pts',(-29.5440038705757,8.48782328480932,-0.297234687946074));
#9324=CARTESIAN_POINT('Ctrl Pts',(-29.1170432987905,9.48760118653267,-0.297234687946074));
#9325=CARTESIAN_POINT('Ctrl Pts',(-28.7514841034329,7.68624820536192,-0.594873263408789));
#9326=CARTESIAN_POINT('Ctrl Pts',(-29.9217371512938,8.36189411756748,-0.594873263408789));
#9327=CARTESIAN_POINT('Ctrl Pts',(-29.3910292866615,9.60460838767358,-0.594873263408789));
#9328=CARTESIAN_POINT('Ctrl Pts',(-28.7514841034331,7.68624820536145,-1.016));
#9329=CARTESIAN_POINT('Ctrl Pts',(-29.9217371512945,8.36189411756725,-1.016));
#9330=CARTESIAN_POINT('Ctrl Pts',(-29.391029286662,9.6046083876738,-1.016));
#9331=CARTESIAN_POINT('Ctrl Pts',(-26.160605346544,15.1998667819635,-10.16));
#9332=CARTESIAN_POINT('Ctrl Pts',(-25.3497371511242,16.2808304100121,-10.16));
#9333=CARTESIAN_POINT('Ctrl Pts',(-24.179484103148,15.6051844974145,-10.16));
#9334=CARTESIAN_POINT('Ctrl Pts',(-26.1606053465479,15.1998667819664,-11.1760000000162));
#9335=CARTESIAN_POINT('Ctrl Pts',(-25.3497371511255,16.2808304100185,-11.1760000000162));
#9336=CARTESIAN_POINT('Ctrl Pts',(-24.1794841031456,15.6051844974187,-11.1760000000162));
#9337=CARTESIAN_POINT('Ctrl Pts',(-25.347857851123,14.5901967821193,-11.1760000000035));
#9338=CARTESIAN_POINT('Ctrl Pts',(-25.0775684526558,14.9505179914609,-11.1760000000035));
#9339=CARTESIAN_POINT('Ctrl Pts',(-24.687484103339,14.7253026872667,-11.1760000000035));
#9340=CARTESIAN_POINT('Ctrl Pts',(-25.3470772324489,14.5896112130577,-4.68621209198661E-7));
#9341=CARTESIAN_POINT('Ctrl Pts',(-25.0773070424516,14.9492402686333,-4.68621209198661E-7));
#9342=CARTESIAN_POINT('Ctrl Pts',(-24.6879720204985,14.7244575875695,-4.68621209198661E-7));
#9343=CARTESIAN_POINT('Ctrl Pts',(-25.6839567731492,14.8423162053044,0.000404010590645017));
#9344=CARTESIAN_POINT('Ctrl Pts',(-25.1901195287595,15.5006477348543,0.00040401059064504));
#9345=CARTESIAN_POINT('Ctrl Pts',(-24.4774087048261,15.0891639463596,0.000404010590645017));
#9346=CARTESIAN_POINT('Ctrl Pts',(-25.9222810598472,15.0210914936375,-0.297234582847163));
#9347=CARTESIAN_POINT('Ctrl Pts',(-25.2699283389772,15.8907390737165,-0.297234582847163));
#9348=CARTESIAN_POINT('Ctrl Pts',(-24.3284464024314,15.3471742209882,-0.297234582847163));
#9349=CARTESIAN_POINT('Ctrl Pts',(-26.1606053465451,15.1998667819707,-0.594873176284971));
#9350=CARTESIAN_POINT('Ctrl Pts',(-25.3497371491949,16.2808304125787,-0.594873176284971));
#9351=CARTESIAN_POINT('Ctrl Pts',(-24.1794841000367,15.6051844956168,-0.594873176284971));
#9352=CARTESIAN_POINT('Ctrl Pts',(-26.1606053465437,15.1998667819696,-1.016));
#9353=CARTESIAN_POINT('Ctrl Pts',(-25.3497371491944,16.2808304125764,-1.016));
#9354=CARTESIAN_POINT('Ctrl Pts',(-24.1794841000375,15.6051844956154,-1.016));
#9355=CARTESIAN_POINT('Origin',(-4.57200000000063,-0.994492589152517,-6.35));
#9356=CARTESIAN_POINT('Origin',(-4.57200000000063,-0.994492589152517,1.016));
#9357=CARTESIAN_POINT('Origin',(-4.57200000000063,-0.994492589152517,1.016));
#9358=CARTESIAN_POINT('Origin',(-4.57200000000063,-0.994492589152517,1.016));
#9359=CARTESIAN_POINT('',(61.6685955499087,-27.9474427611671,-55.7946751909431));
#9360=CARTESIAN_POINT('',(0.,0.,0.));
#9361=CARTESIAN_POINT('',(0.,0.,0.));
#9362=CARTESIAN_POINT('Origin',(2.5,25.4,10.7121426428143));
#9363=CARTESIAN_POINT('',(2.5,0.,14.2121426428143));
#9364=CARTESIAN_POINT('',(2.5,0.,10.7121426428143));
#9365=CARTESIAN_POINT('',(2.5,0.,5.35607132140714));
#9366=CARTESIAN_POINT('',(2.5,9.5775010008008,14.2121426428143));
#9367=CARTESIAN_POINT('',(2.5,25.4,14.2121426428143));
#9368=CARTESIAN_POINT('',(2.49999998305112,9.57750097366088,10.7121426507253));
#9369=CARTESIAN_POINT('',(2.50000000000001,9.5775010008008,26.7843));
#9370=CARTESIAN_POINT('',(2.5,25.4,10.7121426428143));
#9371=CARTESIAN_POINT('Origin',(2.5,25.4,14.2121426428143));
#9372=CARTESIAN_POINT('',(-2.5,0.,14.2121426428143));
#9373=CARTESIAN_POINT('',(1.25,0.,14.2121426428143));
#9374=CARTESIAN_POINT('',(-2.5,9.5775010008008,14.2121426428143));
#9375=CARTESIAN_POINT('',(-2.5,25.4,14.2121426428143));
#9376=CARTESIAN_POINT('Origin',(0.,12.7,14.2121426428143));
#9377=CARTESIAN_POINT('Origin',(-2.5,25.4,14.2121426428143));
#9378=CARTESIAN_POINT('',(-2.49999999999999,0.,10.7121426428143));
#9379=CARTESIAN_POINT('',(-2.5,0.,7.10607132140714));
#9380=CARTESIAN_POINT('',(-2.50000000549033,9.57750100519658,10.7121426421736));
#9381=CARTESIAN_POINT('',(-2.5,25.4,10.7121426428143));
#9382=CARTESIAN_POINT('',(-2.5,9.5775010008008,26.7843));
#9383=CARTESIAN_POINT('Origin',(-2.5,25.4,14.2121426428143));
#9384=CARTESIAN_POINT('',(-2.50000000549034,15.8224989948034,10.7121426421736));
#9385=CARTESIAN_POINT('',(-2.5,15.8224989991992,14.2121426428143));
#9386=CARTESIAN_POINT('',(-2.5,15.8224989991992,26.7843));
#9387=CARTESIAN_POINT('',(-2.5,25.4,10.7121426428143));
#9388=CARTESIAN_POINT('',(-2.5,25.4,10.7121426428143));
#9389=CARTESIAN_POINT('',(-2.5,25.4,14.2121426428143));
#9390=CARTESIAN_POINT('',(-2.5,25.4,7.10607132140714));
#9391=CARTESIAN_POINT('',(-2.5,25.4,14.2121426428143));
#9392=CARTESIAN_POINT('Origin',(2.5,25.4,10.7121426428143));
#9393=CARTESIAN_POINT('',(2.5,15.8224989991992,14.2121426428143));
#9394=CARTESIAN_POINT('',(2.49999998305112,15.8224990263391,10.7121426507253));
#9395=CARTESIAN_POINT('',(2.50000000000001,15.8224989991992,26.7843));
#9396=CARTESIAN_POINT('',(2.5,25.4,14.2121426428143));
#9397=CARTESIAN_POINT('',(2.5,25.4,14.2121426428143));
#9398=CARTESIAN_POINT('',(2.5,25.4,10.7121426428143));
#9399=CARTESIAN_POINT('',(2.5,25.4,5.35607132140714));
#9400=CARTESIAN_POINT('',(2.5,25.4,10.7121426428143));
#9401=CARTESIAN_POINT('Origin',(2.5,25.4,14.2121426428143));
#9402=CARTESIAN_POINT('Origin',(0.,12.7,14.2121426428143));
#9403=CARTESIAN_POINT('',(1.25,25.4,14.2121426428143));
#9404=CARTESIAN_POINT('Origin',(0.,25.4,0.));
#9405=CARTESIAN_POINT('',(-2.98290134014393E-15,25.4,25.1968));
#9406=CARTESIAN_POINT('Origin',(1.02816706731675E-16,25.4,1.02816706731675E-16));
#9407=CARTESIAN_POINT('Origin',(1.02816706731675E-16,25.4,1.02816706731675E-16));
#9408=CARTESIAN_POINT('Origin',(0.,12.7,26.7843));
#9409=CARTESIAN_POINT('',(3.28013083196299E-15,16.7,26.7843));
#9410=CARTESIAN_POINT('',(4.,12.7,26.4839333651556));
#9411=CARTESIAN_POINT('Ctrl Pts',(4.,12.7,26.4839333651556));
#9412=CARTESIAN_POINT('Ctrl Pts',(4.,13.2030624070092,26.4839333651556));
#9413=CARTESIAN_POINT('Ctrl Pts',(3.89930853599772,13.7391336358344,26.499747847277));
#9414=CARTESIAN_POINT('Ctrl Pts',(3.4908619469498,14.7244231586402,26.5566399509228));
#9415=CARTESIAN_POINT('Ctrl Pts',(3.18314731116262,15.1737069383298,26.596870963708));
#9416=CARTESIAN_POINT('Ctrl Pts',(2.47371301417328,15.8831412353191,26.672208596762));
#9417=CARTESIAN_POINT('Ctrl Pts',(2.0244266123116,16.1908606370059,26.7122429431711));
#9418=CARTESIAN_POINT('Ctrl Pts',(1.03912813401348,16.5993106949911,26.7686839212379));
#9419=CARTESIAN_POINT('Ctrl Pts',(0.503053790278046,16.7,26.7843));
#9420=CARTESIAN_POINT('Ctrl Pts',(-1.11022302462516E-15,16.7,26.7843));
#9421=CARTESIAN_POINT('',(-1.36250960696383E-15,8.7,26.7843));
#9422=CARTESIAN_POINT('Ctrl Pts',(-9.71445146547012E-16,16.7,26.7843));
#9423=CARTESIAN_POINT('Ctrl Pts',(-0.503053790278048,16.7,26.7843));
#9424=CARTESIAN_POINT('Ctrl Pts',(-1.03912813401349,16.5993106949911,26.7686839212379));
#9425=CARTESIAN_POINT('Ctrl Pts',(-2.0244266123116,16.1908606370059,26.7122429431711));
#9426=CARTESIAN_POINT('Ctrl Pts',(-2.47371301417329,15.8831412353191,26.672208596762));
#9427=CARTESIAN_POINT('Ctrl Pts',(-3.18314731116262,15.1737069383298,26.596870963708));
#9428=CARTESIAN_POINT('Ctrl Pts',(-3.4908619469498,14.7244231586402,26.5566399509228));
#9429=CARTESIAN_POINT('Ctrl Pts',(-3.89930853599772,13.7391336358344,26.499747847277));
#9430=CARTESIAN_POINT('Ctrl Pts',(-4.,13.2030624070092,26.4839333651556));
#9431=CARTESIAN_POINT('Ctrl Pts',(-4.,12.1969375929908,26.4839333651556));
#9432=CARTESIAN_POINT('Ctrl Pts',(-3.89930853599772,11.6608663641656,26.499747847277));
#9433=CARTESIAN_POINT('Ctrl Pts',(-3.4908619469498,10.6755768413598,26.5566399509228));
#9434=CARTESIAN_POINT('Ctrl Pts',(-3.18314731116262,10.2262930616702,26.596870963708));
#9435=CARTESIAN_POINT('Ctrl Pts',(-2.47371301417328,9.5168587646809,26.672208596762));
#9436=CARTESIAN_POINT('Ctrl Pts',(-2.0244266123116,9.20913936299413,26.7122429431711));
#9437=CARTESIAN_POINT('Ctrl Pts',(-1.03912813401348,8.80068930500895,26.7686839212379));
#9438=CARTESIAN_POINT('Ctrl Pts',(-0.503053790278046,8.7,26.7843));
#9439=CARTESIAN_POINT('Ctrl Pts',(8.32667268468867E-16,8.7,26.7843));
#9440=CARTESIAN_POINT('Ctrl Pts',(8.32667268468867E-16,8.7,26.7843));
#9441=CARTESIAN_POINT('Ctrl Pts',(0.503053790278048,8.7,26.7843));
#9442=CARTESIAN_POINT('Ctrl Pts',(1.03912813401348,8.80068930500895,26.7686839212379));
#9443=CARTESIAN_POINT('Ctrl Pts',(2.0244266123116,9.20913936299413,26.7122429431711));
#9444=CARTESIAN_POINT('Ctrl Pts',(2.47371301417329,9.5168587646809,26.672208596762));
#9445=CARTESIAN_POINT('Ctrl Pts',(3.18314731116262,10.2262930616702,26.596870963708));
#9446=CARTESIAN_POINT('Ctrl Pts',(3.4908619469498,10.6755768413598,26.5566399509228));
#9447=CARTESIAN_POINT('Ctrl Pts',(3.89930853599772,11.6608663641656,26.499747847277));
#9448=CARTESIAN_POINT('Ctrl Pts',(4.,12.1969375929908,26.4839333651556));
#9449=CARTESIAN_POINT('Ctrl Pts',(4.,12.7,26.4839333651556));
#9450=CARTESIAN_POINT('',(4.,12.7,10.2469507659596));
#9451=CARTESIAN_POINT('',(4.,12.7,26.7843));
#9452=CARTESIAN_POINT('Ctrl Pts',(4.,12.7,10.2469507659596));
#9453=CARTESIAN_POINT('Ctrl Pts',(4.,12.1925039971496,10.2469507659596));
#9454=CARTESIAN_POINT('Ctrl Pts',(3.89761945118641,11.6547680951315,10.2886259881948));
#9455=CARTESIAN_POINT('Ctrl Pts',(3.48806206021971,10.6708687818651,10.4345906687847));
#9456=CARTESIAN_POINT('Ctrl Pts',(3.18109339030954,10.2242391408172,10.5363097686131));
#9457=CARTESIAN_POINT('Ctrl Pts',(2.7263200433193,9.76946579382692,10.6573140608306));
#9458=CARTESIAN_POINT('Ctrl Pts',(2.6165693621259,9.67083118307383,10.6849376837231));
#9459=CARTESIAN_POINT('Ctrl Pts',(2.49999997609868,9.57750098166443,10.7121426483924));
#9460=CARTESIAN_POINT('Ctrl Pts',(-2.50000000540214,9.57750100512598,10.7121426415535));
#9461=CARTESIAN_POINT('Ctrl Pts',(-2.61656938052264,9.67083119959821,10.6849376790934));
#9462=CARTESIAN_POINT('Ctrl Pts',(-2.7263200518738,9.76946580238142,10.6573140585544));
#9463=CARTESIAN_POINT('Ctrl Pts',(-3.18109339030954,10.2242391408172,10.5363097686131));
#9464=CARTESIAN_POINT('Ctrl Pts',(-3.48806206021971,10.6708687818651,10.4345906687847));
#9465=CARTESIAN_POINT('Ctrl Pts',(-3.89761945118641,11.6547680951315,10.2886259881948));
#9466=CARTESIAN_POINT('Ctrl Pts',(-4.,12.1925039971496,10.2469507659596));
#9467=CARTESIAN_POINT('Ctrl Pts',(-4.,13.2074960028504,10.2469507659596));
#9468=CARTESIAN_POINT('Ctrl Pts',(-3.89761945118641,13.7452319048686,10.2886259881948));
#9469=CARTESIAN_POINT('Ctrl Pts',(-3.48806206021971,14.7291312181349,10.4345906687847));
#9470=CARTESIAN_POINT('Ctrl Pts',(-3.18109339030953,15.1757608591828,10.5363097686131));
#9471=CARTESIAN_POINT('Ctrl Pts',(-2.7263200518738,15.6305341976186,10.6573140585544));
#9472=CARTESIAN_POINT('Ctrl Pts',(-2.61656938052264,15.7291688004018,10.6849376790934));
#9473=CARTESIAN_POINT('Ctrl Pts',(-2.50000000540215,15.822498994874,10.7121426415535));
#9474=CARTESIAN_POINT('Ctrl Pts',(2.49999997609868,15.8224990183356,10.7121426483924));
#9475=CARTESIAN_POINT('Ctrl Pts',(2.6165693621259,15.7291688169262,10.6849376837231));
#9476=CARTESIAN_POINT('Ctrl Pts',(2.7263200433193,15.6305342061731,10.6573140608306));
#9477=CARTESIAN_POINT('Ctrl Pts',(3.18109339030953,15.1757608591828,10.5363097686131));
#9478=CARTESIAN_POINT('Ctrl Pts',(3.48806206021971,14.7291312181349,10.4345906687847));
#9479=CARTESIAN_POINT('Ctrl Pts',(3.89761945118641,13.7452319048685,10.2886259881948));
#9480=CARTESIAN_POINT('Ctrl Pts',(4.,13.2074960028504,10.2469507659596));
#9481=CARTESIAN_POINT('Ctrl Pts',(4.,12.7,10.2469507659596));
#9482=CARTESIAN_POINT('Origin',(1.02816706731675E-16,25.4,1.02816706731675E-16));
#9483=CARTESIAN_POINT('Origin',(1.02816706731675E-16,0.,1.02816706731675E-16));
#9484=CARTESIAN_POINT('Origin',(1.12351845600036E-31,23.8125,1.12351845600036E-31));
#9485=CARTESIAN_POINT('',(-3.28013072624025E-15,23.8125,26.7843));
#9486=CARTESIAN_POINT('Origin',(0.,23.8125,0.));
#9487=CARTESIAN_POINT('',(-3.28013072624025E-15,23.8125,26.7843));
#9488=CARTESIAN_POINT('Origin',(2.42351538793036,-11.811,-15.8816517848259));
#9489=CARTESIAN_POINT('',(2.2319331438252,-11.811,-14.6261852405709));
#9490=CARTESIAN_POINT('',(3.52336765073658,-11.811,-15.2466517848259));
#9491=CARTESIAN_POINT('Origin',(2.42351538793036,-11.811,-15.8816517848259));
#9492=CARTESIAN_POINT('',(3.52336765073658,-0.79375,-15.2466517848259));
#9493=CARTESIAN_POINT('',(3.52336765073657,-11.811,-15.2466517848259));
#9494=CARTESIAN_POINT('',(2.42351538773531,-0.79375,-14.6116517848259));
#9495=CARTESIAN_POINT('Origin',(2.42351538793035,-0.79375,-15.8816517848259));
#9496=CARTESIAN_POINT('',(2.23193314382519,-0.79375,-14.6261852405709));
#9497=CARTESIAN_POINT('Origin',(2.42351538793043,-0.79375,-15.8816517848266));
#9498=CARTESIAN_POINT('',(2.2319331438252,-11.811,-14.6261852405709));
#9499=CARTESIAN_POINT('Origin',(-2.4235153879333,-11.811,-15.8816517848255));
#9500=CARTESIAN_POINT('',(-3.52336765073955,-11.811,-15.2466517848255));
#9501=CARTESIAN_POINT('',(-2.2319331438279,-11.811,-14.6261852405705));
#9502=CARTESIAN_POINT('Origin',(-2.4235153879333,-11.811,-15.8816517848255));
#9503=CARTESIAN_POINT('',(-2.23193314382789,-0.79375,-14.6261852405705));
#9504=CARTESIAN_POINT('',(-2.2319331438279,-11.811,-14.6261852405705));
#9505=CARTESIAN_POINT('',(-2.42351539143796,-0.79375,-14.6116517848255));
#9506=CARTESIAN_POINT('Origin',(-2.4235153879333,-0.79375,-15.8816517848255));
#9507=CARTESIAN_POINT('',(-3.52336765073955,-0.793749999999998,-15.2466517848255));
#9508=CARTESIAN_POINT('Origin',(-2.4235153879333,-0.79375,-15.8816517848255));
#9509=CARTESIAN_POINT('',(-3.52336765073956,-11.811,-15.2466517848255));
#9510=CARTESIAN_POINT('Origin',(0.,25.4,0.));
#9511=CARTESIAN_POINT('',(8.7249,-11.811,-25.3234051122672));
#9512=CARTESIAN_POINT('',(-8.7249,-11.811,-25.3234051122672));
#9513=CARTESIAN_POINT('Origin',(0.,-11.811,0.));
#9514=CARTESIAN_POINT('',(-8.72490000000004,-0.79375,-25.3234051122672));
#9515=CARTESIAN_POINT('',(-8.72489999999999,25.4,-25.3234051122672));
#9516=CARTESIAN_POINT('',(-9.51865000000003,0.,-25.0358548619275));
#9517=CARTESIAN_POINT('Ctrl Pts',(-8.72490000000006,-0.793750000000002,
-25.3234051122672));
#9518=CARTESIAN_POINT('Ctrl Pts',(-8.72490000000006,-0.6928112295752,-25.3234051122672));
#9519=CARTESIAN_POINT('Ctrl Pts',(-8.74536094167514,-0.585689992988133,
-25.3163831537524));
#9520=CARTESIAN_POINT('Ctrl Pts',(-8.82700767718546,-0.390146456885924,
-25.288031348175));
#9521=CARTESIAN_POINT('Ctrl Pts',(-8.88815562909191,-0.301712355774506,
-25.2666739416197));
#9522=CARTESIAN_POINT('Ctrl Pts',(-9.02931318718265,-0.160554797683763,
-25.2165829401512));
#9523=CARTESIAN_POINT('Ctrl Pts',(-9.1196002855143,-0.0995022200780074,
-25.1841711053741));
#9524=CARTESIAN_POINT('Ctrl Pts',(-9.31526672915462,-0.0192463550086599,
-25.1124548660712));
#9525=CARTESIAN_POINT('Ctrl Pts',(-9.42061948851742,-2.65179280588761E-17,
-25.0731261328016));
#9526=CARTESIAN_POINT('Ctrl Pts',(-9.51865000000005,1.92592994438724E-33,
-25.0358548619275));
#9527=CARTESIAN_POINT('',(-26.4410113158894,4.98732999343375E-16,4.274534721231));
#9528=CARTESIAN_POINT('Origin',(0.,0.,0.));
#9529=CARTESIAN_POINT('',(-26.2931621375481,-0.793749999999994,5.10571751065474));
#9530=CARTESIAN_POINT('Ctrl Pts',(-26.4410113158894,7.70371977754894E-32,
4.27453472123103));
#9531=CARTESIAN_POINT('Ctrl Pts',(-26.4242739275564,3.33008567548468E-15,
4.37806726995804));
#9532=CARTESIAN_POINT('Ctrl Pts',(-26.4056572299851,-0.0192463550086579,
4.48896980255982));
#9533=CARTESIAN_POINT('Ctrl Pts',(-26.3699320932651,-0.0995022200780057,
4.69428003307193));
#9534=CARTESIAN_POINT('Ctrl Pts',(-26.3528580163996,-0.160554797683763,
4.78867687124969));
#9535=CARTESIAN_POINT('Ctrl Pts',(-26.3256593171269,-0.301712355774506,
4.9359684032267));
#9536=CARTESIAN_POINT('Ctrl Pts',(-26.3135813978095,-0.390146456885924,
4.99960278624472));
#9537=CARTESIAN_POINT('Ctrl Pts',(-26.2973114139275,-0.585689992988134,
5.0844868361214));
#9538=CARTESIAN_POINT('Ctrl Pts',(-26.2931621375481,-0.6928112295752,5.10571751065477));
#9539=CARTESIAN_POINT('Ctrl Pts',(-26.2931621375481,-0.793750000000002,
5.10571751065477));
#9540=CARTESIAN_POINT('',(-26.2931621375481,-11.811,5.10571751065475));
#9541=CARTESIAN_POINT('',(-26.2931621375481,25.4,5.10571751065475));
#9542=CARTESIAN_POINT('',(-17.5682621375481,-11.811,20.2176876016124));
#9543=CARTESIAN_POINT('Origin',(0.,-11.811,0.));
#9544=CARTESIAN_POINT('',(-17.5682621375481,-0.79375,20.2176876016124));
#9545=CARTESIAN_POINT('',(-17.5682621375481,25.4,20.2176876016124));
#9546=CARTESIAN_POINT('',(-16.9223613158894,0.,20.7613201406965));
#9547=CARTESIAN_POINT('Ctrl Pts',(-17.5682621375481,-0.793750000000002,
20.2176876016124));
#9548=CARTESIAN_POINT('Ctrl Pts',(-17.5682621375481,-0.6928112295752,20.2176876016124));
#9549=CARTESIAN_POINT('Ctrl Pts',(-17.5519504722525,-0.585689992988129,
20.231896317631));
#9550=CARTESIAN_POINT('Ctrl Pts',(-17.4865737206242,-0.39014645688592,20.2884285619304));
#9551=CARTESIAN_POINT('Ctrl Pts',(-17.4375036880351,-0.301712355774506,
20.3307055383931));
#9552=CARTESIAN_POINT('Ctrl Pts',(-17.323544829217,-0.160554797683763,20.4279060689016));
#9553=CARTESIAN_POINT('Ctrl Pts',(-17.2503318077509,-0.099502220078004,
20.4898910723022));
#9554=CARTESIAN_POINT('Ctrl Pts',(-17.0903905008306,-0.0192463550086571,
20.6234850635115));
#9555=CARTESIAN_POINT('Ctrl Pts',(-17.003654439039,3.70720233390128E-16,
20.6950588628436));
#9556=CARTESIAN_POINT('Ctrl Pts',(-16.9223613158894,-6.16297582203915E-32,
20.7613201406965));
#9557=CARTESIAN_POINT('',(-3.28013072624025E-15,0.,26.7843));
#9558=CARTESIAN_POINT('Origin',(0.,0.,0.));
#9559=CARTESIAN_POINT('',(-3.28013072624025E-15,25.4,26.7843));
#9560=CARTESIAN_POINT('',(-3.28013072624025E-15,25.4,26.7843));
#9561=CARTESIAN_POINT('',(16.9223613158894,-2.71050543121369E-16,20.7613201406965));
#9562=CARTESIAN_POINT('Origin',(0.,0.,0.));
#9563=CARTESIAN_POINT('',(17.5682621375481,-0.79375,20.2176876016124));
#9564=CARTESIAN_POINT('Ctrl Pts',(16.9223613158894,3.08148791101958E-32,
20.7613201406965));
#9565=CARTESIAN_POINT('Ctrl Pts',(17.0036544390391,1.85134133707015E-15,
20.6950588628436));
#9566=CARTESIAN_POINT('Ctrl Pts',(17.0903905008306,-0.0192463550086595,
20.6234850635114));
#9567=CARTESIAN_POINT('Ctrl Pts',(17.2503318077509,-0.099502220078009,20.4898910723022));
#9568=CARTESIAN_POINT('Ctrl Pts',(17.323544829217,-0.160554797683763,20.4279060689016));
#9569=CARTESIAN_POINT('Ctrl Pts',(17.4375036880351,-0.301712355774506,20.3307055383931));
#9570=CARTESIAN_POINT('Ctrl Pts',(17.4865737206242,-0.390146456885926,20.2884285619303));
#9571=CARTESIAN_POINT('Ctrl Pts',(17.5519504722525,-0.585689992988135,20.231896317631));
#9572=CARTESIAN_POINT('Ctrl Pts',(17.5682621375481,-0.6928112295752,20.2176876016124));
#9573=CARTESIAN_POINT('Ctrl Pts',(17.5682621375481,-0.793750000000002,20.2176876016124));
#9574=CARTESIAN_POINT('',(17.5682621375481,-11.811,20.2176876016124));
#9575=CARTESIAN_POINT('',(17.5682621375481,25.4,20.2176876016124));
#9576=CARTESIAN_POINT('',(26.2931621375481,-11.811,5.10571751065475));
#9577=CARTESIAN_POINT('Origin',(0.,-11.811,0.));
#9578=CARTESIAN_POINT('',(26.2931621375481,-0.79375,5.10571751065476));
#9579=CARTESIAN_POINT('',(26.2931621375481,25.4,5.10571751065476));
#9580=CARTESIAN_POINT('',(26.4410113158894,0.,4.27453472123101));
#9581=CARTESIAN_POINT('Ctrl Pts',(26.2931621375481,-0.793750000000002,5.10571751065477));
#9582=CARTESIAN_POINT('Ctrl Pts',(26.2931621375481,-0.6928112295752,5.10571751065477));
#9583=CARTESIAN_POINT('Ctrl Pts',(26.2973114139275,-0.585689992988134,5.0844868361214));
#9584=CARTESIAN_POINT('Ctrl Pts',(26.3135813978095,-0.390146456885924,4.99960278624472));
#9585=CARTESIAN_POINT('Ctrl Pts',(26.3256593171269,-0.301712355774506,4.9359684032267));
#9586=CARTESIAN_POINT('Ctrl Pts',(26.3528580163996,-0.160554797683763,4.78867687124969));
#9587=CARTESIAN_POINT('Ctrl Pts',(26.3699320932651,-0.0995022200780057,
4.69428003307193));
#9588=CARTESIAN_POINT('Ctrl Pts',(26.4056572299851,-0.0192463550086581,
4.48896980255982));
#9589=CARTESIAN_POINT('Ctrl Pts',(26.4242739275564,1.95980476462572E-16,
4.37806726995804));
#9590=CARTESIAN_POINT('Ctrl Pts',(26.4410113158894,4.62223186652937E-32,
4.27453472123103));
#9591=CARTESIAN_POINT('',(9.51864999999999,-3.19839640883478E-16,-25.0358548619275));
#9592=CARTESIAN_POINT('Origin',(0.,0.,0.));
#9593=CARTESIAN_POINT('',(8.7249,-0.79375,-25.3234051122672));
#9594=CARTESIAN_POINT('Ctrl Pts',(9.51865000000005,-1.34815096107107E-32,
-25.0358548619275));
#9595=CARTESIAN_POINT('Ctrl Pts',(9.42061948851742,-7.4897818557882E-15,
-25.0731261328016));
#9596=CARTESIAN_POINT('Ctrl Pts',(9.31526672915462,-0.0192463550086599,
-25.1124548660712));
#9597=CARTESIAN_POINT('Ctrl Pts',(9.1196002855143,-0.0995022200780074,-25.1841711053741));
#9598=CARTESIAN_POINT('Ctrl Pts',(9.02931318718265,-0.160554797683763,-25.2165829401512));
#9599=CARTESIAN_POINT('Ctrl Pts',(8.88815562909191,-0.301712355774506,-25.2666739416197));
#9600=CARTESIAN_POINT('Ctrl Pts',(8.82700767718546,-0.390146456885924,-25.288031348175));
#9601=CARTESIAN_POINT('Ctrl Pts',(8.74536094167514,-0.585689992988134,-25.3163831537524));
#9602=CARTESIAN_POINT('Ctrl Pts',(8.72490000000006,-0.6928112295752,-25.3234051122672));
#9603=CARTESIAN_POINT('Ctrl Pts',(8.72490000000006,-0.793750000000002,-25.3234051122672));
#9604=CARTESIAN_POINT('',(8.7249,25.4,-25.3234051122672));
#9605=CARTESIAN_POINT('Origin',(7.7089,-11.811,-24.5282064704733));
#9606=CARTESIAN_POINT('Origin',(0.,-11.811,0.));
#9607=CARTESIAN_POINT('',(-8.58878181024499,-11.811,-24.0202064704677));
#9608=CARTESIAN_POINT('',(-8.58878181024499,-11.811,-24.0202064704677));
#9609=CARTESIAN_POINT('',(-8.7249,-11.811,-24.5282064704677));
#9610=CARTESIAN_POINT('Origin',(-7.7089,-11.811,-24.5282064704677));
#9611=CARTESIAN_POINT('',(-8.7249,-11.811,-24.5282064704733));
#9612=CARTESIAN_POINT('',(8.7249,-11.811,-24.5282064704733));
#9613=CARTESIAN_POINT('',(8.7249,-11.811,-24.5282064704733));
#9614=CARTESIAN_POINT('',(8.58878181024499,-11.811,-24.0202064704733));
#9615=CARTESIAN_POINT('Origin',(7.7089,-11.811,-24.5282064704733));
#9616=CARTESIAN_POINT('',(3.52336765073658,-11.811,-15.2466517848259));
#9617=CARTESIAN_POINT('Origin',(8.7249,-11.811,-24.5282064704733));
#9618=CARTESIAN_POINT('',(8.72490000000002,-0.79375,-24.5282064704733));
#9619=CARTESIAN_POINT('',(8.7249,-0.79375,-24.5282064704733));
#9620=CARTESIAN_POINT('',(8.7249,-11.811,-24.5282064704733));
#9621=CARTESIAN_POINT('Origin',(9.51865,-0.79375,2.07649067123101E-14));
#9622=CARTESIAN_POINT('',(9.51865000000002,-2.71050543121376E-17,-24.5282064704733));
#9623=CARTESIAN_POINT('',(9.51864999999995,-6.50521303491303E-16,2.076490671231E-14));
#9624=CARTESIAN_POINT('Origin',(9.51865000000005,-0.79375,-24.5282064704733));
#9625=CARTESIAN_POINT('Origin',(0.,0.,0.));
#9626=CARTESIAN_POINT('',(-16.4827249126949,7.94287171861801E-16,20.5074959449666));
#9627=CARTESIAN_POINT('',(-16.4827249126949,0.,20.5074959449666));
#9628=CARTESIAN_POINT('',(-15.820310438196,2.15648802555726E-16,19.8450814704677));
#9629=CARTESIAN_POINT('Origin',(-17.3875999126948,-2.49366499671666E-15,
18.9402064704678));
#9630=CARTESIAN_POINT('',(-10.7548962786906,2.98155597433514E-16,11.0715267848255));
#9631=CARTESIAN_POINT('',(-10.7548962786906,0.,11.0715267848255));
#9632=CARTESIAN_POINT('',(-10.9310096575811,6.58877802449181E-17,8.74997319586569));
#9633=CARTESIAN_POINT('Origin',(-12.5421562057507,4.33680868994202E-16,
10.0396517848255));
#9634=CARTESIAN_POINT('',(-13.0432038988422,4.5746475064359E-17,5.09154545454786));
#9635=CARTESIAN_POINT('Origin',(6.41847686111419E-14,-6.50521303491303E-16,
-4.16333634234434E-14));
#9636=CARTESIAN_POINT('',(-14.9656715936829,2.71050543121376E-16,3.77825000000277));
#9637=CARTESIAN_POINT('Origin',(-14.9656715936829,3.25260651745651E-16,
5.84200000000276));
#9638=CARTESIAN_POINT('',(-25.0964999126997,1.04845321425069E-16,3.77825000000277));
#9639=CARTESIAN_POINT('',(0.,0.,3.77825000000277));
#9640=CARTESIAN_POINT('',(-26.0013749126997,1.06036953366328E-16,4.02071052550387));
#9641=CARTESIAN_POINT('Origin',(-25.0964999126997,-1.20346441145891E-14,
5.58800000000272));
#9642=CARTESIAN_POINT('',(-26.4410113158894,0.,4.274534721231));
#9643=CARTESIAN_POINT('',(-9.51865000000002,-5.16187663871368E-16,-24.5282064704677));
#9644=CARTESIAN_POINT('',(-9.51865,0.,0.));
#9645=CARTESIAN_POINT('',(-9.27618947449889,-2.3570489199903E-16,-23.6233314704677));
#9646=CARTESIAN_POINT('Origin',(-7.70889999999994,-4.55364912443912E-15,
-24.5282064704677));
#9647=CARTESIAN_POINT('',(-4.21077531499345,-2.71050543121376E-17,-14.8497767848255));
#9648=CARTESIAN_POINT('',(-4.21077531499344,0.,-14.8497767848255));
#9649=CARTESIAN_POINT('',(-2.42351539932371,-4.14947740957506E-19,-13.8178524819244));
#9650=CARTESIAN_POINT('Origin',(-2.42347269091785,-5.20927318075005E-19,
-15.881627132423));
#9651=CARTESIAN_POINT('',(-2.11219424126202,0.,-13.8415186504111));
#9652=CARTESIAN_POINT('Origin',(-2.42406476000431,-5.57047265196579E-17,
-15.8845792156804));
#9653=CARTESIAN_POINT('',(2.11219424125946,-1.0842021724855E-16,-13.8415186504115));
#9654=CARTESIAN_POINT('Origin',(1.47451495458029E-14,-5.42101086242752E-16,
6.41847686111419E-14));
#9655=CARTESIAN_POINT('',(2.4235153870851,-1.7082950796981E-20,-13.8178320736209));
#9656=CARTESIAN_POINT('Origin',(2.42419945948133,-1.42493439394992E-14,
-15.8845689226841));
#9657=CARTESIAN_POINT('',(4.21077531499049,-2.16840434497101E-17,-14.8497767848259));
#9658=CARTESIAN_POINT('Origin',(2.42345501735443,-5.55098697572931E-20,
-15.8816169273208));
#9659=CARTESIAN_POINT('',(9.27618947449889,1.8702487475375E-15,-23.6233314704733));
#9660=CARTESIAN_POINT('',(9.27618947449889,0.,-23.6233314704733));
#9661=CARTESIAN_POINT('Origin',(7.70890000000002,1.84314369322536E-15,-24.5282064704733));
#9662=CARTESIAN_POINT('',(26.0013749126949,-6.23416249179165E-16,4.02071052550111));
#9663=CARTESIAN_POINT('',(26.0013749126949,0.,4.02071052550112));
#9664=CARTESIAN_POINT('',(25.0964999126949,-5.96311194867027E-16,3.77825));
#9665=CARTESIAN_POINT('Origin',(25.0964999126949,-1.19262238973405E-15,
5.58799999999998));
#9666=CARTESIAN_POINT('',(14.965671593684,-6.53046120860333E-17,3.77825000000001));
#9667=CARTESIAN_POINT('',(0.,0.,3.77825));
#9668=CARTESIAN_POINT('',(13.0432038988432,-6.36760579283431E-16,5.09154545454546));
#9669=CARTESIAN_POINT('Origin',(14.965671593684,-6.50521303491303E-16,5.842));
#9670=CARTESIAN_POINT('',(10.9310096575828,-7.0773118097226E-16,8.74997319586366));
#9671=CARTESIAN_POINT('Origin',(1.50920942409982E-13,-1.95156391047391E-15,
7.28583859910259E-14));
#9672=CARTESIAN_POINT('',(10.7548962786924,2.16840434497101E-16,11.0715267848232));
#9673=CARTESIAN_POINT('Origin',(12.5421562057526,-2.16840434497101E-16,
10.0396517848232));
#9674=CARTESIAN_POINT('',(15.8203104382008,-1.30342587086394E-15,19.8450814704705));
#9675=CARTESIAN_POINT('',(15.8203104382008,0.,19.8450814704705));
#9676=CARTESIAN_POINT('',(16.4827249126998,-2.06355902354461E-15,20.5074959449694));
#9677=CARTESIAN_POINT('Origin',(17.3875999126998,-1.48535697630514E-14,
18.9402064704704));
#9678=CARTESIAN_POINT('',(16.9223613158894,0.,20.7613201406965));
#9679=CARTESIAN_POINT('Origin',(4.759325,-0.79375,-8.24339270973271));
#9680=CARTESIAN_POINT('',(25.6044999126949,-0.793749999999999,4.70811818975503));
#9681=CARTESIAN_POINT('Origin',(26.0013749126949,-0.79375,4.02071052550114));
#9682=CARTESIAN_POINT('',(4.36245,-0.79375,-7.55598504547881));
#9683=CARTESIAN_POINT('Origin',(26.2931621375481,-11.811,5.10571751065474));
#9684=CARTESIAN_POINT('',(25.6044999126949,-11.811,4.70811818975502));
#9685=CARTESIAN_POINT('',(25.6044999126949,-11.811,4.70811818975502));
#9686=CARTESIAN_POINT('',(26.2931621375481,-11.811,5.10571751065474));
#9687=CARTESIAN_POINT('Origin',(17.3875999126997,-11.811,18.9402064704705));
#9688=CARTESIAN_POINT('',(11.5506814068789,-11.811,9.24600342238657));
#9689=CARTESIAN_POINT('',(11.4423039429463,-11.811,10.6746517848232));
#9690=CARTESIAN_POINT('Origin',(12.5421562057526,-11.811,10.0396517848232));
#9691=CARTESIAN_POINT('',(13.782614550705,-11.811,5.38018181818182));
#9692=CARTESIAN_POINT('Origin',(0.,-11.811,0.));
#9693=CARTESIAN_POINT('',(14.965671593684,-11.811,4.572));
#9694=CARTESIAN_POINT('Origin',(14.965671593684,-11.811,5.842));
#9695=CARTESIAN_POINT('',(25.0964999126949,-11.811,4.572));
#9696=CARTESIAN_POINT('',(17.3875999126997,-11.811,4.572));
#9697=CARTESIAN_POINT('Origin',(25.0964999126949,-11.811,5.588));
#9698=CARTESIAN_POINT('',(16.8795999126997,-11.811,19.8200882807155));
#9699=CARTESIAN_POINT('',(16.8795999126997,-11.811,19.8200882807155));
#9700=CARTESIAN_POINT('',(16.5077181024547,-11.811,19.4482064704705));
#9701=CARTESIAN_POINT('Origin',(17.3875999126997,-11.811,18.9402064704705));
#9702=CARTESIAN_POINT('',(11.4423039429463,-11.811,10.6746517848232));
#9703=CARTESIAN_POINT('Origin',(16.8795999126997,-11.811,19.8200882807155));
#9704=CARTESIAN_POINT('',(16.8795999126997,-0.79375,19.8200882807155));
#9705=CARTESIAN_POINT('',(16.8795999126997,-0.79375,19.8200882807155));
#9706=CARTESIAN_POINT('',(16.8795999126997,-11.811,19.8200882807155));
#9707=CARTESIAN_POINT('Origin',(-4.759325,-0.79375,8.2433927097327));
#9708=CARTESIAN_POINT('Origin',(16.4827249126997,-0.79375,20.5074959449694));
#9709=CARTESIAN_POINT('Origin',(4.759325,-0.79375,8.24339270973274));
#9710=CARTESIAN_POINT('',(-16.8795999126949,-0.793749999999999,19.8200882807127));
#9711=CARTESIAN_POINT('Origin',(-16.4827249126949,-0.79375,20.5074959449666));
#9712=CARTESIAN_POINT('',(4.36245,-0.79375,7.55598504547884));
#9713=CARTESIAN_POINT('Origin',(-17.5682621375481,-11.811,20.2176876016124));
#9714=CARTESIAN_POINT('',(-16.8795999126949,-11.811,19.8200882807127));
#9715=CARTESIAN_POINT('',(-16.8795999126949,-11.811,19.8200882807127));
#9716=CARTESIAN_POINT('',(-17.5682621375481,-11.811,20.2176876016124));
#9717=CARTESIAN_POINT('Origin',(-25.0964999126997,-11.811,5.58800000000278));
#9718=CARTESIAN_POINT('',(-13.782614550704,-11.811,5.38018181818437));
#9719=CARTESIAN_POINT('',(-14.9656715936829,-11.811,4.57200000000277));
#9720=CARTESIAN_POINT('Origin',(-14.9656715936829,-11.811,5.84200000000277));
#9721=CARTESIAN_POINT('',(-11.5506814068771,-11.811,9.2460034223887));
#9722=CARTESIAN_POINT('Origin',(0.,-11.811,0.));
#9723=CARTESIAN_POINT('',(-11.4423039429445,-11.811,10.6746517848255));
#9724=CARTESIAN_POINT('Origin',(-12.5421562057507,-11.811,10.0396517848255));
#9725=CARTESIAN_POINT('',(-16.5077181024499,-11.811,19.4482064704677));
#9726=CARTESIAN_POINT('',(-16.5077181024499,-11.811,19.4482064704677));
#9727=CARTESIAN_POINT('Origin',(-17.3875999126949,-11.811,18.9402064704677));
#9728=CARTESIAN_POINT('',(-25.6044999126997,-11.811,4.70811818975779));
#9729=CARTESIAN_POINT('',(-25.6044999126997,-11.811,4.70811818975778));
#9730=CARTESIAN_POINT('',(-25.0964999126997,-11.811,4.57200000000277));
#9731=CARTESIAN_POINT('Origin',(-25.0964999126997,-11.811,5.58800000000278));
#9732=CARTESIAN_POINT('',(-25.0964999126997,-11.811,4.57200000000277));
#9733=CARTESIAN_POINT('Origin',(-25.6044999126997,-11.811,4.70811818975778));
#9734=CARTESIAN_POINT('',(-25.6044999126997,-0.793749999999998,4.70811818975779));
#9735=CARTESIAN_POINT('',(-25.6044999126997,-0.793749999999996,4.70811818975778));
#9736=CARTESIAN_POINT('',(-25.6044999126997,-11.811,4.70811818975778));
#9737=CARTESIAN_POINT('Origin',(-4.759325,-0.79375,-8.24339270973271));
#9738=CARTESIAN_POINT('Origin',(-26.0013749126997,-0.79375,4.02071052550391));
#9739=CARTESIAN_POINT('Origin',(-9.51865,-0.79375,2.07649067121657E-14));
#9740=CARTESIAN_POINT('',(-8.72490000000003,-0.79375,-24.5282064704677));
#9741=CARTESIAN_POINT('Origin',(-9.51865000000005,-0.79375,-24.5282064704677));
#9742=CARTESIAN_POINT('',(-8.7249,-0.79375,1.90333434439731E-14));
#9743=CARTESIAN_POINT('Origin',(-8.7249,-11.811,-25.3234051122672));
#9744=CARTESIAN_POINT('',(-8.7249,-11.811,-24.5282064704677));
#9745=CARTESIAN_POINT('Origin',(8.58878181024499,-11.811,-24.0202064704733));
#9746=CARTESIAN_POINT('',(8.58878181024499,-0.793749999999997,-24.0202064704733));
#9747=CARTESIAN_POINT('',(8.58878181024499,-11.811,-24.0202064704733));
#9748=CARTESIAN_POINT('',(8.58878181024499,-0.793749999999996,-24.0202064704733));
#9749=CARTESIAN_POINT('Origin',(0.,-11.811,0.));
#9750=CARTESIAN_POINT('Origin',(0.,-0.79375,0.));
#9751=CARTESIAN_POINT('Origin',(-8.58878181024499,-11.811,-24.0202064704677));
#9752=CARTESIAN_POINT('',(-8.58878181024499,-0.793749999999998,-24.0202064704677));
#9753=CARTESIAN_POINT('',(-8.58878181024499,-0.793749999999996,-24.0202064704677));
#9754=CARTESIAN_POINT('',(-8.58878181024499,-11.811,-24.0202064704677));
#9755=CARTESIAN_POINT('Origin',(7.7089,-11.811,-24.5282064704733));
#9756=CARTESIAN_POINT('Origin',(7.7089,-0.79375,-24.5282064704733));
#9757=CARTESIAN_POINT('Origin',(7.70890000000002,-0.793749999999997,-24.5282064704733));
#9758=CARTESIAN_POINT('Origin',(9.27618947449888,-0.793749999999997,-23.6233314704733));
#9759=CARTESIAN_POINT('Origin',(-17.3875999126948,-0.793749999999999,18.9402064704678));
#9760=CARTESIAN_POINT('',(-16.5077181024499,-0.79375,19.4482064704677));
#9761=CARTESIAN_POINT('Origin',(-15.820310438196,-0.793750000000003,19.8450814704677));
#9762=CARTESIAN_POINT('Origin',(-17.3875999126948,-0.793750000000003,18.9402064704678));
#9763=CARTESIAN_POINT('Origin',(-3.27206048184856,-0.79375,-1.889125));
#9764=CARTESIAN_POINT('',(-11.4423039429445,-0.793749999999999,10.6746517848255));
#9765=CARTESIAN_POINT('Origin',(-10.7548962786906,-0.79375,11.0715267848255));
#9766=CARTESIAN_POINT('',(-3.95946814610246,-0.79375,-2.286));
#9767=CARTESIAN_POINT('Origin',(-12.5421562057507,-0.79375,10.0396517848255));
#9768=CARTESIAN_POINT('',(-11.5506814068771,-0.79375,9.2460034223887));
#9769=CARTESIAN_POINT('Origin',(-10.9310096575811,-0.793750000000005,8.74997319586571));
#9770=CARTESIAN_POINT('Origin',(-12.5421562057507,-0.79375,10.0396517848255));
#9771=CARTESIAN_POINT('Origin',(6.41847686111419E-14,-0.793750000000003,
-4.16333634234434E-14));
#9772=CARTESIAN_POINT('',(-13.782614550704,-0.79375,5.38018181818437));
#9773=CARTESIAN_POINT('Origin',(-13.0432038988422,-0.793750000000003,5.09154545454786));
#9774=CARTESIAN_POINT('Origin',(1.90819582357449E-14,-0.79375,-1.43114686768087E-14));
#9775=CARTESIAN_POINT('Origin',(-14.9656715936829,-0.793749999999997,5.84200000000276));
#9776=CARTESIAN_POINT('',(-14.9656715936829,-0.79375,4.57200000000277));
#9777=CARTESIAN_POINT('Origin',(-14.9656715936829,-0.79375,3.77825000000277));
#9778=CARTESIAN_POINT('Origin',(-14.9656715936829,-0.79375,5.84200000000277));
#9779=CARTESIAN_POINT('Origin',(-9.70436784642447E-16,-0.79375,3.77825000000278));
#9780=CARTESIAN_POINT('',(-25.0964999126997,-0.79375,4.57200000000277));
#9781=CARTESIAN_POINT('Origin',(-25.0964999126997,-0.79375,3.77825000000277));
#9782=CARTESIAN_POINT('',(-1.17431005872684E-15,-0.79375,4.57200000000278));
#9783=CARTESIAN_POINT('Origin',(-25.0964999126997,-0.793750000000013,5.58800000000271));
#9784=CARTESIAN_POINT('Origin',(-25.0964999126997,-0.793750000000007,5.58800000000271));
#9785=CARTESIAN_POINT('Origin',(-7.70889999999994,-0.793750000000004,-24.5282064704677));
#9786=CARTESIAN_POINT('Origin',(-9.27618947449889,-0.793750000000001,-23.6233314704677));
#9787=CARTESIAN_POINT('Origin',(-7.70889999999994,-0.793750000000003,-24.5282064704677));
#9788=CARTESIAN_POINT('Origin',(3.27206048184856,-0.79375,-1.889125));
#9789=CARTESIAN_POINT('Origin',(-4.21077531499344,-0.79375,-14.8497767848255));
#9790=CARTESIAN_POINT('Ctrl Pts',(-3.52336765073954,-0.79375,-15.2466517848255));
#9791=CARTESIAN_POINT('Ctrl Pts',(-3.29094151933642,-0.79375,-14.8440779162286));
#9792=CARTESIAN_POINT('Ctrl Pts',(-2.88836765073954,-0.79375,-14.6116517848255));
#9793=CARTESIAN_POINT('Ctrl Pts',(-2.4235153879333,-0.79375,-14.6116517848255));
#9794=CARTESIAN_POINT('Ctrl Pts',(-3.52336765073954,-0.328782015133636,
-15.2466517848255));
#9795=CARTESIAN_POINT('Ctrl Pts',(-3.29094151933642,-0.328782015133636,
-14.8440779162286));
#9796=CARTESIAN_POINT('Ctrl Pts',(-2.88836765073954,-0.328782015133636,
-14.6116517848255));
#9797=CARTESIAN_POINT('Ctrl Pts',(-2.4235153879333,-0.328782015133636,-14.6116517848255));
#9798=CARTESIAN_POINT('Ctrl Pts',(-3.80810122815272,9.82597548707832E-15,
-15.0822607772587));
#9799=CARTESIAN_POINT('Ctrl Pts',(-3.51550381182643,9.82597548707832E-15,
-14.5754671860181));
#9800=CARTESIAN_POINT('Ctrl Pts',(-3.00871022058589,9.82597548707832E-15,
-14.2828697696918));
#9801=CARTESIAN_POINT('Ctrl Pts',(-2.4235153879333,9.82597548707832E-15,
-14.2828697696918));
#9802=CARTESIAN_POINT('Ctrl Pts',(-4.21077531499345,0.,-14.8497767848255));
#9803=CARTESIAN_POINT('Ctrl Pts',(-3.83308285146338,0.,-14.1955942483556));
#9804=CARTESIAN_POINT('Ctrl Pts',(-3.17890031499344,0.,-13.8179017848255));
#9805=CARTESIAN_POINT('Ctrl Pts',(-2.4235153879333,0.,-13.8179017848255));
#9806=CARTESIAN_POINT('Ctrl Pts',(-4.21401578579901,-7.90733442814997E-17,
-14.8479058981336));
#9807=CARTESIAN_POINT('Ctrl Pts',(-3.83563853021211,-7.90733442814997E-17,
-14.1925372670286));
#9808=CARTESIAN_POINT('Ctrl Pts',(-3.18026989910711,-7.90733442814997E-17,
-13.8141600114417));
#9809=CARTESIAN_POINT('Ctrl Pts',(-2.4235153879333,-7.90733442814997E-17,
-13.8141600114417));
#9810=CARTESIAN_POINT('Ctrl Pts',(-4.21725625660457,-1.58146688562999E-16,
-14.8460350114417));
#9811=CARTESIAN_POINT('Ctrl Pts',(-3.83819420896083,-1.58146688562999E-16,
-14.1894802857017));
#9812=CARTESIAN_POINT('Ctrl Pts',(-3.18163948322078,-1.58146688562999E-16,
-13.8104182380579));
#9813=CARTESIAN_POINT('Ctrl Pts',(-2.4235153879333,-1.58146688562999E-16,
-13.8104182380579));
#9814=CARTESIAN_POINT('Ctrl Pts',(-4.22049672741012,-2.37220032844499E-16,
-14.8441641247498));
#9815=CARTESIAN_POINT('Ctrl Pts',(-3.84074988770955,-2.37220032844499E-16,
-14.1864233043747));
#9816=CARTESIAN_POINT('Ctrl Pts',(-3.18300906733444,-2.37220032844499E-16,
-13.8066764646742));
#9817=CARTESIAN_POINT('Ctrl Pts',(-2.4235153879333,-2.37220032844499E-16,
-13.8066764646742));
#9818=CARTESIAN_POINT('Origin',(-2.4235153953249,-0.793750001082703,-13.8179017822118));
#9819=CARTESIAN_POINT('Ctrl Pts',(-2.42543671855574,-0.79375,-14.6116517848308));
#9820=CARTESIAN_POINT('Ctrl Pts',(-2.42479627618314,-0.79375,-14.611651784829));
#9821=CARTESIAN_POINT('Ctrl Pts',(-2.42415583381055,-0.79375,-14.6116517848273));
#9822=CARTESIAN_POINT('Ctrl Pts',(-2.42351539143796,-0.79375,-14.6116517848255));
#9823=CARTESIAN_POINT('Ctrl Pts',(-2.3593147635634,-0.79375,-14.6116517846483));
#9824=CARTESIAN_POINT('Ctrl Pts',(-2.29529829778643,-0.79375,-14.6165106503634));
#9825=CARTESIAN_POINT('Ctrl Pts',(-2.23183319561247,-0.79375,-14.6262004965841));
#9826=CARTESIAN_POINT('Ctrl Pts',(-2.42543671855574,-0.328782015133644,
-14.6116517848308));
#9827=CARTESIAN_POINT('Ctrl Pts',(-2.42479627618314,-0.328782015133644,
-14.611651784829));
#9828=CARTESIAN_POINT('Ctrl Pts',(-2.42415583381055,-0.328782015133644,
-14.6116517848273));
#9829=CARTESIAN_POINT('Ctrl Pts',(-2.42351539143796,-0.328782015133644,
-14.6116517848255));
#9830=CARTESIAN_POINT('Ctrl Pts',(-2.3593147635634,-0.328782015133644,-14.6116517846483));
#9831=CARTESIAN_POINT('Ctrl Pts',(-2.29529829778643,-0.328782015133644,
-14.6165106503634));
#9832=CARTESIAN_POINT('Ctrl Pts',(-2.23183319561247,-0.328782015133644,
-14.6262004965841));
#9833=CARTESIAN_POINT('Ctrl Pts',(-2.42593411930675,-8.54132331558866E-17,
-14.2828697696985));
#9834=CARTESIAN_POINT('Ctrl Pts',(-2.42512787698625,-8.54132331558866E-17,
-14.2828697696963));
#9835=CARTESIAN_POINT('Ctrl Pts',(-2.42432163466575,-8.54132331558866E-17,
-14.2828697696941));
#9836=CARTESIAN_POINT('Ctrl Pts',(-2.42351539234525,-8.54132331558866E-17,
-14.2828697696919));
#9837=CARTESIAN_POINT('Ctrl Pts',(-2.34269428273413,-8.54132331558867E-17,
-14.2828697694688));
#9838=CARTESIAN_POINT('Ctrl Pts',(-2.26210501174465,-8.54132331558867E-17,
-14.288986515232));
#9839=CARTESIAN_POINT('Ctrl Pts',(-2.18220984328454,-8.54132331558866E-17,
-14.3011849025288));
#9840=CARTESIAN_POINT('Ctrl Pts',(-2.42663755019476,0.,-13.8179017848341));
#9841=CARTESIAN_POINT('Ctrl Pts',(-2.4255968313393,0.,-13.8179017848312));
#9842=CARTESIAN_POINT('Ctrl Pts',(-2.42455611248383,0.,-13.8179017848284));
#9843=CARTESIAN_POINT('Ctrl Pts',(-2.42351539362837,0.,-13.8179017848255));
#9844=CARTESIAN_POINT('Ctrl Pts',(-2.31918937333221,0.,-13.8179017845376));
#9845=CARTESIAN_POINT('Ctrl Pts',(-2.21516261644464,0.,-13.8257974413246));
#9846=CARTESIAN_POINT('Ctrl Pts',(-2.11203182541196,0.,-13.8415434414332));
#9847=CARTESIAN_POINT('Ctrl Pts',(-2.42664321096939,6.87352619636923E-19,
-13.8141600114504));
#9848=CARTESIAN_POINT('Ctrl Pts',(-2.42560060519249,6.87352619636923E-19,
-13.8141600114475));
#9849=CARTESIAN_POINT('Ctrl Pts',(-2.42455799941559,6.87352619636923E-19,
-13.8141600114446));
#9850=CARTESIAN_POINT('Ctrl Pts',(-2.42351539363869,6.87352619636923E-19,
-13.8141600114417));
#9851=CARTESIAN_POINT('Ctrl Pts',(-2.31900022042867,6.87352619636923E-19,
-13.8141600111533));
#9852=CARTESIAN_POINT('Ctrl Pts',(-2.21478485322002,6.87352619636923E-19,
-13.8220699835107));
#9853=CARTESIAN_POINT('Ctrl Pts',(-2.11146707633686,6.87352619636923E-19,
-13.8378445326025));
#9854=CARTESIAN_POINT('Ctrl Pts',(-2.42664887174403,1.37470523927385E-18,
-13.8104182380666));
#9855=CARTESIAN_POINT('Ctrl Pts',(-2.42560437904569,1.37470523927385E-18,
-13.8104182380637));
#9856=CARTESIAN_POINT('Ctrl Pts',(-2.42455988634735,1.37470523927385E-18,
-13.8104182380608));
#9857=CARTESIAN_POINT('Ctrl Pts',(-2.42351539364902,1.37470523927385E-18,
-13.8104182380579));
#9858=CARTESIAN_POINT('Ctrl Pts',(-2.31881106752514,1.37470523927385E-18,
-13.810418237769));
#9859=CARTESIAN_POINT('Ctrl Pts',(-2.21440708999541,1.37470523927385E-18,
-13.8183425256968));
#9860=CARTESIAN_POINT('Ctrl Pts',(-2.11090232726177,1.37470523927385E-18,
-13.8341456237718));
#9861=CARTESIAN_POINT('Ctrl Pts',(-2.42665453251866,2.06205785891077E-18,
-13.8066764646828));
#9862=CARTESIAN_POINT('Ctrl Pts',(-2.42560815289889,2.06205785891077E-18,
-13.8066764646799));
#9863=CARTESIAN_POINT('Ctrl Pts',(-2.42456177327912,2.06205785891077E-18,
-13.8066764646771));
#9864=CARTESIAN_POINT('Ctrl Pts',(-2.42351539365934,2.06205785891077E-18,
-13.8066764646742));
#9865=CARTESIAN_POINT('Ctrl Pts',(-2.3186219146216,2.06205785891077E-18,
-13.8066764643847));
#9866=CARTESIAN_POINT('Ctrl Pts',(-2.2140293267708,2.06205785891077E-18,
-13.8146150678829));
#9867=CARTESIAN_POINT('Ctrl Pts',(-2.11033757818667,2.06205785891077E-18,
-13.8304467149411));
#9868=CARTESIAN_POINT('Origin',(-2.11219424126202,-0.79375,-13.8415186504111));
#9869=CARTESIAN_POINT('Origin',(1.47451495458029E-14,-0.79375,6.41847686111419E-14));
#9870=CARTESIAN_POINT('Origin',(2.11219424125947,-0.79375,-13.8415186504115));
#9871=CARTESIAN_POINT('Ctrl Pts',(2.23193314382518,-0.79375,-14.6261852405709));
#9872=CARTESIAN_POINT('Ctrl Pts',(2.29536563600992,-0.79375,-14.616505540815));
#9873=CARTESIAN_POINT('Ctrl Pts',(2.35934859237276,-0.79375,-14.6116517848259));
#9874=CARTESIAN_POINT('Ctrl Pts',(2.42351538793036,-0.79375,-14.6116517848259));
#9875=CARTESIAN_POINT('Ctrl Pts',(2.23193314382518,-0.328782015133644,-14.6261852405709));
#9876=CARTESIAN_POINT('Ctrl Pts',(2.29536563600992,-0.328782015133644,-14.616505540815));
#9877=CARTESIAN_POINT('Ctrl Pts',(2.35934859237276,-0.328782015133644,-14.6116517848259));
#9878=CARTESIAN_POINT('Ctrl Pts',(2.42351538793036,-0.328782015133644,-14.6116517848259));
#9879=CARTESIAN_POINT('Ctrl Pts',(2.18233566643878,-8.54132331558866E-17,
-14.3011656969858));
#9880=CARTESIAN_POINT('Ctrl Pts',(2.2621897827223,-8.54132331558867E-17,
-14.2889800829058));
#9881=CARTESIAN_POINT('Ctrl Pts',(2.34273686926402,-8.54132331558867E-17,
-14.2828697696923));
#9882=CARTESIAN_POINT('Ctrl Pts',(2.42351538793036,-8.54132331558866E-17,
-14.2828697696923));
#9883=CARTESIAN_POINT('Ctrl Pts',(2.11219424125944,0.,-13.8415186504115));
#9884=CARTESIAN_POINT('Ctrl Pts',(2.21527204105965,0.,-13.8257891383082));
#9885=CARTESIAN_POINT('Ctrl Pts',(2.31924434514926,0.,-13.8179017848259));
#9886=CARTESIAN_POINT('Ctrl Pts',(2.42351538793036,0.,-13.8179017848259));
#9887=CARTESIAN_POINT('Ctrl Pts',(2.1116297866596,6.87352619636923E-19,
-13.8378196966324));
#9888=CARTESIAN_POINT('Ctrl Pts',(2.21489447623219,6.87352619636923E-19,
-13.8220616654402));
#9889=CARTESIAN_POINT('Ctrl Pts',(2.31905529191482,6.87352619636923E-19,
-13.8141600114421));
#9890=CARTESIAN_POINT('Ctrl Pts',(2.42351538793036,6.87352619636923E-19,
-13.8141600114421));
#9891=CARTESIAN_POINT('Ctrl Pts',(2.11106533205976,1.37470523927385E-18,
-13.8341207428532));
#9892=CARTESIAN_POINT('Ctrl Pts',(2.21451691140473,1.37470523927385E-18,
-13.8183341925721));
#9893=CARTESIAN_POINT('Ctrl Pts',(2.31886623868038,1.37470523927385E-18,
-13.8104182380583));
#9894=CARTESIAN_POINT('Ctrl Pts',(2.42351538793036,1.37470523927385E-18,
-13.8104182380583));
#9895=CARTESIAN_POINT('Ctrl Pts',(2.11050087745992,2.06205785891077E-18,
-13.8304217890741));
#9896=CARTESIAN_POINT('Ctrl Pts',(2.21413934657727,2.06205785891077E-18,
-13.814606719704));
#9897=CARTESIAN_POINT('Ctrl Pts',(2.31867718544594,2.06205785891077E-18,
-13.8066764646746));
#9898=CARTESIAN_POINT('Ctrl Pts',(2.42351538793036,2.06205785891077E-18,
-13.8066764646746));
#9899=CARTESIAN_POINT('Origin',(2.42351538752513,-0.793750002164539,-13.8179017796006));
#9900=CARTESIAN_POINT('Ctrl Pts',(2.42351538767029,-0.79375,-14.6116517848259));
#9901=CARTESIAN_POINT('Ctrl Pts',(2.88836765057639,-0.79375,-14.6116517847307));
#9902=CARTESIAN_POINT('Ctrl Pts',(3.29094151928355,-0.79375,-14.8440779161425));
#9903=CARTESIAN_POINT('Ctrl Pts',(3.5233676507366,-0.79375,-15.2466517848259));
#9904=CARTESIAN_POINT('Ctrl Pts',(2.42351538767029,-0.328782015133644,-14.6116517848259));
#9905=CARTESIAN_POINT('Ctrl Pts',(2.88836765057639,-0.328782015133644,-14.6116517847307));
#9906=CARTESIAN_POINT('Ctrl Pts',(3.29094151928355,-0.328782015133644,-14.8440779161425));
#9907=CARTESIAN_POINT('Ctrl Pts',(3.5233676507366,-0.328782015133644,-15.2466517848259));
#9908=CARTESIAN_POINT('Ctrl Pts',(2.42351538760296,7.40535826863618E-16,
-14.2828697696923));
#9909=CARTESIAN_POINT('Ctrl Pts',(3.00871022038126,7.40535826863618E-16,
-14.2828697695724));
#9910=CARTESIAN_POINT('Ctrl Pts',(3.51550381176062,7.40535826863618E-16,
-14.5754671859097));
#9911=CARTESIAN_POINT('Ctrl Pts',(3.80810122814977,7.40535826863618E-16,
-15.0822607772591));
#9912=CARTESIAN_POINT('Ctrl Pts',(2.42351538750774,0.,-13.8179017848259));
#9913=CARTESIAN_POINT('Ctrl Pts',(3.17890031473015,0.,-13.8179017846712));
#9914=CARTESIAN_POINT('Ctrl Pts',(3.83308285137929,0.,-14.1955942482154));
#9915=CARTESIAN_POINT('Ctrl Pts',(4.2107753149905,0.,-14.8497767848259));
#9916=CARTESIAN_POINT('Ctrl Pts',(2.42351538750698,-5.9593721221244E-18,
-13.8141600114421));
#9917=CARTESIAN_POINT('Ctrl Pts',(3.18026989884335,-5.9593721221244E-18,
-13.8141600112872));
#9918=CARTESIAN_POINT('Ctrl Pts',(3.83563853012787,-5.9593721221244E-18,
-14.1925372668882));
#9919=CARTESIAN_POINT('Ctrl Pts',(4.21401578579605,-5.9593721221244E-18,
-14.847905898134));
#9920=CARTESIAN_POINT('Ctrl Pts',(2.42351538750621,-1.19187442442488E-17,
-13.8104182380583));
#9921=CARTESIAN_POINT('Ctrl Pts',(3.18163948295654,-1.19187442442488E-17,
-13.8104182379031));
#9922=CARTESIAN_POINT('Ctrl Pts',(3.83819420887644,-1.19187442442488E-17,
-14.189480285561));
#9923=CARTESIAN_POINT('Ctrl Pts',(4.21725625660161,-1.19187442442488E-17,
-14.8460350114421));
#9924=CARTESIAN_POINT('Ctrl Pts',(2.42351538750544,-1.78781163663732E-17,
-13.8066764646746));
#9925=CARTESIAN_POINT('Ctrl Pts',(3.18300906706974,-1.78781163663732E-17,
-13.806676464519));
#9926=CARTESIAN_POINT('Ctrl Pts',(3.84074988762502,-1.78781163663732E-17,
-14.1864233042338));
#9927=CARTESIAN_POINT('Ctrl Pts',(4.22049672740717,-1.78781163663732E-17,
-14.8441641247502));
#9928=CARTESIAN_POINT('Origin',(4.21077531499047,-0.79375,-14.8497767848259));
#9929=CARTESIAN_POINT('Origin',(-3.27206048185096,-0.79375,-1.88912500000139));
#9930=CARTESIAN_POINT('Origin',(25.0964999126949,-0.79375,5.58799999999998));
#9931=CARTESIAN_POINT('',(25.0964999126949,-0.79375,4.572));
#9932=CARTESIAN_POINT('Origin',(25.0964999126949,-0.79375,3.77825));
#9933=CARTESIAN_POINT('Origin',(25.0964999126949,-0.79375,5.58799999999998));
#9934=CARTESIAN_POINT('Origin',(0.,-0.79375,3.77825));
#9935=CARTESIAN_POINT('',(14.965671593684,-0.79375,4.572));
#9936=CARTESIAN_POINT('Origin',(14.965671593684,-0.79375,3.77825));
#9937=CARTESIAN_POINT('',(0.,-0.79375,4.572));
#9938=CARTESIAN_POINT('Origin',(14.965671593684,-0.793750000000001,5.842));
#9939=CARTESIAN_POINT('',(13.782614550705,-0.79375,5.38018181818182));
#9940=CARTESIAN_POINT('Origin',(13.0432038988432,-0.793750000000001,5.09154545454545));
#9941=CARTESIAN_POINT('Origin',(14.965671593684,-0.79375,5.842));
#9942=CARTESIAN_POINT('Origin',(1.50920942409982E-13,-0.793750000000002,
7.28583859910259E-14));
#9943=CARTESIAN_POINT('',(11.5506814068789,-0.79375,9.24600342238654));
#9944=CARTESIAN_POINT('Origin',(10.9310096575828,-0.793750000000002,8.74997319586363));
#9945=CARTESIAN_POINT('Origin',(1.80411241501588E-13,-0.793749999999986,
8.8037216405823E-14));
#9946=CARTESIAN_POINT('Origin',(12.5421562057526,-0.79375,10.0396517848232));
#9947=CARTESIAN_POINT('',(11.4423039429463,-0.793749999999999,10.6746517848232));
#9948=CARTESIAN_POINT('Origin',(10.7548962786925,-0.79375,11.0715267848232));
#9949=CARTESIAN_POINT('Origin',(12.5421562057526,-0.79375,10.0396517848232));
#9950=CARTESIAN_POINT('Origin',(3.27206048185096,-0.79375,-1.88912500000139));
#9951=CARTESIAN_POINT('',(16.5077181024547,-0.793749999999999,19.4482064704705));
#9952=CARTESIAN_POINT('Origin',(15.8203104382008,-0.79375,19.8450814704705));
#9953=CARTESIAN_POINT('',(3.95946814610486,-0.79375,-2.28600000000139));
#9954=CARTESIAN_POINT('Origin',(17.3875999126998,-0.793750000000018,18.9402064704704));
#9955=CARTESIAN_POINT('Origin',(17.3875999126998,-0.793750000000007,18.9402064704704));
#9956=CARTESIAN_POINT('Origin',(25.0964999126949,-11.811,5.588));
#9957=CARTESIAN_POINT('',(25.0964999126949,-11.811,4.572));
#9958=CARTESIAN_POINT('Origin',(16.5077181024547,-11.811,19.4482064704705));
#9959=CARTESIAN_POINT('',(16.5077181024547,-11.811,19.4482064704705));
#9960=CARTESIAN_POINT('',(11.4423039429463,-11.811,10.6746517848232));
#9961=CARTESIAN_POINT('Origin',(0.,-11.811,0.));
#9962=CARTESIAN_POINT('',(13.782614550705,-11.811,5.38018181818183));
#9963=CARTESIAN_POINT('',(11.5506814068788,-11.811,9.24600342238655));
#9964=CARTESIAN_POINT('Origin',(25.0964999126949,-11.811,4.572));
#9965=CARTESIAN_POINT('',(14.965671593684,-11.811,4.572));
#9966=CARTESIAN_POINT('Origin',(17.3875999126997,-11.811,18.9402064704705));
#9967=CARTESIAN_POINT('Origin',(-17.3875999126949,-11.811,18.9402064704677));
#9968=CARTESIAN_POINT('',(-16.5077181024499,-11.811,19.4482064704677));
#9969=CARTESIAN_POINT('Origin',(-25.0964999126997,-11.811,4.57200000000277));
#9970=CARTESIAN_POINT('',(-25.0964999126997,-11.811,4.57200000000277));
#9971=CARTESIAN_POINT('',(-14.9656715936829,-11.811,4.57200000000277));
#9972=CARTESIAN_POINT('Origin',(0.,-11.811,0.));
#9973=CARTESIAN_POINT('',(-11.5506814068771,-11.811,9.24600342238869));
#9974=CARTESIAN_POINT('',(-13.782614550704,-11.811,5.38018181818437));
#9975=CARTESIAN_POINT('Origin',(-16.5077181024499,-11.811,19.4482064704677));
#9976=CARTESIAN_POINT('',(-11.4423039429445,-11.811,10.6746517848255));
#9977=CARTESIAN_POINT('Origin',(-25.0964999126997,-11.811,5.58800000000278));
#9978=CARTESIAN_POINT('Origin',(-7.7089,-11.811,-24.5282064704677));
#9979=CARTESIAN_POINT('Origin',(12.5421562057526,-11.811,10.0396517848232));
#9980=CARTESIAN_POINT('Origin',(14.965671593684,-11.811,5.842));
#9981=CARTESIAN_POINT('Origin',(-14.9656715936829,-11.811,5.84200000000277));
#9982=CARTESIAN_POINT('Origin',(-12.5421562057507,-11.811,10.0396517848255));
#9983=CARTESIAN_POINT('Origin',(0.,12.7,16.1443));
#9984=CARTESIAN_POINT('',(-4.,12.7,16.1443));
#9985=CARTESIAN_POINT('Origin',(0.,12.7,16.1443));
#9986=CARTESIAN_POINT('',(-2.63999999999999,12.7,14.7843));
#9987=CARTESIAN_POINT('',(-4.,12.7,16.1443));
#9988=CARTESIAN_POINT('Origin',(0.,12.7,14.7843));
#9989=CARTESIAN_POINT('Origin',(0.,12.7,26.7843));
#9990=CARTESIAN_POINT('',(-4.,12.7,26.1443));
#9991=CARTESIAN_POINT('',(4.,12.7,26.1443));
#9992=CARTESIAN_POINT('Origin',(0.,12.7,26.1443));
#9993=CARTESIAN_POINT('Origin',(0.,12.7,26.1443));
#9994=CARTESIAN_POINT('',(3.36,12.7,26.7843));
#9995=CARTESIAN_POINT('',(3.36,12.7,26.7843));
#9996=CARTESIAN_POINT('Origin',(0.,12.7,26.7843));
#9997=CARTESIAN_POINT('Origin',(0.,12.7,14.7843));
#9998=CARTESIAN_POINT('',(-4.,12.7,14.7843));
#9999=CARTESIAN_POINT('Origin',(0.,12.7,14.7843));
#10000=CARTESIAN_POINT('Origin',(0.,12.7,26.7843));
#10001=CARTESIAN_POINT('',(2.30940107675851,12.7,26.7843));
#10002=CARTESIAN_POINT('',(1.15470053837925,14.7,26.7843));
#10003=CARTESIAN_POINT('Origin',(0.,12.7,26.7843));
#10004=CARTESIAN_POINT('',(1.15470053837925,10.7,26.7843));
#10005=CARTESIAN_POINT('Origin',(0.,12.7,26.7843));
#10006=CARTESIAN_POINT('',(-1.15470053837925,10.7,26.7843));
#10007=CARTESIAN_POINT('Origin',(0.,12.7,26.7843));
#10008=CARTESIAN_POINT('',(-2.30940107675851,12.7,26.7843));
#10009=CARTESIAN_POINT('Origin',(0.,12.7,26.7843));
#10010=CARTESIAN_POINT('',(-1.15470053837925,14.7,26.7843));
#10011=CARTESIAN_POINT('Origin',(0.,12.7,26.7843));
#10012=CARTESIAN_POINT('Origin',(0.,12.7,26.7843));
#10013=CARTESIAN_POINT('Origin',(0.,12.7,26.7843));
#10014=CARTESIAN_POINT('Ctrl Pts',(1.15470053838532,14.7,26.784300000003));
#10015=CARTESIAN_POINT('Ctrl Pts',(2.99760216648792E-15,14.7,26.2069497308081));
#10016=CARTESIAN_POINT('Ctrl Pts',(-1.15470053838531,14.7,26.784300000003));
#10017=CARTESIAN_POINT('Origin',(0.,12.7,26.7843));
#10018=CARTESIAN_POINT('Ctrl Pts',(-1.15470053837622,14.7000000000052,26.784300000003));
#10019=CARTESIAN_POINT('Ctrl Pts',(-1.73205080756888,13.7,26.2069497308081));
#10020=CARTESIAN_POINT('Ctrl Pts',(-2.30940107676153,12.6999999999948,26.784300000003));
#10021=CARTESIAN_POINT('Origin',(0.,12.7,26.7843));
#10022=CARTESIAN_POINT('Ctrl Pts',(-2.30940107676153,12.7000000000052,26.784300000003));
#10023=CARTESIAN_POINT('Ctrl Pts',(-1.73205080756888,11.7,26.2069497308081));
#10024=CARTESIAN_POINT('Ctrl Pts',(-1.15470053837622,10.6999999999948,26.784300000003));
#10025=CARTESIAN_POINT('Origin',(0.,12.7,26.7843));
#10026=CARTESIAN_POINT('Ctrl Pts',(-1.15470053838531,10.7,26.784300000003));
#10027=CARTESIAN_POINT('Ctrl Pts',(-1.38777878078145E-15,10.7,26.2069497308081));
#10028=CARTESIAN_POINT('Ctrl Pts',(1.15470053838531,10.7,26.784300000003));
#10029=CARTESIAN_POINT('Origin',(0.,12.7,26.7843));
#10030=CARTESIAN_POINT('Ctrl Pts',(1.15470053837622,10.6999999999948,26.784300000003));
#10031=CARTESIAN_POINT('Ctrl Pts',(1.73205080756888,11.7,26.2069497308081));
#10032=CARTESIAN_POINT('Ctrl Pts',(2.30940107676153,12.7000000000052,26.784300000003));
#10033=CARTESIAN_POINT('Origin',(0.,12.7,26.7843));
#10034=CARTESIAN_POINT('Ctrl Pts',(2.30940107676153,12.6999999999948,26.784300000003));
#10035=CARTESIAN_POINT('Ctrl Pts',(1.73205080756888,13.7,26.2069497308081));
#10036=CARTESIAN_POINT('Ctrl Pts',(1.15470053837622,14.7000000000052,26.784300000003));
#10037=CARTESIAN_POINT('Origin',(0.,0.,24.7843));
#10038=CARTESIAN_POINT('',(2.3094010767585,12.7,24.7843));
#10039=CARTESIAN_POINT('',(1.15470053837925,14.7,24.7843));
#10040=CARTESIAN_POINT('',(2.3094010767585,12.7,24.7843));
#10041=CARTESIAN_POINT('',(-1.15470053837925,14.7,24.7843));
#10042=CARTESIAN_POINT('',(1.15470053837925,14.7,24.7843));
#10043=CARTESIAN_POINT('',(-2.3094010767585,12.7,24.7843));
#10044=CARTESIAN_POINT('',(-1.15470053837925,14.7,24.7843));
#10045=CARTESIAN_POINT('',(-1.15470053837925,10.7,24.7843));
#10046=CARTESIAN_POINT('',(-2.3094010767585,12.7,24.7843));
#10047=CARTESIAN_POINT('',(1.15470053837925,10.7,24.7843));
#10048=CARTESIAN_POINT('',(-1.15470053837925,10.7,24.7843));
#10049=CARTESIAN_POINT('',(1.15470053837925,10.7,24.7843));
#10050=CARTESIAN_POINT('Origin',(1.15470053837925,14.7,24.7843));
#10051=CARTESIAN_POINT('',(1.15470053837925,14.7,24.7843));
#10052=CARTESIAN_POINT('',(-1.15470053837925,14.7,24.7843));
#10053=CARTESIAN_POINT('Origin',(-1.15470053837925,14.7,24.7843));
#10054=CARTESIAN_POINT('',(-2.3094010767585,12.7,24.7843));
#10055=CARTESIAN_POINT('Origin',(-2.3094010767585,12.7,24.7843));
#10056=CARTESIAN_POINT('',(-1.15470053837925,10.7,24.7843));
#10057=CARTESIAN_POINT('Origin',(-1.15470053837925,10.7,24.7843));
#10058=CARTESIAN_POINT('',(1.15470053837925,10.7,24.7843));
#10059=CARTESIAN_POINT('Origin',(1.15470053837925,10.7,24.7843));
#10060=CARTESIAN_POINT('',(2.3094010767585,12.7,24.7843));
#10061=CARTESIAN_POINT('Origin',(2.3094010767585,12.7,24.7843));
#10062=CARTESIAN_POINT('',(0.,0.,0.));
#10063=CARTESIAN_POINT('',(0.,0.,0.));
#10064=CARTESIAN_POINT('',(0.,0.,0.));
#10065=CARTESIAN_POINT('Origin',(0.,12.7,26.7843));
#10066=CARTESIAN_POINT('',(3.28013083196299E-15,16.7,26.7843));
#10067=CARTESIAN_POINT('',(4.,12.7,26.4839333651556));
#10068=CARTESIAN_POINT('Ctrl Pts',(4.,12.7,26.4839333651556));
#10069=CARTESIAN_POINT('Ctrl Pts',(4.,13.2030624070092,26.4839333651556));
#10070=CARTESIAN_POINT('Ctrl Pts',(3.89930853599772,13.7391336358344,26.499747847277));
#10071=CARTESIAN_POINT('Ctrl Pts',(3.4908619469498,14.7244231586402,26.5566399509228));
#10072=CARTESIAN_POINT('Ctrl Pts',(3.18314731116262,15.1737069383298,26.596870963708));
#10073=CARTESIAN_POINT('Ctrl Pts',(2.47371301417328,15.8831412353191,26.672208596762));
#10074=CARTESIAN_POINT('Ctrl Pts',(2.0244266123116,16.1908606370059,26.7122429431711));
#10075=CARTESIAN_POINT('Ctrl Pts',(1.03912813401348,16.5993106949911,26.7686839212379));
#10076=CARTESIAN_POINT('Ctrl Pts',(0.503053790278046,16.7,26.7843));
#10077=CARTESIAN_POINT('Ctrl Pts',(-1.11022302462516E-15,16.7,26.7843));
#10078=CARTESIAN_POINT('',(-1.36250960696383E-15,8.7,26.7843));
#10079=CARTESIAN_POINT('Ctrl Pts',(-9.71445146547012E-16,16.7,26.7843));
#10080=CARTESIAN_POINT('Ctrl Pts',(-0.503053790278048,16.7,26.7843));
#10081=CARTESIAN_POINT('Ctrl Pts',(-1.03912813401349,16.5993106949911,26.7686839212379));
#10082=CARTESIAN_POINT('Ctrl Pts',(-2.0244266123116,16.1908606370059,26.7122429431711));
#10083=CARTESIAN_POINT('Ctrl Pts',(-2.47371301417329,15.8831412353191,26.672208596762));
#10084=CARTESIAN_POINT('Ctrl Pts',(-3.18314731116262,15.1737069383298,26.596870963708));
#10085=CARTESIAN_POINT('Ctrl Pts',(-3.4908619469498,14.7244231586402,26.5566399509228));
#10086=CARTESIAN_POINT('Ctrl Pts',(-3.89930853599772,13.7391336358344,26.499747847277));
#10087=CARTESIAN_POINT('Ctrl Pts',(-4.,13.2030624070092,26.4839333651556));
#10088=CARTESIAN_POINT('Ctrl Pts',(-4.,12.1969375929908,26.4839333651556));
#10089=CARTESIAN_POINT('Ctrl Pts',(-3.89930853599772,11.6608663641656,26.499747847277));
#10090=CARTESIAN_POINT('Ctrl Pts',(-3.4908619469498,10.6755768413598,26.5566399509228));
#10091=CARTESIAN_POINT('Ctrl Pts',(-3.18314731116262,10.2262930616702,26.596870963708));
#10092=CARTESIAN_POINT('Ctrl Pts',(-2.47371301417328,9.5168587646809,26.672208596762));
#10093=CARTESIAN_POINT('Ctrl Pts',(-2.0244266123116,9.20913936299413,26.7122429431711));
#10094=CARTESIAN_POINT('Ctrl Pts',(-1.03912813401348,8.80068930500895,26.7686839212379));
#10095=CARTESIAN_POINT('Ctrl Pts',(-0.503053790278046,8.7,26.7843));
#10096=CARTESIAN_POINT('Ctrl Pts',(8.32667268468867E-16,8.7,26.7843));
#10097=CARTESIAN_POINT('Ctrl Pts',(8.32667268468867E-16,8.7,26.7843));
#10098=CARTESIAN_POINT('Ctrl Pts',(0.503053790278048,8.7,26.7843));
#10099=CARTESIAN_POINT('Ctrl Pts',(1.03912813401348,8.80068930500895,26.7686839212379));
#10100=CARTESIAN_POINT('Ctrl Pts',(2.0244266123116,9.20913936299413,26.7122429431711));
#10101=CARTESIAN_POINT('Ctrl Pts',(2.47371301417329,9.5168587646809,26.672208596762));
#10102=CARTESIAN_POINT('Ctrl Pts',(3.18314731116262,10.2262930616702,26.596870963708));
#10103=CARTESIAN_POINT('Ctrl Pts',(3.4908619469498,10.6755768413598,26.5566399509228));
#10104=CARTESIAN_POINT('Ctrl Pts',(3.89930853599772,11.6608663641656,26.499747847277));
#10105=CARTESIAN_POINT('Ctrl Pts',(4.,12.1969375929908,26.4839333651556));
#10106=CARTESIAN_POINT('Ctrl Pts',(4.,12.7,26.4839333651556));
#10107=CARTESIAN_POINT('',(4.,12.7,6.92820323027551));
#10108=CARTESIAN_POINT('',(4.,12.7,26.7843));
#10109=CARTESIAN_POINT('',(2.5,9.57750100080079,7.59934207678533));
#10110=CARTESIAN_POINT('Ctrl Pts',(4.,12.7,6.92820323027551));
#10111=CARTESIAN_POINT('Ctrl Pts',(4.,12.186779732158,6.92820323027551));
#10112=CARTESIAN_POINT('Ctrl Pts',(3.89554233790704,11.6474455949469,6.99130174381174));
#10113=CARTESIAN_POINT('Ctrl Pts',(3.4849148389449,10.6656705619687,7.20478404984272));
#10114=CARTESIAN_POINT('Ctrl Pts',(3.17902331252414,10.2221690630318,7.35080187019535));
#10115=CARTESIAN_POINT('Ctrl Pts',(2.72643106561811,9.76957681612572,7.52186566028525));
#10116=CARTESIAN_POINT('Ctrl Pts',(2.61669370740691,9.6709307404395,7.56095266549557));
#10117=CARTESIAN_POINT('Ctrl Pts',(2.5,9.5775010008008,7.59934207678533));
#10118=CARTESIAN_POINT('',(2.5,9.5775010008008,9.89934207678533));
#10119=CARTESIAN_POINT('',(2.5,9.5775010008008,26.7843));
#10120=CARTESIAN_POINT('',(-2.5,9.5775010008008,9.89934207678533));
#10121=CARTESIAN_POINT('Origin',(0.,12.7,9.89934207678533));
#10122=CARTESIAN_POINT('',(-2.5,9.5775010008008,7.59934207678533));
#10123=CARTESIAN_POINT('',(-2.5,9.5775010008008,26.7843));
#10124=CARTESIAN_POINT('',(-2.5,15.8224989991992,7.59934207678533));
#10125=CARTESIAN_POINT('Ctrl Pts',(-2.5,15.8224989991992,7.59934207678533));
#10126=CARTESIAN_POINT('Ctrl Pts',(-2.61669370740691,15.7290692595605,7.56095266549557));
#10127=CARTESIAN_POINT('Ctrl Pts',(-2.72643106561811,15.6304231838743,7.52186566028525));
#10128=CARTESIAN_POINT('Ctrl Pts',(-3.17902331252414,15.1778309369682,7.35080187019535));
#10129=CARTESIAN_POINT('Ctrl Pts',(-3.4849148389449,14.7343294380313,7.20478404984272));
#10130=CARTESIAN_POINT('Ctrl Pts',(-3.89554233790704,13.7525544050531,6.99130174381174));
#10131=CARTESIAN_POINT('Ctrl Pts',(-4.,13.213220267842,6.92820323027551));
#10132=CARTESIAN_POINT('Ctrl Pts',(-4.,12.186779732158,6.92820323027551));
#10133=CARTESIAN_POINT('Ctrl Pts',(-3.89554233790704,11.6474455949469,6.99130174381174));
#10134=CARTESIAN_POINT('Ctrl Pts',(-3.48491483894491,10.6656705619687,7.20478404984272));
#10135=CARTESIAN_POINT('Ctrl Pts',(-3.17902331252414,10.2221690630318,7.35080187019535));
#10136=CARTESIAN_POINT('Ctrl Pts',(-2.72643106561811,9.76957681612573,7.52186566028525));
#10137=CARTESIAN_POINT('Ctrl Pts',(-2.61669370740691,9.6709307404395,7.56095266549557));
#10138=CARTESIAN_POINT('Ctrl Pts',(-2.5,9.5775010008008,7.59934207678533));
#10139=CARTESIAN_POINT('',(-2.5,15.8224989991992,9.89934207678533));
#10140=CARTESIAN_POINT('',(-2.5,15.8224989991992,26.7843));
#10141=CARTESIAN_POINT('',(2.5,15.8224989991992,9.89934207678533));
#10142=CARTESIAN_POINT('Origin',(0.,12.7,9.89934207678533));
#10143=CARTESIAN_POINT('',(2.5,15.8224989991992,7.59934207678533));
#10144=CARTESIAN_POINT('',(2.5,15.8224989991992,26.7843));
#10145=CARTESIAN_POINT('Ctrl Pts',(2.5,15.8224989991992,7.59934207678533));
#10146=CARTESIAN_POINT('Ctrl Pts',(2.61669370740691,15.7290692595605,7.56095266549557));
#10147=CARTESIAN_POINT('Ctrl Pts',(2.72643106561811,15.6304231838743,7.52186566028525));
#10148=CARTESIAN_POINT('Ctrl Pts',(3.17902331252414,15.1778309369682,7.35080187019535));
#10149=CARTESIAN_POINT('Ctrl Pts',(3.4849148389449,14.7343294380313,7.20478404984272));
#10150=CARTESIAN_POINT('Ctrl Pts',(3.89554233790704,13.7525544050531,6.99130174381174));
#10151=CARTESIAN_POINT('Ctrl Pts',(4.,13.213220267842,6.92820323027551));
#10152=CARTESIAN_POINT('Ctrl Pts',(4.,12.7,6.92820323027551));
#10153=CARTESIAN_POINT('Origin',(1.12351845600036E-31,23.8125,1.12351845600036E-31));
#10154=CARTESIAN_POINT('',(-3.28013072624025E-15,23.8125,26.7843));
#10155=CARTESIAN_POINT('Origin',(0.,23.8125,0.));
#10156=CARTESIAN_POINT('',(-2.98290134014393E-15,25.4,25.1968));
#10157=CARTESIAN_POINT('',(-3.28013072624025E-15,23.8125,26.7843));
#10158=CARTESIAN_POINT('Origin',(1.02816706731675E-16,25.4,1.02816706731675E-16));
#10159=CARTESIAN_POINT('Origin',(2.42351538793036,-11.811,-15.8816517848259));
#10160=CARTESIAN_POINT('',(2.2319331438252,-11.811,-14.6261852405709));
#10161=CARTESIAN_POINT('',(3.52336765073658,-11.811,-15.2466517848259));
#10162=CARTESIAN_POINT('Origin',(2.42351538793036,-11.811,-15.8816517848259));
#10163=CARTESIAN_POINT('',(3.52336765073658,-0.79375,-15.2466517848259));
#10164=CARTESIAN_POINT('',(3.52336765073657,-11.811,-15.2466517848259));
#10165=CARTESIAN_POINT('',(2.42351538773531,-0.79375,-14.6116517848259));
#10166=CARTESIAN_POINT('Origin',(2.42351538793035,-0.79375,-15.8816517848259));
#10167=CARTESIAN_POINT('',(2.23193314382519,-0.79375,-14.6261852405709));
#10168=CARTESIAN_POINT('Origin',(2.42351538793043,-0.79375,-15.8816517848266));
#10169=CARTESIAN_POINT('',(2.2319331438252,-11.811,-14.6261852405709));
#10170=CARTESIAN_POINT('Origin',(-2.4235153879333,-11.811,-15.8816517848255));
#10171=CARTESIAN_POINT('',(-3.52336765073955,-11.811,-15.2466517848255));
#10172=CARTESIAN_POINT('',(-2.2319331438279,-11.811,-14.6261852405705));
#10173=CARTESIAN_POINT('Origin',(-2.4235153879333,-11.811,-15.8816517848255));
#10174=CARTESIAN_POINT('',(-2.23193314382789,-0.79375,-14.6261852405705));
#10175=CARTESIAN_POINT('',(-2.2319331438279,-11.811,-14.6261852405705));
#10176=CARTESIAN_POINT('',(-2.42351539143796,-0.79375,-14.6116517848255));
#10177=CARTESIAN_POINT('Origin',(-2.4235153879333,-0.79375,-15.8816517848255));
#10178=CARTESIAN_POINT('',(-3.52336765073955,-0.793749999999998,-15.2466517848255));
#10179=CARTESIAN_POINT('Origin',(-2.4235153879333,-0.79375,-15.8816517848255));
#10180=CARTESIAN_POINT('',(-3.52336765073956,-11.811,-15.2466517848255));
#10181=CARTESIAN_POINT('Origin',(0.,25.4,0.));
#10182=CARTESIAN_POINT('',(2.5,23.8125,7.59934207678533));
#10183=CARTESIAN_POINT('',(-2.5,23.8125,7.59934207678533));
#10184=CARTESIAN_POINT('Origin',(0.,23.8125,0.));
#10185=CARTESIAN_POINT('',(-2.5,25.4,7.59934207678533));
#10186=CARTESIAN_POINT('',(-2.5,0.,7.59934207678533));
#10187=CARTESIAN_POINT('',(-2.5,25.4,7.59934207678533));
#10188=CARTESIAN_POINT('',(2.5,0.,7.59934207678533));
#10189=CARTESIAN_POINT('Origin',(0.,0.,0.));
#10190=CARTESIAN_POINT('',(2.5,25.4,7.59934207678533));
#10191=CARTESIAN_POINT('',(2.5,25.4,7.59934207678533));
#10192=CARTESIAN_POINT('Origin',(0.,25.4,0.));
#10193=CARTESIAN_POINT('',(8.7249,-11.811,-25.3234051122672));
#10194=CARTESIAN_POINT('',(-8.7249,-11.811,-25.3234051122672));
#10195=CARTESIAN_POINT('Origin',(0.,-11.811,0.));
#10196=CARTESIAN_POINT('',(-8.72490000000004,-0.79375,-25.3234051122672));
#10197=CARTESIAN_POINT('',(-8.72489999999999,25.4,-25.3234051122672));
#10198=CARTESIAN_POINT('',(-9.51865000000003,0.,-25.0358548619275));
#10199=CARTESIAN_POINT('Ctrl Pts',(-8.72490000000006,-0.793750000000002,
-25.3234051122672));
#10200=CARTESIAN_POINT('Ctrl Pts',(-8.72490000000006,-0.6928112295752,-25.3234051122672));
#10201=CARTESIAN_POINT('Ctrl Pts',(-8.74536094167514,-0.585689992988133,
-25.3163831537524));
#10202=CARTESIAN_POINT('Ctrl Pts',(-8.82700767718546,-0.390146456885924,
-25.288031348175));
#10203=CARTESIAN_POINT('Ctrl Pts',(-8.88815562909191,-0.301712355774506,
-25.2666739416197));
#10204=CARTESIAN_POINT('Ctrl Pts',(-9.02931318718265,-0.160554797683763,
-25.2165829401512));
#10205=CARTESIAN_POINT('Ctrl Pts',(-9.1196002855143,-0.0995022200780074,
-25.1841711053741));
#10206=CARTESIAN_POINT('Ctrl Pts',(-9.31526672915462,-0.0192463550086599,
-25.1124548660712));
#10207=CARTESIAN_POINT('Ctrl Pts',(-9.42061948851742,-2.65179280588761E-17,
-25.0731261328016));
#10208=CARTESIAN_POINT('Ctrl Pts',(-9.51865000000005,1.92592994438724E-33,
-25.0358548619275));
#10209=CARTESIAN_POINT('',(-26.4410113158894,4.98732999343375E-16,4.274534721231));
#10210=CARTESIAN_POINT('Origin',(0.,0.,0.));
#10211=CARTESIAN_POINT('',(-26.2931621375481,-0.793749999999994,5.10571751065474));
#10212=CARTESIAN_POINT('Ctrl Pts',(-26.4410113158894,7.70371977754894E-32,
4.27453472123103));
#10213=CARTESIAN_POINT('Ctrl Pts',(-26.4242739275564,3.33008567548468E-15,
4.37806726995804));
#10214=CARTESIAN_POINT('Ctrl Pts',(-26.4056572299851,-0.0192463550086579,
4.48896980255982));
#10215=CARTESIAN_POINT('Ctrl Pts',(-26.3699320932651,-0.0995022200780057,
4.69428003307193));
#10216=CARTESIAN_POINT('Ctrl Pts',(-26.3528580163996,-0.160554797683763,
4.78867687124969));
#10217=CARTESIAN_POINT('Ctrl Pts',(-26.3256593171269,-0.301712355774506,
4.9359684032267));
#10218=CARTESIAN_POINT('Ctrl Pts',(-26.3135813978095,-0.390146456885924,
4.99960278624472));
#10219=CARTESIAN_POINT('Ctrl Pts',(-26.2973114139275,-0.585689992988134,
5.0844868361214));
#10220=CARTESIAN_POINT('Ctrl Pts',(-26.2931621375481,-0.6928112295752,5.10571751065477));
#10221=CARTESIAN_POINT('Ctrl Pts',(-26.2931621375481,-0.793750000000002,
5.10571751065477));
#10222=CARTESIAN_POINT('',(-26.2931621375481,-11.811,5.10571751065475));
#10223=CARTESIAN_POINT('',(-26.2931621375481,25.4,5.10571751065475));
#10224=CARTESIAN_POINT('',(-17.5682621375481,-11.811,20.2176876016124));
#10225=CARTESIAN_POINT('Origin',(0.,-11.811,0.));
#10226=CARTESIAN_POINT('',(-17.5682621375481,-0.79375,20.2176876016124));
#10227=CARTESIAN_POINT('',(-17.5682621375481,25.4,20.2176876016124));
#10228=CARTESIAN_POINT('',(-16.9223613158894,0.,20.7613201406965));
#10229=CARTESIAN_POINT('Ctrl Pts',(-17.5682621375481,-0.793750000000002,
20.2176876016124));
#10230=CARTESIAN_POINT('Ctrl Pts',(-17.5682621375481,-0.6928112295752,20.2176876016124));
#10231=CARTESIAN_POINT('Ctrl Pts',(-17.5519504722525,-0.585689992988129,
20.231896317631));
#10232=CARTESIAN_POINT('Ctrl Pts',(-17.4865737206242,-0.39014645688592,
20.2884285619304));
#10233=CARTESIAN_POINT('Ctrl Pts',(-17.4375036880351,-0.301712355774506,
20.3307055383931));
#10234=CARTESIAN_POINT('Ctrl Pts',(-17.323544829217,-0.160554797683763,
20.4279060689016));
#10235=CARTESIAN_POINT('Ctrl Pts',(-17.2503318077509,-0.099502220078004,
20.4898910723022));
#10236=CARTESIAN_POINT('Ctrl Pts',(-17.0903905008306,-0.0192463550086571,
20.6234850635115));
#10237=CARTESIAN_POINT('Ctrl Pts',(-17.003654439039,3.70720233390128E-16,
20.6950588628436));
#10238=CARTESIAN_POINT('Ctrl Pts',(-16.9223613158894,-6.16297582203915E-32,
20.7613201406965));
#10239=CARTESIAN_POINT('',(-3.28013072624025E-15,0.,26.7843));
#10240=CARTESIAN_POINT('Origin',(0.,0.,0.));
#10241=CARTESIAN_POINT('',(-3.28013072624025E-15,25.4,26.7843));
#10242=CARTESIAN_POINT('',(-3.28013072624025E-15,25.4,26.7843));
#10243=CARTESIAN_POINT('',(16.9223613158894,-2.71050543121369E-16,20.7613201406965));
#10244=CARTESIAN_POINT('Origin',(0.,0.,0.));
#10245=CARTESIAN_POINT('',(17.5682621375481,-0.79375,20.2176876016124));
#10246=CARTESIAN_POINT('Ctrl Pts',(16.9223613158894,3.08148791101958E-32,
20.7613201406965));
#10247=CARTESIAN_POINT('Ctrl Pts',(17.0036544390391,1.85134133707015E-15,
20.6950588628436));
#10248=CARTESIAN_POINT('Ctrl Pts',(17.0903905008306,-0.0192463550086595,
20.6234850635114));
#10249=CARTESIAN_POINT('Ctrl Pts',(17.2503318077509,-0.099502220078009,
20.4898910723022));
#10250=CARTESIAN_POINT('Ctrl Pts',(17.323544829217,-0.160554797683763,20.4279060689016));
#10251=CARTESIAN_POINT('Ctrl Pts',(17.4375036880351,-0.301712355774506,
20.3307055383931));
#10252=CARTESIAN_POINT('Ctrl Pts',(17.4865737206242,-0.390146456885926,
20.2884285619303));
#10253=CARTESIAN_POINT('Ctrl Pts',(17.5519504722525,-0.585689992988135,
20.231896317631));
#10254=CARTESIAN_POINT('Ctrl Pts',(17.5682621375481,-0.6928112295752,20.2176876016124));
#10255=CARTESIAN_POINT('Ctrl Pts',(17.5682621375481,-0.793750000000002,
20.2176876016124));
#10256=CARTESIAN_POINT('',(17.5682621375481,-11.811,20.2176876016124));
#10257=CARTESIAN_POINT('',(17.5682621375481,25.4,20.2176876016124));
#10258=CARTESIAN_POINT('',(26.2931621375481,-11.811,5.10571751065475));
#10259=CARTESIAN_POINT('Origin',(0.,-11.811,0.));
#10260=CARTESIAN_POINT('',(26.2931621375481,-0.79375,5.10571751065476));
#10261=CARTESIAN_POINT('',(26.2931621375481,25.4,5.10571751065476));
#10262=CARTESIAN_POINT('',(26.4410113158894,0.,4.27453472123101));
#10263=CARTESIAN_POINT('Ctrl Pts',(26.2931621375481,-0.793750000000002,
5.10571751065477));
#10264=CARTESIAN_POINT('Ctrl Pts',(26.2931621375481,-0.6928112295752,5.10571751065477));
#10265=CARTESIAN_POINT('Ctrl Pts',(26.2973114139275,-0.585689992988134,
5.0844868361214));
#10266=CARTESIAN_POINT('Ctrl Pts',(26.3135813978095,-0.390146456885924,
4.99960278624472));
#10267=CARTESIAN_POINT('Ctrl Pts',(26.3256593171269,-0.301712355774506,
4.9359684032267));
#10268=CARTESIAN_POINT('Ctrl Pts',(26.3528580163996,-0.160554797683763,
4.78867687124969));
#10269=CARTESIAN_POINT('Ctrl Pts',(26.3699320932651,-0.0995022200780057,
4.69428003307193));
#10270=CARTESIAN_POINT('Ctrl Pts',(26.4056572299851,-0.0192463550086581,
4.48896980255982));
#10271=CARTESIAN_POINT('Ctrl Pts',(26.4242739275564,1.95980476462572E-16,
4.37806726995804));
#10272=CARTESIAN_POINT('Ctrl Pts',(26.4410113158894,4.62223186652937E-32,
4.27453472123103));
#10273=CARTESIAN_POINT('',(9.51864999999999,-3.19839640883478E-16,-25.0358548619275));
#10274=CARTESIAN_POINT('Origin',(0.,0.,0.));
#10275=CARTESIAN_POINT('',(8.7249,-0.79375,-25.3234051122672));
#10276=CARTESIAN_POINT('Ctrl Pts',(9.51865000000005,-1.34815096107107E-32,
-25.0358548619275));
#10277=CARTESIAN_POINT('Ctrl Pts',(9.42061948851742,-7.4897818557882E-15,
-25.0731261328016));
#10278=CARTESIAN_POINT('Ctrl Pts',(9.31526672915462,-0.0192463550086599,
-25.1124548660712));
#10279=CARTESIAN_POINT('Ctrl Pts',(9.1196002855143,-0.0995022200780074,
-25.1841711053741));
#10280=CARTESIAN_POINT('Ctrl Pts',(9.02931318718265,-0.160554797683763,
-25.2165829401512));
#10281=CARTESIAN_POINT('Ctrl Pts',(8.88815562909191,-0.301712355774506,
-25.2666739416197));
#10282=CARTESIAN_POINT('Ctrl Pts',(8.82700767718546,-0.390146456885924,
-25.288031348175));
#10283=CARTESIAN_POINT('Ctrl Pts',(8.74536094167514,-0.585689992988134,
-25.3163831537524));
#10284=CARTESIAN_POINT('Ctrl Pts',(8.72490000000006,-0.6928112295752,-25.3234051122672));
#10285=CARTESIAN_POINT('Ctrl Pts',(8.72490000000006,-0.793750000000002,
-25.3234051122672));
#10286=CARTESIAN_POINT('',(8.7249,25.4,-25.3234051122672));
#10287=CARTESIAN_POINT('Origin',(-2.5,25.4,9.89934207678533));
#10288=CARTESIAN_POINT('',(-2.5,25.4,9.25581742743449));
#10289=CARTESIAN_POINT('Ctrl Pts',(-2.5,23.8125,7.59934207678536));
#10290=CARTESIAN_POINT('Ctrl Pts',(-2.5,24.5282425916869,8.35282055895384));
#10291=CARTESIAN_POINT('Ctrl Pts',(-2.5,25.3999999999927,9.25581742742694));
#10292=CARTESIAN_POINT('',(-2.5,25.4,9.89934207678533));
#10293=CARTESIAN_POINT('',(-2.5,25.4,9.89934207678533));
#10294=CARTESIAN_POINT('',(-2.5,25.4,9.89934207678533));
#10295=CARTESIAN_POINT('Origin',(-2.5,25.4,9.89934207678533));
#10296=CARTESIAN_POINT('',(-2.5,0.,9.89934207678533));
#10297=CARTESIAN_POINT('',(-2.5,25.4,9.89934207678533));
#10298=CARTESIAN_POINT('',(-2.5,0.,9.89934207678533));
#10299=CARTESIAN_POINT('Origin',(-2.5,25.4,9.89934207678533));
#10300=CARTESIAN_POINT('',(2.5,0.,9.89934207678533));
#10301=CARTESIAN_POINT('',(2.5,25.4,9.89934207678533));
#10302=CARTESIAN_POINT('',(-2.5,0.,9.89934207678533));
#10303=CARTESIAN_POINT('Origin',(2.5,25.4,9.89934207678533));
#10304=CARTESIAN_POINT('',(2.5,0.,9.89934207678533));
#10305=CARTESIAN_POINT('Origin',(2.5,25.4,9.89934207678533));
#10306=CARTESIAN_POINT('',(2.5,25.4,9.89934207678533));
#10307=CARTESIAN_POINT('',(2.5,25.4,9.89934207678533));
#10308=CARTESIAN_POINT('',(2.5,25.4,9.25581742743449));
#10309=CARTESIAN_POINT('',(2.5,25.4,9.89934207678533));
#10310=CARTESIAN_POINT('Ctrl Pts',(2.5,25.3999999999927,9.2558174274269));
#10311=CARTESIAN_POINT('Ctrl Pts',(2.5,24.5282425916869,8.35282055895381));
#10312=CARTESIAN_POINT('Ctrl Pts',(2.5,23.8125,7.59934207678533));
#10313=CARTESIAN_POINT('Origin',(7.7089,-11.811,-24.5282064704733));
#10314=CARTESIAN_POINT('Origin',(0.,-11.811,0.));
#10315=CARTESIAN_POINT('',(-8.58878181024499,-11.811,-24.0202064704677));
#10316=CARTESIAN_POINT('',(-8.58878181024499,-11.811,-24.0202064704677));
#10317=CARTESIAN_POINT('',(-8.7249,-11.811,-24.5282064704677));
#10318=CARTESIAN_POINT('Origin',(-7.7089,-11.811,-24.5282064704677));
#10319=CARTESIAN_POINT('',(-8.7249,-11.811,-24.5282064704733));
#10320=CARTESIAN_POINT('',(8.7249,-11.811,-24.5282064704733));
#10321=CARTESIAN_POINT('',(8.7249,-11.811,-24.5282064704733));
#10322=CARTESIAN_POINT('',(8.58878181024499,-11.811,-24.0202064704733));
#10323=CARTESIAN_POINT('Origin',(7.7089,-11.811,-24.5282064704733));
#10324=CARTESIAN_POINT('',(3.52336765073658,-11.811,-15.2466517848259));
#10325=CARTESIAN_POINT('Origin',(8.7249,-11.811,-24.5282064704733));
#10326=CARTESIAN_POINT('',(8.72490000000002,-0.79375,-24.5282064704733));
#10327=CARTESIAN_POINT('',(8.7249,-0.79375,-24.5282064704733));
#10328=CARTESIAN_POINT('',(8.7249,-11.811,-24.5282064704733));
#10329=CARTESIAN_POINT('Origin',(9.51865,-0.79375,2.07649067123101E-14));
#10330=CARTESIAN_POINT('',(9.51865000000002,-2.71050543121376E-17,-24.5282064704733));
#10331=CARTESIAN_POINT('',(9.51864999999995,-6.50521303491303E-16,2.076490671231E-14));
#10332=CARTESIAN_POINT('Origin',(9.51865000000005,-0.79375,-24.5282064704733));
#10333=CARTESIAN_POINT('Origin',(0.,0.,0.));
#10334=CARTESIAN_POINT('',(-16.4827249126949,7.94287171861801E-16,20.5074959449666));
#10335=CARTESIAN_POINT('',(-16.4827249126949,0.,20.5074959449666));
#10336=CARTESIAN_POINT('',(-15.820310438196,2.15648802555726E-16,19.8450814704677));
#10337=CARTESIAN_POINT('Origin',(-17.3875999126948,-2.49366499671666E-15,
18.9402064704678));
#10338=CARTESIAN_POINT('',(-10.7548962786906,2.98155597433514E-16,11.0715267848255));
#10339=CARTESIAN_POINT('',(-10.7548962786906,0.,11.0715267848255));
#10340=CARTESIAN_POINT('',(-10.9310096575811,6.58877802449181E-17,8.74997319586569));
#10341=CARTESIAN_POINT('Origin',(-12.5421562057507,4.33680868994202E-16,
10.0396517848255));
#10342=CARTESIAN_POINT('',(-13.0432038988422,4.5746475064359E-17,5.09154545454786));
#10343=CARTESIAN_POINT('Origin',(6.41847686111419E-14,-6.50521303491303E-16,
-4.16333634234434E-14));
#10344=CARTESIAN_POINT('',(-14.9656715936829,2.71050543121376E-16,3.77825000000277));
#10345=CARTESIAN_POINT('Origin',(-14.9656715936829,3.25260651745651E-16,
5.84200000000276));
#10346=CARTESIAN_POINT('',(-25.0964999126997,1.04845321425069E-16,3.77825000000277));
#10347=CARTESIAN_POINT('',(0.,0.,3.77825000000277));
#10348=CARTESIAN_POINT('',(-26.0013749126997,1.06036953366328E-16,4.02071052550387));
#10349=CARTESIAN_POINT('Origin',(-25.0964999126997,-1.20346441145891E-14,
5.58800000000272));
#10350=CARTESIAN_POINT('',(-26.4410113158894,0.,4.274534721231));
#10351=CARTESIAN_POINT('',(-9.51865000000002,-5.16187663871368E-16,-24.5282064704677));
#10352=CARTESIAN_POINT('',(-9.51865,0.,0.));
#10353=CARTESIAN_POINT('',(-9.27618947449889,-2.3570489199903E-16,-23.6233314704677));
#10354=CARTESIAN_POINT('Origin',(-7.70889999999994,-4.55364912443912E-15,
-24.5282064704677));
#10355=CARTESIAN_POINT('',(-4.21077531499345,-2.71050543121376E-17,-14.8497767848255));
#10356=CARTESIAN_POINT('',(-4.21077531499344,0.,-14.8497767848255));
#10357=CARTESIAN_POINT('',(-2.42351539932371,-4.14947740957506E-19,-13.8178524819244));
#10358=CARTESIAN_POINT('Origin',(-2.42347269091785,-5.20927318075005E-19,
-15.881627132423));
#10359=CARTESIAN_POINT('',(-2.11219424126202,0.,-13.8415186504111));
#10360=CARTESIAN_POINT('Origin',(-2.42406476000431,-5.57047265196579E-17,
-15.8845792156804));
#10361=CARTESIAN_POINT('',(2.11219424125946,-1.0842021724855E-16,-13.8415186504115));
#10362=CARTESIAN_POINT('Origin',(1.47451495458029E-14,-5.42101086242752E-16,
6.41847686111419E-14));
#10363=CARTESIAN_POINT('',(2.4235153870851,-1.7082950796981E-20,-13.8178320736209));
#10364=CARTESIAN_POINT('Origin',(2.42419945948133,-1.42493439394992E-14,
-15.8845689226841));
#10365=CARTESIAN_POINT('',(4.21077531499049,-2.16840434497101E-17,-14.8497767848259));
#10366=CARTESIAN_POINT('Origin',(2.42345501735443,-5.55098697572931E-20,
-15.8816169273208));
#10367=CARTESIAN_POINT('',(9.27618947449889,1.8702487475375E-15,-23.6233314704733));
#10368=CARTESIAN_POINT('',(9.27618947449889,0.,-23.6233314704733));
#10369=CARTESIAN_POINT('Origin',(7.70890000000002,1.84314369322536E-15,
-24.5282064704733));
#10370=CARTESIAN_POINT('',(26.0013749126949,-6.23416249179165E-16,4.02071052550111));
#10371=CARTESIAN_POINT('',(26.0013749126949,0.,4.02071052550112));
#10372=CARTESIAN_POINT('',(25.0964999126949,-5.96311194867027E-16,3.77825));
#10373=CARTESIAN_POINT('Origin',(25.0964999126949,-1.19262238973405E-15,
5.58799999999998));
#10374=CARTESIAN_POINT('',(14.965671593684,-6.53046120860333E-17,3.77825000000001));
#10375=CARTESIAN_POINT('',(0.,0.,3.77825));
#10376=CARTESIAN_POINT('',(13.0432038988432,-6.36760579283431E-16,5.09154545454546));
#10377=CARTESIAN_POINT('Origin',(14.965671593684,-6.50521303491303E-16,
5.842));
#10378=CARTESIAN_POINT('',(10.9310096575828,-7.0773118097226E-16,8.74997319586366));
#10379=CARTESIAN_POINT('Origin',(1.50920942409982E-13,-1.95156391047391E-15,
7.28583859910259E-14));
#10380=CARTESIAN_POINT('',(10.7548962786924,2.16840434497101E-16,11.0715267848232));
#10381=CARTESIAN_POINT('Origin',(12.5421562057526,-2.16840434497101E-16,
10.0396517848232));
#10382=CARTESIAN_POINT('',(15.8203104382008,-1.30342587086394E-15,19.8450814704705));
#10383=CARTESIAN_POINT('',(15.8203104382008,0.,19.8450814704705));
#10384=CARTESIAN_POINT('',(16.4827249126998,-2.06355902354461E-15,20.5074959449694));
#10385=CARTESIAN_POINT('Origin',(17.3875999126998,-1.48535697630514E-14,
18.9402064704704));
#10386=CARTESIAN_POINT('',(16.9223613158894,0.,20.7613201406965));
#10387=CARTESIAN_POINT('Origin',(4.759325,-0.79375,-8.24339270973271));
#10388=CARTESIAN_POINT('',(25.6044999126949,-0.793749999999999,4.70811818975503));
#10389=CARTESIAN_POINT('Origin',(26.0013749126949,-0.79375,4.02071052550114));
#10390=CARTESIAN_POINT('',(4.36245,-0.79375,-7.55598504547881));
#10391=CARTESIAN_POINT('Origin',(26.2931621375481,-11.811,5.10571751065474));
#10392=CARTESIAN_POINT('',(25.6044999126949,-11.811,4.70811818975502));
#10393=CARTESIAN_POINT('',(25.6044999126949,-11.811,4.70811818975502));
#10394=CARTESIAN_POINT('',(26.2931621375481,-11.811,5.10571751065474));
#10395=CARTESIAN_POINT('Origin',(17.3875999126997,-11.811,18.9402064704705));
#10396=CARTESIAN_POINT('',(11.5506814068789,-11.811,9.24600342238657));
#10397=CARTESIAN_POINT('',(11.4423039429463,-11.811,10.6746517848232));
#10398=CARTESIAN_POINT('Origin',(12.5421562057526,-11.811,10.0396517848232));
#10399=CARTESIAN_POINT('',(13.782614550705,-11.811,5.38018181818182));
#10400=CARTESIAN_POINT('Origin',(0.,-11.811,0.));
#10401=CARTESIAN_POINT('',(14.965671593684,-11.811,4.572));
#10402=CARTESIAN_POINT('Origin',(14.965671593684,-11.811,5.842));
#10403=CARTESIAN_POINT('',(25.0964999126949,-11.811,4.572));
#10404=CARTESIAN_POINT('',(17.3875999126997,-11.811,4.572));
#10405=CARTESIAN_POINT('Origin',(25.0964999126949,-11.811,5.588));
#10406=CARTESIAN_POINT('',(16.8795999126997,-11.811,19.8200882807155));
#10407=CARTESIAN_POINT('',(16.8795999126997,-11.811,19.8200882807155));
#10408=CARTESIAN_POINT('',(16.5077181024547,-11.811,19.4482064704705));
#10409=CARTESIAN_POINT('Origin',(17.3875999126997,-11.811,18.9402064704705));
#10410=CARTESIAN_POINT('',(11.4423039429463,-11.811,10.6746517848232));
#10411=CARTESIAN_POINT('Origin',(16.8795999126997,-11.811,19.8200882807155));
#10412=CARTESIAN_POINT('',(16.8795999126997,-0.79375,19.8200882807155));
#10413=CARTESIAN_POINT('',(16.8795999126997,-0.79375,19.8200882807155));
#10414=CARTESIAN_POINT('',(16.8795999126997,-11.811,19.8200882807155));
#10415=CARTESIAN_POINT('Origin',(-4.759325,-0.79375,8.2433927097327));
#10416=CARTESIAN_POINT('Origin',(16.4827249126997,-0.79375,20.5074959449694));
#10417=CARTESIAN_POINT('Origin',(4.759325,-0.79375,8.24339270973274));
#10418=CARTESIAN_POINT('',(-16.8795999126949,-0.793749999999999,19.8200882807127));
#10419=CARTESIAN_POINT('Origin',(-16.4827249126949,-0.79375,20.5074959449666));
#10420=CARTESIAN_POINT('',(4.36245,-0.79375,7.55598504547884));
#10421=CARTESIAN_POINT('Origin',(-17.5682621375481,-11.811,20.2176876016124));
#10422=CARTESIAN_POINT('',(-16.8795999126949,-11.811,19.8200882807127));
#10423=CARTESIAN_POINT('',(-16.8795999126949,-11.811,19.8200882807127));
#10424=CARTESIAN_POINT('',(-17.5682621375481,-11.811,20.2176876016124));
#10425=CARTESIAN_POINT('Origin',(-25.0964999126997,-11.811,5.58800000000278));
#10426=CARTESIAN_POINT('',(-13.782614550704,-11.811,5.38018181818437));
#10427=CARTESIAN_POINT('',(-14.9656715936829,-11.811,4.57200000000277));
#10428=CARTESIAN_POINT('Origin',(-14.9656715936829,-11.811,5.84200000000277));
#10429=CARTESIAN_POINT('',(-11.5506814068771,-11.811,9.2460034223887));
#10430=CARTESIAN_POINT('Origin',(0.,-11.811,0.));
#10431=CARTESIAN_POINT('',(-11.4423039429445,-11.811,10.6746517848255));
#10432=CARTESIAN_POINT('Origin',(-12.5421562057507,-11.811,10.0396517848255));
#10433=CARTESIAN_POINT('',(-16.5077181024499,-11.811,19.4482064704677));
#10434=CARTESIAN_POINT('',(-16.5077181024499,-11.811,19.4482064704677));
#10435=CARTESIAN_POINT('Origin',(-17.3875999126949,-11.811,18.9402064704677));
#10436=CARTESIAN_POINT('',(-25.6044999126997,-11.811,4.70811818975779));
#10437=CARTESIAN_POINT('',(-25.6044999126997,-11.811,4.70811818975778));
#10438=CARTESIAN_POINT('',(-25.0964999126997,-11.811,4.57200000000277));
#10439=CARTESIAN_POINT('Origin',(-25.0964999126997,-11.811,5.58800000000278));
#10440=CARTESIAN_POINT('',(-25.0964999126997,-11.811,4.57200000000277));
#10441=CARTESIAN_POINT('Origin',(-25.6044999126997,-11.811,4.70811818975778));
#10442=CARTESIAN_POINT('',(-25.6044999126997,-0.793749999999998,4.70811818975779));
#10443=CARTESIAN_POINT('',(-25.6044999126997,-0.793749999999996,4.70811818975778));
#10444=CARTESIAN_POINT('',(-25.6044999126997,-11.811,4.70811818975778));
#10445=CARTESIAN_POINT('Origin',(-4.759325,-0.79375,-8.24339270973271));
#10446=CARTESIAN_POINT('Origin',(-26.0013749126997,-0.79375,4.02071052550391));
#10447=CARTESIAN_POINT('Origin',(-9.51865,-0.79375,2.07649067121657E-14));
#10448=CARTESIAN_POINT('',(-8.72490000000003,-0.79375,-24.5282064704677));
#10449=CARTESIAN_POINT('Origin',(-9.51865000000005,-0.79375,-24.5282064704677));
#10450=CARTESIAN_POINT('',(-8.7249,-0.79375,1.90333434439731E-14));
#10451=CARTESIAN_POINT('Origin',(-8.7249,-11.811,-25.3234051122672));
#10452=CARTESIAN_POINT('',(-8.7249,-11.811,-24.5282064704677));
#10453=CARTESIAN_POINT('Origin',(8.58878181024499,-11.811,-24.0202064704733));
#10454=CARTESIAN_POINT('',(8.58878181024499,-0.793749999999997,-24.0202064704733));
#10455=CARTESIAN_POINT('',(8.58878181024499,-11.811,-24.0202064704733));
#10456=CARTESIAN_POINT('',(8.58878181024499,-0.793749999999996,-24.0202064704733));
#10457=CARTESIAN_POINT('Origin',(0.,-11.811,0.));
#10458=CARTESIAN_POINT('Origin',(0.,-0.79375,0.));
#10459=CARTESIAN_POINT('Origin',(-8.58878181024499,-11.811,-24.0202064704677));
#10460=CARTESIAN_POINT('',(-8.58878181024499,-0.793749999999998,-24.0202064704677));
#10461=CARTESIAN_POINT('',(-8.58878181024499,-0.793749999999996,-24.0202064704677));
#10462=CARTESIAN_POINT('',(-8.58878181024499,-11.811,-24.0202064704677));
#10463=CARTESIAN_POINT('Origin',(7.7089,-11.811,-24.5282064704733));
#10464=CARTESIAN_POINT('Origin',(7.7089,-0.79375,-24.5282064704733));
#10465=CARTESIAN_POINT('Origin',(7.70890000000002,-0.793749999999997,-24.5282064704733));
#10466=CARTESIAN_POINT('Origin',(9.27618947449888,-0.793749999999997,-23.6233314704733));
#10467=CARTESIAN_POINT('Origin',(-17.3875999126948,-0.793749999999999,18.9402064704678));
#10468=CARTESIAN_POINT('',(-16.5077181024499,-0.79375,19.4482064704677));
#10469=CARTESIAN_POINT('Origin',(-15.820310438196,-0.793750000000003,19.8450814704677));
#10470=CARTESIAN_POINT('Origin',(-17.3875999126948,-0.793750000000003,18.9402064704678));
#10471=CARTESIAN_POINT('Origin',(-3.27206048184856,-0.79375,-1.889125));
#10472=CARTESIAN_POINT('',(-11.4423039429445,-0.793749999999999,10.6746517848255));
#10473=CARTESIAN_POINT('Origin',(-10.7548962786906,-0.79375,11.0715267848255));
#10474=CARTESIAN_POINT('',(-3.95946814610246,-0.79375,-2.286));
#10475=CARTESIAN_POINT('Origin',(-12.5421562057507,-0.79375,10.0396517848255));
#10476=CARTESIAN_POINT('',(-11.5506814068771,-0.79375,9.2460034223887));
#10477=CARTESIAN_POINT('Origin',(-10.9310096575811,-0.793750000000005,8.74997319586571));
#10478=CARTESIAN_POINT('Origin',(-12.5421562057507,-0.79375,10.0396517848255));
#10479=CARTESIAN_POINT('Origin',(6.41847686111419E-14,-0.793750000000003,
-4.16333634234434E-14));
#10480=CARTESIAN_POINT('',(-13.782614550704,-0.79375,5.38018181818437));
#10481=CARTESIAN_POINT('Origin',(-13.0432038988422,-0.793750000000003,5.09154545454786));
#10482=CARTESIAN_POINT('Origin',(1.90819582357449E-14,-0.79375,-1.43114686768087E-14));
#10483=CARTESIAN_POINT('Origin',(-14.9656715936829,-0.793749999999997,5.84200000000276));
#10484=CARTESIAN_POINT('',(-14.9656715936829,-0.79375,4.57200000000277));
#10485=CARTESIAN_POINT('Origin',(-14.9656715936829,-0.79375,3.77825000000277));
#10486=CARTESIAN_POINT('Origin',(-14.9656715936829,-0.79375,5.84200000000277));
#10487=CARTESIAN_POINT('Origin',(-9.70436784642447E-16,-0.79375,3.77825000000278));
#10488=CARTESIAN_POINT('',(-25.0964999126997,-0.79375,4.57200000000277));
#10489=CARTESIAN_POINT('Origin',(-25.0964999126997,-0.79375,3.77825000000277));
#10490=CARTESIAN_POINT('',(-1.17431005872684E-15,-0.79375,4.57200000000278));
#10491=CARTESIAN_POINT('Origin',(-25.0964999126997,-0.793750000000013,5.58800000000271));
#10492=CARTESIAN_POINT('Origin',(-25.0964999126997,-0.793750000000007,5.58800000000271));
#10493=CARTESIAN_POINT('Origin',(-7.70889999999994,-0.793750000000004,-24.5282064704677));
#10494=CARTESIAN_POINT('Origin',(-9.27618947449889,-0.793750000000001,-23.6233314704677));
#10495=CARTESIAN_POINT('Origin',(-7.70889999999994,-0.793750000000003,-24.5282064704677));
#10496=CARTESIAN_POINT('Origin',(3.27206048184856,-0.79375,-1.889125));
#10497=CARTESIAN_POINT('Origin',(-4.21077531499344,-0.79375,-14.8497767848255));
#10498=CARTESIAN_POINT('Ctrl Pts',(-3.52336765073954,-0.79375,-15.2466517848255));
#10499=CARTESIAN_POINT('Ctrl Pts',(-3.29094151933642,-0.79375,-14.8440779162286));
#10500=CARTESIAN_POINT('Ctrl Pts',(-2.88836765073954,-0.79375,-14.6116517848255));
#10501=CARTESIAN_POINT('Ctrl Pts',(-2.4235153879333,-0.79375,-14.6116517848255));
#10502=CARTESIAN_POINT('Ctrl Pts',(-3.52336765073954,-0.328782015133636,
-15.2466517848255));
#10503=CARTESIAN_POINT('Ctrl Pts',(-3.29094151933642,-0.328782015133636,
-14.8440779162286));
#10504=CARTESIAN_POINT('Ctrl Pts',(-2.88836765073954,-0.328782015133636,
-14.6116517848255));
#10505=CARTESIAN_POINT('Ctrl Pts',(-2.4235153879333,-0.328782015133636,
-14.6116517848255));
#10506=CARTESIAN_POINT('Ctrl Pts',(-3.80810122815272,9.82597548707832E-15,
-15.0822607772587));
#10507=CARTESIAN_POINT('Ctrl Pts',(-3.51550381182643,9.82597548707832E-15,
-14.5754671860181));
#10508=CARTESIAN_POINT('Ctrl Pts',(-3.00871022058589,9.82597548707832E-15,
-14.2828697696918));
#10509=CARTESIAN_POINT('Ctrl Pts',(-2.4235153879333,9.82597548707832E-15,
-14.2828697696918));
#10510=CARTESIAN_POINT('Ctrl Pts',(-4.21077531499345,0.,-14.8497767848255));
#10511=CARTESIAN_POINT('Ctrl Pts',(-3.83308285146338,0.,-14.1955942483556));
#10512=CARTESIAN_POINT('Ctrl Pts',(-3.17890031499344,0.,-13.8179017848255));
#10513=CARTESIAN_POINT('Ctrl Pts',(-2.4235153879333,0.,-13.8179017848255));
#10514=CARTESIAN_POINT('Ctrl Pts',(-4.21401578579901,-7.90733442814997E-17,
-14.8479058981336));
#10515=CARTESIAN_POINT('Ctrl Pts',(-3.83563853021211,-7.90733442814997E-17,
-14.1925372670286));
#10516=CARTESIAN_POINT('Ctrl Pts',(-3.18026989910711,-7.90733442814997E-17,
-13.8141600114417));
#10517=CARTESIAN_POINT('Ctrl Pts',(-2.4235153879333,-7.90733442814997E-17,
-13.8141600114417));
#10518=CARTESIAN_POINT('Ctrl Pts',(-4.21725625660457,-1.58146688562999E-16,
-14.8460350114417));
#10519=CARTESIAN_POINT('Ctrl Pts',(-3.83819420896083,-1.58146688562999E-16,
-14.1894802857017));
#10520=CARTESIAN_POINT('Ctrl Pts',(-3.18163948322078,-1.58146688562999E-16,
-13.8104182380579));
#10521=CARTESIAN_POINT('Ctrl Pts',(-2.4235153879333,-1.58146688562999E-16,
-13.8104182380579));
#10522=CARTESIAN_POINT('Ctrl Pts',(-4.22049672741012,-2.37220032844499E-16,
-14.8441641247498));
#10523=CARTESIAN_POINT('Ctrl Pts',(-3.84074988770955,-2.37220032844499E-16,
-14.1864233043747));
#10524=CARTESIAN_POINT('Ctrl Pts',(-3.18300906733444,-2.37220032844499E-16,
-13.8066764646742));
#10525=CARTESIAN_POINT('Ctrl Pts',(-2.4235153879333,-2.37220032844499E-16,
-13.8066764646742));
#10526=CARTESIAN_POINT('Origin',(-2.4235153953249,-0.793750001082703,-13.8179017822118));
#10527=CARTESIAN_POINT('Ctrl Pts',(-2.42543671855574,-0.79375,-14.6116517848308));
#10528=CARTESIAN_POINT('Ctrl Pts',(-2.42479627618314,-0.79375,-14.611651784829));
#10529=CARTESIAN_POINT('Ctrl Pts',(-2.42415583381055,-0.79375,-14.6116517848273));
#10530=CARTESIAN_POINT('Ctrl Pts',(-2.42351539143796,-0.79375,-14.6116517848255));
#10531=CARTESIAN_POINT('Ctrl Pts',(-2.3593147635634,-0.79375,-14.6116517846483));
#10532=CARTESIAN_POINT('Ctrl Pts',(-2.29529829778643,-0.79375,-14.6165106503634));
#10533=CARTESIAN_POINT('Ctrl Pts',(-2.23183319561247,-0.79375,-14.6262004965841));
#10534=CARTESIAN_POINT('Ctrl Pts',(-2.42543671855574,-0.328782015133644,
-14.6116517848308));
#10535=CARTESIAN_POINT('Ctrl Pts',(-2.42479627618314,-0.328782015133644,
-14.611651784829));
#10536=CARTESIAN_POINT('Ctrl Pts',(-2.42415583381055,-0.328782015133644,
-14.6116517848273));
#10537=CARTESIAN_POINT('Ctrl Pts',(-2.42351539143796,-0.328782015133644,
-14.6116517848255));
#10538=CARTESIAN_POINT('Ctrl Pts',(-2.3593147635634,-0.328782015133644,
-14.6116517846483));
#10539=CARTESIAN_POINT('Ctrl Pts',(-2.29529829778643,-0.328782015133644,
-14.6165106503634));
#10540=CARTESIAN_POINT('Ctrl Pts',(-2.23183319561247,-0.328782015133644,
-14.6262004965841));
#10541=CARTESIAN_POINT('Ctrl Pts',(-2.42593411930675,-8.54132331558866E-17,
-14.2828697696985));
#10542=CARTESIAN_POINT('Ctrl Pts',(-2.42512787698625,-8.54132331558866E-17,
-14.2828697696963));
#10543=CARTESIAN_POINT('Ctrl Pts',(-2.42432163466575,-8.54132331558866E-17,
-14.2828697696941));
#10544=CARTESIAN_POINT('Ctrl Pts',(-2.42351539234525,-8.54132331558866E-17,
-14.2828697696919));
#10545=CARTESIAN_POINT('Ctrl Pts',(-2.34269428273413,-8.54132331558867E-17,
-14.2828697694688));
#10546=CARTESIAN_POINT('Ctrl Pts',(-2.26210501174465,-8.54132331558867E-17,
-14.288986515232));
#10547=CARTESIAN_POINT('Ctrl Pts',(-2.18220984328454,-8.54132331558866E-17,
-14.3011849025288));
#10548=CARTESIAN_POINT('Ctrl Pts',(-2.42663755019476,0.,-13.8179017848341));
#10549=CARTESIAN_POINT('Ctrl Pts',(-2.4255968313393,0.,-13.8179017848312));
#10550=CARTESIAN_POINT('Ctrl Pts',(-2.42455611248383,0.,-13.8179017848284));
#10551=CARTESIAN_POINT('Ctrl Pts',(-2.42351539362837,0.,-13.8179017848255));
#10552=CARTESIAN_POINT('Ctrl Pts',(-2.31918937333221,0.,-13.8179017845376));
#10553=CARTESIAN_POINT('Ctrl Pts',(-2.21516261644464,0.,-13.8257974413246));
#10554=CARTESIAN_POINT('Ctrl Pts',(-2.11203182541196,0.,-13.8415434414332));
#10555=CARTESIAN_POINT('Ctrl Pts',(-2.42664321096939,6.87352619636923E-19,
-13.8141600114504));
#10556=CARTESIAN_POINT('Ctrl Pts',(-2.42560060519249,6.87352619636923E-19,
-13.8141600114475));
#10557=CARTESIAN_POINT('Ctrl Pts',(-2.42455799941559,6.87352619636923E-19,
-13.8141600114446));
#10558=CARTESIAN_POINT('Ctrl Pts',(-2.42351539363869,6.87352619636923E-19,
-13.8141600114417));
#10559=CARTESIAN_POINT('Ctrl Pts',(-2.31900022042867,6.87352619636923E-19,
-13.8141600111533));
#10560=CARTESIAN_POINT('Ctrl Pts',(-2.21478485322002,6.87352619636923E-19,
-13.8220699835107));
#10561=CARTESIAN_POINT('Ctrl Pts',(-2.11146707633686,6.87352619636923E-19,
-13.8378445326025));
#10562=CARTESIAN_POINT('Ctrl Pts',(-2.42664887174403,1.37470523927385E-18,
-13.8104182380666));
#10563=CARTESIAN_POINT('Ctrl Pts',(-2.42560437904569,1.37470523927385E-18,
-13.8104182380637));
#10564=CARTESIAN_POINT('Ctrl Pts',(-2.42455988634735,1.37470523927385E-18,
-13.8104182380608));
#10565=CARTESIAN_POINT('Ctrl Pts',(-2.42351539364902,1.37470523927385E-18,
-13.8104182380579));
#10566=CARTESIAN_POINT('Ctrl Pts',(-2.31881106752514,1.37470523927385E-18,
-13.810418237769));
#10567=CARTESIAN_POINT('Ctrl Pts',(-2.21440708999541,1.37470523927385E-18,
-13.8183425256968));
#10568=CARTESIAN_POINT('Ctrl Pts',(-2.11090232726177,1.37470523927385E-18,
-13.8341456237718));
#10569=CARTESIAN_POINT('Ctrl Pts',(-2.42665453251866,2.06205785891077E-18,
-13.8066764646828));
#10570=CARTESIAN_POINT('Ctrl Pts',(-2.42560815289889,2.06205785891077E-18,
-13.8066764646799));
#10571=CARTESIAN_POINT('Ctrl Pts',(-2.42456177327912,2.06205785891077E-18,
-13.8066764646771));
#10572=CARTESIAN_POINT('Ctrl Pts',(-2.42351539365934,2.06205785891077E-18,
-13.8066764646742));
#10573=CARTESIAN_POINT('Ctrl Pts',(-2.3186219146216,2.06205785891077E-18,
-13.8066764643847));
#10574=CARTESIAN_POINT('Ctrl Pts',(-2.2140293267708,2.06205785891077E-18,
-13.8146150678829));
#10575=CARTESIAN_POINT('Ctrl Pts',(-2.11033757818667,2.06205785891077E-18,
-13.8304467149411));
#10576=CARTESIAN_POINT('Origin',(-2.11219424126202,-0.79375,-13.8415186504111));
#10577=CARTESIAN_POINT('Origin',(1.47451495458029E-14,-0.79375,6.41847686111419E-14));
#10578=CARTESIAN_POINT('Origin',(2.11219424125947,-0.79375,-13.8415186504115));
#10579=CARTESIAN_POINT('Ctrl Pts',(2.23193314382518,-0.79375,-14.6261852405709));
#10580=CARTESIAN_POINT('Ctrl Pts',(2.29536563600992,-0.79375,-14.616505540815));
#10581=CARTESIAN_POINT('Ctrl Pts',(2.35934859237276,-0.79375,-14.6116517848259));
#10582=CARTESIAN_POINT('Ctrl Pts',(2.42351538793036,-0.79375,-14.6116517848259));
#10583=CARTESIAN_POINT('Ctrl Pts',(2.23193314382518,-0.328782015133644,
-14.6261852405709));
#10584=CARTESIAN_POINT('Ctrl Pts',(2.29536563600992,-0.328782015133644,
-14.616505540815));
#10585=CARTESIAN_POINT('Ctrl Pts',(2.35934859237276,-0.328782015133644,
-14.6116517848259));
#10586=CARTESIAN_POINT('Ctrl Pts',(2.42351538793036,-0.328782015133644,
-14.6116517848259));
#10587=CARTESIAN_POINT('Ctrl Pts',(2.18233566643878,-8.54132331558866E-17,
-14.3011656969858));
#10588=CARTESIAN_POINT('Ctrl Pts',(2.2621897827223,-8.54132331558867E-17,
-14.2889800829058));
#10589=CARTESIAN_POINT('Ctrl Pts',(2.34273686926402,-8.54132331558867E-17,
-14.2828697696923));
#10590=CARTESIAN_POINT('Ctrl Pts',(2.42351538793036,-8.54132331558866E-17,
-14.2828697696923));
#10591=CARTESIAN_POINT('Ctrl Pts',(2.11219424125944,0.,-13.8415186504115));
#10592=CARTESIAN_POINT('Ctrl Pts',(2.21527204105965,0.,-13.8257891383082));
#10593=CARTESIAN_POINT('Ctrl Pts',(2.31924434514926,0.,-13.8179017848259));
#10594=CARTESIAN_POINT('Ctrl Pts',(2.42351538793036,0.,-13.8179017848259));
#10595=CARTESIAN_POINT('Ctrl Pts',(2.1116297866596,6.87352619636923E-19,
-13.8378196966324));
#10596=CARTESIAN_POINT('Ctrl Pts',(2.21489447623219,6.87352619636923E-19,
-13.8220616654402));
#10597=CARTESIAN_POINT('Ctrl Pts',(2.31905529191482,6.87352619636923E-19,
-13.8141600114421));
#10598=CARTESIAN_POINT('Ctrl Pts',(2.42351538793036,6.87352619636923E-19,
-13.8141600114421));
#10599=CARTESIAN_POINT('Ctrl Pts',(2.11106533205976,1.37470523927385E-18,
-13.8341207428532));
#10600=CARTESIAN_POINT('Ctrl Pts',(2.21451691140473,1.37470523927385E-18,
-13.8183341925721));
#10601=CARTESIAN_POINT('Ctrl Pts',(2.31886623868038,1.37470523927385E-18,
-13.8104182380583));
#10602=CARTESIAN_POINT('Ctrl Pts',(2.42351538793036,1.37470523927385E-18,
-13.8104182380583));
#10603=CARTESIAN_POINT('Ctrl Pts',(2.11050087745992,2.06205785891077E-18,
-13.8304217890741));
#10604=CARTESIAN_POINT('Ctrl Pts',(2.21413934657727,2.06205785891077E-18,
-13.814606719704));
#10605=CARTESIAN_POINT('Ctrl Pts',(2.31867718544594,2.06205785891077E-18,
-13.8066764646746));
#10606=CARTESIAN_POINT('Ctrl Pts',(2.42351538793036,2.06205785891077E-18,
-13.8066764646746));
#10607=CARTESIAN_POINT('Origin',(2.42351538752513,-0.793750002164539,-13.8179017796006));
#10608=CARTESIAN_POINT('Ctrl Pts',(2.42351538767029,-0.79375,-14.6116517848259));
#10609=CARTESIAN_POINT('Ctrl Pts',(2.88836765057639,-0.79375,-14.6116517847307));
#10610=CARTESIAN_POINT('Ctrl Pts',(3.29094151928355,-0.79375,-14.8440779161425));
#10611=CARTESIAN_POINT('Ctrl Pts',(3.5233676507366,-0.79375,-15.2466517848259));
#10612=CARTESIAN_POINT('Ctrl Pts',(2.42351538767029,-0.328782015133644,
-14.6116517848259));
#10613=CARTESIAN_POINT('Ctrl Pts',(2.88836765057639,-0.328782015133644,
-14.6116517847307));
#10614=CARTESIAN_POINT('Ctrl Pts',(3.29094151928355,-0.328782015133644,
-14.8440779161425));
#10615=CARTESIAN_POINT('Ctrl Pts',(3.5233676507366,-0.328782015133644,-15.2466517848259));
#10616=CARTESIAN_POINT('Ctrl Pts',(2.42351538760296,7.40535826863618E-16,
-14.2828697696923));
#10617=CARTESIAN_POINT('Ctrl Pts',(3.00871022038126,7.40535826863618E-16,
-14.2828697695724));
#10618=CARTESIAN_POINT('Ctrl Pts',(3.51550381176062,7.40535826863618E-16,
-14.5754671859097));
#10619=CARTESIAN_POINT('Ctrl Pts',(3.80810122814977,7.40535826863618E-16,
-15.0822607772591));
#10620=CARTESIAN_POINT('Ctrl Pts',(2.42351538750774,0.,-13.8179017848259));
#10621=CARTESIAN_POINT('Ctrl Pts',(3.17890031473015,0.,-13.8179017846712));
#10622=CARTESIAN_POINT('Ctrl Pts',(3.83308285137929,0.,-14.1955942482154));
#10623=CARTESIAN_POINT('Ctrl Pts',(4.2107753149905,0.,-14.8497767848259));
#10624=CARTESIAN_POINT('Ctrl Pts',(2.42351538750698,-5.9593721221244E-18,
-13.8141600114421));
#10625=CARTESIAN_POINT('Ctrl Pts',(3.18026989884335,-5.9593721221244E-18,
-13.8141600112872));
#10626=CARTESIAN_POINT('Ctrl Pts',(3.83563853012787,-5.9593721221244E-18,
-14.1925372668882));
#10627=CARTESIAN_POINT('Ctrl Pts',(4.21401578579605,-5.9593721221244E-18,
-14.847905898134));
#10628=CARTESIAN_POINT('Ctrl Pts',(2.42351538750621,-1.19187442442488E-17,
-13.8104182380583));
#10629=CARTESIAN_POINT('Ctrl Pts',(3.18163948295654,-1.19187442442488E-17,
-13.8104182379031));
#10630=CARTESIAN_POINT('Ctrl Pts',(3.83819420887644,-1.19187442442488E-17,
-14.189480285561));
#10631=CARTESIAN_POINT('Ctrl Pts',(4.21725625660161,-1.19187442442488E-17,
-14.8460350114421));
#10632=CARTESIAN_POINT('Ctrl Pts',(2.42351538750544,-1.78781163663732E-17,
-13.8066764646746));
#10633=CARTESIAN_POINT('Ctrl Pts',(3.18300906706974,-1.78781163663732E-17,
-13.806676464519));
#10634=CARTESIAN_POINT('Ctrl Pts',(3.84074988762502,-1.78781163663732E-17,
-14.1864233042338));
#10635=CARTESIAN_POINT('Ctrl Pts',(4.22049672740717,-1.78781163663732E-17,
-14.8441641247502));
#10636=CARTESIAN_POINT('Origin',(4.21077531499047,-0.79375,-14.8497767848259));
#10637=CARTESIAN_POINT('Origin',(-3.27206048185096,-0.79375,-1.88912500000139));
#10638=CARTESIAN_POINT('Origin',(25.0964999126949,-0.79375,5.58799999999998));
#10639=CARTESIAN_POINT('',(25.0964999126949,-0.79375,4.572));
#10640=CARTESIAN_POINT('Origin',(25.0964999126949,-0.79375,3.77825));
#10641=CARTESIAN_POINT('Origin',(25.0964999126949,-0.79375,5.58799999999998));
#10642=CARTESIAN_POINT('Origin',(0.,-0.79375,3.77825));
#10643=CARTESIAN_POINT('',(14.965671593684,-0.79375,4.572));
#10644=CARTESIAN_POINT('Origin',(14.965671593684,-0.79375,3.77825));
#10645=CARTESIAN_POINT('',(0.,-0.79375,4.572));
#10646=CARTESIAN_POINT('Origin',(14.965671593684,-0.793750000000001,5.842));
#10647=CARTESIAN_POINT('',(13.782614550705,-0.79375,5.38018181818182));
#10648=CARTESIAN_POINT('Origin',(13.0432038988432,-0.793750000000001,5.09154545454545));
#10649=CARTESIAN_POINT('Origin',(14.965671593684,-0.79375,5.842));
#10650=CARTESIAN_POINT('Origin',(1.50920942409982E-13,-0.793750000000002,
7.28583859910259E-14));
#10651=CARTESIAN_POINT('',(11.5506814068789,-0.79375,9.24600342238654));
#10652=CARTESIAN_POINT('Origin',(10.9310096575828,-0.793750000000002,8.74997319586363));
#10653=CARTESIAN_POINT('Origin',(1.80411241501588E-13,-0.793749999999986,
8.8037216405823E-14));
#10654=CARTESIAN_POINT('Origin',(12.5421562057526,-0.79375,10.0396517848232));
#10655=CARTESIAN_POINT('',(11.4423039429463,-0.793749999999999,10.6746517848232));
#10656=CARTESIAN_POINT('Origin',(10.7548962786925,-0.79375,11.0715267848232));
#10657=CARTESIAN_POINT('Origin',(12.5421562057526,-0.79375,10.0396517848232));
#10658=CARTESIAN_POINT('Origin',(3.27206048185096,-0.79375,-1.88912500000139));
#10659=CARTESIAN_POINT('',(16.5077181024547,-0.793749999999999,19.4482064704705));
#10660=CARTESIAN_POINT('Origin',(15.8203104382008,-0.79375,19.8450814704705));
#10661=CARTESIAN_POINT('',(3.95946814610486,-0.79375,-2.28600000000139));
#10662=CARTESIAN_POINT('Origin',(17.3875999126998,-0.793750000000018,18.9402064704704));
#10663=CARTESIAN_POINT('Origin',(17.3875999126998,-0.793750000000007,18.9402064704704));
#10664=CARTESIAN_POINT('Origin',(25.0964999126949,-11.811,5.588));
#10665=CARTESIAN_POINT('',(25.0964999126949,-11.811,4.572));
#10666=CARTESIAN_POINT('Origin',(16.5077181024547,-11.811,19.4482064704705));
#10667=CARTESIAN_POINT('',(16.5077181024547,-11.811,19.4482064704705));
#10668=CARTESIAN_POINT('',(11.4423039429463,-11.811,10.6746517848232));
#10669=CARTESIAN_POINT('Origin',(0.,-11.811,0.));
#10670=CARTESIAN_POINT('',(13.782614550705,-11.811,5.38018181818183));
#10671=CARTESIAN_POINT('',(11.5506814068788,-11.811,9.24600342238655));
#10672=CARTESIAN_POINT('Origin',(25.0964999126949,-11.811,4.572));
#10673=CARTESIAN_POINT('',(14.965671593684,-11.811,4.572));
#10674=CARTESIAN_POINT('Origin',(17.3875999126997,-11.811,18.9402064704705));
#10675=CARTESIAN_POINT('Origin',(0.,25.4,0.));
#10676=CARTESIAN_POINT('Origin',(0.,25.4,0.));
#10677=CARTESIAN_POINT('',(-2.5,25.4,9.89934207678533));
#10678=CARTESIAN_POINT('Origin',(-17.3875999126949,-11.811,18.9402064704677));
#10679=CARTESIAN_POINT('',(-16.5077181024499,-11.811,19.4482064704677));
#10680=CARTESIAN_POINT('Origin',(-25.0964999126997,-11.811,4.57200000000277));
#10681=CARTESIAN_POINT('',(-25.0964999126997,-11.811,4.57200000000277));
#10682=CARTESIAN_POINT('',(-14.9656715936829,-11.811,4.57200000000277));
#10683=CARTESIAN_POINT('Origin',(0.,-11.811,0.));
#10684=CARTESIAN_POINT('',(-11.5506814068771,-11.811,9.24600342238869));
#10685=CARTESIAN_POINT('',(-13.782614550704,-11.811,5.38018181818437));
#10686=CARTESIAN_POINT('Origin',(-16.5077181024499,-11.811,19.4482064704677));
#10687=CARTESIAN_POINT('',(-11.4423039429445,-11.811,10.6746517848255));
#10688=CARTESIAN_POINT('Origin',(-25.0964999126997,-11.811,5.58800000000278));
#10689=CARTESIAN_POINT('Origin',(-7.7089,-11.811,-24.5282064704677));
#10690=CARTESIAN_POINT('Origin',(12.5421562057526,-11.811,10.0396517848232));
#10691=CARTESIAN_POINT('Origin',(14.965671593684,-11.811,5.842));
#10692=CARTESIAN_POINT('Origin',(-14.9656715936829,-11.811,5.84200000000277));
#10693=CARTESIAN_POINT('Origin',(-12.5421562057507,-11.811,10.0396517848255));
#10694=CARTESIAN_POINT('Origin',(0.,25.4,0.));
#10695=CARTESIAN_POINT('Origin',(-2.5,25.4,9.89934207678533));
#10696=CARTESIAN_POINT('Origin',(0.,12.7,16.1443));
#10697=CARTESIAN_POINT('',(-4.,12.7,16.1443));
#10698=CARTESIAN_POINT('Origin',(0.,12.7,16.1443));
#10699=CARTESIAN_POINT('',(-2.63999999999999,12.7,14.7843));
#10700=CARTESIAN_POINT('',(-4.,12.7,16.1443));
#10701=CARTESIAN_POINT('Origin',(0.,12.7,14.7843));
#10702=CARTESIAN_POINT('Origin',(0.,12.7,26.7843));
#10703=CARTESIAN_POINT('',(-4.,12.7,26.1443));
#10704=CARTESIAN_POINT('',(4.,12.7,26.1443));
#10705=CARTESIAN_POINT('Origin',(0.,12.7,26.1443));
#10706=CARTESIAN_POINT('Origin',(0.,12.7,26.1443));
#10707=CARTESIAN_POINT('',(3.36,12.7,26.7843));
#10708=CARTESIAN_POINT('',(3.36,12.7,26.7843));
#10709=CARTESIAN_POINT('Origin',(0.,12.7,26.7843));
#10710=CARTESIAN_POINT('Origin',(0.,12.7,14.7843));
#10711=CARTESIAN_POINT('',(-4.,12.7,14.7843));
#10712=CARTESIAN_POINT('Origin',(0.,12.7,14.7843));
#10713=CARTESIAN_POINT('Origin',(0.,12.7,26.7843));
#10714=CARTESIAN_POINT('',(2.30940107675851,12.7,26.7843));
#10715=CARTESIAN_POINT('',(1.15470053837925,14.7,26.7843));
#10716=CARTESIAN_POINT('Origin',(0.,12.7,26.7843));
#10717=CARTESIAN_POINT('',(1.15470053837925,10.7,26.7843));
#10718=CARTESIAN_POINT('Origin',(0.,12.7,26.7843));
#10719=CARTESIAN_POINT('',(-1.15470053837925,10.7,26.7843));
#10720=CARTESIAN_POINT('Origin',(0.,12.7,26.7843));
#10721=CARTESIAN_POINT('',(-2.30940107675851,12.7,26.7843));
#10722=CARTESIAN_POINT('Origin',(0.,12.7,26.7843));
#10723=CARTESIAN_POINT('',(-1.15470053837925,14.7,26.7843));
#10724=CARTESIAN_POINT('Origin',(0.,12.7,26.7843));
#10725=CARTESIAN_POINT('Origin',(0.,12.7,26.7843));
#10726=CARTESIAN_POINT('Origin',(0.,12.7,26.7843));
#10727=CARTESIAN_POINT('Ctrl Pts',(1.15470053838532,14.7,26.784300000003));
#10728=CARTESIAN_POINT('Ctrl Pts',(2.99760216648792E-15,14.7,26.2069497308081));
#10729=CARTESIAN_POINT('Ctrl Pts',(-1.15470053838531,14.7,26.784300000003));
#10730=CARTESIAN_POINT('Origin',(0.,12.7,26.7843));
#10731=CARTESIAN_POINT('Ctrl Pts',(-1.15470053837622,14.7000000000052,26.784300000003));
#10732=CARTESIAN_POINT('Ctrl Pts',(-1.73205080756888,13.7,26.2069497308081));
#10733=CARTESIAN_POINT('Ctrl Pts',(-2.30940107676153,12.6999999999948,26.784300000003));
#10734=CARTESIAN_POINT('Origin',(0.,12.7,26.7843));
#10735=CARTESIAN_POINT('Ctrl Pts',(-2.30940107676153,12.7000000000052,26.784300000003));
#10736=CARTESIAN_POINT('Ctrl Pts',(-1.73205080756888,11.7,26.2069497308081));
#10737=CARTESIAN_POINT('Ctrl Pts',(-1.15470053837622,10.6999999999948,26.784300000003));
#10738=CARTESIAN_POINT('Origin',(0.,12.7,26.7843));
#10739=CARTESIAN_POINT('Ctrl Pts',(-1.15470053838531,10.7,26.784300000003));
#10740=CARTESIAN_POINT('Ctrl Pts',(-1.38777878078145E-15,10.7,26.2069497308081));
#10741=CARTESIAN_POINT('Ctrl Pts',(1.15470053838531,10.7,26.784300000003));
#10742=CARTESIAN_POINT('Origin',(0.,12.7,26.7843));
#10743=CARTESIAN_POINT('Ctrl Pts',(1.15470053837622,10.6999999999948,26.784300000003));
#10744=CARTESIAN_POINT('Ctrl Pts',(1.73205080756888,11.7,26.2069497308081));
#10745=CARTESIAN_POINT('Ctrl Pts',(2.30940107676153,12.7000000000052,26.784300000003));
#10746=CARTESIAN_POINT('Origin',(0.,12.7,26.7843));
#10747=CARTESIAN_POINT('Ctrl Pts',(2.30940107676153,12.6999999999948,26.784300000003));
#10748=CARTESIAN_POINT('Ctrl Pts',(1.73205080756888,13.7,26.2069497308081));
#10749=CARTESIAN_POINT('Ctrl Pts',(1.15470053837622,14.7000000000052,26.784300000003));
#10750=CARTESIAN_POINT('Origin',(0.,0.,24.7843));
#10751=CARTESIAN_POINT('',(2.3094010767585,12.7,24.7843));
#10752=CARTESIAN_POINT('',(1.15470053837925,14.7,24.7843));
#10753=CARTESIAN_POINT('',(2.3094010767585,12.7,24.7843));
#10754=CARTESIAN_POINT('',(-1.15470053837925,14.7,24.7843));
#10755=CARTESIAN_POINT('',(1.15470053837925,14.7,24.7843));
#10756=CARTESIAN_POINT('',(-2.3094010767585,12.7,24.7843));
#10757=CARTESIAN_POINT('',(-1.15470053837925,14.7,24.7843));
#10758=CARTESIAN_POINT('',(-1.15470053837925,10.7,24.7843));
#10759=CARTESIAN_POINT('',(-2.3094010767585,12.7,24.7843));
#10760=CARTESIAN_POINT('',(1.15470053837925,10.7,24.7843));
#10761=CARTESIAN_POINT('',(-1.15470053837925,10.7,24.7843));
#10762=CARTESIAN_POINT('',(1.15470053837925,10.7,24.7843));
#10763=CARTESIAN_POINT('Origin',(1.15470053837925,14.7,24.7843));
#10764=CARTESIAN_POINT('',(1.15470053837925,14.7,24.7843));
#10765=CARTESIAN_POINT('',(-1.15470053837925,14.7,24.7843));
#10766=CARTESIAN_POINT('Origin',(-1.15470053837925,14.7,24.7843));
#10767=CARTESIAN_POINT('',(-2.3094010767585,12.7,24.7843));
#10768=CARTESIAN_POINT('Origin',(-2.3094010767585,12.7,24.7843));
#10769=CARTESIAN_POINT('',(-1.15470053837925,10.7,24.7843));
#10770=CARTESIAN_POINT('Origin',(-1.15470053837925,10.7,24.7843));
#10771=CARTESIAN_POINT('',(1.15470053837925,10.7,24.7843));
#10772=CARTESIAN_POINT('Origin',(1.15470053837925,10.7,24.7843));
#10773=CARTESIAN_POINT('',(2.3094010767585,12.7,24.7843));
#10774=CARTESIAN_POINT('Origin',(2.3094010767585,12.7,24.7843));
#10775=CARTESIAN_POINT('',(25.022524658789,3.96108899616856,-72.5674257877575));
#10776=CARTESIAN_POINT('',(-58.2062092236109,16.7714427612095,58.9418284569293));
#10777=CARTESIAN_POINT('',(0.,0.,0.));
#10778=CARTESIAN_POINT('',(-25.0223601840178,-15.1370889961261,72.567323207662));
#10779=UNCERTAINTY_MEASURE_WITH_UNIT(LENGTH_MEASURE(0.01),#10795,
'DISTANCE_ACCURACY_VALUE',
'Maximum model space distance between geometric entities at asserted c
onnectivities');
#10780=UNCERTAINTY_MEASURE_WITH_UNIT(LENGTH_MEASURE(0.01),#10795,
'DISTANCE_ACCURACY_VALUE',
'Maximum model space distance between geometric entities at asserted c
onnectivities');
#10781=UNCERTAINTY_MEASURE_WITH_UNIT(LENGTH_MEASURE(0.01),#10795,
'DISTANCE_ACCURACY_VALUE',
'Maximum model space distance between geometric entities at asserted c
onnectivities');
#10782=UNCERTAINTY_MEASURE_WITH_UNIT(LENGTH_MEASURE(0.01),#10795,
'DISTANCE_ACCURACY_VALUE',
'Maximum model space distance between geometric entities at asserted c
onnectivities');
#10783=UNCERTAINTY_MEASURE_WITH_UNIT(LENGTH_MEASURE(0.01),#10795,
'DISTANCE_ACCURACY_VALUE',
'Maximum model space distance between geometric entities at asserted c
onnectivities');
#10784=UNCERTAINTY_MEASURE_WITH_UNIT(LENGTH_MEASURE(0.01),#10795,
'DISTANCE_ACCURACY_VALUE',
'Maximum model space distance between geometric entities at asserted c
onnectivities');
#10785=UNCERTAINTY_MEASURE_WITH_UNIT(LENGTH_MEASURE(0.01),#10795,
'DISTANCE_ACCURACY_VALUE',
'Maximum model space distance between geometric entities at asserted c
onnectivities');
#10786=UNCERTAINTY_MEASURE_WITH_UNIT(LENGTH_MEASURE(0.01),#10795,
'DISTANCE_ACCURACY_VALUE',
'Maximum model space distance between geometric entities at asserted c
onnectivities');
#10787=(
GEOMETRIC_REPRESENTATION_CONTEXT(3)
GLOBAL_UNCERTAINTY_ASSIGNED_CONTEXT((#10779))
GLOBAL_UNIT_ASSIGNED_CONTEXT((#10795,#10797,#10798))
REPRESENTATION_CONTEXT('','3D')
);
#10788=(
GEOMETRIC_REPRESENTATION_CONTEXT(3)
GLOBAL_UNCERTAINTY_ASSIGNED_CONTEXT((#10780))
GLOBAL_UNIT_ASSIGNED_CONTEXT((#10795,#10797,#10798))
REPRESENTATION_CONTEXT('','3D')
);
#10789=(
GEOMETRIC_REPRESENTATION_CONTEXT(3)
GLOBAL_UNCERTAINTY_ASSIGNED_CONTEXT((#10781))
GLOBAL_UNIT_ASSIGNED_CONTEXT((#10795,#10797,#10798))
REPRESENTATION_CONTEXT('','3D')
);
#10790=(
GEOMETRIC_REPRESENTATION_CONTEXT(3)
GLOBAL_UNCERTAINTY_ASSIGNED_CONTEXT((#10782))
GLOBAL_UNIT_ASSIGNED_CONTEXT((#10795,#10797,#10798))
REPRESENTATION_CONTEXT('','3D')
);
#10791=(
GEOMETRIC_REPRESENTATION_CONTEXT(3)
GLOBAL_UNCERTAINTY_ASSIGNED_CONTEXT((#10783))
GLOBAL_UNIT_ASSIGNED_CONTEXT((#10795,#10797,#10798))
REPRESENTATION_CONTEXT('','3D')
);
#10792=(
GEOMETRIC_REPRESENTATION_CONTEXT(3)
GLOBAL_UNCERTAINTY_ASSIGNED_CONTEXT((#10784))
GLOBAL_UNIT_ASSIGNED_CONTEXT((#10795,#10797,#10798))
REPRESENTATION_CONTEXT('','3D')
);
#10793=(
GEOMETRIC_REPRESENTATION_CONTEXT(3)
GLOBAL_UNCERTAINTY_ASSIGNED_CONTEXT((#10785))
GLOBAL_UNIT_ASSIGNED_CONTEXT((#10795,#10797,#10798))
REPRESENTATION_CONTEXT('','3D')
);
#10794=(
GEOMETRIC_REPRESENTATION_CONTEXT(3)
GLOBAL_UNCERTAINTY_ASSIGNED_CONTEXT((#10786))
GLOBAL_UNIT_ASSIGNED_CONTEXT((#10795,#10797,#10798))
REPRESENTATION_CONTEXT('','3D')
);
#10795=(
LENGTH_UNIT()
NAMED_UNIT(*)
SI_UNIT(.MILLI.,.METRE.)
);
#10796=(
LENGTH_UNIT()
NAMED_UNIT(*)
SI_UNIT($,.METRE.)
);
#10797=(
NAMED_UNIT(*)
PLANE_ANGLE_UNIT()
SI_UNIT($,.RADIAN.)
);
#10798=(
NAMED_UNIT(*)
SI_UNIT($,.STERADIAN.)
SOLID_ANGLE_UNIT()
);
#10799=SHAPE_DEFINITION_REPRESENTATION(#10806,#10819);
#10800=SHAPE_DEFINITION_REPRESENTATION(#10807,#10820);
#10801=SHAPE_DEFINITION_REPRESENTATION(#10808,#10821);
#10802=SHAPE_DEFINITION_REPRESENTATION(#10810,#10822);
#10803=SHAPE_DEFINITION_REPRESENTATION(#10811,#10823);
#10804=SHAPE_DEFINITION_REPRESENTATION(#10813,#10824);
#10805=SHAPE_DEFINITION_REPRESENTATION(#10814,#10825);
#10806=PRODUCT_DEFINITION_SHAPE('',$,#10827);
#10807=PRODUCT_DEFINITION_SHAPE('',$,#10828);
#10808=PRODUCT_DEFINITION_SHAPE('',$,#10829);
#10809=PRODUCT_DEFINITION_SHAPE($,$,#43);
#10810=PRODUCT_DEFINITION_SHAPE('',$,#10830);
#10811=PRODUCT_DEFINITION_SHAPE('',$,#10831);
#10812=PRODUCT_DEFINITION_SHAPE($,$,#44);
#10813=PRODUCT_DEFINITION_SHAPE('',$,#10832);
#10814=PRODUCT_DEFINITION_SHAPE('',$,#10833);
#10815=PRODUCT_DEFINITION_SHAPE($,$,#45);
#10816=PRODUCT_DEFINITION_SHAPE($,$,#46);
#10817=PRODUCT_DEFINITION_SHAPE($,$,#47);
#10818=PRODUCT_DEFINITION_SHAPE($,$,#48);
#10819=SHAPE_REPRESENTATION('',(#5576,#6355,#6356,#6357),#10787);
#10820=SHAPE_REPRESENTATION('',(#5577,#5978),#10788);
#10821=SHAPE_REPRESENTATION('',(#5578),#10789);
#10822=SHAPE_REPRESENTATION('',(#5979,#6165),#10790);
#10823=SHAPE_REPRESENTATION('',(#5980),#10791);
#10824=SHAPE_REPRESENTATION('',(#6166,#6354),#10792);
#10825=SHAPE_REPRESENTATION('',(#6167),#10793);
#10826=PRODUCT_DEFINITION_CONTEXT('part definition',#10849,'design');
#10827=PRODUCT_DEFINITION('coupling assambly','coupling assambly v1',#10834,
#10826);
#10828=PRODUCT_DEFINITION('rubber thingy inbetween',
'rubber thingy inbetween v1',#10835,#10826);
#10829=PRODUCT_DEFINITION('6408K75','6408K75',#10836,#10826);
#10830=PRODUCT_DEFINITION('couppler ro motor','couppler ro motor v1',#10837,
#10826);
#10831=PRODUCT_DEFINITION('6133N129_Set Screw Flexible Shaft Coupling',
'6133N129_Set Screw Flexible Shaft Coupling',#10838,#10826);
#10832=PRODUCT_DEFINITION('coupling to screw','coupling to screw v1',#10839,
#10826);
#10833=PRODUCT_DEFINITION(
'6133N129_Set Screw Flexible Shaft Coupling_1',
'6133N129_Set Screw Flexible Shaft Coupling',#10840,#10826);
#10834=PRODUCT_DEFINITION_FORMATION('',$,#10851);
#10835=PRODUCT_DEFINITION_FORMATION('',$,#10852);
#10836=PRODUCT_DEFINITION_FORMATION('',$,#10853);
#10837=PRODUCT_DEFINITION_FORMATION('',$,#10854);
#10838=PRODUCT_DEFINITION_FORMATION('',$,#10855);
#10839=PRODUCT_DEFINITION_FORMATION('',$,#10856);
#10840=PRODUCT_DEFINITION_FORMATION('',$,#10857);
#10841=PRODUCT_RELATED_PRODUCT_CATEGORY('coupling assambly v1',
'coupling assambly v1',(#10851));
#10842=PRODUCT_RELATED_PRODUCT_CATEGORY('rubber thingy inbetween v1',
'rubber thingy inbetween v1',(#10852));
#10843=PRODUCT_RELATED_PRODUCT_CATEGORY('6408K75','6408K75',(#10853));
#10844=PRODUCT_RELATED_PRODUCT_CATEGORY('couppler ro motor v1',
'couppler ro motor v1',(#10854));
#10845=PRODUCT_RELATED_PRODUCT_CATEGORY(
'6133N129_Set Screw Flexible Shaft Coupling',
'6133N129_Set Screw Flexible Shaft Coupling',(#10855));
#10846=PRODUCT_RELATED_PRODUCT_CATEGORY('coupling to screw v1',
'coupling to screw v1',(#10856));
#10847=PRODUCT_RELATED_PRODUCT_CATEGORY(
'6133N129_Set Screw Flexible Shaft Coupling',
'6133N129_Set Screw Flexible Shaft Coupling',(#10857));
#10848=APPLICATION_PROTOCOL_DEFINITION('international standard',
'automotive_design',2009,#10849);
#10849=APPLICATION_CONTEXT(
'Core Data for Automotive Mechanical Design Process');
#10850=PRODUCT_CONTEXT('part definition',#10849,'mechanical');
#10851=PRODUCT('coupling assambly','coupling assambly v1',$,(#10850));
#10852=PRODUCT('rubber thingy inbetween','rubber thingy inbetween v1',$,
(#10850));
#10853=PRODUCT('6408K75','6408K75',$,(#10850));
#10854=PRODUCT('couppler ro motor','couppler ro motor v1',$,(#10850));
#10855=PRODUCT('6133N129_Set Screw Flexible Shaft Coupling',
'6133N129_Set Screw Flexible Shaft Coupling',$,(#10850));
#10856=PRODUCT('coupling to screw','coupling to screw v1',$,(#10850));
#10857=PRODUCT('6133N129_Set Screw Flexible Shaft Coupling_1',
'6133N129_Set Screw Flexible Shaft Coupling',$,(#10850));
#10858=PRESENTATION_STYLE_ASSIGNMENT((#10861));
#10859=PRESENTATION_STYLE_ASSIGNMENT((#10862));
#10860=PRESENTATION_STYLE_ASSIGNMENT((#10863));
#10861=SURFACE_STYLE_USAGE(.BOTH.,#10864);
#10862=SURFACE_STYLE_USAGE(.BOTH.,#10865);
#10863=SURFACE_STYLE_USAGE(.BOTH.,#10866);
#10864=SURFACE_SIDE_STYLE('',(#10867));
#10865=SURFACE_SIDE_STYLE('',(#10868));
#10866=SURFACE_SIDE_STYLE('',(#10869));
#10867=SURFACE_STYLE_FILL_AREA(#10870);
#10868=SURFACE_STYLE_FILL_AREA(#10871);
#10869=SURFACE_STYLE_FILL_AREA(#10872);
#10870=FILL_AREA_STYLE('Steel - Satin',(#10873));
#10871=FILL_AREA_STYLE('Rubber - Hard',(#10874));
#10872=FILL_AREA_STYLE('Aluminum - Anodized Rough (Grey)',(#10875));
#10873=FILL_AREA_STYLE_COLOUR('Steel - Satin',#10876);
#10874=FILL_AREA_STYLE_COLOUR('Rubber - Hard',#10877);
#10875=FILL_AREA_STYLE_COLOUR('Aluminum - Anodized Rough (Grey)',#10878);
#10876=COLOUR_RGB('Steel - Satin',0.627450980392157,0.627450980392157,0.627450980392157);
#10877=COLOUR_RGB('Rubber - Hard',0.152941176470588,0.152941176470588,0.152941176470588);
#10878=COLOUR_RGB('Aluminum - Anodized Rough (Grey)',0.537254901960784,
0.537254901960784,0.537254901960784);
ENDSEC;
END-ISO-10303-21;
